M	.github/workflows/android.yml
M	.github/workflows/ios.yml
M	.github/workflows/linux-appimage.yml
M	.github/workflows/linux.yml
M	.github/workflows/macos.yml
M	.github/workflows/ui.yml
M	.github/workflows/windows.yml
M	.gitignore
M	Projects/Android/Dora/app/CMakeLists.txt
M	Projects/Android/Dora/app/build.gradle
M	Projects/CMake/DoraEngineSources.cmake
M	Projects/CMake/DoraWebLinkSources.cmake
M	Projects/Emscripten/CMakeLists.txt
M	Projects/Linux/CMakeLists.txt
A	Projects/Linux/sources.lua
A	Projects/Linux/xmake.lua
M	Projects/Web/CMakeLists.txt
M	Projects/Windows/Dora/Dora.vcxproj
A	Projects/Windows/sources.lua
A	Projects/Windows/xmake.lua
A	Projects/apple/AppleApp.cmake
A	Projects/iOS/CMakeLists.txt
D	Projects/iOS/Dora.xcodeproj/project.pbxproj
D	Projects/iOS/Dora.xcodeproj/project.xcworkspace/xcshareddata/IDEWorkspaceChecks.plist
A	Projects/macOS/CMakeLists.txt
D	Projects/macOS/Dora.xcodeproj/project.pbxproj
D	Projects/macOS/Dora.xcodeproj/project.xcworkspace/xcshareddata/IDEWorkspaceChecks.plist
M	Source/3rdParty/Effekseer/bgfxrenderer.cpp
M	Source/3rdParty/Love/xmake.lua
M	Source/3rdParty/Other/atlas.cpp
D	Source/3rdParty/SDL2/CMakeLists.txt
D	Source/3rdParty/SDL2/DORA_SOURCE.md
D	Source/3rdParty/SDL2/LICENSE.txt
D	Source/3rdParty/SDL2/SDL2.spec.in
D	Source/3rdParty/SDL2/SDL2Config.cmake.in
D	Source/3rdParty/SDL2/cmake/CheckCPUArchitecture.cmake
D	Source/3rdParty/SDL2/cmake/macros.cmake
D	Source/3rdParty/SDL2/cmake/sdlchecks.cmake
D	Source/3rdParty/SDL2/cmake/sdlfind.cmake
D	Source/3rdParty/SDL2/cmake/sdlplatform.cmake
D	Source/3rdParty/SDL2/cmake_uninstall.cmake.in
D	Source/3rdParty/SDL2/include/SDL.h
D	Source/3rdParty/SDL2/include/SDL_assert.h
D	Source/3rdParty/SDL2/include/SDL_atomic.h
D	Source/3rdParty/SDL2/include/SDL_audio.h
D	Source/3rdParty/SDL2/include/SDL_bits.h
D	Source/3rdParty/SDL2/include/SDL_blendmode.h
D	Source/3rdParty/SDL2/include/SDL_clipboard.h
D	Source/3rdParty/SDL2/include/SDL_config.h
D	Source/3rdParty/SDL2/include/SDL_config.h.cmake
D	Source/3rdParty/SDL2/include/SDL_config.h.in
D	Source/3rdParty/SDL2/include/SDL_config_android.h
D	Source/3rdParty/SDL2/include/SDL_config_emscripten.h
D	Source/3rdParty/SDL2/include/SDL_config_iphoneos.h
D	Source/3rdParty/SDL2/include/SDL_config_linux.h
D	Source/3rdParty/SDL2/include/SDL_config_macosx.h
D	Source/3rdParty/SDL2/include/SDL_config_minimal.h
D	Source/3rdParty/SDL2/include/SDL_config_ngage.h
D	Source/3rdParty/SDL2/include/SDL_config_os2.h
D	Source/3rdParty/SDL2/include/SDL_config_pandora.h
D	Source/3rdParty/SDL2/include/SDL_config_windows.h
D	Source/3rdParty/SDL2/include/SDL_config_wingdk.h
D	Source/3rdParty/SDL2/include/SDL_config_winrt.h
D	Source/3rdParty/SDL2/include/SDL_config_xbox.h
D	Source/3rdParty/SDL2/include/SDL_copying.h
D	Source/3rdParty/SDL2/include/SDL_cpuinfo.h
D	Source/3rdParty/SDL2/include/SDL_egl.h
D	Source/3rdParty/SDL2/include/SDL_endian.h
D	Source/3rdParty/SDL2/include/SDL_error.h
D	Source/3rdParty/SDL2/include/SDL_events.h
D	Source/3rdParty/SDL2/include/SDL_filesystem.h
D	Source/3rdParty/SDL2/include/SDL_gamecontroller.h
D	Source/3rdParty/SDL2/include/SDL_gesture.h
D	Source/3rdParty/SDL2/include/SDL_guid.h
D	Source/3rdParty/SDL2/include/SDL_haptic.h
D	Source/3rdParty/SDL2/include/SDL_hidapi.h
D	Source/3rdParty/SDL2/include/SDL_hints.h
D	Source/3rdParty/SDL2/include/SDL_joystick.h
D	Source/3rdParty/SDL2/include/SDL_keyboard.h
D	Source/3rdParty/SDL2/include/SDL_keycode.h
D	Source/3rdParty/SDL2/include/SDL_loadso.h
D	Source/3rdParty/SDL2/include/SDL_locale.h
D	Source/3rdParty/SDL2/include/SDL_log.h
D	Source/3rdParty/SDL2/include/SDL_main.h
D	Source/3rdParty/SDL2/include/SDL_messagebox.h
D	Source/3rdParty/SDL2/include/SDL_metal.h
D	Source/3rdParty/SDL2/include/SDL_misc.h
D	Source/3rdParty/SDL2/include/SDL_mouse.h
D	Source/3rdParty/SDL2/include/SDL_mutex.h
D	Source/3rdParty/SDL2/include/SDL_name.h
D	Source/3rdParty/SDL2/include/SDL_opengl.h
D	Source/3rdParty/SDL2/include/SDL_opengl_glext.h
D	Source/3rdParty/SDL2/include/SDL_opengles.h
D	Source/3rdParty/SDL2/include/SDL_opengles2.h
D	Source/3rdParty/SDL2/include/SDL_opengles2_gl2.h
D	Source/3rdParty/SDL2/include/SDL_opengles2_gl2ext.h
D	Source/3rdParty/SDL2/include/SDL_opengles2_gl2platform.h
D	Source/3rdParty/SDL2/include/SDL_opengles2_khrplatform.h
D	Source/3rdParty/SDL2/include/SDL_pixels.h
D	Source/3rdParty/SDL2/include/SDL_platform.h
D	Source/3rdParty/SDL2/include/SDL_power.h
D	Source/3rdParty/SDL2/include/SDL_quit.h
D	Source/3rdParty/SDL2/include/SDL_rect.h
D	Source/3rdParty/SDL2/include/SDL_render.h
D	Source/3rdParty/SDL2/include/SDL_revision.h
D	Source/3rdParty/SDL2/include/SDL_revision.h.cmake
D	Source/3rdParty/SDL2/include/SDL_rwops.h
D	Source/3rdParty/SDL2/include/SDL_scancode.h
D	Source/3rdParty/SDL2/include/SDL_sensor.h
D	Source/3rdParty/SDL2/include/SDL_shape.h
D	Source/3rdParty/SDL2/include/SDL_stdinc.h
D	Source/3rdParty/SDL2/include/SDL_surface.h
D	Source/3rdParty/SDL2/include/SDL_system.h
D	Source/3rdParty/SDL2/include/SDL_syswm.h
D	Source/3rdParty/SDL2/include/SDL_test.h
D	Source/3rdParty/SDL2/include/SDL_test_assert.h
D	Source/3rdParty/SDL2/include/SDL_test_common.h
D	Source/3rdParty/SDL2/include/SDL_test_compare.h
D	Source/3rdParty/SDL2/include/SDL_test_crc32.h
D	Source/3rdParty/SDL2/include/SDL_test_font.h
D	Source/3rdParty/SDL2/include/SDL_test_fuzzer.h
D	Source/3rdParty/SDL2/include/SDL_test_harness.h
D	Source/3rdParty/SDL2/include/SDL_test_images.h
D	Source/3rdParty/SDL2/include/SDL_test_log.h
D	Source/3rdParty/SDL2/include/SDL_test_md5.h
D	Source/3rdParty/SDL2/include/SDL_test_memory.h
D	Source/3rdParty/SDL2/include/SDL_test_random.h
D	Source/3rdParty/SDL2/include/SDL_thread.h
D	Source/3rdParty/SDL2/include/SDL_timer.h
D	Source/3rdParty/SDL2/include/SDL_touch.h
D	Source/3rdParty/SDL2/include/SDL_types.h
D	Source/3rdParty/SDL2/include/SDL_version.h
D	Source/3rdParty/SDL2/include/SDL_video.h
D	Source/3rdParty/SDL2/include/SDL_vulkan.h
D	Source/3rdParty/SDL2/include/begin_code.h
D	Source/3rdParty/SDL2/include/close_code.h
D	Source/3rdParty/SDL2/sdl2-config-version.cmake.in
D	Source/3rdParty/SDL2/sdl2-config.cmake.in
D	Source/3rdParty/SDL2/sdl2-config.in
D	Source/3rdParty/SDL2/sdl2.pc.in
D	Source/3rdParty/SDL2/src/SDL.c
D	Source/3rdParty/SDL2/src/SDL_assert.c
D	Source/3rdParty/SDL2/src/SDL_assert_c.h
D	Source/3rdParty/SDL2/src/SDL_dataqueue.c
D	Source/3rdParty/SDL2/src/SDL_dataqueue.h
D	Source/3rdParty/SDL2/src/SDL_error.c
D	Source/3rdParty/SDL2/src/SDL_error_c.h
D	Source/3rdParty/SDL2/src/SDL_guid.c
D	Source/3rdParty/SDL2/src/SDL_hints.c
D	Source/3rdParty/SDL2/src/SDL_hints_c.h
D	Source/3rdParty/SDL2/src/SDL_internal.h
D	Source/3rdParty/SDL2/src/SDL_list.c
D	Source/3rdParty/SDL2/src/SDL_list.h
D	Source/3rdParty/SDL2/src/SDL_log.c
D	Source/3rdParty/SDL2/src/SDL_log_c.h
D	Source/3rdParty/SDL2/src/SDL_utils.c
D	Source/3rdParty/SDL2/src/SDL_utils_c.h
D	Source/3rdParty/SDL2/src/atomic/SDL_atomic.c
D	Source/3rdParty/SDL2/src/atomic/SDL_spinlock.c
D	Source/3rdParty/SDL2/src/audio/SDL_audio.c
D	Source/3rdParty/SDL2/src/audio/SDL_audio_c.h
D	Source/3rdParty/SDL2/src/audio/SDL_audio_channel_converters.h
D	Source/3rdParty/SDL2/src/audio/SDL_audio_resampler_filter.h
D	Source/3rdParty/SDL2/src/audio/SDL_audiocvt.c
D	Source/3rdParty/SDL2/src/audio/SDL_audiodev.c
D	Source/3rdParty/SDL2/src/audio/SDL_audiodev_c.h
D	Source/3rdParty/SDL2/src/audio/SDL_audiotypecvt.c
D	Source/3rdParty/SDL2/src/audio/SDL_mixer.c
D	Source/3rdParty/SDL2/src/audio/SDL_sysaudio.h
D	Source/3rdParty/SDL2/src/audio/SDL_wave.c
D	Source/3rdParty/SDL2/src/audio/SDL_wave.h
D	Source/3rdParty/SDL2/src/audio/aaudio/SDL_aaudio.c
D	Source/3rdParty/SDL2/src/audio/aaudio/SDL_aaudio.h
D	Source/3rdParty/SDL2/src/audio/aaudio/SDL_aaudiofuncs.h
D	Source/3rdParty/SDL2/src/audio/alsa/SDL_alsa_audio.c
D	Source/3rdParty/SDL2/src/audio/alsa/SDL_alsa_audio.h
D	Source/3rdParty/SDL2/src/audio/android/SDL_androidaudio.c
D	Source/3rdParty/SDL2/src/audio/android/SDL_androidaudio.h
D	Source/3rdParty/SDL2/src/audio/arts/SDL_artsaudio.c
D	Source/3rdParty/SDL2/src/audio/arts/SDL_artsaudio.h
D	Source/3rdParty/SDL2/src/audio/coreaudio/SDL_coreaudio.h
D	Source/3rdParty/SDL2/src/audio/coreaudio/SDL_coreaudio.m
D	Source/3rdParty/SDL2/src/audio/directsound/SDL_directsound.c
D	Source/3rdParty/SDL2/src/audio/directsound/SDL_directsound.h
D	Source/3rdParty/SDL2/src/audio/disk/SDL_diskaudio.c
D	Source/3rdParty/SDL2/src/audio/disk/SDL_diskaudio.h
D	Source/3rdParty/SDL2/src/audio/dsp/SDL_dspaudio.c
D	Source/3rdParty/SDL2/src/audio/dsp/SDL_dspaudio.h
D	Source/3rdParty/SDL2/src/audio/dummy/SDL_dummyaudio.c
D	Source/3rdParty/SDL2/src/audio/dummy/SDL_dummyaudio.h
D	Source/3rdParty/SDL2/src/audio/emscripten/SDL_emscriptenaudio.c
D	Source/3rdParty/SDL2/src/audio/emscripten/SDL_emscriptenaudio.h
D	Source/3rdParty/SDL2/src/audio/esd/SDL_esdaudio.c
D	Source/3rdParty/SDL2/src/audio/esd/SDL_esdaudio.h
D	Source/3rdParty/SDL2/src/audio/fusionsound/SDL_fsaudio.c
D	Source/3rdParty/SDL2/src/audio/fusionsound/SDL_fsaudio.h
D	Source/3rdParty/SDL2/src/audio/haiku/SDL_haikuaudio.cc
D	Source/3rdParty/SDL2/src/audio/haiku/SDL_haikuaudio.h
D	Source/3rdParty/SDL2/src/audio/jack/SDL_jackaudio.c
D	Source/3rdParty/SDL2/src/audio/jack/SDL_jackaudio.h
D	Source/3rdParty/SDL2/src/audio/n3ds/SDL_n3dsaudio.c
D	Source/3rdParty/SDL2/src/audio/n3ds/SDL_n3dsaudio.h
D	Source/3rdParty/SDL2/src/audio/nacl/SDL_naclaudio.c
D	Source/3rdParty/SDL2/src/audio/nacl/SDL_naclaudio.h
D	Source/3rdParty/SDL2/src/audio/nas/SDL_nasaudio.c
D	Source/3rdParty/SDL2/src/audio/nas/SDL_nasaudio.h
D	Source/3rdParty/SDL2/src/audio/netbsd/SDL_netbsdaudio.c
D	Source/3rdParty/SDL2/src/audio/netbsd/SDL_netbsdaudio.h
D	Source/3rdParty/SDL2/src/audio/openslES/SDL_openslES.c
D	Source/3rdParty/SDL2/src/audio/openslES/SDL_openslES.h
D	Source/3rdParty/SDL2/src/audio/os2/SDL_os2audio.c
D	Source/3rdParty/SDL2/src/audio/os2/SDL_os2audio.h
D	Source/3rdParty/SDL2/src/audio/paudio/SDL_paudio.c
D	Source/3rdParty/SDL2/src/audio/paudio/SDL_paudio.h
D	Source/3rdParty/SDL2/src/audio/pipewire/SDL_pipewire.c
D	Source/3rdParty/SDL2/src/audio/pipewire/SDL_pipewire.h
D	Source/3rdParty/SDL2/src/audio/ps2/SDL_ps2audio.c
D	Source/3rdParty/SDL2/src/audio/ps2/SDL_ps2audio.h
D	Source/3rdParty/SDL2/src/audio/psp/SDL_pspaudio.c
D	Source/3rdParty/SDL2/src/audio/psp/SDL_pspaudio.h
D	Source/3rdParty/SDL2/src/audio/pulseaudio/SDL_pulseaudio.c
D	Source/3rdParty/SDL2/src/audio/pulseaudio/SDL_pulseaudio.h
D	Source/3rdParty/SDL2/src/audio/qsa/SDL_qsa_audio.c
D	Source/3rdParty/SDL2/src/audio/qsa/SDL_qsa_audio.h
D	Source/3rdParty/SDL2/src/audio/sndio/SDL_sndioaudio.c
D	Source/3rdParty/SDL2/src/audio/sndio/SDL_sndioaudio.h
D	Source/3rdParty/SDL2/src/audio/sun/SDL_sunaudio.c
D	Source/3rdParty/SDL2/src/audio/sun/SDL_sunaudio.h
D	Source/3rdParty/SDL2/src/audio/vita/SDL_vitaaudio.c
D	Source/3rdParty/SDL2/src/audio/vita/SDL_vitaaudio.h
D	Source/3rdParty/SDL2/src/audio/wasapi/SDL_wasapi.c
D	Source/3rdParty/SDL2/src/audio/wasapi/SDL_wasapi.h
D	Source/3rdParty/SDL2/src/audio/wasapi/SDL_wasapi_win32.c
D	Source/3rdParty/SDL2/src/audio/wasapi/SDL_wasapi_winrt.cpp
D	Source/3rdParty/SDL2/src/audio/winmm/SDL_winmm.c
D	Source/3rdParty/SDL2/src/audio/winmm/SDL_winmm.h
D	Source/3rdParty/SDL2/src/core/android/SDL_android.c
D	Source/3rdParty/SDL2/src/core/android/SDL_android.h
D	Source/3rdParty/SDL2/src/core/freebsd/SDL_evdev_kbd_default_keyaccmap.h
D	Source/3rdParty/SDL2/src/core/freebsd/SDL_evdev_kbd_freebsd.c
D	Source/3rdParty/SDL2/src/core/gdk/SDL_gdk.cpp
D	Source/3rdParty/SDL2/src/core/gdk/SDL_gdk.h
D	Source/3rdParty/SDL2/src/core/linux/SDL_dbus.c
D	Source/3rdParty/SDL2/src/core/linux/SDL_dbus.h
D	Source/3rdParty/SDL2/src/core/linux/SDL_evdev.c
D	Source/3rdParty/SDL2/src/core/linux/SDL_evdev.h
D	Source/3rdParty/SDL2/src/core/linux/SDL_evdev_capabilities.c
D	Source/3rdParty/SDL2/src/core/linux/SDL_evdev_capabilities.h
D	Source/3rdParty/SDL2/src/core/linux/SDL_evdev_kbd.c
D	Source/3rdParty/SDL2/src/core/linux/SDL_evdev_kbd.h
D	Source/3rdParty/SDL2/src/core/linux/SDL_evdev_kbd_default_accents.h
D	Source/3rdParty/SDL2/src/core/linux/SDL_evdev_kbd_default_keymap.h
D	Source/3rdParty/SDL2/src/core/linux/SDL_fcitx.c
D	Source/3rdParty/SDL2/src/core/linux/SDL_fcitx.h
D	Source/3rdParty/SDL2/src/core/linux/SDL_ibus.c
D	Source/3rdParty/SDL2/src/core/linux/SDL_ibus.h
D	Source/3rdParty/SDL2/src/core/linux/SDL_ime.c
D	Source/3rdParty/SDL2/src/core/linux/SDL_ime.h
D	Source/3rdParty/SDL2/src/core/linux/SDL_sandbox.c
D	Source/3rdParty/SDL2/src/core/linux/SDL_sandbox.h
D	Source/3rdParty/SDL2/src/core/linux/SDL_threadprio.c
D	Source/3rdParty/SDL2/src/core/linux/SDL_udev.c
D	Source/3rdParty/SDL2/src/core/linux/SDL_udev.h
D	Source/3rdParty/SDL2/src/core/openbsd/SDL_wscons.h
D	Source/3rdParty/SDL2/src/core/openbsd/SDL_wscons_kbd.c
D	Source/3rdParty/SDL2/src/core/openbsd/SDL_wscons_mouse.c
D	Source/3rdParty/SDL2/src/core/os2/SDL_os2.c
D	Source/3rdParty/SDL2/src/core/os2/SDL_os2.h
D	Source/3rdParty/SDL2/src/core/os2/geniconv/geniconv.c
D	Source/3rdParty/SDL2/src/core/os2/geniconv/geniconv.h
D	Source/3rdParty/SDL2/src/core/os2/geniconv/iconv.h
D	Source/3rdParty/SDL2/src/core/os2/geniconv/makefile
D	Source/3rdParty/SDL2/src/core/os2/geniconv/os2cp.c
D	Source/3rdParty/SDL2/src/core/os2/geniconv/os2cp.h
D	Source/3rdParty/SDL2/src/core/os2/geniconv/os2iconv.c
D	Source/3rdParty/SDL2/src/core/os2/geniconv/sys2utf8.c
D	Source/3rdParty/SDL2/src/core/os2/geniconv/test.c
D	Source/3rdParty/SDL2/src/core/os2/iconv2.lbc
D	Source/3rdParty/SDL2/src/core/unix/SDL_poll.c
D	Source/3rdParty/SDL2/src/core/unix/SDL_poll.h
D	Source/3rdParty/SDL2/src/core/windows/SDL_directx.h
D	Source/3rdParty/SDL2/src/core/windows/SDL_hid.c
D	Source/3rdParty/SDL2/src/core/windows/SDL_hid.h
D	Source/3rdParty/SDL2/src/core/windows/SDL_immdevice.c
D	Source/3rdParty/SDL2/src/core/windows/SDL_immdevice.h
D	Source/3rdParty/SDL2/src/core/windows/SDL_windows.c
D	Source/3rdParty/SDL2/src/core/windows/SDL_windows.h
D	Source/3rdParty/SDL2/src/core/windows/SDL_xinput.c
D	Source/3rdParty/SDL2/src/core/windows/SDL_xinput.h
D	Source/3rdParty/SDL2/src/core/winrt/SDL_winrtapp_common.cpp
D	Source/3rdParty/SDL2/src/core/winrt/SDL_winrtapp_common.h
D	Source/3rdParty/SDL2/src/core/winrt/SDL_winrtapp_direct3d.cpp
D	Source/3rdParty/SDL2/src/core/winrt/SDL_winrtapp_direct3d.h
D	Source/3rdParty/SDL2/src/core/winrt/SDL_winrtapp_xaml.cpp
D	Source/3rdParty/SDL2/src/core/winrt/SDL_winrtapp_xaml.h
D	Source/3rdParty/SDL2/src/cpuinfo/SDL_cpuinfo.c
D	Source/3rdParty/SDL2/src/dynapi/SDL2.exports
D	Source/3rdParty/SDL2/src/dynapi/SDL_dynapi.c
D	Source/3rdParty/SDL2/src/dynapi/SDL_dynapi.h
D	Source/3rdParty/SDL2/src/dynapi/SDL_dynapi_overrides.h
D	Source/3rdParty/SDL2/src/dynapi/SDL_dynapi_procs.h
D	Source/3rdParty/SDL2/src/dynapi/gendynapi.pl
D	Source/3rdParty/SDL2/src/events/SDL_clipboardevents.c
D	Source/3rdParty/SDL2/src/events/SDL_clipboardevents_c.h
D	Source/3rdParty/SDL2/src/events/SDL_displayevents.c
D	Source/3rdParty/SDL2/src/events/SDL_displayevents_c.h
D	Source/3rdParty/SDL2/src/events/SDL_dropevents.c
D	Source/3rdParty/SDL2/src/events/SDL_dropevents_c.h
D	Source/3rdParty/SDL2/src/events/SDL_events.c
D	Source/3rdParty/SDL2/src/events/SDL_events_c.h
D	Source/3rdParty/SDL2/src/events/SDL_gesture.c
D	Source/3rdParty/SDL2/src/events/SDL_gesture_c.h
D	Source/3rdParty/SDL2/src/events/SDL_keyboard.c
D	Source/3rdParty/SDL2/src/events/SDL_keyboard_c.h
D	Source/3rdParty/SDL2/src/events/SDL_keysym_to_scancode.c
D	Source/3rdParty/SDL2/src/events/SDL_keysym_to_scancode_c.h
D	Source/3rdParty/SDL2/src/events/SDL_mouse.c
D	Source/3rdParty/SDL2/src/events/SDL_mouse_c.h
D	Source/3rdParty/SDL2/src/events/SDL_quit.c
D	Source/3rdParty/SDL2/src/events/SDL_scancode_tables.c
D	Source/3rdParty/SDL2/src/events/SDL_scancode_tables_c.h
D	Source/3rdParty/SDL2/src/events/SDL_touch.c
D	Source/3rdParty/SDL2/src/events/SDL_touch_c.h
D	Source/3rdParty/SDL2/src/events/SDL_windowevents.c
D	Source/3rdParty/SDL2/src/events/SDL_windowevents_c.h
D	Source/3rdParty/SDL2/src/events/blank_cursor.h
D	Source/3rdParty/SDL2/src/events/default_cursor.h
D	Source/3rdParty/SDL2/src/events/imKStoUCS.c
D	Source/3rdParty/SDL2/src/events/imKStoUCS.h
D	Source/3rdParty/SDL2/src/events/scancodes_ascii.h
D	Source/3rdParty/SDL2/src/events/scancodes_darwin.h
D	Source/3rdParty/SDL2/src/events/scancodes_linux.h
D	Source/3rdParty/SDL2/src/events/scancodes_windows.h
D	Source/3rdParty/SDL2/src/events/scancodes_xfree86.h
D	Source/3rdParty/SDL2/src/file/SDL_rwops.c
D	Source/3rdParty/SDL2/src/file/cocoa/SDL_rwopsbundlesupport.h
D	Source/3rdParty/SDL2/src/file/cocoa/SDL_rwopsbundlesupport.m
D	Source/3rdParty/SDL2/src/file/n3ds/SDL_rwopsromfs.c
D	Source/3rdParty/SDL2/src/file/n3ds/SDL_rwopsromfs.h
D	Source/3rdParty/SDL2/src/filesystem/android/SDL_sysfilesystem.c
D	Source/3rdParty/SDL2/src/filesystem/cocoa/SDL_sysfilesystem.m
D	Source/3rdParty/SDL2/src/filesystem/dummy/SDL_sysfilesystem.c
D	Source/3rdParty/SDL2/src/filesystem/emscripten/SDL_sysfilesystem.c
D	Source/3rdParty/SDL2/src/filesystem/gdk/SDL_sysfilesystem.cpp
D	Source/3rdParty/SDL2/src/filesystem/haiku/SDL_sysfilesystem.cc
D	Source/3rdParty/SDL2/src/filesystem/n3ds/SDL_sysfilesystem.c
D	Source/3rdParty/SDL2/src/filesystem/nacl/SDL_sysfilesystem.c
D	Source/3rdParty/SDL2/src/filesystem/os2/SDL_sysfilesystem.c
D	Source/3rdParty/SDL2/src/filesystem/ps2/SDL_sysfilesystem.c
D	Source/3rdParty/SDL2/src/filesystem/psp/SDL_sysfilesystem.c
D	Source/3rdParty/SDL2/src/filesystem/riscos/SDL_sysfilesystem.c
D	Source/3rdParty/SDL2/src/filesystem/unix/SDL_sysfilesystem.c
D	Source/3rdParty/SDL2/src/filesystem/vita/SDL_sysfilesystem.c
D	Source/3rdParty/SDL2/src/filesystem/windows/SDL_sysfilesystem.c
D	Source/3rdParty/SDL2/src/filesystem/winrt/SDL_sysfilesystem.cpp
D	Source/3rdParty/SDL2/src/haptic/SDL_haptic.c
D	Source/3rdParty/SDL2/src/haptic/SDL_haptic_c.h
D	Source/3rdParty/SDL2/src/haptic/SDL_syshaptic.h
D	Source/3rdParty/SDL2/src/haptic/android/SDL_syshaptic.c
D	Source/3rdParty/SDL2/src/haptic/android/SDL_syshaptic_c.h
D	Source/3rdParty/SDL2/src/haptic/darwin/SDL_syshaptic.c
D	Source/3rdParty/SDL2/src/haptic/darwin/SDL_syshaptic_c.h
D	Source/3rdParty/SDL2/src/haptic/dummy/SDL_syshaptic.c
D	Source/3rdParty/SDL2/src/haptic/linux/SDL_syshaptic.c
D	Source/3rdParty/SDL2/src/haptic/windows/SDL_dinputhaptic.c
D	Source/3rdParty/SDL2/src/haptic/windows/SDL_dinputhaptic_c.h
D	Source/3rdParty/SDL2/src/haptic/windows/SDL_windowshaptic.c
D	Source/3rdParty/SDL2/src/haptic/windows/SDL_windowshaptic_c.h
D	Source/3rdParty/SDL2/src/haptic/windows/SDL_xinputhaptic.c
D	Source/3rdParty/SDL2/src/haptic/windows/SDL_xinputhaptic_c.h
D	Source/3rdParty/SDL2/src/hidapi/AUTHORS.txt
D	Source/3rdParty/SDL2/src/hidapi/HACKING.txt
D	Source/3rdParty/SDL2/src/hidapi/LICENSE-bsd.txt
D	Source/3rdParty/SDL2/src/hidapi/LICENSE-gpl3.txt
D	Source/3rdParty/SDL2/src/hidapi/LICENSE-orig.txt
D	Source/3rdParty/SDL2/src/hidapi/LICENSE.txt
D	Source/3rdParty/SDL2/src/hidapi/Makefile.am
D	Source/3rdParty/SDL2/src/hidapi/README.txt
D	Source/3rdParty/SDL2/src/hidapi/SDL_hidapi.c
D	Source/3rdParty/SDL2/src/hidapi/SDL_hidapi_c.h
D	Source/3rdParty/SDL2/src/hidapi/android/hid.cpp
D	Source/3rdParty/SDL2/src/hidapi/android/jni/Android.mk
D	Source/3rdParty/SDL2/src/hidapi/android/jni/Application.mk
D	Source/3rdParty/SDL2/src/hidapi/android/project.properties
D	Source/3rdParty/SDL2/src/hidapi/bootstrap
D	Source/3rdParty/SDL2/src/hidapi/configure.ac
D	Source/3rdParty/SDL2/src/hidapi/doxygen/Doxyfile
D	Source/3rdParty/SDL2/src/hidapi/hidapi/hidapi.h
D	Source/3rdParty/SDL2/src/hidapi/hidtest/Makefile.am
D	Source/3rdParty/SDL2/src/hidapi/hidtest/hidtest.cpp
D	Source/3rdParty/SDL2/src/hidapi/ios/Makefile-manual
D	Source/3rdParty/SDL2/src/hidapi/ios/Makefile.am
D	Source/3rdParty/SDL2/src/hidapi/ios/hid.m
D	Source/3rdParty/SDL2/src/hidapi/libusb/Makefile-manual
D	Source/3rdParty/SDL2/src/hidapi/libusb/Makefile.am
D	Source/3rdParty/SDL2/src/hidapi/libusb/Makefile.freebsd
D	Source/3rdParty/SDL2/src/hidapi/libusb/Makefile.linux
D	Source/3rdParty/SDL2/src/hidapi/libusb/hid.c
D	Source/3rdParty/SDL2/src/hidapi/libusb/hidusb.cpp
D	Source/3rdParty/SDL2/src/hidapi/linux/Makefile-manual
D	Source/3rdParty/SDL2/src/hidapi/linux/Makefile.am
D	Source/3rdParty/SDL2/src/hidapi/linux/README.txt
D	Source/3rdParty/SDL2/src/hidapi/linux/hid.c
D	Source/3rdParty/SDL2/src/hidapi/linux/hidraw.cpp
D	Source/3rdParty/SDL2/src/hidapi/m4/ax_pthread.m4
D	Source/3rdParty/SDL2/src/hidapi/m4/pkg.m4
D	Source/3rdParty/SDL2/src/hidapi/mac/Makefile-manual
D	Source/3rdParty/SDL2/src/hidapi/mac/Makefile.am
D	Source/3rdParty/SDL2/src/hidapi/mac/hid.c
D	Source/3rdParty/SDL2/src/hidapi/pc/hidapi-hidraw.pc.in
D	Source/3rdParty/SDL2/src/hidapi/pc/hidapi-libusb.pc.in
D	Source/3rdParty/SDL2/src/hidapi/pc/hidapi.pc.in
D	Source/3rdParty/SDL2/src/hidapi/testgui/Makefile-manual
D	Source/3rdParty/SDL2/src/hidapi/testgui/Makefile.am
D	Source/3rdParty/SDL2/src/hidapi/testgui/Makefile.freebsd
D	Source/3rdParty/SDL2/src/hidapi/testgui/Makefile.linux
D	Source/3rdParty/SDL2/src/hidapi/testgui/Makefile.mac
D	Source/3rdParty/SDL2/src/hidapi/testgui/Makefile.mingw
D	Source/3rdParty/SDL2/src/hidapi/testgui/TestGUI.app.in/Contents/Info.plist
D	Source/3rdParty/SDL2/src/hidapi/testgui/TestGUI.app.in/Contents/PkgInfo
D	Source/3rdParty/SDL2/src/hidapi/testgui/TestGUI.app.in/Contents/Resources/English.lproj/InfoPlist.strings
D	Source/3rdParty/SDL2/src/hidapi/testgui/TestGUI.app.in/Contents/Resources/Signal11.icns
D	Source/3rdParty/SDL2/src/hidapi/testgui/copy_to_bundle.sh
D	Source/3rdParty/SDL2/src/hidapi/testgui/mac_support.cpp
D	Source/3rdParty/SDL2/src/hidapi/testgui/mac_support.h
D	Source/3rdParty/SDL2/src/hidapi/testgui/mac_support_cocoa.m
D	Source/3rdParty/SDL2/src/hidapi/testgui/start.sh
D	Source/3rdParty/SDL2/src/hidapi/testgui/test.cpp
D	Source/3rdParty/SDL2/src/hidapi/testgui/testgui.sln
D	Source/3rdParty/SDL2/src/hidapi/testgui/testgui.vcproj
D	Source/3rdParty/SDL2/src/hidapi/udev/99-hid.rules
D	Source/3rdParty/SDL2/src/hidapi/windows/Makefile-manual
D	Source/3rdParty/SDL2/src/hidapi/windows/Makefile.am
D	Source/3rdParty/SDL2/src/hidapi/windows/Makefile.mingw
D	Source/3rdParty/SDL2/src/hidapi/windows/ddk_build/hidapi.def
D	Source/3rdParty/SDL2/src/hidapi/windows/ddk_build/makefile
D	Source/3rdParty/SDL2/src/hidapi/windows/ddk_build/sources
D	Source/3rdParty/SDL2/src/hidapi/windows/hid.c
D	Source/3rdParty/SDL2/src/hidapi/windows/hidapi.sln
D	Source/3rdParty/SDL2/src/hidapi/windows/hidapi.vcproj
D	Source/3rdParty/SDL2/src/hidapi/windows/hidtest.vcproj
D	Source/3rdParty/SDL2/src/joystick/SDL_gamecontroller.c
D	Source/3rdParty/SDL2/src/joystick/SDL_gamecontrollerdb.h
D	Source/3rdParty/SDL2/src/joystick/SDL_joystick.c
D	Source/3rdParty/SDL2/src/joystick/SDL_joystick_c.h
D	Source/3rdParty/SDL2/src/joystick/SDL_steam_virtual_gamepad.c
D	Source/3rdParty/SDL2/src/joystick/SDL_steam_virtual_gamepad.h
D	Source/3rdParty/SDL2/src/joystick/SDL_sysjoystick.h
D	Source/3rdParty/SDL2/src/joystick/android/SDL_sysjoystick.c
D	Source/3rdParty/SDL2/src/joystick/android/SDL_sysjoystick_c.h
D	Source/3rdParty/SDL2/src/joystick/bsd/SDL_bsdjoystick.c
D	Source/3rdParty/SDL2/src/joystick/check_8bitdo.sh
D	Source/3rdParty/SDL2/src/joystick/controller_list.h
D	Source/3rdParty/SDL2/src/joystick/controller_type.c
D	Source/3rdParty/SDL2/src/joystick/controller_type.h
D	Source/3rdParty/SDL2/src/joystick/darwin/SDL_iokitjoystick.c
D	Source/3rdParty/SDL2/src/joystick/darwin/SDL_iokitjoystick_c.h
D	Source/3rdParty/SDL2/src/joystick/dummy/SDL_sysjoystick.c
D	Source/3rdParty/SDL2/src/joystick/emscripten/SDL_sysjoystick.c
D	Source/3rdParty/SDL2/src/joystick/emscripten/SDL_sysjoystick_c.h
D	Source/3rdParty/SDL2/src/joystick/haiku/SDL_haikujoystick.cc
D	Source/3rdParty/SDL2/src/joystick/hidapi/SDL_hidapi_combined.c
D	Source/3rdParty/SDL2/src/joystick/hidapi/SDL_hidapi_gamecube.c
D	Source/3rdParty/SDL2/src/joystick/hidapi/SDL_hidapi_luna.c
D	Source/3rdParty/SDL2/src/joystick/hidapi/SDL_hidapi_nintendo.h
D	Source/3rdParty/SDL2/src/joystick/hidapi/SDL_hidapi_ps3.c
D	Source/3rdParty/SDL2/src/joystick/hidapi/SDL_hidapi_ps4.c
D	Source/3rdParty/SDL2/src/joystick/hidapi/SDL_hidapi_ps5.c
D	Source/3rdParty/SDL2/src/joystick/hidapi/SDL_hidapi_rumble.c
D	Source/3rdParty/SDL2/src/joystick/hidapi/SDL_hidapi_rumble.h
D	Source/3rdParty/SDL2/src/joystick/hidapi/SDL_hidapi_shield.c
D	Source/3rdParty/SDL2/src/joystick/hidapi/SDL_hidapi_stadia.c
D	Source/3rdParty/SDL2/src/joystick/hidapi/SDL_hidapi_steam.c
D	Source/3rdParty/SDL2/src/joystick/hidapi/SDL_hidapi_steamdeck.c
D	Source/3rdParty/SDL2/src/joystick/hidapi/SDL_hidapi_switch.c
D	Source/3rdParty/SDL2/src/joystick/hidapi/SDL_hidapi_wii.c
D	Source/3rdParty/SDL2/src/joystick/hidapi/SDL_hidapi_xbox360.c
D	Source/3rdParty/SDL2/src/joystick/hidapi/SDL_hidapi_xbox360w.c
D	Source/3rdParty/SDL2/src/joystick/hidapi/SDL_hidapi_xboxone.c
D	Source/3rdParty/SDL2/src/joystick/hidapi/SDL_hidapijoystick.c
D	Source/3rdParty/SDL2/src/joystick/hidapi/SDL_hidapijoystick_c.h
D	Source/3rdParty/SDL2/src/joystick/hidapi/steam/controller_constants.h
D	Source/3rdParty/SDL2/src/joystick/hidapi/steam/controller_structs.h
D	Source/3rdParty/SDL2/src/joystick/iphoneos/SDL_mfijoystick.m
D	Source/3rdParty/SDL2/src/joystick/iphoneos/SDL_mfijoystick_c.h
D	Source/3rdParty/SDL2/src/joystick/linux/SDL_sysjoystick.c
D	Source/3rdParty/SDL2/src/joystick/linux/SDL_sysjoystick_c.h
D	Source/3rdParty/SDL2/src/joystick/n3ds/SDL_sysjoystick.c
D	Source/3rdParty/SDL2/src/joystick/os2/SDL_os2joystick.c
D	Source/3rdParty/SDL2/src/joystick/ps2/SDL_sysjoystick.c
D	Source/3rdParty/SDL2/src/joystick/psp/SDL_sysjoystick.c
D	Source/3rdParty/SDL2/src/joystick/sort_controllers.py
D	Source/3rdParty/SDL2/src/joystick/steam/SDL_steamcontroller.c
D	Source/3rdParty/SDL2/src/joystick/steam/SDL_steamcontroller.h
D	Source/3rdParty/SDL2/src/joystick/usb_ids.h
D	Source/3rdParty/SDL2/src/joystick/virtual/SDL_virtualjoystick.c
D	Source/3rdParty/SDL2/src/joystick/virtual/SDL_virtualjoystick_c.h
D	Source/3rdParty/SDL2/src/joystick/vita/SDL_sysjoystick.c
D	Source/3rdParty/SDL2/src/joystick/windows/SDL_dinputjoystick.c
D	Source/3rdParty/SDL2/src/joystick/windows/SDL_dinputjoystick_c.h
D	Source/3rdParty/SDL2/src/joystick/windows/SDL_rawinputjoystick.c
D	Source/3rdParty/SDL2/src/joystick/windows/SDL_rawinputjoystick_c.h
D	Source/3rdParty/SDL2/src/joystick/windows/SDL_windows_gaming_input.c
D	Source/3rdParty/SDL2/src/joystick/windows/SDL_windowsjoystick.c
D	Source/3rdParty/SDL2/src/joystick/windows/SDL_windowsjoystick_c.h
D	Source/3rdParty/SDL2/src/joystick/windows/SDL_xinputjoystick.c
D	Source/3rdParty/SDL2/src/joystick/windows/SDL_xinputjoystick_c.h
D	Source/3rdParty/SDL2/src/libm/e_atan2.c
D	Source/3rdParty/SDL2/src/libm/e_exp.c
D	Source/3rdParty/SDL2/src/libm/e_fmod.c
D	Source/3rdParty/SDL2/src/libm/e_log.c
D	Source/3rdParty/SDL2/src/libm/e_log10.c
D	Source/3rdParty/SDL2/src/libm/e_pow.c
D	Source/3rdParty/SDL2/src/libm/e_rem_pio2.c
D	Source/3rdParty/SDL2/src/libm/e_sqrt.c
D	Source/3rdParty/SDL2/src/libm/k_cos.c
D	Source/3rdParty/SDL2/src/libm/k_rem_pio2.c
D	Source/3rdParty/SDL2/src/libm/k_sin.c
D	Source/3rdParty/SDL2/src/libm/k_tan.c
D	Source/3rdParty/SDL2/src/libm/math_libm.h
D	Source/3rdParty/SDL2/src/libm/math_private.h
D	Source/3rdParty/SDL2/src/libm/s_atan.c
D	Source/3rdParty/SDL2/src/libm/s_copysign.c
D	Source/3rdParty/SDL2/src/libm/s_cos.c
D	Source/3rdParty/SDL2/src/libm/s_fabs.c
D	Source/3rdParty/SDL2/src/libm/s_floor.c
D	Source/3rdParty/SDL2/src/libm/s_scalbn.c
D	Source/3rdParty/SDL2/src/libm/s_sin.c
D	Source/3rdParty/SDL2/src/libm/s_tan.c
D	Source/3rdParty/SDL2/src/loadso/dlopen/SDL_sysloadso.c
D	Source/3rdParty/SDL2/src/loadso/dummy/SDL_sysloadso.c
D	Source/3rdParty/SDL2/src/loadso/os2/SDL_sysloadso.c
D	Source/3rdParty/SDL2/src/loadso/windows/SDL_sysloadso.c
D	Source/3rdParty/SDL2/src/locale/SDL_locale.c
D	Source/3rdParty/SDL2/src/locale/SDL_syslocale.h
D	Source/3rdParty/SDL2/src/locale/android/SDL_syslocale.c
D	Source/3rdParty/SDL2/src/locale/dummy/SDL_syslocale.c
D	Source/3rdParty/SDL2/src/locale/emscripten/SDL_syslocale.c
D	Source/3rdParty/SDL2/src/locale/haiku/SDL_syslocale.cc
D	Source/3rdParty/SDL2/src/locale/macosx/SDL_syslocale.m
D	Source/3rdParty/SDL2/src/locale/n3ds/SDL_syslocale.c
D	Source/3rdParty/SDL2/src/locale/unix/SDL_syslocale.c
D	Source/3rdParty/SDL2/src/locale/vita/SDL_syslocale.c
D	Source/3rdParty/SDL2/src/locale/windows/SDL_syslocale.c
D	Source/3rdParty/SDL2/src/locale/winrt/SDL_syslocale.c
D	Source/3rdParty/SDL2/src/main/android/SDL_android_main.c
D	Source/3rdParty/SDL2/src/main/dummy/SDL_dummy_main.c
D	Source/3rdParty/SDL2/src/main/gdk/SDL_gdk_main.c
D	Source/3rdParty/SDL2/src/main/haiku/SDL_BApp.h
D	Source/3rdParty/SDL2/src/main/haiku/SDL_BeApp.cc
D	Source/3rdParty/SDL2/src/main/haiku/SDL_BeApp.h
D	Source/3rdParty/SDL2/src/main/n3ds/SDL_n3ds_main.c
D	Source/3rdParty/SDL2/src/main/nacl/SDL_nacl_main.c
D	Source/3rdParty/SDL2/src/main/ngage/SDL_ngage_main.cpp
D	Source/3rdParty/SDL2/src/main/ps2/SDL_ps2_main.c
D	Source/3rdParty/SDL2/src/main/psp/SDL_psp_main.c
D	Source/3rdParty/SDL2/src/main/uikit/SDL_uikit_main.c
D	Source/3rdParty/SDL2/src/main/windows/SDL_windows_main.c
D	Source/3rdParty/SDL2/src/main/windows/version.rc
D	Source/3rdParty/SDL2/src/main/winrt/SDL2-WinRTResource_BlankCursor.cur
D	Source/3rdParty/SDL2/src/main/winrt/SDL2-WinRTResources.rc
D	Source/3rdParty/SDL2/src/main/winrt/SDL_winrt_main_NonXAML.cpp
D	Source/3rdParty/SDL2/src/misc/SDL_sysurl.h
D	Source/3rdParty/SDL2/src/misc/SDL_url.c
D	Source/3rdParty/SDL2/src/misc/android/SDL_sysurl.c
D	Source/3rdParty/SDL2/src/misc/dummy/SDL_sysurl.c
D	Source/3rdParty/SDL2/src/misc/emscripten/SDL_sysurl.c
D	Source/3rdParty/SDL2/src/misc/haiku/SDL_sysurl.cc
D	Source/3rdParty/SDL2/src/misc/ios/SDL_sysurl.m
D	Source/3rdParty/SDL2/src/misc/macosx/SDL_sysurl.m
D	Source/3rdParty/SDL2/src/misc/riscos/SDL_sysurl.c
D	Source/3rdParty/SDL2/src/misc/unix/SDL_sysurl.c
D	Source/3rdParty/SDL2/src/misc/vita/SDL_sysurl.c
D	Source/3rdParty/SDL2/src/misc/windows/SDL_sysurl.c
D	Source/3rdParty/SDL2/src/misc/winrt/SDL_sysurl.cpp
D	Source/3rdParty/SDL2/src/power/SDL_power.c
D	Source/3rdParty/SDL2/src/power/SDL_syspower.h
D	Source/3rdParty/SDL2/src/power/android/SDL_syspower.c
D	Source/3rdParty/SDL2/src/power/emscripten/SDL_syspower.c
D	Source/3rdParty/SDL2/src/power/haiku/SDL_syspower.c
D	Source/3rdParty/SDL2/src/power/linux/SDL_syspower.c
D	Source/3rdParty/SDL2/src/power/macosx/SDL_syspower.c
D	Source/3rdParty/SDL2/src/power/n3ds/SDL_syspower.c
D	Source/3rdParty/SDL2/src/power/psp/SDL_syspower.c
D	Source/3rdParty/SDL2/src/power/uikit/SDL_syspower.h
D	Source/3rdParty/SDL2/src/power/uikit/SDL_syspower.m
D	Source/3rdParty/SDL2/src/power/vita/SDL_syspower.c
D	Source/3rdParty/SDL2/src/power/windows/SDL_syspower.c
D	Source/3rdParty/SDL2/src/power/winrt/SDL_syspower.cpp
D	Source/3rdParty/SDL2/src/render/SDL_d3dmath.c
D	Source/3rdParty/SDL2/src/render/SDL_d3dmath.h
D	Source/3rdParty/SDL2/src/render/SDL_render.c
D	Source/3rdParty/SDL2/src/render/SDL_sysrender.h
D	Source/3rdParty/SDL2/src/render/SDL_yuv_sw.c
D	Source/3rdParty/SDL2/src/render/SDL_yuv_sw_c.h
D	Source/3rdParty/SDL2/src/render/direct3d/SDL_render_d3d.c
D	Source/3rdParty/SDL2/src/render/direct3d/SDL_shaders_d3d.c
D	Source/3rdParty/SDL2/src/render/direct3d/SDL_shaders_d3d.h
D	Source/3rdParty/SDL2/src/render/direct3d11/SDL_render_d3d11.c
D	Source/3rdParty/SDL2/src/render/direct3d11/SDL_render_winrt.cpp
D	Source/3rdParty/SDL2/src/render/direct3d11/SDL_render_winrt.h
D	Source/3rdParty/SDL2/src/render/direct3d11/SDL_shaders_d3d11.c
D	Source/3rdParty/SDL2/src/render/direct3d11/SDL_shaders_d3d11.h
D	Source/3rdParty/SDL2/src/render/direct3d12/SDL_render_d3d12.c
D	Source/3rdParty/SDL2/src/render/direct3d12/SDL_render_d3d12_xbox.cpp
D	Source/3rdParty/SDL2/src/render/direct3d12/SDL_render_d3d12_xbox.h
D	Source/3rdParty/SDL2/src/render/direct3d12/SDL_shaders_d3d12.c
D	Source/3rdParty/SDL2/src/render/direct3d12/SDL_shaders_d3d12.h
D	Source/3rdParty/SDL2/src/render/direct3d12/SDL_shaders_d3d12_xboxone.cpp
D	Source/3rdParty/SDL2/src/render/direct3d12/SDL_shaders_d3d12_xboxseries.cpp
D	Source/3rdParty/SDL2/src/render/metal/SDL_render_metal.m
D	Source/3rdParty/SDL2/src/render/metal/SDL_shaders_metal.metal
D	Source/3rdParty/SDL2/src/render/metal/SDL_shaders_metal_ios.h
D	Source/3rdParty/SDL2/src/render/metal/SDL_shaders_metal_iphonesimulator.h
D	Source/3rdParty/SDL2/src/render/metal/SDL_shaders_metal_osx.h
D	Source/3rdParty/SDL2/src/render/metal/SDL_shaders_metal_tvos.h
D	Source/3rdParty/SDL2/src/render/metal/SDL_shaders_metal_tvsimulator.h
D	Source/3rdParty/SDL2/src/render/metal/build-metal-shaders.sh
D	Source/3rdParty/SDL2/src/render/opengl/SDL_glfuncs.h
D	Source/3rdParty/SDL2/src/render/opengl/SDL_render_gl.c
D	Source/3rdParty/SDL2/src/render/opengl/SDL_shaders_gl.c
D	Source/3rdParty/SDL2/src/render/opengl/SDL_shaders_gl.h
D	Source/3rdParty/SDL2/src/render/opengles/SDL_glesfuncs.h
D	Source/3rdParty/SDL2/src/render/opengles/SDL_render_gles.c
D	Source/3rdParty/SDL2/src/render/opengles2/SDL_gles2funcs.h
D	Source/3rdParty/SDL2/src/render/opengles2/SDL_render_gles2.c
D	Source/3rdParty/SDL2/src/render/opengles2/SDL_shaders_gles2.c
D	Source/3rdParty/SDL2/src/render/opengles2/SDL_shaders_gles2.h
D	Source/3rdParty/SDL2/src/render/ps2/SDL_render_ps2.c
D	Source/3rdParty/SDL2/src/render/psp/SDL_render_psp.c
D	Source/3rdParty/SDL2/src/render/psp/SDL_render_psp.h
D	Source/3rdParty/SDL2/src/render/software/SDL_blendfillrect.c
D	Source/3rdParty/SDL2/src/render/software/SDL_blendfillrect.h
D	Source/3rdParty/SDL2/src/render/software/SDL_blendline.c
D	Source/3rdParty/SDL2/src/render/software/SDL_blendline.h
D	Source/3rdParty/SDL2/src/render/software/SDL_blendpoint.c
D	Source/3rdParty/SDL2/src/render/software/SDL_blendpoint.h
D	Source/3rdParty/SDL2/src/render/software/SDL_draw.h
D	Source/3rdParty/SDL2/src/render/software/SDL_drawline.c
D	Source/3rdParty/SDL2/src/render/software/SDL_drawline.h
D	Source/3rdParty/SDL2/src/render/software/SDL_drawpoint.c
D	Source/3rdParty/SDL2/src/render/software/SDL_drawpoint.h
D	Source/3rdParty/SDL2/src/render/software/SDL_render_sw.c
D	Source/3rdParty/SDL2/src/render/software/SDL_render_sw_c.h
D	Source/3rdParty/SDL2/src/render/software/SDL_rotate.c
D	Source/3rdParty/SDL2/src/render/software/SDL_rotate.h
D	Source/3rdParty/SDL2/src/render/software/SDL_triangle.c
D	Source/3rdParty/SDL2/src/render/software/SDL_triangle.h
D	Source/3rdParty/SDL2/src/render/vitagxm/SDL_render_vita_gxm.c
D	Source/3rdParty/SDL2/src/render/vitagxm/SDL_render_vita_gxm_memory.c
D	Source/3rdParty/SDL2/src/render/vitagxm/SDL_render_vita_gxm_memory.h
D	Source/3rdParty/SDL2/src/render/vitagxm/SDL_render_vita_gxm_shaders.h
D	Source/3rdParty/SDL2/src/render/vitagxm/SDL_render_vita_gxm_tools.c
D	Source/3rdParty/SDL2/src/render/vitagxm/SDL_render_vita_gxm_tools.h
D	Source/3rdParty/SDL2/src/render/vitagxm/SDL_render_vita_gxm_types.h
D	Source/3rdParty/SDL2/src/render/vitagxm/shader_src/clear_f.cg
D	Source/3rdParty/SDL2/src/render/vitagxm/shader_src/clear_v.cg
D	Source/3rdParty/SDL2/src/render/vitagxm/shader_src/color_f.cg
D	Source/3rdParty/SDL2/src/render/vitagxm/shader_src/color_v.cg
D	Source/3rdParty/SDL2/src/render/vitagxm/shader_src/texture_f.cg
D	Source/3rdParty/SDL2/src/render/vitagxm/shader_src/texture_v.cg
D	Source/3rdParty/SDL2/src/sensor/SDL_sensor.c
D	Source/3rdParty/SDL2/src/sensor/SDL_sensor_c.h
D	Source/3rdParty/SDL2/src/sensor/SDL_syssensor.h
D	Source/3rdParty/SDL2/src/sensor/android/SDL_androidsensor.c
D	Source/3rdParty/SDL2/src/sensor/android/SDL_androidsensor.h
D	Source/3rdParty/SDL2/src/sensor/coremotion/SDL_coremotionsensor.h
D	Source/3rdParty/SDL2/src/sensor/coremotion/SDL_coremotionsensor.m
D	Source/3rdParty/SDL2/src/sensor/dummy/SDL_dummysensor.c
D	Source/3rdParty/SDL2/src/sensor/dummy/SDL_dummysensor.h
D	Source/3rdParty/SDL2/src/sensor/n3ds/SDL_n3dssensor.c
D	Source/3rdParty/SDL2/src/sensor/vita/SDL_vitasensor.c
D	Source/3rdParty/SDL2/src/sensor/vita/SDL_vitasensor.h
D	Source/3rdParty/SDL2/src/sensor/windows/SDL_windowssensor.c
D	Source/3rdParty/SDL2/src/sensor/windows/SDL_windowssensor.h
D	Source/3rdParty/SDL2/src/stdlib/SDL_crc16.c
D	Source/3rdParty/SDL2/src/stdlib/SDL_crc32.c
D	Source/3rdParty/SDL2/src/stdlib/SDL_getenv.c
D	Source/3rdParty/SDL2/src/stdlib/SDL_iconv.c
D	Source/3rdParty/SDL2/src/stdlib/SDL_malloc.c
D	Source/3rdParty/SDL2/src/stdlib/SDL_mslibc.c
D	Source/3rdParty/SDL2/src/stdlib/SDL_qsort.c
D	Source/3rdParty/SDL2/src/stdlib/SDL_stdlib.c
D	Source/3rdParty/SDL2/src/stdlib/SDL_string.c
D	Source/3rdParty/SDL2/src/stdlib/SDL_strtokr.c
D	Source/3rdParty/SDL2/src/stdlib/SDL_vacopy.h
D	Source/3rdParty/SDL2/src/test/SDL_test_assert.c
D	Source/3rdParty/SDL2/src/test/SDL_test_common.c
D	Source/3rdParty/SDL2/src/test/SDL_test_compare.c
D	Source/3rdParty/SDL2/src/test/SDL_test_crc32.c
D	Source/3rdParty/SDL2/src/test/SDL_test_font.c
D	Source/3rdParty/SDL2/src/test/SDL_test_fuzzer.c
D	Source/3rdParty/SDL2/src/test/SDL_test_harness.c
D	Source/3rdParty/SDL2/src/test/SDL_test_imageBlit.c
D	Source/3rdParty/SDL2/src/test/SDL_test_imageBlitBlend.c
D	Source/3rdParty/SDL2/src/test/SDL_test_imageFace.c
D	Source/3rdParty/SDL2/src/test/SDL_test_imagePrimitives.c
D	Source/3rdParty/SDL2/src/test/SDL_test_imagePrimitivesBlend.c
D	Source/3rdParty/SDL2/src/test/SDL_test_log.c
D	Source/3rdParty/SDL2/src/test/SDL_test_md5.c
D	Source/3rdParty/SDL2/src/test/SDL_test_memory.c
D	Source/3rdParty/SDL2/src/test/SDL_test_random.c
D	Source/3rdParty/SDL2/src/thread/SDL_systhread.h
D	Source/3rdParty/SDL2/src/thread/SDL_thread.c
D	Source/3rdParty/SDL2/src/thread/SDL_thread_c.h
D	Source/3rdParty/SDL2/src/thread/generic/SDL_syscond.c
D	Source/3rdParty/SDL2/src/thread/generic/SDL_syscond_c.h
D	Source/3rdParty/SDL2/src/thread/generic/SDL_sysmutex.c
D	Source/3rdParty/SDL2/src/thread/generic/SDL_sysmutex_c.h
D	Source/3rdParty/SDL2/src/thread/generic/SDL_syssem.c
D	Source/3rdParty/SDL2/src/thread/generic/SDL_systhread.c
D	Source/3rdParty/SDL2/src/thread/generic/SDL_systhread_c.h
D	Source/3rdParty/SDL2/src/thread/generic/SDL_systls.c
D	Source/3rdParty/SDL2/src/thread/n3ds/SDL_syscond.c
D	Source/3rdParty/SDL2/src/thread/n3ds/SDL_sysmutex.c
D	Source/3rdParty/SDL2/src/thread/n3ds/SDL_sysmutex_c.h
D	Source/3rdParty/SDL2/src/thread/n3ds/SDL_syssem.c
D	Source/3rdParty/SDL2/src/thread/n3ds/SDL_systhread.c
D	Source/3rdParty/SDL2/src/thread/n3ds/SDL_systhread_c.h
D	Source/3rdParty/SDL2/src/thread/ngage/SDL_sysmutex.cpp
D	Source/3rdParty/SDL2/src/thread/ngage/SDL_syssem.cpp
D	Source/3rdParty/SDL2/src/thread/ngage/SDL_systhread.cpp
D	Source/3rdParty/SDL2/src/thread/ngage/SDL_systhread_c.h
D	Source/3rdParty/SDL2/src/thread/os2/SDL_sysmutex.c
D	Source/3rdParty/SDL2/src/thread/os2/SDL_syssem.c
D	Source/3rdParty/SDL2/src/thread/os2/SDL_systhread.c
D	Source/3rdParty/SDL2/src/thread/os2/SDL_systhread_c.h
D	Source/3rdParty/SDL2/src/thread/os2/SDL_systls.c
D	Source/3rdParty/SDL2/src/thread/os2/SDL_systls_c.h
D	Source/3rdParty/SDL2/src/thread/ps2/SDL_syssem.c
D	Source/3rdParty/SDL2/src/thread/ps2/SDL_systhread.c
D	Source/3rdParty/SDL2/src/thread/ps2/SDL_systhread_c.h
D	Source/3rdParty/SDL2/src/thread/psp/SDL_sysmutex.c
D	Source/3rdParty/SDL2/src/thread/psp/SDL_sysmutex_c.h
D	Source/3rdParty/SDL2/src/thread/psp/SDL_syssem.c
D	Source/3rdParty/SDL2/src/thread/psp/SDL_systhread.c
D	Source/3rdParty/SDL2/src/thread/psp/SDL_systhread_c.h
D	Source/3rdParty/SDL2/src/thread/pthread/SDL_syscond.c
D	Source/3rdParty/SDL2/src/thread/pthread/SDL_sysmutex.c
D	Source/3rdParty/SDL2/src/thread/pthread/SDL_sysmutex_c.h
D	Source/3rdParty/SDL2/src/thread/pthread/SDL_syssem.c
D	Source/3rdParty/SDL2/src/thread/pthread/SDL_systhread.c
D	Source/3rdParty/SDL2/src/thread/pthread/SDL_systhread_c.h
D	Source/3rdParty/SDL2/src/thread/pthread/SDL_systls.c
D	Source/3rdParty/SDL2/src/thread/stdcpp/SDL_syscond.cpp
D	Source/3rdParty/SDL2/src/thread/stdcpp/SDL_sysmutex.cpp
D	Source/3rdParty/SDL2/src/thread/stdcpp/SDL_sysmutex_c.h
D	Source/3rdParty/SDL2/src/thread/stdcpp/SDL_systhread.cpp
D	Source/3rdParty/SDL2/src/thread/stdcpp/SDL_systhread_c.h
D	Source/3rdParty/SDL2/src/thread/vita/SDL_sysmutex.c
D	Source/3rdParty/SDL2/src/thread/vita/SDL_sysmutex_c.h
D	Source/3rdParty/SDL2/src/thread/vita/SDL_syssem.c
D	Source/3rdParty/SDL2/src/thread/vita/SDL_systhread.c
D	Source/3rdParty/SDL2/src/thread/vita/SDL_systhread_c.h
D	Source/3rdParty/SDL2/src/thread/windows/SDL_syscond_cv.c
D	Source/3rdParty/SDL2/src/thread/windows/SDL_sysmutex.c
D	Source/3rdParty/SDL2/src/thread/windows/SDL_sysmutex_c.h
D	Source/3rdParty/SDL2/src/thread/windows/SDL_syssem.c
D	Source/3rdParty/SDL2/src/thread/windows/SDL_systhread.c
D	Source/3rdParty/SDL2/src/thread/windows/SDL_systhread_c.h
D	Source/3rdParty/SDL2/src/thread/windows/SDL_systls.c
D	Source/3rdParty/SDL2/src/timer/SDL_timer.c
D	Source/3rdParty/SDL2/src/timer/SDL_timer_c.h
D	Source/3rdParty/SDL2/src/timer/dummy/SDL_systimer.c
D	Source/3rdParty/SDL2/src/timer/haiku/SDL_systimer.c
D	Source/3rdParty/SDL2/src/timer/n3ds/SDL_systimer.c
D	Source/3rdParty/SDL2/src/timer/ngage/SDL_systimer.cpp
D	Source/3rdParty/SDL2/src/timer/os2/SDL_systimer.c
D	Source/3rdParty/SDL2/src/timer/ps2/SDL_systimer.c
D	Source/3rdParty/SDL2/src/timer/psp/SDL_systimer.c
D	Source/3rdParty/SDL2/src/timer/unix/SDL_systimer.c
D	Source/3rdParty/SDL2/src/timer/vita/SDL_systimer.c
D	Source/3rdParty/SDL2/src/timer/windows/SDL_systimer.c
D	Source/3rdParty/SDL2/src/video/SDL_RLEaccel.c
D	Source/3rdParty/SDL2/src/video/SDL_RLEaccel_c.h
D	Source/3rdParty/SDL2/src/video/SDL_blit.c
D	Source/3rdParty/SDL2/src/video/SDL_blit.h
D	Source/3rdParty/SDL2/src/video/SDL_blit_0.c
D	Source/3rdParty/SDL2/src/video/SDL_blit_1.c
D	Source/3rdParty/SDL2/src/video/SDL_blit_A.c
D	Source/3rdParty/SDL2/src/video/SDL_blit_N.c
D	Source/3rdParty/SDL2/src/video/SDL_blit_auto.c
D	Source/3rdParty/SDL2/src/video/SDL_blit_auto.h
D	Source/3rdParty/SDL2/src/video/SDL_blit_copy.c
D	Source/3rdParty/SDL2/src/video/SDL_blit_copy.h
D	Source/3rdParty/SDL2/src/video/SDL_blit_slow.c
D	Source/3rdParty/SDL2/src/video/SDL_blit_slow.h
D	Source/3rdParty/SDL2/src/video/SDL_bmp.c
D	Source/3rdParty/SDL2/src/video/SDL_clipboard.c
D	Source/3rdParty/SDL2/src/video/SDL_egl.c
D	Source/3rdParty/SDL2/src/video/SDL_egl_c.h
D	Source/3rdParty/SDL2/src/video/SDL_fillrect.c
D	Source/3rdParty/SDL2/src/video/SDL_pixels.c
D	Source/3rdParty/SDL2/src/video/SDL_pixels_c.h
D	Source/3rdParty/SDL2/src/video/SDL_rect.c
D	Source/3rdParty/SDL2/src/video/SDL_rect_c.h
D	Source/3rdParty/SDL2/src/video/SDL_rect_impl.h
D	Source/3rdParty/SDL2/src/video/SDL_shape.c
D	Source/3rdParty/SDL2/src/video/SDL_shape_internals.h
D	Source/3rdParty/SDL2/src/video/SDL_stretch.c
D	Source/3rdParty/SDL2/src/video/SDL_surface.c
D	Source/3rdParty/SDL2/src/video/SDL_sysvideo.h
D	Source/3rdParty/SDL2/src/video/SDL_video.c
D	Source/3rdParty/SDL2/src/video/SDL_vulkan_internal.h
D	Source/3rdParty/SDL2/src/video/SDL_vulkan_utils.c
D	Source/3rdParty/SDL2/src/video/SDL_yuv.c
D	Source/3rdParty/SDL2/src/video/SDL_yuv_c.h
D	Source/3rdParty/SDL2/src/video/android/SDL_androidclipboard.c
D	Source/3rdParty/SDL2/src/video/android/SDL_androidclipboard.h
D	Source/3rdParty/SDL2/src/video/android/SDL_androidevents.c
D	Source/3rdParty/SDL2/src/video/android/SDL_androidevents.h
D	Source/3rdParty/SDL2/src/video/android/SDL_androidgl.c
D	Source/3rdParty/SDL2/src/video/android/SDL_androidgl.h
D	Source/3rdParty/SDL2/src/video/android/SDL_androidkeyboard.c
D	Source/3rdParty/SDL2/src/video/android/SDL_androidkeyboard.h
D	Source/3rdParty/SDL2/src/video/android/SDL_androidmessagebox.c
D	Source/3rdParty/SDL2/src/video/android/SDL_androidmessagebox.h
D	Source/3rdParty/SDL2/src/video/android/SDL_androidmouse.c
D	Source/3rdParty/SDL2/src/video/android/SDL_androidmouse.h
D	Source/3rdParty/SDL2/src/video/android/SDL_androidtouch.c
D	Source/3rdParty/SDL2/src/video/android/SDL_androidtouch.h
D	Source/3rdParty/SDL2/src/video/android/SDL_androidvideo.c
D	Source/3rdParty/SDL2/src/video/android/SDL_androidvideo.h
D	Source/3rdParty/SDL2/src/video/android/SDL_androidvulkan.c
D	Source/3rdParty/SDL2/src/video/android/SDL_androidvulkan.h
D	Source/3rdParty/SDL2/src/video/android/SDL_androidwindow.c
D	Source/3rdParty/SDL2/src/video/android/SDL_androidwindow.h
D	Source/3rdParty/SDL2/src/video/arm/pixman-arm-asm.h
D	Source/3rdParty/SDL2/src/video/arm/pixman-arm-neon-asm.S
D	Source/3rdParty/SDL2/src/video/arm/pixman-arm-neon-asm.h
D	Source/3rdParty/SDL2/src/video/arm/pixman-arm-simd-asm.S
D	Source/3rdParty/SDL2/src/video/arm/pixman-arm-simd-asm.h
D	Source/3rdParty/SDL2/src/video/cocoa/SDL_cocoaclipboard.h
D	Source/3rdParty/SDL2/src/video/cocoa/SDL_cocoaclipboard.m
D	Source/3rdParty/SDL2/src/video/cocoa/SDL_cocoaevents.h
D	Source/3rdParty/SDL2/src/video/cocoa/SDL_cocoaevents.m
D	Source/3rdParty/SDL2/src/video/cocoa/SDL_cocoakeyboard.h
D	Source/3rdParty/SDL2/src/video/cocoa/SDL_cocoakeyboard.m
D	Source/3rdParty/SDL2/src/video/cocoa/SDL_cocoamessagebox.h
D	Source/3rdParty/SDL2/src/video/cocoa/SDL_cocoamessagebox.m
D	Source/3rdParty/SDL2/src/video/cocoa/SDL_cocoametalview.h
D	Source/3rdParty/SDL2/src/video/cocoa/SDL_cocoametalview.m
D	Source/3rdParty/SDL2/src/video/cocoa/SDL_cocoamodes.h
D	Source/3rdParty/SDL2/src/video/cocoa/SDL_cocoamodes.m
D	Source/3rdParty/SDL2/src/video/cocoa/SDL_cocoamouse.h
D	Source/3rdParty/SDL2/src/video/cocoa/SDL_cocoamouse.m
D	Source/3rdParty/SDL2/src/video/cocoa/SDL_cocoaopengl.h
D	Source/3rdParty/SDL2/src/video/cocoa/SDL_cocoaopengl.m
D	Source/3rdParty/SDL2/src/video/cocoa/SDL_cocoaopengles.h
D	Source/3rdParty/SDL2/src/video/cocoa/SDL_cocoaopengles.m
D	Source/3rdParty/SDL2/src/video/cocoa/SDL_cocoashape.h
D	Source/3rdParty/SDL2/src/video/cocoa/SDL_cocoashape.m
D	Source/3rdParty/SDL2/src/video/cocoa/SDL_cocoavideo.h
D	Source/3rdParty/SDL2/src/video/cocoa/SDL_cocoavideo.m
D	Source/3rdParty/SDL2/src/video/cocoa/SDL_cocoavulkan.h
D	Source/3rdParty/SDL2/src/video/cocoa/SDL_cocoavulkan.m
D	Source/3rdParty/SDL2/src/video/cocoa/SDL_cocoawindow.h
D	Source/3rdParty/SDL2/src/video/cocoa/SDL_cocoawindow.m
D	Source/3rdParty/SDL2/src/video/directfb/SDL_DirectFB_WM.c
D	Source/3rdParty/SDL2/src/video/directfb/SDL_DirectFB_WM.h
D	Source/3rdParty/SDL2/src/video/directfb/SDL_DirectFB_dyn.c
D	Source/3rdParty/SDL2/src/video/directfb/SDL_DirectFB_dyn.h
D	Source/3rdParty/SDL2/src/video/directfb/SDL_DirectFB_events.c
D	Source/3rdParty/SDL2/src/video/directfb/SDL_DirectFB_events.h
D	Source/3rdParty/SDL2/src/video/directfb/SDL_DirectFB_modes.c
D	Source/3rdParty/SDL2/src/video/directfb/SDL_DirectFB_modes.h
D	Source/3rdParty/SDL2/src/video/directfb/SDL_DirectFB_mouse.c
D	Source/3rdParty/SDL2/src/video/directfb/SDL_DirectFB_mouse.h
D	Source/3rdParty/SDL2/src/video/directfb/SDL_DirectFB_opengl.c
D	Source/3rdParty/SDL2/src/video/directfb/SDL_DirectFB_opengl.h
D	Source/3rdParty/SDL2/src/video/directfb/SDL_DirectFB_render.c
D	Source/3rdParty/SDL2/src/video/directfb/SDL_DirectFB_render.h
D	Source/3rdParty/SDL2/src/video/directfb/SDL_DirectFB_shape.c
D	Source/3rdParty/SDL2/src/video/directfb/SDL_DirectFB_shape.h
D	Source/3rdParty/SDL2/src/video/directfb/SDL_DirectFB_video.c
D	Source/3rdParty/SDL2/src/video/directfb/SDL_DirectFB_video.h
D	Source/3rdParty/SDL2/src/video/directfb/SDL_DirectFB_vulkan.c
D	Source/3rdParty/SDL2/src/video/directfb/SDL_DirectFB_vulkan.h
D	Source/3rdParty/SDL2/src/video/directfb/SDL_DirectFB_window.c
D	Source/3rdParty/SDL2/src/video/directfb/SDL_DirectFB_window.h
D	Source/3rdParty/SDL2/src/video/dummy/SDL_nullevents.c
D	Source/3rdParty/SDL2/src/video/dummy/SDL_nullevents_c.h
D	Source/3rdParty/SDL2/src/video/dummy/SDL_nullframebuffer.c
D	Source/3rdParty/SDL2/src/video/dummy/SDL_nullframebuffer_c.h
D	Source/3rdParty/SDL2/src/video/dummy/SDL_nullvideo.c
D	Source/3rdParty/SDL2/src/video/dummy/SDL_nullvideo.h
D	Source/3rdParty/SDL2/src/video/emscripten/SDL_emscriptenevents.c
D	Source/3rdParty/SDL2/src/video/emscripten/SDL_emscriptenevents.h
D	Source/3rdParty/SDL2/src/video/emscripten/SDL_emscriptenframebuffer.c
D	Source/3rdParty/SDL2/src/video/emscripten/SDL_emscriptenframebuffer.h
D	Source/3rdParty/SDL2/src/video/emscripten/SDL_emscriptenmouse.c
D	Source/3rdParty/SDL2/src/video/emscripten/SDL_emscriptenmouse.h
D	Source/3rdParty/SDL2/src/video/emscripten/SDL_emscriptenopengles.c
D	Source/3rdParty/SDL2/src/video/emscripten/SDL_emscriptenopengles.h
D	Source/3rdParty/SDL2/src/video/emscripten/SDL_emscriptenvideo.c
D	Source/3rdParty/SDL2/src/video/emscripten/SDL_emscriptenvideo.h
D	Source/3rdParty/SDL2/src/video/haiku/SDL_BApp.h
D	Source/3rdParty/SDL2/src/video/haiku/SDL_BWin.h
D	Source/3rdParty/SDL2/src/video/haiku/SDL_bclipboard.cc
D	Source/3rdParty/SDL2/src/video/haiku/SDL_bclipboard.h
D	Source/3rdParty/SDL2/src/video/haiku/SDL_bevents.cc
D	Source/3rdParty/SDL2/src/video/haiku/SDL_bevents.h
D	Source/3rdParty/SDL2/src/video/haiku/SDL_bframebuffer.cc
D	Source/3rdParty/SDL2/src/video/haiku/SDL_bframebuffer.h
D	Source/3rdParty/SDL2/src/video/haiku/SDL_bkeyboard.cc
D	Source/3rdParty/SDL2/src/video/haiku/SDL_bkeyboard.h
D	Source/3rdParty/SDL2/src/video/haiku/SDL_bmessagebox.cc
D	Source/3rdParty/SDL2/src/video/haiku/SDL_bmessagebox.h
D	Source/3rdParty/SDL2/src/video/haiku/SDL_bmodes.cc
D	Source/3rdParty/SDL2/src/video/haiku/SDL_bmodes.h
D	Source/3rdParty/SDL2/src/video/haiku/SDL_bopengl.cc
D	Source/3rdParty/SDL2/src/video/haiku/SDL_bopengl.h
D	Source/3rdParty/SDL2/src/video/haiku/SDL_bvideo.cc
D	Source/3rdParty/SDL2/src/video/haiku/SDL_bvideo.h
D	Source/3rdParty/SDL2/src/video/haiku/SDL_bwindow.cc
D	Source/3rdParty/SDL2/src/video/haiku/SDL_bwindow.h
D	Source/3rdParty/SDL2/src/video/khronos/EGL/egl.h
D	Source/3rdParty/SDL2/src/video/khronos/EGL/eglext.h
D	Source/3rdParty/SDL2/src/video/khronos/EGL/eglplatform.h
D	Source/3rdParty/SDL2/src/video/khronos/GLES2/gl2.h
D	Source/3rdParty/SDL2/src/video/khronos/GLES2/gl2ext.h
D	Source/3rdParty/SDL2/src/video/khronos/GLES2/gl2platform.h
D	Source/3rdParty/SDL2/src/video/khronos/KHR/khrplatform.h
D	Source/3rdParty/SDL2/src/video/khronos/vk_video/vulkan_video_codec_h264std.h
D	Source/3rdParty/SDL2/src/video/khronos/vk_video/vulkan_video_codec_h264std_decode.h
D	Source/3rdParty/SDL2/src/video/khronos/vk_video/vulkan_video_codec_h264std_encode.h
D	Source/3rdParty/SDL2/src/video/khronos/vk_video/vulkan_video_codec_h265std.h
D	Source/3rdParty/SDL2/src/video/khronos/vk_video/vulkan_video_codec_h265std_decode.h
D	Source/3rdParty/SDL2/src/video/khronos/vk_video/vulkan_video_codec_h265std_encode.h
D	Source/3rdParty/SDL2/src/video/khronos/vk_video/vulkan_video_codecs_common.h
D	Source/3rdParty/SDL2/src/video/khronos/vulkan/vk_icd.h
D	Source/3rdParty/SDL2/src/video/khronos/vulkan/vk_layer.h
D	Source/3rdParty/SDL2/src/video/khronos/vulkan/vk_platform.h
D	Source/3rdParty/SDL2/src/video/khronos/vulkan/vk_sdk_platform.h
D	Source/3rdParty/SDL2/src/video/khronos/vulkan/vulkan.h
D	Source/3rdParty/SDL2/src/video/khronos/vulkan/vulkan_android.h
D	Source/3rdParty/SDL2/src/video/khronos/vulkan/vulkan_beta.h
D	Source/3rdParty/SDL2/src/video/khronos/vulkan/vulkan_core.h
D	Source/3rdParty/SDL2/src/video/khronos/vulkan/vulkan_directfb.h
D	Source/3rdParty/SDL2/src/video/khronos/vulkan/vulkan_fuchsia.h
D	Source/3rdParty/SDL2/src/video/khronos/vulkan/vulkan_ggp.h
D	Source/3rdParty/SDL2/src/video/khronos/vulkan/vulkan_ios.h
D	Source/3rdParty/SDL2/src/video/khronos/vulkan/vulkan_macos.h
D	Source/3rdParty/SDL2/src/video/khronos/vulkan/vulkan_metal.h
D	Source/3rdParty/SDL2/src/video/khronos/vulkan/vulkan_screen.h
D	Source/3rdParty/SDL2/src/video/khronos/vulkan/vulkan_vi.h
D	Source/3rdParty/SDL2/src/video/khronos/vulkan/vulkan_wayland.h
D	Source/3rdParty/SDL2/src/video/khronos/vulkan/vulkan_win32.h
D	Source/3rdParty/SDL2/src/video/khronos/vulkan/vulkan_xcb.h
D	Source/3rdParty/SDL2/src/video/khronos/vulkan/vulkan_xlib.h
D	Source/3rdParty/SDL2/src/video/khronos/vulkan/vulkan_xlib_xrandr.h
D	Source/3rdParty/SDL2/src/video/kmsdrm/SDL_kmsdrmdyn.c
D	Source/3rdParty/SDL2/src/video/kmsdrm/SDL_kmsdrmdyn.h
D	Source/3rdParty/SDL2/src/video/kmsdrm/SDL_kmsdrmevents.c
D	Source/3rdParty/SDL2/src/video/kmsdrm/SDL_kmsdrmevents.h
D	Source/3rdParty/SDL2/src/video/kmsdrm/SDL_kmsdrmmouse.c
D	Source/3rdParty/SDL2/src/video/kmsdrm/SDL_kmsdrmmouse.h
D	Source/3rdParty/SDL2/src/video/kmsdrm/SDL_kmsdrmopengles.c
D	Source/3rdParty/SDL2/src/video/kmsdrm/SDL_kmsdrmopengles.h
D	Source/3rdParty/SDL2/src/video/kmsdrm/SDL_kmsdrmsym.h
D	Source/3rdParty/SDL2/src/video/kmsdrm/SDL_kmsdrmvideo.c
D	Source/3rdParty/SDL2/src/video/kmsdrm/SDL_kmsdrmvideo.h
D	Source/3rdParty/SDL2/src/video/kmsdrm/SDL_kmsdrmvulkan.c
D	Source/3rdParty/SDL2/src/video/kmsdrm/SDL_kmsdrmvulkan.h
D	Source/3rdParty/SDL2/src/video/n3ds/SDL_n3dsevents.c
D	Source/3rdParty/SDL2/src/video/n3ds/SDL_n3dsevents_c.h
D	Source/3rdParty/SDL2/src/video/n3ds/SDL_n3dsframebuffer.c
D	Source/3rdParty/SDL2/src/video/n3ds/SDL_n3dsframebuffer_c.h
D	Source/3rdParty/SDL2/src/video/n3ds/SDL_n3dsswkb.c
D	Source/3rdParty/SDL2/src/video/n3ds/SDL_n3dsswkb.h
D	Source/3rdParty/SDL2/src/video/n3ds/SDL_n3dstouch.c
D	Source/3rdParty/SDL2/src/video/n3ds/SDL_n3dstouch.h
D	Source/3rdParty/SDL2/src/video/n3ds/SDL_n3dsvideo.c
D	Source/3rdParty/SDL2/src/video/n3ds/SDL_n3dsvideo.h
D	Source/3rdParty/SDL2/src/video/nacl/SDL_naclevents.c
D	Source/3rdParty/SDL2/src/video/nacl/SDL_naclevents_c.h
D	Source/3rdParty/SDL2/src/video/nacl/SDL_naclglue.c
D	Source/3rdParty/SDL2/src/video/nacl/SDL_naclopengles.c
D	Source/3rdParty/SDL2/src/video/nacl/SDL_naclopengles.h
D	Source/3rdParty/SDL2/src/video/nacl/SDL_naclvideo.c
D	Source/3rdParty/SDL2/src/video/nacl/SDL_naclvideo.h
D	Source/3rdParty/SDL2/src/video/nacl/SDL_naclwindow.c
D	Source/3rdParty/SDL2/src/video/nacl/SDL_naclwindow.h
D	Source/3rdParty/SDL2/src/video/ngage/SDL_ngageevents.cpp
D	Source/3rdParty/SDL2/src/video/ngage/SDL_ngageevents_c.h
D	Source/3rdParty/SDL2/src/video/ngage/SDL_ngageframebuffer.cpp
D	Source/3rdParty/SDL2/src/video/ngage/SDL_ngageframebuffer_c.h
D	Source/3rdParty/SDL2/src/video/ngage/SDL_ngagevideo.cpp
D	Source/3rdParty/SDL2/src/video/ngage/SDL_ngagevideo.h
D	Source/3rdParty/SDL2/src/video/ngage/SDL_ngagewindow.cpp
D	Source/3rdParty/SDL2/src/video/ngage/SDL_ngagewindow.h
D	Source/3rdParty/SDL2/src/video/offscreen/SDL_offscreenevents.c
D	Source/3rdParty/SDL2/src/video/offscreen/SDL_offscreenevents_c.h
D	Source/3rdParty/SDL2/src/video/offscreen/SDL_offscreenframebuffer.c
D	Source/3rdParty/SDL2/src/video/offscreen/SDL_offscreenframebuffer_c.h
D	Source/3rdParty/SDL2/src/video/offscreen/SDL_offscreenopengles.c
D	Source/3rdParty/SDL2/src/video/offscreen/SDL_offscreenopengles.h
D	Source/3rdParty/SDL2/src/video/offscreen/SDL_offscreenvideo.c
D	Source/3rdParty/SDL2/src/video/offscreen/SDL_offscreenvideo.h
D	Source/3rdParty/SDL2/src/video/offscreen/SDL_offscreenwindow.c
D	Source/3rdParty/SDL2/src/video/offscreen/SDL_offscreenwindow.h
D	Source/3rdParty/SDL2/src/video/os2/SDL_gradd.h
D	Source/3rdParty/SDL2/src/video/os2/SDL_os2dive.c
D	Source/3rdParty/SDL2/src/video/os2/SDL_os2messagebox.c
D	Source/3rdParty/SDL2/src/video/os2/SDL_os2messagebox.h
D	Source/3rdParty/SDL2/src/video/os2/SDL_os2mouse.c
D	Source/3rdParty/SDL2/src/video/os2/SDL_os2mouse.h
D	Source/3rdParty/SDL2/src/video/os2/SDL_os2output.h
D	Source/3rdParty/SDL2/src/video/os2/SDL_os2util.c
D	Source/3rdParty/SDL2/src/video/os2/SDL_os2util.h
D	Source/3rdParty/SDL2/src/video/os2/SDL_os2video.c
D	Source/3rdParty/SDL2/src/video/os2/SDL_os2video.h
D	Source/3rdParty/SDL2/src/video/os2/SDL_os2vman.c
D	Source/3rdParty/SDL2/src/video/pandora/SDL_pandora.c
D	Source/3rdParty/SDL2/src/video/pandora/SDL_pandora.h
D	Source/3rdParty/SDL2/src/video/pandora/SDL_pandora_events.c
D	Source/3rdParty/SDL2/src/video/pandora/SDL_pandora_events.h
D	Source/3rdParty/SDL2/src/video/ps2/SDL_ps2video.c
D	Source/3rdParty/SDL2/src/video/ps2/SDL_ps2video.h
D	Source/3rdParty/SDL2/src/video/psp/SDL_pspevents.c
D	Source/3rdParty/SDL2/src/video/psp/SDL_pspevents_c.h
D	Source/3rdParty/SDL2/src/video/psp/SDL_pspgl.c
D	Source/3rdParty/SDL2/src/video/psp/SDL_pspgl_c.h
D	Source/3rdParty/SDL2/src/video/psp/SDL_pspmouse.c
D	Source/3rdParty/SDL2/src/video/psp/SDL_pspmouse_c.h
D	Source/3rdParty/SDL2/src/video/psp/SDL_pspvideo.c
D	Source/3rdParty/SDL2/src/video/psp/SDL_pspvideo.h
D	Source/3rdParty/SDL2/src/video/qnx/gl.c
D	Source/3rdParty/SDL2/src/video/qnx/keyboard.c
D	Source/3rdParty/SDL2/src/video/qnx/sdl_qnx.h
D	Source/3rdParty/SDL2/src/video/qnx/video.c
D	Source/3rdParty/SDL2/src/video/raspberry/SDL_rpievents.c
D	Source/3rdParty/SDL2/src/video/raspberry/SDL_rpievents_c.h
D	Source/3rdParty/SDL2/src/video/raspberry/SDL_rpimouse.c
D	Source/3rdParty/SDL2/src/video/raspberry/SDL_rpimouse.h
D	Source/3rdParty/SDL2/src/video/raspberry/SDL_rpiopengles.c
D	Source/3rdParty/SDL2/src/video/raspberry/SDL_rpiopengles.h
D	Source/3rdParty/SDL2/src/video/raspberry/SDL_rpivideo.c
D	Source/3rdParty/SDL2/src/video/raspberry/SDL_rpivideo.h
D	Source/3rdParty/SDL2/src/video/riscos/SDL_riscosdefs.h
D	Source/3rdParty/SDL2/src/video/riscos/SDL_riscosevents.c
D	Source/3rdParty/SDL2/src/video/riscos/SDL_riscosevents_c.h
D	Source/3rdParty/SDL2/src/video/riscos/SDL_riscosframebuffer.c
D	Source/3rdParty/SDL2/src/video/riscos/SDL_riscosframebuffer_c.h
D	Source/3rdParty/SDL2/src/video/riscos/SDL_riscosmessagebox.c
D	Source/3rdParty/SDL2/src/video/riscos/SDL_riscosmessagebox.h
D	Source/3rdParty/SDL2/src/video/riscos/SDL_riscosmodes.c
D	Source/3rdParty/SDL2/src/video/riscos/SDL_riscosmodes.h
D	Source/3rdParty/SDL2/src/video/riscos/SDL_riscosmouse.c
D	Source/3rdParty/SDL2/src/video/riscos/SDL_riscosmouse.h
D	Source/3rdParty/SDL2/src/video/riscos/SDL_riscosvideo.c
D	Source/3rdParty/SDL2/src/video/riscos/SDL_riscosvideo.h
D	Source/3rdParty/SDL2/src/video/riscos/SDL_riscoswindow.c
D	Source/3rdParty/SDL2/src/video/riscos/SDL_riscoswindow.h
D	Source/3rdParty/SDL2/src/video/riscos/scancodes_riscos.h
D	Source/3rdParty/SDL2/src/video/sdlgenblit.pl
D	Source/3rdParty/SDL2/src/video/uikit/SDL_uikitappdelegate.h
D	Source/3rdParty/SDL2/src/video/uikit/SDL_uikitappdelegate.m
D	Source/3rdParty/SDL2/src/video/uikit/SDL_uikitclipboard.h
D	Source/3rdParty/SDL2/src/video/uikit/SDL_uikitclipboard.m
D	Source/3rdParty/SDL2/src/video/uikit/SDL_uikitevents.h
D	Source/3rdParty/SDL2/src/video/uikit/SDL_uikitevents.m
D	Source/3rdParty/SDL2/src/video/uikit/SDL_uikitmessagebox.h
D	Source/3rdParty/SDL2/src/video/uikit/SDL_uikitmessagebox.m
D	Source/3rdParty/SDL2/src/video/uikit/SDL_uikitmetalview.h
D	Source/3rdParty/SDL2/src/video/uikit/SDL_uikitmetalview.m
D	Source/3rdParty/SDL2/src/video/uikit/SDL_uikitmodes.h
D	Source/3rdParty/SDL2/src/video/uikit/SDL_uikitmodes.m
D	Source/3rdParty/SDL2/src/video/uikit/SDL_uikitopengles.h
D	Source/3rdParty/SDL2/src/video/uikit/SDL_uikitopengles.m
D	Source/3rdParty/SDL2/src/video/uikit/SDL_uikitopenglview.h
D	Source/3rdParty/SDL2/src/video/uikit/SDL_uikitopenglview.m
D	Source/3rdParty/SDL2/src/video/uikit/SDL_uikitvideo.h
D	Source/3rdParty/SDL2/src/video/uikit/SDL_uikitvideo.m
D	Source/3rdParty/SDL2/src/video/uikit/SDL_uikitview.h
D	Source/3rdParty/SDL2/src/video/uikit/SDL_uikitview.m
D	Source/3rdParty/SDL2/src/video/uikit/SDL_uikitviewcontroller.h
D	Source/3rdParty/SDL2/src/video/uikit/SDL_uikitviewcontroller.m
D	Source/3rdParty/SDL2/src/video/uikit/SDL_uikitvulkan.h
D	Source/3rdParty/SDL2/src/video/uikit/SDL_uikitvulkan.m
D	Source/3rdParty/SDL2/src/video/uikit/SDL_uikitwindow.h
D	Source/3rdParty/SDL2/src/video/uikit/SDL_uikitwindow.m
D	Source/3rdParty/SDL2/src/video/vita/SDL_vitaframebuffer.c
D	Source/3rdParty/SDL2/src/video/vita/SDL_vitaframebuffer.h
D	Source/3rdParty/SDL2/src/video/vita/SDL_vitagl_pvr.c
D	Source/3rdParty/SDL2/src/video/vita/SDL_vitagl_pvr_c.h
D	Source/3rdParty/SDL2/src/video/vita/SDL_vitagles.c
D	Source/3rdParty/SDL2/src/video/vita/SDL_vitagles_c.h
D	Source/3rdParty/SDL2/src/video/vita/SDL_vitagles_pvr.c
D	Source/3rdParty/SDL2/src/video/vita/SDL_vitagles_pvr_c.h
D	Source/3rdParty/SDL2/src/video/vita/SDL_vitakeyboard.c
D	Source/3rdParty/SDL2/src/video/vita/SDL_vitakeyboard.h
D	Source/3rdParty/SDL2/src/video/vita/SDL_vitamessagebox.c
D	Source/3rdParty/SDL2/src/video/vita/SDL_vitamessagebox.h
D	Source/3rdParty/SDL2/src/video/vita/SDL_vitamouse.c
D	Source/3rdParty/SDL2/src/video/vita/SDL_vitamouse_c.h
D	Source/3rdParty/SDL2/src/video/vita/SDL_vitatouch.c
D	Source/3rdParty/SDL2/src/video/vita/SDL_vitatouch.h
D	Source/3rdParty/SDL2/src/video/vita/SDL_vitavideo.c
D	Source/3rdParty/SDL2/src/video/vita/SDL_vitavideo.h
D	Source/3rdParty/SDL2/src/video/vivante/SDL_vivanteopengles.c
D	Source/3rdParty/SDL2/src/video/vivante/SDL_vivanteopengles.h
D	Source/3rdParty/SDL2/src/video/vivante/SDL_vivanteplatform.c
D	Source/3rdParty/SDL2/src/video/vivante/SDL_vivanteplatform.h
D	Source/3rdParty/SDL2/src/video/vivante/SDL_vivantevideo.c
D	Source/3rdParty/SDL2/src/video/vivante/SDL_vivantevideo.h
D	Source/3rdParty/SDL2/src/video/vivante/SDL_vivantevulkan.c
D	Source/3rdParty/SDL2/src/video/vivante/SDL_vivantevulkan.h
D	Source/3rdParty/SDL2/src/video/wayland/SDL_waylandclipboard.c
D	Source/3rdParty/SDL2/src/video/wayland/SDL_waylandclipboard.h
D	Source/3rdParty/SDL2/src/video/wayland/SDL_waylanddatamanager.c
D	Source/3rdParty/SDL2/src/video/wayland/SDL_waylanddatamanager.h
D	Source/3rdParty/SDL2/src/video/wayland/SDL_waylanddyn.c
D	Source/3rdParty/SDL2/src/video/wayland/SDL_waylanddyn.h
D	Source/3rdParty/SDL2/src/video/wayland/SDL_waylandevents.c
D	Source/3rdParty/SDL2/src/video/wayland/SDL_waylandevents_c.h
D	Source/3rdParty/SDL2/src/video/wayland/SDL_waylandkeyboard.c
D	Source/3rdParty/SDL2/src/video/wayland/SDL_waylandkeyboard.h
D	Source/3rdParty/SDL2/src/video/wayland/SDL_waylandmessagebox.c
D	Source/3rdParty/SDL2/src/video/wayland/SDL_waylandmessagebox.h
D	Source/3rdParty/SDL2/src/video/wayland/SDL_waylandmouse.c
D	Source/3rdParty/SDL2/src/video/wayland/SDL_waylandmouse.h
D	Source/3rdParty/SDL2/src/video/wayland/SDL_waylandopengles.c
D	Source/3rdParty/SDL2/src/video/wayland/SDL_waylandopengles.h
D	Source/3rdParty/SDL2/src/video/wayland/SDL_waylandshmbuffer.c
D	Source/3rdParty/SDL2/src/video/wayland/SDL_waylandshmbuffer.h
D	Source/3rdParty/SDL2/src/video/wayland/SDL_waylandsym.h
D	Source/3rdParty/SDL2/src/video/wayland/SDL_waylandtouch.c
D	Source/3rdParty/SDL2/src/video/wayland/SDL_waylandtouch.h
D	Source/3rdParty/SDL2/src/video/wayland/SDL_waylandvideo.c
D	Source/3rdParty/SDL2/src/video/wayland/SDL_waylandvideo.h
D	Source/3rdParty/SDL2/src/video/wayland/SDL_waylandvulkan.c
D	Source/3rdParty/SDL2/src/video/wayland/SDL_waylandvulkan.h
D	Source/3rdParty/SDL2/src/video/wayland/SDL_waylandwindow.c
D	Source/3rdParty/SDL2/src/video/wayland/SDL_waylandwindow.h
D	Source/3rdParty/SDL2/src/video/windows/SDL_msctf.h
D	Source/3rdParty/SDL2/src/video/windows/SDL_vkeys.h
D	Source/3rdParty/SDL2/src/video/windows/SDL_windowsclipboard.c
D	Source/3rdParty/SDL2/src/video/windows/SDL_windowsclipboard.h
D	Source/3rdParty/SDL2/src/video/windows/SDL_windowsevents.c
D	Source/3rdParty/SDL2/src/video/windows/SDL_windowsevents.h
D	Source/3rdParty/SDL2/src/video/windows/SDL_windowsframebuffer.c
D	Source/3rdParty/SDL2/src/video/windows/SDL_windowsframebuffer.h
D	Source/3rdParty/SDL2/src/video/windows/SDL_windowskeyboard.c
D	Source/3rdParty/SDL2/src/video/windows/SDL_windowskeyboard.h
D	Source/3rdParty/SDL2/src/video/windows/SDL_windowsmessagebox.c
D	Source/3rdParty/SDL2/src/video/windows/SDL_windowsmessagebox.h
D	Source/3rdParty/SDL2/src/video/windows/SDL_windowsmodes.c
D	Source/3rdParty/SDL2/src/video/windows/SDL_windowsmodes.h
D	Source/3rdParty/SDL2/src/video/windows/SDL_windowsmouse.c
D	Source/3rdParty/SDL2/src/video/windows/SDL_windowsmouse.h
D	Source/3rdParty/SDL2/src/video/windows/SDL_windowsopengl.c
D	Source/3rdParty/SDL2/src/video/windows/SDL_windowsopengl.h
D	Source/3rdParty/SDL2/src/video/windows/SDL_windowsopengles.c
D	Source/3rdParty/SDL2/src/video/windows/SDL_windowsopengles.h
D	Source/3rdParty/SDL2/src/video/windows/SDL_windowsshape.c
D	Source/3rdParty/SDL2/src/video/windows/SDL_windowsshape.h
D	Source/3rdParty/SDL2/src/video/windows/SDL_windowsvideo.c
D	Source/3rdParty/SDL2/src/video/windows/SDL_windowsvideo.h
D	Source/3rdParty/SDL2/src/video/windows/SDL_windowsvulkan.c
D	Source/3rdParty/SDL2/src/video/windows/SDL_windowsvulkan.h
D	Source/3rdParty/SDL2/src/video/windows/SDL_windowswindow.c
D	Source/3rdParty/SDL2/src/video/windows/SDL_windowswindow.h
D	Source/3rdParty/SDL2/src/video/windows/wmmsg.h
D	Source/3rdParty/SDL2/src/video/winrt/SDL_winrtevents.cpp
D	Source/3rdParty/SDL2/src/video/winrt/SDL_winrtevents_c.h
D	Source/3rdParty/SDL2/src/video/winrt/SDL_winrtgamebar.cpp
D	Source/3rdParty/SDL2/src/video/winrt/SDL_winrtgamebar_cpp.h
D	Source/3rdParty/SDL2/src/video/winrt/SDL_winrtkeyboard.cpp
D	Source/3rdParty/SDL2/src/video/winrt/SDL_winrtmessagebox.cpp
D	Source/3rdParty/SDL2/src/video/winrt/SDL_winrtmessagebox.h
D	Source/3rdParty/SDL2/src/video/winrt/SDL_winrtmouse.cpp
D	Source/3rdParty/SDL2/src/video/winrt/SDL_winrtmouse_c.h
D	Source/3rdParty/SDL2/src/video/winrt/SDL_winrtopengles.cpp
D	Source/3rdParty/SDL2/src/video/winrt/SDL_winrtopengles.h
D	Source/3rdParty/SDL2/src/video/winrt/SDL_winrtpointerinput.cpp
D	Source/3rdParty/SDL2/src/video/winrt/SDL_winrtvideo.cpp
D	Source/3rdParty/SDL2/src/video/winrt/SDL_winrtvideo_cpp.h
D	Source/3rdParty/SDL2/src/video/x11/SDL_x11clipboard.c
D	Source/3rdParty/SDL2/src/video/x11/SDL_x11clipboard.h
D	Source/3rdParty/SDL2/src/video/x11/SDL_x11dyn.c
D	Source/3rdParty/SDL2/src/video/x11/SDL_x11dyn.h
D	Source/3rdParty/SDL2/src/video/x11/SDL_x11events.c
D	Source/3rdParty/SDL2/src/video/x11/SDL_x11events.h
D	Source/3rdParty/SDL2/src/video/x11/SDL_x11framebuffer.c
D	Source/3rdParty/SDL2/src/video/x11/SDL_x11framebuffer.h
D	Source/3rdParty/SDL2/src/video/x11/SDL_x11keyboard.c
D	Source/3rdParty/SDL2/src/video/x11/SDL_x11keyboard.h
D	Source/3rdParty/SDL2/src/video/x11/SDL_x11messagebox.c
D	Source/3rdParty/SDL2/src/video/x11/SDL_x11messagebox.h
D	Source/3rdParty/SDL2/src/video/x11/SDL_x11modes.c
D	Source/3rdParty/SDL2/src/video/x11/SDL_x11modes.h
D	Source/3rdParty/SDL2/src/video/x11/SDL_x11mouse.c
D	Source/3rdParty/SDL2/src/video/x11/SDL_x11mouse.h
D	Source/3rdParty/SDL2/src/video/x11/SDL_x11opengl.c
D	Source/3rdParty/SDL2/src/video/x11/SDL_x11opengl.h
D	Source/3rdParty/SDL2/src/video/x11/SDL_x11opengles.c
D	Source/3rdParty/SDL2/src/video/x11/SDL_x11opengles.h
D	Source/3rdParty/SDL2/src/video/x11/SDL_x11shape.c
D	Source/3rdParty/SDL2/src/video/x11/SDL_x11shape.h
D	Source/3rdParty/SDL2/src/video/x11/SDL_x11sym.h
D	Source/3rdParty/SDL2/src/video/x11/SDL_x11touch.c
D	Source/3rdParty/SDL2/src/video/x11/SDL_x11touch.h
D	Source/3rdParty/SDL2/src/video/x11/SDL_x11video.c
D	Source/3rdParty/SDL2/src/video/x11/SDL_x11video.h
D	Source/3rdParty/SDL2/src/video/x11/SDL_x11vulkan.c
D	Source/3rdParty/SDL2/src/video/x11/SDL_x11vulkan.h
D	Source/3rdParty/SDL2/src/video/x11/SDL_x11window.c
D	Source/3rdParty/SDL2/src/video/x11/SDL_x11window.h
D	Source/3rdParty/SDL2/src/video/x11/SDL_x11xfixes.c
D	Source/3rdParty/SDL2/src/video/x11/SDL_x11xfixes.h
D	Source/3rdParty/SDL2/src/video/x11/SDL_x11xinput2.c
D	Source/3rdParty/SDL2/src/video/x11/SDL_x11xinput2.h
D	Source/3rdParty/SDL2/src/video/x11/edid-parse.c
D	Source/3rdParty/SDL2/src/video/x11/edid.h
D	Source/3rdParty/SDL2/src/video/yuv2rgb/LICENSE
D	Source/3rdParty/SDL2/src/video/yuv2rgb/README.md
D	Source/3rdParty/SDL2/src/video/yuv2rgb/yuv_rgb.h
D	Source/3rdParty/SDL2/src/video/yuv2rgb/yuv_rgb_common.h
D	Source/3rdParty/SDL2/src/video/yuv2rgb/yuv_rgb_internal.h
D	Source/3rdParty/SDL2/src/video/yuv2rgb/yuv_rgb_lsx.c
D	Source/3rdParty/SDL2/src/video/yuv2rgb/yuv_rgb_lsx.h
D	Source/3rdParty/SDL2/src/video/yuv2rgb/yuv_rgb_lsx_func.h
D	Source/3rdParty/SDL2/src/video/yuv2rgb/yuv_rgb_sse.c
D	Source/3rdParty/SDL2/src/video/yuv2rgb/yuv_rgb_sse.h
D	Source/3rdParty/SDL2/src/video/yuv2rgb/yuv_rgb_sse_func.h
D	Source/3rdParty/SDL2/src/video/yuv2rgb/yuv_rgb_std.c
D	Source/3rdParty/SDL2/src/video/yuv2rgb/yuv_rgb_std.h
D	Source/3rdParty/SDL2/src/video/yuv2rgb/yuv_rgb_std_func.h
D	Source/3rdParty/SDL2/wayland-protocols/cursor-shape-v1.xml
D	Source/3rdParty/SDL2/wayland-protocols/fractional-scale-v1.xml
D	Source/3rdParty/SDL2/wayland-protocols/idle-inhibit-unstable-v1.xml
D	Source/3rdParty/SDL2/wayland-protocols/keyboard-shortcuts-inhibit-unstable-v1.xml
D	Source/3rdParty/SDL2/wayland-protocols/pointer-constraints-unstable-v1.xml
D	Source/3rdParty/SDL2/wayland-protocols/primary-selection-unstable-v1.xml
D	Source/3rdParty/SDL2/wayland-protocols/relative-pointer-unstable-v1.xml
D	Source/3rdParty/SDL2/wayland-protocols/tablet-unstable-v2.xml
D	Source/3rdParty/SDL2/wayland-protocols/text-input-unstable-v3.xml
D	Source/3rdParty/SDL2/wayland-protocols/viewporter.xml
D	Source/3rdParty/SDL2/wayland-protocols/wayland.xml
D	Source/3rdParty/SDL2/wayland-protocols/xdg-activation-v1.xml
D	Source/3rdParty/SDL2/wayland-protocols/xdg-decoration-unstable-v1.xml
D	Source/3rdParty/SDL2/wayland-protocols/xdg-output-unstable-v1.xml
D	Source/3rdParty/SDL2/wayland-protocols/xdg-shell.xml
D	Source/3rdParty/SDL2/wayland-protocols/xdg-toplevel-icon-v1.xml
D	Source/3rdParty/SDL2/xmake.lua
A	Source/3rdParty/SDL3/CMakeLists.txt
A	Source/3rdParty/SDL3/LICENSE.txt
A	Source/3rdParty/SDL3/README.md
A	Source/3rdParty/SDL3/cmake/3rdparty.cmake
A	Source/3rdParty/SDL3/cmake/CPackProjectConfig.cmake.in
A	Source/3rdParty/SDL3/cmake/FindFFmpeg.cmake
A	Source/3rdParty/SDL3/cmake/FindLibUSB.cmake
A	Source/3rdParty/SDL3/cmake/GetGitRevisionDescription.cmake
A	Source/3rdParty/SDL3/cmake/GetGitRevisionDescription.cmake.in
A	Source/3rdParty/SDL3/cmake/PkgConfigHelper.cmake
A	Source/3rdParty/SDL3/cmake/PreseedEmscriptenCache.cmake
A	Source/3rdParty/SDL3/cmake/PreseedMSVCCache.cmake
A	Source/3rdParty/SDL3/cmake/PreseedNokiaNGageCache.cmake
A	Source/3rdParty/SDL3/cmake/SDL3Config.cmake.in
A	Source/3rdParty/SDL3/cmake/SDL3jarTargets.cmake.in
A	Source/3rdParty/SDL3/cmake/android/FindSdlAndroid.cmake
A	Source/3rdParty/SDL3/cmake/android/FindSdlAndroidBuildTools.cmake
A	Source/3rdParty/SDL3/cmake/android/FindSdlAndroidPlatform.cmake
A	Source/3rdParty/SDL3/cmake/android/SdlAndroidFunctions.cmake
A	Source/3rdParty/SDL3/cmake/android/SdlAndroidScript.cmake
A	Source/3rdParty/SDL3/cmake/cmake_uninstall.cmake.in
A	Source/3rdParty/SDL3/cmake/macros.cmake
A	Source/3rdParty/SDL3/cmake/sdl3.pc.in
A	Source/3rdParty/SDL3/cmake/sdlchecks.cmake
A	Source/3rdParty/SDL3/cmake/sdlcommands.cmake
A	Source/3rdParty/SDL3/cmake/sdlcompilers.cmake
A	Source/3rdParty/SDL3/cmake/sdlcpu.cmake
A	Source/3rdParty/SDL3/cmake/sdlmanpages.cmake
A	Source/3rdParty/SDL3/cmake/sdlplatform.cmake
A	Source/3rdParty/SDL3/cmake/test/CMakeLists.txt
A	Source/3rdParty/SDL3/cmake/test/inc_sdl_slash.c
A	Source/3rdParty/SDL3/cmake/test/main.swift
A	Source/3rdParty/SDL3/cmake/test/main_cli.c
A	Source/3rdParty/SDL3/cmake/test/main_gui.c
A	Source/3rdParty/SDL3/cmake/test/main_lib.c
A	Source/3rdParty/SDL3/cmake/test/sdltest.c
A	Source/3rdParty/SDL3/cmake/test/swift/module.modulemap
A	Source/3rdParty/SDL3/cmake/test/swift/shim.h
A	Source/3rdParty/SDL3/cmake/test/test_pkgconfig.sh
A	Source/3rdParty/SDL3/cmake/xxd.py
A	Source/3rdParty/SDL3/include/SDL3/SDL.h
A	Source/3rdParty/SDL3/include/SDL3/SDL_assert.h
A	Source/3rdParty/SDL3/include/SDL3/SDL_asyncio.h
A	Source/3rdParty/SDL3/include/SDL3/SDL_atomic.h
A	Source/3rdParty/SDL3/include/SDL3/SDL_audio.h
A	Source/3rdParty/SDL3/include/SDL3/SDL_begin_code.h
A	Source/3rdParty/SDL3/include/SDL3/SDL_bits.h
A	Source/3rdParty/SDL3/include/SDL3/SDL_blendmode.h
A	Source/3rdParty/SDL3/include/SDL3/SDL_camera.h
A	Source/3rdParty/SDL3/include/SDL3/SDL_clipboard.h
A	Source/3rdParty/SDL3/include/SDL3/SDL_close_code.h
A	Source/3rdParty/SDL3/include/SDL3/SDL_copying.h
A	Source/3rdParty/SDL3/include/SDL3/SDL_cpuinfo.h
A	Source/3rdParty/SDL3/include/SDL3/SDL_dialog.h
A	Source/3rdParty/SDL3/include/SDL3/SDL_dlopennote.h
A	Source/3rdParty/SDL3/include/SDL3/SDL_egl.h
A	Source/3rdParty/SDL3/include/SDL3/SDL_endian.h
A	Source/3rdParty/SDL3/include/SDL3/SDL_error.h
A	Source/3rdParty/SDL3/include/SDL3/SDL_events.h
A	Source/3rdParty/SDL3/include/SDL3/SDL_filesystem.h
A	Source/3rdParty/SDL3/include/SDL3/SDL_gamepad.h
A	Source/3rdParty/SDL3/include/SDL3/SDL_gpu.h
A	Source/3rdParty/SDL3/include/SDL3/SDL_guid.h
A	Source/3rdParty/SDL3/include/SDL3/SDL_haptic.h
A	Source/3rdParty/SDL3/include/SDL3/SDL_hidapi.h
A	Source/3rdParty/SDL3/include/SDL3/SDL_hints.h
A	Source/3rdParty/SDL3/include/SDL3/SDL_init.h
A	Source/3rdParty/SDL3/include/SDL3/SDL_intrin.h
A	Source/3rdParty/SDL3/include/SDL3/SDL_iostream.h
A	Source/3rdParty/SDL3/include/SDL3/SDL_joystick.h
A	Source/3rdParty/SDL3/include/SDL3/SDL_keyboard.h
A	Source/3rdParty/SDL3/include/SDL3/SDL_keycode.h
A	Source/3rdParty/SDL3/include/SDL3/SDL_loadso.h
A	Source/3rdParty/SDL3/include/SDL3/SDL_locale.h
A	Source/3rdParty/SDL3/include/SDL3/SDL_log.h
A	Source/3rdParty/SDL3/include/SDL3/SDL_main.h
A	Source/3rdParty/SDL3/include/SDL3/SDL_main_impl.h
A	Source/3rdParty/SDL3/include/SDL3/SDL_messagebox.h
A	Source/3rdParty/SDL3/include/SDL3/SDL_metal.h
A	Source/3rdParty/SDL3/include/SDL3/SDL_misc.h
A	Source/3rdParty/SDL3/include/SDL3/SDL_mouse.h
A	Source/3rdParty/SDL3/include/SDL3/SDL_mutex.h
A	Source/3rdParty/SDL3/include/SDL3/SDL_oldnames.h
A	Source/3rdParty/SDL3/include/SDL3/SDL_opengl.h
A	Source/3rdParty/SDL3/include/SDL3/SDL_opengl_glext.h
A	Source/3rdParty/SDL3/include/SDL3/SDL_opengles.h
A	Source/3rdParty/SDL3/include/SDL3/SDL_opengles2.h
A	Source/3rdParty/SDL3/include/SDL3/SDL_opengles2_gl2.h
A	Source/3rdParty/SDL3/include/SDL3/SDL_opengles2_gl2ext.h
A	Source/3rdParty/SDL3/include/SDL3/SDL_opengles2_gl2platform.h
A	Source/3rdParty/SDL3/include/SDL3/SDL_opengles2_khrplatform.h
A	Source/3rdParty/SDL3/include/SDL3/SDL_pen.h
A	Source/3rdParty/SDL3/include/SDL3/SDL_pixels.h
A	Source/3rdParty/SDL3/include/SDL3/SDL_platform.h
A	Source/3rdParty/SDL3/include/SDL3/SDL_platform_defines.h
A	Source/3rdParty/SDL3/include/SDL3/SDL_power.h
A	Source/3rdParty/SDL3/include/SDL3/SDL_process.h
A	Source/3rdParty/SDL3/include/SDL3/SDL_properties.h
A	Source/3rdParty/SDL3/include/SDL3/SDL_rect.h
A	Source/3rdParty/SDL3/include/SDL3/SDL_render.h
A	Source/3rdParty/SDL3/include/SDL3/SDL_revision.h
A	Source/3rdParty/SDL3/include/SDL3/SDL_scancode.h
A	Source/3rdParty/SDL3/include/SDL3/SDL_sensor.h
A	Source/3rdParty/SDL3/include/SDL3/SDL_stdinc.h
A	Source/3rdParty/SDL3/include/SDL3/SDL_storage.h
A	Source/3rdParty/SDL3/include/SDL3/SDL_surface.h
A	Source/3rdParty/SDL3/include/SDL3/SDL_system.h
A	Source/3rdParty/SDL3/include/SDL3/SDL_test.h
A	Source/3rdParty/SDL3/include/SDL3/SDL_test_assert.h
A	Source/3rdParty/SDL3/include/SDL3/SDL_test_common.h
A	Source/3rdParty/SDL3/include/SDL3/SDL_test_compare.h
A	Source/3rdParty/SDL3/include/SDL3/SDL_test_crc32.h
A	Source/3rdParty/SDL3/include/SDL3/SDL_test_font.h
A	Source/3rdParty/SDL3/include/SDL3/SDL_test_fuzzer.h
A	Source/3rdParty/SDL3/include/SDL3/SDL_test_harness.h
A	Source/3rdParty/SDL3/include/SDL3/SDL_test_log.h
A	Source/3rdParty/SDL3/include/SDL3/SDL_test_md5.h
A	Source/3rdParty/SDL3/include/SDL3/SDL_test_memory.h
A	Source/3rdParty/SDL3/include/SDL3/SDL_thread.h
A	Source/3rdParty/SDL3/include/SDL3/SDL_time.h
A	Source/3rdParty/SDL3/include/SDL3/SDL_timer.h
A	Source/3rdParty/SDL3/include/SDL3/SDL_touch.h
A	Source/3rdParty/SDL3/include/SDL3/SDL_tray.h
A	Source/3rdParty/SDL3/include/SDL3/SDL_version.h
A	Source/3rdParty/SDL3/include/SDL3/SDL_video.h
A	Source/3rdParty/SDL3/include/SDL3/SDL_vulkan.h
A	Source/3rdParty/SDL3/include/build_config/SDL_build_config.h
A	Source/3rdParty/SDL3/include/build_config/SDL_build_config.h.cmake
A	Source/3rdParty/SDL3/include/build_config/SDL_build_config_android.h
A	Source/3rdParty/SDL3/include/build_config/SDL_build_config_ios.h
A	Source/3rdParty/SDL3/include/build_config/SDL_build_config_macos.h
A	Source/3rdParty/SDL3/include/build_config/SDL_build_config_minimal.h
A	Source/3rdParty/SDL3/include/build_config/SDL_build_config_windows.h
A	Source/3rdParty/SDL3/include/build_config/SDL_build_config_wingdk.h
A	Source/3rdParty/SDL3/include/build_config/SDL_build_config_xbox.h
A	Source/3rdParty/SDL3/include/build_config/SDL_revision.h.cmake
A	Source/3rdParty/SDL3/src/SDL.c
A	Source/3rdParty/SDL3/src/SDL_assert.c
A	Source/3rdParty/SDL3/src/SDL_assert_c.h
A	Source/3rdParty/SDL3/src/SDL_error.c
A	Source/3rdParty/SDL3/src/SDL_error_c.h
A	Source/3rdParty/SDL3/src/SDL_guid.c
A	Source/3rdParty/SDL3/src/SDL_hashtable.c
A	Source/3rdParty/SDL3/src/SDL_hashtable.h
A	Source/3rdParty/SDL3/src/SDL_hints.c
A	Source/3rdParty/SDL3/src/SDL_hints_c.h
A	Source/3rdParty/SDL3/src/SDL_internal.h
A	Source/3rdParty/SDL3/src/SDL_list.c
A	Source/3rdParty/SDL3/src/SDL_list.h
A	Source/3rdParty/SDL3/src/SDL_log.c
A	Source/3rdParty/SDL3/src/SDL_log_c.h
A	Source/3rdParty/SDL3/src/SDL_properties.c
A	Source/3rdParty/SDL3/src/SDL_properties_c.h
A	Source/3rdParty/SDL3/src/SDL_utils.c
A	Source/3rdParty/SDL3/src/SDL_utils_c.h
A	Source/3rdParty/SDL3/src/atomic/SDL_atomic.c
A	Source/3rdParty/SDL3/src/atomic/SDL_spinlock.c
A	Source/3rdParty/SDL3/src/audio/SDL_audio.c
A	Source/3rdParty/SDL3/src/audio/SDL_audio_c.h
A	Source/3rdParty/SDL3/src/audio/SDL_audio_channel_converters.h
A	Source/3rdParty/SDL3/src/audio/SDL_audiocvt.c
A	Source/3rdParty/SDL3/src/audio/SDL_audiodev.c
A	Source/3rdParty/SDL3/src/audio/SDL_audiodev_c.h
A	Source/3rdParty/SDL3/src/audio/SDL_audioqueue.c
A	Source/3rdParty/SDL3/src/audio/SDL_audioqueue.h
A	Source/3rdParty/SDL3/src/audio/SDL_audioresample.c
A	Source/3rdParty/SDL3/src/audio/SDL_audioresample.h
A	Source/3rdParty/SDL3/src/audio/SDL_audiotypecvt.c
A	Source/3rdParty/SDL3/src/audio/SDL_mixer.c
A	Source/3rdParty/SDL3/src/audio/SDL_sysaudio.h
A	Source/3rdParty/SDL3/src/audio/SDL_wave.c
A	Source/3rdParty/SDL3/src/audio/SDL_wave.h
A	Source/3rdParty/SDL3/src/audio/aaudio/SDL_aaudio.c
A	Source/3rdParty/SDL3/src/audio/aaudio/SDL_aaudio.h
A	Source/3rdParty/SDL3/src/audio/aaudio/SDL_aaudiofuncs.h
A	Source/3rdParty/SDL3/src/audio/alsa/SDL_alsa_audio.c
A	Source/3rdParty/SDL3/src/audio/alsa/SDL_alsa_audio.h
A	Source/3rdParty/SDL3/src/audio/coreaudio/SDL_coreaudio.h
A	Source/3rdParty/SDL3/src/audio/coreaudio/SDL_coreaudio.m
A	Source/3rdParty/SDL3/src/audio/directsound/SDL_directsound.c
A	Source/3rdParty/SDL3/src/audio/directsound/SDL_directsound.h
A	Source/3rdParty/SDL3/src/audio/disk/SDL_diskaudio.c
A	Source/3rdParty/SDL3/src/audio/disk/SDL_diskaudio.h
A	Source/3rdParty/SDL3/src/audio/dsp/SDL_dspaudio.c
A	Source/3rdParty/SDL3/src/audio/dsp/SDL_dspaudio.h
A	Source/3rdParty/SDL3/src/audio/dummy/SDL_dummyaudio.c
A	Source/3rdParty/SDL3/src/audio/dummy/SDL_dummyaudio.h
A	Source/3rdParty/SDL3/src/audio/emscripten/SDL_emscriptenaudio.c
A	Source/3rdParty/SDL3/src/audio/emscripten/SDL_emscriptenaudio.h
A	Source/3rdParty/SDL3/src/audio/haiku/SDL_haikuaudio.cc
A	Source/3rdParty/SDL3/src/audio/haiku/SDL_haikuaudio.h
A	Source/3rdParty/SDL3/src/audio/jack/SDL_jackaudio.c
A	Source/3rdParty/SDL3/src/audio/jack/SDL_jackaudio.h
A	Source/3rdParty/SDL3/src/audio/n3ds/SDL_n3dsaudio.c
A	Source/3rdParty/SDL3/src/audio/n3ds/SDL_n3dsaudio.h
A	Source/3rdParty/SDL3/src/audio/netbsd/SDL_netbsdaudio.c
A	Source/3rdParty/SDL3/src/audio/netbsd/SDL_netbsdaudio.h
A	Source/3rdParty/SDL3/src/audio/ngage/SDL_ngageaudio.c
A	Source/3rdParty/SDL3/src/audio/ngage/SDL_ngageaudio.cpp
A	Source/3rdParty/SDL3/src/audio/ngage/SDL_ngageaudio.h
A	Source/3rdParty/SDL3/src/audio/ngage/SDL_ngageaudio.hpp
A	Source/3rdParty/SDL3/src/audio/openslES/SDL_openslES.c
A	Source/3rdParty/SDL3/src/audio/openslES/SDL_openslES.h
A	Source/3rdParty/SDL3/src/audio/pipewire/SDL_pipewire.c
A	Source/3rdParty/SDL3/src/audio/pipewire/SDL_pipewire.h
A	Source/3rdParty/SDL3/src/audio/ps2/SDL_ps2audio.c
A	Source/3rdParty/SDL3/src/audio/ps2/SDL_ps2audio.h
A	Source/3rdParty/SDL3/src/audio/psp/SDL_pspaudio.c
A	Source/3rdParty/SDL3/src/audio/psp/SDL_pspaudio.h
A	Source/3rdParty/SDL3/src/audio/pulseaudio/SDL_pulseaudio.c
A	Source/3rdParty/SDL3/src/audio/pulseaudio/SDL_pulseaudio.h
A	Source/3rdParty/SDL3/src/audio/qnx/SDL_qsa_audio.c
A	Source/3rdParty/SDL3/src/audio/qnx/SDL_qsa_audio.h
A	Source/3rdParty/SDL3/src/audio/sndio/SDL_sndioaudio.c
A	Source/3rdParty/SDL3/src/audio/sndio/SDL_sndioaudio.h
A	Source/3rdParty/SDL3/src/audio/vita/SDL_vitaaudio.c
A	Source/3rdParty/SDL3/src/audio/vita/SDL_vitaaudio.h
A	Source/3rdParty/SDL3/src/audio/wasapi/SDL_wasapi.c
A	Source/3rdParty/SDL3/src/audio/wasapi/SDL_wasapi.h
A	Source/3rdParty/SDL3/src/camera/SDL_camera.c
A	Source/3rdParty/SDL3/src/camera/SDL_camera_c.h
A	Source/3rdParty/SDL3/src/camera/SDL_syscamera.h
A	Source/3rdParty/SDL3/src/camera/android/SDL_camera_android.c
A	Source/3rdParty/SDL3/src/camera/coremedia/SDL_camera_coremedia.m
A	Source/3rdParty/SDL3/src/camera/dummy/SDL_camera_dummy.c
A	Source/3rdParty/SDL3/src/camera/emscripten/SDL_camera_emscripten.c
A	Source/3rdParty/SDL3/src/camera/mediafoundation/SDL_camera_mediafoundation.c
A	Source/3rdParty/SDL3/src/camera/pipewire/SDL_camera_pipewire.c
A	Source/3rdParty/SDL3/src/camera/v4l2/SDL_camera_v4l2.c
A	Source/3rdParty/SDL3/src/camera/vita/SDL_camera_vita.c
A	Source/3rdParty/SDL3/src/core/SDL_core_unsupported.c
A	Source/3rdParty/SDL3/src/core/SDL_core_unsupported.h
A	Source/3rdParty/SDL3/src/core/android/SDL_android.c
A	Source/3rdParty/SDL3/src/core/android/SDL_android.h
A	Source/3rdParty/SDL3/src/core/freebsd/SDL_evdev_kbd_default_keyaccmap.h
A	Source/3rdParty/SDL3/src/core/freebsd/SDL_evdev_kbd_freebsd.c
A	Source/3rdParty/SDL3/src/core/gdk/SDL_gdk.cpp
A	Source/3rdParty/SDL3/src/core/gdk/SDL_gdk.h
A	Source/3rdParty/SDL3/src/core/haiku/SDL_BApp.h
A	Source/3rdParty/SDL3/src/core/haiku/SDL_BeApp.cc
A	Source/3rdParty/SDL3/src/core/haiku/SDL_BeApp.h
A	Source/3rdParty/SDL3/src/core/linux/SDL_dbus.c
A	Source/3rdParty/SDL3/src/core/linux/SDL_dbus.h
A	Source/3rdParty/SDL3/src/core/linux/SDL_evdev.c
A	Source/3rdParty/SDL3/src/core/linux/SDL_evdev.h
A	Source/3rdParty/SDL3/src/core/linux/SDL_evdev_capabilities.c
A	Source/3rdParty/SDL3/src/core/linux/SDL_evdev_capabilities.h
A	Source/3rdParty/SDL3/src/core/linux/SDL_evdev_kbd.c
A	Source/3rdParty/SDL3/src/core/linux/SDL_evdev_kbd.h
A	Source/3rdParty/SDL3/src/core/linux/SDL_evdev_kbd_default_accents.h
A	Source/3rdParty/SDL3/src/core/linux/SDL_evdev_kbd_default_keymap.h
A	Source/3rdParty/SDL3/src/core/linux/SDL_fcitx.c
A	Source/3rdParty/SDL3/src/core/linux/SDL_fcitx.h
A	Source/3rdParty/SDL3/src/core/linux/SDL_ibus.c
A	Source/3rdParty/SDL3/src/core/linux/SDL_ibus.h
A	Source/3rdParty/SDL3/src/core/linux/SDL_ime.c
A	Source/3rdParty/SDL3/src/core/linux/SDL_ime.h
A	Source/3rdParty/SDL3/src/core/linux/SDL_progressbar.c
A	Source/3rdParty/SDL3/src/core/linux/SDL_progressbar.h
A	Source/3rdParty/SDL3/src/core/linux/SDL_system_theme.c
A	Source/3rdParty/SDL3/src/core/linux/SDL_system_theme.h
A	Source/3rdParty/SDL3/src/core/linux/SDL_threadprio.c
A	Source/3rdParty/SDL3/src/core/linux/SDL_udev.c
A	Source/3rdParty/SDL3/src/core/linux/SDL_udev.h
A	Source/3rdParty/SDL3/src/core/ngage/SDL_ngage.cpp
A	Source/3rdParty/SDL3/src/core/ngage/SDL_ngage.h
A	Source/3rdParty/SDL3/src/core/openbsd/SDL_wscons.h
A	Source/3rdParty/SDL3/src/core/openbsd/SDL_wscons_kbd.c
A	Source/3rdParty/SDL3/src/core/openbsd/SDL_wscons_mouse.c
A	Source/3rdParty/SDL3/src/core/unix/SDL_appid.c
A	Source/3rdParty/SDL3/src/core/unix/SDL_appid.h
A	Source/3rdParty/SDL3/src/core/unix/SDL_fribidi.c
A	Source/3rdParty/SDL3/src/core/unix/SDL_fribidi.h
A	Source/3rdParty/SDL3/src/core/unix/SDL_gtk.c
A	Source/3rdParty/SDL3/src/core/unix/SDL_gtk.h
A	Source/3rdParty/SDL3/src/core/unix/SDL_libthai.c
A	Source/3rdParty/SDL3/src/core/unix/SDL_libthai.h
A	Source/3rdParty/SDL3/src/core/unix/SDL_poll.c
A	Source/3rdParty/SDL3/src/core/unix/SDL_poll.h
A	Source/3rdParty/SDL3/src/core/windows/SDL_directx.h
A	Source/3rdParty/SDL3/src/core/windows/SDL_gameinput.cpp
A	Source/3rdParty/SDL3/src/core/windows/SDL_gameinput.h
A	Source/3rdParty/SDL3/src/core/windows/SDL_hid.c
A	Source/3rdParty/SDL3/src/core/windows/SDL_hid.h
A	Source/3rdParty/SDL3/src/core/windows/SDL_immdevice.c
A	Source/3rdParty/SDL3/src/core/windows/SDL_immdevice.h
A	Source/3rdParty/SDL3/src/core/windows/SDL_windows.c
A	Source/3rdParty/SDL3/src/core/windows/SDL_windows.h
A	Source/3rdParty/SDL3/src/core/windows/SDL_xinput.c
A	Source/3rdParty/SDL3/src/core/windows/SDL_xinput.h
A	Source/3rdParty/SDL3/src/core/windows/pch.c
A	Source/3rdParty/SDL3/src/core/windows/pch_cpp.cpp
A	Source/3rdParty/SDL3/src/core/windows/version.rc
A	Source/3rdParty/SDL3/src/cpuinfo/SDL_cpuinfo.c
A	Source/3rdParty/SDL3/src/cpuinfo/SDL_cpuinfo_c.h
A	Source/3rdParty/SDL3/src/dialog/SDL_dialog.c
A	Source/3rdParty/SDL3/src/dialog/SDL_dialog.h
A	Source/3rdParty/SDL3/src/dialog/SDL_dialog_utils.c
A	Source/3rdParty/SDL3/src/dialog/SDL_dialog_utils.h
A	Source/3rdParty/SDL3/src/dialog/android/SDL_androiddialog.c
A	Source/3rdParty/SDL3/src/dialog/cocoa/SDL_cocoadialog.m
A	Source/3rdParty/SDL3/src/dialog/dummy/SDL_dummydialog.c
A	Source/3rdParty/SDL3/src/dialog/haiku/SDL_haikudialog.cc
A	Source/3rdParty/SDL3/src/dialog/unix/SDL_portaldialog.c
A	Source/3rdParty/SDL3/src/dialog/unix/SDL_portaldialog.h
A	Source/3rdParty/SDL3/src/dialog/unix/SDL_unixdialog.c
A	Source/3rdParty/SDL3/src/dialog/unix/SDL_zenitydialog.c
A	Source/3rdParty/SDL3/src/dialog/unix/SDL_zenitydialog.h
A	Source/3rdParty/SDL3/src/dialog/unix/SDL_zenitymessagebox.c
A	Source/3rdParty/SDL3/src/dialog/unix/SDL_zenitymessagebox.h
A	Source/3rdParty/SDL3/src/dialog/windows/SDL_windowsdialog.c
A	Source/3rdParty/SDL3/src/dynapi/SDL_dynapi.c
A	Source/3rdParty/SDL3/src/dynapi/SDL_dynapi.h
A	Source/3rdParty/SDL3/src/dynapi/SDL_dynapi.sym
A	Source/3rdParty/SDL3/src/dynapi/SDL_dynapi_overrides.h
A	Source/3rdParty/SDL3/src/dynapi/SDL_dynapi_procs.h
A	Source/3rdParty/SDL3/src/dynapi/SDL_dynapi_unsupported.h
A	Source/3rdParty/SDL3/src/dynapi/gendynapi.py
A	Source/3rdParty/SDL3/src/events/SDL_categories.c
A	Source/3rdParty/SDL3/src/events/SDL_categories_c.h
A	Source/3rdParty/SDL3/src/events/SDL_clipboardevents.c
A	Source/3rdParty/SDL3/src/events/SDL_clipboardevents_c.h
A	Source/3rdParty/SDL3/src/events/SDL_displayevents.c
A	Source/3rdParty/SDL3/src/events/SDL_displayevents_c.h
A	Source/3rdParty/SDL3/src/events/SDL_dropevents.c
A	Source/3rdParty/SDL3/src/events/SDL_dropevents_c.h
A	Source/3rdParty/SDL3/src/events/SDL_events.c
A	Source/3rdParty/SDL3/src/events/SDL_events_c.h
A	Source/3rdParty/SDL3/src/events/SDL_eventwatch.c
A	Source/3rdParty/SDL3/src/events/SDL_eventwatch_c.h
A	Source/3rdParty/SDL3/src/events/SDL_keyboard.c
A	Source/3rdParty/SDL3/src/events/SDL_keyboard_c.h
A	Source/3rdParty/SDL3/src/events/SDL_keymap.c
A	Source/3rdParty/SDL3/src/events/SDL_keymap_c.h
A	Source/3rdParty/SDL3/src/events/SDL_keysym_to_keycode.c
A	Source/3rdParty/SDL3/src/events/SDL_keysym_to_keycode_c.h
A	Source/3rdParty/SDL3/src/events/SDL_keysym_to_scancode.c
A	Source/3rdParty/SDL3/src/events/SDL_keysym_to_scancode_c.h
A	Source/3rdParty/SDL3/src/events/SDL_mouse.c
A	Source/3rdParty/SDL3/src/events/SDL_mouse_c.h
A	Source/3rdParty/SDL3/src/events/SDL_pen.c
A	Source/3rdParty/SDL3/src/events/SDL_pen_c.h
A	Source/3rdParty/SDL3/src/events/SDL_quit.c
A	Source/3rdParty/SDL3/src/events/SDL_scancode_tables.c
A	Source/3rdParty/SDL3/src/events/SDL_scancode_tables_c.h
A	Source/3rdParty/SDL3/src/events/SDL_touch.c
A	Source/3rdParty/SDL3/src/events/SDL_touch_c.h
A	Source/3rdParty/SDL3/src/events/SDL_windowevents.c
A	Source/3rdParty/SDL3/src/events/SDL_windowevents_c.h
A	Source/3rdParty/SDL3/src/events/blank_cursor.h
A	Source/3rdParty/SDL3/src/events/default_cursor.h
A	Source/3rdParty/SDL3/src/events/imKStoUCS.c
A	Source/3rdParty/SDL3/src/events/imKStoUCS.h
A	Source/3rdParty/SDL3/src/events/scancodes_darwin.h
A	Source/3rdParty/SDL3/src/events/scancodes_linux.h
A	Source/3rdParty/SDL3/src/events/scancodes_windows.h
A	Source/3rdParty/SDL3/src/events/scancodes_xfree86.h
A	Source/3rdParty/SDL3/src/filesystem/SDL_filesystem.c
A	Source/3rdParty/SDL3/src/filesystem/SDL_filesystem_c.h
A	Source/3rdParty/SDL3/src/filesystem/SDL_sysfilesystem.h
A	Source/3rdParty/SDL3/src/filesystem/android/SDL_sysfilesystem.c
A	Source/3rdParty/SDL3/src/filesystem/cocoa/SDL_sysfilesystem.m
A	Source/3rdParty/SDL3/src/filesystem/dummy/SDL_sysfilesystem.c
A	Source/3rdParty/SDL3/src/filesystem/dummy/SDL_sysfsops.c
A	Source/3rdParty/SDL3/src/filesystem/emscripten/SDL_sysfilesystem.c
A	Source/3rdParty/SDL3/src/filesystem/gdk/SDL_sysfilesystem.cpp
A	Source/3rdParty/SDL3/src/filesystem/haiku/SDL_sysfilesystem.cc
A	Source/3rdParty/SDL3/src/filesystem/n3ds/SDL_sysfilesystem.c
A	Source/3rdParty/SDL3/src/filesystem/ngage/SDL_sysfilesystem.c
A	Source/3rdParty/SDL3/src/filesystem/ngage/SDL_sysfilesystem.cpp
A	Source/3rdParty/SDL3/src/filesystem/posix/SDL_sysfsops.c
A	Source/3rdParty/SDL3/src/filesystem/ps2/SDL_sysfilesystem.c
A	Source/3rdParty/SDL3/src/filesystem/psp/SDL_sysfilesystem.c
A	Source/3rdParty/SDL3/src/filesystem/riscos/SDL_sysfilesystem.c
A	Source/3rdParty/SDL3/src/filesystem/unix/SDL_sysfilesystem.c
A	Source/3rdParty/SDL3/src/filesystem/vita/SDL_sysfilesystem.c
A	Source/3rdParty/SDL3/src/filesystem/windows/SDL_sysfilesystem.c
A	Source/3rdParty/SDL3/src/filesystem/windows/SDL_sysfsops.c
A	Source/3rdParty/SDL3/src/gpu/SDL_gpu.c
A	Source/3rdParty/SDL3/src/gpu/SDL_sysgpu.h
A	Source/3rdParty/SDL3/src/gpu/d3d12/D3D12_Blit.h
A	Source/3rdParty/SDL3/src/gpu/d3d12/D3D_Blit.hlsl
A	Source/3rdParty/SDL3/src/gpu/d3d12/SDL_gpu_d3d12.c
A	Source/3rdParty/SDL3/src/gpu/d3d12/compile_shaders.bat
A	Source/3rdParty/SDL3/src/gpu/d3d12/compile_shaders_xbox.bat
A	Source/3rdParty/SDL3/src/gpu/metal/Metal_Blit.h
A	Source/3rdParty/SDL3/src/gpu/metal/Metal_Blit.metal
A	Source/3rdParty/SDL3/src/gpu/metal/SDL_gpu_metal.m
A	Source/3rdParty/SDL3/src/gpu/metal/compile_shaders.sh
A	Source/3rdParty/SDL3/src/gpu/vulkan/SDL_gpu_vulkan.c
A	Source/3rdParty/SDL3/src/gpu/vulkan/SDL_gpu_vulkan_vkfuncs.h
A	Source/3rdParty/SDL3/src/haptic/SDL_haptic.c
A	Source/3rdParty/SDL3/src/haptic/SDL_haptic_c.h
A	Source/3rdParty/SDL3/src/haptic/SDL_syshaptic.h
A	Source/3rdParty/SDL3/src/haptic/android/SDL_syshaptic.c
A	Source/3rdParty/SDL3/src/haptic/android/SDL_syshaptic_c.h
A	Source/3rdParty/SDL3/src/haptic/darwin/SDL_syshaptic.c
A	Source/3rdParty/SDL3/src/haptic/darwin/SDL_syshaptic_c.h
A	Source/3rdParty/SDL3/src/haptic/dummy/SDL_syshaptic.c
A	Source/3rdParty/SDL3/src/haptic/hidapi/SDL_hidapihaptic.c
A	Source/3rdParty/SDL3/src/haptic/hidapi/SDL_hidapihaptic.h
A	Source/3rdParty/SDL3/src/haptic/hidapi/SDL_hidapihaptic_c.h
A	Source/3rdParty/SDL3/src/haptic/hidapi/SDL_hidapihaptic_lg4ff.c
A	Source/3rdParty/SDL3/src/haptic/linux/SDL_syshaptic.c
A	Source/3rdParty/SDL3/src/haptic/windows/SDL_dinputhaptic.c
A	Source/3rdParty/SDL3/src/haptic/windows/SDL_dinputhaptic_c.h
A	Source/3rdParty/SDL3/src/haptic/windows/SDL_windowshaptic.c
A	Source/3rdParty/SDL3/src/haptic/windows/SDL_windowshaptic_c.h
A	Source/3rdParty/SDL3/src/hidapi/AUTHORS.txt
A	Source/3rdParty/SDL3/src/hidapi/BUILD.autotools.md
A	Source/3rdParty/SDL3/src/hidapi/BUILD.cmake.md
A	Source/3rdParty/SDL3/src/hidapi/BUILD.md
A	Source/3rdParty/SDL3/src/hidapi/CMakeLists.txt
A	Source/3rdParty/SDL3/src/hidapi/HACKING.txt
A	Source/3rdParty/SDL3/src/hidapi/LICENSE-bsd.txt
A	Source/3rdParty/SDL3/src/hidapi/LICENSE-gpl3.txt
A	Source/3rdParty/SDL3/src/hidapi/LICENSE-orig.txt
A	Source/3rdParty/SDL3/src/hidapi/LICENSE.txt
A	Source/3rdParty/SDL3/src/hidapi/Makefile.am
A	Source/3rdParty/SDL3/src/hidapi/README.md
A	Source/3rdParty/SDL3/src/hidapi/SDL_hidapi.c
A	Source/3rdParty/SDL3/src/hidapi/SDL_hidapi_android.h
A	Source/3rdParty/SDL3/src/hidapi/SDL_hidapi_c.h
A	Source/3rdParty/SDL3/src/hidapi/SDL_hidapi_ios.h
A	Source/3rdParty/SDL3/src/hidapi/SDL_hidapi_libusb.h
A	Source/3rdParty/SDL3/src/hidapi/SDL_hidapi_linux.h
A	Source/3rdParty/SDL3/src/hidapi/SDL_hidapi_mac.h
A	Source/3rdParty/SDL3/src/hidapi/SDL_hidapi_netbsd.h
A	Source/3rdParty/SDL3/src/hidapi/SDL_hidapi_steamxbox.h
A	Source/3rdParty/SDL3/src/hidapi/SDL_hidapi_windows.h
A	Source/3rdParty/SDL3/src/hidapi/VERSION
A	Source/3rdParty/SDL3/src/hidapi/android/hid.cpp
A	Source/3rdParty/SDL3/src/hidapi/android/hid.h
A	Source/3rdParty/SDL3/src/hidapi/bootstrap
A	Source/3rdParty/SDL3/src/hidapi/configure.ac
A	Source/3rdParty/SDL3/src/hidapi/dist/hidapi.podspec
A	Source/3rdParty/SDL3/src/hidapi/documentation/cmake-gui-drop-down.png
A	Source/3rdParty/SDL3/src/hidapi/documentation/cmake-gui-highlights.png
A	Source/3rdParty/SDL3/src/hidapi/doxygen/Doxyfile
A	Source/3rdParty/SDL3/src/hidapi/doxygen/main_page.md
A	Source/3rdParty/SDL3/src/hidapi/hidapi/hidapi.h
A	Source/3rdParty/SDL3/src/hidapi/hidtest/CMakeLists.txt
A	Source/3rdParty/SDL3/src/hidapi/hidtest/Makefile.am
A	Source/3rdParty/SDL3/src/hidapi/hidtest/test.c
A	Source/3rdParty/SDL3/src/hidapi/ios/hid.m
A	Source/3rdParty/SDL3/src/hidapi/libusb/CMakeLists.txt
A	Source/3rdParty/SDL3/src/hidapi/libusb/Makefile-manual
A	Source/3rdParty/SDL3/src/hidapi/libusb/Makefile.am
A	Source/3rdParty/SDL3/src/hidapi/libusb/Makefile.freebsd
A	Source/3rdParty/SDL3/src/hidapi/libusb/Makefile.haiku
A	Source/3rdParty/SDL3/src/hidapi/libusb/Makefile.linux
A	Source/3rdParty/SDL3/src/hidapi/libusb/hid.c
A	Source/3rdParty/SDL3/src/hidapi/libusb/hidapi_libusb.h
A	Source/3rdParty/SDL3/src/hidapi/libusb/hidapi_thread_pthread.h
A	Source/3rdParty/SDL3/src/hidapi/libusb/hidapi_thread_sdl.h
A	Source/3rdParty/SDL3/src/hidapi/linux/CMakeLists.txt
A	Source/3rdParty/SDL3/src/hidapi/linux/Makefile-manual
A	Source/3rdParty/SDL3/src/hidapi/linux/Makefile.am
A	Source/3rdParty/SDL3/src/hidapi/linux/hid.c
A	Source/3rdParty/SDL3/src/hidapi/m4/ax_pthread.m4
A	Source/3rdParty/SDL3/src/hidapi/m4/pkg.m4
A	Source/3rdParty/SDL3/src/hidapi/mac/CMakeLists.txt
A	Source/3rdParty/SDL3/src/hidapi/mac/Makefile-manual
A	Source/3rdParty/SDL3/src/hidapi/mac/Makefile.am
A	Source/3rdParty/SDL3/src/hidapi/mac/hid.c
A	Source/3rdParty/SDL3/src/hidapi/mac/hidapi_darwin.h
A	Source/3rdParty/SDL3/src/hidapi/meson.build
A	Source/3rdParty/SDL3/src/hidapi/netbsd/CMakeLists.txt
A	Source/3rdParty/SDL3/src/hidapi/netbsd/README.md
A	Source/3rdParty/SDL3/src/hidapi/netbsd/hid.c
A	Source/3rdParty/SDL3/src/hidapi/pc/hidapi-hidraw.pc.in
A	Source/3rdParty/SDL3/src/hidapi/pc/hidapi-libusb.pc.in
A	Source/3rdParty/SDL3/src/hidapi/pc/hidapi-netbsd.pc.in
A	Source/3rdParty/SDL3/src/hidapi/pc/hidapi.pc.in
A	Source/3rdParty/SDL3/src/hidapi/src/CMakeLists.txt
A	Source/3rdParty/SDL3/src/hidapi/src/cmake/hidapi-config.cmake.in
A	Source/3rdParty/SDL3/src/hidapi/subprojects/README.md
A	Source/3rdParty/SDL3/src/hidapi/subprojects/hidapi_build_cmake/CMakeLists.txt
A	Source/3rdParty/SDL3/src/hidapi/testgui/Makefile-manual
A	Source/3rdParty/SDL3/src/hidapi/testgui/Makefile.am
A	Source/3rdParty/SDL3/src/hidapi/testgui/Makefile.freebsd
A	Source/3rdParty/SDL3/src/hidapi/testgui/Makefile.linux
A	Source/3rdParty/SDL3/src/hidapi/testgui/Makefile.mac
A	Source/3rdParty/SDL3/src/hidapi/testgui/Makefile.mingw
A	Source/3rdParty/SDL3/src/hidapi/testgui/TestGUI.app.in/Contents/Info.plist
A	Source/3rdParty/SDL3/src/hidapi/testgui/TestGUI.app.in/Contents/PkgInfo
A	Source/3rdParty/SDL3/src/hidapi/testgui/TestGUI.app.in/Contents/Resources/English.lproj/InfoPlist.strings
A	Source/3rdParty/SDL3/src/hidapi/testgui/TestGUI.app.in/Contents/Resources/Signal11.icns
A	Source/3rdParty/SDL3/src/hidapi/testgui/copy_to_bundle.sh
A	Source/3rdParty/SDL3/src/hidapi/testgui/mac_support.h
A	Source/3rdParty/SDL3/src/hidapi/testgui/mac_support_cocoa.m
A	Source/3rdParty/SDL3/src/hidapi/testgui/test.cpp
A	Source/3rdParty/SDL3/src/hidapi/testgui/testgui.sln
A	Source/3rdParty/SDL3/src/hidapi/testgui/testgui.vcproj
A	Source/3rdParty/SDL3/src/hidapi/udev/69-hid.rules
A	Source/3rdParty/SDL3/src/hidapi/windows/CMakeLists.txt
A	Source/3rdParty/SDL3/src/hidapi/windows/Makefile-manual
A	Source/3rdParty/SDL3/src/hidapi/windows/Makefile.am
A	Source/3rdParty/SDL3/src/hidapi/windows/Makefile.mingw
A	Source/3rdParty/SDL3/src/hidapi/windows/hid.c
A	Source/3rdParty/SDL3/src/hidapi/windows/hidapi.rc
A	Source/3rdParty/SDL3/src/hidapi/windows/hidapi.sln
A	Source/3rdParty/SDL3/src/hidapi/windows/hidapi.vcproj
A	Source/3rdParty/SDL3/src/hidapi/windows/hidapi.vcxproj
A	Source/3rdParty/SDL3/src/hidapi/windows/hidapi_cfgmgr32.h
A	Source/3rdParty/SDL3/src/hidapi/windows/hidapi_descriptor_reconstruct.c
A	Source/3rdParty/SDL3/src/hidapi/windows/hidapi_descriptor_reconstruct.h
A	Source/3rdParty/SDL3/src/hidapi/windows/hidapi_hidclass.h
A	Source/3rdParty/SDL3/src/hidapi/windows/hidapi_hidpi.h
A	Source/3rdParty/SDL3/src/hidapi/windows/hidapi_hidsdi.h
A	Source/3rdParty/SDL3/src/hidapi/windows/hidapi_winapi.h
A	Source/3rdParty/SDL3/src/hidapi/windows/hidtest.vcproj
A	Source/3rdParty/SDL3/src/hidapi/windows/hidtest.vcxproj
A	Source/3rdParty/SDL3/src/hidapi/windows/pp_data_dump/CMakeLists.txt
A	Source/3rdParty/SDL3/src/hidapi/windows/pp_data_dump/README.md
A	Source/3rdParty/SDL3/src/hidapi/windows/pp_data_dump/pp_data_dump.c
A	Source/3rdParty/SDL3/src/hidapi/windows/test/CMakeLists.txt
A	Source/3rdParty/SDL3/src/hidapi/windows/test/data/045E_02FF_0005_0001.pp_data
A	Source/3rdParty/SDL3/src/hidapi/windows/test/data/045E_02FF_0005_0001_expected.rpt_desc
A	Source/3rdParty/SDL3/src/hidapi/windows/test/data/045E_02FF_0005_0001_real.rpt_desc
A	Source/3rdParty/SDL3/src/hidapi/windows/test/data/046A_0011_0006_0001.pp_data
A	Source/3rdParty/SDL3/src/hidapi/windows/test/data/046A_0011_0006_0001_expected.rpt_desc
A	Source/3rdParty/SDL3/src/hidapi/windows/test/data/046A_0011_0006_0001_real.rpt_desc
A	Source/3rdParty/SDL3/src/hidapi/windows/test/data/046D_0A37_0001_000C.pp_data
A	Source/3rdParty/SDL3/src/hidapi/windows/test/data/046D_0A37_0001_000C_expected.rpt_desc
A	Source/3rdParty/SDL3/src/hidapi/windows/test/data/046D_0A37_0001_000C_real.rpt_desc
A	Source/3rdParty/SDL3/src/hidapi/windows/test/data/046D_B010_0001_000C.pp_data
A	Source/3rdParty/SDL3/src/hidapi/windows/test/data/046D_B010_0001_000C_expected.rpt_desc
A	Source/3rdParty/SDL3/src/hidapi/windows/test/data/046D_B010_0001_000C_real.rpt_desc
A	Source/3rdParty/SDL3/src/hidapi/windows/test/data/046D_B010_0001_FF00.pp_data
A	Source/3rdParty/SDL3/src/hidapi/windows/test/data/046D_B010_0001_FF00_expected.rpt_desc
A	Source/3rdParty/SDL3/src/hidapi/windows/test/data/046D_B010_0001_FF00_real.rpt_desc
A	Source/3rdParty/SDL3/src/hidapi/windows/test/data/046D_B010_0002_0001.pp_data
A	Source/3rdParty/SDL3/src/hidapi/windows/test/data/046D_B010_0002_0001_expected.rpt_desc
A	Source/3rdParty/SDL3/src/hidapi/windows/test/data/046D_B010_0002_0001_real.rpt_desc
A	Source/3rdParty/SDL3/src/hidapi/windows/test/data/046D_B010_0002_FF00.pp_data
A	Source/3rdParty/SDL3/src/hidapi/windows/test/data/046D_B010_0002_FF00_expected.rpt_desc
A	Source/3rdParty/SDL3/src/hidapi/windows/test/data/046D_B010_0002_FF00_real.rpt_desc
A	Source/3rdParty/SDL3/src/hidapi/windows/test/data/046D_B010_0006_0001.pp_data
A	Source/3rdParty/SDL3/src/hidapi/windows/test/data/046D_B010_0006_0001_expected.rpt_desc
A	Source/3rdParty/SDL3/src/hidapi/windows/test/data/046D_B010_0006_0001_real.rpt_desc
A	Source/3rdParty/SDL3/src/hidapi/windows/test/data/046D_C077_0002_0001.pp_data
A	Source/3rdParty/SDL3/src/hidapi/windows/test/data/046D_C077_0002_0001_expected.rpt_desc
A	Source/3rdParty/SDL3/src/hidapi/windows/test/data/046D_C077_0002_0001_real.rpt_desc
A	Source/3rdParty/SDL3/src/hidapi/windows/test/data/046D_C283_0004_0001.pp_data
A	Source/3rdParty/SDL3/src/hidapi/windows/test/data/046D_C283_0004_0001_expected.rpt_desc
A	Source/3rdParty/SDL3/src/hidapi/windows/test/data/046D_C283_0004_0001_real.rpt_desc
A	Source/3rdParty/SDL3/src/hidapi/windows/test/data/046D_C52F_0001_000C.pp_data
A	Source/3rdParty/SDL3/src/hidapi/windows/test/data/046D_C52F_0001_000C_expected.rpt_desc
A	Source/3rdParty/SDL3/src/hidapi/windows/test/data/046D_C52F_0001_000C_real.rpt_desc
A	Source/3rdParty/SDL3/src/hidapi/windows/test/data/046D_C52F_0001_FF00.pp_data
A	Source/3rdParty/SDL3/src/hidapi/windows/test/data/046D_C52F_0001_FF00_expected.rpt_desc
A	Source/3rdParty/SDL3/src/hidapi/windows/test/data/046D_C52F_0001_FF00_real.rpt_desc
A	Source/3rdParty/SDL3/src/hidapi/windows/test/data/046D_C52F_0002_0001.pp_data
A	Source/3rdParty/SDL3/src/hidapi/windows/test/data/046D_C52F_0002_0001_expected.rpt_desc
A	Source/3rdParty/SDL3/src/hidapi/windows/test/data/046D_C52F_0002_0001_real.rpt_desc
A	Source/3rdParty/SDL3/src/hidapi/windows/test/data/046D_C52F_0002_FF00.pp_data
A	Source/3rdParty/SDL3/src/hidapi/windows/test/data/046D_C52F_0002_FF00_expected.rpt_desc
A	Source/3rdParty/SDL3/src/hidapi/windows/test/data/046D_C52F_0002_FF00_real.rpt_desc
A	Source/3rdParty/SDL3/src/hidapi/windows/test/data/046D_C534_0001_000C.pp_data
A	Source/3rdParty/SDL3/src/hidapi/windows/test/data/046D_C534_0001_000C_expected.rpt_desc
A	Source/3rdParty/SDL3/src/hidapi/windows/test/data/046D_C534_0001_000C_real.rpt_desc
A	Source/3rdParty/SDL3/src/hidapi/windows/test/data/046D_C534_0001_FF00.pp_data
A	Source/3rdParty/SDL3/src/hidapi/windows/test/data/046D_C534_0001_FF00_expected.rpt_desc
A	Source/3rdParty/SDL3/src/hidapi/windows/test/data/046D_C534_0001_FF00_real.rpt_desc
A	Source/3rdParty/SDL3/src/hidapi/windows/test/data/046D_C534_0002_0001.pp_data
A	Source/3rdParty/SDL3/src/hidapi/windows/test/data/046D_C534_0002_0001_expected.rpt_desc
A	Source/3rdParty/SDL3/src/hidapi/windows/test/data/046D_C534_0002_0001_real.rpt_desc
A	Source/3rdParty/SDL3/src/hidapi/windows/test/data/046D_C534_0002_FF00.pp_data
A	Source/3rdParty/SDL3/src/hidapi/windows/test/data/046D_C534_0002_FF00_expected.rpt_desc
A	Source/3rdParty/SDL3/src/hidapi/windows/test/data/046D_C534_0002_FF00_real.rpt_desc
A	Source/3rdParty/SDL3/src/hidapi/windows/test/data/046D_C534_0006_0001.pp_data
A	Source/3rdParty/SDL3/src/hidapi/windows/test/data/046D_C534_0006_0001_expected.rpt_desc
A	Source/3rdParty/SDL3/src/hidapi/windows/test/data/046D_C534_0006_0001_real.rpt_desc
A	Source/3rdParty/SDL3/src/hidapi/windows/test/data/046D_C534_0080_0001.pp_data
A	Source/3rdParty/SDL3/src/hidapi/windows/test/data/046D_C534_0080_0001_expected.rpt_desc
A	Source/3rdParty/SDL3/src/hidapi/windows/test/data/046D_C534_0080_0001_real.rpt_desc
A	Source/3rdParty/SDL3/src/hidapi/windows/test/data/047F_C056_0001_000C.pp_data
A	Source/3rdParty/SDL3/src/hidapi/windows/test/data/047F_C056_0001_000C_expected.rpt_desc
A	Source/3rdParty/SDL3/src/hidapi/windows/test/data/047F_C056_0001_000C_real.rpt_desc
A	Source/3rdParty/SDL3/src/hidapi/windows/test/data/047F_C056_0003_FFA0.pp_data
A	Source/3rdParty/SDL3/src/hidapi/windows/test/data/047F_C056_0003_FFA0_expected.rpt_desc
A	Source/3rdParty/SDL3/src/hidapi/windows/test/data/047F_C056_0003_FFA0_real.rpt_desc
A	Source/3rdParty/SDL3/src/hidapi/windows/test/data/047F_C056_0005_000B.pp_data
A	Source/3rdParty/SDL3/src/hidapi/windows/test/data/047F_C056_0005_000B_expected.rpt_desc
A	Source/3rdParty/SDL3/src/hidapi/windows/test/data/047F_C056_0005_000B_real.rpt_desc
A	Source/3rdParty/SDL3/src/hidapi/windows/test/data/17CC_1130_0000_FF01.pp_data
A	Source/3rdParty/SDL3/src/hidapi/windows/test/data/17CC_1130_0000_FF01_expected.rpt_desc
A	Source/3rdParty/SDL3/src/hidapi/windows/test/data/17CC_1130_0000_FF01_real.rpt_desc
A	Source/3rdParty/SDL3/src/hidapi/windows/test/hid_report_reconstructor_test.c
A	Source/3rdParty/SDL3/src/io/SDL_asyncio.c
A	Source/3rdParty/SDL3/src/io/SDL_asyncio_c.h
A	Source/3rdParty/SDL3/src/io/SDL_iostream.c
A	Source/3rdParty/SDL3/src/io/SDL_iostream_c.h
A	Source/3rdParty/SDL3/src/io/SDL_sysasyncio.h
A	Source/3rdParty/SDL3/src/io/generic/SDL_asyncio_generic.c
A	Source/3rdParty/SDL3/src/io/io_uring/SDL_asyncio_liburing.c
A	Source/3rdParty/SDL3/src/io/n3ds/SDL_iostreamromfs.c
A	Source/3rdParty/SDL3/src/io/n3ds/SDL_iostreamromfs.h
A	Source/3rdParty/SDL3/src/io/windows/SDL_asyncio_windows_ioring.c
A	Source/3rdParty/SDL3/src/joystick/SDL_gamepad.c
A	Source/3rdParty/SDL3/src/joystick/SDL_gamepad_c.h
A	Source/3rdParty/SDL3/src/joystick/SDL_gamepad_db.h
A	Source/3rdParty/SDL3/src/joystick/SDL_joystick.c
A	Source/3rdParty/SDL3/src/joystick/SDL_joystick_c.h
A	Source/3rdParty/SDL3/src/joystick/SDL_steam_virtual_gamepad.c
A	Source/3rdParty/SDL3/src/joystick/SDL_steam_virtual_gamepad.h
A	Source/3rdParty/SDL3/src/joystick/SDL_sysjoystick.h
A	Source/3rdParty/SDL3/src/joystick/android/SDL_sysjoystick.c
A	Source/3rdParty/SDL3/src/joystick/android/SDL_sysjoystick_c.h
A	Source/3rdParty/SDL3/src/joystick/apple/SDL_mfijoystick.m
A	Source/3rdParty/SDL3/src/joystick/apple/SDL_mfijoystick_c.h
A	Source/3rdParty/SDL3/src/joystick/bsd/SDL_bsdjoystick.c
A	Source/3rdParty/SDL3/src/joystick/check_8bitdo.sh
A	Source/3rdParty/SDL3/src/joystick/controller_list.h
A	Source/3rdParty/SDL3/src/joystick/controller_type.c
A	Source/3rdParty/SDL3/src/joystick/controller_type.h
A	Source/3rdParty/SDL3/src/joystick/darwin/SDL_iokitjoystick.c
A	Source/3rdParty/SDL3/src/joystick/darwin/SDL_iokitjoystick_c.h
A	Source/3rdParty/SDL3/src/joystick/dummy/SDL_sysjoystick.c
A	Source/3rdParty/SDL3/src/joystick/emscripten/SDL_sysjoystick.c
A	Source/3rdParty/SDL3/src/joystick/emscripten/SDL_sysjoystick_c.h
A	Source/3rdParty/SDL3/src/joystick/gdk/SDL_gameinputjoystick.cpp
A	Source/3rdParty/SDL3/src/joystick/haiku/SDL_haikujoystick.cc
A	Source/3rdParty/SDL3/src/joystick/hidapi/SDL_hidapi_8bitdo.c
A	Source/3rdParty/SDL3/src/joystick/hidapi/SDL_hidapi_combined.c
A	Source/3rdParty/SDL3/src/joystick/hidapi/SDL_hidapi_flydigi.c
A	Source/3rdParty/SDL3/src/joystick/hidapi/SDL_hidapi_flydigi.h
A	Source/3rdParty/SDL3/src/joystick/hidapi/SDL_hidapi_gamecube.c
A	Source/3rdParty/SDL3/src/joystick/hidapi/SDL_hidapi_gip.c
A	Source/3rdParty/SDL3/src/joystick/hidapi/SDL_hidapi_lg4ff.c
A	Source/3rdParty/SDL3/src/joystick/hidapi/SDL_hidapi_luna.c
A	Source/3rdParty/SDL3/src/joystick/hidapi/SDL_hidapi_nintendo.h
A	Source/3rdParty/SDL3/src/joystick/hidapi/SDL_hidapi_ps3.c
A	Source/3rdParty/SDL3/src/joystick/hidapi/SDL_hidapi_ps4.c
A	Source/3rdParty/SDL3/src/joystick/hidapi/SDL_hidapi_ps5.c
A	Source/3rdParty/SDL3/src/joystick/hidapi/SDL_hidapi_rumble.c
A	Source/3rdParty/SDL3/src/joystick/hidapi/SDL_hidapi_rumble.h
A	Source/3rdParty/SDL3/src/joystick/hidapi/SDL_hidapi_shield.c
A	Source/3rdParty/SDL3/src/joystick/hidapi/SDL_hidapi_sinput.c
A	Source/3rdParty/SDL3/src/joystick/hidapi/SDL_hidapi_sinput.h
A	Source/3rdParty/SDL3/src/joystick/hidapi/SDL_hidapi_stadia.c
A	Source/3rdParty/SDL3/src/joystick/hidapi/SDL_hidapi_steam.c
A	Source/3rdParty/SDL3/src/joystick/hidapi/SDL_hidapi_steam_hori.c
A	Source/3rdParty/SDL3/src/joystick/hidapi/SDL_hidapi_steam_triton.c
A	Source/3rdParty/SDL3/src/joystick/hidapi/SDL_hidapi_steamdeck.c
A	Source/3rdParty/SDL3/src/joystick/hidapi/SDL_hidapi_switch.c
A	Source/3rdParty/SDL3/src/joystick/hidapi/SDL_hidapi_switch2.c
A	Source/3rdParty/SDL3/src/joystick/hidapi/SDL_hidapi_wii.c
A	Source/3rdParty/SDL3/src/joystick/hidapi/SDL_hidapi_xbox360.c
A	Source/3rdParty/SDL3/src/joystick/hidapi/SDL_hidapi_xbox360w.c
A	Source/3rdParty/SDL3/src/joystick/hidapi/SDL_hidapi_xboxone.c
A	Source/3rdParty/SDL3/src/joystick/hidapi/SDL_hidapi_zuiki.c
A	Source/3rdParty/SDL3/src/joystick/hidapi/SDL_hidapijoystick.c
A	Source/3rdParty/SDL3/src/joystick/hidapi/SDL_hidapijoystick_c.h
A	Source/3rdParty/SDL3/src/joystick/hidapi/SDL_report_descriptor.c
A	Source/3rdParty/SDL3/src/joystick/hidapi/SDL_report_descriptor.h
A	Source/3rdParty/SDL3/src/joystick/hidapi/steam/controller_constants.h
A	Source/3rdParty/SDL3/src/joystick/hidapi/steam/controller_structs.h
A	Source/3rdParty/SDL3/src/joystick/linux/SDL_sysjoystick.c
A	Source/3rdParty/SDL3/src/joystick/linux/SDL_sysjoystick_c.h
A	Source/3rdParty/SDL3/src/joystick/n3ds/SDL_sysjoystick.c
A	Source/3rdParty/SDL3/src/joystick/ps2/SDL_sysjoystick.c
A	Source/3rdParty/SDL3/src/joystick/psp/SDL_sysjoystick.c
A	Source/3rdParty/SDL3/src/joystick/sort_controllers.py
A	Source/3rdParty/SDL3/src/joystick/usb_ids.h
A	Source/3rdParty/SDL3/src/joystick/virtual/SDL_virtualjoystick.c
A	Source/3rdParty/SDL3/src/joystick/virtual/SDL_virtualjoystick_c.h
A	Source/3rdParty/SDL3/src/joystick/vita/SDL_sysjoystick.c
A	Source/3rdParty/SDL3/src/joystick/windows/SDL_dinputjoystick.c
A	Source/3rdParty/SDL3/src/joystick/windows/SDL_dinputjoystick_c.h
A	Source/3rdParty/SDL3/src/joystick/windows/SDL_rawinputjoystick.c
A	Source/3rdParty/SDL3/src/joystick/windows/SDL_rawinputjoystick_c.h
A	Source/3rdParty/SDL3/src/joystick/windows/SDL_windows_gaming_input.c
A	Source/3rdParty/SDL3/src/joystick/windows/SDL_windowsjoystick.c
A	Source/3rdParty/SDL3/src/joystick/windows/SDL_windowsjoystick_c.h
A	Source/3rdParty/SDL3/src/joystick/windows/SDL_xinputjoystick.c
A	Source/3rdParty/SDL3/src/joystick/windows/SDL_xinputjoystick_c.h
A	Source/3rdParty/SDL3/src/libm/e_atan2.c
A	Source/3rdParty/SDL3/src/libm/e_exp.c
A	Source/3rdParty/SDL3/src/libm/e_fmod.c
A	Source/3rdParty/SDL3/src/libm/e_log.c
A	Source/3rdParty/SDL3/src/libm/e_log10.c
A	Source/3rdParty/SDL3/src/libm/e_pow.c
A	Source/3rdParty/SDL3/src/libm/e_rem_pio2.c
A	Source/3rdParty/SDL3/src/libm/e_sqrt.c
A	Source/3rdParty/SDL3/src/libm/k_cos.c
A	Source/3rdParty/SDL3/src/libm/k_rem_pio2.c
A	Source/3rdParty/SDL3/src/libm/k_sin.c
A	Source/3rdParty/SDL3/src/libm/k_tan.c
A	Source/3rdParty/SDL3/src/libm/math_libm.h
A	Source/3rdParty/SDL3/src/libm/math_private.h
A	Source/3rdParty/SDL3/src/libm/s_atan.c
A	Source/3rdParty/SDL3/src/libm/s_copysign.c
A	Source/3rdParty/SDL3/src/libm/s_cos.c
A	Source/3rdParty/SDL3/src/libm/s_fabs.c
A	Source/3rdParty/SDL3/src/libm/s_floor.c
A	Source/3rdParty/SDL3/src/libm/s_isinf.c
A	Source/3rdParty/SDL3/src/libm/s_isinff.c
A	Source/3rdParty/SDL3/src/libm/s_isnan.c
A	Source/3rdParty/SDL3/src/libm/s_isnanf.c
A	Source/3rdParty/SDL3/src/libm/s_modf.c
A	Source/3rdParty/SDL3/src/libm/s_scalbn.c
A	Source/3rdParty/SDL3/src/libm/s_sin.c
A	Source/3rdParty/SDL3/src/libm/s_tan.c
A	Source/3rdParty/SDL3/src/loadso/dlopen/SDL_sysloadso.c
A	Source/3rdParty/SDL3/src/loadso/dummy/SDL_sysloadso.c
A	Source/3rdParty/SDL3/src/loadso/windows/SDL_sysloadso.c
A	Source/3rdParty/SDL3/src/locale/SDL_locale.c
A	Source/3rdParty/SDL3/src/locale/SDL_syslocale.h
A	Source/3rdParty/SDL3/src/locale/android/SDL_syslocale.c
A	Source/3rdParty/SDL3/src/locale/dummy/SDL_syslocale.c
A	Source/3rdParty/SDL3/src/locale/emscripten/SDL_syslocale.c
A	Source/3rdParty/SDL3/src/locale/haiku/SDL_syslocale.cc
A	Source/3rdParty/SDL3/src/locale/macos/SDL_syslocale.m
A	Source/3rdParty/SDL3/src/locale/n3ds/SDL_syslocale.c
A	Source/3rdParty/SDL3/src/locale/ngage/SDL_syslocale.cpp
A	Source/3rdParty/SDL3/src/locale/psp/SDL_syslocale.c
A	Source/3rdParty/SDL3/src/locale/unix/SDL_syslocale.c
A	Source/3rdParty/SDL3/src/locale/vita/SDL_syslocale.c
A	Source/3rdParty/SDL3/src/locale/windows/SDL_syslocale.c
A	Source/3rdParty/SDL3/src/main/SDL_main_callbacks.c
A	Source/3rdParty/SDL3/src/main/SDL_main_callbacks.h
A	Source/3rdParty/SDL3/src/main/SDL_runapp.c
A	Source/3rdParty/SDL3/src/main/emscripten/SDL_sysmain_callbacks.c
A	Source/3rdParty/SDL3/src/main/emscripten/SDL_sysmain_runapp.c
A	Source/3rdParty/SDL3/src/main/gdk/SDL_sysmain_runapp.cpp
A	Source/3rdParty/SDL3/src/main/generic/SDL_sysmain_callbacks.c
A	Source/3rdParty/SDL3/src/main/ios/SDL_sysmain_callbacks.m
A	Source/3rdParty/SDL3/src/main/n3ds/SDL_sysmain_runapp.c
A	Source/3rdParty/SDL3/src/main/ngage/SDL_sysmain_callbacks.c
A	Source/3rdParty/SDL3/src/main/ngage/SDL_sysmain_main.cpp
A	Source/3rdParty/SDL3/src/main/ngage/SDL_sysmain_main.hpp
A	Source/3rdParty/SDL3/src/main/ps2/SDL_sysmain_runapp.c
A	Source/3rdParty/SDL3/src/main/psp/SDL_sysmain_runapp.c
A	Source/3rdParty/SDL3/src/main/windows/SDL_sysmain_runapp.c
A	Source/3rdParty/SDL3/src/misc/SDL_libusb.c
A	Source/3rdParty/SDL3/src/misc/SDL_libusb.h
A	Source/3rdParty/SDL3/src/misc/SDL_sysurl.h
A	Source/3rdParty/SDL3/src/misc/SDL_url.c
A	Source/3rdParty/SDL3/src/misc/android/SDL_sysurl.c
A	Source/3rdParty/SDL3/src/misc/dummy/SDL_sysurl.c
A	Source/3rdParty/SDL3/src/misc/emscripten/SDL_sysurl.c
A	Source/3rdParty/SDL3/src/misc/haiku/SDL_sysurl.cc
A	Source/3rdParty/SDL3/src/misc/ios/SDL_sysurl.m
A	Source/3rdParty/SDL3/src/misc/macos/SDL_sysurl.m
A	Source/3rdParty/SDL3/src/misc/riscos/SDL_sysurl.c
A	Source/3rdParty/SDL3/src/misc/unix/SDL_sysurl.c
A	Source/3rdParty/SDL3/src/misc/vita/SDL_sysurl.c
A	Source/3rdParty/SDL3/src/misc/windows/SDL_sysurl.c
A	Source/3rdParty/SDL3/src/power/SDL_power.c
A	Source/3rdParty/SDL3/src/power/SDL_syspower.h
A	Source/3rdParty/SDL3/src/power/android/SDL_syspower.c
A	Source/3rdParty/SDL3/src/power/emscripten/SDL_syspower.c
A	Source/3rdParty/SDL3/src/power/haiku/SDL_syspower.c
A	Source/3rdParty/SDL3/src/power/linux/SDL_syspower.c
A	Source/3rdParty/SDL3/src/power/macos/SDL_syspower.c
A	Source/3rdParty/SDL3/src/power/n3ds/SDL_syspower.c
A	Source/3rdParty/SDL3/src/power/psp/SDL_syspower.c
A	Source/3rdParty/SDL3/src/power/uikit/SDL_syspower.h
A	Source/3rdParty/SDL3/src/power/uikit/SDL_syspower.m
A	Source/3rdParty/SDL3/src/power/vita/SDL_syspower.c
A	Source/3rdParty/SDL3/src/power/windows/SDL_syspower.c
A	Source/3rdParty/SDL3/src/process/SDL_process.c
A	Source/3rdParty/SDL3/src/process/SDL_sysprocess.h
A	Source/3rdParty/SDL3/src/process/dummy/SDL_dummyprocess.c
A	Source/3rdParty/SDL3/src/process/posix/SDL_posixprocess.c
A	Source/3rdParty/SDL3/src/process/windows/SDL_windowsprocess.c
A	Source/3rdParty/SDL3/src/render/SDL_d3dmath.h
A	Source/3rdParty/SDL3/src/render/SDL_render.c
A	Source/3rdParty/SDL3/src/render/SDL_render_debug_font.h
A	Source/3rdParty/SDL3/src/render/SDL_render_unsupported.c
A	Source/3rdParty/SDL3/src/render/SDL_sysrender.h
A	Source/3rdParty/SDL3/src/render/SDL_yuv_sw.c
A	Source/3rdParty/SDL3/src/render/SDL_yuv_sw_c.h
A	Source/3rdParty/SDL3/src/render/direct3d/D3D9_PixelShader_Palette.h
A	Source/3rdParty/SDL3/src/render/direct3d/D3D9_PixelShader_Palette.hlsli
A	Source/3rdParty/SDL3/src/render/direct3d/D3D9_PixelShader_Palette_Linear.h
A	Source/3rdParty/SDL3/src/render/direct3d/D3D9_PixelShader_Palette_Linear.hlsl
A	Source/3rdParty/SDL3/src/render/direct3d/D3D9_PixelShader_Palette_Nearest.h
A	Source/3rdParty/SDL3/src/render/direct3d/D3D9_PixelShader_Palette_Nearest.hlsl
A	Source/3rdParty/SDL3/src/render/direct3d/D3D9_PixelShader_YUV.h
A	Source/3rdParty/SDL3/src/render/direct3d/D3D9_PixelShader_YUV.hlsl
A	Source/3rdParty/SDL3/src/render/direct3d/SDL_render_d3d.c
A	Source/3rdParty/SDL3/src/render/direct3d/SDL_shaders_d3d.c
A	Source/3rdParty/SDL3/src/render/direct3d/SDL_shaders_d3d.h
A	Source/3rdParty/SDL3/src/render/direct3d/compile_shaders.bat
A	Source/3rdParty/SDL3/src/render/direct3d11/D3D11_PixelShader_Advanced.h
A	Source/3rdParty/SDL3/src/render/direct3d11/D3D11_PixelShader_Advanced.hlsl
A	Source/3rdParty/SDL3/src/render/direct3d11/D3D11_PixelShader_Colors.h
A	Source/3rdParty/SDL3/src/render/direct3d11/D3D11_PixelShader_Colors.hlsl
A	Source/3rdParty/SDL3/src/render/direct3d11/D3D11_PixelShader_Common.hlsli
A	Source/3rdParty/SDL3/src/render/direct3d11/D3D11_PixelShader_Textures.h
A	Source/3rdParty/SDL3/src/render/direct3d11/D3D11_PixelShader_Textures.hlsl
A	Source/3rdParty/SDL3/src/render/direct3d11/D3D11_VertexShader.h
A	Source/3rdParty/SDL3/src/render/direct3d11/D3D11_VertexShader.hlsl
A	Source/3rdParty/SDL3/src/render/direct3d11/SDL_render_d3d11.c
A	Source/3rdParty/SDL3/src/render/direct3d11/SDL_shaders_d3d11.c
A	Source/3rdParty/SDL3/src/render/direct3d11/SDL_shaders_d3d11.h
A	Source/3rdParty/SDL3/src/render/direct3d11/compile_shaders.bat
A	Source/3rdParty/SDL3/src/render/direct3d12/D3D12_PixelShader_Advanced.h
A	Source/3rdParty/SDL3/src/render/direct3d12/D3D12_PixelShader_Advanced.hlsl
A	Source/3rdParty/SDL3/src/render/direct3d12/D3D12_PixelShader_Colors.h
A	Source/3rdParty/SDL3/src/render/direct3d12/D3D12_PixelShader_Colors.hlsl
A	Source/3rdParty/SDL3/src/render/direct3d12/D3D12_PixelShader_Common.hlsli
A	Source/3rdParty/SDL3/src/render/direct3d12/D3D12_PixelShader_Textures.h
A	Source/3rdParty/SDL3/src/render/direct3d12/D3D12_PixelShader_Textures.hlsl
A	Source/3rdParty/SDL3/src/render/direct3d12/D3D12_RootSig_Advanced.h
A	Source/3rdParty/SDL3/src/render/direct3d12/D3D12_RootSig_Color.h
A	Source/3rdParty/SDL3/src/render/direct3d12/D3D12_RootSig_Texture.h
A	Source/3rdParty/SDL3/src/render/direct3d12/D3D12_Shader_Common.hlsli
A	Source/3rdParty/SDL3/src/render/direct3d12/D3D12_VertexShader.hlsl
A	Source/3rdParty/SDL3/src/render/direct3d12/D3D12_VertexShader_Advanced.h
A	Source/3rdParty/SDL3/src/render/direct3d12/D3D12_VertexShader_Color.h
A	Source/3rdParty/SDL3/src/render/direct3d12/D3D12_VertexShader_Texture.h
A	Source/3rdParty/SDL3/src/render/direct3d12/SDL_render_d3d12.c
A	Source/3rdParty/SDL3/src/render/direct3d12/SDL_render_d3d12_xbox.cpp
A	Source/3rdParty/SDL3/src/render/direct3d12/SDL_render_d3d12_xbox.h
A	Source/3rdParty/SDL3/src/render/direct3d12/SDL_shaders_d3d12.c
A	Source/3rdParty/SDL3/src/render/direct3d12/SDL_shaders_d3d12.h
A	Source/3rdParty/SDL3/src/render/direct3d12/SDL_shaders_d3d12_xboxone.cpp
A	Source/3rdParty/SDL3/src/render/direct3d12/SDL_shaders_d3d12_xboxseries.cpp
A	Source/3rdParty/SDL3/src/render/direct3d12/compile_shaders.bat
A	Source/3rdParty/SDL3/src/render/direct3d12/compile_shaders_xbox.bat
A	Source/3rdParty/SDL3/src/render/gpu/SDL_gpu_util.h
A	Source/3rdParty/SDL3/src/render/gpu/SDL_pipeline_gpu.c
A	Source/3rdParty/SDL3/src/render/gpu/SDL_pipeline_gpu.h
A	Source/3rdParty/SDL3/src/render/gpu/SDL_render_gpu.c
A	Source/3rdParty/SDL3/src/render/gpu/SDL_shaders_gpu.c
A	Source/3rdParty/SDL3/src/render/gpu/SDL_shaders_gpu.h
A	Source/3rdParty/SDL3/src/render/gpu/shaders/.gitattributes
A	Source/3rdParty/SDL3/src/render/gpu/shaders/.gitignore
A	Source/3rdParty/SDL3/src/render/gpu/shaders/build-shaders.sh
A	Source/3rdParty/SDL3/src/render/gpu/shaders/color.frag.dxil.h
A	Source/3rdParty/SDL3/src/render/gpu/shaders/color.frag.msl.h
A	Source/3rdParty/SDL3/src/render/gpu/shaders/color.frag.spv.h
A	Source/3rdParty/SDL3/src/render/gpu/shaders/common.frag.hlsli
A	Source/3rdParty/SDL3/src/render/gpu/shaders/dxil.h
A	Source/3rdParty/SDL3/src/render/gpu/shaders/linepoint.vert.dxil.h
A	Source/3rdParty/SDL3/src/render/gpu/shaders/linepoint.vert.msl.h
A	Source/3rdParty/SDL3/src/render/gpu/shaders/linepoint.vert.spv.h
A	Source/3rdParty/SDL3/src/render/gpu/shaders/msl.h
A	Source/3rdParty/SDL3/src/render/gpu/shaders/spir-v.h
A	Source/3rdParty/SDL3/src/render/gpu/shaders/texture_advanced.frag.dxil.h
A	Source/3rdParty/SDL3/src/render/gpu/shaders/texture_advanced.frag.msl.h
A	Source/3rdParty/SDL3/src/render/gpu/shaders/texture_advanced.frag.spv.h
A	Source/3rdParty/SDL3/src/render/gpu/shaders/texture_rgb.frag.dxil.h
A	Source/3rdParty/SDL3/src/render/gpu/shaders/texture_rgb.frag.msl.h
A	Source/3rdParty/SDL3/src/render/gpu/shaders/texture_rgb.frag.spv.h
A	Source/3rdParty/SDL3/src/render/gpu/shaders/texture_rgba.frag.dxil.h
A	Source/3rdParty/SDL3/src/render/gpu/shaders/texture_rgba.frag.msl.h
A	Source/3rdParty/SDL3/src/render/gpu/shaders/texture_rgba.frag.spv.h
A	Source/3rdParty/SDL3/src/render/gpu/shaders/tri_color.vert.dxil.h
A	Source/3rdParty/SDL3/src/render/gpu/shaders/tri_color.vert.msl.h
A	Source/3rdParty/SDL3/src/render/gpu/shaders/tri_color.vert.spv.h
A	Source/3rdParty/SDL3/src/render/gpu/shaders/tri_texture.vert.dxil.h
A	Source/3rdParty/SDL3/src/render/gpu/shaders/tri_texture.vert.msl.h
A	Source/3rdParty/SDL3/src/render/gpu/shaders/tri_texture.vert.spv.h
A	Source/3rdParty/SDL3/src/render/metal/SDL_render_metal.m
A	Source/3rdParty/SDL3/src/render/metal/SDL_shaders_metal.metal
A	Source/3rdParty/SDL3/src/render/metal/SDL_shaders_metal_ios.h
A	Source/3rdParty/SDL3/src/render/metal/SDL_shaders_metal_iphonesimulator.h
A	Source/3rdParty/SDL3/src/render/metal/SDL_shaders_metal_macos.h
A	Source/3rdParty/SDL3/src/render/metal/SDL_shaders_metal_tvos.h
A	Source/3rdParty/SDL3/src/render/metal/SDL_shaders_metal_tvsimulator.h
A	Source/3rdParty/SDL3/src/render/metal/build-metal-shaders.sh
A	Source/3rdParty/SDL3/src/render/ngage/SDL_render_ngage.c
A	Source/3rdParty/SDL3/src/render/ngage/SDL_render_ngage.cpp
A	Source/3rdParty/SDL3/src/render/ngage/SDL_render_ngage_c.h
A	Source/3rdParty/SDL3/src/render/ngage/SDL_render_ngage_c.hpp
A	Source/3rdParty/SDL3/src/render/ngage/SDL_render_ops.cpp
A	Source/3rdParty/SDL3/src/render/ngage/SDL_render_ops.hpp
A	Source/3rdParty/SDL3/src/render/opengl/SDL_glfuncs.h
A	Source/3rdParty/SDL3/src/render/opengl/SDL_render_gl.c
A	Source/3rdParty/SDL3/src/render/opengl/SDL_shaders_gl.c
A	Source/3rdParty/SDL3/src/render/opengl/SDL_shaders_gl.h
A	Source/3rdParty/SDL3/src/render/opengles2/SDL_gles2funcs.h
A	Source/3rdParty/SDL3/src/render/opengles2/SDL_render_gles2.c
A	Source/3rdParty/SDL3/src/render/opengles2/SDL_shaders_gles2.c
A	Source/3rdParty/SDL3/src/render/opengles2/SDL_shaders_gles2.h
A	Source/3rdParty/SDL3/src/render/ps2/SDL_render_ps2.c
A	Source/3rdParty/SDL3/src/render/psp/SDL_render_psp.c
A	Source/3rdParty/SDL3/src/render/psp/SDL_render_psp_c.h
A	Source/3rdParty/SDL3/src/render/software/SDL_blendfillrect.c
A	Source/3rdParty/SDL3/src/render/software/SDL_blendfillrect.h
A	Source/3rdParty/SDL3/src/render/software/SDL_blendline.c
A	Source/3rdParty/SDL3/src/render/software/SDL_blendline.h
A	Source/3rdParty/SDL3/src/render/software/SDL_blendpoint.c
A	Source/3rdParty/SDL3/src/render/software/SDL_blendpoint.h
A	Source/3rdParty/SDL3/src/render/software/SDL_draw.h
A	Source/3rdParty/SDL3/src/render/software/SDL_drawline.c
A	Source/3rdParty/SDL3/src/render/software/SDL_drawline.h
A	Source/3rdParty/SDL3/src/render/software/SDL_drawpoint.c
A	Source/3rdParty/SDL3/src/render/software/SDL_drawpoint.h
A	Source/3rdParty/SDL3/src/render/software/SDL_render_sw.c
A	Source/3rdParty/SDL3/src/render/software/SDL_render_sw_c.h
A	Source/3rdParty/SDL3/src/render/software/SDL_triangle.c
A	Source/3rdParty/SDL3/src/render/software/SDL_triangle.h
A	Source/3rdParty/SDL3/src/render/vitagxm/SDL_render_vita_gxm.c
A	Source/3rdParty/SDL3/src/render/vitagxm/SDL_render_vita_gxm_memory.c
A	Source/3rdParty/SDL3/src/render/vitagxm/SDL_render_vita_gxm_memory.h
A	Source/3rdParty/SDL3/src/render/vitagxm/SDL_render_vita_gxm_shaders.h
A	Source/3rdParty/SDL3/src/render/vitagxm/SDL_render_vita_gxm_tools.c
A	Source/3rdParty/SDL3/src/render/vitagxm/SDL_render_vita_gxm_tools.h
A	Source/3rdParty/SDL3/src/render/vitagxm/SDL_render_vita_gxm_types.h
A	Source/3rdParty/SDL3/src/render/vitagxm/shader_src/clear_f.cg
A	Source/3rdParty/SDL3/src/render/vitagxm/shader_src/clear_v.cg
A	Source/3rdParty/SDL3/src/render/vitagxm/shader_src/color_f.cg
A	Source/3rdParty/SDL3/src/render/vitagxm/shader_src/color_v.cg
A	Source/3rdParty/SDL3/src/render/vitagxm/shader_src/texture_f.cg
A	Source/3rdParty/SDL3/src/render/vitagxm/shader_src/texture_v.cg
A	Source/3rdParty/SDL3/src/render/vulkan/SDL_render_vulkan.c
A	Source/3rdParty/SDL3/src/render/vulkan/SDL_shaders_vulkan.c
A	Source/3rdParty/SDL3/src/render/vulkan/SDL_shaders_vulkan.h
A	Source/3rdParty/SDL3/src/render/vulkan/VULKAN_PixelShader_Advanced.h
A	Source/3rdParty/SDL3/src/render/vulkan/VULKAN_PixelShader_Advanced.hlsl
A	Source/3rdParty/SDL3/src/render/vulkan/VULKAN_PixelShader_Advanced_YUV.h
A	Source/3rdParty/SDL3/src/render/vulkan/VULKAN_PixelShader_Colors.h
A	Source/3rdParty/SDL3/src/render/vulkan/VULKAN_PixelShader_Colors.hlsl
A	Source/3rdParty/SDL3/src/render/vulkan/VULKAN_PixelShader_Common.hlsli
A	Source/3rdParty/SDL3/src/render/vulkan/VULKAN_PixelShader_Textures.h
A	Source/3rdParty/SDL3/src/render/vulkan/VULKAN_PixelShader_Textures.hlsl
A	Source/3rdParty/SDL3/src/render/vulkan/VULKAN_PixelShader_Textures_YUV.h
A	Source/3rdParty/SDL3/src/render/vulkan/VULKAN_VertexShader.h
A	Source/3rdParty/SDL3/src/render/vulkan/VULKAN_VertexShader.hlsl
A	Source/3rdParty/SDL3/src/render/vulkan/compile_shaders.bat
A	Source/3rdParty/SDL3/src/sensor/SDL_sensor.c
A	Source/3rdParty/SDL3/src/sensor/SDL_sensor_c.h
A	Source/3rdParty/SDL3/src/sensor/SDL_syssensor.h
A	Source/3rdParty/SDL3/src/sensor/android/SDL_androidsensor.c
A	Source/3rdParty/SDL3/src/sensor/android/SDL_androidsensor.h
A	Source/3rdParty/SDL3/src/sensor/coremotion/SDL_coremotionsensor.h
A	Source/3rdParty/SDL3/src/sensor/coremotion/SDL_coremotionsensor.m
A	Source/3rdParty/SDL3/src/sensor/dummy/SDL_dummysensor.c
A	Source/3rdParty/SDL3/src/sensor/dummy/SDL_dummysensor.h
A	Source/3rdParty/SDL3/src/sensor/emscripten/SDL_emscriptensensor.c
A	Source/3rdParty/SDL3/src/sensor/emscripten/SDL_emscriptensensor.h
A	Source/3rdParty/SDL3/src/sensor/n3ds/SDL_n3dssensor.c
A	Source/3rdParty/SDL3/src/sensor/vita/SDL_vitasensor.c
A	Source/3rdParty/SDL3/src/sensor/vita/SDL_vitasensor.h
A	Source/3rdParty/SDL3/src/sensor/windows/SDL_windowssensor.c
A	Source/3rdParty/SDL3/src/sensor/windows/SDL_windowssensor.h
A	Source/3rdParty/SDL3/src/stdlib/SDL_casefolding.h
A	Source/3rdParty/SDL3/src/stdlib/SDL_crc16.c
A	Source/3rdParty/SDL3/src/stdlib/SDL_crc32.c
A	Source/3rdParty/SDL3/src/stdlib/SDL_getenv.c
A	Source/3rdParty/SDL3/src/stdlib/SDL_getenv_c.h
A	Source/3rdParty/SDL3/src/stdlib/SDL_iconv.c
A	Source/3rdParty/SDL3/src/stdlib/SDL_malloc.c
A	Source/3rdParty/SDL3/src/stdlib/SDL_memcpy.c
A	Source/3rdParty/SDL3/src/stdlib/SDL_memmove.c
A	Source/3rdParty/SDL3/src/stdlib/SDL_memset.c
A	Source/3rdParty/SDL3/src/stdlib/SDL_mslibc.c
A	Source/3rdParty/SDL3/src/stdlib/SDL_mslibc_arm64.masm
A	Source/3rdParty/SDL3/src/stdlib/SDL_mslibc_x64.masm
A	Source/3rdParty/SDL3/src/stdlib/SDL_murmur3.c
A	Source/3rdParty/SDL3/src/stdlib/SDL_qsort.c
A	Source/3rdParty/SDL3/src/stdlib/SDL_random.c
A	Source/3rdParty/SDL3/src/stdlib/SDL_stdlib.c
A	Source/3rdParty/SDL3/src/stdlib/SDL_string.c
A	Source/3rdParty/SDL3/src/stdlib/SDL_strtokr.c
A	Source/3rdParty/SDL3/src/stdlib/SDL_sysstdlib.h
A	Source/3rdParty/SDL3/src/stdlib/SDL_vacopy.h
A	Source/3rdParty/SDL3/src/storage/SDL_storage.c
A	Source/3rdParty/SDL3/src/storage/SDL_sysstorage.h
A	Source/3rdParty/SDL3/src/storage/generic/SDL_genericstorage.c
A	Source/3rdParty/SDL3/src/storage/steam/SDL_steamstorage.c
A	Source/3rdParty/SDL3/src/storage/steam/SDL_steamstorage_proc.h
A	Source/3rdParty/SDL3/src/test/SDL_test_assert.c
A	Source/3rdParty/SDL3/src/test/SDL_test_common.c
A	Source/3rdParty/SDL3/src/test/SDL_test_compare.c
A	Source/3rdParty/SDL3/src/test/SDL_test_crc32.c
A	Source/3rdParty/SDL3/src/test/SDL_test_font.c
A	Source/3rdParty/SDL3/src/test/SDL_test_fuzzer.c
A	Source/3rdParty/SDL3/src/test/SDL_test_harness.c
A	Source/3rdParty/SDL3/src/test/SDL_test_internal.h
A	Source/3rdParty/SDL3/src/test/SDL_test_log.c
A	Source/3rdParty/SDL3/src/test/SDL_test_md5.c
A	Source/3rdParty/SDL3/src/test/SDL_test_memory.c
A	Source/3rdParty/SDL3/src/thread/SDL_systhread.h
A	Source/3rdParty/SDL3/src/thread/SDL_thread.c
A	Source/3rdParty/SDL3/src/thread/SDL_thread_c.h
A	Source/3rdParty/SDL3/src/thread/generic/SDL_syscond.c
A	Source/3rdParty/SDL3/src/thread/generic/SDL_syscond_c.h
A	Source/3rdParty/SDL3/src/thread/generic/SDL_sysmutex.c
A	Source/3rdParty/SDL3/src/thread/generic/SDL_sysmutex_c.h
A	Source/3rdParty/SDL3/src/thread/generic/SDL_sysrwlock.c
A	Source/3rdParty/SDL3/src/thread/generic/SDL_sysrwlock_c.h
A	Source/3rdParty/SDL3/src/thread/generic/SDL_syssem.c
A	Source/3rdParty/SDL3/src/thread/generic/SDL_systhread.c
A	Source/3rdParty/SDL3/src/thread/generic/SDL_systhread_c.h
A	Source/3rdParty/SDL3/src/thread/generic/SDL_systls.c
A	Source/3rdParty/SDL3/src/thread/n3ds/SDL_sysmutex.c
A	Source/3rdParty/SDL3/src/thread/n3ds/SDL_sysmutex_c.h
A	Source/3rdParty/SDL3/src/thread/n3ds/SDL_syssem.c
A	Source/3rdParty/SDL3/src/thread/n3ds/SDL_systhread.c
A	Source/3rdParty/SDL3/src/thread/n3ds/SDL_systhread_c.h
A	Source/3rdParty/SDL3/src/thread/ps2/SDL_syssem.c
A	Source/3rdParty/SDL3/src/thread/ps2/SDL_systhread.c
A	Source/3rdParty/SDL3/src/thread/ps2/SDL_systhread_c.h
A	Source/3rdParty/SDL3/src/thread/psp/SDL_sysmutex.c
A	Source/3rdParty/SDL3/src/thread/psp/SDL_sysmutex_c.h
A	Source/3rdParty/SDL3/src/thread/psp/SDL_syssem.c
A	Source/3rdParty/SDL3/src/thread/psp/SDL_systhread.c
A	Source/3rdParty/SDL3/src/thread/psp/SDL_systhread_c.h
A	Source/3rdParty/SDL3/src/thread/pthread/SDL_syscond.c
A	Source/3rdParty/SDL3/src/thread/pthread/SDL_sysmutex.c
A	Source/3rdParty/SDL3/src/thread/pthread/SDL_sysmutex_c.h
A	Source/3rdParty/SDL3/src/thread/pthread/SDL_sysrwlock.c
A	Source/3rdParty/SDL3/src/thread/pthread/SDL_syssem.c
A	Source/3rdParty/SDL3/src/thread/pthread/SDL_systhread.c
A	Source/3rdParty/SDL3/src/thread/pthread/SDL_systhread_c.h
A	Source/3rdParty/SDL3/src/thread/pthread/SDL_systls.c
A	Source/3rdParty/SDL3/src/thread/vita/SDL_sysmutex.c
A	Source/3rdParty/SDL3/src/thread/vita/SDL_sysmutex_c.h
A	Source/3rdParty/SDL3/src/thread/vita/SDL_syssem.c
A	Source/3rdParty/SDL3/src/thread/vita/SDL_systhread.c
A	Source/3rdParty/SDL3/src/thread/vita/SDL_systhread_c.h
A	Source/3rdParty/SDL3/src/thread/windows/SDL_syscond_cv.c
A	Source/3rdParty/SDL3/src/thread/windows/SDL_sysmutex.c
A	Source/3rdParty/SDL3/src/thread/windows/SDL_sysmutex_c.h
A	Source/3rdParty/SDL3/src/thread/windows/SDL_sysrwlock_srw.c
A	Source/3rdParty/SDL3/src/thread/windows/SDL_syssem.c
A	Source/3rdParty/SDL3/src/thread/windows/SDL_systhread.c
A	Source/3rdParty/SDL3/src/thread/windows/SDL_systhread_c.h
A	Source/3rdParty/SDL3/src/thread/windows/SDL_systls.c
A	Source/3rdParty/SDL3/src/time/SDL_time.c
A	Source/3rdParty/SDL3/src/time/SDL_time_c.h
A	Source/3rdParty/SDL3/src/time/n3ds/SDL_systime.c
A	Source/3rdParty/SDL3/src/time/ngage/SDL_systime.cpp
A	Source/3rdParty/SDL3/src/time/ps2/SDL_systime.c
A	Source/3rdParty/SDL3/src/time/psp/SDL_systime.c
A	Source/3rdParty/SDL3/src/time/unix/SDL_systime.c
A	Source/3rdParty/SDL3/src/time/vita/SDL_systime.c
A	Source/3rdParty/SDL3/src/time/windows/SDL_systime.c
A	Source/3rdParty/SDL3/src/timer/SDL_timer.c
A	Source/3rdParty/SDL3/src/timer/SDL_timer_c.h
A	Source/3rdParty/SDL3/src/timer/haiku/SDL_systimer.c
A	Source/3rdParty/SDL3/src/timer/n3ds/SDL_systimer.c
A	Source/3rdParty/SDL3/src/timer/ngage/SDL_systimer.cpp
A	Source/3rdParty/SDL3/src/timer/ps2/SDL_systimer.c
A	Source/3rdParty/SDL3/src/timer/psp/SDL_systimer.c
A	Source/3rdParty/SDL3/src/timer/unix/SDL_systimer.c
A	Source/3rdParty/SDL3/src/timer/vita/SDL_systimer.c
A	Source/3rdParty/SDL3/src/timer/windows/SDL_systimer.c
A	Source/3rdParty/SDL3/src/tray/SDL_tray_utils.c
A	Source/3rdParty/SDL3/src/tray/SDL_tray_utils.h
A	Source/3rdParty/SDL3/src/tray/cocoa/SDL_tray.m
A	Source/3rdParty/SDL3/src/tray/dummy/SDL_tray.c
A	Source/3rdParty/SDL3/src/tray/unix/SDL_tray.c
A	Source/3rdParty/SDL3/src/tray/windows/SDL_tray.c
A	Source/3rdParty/SDL3/src/video/SDL_RLEaccel.c
A	Source/3rdParty/SDL3/src/video/SDL_RLEaccel_c.h
A	Source/3rdParty/SDL3/src/video/SDL_blit.c
A	Source/3rdParty/SDL3/src/video/SDL_blit.h
A	Source/3rdParty/SDL3/src/video/SDL_blit_0.c
A	Source/3rdParty/SDL3/src/video/SDL_blit_1.c
A	Source/3rdParty/SDL3/src/video/SDL_blit_A.c
A	Source/3rdParty/SDL3/src/video/SDL_blit_N.c
A	Source/3rdParty/SDL3/src/video/SDL_blit_auto.c
A	Source/3rdParty/SDL3/src/video/SDL_blit_auto.h
A	Source/3rdParty/SDL3/src/video/SDL_blit_copy.c
A	Source/3rdParty/SDL3/src/video/SDL_blit_copy.h
A	Source/3rdParty/SDL3/src/video/SDL_blit_slow.c
A	Source/3rdParty/SDL3/src/video/SDL_blit_slow.h
A	Source/3rdParty/SDL3/src/video/SDL_bmp.c
A	Source/3rdParty/SDL3/src/video/SDL_clipboard.c
A	Source/3rdParty/SDL3/src/video/SDL_clipboard_c.h
A	Source/3rdParty/SDL3/src/video/SDL_egl.c
A	Source/3rdParty/SDL3/src/video/SDL_egl_c.h
A	Source/3rdParty/SDL3/src/video/SDL_fillrect.c
A	Source/3rdParty/SDL3/src/video/SDL_pixels.c
A	Source/3rdParty/SDL3/src/video/SDL_pixels_c.h
A	Source/3rdParty/SDL3/src/video/SDL_rect.c
A	Source/3rdParty/SDL3/src/video/SDL_rect_c.h
A	Source/3rdParty/SDL3/src/video/SDL_rect_impl.h
A	Source/3rdParty/SDL3/src/video/SDL_rotate.c
A	Source/3rdParty/SDL3/src/video/SDL_rotate.h
A	Source/3rdParty/SDL3/src/video/SDL_stb.c
A	Source/3rdParty/SDL3/src/video/SDL_stb_c.h
A	Source/3rdParty/SDL3/src/video/SDL_stretch.c
A	Source/3rdParty/SDL3/src/video/SDL_surface.c
A	Source/3rdParty/SDL3/src/video/SDL_surface_c.h
A	Source/3rdParty/SDL3/src/video/SDL_sysvideo.h
A	Source/3rdParty/SDL3/src/video/SDL_video.c
A	Source/3rdParty/SDL3/src/video/SDL_video_c.h
A	Source/3rdParty/SDL3/src/video/SDL_video_unsupported.c
A	Source/3rdParty/SDL3/src/video/SDL_video_unsupported.h
A	Source/3rdParty/SDL3/src/video/SDL_vulkan_internal.h
A	Source/3rdParty/SDL3/src/video/SDL_vulkan_utils.c
A	Source/3rdParty/SDL3/src/video/SDL_yuv.c
A	Source/3rdParty/SDL3/src/video/SDL_yuv_c.h
A	Source/3rdParty/SDL3/src/video/android/SDL_androidclipboard.c
A	Source/3rdParty/SDL3/src/video/android/SDL_androidclipboard.h
A	Source/3rdParty/SDL3/src/video/android/SDL_androidevents.c
A	Source/3rdParty/SDL3/src/video/android/SDL_androidevents.h
A	Source/3rdParty/SDL3/src/video/android/SDL_androidgl.c
A	Source/3rdParty/SDL3/src/video/android/SDL_androidgl.h
A	Source/3rdParty/SDL3/src/video/android/SDL_androidkeyboard.c
A	Source/3rdParty/SDL3/src/video/android/SDL_androidkeyboard.h
A	Source/3rdParty/SDL3/src/video/android/SDL_androidmessagebox.c
A	Source/3rdParty/SDL3/src/video/android/SDL_androidmessagebox.h
A	Source/3rdParty/SDL3/src/video/android/SDL_androidmouse.c
A	Source/3rdParty/SDL3/src/video/android/SDL_androidmouse.h
A	Source/3rdParty/SDL3/src/video/android/SDL_androidpen.c
A	Source/3rdParty/SDL3/src/video/android/SDL_androidpen.h
A	Source/3rdParty/SDL3/src/video/android/SDL_androidtouch.c
A	Source/3rdParty/SDL3/src/video/android/SDL_androidtouch.h
A	Source/3rdParty/SDL3/src/video/android/SDL_androidvideo.c
A	Source/3rdParty/SDL3/src/video/android/SDL_androidvideo.h
A	Source/3rdParty/SDL3/src/video/android/SDL_androidvulkan.c
A	Source/3rdParty/SDL3/src/video/android/SDL_androidvulkan.h
A	Source/3rdParty/SDL3/src/video/android/SDL_androidwindow.c
A	Source/3rdParty/SDL3/src/video/android/SDL_androidwindow.h
A	Source/3rdParty/SDL3/src/video/cocoa/SDL_cocoaclipboard.h
A	Source/3rdParty/SDL3/src/video/cocoa/SDL_cocoaclipboard.m
A	Source/3rdParty/SDL3/src/video/cocoa/SDL_cocoaevents.h
A	Source/3rdParty/SDL3/src/video/cocoa/SDL_cocoaevents.m
A	Source/3rdParty/SDL3/src/video/cocoa/SDL_cocoakeyboard.h
A	Source/3rdParty/SDL3/src/video/cocoa/SDL_cocoakeyboard.m
A	Source/3rdParty/SDL3/src/video/cocoa/SDL_cocoamessagebox.h
A	Source/3rdParty/SDL3/src/video/cocoa/SDL_cocoamessagebox.m
A	Source/3rdParty/SDL3/src/video/cocoa/SDL_cocoametalview.h
A	Source/3rdParty/SDL3/src/video/cocoa/SDL_cocoametalview.m
A	Source/3rdParty/SDL3/src/video/cocoa/SDL_cocoamodes.h
A	Source/3rdParty/SDL3/src/video/cocoa/SDL_cocoamodes.m
A	Source/3rdParty/SDL3/src/video/cocoa/SDL_cocoamouse.h
A	Source/3rdParty/SDL3/src/video/cocoa/SDL_cocoamouse.m
A	Source/3rdParty/SDL3/src/video/cocoa/SDL_cocoaopengl.h
A	Source/3rdParty/SDL3/src/video/cocoa/SDL_cocoaopengl.m
A	Source/3rdParty/SDL3/src/video/cocoa/SDL_cocoaopengles.h
A	Source/3rdParty/SDL3/src/video/cocoa/SDL_cocoaopengles.m
A	Source/3rdParty/SDL3/src/video/cocoa/SDL_cocoapen.h
A	Source/3rdParty/SDL3/src/video/cocoa/SDL_cocoapen.m
A	Source/3rdParty/SDL3/src/video/cocoa/SDL_cocoashape.h
A	Source/3rdParty/SDL3/src/video/cocoa/SDL_cocoashape.m
A	Source/3rdParty/SDL3/src/video/cocoa/SDL_cocoavideo.h
A	Source/3rdParty/SDL3/src/video/cocoa/SDL_cocoavideo.m
A	Source/3rdParty/SDL3/src/video/cocoa/SDL_cocoavulkan.h
A	Source/3rdParty/SDL3/src/video/cocoa/SDL_cocoavulkan.m
A	Source/3rdParty/SDL3/src/video/cocoa/SDL_cocoawindow.h
A	Source/3rdParty/SDL3/src/video/cocoa/SDL_cocoawindow.m
A	Source/3rdParty/SDL3/src/video/directx/SDL_d3d12.h
A	Source/3rdParty/SDL3/src/video/directx/SDL_d3d12_xbox_cmacros.h
A	Source/3rdParty/SDL3/src/video/directx/d3d12.h
A	Source/3rdParty/SDL3/src/video/directx/d3d12sdklayers.h
A	Source/3rdParty/SDL3/src/video/directx/gen_xbox_cmacros.cs
A	Source/3rdParty/SDL3/src/video/dummy/SDL_nullevents.c
A	Source/3rdParty/SDL3/src/video/dummy/SDL_nullevents_c.h
A	Source/3rdParty/SDL3/src/video/dummy/SDL_nullframebuffer.c
A	Source/3rdParty/SDL3/src/video/dummy/SDL_nullframebuffer_c.h
A	Source/3rdParty/SDL3/src/video/dummy/SDL_nullvideo.c
A	Source/3rdParty/SDL3/src/video/dummy/SDL_nullvideo.h
A	Source/3rdParty/SDL3/src/video/emscripten/SDL_emscriptenevents.c
A	Source/3rdParty/SDL3/src/video/emscripten/SDL_emscriptenevents.h
A	Source/3rdParty/SDL3/src/video/emscripten/SDL_emscriptenframebuffer.c
A	Source/3rdParty/SDL3/src/video/emscripten/SDL_emscriptenframebuffer.h
A	Source/3rdParty/SDL3/src/video/emscripten/SDL_emscriptenmouse.c
A	Source/3rdParty/SDL3/src/video/emscripten/SDL_emscriptenmouse.h
A	Source/3rdParty/SDL3/src/video/emscripten/SDL_emscriptenopengles.c
A	Source/3rdParty/SDL3/src/video/emscripten/SDL_emscriptenopengles.h
A	Source/3rdParty/SDL3/src/video/emscripten/SDL_emscriptenvideo.c
A	Source/3rdParty/SDL3/src/video/emscripten/SDL_emscriptenvideo.h
A	Source/3rdParty/SDL3/src/video/gdk/SDL_gdktextinput.cpp
A	Source/3rdParty/SDL3/src/video/gdk/SDL_gdktextinput.h
A	Source/3rdParty/SDL3/src/video/haiku/SDL_BWin.h
A	Source/3rdParty/SDL3/src/video/haiku/SDL_bclipboard.cc
A	Source/3rdParty/SDL3/src/video/haiku/SDL_bclipboard.h
A	Source/3rdParty/SDL3/src/video/haiku/SDL_bevents.cc
A	Source/3rdParty/SDL3/src/video/haiku/SDL_bevents.h
A	Source/3rdParty/SDL3/src/video/haiku/SDL_bframebuffer.cc
A	Source/3rdParty/SDL3/src/video/haiku/SDL_bframebuffer.h
A	Source/3rdParty/SDL3/src/video/haiku/SDL_bkeyboard.cc
A	Source/3rdParty/SDL3/src/video/haiku/SDL_bkeyboard.h
A	Source/3rdParty/SDL3/src/video/haiku/SDL_bmessagebox.cc
A	Source/3rdParty/SDL3/src/video/haiku/SDL_bmessagebox.h
A	Source/3rdParty/SDL3/src/video/haiku/SDL_bmodes.cc
A	Source/3rdParty/SDL3/src/video/haiku/SDL_bmodes.h
A	Source/3rdParty/SDL3/src/video/haiku/SDL_bopengl.cc
A	Source/3rdParty/SDL3/src/video/haiku/SDL_bopengl.h
A	Source/3rdParty/SDL3/src/video/haiku/SDL_bvideo.cc
A	Source/3rdParty/SDL3/src/video/haiku/SDL_bvideo.h
A	Source/3rdParty/SDL3/src/video/haiku/SDL_bwindow.cc
A	Source/3rdParty/SDL3/src/video/haiku/SDL_bwindow.h
A	Source/3rdParty/SDL3/src/video/khronos/EGL/egl.h
A	Source/3rdParty/SDL3/src/video/khronos/EGL/eglext.h
A	Source/3rdParty/SDL3/src/video/khronos/EGL/eglplatform.h
A	Source/3rdParty/SDL3/src/video/khronos/GLES2/gl2.h
A	Source/3rdParty/SDL3/src/video/khronos/GLES2/gl2ext.h
A	Source/3rdParty/SDL3/src/video/khronos/GLES2/gl2platform.h
A	Source/3rdParty/SDL3/src/video/khronos/GLES3/gl3.h
A	Source/3rdParty/SDL3/src/video/khronos/GLES3/gl31.h
A	Source/3rdParty/SDL3/src/video/khronos/GLES3/gl32.h
A	Source/3rdParty/SDL3/src/video/khronos/GLES3/gl3platform.h
A	Source/3rdParty/SDL3/src/video/khronos/KHR/khrplatform.h
A	Source/3rdParty/SDL3/src/video/khronos/vk_video/vulkan_video_codec_av1std.h
A	Source/3rdParty/SDL3/src/video/khronos/vk_video/vulkan_video_codec_av1std_decode.h
A	Source/3rdParty/SDL3/src/video/khronos/vk_video/vulkan_video_codec_h264std.h
A	Source/3rdParty/SDL3/src/video/khronos/vk_video/vulkan_video_codec_h264std_decode.h
A	Source/3rdParty/SDL3/src/video/khronos/vk_video/vulkan_video_codec_h264std_encode.h
A	Source/3rdParty/SDL3/src/video/khronos/vk_video/vulkan_video_codec_h265std.h
A	Source/3rdParty/SDL3/src/video/khronos/vk_video/vulkan_video_codec_h265std_decode.h
A	Source/3rdParty/SDL3/src/video/khronos/vk_video/vulkan_video_codec_h265std_encode.h
A	Source/3rdParty/SDL3/src/video/khronos/vk_video/vulkan_video_codecs_common.h
A	Source/3rdParty/SDL3/src/video/khronos/vulkan/vk_icd.h
A	Source/3rdParty/SDL3/src/video/khronos/vulkan/vk_layer.h
A	Source/3rdParty/SDL3/src/video/khronos/vulkan/vk_platform.h
A	Source/3rdParty/SDL3/src/video/khronos/vulkan/vulkan.h
A	Source/3rdParty/SDL3/src/video/khronos/vulkan/vulkan_android.h
A	Source/3rdParty/SDL3/src/video/khronos/vulkan/vulkan_beta.h
A	Source/3rdParty/SDL3/src/video/khronos/vulkan/vulkan_core.h
A	Source/3rdParty/SDL3/src/video/khronos/vulkan/vulkan_directfb.h
A	Source/3rdParty/SDL3/src/video/khronos/vulkan/vulkan_fuchsia.h
A	Source/3rdParty/SDL3/src/video/khronos/vulkan/vulkan_ggp.h
A	Source/3rdParty/SDL3/src/video/khronos/vulkan/vulkan_ios.h
A	Source/3rdParty/SDL3/src/video/khronos/vulkan/vulkan_macos.h
A	Source/3rdParty/SDL3/src/video/khronos/vulkan/vulkan_metal.h
A	Source/3rdParty/SDL3/src/video/khronos/vulkan/vulkan_screen.h
A	Source/3rdParty/SDL3/src/video/khronos/vulkan/vulkan_vi.h
A	Source/3rdParty/SDL3/src/video/khronos/vulkan/vulkan_wayland.h
A	Source/3rdParty/SDL3/src/video/khronos/vulkan/vulkan_win32.h
A	Source/3rdParty/SDL3/src/video/khronos/vulkan/vulkan_xcb.h
A	Source/3rdParty/SDL3/src/video/khronos/vulkan/vulkan_xlib.h
A	Source/3rdParty/SDL3/src/video/khronos/vulkan/vulkan_xlib_xrandr.h
A	Source/3rdParty/SDL3/src/video/kmsdrm/SDL_kmsdrmdyn.c
A	Source/3rdParty/SDL3/src/video/kmsdrm/SDL_kmsdrmdyn.h
A	Source/3rdParty/SDL3/src/video/kmsdrm/SDL_kmsdrmevents.c
A	Source/3rdParty/SDL3/src/video/kmsdrm/SDL_kmsdrmevents.h
A	Source/3rdParty/SDL3/src/video/kmsdrm/SDL_kmsdrmmouse.c
A	Source/3rdParty/SDL3/src/video/kmsdrm/SDL_kmsdrmmouse.h
A	Source/3rdParty/SDL3/src/video/kmsdrm/SDL_kmsdrmopengles.c
A	Source/3rdParty/SDL3/src/video/kmsdrm/SDL_kmsdrmopengles.h
A	Source/3rdParty/SDL3/src/video/kmsdrm/SDL_kmsdrmsym.h
A	Source/3rdParty/SDL3/src/video/kmsdrm/SDL_kmsdrmvideo.c
A	Source/3rdParty/SDL3/src/video/kmsdrm/SDL_kmsdrmvideo.h
A	Source/3rdParty/SDL3/src/video/kmsdrm/SDL_kmsdrmvulkan.c
A	Source/3rdParty/SDL3/src/video/kmsdrm/SDL_kmsdrmvulkan.h
A	Source/3rdParty/SDL3/src/video/miniz.h
A	Source/3rdParty/SDL3/src/video/n3ds/SDL_n3dsevents.c
A	Source/3rdParty/SDL3/src/video/n3ds/SDL_n3dsevents_c.h
A	Source/3rdParty/SDL3/src/video/n3ds/SDL_n3dsframebuffer.c
A	Source/3rdParty/SDL3/src/video/n3ds/SDL_n3dsframebuffer_c.h
A	Source/3rdParty/SDL3/src/video/n3ds/SDL_n3dsswkb.c
A	Source/3rdParty/SDL3/src/video/n3ds/SDL_n3dsswkb.h
A	Source/3rdParty/SDL3/src/video/n3ds/SDL_n3dstouch.c
A	Source/3rdParty/SDL3/src/video/n3ds/SDL_n3dstouch.h
A	Source/3rdParty/SDL3/src/video/n3ds/SDL_n3dsvideo.c
A	Source/3rdParty/SDL3/src/video/n3ds/SDL_n3dsvideo.h
A	Source/3rdParty/SDL3/src/video/ngage/SDL_ngagevideo.c
A	Source/3rdParty/SDL3/src/video/ngage/SDL_ngagevideo.h
A	Source/3rdParty/SDL3/src/video/offscreen/SDL_offscreenevents.c
A	Source/3rdParty/SDL3/src/video/offscreen/SDL_offscreenevents_c.h
A	Source/3rdParty/SDL3/src/video/offscreen/SDL_offscreenframebuffer.c
A	Source/3rdParty/SDL3/src/video/offscreen/SDL_offscreenframebuffer_c.h
A	Source/3rdParty/SDL3/src/video/offscreen/SDL_offscreenopengles.c
A	Source/3rdParty/SDL3/src/video/offscreen/SDL_offscreenopengles.h
A	Source/3rdParty/SDL3/src/video/offscreen/SDL_offscreenvideo.c
A	Source/3rdParty/SDL3/src/video/offscreen/SDL_offscreenvideo.h
A	Source/3rdParty/SDL3/src/video/offscreen/SDL_offscreenvulkan.c
A	Source/3rdParty/SDL3/src/video/offscreen/SDL_offscreenvulkan.h
A	Source/3rdParty/SDL3/src/video/offscreen/SDL_offscreenwindow.c
A	Source/3rdParty/SDL3/src/video/offscreen/SDL_offscreenwindow.h
A	Source/3rdParty/SDL3/src/video/openvr/SDL_openvrvideo.c
A	Source/3rdParty/SDL3/src/video/openvr/SDL_openvrvideo.h
A	Source/3rdParty/SDL3/src/video/openvr/openvr_capi.h
A	Source/3rdParty/SDL3/src/video/ps2/SDL_ps2video.c
A	Source/3rdParty/SDL3/src/video/ps2/SDL_ps2video.h
A	Source/3rdParty/SDL3/src/video/psp/SDL_pspevents.c
A	Source/3rdParty/SDL3/src/video/psp/SDL_pspevents_c.h
A	Source/3rdParty/SDL3/src/video/psp/SDL_pspgl.c
A	Source/3rdParty/SDL3/src/video/psp/SDL_pspgl_c.h
A	Source/3rdParty/SDL3/src/video/psp/SDL_pspvideo.c
A	Source/3rdParty/SDL3/src/video/psp/SDL_pspvideo.h
A	Source/3rdParty/SDL3/src/video/qnx/SDL_qnx.h
A	Source/3rdParty/SDL3/src/video/qnx/SDL_qnxgl.c
A	Source/3rdParty/SDL3/src/video/qnx/SDL_qnxkeyboard.c
A	Source/3rdParty/SDL3/src/video/qnx/SDL_qnxvideo.c
A	Source/3rdParty/SDL3/src/video/raspberry/SDL_rpievents.c
A	Source/3rdParty/SDL3/src/video/raspberry/SDL_rpievents_c.h
A	Source/3rdParty/SDL3/src/video/raspberry/SDL_rpimouse.c
A	Source/3rdParty/SDL3/src/video/raspberry/SDL_rpimouse.h
A	Source/3rdParty/SDL3/src/video/raspberry/SDL_rpiopengles.c
A	Source/3rdParty/SDL3/src/video/raspberry/SDL_rpiopengles.h
A	Source/3rdParty/SDL3/src/video/raspberry/SDL_rpivideo.c
A	Source/3rdParty/SDL3/src/video/raspberry/SDL_rpivideo.h
A	Source/3rdParty/SDL3/src/video/riscos/SDL_riscosdefs.h
A	Source/3rdParty/SDL3/src/video/riscos/SDL_riscosevents.c
A	Source/3rdParty/SDL3/src/video/riscos/SDL_riscosevents_c.h
A	Source/3rdParty/SDL3/src/video/riscos/SDL_riscosframebuffer.c
A	Source/3rdParty/SDL3/src/video/riscos/SDL_riscosframebuffer_c.h
A	Source/3rdParty/SDL3/src/video/riscos/SDL_riscosmessagebox.c
A	Source/3rdParty/SDL3/src/video/riscos/SDL_riscosmessagebox.h
A	Source/3rdParty/SDL3/src/video/riscos/SDL_riscosmodes.c
A	Source/3rdParty/SDL3/src/video/riscos/SDL_riscosmodes.h
A	Source/3rdParty/SDL3/src/video/riscos/SDL_riscosmouse.c
A	Source/3rdParty/SDL3/src/video/riscos/SDL_riscosmouse.h
A	Source/3rdParty/SDL3/src/video/riscos/SDL_riscosvideo.c
A	Source/3rdParty/SDL3/src/video/riscos/SDL_riscosvideo.h
A	Source/3rdParty/SDL3/src/video/riscos/SDL_riscoswindow.c
A	Source/3rdParty/SDL3/src/video/riscos/SDL_riscoswindow.h
A	Source/3rdParty/SDL3/src/video/riscos/scancodes_riscos.h
A	Source/3rdParty/SDL3/src/video/sdlgenblit.pl
A	Source/3rdParty/SDL3/src/video/stb_image.h
A	Source/3rdParty/SDL3/src/video/uikit/SDL_uikitappdelegate.h
A	Source/3rdParty/SDL3/src/video/uikit/SDL_uikitappdelegate.m
A	Source/3rdParty/SDL3/src/video/uikit/SDL_uikitclipboard.h
A	Source/3rdParty/SDL3/src/video/uikit/SDL_uikitclipboard.m
A	Source/3rdParty/SDL3/src/video/uikit/SDL_uikitevents.h
A	Source/3rdParty/SDL3/src/video/uikit/SDL_uikitevents.m
A	Source/3rdParty/SDL3/src/video/uikit/SDL_uikitmessagebox.h
A	Source/3rdParty/SDL3/src/video/uikit/SDL_uikitmessagebox.m
A	Source/3rdParty/SDL3/src/video/uikit/SDL_uikitmetalview.h
A	Source/3rdParty/SDL3/src/video/uikit/SDL_uikitmetalview.m
A	Source/3rdParty/SDL3/src/video/uikit/SDL_uikitmodes.h
A	Source/3rdParty/SDL3/src/video/uikit/SDL_uikitmodes.m
A	Source/3rdParty/SDL3/src/video/uikit/SDL_uikitopengles.h
A	Source/3rdParty/SDL3/src/video/uikit/SDL_uikitopengles.m
A	Source/3rdParty/SDL3/src/video/uikit/SDL_uikitopenglview.h
A	Source/3rdParty/SDL3/src/video/uikit/SDL_uikitopenglview.m
A	Source/3rdParty/SDL3/src/video/uikit/SDL_uikitpen.h
A	Source/3rdParty/SDL3/src/video/uikit/SDL_uikitpen.m
A	Source/3rdParty/SDL3/src/video/uikit/SDL_uikitvideo.h
A	Source/3rdParty/SDL3/src/video/uikit/SDL_uikitvideo.m
A	Source/3rdParty/SDL3/src/video/uikit/SDL_uikitview.h
A	Source/3rdParty/SDL3/src/video/uikit/SDL_uikitview.m
A	Source/3rdParty/SDL3/src/video/uikit/SDL_uikitviewcontroller.h
A	Source/3rdParty/SDL3/src/video/uikit/SDL_uikitviewcontroller.m
A	Source/3rdParty/SDL3/src/video/uikit/SDL_uikitvulkan.h
A	Source/3rdParty/SDL3/src/video/uikit/SDL_uikitvulkan.m
A	Source/3rdParty/SDL3/src/video/uikit/SDL_uikitwindow.h
A	Source/3rdParty/SDL3/src/video/uikit/SDL_uikitwindow.m
A	Source/3rdParty/SDL3/src/video/vita/SDL_vitaframebuffer.c
A	Source/3rdParty/SDL3/src/video/vita/SDL_vitaframebuffer.h
A	Source/3rdParty/SDL3/src/video/vita/SDL_vitagl_pvr.c
A	Source/3rdParty/SDL3/src/video/vita/SDL_vitagles.c
A	Source/3rdParty/SDL3/src/video/vita/SDL_vitagles_pvr.c
A	Source/3rdParty/SDL3/src/video/vita/SDL_vitakeyboard.c
A	Source/3rdParty/SDL3/src/video/vita/SDL_vitakeyboard.h
A	Source/3rdParty/SDL3/src/video/vita/SDL_vitamessagebox.c
A	Source/3rdParty/SDL3/src/video/vita/SDL_vitamessagebox.h
A	Source/3rdParty/SDL3/src/video/vita/SDL_vitamouse.c
A	Source/3rdParty/SDL3/src/video/vita/SDL_vitamouse_c.h
A	Source/3rdParty/SDL3/src/video/vita/SDL_vitatouch.c
A	Source/3rdParty/SDL3/src/video/vita/SDL_vitatouch.h
A	Source/3rdParty/SDL3/src/video/vita/SDL_vitavideo.c
A	Source/3rdParty/SDL3/src/video/vita/SDL_vitavideo.h
A	Source/3rdParty/SDL3/src/video/vivante/SDL_vivanteopengles.c
A	Source/3rdParty/SDL3/src/video/vivante/SDL_vivanteopengles.h
A	Source/3rdParty/SDL3/src/video/vivante/SDL_vivanteplatform.c
A	Source/3rdParty/SDL3/src/video/vivante/SDL_vivanteplatform.h
A	Source/3rdParty/SDL3/src/video/vivante/SDL_vivantevideo.c
A	Source/3rdParty/SDL3/src/video/vivante/SDL_vivantevideo.h
A	Source/3rdParty/SDL3/src/video/vivante/SDL_vivantevulkan.c
A	Source/3rdParty/SDL3/src/video/vivante/SDL_vivantevulkan.h
A	Source/3rdParty/SDL3/src/video/wayland/SDL_waylandclipboard.c
A	Source/3rdParty/SDL3/src/video/wayland/SDL_waylandclipboard.h
A	Source/3rdParty/SDL3/src/video/wayland/SDL_waylandcolor.c
A	Source/3rdParty/SDL3/src/video/wayland/SDL_waylandcolor.h
A	Source/3rdParty/SDL3/src/video/wayland/SDL_waylanddatamanager.c
A	Source/3rdParty/SDL3/src/video/wayland/SDL_waylanddatamanager.h
A	Source/3rdParty/SDL3/src/video/wayland/SDL_waylanddyn.c
A	Source/3rdParty/SDL3/src/video/wayland/SDL_waylanddyn.h
A	Source/3rdParty/SDL3/src/video/wayland/SDL_waylandevents.c
A	Source/3rdParty/SDL3/src/video/wayland/SDL_waylandevents_c.h
A	Source/3rdParty/SDL3/src/video/wayland/SDL_waylandkeyboard.c
A	Source/3rdParty/SDL3/src/video/wayland/SDL_waylandkeyboard.h
A	Source/3rdParty/SDL3/src/video/wayland/SDL_waylandmessagebox.c
A	Source/3rdParty/SDL3/src/video/wayland/SDL_waylandmessagebox.h
A	Source/3rdParty/SDL3/src/video/wayland/SDL_waylandmouse.c
A	Source/3rdParty/SDL3/src/video/wayland/SDL_waylandmouse.h
A	Source/3rdParty/SDL3/src/video/wayland/SDL_waylandopengles.c
A	Source/3rdParty/SDL3/src/video/wayland/SDL_waylandopengles.h
A	Source/3rdParty/SDL3/src/video/wayland/SDL_waylandshmbuffer.c
A	Source/3rdParty/SDL3/src/video/wayland/SDL_waylandshmbuffer.h
A	Source/3rdParty/SDL3/src/video/wayland/SDL_waylandsym.h
A	Source/3rdParty/SDL3/src/video/wayland/SDL_waylandutil.c
A	Source/3rdParty/SDL3/src/video/wayland/SDL_waylandutil.h
A	Source/3rdParty/SDL3/src/video/wayland/SDL_waylandvideo.c
A	Source/3rdParty/SDL3/src/video/wayland/SDL_waylandvideo.h
A	Source/3rdParty/SDL3/src/video/wayland/SDL_waylandvulkan.c
A	Source/3rdParty/SDL3/src/video/wayland/SDL_waylandvulkan.h
A	Source/3rdParty/SDL3/src/video/wayland/SDL_waylandwindow.c
A	Source/3rdParty/SDL3/src/video/wayland/SDL_waylandwindow.h
A	Source/3rdParty/SDL3/src/video/windows/SDL_msctf.h
A	Source/3rdParty/SDL3/src/video/windows/SDL_windowsclipboard.c
A	Source/3rdParty/SDL3/src/video/windows/SDL_windowsclipboard.h
A	Source/3rdParty/SDL3/src/video/windows/SDL_windowsevents.c
A	Source/3rdParty/SDL3/src/video/windows/SDL_windowsevents.h
A	Source/3rdParty/SDL3/src/video/windows/SDL_windowsframebuffer.c
A	Source/3rdParty/SDL3/src/video/windows/SDL_windowsframebuffer.h
A	Source/3rdParty/SDL3/src/video/windows/SDL_windowsgameinput.cpp
A	Source/3rdParty/SDL3/src/video/windows/SDL_windowsgameinput.h
A	Source/3rdParty/SDL3/src/video/windows/SDL_windowskeyboard.c
A	Source/3rdParty/SDL3/src/video/windows/SDL_windowskeyboard.h
A	Source/3rdParty/SDL3/src/video/windows/SDL_windowsmessagebox.c
A	Source/3rdParty/SDL3/src/video/windows/SDL_windowsmessagebox.h
A	Source/3rdParty/SDL3/src/video/windows/SDL_windowsmodes.c
A	Source/3rdParty/SDL3/src/video/windows/SDL_windowsmodes.h
A	Source/3rdParty/SDL3/src/video/windows/SDL_windowsmouse.c
A	Source/3rdParty/SDL3/src/video/windows/SDL_windowsmouse.h
A	Source/3rdParty/SDL3/src/video/windows/SDL_windowsopengl.c
A	Source/3rdParty/SDL3/src/video/windows/SDL_windowsopengl.h
A	Source/3rdParty/SDL3/src/video/windows/SDL_windowsopengles.c
A	Source/3rdParty/SDL3/src/video/windows/SDL_windowsopengles.h
A	Source/3rdParty/SDL3/src/video/windows/SDL_windowsrawinput.c
A	Source/3rdParty/SDL3/src/video/windows/SDL_windowsrawinput.h
A	Source/3rdParty/SDL3/src/video/windows/SDL_windowsshape.c
A	Source/3rdParty/SDL3/src/video/windows/SDL_windowsshape.h
A	Source/3rdParty/SDL3/src/video/windows/SDL_windowsvideo.c
A	Source/3rdParty/SDL3/src/video/windows/SDL_windowsvideo.h
A	Source/3rdParty/SDL3/src/video/windows/SDL_windowsvulkan.c
A	Source/3rdParty/SDL3/src/video/windows/SDL_windowsvulkan.h
A	Source/3rdParty/SDL3/src/video/windows/SDL_windowswindow.c
A	Source/3rdParty/SDL3/src/video/windows/SDL_windowswindow.h
A	Source/3rdParty/SDL3/src/video/windows/wmmsg.h
A	Source/3rdParty/SDL3/src/video/x11/SDL_x11clipboard.c
A	Source/3rdParty/SDL3/src/video/x11/SDL_x11clipboard.h
A	Source/3rdParty/SDL3/src/video/x11/SDL_x11dyn.c
A	Source/3rdParty/SDL3/src/video/x11/SDL_x11dyn.h
A	Source/3rdParty/SDL3/src/video/x11/SDL_x11events.c
A	Source/3rdParty/SDL3/src/video/x11/SDL_x11events.h
A	Source/3rdParty/SDL3/src/video/x11/SDL_x11framebuffer.c
A	Source/3rdParty/SDL3/src/video/x11/SDL_x11framebuffer.h
A	Source/3rdParty/SDL3/src/video/x11/SDL_x11keyboard.c
A	Source/3rdParty/SDL3/src/video/x11/SDL_x11keyboard.h
A	Source/3rdParty/SDL3/src/video/x11/SDL_x11messagebox.c
A	Source/3rdParty/SDL3/src/video/x11/SDL_x11messagebox.h
A	Source/3rdParty/SDL3/src/video/x11/SDL_x11modes.c
A	Source/3rdParty/SDL3/src/video/x11/SDL_x11modes.h
A	Source/3rdParty/SDL3/src/video/x11/SDL_x11mouse.c
A	Source/3rdParty/SDL3/src/video/x11/SDL_x11mouse.h
A	Source/3rdParty/SDL3/src/video/x11/SDL_x11opengl.c
A	Source/3rdParty/SDL3/src/video/x11/SDL_x11opengl.h
A	Source/3rdParty/SDL3/src/video/x11/SDL_x11opengles.c
A	Source/3rdParty/SDL3/src/video/x11/SDL_x11opengles.h
A	Source/3rdParty/SDL3/src/video/x11/SDL_x11pen.c
A	Source/3rdParty/SDL3/src/video/x11/SDL_x11pen.h
A	Source/3rdParty/SDL3/src/video/x11/SDL_x11settings.c
A	Source/3rdParty/SDL3/src/video/x11/SDL_x11settings.h
A	Source/3rdParty/SDL3/src/video/x11/SDL_x11shape.c
A	Source/3rdParty/SDL3/src/video/x11/SDL_x11shape.h
A	Source/3rdParty/SDL3/src/video/x11/SDL_x11sym.h
A	Source/3rdParty/SDL3/src/video/x11/SDL_x11toolkit.c
A	Source/3rdParty/SDL3/src/video/x11/SDL_x11toolkit.h
A	Source/3rdParty/SDL3/src/video/x11/SDL_x11touch.c
A	Source/3rdParty/SDL3/src/video/x11/SDL_x11touch.h
A	Source/3rdParty/SDL3/src/video/x11/SDL_x11video.c
A	Source/3rdParty/SDL3/src/video/x11/SDL_x11video.h
A	Source/3rdParty/SDL3/src/video/x11/SDL_x11vulkan.c
A	Source/3rdParty/SDL3/src/video/x11/SDL_x11vulkan.h
A	Source/3rdParty/SDL3/src/video/x11/SDL_x11window.c
A	Source/3rdParty/SDL3/src/video/x11/SDL_x11window.h
A	Source/3rdParty/SDL3/src/video/x11/SDL_x11xfixes.c
A	Source/3rdParty/SDL3/src/video/x11/SDL_x11xfixes.h
A	Source/3rdParty/SDL3/src/video/x11/SDL_x11xinput2.c
A	Source/3rdParty/SDL3/src/video/x11/SDL_x11xinput2.h
A	Source/3rdParty/SDL3/src/video/x11/SDL_x11xsync.c
A	Source/3rdParty/SDL3/src/video/x11/SDL_x11xsync.h
A	Source/3rdParty/SDL3/src/video/x11/SDL_x11xtest.c
A	Source/3rdParty/SDL3/src/video/x11/SDL_x11xtest.h
A	Source/3rdParty/SDL3/src/video/x11/edid-parse.c
A	Source/3rdParty/SDL3/src/video/x11/edid.h
A	Source/3rdParty/SDL3/src/video/x11/xsettings-client.c
A	Source/3rdParty/SDL3/src/video/x11/xsettings-client.h
A	Source/3rdParty/SDL3/src/video/yuv2rgb/LICENSE
A	Source/3rdParty/SDL3/src/video/yuv2rgb/README.md
A	Source/3rdParty/SDL3/src/video/yuv2rgb/yuv_rgb.h
A	Source/3rdParty/SDL3/src/video/yuv2rgb/yuv_rgb_common.h
A	Source/3rdParty/SDL3/src/video/yuv2rgb/yuv_rgb_internal.h
A	Source/3rdParty/SDL3/src/video/yuv2rgb/yuv_rgb_lsx.c
A	Source/3rdParty/SDL3/src/video/yuv2rgb/yuv_rgb_lsx.h
A	Source/3rdParty/SDL3/src/video/yuv2rgb/yuv_rgb_lsx_func.h
A	Source/3rdParty/SDL3/src/video/yuv2rgb/yuv_rgb_sse.c
A	Source/3rdParty/SDL3/src/video/yuv2rgb/yuv_rgb_sse.h
A	Source/3rdParty/SDL3/src/video/yuv2rgb/yuv_rgb_sse_func.h
A	Source/3rdParty/SDL3/src/video/yuv2rgb/yuv_rgb_std.c
A	Source/3rdParty/SDL3/src/video/yuv2rgb/yuv_rgb_std.h
A	Source/3rdParty/SDL3/src/video/yuv2rgb/yuv_rgb_std_func.h
A	Source/3rdParty/Wa/LICENSE
A	Source/3rdParty/bgfx/3rdparty/directx-headers/LICENSE
A	Source/3rdParty/bgfx/3rdparty/directx-headers/include/directx/PIXEvents.h
A	Source/3rdParty/bgfx/3rdparty/directx-headers/include/directx/PIXEventsCommon.h
A	Source/3rdParty/bgfx/3rdparty/directx-headers/include/directx/PIXEventsLegacy.h
A	Source/3rdParty/bgfx/3rdparty/directx-headers/include/directx/d3d10.h
A	Source/3rdParty/bgfx/3rdparty/directx-headers/include/directx/d3d10_1.h
A	Source/3rdParty/bgfx/3rdparty/directx-headers/include/directx/d3d10_1shader.h
A	Source/3rdParty/bgfx/3rdparty/directx-headers/include/directx/d3d10effect.h
A	Source/3rdParty/bgfx/3rdparty/directx-headers/include/directx/d3d10misc.h
A	Source/3rdParty/bgfx/3rdparty/directx-headers/include/directx/d3d10sdklayers.h
A	Source/3rdParty/bgfx/3rdparty/directx-headers/include/directx/d3d10shader.h
A	Source/3rdParty/bgfx/3rdparty/directx-headers/include/directx/d3d11.h
A	Source/3rdParty/bgfx/3rdparty/directx-headers/include/directx/d3d11_1.h
A	Source/3rdParty/bgfx/3rdparty/directx-headers/include/directx/d3d11_2.h
A	Source/3rdParty/bgfx/3rdparty/directx-headers/include/directx/d3d11_3.h
A	Source/3rdParty/bgfx/3rdparty/directx-headers/include/directx/d3d11_4.h
A	Source/3rdParty/bgfx/3rdparty/directx-headers/include/directx/d3d11sdklayers.h
A	Source/3rdParty/bgfx/3rdparty/directx-headers/include/directx/d3d11shader.h
A	Source/3rdParty/bgfx/3rdparty/directx-headers/include/directx/d3d11shadertracing.h
A	Source/3rdParty/bgfx/3rdparty/directx-headers/include/directx/d3d12.h
A	Source/3rdParty/bgfx/3rdparty/directx-headers/include/directx/d3d12compatibility.h
A	Source/3rdParty/bgfx/3rdparty/directx-headers/include/directx/d3d12compiler.h
A	Source/3rdParty/bgfx/3rdparty/directx-headers/include/directx/d3d12sdklayers.h
A	Source/3rdParty/bgfx/3rdparty/directx-headers/include/directx/d3d12shader.h
A	Source/3rdParty/bgfx/3rdparty/directx-headers/include/directx/d3d12video.h
A	Source/3rdParty/bgfx/3rdparty/directx-headers/include/directx/d3dcommon.h
A	Source/3rdParty/bgfx/3rdparty/directx-headers/include/directx/d3dcompiler.h
A	Source/3rdParty/bgfx/3rdparty/directx-headers/include/directx/d3dshadercacheregistration.h
A	Source/3rdParty/bgfx/3rdparty/directx-headers/include/directx/dxcapi.h
A	Source/3rdParty/bgfx/3rdparty/directx-headers/include/directx/dxcerrors.h
A	Source/3rdParty/bgfx/3rdparty/directx-headers/include/directx/dxcore.h
A	Source/3rdParty/bgfx/3rdparty/directx-headers/include/directx/dxcore_interface.h
A	Source/3rdParty/bgfx/3rdparty/directx-headers/include/directx/dxgi.h
A	Source/3rdParty/bgfx/3rdparty/directx-headers/include/directx/dxgi1_2.h
A	Source/3rdParty/bgfx/3rdparty/directx-headers/include/directx/dxgi1_3.h
A	Source/3rdParty/bgfx/3rdparty/directx-headers/include/directx/dxgi1_4.h
A	Source/3rdParty/bgfx/3rdparty/directx-headers/include/directx/dxgi1_5.h
A	Source/3rdParty/bgfx/3rdparty/directx-headers/include/directx/dxgi1_6.h
A	Source/3rdParty/bgfx/3rdparty/directx-headers/include/directx/dxgicommon.h
A	Source/3rdParty/bgfx/3rdparty/directx-headers/include/directx/dxgidebug.h
A	Source/3rdParty/bgfx/3rdparty/directx-headers/include/directx/dxgiformat.h
A	Source/3rdParty/bgfx/3rdparty/directx-headers/include/directx/dxgitype.h
A	Source/3rdParty/bgfx/3rdparty/directx-headers/include/directx/dxva2api.h
A	Source/3rdParty/bgfx/3rdparty/directx-headers/include/directx/pix3.h
A	Source/3rdParty/bgfx/3rdparty/directx-headers/include/directx/pix3_win.h
A	Source/3rdParty/bgfx/3rdparty/directx-headers/include/directx/winadapter.h
A	Source/3rdParty/bgfx/3rdparty/directx-headers/include/directx/winapifamily.h
A	Source/3rdParty/bgfx/3rdparty/directx-headers/include/wsl/stubs/basetsd.h
A	Source/3rdParty/bgfx/3rdparty/directx-headers/include/wsl/stubs/oaidl.h
A	Source/3rdParty/bgfx/3rdparty/directx-headers/include/wsl/stubs/objbase.h
A	Source/3rdParty/bgfx/3rdparty/directx-headers/include/wsl/stubs/ocidl.h
A	Source/3rdParty/bgfx/3rdparty/directx-headers/include/wsl/stubs/rpc.h
A	Source/3rdParty/bgfx/3rdparty/directx-headers/include/wsl/stubs/rpcndr.h
A	Source/3rdParty/bgfx/3rdparty/directx-headers/include/wsl/stubs/unknwn.h
A	Source/3rdParty/bgfx/3rdparty/directx-headers/include/wsl/stubs/unknwnbase.h
A	Source/3rdParty/bgfx/3rdparty/directx-headers/include/wsl/stubs/winapifamily.h
A	Source/3rdParty/bgfx/3rdparty/directx-headers/include/wsl/stubs/windows.h
A	Source/3rdParty/bgfx/3rdparty/directx-headers/include/wsl/stubs/wrl/client.h
A	Source/3rdParty/bgfx/3rdparty/directx-headers/include/wsl/stubs/wrl/implements.h
A	Source/3rdParty/bgfx/3rdparty/directx-headers/include/wsl/winadapter.h
A	Source/3rdParty/bgfx/3rdparty/directx-headers/include/wsl/wrladapter.h
D	Source/3rdParty/bgfx/3rdparty/fcpp/.gitignore
D	Source/3rdParty/bgfx/3rdparty/fcpp/COPYING
D	Source/3rdParty/bgfx/3rdparty/fcpp/FPPBase.h
D	Source/3rdParty/bgfx/3rdparty/fcpp/FPP_protos.h
D	Source/3rdParty/bgfx/3rdparty/fcpp/README
D	Source/3rdParty/bgfx/3rdparty/fcpp/cpp.h
D	Source/3rdParty/bgfx/3rdparty/fcpp/cpp1.c
D	Source/3rdParty/bgfx/3rdparty/fcpp/cpp2.c
D	Source/3rdParty/bgfx/3rdparty/fcpp/cpp3.c
D	Source/3rdParty/bgfx/3rdparty/fcpp/cpp4.c
D	Source/3rdParty/bgfx/3rdparty/fcpp/cpp5.c
D	Source/3rdParty/bgfx/3rdparty/fcpp/cpp6.c
D	Source/3rdParty/bgfx/3rdparty/fcpp/cppadd.h
D	Source/3rdParty/bgfx/3rdparty/fcpp/cppdef.h
D	Source/3rdParty/bgfx/3rdparty/fcpp/fpp.exp
D	Source/3rdParty/bgfx/3rdparty/fcpp/fpp.fd
D	Source/3rdParty/bgfx/3rdparty/fcpp/fpp.h
D	Source/3rdParty/bgfx/3rdparty/fcpp/fpp_pragmas.h
D	Source/3rdParty/bgfx/3rdparty/fcpp/makefile
D	Source/3rdParty/bgfx/3rdparty/fcpp/usecpp.c
D	Source/3rdParty/bgfx/3rdparty/glsl-optimizer/generateParsers.sh
D	Source/3rdParty/bgfx/3rdparty/glsl-optimizer/include/c99/inttypes.h
D	Source/3rdParty/bgfx/3rdparty/glsl-optimizer/include/c99/stdbool.h
D	Source/3rdParty/bgfx/3rdparty/glsl-optimizer/include/c99/stdint.h
D	Source/3rdParty/bgfx/3rdparty/glsl-optimizer/include/c99_compat.h
D	Source/3rdParty/bgfx/3rdparty/glsl-optimizer/license.txt
D	Source/3rdParty/bgfx/3rdparty/glsl-optimizer/src/getopt/getopt.h
D	Source/3rdParty/bgfx/3rdparty/glsl-optimizer/src/getopt/getopt_long.c
D	Source/3rdParty/bgfx/3rdparty/glsl-optimizer/src/glsl/Makefile
D	Source/3rdParty/bgfx/3rdparty/glsl-optimizer/src/glsl/ast.h
D	Source/3rdParty/bgfx/3rdparty/glsl-optimizer/src/glsl/ast_array_index.cpp
D	Source/3rdParty/bgfx/3rdparty/glsl-optimizer/src/glsl/ast_expr.cpp
D	Source/3rdParty/bgfx/3rdparty/glsl-optimizer/src/glsl/ast_function.cpp
D	Source/3rdParty/bgfx/3rdparty/glsl-optimizer/src/glsl/ast_to_hir.cpp
D	Source/3rdParty/bgfx/3rdparty/glsl-optimizer/src/glsl/ast_type.cpp
D	Source/3rdParty/bgfx/3rdparty/glsl-optimizer/src/glsl/builtin_functions.cpp
D	Source/3rdParty/bgfx/3rdparty/glsl-optimizer/src/glsl/builtin_type_macros.h
D	Source/3rdParty/bgfx/3rdparty/glsl-optimizer/src/glsl/builtin_types.cpp
D	Source/3rdParty/bgfx/3rdparty/glsl-optimizer/src/glsl/builtin_variables.cpp
D	Source/3rdParty/bgfx/3rdparty/glsl-optimizer/src/glsl/glcpp/glcpp-lex.c
D	Source/3rdParty/bgfx/3rdparty/glsl-optimizer/src/glsl/glcpp/glcpp-lex.l
D	Source/3rdParty/bgfx/3rdparty/glsl-optimizer/src/glsl/glcpp/glcpp-parse.c
D	Source/3rdParty/bgfx/3rdparty/glsl-optimizer/src/glsl/glcpp/glcpp-parse.h
D	Source/3rdParty/bgfx/3rdparty/glsl-optimizer/src/glsl/glcpp/glcpp-parse.y
D	Source/3rdParty/bgfx/3rdparty/glsl-optimizer/src/glsl/glcpp/glcpp.h
D	Source/3rdParty/bgfx/3rdparty/glsl-optimizer/src/glsl/glcpp/pp.c
D	Source/3rdParty/bgfx/3rdparty/glsl-optimizer/src/glsl/glsl_lexer.cpp
D	Source/3rdParty/bgfx/3rdparty/glsl-optimizer/src/glsl/glsl_lexer.ll
D	Source/3rdParty/bgfx/3rdparty/glsl-optimizer/src/glsl/glsl_optimizer.cpp
D	Source/3rdParty/bgfx/3rdparty/glsl-optimizer/src/glsl/glsl_optimizer.h
D	Source/3rdParty/bgfx/3rdparty/glsl-optimizer/src/glsl/glsl_parser.cpp
D	Source/3rdParty/bgfx/3rdparty/glsl-optimizer/src/glsl/glsl_parser.h
D	Source/3rdParty/bgfx/3rdparty/glsl-optimizer/src/glsl/glsl_parser.yy
D	Source/3rdParty/bgfx/3rdparty/glsl-optimizer/src/glsl/glsl_parser_extras.cpp
D	Source/3rdParty/bgfx/3rdparty/glsl-optimizer/src/glsl/glsl_parser_extras.h
D	Source/3rdParty/bgfx/3rdparty/glsl-optimizer/src/glsl/glsl_symbol_table.cpp
D	Source/3rdParty/bgfx/3rdparty/glsl-optimizer/src/glsl/glsl_symbol_table.h
D	Source/3rdParty/bgfx/3rdparty/glsl-optimizer/src/glsl/glsl_types.cpp
D	Source/3rdParty/bgfx/3rdparty/glsl-optimizer/src/glsl/glsl_types.h
D	Source/3rdParty/bgfx/3rdparty/glsl-optimizer/src/glsl/hir_field_selection.cpp
D	Source/3rdParty/bgfx/3rdparty/glsl-optimizer/src/glsl/ir.cpp
D	Source/3rdParty/bgfx/3rdparty/glsl-optimizer/src/glsl/ir.h
D	Source/3rdParty/bgfx/3rdparty/glsl-optimizer/src/glsl/ir_basic_block.cpp
D	Source/3rdParty/bgfx/3rdparty/glsl-optimizer/src/glsl/ir_basic_block.h
D	Source/3rdParty/bgfx/3rdparty/glsl-optimizer/src/glsl/ir_builder.cpp
D	Source/3rdParty/bgfx/3rdparty/glsl-optimizer/src/glsl/ir_builder.h
D	Source/3rdParty/bgfx/3rdparty/glsl-optimizer/src/glsl/ir_clone.cpp
D	Source/3rdParty/bgfx/3rdparty/glsl-optimizer/src/glsl/ir_constant_expression.cpp
D	Source/3rdParty/bgfx/3rdparty/glsl-optimizer/src/glsl/ir_equals.cpp
D	Source/3rdParty/bgfx/3rdparty/glsl-optimizer/src/glsl/ir_expression_flattening.cpp
D	Source/3rdParty/bgfx/3rdparty/glsl-optimizer/src/glsl/ir_expression_flattening.h
D	Source/3rdParty/bgfx/3rdparty/glsl-optimizer/src/glsl/ir_function.cpp
D	Source/3rdParty/bgfx/3rdparty/glsl-optimizer/src/glsl/ir_function_can_inline.cpp
D	Source/3rdParty/bgfx/3rdparty/glsl-optimizer/src/glsl/ir_function_detect_recursion.cpp
D	Source/3rdParty/bgfx/3rdparty/glsl-optimizer/src/glsl/ir_function_inlining.h
D	Source/3rdParty/bgfx/3rdparty/glsl-optimizer/src/glsl/ir_hierarchical_visitor.cpp
D	Source/3rdParty/bgfx/3rdparty/glsl-optimizer/src/glsl/ir_hierarchical_visitor.h
D	Source/3rdParty/bgfx/3rdparty/glsl-optimizer/src/glsl/ir_hv_accept.cpp
D	Source/3rdParty/bgfx/3rdparty/glsl-optimizer/src/glsl/ir_import_prototypes.cpp
D	Source/3rdParty/bgfx/3rdparty/glsl-optimizer/src/glsl/ir_optimization.h
D	Source/3rdParty/bgfx/3rdparty/glsl-optimizer/src/glsl/ir_print_glsl_visitor.cpp
D	Source/3rdParty/bgfx/3rdparty/glsl-optimizer/src/glsl/ir_print_glsl_visitor.h
D	Source/3rdParty/bgfx/3rdparty/glsl-optimizer/src/glsl/ir_print_metal_visitor.cpp
D	Source/3rdParty/bgfx/3rdparty/glsl-optimizer/src/glsl/ir_print_metal_visitor.h
D	Source/3rdParty/bgfx/3rdparty/glsl-optimizer/src/glsl/ir_print_visitor.cpp
D	Source/3rdParty/bgfx/3rdparty/glsl-optimizer/src/glsl/ir_print_visitor.h
D	Source/3rdParty/bgfx/3rdparty/glsl-optimizer/src/glsl/ir_rvalue_visitor.cpp
D	Source/3rdParty/bgfx/3rdparty/glsl-optimizer/src/glsl/ir_rvalue_visitor.h
D	Source/3rdParty/bgfx/3rdparty/glsl-optimizer/src/glsl/ir_stats.cpp
D	Source/3rdParty/bgfx/3rdparty/glsl-optimizer/src/glsl/ir_stats.h
D	Source/3rdParty/bgfx/3rdparty/glsl-optimizer/src/glsl/ir_uniform.h
D	Source/3rdParty/bgfx/3rdparty/glsl-optimizer/src/glsl/ir_unused_structs.cpp
D	Source/3rdParty/bgfx/3rdparty/glsl-optimizer/src/glsl/ir_unused_structs.h
D	Source/3rdParty/bgfx/3rdparty/glsl-optimizer/src/glsl/ir_validate.cpp
D	Source/3rdParty/bgfx/3rdparty/glsl-optimizer/src/glsl/ir_variable_refcount.cpp
D	Source/3rdParty/bgfx/3rdparty/glsl-optimizer/src/glsl/ir_variable_refcount.h
D	Source/3rdParty/bgfx/3rdparty/glsl-optimizer/src/glsl/ir_visitor.h
D	Source/3rdParty/bgfx/3rdparty/glsl-optimizer/src/glsl/link_atomics.cpp
D	Source/3rdParty/bgfx/3rdparty/glsl-optimizer/src/glsl/link_functions.cpp
D	Source/3rdParty/bgfx/3rdparty/glsl-optimizer/src/glsl/link_interface_blocks.cpp
D	Source/3rdParty/bgfx/3rdparty/glsl-optimizer/src/glsl/link_uniform_block_active_visitor.cpp
D	Source/3rdParty/bgfx/3rdparty/glsl-optimizer/src/glsl/link_uniform_block_active_visitor.h
D	Source/3rdParty/bgfx/3rdparty/glsl-optimizer/src/glsl/link_uniform_blocks.cpp
D	Source/3rdParty/bgfx/3rdparty/glsl-optimizer/src/glsl/link_uniform_initializers.cpp
D	Source/3rdParty/bgfx/3rdparty/glsl-optimizer/src/glsl/link_uniforms.cpp
D	Source/3rdParty/bgfx/3rdparty/glsl-optimizer/src/glsl/link_varyings.cpp
D	Source/3rdParty/bgfx/3rdparty/glsl-optimizer/src/glsl/link_varyings.h
D	Source/3rdParty/bgfx/3rdparty/glsl-optimizer/src/glsl/linker.cpp
D	Source/3rdParty/bgfx/3rdparty/glsl-optimizer/src/glsl/linker.h
D	Source/3rdParty/bgfx/3rdparty/glsl-optimizer/src/glsl/list.h
D	Source/3rdParty/bgfx/3rdparty/glsl-optimizer/src/glsl/loop_analysis.cpp
D	Source/3rdParty/bgfx/3rdparty/glsl-optimizer/src/glsl/loop_analysis.h
D	Source/3rdParty/bgfx/3rdparty/glsl-optimizer/src/glsl/loop_controls.cpp
D	Source/3rdParty/bgfx/3rdparty/glsl-optimizer/src/glsl/loop_unroll.cpp
D	Source/3rdParty/bgfx/3rdparty/glsl-optimizer/src/glsl/lower_clip_distance.cpp
D	Source/3rdParty/bgfx/3rdparty/glsl-optimizer/src/glsl/lower_discard.cpp
D	Source/3rdParty/bgfx/3rdparty/glsl-optimizer/src/glsl/lower_discard_flow.cpp
D	Source/3rdParty/bgfx/3rdparty/glsl-optimizer/src/glsl/lower_if_to_cond_assign.cpp
D	Source/3rdParty/bgfx/3rdparty/glsl-optimizer/src/glsl/lower_instructions.cpp
D	Source/3rdParty/bgfx/3rdparty/glsl-optimizer/src/glsl/lower_jumps.cpp
D	Source/3rdParty/bgfx/3rdparty/glsl-optimizer/src/glsl/lower_mat_op_to_vec.cpp
D	Source/3rdParty/bgfx/3rdparty/glsl-optimizer/src/glsl/lower_named_interface_blocks.cpp
D	Source/3rdParty/bgfx/3rdparty/glsl-optimizer/src/glsl/lower_noise.cpp
D	Source/3rdParty/bgfx/3rdparty/glsl-optimizer/src/glsl/lower_offset_array.cpp
D	Source/3rdParty/bgfx/3rdparty/glsl-optimizer/src/glsl/lower_output_reads.cpp
D	Source/3rdParty/bgfx/3rdparty/glsl-optimizer/src/glsl/lower_packed_varyings.cpp
D	Source/3rdParty/bgfx/3rdparty/glsl-optimizer/src/glsl/lower_packing_builtins.cpp
D	Source/3rdParty/bgfx/3rdparty/glsl-optimizer/src/glsl/lower_ubo_reference.cpp
D	Source/3rdParty/bgfx/3rdparty/glsl-optimizer/src/glsl/lower_variable_index_to_cond_assign.cpp
D	Source/3rdParty/bgfx/3rdparty/glsl-optimizer/src/glsl/lower_vec_index_to_cond_assign.cpp
D	Source/3rdParty/bgfx/3rdparty/glsl-optimizer/src/glsl/lower_vec_index_to_swizzle.cpp
D	Source/3rdParty/bgfx/3rdparty/glsl-optimizer/src/glsl/lower_vector.cpp
D	Source/3rdParty/bgfx/3rdparty/glsl-optimizer/src/glsl/lower_vector_insert.cpp
D	Source/3rdParty/bgfx/3rdparty/glsl-optimizer/src/glsl/lower_vertex_id.cpp
D	Source/3rdParty/bgfx/3rdparty/glsl-optimizer/src/glsl/main.cpp
D	Source/3rdParty/bgfx/3rdparty/glsl-optimizer/src/glsl/opt_algebraic.cpp
D	Source/3rdParty/bgfx/3rdparty/glsl-optimizer/src/glsl/opt_array_splitting.cpp
D	Source/3rdParty/bgfx/3rdparty/glsl-optimizer/src/glsl/opt_constant_folding.cpp
D	Source/3rdParty/bgfx/3rdparty/glsl-optimizer/src/glsl/opt_constant_propagation.cpp
D	Source/3rdParty/bgfx/3rdparty/glsl-optimizer/src/glsl/opt_constant_variable.cpp
D	Source/3rdParty/bgfx/3rdparty/glsl-optimizer/src/glsl/opt_copy_propagation.cpp
D	Source/3rdParty/bgfx/3rdparty/glsl-optimizer/src/glsl/opt_copy_propagation_elements.cpp
D	Source/3rdParty/bgfx/3rdparty/glsl-optimizer/src/glsl/opt_cse.cpp
D	Source/3rdParty/bgfx/3rdparty/glsl-optimizer/src/glsl/opt_dead_builtin_variables.cpp
D	Source/3rdParty/bgfx/3rdparty/glsl-optimizer/src/glsl/opt_dead_builtin_varyings.cpp
D	Source/3rdParty/bgfx/3rdparty/glsl-optimizer/src/glsl/opt_dead_code.cpp
D	Source/3rdParty/bgfx/3rdparty/glsl-optimizer/src/glsl/opt_dead_code_local.cpp
D	Source/3rdParty/bgfx/3rdparty/glsl-optimizer/src/glsl/opt_dead_functions.cpp
D	Source/3rdParty/bgfx/3rdparty/glsl-optimizer/src/glsl/opt_flatten_nested_if_blocks.cpp
D	Source/3rdParty/bgfx/3rdparty/glsl-optimizer/src/glsl/opt_flip_matrices.cpp
D	Source/3rdParty/bgfx/3rdparty/glsl-optimizer/src/glsl/opt_function_inlining.cpp
D	Source/3rdParty/bgfx/3rdparty/glsl-optimizer/src/glsl/opt_if_simplification.cpp
D	Source/3rdParty/bgfx/3rdparty/glsl-optimizer/src/glsl/opt_minmax.cpp
D	Source/3rdParty/bgfx/3rdparty/glsl-optimizer/src/glsl/opt_noop_swizzle.cpp
D	Source/3rdParty/bgfx/3rdparty/glsl-optimizer/src/glsl/opt_rebalance_tree.cpp
D	Source/3rdParty/bgfx/3rdparty/glsl-optimizer/src/glsl/opt_redundant_jumps.cpp
D	Source/3rdParty/bgfx/3rdparty/glsl-optimizer/src/glsl/opt_structure_splitting.cpp
D	Source/3rdParty/bgfx/3rdparty/glsl-optimizer/src/glsl/opt_swizzle_swizzle.cpp
D	Source/3rdParty/bgfx/3rdparty/glsl-optimizer/src/glsl/opt_tree_grafting.cpp
D	Source/3rdParty/bgfx/3rdparty/glsl-optimizer/src/glsl/opt_vectorize.cpp
D	Source/3rdParty/bgfx/3rdparty/glsl-optimizer/src/glsl/program.h
D	Source/3rdParty/bgfx/3rdparty/glsl-optimizer/src/glsl/s_expression.cpp
D	Source/3rdParty/bgfx/3rdparty/glsl-optimizer/src/glsl/s_expression.h
D	Source/3rdParty/bgfx/3rdparty/glsl-optimizer/src/glsl/standalone_scaffolding.cpp
D	Source/3rdParty/bgfx/3rdparty/glsl-optimizer/src/glsl/standalone_scaffolding.h
D	Source/3rdParty/bgfx/3rdparty/glsl-optimizer/src/glsl/strtod.c
D	Source/3rdParty/bgfx/3rdparty/glsl-optimizer/src/glsl/strtod.h
D	Source/3rdParty/bgfx/3rdparty/glsl-optimizer/src/glsl_optimizer_lib.gyp
D	Source/3rdParty/bgfx/3rdparty/glsl-optimizer/src/mesa/main/compiler.h
D	Source/3rdParty/bgfx/3rdparty/glsl-optimizer/src/mesa/main/config.h
D	Source/3rdParty/bgfx/3rdparty/glsl-optimizer/src/mesa/main/context.h
D	Source/3rdParty/bgfx/3rdparty/glsl-optimizer/src/mesa/main/core.h
D	Source/3rdParty/bgfx/3rdparty/glsl-optimizer/src/mesa/main/dd.h
D	Source/3rdParty/bgfx/3rdparty/glsl-optimizer/src/mesa/main/errors.h
D	Source/3rdParty/bgfx/3rdparty/glsl-optimizer/src/mesa/main/glheader.h
D	Source/3rdParty/bgfx/3rdparty/glsl-optimizer/src/mesa/main/glminimal.h
D	Source/3rdParty/bgfx/3rdparty/glsl-optimizer/src/mesa/main/imports.c
D	Source/3rdParty/bgfx/3rdparty/glsl-optimizer/src/mesa/main/imports.h
D	Source/3rdParty/bgfx/3rdparty/glsl-optimizer/src/mesa/main/macros.h
D	Source/3rdParty/bgfx/3rdparty/glsl-optimizer/src/mesa/main/mtypes.h
D	Source/3rdParty/bgfx/3rdparty/glsl-optimizer/src/mesa/main/simple_list.h
D	Source/3rdParty/bgfx/3rdparty/glsl-optimizer/src/mesa/program/hash_table.h
D	Source/3rdParty/bgfx/3rdparty/glsl-optimizer/src/mesa/program/prog_hash_table.c
D	Source/3rdParty/bgfx/3rdparty/glsl-optimizer/src/mesa/program/prog_instruction.h
D	Source/3rdParty/bgfx/3rdparty/glsl-optimizer/src/mesa/program/prog_parameter.h
D	Source/3rdParty/bgfx/3rdparty/glsl-optimizer/src/mesa/program/prog_statevars.h
D	Source/3rdParty/bgfx/3rdparty/glsl-optimizer/src/mesa/program/symbol_table.c
D	Source/3rdParty/bgfx/3rdparty/glsl-optimizer/src/mesa/program/symbol_table.h
D	Source/3rdParty/bgfx/3rdparty/glsl-optimizer/src/node/binding.cpp
D	Source/3rdParty/bgfx/3rdparty/glsl-optimizer/src/node/compiler.cpp
D	Source/3rdParty/bgfx/3rdparty/glsl-optimizer/src/node/compiler.h
D	Source/3rdParty/bgfx/3rdparty/glsl-optimizer/src/node/shader.cpp
D	Source/3rdParty/bgfx/3rdparty/glsl-optimizer/src/node/shader.h
D	Source/3rdParty/bgfx/3rdparty/glsl-optimizer/src/util/Makefile.sources
D	Source/3rdParty/bgfx/3rdparty/glsl-optimizer/src/util/hash_table.c
D	Source/3rdParty/bgfx/3rdparty/glsl-optimizer/src/util/hash_table.h
D	Source/3rdParty/bgfx/3rdparty/glsl-optimizer/src/util/macros.h
D	Source/3rdParty/bgfx/3rdparty/glsl-optimizer/src/util/ralloc.c
D	Source/3rdParty/bgfx/3rdparty/glsl-optimizer/src/util/ralloc.h
M	Source/3rdParty/bgfx/3rdparty/glslang/LICENSE.txt
M	Source/3rdParty/bgfx/3rdparty/glslang/SPIRV/GLSL.ext.EXT.h
M	Source/3rdParty/bgfx/3rdparty/glslang/SPIRV/GLSL.ext.KHR.h
M	Source/3rdParty/bgfx/3rdparty/glslang/SPIRV/GLSL.ext.NV.h
M	Source/3rdParty/bgfx/3rdparty/glslang/SPIRV/GLSL.ext.QCOM.h
M	Source/3rdParty/bgfx/3rdparty/glslang/SPIRV/GlslangToSpv.cpp
M	Source/3rdParty/bgfx/3rdparty/glslang/SPIRV/GlslangToSpv.h
A	Source/3rdParty/bgfx/3rdparty/glslang/SPIRV/NonSemanticShaderDebugInfo.h
D	Source/3rdParty/bgfx/3rdparty/glslang/SPIRV/SPVRemapper.cpp
D	Source/3rdParty/bgfx/3rdparty/glslang/SPIRV/SPVRemapper.h
M	Source/3rdParty/bgfx/3rdparty/glslang/SPIRV/SpvBuilder.cpp
M	Source/3rdParty/bgfx/3rdparty/glslang/SPIRV/SpvBuilder.h
M	Source/3rdParty/bgfx/3rdparty/glslang/SPIRV/SpvPostProcess.cpp
M	Source/3rdParty/bgfx/3rdparty/glslang/SPIRV/SpvTools.cpp
M	Source/3rdParty/bgfx/3rdparty/glslang/SPIRV/SpvTools.h
M	Source/3rdParty/bgfx/3rdparty/glslang/SPIRV/disassemble.cpp
M	Source/3rdParty/bgfx/3rdparty/glslang/SPIRV/doc.cpp
M	Source/3rdParty/bgfx/3rdparty/glslang/SPIRV/hex_float.h
M	Source/3rdParty/bgfx/3rdparty/glslang/SPIRV/spirv.hpp11
M	Source/3rdParty/bgfx/3rdparty/glslang/SPIRV/spvIR.h
M	Source/3rdParty/bgfx/3rdparty/glslang/StandAlone/DirStackFileIncluder.h
M	Source/3rdParty/bgfx/3rdparty/glslang/StandAlone/StandAlone.cpp
D	Source/3rdParty/bgfx/3rdparty/glslang/StandAlone/spirv-remap.cpp
M	Source/3rdParty/bgfx/3rdparty/glslang/build_info.h
M	Source/3rdParty/bgfx/3rdparty/glslang/glslang/CInterface/glslang_c_interface.cpp
M	Source/3rdParty/bgfx/3rdparty/glslang/glslang/HLSL/hlslGrammar.cpp
M	Source/3rdParty/bgfx/3rdparty/glslang/glslang/HLSL/hlslParseHelper.cpp
M	Source/3rdParty/bgfx/3rdparty/glslang/glslang/HLSL/hlslParseHelper.h
M	Source/3rdParty/bgfx/3rdparty/glslang/glslang/HLSL/hlslScanContext.h
M	Source/3rdParty/bgfx/3rdparty/glslang/glslang/Include/BaseTypes.h
M	Source/3rdParty/bgfx/3rdparty/glslang/glslang/Include/InfoSink.h
M	Source/3rdParty/bgfx/3rdparty/glslang/glslang/Include/PoolAlloc.h
M	Source/3rdParty/bgfx/3rdparty/glslang/glslang/Include/Types.h
M	Source/3rdParty/bgfx/3rdparty/glslang/glslang/Include/arrays.h
A	Source/3rdParty/bgfx/3rdparty/glslang/glslang/Include/defer.h
M	Source/3rdParty/bgfx/3rdparty/glslang/glslang/Include/glslang_c_interface.h
M	Source/3rdParty/bgfx/3rdparty/glslang/glslang/Include/glslang_c_shader_types.h
M	Source/3rdParty/bgfx/3rdparty/glslang/glslang/Include/intermediate.h
M	Source/3rdParty/bgfx/3rdparty/glslang/glslang/Include/visibility.h
M	Source/3rdParty/bgfx/3rdparty/glslang/glslang/MachineIndependent/Constant.cpp
M	Source/3rdParty/bgfx/3rdparty/glslang/glslang/MachineIndependent/Initialize.cpp
M	Source/3rdParty/bgfx/3rdparty/glslang/glslang/MachineIndependent/Initialize.h
M	Source/3rdParty/bgfx/3rdparty/glslang/glslang/MachineIndependent/IntermTraverse.cpp
M	Source/3rdParty/bgfx/3rdparty/glslang/glslang/MachineIndependent/Intermediate.cpp
M	Source/3rdParty/bgfx/3rdparty/glslang/glslang/MachineIndependent/LiveTraverser.h
M	Source/3rdParty/bgfx/3rdparty/glslang/glslang/MachineIndependent/ParseContextBase.cpp
M	Source/3rdParty/bgfx/3rdparty/glslang/glslang/MachineIndependent/ParseHelper.cpp
M	Source/3rdParty/bgfx/3rdparty/glslang/glslang/MachineIndependent/ParseHelper.h
M	Source/3rdParty/bgfx/3rdparty/glslang/glslang/MachineIndependent/PoolAlloc.cpp
M	Source/3rdParty/bgfx/3rdparty/glslang/glslang/MachineIndependent/RemoveTree.cpp
M	Source/3rdParty/bgfx/3rdparty/glslang/glslang/MachineIndependent/Scan.cpp
M	Source/3rdParty/bgfx/3rdparty/glslang/glslang/MachineIndependent/ShaderLang.cpp
M	Source/3rdParty/bgfx/3rdparty/glslang/glslang/MachineIndependent/SpirvIntrinsics.cpp
M	Source/3rdParty/bgfx/3rdparty/glslang/glslang/MachineIndependent/SymbolTable.cpp
M	Source/3rdParty/bgfx/3rdparty/glslang/glslang/MachineIndependent/SymbolTable.h
M	Source/3rdParty/bgfx/3rdparty/glslang/glslang/MachineIndependent/Versions.cpp
M	Source/3rdParty/bgfx/3rdparty/glslang/glslang/MachineIndependent/Versions.h
M	Source/3rdParty/bgfx/3rdparty/glslang/glslang/MachineIndependent/attribute.cpp
M	Source/3rdParty/bgfx/3rdparty/glslang/glslang/MachineIndependent/attribute.h
M	Source/3rdParty/bgfx/3rdparty/glslang/glslang/MachineIndependent/glslang.y
M	Source/3rdParty/bgfx/3rdparty/glslang/glslang/MachineIndependent/glslang_tab.cpp
M	Source/3rdParty/bgfx/3rdparty/glslang/glslang/MachineIndependent/glslang_tab.cpp.h
M	Source/3rdParty/bgfx/3rdparty/glslang/glslang/MachineIndependent/intermOut.cpp
M	Source/3rdParty/bgfx/3rdparty/glslang/glslang/MachineIndependent/iomapper.cpp
M	Source/3rdParty/bgfx/3rdparty/glslang/glslang/MachineIndependent/iomapper.h
M	Source/3rdParty/bgfx/3rdparty/glslang/glslang/MachineIndependent/linkValidate.cpp
M	Source/3rdParty/bgfx/3rdparty/glslang/glslang/MachineIndependent/localintermediate.h
M	Source/3rdParty/bgfx/3rdparty/glslang/glslang/MachineIndependent/parseVersions.h
M	Source/3rdParty/bgfx/3rdparty/glslang/glslang/MachineIndependent/preprocessor/Pp.cpp
M	Source/3rdParty/bgfx/3rdparty/glslang/glslang/MachineIndependent/preprocessor/PpContext.cpp
M	Source/3rdParty/bgfx/3rdparty/glslang/glslang/MachineIndependent/preprocessor/PpContext.h
M	Source/3rdParty/bgfx/3rdparty/glslang/glslang/MachineIndependent/preprocessor/PpScanner.cpp
M	Source/3rdParty/bgfx/3rdparty/glslang/glslang/MachineIndependent/preprocessor/PpTokens.cpp
M	Source/3rdParty/bgfx/3rdparty/glslang/glslang/MachineIndependent/preprocessor/PpTokens.h
M	Source/3rdParty/bgfx/3rdparty/glslang/glslang/MachineIndependent/propagateNoContraction.cpp
M	Source/3rdParty/bgfx/3rdparty/glslang/glslang/Public/ShaderLang.h
M	Source/3rdParty/bgfx/3rdparty/glslang/glslang/Public/resource_limits_c.h
M	Source/3rdParty/bgfx/3rdparty/glslang/glslang/ResourceLimits/resource_limits_c.cpp
A	Source/3rdParty/bgfx/3rdparty/h264/h264.h
M	Source/3rdParty/bgfx/3rdparty/khronos/EGL/egl.h
M	Source/3rdParty/bgfx/3rdparty/khronos/EGL/eglext.h
M	Source/3rdParty/bgfx/3rdparty/khronos/EGL/eglplatform.h
D	Source/3rdParty/bgfx/3rdparty/khronos/GLES2/gl2.h
M	Source/3rdParty/bgfx/3rdparty/khronos/GLES2/gl2ext.h
D	Source/3rdParty/bgfx/3rdparty/khronos/GLES2/gl2platform.h
M	Source/3rdParty/bgfx/3rdparty/khronos/GLES3/gl3.h
M	Source/3rdParty/bgfx/3rdparty/khronos/gl/glcorearb.h
M	Source/3rdParty/bgfx/3rdparty/khronos/gl/glext.h
M	Source/3rdParty/bgfx/3rdparty/khronos/vulkan-local/vk_icd.h
M	Source/3rdParty/bgfx/3rdparty/khronos/vulkan-local/vk_layer.h
M	Source/3rdParty/bgfx/3rdparty/khronos/vulkan-local/vk_platform.h
M	Source/3rdParty/bgfx/3rdparty/khronos/vulkan-local/vk_video/vulkan_video_codec_av1std.h
M	Source/3rdParty/bgfx/3rdparty/khronos/vulkan-local/vk_video/vulkan_video_codec_av1std_decode.h
M	Source/3rdParty/bgfx/3rdparty/khronos/vulkan-local/vk_video/vulkan_video_codec_av1std_encode.h
M	Source/3rdParty/bgfx/3rdparty/khronos/vulkan-local/vk_video/vulkan_video_codec_h264std.h
M	Source/3rdParty/bgfx/3rdparty/khronos/vulkan-local/vk_video/vulkan_video_codec_h264std_decode.h
M	Source/3rdParty/bgfx/3rdparty/khronos/vulkan-local/vk_video/vulkan_video_codec_h264std_encode.h
M	Source/3rdParty/bgfx/3rdparty/khronos/vulkan-local/vk_video/vulkan_video_codec_h265std.h
M	Source/3rdParty/bgfx/3rdparty/khronos/vulkan-local/vk_video/vulkan_video_codec_h265std_decode.h
M	Source/3rdParty/bgfx/3rdparty/khronos/vulkan-local/vk_video/vulkan_video_codec_h265std_encode.h
M	Source/3rdParty/bgfx/3rdparty/khronos/vulkan-local/vk_video/vulkan_video_codec_vp9std.h
M	Source/3rdParty/bgfx/3rdparty/khronos/vulkan-local/vk_video/vulkan_video_codec_vp9std_decode.h
M	Source/3rdParty/bgfx/3rdparty/khronos/vulkan-local/vk_video/vulkan_video_codecs_common.h
M	Source/3rdParty/bgfx/3rdparty/khronos/vulkan-local/vulkan.h
M	Source/3rdParty/bgfx/3rdparty/khronos/vulkan-local/vulkan_android.h
M	Source/3rdParty/bgfx/3rdparty/khronos/vulkan-local/vulkan_beta.h
M	Source/3rdParty/bgfx/3rdparty/khronos/vulkan-local/vulkan_core.h
M	Source/3rdParty/bgfx/3rdparty/khronos/vulkan-local/vulkan_directfb.h
M	Source/3rdParty/bgfx/3rdparty/khronos/vulkan-local/vulkan_fuchsia.h
M	Source/3rdParty/bgfx/3rdparty/khronos/vulkan-local/vulkan_ggp.h
M	Source/3rdParty/bgfx/3rdparty/khronos/vulkan-local/vulkan_ios.h
M	Source/3rdParty/bgfx/3rdparty/khronos/vulkan-local/vulkan_macos.h
M	Source/3rdParty/bgfx/3rdparty/khronos/vulkan-local/vulkan_metal.h
M	Source/3rdParty/bgfx/3rdparty/khronos/vulkan-local/vulkan_ohos.h
M	Source/3rdParty/bgfx/3rdparty/khronos/vulkan-local/vulkan_screen.h
A	Source/3rdParty/bgfx/3rdparty/khronos/vulkan-local/vulkan_ubm.h
M	Source/3rdParty/bgfx/3rdparty/khronos/vulkan-local/vulkan_vi.h
M	Source/3rdParty/bgfx/3rdparty/khronos/vulkan-local/vulkan_wayland.h
M	Source/3rdParty/bgfx/3rdparty/khronos/vulkan-local/vulkan_win32.h
M	Source/3rdParty/bgfx/3rdparty/khronos/vulkan-local/vulkan_xcb.h
M	Source/3rdParty/bgfx/3rdparty/khronos/vulkan-local/vulkan_xlib.h
M	Source/3rdParty/bgfx/3rdparty/khronos/vulkan-local/vulkan_xlib_xrandr.h
A	Source/3rdParty/bgfx/3rdparty/l-smash/LICENSE
A	Source/3rdParty/bgfx/3rdparty/l-smash/codecs/a52.c
A	Source/3rdParty/bgfx/3rdparty/l-smash/codecs/a52.h
A	Source/3rdParty/bgfx/3rdparty/l-smash/codecs/alac.c
A	Source/3rdParty/bgfx/3rdparty/l-smash/codecs/description.c
A	Source/3rdParty/bgfx/3rdparty/l-smash/codecs/description.h
A	Source/3rdParty/bgfx/3rdparty/l-smash/codecs/dts.c
A	Source/3rdParty/bgfx/3rdparty/l-smash/codecs/dts.h
A	Source/3rdParty/bgfx/3rdparty/l-smash/codecs/h264.c
A	Source/3rdParty/bgfx/3rdparty/l-smash/codecs/h264.h
A	Source/3rdParty/bgfx/3rdparty/l-smash/codecs/hevc.c
A	Source/3rdParty/bgfx/3rdparty/l-smash/codecs/hevc.h
A	Source/3rdParty/bgfx/3rdparty/l-smash/codecs/id.c
A	Source/3rdParty/bgfx/3rdparty/l-smash/codecs/mp4a.c
A	Source/3rdParty/bgfx/3rdparty/l-smash/codecs/mp4a.h
A	Source/3rdParty/bgfx/3rdparty/l-smash/codecs/mp4sys.c
A	Source/3rdParty/bgfx/3rdparty/l-smash/codecs/mp4sys.h
A	Source/3rdParty/bgfx/3rdparty/l-smash/codecs/mp4v.c
A	Source/3rdParty/bgfx/3rdparty/l-smash/codecs/nalu.c
A	Source/3rdParty/bgfx/3rdparty/l-smash/codecs/nalu.h
A	Source/3rdParty/bgfx/3rdparty/l-smash/codecs/qt_wfex.c
A	Source/3rdParty/bgfx/3rdparty/l-smash/codecs/vc1.c
A	Source/3rdParty/bgfx/3rdparty/l-smash/codecs/vc1.h
A	Source/3rdParty/bgfx/3rdparty/l-smash/codecs/wma.c
A	Source/3rdParty/bgfx/3rdparty/l-smash/common/alloc.c
A	Source/3rdParty/bgfx/3rdparty/l-smash/common/bits.c
A	Source/3rdParty/bgfx/3rdparty/l-smash/common/bits.h
A	Source/3rdParty/bgfx/3rdparty/l-smash/common/bytes.c
A	Source/3rdParty/bgfx/3rdparty/l-smash/common/bytes.h
A	Source/3rdParty/bgfx/3rdparty/l-smash/common/internal.h
A	Source/3rdParty/bgfx/3rdparty/l-smash/common/list.c
A	Source/3rdParty/bgfx/3rdparty/l-smash/common/list.h
A	Source/3rdParty/bgfx/3rdparty/l-smash/common/memint.h
A	Source/3rdParty/bgfx/3rdparty/l-smash/common/multibuf.c
A	Source/3rdParty/bgfx/3rdparty/l-smash/common/multibuf.h
A	Source/3rdParty/bgfx/3rdparty/l-smash/common/osdep.c
A	Source/3rdParty/bgfx/3rdparty/l-smash/common/osdep.h
A	Source/3rdParty/bgfx/3rdparty/l-smash/common/utils.c
A	Source/3rdParty/bgfx/3rdparty/l-smash/common/utils.h
A	Source/3rdParty/bgfx/3rdparty/l-smash/core/box.c
A	Source/3rdParty/bgfx/3rdparty/l-smash/core/box.h
A	Source/3rdParty/bgfx/3rdparty/l-smash/core/box_default.c
A	Source/3rdParty/bgfx/3rdparty/l-smash/core/box_default.h
A	Source/3rdParty/bgfx/3rdparty/l-smash/core/box_type.c
A	Source/3rdParty/bgfx/3rdparty/l-smash/core/box_type.h
A	Source/3rdParty/bgfx/3rdparty/l-smash/core/chapter.c
A	Source/3rdParty/bgfx/3rdparty/l-smash/core/file.c
A	Source/3rdParty/bgfx/3rdparty/l-smash/core/file.h
A	Source/3rdParty/bgfx/3rdparty/l-smash/core/fragment.c
A	Source/3rdParty/bgfx/3rdparty/l-smash/core/fragment.h
A	Source/3rdParty/bgfx/3rdparty/l-smash/core/isom.c
A	Source/3rdParty/bgfx/3rdparty/l-smash/core/meta.c
A	Source/3rdParty/bgfx/3rdparty/l-smash/core/print.c
A	Source/3rdParty/bgfx/3rdparty/l-smash/core/print.h
A	Source/3rdParty/bgfx/3rdparty/l-smash/core/read.c
A	Source/3rdParty/bgfx/3rdparty/l-smash/core/read.h
A	Source/3rdParty/bgfx/3rdparty/l-smash/core/summary.c
A	Source/3rdParty/bgfx/3rdparty/l-smash/core/timeline.c
A	Source/3rdParty/bgfx/3rdparty/l-smash/core/timeline.h
A	Source/3rdParty/bgfx/3rdparty/l-smash/core/write.c
A	Source/3rdParty/bgfx/3rdparty/l-smash/core/write.h
A	Source/3rdParty/bgfx/3rdparty/l-smash/importer/a52_imp.c
A	Source/3rdParty/bgfx/3rdparty/l-smash/importer/adts_imp.c
A	Source/3rdParty/bgfx/3rdparty/l-smash/importer/als_imp.c
A	Source/3rdParty/bgfx/3rdparty/l-smash/importer/amr_imp.c
A	Source/3rdParty/bgfx/3rdparty/l-smash/importer/dts_imp.c
A	Source/3rdParty/bgfx/3rdparty/l-smash/importer/importer.c
A	Source/3rdParty/bgfx/3rdparty/l-smash/importer/importer.h
A	Source/3rdParty/bgfx/3rdparty/l-smash/importer/isobm_imp.c
A	Source/3rdParty/bgfx/3rdparty/l-smash/importer/mp3_imp.c
A	Source/3rdParty/bgfx/3rdparty/l-smash/importer/nalu_imp.c
A	Source/3rdParty/bgfx/3rdparty/l-smash/importer/vc1_imp.c
A	Source/3rdParty/bgfx/3rdparty/l-smash/importer/wave_imp.c
A	Source/3rdParty/bgfx/3rdparty/l-smash/lsmash.h
A	Source/3rdParty/bgfx/3rdparty/metal-cpp/LICENSE.txt
A	Source/3rdParty/bgfx/3rdparty/metal-cpp/metal.hpp
A	Source/3rdParty/bgfx/3rdparty/spirv-cross/NonSemanticShaderDebugInfo100.h
M	Source/3rdParty/bgfx/3rdparty/spirv-cross/main.cpp
M	Source/3rdParty/bgfx/3rdparty/spirv-cross/spirv.h
M	Source/3rdParty/bgfx/3rdparty/spirv-cross/spirv.hpp
M	Source/3rdParty/bgfx/3rdparty/spirv-cross/spirv_cfg.cpp
M	Source/3rdParty/bgfx/3rdparty/spirv-cross/spirv_cfg.hpp
M	Source/3rdParty/bgfx/3rdparty/spirv-cross/spirv_common.hpp
M	Source/3rdParty/bgfx/3rdparty/spirv-cross/spirv_cpp.cpp
M	Source/3rdParty/bgfx/3rdparty/spirv-cross/spirv_cross.cpp
M	Source/3rdParty/bgfx/3rdparty/spirv-cross/spirv_cross.hpp
M	Source/3rdParty/bgfx/3rdparty/spirv-cross/spirv_cross_c.cpp
M	Source/3rdParty/bgfx/3rdparty/spirv-cross/spirv_cross_c.h
M	Source/3rdParty/bgfx/3rdparty/spirv-cross/spirv_cross_parsed_ir.cpp
M	Source/3rdParty/bgfx/3rdparty/spirv-cross/spirv_cross_parsed_ir.hpp
M	Source/3rdParty/bgfx/3rdparty/spirv-cross/spirv_cross_util.cpp
M	Source/3rdParty/bgfx/3rdparty/spirv-cross/spirv_glsl.cpp
M	Source/3rdParty/bgfx/3rdparty/spirv-cross/spirv_glsl.hpp
M	Source/3rdParty/bgfx/3rdparty/spirv-cross/spirv_hlsl.cpp
M	Source/3rdParty/bgfx/3rdparty/spirv-cross/spirv_hlsl.hpp
M	Source/3rdParty/bgfx/3rdparty/spirv-cross/spirv_msl.cpp
M	Source/3rdParty/bgfx/3rdparty/spirv-cross/spirv_msl.hpp
M	Source/3rdParty/bgfx/3rdparty/spirv-cross/spirv_parser.cpp
M	Source/3rdParty/bgfx/3rdparty/spirv-cross/spirv_reflect.cpp
M	Source/3rdParty/bgfx/3rdparty/spirv-cross/spirv_reflect.hpp
M	Source/3rdParty/bgfx/3rdparty/spirv-headers/include/spirv/spir-v.xml
A	Source/3rdParty/bgfx/3rdparty/spirv-headers/include/spirv/unified1/ArmExperimentalMLOperations.h
A	Source/3rdParty/bgfx/3rdparty/spirv-headers/include/spirv/unified1/NonSemanticGraphDebugInfo.h
A	Source/3rdParty/bgfx/3rdparty/spirv-headers/include/spirv/unified1/NonSemanticShaderDebugInfo.h
M	Source/3rdParty/bgfx/3rdparty/spirv-headers/include/spirv/unified1/NonSemanticShaderDebugInfo100.h
M	Source/3rdParty/bgfx/3rdparty/spirv-headers/include/spirv/unified1/TOSA.001000.1.h
A	Source/3rdParty/bgfx/3rdparty/spirv-headers/include/spirv/unified1/extinst.arm.experimental-ml-operations.grammar.json
M	Source/3rdParty/bgfx/3rdparty/spirv-headers/include/spirv/unified1/extinst.debuginfo.grammar.json
A	Source/3rdParty/bgfx/3rdparty/spirv-headers/include/spirv/unified1/extinst.nonsemantic.graph.debuginfo.grammar.json
M	Source/3rdParty/bgfx/3rdparty/spirv-headers/include/spirv/unified1/extinst.nonsemantic.shader.debuginfo.100.grammar.json
A	Source/3rdParty/bgfx/3rdparty/spirv-headers/include/spirv/unified1/extinst.nonsemantic.shader.debuginfo.grammar.json
M	Source/3rdParty/bgfx/3rdparty/spirv-headers/include/spirv/unified1/extinst.opencl.debuginfo.100.grammar.json
M	Source/3rdParty/bgfx/3rdparty/spirv-headers/include/spirv/unified1/extinst.tosa.001000.1.grammar.json
M	Source/3rdParty/bgfx/3rdparty/spirv-headers/include/spirv/unified1/spirv.core.grammar.json
M	Source/3rdParty/bgfx/3rdparty/spirv-headers/include/spirv/unified1/spirv.h
M	Source/3rdParty/bgfx/3rdparty/spirv-headers/include/spirv/unified1/spirv.hpp11
M	Source/3rdParty/bgfx/3rdparty/spirv-headers/include/spirv/unified1/spirv.json
M	Source/3rdParty/bgfx/3rdparty/spirv-tools/include/generated/build-version.inc
M	Source/3rdParty/bgfx/3rdparty/spirv-tools/include/generated/core_tables_body.inc
M	Source/3rdParty/bgfx/3rdparty/spirv-tools/include/generated/core_tables_header.inc
M	Source/3rdParty/bgfx/3rdparty/spirv-tools/include/generated/generators.inc
M	Source/3rdParty/bgfx/3rdparty/spirv-tools/include/spirv-tools/libspirv.h
M	Source/3rdParty/bgfx/3rdparty/spirv-tools/include/spirv-tools/libspirv.hpp
M	Source/3rdParty/bgfx/3rdparty/spirv-tools/include/spirv-tools/optimizer.hpp
M	Source/3rdParty/bgfx/3rdparty/spirv-tools/source/assembly_grammar.cpp
M	Source/3rdParty/bgfx/3rdparty/spirv-tools/source/binary.cpp
M	Source/3rdParty/bgfx/3rdparty/spirv-tools/source/binary.h
M	Source/3rdParty/bgfx/3rdparty/spirv-tools/source/common_debug_info.h
M	Source/3rdParty/bgfx/3rdparty/spirv-tools/source/diagnostic.cpp
M	Source/3rdParty/bgfx/3rdparty/spirv-tools/source/diagnostic.h
M	Source/3rdParty/bgfx/3rdparty/spirv-tools/source/diff/diff.cpp
M	Source/3rdParty/bgfx/3rdparty/spirv-tools/source/disassemble.cpp
M	Source/3rdParty/bgfx/3rdparty/spirv-tools/source/disassemble.h
M	Source/3rdParty/bgfx/3rdparty/spirv-tools/source/enum_set.h
M	Source/3rdParty/bgfx/3rdparty/spirv-tools/source/ext_inst.cpp
M	Source/3rdParty/bgfx/3rdparty/spirv-tools/source/link/linker.cpp
M	Source/3rdParty/bgfx/3rdparty/spirv-tools/source/name_mapper.cpp
M	Source/3rdParty/bgfx/3rdparty/spirv-tools/source/name_mapper.h
M	Source/3rdParty/bgfx/3rdparty/spirv-tools/source/opcode.cpp
M	Source/3rdParty/bgfx/3rdparty/spirv-tools/source/opcode.h
M	Source/3rdParty/bgfx/3rdparty/spirv-tools/source/operand.cpp
M	Source/3rdParty/bgfx/3rdparty/spirv-tools/source/opt/aggressive_dead_code_elim_pass.cpp
M	Source/3rdParty/bgfx/3rdparty/spirv-tools/source/opt/aggressive_dead_code_elim_pass.h
M	Source/3rdParty/bgfx/3rdparty/spirv-tools/source/opt/amd_ext_to_khr.cpp
M	Source/3rdParty/bgfx/3rdparty/spirv-tools/source/opt/basic_block.cpp
M	Source/3rdParty/bgfx/3rdparty/spirv-tools/source/opt/canonicalize_ids_pass.cpp
M	Source/3rdParty/bgfx/3rdparty/spirv-tools/source/opt/ccp_pass.cpp
M	Source/3rdParty/bgfx/3rdparty/spirv-tools/source/opt/cfg.cpp
M	Source/3rdParty/bgfx/3rdparty/spirv-tools/source/opt/cfg_cleanup_pass.cpp
M	Source/3rdParty/bgfx/3rdparty/spirv-tools/source/opt/code_sink.cpp
M	Source/3rdParty/bgfx/3rdparty/spirv-tools/source/opt/combine_access_chains.cpp
M	Source/3rdParty/bgfx/3rdparty/spirv-tools/source/opt/combine_access_chains.h
M	Source/3rdParty/bgfx/3rdparty/spirv-tools/source/opt/const_folding_rules.cpp
M	Source/3rdParty/bgfx/3rdparty/spirv-tools/source/opt/constants.cpp
M	Source/3rdParty/bgfx/3rdparty/spirv-tools/source/opt/constants.h
M	Source/3rdParty/bgfx/3rdparty/spirv-tools/source/opt/convert_to_half_pass.cpp
M	Source/3rdParty/bgfx/3rdparty/spirv-tools/source/opt/convert_to_half_pass.h
M	Source/3rdParty/bgfx/3rdparty/spirv-tools/source/opt/convert_to_sampled_image_pass.cpp
A	Source/3rdParty/bgfx/3rdparty/spirv-tools/source/opt/convert_to_untyped.cpp
A	Source/3rdParty/bgfx/3rdparty/spirv-tools/source/opt/convert_to_untyped.h
M	Source/3rdParty/bgfx/3rdparty/spirv-tools/source/opt/copy_prop_arrays.cpp
M	Source/3rdParty/bgfx/3rdparty/spirv-tools/source/opt/copy_prop_arrays.h
M	Source/3rdParty/bgfx/3rdparty/spirv-tools/source/opt/dead_branch_elim_pass.cpp
M	Source/3rdParty/bgfx/3rdparty/spirv-tools/source/opt/debug_info_manager.cpp
M	Source/3rdParty/bgfx/3rdparty/spirv-tools/source/opt/debug_info_manager.h
M	Source/3rdParty/bgfx/3rdparty/spirv-tools/source/opt/decoration_manager.cpp
M	Source/3rdParty/bgfx/3rdparty/spirv-tools/source/opt/dominator_analysis.h
M	Source/3rdParty/bgfx/3rdparty/spirv-tools/source/opt/dominator_tree.cpp
M	Source/3rdParty/bgfx/3rdparty/spirv-tools/source/opt/dominator_tree.h
M	Source/3rdParty/bgfx/3rdparty/spirv-tools/source/opt/eliminate_dead_members_pass.cpp
M	Source/3rdParty/bgfx/3rdparty/spirv-tools/source/opt/feature_manager.cpp
M	Source/3rdParty/bgfx/3rdparty/spirv-tools/source/opt/feature_manager.h
M	Source/3rdParty/bgfx/3rdparty/spirv-tools/source/opt/fix_func_call_arguments.cpp
M	Source/3rdParty/bgfx/3rdparty/spirv-tools/source/opt/fold.cpp
M	Source/3rdParty/bgfx/3rdparty/spirv-tools/source/opt/fold_spec_constant_op_and_composite_pass.cpp
M	Source/3rdParty/bgfx/3rdparty/spirv-tools/source/opt/fold_spec_constant_op_and_composite_pass.h
M	Source/3rdParty/bgfx/3rdparty/spirv-tools/source/opt/folding_rules.cpp
M	Source/3rdParty/bgfx/3rdparty/spirv-tools/source/opt/freeze_spec_constant_value_pass.cpp
M	Source/3rdParty/bgfx/3rdparty/spirv-tools/source/opt/function.cpp
M	Source/3rdParty/bgfx/3rdparty/spirv-tools/source/opt/function.h
A	Source/3rdParty/bgfx/3rdparty/spirv-tools/source/opt/graph.cpp
A	Source/3rdParty/bgfx/3rdparty/spirv-tools/source/opt/graph.h
M	Source/3rdParty/bgfx/3rdparty/spirv-tools/source/opt/if_conversion.cpp
M	Source/3rdParty/bgfx/3rdparty/spirv-tools/source/opt/inline_exhaustive_pass.cpp
M	Source/3rdParty/bgfx/3rdparty/spirv-tools/source/opt/inline_opaque_pass.cpp
M	Source/3rdParty/bgfx/3rdparty/spirv-tools/source/opt/inline_pass.cpp
M	Source/3rdParty/bgfx/3rdparty/spirv-tools/source/opt/instruction.cpp
M	Source/3rdParty/bgfx/3rdparty/spirv-tools/source/opt/instruction.h
M	Source/3rdParty/bgfx/3rdparty/spirv-tools/source/opt/ir_builder.h
M	Source/3rdParty/bgfx/3rdparty/spirv-tools/source/opt/ir_context.cpp
M	Source/3rdParty/bgfx/3rdparty/spirv-tools/source/opt/ir_context.h
M	Source/3rdParty/bgfx/3rdparty/spirv-tools/source/opt/ir_loader.cpp
M	Source/3rdParty/bgfx/3rdparty/spirv-tools/source/opt/ir_loader.h
A	Source/3rdParty/bgfx/3rdparty/spirv-tools/source/opt/legalize_multidim_array_pass.cpp
A	Source/3rdParty/bgfx/3rdparty/spirv-tools/source/opt/legalize_multidim_array_pass.h
M	Source/3rdParty/bgfx/3rdparty/spirv-tools/source/opt/licm_pass.cpp
M	Source/3rdParty/bgfx/3rdparty/spirv-tools/source/opt/local_access_chain_convert_pass.cpp
M	Source/3rdParty/bgfx/3rdparty/spirv-tools/source/opt/local_single_block_elim_pass.cpp
M	Source/3rdParty/bgfx/3rdparty/spirv-tools/source/opt/local_single_store_elim_pass.cpp
M	Source/3rdParty/bgfx/3rdparty/spirv-tools/source/opt/loop_descriptor.cpp
M	Source/3rdParty/bgfx/3rdparty/spirv-tools/source/opt/loop_descriptor.h
M	Source/3rdParty/bgfx/3rdparty/spirv-tools/source/opt/loop_fusion_pass.cpp
M	Source/3rdParty/bgfx/3rdparty/spirv-tools/source/opt/loop_fusion_pass.h
M	Source/3rdParty/bgfx/3rdparty/spirv-tools/source/opt/loop_peeling.cpp
M	Source/3rdParty/bgfx/3rdparty/spirv-tools/source/opt/loop_unroller.cpp
M	Source/3rdParty/bgfx/3rdparty/spirv-tools/source/opt/loop_unswitch_pass.cpp
M	Source/3rdParty/bgfx/3rdparty/spirv-tools/source/opt/loop_utils.cpp
M	Source/3rdParty/bgfx/3rdparty/spirv-tools/source/opt/loop_utils.h
M	Source/3rdParty/bgfx/3rdparty/spirv-tools/source/opt/mem_pass.cpp
M	Source/3rdParty/bgfx/3rdparty/spirv-tools/source/opt/mem_pass.h
M	Source/3rdParty/bgfx/3rdparty/spirv-tools/source/opt/merge_return_pass.cpp
M	Source/3rdParty/bgfx/3rdparty/spirv-tools/source/opt/merge_return_pass.h
M	Source/3rdParty/bgfx/3rdparty/spirv-tools/source/opt/module.cpp
M	Source/3rdParty/bgfx/3rdparty/spirv-tools/source/opt/module.h
M	Source/3rdParty/bgfx/3rdparty/spirv-tools/source/opt/optimizer.cpp
M	Source/3rdParty/bgfx/3rdparty/spirv-tools/source/opt/pass.cpp
M	Source/3rdParty/bgfx/3rdparty/spirv-tools/source/opt/pass.h
M	Source/3rdParty/bgfx/3rdparty/spirv-tools/source/opt/passes.h
M	Source/3rdParty/bgfx/3rdparty/spirv-tools/source/opt/propagator.cpp
M	Source/3rdParty/bgfx/3rdparty/spirv-tools/source/opt/propagator.h
M	Source/3rdParty/bgfx/3rdparty/spirv-tools/source/opt/reduce_load_size.cpp
M	Source/3rdParty/bgfx/3rdparty/spirv-tools/source/opt/reflect.h
M	Source/3rdParty/bgfx/3rdparty/spirv-tools/source/opt/remove_unused_interface_variables_pass.cpp
M	Source/3rdParty/bgfx/3rdparty/spirv-tools/source/opt/replace_desc_array_access_using_var_index.cpp
M	Source/3rdParty/bgfx/3rdparty/spirv-tools/source/opt/replace_desc_array_access_using_var_index.h
M	Source/3rdParty/bgfx/3rdparty/spirv-tools/source/opt/replace_invalid_opc.cpp
M	Source/3rdParty/bgfx/3rdparty/spirv-tools/source/opt/set_spec_constant_default_value_pass.cpp
M	Source/3rdParty/bgfx/3rdparty/spirv-tools/source/opt/split_combined_image_sampler_pass.cpp
M	Source/3rdParty/bgfx/3rdparty/spirv-tools/source/opt/strip_debug_info_pass.cpp
M	Source/3rdParty/bgfx/3rdparty/spirv-tools/source/opt/struct_cfg_analysis.cpp
M	Source/3rdParty/bgfx/3rdparty/spirv-tools/source/opt/struct_cfg_analysis.h
M	Source/3rdParty/bgfx/3rdparty/spirv-tools/source/opt/type_manager.cpp
M	Source/3rdParty/bgfx/3rdparty/spirv-tools/source/opt/type_manager.h
M	Source/3rdParty/bgfx/3rdparty/spirv-tools/source/opt/types.cpp
M	Source/3rdParty/bgfx/3rdparty/spirv-tools/source/opt/types.h
M	Source/3rdParty/bgfx/3rdparty/spirv-tools/source/opt/upgrade_memory_model.cpp
M	Source/3rdParty/bgfx/3rdparty/spirv-tools/source/opt/value_number_table.cpp
M	Source/3rdParty/bgfx/3rdparty/spirv-tools/source/opt/value_number_table.h
M	Source/3rdParty/bgfx/3rdparty/spirv-tools/source/parsed_operand.cpp
M	Source/3rdParty/bgfx/3rdparty/spirv-tools/source/spirv_target_env.cpp
M	Source/3rdParty/bgfx/3rdparty/spirv-tools/source/spirv_validator_options.cpp
M	Source/3rdParty/bgfx/3rdparty/spirv-tools/source/spirv_validator_options.h
M	Source/3rdParty/bgfx/3rdparty/spirv-tools/source/table2.cpp
M	Source/3rdParty/bgfx/3rdparty/spirv-tools/source/table2.h
M	Source/3rdParty/bgfx/3rdparty/spirv-tools/source/text.cpp
M	Source/3rdParty/bgfx/3rdparty/spirv-tools/source/text_handler.cpp
M	Source/3rdParty/bgfx/3rdparty/spirv-tools/source/util/bit_vector.cpp
M	Source/3rdParty/bgfx/3rdparty/spirv-tools/source/util/bit_vector.h
M	Source/3rdParty/bgfx/3rdparty/spirv-tools/source/util/bitutils.h
M	Source/3rdParty/bgfx/3rdparty/spirv-tools/source/util/hash_combine.h
M	Source/3rdParty/bgfx/3rdparty/spirv-tools/source/util/hex_float.h
M	Source/3rdParty/bgfx/3rdparty/spirv-tools/source/util/parse_number.cpp
M	Source/3rdParty/bgfx/3rdparty/spirv-tools/source/util/parse_number.h
M	Source/3rdParty/bgfx/3rdparty/spirv-tools/source/util/small_vector.h
A	Source/3rdParty/bgfx/3rdparty/spirv-tools/source/util/status.h
M	Source/3rdParty/bgfx/3rdparty/spirv-tools/source/util/timer.h
M	Source/3rdParty/bgfx/3rdparty/spirv-tools/source/val/validate.cpp
M	Source/3rdParty/bgfx/3rdparty/spirv-tools/source/val/validate.h
M	Source/3rdParty/bgfx/3rdparty/spirv-tools/source/val/validate_annotation.cpp
M	Source/3rdParty/bgfx/3rdparty/spirv-tools/source/val/validate_arithmetics.cpp
M	Source/3rdParty/bgfx/3rdparty/spirv-tools/source/val/validate_atomics.cpp
M	Source/3rdParty/bgfx/3rdparty/spirv-tools/source/val/validate_barriers.cpp
M	Source/3rdParty/bgfx/3rdparty/spirv-tools/source/val/validate_bitwise.cpp
M	Source/3rdParty/bgfx/3rdparty/spirv-tools/source/val/validate_builtins.cpp
M	Source/3rdParty/bgfx/3rdparty/spirv-tools/source/val/validate_capability.cpp
M	Source/3rdParty/bgfx/3rdparty/spirv-tools/source/val/validate_cfg.cpp
M	Source/3rdParty/bgfx/3rdparty/spirv-tools/source/val/validate_composites.cpp
M	Source/3rdParty/bgfx/3rdparty/spirv-tools/source/val/validate_constants.cpp
M	Source/3rdParty/bgfx/3rdparty/spirv-tools/source/val/validate_conversion.cpp
M	Source/3rdParty/bgfx/3rdparty/spirv-tools/source/val/validate_decorations.cpp
M	Source/3rdParty/bgfx/3rdparty/spirv-tools/source/val/validate_derivatives.cpp
A	Source/3rdParty/bgfx/3rdparty/spirv-tools/source/val/validate_dot_product.cpp
A	Source/3rdParty/bgfx/3rdparty/spirv-tools/source/val/validate_explicit_layout.cpp
M	Source/3rdParty/bgfx/3rdparty/spirv-tools/source/val/validate_extensions.cpp
M	Source/3rdParty/bgfx/3rdparty/spirv-tools/source/val/validate_function.cpp
M	Source/3rdParty/bgfx/3rdparty/spirv-tools/source/val/validate_graph.cpp
A	Source/3rdParty/bgfx/3rdparty/spirv-tools/source/val/validate_group.cpp
M	Source/3rdParty/bgfx/3rdparty/spirv-tools/source/val/validate_id.cpp
M	Source/3rdParty/bgfx/3rdparty/spirv-tools/source/val/validate_image.cpp
M	Source/3rdParty/bgfx/3rdparty/spirv-tools/source/val/validate_instruction.cpp
M	Source/3rdParty/bgfx/3rdparty/spirv-tools/source/val/validate_interfaces.cpp
M	Source/3rdParty/bgfx/3rdparty/spirv-tools/source/val/validate_invalid_type.cpp
M	Source/3rdParty/bgfx/3rdparty/spirv-tools/source/val/validate_layout.cpp
A	Source/3rdParty/bgfx/3rdparty/spirv-tools/source/val/validate_logical_pointers.cpp
M	Source/3rdParty/bgfx/3rdparty/spirv-tools/source/val/validate_logicals.cpp
M	Source/3rdParty/bgfx/3rdparty/spirv-tools/source/val/validate_memory.cpp
M	Source/3rdParty/bgfx/3rdparty/spirv-tools/source/val/validate_memory_semantics.cpp
M	Source/3rdParty/bgfx/3rdparty/spirv-tools/source/val/validate_mesh_shading.cpp
M	Source/3rdParty/bgfx/3rdparty/spirv-tools/source/val/validate_misc.cpp
M	Source/3rdParty/bgfx/3rdparty/spirv-tools/source/val/validate_mode_setting.cpp
A	Source/3rdParty/bgfx/3rdparty/spirv-tools/source/val/validate_pipe.cpp
M	Source/3rdParty/bgfx/3rdparty/spirv-tools/source/val/validate_ray_query.cpp
M	Source/3rdParty/bgfx/3rdparty/spirv-tools/source/val/validate_ray_tracing.cpp
M	Source/3rdParty/bgfx/3rdparty/spirv-tools/source/val/validate_ray_tracing_reorder.cpp
M	Source/3rdParty/bgfx/3rdparty/spirv-tools/source/val/validate_scopes.cpp
M	Source/3rdParty/bgfx/3rdparty/spirv-tools/source/val/validate_tensor_layout.cpp
M	Source/3rdParty/bgfx/3rdparty/spirv-tools/source/val/validate_type.cpp
M	Source/3rdParty/bgfx/3rdparty/spirv-tools/source/val/validation_state.cpp
M	Source/3rdParty/bgfx/3rdparty/spirv-tools/source/val/validation_state.h
M	Source/3rdParty/bgfx/LICENSE
A	Source/3rdParty/bgfx/UPSTREAM
D	Source/3rdParty/bgfx/dora/BgfxEmbeddedShaders.hpp
D	Source/3rdParty/bgfx/dora/DoraShaderc.cpp
D	Source/3rdParty/bgfx/dora/DoraShaderc.h
M	Source/3rdParty/bgfx/include/bgfx/bgfx.h
M	Source/3rdParty/bgfx/include/bgfx/c99/bgfx.h
M	Source/3rdParty/bgfx/include/bgfx/defines.h
M	Source/3rdParty/bgfx/include/bgfx/embedded_shader.h
D	Source/3rdParty/bgfx/include/bgfx/platform.h
A	Source/3rdParty/bgfx/src/amalgamated.cpp
M	Source/3rdParty/bgfx/src/bgfx.cpp
M	Source/3rdParty/bgfx/src/bgfx.idl.inl
M	Source/3rdParty/bgfx/src/bgfx_compute.sh
M	Source/3rdParty/bgfx/src/bgfx_p.h
M	Source/3rdParty/bgfx/src/bgfx_shader.sh
M	Source/3rdParty/bgfx/src/charset.h
M	Source/3rdParty/bgfx/src/config.h
A	Source/3rdParty/bgfx/src/cs_blit_buffer_to_texture.bin.h
A	Source/3rdParty/bgfx/src/cs_blit_buffer_to_texture.sc
A	Source/3rdParty/bgfx/src/cs_blit_texture_to_buffer.bin.h
A	Source/3rdParty/bgfx/src/cs_blit_texture_to_buffer.sc
A	Source/3rdParty/bgfx/src/cs_mipgen.sh
A	Source/3rdParty/bgfx/src/cs_mipgen_oddx.bin.h
A	Source/3rdParty/bgfx/src/cs_mipgen_oddx.sc
A	Source/3rdParty/bgfx/src/cs_mipgen_oddxy.bin.h
A	Source/3rdParty/bgfx/src/cs_mipgen_oddxy.sc
A	Source/3rdParty/bgfx/src/cs_mipgen_oddy.bin.h
A	Source/3rdParty/bgfx/src/cs_mipgen_oddy.sc
A	Source/3rdParty/bgfx/src/cs_mipgen_pow2.bin.h
A	Source/3rdParty/bgfx/src/cs_mipgen_pow2.sc
A	Source/3rdParty/bgfx/src/cs_yuv_to_rgb.bin.h
A	Source/3rdParty/bgfx/src/cs_yuv_to_rgb.sc
M	Source/3rdParty/bgfx/src/debug_renderdoc.cpp
M	Source/3rdParty/bgfx/src/debug_renderdoc.h
M	Source/3rdParty/bgfx/src/dxgi.cpp
M	Source/3rdParty/bgfx/src/dxgi.h
M	Source/3rdParty/bgfx/src/emscripten.h
M	Source/3rdParty/bgfx/src/fs_clear0.bin.h
A	Source/3rdParty/bgfx/src/fs_clear0.sc
M	Source/3rdParty/bgfx/src/fs_clear1.bin.h
A	Source/3rdParty/bgfx/src/fs_clear1.sc
M	Source/3rdParty/bgfx/src/fs_clear2.bin.h
A	Source/3rdParty/bgfx/src/fs_clear2.sc
M	Source/3rdParty/bgfx/src/fs_clear3.bin.h
A	Source/3rdParty/bgfx/src/fs_clear3.sc
M	Source/3rdParty/bgfx/src/fs_clear4.bin.h
A	Source/3rdParty/bgfx/src/fs_clear4.sc
M	Source/3rdParty/bgfx/src/fs_clear5.bin.h
A	Source/3rdParty/bgfx/src/fs_clear5.sc
M	Source/3rdParty/bgfx/src/fs_clear6.bin.h
A	Source/3rdParty/bgfx/src/fs_clear6.sc
M	Source/3rdParty/bgfx/src/fs_clear7.bin.h
A	Source/3rdParty/bgfx/src/fs_clear7.sc
M	Source/3rdParty/bgfx/src/fs_debugfont.bin.h
A	Source/3rdParty/bgfx/src/fs_debugfont.sc
M	Source/3rdParty/bgfx/src/glcontext_egl.cpp
M	Source/3rdParty/bgfx/src/glcontext_egl.h
M	Source/3rdParty/bgfx/src/glcontext_html5.cpp
M	Source/3rdParty/bgfx/src/glcontext_html5.h
M	Source/3rdParty/bgfx/src/glcontext_wgl.cpp
M	Source/3rdParty/bgfx/src/glcontext_wgl.h
M	Source/3rdParty/bgfx/src/glimports.h
A	Source/3rdParty/bgfx/src/makefile
M	Source/3rdParty/bgfx/src/nvapi.cpp
M	Source/3rdParty/bgfx/src/nvapi.h
M	Source/3rdParty/bgfx/src/renderer.h
M	Source/3rdParty/bgfx/src/renderer_agc.cpp
M	Source/3rdParty/bgfx/src/renderer_d3d.h
M	Source/3rdParty/bgfx/src/renderer_d3d11.cpp
M	Source/3rdParty/bgfx/src/renderer_d3d11.h
M	Source/3rdParty/bgfx/src/renderer_d3d12.cpp
M	Source/3rdParty/bgfx/src/renderer_d3d12.h
M	Source/3rdParty/bgfx/src/renderer_gl.cpp
M	Source/3rdParty/bgfx/src/renderer_gl.h
M	Source/3rdParty/bgfx/src/renderer_gnm.cpp
A	Source/3rdParty/bgfx/src/renderer_mtl.cpp
M	Source/3rdParty/bgfx/src/renderer_mtl.h
D	Source/3rdParty/bgfx/src/renderer_mtl.mm
M	Source/3rdParty/bgfx/src/renderer_noop.cpp
M	Source/3rdParty/bgfx/src/renderer_nvn.cpp
M	Source/3rdParty/bgfx/src/renderer_vk.cpp
M	Source/3rdParty/bgfx/src/renderer_vk.h
A	Source/3rdParty/bgfx/src/renderer_webgpu.cpp
A	Source/3rdParty/bgfx/src/renderer_webgpu.h
M	Source/3rdParty/bgfx/src/shader.cpp
M	Source/3rdParty/bgfx/src/shader.h
D	Source/3rdParty/bgfx/src/shader_dxbc.cpp
D	Source/3rdParty/bgfx/src/shader_dxbc.h
D	Source/3rdParty/bgfx/src/shader_spirv.cpp
D	Source/3rdParty/bgfx/src/shader_spirv.h
M	Source/3rdParty/bgfx/src/topology.cpp
M	Source/3rdParty/bgfx/src/topology.h
A	Source/3rdParty/bgfx/src/varying.def.sc
M	Source/3rdParty/bgfx/src/version.h
M	Source/3rdParty/bgfx/src/vertexlayout.cpp
M	Source/3rdParty/bgfx/src/vertexlayout.h
A	Source/3rdParty/bgfx/src/video.h
A	Source/3rdParty/bgfx/src/video_d3d11.cpp
A	Source/3rdParty/bgfx/src/video_d3d11.h
A	Source/3rdParty/bgfx/src/video_d3d12.cpp
A	Source/3rdParty/bgfx/src/video_d3d12.h
A	Source/3rdParty/bgfx/src/video_mtl.cpp
A	Source/3rdParty/bgfx/src/video_mtl.h
A	Source/3rdParty/bgfx/src/video_vk.cpp
A	Source/3rdParty/bgfx/src/video_vk.h
M	Source/3rdParty/bgfx/src/vs_clear.bin.h
A	Source/3rdParty/bgfx/src/vs_clear.sc
M	Source/3rdParty/bgfx/src/vs_debugfont.bin.h
A	Source/3rdParty/bgfx/src/vs_debugfont.sc
D	Source/3rdParty/bgfx/tools/shaderc/shaderc.cpp
D	Source/3rdParty/bgfx/tools/shaderc/shaderc.h
D	Source/3rdParty/bgfx/tools/shaderc/shaderc_glsl.cpp
D	Source/3rdParty/bgfx/tools/shaderc/shaderc_hlsl.cpp
D	Source/3rdParty/bgfx/tools/shaderc/shaderc_metal.cpp
D	Source/3rdParty/bgfx/tools/shaderc/shaderc_pssl.cpp
D	Source/3rdParty/bgfx/tools/shaderc/shaderc_spirv.cpp
D	Source/3rdParty/bgfx/xmake.lua
A	Source/3rdParty/bimg/3rdparty/stb/LICENSE
M	Source/3rdParty/bimg/3rdparty/stb/stb_image.h
A	Source/3rdParty/bimg/3rdparty/stb/stb_image_resize2.h
A	Source/3rdParty/bimg/3rdparty/tinyexr/LICENSE
A	Source/3rdParty/bimg/3rdparty/tinyexr/exr_reader.hh
A	Source/3rdParty/bimg/3rdparty/tinyexr/streamreader.hh
M	Source/3rdParty/bimg/3rdparty/tinyexr/tinyexr.h
M	Source/3rdParty/bimg/LICENSE
A	Source/3rdParty/bimg/UPSTREAM
M	Source/3rdParty/bimg/include/bimg/bimg.h
M	Source/3rdParty/bimg/include/bimg/decode.h
M	Source/3rdParty/bimg/include/bimg/encode.h
M	Source/3rdParty/bimg/src/bimg_p.h
M	Source/3rdParty/bimg/src/config.h
M	Source/3rdParty/bimg/src/image.cpp
A	Source/3rdParty/bimg/src/image_cubemap_filter.cpp
M	Source/3rdParty/bimg/src/image_decode.cpp
A	Source/3rdParty/bimg/src/image_decode_wic.cpp
A	Source/3rdParty/bimg/src/image_encode.cpp
D	Source/3rdParty/bimg/src/image_gnf.cpp
M	Source/3rdParty/bx/LICENSE
A	Source/3rdParty/bx/UPSTREAM
M	Source/3rdParty/bx/include/bx/allocator.h
M	Source/3rdParty/bx/include/bx/bounds.h
M	Source/3rdParty/bx/include/bx/bx.h
M	Source/3rdParty/bx/include/bx/commandline.h
M	Source/3rdParty/bx/include/bx/config.h
M	Source/3rdParty/bx/include/bx/constants.h
M	Source/3rdParty/bx/include/bx/cpu.h
M	Source/3rdParty/bx/include/bx/debug.h
M	Source/3rdParty/bx/include/bx/easing.h
M	Source/3rdParty/bx/include/bx/endian.h
M	Source/3rdParty/bx/include/bx/error.h
M	Source/3rdParty/bx/include/bx/file.h
M	Source/3rdParty/bx/include/bx/filepath.h
M	Source/3rdParty/bx/include/bx/float4x4_t.h
M	Source/3rdParty/bx/include/bx/handlealloc.h
M	Source/3rdParty/bx/include/bx/hash.h
M	Source/3rdParty/bx/include/bx/inline/allocator.inl
M	Source/3rdParty/bx/include/bx/inline/bounds.inl
M	Source/3rdParty/bx/include/bx/inline/bx.inl
M	Source/3rdParty/bx/include/bx/inline/cpu.inl
M	Source/3rdParty/bx/include/bx/inline/easing.inl
M	Source/3rdParty/bx/include/bx/inline/endian.inl
M	Source/3rdParty/bx/include/bx/inline/error.inl
M	Source/3rdParty/bx/include/bx/inline/float4x4_t.inl
M	Source/3rdParty/bx/include/bx/inline/handlealloc.inl
M	Source/3rdParty/bx/include/bx/inline/hash.inl
M	Source/3rdParty/bx/include/bx/inline/math.inl
M	Source/3rdParty/bx/include/bx/inline/mpscqueue.inl
M	Source/3rdParty/bx/include/bx/inline/mutex.inl
M	Source/3rdParty/bx/include/bx/inline/os.inl
M	Source/3rdParty/bx/include/bx/inline/pixelformat.inl
M	Source/3rdParty/bx/include/bx/inline/readerwriter.inl
M	Source/3rdParty/bx/include/bx/inline/ringbuffer.inl
M	Source/3rdParty/bx/include/bx/inline/rng.inl
A	Source/3rdParty/bx/include/bx/inline/scanner.inl
M	Source/3rdParty/bx/include/bx/inline/simd128_neon.inl
M	Source/3rdParty/bx/include/bx/inline/simd128_ref.inl
M	Source/3rdParty/bx/include/bx/inline/simd128_sse.inl
M	Source/3rdParty/bx/include/bx/inline/simd128_swizzle.inl
A	Source/3rdParty/bx/include/bx/inline/simd128_wasm.inl
M	Source/3rdParty/bx/include/bx/inline/simd256_avx.inl
M	Source/3rdParty/bx/include/bx/inline/simd256_ref.inl
A	Source/3rdParty/bx/include/bx/inline/simd32_ref.inl
A	Source/3rdParty/bx/include/bx/inline/simd64_ref.inl
A	Source/3rdParty/bx/include/bx/inline/simd_impl.inl
M	Source/3rdParty/bx/include/bx/inline/simd_ni.inl
M	Source/3rdParty/bx/include/bx/inline/sort.inl
M	Source/3rdParty/bx/include/bx/inline/spscqueue.inl
M	Source/3rdParty/bx/include/bx/inline/string.inl
A	Source/3rdParty/bx/include/bx/inline/timer.inl
M	Source/3rdParty/bx/include/bx/inline/typetraits.inl
M	Source/3rdParty/bx/include/bx/inline/uint32_t.inl
M	Source/3rdParty/bx/include/bx/macros.h
M	Source/3rdParty/bx/include/bx/math.h
M	Source/3rdParty/bx/include/bx/mpscqueue.h
M	Source/3rdParty/bx/include/bx/mutex.h
M	Source/3rdParty/bx/include/bx/os.h
M	Source/3rdParty/bx/include/bx/pixelformat.h
M	Source/3rdParty/bx/include/bx/platform.h
M	Source/3rdParty/bx/include/bx/process.h
M	Source/3rdParty/bx/include/bx/readerwriter.h
M	Source/3rdParty/bx/include/bx/ringbuffer.h
M	Source/3rdParty/bx/include/bx/rng.h
A	Source/3rdParty/bx/include/bx/scanner.h
M	Source/3rdParty/bx/include/bx/semaphore.h
M	Source/3rdParty/bx/include/bx/settings.h
M	Source/3rdParty/bx/include/bx/simd_t.h
M	Source/3rdParty/bx/include/bx/sort.h
M	Source/3rdParty/bx/include/bx/spscqueue.h
M	Source/3rdParty/bx/include/bx/string.h
M	Source/3rdParty/bx/include/bx/thread.h
M	Source/3rdParty/bx/include/bx/timer.h
M	Source/3rdParty/bx/include/bx/typetraits.h
M	Source/3rdParty/bx/include/bx/url.h
M	Source/3rdParty/bx/include/compat/mingw/sal.h
M	Source/3rdParty/bx/include/tinystl/unordered_map.h
M	Source/3rdParty/bx/include/tinystl/unordered_set.h
M	Source/3rdParty/bx/src/allocator.cpp
A	Source/3rdParty/bx/src/amalgamated.cpp
M	Source/3rdParty/bx/src/bounds.cpp
M	Source/3rdParty/bx/src/bx.cpp
M	Source/3rdParty/bx/src/commandline.cpp
M	Source/3rdParty/bx/src/crtnone.cpp
M	Source/3rdParty/bx/src/debug.cpp
M	Source/3rdParty/bx/src/dtoa.cpp
M	Source/3rdParty/bx/src/easing.cpp
M	Source/3rdParty/bx/src/file.cpp
M	Source/3rdParty/bx/src/filepath.cpp
M	Source/3rdParty/bx/src/hash.cpp
M	Source/3rdParty/bx/src/math.cpp
M	Source/3rdParty/bx/src/mutex.cpp
M	Source/3rdParty/bx/src/os.cpp
M	Source/3rdParty/bx/src/process.cpp
A	Source/3rdParty/bx/src/scanner.cpp
M	Source/3rdParty/bx/src/semaphore.cpp
M	Source/3rdParty/bx/src/settings.cpp
M	Source/3rdParty/bx/src/sort.cpp
M	Source/3rdParty/bx/src/string.cpp
M	Source/3rdParty/bx/src/thread.cpp
M	Source/3rdParty/bx/src/timer.cpp
M	Source/3rdParty/bx/src/url.cpp
A	Source/3rdParty/font/LICENSE
M	Source/3rdParty/font/font_manager.cpp
M	Source/3rdParty/font/font_manager.h
M	Source/3rdParty/nfd/nfd_sdl2.h
A	Source/3rdParty/shaderc/LICENSE
A	Source/3rdParty/shaderc/pp.cpp
A	Source/3rdParty/shaderc/pp.h
A	Source/3rdParty/shaderc/shaderc.cpp
A	Source/3rdParty/shaderc/shaderc.h
A	Source/3rdParty/shaderc/shaderc_dxil.cpp
A	Source/3rdParty/shaderc/shaderc_dxil_stub.cpp
A	Source/3rdParty/shaderc/shaderc_glsl.cpp
A	Source/3rdParty/shaderc/shaderc_hlsl.cpp
A	Source/3rdParty/shaderc/shaderc_metal.cpp
A	Source/3rdParty/shaderc/shaderc_pssl.cpp
A	Source/3rdParty/shaderc/shaderc_spirv.cpp
A	Source/3rdParty/shaderc/shaderc_wgsl.cpp
M	Source/3rdParty/soloud/backend/sdl/soloud_sdl2.cpp
M	Source/3rdParty/soloud/backend/sdl2_static/soloud_sdl2_static.cpp
M	Source/3rdParty/theora/xmake.lua
A	Source/3rdParty/yarnflow/LICENSE
M	Source/Basic/Application.cpp
M	Source/Basic/Application.h
M	Source/Basic/Application.mm
M	Source/Basic/Content.cpp
M	Source/Basic/Content.h
M	Source/Basic/Director.cpp
M	Source/Basic/Director.h
M	Source/Cache/FontCache.cpp
M	Source/Cache/FontCache.h
M	Source/Cache/ShaderCache.cpp
M	Source/Cache/ShaderCache.h
M	Source/Cache/TextureCache.cpp
M	Source/Cache/TextureCache.h
M	Source/Const/Header.h
M	Source/Effect/Effect.cpp
M	Source/Effect/Effect.h
M	Source/GUI/ImGuiDora.cpp
M	Source/GUI/ImGuiDora.h
M	Source/Http/HttpServer.cpp
M	Source/Http/HttpServerEmscripten.cpp
M	Source/Input/Controller.cpp
M	Source/Input/Keyboard.cpp
M	Source/Input/Mouse.cpp
M	Source/Input/TouchDispather.cpp
M	Source/Input/TouchDispather.h
M	Source/Love/LoveNode.cpp
M	Source/Lua/LuaEngine.cpp
M	Source/Node/ClipNode.cpp
M	Source/Node/DragonBone.cpp
M	Source/Node/DrawNode.cpp
M	Source/Node/DrawNode.h
M	Source/Node/EffekNode.cpp
M	Source/Node/EffekNode.h
M	Source/Node/Label.cpp
M	Source/Node/Particle.cpp
M	Source/Node/Sprite.cpp
M	Source/Node/Sprite.h
M	Source/Node/TIC80Node.cpp
M	Source/Node/VGNode.cpp
M	Source/Node/VideoNode.cpp
M	Source/Node/View3D.cpp
M	Source/Render/Camera.cpp
A	Source/Render/RenderCompat.h
A	Source/Render/RenderSurface.cpp
A	Source/Render/RenderSurface.h
A	Source/Render/RenderSurface.mm
M	Source/Render/RenderTarget.cpp
M	Source/Render/RenderTarget.h
M	Source/Render/Renderer.cpp
M	Source/Render/Renderer.h
M	Source/Render/VGRender.cpp
M	Source/Render/View.cpp
M	Source/Render/View.h
M	Source/Shader/Builtin.h
A	Source/Shader/DoraShaderc/BgfxEmbeddedShaders.hpp
A	Source/Shader/DoraShaderc/DoraShaderc.cpp
A	Source/Shader/DoraShaderc/DoraShaderc.h
M	Source/Shader/Draw/fs_draw.bin.h
M	Source/Shader/Draw/vs_draw.bin.h
M	Source/Shader/ImGui/fs_ocornut_imgui.bin.h
M	Source/Shader/ImGui/fs_ocornut_imgui_image.bin.h
M	Source/Shader/ImGui/vs_ocornut_imgui.bin.h
M	Source/Shader/Model3D/fs_model3d.bin.h
M	Source/Shader/Model3D/fs_model3d_sheen.bin.h
M	Source/Shader/Model3D/fs_model3d_thickness_sheen.bin.h
M	Source/Shader/Model3D/fs_shadow_model3d.bin.h
M	Source/Shader/Model3D/vs_model3d.bin.h
M	Source/Shader/Model3D/vs_shadow_model3d.bin.h
M	Source/Shader/ShaderCompiler.cpp
M	Source/Shader/ShaderCompiler.h
M	Source/Shader/Simple/fs_poscolor.bin.h
M	Source/Shader/Simple/vs_poscolor.bin.h
M	Source/Shader/Sprite/fs_sprite.bin.h
M	Source/Shader/Sprite/fs_spritealphatest.bin.h
M	Source/Shader/Sprite/fs_spriteblurh.bin.h
M	Source/Shader/Sprite/fs_spriteblurv.bin.h
M	Source/Shader/Sprite/fs_spriteoutlinecolor.bin.h
M	Source/Shader/Sprite/fs_spritesaturation.bin.h
M	Source/Shader/Sprite/fs_spritesdfoutline.bin.h
M	Source/Shader/Sprite/fs_spritewhite.bin.h
M	Source/Shader/Sprite/vs_sprite.bin.h
M	Source/Shader/efkbgfx/ad_model_distortion_ps.bin.h
M	Source/Shader/efkbgfx/ad_model_distortion_vs.bin.h
M	Source/Shader/efkbgfx/ad_model_lit_ps.bin.h
M	Source/Shader/efkbgfx/ad_model_lit_vs.bin.h
M	Source/Shader/efkbgfx/ad_model_unlit_ps.bin.h
M	Source/Shader/efkbgfx/ad_model_unlit_vs.bin.h
M	Source/Shader/efkbgfx/ad_sprite_distortion_vs.bin.h
M	Source/Shader/efkbgfx/ad_sprite_lit_vs.bin.h
M	Source/Shader/efkbgfx/ad_sprite_unlit_vs.bin.h
M	Source/Shader/efkbgfx/model_distortion_ps.bin.h
M	Source/Shader/efkbgfx/model_distortion_vs.bin.h
M	Source/Shader/efkbgfx/model_lit_ps.bin.h
M	Source/Shader/efkbgfx/model_lit_vs.bin.h
M	Source/Shader/efkbgfx/model_unlit_ps.bin.h
M	Source/Shader/efkbgfx/model_unlit_vs.bin.h
M	Source/Shader/efkbgfx/sprite_distortion_vs.bin.h
M	Source/Shader/efkbgfx/sprite_lit_vs.bin.h
M	Source/Shader/efkbgfx/sprite_unlit_vs.bin.h
M	Source/Shader/nanovg/fs_nanovg_fill.bin.h
M	Source/Shader/nanovg/vs_nanovg_fill.bin.h
M	Source/Support/Common.h
M	Source/Wasm/WasmRuntime.cpp
M	Source/Web/WebHttp.cpp
A	Tools/ShaderGen/buildShaderLinux.sh
A	Tools/ShaderGen/buildShaderWindows.sh
A	Tools/bgfx/README.md
A	Tools/bgfx/update-upstream.sh
A	Tools/bgfx/upstream.conf
A	Tools/bgfx/xmake.lua
M	Tools/build-scripts/build_ios.sh
M	Tools/build-scripts/build_lib_android.sh
M	Tools/build-scripts/build_lib_bgfx.sh
M	Tools/build-scripts/build_lib_bgfx_windows.bat
M	Tools/build-scripts/build_lib_ios.sh
M	Tools/build-scripts/build_lib_linux.sh
M	Tools/build-scripts/build_lib_macos.sh
D	Tools/build-scripts/build_lib_sdl2.sh
D	Tools/build-scripts/build_lib_sdl2_windows.bat
A	Tools/build-scripts/build_lib_sdl3.sh
A	Tools/build-scripts/build_lib_sdl3_windows.bat
M	Tools/build-scripts/build_lib_windows.bat
M	Tools/build-scripts/build_macos.sh
M	Tools/build-scripts/build_web.sh
M	Tools/build-scripts/build_windows.bat
A	Tools/build-scripts/check_render_boundary.sh
M	Tools/build-scripts/check_touch_input_sources.mjs
A	Tools/build-scripts/regen_shaders_windows.bat
M	Tools/build-scripts/run_linux.sh
M	Tools/build-scripts/run_macos.sh
A	packaging/nix/package.nix
