static const uint8_t ad_model_unlit_vs_essl[5982] =
{
	0x56, 0x53, 0x48, 0x0c, 0x00, 0x00, 0x00, 0x00, 0xf6, 0x96, 0xa7, 0xb8, 0x00, 0x00, 0x00, 0x00, // VSH.............
	0x00, 0x00, 0x00, 0x00, 0x0e, 0x00, 0x14, 0x75, 0x5f, 0x66, 0x6c, 0x69, 0x70, 0x62, 0x6f, 0x6f, // .......u_flipboo
	0x6b, 0x50, 0x61, 0x72, 0x61, 0x6d, 0x65, 0x74, 0x65, 0x72, 0x31, 0x02, 0x01, 0x00, 0x00, 0x01, // kParameter1.....
	0x00, 0x00, 0x00, 0x00, 0x00, 0x14, 0x75, 0x5f, 0x66, 0x6c, 0x69, 0x70, 0x62, 0x6f, 0x6f, 0x6b, // ......u_flipbook
	0x50, 0x61, 0x72, 0x61, 0x6d, 0x65, 0x74, 0x65, 0x72, 0x32, 0x02, 0x01, 0x00, 0x00, 0x01, 0x00, // Parameter2......
	0x00, 0x00, 0x00, 0x00, 0x0d, 0x75, 0x5f, 0x6d, 0x55, 0x56, 0x49, 0x6e, 0x76, 0x65, 0x72, 0x73, // .....u_mUVInvers
	0x65, 0x64, 0x02, 0x01, 0x00, 0x00, 0x01, 0x00, 0x00, 0x00, 0x00, 0x00, 0x0d, 0x75, 0x5f, 0x6d, // ed...........u_m
	0x4d, 0x6f, 0x64, 0x65, 0x6c, 0x5f, 0x49, 0x6e, 0x73, 0x74, 0x04, 0x28, 0x00, 0x00, 0xa0, 0x00, // Model_Inst.(....
	0x00, 0x00, 0x00, 0x00, 0x05, 0x75, 0x5f, 0x66, 0x55, 0x56, 0x02, 0x28, 0x00, 0x00, 0x28, 0x00, // .....u_fUV.(..(.
	0x00, 0x00, 0x00, 0x00, 0x0a, 0x75, 0x5f, 0x66, 0x41, 0x6c, 0x70, 0x68, 0x61, 0x55, 0x56, 0x02, // .....u_fAlphaUV.
	0x28, 0x00, 0x00, 0x28, 0x00, 0x00, 0x00, 0x00, 0x00, 0x11, 0x75, 0x5f, 0x66, 0x55, 0x56, 0x44, // (..(......u_fUVD
	0x69, 0x73, 0x74, 0x6f, 0x72, 0x74, 0x69, 0x6f, 0x6e, 0x55, 0x56, 0x02, 0x28, 0x00, 0x00, 0x28, // istortionUV.(..(
	0x00, 0x00, 0x00, 0x00, 0x00, 0x0a, 0x75, 0x5f, 0x66, 0x42, 0x6c, 0x65, 0x6e, 0x64, 0x55, 0x56, // ......u_fBlendUV
	0x02, 0x28, 0x00, 0x00, 0x28, 0x00, 0x00, 0x00, 0x00, 0x00, 0x0f, 0x75, 0x5f, 0x66, 0x42, 0x6c, // .(..(......u_fBl
	0x65, 0x6e, 0x64, 0x41, 0x6c, 0x70, 0x68, 0x61, 0x55, 0x56, 0x02, 0x28, 0x00, 0x00, 0x28, 0x00, // endAlphaUV.(..(.
	0x00, 0x00, 0x00, 0x00, 0x16, 0x75, 0x5f, 0x66, 0x42, 0x6c, 0x65, 0x6e, 0x64, 0x55, 0x56, 0x44, // .....u_fBlendUVD
	0x69, 0x73, 0x74, 0x6f, 0x72, 0x74, 0x69, 0x6f, 0x6e, 0x55, 0x56, 0x02, 0x28, 0x00, 0x00, 0x28, // istortionUV.(..(
	0x00, 0x00, 0x00, 0x00, 0x00, 0x0d, 0x75, 0x5f, 0x66, 0x4d, 0x6f, 0x64, 0x65, 0x6c, 0x43, 0x6f, // ......u_fModelCo
	0x6c, 0x6f, 0x72, 0x02, 0x28, 0x00, 0x00, 0x28, 0x00, 0x00, 0x00, 0x00, 0x00, 0x1b, 0x75, 0x5f, // lor.(..(......u_
	0x66, 0x46, 0x6c, 0x69, 0x70, 0x62, 0x6f, 0x6f, 0x6b, 0x49, 0x6e, 0x64, 0x65, 0x78, 0x41, 0x6e, // fFlipbookIndexAn
	0x64, 0x4e, 0x65, 0x78, 0x74, 0x52, 0x61, 0x74, 0x65, 0x02, 0x28, 0x00, 0x00, 0x28, 0x00, 0x00, // dNextRate.(..(..
	0x00, 0x00, 0x00, 0x16, 0x75, 0x5f, 0x66, 0x4d, 0x6f, 0x64, 0x65, 0x6c, 0x41, 0x6c, 0x70, 0x68, // ....u_fModelAlph
	0x61, 0x54, 0x68, 0x72, 0x65, 0x73, 0x68, 0x6f, 0x6c, 0x64, 0x02, 0x28, 0x00, 0x00, 0x28, 0x00, // aThreshold.(..(.
	0x00, 0x00, 0x00, 0x00, 0x0d, 0x75, 0x5f, 0x6d, 0x43, 0x61, 0x6d, 0x65, 0x72, 0x61, 0x50, 0x72, // .....u_mCameraPr
	0x6f, 0x6a, 0x04, 0x01, 0x00, 0x00, 0x04, 0x00, 0x00, 0x00, 0x00, 0x00, 0xcd, 0x15, 0x00, 0x00, // oj..............
	0x0a, 0x76, 0x65, 0x63, 0x34, 0x20, 0x5f, 0x31, 0x36, 0x38, 0x32, 0x3b, 0x0a, 0x0a, 0x75, 0x6e, // .vec4 _1682;..un
	0x69, 0x66, 0x6f, 0x72, 0x6d, 0x20, 0x76, 0x65, 0x63, 0x34, 0x20, 0x75, 0x5f, 0x66, 0x6c, 0x69, // iform vec4 u_fli
	0x70, 0x62, 0x6f, 0x6f, 0x6b, 0x50, 0x61, 0x72, 0x61, 0x6d, 0x65, 0x74, 0x65, 0x72, 0x31, 0x3b, // pbookParameter1;
	0x0a, 0x75, 0x6e, 0x69, 0x66, 0x6f, 0x72, 0x6d, 0x20, 0x76, 0x65, 0x63, 0x34, 0x20, 0x75, 0x5f, // .uniform vec4 u_
	0x66, 0x6c, 0x69, 0x70, 0x62, 0x6f, 0x6f, 0x6b, 0x50, 0x61, 0x72, 0x61, 0x6d, 0x65, 0x74, 0x65, // flipbookParamete
	0x72, 0x32, 0x3b, 0x0a, 0x75, 0x6e, 0x69, 0x66, 0x6f, 0x72, 0x6d, 0x20, 0x76, 0x65, 0x63, 0x34, // r2;.uniform vec4
	0x20, 0x75, 0x5f, 0x6d, 0x55, 0x56, 0x49, 0x6e, 0x76, 0x65, 0x72, 0x73, 0x65, 0x64, 0x3b, 0x0a, //  u_mUVInversed;.
	0x75, 0x6e, 0x69, 0x66, 0x6f, 0x72, 0x6d, 0x20, 0x6d, 0x61, 0x74, 0x34, 0x20, 0x75, 0x5f, 0x6d, // uniform mat4 u_m
	0x4d, 0x6f, 0x64, 0x65, 0x6c, 0x5f, 0x49, 0x6e, 0x73, 0x74, 0x5b, 0x34, 0x30, 0x5d, 0x3b, 0x0a, // Model_Inst[40];.
	0x75, 0x6e, 0x69, 0x66, 0x6f, 0x72, 0x6d, 0x20, 0x76, 0x65, 0x63, 0x34, 0x20, 0x75, 0x5f, 0x66, // uniform vec4 u_f
	0x55, 0x56, 0x5b, 0x34, 0x30, 0x5d, 0x3b, 0x0a, 0x75, 0x6e, 0x69, 0x66, 0x6f, 0x72, 0x6d, 0x20, // UV[40];.uniform 
	0x76, 0x65, 0x63, 0x34, 0x20, 0x75, 0x5f, 0x66, 0x41, 0x6c, 0x70, 0x68, 0x61, 0x55, 0x56, 0x5b, // vec4 u_fAlphaUV[
	0x34, 0x30, 0x5d, 0x3b, 0x0a, 0x75, 0x6e, 0x69, 0x66, 0x6f, 0x72, 0x6d, 0x20, 0x76, 0x65, 0x63, // 40];.uniform vec
	0x34, 0x20, 0x75, 0x5f, 0x66, 0x55, 0x56, 0x44, 0x69, 0x73, 0x74, 0x6f, 0x72, 0x74, 0x69, 0x6f, // 4 u_fUVDistortio
	0x6e, 0x55, 0x56, 0x5b, 0x34, 0x30, 0x5d, 0x3b, 0x0a, 0x75, 0x6e, 0x69, 0x66, 0x6f, 0x72, 0x6d, // nUV[40];.uniform
	0x20, 0x76, 0x65, 0x63, 0x34, 0x20, 0x75, 0x5f, 0x66, 0x42, 0x6c, 0x65, 0x6e, 0x64, 0x55, 0x56, //  vec4 u_fBlendUV
	0x5b, 0x34, 0x30, 0x5d, 0x3b, 0x0a, 0x75, 0x6e, 0x69, 0x66, 0x6f, 0x72, 0x6d, 0x20, 0x76, 0x65, // [40];.uniform ve
	0x63, 0x34, 0x20, 0x75, 0x5f, 0x66, 0x42, 0x6c, 0x65, 0x6e, 0x64, 0x41, 0x6c, 0x70, 0x68, 0x61, // c4 u_fBlendAlpha
	0x55, 0x56, 0x5b, 0x34, 0x30, 0x5d, 0x3b, 0x0a, 0x75, 0x6e, 0x69, 0x66, 0x6f, 0x72, 0x6d, 0x20, // UV[40];.uniform 
	0x76, 0x65, 0x63, 0x34, 0x20, 0x75, 0x5f, 0x66, 0x42, 0x6c, 0x65, 0x6e, 0x64, 0x55, 0x56, 0x44, // vec4 u_fBlendUVD
	0x69, 0x73, 0x74, 0x6f, 0x72, 0x74, 0x69, 0x6f, 0x6e, 0x55, 0x56, 0x5b, 0x34, 0x30, 0x5d, 0x3b, // istortionUV[40];
	0x0a, 0x75, 0x6e, 0x69, 0x66, 0x6f, 0x72, 0x6d, 0x20, 0x76, 0x65, 0x63, 0x34, 0x20, 0x75, 0x5f, // .uniform vec4 u_
	0x66, 0x4d, 0x6f, 0x64, 0x65, 0x6c, 0x43, 0x6f, 0x6c, 0x6f, 0x72, 0x5b, 0x34, 0x30, 0x5d, 0x3b, // fModelColor[40];
	0x0a, 0x75, 0x6e, 0x69, 0x66, 0x6f, 0x72, 0x6d, 0x20, 0x76, 0x65, 0x63, 0x34, 0x20, 0x75, 0x5f, // .uniform vec4 u_
	0x66, 0x46, 0x6c, 0x69, 0x70, 0x62, 0x6f, 0x6f, 0x6b, 0x49, 0x6e, 0x64, 0x65, 0x78, 0x41, 0x6e, // fFlipbookIndexAn
	0x64, 0x4e, 0x65, 0x78, 0x74, 0x52, 0x61, 0x74, 0x65, 0x5b, 0x34, 0x30, 0x5d, 0x3b, 0x0a, 0x75, // dNextRate[40];.u
	0x6e, 0x69, 0x66, 0x6f, 0x72, 0x6d, 0x20, 0x76, 0x65, 0x63, 0x34, 0x20, 0x75, 0x5f, 0x66, 0x4d, // niform vec4 u_fM
	0x6f, 0x64, 0x65, 0x6c, 0x41, 0x6c, 0x70, 0x68, 0x61, 0x54, 0x68, 0x72, 0x65, 0x73, 0x68, 0x6f, // odelAlphaThresho
	0x6c, 0x64, 0x5b, 0x34, 0x30, 0x5d, 0x3b, 0x0a, 0x75, 0x6e, 0x69, 0x66, 0x6f, 0x72, 0x6d, 0x20, // ld[40];.uniform 
	0x6d, 0x61, 0x74, 0x34, 0x20, 0x75, 0x5f, 0x6d, 0x43, 0x61, 0x6d, 0x65, 0x72, 0x61, 0x50, 0x72, // mat4 u_mCameraPr
	0x6f, 0x6a, 0x3b, 0x0a, 0x0a, 0x6c, 0x61, 0x79, 0x6f, 0x75, 0x74, 0x28, 0x6c, 0x6f, 0x63, 0x61, // oj;..layout(loca
	0x74, 0x69, 0x6f, 0x6e, 0x20, 0x3d, 0x20, 0x33, 0x29, 0x20, 0x69, 0x6e, 0x20, 0x76, 0x65, 0x63, // tion = 3) in vec
	0x33, 0x20, 0x61, 0x5f, 0x70, 0x6f, 0x73, 0x69, 0x74, 0x69, 0x6f, 0x6e, 0x3b, 0x0a, 0x6c, 0x61, // 3 a_position;.la
	0x79, 0x6f, 0x75, 0x74, 0x28, 0x6c, 0x6f, 0x63, 0x61, 0x74, 0x69, 0x6f, 0x6e, 0x20, 0x3d, 0x20, // yout(location = 
	0x32, 0x29, 0x20, 0x69, 0x6e, 0x20, 0x76, 0x65, 0x63, 0x33, 0x20, 0x61, 0x5f, 0x6e, 0x6f, 0x72, // 2) in vec3 a_nor
	0x6d, 0x61, 0x6c, 0x3b, 0x0a, 0x6c, 0x61, 0x79, 0x6f, 0x75, 0x74, 0x28, 0x6c, 0x6f, 0x63, 0x61, // mal;.layout(loca
	0x74, 0x69, 0x6f, 0x6e, 0x20, 0x3d, 0x20, 0x35, 0x29, 0x20, 0x69, 0x6e, 0x20, 0x76, 0x65, 0x63, // tion = 5) in vec
	0x32, 0x20, 0x61, 0x5f, 0x74, 0x65, 0x78, 0x63, 0x6f, 0x6f, 0x72, 0x64, 0x30, 0x3b, 0x0a, 0x6c, // 2 a_texcoord0;.l
	0x61, 0x79, 0x6f, 0x75, 0x74, 0x28, 0x6c, 0x6f, 0x63, 0x61, 0x74, 0x69, 0x6f, 0x6e, 0x20, 0x3d, // ayout(location =
	0x20, 0x31, 0x29, 0x20, 0x69, 0x6e, 0x20, 0x76, 0x65, 0x63, 0x34, 0x20, 0x61, 0x5f, 0x63, 0x6f, //  1) in vec4 a_co
	0x6c, 0x6f, 0x72, 0x30, 0x3b, 0x0a, 0x6f, 0x75, 0x74, 0x20, 0x76, 0x65, 0x63, 0x34, 0x20, 0x76, // lor0;.out vec4 v
	0x5f, 0x43, 0x6f, 0x6c, 0x6f, 0x72, 0x3b, 0x0a, 0x6f, 0x75, 0x74, 0x20, 0x76, 0x65, 0x63, 0x34, // _Color;.out vec4
	0x20, 0x76, 0x5f, 0x55, 0x56, 0x5f, 0x4f, 0x74, 0x68, 0x65, 0x72, 0x73, 0x3b, 0x0a, 0x6f, 0x75, //  v_UV_Others;.ou
	0x74, 0x20, 0x76, 0x65, 0x63, 0x33, 0x20, 0x76, 0x5f, 0x57, 0x6f, 0x72, 0x6c, 0x64, 0x4e, 0x3b, // t vec3 v_WorldN;
	0x0a, 0x6f, 0x75, 0x74, 0x20, 0x76, 0x65, 0x63, 0x34, 0x20, 0x76, 0x5f, 0x41, 0x6c, 0x70, 0x68, // .out vec4 v_Alph
	0x61, 0x5f, 0x44, 0x69, 0x73, 0x74, 0x5f, 0x55, 0x56, 0x3b, 0x0a, 0x6f, 0x75, 0x74, 0x20, 0x76, // a_Dist_UV;.out v
	0x65, 0x63, 0x34, 0x20, 0x76, 0x5f, 0x42, 0x6c, 0x65, 0x6e, 0x64, 0x5f, 0x41, 0x6c, 0x70, 0x68, // ec4 v_Blend_Alph
	0x61, 0x5f, 0x44, 0x69, 0x73, 0x74, 0x5f, 0x55, 0x56, 0x3b, 0x0a, 0x6f, 0x75, 0x74, 0x20, 0x76, // a_Dist_UV;.out v
	0x65, 0x63, 0x34, 0x20, 0x76, 0x5f, 0x42, 0x6c, 0x65, 0x6e, 0x64, 0x5f, 0x46, 0x42, 0x4e, 0x65, // ec4 v_Blend_FBNe
	0x78, 0x74, 0x49, 0x6e, 0x64, 0x65, 0x78, 0x5f, 0x55, 0x56, 0x3b, 0x0a, 0x6f, 0x75, 0x74, 0x20, // xtIndex_UV;.out 
	0x76, 0x65, 0x63, 0x34, 0x20, 0x76, 0x5f, 0x50, 0x6f, 0x73, 0x50, 0x3b, 0x0a, 0x0a, 0x76, 0x6f, // vec4 v_PosP;..vo
	0x69, 0x64, 0x20, 0x6d, 0x61, 0x69, 0x6e, 0x28, 0x29, 0x0a, 0x7b, 0x0a, 0x20, 0x20, 0x20, 0x20, // id main().{.    
	0x75, 0x69, 0x6e, 0x74, 0x20, 0x5f, 0x37, 0x31, 0x35, 0x20, 0x3d, 0x20, 0x75, 0x69, 0x6e, 0x74, // uint _715 = uint
	0x28, 0x67, 0x6c, 0x5f, 0x49, 0x6e, 0x73, 0x74, 0x61, 0x6e, 0x63, 0x65, 0x49, 0x44, 0x29, 0x3b, // (gl_InstanceID);
	0x0a, 0x20, 0x20, 0x20, 0x20, 0x76, 0x65, 0x63, 0x34, 0x20, 0x5f, 0x38, 0x35, 0x38, 0x20, 0x3d, // .    vec4 _858 =
	0x20, 0x75, 0x5f, 0x6d, 0x43, 0x61, 0x6d, 0x65, 0x72, 0x61, 0x50, 0x72, 0x6f, 0x6a, 0x20, 0x2a, //  u_mCameraProj *
	0x20, 0x28, 0x75, 0x5f, 0x6d, 0x4d, 0x6f, 0x64, 0x65, 0x6c, 0x5f, 0x49, 0x6e, 0x73, 0x74, 0x5b, //  (u_mModel_Inst[
	0x5f, 0x37, 0x31, 0x35, 0x5d, 0x20, 0x2a, 0x20, 0x76, 0x65, 0x63, 0x34, 0x28, 0x61, 0x5f, 0x70, // _715] * vec4(a_p
	0x6f, 0x73, 0x69, 0x74, 0x69, 0x6f, 0x6e, 0x2c, 0x20, 0x31, 0x2e, 0x30, 0x29, 0x29, 0x3b, 0x0a, // osition, 1.0));.
	0x20, 0x20, 0x20, 0x20, 0x66, 0x6c, 0x6f, 0x61, 0x74, 0x20, 0x5f, 0x38, 0x36, 0x39, 0x20, 0x3d, //     float _869 =
	0x20, 0x28, 0x61, 0x5f, 0x74, 0x65, 0x78, 0x63, 0x6f, 0x6f, 0x72, 0x64, 0x30, 0x2e, 0x78, 0x20, //  (a_texcoord0.x 
	0x2a, 0x20, 0x75, 0x5f, 0x66, 0x55, 0x56, 0x5b, 0x5f, 0x37, 0x31, 0x35, 0x5d, 0x2e, 0x7a, 0x29, // * u_fUV[_715].z)
	0x20, 0x2b, 0x20, 0x75, 0x5f, 0x66, 0x55, 0x56, 0x5b, 0x5f, 0x37, 0x31, 0x35, 0x5d, 0x2e, 0x78, //  + u_fUV[_715].x
	0x3b, 0x0a, 0x20, 0x20, 0x20, 0x20, 0x66, 0x6c, 0x6f, 0x61, 0x74, 0x20, 0x5f, 0x38, 0x38, 0x37, // ;.    float _887
	0x20, 0x3d, 0x20, 0x75, 0x5f, 0x6d, 0x55, 0x56, 0x49, 0x6e, 0x76, 0x65, 0x72, 0x73, 0x65, 0x64, //  = u_mUVInversed
	0x2e, 0x78, 0x20, 0x2b, 0x20, 0x28, 0x75, 0x5f, 0x6d, 0x55, 0x56, 0x49, 0x6e, 0x76, 0x65, 0x72, // .x + (u_mUVInver
	0x73, 0x65, 0x64, 0x2e, 0x79, 0x20, 0x2a, 0x20, 0x28, 0x28, 0x61, 0x5f, 0x74, 0x65, 0x78, 0x63, // sed.y * ((a_texc
	0x6f, 0x6f, 0x72, 0x64, 0x30, 0x2e, 0x79, 0x20, 0x2a, 0x20, 0x75, 0x5f, 0x66, 0x55, 0x56, 0x5b, // oord0.y * u_fUV[
	0x5f, 0x37, 0x31, 0x35, 0x5d, 0x2e, 0x77, 0x29, 0x20, 0x2b, 0x20, 0x75, 0x5f, 0x66, 0x55, 0x56, // _715].w) + u_fUV
	0x5b, 0x5f, 0x37, 0x31, 0x35, 0x5d, 0x2e, 0x79, 0x29, 0x29, 0x3b, 0x0a, 0x20, 0x20, 0x20, 0x20, // [_715].y));.    
	0x76, 0x65, 0x63, 0x34, 0x20, 0x5f, 0x31, 0x35, 0x30, 0x39, 0x3b, 0x0a, 0x20, 0x20, 0x20, 0x20, // vec4 _1509;.    
	0x5f, 0x31, 0x35, 0x30, 0x39, 0x2e, 0x78, 0x20, 0x3d, 0x20, 0x5f, 0x38, 0x36, 0x39, 0x3b, 0x0a, // _1509.x = _869;.
	0x20, 0x20, 0x20, 0x20, 0x76, 0x65, 0x63, 0x32, 0x20, 0x5f, 0x39, 0x31, 0x35, 0x20, 0x3d, 0x20, //     vec2 _915 = 
	0x5f, 0x31, 0x35, 0x30, 0x39, 0x2e, 0x78, 0x79, 0x3b, 0x0a, 0x20, 0x20, 0x20, 0x20, 0x66, 0x6c, // _1509.xy;.    fl
	0x6f, 0x61, 0x74, 0x20, 0x5f, 0x39, 0x37, 0x36, 0x20, 0x3d, 0x20, 0x28, 0x61, 0x5f, 0x74, 0x65, // oat _976 = (a_te
	0x78, 0x63, 0x6f, 0x6f, 0x72, 0x64, 0x30, 0x2e, 0x79, 0x20, 0x2a, 0x20, 0x75, 0x5f, 0x66, 0x41, // xcoord0.y * u_fA
	0x6c, 0x70, 0x68, 0x61, 0x55, 0x56, 0x5b, 0x5f, 0x37, 0x31, 0x35, 0x5d, 0x2e, 0x77, 0x29, 0x20, // lphaUV[_715].w) 
	0x2b, 0x20, 0x75, 0x5f, 0x66, 0x41, 0x6c, 0x70, 0x68, 0x61, 0x55, 0x56, 0x5b, 0x5f, 0x37, 0x31, // + u_fAlphaUV[_71
	0x35, 0x5d, 0x2e, 0x79, 0x3b, 0x0a, 0x20, 0x20, 0x20, 0x20, 0x66, 0x6c, 0x6f, 0x61, 0x74, 0x20, // 5].y;.    float 
	0x5f, 0x39, 0x39, 0x34, 0x20, 0x3d, 0x20, 0x28, 0x61, 0x5f, 0x74, 0x65, 0x78, 0x63, 0x6f, 0x6f, // _994 = (a_texcoo
	0x72, 0x64, 0x30, 0x2e, 0x79, 0x20, 0x2a, 0x20, 0x75, 0x5f, 0x66, 0x55, 0x56, 0x44, 0x69, 0x73, // rd0.y * u_fUVDis
	0x74, 0x6f, 0x72, 0x74, 0x69, 0x6f, 0x6e, 0x55, 0x56, 0x5b, 0x5f, 0x37, 0x31, 0x35, 0x5d, 0x2e, // tortionUV[_715].
	0x77, 0x29, 0x20, 0x2b, 0x20, 0x75, 0x5f, 0x66, 0x55, 0x56, 0x44, 0x69, 0x73, 0x74, 0x6f, 0x72, // w) + u_fUVDistor
	0x74, 0x69, 0x6f, 0x6e, 0x55, 0x56, 0x5b, 0x5f, 0x37, 0x31, 0x35, 0x5d, 0x2e, 0x79, 0x3b, 0x0a, // tionUV[_715].y;.
	0x20, 0x20, 0x20, 0x20, 0x76, 0x65, 0x63, 0x34, 0x20, 0x5f, 0x31, 0x36, 0x37, 0x36, 0x20, 0x3d, //     vec4 _1676 =
	0x20, 0x76, 0x65, 0x63, 0x34, 0x28, 0x28, 0x61, 0x5f, 0x74, 0x65, 0x78, 0x63, 0x6f, 0x6f, 0x72, //  vec4((a_texcoor
	0x64, 0x30, 0x2e, 0x78, 0x20, 0x2a, 0x20, 0x75, 0x5f, 0x66, 0x41, 0x6c, 0x70, 0x68, 0x61, 0x55, // d0.x * u_fAlphaU
	0x56, 0x5b, 0x5f, 0x37, 0x31, 0x35, 0x5d, 0x2e, 0x7a, 0x29, 0x20, 0x2b, 0x20, 0x75, 0x5f, 0x66, // V[_715].z) + u_f
	0x41, 0x6c, 0x70, 0x68, 0x61, 0x55, 0x56, 0x5b, 0x5f, 0x37, 0x31, 0x35, 0x5d, 0x2e, 0x78, 0x2c, // AlphaUV[_715].x,
	0x20, 0x5f, 0x39, 0x37, 0x36, 0x2c, 0x20, 0x28, 0x61, 0x5f, 0x74, 0x65, 0x78, 0x63, 0x6f, 0x6f, //  _976, (a_texcoo
	0x72, 0x64, 0x30, 0x2e, 0x78, 0x20, 0x2a, 0x20, 0x75, 0x5f, 0x66, 0x55, 0x56, 0x44, 0x69, 0x73, // rd0.x * u_fUVDis
	0x74, 0x6f, 0x72, 0x74, 0x69, 0x6f, 0x6e, 0x55, 0x56, 0x5b, 0x5f, 0x37, 0x31, 0x35, 0x5d, 0x2e, // tortionUV[_715].
	0x7a, 0x29, 0x20, 0x2b, 0x20, 0x75, 0x5f, 0x66, 0x55, 0x56, 0x44, 0x69, 0x73, 0x74, 0x6f, 0x72, // z) + u_fUVDistor
	0x74, 0x69, 0x6f, 0x6e, 0x55, 0x56, 0x5b, 0x5f, 0x37, 0x31, 0x35, 0x5d, 0x2e, 0x78, 0x2c, 0x20, // tionUV[_715].x, 
	0x5f, 0x39, 0x39, 0x34, 0x29, 0x3b, 0x0a, 0x20, 0x20, 0x20, 0x20, 0x66, 0x6c, 0x6f, 0x61, 0x74, // _994);.    float
	0x20, 0x5f, 0x31, 0x30, 0x31, 0x32, 0x20, 0x3d, 0x20, 0x28, 0x61, 0x5f, 0x74, 0x65, 0x78, 0x63, //  _1012 = (a_texc
	0x6f, 0x6f, 0x72, 0x64, 0x30, 0x2e, 0x79, 0x20, 0x2a, 0x20, 0x75, 0x5f, 0x66, 0x42, 0x6c, 0x65, // oord0.y * u_fBle
	0x6e, 0x64, 0x55, 0x56, 0x5b, 0x5f, 0x37, 0x31, 0x35, 0x5d, 0x2e, 0x77, 0x29, 0x20, 0x2b, 0x20, // ndUV[_715].w) + 
	0x75, 0x5f, 0x66, 0x42, 0x6c, 0x65, 0x6e, 0x64, 0x55, 0x56, 0x5b, 0x5f, 0x37, 0x31, 0x35, 0x5d, // u_fBlendUV[_715]
	0x2e, 0x79, 0x3b, 0x0a, 0x20, 0x20, 0x20, 0x20, 0x66, 0x6c, 0x6f, 0x61, 0x74, 0x20, 0x5f, 0x31, // .y;.    float _1
	0x30, 0x33, 0x30, 0x20, 0x3d, 0x20, 0x28, 0x61, 0x5f, 0x74, 0x65, 0x78, 0x63, 0x6f, 0x6f, 0x72, // 030 = (a_texcoor
	0x64, 0x30, 0x2e, 0x79, 0x20, 0x2a, 0x20, 0x75, 0x5f, 0x66, 0x42, 0x6c, 0x65, 0x6e, 0x64, 0x41, // d0.y * u_fBlendA
	0x6c, 0x70, 0x68, 0x61, 0x55, 0x56, 0x5b, 0x5f, 0x37, 0x31, 0x35, 0x5d, 0x2e, 0x77, 0x29, 0x20, // lphaUV[_715].w) 
	0x2b, 0x20, 0x75, 0x5f, 0x66, 0x42, 0x6c, 0x65, 0x6e, 0x64, 0x41, 0x6c, 0x70, 0x68, 0x61, 0x55, // + u_fBlendAlphaU
	0x56, 0x5b, 0x5f, 0x37, 0x31, 0x35, 0x5d, 0x2e, 0x79, 0x3b, 0x0a, 0x20, 0x20, 0x20, 0x20, 0x66, // V[_715].y;.    f
	0x6c, 0x6f, 0x61, 0x74, 0x20, 0x5f, 0x31, 0x30, 0x34, 0x38, 0x20, 0x3d, 0x20, 0x28, 0x61, 0x5f, // loat _1048 = (a_
	0x74, 0x65, 0x78, 0x63, 0x6f, 0x6f, 0x72, 0x64, 0x30, 0x2e, 0x79, 0x20, 0x2a, 0x20, 0x75, 0x5f, // texcoord0.y * u_
	0x66, 0x42, 0x6c, 0x65, 0x6e, 0x64, 0x55, 0x56, 0x44, 0x69, 0x73, 0x74, 0x6f, 0x72, 0x74, 0x69, // fBlendUVDistorti
	0x6f, 0x6e, 0x55, 0x56, 0x5b, 0x5f, 0x37, 0x31, 0x35, 0x5d, 0x2e, 0x77, 0x29, 0x20, 0x2b, 0x20, // onUV[_715].w) + 
	0x75, 0x5f, 0x66, 0x42, 0x6c, 0x65, 0x6e, 0x64, 0x55, 0x56, 0x44, 0x69, 0x73, 0x74, 0x6f, 0x72, // u_fBlendUVDistor
	0x74, 0x69, 0x6f, 0x6e, 0x55, 0x56, 0x5b, 0x5f, 0x37, 0x31, 0x35, 0x5d, 0x2e, 0x79, 0x3b, 0x0a, // tionUV[_715].y;.
	0x20, 0x20, 0x20, 0x20, 0x76, 0x65, 0x63, 0x34, 0x20, 0x5f, 0x31, 0x36, 0x37, 0x37, 0x20, 0x3d, //     vec4 _1677 =
	0x20, 0x76, 0x65, 0x63, 0x34, 0x28, 0x28, 0x61, 0x5f, 0x74, 0x65, 0x78, 0x63, 0x6f, 0x6f, 0x72, //  vec4((a_texcoor
	0x64, 0x30, 0x2e, 0x78, 0x20, 0x2a, 0x20, 0x75, 0x5f, 0x66, 0x42, 0x6c, 0x65, 0x6e, 0x64, 0x41, // d0.x * u_fBlendA
	0x6c, 0x70, 0x68, 0x61, 0x55, 0x56, 0x5b, 0x5f, 0x37, 0x31, 0x35, 0x5d, 0x2e, 0x7a, 0x29, 0x20, // lphaUV[_715].z) 
	0x2b, 0x20, 0x75, 0x5f, 0x66, 0x42, 0x6c, 0x65, 0x6e, 0x64, 0x41, 0x6c, 0x70, 0x68, 0x61, 0x55, // + u_fBlendAlphaU
	0x56, 0x5b, 0x5f, 0x37, 0x31, 0x35, 0x5d, 0x2e, 0x78, 0x2c, 0x20, 0x5f, 0x31, 0x30, 0x33, 0x30, // V[_715].x, _1030
	0x2c, 0x20, 0x28, 0x61, 0x5f, 0x74, 0x65, 0x78, 0x63, 0x6f, 0x6f, 0x72, 0x64, 0x30, 0x2e, 0x78, // , (a_texcoord0.x
	0x20, 0x2a, 0x20, 0x75, 0x5f, 0x66, 0x42, 0x6c, 0x65, 0x6e, 0x64, 0x55, 0x56, 0x44, 0x69, 0x73, //  * u_fBlendUVDis
	0x74, 0x6f, 0x72, 0x74, 0x69, 0x6f, 0x6e, 0x55, 0x56, 0x5b, 0x5f, 0x37, 0x31, 0x35, 0x5d, 0x2e, // tortionUV[_715].
	0x7a, 0x29, 0x20, 0x2b, 0x20, 0x75, 0x5f, 0x66, 0x42, 0x6c, 0x65, 0x6e, 0x64, 0x55, 0x56, 0x44, // z) + u_fBlendUVD
	0x69, 0x73, 0x74, 0x6f, 0x72, 0x74, 0x69, 0x6f, 0x6e, 0x55, 0x56, 0x5b, 0x5f, 0x37, 0x31, 0x35, // istortionUV[_715
	0x5d, 0x2e, 0x78, 0x2c, 0x20, 0x5f, 0x31, 0x30, 0x34, 0x38, 0x29, 0x3b, 0x0a, 0x20, 0x20, 0x20, // ].x, _1048);.   
	0x20, 0x66, 0x6c, 0x6f, 0x61, 0x74, 0x20, 0x5f, 0x31, 0x36, 0x33, 0x38, 0x3b, 0x0a, 0x20, 0x20, //  float _1638;.  
	0x20, 0x20, 0x76, 0x65, 0x63, 0x32, 0x20, 0x5f, 0x31, 0x36, 0x34, 0x35, 0x3b, 0x0a, 0x20, 0x20, //   vec2 _1645;.  
	0x20, 0x20, 0x69, 0x66, 0x20, 0x28, 0x75, 0x5f, 0x66, 0x6c, 0x69, 0x70, 0x62, 0x6f, 0x6f, 0x6b, //   if (u_flipbook
	0x50, 0x61, 0x72, 0x61, 0x6d, 0x65, 0x74, 0x65, 0x72, 0x31, 0x2e, 0x78, 0x20, 0x3e, 0x20, 0x30, // Parameter1.x > 0
	0x2e, 0x30, 0x29, 0x0a, 0x20, 0x20, 0x20, 0x20, 0x7b, 0x0a, 0x20, 0x20, 0x20, 0x20, 0x20, 0x20, // .0).    {.      
	0x20, 0x20, 0x66, 0x6c, 0x6f, 0x61, 0x74, 0x20, 0x5f, 0x31, 0x31, 0x38, 0x36, 0x20, 0x3d, 0x20, //   float _1186 = 
	0x66, 0x6c, 0x6f, 0x6f, 0x72, 0x28, 0x75, 0x5f, 0x66, 0x46, 0x6c, 0x69, 0x70, 0x62, 0x6f, 0x6f, // floor(u_fFlipboo
	0x6b, 0x49, 0x6e, 0x64, 0x65, 0x78, 0x41, 0x6e, 0x64, 0x4e, 0x65, 0x78, 0x74, 0x52, 0x61, 0x74, // kIndexAndNextRat
	0x65, 0x5b, 0x5f, 0x37, 0x31, 0x35, 0x5d, 0x2e, 0x78, 0x29, 0x3b, 0x0a, 0x20, 0x20, 0x20, 0x20, // e[_715].x);.    
	0x20, 0x20, 0x20, 0x20, 0x66, 0x6c, 0x6f, 0x61, 0x74, 0x20, 0x5f, 0x31, 0x31, 0x38, 0x39, 0x20, //     float _1189 
	0x3d, 0x20, 0x5f, 0x31, 0x31, 0x38, 0x36, 0x20, 0x2b, 0x20, 0x31, 0x2e, 0x30, 0x3b, 0x0a, 0x20, // = _1186 + 1.0;. 
	0x20, 0x20, 0x20, 0x20, 0x20, 0x20, 0x20, 0x66, 0x6c, 0x6f, 0x61, 0x74, 0x20, 0x5f, 0x31, 0x31, //        float _11
	0x39, 0x32, 0x20, 0x3d, 0x20, 0x75, 0x5f, 0x66, 0x6c, 0x69, 0x70, 0x62, 0x6f, 0x6f, 0x6b, 0x50, // 92 = u_flipbookP
	0x61, 0x72, 0x61, 0x6d, 0x65, 0x74, 0x65, 0x72, 0x31, 0x2e, 0x7a, 0x20, 0x2a, 0x20, 0x75, 0x5f, // arameter1.z * u_
	0x66, 0x6c, 0x69, 0x70, 0x62, 0x6f, 0x6f, 0x6b, 0x50, 0x61, 0x72, 0x61, 0x6d, 0x65, 0x74, 0x65, // flipbookParamete
	0x72, 0x31, 0x2e, 0x77, 0x3b, 0x0a, 0x20, 0x20, 0x20, 0x20, 0x20, 0x20, 0x20, 0x20, 0x66, 0x6c, // r1.w;.        fl
	0x6f, 0x61, 0x74, 0x20, 0x5f, 0x31, 0x36, 0x31, 0x34, 0x3b, 0x0a, 0x20, 0x20, 0x20, 0x20, 0x20, // oat _1614;.     
	0x20, 0x20, 0x20, 0x66, 0x6c, 0x6f, 0x61, 0x74, 0x20, 0x5f, 0x31, 0x36, 0x32, 0x37, 0x3b, 0x0a, //    float _1627;.
	0x20, 0x20, 0x20, 0x20, 0x20, 0x20, 0x20, 0x20, 0x69, 0x66, 0x20, 0x28, 0x75, 0x5f, 0x66, 0x6c, //         if (u_fl
	0x69, 0x70, 0x62, 0x6f, 0x6f, 0x6b, 0x50, 0x61, 0x72, 0x61, 0x6d, 0x65, 0x74, 0x65, 0x72, 0x31, // ipbookParameter1
	0x2e, 0x79, 0x20, 0x3d, 0x3d, 0x20, 0x30, 0x2e, 0x30, 0x29, 0x0a, 0x20, 0x20, 0x20, 0x20, 0x20, // .y == 0.0).     
	0x20, 0x20, 0x20, 0x7b, 0x0a, 0x20, 0x20, 0x20, 0x20, 0x20, 0x20, 0x20, 0x20, 0x20, 0x20, 0x20, //    {.           
	0x20, 0x66, 0x6c, 0x6f, 0x61, 0x74, 0x20, 0x5f, 0x31, 0x36, 0x31, 0x35, 0x3b, 0x0a, 0x20, 0x20, //  float _1615;.  
	0x20, 0x20, 0x20, 0x20, 0x20, 0x20, 0x20, 0x20, 0x20, 0x20, 0x66, 0x6c, 0x6f, 0x61, 0x74, 0x20, //           float 
	0x5f, 0x31, 0x36, 0x32, 0x38, 0x3b, 0x0a, 0x20, 0x20, 0x20, 0x20, 0x20, 0x20, 0x20, 0x20, 0x20, // _1628;.         
	0x20, 0x20, 0x20, 0x69, 0x66, 0x20, 0x28, 0x5f, 0x31, 0x31, 0x38, 0x39, 0x20, 0x3e, 0x3d, 0x20, //    if (_1189 >= 
	0x5f, 0x31, 0x31, 0x39, 0x32, 0x29, 0x0a, 0x20, 0x20, 0x20, 0x20, 0x20, 0x20, 0x20, 0x20, 0x20, // _1192).         
	0x20, 0x20, 0x20, 0x7b, 0x0a, 0x20, 0x20, 0x20, 0x20, 0x20, 0x20, 0x20, 0x20, 0x20, 0x20, 0x20, //    {.           
	0x20, 0x20, 0x20, 0x20, 0x20, 0x66, 0x6c, 0x6f, 0x61, 0x74, 0x20, 0x5f, 0x31, 0x32, 0x30, 0x31, //      float _1201
	0x20, 0x3d, 0x20, 0x5f, 0x31, 0x31, 0x39, 0x32, 0x20, 0x2d, 0x20, 0x31, 0x2e, 0x30, 0x3b, 0x0a, //  = _1192 - 1.0;.
	0x20, 0x20, 0x20, 0x20, 0x20, 0x20, 0x20, 0x20, 0x20, 0x20, 0x20, 0x20, 0x20, 0x20, 0x20, 0x20, //                 
	0x5f, 0x31, 0x36, 0x32, 0x38, 0x20, 0x3d, 0x20, 0x5f, 0x31, 0x32, 0x30, 0x31, 0x3b, 0x0a, 0x20, // _1628 = _1201;. 
	0x20, 0x20, 0x20, 0x20, 0x20, 0x20, 0x20, 0x20, 0x20, 0x20, 0x20, 0x20, 0x20, 0x20, 0x20, 0x5f, //                _
	0x31, 0x36, 0x31, 0x35, 0x20, 0x3d, 0x20, 0x5f, 0x31, 0x32, 0x30, 0x31, 0x3b, 0x0a, 0x20, 0x20, // 1615 = _1201;.  
	0x20, 0x20, 0x20, 0x20, 0x20, 0x20, 0x20, 0x20, 0x20, 0x20, 0x7d, 0x0a, 0x20, 0x20, 0x20, 0x20, //           }.    
	0x20, 0x20, 0x20, 0x20, 0x20, 0x20, 0x20, 0x20, 0x65, 0x6c, 0x73, 0x65, 0x0a, 0x20, 0x20, 0x20, //         else.   
	0x20, 0x20, 0x20, 0x20, 0x20, 0x20, 0x20, 0x20, 0x20, 0x7b, 0x0a, 0x20, 0x20, 0x20, 0x20, 0x20, //          {.     
	0x20, 0x20, 0x20, 0x20, 0x20, 0x20, 0x20, 0x20, 0x20, 0x20, 0x20, 0x5f, 0x31, 0x36, 0x32, 0x38, //            _1628
	0x20, 0x3d, 0x20, 0x5f, 0x31, 0x31, 0x38, 0x39, 0x3b, 0x0a, 0x20, 0x20, 0x20, 0x20, 0x20, 0x20, //  = _1189;.      
	0x20, 0x20, 0x20, 0x20, 0x20, 0x20, 0x20, 0x20, 0x20, 0x20, 0x5f, 0x31, 0x36, 0x31, 0x35, 0x20, //           _1615 
	0x3d, 0x20, 0x5f, 0x31, 0x31, 0x38, 0x36, 0x3b, 0x0a, 0x20, 0x20, 0x20, 0x20, 0x20, 0x20, 0x20, // = _1186;.       
	0x20, 0x20, 0x20, 0x20, 0x20, 0x7d, 0x0a, 0x20, 0x20, 0x20, 0x20, 0x20, 0x20, 0x20, 0x20, 0x20, //      }.         
	0x20, 0x20, 0x20, 0x5f, 0x31, 0x36, 0x32, 0x37, 0x20, 0x3d, 0x20, 0x5f, 0x31, 0x36, 0x32, 0x38, //    _1627 = _1628
	0x3b, 0x0a, 0x20, 0x20, 0x20, 0x20, 0x20, 0x20, 0x20, 0x20, 0x20, 0x20, 0x20, 0x20, 0x5f, 0x31, // ;.            _1
	0x36, 0x31, 0x34, 0x20, 0x3d, 0x20, 0x5f, 0x31, 0x36, 0x31, 0x35, 0x3b, 0x0a, 0x20, 0x20, 0x20, // 614 = _1615;.   
	0x20, 0x20, 0x20, 0x20, 0x20, 0x7d, 0x0a, 0x20, 0x20, 0x20, 0x20, 0x20, 0x20, 0x20, 0x20, 0x65, //      }.        e
	0x6c, 0x73, 0x65, 0x0a, 0x20, 0x20, 0x20, 0x20, 0x20, 0x20, 0x20, 0x20, 0x7b, 0x0a, 0x20, 0x20, // lse.        {.  
	0x20, 0x20, 0x20, 0x20, 0x20, 0x20, 0x20, 0x20, 0x20, 0x20, 0x66, 0x6c, 0x6f, 0x61, 0x74, 0x20, //           float 
	0x5f, 0x31, 0x36, 0x31, 0x36, 0x3b, 0x0a, 0x20, 0x20, 0x20, 0x20, 0x20, 0x20, 0x20, 0x20, 0x20, // _1616;.         
	0x20, 0x20, 0x20, 0x66, 0x6c, 0x6f, 0x61, 0x74, 0x20, 0x5f, 0x31, 0x36, 0x32, 0x39, 0x3b, 0x0a, //    float _1629;.
	0x20, 0x20, 0x20, 0x20, 0x20, 0x20, 0x20, 0x20, 0x20, 0x20, 0x20, 0x20, 0x69, 0x66, 0x20, 0x28, //             if (
	0x75, 0x5f, 0x66, 0x6c, 0x69, 0x70, 0x62, 0x6f, 0x6f, 0x6b, 0x50, 0x61, 0x72, 0x61, 0x6d, 0x65, // u_flipbookParame
	0x74, 0x65, 0x72, 0x31, 0x2e, 0x79, 0x20, 0x3d, 0x3d, 0x20, 0x31, 0x2e, 0x30, 0x29, 0x0a, 0x20, // ter1.y == 1.0). 
	0x20, 0x20, 0x20, 0x20, 0x20, 0x20, 0x20, 0x20, 0x20, 0x20, 0x20, 0x7b, 0x0a, 0x20, 0x20, 0x20, //            {.   
	0x20, 0x20, 0x20, 0x20, 0x20, 0x20, 0x20, 0x20, 0x20, 0x20, 0x20, 0x20, 0x20, 0x5f, 0x31, 0x36, //              _16
	0x32, 0x39, 0x20, 0x3d, 0x20, 0x6d, 0x6f, 0x64, 0x28, 0x5f, 0x31, 0x31, 0x38, 0x39, 0x2c, 0x20, // 29 = mod(_1189, 
	0x5f, 0x31, 0x31, 0x39, 0x32, 0x29, 0x3b, 0x0a, 0x20, 0x20, 0x20, 0x20, 0x20, 0x20, 0x20, 0x20, // _1192);.        
	0x20, 0x20, 0x20, 0x20, 0x20, 0x20, 0x20, 0x20, 0x5f, 0x31, 0x36, 0x31, 0x36, 0x20, 0x3d, 0x20, //         _1616 = 
	0x6d, 0x6f, 0x64, 0x28, 0x5f, 0x31, 0x31, 0x38, 0x36, 0x2c, 0x20, 0x5f, 0x31, 0x31, 0x39, 0x32, // mod(_1186, _1192
	0x29, 0x3b, 0x0a, 0x20, 0x20, 0x20, 0x20, 0x20, 0x20, 0x20, 0x20, 0x20, 0x20, 0x20, 0x20, 0x7d, // );.            }
	0x0a, 0x20, 0x20, 0x20, 0x20, 0x20, 0x20, 0x20, 0x20, 0x20, 0x20, 0x20, 0x20, 0x65, 0x6c, 0x73, // .            els
	0x65, 0x0a, 0x20, 0x20, 0x20, 0x20, 0x20, 0x20, 0x20, 0x20, 0x20, 0x20, 0x20, 0x20, 0x7b, 0x0a, // e.            {.
	0x20, 0x20, 0x20, 0x20, 0x20, 0x20, 0x20, 0x20, 0x20, 0x20, 0x20, 0x20, 0x20, 0x20, 0x20, 0x20, //                 
	0x66, 0x6c, 0x6f, 0x61, 0x74, 0x20, 0x5f, 0x31, 0x36, 0x31, 0x37, 0x3b, 0x0a, 0x20, 0x20, 0x20, // float _1617;.   
	0x20, 0x20, 0x20, 0x20, 0x20, 0x20, 0x20, 0x20, 0x20, 0x20, 0x20, 0x20, 0x20, 0x66, 0x6c, 0x6f, //              flo
	0x61, 0x74, 0x20, 0x5f, 0x31, 0x36, 0x33, 0x30, 0x3b, 0x0a, 0x20, 0x20, 0x20, 0x20, 0x20, 0x20, // at _1630;.      
	0x20, 0x20, 0x20, 0x20, 0x20, 0x20, 0x20, 0x20, 0x20, 0x20, 0x69, 0x66, 0x20, 0x28, 0x75, 0x5f, //           if (u_
	0x66, 0x6c, 0x69, 0x70, 0x62, 0x6f, 0x6f, 0x6b, 0x50, 0x61, 0x72, 0x61, 0x6d, 0x65, 0x74, 0x65, // flipbookParamete
	0x72, 0x31, 0x2e, 0x79, 0x20, 0x3d, 0x3d, 0x20, 0x32, 0x2e, 0x30, 0x29, 0x0a, 0x20, 0x20, 0x20, // r1.y == 2.0).   
	0x20, 0x20, 0x20, 0x20, 0x20, 0x20, 0x20, 0x20, 0x20, 0x20, 0x20, 0x20, 0x20, 0x7b, 0x0a, 0x20, //              {. 
	0x20, 0x20, 0x20, 0x20, 0x20, 0x20, 0x20, 0x20, 0x20, 0x20, 0x20, 0x20, 0x20, 0x20, 0x20, 0x20, //                 
	0x20, 0x20, 0x20, 0x66, 0x6c, 0x6f, 0x61, 0x74, 0x20, 0x5f, 0x31, 0x32, 0x32, 0x37, 0x20, 0x3d, //    float _1227 =
	0x20, 0x6d, 0x6f, 0x64, 0x28, 0x5f, 0x31, 0x31, 0x38, 0x36, 0x2c, 0x20, 0x5f, 0x31, 0x31, 0x39, //  mod(_1186, _119
	0x32, 0x29, 0x3b, 0x0a, 0x20, 0x20, 0x20, 0x20, 0x20, 0x20, 0x20, 0x20, 0x20, 0x20, 0x20, 0x20, // 2);.            
	0x20, 0x20, 0x20, 0x20, 0x20, 0x20, 0x20, 0x20, 0x66, 0x6c, 0x6f, 0x61, 0x74, 0x20, 0x5f, 0x31, //         float _1
	0x36, 0x31, 0x39, 0x3b, 0x0a, 0x20, 0x20, 0x20, 0x20, 0x20, 0x20, 0x20, 0x20, 0x20, 0x20, 0x20, // 619;.           
	0x20, 0x20, 0x20, 0x20, 0x20, 0x20, 0x20, 0x20, 0x20, 0x69, 0x66, 0x20, 0x28, 0x6d, 0x6f, 0x64, //          if (mod
	0x28, 0x66, 0x6c, 0x6f, 0x6f, 0x72, 0x28, 0x5f, 0x31, 0x31, 0x38, 0x36, 0x20, 0x2f, 0x20, 0x5f, // (floor(_1186 / _
	0x31, 0x31, 0x39, 0x32, 0x29, 0x2c, 0x20, 0x32, 0x2e, 0x30, 0x29, 0x20, 0x3d, 0x3d, 0x20, 0x31, // 1192), 2.0) == 1
	0x2e, 0x30, 0x29, 0x0a, 0x20, 0x20, 0x20, 0x20, 0x20, 0x20, 0x20, 0x20, 0x20, 0x20, 0x20, 0x20, // .0).            
	0x20, 0x20, 0x20, 0x20, 0x20, 0x20, 0x20, 0x20, 0x7b, 0x0a, 0x20, 0x20, 0x20, 0x20, 0x20, 0x20, //         {.      
	0x20, 0x20, 0x20, 0x20, 0x20, 0x20, 0x20, 0x20, 0x20, 0x20, 0x20, 0x20, 0x20, 0x20, 0x20, 0x20, //                 
	0x20, 0x20, 0x5f, 0x31, 0x36, 0x31, 0x39, 0x20, 0x3d, 0x20, 0x28, 0x5f, 0x31, 0x31, 0x39, 0x32, //   _1619 = (_1192
	0x20, 0x2d, 0x20, 0x31, 0x2e, 0x30, 0x29, 0x20, 0x2d, 0x20, 0x66, 0x6c, 0x6f, 0x6f, 0x72, 0x28, //  - 1.0) - floor(
	0x5f, 0x31, 0x32, 0x32, 0x37, 0x29, 0x3b, 0x0a, 0x20, 0x20, 0x20, 0x20, 0x20, 0x20, 0x20, 0x20, // _1227);.        
	0x20, 0x20, 0x20, 0x20, 0x20, 0x20, 0x20, 0x20, 0x20, 0x20, 0x20, 0x20, 0x7d, 0x0a, 0x20, 0x20, //             }.  
	0x20, 0x20, 0x20, 0x20, 0x20, 0x20, 0x20, 0x20, 0x20, 0x20, 0x20, 0x20, 0x20, 0x20, 0x20, 0x20, //                 
	0x20, 0x20, 0x65, 0x6c, 0x73, 0x65, 0x0a, 0x20, 0x20, 0x20, 0x20, 0x20, 0x20, 0x20, 0x20, 0x20, //   else.         
	0x20, 0x20, 0x20, 0x20, 0x20, 0x20, 0x20, 0x20, 0x20, 0x20, 0x20, 0x7b, 0x0a, 0x20, 0x20, 0x20, //            {.   
	0x20, 0x20, 0x20, 0x20, 0x20, 0x20, 0x20, 0x20, 0x20, 0x20, 0x20, 0x20, 0x20, 0x20, 0x20, 0x20, //                 
	0x20, 0x20, 0x20, 0x20, 0x20, 0x5f, 0x31, 0x36, 0x31, 0x39, 0x20, 0x3d, 0x20, 0x5f, 0x31, 0x32, //      _1619 = _12
	0x32, 0x37, 0x3b, 0x0a, 0x20, 0x20, 0x20, 0x20, 0x20, 0x20, 0x20, 0x20, 0x20, 0x20, 0x20, 0x20, // 27;.            
	0x20, 0x20, 0x20, 0x20, 0x20, 0x20, 0x20, 0x20, 0x7d, 0x0a, 0x20, 0x20, 0x20, 0x20, 0x20, 0x20, //         }.      
	0x20, 0x20, 0x20, 0x20, 0x20, 0x20, 0x20, 0x20, 0x20, 0x20, 0x20, 0x20, 0x20, 0x20, 0x66, 0x6c, //               fl
	0x6f, 0x61, 0x74, 0x20, 0x5f, 0x31, 0x32, 0x34, 0x34, 0x20, 0x3d, 0x20, 0x6d, 0x6f, 0x64, 0x28, // oat _1244 = mod(
	0x5f, 0x31, 0x31, 0x38, 0x39, 0x2c, 0x20, 0x5f, 0x31, 0x31, 0x39, 0x32, 0x29, 0x3b, 0x0a, 0x20, // _1189, _1192);. 
	0x20, 0x20, 0x20, 0x20, 0x20, 0x20, 0x20, 0x20, 0x20, 0x20, 0x20, 0x20, 0x20, 0x20, 0x20, 0x20, //                 
	0x20, 0x20, 0x20, 0x66, 0x6c, 0x6f, 0x61, 0x74, 0x20, 0x5f, 0x31, 0x36, 0x33, 0x31, 0x3b, 0x0a, //    float _1631;.
	0x20, 0x20, 0x20, 0x20, 0x20, 0x20, 0x20, 0x20, 0x20, 0x20, 0x20, 0x20, 0x20, 0x20, 0x20, 0x20, //                 
	0x20, 0x20, 0x20, 0x20, 0x69, 0x66, 0x20, 0x28, 0x6d, 0x6f, 0x64, 0x28, 0x66, 0x6c, 0x6f, 0x6f, //     if (mod(floo
	0x72, 0x28, 0x5f, 0x31, 0x31, 0x38, 0x39, 0x20, 0x2f, 0x20, 0x5f, 0x31, 0x31, 0x39, 0x32, 0x29, // r(_1189 / _1192)
	0x2c, 0x20, 0x32, 0x2e, 0x30, 0x29, 0x20, 0x3d, 0x3d, 0x20, 0x31, 0x2e, 0x30, 0x29, 0x0a, 0x20, // , 2.0) == 1.0). 
	0x20, 0x20, 0x20, 0x20, 0x20, 0x20, 0x20, 0x20, 0x20, 0x20, 0x20, 0x20, 0x20, 0x20, 0x20, 0x20, //                 
	0x20, 0x20, 0x20, 0x7b, 0x0a, 0x20, 0x20, 0x20, 0x20, 0x20, 0x20, 0x20, 0x20, 0x20, 0x20, 0x20, //    {.           
	0x20, 0x20, 0x20, 0x20, 0x20, 0x20, 0x20, 0x20, 0x20, 0x20, 0x20, 0x20, 0x20, 0x5f, 0x31, 0x36, //              _16
	0x33, 0x31, 0x20, 0x3d, 0x20, 0x28, 0x5f, 0x31, 0x31, 0x39, 0x32, 0x20, 0x2d, 0x20, 0x31, 0x2e, // 31 = (_1192 - 1.
	0x30, 0x29, 0x20, 0x2d, 0x20, 0x66, 0x6c, 0x6f, 0x6f, 0x72, 0x28, 0x5f, 0x31, 0x32, 0x34, 0x34, // 0) - floor(_1244
	0x29, 0x3b, 0x0a, 0x20, 0x20, 0x20, 0x20, 0x20, 0x20, 0x20, 0x20, 0x20, 0x20, 0x20, 0x20, 0x20, // );.             
	0x20, 0x20, 0x20, 0x20, 0x20, 0x20, 0x20, 0x7d, 0x0a, 0x20, 0x20, 0x20, 0x20, 0x20, 0x20, 0x20, //        }.       
	0x20, 0x20, 0x20, 0x20, 0x20, 0x20, 0x20, 0x20, 0x20, 0x20, 0x20, 0x20, 0x20, 0x65, 0x6c, 0x73, //              els
	0x65, 0x0a, 0x20, 0x20, 0x20, 0x20, 0x20, 0x20, 0x20, 0x20, 0x20, 0x20, 0x20, 0x20, 0x20, 0x20, // e.              
	0x20, 0x20, 0x20, 0x20, 0x20, 0x20, 0x7b, 0x0a, 0x20, 0x20, 0x20, 0x20, 0x20, 0x20, 0x20, 0x20, //       {.        
	0x20, 0x20, 0x20, 0x20, 0x20, 0x20, 0x20, 0x20, 0x20, 0x20, 0x20, 0x20, 0x20, 0x20, 0x20, 0x20, //                 
	0x5f, 0x31, 0x36, 0x33, 0x31, 0x20, 0x3d, 0x20, 0x5f, 0x31, 0x32, 0x34, 0x34, 0x3b, 0x0a, 0x20, // _1631 = _1244;. 
	0x20, 0x20, 0x20, 0x20, 0x20, 0x20, 0x20, 0x20, 0x20, 0x20, 0x20, 0x20, 0x20, 0x20, 0x20, 0x20, //                 
	0x20, 0x20, 0x20, 0x7d, 0x0a, 0x20, 0x20, 0x20, 0x20, 0x20, 0x20, 0x20, 0x20, 0x20, 0x20, 0x20, //    }.           
	0x20, 0x20, 0x20, 0x20, 0x20, 0x20, 0x20, 0x20, 0x20, 0x5f, 0x31, 0x36, 0x33, 0x30, 0x20, 0x3d, //          _1630 =
	0x20, 0x5f, 0x31, 0x36, 0x33, 0x31, 0x3b, 0x0a, 0x20, 0x20, 0x20, 0x20, 0x20, 0x20, 0x20, 0x20, //  _1631;.        
	0x20, 0x20, 0x20, 0x20, 0x20, 0x20, 0x20, 0x20, 0x20, 0x20, 0x20, 0x20, 0x5f, 0x31, 0x36, 0x31, //             _161
	0x37, 0x20, 0x3d, 0x20, 0x5f, 0x31, 0x36, 0x31, 0x39, 0x3b, 0x0a, 0x20, 0x20, 0x20, 0x20, 0x20, // 7 = _1619;.     
	0x20, 0x20, 0x20, 0x20, 0x20, 0x20, 0x20, 0x20, 0x20, 0x20, 0x20, 0x7d, 0x0a, 0x20, 0x20, 0x20, //            }.   
	0x20, 0x20, 0x20, 0x20, 0x20, 0x20, 0x20, 0x20, 0x20, 0x20, 0x20, 0x20, 0x20, 0x65, 0x6c, 0x73, //              els
	0x65, 0x0a, 0x20, 0x20, 0x20, 0x20, 0x20, 0x20, 0x20, 0x20, 0x20, 0x20, 0x20, 0x20, 0x20, 0x20, // e.              
	0x20, 0x20, 0x7b, 0x0a, 0x20, 0x20, 0x20, 0x20, 0x20, 0x20, 0x20, 0x20, 0x20, 0x20, 0x20, 0x20, //   {.            
	0x20, 0x20, 0x20, 0x20, 0x20, 0x20, 0x20, 0x20, 0x5f, 0x31, 0x36, 0x33, 0x30, 0x20, 0x3d, 0x20, //         _1630 = 
	0x5f, 0x31, 0x31, 0x38, 0x39, 0x3b, 0x0a, 0x20, 0x20, 0x20, 0x20, 0x20, 0x20, 0x20, 0x20, 0x20, // _1189;.         
	0x20, 0x20, 0x20, 0x20, 0x20, 0x20, 0x20, 0x20, 0x20, 0x20, 0x20, 0x5f, 0x31, 0x36, 0x31, 0x37, //            _1617
	0x20, 0x3d, 0x20, 0x5f, 0x31, 0x31, 0x38, 0x36, 0x3b, 0x0a, 0x20, 0x20, 0x20, 0x20, 0x20, 0x20, //  = _1186;.      
	0x20, 0x20, 0x20, 0x20, 0x20, 0x20, 0x20, 0x20, 0x20, 0x20, 0x7d, 0x0a, 0x20, 0x20, 0x20, 0x20, //           }.    
	0x20, 0x20, 0x20, 0x20, 0x20, 0x20, 0x20, 0x20, 0x20, 0x20, 0x20, 0x20, 0x5f, 0x31, 0x36, 0x32, //             _162
	0x39, 0x20, 0x3d, 0x20, 0x5f, 0x31, 0x36, 0x33, 0x30, 0x3b, 0x0a, 0x20, 0x20, 0x20, 0x20, 0x20, // 9 = _1630;.     
	0x20, 0x20, 0x20, 0x20, 0x20, 0x20, 0x20, 0x20, 0x20, 0x20, 0x20, 0x5f, 0x31, 0x36, 0x31, 0x36, //            _1616
	0x20, 0x3d, 0x20, 0x5f, 0x31, 0x36, 0x31, 0x37, 0x3b, 0x0a, 0x20, 0x20, 0x20, 0x20, 0x20, 0x20, //  = _1617;.      
	0x20, 0x20, 0x20, 0x20, 0x20, 0x20, 0x7d, 0x0a, 0x20, 0x20, 0x20, 0x20, 0x20, 0x20, 0x20, 0x20, //       }.        
	0x20, 0x20, 0x20, 0x20, 0x5f, 0x31, 0x36, 0x32, 0x37, 0x20, 0x3d, 0x20, 0x5f, 0x31, 0x36, 0x32, //     _1627 = _162
	0x39, 0x3b, 0x0a, 0x20, 0x20, 0x20, 0x20, 0x20, 0x20, 0x20, 0x20, 0x20, 0x20, 0x20, 0x20, 0x5f, // 9;.            _
	0x31, 0x36, 0x31, 0x34, 0x20, 0x3d, 0x20, 0x5f, 0x31, 0x36, 0x31, 0x36, 0x3b, 0x0a, 0x20, 0x20, // 1614 = _1616;.  
	0x20, 0x20, 0x20, 0x20, 0x20, 0x20, 0x7d, 0x0a, 0x20, 0x20, 0x20, 0x20, 0x20, 0x20, 0x20, 0x20, //       }.        
	0x5f, 0x39, 0x31, 0x35, 0x2e, 0x79, 0x20, 0x3d, 0x20, 0x75, 0x5f, 0x6d, 0x55, 0x56, 0x49, 0x6e, // _915.y = u_mUVIn
	0x76, 0x65, 0x72, 0x73, 0x65, 0x64, 0x2e, 0x78, 0x20, 0x2b, 0x20, 0x28, 0x75, 0x5f, 0x6d, 0x55, // versed.x + (u_mU
	0x56, 0x49, 0x6e, 0x76, 0x65, 0x72, 0x73, 0x65, 0x64, 0x2e, 0x79, 0x20, 0x2a, 0x20, 0x5f, 0x38, // VInversed.y * _8
	0x38, 0x37, 0x29, 0x3b, 0x0a, 0x20, 0x20, 0x20, 0x20, 0x20, 0x20, 0x20, 0x20, 0x69, 0x6e, 0x74, // 87);.        int
	0x20, 0x5f, 0x31, 0x33, 0x30, 0x33, 0x20, 0x3d, 0x20, 0x69, 0x6e, 0x74, 0x28, 0x5f, 0x31, 0x36, //  _1303 = int(_16
	0x31, 0x34, 0x29, 0x3b, 0x0a, 0x20, 0x20, 0x20, 0x20, 0x20, 0x20, 0x20, 0x20, 0x69, 0x6e, 0x74, // 14);.        int
	0x20, 0x5f, 0x31, 0x33, 0x30, 0x36, 0x20, 0x3d, 0x20, 0x69, 0x6e, 0x74, 0x28, 0x75, 0x5f, 0x66, //  _1306 = int(u_f
	0x6c, 0x69, 0x70, 0x62, 0x6f, 0x6f, 0x6b, 0x50, 0x61, 0x72, 0x61, 0x6d, 0x65, 0x74, 0x65, 0x72, // lipbookParameter
	0x31, 0x2e, 0x7a, 0x29, 0x3b, 0x0a, 0x20, 0x20, 0x20, 0x20, 0x20, 0x20, 0x20, 0x20, 0x66, 0x6c, // 1.z);.        fl
	0x6f, 0x61, 0x74, 0x20, 0x5f, 0x31, 0x33, 0x30, 0x37, 0x20, 0x3d, 0x20, 0x66, 0x6c, 0x6f, 0x61, // oat _1307 = floa
	0x74, 0x28, 0x5f, 0x31, 0x33, 0x30, 0x36, 0x29, 0x3b, 0x0a, 0x20, 0x20, 0x20, 0x20, 0x20, 0x20, // t(_1306);.      
	0x20, 0x20, 0x69, 0x6e, 0x74, 0x20, 0x5f, 0x31, 0x33, 0x32, 0x39, 0x20, 0x3d, 0x20, 0x69, 0x6e, //   int _1329 = in
	0x74, 0x28, 0x5f, 0x31, 0x36, 0x32, 0x37, 0x29, 0x3b, 0x0a, 0x20, 0x20, 0x20, 0x20, 0x20, 0x20, // t(_1627);.      
	0x20, 0x20, 0x76, 0x65, 0x63, 0x32, 0x20, 0x5f, 0x31, 0x33, 0x34, 0x39, 0x20, 0x3d, 0x20, 0x28, //   vec2 _1349 = (
	0x28, 0x5f, 0x39, 0x31, 0x35, 0x20, 0x2d, 0x20, 0x28, 0x28, 0x76, 0x65, 0x63, 0x32, 0x28, 0x6d, // (_915 - ((vec2(m
	0x6f, 0x64, 0x28, 0x66, 0x6c, 0x6f, 0x61, 0x74, 0x28, 0x5f, 0x31, 0x33, 0x30, 0x33, 0x29, 0x2c, // od(float(_1303),
	0x20, 0x5f, 0x31, 0x33, 0x30, 0x37, 0x29, 0x2c, 0x20, 0x66, 0x6c, 0x6f, 0x61, 0x74, 0x28, 0x5f, //  _1307), float(_
	0x31, 0x33, 0x30, 0x33, 0x20, 0x2f, 0x20, 0x5f, 0x31, 0x33, 0x30, 0x36, 0x29, 0x29, 0x20, 0x2a, // 1303 / _1306)) *
	0x20, 0x75, 0x5f, 0x66, 0x6c, 0x69, 0x70, 0x62, 0x6f, 0x6f, 0x6b, 0x50, 0x61, 0x72, 0x61, 0x6d, //  u_flipbookParam
	0x65, 0x74, 0x65, 0x72, 0x32, 0x2e, 0x78, 0x79, 0x29, 0x20, 0x2b, 0x20, 0x75, 0x5f, 0x66, 0x6c, // eter2.xy) + u_fl
	0x69, 0x70, 0x62, 0x6f, 0x6f, 0x6b, 0x50, 0x61, 0x72, 0x61, 0x6d, 0x65, 0x74, 0x65, 0x72, 0x32, // ipbookParameter2
	0x2e, 0x7a, 0x77, 0x29, 0x29, 0x20, 0x2b, 0x20, 0x28, 0x76, 0x65, 0x63, 0x32, 0x28, 0x6d, 0x6f, // .zw)) + (vec2(mo
	0x64, 0x28, 0x66, 0x6c, 0x6f, 0x61, 0x74, 0x28, 0x5f, 0x31, 0x33, 0x32, 0x39, 0x29, 0x2c, 0x20, // d(float(_1329), 
	0x5f, 0x31, 0x33, 0x30, 0x37, 0x29, 0x2c, 0x20, 0x66, 0x6c, 0x6f, 0x61, 0x74, 0x28, 0x5f, 0x31, // _1307), float(_1
	0x33, 0x32, 0x39, 0x20, 0x2f, 0x20, 0x5f, 0x31, 0x33, 0x30, 0x36, 0x29, 0x29, 0x20, 0x2a, 0x20, // 329 / _1306)) * 
	0x75, 0x5f, 0x66, 0x6c, 0x69, 0x70, 0x62, 0x6f, 0x6f, 0x6b, 0x50, 0x61, 0x72, 0x61, 0x6d, 0x65, // u_flipbookParame
	0x74, 0x65, 0x72, 0x32, 0x2e, 0x78, 0x79, 0x29, 0x29, 0x20, 0x2b, 0x20, 0x75, 0x5f, 0x66, 0x6c, // ter2.xy)) + u_fl
	0x69, 0x70, 0x62, 0x6f, 0x6f, 0x6b, 0x50, 0x61, 0x72, 0x61, 0x6d, 0x65, 0x74, 0x65, 0x72, 0x32, // ipbookParameter2
	0x2e, 0x7a, 0x77, 0x3b, 0x0a, 0x20, 0x20, 0x20, 0x20, 0x20, 0x20, 0x20, 0x20, 0x5f, 0x31, 0x33, // .zw;.        _13
	0x34, 0x39, 0x2e, 0x79, 0x20, 0x3d, 0x20, 0x75, 0x5f, 0x6d, 0x55, 0x56, 0x49, 0x6e, 0x76, 0x65, // 49.y = u_mUVInve
	0x72, 0x73, 0x65, 0x64, 0x2e, 0x78, 0x20, 0x2b, 0x20, 0x28, 0x75, 0x5f, 0x6d, 0x55, 0x56, 0x49, // rsed.x + (u_mUVI
	0x6e, 0x76, 0x65, 0x72, 0x73, 0x65, 0x64, 0x2e, 0x79, 0x20, 0x2a, 0x20, 0x5f, 0x31, 0x33, 0x34, // nversed.y * _134
	0x39, 0x2e, 0x79, 0x29, 0x3b, 0x0a, 0x20, 0x20, 0x20, 0x20, 0x20, 0x20, 0x20, 0x20, 0x5f, 0x31, // 9.y);.        _1
	0x36, 0x34, 0x35, 0x20, 0x3d, 0x20, 0x5f, 0x31, 0x33, 0x34, 0x39, 0x3b, 0x0a, 0x20, 0x20, 0x20, // 645 = _1349;.   
	0x20, 0x20, 0x20, 0x20, 0x20, 0x5f, 0x31, 0x36, 0x33, 0x38, 0x20, 0x3d, 0x20, 0x66, 0x72, 0x61, //      _1638 = fra
	0x63, 0x74, 0x28, 0x75, 0x5f, 0x66, 0x46, 0x6c, 0x69, 0x70, 0x62, 0x6f, 0x6f, 0x6b, 0x49, 0x6e, // ct(u_fFlipbookIn
	0x64, 0x65, 0x78, 0x41, 0x6e, 0x64, 0x4e, 0x65, 0x78, 0x74, 0x52, 0x61, 0x74, 0x65, 0x5b, 0x5f, // dexAndNextRate[_
	0x37, 0x31, 0x35, 0x5d, 0x2e, 0x78, 0x29, 0x3b, 0x0a, 0x20, 0x20, 0x20, 0x20, 0x7d, 0x0a, 0x20, // 715].x);.    }. 
	0x20, 0x20, 0x20, 0x65, 0x6c, 0x73, 0x65, 0x0a, 0x20, 0x20, 0x20, 0x20, 0x7b, 0x0a, 0x20, 0x20, //    else.    {.  
	0x20, 0x20, 0x20, 0x20, 0x20, 0x20, 0x5f, 0x31, 0x36, 0x34, 0x35, 0x20, 0x3d, 0x20, 0x76, 0x65, //       _1645 = ve
	0x63, 0x32, 0x28, 0x30, 0x2e, 0x30, 0x29, 0x3b, 0x0a, 0x20, 0x20, 0x20, 0x20, 0x20, 0x20, 0x20, // c2(0.0);.       
	0x20, 0x5f, 0x31, 0x36, 0x33, 0x38, 0x20, 0x3d, 0x20, 0x30, 0x2e, 0x30, 0x3b, 0x0a, 0x20, 0x20, //  _1638 = 0.0;.  
	0x20, 0x20, 0x7d, 0x0a, 0x20, 0x20, 0x20, 0x20, 0x76, 0x65, 0x63, 0x34, 0x20, 0x5f, 0x31, 0x36, //   }.    vec4 _16
	0x38, 0x30, 0x20, 0x3d, 0x20, 0x76, 0x65, 0x63, 0x34, 0x28, 0x28, 0x61, 0x5f, 0x74, 0x65, 0x78, // 80 = vec4((a_tex
	0x63, 0x6f, 0x6f, 0x72, 0x64, 0x30, 0x2e, 0x78, 0x20, 0x2a, 0x20, 0x75, 0x5f, 0x66, 0x42, 0x6c, // coord0.x * u_fBl
	0x65, 0x6e, 0x64, 0x55, 0x56, 0x5b, 0x5f, 0x37, 0x31, 0x35, 0x5d, 0x2e, 0x7a, 0x29, 0x20, 0x2b, // endUV[_715].z) +
	0x20, 0x75, 0x5f, 0x66, 0x42, 0x6c, 0x65, 0x6e, 0x64, 0x55, 0x56, 0x5b, 0x5f, 0x37, 0x31, 0x35, //  u_fBlendUV[_715
	0x5d, 0x2e, 0x78, 0x2c, 0x20, 0x5f, 0x31, 0x30, 0x31, 0x32, 0x2c, 0x20, 0x5f, 0x31, 0x36, 0x34, // ].x, _1012, _164
	0x35, 0x29, 0x3b, 0x0a, 0x20, 0x20, 0x20, 0x20, 0x5f, 0x31, 0x36, 0x37, 0x36, 0x2e, 0x79, 0x20, // 5);.    _1676.y 
	0x3d, 0x20, 0x75, 0x5f, 0x6d, 0x55, 0x56, 0x49, 0x6e, 0x76, 0x65, 0x72, 0x73, 0x65, 0x64, 0x2e, // = u_mUVInversed.
	0x78, 0x20, 0x2b, 0x20, 0x28, 0x75, 0x5f, 0x6d, 0x55, 0x56, 0x49, 0x6e, 0x76, 0x65, 0x72, 0x73, // x + (u_mUVInvers
	0x65, 0x64, 0x2e, 0x79, 0x20, 0x2a, 0x20, 0x5f, 0x39, 0x37, 0x36, 0x29, 0x3b, 0x0a, 0x20, 0x20, // ed.y * _976);.  
	0x20, 0x20, 0x5f, 0x31, 0x36, 0x37, 0x36, 0x2e, 0x77, 0x20, 0x3d, 0x20, 0x75, 0x5f, 0x6d, 0x55, //   _1676.w = u_mU
	0x56, 0x49, 0x6e, 0x76, 0x65, 0x72, 0x73, 0x65, 0x64, 0x2e, 0x78, 0x20, 0x2b, 0x20, 0x28, 0x75, // VInversed.x + (u
	0x5f, 0x6d, 0x55, 0x56, 0x49, 0x6e, 0x76, 0x65, 0x72, 0x73, 0x65, 0x64, 0x2e, 0x79, 0x20, 0x2a, // _mUVInversed.y *
	0x20, 0x5f, 0x39, 0x39, 0x34, 0x29, 0x3b, 0x0a, 0x20, 0x20, 0x20, 0x20, 0x5f, 0x31, 0x36, 0x38, //  _994);.    _168
	0x30, 0x2e, 0x79, 0x20, 0x3d, 0x20, 0x75, 0x5f, 0x6d, 0x55, 0x56, 0x49, 0x6e, 0x76, 0x65, 0x72, // 0.y = u_mUVInver
	0x73, 0x65, 0x64, 0x2e, 0x78, 0x20, 0x2b, 0x20, 0x28, 0x75, 0x5f, 0x6d, 0x55, 0x56, 0x49, 0x6e, // sed.x + (u_mUVIn
	0x76, 0x65, 0x72, 0x73, 0x65, 0x64, 0x2e, 0x79, 0x20, 0x2a, 0x20, 0x5f, 0x31, 0x30, 0x31, 0x32, // versed.y * _1012
	0x29, 0x3b, 0x0a, 0x20, 0x20, 0x20, 0x20, 0x5f, 0x31, 0x36, 0x37, 0x37, 0x2e, 0x79, 0x20, 0x3d, // );.    _1677.y =
	0x20, 0x75, 0x5f, 0x6d, 0x55, 0x56, 0x49, 0x6e, 0x76, 0x65, 0x72, 0x73, 0x65, 0x64, 0x2e, 0x78, //  u_mUVInversed.x
	0x20, 0x2b, 0x20, 0x28, 0x75, 0x5f, 0x6d, 0x55, 0x56, 0x49, 0x6e, 0x76, 0x65, 0x72, 0x73, 0x65, //  + (u_mUVInverse
	0x64, 0x2e, 0x79, 0x20, 0x2a, 0x20, 0x5f, 0x31, 0x30, 0x33, 0x30, 0x29, 0x3b, 0x0a, 0x20, 0x20, // d.y * _1030);.  
	0x20, 0x20, 0x5f, 0x31, 0x36, 0x37, 0x37, 0x2e, 0x77, 0x20, 0x3d, 0x20, 0x75, 0x5f, 0x6d, 0x55, //   _1677.w = u_mU
	0x56, 0x49, 0x6e, 0x76, 0x65, 0x72, 0x73, 0x65, 0x64, 0x2e, 0x78, 0x20, 0x2b, 0x20, 0x28, 0x75, // VInversed.x + (u
	0x5f, 0x6d, 0x55, 0x56, 0x49, 0x6e, 0x76, 0x65, 0x72, 0x73, 0x65, 0x64, 0x2e, 0x79, 0x20, 0x2a, // _mUVInversed.y *
	0x20, 0x5f, 0x31, 0x30, 0x34, 0x38, 0x29, 0x3b, 0x0a, 0x20, 0x20, 0x20, 0x20, 0x67, 0x6c, 0x5f, //  _1048);.    gl_
	0x50, 0x6f, 0x73, 0x69, 0x74, 0x69, 0x6f, 0x6e, 0x20, 0x3d, 0x20, 0x5f, 0x38, 0x35, 0x38, 0x3b, // Position = _858;
	0x0a, 0x20, 0x20, 0x20, 0x20, 0x76, 0x5f, 0x43, 0x6f, 0x6c, 0x6f, 0x72, 0x20, 0x3d, 0x20, 0x75, // .    v_Color = u
	0x5f, 0x66, 0x4d, 0x6f, 0x64, 0x65, 0x6c, 0x43, 0x6f, 0x6c, 0x6f, 0x72, 0x5b, 0x5f, 0x37, 0x31, // _fModelColor[_71
	0x35, 0x5d, 0x20, 0x2a, 0x20, 0x61, 0x5f, 0x63, 0x6f, 0x6c, 0x6f, 0x72, 0x30, 0x3b, 0x0a, 0x20, // 5] * a_color0;. 
	0x20, 0x20, 0x20, 0x76, 0x5f, 0x55, 0x56, 0x5f, 0x4f, 0x74, 0x68, 0x65, 0x72, 0x73, 0x20, 0x3d, //    v_UV_Others =
	0x20, 0x76, 0x65, 0x63, 0x34, 0x28, 0x5f, 0x38, 0x36, 0x39, 0x2c, 0x20, 0x5f, 0x38, 0x38, 0x37, //  vec4(_869, _887
	0x2c, 0x20, 0x5f, 0x31, 0x36, 0x33, 0x38, 0x2c, 0x20, 0x75, 0x5f, 0x66, 0x4d, 0x6f, 0x64, 0x65, // , _1638, u_fMode
	0x6c, 0x41, 0x6c, 0x70, 0x68, 0x61, 0x54, 0x68, 0x72, 0x65, 0x73, 0x68, 0x6f, 0x6c, 0x64, 0x5b, // lAlphaThreshold[
	0x5f, 0x37, 0x31, 0x35, 0x5d, 0x2e, 0x78, 0x29, 0x3b, 0x0a, 0x20, 0x20, 0x20, 0x20, 0x76, 0x5f, // _715].x);.    v_
	0x57, 0x6f, 0x72, 0x6c, 0x64, 0x4e, 0x20, 0x3d, 0x20, 0x6e, 0x6f, 0x72, 0x6d, 0x61, 0x6c, 0x69, // WorldN = normali
	0x7a, 0x65, 0x28, 0x75, 0x5f, 0x6d, 0x4d, 0x6f, 0x64, 0x65, 0x6c, 0x5f, 0x49, 0x6e, 0x73, 0x74, // ze(u_mModel_Inst
	0x5b, 0x5f, 0x37, 0x31, 0x35, 0x5d, 0x20, 0x2a, 0x20, 0x76, 0x65, 0x63, 0x34, 0x28, 0x61, 0x5f, // [_715] * vec4(a_
	0x6e, 0x6f, 0x72, 0x6d, 0x61, 0x6c, 0x2c, 0x20, 0x30, 0x2e, 0x30, 0x29, 0x29, 0x2e, 0x78, 0x79, // normal, 0.0)).xy
	0x7a, 0x3b, 0x0a, 0x20, 0x20, 0x20, 0x20, 0x76, 0x5f, 0x41, 0x6c, 0x70, 0x68, 0x61, 0x5f, 0x44, // z;.    v_Alpha_D
	0x69, 0x73, 0x74, 0x5f, 0x55, 0x56, 0x20, 0x3d, 0x20, 0x5f, 0x31, 0x36, 0x37, 0x36, 0x3b, 0x0a, // ist_UV = _1676;.
	0x20, 0x20, 0x20, 0x20, 0x76, 0x5f, 0x42, 0x6c, 0x65, 0x6e, 0x64, 0x5f, 0x41, 0x6c, 0x70, 0x68, //     v_Blend_Alph
	0x61, 0x5f, 0x44, 0x69, 0x73, 0x74, 0x5f, 0x55, 0x56, 0x20, 0x3d, 0x20, 0x5f, 0x31, 0x36, 0x37, // a_Dist_UV = _167
	0x37, 0x3b, 0x0a, 0x20, 0x20, 0x20, 0x20, 0x76, 0x5f, 0x42, 0x6c, 0x65, 0x6e, 0x64, 0x5f, 0x46, // 7;.    v_Blend_F
	0x42, 0x4e, 0x65, 0x78, 0x74, 0x49, 0x6e, 0x64, 0x65, 0x78, 0x5f, 0x55, 0x56, 0x20, 0x3d, 0x20, // BNextIndex_UV = 
	0x5f, 0x31, 0x36, 0x38, 0x30, 0x3b, 0x0a, 0x20, 0x20, 0x20, 0x20, 0x76, 0x5f, 0x50, 0x6f, 0x73, // _1680;.    v_Pos
	0x50, 0x20, 0x3d, 0x20, 0x5f, 0x38, 0x35, 0x38, 0x3b, 0x0a, 0x7d, 0x0a, 0x0a, 0x00,             // P = _858;.}...
};
static const uint8_t ad_model_unlit_vs_glsl[5982] =
{
	0x56, 0x53, 0x48, 0x0c, 0x00, 0x00, 0x00, 0x00, 0xf6, 0x96, 0xa7, 0xb8, 0x00, 0x00, 0x00, 0x00, // VSH.............
	0x00, 0x00, 0x00, 0x00, 0x0e, 0x00, 0x14, 0x75, 0x5f, 0x66, 0x6c, 0x69, 0x70, 0x62, 0x6f, 0x6f, // .......u_flipboo
	0x6b, 0x50, 0x61, 0x72, 0x61, 0x6d, 0x65, 0x74, 0x65, 0x72, 0x31, 0x02, 0x01, 0x00, 0x00, 0x01, // kParameter1.....
	0x00, 0x00, 0x00, 0x00, 0x00, 0x14, 0x75, 0x5f, 0x66, 0x6c, 0x69, 0x70, 0x62, 0x6f, 0x6f, 0x6b, // ......u_flipbook
	0x50, 0x61, 0x72, 0x61, 0x6d, 0x65, 0x74, 0x65, 0x72, 0x32, 0x02, 0x01, 0x00, 0x00, 0x01, 0x00, // Parameter2......
	0x00, 0x00, 0x00, 0x00, 0x0d, 0x75, 0x5f, 0x6d, 0x55, 0x56, 0x49, 0x6e, 0x76, 0x65, 0x72, 0x73, // .....u_mUVInvers
	0x65, 0x64, 0x02, 0x01, 0x00, 0x00, 0x01, 0x00, 0x00, 0x00, 0x00, 0x00, 0x0d, 0x75, 0x5f, 0x6d, // ed...........u_m
	0x4d, 0x6f, 0x64, 0x65, 0x6c, 0x5f, 0x49, 0x6e, 0x73, 0x74, 0x04, 0x28, 0x00, 0x00, 0xa0, 0x00, // Model_Inst.(....
	0x00, 0x00, 0x00, 0x00, 0x05, 0x75, 0x5f, 0x66, 0x55, 0x56, 0x02, 0x28, 0x00, 0x00, 0x28, 0x00, // .....u_fUV.(..(.
	0x00, 0x00, 0x00, 0x00, 0x0a, 0x75, 0x5f, 0x66, 0x41, 0x6c, 0x70, 0x68, 0x61, 0x55, 0x56, 0x02, // .....u_fAlphaUV.
	0x28, 0x00, 0x00, 0x28, 0x00, 0x00, 0x00, 0x00, 0x00, 0x11, 0x75, 0x5f, 0x66, 0x55, 0x56, 0x44, // (..(......u_fUVD
	0x69, 0x73, 0x74, 0x6f, 0x72, 0x74, 0x69, 0x6f, 0x6e, 0x55, 0x56, 0x02, 0x28, 0x00, 0x00, 0x28, // istortionUV.(..(
	0x00, 0x00, 0x00, 0x00, 0x00, 0x0a, 0x75, 0x5f, 0x66, 0x42, 0x6c, 0x65, 0x6e, 0x64, 0x55, 0x56, // ......u_fBlendUV
	0x02, 0x28, 0x00, 0x00, 0x28, 0x00, 0x00, 0x00, 0x00, 0x00, 0x0f, 0x75, 0x5f, 0x66, 0x42, 0x6c, // .(..(......u_fBl
	0x65, 0x6e, 0x64, 0x41, 0x6c, 0x70, 0x68, 0x61, 0x55, 0x56, 0x02, 0x28, 0x00, 0x00, 0x28, 0x00, // endAlphaUV.(..(.
	0x00, 0x00, 0x00, 0x00, 0x16, 0x75, 0x5f, 0x66, 0x42, 0x6c, 0x65, 0x6e, 0x64, 0x55, 0x56, 0x44, // .....u_fBlendUVD
	0x69, 0x73, 0x74, 0x6f, 0x72, 0x74, 0x69, 0x6f, 0x6e, 0x55, 0x56, 0x02, 0x28, 0x00, 0x00, 0x28, // istortionUV.(..(
	0x00, 0x00, 0x00, 0x00, 0x00, 0x0d, 0x75, 0x5f, 0x66, 0x4d, 0x6f, 0x64, 0x65, 0x6c, 0x43, 0x6f, // ......u_fModelCo
	0x6c, 0x6f, 0x72, 0x02, 0x28, 0x00, 0x00, 0x28, 0x00, 0x00, 0x00, 0x00, 0x00, 0x1b, 0x75, 0x5f, // lor.(..(......u_
	0x66, 0x46, 0x6c, 0x69, 0x70, 0x62, 0x6f, 0x6f, 0x6b, 0x49, 0x6e, 0x64, 0x65, 0x78, 0x41, 0x6e, // fFlipbookIndexAn
	0x64, 0x4e, 0x65, 0x78, 0x74, 0x52, 0x61, 0x74, 0x65, 0x02, 0x28, 0x00, 0x00, 0x28, 0x00, 0x00, // dNextRate.(..(..
	0x00, 0x00, 0x00, 0x16, 0x75, 0x5f, 0x66, 0x4d, 0x6f, 0x64, 0x65, 0x6c, 0x41, 0x6c, 0x70, 0x68, // ....u_fModelAlph
	0x61, 0x54, 0x68, 0x72, 0x65, 0x73, 0x68, 0x6f, 0x6c, 0x64, 0x02, 0x28, 0x00, 0x00, 0x28, 0x00, // aThreshold.(..(.
	0x00, 0x00, 0x00, 0x00, 0x0d, 0x75, 0x5f, 0x6d, 0x43, 0x61, 0x6d, 0x65, 0x72, 0x61, 0x50, 0x72, // .....u_mCameraPr
	0x6f, 0x6a, 0x04, 0x01, 0x00, 0x00, 0x04, 0x00, 0x00, 0x00, 0x00, 0x00, 0xcd, 0x15, 0x00, 0x00, // oj..............
	0x0a, 0x76, 0x65, 0x63, 0x34, 0x20, 0x5f, 0x31, 0x36, 0x38, 0x32, 0x3b, 0x0a, 0x0a, 0x75, 0x6e, // .vec4 _1682;..un
	0x69, 0x66, 0x6f, 0x72, 0x6d, 0x20, 0x76, 0x65, 0x63, 0x34, 0x20, 0x75, 0x5f, 0x66, 0x6c, 0x69, // iform vec4 u_fli
	0x70, 0x62, 0x6f, 0x6f, 0x6b, 0x50, 0x61, 0x72, 0x61, 0x6d, 0x65, 0x74, 0x65, 0x72, 0x31, 0x3b, // pbookParameter1;
	0x0a, 0x75, 0x6e, 0x69, 0x66, 0x6f, 0x72, 0x6d, 0x20, 0x76, 0x65, 0x63, 0x34, 0x20, 0x75, 0x5f, // .uniform vec4 u_
	0x66, 0x6c, 0x69, 0x70, 0x62, 0x6f, 0x6f, 0x6b, 0x50, 0x61, 0x72, 0x61, 0x6d, 0x65, 0x74, 0x65, // flipbookParamete
	0x72, 0x32, 0x3b, 0x0a, 0x75, 0x6e, 0x69, 0x66, 0x6f, 0x72, 0x6d, 0x20, 0x76, 0x65, 0x63, 0x34, // r2;.uniform vec4
	0x20, 0x75, 0x5f, 0x6d, 0x55, 0x56, 0x49, 0x6e, 0x76, 0x65, 0x72, 0x73, 0x65, 0x64, 0x3b, 0x0a, //  u_mUVInversed;.
	0x75, 0x6e, 0x69, 0x66, 0x6f, 0x72, 0x6d, 0x20, 0x6d, 0x61, 0x74, 0x34, 0x20, 0x75, 0x5f, 0x6d, // uniform mat4 u_m
	0x4d, 0x6f, 0x64, 0x65, 0x6c, 0x5f, 0x49, 0x6e, 0x73, 0x74, 0x5b, 0x34, 0x30, 0x5d, 0x3b, 0x0a, // Model_Inst[40];.
	0x75, 0x6e, 0x69, 0x66, 0x6f, 0x72, 0x6d, 0x20, 0x76, 0x65, 0x63, 0x34, 0x20, 0x75, 0x5f, 0x66, // uniform vec4 u_f
	0x55, 0x56, 0x5b, 0x34, 0x30, 0x5d, 0x3b, 0x0a, 0x75, 0x6e, 0x69, 0x66, 0x6f, 0x72, 0x6d, 0x20, // UV[40];.uniform 
	0x76, 0x65, 0x63, 0x34, 0x20, 0x75, 0x5f, 0x66, 0x41, 0x6c, 0x70, 0x68, 0x61, 0x55, 0x56, 0x5b, // vec4 u_fAlphaUV[
	0x34, 0x30, 0x5d, 0x3b, 0x0a, 0x75, 0x6e, 0x69, 0x66, 0x6f, 0x72, 0x6d, 0x20, 0x76, 0x65, 0x63, // 40];.uniform vec
	0x34, 0x20, 0x75, 0x5f, 0x66, 0x55, 0x56, 0x44, 0x69, 0x73, 0x74, 0x6f, 0x72, 0x74, 0x69, 0x6f, // 4 u_fUVDistortio
	0x6e, 0x55, 0x56, 0x5b, 0x34, 0x30, 0x5d, 0x3b, 0x0a, 0x75, 0x6e, 0x69, 0x66, 0x6f, 0x72, 0x6d, // nUV[40];.uniform
	0x20, 0x76, 0x65, 0x63, 0x34, 0x20, 0x75, 0x5f, 0x66, 0x42, 0x6c, 0x65, 0x6e, 0x64, 0x55, 0x56, //  vec4 u_fBlendUV
	0x5b, 0x34, 0x30, 0x5d, 0x3b, 0x0a, 0x75, 0x6e, 0x69, 0x66, 0x6f, 0x72, 0x6d, 0x20, 0x76, 0x65, // [40];.uniform ve
	0x63, 0x34, 0x20, 0x75, 0x5f, 0x66, 0x42, 0x6c, 0x65, 0x6e, 0x64, 0x41, 0x6c, 0x70, 0x68, 0x61, // c4 u_fBlendAlpha
	0x55, 0x56, 0x5b, 0x34, 0x30, 0x5d, 0x3b, 0x0a, 0x75, 0x6e, 0x69, 0x66, 0x6f, 0x72, 0x6d, 0x20, // UV[40];.uniform 
	0x76, 0x65, 0x63, 0x34, 0x20, 0x75, 0x5f, 0x66, 0x42, 0x6c, 0x65, 0x6e, 0x64, 0x55, 0x56, 0x44, // vec4 u_fBlendUVD
	0x69, 0x73, 0x74, 0x6f, 0x72, 0x74, 0x69, 0x6f, 0x6e, 0x55, 0x56, 0x5b, 0x34, 0x30, 0x5d, 0x3b, // istortionUV[40];
	0x0a, 0x75, 0x6e, 0x69, 0x66, 0x6f, 0x72, 0x6d, 0x20, 0x76, 0x65, 0x63, 0x34, 0x20, 0x75, 0x5f, // .uniform vec4 u_
	0x66, 0x4d, 0x6f, 0x64, 0x65, 0x6c, 0x43, 0x6f, 0x6c, 0x6f, 0x72, 0x5b, 0x34, 0x30, 0x5d, 0x3b, // fModelColor[40];
	0x0a, 0x75, 0x6e, 0x69, 0x66, 0x6f, 0x72, 0x6d, 0x20, 0x76, 0x65, 0x63, 0x34, 0x20, 0x75, 0x5f, // .uniform vec4 u_
	0x66, 0x46, 0x6c, 0x69, 0x70, 0x62, 0x6f, 0x6f, 0x6b, 0x49, 0x6e, 0x64, 0x65, 0x78, 0x41, 0x6e, // fFlipbookIndexAn
	0x64, 0x4e, 0x65, 0x78, 0x74, 0x52, 0x61, 0x74, 0x65, 0x5b, 0x34, 0x30, 0x5d, 0x3b, 0x0a, 0x75, // dNextRate[40];.u
	0x6e, 0x69, 0x66, 0x6f, 0x72, 0x6d, 0x20, 0x76, 0x65, 0x63, 0x34, 0x20, 0x75, 0x5f, 0x66, 0x4d, // niform vec4 u_fM
	0x6f, 0x64, 0x65, 0x6c, 0x41, 0x6c, 0x70, 0x68, 0x61, 0x54, 0x68, 0x72, 0x65, 0x73, 0x68, 0x6f, // odelAlphaThresho
	0x6c, 0x64, 0x5b, 0x34, 0x30, 0x5d, 0x3b, 0x0a, 0x75, 0x6e, 0x69, 0x66, 0x6f, 0x72, 0x6d, 0x20, // ld[40];.uniform 
	0x6d, 0x61, 0x74, 0x34, 0x20, 0x75, 0x5f, 0x6d, 0x43, 0x61, 0x6d, 0x65, 0x72, 0x61, 0x50, 0x72, // mat4 u_mCameraPr
	0x6f, 0x6a, 0x3b, 0x0a, 0x0a, 0x6c, 0x61, 0x79, 0x6f, 0x75, 0x74, 0x28, 0x6c, 0x6f, 0x63, 0x61, // oj;..layout(loca
	0x74, 0x69, 0x6f, 0x6e, 0x20, 0x3d, 0x20, 0x33, 0x29, 0x20, 0x69, 0x6e, 0x20, 0x76, 0x65, 0x63, // tion = 3) in vec
	0x33, 0x20, 0x61, 0x5f, 0x70, 0x6f, 0x73, 0x69, 0x74, 0x69, 0x6f, 0x6e, 0x3b, 0x0a, 0x6c, 0x61, // 3 a_position;.la
	0x79, 0x6f, 0x75, 0x74, 0x28, 0x6c, 0x6f, 0x63, 0x61, 0x74, 0x69, 0x6f, 0x6e, 0x20, 0x3d, 0x20, // yout(location = 
	0x32, 0x29, 0x20, 0x69, 0x6e, 0x20, 0x76, 0x65, 0x63, 0x33, 0x20, 0x61, 0x5f, 0x6e, 0x6f, 0x72, // 2) in vec3 a_nor
	0x6d, 0x61, 0x6c, 0x3b, 0x0a, 0x6c, 0x61, 0x79, 0x6f, 0x75, 0x74, 0x28, 0x6c, 0x6f, 0x63, 0x61, // mal;.layout(loca
	0x74, 0x69, 0x6f, 0x6e, 0x20, 0x3d, 0x20, 0x35, 0x29, 0x20, 0x69, 0x6e, 0x20, 0x76, 0x65, 0x63, // tion = 5) in vec
	0x32, 0x20, 0x61, 0x5f, 0x74, 0x65, 0x78, 0x63, 0x6f, 0x6f, 0x72, 0x64, 0x30, 0x3b, 0x0a, 0x6c, // 2 a_texcoord0;.l
	0x61, 0x79, 0x6f, 0x75, 0x74, 0x28, 0x6c, 0x6f, 0x63, 0x61, 0x74, 0x69, 0x6f, 0x6e, 0x20, 0x3d, // ayout(location =
	0x20, 0x31, 0x29, 0x20, 0x69, 0x6e, 0x20, 0x76, 0x65, 0x63, 0x34, 0x20, 0x61, 0x5f, 0x63, 0x6f, //  1) in vec4 a_co
	0x6c, 0x6f, 0x72, 0x30, 0x3b, 0x0a, 0x6f, 0x75, 0x74, 0x20, 0x76, 0x65, 0x63, 0x34, 0x20, 0x76, // lor0;.out vec4 v
	0x5f, 0x43, 0x6f, 0x6c, 0x6f, 0x72, 0x3b, 0x0a, 0x6f, 0x75, 0x74, 0x20, 0x76, 0x65, 0x63, 0x34, // _Color;.out vec4
	0x20, 0x76, 0x5f, 0x55, 0x56, 0x5f, 0x4f, 0x74, 0x68, 0x65, 0x72, 0x73, 0x3b, 0x0a, 0x6f, 0x75, //  v_UV_Others;.ou
	0x74, 0x20, 0x76, 0x65, 0x63, 0x33, 0x20, 0x76, 0x5f, 0x57, 0x6f, 0x72, 0x6c, 0x64, 0x4e, 0x3b, // t vec3 v_WorldN;
	0x0a, 0x6f, 0x75, 0x74, 0x20, 0x76, 0x65, 0x63, 0x34, 0x20, 0x76, 0x5f, 0x41, 0x6c, 0x70, 0x68, // .out vec4 v_Alph
	0x61, 0x5f, 0x44, 0x69, 0x73, 0x74, 0x5f, 0x55, 0x56, 0x3b, 0x0a, 0x6f, 0x75, 0x74, 0x20, 0x76, // a_Dist_UV;.out v
	0x65, 0x63, 0x34, 0x20, 0x76, 0x5f, 0x42, 0x6c, 0x65, 0x6e, 0x64, 0x5f, 0x41, 0x6c, 0x70, 0x68, // ec4 v_Blend_Alph
	0x61, 0x5f, 0x44, 0x69, 0x73, 0x74, 0x5f, 0x55, 0x56, 0x3b, 0x0a, 0x6f, 0x75, 0x74, 0x20, 0x76, // a_Dist_UV;.out v
	0x65, 0x63, 0x34, 0x20, 0x76, 0x5f, 0x42, 0x6c, 0x65, 0x6e, 0x64, 0x5f, 0x46, 0x42, 0x4e, 0x65, // ec4 v_Blend_FBNe
	0x78, 0x74, 0x49, 0x6e, 0x64, 0x65, 0x78, 0x5f, 0x55, 0x56, 0x3b, 0x0a, 0x6f, 0x75, 0x74, 0x20, // xtIndex_UV;.out 
	0x76, 0x65, 0x63, 0x34, 0x20, 0x76, 0x5f, 0x50, 0x6f, 0x73, 0x50, 0x3b, 0x0a, 0x0a, 0x76, 0x6f, // vec4 v_PosP;..vo
	0x69, 0x64, 0x20, 0x6d, 0x61, 0x69, 0x6e, 0x28, 0x29, 0x0a, 0x7b, 0x0a, 0x20, 0x20, 0x20, 0x20, // id main().{.    
	0x75, 0x69, 0x6e, 0x74, 0x20, 0x5f, 0x37, 0x31, 0x35, 0x20, 0x3d, 0x20, 0x75, 0x69, 0x6e, 0x74, // uint _715 = uint
	0x28, 0x67, 0x6c, 0x5f, 0x49, 0x6e, 0x73, 0x74, 0x61, 0x6e, 0x63, 0x65, 0x49, 0x44, 0x29, 0x3b, // (gl_InstanceID);
	0x0a, 0x20, 0x20, 0x20, 0x20, 0x76, 0x65, 0x63, 0x34, 0x20, 0x5f, 0x38, 0x35, 0x38, 0x20, 0x3d, // .    vec4 _858 =
	0x20, 0x75, 0x5f, 0x6d, 0x43, 0x61, 0x6d, 0x65, 0x72, 0x61, 0x50, 0x72, 0x6f, 0x6a, 0x20, 0x2a, //  u_mCameraProj *
	0x20, 0x28, 0x75, 0x5f, 0x6d, 0x4d, 0x6f, 0x64, 0x65, 0x6c, 0x5f, 0x49, 0x6e, 0x73, 0x74, 0x5b, //  (u_mModel_Inst[
	0x5f, 0x37, 0x31, 0x35, 0x5d, 0x20, 0x2a, 0x20, 0x76, 0x65, 0x63, 0x34, 0x28, 0x61, 0x5f, 0x70, // _715] * vec4(a_p
	0x6f, 0x73, 0x69, 0x74, 0x69, 0x6f, 0x6e, 0x2c, 0x20, 0x31, 0x2e, 0x30, 0x29, 0x29, 0x3b, 0x0a, // osition, 1.0));.
	0x20, 0x20, 0x20, 0x20, 0x66, 0x6c, 0x6f, 0x61, 0x74, 0x20, 0x5f, 0x38, 0x36, 0x39, 0x20, 0x3d, //     float _869 =
	0x20, 0x28, 0x61, 0x5f, 0x74, 0x65, 0x78, 0x63, 0x6f, 0x6f, 0x72, 0x64, 0x30, 0x2e, 0x78, 0x20, //  (a_texcoord0.x 
	0x2a, 0x20, 0x75, 0x5f, 0x66, 0x55, 0x56, 0x5b, 0x5f, 0x37, 0x31, 0x35, 0x5d, 0x2e, 0x7a, 0x29, // * u_fUV[_715].z)
	0x20, 0x2b, 0x20, 0x75, 0x5f, 0x66, 0x55, 0x56, 0x5b, 0x5f, 0x37, 0x31, 0x35, 0x5d, 0x2e, 0x78, //  + u_fUV[_715].x
	0x3b, 0x0a, 0x20, 0x20, 0x20, 0x20, 0x66, 0x6c, 0x6f, 0x61, 0x74, 0x20, 0x5f, 0x38, 0x38, 0x37, // ;.    float _887
	0x20, 0x3d, 0x20, 0x75, 0x5f, 0x6d, 0x55, 0x56, 0x49, 0x6e, 0x76, 0x65, 0x72, 0x73, 0x65, 0x64, //  = u_mUVInversed
	0x2e, 0x78, 0x20, 0x2b, 0x20, 0x28, 0x75, 0x5f, 0x6d, 0x55, 0x56, 0x49, 0x6e, 0x76, 0x65, 0x72, // .x + (u_mUVInver
	0x73, 0x65, 0x64, 0x2e, 0x79, 0x20, 0x2a, 0x20, 0x28, 0x28, 0x61, 0x5f, 0x74, 0x65, 0x78, 0x63, // sed.y * ((a_texc
	0x6f, 0x6f, 0x72, 0x64, 0x30, 0x2e, 0x79, 0x20, 0x2a, 0x20, 0x75, 0x5f, 0x66, 0x55, 0x56, 0x5b, // oord0.y * u_fUV[
	0x5f, 0x37, 0x31, 0x35, 0x5d, 0x2e, 0x77, 0x29, 0x20, 0x2b, 0x20, 0x75, 0x5f, 0x66, 0x55, 0x56, // _715].w) + u_fUV
	0x5b, 0x5f, 0x37, 0x31, 0x35, 0x5d, 0x2e, 0x79, 0x29, 0x29, 0x3b, 0x0a, 0x20, 0x20, 0x20, 0x20, // [_715].y));.    
	0x76, 0x65, 0x63, 0x34, 0x20, 0x5f, 0x31, 0x35, 0x30, 0x39, 0x3b, 0x0a, 0x20, 0x20, 0x20, 0x20, // vec4 _1509;.    
	0x5f, 0x31, 0x35, 0x30, 0x39, 0x2e, 0x78, 0x20, 0x3d, 0x20, 0x5f, 0x38, 0x36, 0x39, 0x3b, 0x0a, // _1509.x = _869;.
	0x20, 0x20, 0x20, 0x20, 0x76, 0x65, 0x63, 0x32, 0x20, 0x5f, 0x39, 0x31, 0x35, 0x20, 0x3d, 0x20, //     vec2 _915 = 
	0x5f, 0x31, 0x35, 0x30, 0x39, 0x2e, 0x78, 0x79, 0x3b, 0x0a, 0x20, 0x20, 0x20, 0x20, 0x66, 0x6c, // _1509.xy;.    fl
	0x6f, 0x61, 0x74, 0x20, 0x5f, 0x39, 0x37, 0x36, 0x20, 0x3d, 0x20, 0x28, 0x61, 0x5f, 0x74, 0x65, // oat _976 = (a_te
	0x78, 0x63, 0x6f, 0x6f, 0x72, 0x64, 0x30, 0x2e, 0x79, 0x20, 0x2a, 0x20, 0x75, 0x5f, 0x66, 0x41, // xcoord0.y * u_fA
	0x6c, 0x70, 0x68, 0x61, 0x55, 0x56, 0x5b, 0x5f, 0x37, 0x31, 0x35, 0x5d, 0x2e, 0x77, 0x29, 0x20, // lphaUV[_715].w) 
	0x2b, 0x20, 0x75, 0x5f, 0x66, 0x41, 0x6c, 0x70, 0x68, 0x61, 0x55, 0x56, 0x5b, 0x5f, 0x37, 0x31, // + u_fAlphaUV[_71
	0x35, 0x5d, 0x2e, 0x79, 0x3b, 0x0a, 0x20, 0x20, 0x20, 0x20, 0x66, 0x6c, 0x6f, 0x61, 0x74, 0x20, // 5].y;.    float 
	0x5f, 0x39, 0x39, 0x34, 0x20, 0x3d, 0x20, 0x28, 0x61, 0x5f, 0x74, 0x65, 0x78, 0x63, 0x6f, 0x6f, // _994 = (a_texcoo
	0x72, 0x64, 0x30, 0x2e, 0x79, 0x20, 0x2a, 0x20, 0x75, 0x5f, 0x66, 0x55, 0x56, 0x44, 0x69, 0x73, // rd0.y * u_fUVDis
	0x74, 0x6f, 0x72, 0x74, 0x69, 0x6f, 0x6e, 0x55, 0x56, 0x5b, 0x5f, 0x37, 0x31, 0x35, 0x5d, 0x2e, // tortionUV[_715].
	0x77, 0x29, 0x20, 0x2b, 0x20, 0x75, 0x5f, 0x66, 0x55, 0x56, 0x44, 0x69, 0x73, 0x74, 0x6f, 0x72, // w) + u_fUVDistor
	0x74, 0x69, 0x6f, 0x6e, 0x55, 0x56, 0x5b, 0x5f, 0x37, 0x31, 0x35, 0x5d, 0x2e, 0x79, 0x3b, 0x0a, // tionUV[_715].y;.
	0x20, 0x20, 0x20, 0x20, 0x76, 0x65, 0x63, 0x34, 0x20, 0x5f, 0x31, 0x36, 0x37, 0x36, 0x20, 0x3d, //     vec4 _1676 =
	0x20, 0x76, 0x65, 0x63, 0x34, 0x28, 0x28, 0x61, 0x5f, 0x74, 0x65, 0x78, 0x63, 0x6f, 0x6f, 0x72, //  vec4((a_texcoor
	0x64, 0x30, 0x2e, 0x78, 0x20, 0x2a, 0x20, 0x75, 0x5f, 0x66, 0x41, 0x6c, 0x70, 0x68, 0x61, 0x55, // d0.x * u_fAlphaU
	0x56, 0x5b, 0x5f, 0x37, 0x31, 0x35, 0x5d, 0x2e, 0x7a, 0x29, 0x20, 0x2b, 0x20, 0x75, 0x5f, 0x66, // V[_715].z) + u_f
	0x41, 0x6c, 0x70, 0x68, 0x61, 0x55, 0x56, 0x5b, 0x5f, 0x37, 0x31, 0x35, 0x5d, 0x2e, 0x78, 0x2c, // AlphaUV[_715].x,
	0x20, 0x5f, 0x39, 0x37, 0x36, 0x2c, 0x20, 0x28, 0x61, 0x5f, 0x74, 0x65, 0x78, 0x63, 0x6f, 0x6f, //  _976, (a_texcoo
	0x72, 0x64, 0x30, 0x2e, 0x78, 0x20, 0x2a, 0x20, 0x75, 0x5f, 0x66, 0x55, 0x56, 0x44, 0x69, 0x73, // rd0.x * u_fUVDis
	0x74, 0x6f, 0x72, 0x74, 0x69, 0x6f, 0x6e, 0x55, 0x56, 0x5b, 0x5f, 0x37, 0x31, 0x35, 0x5d, 0x2e, // tortionUV[_715].
	0x7a, 0x29, 0x20, 0x2b, 0x20, 0x75, 0x5f, 0x66, 0x55, 0x56, 0x44, 0x69, 0x73, 0x74, 0x6f, 0x72, // z) + u_fUVDistor
	0x74, 0x69, 0x6f, 0x6e, 0x55, 0x56, 0x5b, 0x5f, 0x37, 0x31, 0x35, 0x5d, 0x2e, 0x78, 0x2c, 0x20, // tionUV[_715].x, 
	0x5f, 0x39, 0x39, 0x34, 0x29, 0x3b, 0x0a, 0x20, 0x20, 0x20, 0x20, 0x66, 0x6c, 0x6f, 0x61, 0x74, // _994);.    float
	0x20, 0x5f, 0x31, 0x30, 0x31, 0x32, 0x20, 0x3d, 0x20, 0x28, 0x61, 0x5f, 0x74, 0x65, 0x78, 0x63, //  _1012 = (a_texc
	0x6f, 0x6f, 0x72, 0x64, 0x30, 0x2e, 0x79, 0x20, 0x2a, 0x20, 0x75, 0x5f, 0x66, 0x42, 0x6c, 0x65, // oord0.y * u_fBle
	0x6e, 0x64, 0x55, 0x56, 0x5b, 0x5f, 0x37, 0x31, 0x35, 0x5d, 0x2e, 0x77, 0x29, 0x20, 0x2b, 0x20, // ndUV[_715].w) + 
	0x75, 0x5f, 0x66, 0x42, 0x6c, 0x65, 0x6e, 0x64, 0x55, 0x56, 0x5b, 0x5f, 0x37, 0x31, 0x35, 0x5d, // u_fBlendUV[_715]
	0x2e, 0x79, 0x3b, 0x0a, 0x20, 0x20, 0x20, 0x20, 0x66, 0x6c, 0x6f, 0x61, 0x74, 0x20, 0x5f, 0x31, // .y;.    float _1
	0x30, 0x33, 0x30, 0x20, 0x3d, 0x20, 0x28, 0x61, 0x5f, 0x74, 0x65, 0x78, 0x63, 0x6f, 0x6f, 0x72, // 030 = (a_texcoor
	0x64, 0x30, 0x2e, 0x79, 0x20, 0x2a, 0x20, 0x75, 0x5f, 0x66, 0x42, 0x6c, 0x65, 0x6e, 0x64, 0x41, // d0.y * u_fBlendA
	0x6c, 0x70, 0x68, 0x61, 0x55, 0x56, 0x5b, 0x5f, 0x37, 0x31, 0x35, 0x5d, 0x2e, 0x77, 0x29, 0x20, // lphaUV[_715].w) 
	0x2b, 0x20, 0x75, 0x5f, 0x66, 0x42, 0x6c, 0x65, 0x6e, 0x64, 0x41, 0x6c, 0x70, 0x68, 0x61, 0x55, // + u_fBlendAlphaU
	0x56, 0x5b, 0x5f, 0x37, 0x31, 0x35, 0x5d, 0x2e, 0x79, 0x3b, 0x0a, 0x20, 0x20, 0x20, 0x20, 0x66, // V[_715].y;.    f
	0x6c, 0x6f, 0x61, 0x74, 0x20, 0x5f, 0x31, 0x30, 0x34, 0x38, 0x20, 0x3d, 0x20, 0x28, 0x61, 0x5f, // loat _1048 = (a_
	0x74, 0x65, 0x78, 0x63, 0x6f, 0x6f, 0x72, 0x64, 0x30, 0x2e, 0x79, 0x20, 0x2a, 0x20, 0x75, 0x5f, // texcoord0.y * u_
	0x66, 0x42, 0x6c, 0x65, 0x6e, 0x64, 0x55, 0x56, 0x44, 0x69, 0x73, 0x74, 0x6f, 0x72, 0x74, 0x69, // fBlendUVDistorti
	0x6f, 0x6e, 0x55, 0x56, 0x5b, 0x5f, 0x37, 0x31, 0x35, 0x5d, 0x2e, 0x77, 0x29, 0x20, 0x2b, 0x20, // onUV[_715].w) + 
	0x75, 0x5f, 0x66, 0x42, 0x6c, 0x65, 0x6e, 0x64, 0x55, 0x56, 0x44, 0x69, 0x73, 0x74, 0x6f, 0x72, // u_fBlendUVDistor
	0x74, 0x69, 0x6f, 0x6e, 0x55, 0x56, 0x5b, 0x5f, 0x37, 0x31, 0x35, 0x5d, 0x2e, 0x79, 0x3b, 0x0a, // tionUV[_715].y;.
	0x20, 0x20, 0x20, 0x20, 0x76, 0x65, 0x63, 0x34, 0x20, 0x5f, 0x31, 0x36, 0x37, 0x37, 0x20, 0x3d, //     vec4 _1677 =
	0x20, 0x76, 0x65, 0x63, 0x34, 0x28, 0x28, 0x61, 0x5f, 0x74, 0x65, 0x78, 0x63, 0x6f, 0x6f, 0x72, //  vec4((a_texcoor
	0x64, 0x30, 0x2e, 0x78, 0x20, 0x2a, 0x20, 0x75, 0x5f, 0x66, 0x42, 0x6c, 0x65, 0x6e, 0x64, 0x41, // d0.x * u_fBlendA
	0x6c, 0x70, 0x68, 0x61, 0x55, 0x56, 0x5b, 0x5f, 0x37, 0x31, 0x35, 0x5d, 0x2e, 0x7a, 0x29, 0x20, // lphaUV[_715].z) 
	0x2b, 0x20, 0x75, 0x5f, 0x66, 0x42, 0x6c, 0x65, 0x6e, 0x64, 0x41, 0x6c, 0x70, 0x68, 0x61, 0x55, // + u_fBlendAlphaU
	0x56, 0x5b, 0x5f, 0x37, 0x31, 0x35, 0x5d, 0x2e, 0x78, 0x2c, 0x20, 0x5f, 0x31, 0x30, 0x33, 0x30, // V[_715].x, _1030
	0x2c, 0x20, 0x28, 0x61, 0x5f, 0x74, 0x65, 0x78, 0x63, 0x6f, 0x6f, 0x72, 0x64, 0x30, 0x2e, 0x78, // , (a_texcoord0.x
	0x20, 0x2a, 0x20, 0x75, 0x5f, 0x66, 0x42, 0x6c, 0x65, 0x6e, 0x64, 0x55, 0x56, 0x44, 0x69, 0x73, //  * u_fBlendUVDis
	0x74, 0x6f, 0x72, 0x74, 0x69, 0x6f, 0x6e, 0x55, 0x56, 0x5b, 0x5f, 0x37, 0x31, 0x35, 0x5d, 0x2e, // tortionUV[_715].
	0x7a, 0x29, 0x20, 0x2b, 0x20, 0x75, 0x5f, 0x66, 0x42, 0x6c, 0x65, 0x6e, 0x64, 0x55, 0x56, 0x44, // z) + u_fBlendUVD
	0x69, 0x73, 0x74, 0x6f, 0x72, 0x74, 0x69, 0x6f, 0x6e, 0x55, 0x56, 0x5b, 0x5f, 0x37, 0x31, 0x35, // istortionUV[_715
	0x5d, 0x2e, 0x78, 0x2c, 0x20, 0x5f, 0x31, 0x30, 0x34, 0x38, 0x29, 0x3b, 0x0a, 0x20, 0x20, 0x20, // ].x, _1048);.   
	0x20, 0x66, 0x6c, 0x6f, 0x61, 0x74, 0x20, 0x5f, 0x31, 0x36, 0x33, 0x38, 0x3b, 0x0a, 0x20, 0x20, //  float _1638;.  
	0x20, 0x20, 0x76, 0x65, 0x63, 0x32, 0x20, 0x5f, 0x31, 0x36, 0x34, 0x35, 0x3b, 0x0a, 0x20, 0x20, //   vec2 _1645;.  
	0x20, 0x20, 0x69, 0x66, 0x20, 0x28, 0x75, 0x5f, 0x66, 0x6c, 0x69, 0x70, 0x62, 0x6f, 0x6f, 0x6b, //   if (u_flipbook
	0x50, 0x61, 0x72, 0x61, 0x6d, 0x65, 0x74, 0x65, 0x72, 0x31, 0x2e, 0x78, 0x20, 0x3e, 0x20, 0x30, // Parameter1.x > 0
	0x2e, 0x30, 0x29, 0x0a, 0x20, 0x20, 0x20, 0x20, 0x7b, 0x0a, 0x20, 0x20, 0x20, 0x20, 0x20, 0x20, // .0).    {.      
	0x20, 0x20, 0x66, 0x6c, 0x6f, 0x61, 0x74, 0x20, 0x5f, 0x31, 0x31, 0x38, 0x36, 0x20, 0x3d, 0x20, //   float _1186 = 
	0x66, 0x6c, 0x6f, 0x6f, 0x72, 0x28, 0x75, 0x5f, 0x66, 0x46, 0x6c, 0x69, 0x70, 0x62, 0x6f, 0x6f, // floor(u_fFlipboo
	0x6b, 0x49, 0x6e, 0x64, 0x65, 0x78, 0x41, 0x6e, 0x64, 0x4e, 0x65, 0x78, 0x74, 0x52, 0x61, 0x74, // kIndexAndNextRat
	0x65, 0x5b, 0x5f, 0x37, 0x31, 0x35, 0x5d, 0x2e, 0x78, 0x29, 0x3b, 0x0a, 0x20, 0x20, 0x20, 0x20, // e[_715].x);.    
	0x20, 0x20, 0x20, 0x20, 0x66, 0x6c, 0x6f, 0x61, 0x74, 0x20, 0x5f, 0x31, 0x31, 0x38, 0x39, 0x20, //     float _1189 
	0x3d, 0x20, 0x5f, 0x31, 0x31, 0x38, 0x36, 0x20, 0x2b, 0x20, 0x31, 0x2e, 0x30, 0x3b, 0x0a, 0x20, // = _1186 + 1.0;. 
	0x20, 0x20, 0x20, 0x20, 0x20, 0x20, 0x20, 0x66, 0x6c, 0x6f, 0x61, 0x74, 0x20, 0x5f, 0x31, 0x31, //        float _11
	0x39, 0x32, 0x20, 0x3d, 0x20, 0x75, 0x5f, 0x66, 0x6c, 0x69, 0x70, 0x62, 0x6f, 0x6f, 0x6b, 0x50, // 92 = u_flipbookP
	0x61, 0x72, 0x61, 0x6d, 0x65, 0x74, 0x65, 0x72, 0x31, 0x2e, 0x7a, 0x20, 0x2a, 0x20, 0x75, 0x5f, // arameter1.z * u_
	0x66, 0x6c, 0x69, 0x70, 0x62, 0x6f, 0x6f, 0x6b, 0x50, 0x61, 0x72, 0x61, 0x6d, 0x65, 0x74, 0x65, // flipbookParamete
	0x72, 0x31, 0x2e, 0x77, 0x3b, 0x0a, 0x20, 0x20, 0x20, 0x20, 0x20, 0x20, 0x20, 0x20, 0x66, 0x6c, // r1.w;.        fl
	0x6f, 0x61, 0x74, 0x20, 0x5f, 0x31, 0x36, 0x31, 0x34, 0x3b, 0x0a, 0x20, 0x20, 0x20, 0x20, 0x20, // oat _1614;.     
	0x20, 0x20, 0x20, 0x66, 0x6c, 0x6f, 0x61, 0x74, 0x20, 0x5f, 0x31, 0x36, 0x32, 0x37, 0x3b, 0x0a, //    float _1627;.
	0x20, 0x20, 0x20, 0x20, 0x20, 0x20, 0x20, 0x20, 0x69, 0x66, 0x20, 0x28, 0x75, 0x5f, 0x66, 0x6c, //         if (u_fl
	0x69, 0x70, 0x62, 0x6f, 0x6f, 0x6b, 0x50, 0x61, 0x72, 0x61, 0x6d, 0x65, 0x74, 0x65, 0x72, 0x31, // ipbookParameter1
	0x2e, 0x79, 0x20, 0x3d, 0x3d, 0x20, 0x30, 0x2e, 0x30, 0x29, 0x0a, 0x20, 0x20, 0x20, 0x20, 0x20, // .y == 0.0).     
	0x20, 0x20, 0x20, 0x7b, 0x0a, 0x20, 0x20, 0x20, 0x20, 0x20, 0x20, 0x20, 0x20, 0x20, 0x20, 0x20, //    {.           
	0x20, 0x66, 0x6c, 0x6f, 0x61, 0x74, 0x20, 0x5f, 0x31, 0x36, 0x31, 0x35, 0x3b, 0x0a, 0x20, 0x20, //  float _1615;.  
	0x20, 0x20, 0x20, 0x20, 0x20, 0x20, 0x20, 0x20, 0x20, 0x20, 0x66, 0x6c, 0x6f, 0x61, 0x74, 0x20, //           float 
	0x5f, 0x31, 0x36, 0x32, 0x38, 0x3b, 0x0a, 0x20, 0x20, 0x20, 0x20, 0x20, 0x20, 0x20, 0x20, 0x20, // _1628;.         
	0x20, 0x20, 0x20, 0x69, 0x66, 0x20, 0x28, 0x5f, 0x31, 0x31, 0x38, 0x39, 0x20, 0x3e, 0x3d, 0x20, //    if (_1189 >= 
	0x5f, 0x31, 0x31, 0x39, 0x32, 0x29, 0x0a, 0x20, 0x20, 0x20, 0x20, 0x20, 0x20, 0x20, 0x20, 0x20, // _1192).         
	0x20, 0x20, 0x20, 0x7b, 0x0a, 0x20, 0x20, 0x20, 0x20, 0x20, 0x20, 0x20, 0x20, 0x20, 0x20, 0x20, //    {.           
	0x20, 0x20, 0x20, 0x20, 0x20, 0x66, 0x6c, 0x6f, 0x61, 0x74, 0x20, 0x5f, 0x31, 0x32, 0x30, 0x31, //      float _1201
	0x20, 0x3d, 0x20, 0x5f, 0x31, 0x31, 0x39, 0x32, 0x20, 0x2d, 0x20, 0x31, 0x2e, 0x30, 0x3b, 0x0a, //  = _1192 - 1.0;.
	0x20, 0x20, 0x20, 0x20, 0x20, 0x20, 0x20, 0x20, 0x20, 0x20, 0x20, 0x20, 0x20, 0x20, 0x20, 0x20, //                 
	0x5f, 0x31, 0x36, 0x32, 0x38, 0x20, 0x3d, 0x20, 0x5f, 0x31, 0x32, 0x30, 0x31, 0x3b, 0x0a, 0x20, // _1628 = _1201;. 
	0x20, 0x20, 0x20, 0x20, 0x20, 0x20, 0x20, 0x20, 0x20, 0x20, 0x20, 0x20, 0x20, 0x20, 0x20, 0x5f, //                _
	0x31, 0x36, 0x31, 0x35, 0x20, 0x3d, 0x20, 0x5f, 0x31, 0x32, 0x30, 0x31, 0x3b, 0x0a, 0x20, 0x20, // 1615 = _1201;.  
	0x20, 0x20, 0x20, 0x20, 0x20, 0x20, 0x20, 0x20, 0x20, 0x20, 0x7d, 0x0a, 0x20, 0x20, 0x20, 0x20, //           }.    
	0x20, 0x20, 0x20, 0x20, 0x20, 0x20, 0x20, 0x20, 0x65, 0x6c, 0x73, 0x65, 0x0a, 0x20, 0x20, 0x20, //         else.   
	0x20, 0x20, 0x20, 0x20, 0x20, 0x20, 0x20, 0x20, 0x20, 0x7b, 0x0a, 0x20, 0x20, 0x20, 0x20, 0x20, //          {.     
	0x20, 0x20, 0x20, 0x20, 0x20, 0x20, 0x20, 0x20, 0x20, 0x20, 0x20, 0x5f, 0x31, 0x36, 0x32, 0x38, //            _1628
	0x20, 0x3d, 0x20, 0x5f, 0x31, 0x31, 0x38, 0x39, 0x3b, 0x0a, 0x20, 0x20, 0x20, 0x20, 0x20, 0x20, //  = _1189;.      
	0x20, 0x20, 0x20, 0x20, 0x20, 0x20, 0x20, 0x20, 0x20, 0x20, 0x5f, 0x31, 0x36, 0x31, 0x35, 0x20, //           _1615 
	0x3d, 0x20, 0x5f, 0x31, 0x31, 0x38, 0x36, 0x3b, 0x0a, 0x20, 0x20, 0x20, 0x20, 0x20, 0x20, 0x20, // = _1186;.       
	0x20, 0x20, 0x20, 0x20, 0x20, 0x7d, 0x0a, 0x20, 0x20, 0x20, 0x20, 0x20, 0x20, 0x20, 0x20, 0x20, //      }.         
	0x20, 0x20, 0x20, 0x5f, 0x31, 0x36, 0x32, 0x37, 0x20, 0x3d, 0x20, 0x5f, 0x31, 0x36, 0x32, 0x38, //    _1627 = _1628
	0x3b, 0x0a, 0x20, 0x20, 0x20, 0x20, 0x20, 0x20, 0x20, 0x20, 0x20, 0x20, 0x20, 0x20, 0x5f, 0x31, // ;.            _1
	0x36, 0x31, 0x34, 0x20, 0x3d, 0x20, 0x5f, 0x31, 0x36, 0x31, 0x35, 0x3b, 0x0a, 0x20, 0x20, 0x20, // 614 = _1615;.   
	0x20, 0x20, 0x20, 0x20, 0x20, 0x7d, 0x0a, 0x20, 0x20, 0x20, 0x20, 0x20, 0x20, 0x20, 0x20, 0x65, //      }.        e
	0x6c, 0x73, 0x65, 0x0a, 0x20, 0x20, 0x20, 0x20, 0x20, 0x20, 0x20, 0x20, 0x7b, 0x0a, 0x20, 0x20, // lse.        {.  
	0x20, 0x20, 0x20, 0x20, 0x20, 0x20, 0x20, 0x20, 0x20, 0x20, 0x66, 0x6c, 0x6f, 0x61, 0x74, 0x20, //           float 
	0x5f, 0x31, 0x36, 0x31, 0x36, 0x3b, 0x0a, 0x20, 0x20, 0x20, 0x20, 0x20, 0x20, 0x20, 0x20, 0x20, // _1616;.         
	0x20, 0x20, 0x20, 0x66, 0x6c, 0x6f, 0x61, 0x74, 0x20, 0x5f, 0x31, 0x36, 0x32, 0x39, 0x3b, 0x0a, //    float _1629;.
	0x20, 0x20, 0x20, 0x20, 0x20, 0x20, 0x20, 0x20, 0x20, 0x20, 0x20, 0x20, 0x69, 0x66, 0x20, 0x28, //             if (
	0x75, 0x5f, 0x66, 0x6c, 0x69, 0x70, 0x62, 0x6f, 0x6f, 0x6b, 0x50, 0x61, 0x72, 0x61, 0x6d, 0x65, // u_flipbookParame
	0x74, 0x65, 0x72, 0x31, 0x2e, 0x79, 0x20, 0x3d, 0x3d, 0x20, 0x31, 0x2e, 0x30, 0x29, 0x0a, 0x20, // ter1.y == 1.0). 
	0x20, 0x20, 0x20, 0x20, 0x20, 0x20, 0x20, 0x20, 0x20, 0x20, 0x20, 0x7b, 0x0a, 0x20, 0x20, 0x20, //            {.   
	0x20, 0x20, 0x20, 0x20, 0x20, 0x20, 0x20, 0x20, 0x20, 0x20, 0x20, 0x20, 0x20, 0x5f, 0x31, 0x36, //              _16
	0x32, 0x39, 0x20, 0x3d, 0x20, 0x6d, 0x6f, 0x64, 0x28, 0x5f, 0x31, 0x31, 0x38, 0x39, 0x2c, 0x20, // 29 = mod(_1189, 
	0x5f, 0x31, 0x31, 0x39, 0x32, 0x29, 0x3b, 0x0a, 0x20, 0x20, 0x20, 0x20, 0x20, 0x20, 0x20, 0x20, // _1192);.        
	0x20, 0x20, 0x20, 0x20, 0x20, 0x20, 0x20, 0x20, 0x5f, 0x31, 0x36, 0x31, 0x36, 0x20, 0x3d, 0x20, //         _1616 = 
	0x6d, 0x6f, 0x64, 0x28, 0x5f, 0x31, 0x31, 0x38, 0x36, 0x2c, 0x20, 0x5f, 0x31, 0x31, 0x39, 0x32, // mod(_1186, _1192
	0x29, 0x3b, 0x0a, 0x20, 0x20, 0x20, 0x20, 0x20, 0x20, 0x20, 0x20, 0x20, 0x20, 0x20, 0x20, 0x7d, // );.            }
	0x0a, 0x20, 0x20, 0x20, 0x20, 0x20, 0x20, 0x20, 0x20, 0x20, 0x20, 0x20, 0x20, 0x65, 0x6c, 0x73, // .            els
	0x65, 0x0a, 0x20, 0x20, 0x20, 0x20, 0x20, 0x20, 0x20, 0x20, 0x20, 0x20, 0x20, 0x20, 0x7b, 0x0a, // e.            {.
	0x20, 0x20, 0x20, 0x20, 0x20, 0x20, 0x20, 0x20, 0x20, 0x20, 0x20, 0x20, 0x20, 0x20, 0x20, 0x20, //                 
	0x66, 0x6c, 0x6f, 0x61, 0x74, 0x20, 0x5f, 0x31, 0x36, 0x31, 0x37, 0x3b, 0x0a, 0x20, 0x20, 0x20, // float _1617;.   
	0x20, 0x20, 0x20, 0x20, 0x20, 0x20, 0x20, 0x20, 0x20, 0x20, 0x20, 0x20, 0x20, 0x66, 0x6c, 0x6f, //              flo
	0x61, 0x74, 0x20, 0x5f, 0x31, 0x36, 0x33, 0x30, 0x3b, 0x0a, 0x20, 0x20, 0x20, 0x20, 0x20, 0x20, // at _1630;.      
	0x20, 0x20, 0x20, 0x20, 0x20, 0x20, 0x20, 0x20, 0x20, 0x20, 0x69, 0x66, 0x20, 0x28, 0x75, 0x5f, //           if (u_
	0x66, 0x6c, 0x69, 0x70, 0x62, 0x6f, 0x6f, 0x6b, 0x50, 0x61, 0x72, 0x61, 0x6d, 0x65, 0x74, 0x65, // flipbookParamete
	0x72, 0x31, 0x2e, 0x79, 0x20, 0x3d, 0x3d, 0x20, 0x32, 0x2e, 0x30, 0x29, 0x0a, 0x20, 0x20, 0x20, // r1.y == 2.0).   
	0x20, 0x20, 0x20, 0x20, 0x20, 0x20, 0x20, 0x20, 0x20, 0x20, 0x20, 0x20, 0x20, 0x7b, 0x0a, 0x20, //              {. 
	0x20, 0x20, 0x20, 0x20, 0x20, 0x20, 0x20, 0x20, 0x20, 0x20, 0x20, 0x20, 0x20, 0x20, 0x20, 0x20, //                 
	0x20, 0x20, 0x20, 0x66, 0x6c, 0x6f, 0x61, 0x74, 0x20, 0x5f, 0x31, 0x32, 0x32, 0x37, 0x20, 0x3d, //    float _1227 =
	0x20, 0x6d, 0x6f, 0x64, 0x28, 0x5f, 0x31, 0x31, 0x38, 0x36, 0x2c, 0x20, 0x5f, 0x31, 0x31, 0x39, //  mod(_1186, _119
	0x32, 0x29, 0x3b, 0x0a, 0x20, 0x20, 0x20, 0x20, 0x20, 0x20, 0x20, 0x20, 0x20, 0x20, 0x20, 0x20, // 2);.            
	0x20, 0x20, 0x20, 0x20, 0x20, 0x20, 0x20, 0x20, 0x66, 0x6c, 0x6f, 0x61, 0x74, 0x20, 0x5f, 0x31, //         float _1
	0x36, 0x31, 0x39, 0x3b, 0x0a, 0x20, 0x20, 0x20, 0x20, 0x20, 0x20, 0x20, 0x20, 0x20, 0x20, 0x20, // 619;.           
	0x20, 0x20, 0x20, 0x20, 0x20, 0x20, 0x20, 0x20, 0x20, 0x69, 0x66, 0x20, 0x28, 0x6d, 0x6f, 0x64, //          if (mod
	0x28, 0x66, 0x6c, 0x6f, 0x6f, 0x72, 0x28, 0x5f, 0x31, 0x31, 0x38, 0x36, 0x20, 0x2f, 0x20, 0x5f, // (floor(_1186 / _
	0x31, 0x31, 0x39, 0x32, 0x29, 0x2c, 0x20, 0x32, 0x2e, 0x30, 0x29, 0x20, 0x3d, 0x3d, 0x20, 0x31, // 1192), 2.0) == 1
	0x2e, 0x30, 0x29, 0x0a, 0x20, 0x20, 0x20, 0x20, 0x20, 0x20, 0x20, 0x20, 0x20, 0x20, 0x20, 0x20, // .0).            
	0x20, 0x20, 0x20, 0x20, 0x20, 0x20, 0x20, 0x20, 0x7b, 0x0a, 0x20, 0x20, 0x20, 0x20, 0x20, 0x20, //         {.      
	0x20, 0x20, 0x20, 0x20, 0x20, 0x20, 0x20, 0x20, 0x20, 0x20, 0x20, 0x20, 0x20, 0x20, 0x20, 0x20, //                 
	0x20, 0x20, 0x5f, 0x31, 0x36, 0x31, 0x39, 0x20, 0x3d, 0x20, 0x28, 0x5f, 0x31, 0x31, 0x39, 0x32, //   _1619 = (_1192
	0x20, 0x2d, 0x20, 0x31, 0x2e, 0x30, 0x29, 0x20, 0x2d, 0x20, 0x66, 0x6c, 0x6f, 0x6f, 0x72, 0x28, //  - 1.0) - floor(
	0x5f, 0x31, 0x32, 0x32, 0x37, 0x29, 0x3b, 0x0a, 0x20, 0x20, 0x20, 0x20, 0x20, 0x20, 0x20, 0x20, // _1227);.        
	0x20, 0x20, 0x20, 0x20, 0x20, 0x20, 0x20, 0x20, 0x20, 0x20, 0x20, 0x20, 0x7d, 0x0a, 0x20, 0x20, //             }.  
	0x20, 0x20, 0x20, 0x20, 0x20, 0x20, 0x20, 0x20, 0x20, 0x20, 0x20, 0x20, 0x20, 0x20, 0x20, 0x20, //                 
	0x20, 0x20, 0x65, 0x6c, 0x73, 0x65, 0x0a, 0x20, 0x20, 0x20, 0x20, 0x20, 0x20, 0x20, 0x20, 0x20, //   else.         
	0x20, 0x20, 0x20, 0x20, 0x20, 0x20, 0x20, 0x20, 0x20, 0x20, 0x20, 0x7b, 0x0a, 0x20, 0x20, 0x20, //            {.   
	0x20, 0x20, 0x20, 0x20, 0x20, 0x20, 0x20, 0x20, 0x20, 0x20, 0x20, 0x20, 0x20, 0x20, 0x20, 0x20, //                 
	0x20, 0x20, 0x20, 0x20, 0x20, 0x5f, 0x31, 0x36, 0x31, 0x39, 0x20, 0x3d, 0x20, 0x5f, 0x31, 0x32, //      _1619 = _12
	0x32, 0x37, 0x3b, 0x0a, 0x20, 0x20, 0x20, 0x20, 0x20, 0x20, 0x20, 0x20, 0x20, 0x20, 0x20, 0x20, // 27;.            
	0x20, 0x20, 0x20, 0x20, 0x20, 0x20, 0x20, 0x20, 0x7d, 0x0a, 0x20, 0x20, 0x20, 0x20, 0x20, 0x20, //         }.      
	0x20, 0x20, 0x20, 0x20, 0x20, 0x20, 0x20, 0x20, 0x20, 0x20, 0x20, 0x20, 0x20, 0x20, 0x66, 0x6c, //               fl
	0x6f, 0x61, 0x74, 0x20, 0x5f, 0x31, 0x32, 0x34, 0x34, 0x20, 0x3d, 0x20, 0x6d, 0x6f, 0x64, 0x28, // oat _1244 = mod(
	0x5f, 0x31, 0x31, 0x38, 0x39, 0x2c, 0x20, 0x5f, 0x31, 0x31, 0x39, 0x32, 0x29, 0x3b, 0x0a, 0x20, // _1189, _1192);. 
	0x20, 0x20, 0x20, 0x20, 0x20, 0x20, 0x20, 0x20, 0x20, 0x20, 0x20, 0x20, 0x20, 0x20, 0x20, 0x20, //                 
	0x20, 0x20, 0x20, 0x66, 0x6c, 0x6f, 0x61, 0x74, 0x20, 0x5f, 0x31, 0x36, 0x33, 0x31, 0x3b, 0x0a, //    float _1631;.
	0x20, 0x20, 0x20, 0x20, 0x20, 0x20, 0x20, 0x20, 0x20, 0x20, 0x20, 0x20, 0x20, 0x20, 0x20, 0x20, //                 
	0x20, 0x20, 0x20, 0x20, 0x69, 0x66, 0x20, 0x28, 0x6d, 0x6f, 0x64, 0x28, 0x66, 0x6c, 0x6f, 0x6f, //     if (mod(floo
	0x72, 0x28, 0x5f, 0x31, 0x31, 0x38, 0x39, 0x20, 0x2f, 0x20, 0x5f, 0x31, 0x31, 0x39, 0x32, 0x29, // r(_1189 / _1192)
	0x2c, 0x20, 0x32, 0x2e, 0x30, 0x29, 0x20, 0x3d, 0x3d, 0x20, 0x31, 0x2e, 0x30, 0x29, 0x0a, 0x20, // , 2.0) == 1.0). 
	0x20, 0x20, 0x20, 0x20, 0x20, 0x20, 0x20, 0x20, 0x20, 0x20, 0x20, 0x20, 0x20, 0x20, 0x20, 0x20, //                 
	0x20, 0x20, 0x20, 0x7b, 0x0a, 0x20, 0x20, 0x20, 0x20, 0x20, 0x20, 0x20, 0x20, 0x20, 0x20, 0x20, //    {.           
	0x20, 0x20, 0x20, 0x20, 0x20, 0x20, 0x20, 0x20, 0x20, 0x20, 0x20, 0x20, 0x20, 0x5f, 0x31, 0x36, //              _16
	0x33, 0x31, 0x20, 0x3d, 0x20, 0x28, 0x5f, 0x31, 0x31, 0x39, 0x32, 0x20, 0x2d, 0x20, 0x31, 0x2e, // 31 = (_1192 - 1.
	0x30, 0x29, 0x20, 0x2d, 0x20, 0x66, 0x6c, 0x6f, 0x6f, 0x72, 0x28, 0x5f, 0x31, 0x32, 0x34, 0x34, // 0) - floor(_1244
	0x29, 0x3b, 0x0a, 0x20, 0x20, 0x20, 0x20, 0x20, 0x20, 0x20, 0x20, 0x20, 0x20, 0x20, 0x20, 0x20, // );.             
	0x20, 0x20, 0x20, 0x20, 0x20, 0x20, 0x20, 0x7d, 0x0a, 0x20, 0x20, 0x20, 0x20, 0x20, 0x20, 0x20, //        }.       
	0x20, 0x20, 0x20, 0x20, 0x20, 0x20, 0x20, 0x20, 0x20, 0x20, 0x20, 0x20, 0x20, 0x65, 0x6c, 0x73, //              els
	0x65, 0x0a, 0x20, 0x20, 0x20, 0x20, 0x20, 0x20, 0x20, 0x20, 0x20, 0x20, 0x20, 0x20, 0x20, 0x20, // e.              
	0x20, 0x20, 0x20, 0x20, 0x20, 0x20, 0x7b, 0x0a, 0x20, 0x20, 0x20, 0x20, 0x20, 0x20, 0x20, 0x20, //       {.        
	0x20, 0x20, 0x20, 0x20, 0x20, 0x20, 0x20, 0x20, 0x20, 0x20, 0x20, 0x20, 0x20, 0x20, 0x20, 0x20, //                 
	0x5f, 0x31, 0x36, 0x33, 0x31, 0x20, 0x3d, 0x20, 0x5f, 0x31, 0x32, 0x34, 0x34, 0x3b, 0x0a, 0x20, // _1631 = _1244;. 
	0x20, 0x20, 0x20, 0x20, 0x20, 0x20, 0x20, 0x20, 0x20, 0x20, 0x20, 0x20, 0x20, 0x20, 0x20, 0x20, //                 
	0x20, 0x20, 0x20, 0x7d, 0x0a, 0x20, 0x20, 0x20, 0x20, 0x20, 0x20, 0x20, 0x20, 0x20, 0x20, 0x20, //    }.           
	0x20, 0x20, 0x20, 0x20, 0x20, 0x20, 0x20, 0x20, 0x20, 0x5f, 0x31, 0x36, 0x33, 0x30, 0x20, 0x3d, //          _1630 =
	0x20, 0x5f, 0x31, 0x36, 0x33, 0x31, 0x3b, 0x0a, 0x20, 0x20, 0x20, 0x20, 0x20, 0x20, 0x20, 0x20, //  _1631;.        
	0x20, 0x20, 0x20, 0x20, 0x20, 0x20, 0x20, 0x20, 0x20, 0x20, 0x20, 0x20, 0x5f, 0x31, 0x36, 0x31, //             _161
	0x37, 0x20, 0x3d, 0x20, 0x5f, 0x31, 0x36, 0x31, 0x39, 0x3b, 0x0a, 0x20, 0x20, 0x20, 0x20, 0x20, // 7 = _1619;.     
	0x20, 0x20, 0x20, 0x20, 0x20, 0x20, 0x20, 0x20, 0x20, 0x20, 0x20, 0x7d, 0x0a, 0x20, 0x20, 0x20, //            }.   
	0x20, 0x20, 0x20, 0x20, 0x20, 0x20, 0x20, 0x20, 0x20, 0x20, 0x20, 0x20, 0x20, 0x65, 0x6c, 0x73, //              els
	0x65, 0x0a, 0x20, 0x20, 0x20, 0x20, 0x20, 0x20, 0x20, 0x20, 0x20, 0x20, 0x20, 0x20, 0x20, 0x20, // e.              
	0x20, 0x20, 0x7b, 0x0a, 0x20, 0x20, 0x20, 0x20, 0x20, 0x20, 0x20, 0x20, 0x20, 0x20, 0x20, 0x20, //   {.            
	0x20, 0x20, 0x20, 0x20, 0x20, 0x20, 0x20, 0x20, 0x5f, 0x31, 0x36, 0x33, 0x30, 0x20, 0x3d, 0x20, //         _1630 = 
	0x5f, 0x31, 0x31, 0x38, 0x39, 0x3b, 0x0a, 0x20, 0x20, 0x20, 0x20, 0x20, 0x20, 0x20, 0x20, 0x20, // _1189;.         
	0x20, 0x20, 0x20, 0x20, 0x20, 0x20, 0x20, 0x20, 0x20, 0x20, 0x20, 0x5f, 0x31, 0x36, 0x31, 0x37, //            _1617
	0x20, 0x3d, 0x20, 0x5f, 0x31, 0x31, 0x38, 0x36, 0x3b, 0x0a, 0x20, 0x20, 0x20, 0x20, 0x20, 0x20, //  = _1186;.      
	0x20, 0x20, 0x20, 0x20, 0x20, 0x20, 0x20, 0x20, 0x20, 0x20, 0x7d, 0x0a, 0x20, 0x20, 0x20, 0x20, //           }.    
	0x20, 0x20, 0x20, 0x20, 0x20, 0x20, 0x20, 0x20, 0x20, 0x20, 0x20, 0x20, 0x5f, 0x31, 0x36, 0x32, //             _162
	0x39, 0x20, 0x3d, 0x20, 0x5f, 0x31, 0x36, 0x33, 0x30, 0x3b, 0x0a, 0x20, 0x20, 0x20, 0x20, 0x20, // 9 = _1630;.     
	0x20, 0x20, 0x20, 0x20, 0x20, 0x20, 0x20, 0x20, 0x20, 0x20, 0x20, 0x5f, 0x31, 0x36, 0x31, 0x36, //            _1616
	0x20, 0x3d, 0x20, 0x5f, 0x31, 0x36, 0x31, 0x37, 0x3b, 0x0a, 0x20, 0x20, 0x20, 0x20, 0x20, 0x20, //  = _1617;.      
	0x20, 0x20, 0x20, 0x20, 0x20, 0x20, 0x7d, 0x0a, 0x20, 0x20, 0x20, 0x20, 0x20, 0x20, 0x20, 0x20, //       }.        
	0x20, 0x20, 0x20, 0x20, 0x5f, 0x31, 0x36, 0x32, 0x37, 0x20, 0x3d, 0x20, 0x5f, 0x31, 0x36, 0x32, //     _1627 = _162
	0x39, 0x3b, 0x0a, 0x20, 0x20, 0x20, 0x20, 0x20, 0x20, 0x20, 0x20, 0x20, 0x20, 0x20, 0x20, 0x5f, // 9;.            _
	0x31, 0x36, 0x31, 0x34, 0x20, 0x3d, 0x20, 0x5f, 0x31, 0x36, 0x31, 0x36, 0x3b, 0x0a, 0x20, 0x20, // 1614 = _1616;.  
	0x20, 0x20, 0x20, 0x20, 0x20, 0x20, 0x7d, 0x0a, 0x20, 0x20, 0x20, 0x20, 0x20, 0x20, 0x20, 0x20, //       }.        
	0x5f, 0x39, 0x31, 0x35, 0x2e, 0x79, 0x20, 0x3d, 0x20, 0x75, 0x5f, 0x6d, 0x55, 0x56, 0x49, 0x6e, // _915.y = u_mUVIn
	0x76, 0x65, 0x72, 0x73, 0x65, 0x64, 0x2e, 0x78, 0x20, 0x2b, 0x20, 0x28, 0x75, 0x5f, 0x6d, 0x55, // versed.x + (u_mU
	0x56, 0x49, 0x6e, 0x76, 0x65, 0x72, 0x73, 0x65, 0x64, 0x2e, 0x79, 0x20, 0x2a, 0x20, 0x5f, 0x38, // VInversed.y * _8
	0x38, 0x37, 0x29, 0x3b, 0x0a, 0x20, 0x20, 0x20, 0x20, 0x20, 0x20, 0x20, 0x20, 0x69, 0x6e, 0x74, // 87);.        int
	0x20, 0x5f, 0x31, 0x33, 0x30, 0x33, 0x20, 0x3d, 0x20, 0x69, 0x6e, 0x74, 0x28, 0x5f, 0x31, 0x36, //  _1303 = int(_16
	0x31, 0x34, 0x29, 0x3b, 0x0a, 0x20, 0x20, 0x20, 0x20, 0x20, 0x20, 0x20, 0x20, 0x69, 0x6e, 0x74, // 14);.        int
	0x20, 0x5f, 0x31, 0x33, 0x30, 0x36, 0x20, 0x3d, 0x20, 0x69, 0x6e, 0x74, 0x28, 0x75, 0x5f, 0x66, //  _1306 = int(u_f
	0x6c, 0x69, 0x70, 0x62, 0x6f, 0x6f, 0x6b, 0x50, 0x61, 0x72, 0x61, 0x6d, 0x65, 0x74, 0x65, 0x72, // lipbookParameter
	0x31, 0x2e, 0x7a, 0x29, 0x3b, 0x0a, 0x20, 0x20, 0x20, 0x20, 0x20, 0x20, 0x20, 0x20, 0x66, 0x6c, // 1.z);.        fl
	0x6f, 0x61, 0x74, 0x20, 0x5f, 0x31, 0x33, 0x30, 0x37, 0x20, 0x3d, 0x20, 0x66, 0x6c, 0x6f, 0x61, // oat _1307 = floa
	0x74, 0x28, 0x5f, 0x31, 0x33, 0x30, 0x36, 0x29, 0x3b, 0x0a, 0x20, 0x20, 0x20, 0x20, 0x20, 0x20, // t(_1306);.      
	0x20, 0x20, 0x69, 0x6e, 0x74, 0x20, 0x5f, 0x31, 0x33, 0x32, 0x39, 0x20, 0x3d, 0x20, 0x69, 0x6e, //   int _1329 = in
	0x74, 0x28, 0x5f, 0x31, 0x36, 0x32, 0x37, 0x29, 0x3b, 0x0a, 0x20, 0x20, 0x20, 0x20, 0x20, 0x20, // t(_1627);.      
	0x20, 0x20, 0x76, 0x65, 0x63, 0x32, 0x20, 0x5f, 0x31, 0x33, 0x34, 0x39, 0x20, 0x3d, 0x20, 0x28, //   vec2 _1349 = (
	0x28, 0x5f, 0x39, 0x31, 0x35, 0x20, 0x2d, 0x20, 0x28, 0x28, 0x76, 0x65, 0x63, 0x32, 0x28, 0x6d, // (_915 - ((vec2(m
	0x6f, 0x64, 0x28, 0x66, 0x6c, 0x6f, 0x61, 0x74, 0x28, 0x5f, 0x31, 0x33, 0x30, 0x33, 0x29, 0x2c, // od(float(_1303),
	0x20, 0x5f, 0x31, 0x33, 0x30, 0x37, 0x29, 0x2c, 0x20, 0x66, 0x6c, 0x6f, 0x61, 0x74, 0x28, 0x5f, //  _1307), float(_
	0x31, 0x33, 0x30, 0x33, 0x20, 0x2f, 0x20, 0x5f, 0x31, 0x33, 0x30, 0x36, 0x29, 0x29, 0x20, 0x2a, // 1303 / _1306)) *
	0x20, 0x75, 0x5f, 0x66, 0x6c, 0x69, 0x70, 0x62, 0x6f, 0x6f, 0x6b, 0x50, 0x61, 0x72, 0x61, 0x6d, //  u_flipbookParam
	0x65, 0x74, 0x65, 0x72, 0x32, 0x2e, 0x78, 0x79, 0x29, 0x20, 0x2b, 0x20, 0x75, 0x5f, 0x66, 0x6c, // eter2.xy) + u_fl
	0x69, 0x70, 0x62, 0x6f, 0x6f, 0x6b, 0x50, 0x61, 0x72, 0x61, 0x6d, 0x65, 0x74, 0x65, 0x72, 0x32, // ipbookParameter2
	0x2e, 0x7a, 0x77, 0x29, 0x29, 0x20, 0x2b, 0x20, 0x28, 0x76, 0x65, 0x63, 0x32, 0x28, 0x6d, 0x6f, // .zw)) + (vec2(mo
	0x64, 0x28, 0x66, 0x6c, 0x6f, 0x61, 0x74, 0x28, 0x5f, 0x31, 0x33, 0x32, 0x39, 0x29, 0x2c, 0x20, // d(float(_1329), 
	0x5f, 0x31, 0x33, 0x30, 0x37, 0x29, 0x2c, 0x20, 0x66, 0x6c, 0x6f, 0x61, 0x74, 0x28, 0x5f, 0x31, // _1307), float(_1
	0x33, 0x32, 0x39, 0x20, 0x2f, 0x20, 0x5f, 0x31, 0x33, 0x30, 0x36, 0x29, 0x29, 0x20, 0x2a, 0x20, // 329 / _1306)) * 
	0x75, 0x5f, 0x66, 0x6c, 0x69, 0x70, 0x62, 0x6f, 0x6f, 0x6b, 0x50, 0x61, 0x72, 0x61, 0x6d, 0x65, // u_flipbookParame
	0x74, 0x65, 0x72, 0x32, 0x2e, 0x78, 0x79, 0x29, 0x29, 0x20, 0x2b, 0x20, 0x75, 0x5f, 0x66, 0x6c, // ter2.xy)) + u_fl
	0x69, 0x70, 0x62, 0x6f, 0x6f, 0x6b, 0x50, 0x61, 0x72, 0x61, 0x6d, 0x65, 0x74, 0x65, 0x72, 0x32, // ipbookParameter2
	0x2e, 0x7a, 0x77, 0x3b, 0x0a, 0x20, 0x20, 0x20, 0x20, 0x20, 0x20, 0x20, 0x20, 0x5f, 0x31, 0x33, // .zw;.        _13
	0x34, 0x39, 0x2e, 0x79, 0x20, 0x3d, 0x20, 0x75, 0x5f, 0x6d, 0x55, 0x56, 0x49, 0x6e, 0x76, 0x65, // 49.y = u_mUVInve
	0x72, 0x73, 0x65, 0x64, 0x2e, 0x78, 0x20, 0x2b, 0x20, 0x28, 0x75, 0x5f, 0x6d, 0x55, 0x56, 0x49, // rsed.x + (u_mUVI
	0x6e, 0x76, 0x65, 0x72, 0x73, 0x65, 0x64, 0x2e, 0x79, 0x20, 0x2a, 0x20, 0x5f, 0x31, 0x33, 0x34, // nversed.y * _134
	0x39, 0x2e, 0x79, 0x29, 0x3b, 0x0a, 0x20, 0x20, 0x20, 0x20, 0x20, 0x20, 0x20, 0x20, 0x5f, 0x31, // 9.y);.        _1
	0x36, 0x34, 0x35, 0x20, 0x3d, 0x20, 0x5f, 0x31, 0x33, 0x34, 0x39, 0x3b, 0x0a, 0x20, 0x20, 0x20, // 645 = _1349;.   
	0x20, 0x20, 0x20, 0x20, 0x20, 0x5f, 0x31, 0x36, 0x33, 0x38, 0x20, 0x3d, 0x20, 0x66, 0x72, 0x61, //      _1638 = fra
	0x63, 0x74, 0x28, 0x75, 0x5f, 0x66, 0x46, 0x6c, 0x69, 0x70, 0x62, 0x6f, 0x6f, 0x6b, 0x49, 0x6e, // ct(u_fFlipbookIn
	0x64, 0x65, 0x78, 0x41, 0x6e, 0x64, 0x4e, 0x65, 0x78, 0x74, 0x52, 0x61, 0x74, 0x65, 0x5b, 0x5f, // dexAndNextRate[_
	0x37, 0x31, 0x35, 0x5d, 0x2e, 0x78, 0x29, 0x3b, 0x0a, 0x20, 0x20, 0x20, 0x20, 0x7d, 0x0a, 0x20, // 715].x);.    }. 
	0x20, 0x20, 0x20, 0x65, 0x6c, 0x73, 0x65, 0x0a, 0x20, 0x20, 0x20, 0x20, 0x7b, 0x0a, 0x20, 0x20, //    else.    {.  
	0x20, 0x20, 0x20, 0x20, 0x20, 0x20, 0x5f, 0x31, 0x36, 0x34, 0x35, 0x20, 0x3d, 0x20, 0x76, 0x65, //       _1645 = ve
	0x63, 0x32, 0x28, 0x30, 0x2e, 0x30, 0x29, 0x3b, 0x0a, 0x20, 0x20, 0x20, 0x20, 0x20, 0x20, 0x20, // c2(0.0);.       
	0x20, 0x5f, 0x31, 0x36, 0x33, 0x38, 0x20, 0x3d, 0x20, 0x30, 0x2e, 0x30, 0x3b, 0x0a, 0x20, 0x20, //  _1638 = 0.0;.  
	0x20, 0x20, 0x7d, 0x0a, 0x20, 0x20, 0x20, 0x20, 0x76, 0x65, 0x63, 0x34, 0x20, 0x5f, 0x31, 0x36, //   }.    vec4 _16
	0x38, 0x30, 0x20, 0x3d, 0x20, 0x76, 0x65, 0x63, 0x34, 0x28, 0x28, 0x61, 0x5f, 0x74, 0x65, 0x78, // 80 = vec4((a_tex
	0x63, 0x6f, 0x6f, 0x72, 0x64, 0x30, 0x2e, 0x78, 0x20, 0x2a, 0x20, 0x75, 0x5f, 0x66, 0x42, 0x6c, // coord0.x * u_fBl
	0x65, 0x6e, 0x64, 0x55, 0x56, 0x5b, 0x5f, 0x37, 0x31, 0x35, 0x5d, 0x2e, 0x7a, 0x29, 0x20, 0x2b, // endUV[_715].z) +
	0x20, 0x75, 0x5f, 0x66, 0x42, 0x6c, 0x65, 0x6e, 0x64, 0x55, 0x56, 0x5b, 0x5f, 0x37, 0x31, 0x35, //  u_fBlendUV[_715
	0x5d, 0x2e, 0x78, 0x2c, 0x20, 0x5f, 0x31, 0x30, 0x31, 0x32, 0x2c, 0x20, 0x5f, 0x31, 0x36, 0x34, // ].x, _1012, _164
	0x35, 0x29, 0x3b, 0x0a, 0x20, 0x20, 0x20, 0x20, 0x5f, 0x31, 0x36, 0x37, 0x36, 0x2e, 0x79, 0x20, // 5);.    _1676.y 
	0x3d, 0x20, 0x75, 0x5f, 0x6d, 0x55, 0x56, 0x49, 0x6e, 0x76, 0x65, 0x72, 0x73, 0x65, 0x64, 0x2e, // = u_mUVInversed.
	0x78, 0x20, 0x2b, 0x20, 0x28, 0x75, 0x5f, 0x6d, 0x55, 0x56, 0x49, 0x6e, 0x76, 0x65, 0x72, 0x73, // x + (u_mUVInvers
	0x65, 0x64, 0x2e, 0x79, 0x20, 0x2a, 0x20, 0x5f, 0x39, 0x37, 0x36, 0x29, 0x3b, 0x0a, 0x20, 0x20, // ed.y * _976);.  
	0x20, 0x20, 0x5f, 0x31, 0x36, 0x37, 0x36, 0x2e, 0x77, 0x20, 0x3d, 0x20, 0x75, 0x5f, 0x6d, 0x55, //   _1676.w = u_mU
	0x56, 0x49, 0x6e, 0x76, 0x65, 0x72, 0x73, 0x65, 0x64, 0x2e, 0x78, 0x20, 0x2b, 0x20, 0x28, 0x75, // VInversed.x + (u
	0x5f, 0x6d, 0x55, 0x56, 0x49, 0x6e, 0x76, 0x65, 0x72, 0x73, 0x65, 0x64, 0x2e, 0x79, 0x20, 0x2a, // _mUVInversed.y *
	0x20, 0x5f, 0x39, 0x39, 0x34, 0x29, 0x3b, 0x0a, 0x20, 0x20, 0x20, 0x20, 0x5f, 0x31, 0x36, 0x38, //  _994);.    _168
	0x30, 0x2e, 0x79, 0x20, 0x3d, 0x20, 0x75, 0x5f, 0x6d, 0x55, 0x56, 0x49, 0x6e, 0x76, 0x65, 0x72, // 0.y = u_mUVInver
	0x73, 0x65, 0x64, 0x2e, 0x78, 0x20, 0x2b, 0x20, 0x28, 0x75, 0x5f, 0x6d, 0x55, 0x56, 0x49, 0x6e, // sed.x + (u_mUVIn
	0x76, 0x65, 0x72, 0x73, 0x65, 0x64, 0x2e, 0x79, 0x20, 0x2a, 0x20, 0x5f, 0x31, 0x30, 0x31, 0x32, // versed.y * _1012
	0x29, 0x3b, 0x0a, 0x20, 0x20, 0x20, 0x20, 0x5f, 0x31, 0x36, 0x37, 0x37, 0x2e, 0x79, 0x20, 0x3d, // );.    _1677.y =
	0x20, 0x75, 0x5f, 0x6d, 0x55, 0x56, 0x49, 0x6e, 0x76, 0x65, 0x72, 0x73, 0x65, 0x64, 0x2e, 0x78, //  u_mUVInversed.x
	0x20, 0x2b, 0x20, 0x28, 0x75, 0x5f, 0x6d, 0x55, 0x56, 0x49, 0x6e, 0x76, 0x65, 0x72, 0x73, 0x65, //  + (u_mUVInverse
	0x64, 0x2e, 0x79, 0x20, 0x2a, 0x20, 0x5f, 0x31, 0x30, 0x33, 0x30, 0x29, 0x3b, 0x0a, 0x20, 0x20, // d.y * _1030);.  
	0x20, 0x20, 0x5f, 0x31, 0x36, 0x37, 0x37, 0x2e, 0x77, 0x20, 0x3d, 0x20, 0x75, 0x5f, 0x6d, 0x55, //   _1677.w = u_mU
	0x56, 0x49, 0x6e, 0x76, 0x65, 0x72, 0x73, 0x65, 0x64, 0x2e, 0x78, 0x20, 0x2b, 0x20, 0x28, 0x75, // VInversed.x + (u
	0x5f, 0x6d, 0x55, 0x56, 0x49, 0x6e, 0x76, 0x65, 0x72, 0x73, 0x65, 0x64, 0x2e, 0x79, 0x20, 0x2a, // _mUVInversed.y *
	0x20, 0x5f, 0x31, 0x30, 0x34, 0x38, 0x29, 0x3b, 0x0a, 0x20, 0x20, 0x20, 0x20, 0x67, 0x6c, 0x5f, //  _1048);.    gl_
	0x50, 0x6f, 0x73, 0x69, 0x74, 0x69, 0x6f, 0x6e, 0x20, 0x3d, 0x20, 0x5f, 0x38, 0x35, 0x38, 0x3b, // Position = _858;
	0x0a, 0x20, 0x20, 0x20, 0x20, 0x76, 0x5f, 0x43, 0x6f, 0x6c, 0x6f, 0x72, 0x20, 0x3d, 0x20, 0x75, // .    v_Color = u
	0x5f, 0x66, 0x4d, 0x6f, 0x64, 0x65, 0x6c, 0x43, 0x6f, 0x6c, 0x6f, 0x72, 0x5b, 0x5f, 0x37, 0x31, // _fModelColor[_71
	0x35, 0x5d, 0x20, 0x2a, 0x20, 0x61, 0x5f, 0x63, 0x6f, 0x6c, 0x6f, 0x72, 0x30, 0x3b, 0x0a, 0x20, // 5] * a_color0;. 
	0x20, 0x20, 0x20, 0x76, 0x5f, 0x55, 0x56, 0x5f, 0x4f, 0x74, 0x68, 0x65, 0x72, 0x73, 0x20, 0x3d, //    v_UV_Others =
	0x20, 0x76, 0x65, 0x63, 0x34, 0x28, 0x5f, 0x38, 0x36, 0x39, 0x2c, 0x20, 0x5f, 0x38, 0x38, 0x37, //  vec4(_869, _887
	0x2c, 0x20, 0x5f, 0x31, 0x36, 0x33, 0x38, 0x2c, 0x20, 0x75, 0x5f, 0x66, 0x4d, 0x6f, 0x64, 0x65, // , _1638, u_fMode
	0x6c, 0x41, 0x6c, 0x70, 0x68, 0x61, 0x54, 0x68, 0x72, 0x65, 0x73, 0x68, 0x6f, 0x6c, 0x64, 0x5b, // lAlphaThreshold[
	0x5f, 0x37, 0x31, 0x35, 0x5d, 0x2e, 0x78, 0x29, 0x3b, 0x0a, 0x20, 0x20, 0x20, 0x20, 0x76, 0x5f, // _715].x);.    v_
	0x57, 0x6f, 0x72, 0x6c, 0x64, 0x4e, 0x20, 0x3d, 0x20, 0x6e, 0x6f, 0x72, 0x6d, 0x61, 0x6c, 0x69, // WorldN = normali
	0x7a, 0x65, 0x28, 0x75, 0x5f, 0x6d, 0x4d, 0x6f, 0x64, 0x65, 0x6c, 0x5f, 0x49, 0x6e, 0x73, 0x74, // ze(u_mModel_Inst
	0x5b, 0x5f, 0x37, 0x31, 0x35, 0x5d, 0x20, 0x2a, 0x20, 0x76, 0x65, 0x63, 0x34, 0x28, 0x61, 0x5f, // [_715] * vec4(a_
	0x6e, 0x6f, 0x72, 0x6d, 0x61, 0x6c, 0x2c, 0x20, 0x30, 0x2e, 0x30, 0x29, 0x29, 0x2e, 0x78, 0x79, // normal, 0.0)).xy
	0x7a, 0x3b, 0x0a, 0x20, 0x20, 0x20, 0x20, 0x76, 0x5f, 0x41, 0x6c, 0x70, 0x68, 0x61, 0x5f, 0x44, // z;.    v_Alpha_D
	0x69, 0x73, 0x74, 0x5f, 0x55, 0x56, 0x20, 0x3d, 0x20, 0x5f, 0x31, 0x36, 0x37, 0x36, 0x3b, 0x0a, // ist_UV = _1676;.
	0x20, 0x20, 0x20, 0x20, 0x76, 0x5f, 0x42, 0x6c, 0x65, 0x6e, 0x64, 0x5f, 0x41, 0x6c, 0x70, 0x68, //     v_Blend_Alph
	0x61, 0x5f, 0x44, 0x69, 0x73, 0x74, 0x5f, 0x55, 0x56, 0x20, 0x3d, 0x20, 0x5f, 0x31, 0x36, 0x37, // a_Dist_UV = _167
	0x37, 0x3b, 0x0a, 0x20, 0x20, 0x20, 0x20, 0x76, 0x5f, 0x42, 0x6c, 0x65, 0x6e, 0x64, 0x5f, 0x46, // 7;.    v_Blend_F
	0x42, 0x4e, 0x65, 0x78, 0x74, 0x49, 0x6e, 0x64, 0x65, 0x78, 0x5f, 0x55, 0x56, 0x20, 0x3d, 0x20, // BNextIndex_UV = 
	0x5f, 0x31, 0x36, 0x38, 0x30, 0x3b, 0x0a, 0x20, 0x20, 0x20, 0x20, 0x76, 0x5f, 0x50, 0x6f, 0x73, // _1680;.    v_Pos
	0x50, 0x20, 0x3d, 0x20, 0x5f, 0x38, 0x35, 0x38, 0x3b, 0x0a, 0x7d, 0x0a, 0x0a, 0x00,             // P = _858;.}...
};
static const uint8_t ad_model_unlit_vs_spv[8674] =
{
	0x56, 0x53, 0x48, 0x0c, 0x00, 0x00, 0x00, 0x00, 0xf6, 0x96, 0xa7, 0xb8, 0x00, 0x00, 0x00, 0x00, // VSH.............
	0x00, 0x00, 0x00, 0x00, 0x0e, 0x00, 0x14, 0x75, 0x5f, 0x66, 0x6c, 0x69, 0x70, 0x62, 0x6f, 0x6f, // .......u_flipboo
	0x6b, 0x50, 0x61, 0x72, 0x61, 0x6d, 0x65, 0x74, 0x65, 0x72, 0x31, 0x02, 0x01, 0x40, 0x19, 0x01, // kParameter1..@..
	0x00, 0x00, 0x00, 0x00, 0x00, 0x14, 0x75, 0x5f, 0x66, 0x6c, 0x69, 0x70, 0x62, 0x6f, 0x6f, 0x6b, // ......u_flipbook
	0x50, 0x61, 0x72, 0x61, 0x6d, 0x65, 0x74, 0x65, 0x72, 0x32, 0x02, 0x01, 0x50, 0x19, 0x01, 0x00, // Parameter2..P...
	0x00, 0x00, 0x00, 0x00, 0x0d, 0x75, 0x5f, 0x6d, 0x55, 0x56, 0x49, 0x6e, 0x76, 0x65, 0x72, 0x73, // .....u_mUVInvers
	0x65, 0x64, 0x02, 0x01, 0xe0, 0x20, 0x01, 0x00, 0x00, 0x00, 0x00, 0x00, 0x0d, 0x75, 0x5f, 0x6d, // ed... .......u_m
	0x4d, 0x6f, 0x64, 0x65, 0x6c, 0x5f, 0x49, 0x6e, 0x73, 0x74, 0x04, 0x28, 0x40, 0x00, 0xa0, 0x00, // Model_Inst.(@...
	0x00, 0x00, 0x00, 0x00, 0x05, 0x75, 0x5f, 0x66, 0x55, 0x56, 0x02, 0x28, 0x40, 0x0a, 0x28, 0x00, // .....u_fUV.(@.(.
	0x00, 0x00, 0x00, 0x00, 0x0a, 0x75, 0x5f, 0x66, 0x41, 0x6c, 0x70, 0x68, 0x61, 0x55, 0x56, 0x02, // .....u_fAlphaUV.
	0x28, 0xc0, 0x0c, 0x28, 0x00, 0x00, 0x00, 0x00, 0x00, 0x11, 0x75, 0x5f, 0x66, 0x55, 0x56, 0x44, // (..(......u_fUVD
	0x69, 0x73, 0x74, 0x6f, 0x72, 0x74, 0x69, 0x6f, 0x6e, 0x55, 0x56, 0x02, 0x28, 0x40, 0x0f, 0x28, // istortionUV.(@.(
	0x00, 0x00, 0x00, 0x00, 0x00, 0x0a, 0x75, 0x5f, 0x66, 0x42, 0x6c, 0x65, 0x6e, 0x64, 0x55, 0x56, // ......u_fBlendUV
	0x02, 0x28, 0xc0, 0x11, 0x28, 0x00, 0x00, 0x00, 0x00, 0x00, 0x0f, 0x75, 0x5f, 0x66, 0x42, 0x6c, // .(..(......u_fBl
	0x65, 0x6e, 0x64, 0x41, 0x6c, 0x70, 0x68, 0x61, 0x55, 0x56, 0x02, 0x28, 0x40, 0x14, 0x28, 0x00, // endAlphaUV.(@.(.
	0x00, 0x00, 0x00, 0x00, 0x16, 0x75, 0x5f, 0x66, 0x42, 0x6c, 0x65, 0x6e, 0x64, 0x55, 0x56, 0x44, // .....u_fBlendUVD
	0x69, 0x73, 0x74, 0x6f, 0x72, 0x74, 0x69, 0x6f, 0x6e, 0x55, 0x56, 0x02, 0x28, 0xc0, 0x16, 0x28, // istortionUV.(..(
	0x00, 0x00, 0x00, 0x00, 0x00, 0x0d, 0x75, 0x5f, 0x66, 0x4d, 0x6f, 0x64, 0x65, 0x6c, 0x43, 0x6f, // ......u_fModelCo
	0x6c, 0x6f, 0x72, 0x02, 0x28, 0x60, 0x1e, 0x28, 0x00, 0x00, 0x00, 0x00, 0x00, 0x1b, 0x75, 0x5f, // lor.(`.(......u_
	0x66, 0x46, 0x6c, 0x69, 0x70, 0x62, 0x6f, 0x6f, 0x6b, 0x49, 0x6e, 0x64, 0x65, 0x78, 0x41, 0x6e, // fFlipbookIndexAn
	0x64, 0x4e, 0x65, 0x78, 0x74, 0x52, 0x61, 0x74, 0x65, 0x02, 0x28, 0x60, 0x19, 0x28, 0x00, 0x00, // dNextRate.(`.(..
	0x00, 0x00, 0x00, 0x16, 0x75, 0x5f, 0x66, 0x4d, 0x6f, 0x64, 0x65, 0x6c, 0x41, 0x6c, 0x70, 0x68, // ....u_fModelAlph
	0x61, 0x54, 0x68, 0x72, 0x65, 0x73, 0x68, 0x6f, 0x6c, 0x64, 0x02, 0x28, 0xe0, 0x1b, 0x28, 0x00, // aThreshold.(..(.
	0x00, 0x00, 0x00, 0x00, 0x0d, 0x75, 0x5f, 0x6d, 0x43, 0x61, 0x6d, 0x65, 0x72, 0x61, 0x50, 0x72, // .....u_mCameraPr
	0x6f, 0x6a, 0x04, 0x01, 0x00, 0x00, 0x04, 0x00, 0x00, 0x00, 0x00, 0x00, 0x40, 0x20, 0x00, 0x00, // oj..........@ ..
	0x03, 0x02, 0x23, 0x07, 0x00, 0x00, 0x01, 0x00, 0x0b, 0x00, 0x08, 0x00, 0xa0, 0x07, 0x00, 0x00, // ..#.............
	0x00, 0x00, 0x00, 0x00, 0x11, 0x00, 0x02, 0x00, 0x01, 0x00, 0x00, 0x00, 0x0b, 0x00, 0x06, 0x00, // ................
	0x01, 0x00, 0x00, 0x00, 0x47, 0x4c, 0x53, 0x4c, 0x2e, 0x73, 0x74, 0x64, 0x2e, 0x34, 0x35, 0x30, // ....GLSL.std.450
	0x00, 0x00, 0x00, 0x00, 0x0e, 0x00, 0x03, 0x00, 0x00, 0x00, 0x00, 0x00, 0x01, 0x00, 0x00, 0x00, // ................
	0x0f, 0x00, 0x12, 0x00, 0x00, 0x00, 0x00, 0x00, 0x04, 0x00, 0x00, 0x00, 0x6d, 0x61, 0x69, 0x6e, // ............main
	0x00, 0x00, 0x00, 0x00, 0x19, 0x03, 0x00, 0x00, 0x1c, 0x03, 0x00, 0x00, 0x1f, 0x03, 0x00, 0x00, // ................
	0x26, 0x03, 0x00, 0x00, 0x2a, 0x03, 0x00, 0x00, 0x3d, 0x03, 0x00, 0x00, 0x40, 0x03, 0x00, 0x00, // &...*...=...@...
	0x43, 0x03, 0x00, 0x00, 0x46, 0x03, 0x00, 0x00, 0x49, 0x03, 0x00, 0x00, 0x4c, 0x03, 0x00, 0x00, // C...F...I...L...
	0x4f, 0x03, 0x00, 0x00, 0x53, 0x03, 0x00, 0x00, 0x03, 0x00, 0x03, 0x00, 0x05, 0x00, 0x00, 0x00, // O...S...........
	0xf4, 0x01, 0x00, 0x00, 0x05, 0x00, 0x04, 0x00, 0x04, 0x00, 0x00, 0x00, 0x6d, 0x61, 0x69, 0x6e, // ............main
	0x00, 0x00, 0x00, 0x00, 0x05, 0x00, 0x06, 0x00, 0xca, 0x01, 0x00, 0x00, 0x55, 0x6e, 0x69, 0x66, // ............Unif
	0x6f, 0x72, 0x6d, 0x42, 0x6c, 0x6f, 0x63, 0x6b, 0x00, 0x00, 0x00, 0x00, 0x06, 0x00, 0x07, 0x00, // ormBlock........
	0xca, 0x01, 0x00, 0x00, 0x00, 0x00, 0x00, 0x00, 0x75, 0x5f, 0x6d, 0x43, 0x61, 0x6d, 0x65, 0x72, // ........u_mCamer
	0x61, 0x50, 0x72, 0x6f, 0x6a, 0x00, 0x00, 0x00, 0x06, 0x00, 0x07, 0x00, 0xca, 0x01, 0x00, 0x00, // aProj...........
	0x01, 0x00, 0x00, 0x00, 0x75, 0x5f, 0x6d, 0x4d, 0x6f, 0x64, 0x65, 0x6c, 0x5f, 0x49, 0x6e, 0x73, // ....u_mModel_Ins
	0x74, 0x00, 0x00, 0x00, 0x06, 0x00, 0x05, 0x00, 0xca, 0x01, 0x00, 0x00, 0x02, 0x00, 0x00, 0x00, // t...............
	0x75, 0x5f, 0x66, 0x55, 0x56, 0x00, 0x00, 0x00, 0x06, 0x00, 0x06, 0x00, 0xca, 0x01, 0x00, 0x00, // u_fUV...........
	0x03, 0x00, 0x00, 0x00, 0x75, 0x5f, 0x66, 0x41, 0x6c, 0x70, 0x68, 0x61, 0x55, 0x56, 0x00, 0x00, // ....u_fAlphaUV..
	0x06, 0x00, 0x08, 0x00, 0xca, 0x01, 0x00, 0x00, 0x04, 0x00, 0x00, 0x00, 0x75, 0x5f, 0x66, 0x55, // ............u_fU
	0x56, 0x44, 0x69, 0x73, 0x74, 0x6f, 0x72, 0x74, 0x69, 0x6f, 0x6e, 0x55, 0x56, 0x00, 0x00, 0x00, // VDistortionUV...
	0x06, 0x00, 0x06, 0x00, 0xca, 0x01, 0x00, 0x00, 0x05, 0x00, 0x00, 0x00, 0x75, 0x5f, 0x66, 0x42, // ............u_fB
	0x6c, 0x65, 0x6e, 0x64, 0x55, 0x56, 0x00, 0x00, 0x06, 0x00, 0x07, 0x00, 0xca, 0x01, 0x00, 0x00, // lendUV..........
	0x06, 0x00, 0x00, 0x00, 0x75, 0x5f, 0x66, 0x42, 0x6c, 0x65, 0x6e, 0x64, 0x41, 0x6c, 0x70, 0x68, // ....u_fBlendAlph
	0x61, 0x55, 0x56, 0x00, 0x06, 0x00, 0x09, 0x00, 0xca, 0x01, 0x00, 0x00, 0x07, 0x00, 0x00, 0x00, // aUV.............
	0x75, 0x5f, 0x66, 0x42, 0x6c, 0x65, 0x6e, 0x64, 0x55, 0x56, 0x44, 0x69, 0x73, 0x74, 0x6f, 0x72, // u_fBlendUVDistor
	0x74, 0x69, 0x6f, 0x6e, 0x55, 0x56, 0x00, 0x00, 0x06, 0x00, 0x09, 0x00, 0xca, 0x01, 0x00, 0x00, // tionUV..........
	0x08, 0x00, 0x00, 0x00, 0x75, 0x5f, 0x66, 0x6c, 0x69, 0x70, 0x62, 0x6f, 0x6f, 0x6b, 0x50, 0x61, // ....u_flipbookPa
	0x72, 0x61, 0x6d, 0x65, 0x74, 0x65, 0x72, 0x31, 0x00, 0x00, 0x00, 0x00, 0x06, 0x00, 0x09, 0x00, // rameter1........
	0xca, 0x01, 0x00, 0x00, 0x09, 0x00, 0x00, 0x00, 0x75, 0x5f, 0x66, 0x6c, 0x69, 0x70, 0x62, 0x6f, // ........u_flipbo
	0x6f, 0x6b, 0x50, 0x61, 0x72, 0x61, 0x6d, 0x65, 0x74, 0x65, 0x72, 0x32, 0x00, 0x00, 0x00, 0x00, // okParameter2....
	0x06, 0x00, 0x0a, 0x00, 0xca, 0x01, 0x00, 0x00, 0x0a, 0x00, 0x00, 0x00, 0x75, 0x5f, 0x66, 0x46, // ............u_fF
	0x6c, 0x69, 0x70, 0x62, 0x6f, 0x6f, 0x6b, 0x49, 0x6e, 0x64, 0x65, 0x78, 0x41, 0x6e, 0x64, 0x4e, // lipbookIndexAndN
	0x65, 0x78, 0x74, 0x52, 0x61, 0x74, 0x65, 0x00, 0x06, 0x00, 0x09, 0x00, 0xca, 0x01, 0x00, 0x00, // extRate.........
	0x0b, 0x00, 0x00, 0x00, 0x75, 0x5f, 0x66, 0x4d, 0x6f, 0x64, 0x65, 0x6c, 0x41, 0x6c, 0x70, 0x68, // ....u_fModelAlph
	0x61, 0x54, 0x68, 0x72, 0x65, 0x73, 0x68, 0x6f, 0x6c, 0x64, 0x00, 0x00, 0x06, 0x00, 0x07, 0x00, // aThreshold......
	0xca, 0x01, 0x00, 0x00, 0x0c, 0x00, 0x00, 0x00, 0x75, 0x5f, 0x66, 0x4d, 0x6f, 0x64, 0x65, 0x6c, // ........u_fModel
	0x43, 0x6f, 0x6c, 0x6f, 0x72, 0x00, 0x00, 0x00, 0x06, 0x00, 0x07, 0x00, 0xca, 0x01, 0x00, 0x00, // Color...........
	0x0d, 0x00, 0x00, 0x00, 0x75, 0x5f, 0x6d, 0x55, 0x56, 0x49, 0x6e, 0x76, 0x65, 0x72, 0x73, 0x65, // ....u_mUVInverse
	0x64, 0x00, 0x00, 0x00, 0x05, 0x00, 0x03, 0x00, 0xcc, 0x01, 0x00, 0x00, 0x00, 0x00, 0x00, 0x00, // d...............
	0x05, 0x00, 0x05, 0x00, 0x19, 0x03, 0x00, 0x00, 0x61, 0x5f, 0x63, 0x6f, 0x6c, 0x6f, 0x72, 0x30, // ........a_color0
	0x00, 0x00, 0x00, 0x00, 0x05, 0x00, 0x05, 0x00, 0x1c, 0x03, 0x00, 0x00, 0x61, 0x5f, 0x6e, 0x6f, // ............a_no
	0x72, 0x6d, 0x61, 0x6c, 0x00, 0x00, 0x00, 0x00, 0x05, 0x00, 0x05, 0x00, 0x1f, 0x03, 0x00, 0x00, // rmal............
	0x61, 0x5f, 0x70, 0x6f, 0x73, 0x69, 0x74, 0x69, 0x6f, 0x6e, 0x00, 0x00, 0x05, 0x00, 0x05, 0x00, // a_position......
	0x26, 0x03, 0x00, 0x00, 0x61, 0x5f, 0x74, 0x65, 0x78, 0x63, 0x6f, 0x6f, 0x72, 0x64, 0x30, 0x00, // &...a_texcoord0.
	0x05, 0x00, 0x06, 0x00, 0x2a, 0x03, 0x00, 0x00, 0x67, 0x6c, 0x5f, 0x49, 0x6e, 0x73, 0x74, 0x61, // ....*...gl_Insta
	0x6e, 0x63, 0x65, 0x49, 0x44, 0x00, 0x00, 0x00, 0x05, 0x00, 0x0a, 0x00, 0x3d, 0x03, 0x00, 0x00, // nceID.......=...
	0x40, 0x65, 0x6e, 0x74, 0x72, 0x79, 0x50, 0x6f, 0x69, 0x6e, 0x74, 0x4f, 0x75, 0x74, 0x70, 0x75, // @entryPointOutpu
	0x74, 0x2e, 0x67, 0x6c, 0x5f, 0x50, 0x6f, 0x73, 0x69, 0x74, 0x69, 0x6f, 0x6e, 0x00, 0x00, 0x00, // t.gl_Position...
	0x05, 0x00, 0x0b, 0x00, 0x40, 0x03, 0x00, 0x00, 0x40, 0x65, 0x6e, 0x74, 0x72, 0x79, 0x50, 0x6f, // ....@...@entryPo
	0x69, 0x6e, 0x74, 0x4f, 0x75, 0x74, 0x70, 0x75, 0x74, 0x2e, 0x76, 0x5f, 0x41, 0x6c, 0x70, 0x68, // intOutput.v_Alph
	0x61, 0x5f, 0x44, 0x69, 0x73, 0x74, 0x5f, 0x55, 0x56, 0x00, 0x00, 0x00, 0x05, 0x00, 0x0c, 0x00, // a_Dist_UV.......
	0x43, 0x03, 0x00, 0x00, 0x40, 0x65, 0x6e, 0x74, 0x72, 0x79, 0x50, 0x6f, 0x69, 0x6e, 0x74, 0x4f, // C...@entryPointO
	0x75, 0x74, 0x70, 0x75, 0x74, 0x2e, 0x76, 0x5f, 0x42, 0x6c, 0x65, 0x6e, 0x64, 0x5f, 0x41, 0x6c, // utput.v_Blend_Al
	0x70, 0x68, 0x61, 0x5f, 0x44, 0x69, 0x73, 0x74, 0x5f, 0x55, 0x56, 0x00, 0x05, 0x00, 0x0d, 0x00, // pha_Dist_UV.....
	0x46, 0x03, 0x00, 0x00, 0x40, 0x65, 0x6e, 0x74, 0x72, 0x79, 0x50, 0x6f, 0x69, 0x6e, 0x74, 0x4f, // F...@entryPointO
	0x75, 0x74, 0x70, 0x75, 0x74, 0x2e, 0x76, 0x5f, 0x42, 0x6c, 0x65, 0x6e, 0x64, 0x5f, 0x46, 0x42, // utput.v_Blend_FB
	0x4e, 0x65, 0x78, 0x74, 0x49, 0x6e, 0x64, 0x65, 0x78, 0x5f, 0x55, 0x56, 0x00, 0x00, 0x00, 0x00, // NextIndex_UV....
	0x05, 0x00, 0x09, 0x00, 0x49, 0x03, 0x00, 0x00, 0x40, 0x65, 0x6e, 0x74, 0x72, 0x79, 0x50, 0x6f, // ....I...@entryPo
	0x69, 0x6e, 0x74, 0x4f, 0x75, 0x74, 0x70, 0x75, 0x74, 0x2e, 0x76, 0x5f, 0x43, 0x6f, 0x6c, 0x6f, // intOutput.v_Colo
	0x72, 0x00, 0x00, 0x00, 0x05, 0x00, 0x09, 0x00, 0x4c, 0x03, 0x00, 0x00, 0x40, 0x65, 0x6e, 0x74, // r.......L...@ent
	0x72, 0x79, 0x50, 0x6f, 0x69, 0x6e, 0x74, 0x4f, 0x75, 0x74, 0x70, 0x75, 0x74, 0x2e, 0x76, 0x5f, // ryPointOutput.v_
	0x50, 0x6f, 0x73, 0x50, 0x00, 0x00, 0x00, 0x00, 0x05, 0x00, 0x0a, 0x00, 0x4f, 0x03, 0x00, 0x00, // PosP........O...
	0x40, 0x65, 0x6e, 0x74, 0x72, 0x79, 0x50, 0x6f, 0x69, 0x6e, 0x74, 0x4f, 0x75, 0x74, 0x70, 0x75, // @entryPointOutpu
	0x74, 0x2e, 0x76, 0x5f, 0x55, 0x56, 0x5f, 0x4f, 0x74, 0x68, 0x65, 0x72, 0x73, 0x00, 0x00, 0x00, // t.v_UV_Others...
	0x05, 0x00, 0x09, 0x00, 0x53, 0x03, 0x00, 0x00, 0x40, 0x65, 0x6e, 0x74, 0x72, 0x79, 0x50, 0x6f, // ....S...@entryPo
	0x69, 0x6e, 0x74, 0x4f, 0x75, 0x74, 0x70, 0x75, 0x74, 0x2e, 0x76, 0x5f, 0x57, 0x6f, 0x72, 0x6c, // intOutput.v_Worl
	0x64, 0x4e, 0x00, 0x00, 0x47, 0x00, 0x04, 0x00, 0xc0, 0x01, 0x00, 0x00, 0x06, 0x00, 0x00, 0x00, // dN..G...........
	0x40, 0x00, 0x00, 0x00, 0x47, 0x00, 0x04, 0x00, 0xc1, 0x01, 0x00, 0x00, 0x06, 0x00, 0x00, 0x00, // @...G...........
	0x10, 0x00, 0x00, 0x00, 0x47, 0x00, 0x04, 0x00, 0xc2, 0x01, 0x00, 0x00, 0x06, 0x00, 0x00, 0x00, // ....G...........
	0x10, 0x00, 0x00, 0x00, 0x47, 0x00, 0x04, 0x00, 0xc3, 0x01, 0x00, 0x00, 0x06, 0x00, 0x00, 0x00, // ....G...........
	0x10, 0x00, 0x00, 0x00, 0x47, 0x00, 0x04, 0x00, 0xc4, 0x01, 0x00, 0x00, 0x06, 0x00, 0x00, 0x00, // ....G...........
	0x10, 0x00, 0x00, 0x00, 0x47, 0x00, 0x04, 0x00, 0xc5, 0x01, 0x00, 0x00, 0x06, 0x00, 0x00, 0x00, // ....G...........
	0x10, 0x00, 0x00, 0x00, 0x47, 0x00, 0x04, 0x00, 0xc6, 0x01, 0x00, 0x00, 0x06, 0x00, 0x00, 0x00, // ....G...........
	0x10, 0x00, 0x00, 0x00, 0x47, 0x00, 0x04, 0x00, 0xc7, 0x01, 0x00, 0x00, 0x06, 0x00, 0x00, 0x00, // ....G...........
	0x10, 0x00, 0x00, 0x00, 0x47, 0x00, 0x04, 0x00, 0xc8, 0x01, 0x00, 0x00, 0x06, 0x00, 0x00, 0x00, // ....G...........
	0x10, 0x00, 0x00, 0x00, 0x47, 0x00, 0x04, 0x00, 0xc9, 0x01, 0x00, 0x00, 0x06, 0x00, 0x00, 0x00, // ....G...........
	0x10, 0x00, 0x00, 0x00, 0x47, 0x00, 0x03, 0x00, 0xca, 0x01, 0x00, 0x00, 0x02, 0x00, 0x00, 0x00, // ....G...........
	0x48, 0x00, 0x04, 0x00, 0xca, 0x01, 0x00, 0x00, 0x00, 0x00, 0x00, 0x00, 0x04, 0x00, 0x00, 0x00, // H...............
	0x48, 0x00, 0x05, 0x00, 0xca, 0x01, 0x00, 0x00, 0x00, 0x00, 0x00, 0x00, 0x07, 0x00, 0x00, 0x00, // H...............
	0x10, 0x00, 0x00, 0x00, 0x48, 0x00, 0x05, 0x00, 0xca, 0x01, 0x00, 0x00, 0x00, 0x00, 0x00, 0x00, // ....H...........
	0x23, 0x00, 0x00, 0x00, 0x00, 0x00, 0x00, 0x00, 0x48, 0x00, 0x04, 0x00, 0xca, 0x01, 0x00, 0x00, // #.......H.......
	0x01, 0x00, 0x00, 0x00, 0x04, 0x00, 0x00, 0x00, 0x48, 0x00, 0x05, 0x00, 0xca, 0x01, 0x00, 0x00, // ........H.......
	0x01, 0x00, 0x00, 0x00, 0x07, 0x00, 0x00, 0x00, 0x10, 0x00, 0x00, 0x00, 0x48, 0x00, 0x05, 0x00, // ............H...
	0xca, 0x01, 0x00, 0x00, 0x01, 0x00, 0x00, 0x00, 0x23, 0x00, 0x00, 0x00, 0x40, 0x00, 0x00, 0x00, // ........#...@...
	0x48, 0x00, 0x05, 0x00, 0xca, 0x01, 0x00, 0x00, 0x02, 0x00, 0x00, 0x00, 0x23, 0x00, 0x00, 0x00, // H...........#...
	0x40, 0x0a, 0x00, 0x00, 0x48, 0x00, 0x05, 0x00, 0xca, 0x01, 0x00, 0x00, 0x03, 0x00, 0x00, 0x00, // @...H...........
	0x23, 0x00, 0x00, 0x00, 0xc0, 0x0c, 0x00, 0x00, 0x48, 0x00, 0x05, 0x00, 0xca, 0x01, 0x00, 0x00, // #.......H.......
	0x04, 0x00, 0x00, 0x00, 0x23, 0x00, 0x00, 0x00, 0x40, 0x0f, 0x00, 0x00, 0x48, 0x00, 0x05, 0x00, // ....#...@...H...
	0xca, 0x01, 0x00, 0x00, 0x05, 0x00, 0x00, 0x00, 0x23, 0x00, 0x00, 0x00, 0xc0, 0x11, 0x00, 0x00, // ........#.......
	0x48, 0x00, 0x05, 0x00, 0xca, 0x01, 0x00, 0x00, 0x06, 0x00, 0x00, 0x00, 0x23, 0x00, 0x00, 0x00, // H...........#...
	0x40, 0x14, 0x00, 0x00, 0x48, 0x00, 0x05, 0x00, 0xca, 0x01, 0x00, 0x00, 0x07, 0x00, 0x00, 0x00, // @...H...........
	0x23, 0x00, 0x00, 0x00, 0xc0, 0x16, 0x00, 0x00, 0x48, 0x00, 0x05, 0x00, 0xca, 0x01, 0x00, 0x00, // #.......H.......
	0x08, 0x00, 0x00, 0x00, 0x23, 0x00, 0x00, 0x00, 0x40, 0x19, 0x00, 0x00, 0x48, 0x00, 0x05, 0x00, // ....#...@...H...
	0xca, 0x01, 0x00, 0x00, 0x09, 0x00, 0x00, 0x00, 0x23, 0x00, 0x00, 0x00, 0x50, 0x19, 0x00, 0x00, // ........#...P...
	0x48, 0x00, 0x05, 0x00, 0xca, 0x01, 0x00, 0x00, 0x0a, 0x00, 0x00, 0x00, 0x23, 0x00, 0x00, 0x00, // H...........#...
	0x60, 0x19, 0x00, 0x00, 0x48, 0x00, 0x05, 0x00, 0xca, 0x01, 0x00, 0x00, 0x0b, 0x00, 0x00, 0x00, // `...H...........
	0x23, 0x00, 0x00, 0x00, 0xe0, 0x1b, 0x00, 0x00, 0x48, 0x00, 0x05, 0x00, 0xca, 0x01, 0x00, 0x00, // #.......H.......
	0x0c, 0x00, 0x00, 0x00, 0x23, 0x00, 0x00, 0x00, 0x60, 0x1e, 0x00, 0x00, 0x48, 0x00, 0x05, 0x00, // ....#...`...H...
	0xca, 0x01, 0x00, 0x00, 0x0d, 0x00, 0x00, 0x00, 0x23, 0x00, 0x00, 0x00, 0xe0, 0x20, 0x00, 0x00, // ........#.... ..
	0x47, 0x00, 0x04, 0x00, 0xcc, 0x01, 0x00, 0x00, 0x21, 0x00, 0x00, 0x00, 0x00, 0x00, 0x00, 0x00, // G.......!.......
	0x47, 0x00, 0x04, 0x00, 0xcc, 0x01, 0x00, 0x00, 0x22, 0x00, 0x00, 0x00, 0x00, 0x00, 0x00, 0x00, // G.......".......
	0x47, 0x00, 0x04, 0x00, 0x19, 0x03, 0x00, 0x00, 0x1e, 0x00, 0x00, 0x00, 0x01, 0x00, 0x00, 0x00, // G...............
	0x47, 0x00, 0x04, 0x00, 0x1c, 0x03, 0x00, 0x00, 0x1e, 0x00, 0x00, 0x00, 0x02, 0x00, 0x00, 0x00, // G...............
	0x47, 0x00, 0x04, 0x00, 0x1f, 0x03, 0x00, 0x00, 0x1e, 0x00, 0x00, 0x00, 0x03, 0x00, 0x00, 0x00, // G...............
	0x47, 0x00, 0x04, 0x00, 0x26, 0x03, 0x00, 0x00, 0x1e, 0x00, 0x00, 0x00, 0x05, 0x00, 0x00, 0x00, // G...&...........
	0x47, 0x00, 0x04, 0x00, 0x2a, 0x03, 0x00, 0x00, 0x0b, 0x00, 0x00, 0x00, 0x2b, 0x00, 0x00, 0x00, // G...*.......+...
	0x47, 0x00, 0x04, 0x00, 0x3d, 0x03, 0x00, 0x00, 0x0b, 0x00, 0x00, 0x00, 0x00, 0x00, 0x00, 0x00, // G...=...........
	0x47, 0x00, 0x04, 0x00, 0x40, 0x03, 0x00, 0x00, 0x1e, 0x00, 0x00, 0x00, 0x00, 0x00, 0x00, 0x00, // G...@...........
	0x47, 0x00, 0x04, 0x00, 0x43, 0x03, 0x00, 0x00, 0x1e, 0x00, 0x00, 0x00, 0x01, 0x00, 0x00, 0x00, // G...C...........
	0x47, 0x00, 0x04, 0x00, 0x46, 0x03, 0x00, 0x00, 0x1e, 0x00, 0x00, 0x00, 0x02, 0x00, 0x00, 0x00, // G...F...........
	0x47, 0x00, 0x04, 0x00, 0x49, 0x03, 0x00, 0x00, 0x1e, 0x00, 0x00, 0x00, 0x03, 0x00, 0x00, 0x00, // G...I...........
	0x47, 0x00, 0x04, 0x00, 0x4c, 0x03, 0x00, 0x00, 0x1e, 0x00, 0x00, 0x00, 0x04, 0x00, 0x00, 0x00, // G...L...........
	0x47, 0x00, 0x04, 0x00, 0x4f, 0x03, 0x00, 0x00, 0x1e, 0x00, 0x00, 0x00, 0x05, 0x00, 0x00, 0x00, // G...O...........
	0x47, 0x00, 0x04, 0x00, 0x53, 0x03, 0x00, 0x00, 0x1e, 0x00, 0x00, 0x00, 0x06, 0x00, 0x00, 0x00, // G...S...........
	0x13, 0x00, 0x02, 0x00, 0x02, 0x00, 0x00, 0x00, 0x21, 0x00, 0x03, 0x00, 0x03, 0x00, 0x00, 0x00, // ........!.......
	0x02, 0x00, 0x00, 0x00, 0x16, 0x00, 0x03, 0x00, 0x06, 0x00, 0x00, 0x00, 0x20, 0x00, 0x00, 0x00, // ............ ...
	0x17, 0x00, 0x04, 0x00, 0x0d, 0x00, 0x00, 0x00, 0x06, 0x00, 0x00, 0x00, 0x02, 0x00, 0x00, 0x00, // ................
	0x17, 0x00, 0x04, 0x00, 0x26, 0x00, 0x00, 0x00, 0x06, 0x00, 0x00, 0x00, 0x04, 0x00, 0x00, 0x00, // ....&...........
	0x17, 0x00, 0x04, 0x00, 0x32, 0x00, 0x00, 0x00, 0x06, 0x00, 0x00, 0x00, 0x03, 0x00, 0x00, 0x00, // ....2...........
	0x15, 0x00, 0x04, 0x00, 0x42, 0x00, 0x00, 0x00, 0x20, 0x00, 0x00, 0x00, 0x00, 0x00, 0x00, 0x00, // ....B... .......
	0x15, 0x00, 0x04, 0x00, 0x69, 0x00, 0x00, 0x00, 0x20, 0x00, 0x00, 0x00, 0x01, 0x00, 0x00, 0x00, // ....i... .......
	0x2b, 0x00, 0x04, 0x00, 0x42, 0x00, 0x00, 0x00, 0x72, 0x00, 0x00, 0x00, 0x00, 0x00, 0x00, 0x00, // +...B...r.......
	0x2b, 0x00, 0x04, 0x00, 0x42, 0x00, 0x00, 0x00, 0x7a, 0x00, 0x00, 0x00, 0x01, 0x00, 0x00, 0x00, // +...B...z.......
	0x2b, 0x00, 0x04, 0x00, 0x42, 0x00, 0x00, 0x00, 0xa9, 0x00, 0x00, 0x00, 0x02, 0x00, 0x00, 0x00, // +...B...........
	0x2b, 0x00, 0x04, 0x00, 0x06, 0x00, 0x00, 0x00, 0xb7, 0x00, 0x00, 0x00, 0x00, 0x00, 0x00, 0x00, // +...............
	0x14, 0x00, 0x02, 0x00, 0xb8, 0x00, 0x00, 0x00, 0x2b, 0x00, 0x04, 0x00, 0x06, 0x00, 0x00, 0x00, // ........+.......
	0xc2, 0x00, 0x00, 0x00, 0x00, 0x00, 0x80, 0x3f, 0x2b, 0x00, 0x04, 0x00, 0x06, 0x00, 0x00, 0x00, // .......?+.......
	0xe9, 0x00, 0x00, 0x00, 0x00, 0x00, 0x00, 0x40, 0x2b, 0x00, 0x04, 0x00, 0x69, 0x00, 0x00, 0x00, // .......@+...i...
	0x58, 0x01, 0x00, 0x00, 0x04, 0x00, 0x00, 0x00, 0x2b, 0x00, 0x04, 0x00, 0x69, 0x00, 0x00, 0x00, // X.......+...i...
	0x7d, 0x01, 0x00, 0x00, 0x06, 0x00, 0x00, 0x00, 0x2b, 0x00, 0x04, 0x00, 0x69, 0x00, 0x00, 0x00, // }.......+...i...
	0x90, 0x01, 0x00, 0x00, 0x05, 0x00, 0x00, 0x00, 0x18, 0x00, 0x04, 0x00, 0xbe, 0x01, 0x00, 0x00, // ................
	0x26, 0x00, 0x00, 0x00, 0x04, 0x00, 0x00, 0x00, 0x2b, 0x00, 0x04, 0x00, 0x42, 0x00, 0x00, 0x00, // &.......+...B...
	0xbf, 0x01, 0x00, 0x00, 0x28, 0x00, 0x00, 0x00, 0x1c, 0x00, 0x04, 0x00, 0xc0, 0x01, 0x00, 0x00, // ....(...........
	0xbe, 0x01, 0x00, 0x00, 0xbf, 0x01, 0x00, 0x00, 0x1c, 0x00, 0x04, 0x00, 0xc1, 0x01, 0x00, 0x00, // ................
	0x26, 0x00, 0x00, 0x00, 0xbf, 0x01, 0x00, 0x00, 0x1c, 0x00, 0x04, 0x00, 0xc2, 0x01, 0x00, 0x00, // &...............
	0x26, 0x00, 0x00, 0x00, 0xbf, 0x01, 0x00, 0x00, 0x1c, 0x00, 0x04, 0x00, 0xc3, 0x01, 0x00, 0x00, // &...............
	0x26, 0x00, 0x00, 0x00, 0xbf, 0x01, 0x00, 0x00, 0x1c, 0x00, 0x04, 0x00, 0xc4, 0x01, 0x00, 0x00, // &...............
	0x26, 0x00, 0x00, 0x00, 0xbf, 0x01, 0x00, 0x00, 0x1c, 0x00, 0x04, 0x00, 0xc5, 0x01, 0x00, 0x00, // &...............
	0x26, 0x00, 0x00, 0x00, 0xbf, 0x01, 0x00, 0x00, 0x1c, 0x00, 0x04, 0x00, 0xc6, 0x01, 0x00, 0x00, // &...............
	0x26, 0x00, 0x00, 0x00, 0xbf, 0x01, 0x00, 0x00, 0x1c, 0x00, 0x04, 0x00, 0xc7, 0x01, 0x00, 0x00, // &...............
	0x26, 0x00, 0x00, 0x00, 0xbf, 0x01, 0x00, 0x00, 0x1c, 0x00, 0x04, 0x00, 0xc8, 0x01, 0x00, 0x00, // &...............
	0x26, 0x00, 0x00, 0x00, 0xbf, 0x01, 0x00, 0x00, 0x1c, 0x00, 0x04, 0x00, 0xc9, 0x01, 0x00, 0x00, // &...............
	0x26, 0x00, 0x00, 0x00, 0xbf, 0x01, 0x00, 0x00, 0x1e, 0x00, 0x10, 0x00, 0xca, 0x01, 0x00, 0x00, // &...............
	0xbe, 0x01, 0x00, 0x00, 0xc0, 0x01, 0x00, 0x00, 0xc1, 0x01, 0x00, 0x00, 0xc2, 0x01, 0x00, 0x00, // ................
	0xc3, 0x01, 0x00, 0x00, 0xc4, 0x01, 0x00, 0x00, 0xc5, 0x01, 0x00, 0x00, 0xc6, 0x01, 0x00, 0x00, // ................
	0x26, 0x00, 0x00, 0x00, 0x26, 0x00, 0x00, 0x00, 0xc7, 0x01, 0x00, 0x00, 0xc8, 0x01, 0x00, 0x00, // &...&...........
	0xc9, 0x01, 0x00, 0x00, 0x26, 0x00, 0x00, 0x00, 0x20, 0x00, 0x04, 0x00, 0xcb, 0x01, 0x00, 0x00, // ....&... .......
	0x02, 0x00, 0x00, 0x00, 0xca, 0x01, 0x00, 0x00, 0x3b, 0x00, 0x04, 0x00, 0xcb, 0x01, 0x00, 0x00, // ........;.......
	0xcc, 0x01, 0x00, 0x00, 0x02, 0x00, 0x00, 0x00, 0x2b, 0x00, 0x04, 0x00, 0x69, 0x00, 0x00, 0x00, // ........+...i...
	0xcd, 0x01, 0x00, 0x00, 0x08, 0x00, 0x00, 0x00, 0x20, 0x00, 0x04, 0x00, 0xce, 0x01, 0x00, 0x00, // ........ .......
	0x02, 0x00, 0x00, 0x00, 0x26, 0x00, 0x00, 0x00, 0x2b, 0x00, 0x04, 0x00, 0x69, 0x00, 0x00, 0x00, // ....&...+...i...
	0xd2, 0x01, 0x00, 0x00, 0x09, 0x00, 0x00, 0x00, 0x2b, 0x00, 0x04, 0x00, 0x69, 0x00, 0x00, 0x00, // ........+...i...
	0xda, 0x01, 0x00, 0x00, 0x0d, 0x00, 0x00, 0x00, 0x2b, 0x00, 0x04, 0x00, 0x69, 0x00, 0x00, 0x00, // ........+...i...
	0xf9, 0x01, 0x00, 0x00, 0x02, 0x00, 0x00, 0x00, 0x20, 0x00, 0x04, 0x00, 0xfe, 0x01, 0x00, 0x00, // ........ .......
	0x02, 0x00, 0x00, 0x00, 0x06, 0x00, 0x00, 0x00, 0x2b, 0x00, 0x04, 0x00, 0x69, 0x00, 0x00, 0x00, // ........+...i...
	0x31, 0x02, 0x00, 0x00, 0x01, 0x00, 0x00, 0x00, 0x20, 0x00, 0x04, 0x00, 0x33, 0x02, 0x00, 0x00, // 1....... ...3...
	0x02, 0x00, 0x00, 0x00, 0xbe, 0x01, 0x00, 0x00, 0x2b, 0x00, 0x04, 0x00, 0x69, 0x00, 0x00, 0x00, // ........+...i...
	0x3b, 0x02, 0x00, 0x00, 0x03, 0x00, 0x00, 0x00, 0x2b, 0x00, 0x04, 0x00, 0x69, 0x00, 0x00, 0x00, // ;.......+...i...
	0x4c, 0x02, 0x00, 0x00, 0x07, 0x00, 0x00, 0x00, 0x2b, 0x00, 0x04, 0x00, 0x69, 0x00, 0x00, 0x00, // L.......+...i...
	0x51, 0x02, 0x00, 0x00, 0x0c, 0x00, 0x00, 0x00, 0x2b, 0x00, 0x04, 0x00, 0x69, 0x00, 0x00, 0x00, // Q.......+...i...
	0x59, 0x02, 0x00, 0x00, 0x0a, 0x00, 0x00, 0x00, 0x2b, 0x00, 0x04, 0x00, 0x69, 0x00, 0x00, 0x00, // Y.......+...i...
	0x5e, 0x02, 0x00, 0x00, 0x0b, 0x00, 0x00, 0x00, 0x2b, 0x00, 0x04, 0x00, 0x69, 0x00, 0x00, 0x00, // ^.......+...i...
	0x67, 0x02, 0x00, 0x00, 0x00, 0x00, 0x00, 0x00, 0x20, 0x00, 0x04, 0x00, 0x14, 0x03, 0x00, 0x00, // g....... .......
	0x01, 0x00, 0x00, 0x00, 0x32, 0x00, 0x00, 0x00, 0x20, 0x00, 0x04, 0x00, 0x18, 0x03, 0x00, 0x00, // ....2... .......
	0x01, 0x00, 0x00, 0x00, 0x26, 0x00, 0x00, 0x00, 0x3b, 0x00, 0x04, 0x00, 0x18, 0x03, 0x00, 0x00, // ....&...;.......
	0x19, 0x03, 0x00, 0x00, 0x01, 0x00, 0x00, 0x00, 0x3b, 0x00, 0x04, 0x00, 0x14, 0x03, 0x00, 0x00, // ........;.......
	0x1c, 0x03, 0x00, 0x00, 0x01, 0x00, 0x00, 0x00, 0x3b, 0x00, 0x04, 0x00, 0x14, 0x03, 0x00, 0x00, // ........;.......
	0x1f, 0x03, 0x00, 0x00, 0x01, 0x00, 0x00, 0x00, 0x20, 0x00, 0x04, 0x00, 0x25, 0x03, 0x00, 0x00, // ........ ...%...
	0x01, 0x00, 0x00, 0x00, 0x0d, 0x00, 0x00, 0x00, 0x3b, 0x00, 0x04, 0x00, 0x25, 0x03, 0x00, 0x00, // ........;...%...
	0x26, 0x03, 0x00, 0x00, 0x01, 0x00, 0x00, 0x00, 0x20, 0x00, 0x04, 0x00, 0x29, 0x03, 0x00, 0x00, // &....... ...)...
	0x01, 0x00, 0x00, 0x00, 0x42, 0x00, 0x00, 0x00, 0x3b, 0x00, 0x04, 0x00, 0x29, 0x03, 0x00, 0x00, // ....B...;...)...
	0x2a, 0x03, 0x00, 0x00, 0x01, 0x00, 0x00, 0x00, 0x20, 0x00, 0x04, 0x00, 0x3c, 0x03, 0x00, 0x00, // *....... ...<...
	0x03, 0x00, 0x00, 0x00, 0x26, 0x00, 0x00, 0x00, 0x3b, 0x00, 0x04, 0x00, 0x3c, 0x03, 0x00, 0x00, // ....&...;...<...
	0x3d, 0x03, 0x00, 0x00, 0x03, 0x00, 0x00, 0x00, 0x3b, 0x00, 0x04, 0x00, 0x3c, 0x03, 0x00, 0x00, // =.......;...<...
	0x40, 0x03, 0x00, 0x00, 0x03, 0x00, 0x00, 0x00, 0x3b, 0x00, 0x04, 0x00, 0x3c, 0x03, 0x00, 0x00, // @.......;...<...
	0x43, 0x03, 0x00, 0x00, 0x03, 0x00, 0x00, 0x00, 0x3b, 0x00, 0x04, 0x00, 0x3c, 0x03, 0x00, 0x00, // C.......;...<...
	0x46, 0x03, 0x00, 0x00, 0x03, 0x00, 0x00, 0x00, 0x3b, 0x00, 0x04, 0x00, 0x3c, 0x03, 0x00, 0x00, // F.......;...<...
	0x49, 0x03, 0x00, 0x00, 0x03, 0x00, 0x00, 0x00, 0x3b, 0x00, 0x04, 0x00, 0x3c, 0x03, 0x00, 0x00, // I.......;...<...
	0x4c, 0x03, 0x00, 0x00, 0x03, 0x00, 0x00, 0x00, 0x3b, 0x00, 0x04, 0x00, 0x3c, 0x03, 0x00, 0x00, // L.......;...<...
	0x4f, 0x03, 0x00, 0x00, 0x03, 0x00, 0x00, 0x00, 0x20, 0x00, 0x04, 0x00, 0x52, 0x03, 0x00, 0x00, // O....... ...R...
	0x03, 0x00, 0x00, 0x00, 0x32, 0x00, 0x00, 0x00, 0x3b, 0x00, 0x04, 0x00, 0x52, 0x03, 0x00, 0x00, // ....2...;...R...
	0x53, 0x03, 0x00, 0x00, 0x03, 0x00, 0x00, 0x00, 0x2c, 0x00, 0x05, 0x00, 0x0d, 0x00, 0x00, 0x00, // S.......,.......
	0x01, 0x07, 0x00, 0x00, 0xb7, 0x00, 0x00, 0x00, 0xb7, 0x00, 0x00, 0x00, 0x2b, 0x00, 0x04, 0x00, // ............+...
	0x06, 0x00, 0x00, 0x00, 0x02, 0x07, 0x00, 0x00, 0x00, 0x00, 0x00, 0x3f, 0x20, 0x00, 0x04, 0x00, // ...........? ...
	0x03, 0x07, 0x00, 0x00, 0x01, 0x00, 0x00, 0x00, 0x06, 0x00, 0x00, 0x00, 0x01, 0x00, 0x03, 0x00, // ................
	0x26, 0x00, 0x00, 0x00, 0x9f, 0x07, 0x00, 0x00, 0x36, 0x00, 0x05, 0x00, 0x02, 0x00, 0x00, 0x00, // &.......6.......
	0x04, 0x00, 0x00, 0x00, 0x00, 0x00, 0x00, 0x00, 0x03, 0x00, 0x00, 0x00, 0xf8, 0x00, 0x02, 0x00, // ................
	0x05, 0x00, 0x00, 0x00, 0x3d, 0x00, 0x04, 0x00, 0x26, 0x00, 0x00, 0x00, 0x1a, 0x03, 0x00, 0x00, // ....=...&.......
	0x19, 0x03, 0x00, 0x00, 0x3d, 0x00, 0x04, 0x00, 0x0d, 0x00, 0x00, 0x00, 0x27, 0x03, 0x00, 0x00, // ....=.......'...
	0x26, 0x03, 0x00, 0x00, 0x3d, 0x00, 0x04, 0x00, 0x42, 0x00, 0x00, 0x00, 0x2b, 0x03, 0x00, 0x00, // &...=...B...+...
	0x2a, 0x03, 0x00, 0x00, 0x41, 0x00, 0x06, 0x00, 0x33, 0x02, 0x00, 0x00, 0xc4, 0x03, 0x00, 0x00, // *...A...3.......
	0xcc, 0x01, 0x00, 0x00, 0x31, 0x02, 0x00, 0x00, 0x2b, 0x03, 0x00, 0x00, 0x3d, 0x00, 0x04, 0x00, // ....1...+...=...
	0xbe, 0x01, 0x00, 0x00, 0xc5, 0x03, 0x00, 0x00, 0xc4, 0x03, 0x00, 0x00, 0x41, 0x00, 0x06, 0x00, // ............A...
	0xce, 0x01, 0x00, 0x00, 0xc7, 0x03, 0x00, 0x00, 0xcc, 0x01, 0x00, 0x00, 0xf9, 0x01, 0x00, 0x00, // ................
	0x2b, 0x03, 0x00, 0x00, 0x3d, 0x00, 0x04, 0x00, 0x26, 0x00, 0x00, 0x00, 0xc8, 0x03, 0x00, 0x00, // +...=...&.......
	0xc7, 0x03, 0x00, 0x00, 0x41, 0x00, 0x06, 0x00, 0xce, 0x01, 0x00, 0x00, 0xca, 0x03, 0x00, 0x00, // ....A...........
	0xcc, 0x01, 0x00, 0x00, 0x3b, 0x02, 0x00, 0x00, 0x2b, 0x03, 0x00, 0x00, 0x3d, 0x00, 0x04, 0x00, // ....;...+...=...
	0x26, 0x00, 0x00, 0x00, 0xcb, 0x03, 0x00, 0x00, 0xca, 0x03, 0x00, 0x00, 0x41, 0x00, 0x06, 0x00, // &...........A...
	0xce, 0x01, 0x00, 0x00, 0xcd, 0x03, 0x00, 0x00, 0xcc, 0x01, 0x00, 0x00, 0x58, 0x01, 0x00, 0x00, // ............X...
	0x2b, 0x03, 0x00, 0x00, 0x3d, 0x00, 0x04, 0x00, 0x26, 0x00, 0x00, 0x00, 0xce, 0x03, 0x00, 0x00, // +...=...&.......
	0xcd, 0x03, 0x00, 0x00, 0x41, 0x00, 0x06, 0x00, 0xce, 0x01, 0x00, 0x00, 0xd0, 0x03, 0x00, 0x00, // ....A...........
	0xcc, 0x01, 0x00, 0x00, 0x90, 0x01, 0x00, 0x00, 0x2b, 0x03, 0x00, 0x00, 0x3d, 0x00, 0x04, 0x00, // ........+...=...
	0x26, 0x00, 0x00, 0x00, 0xd1, 0x03, 0x00, 0x00, 0xd0, 0x03, 0x00, 0x00, 0x41, 0x00, 0x06, 0x00, // &...........A...
	0xce, 0x01, 0x00, 0x00, 0xd3, 0x03, 0x00, 0x00, 0xcc, 0x01, 0x00, 0x00, 0x7d, 0x01, 0x00, 0x00, // ............}...
	0x2b, 0x03, 0x00, 0x00, 0x3d, 0x00, 0x04, 0x00, 0x26, 0x00, 0x00, 0x00, 0xd4, 0x03, 0x00, 0x00, // +...=...&.......
	0xd3, 0x03, 0x00, 0x00, 0x41, 0x00, 0x06, 0x00, 0xce, 0x01, 0x00, 0x00, 0xd6, 0x03, 0x00, 0x00, // ....A...........
	0xcc, 0x01, 0x00, 0x00, 0x4c, 0x02, 0x00, 0x00, 0x2b, 0x03, 0x00, 0x00, 0x3d, 0x00, 0x04, 0x00, // ....L...+...=...
	0x26, 0x00, 0x00, 0x00, 0xd7, 0x03, 0x00, 0x00, 0xd6, 0x03, 0x00, 0x00, 0x41, 0x00, 0x06, 0x00, // &...........A...
	0xce, 0x01, 0x00, 0x00, 0xd9, 0x03, 0x00, 0x00, 0xcc, 0x01, 0x00, 0x00, 0x51, 0x02, 0x00, 0x00, // ............Q...
	0x2b, 0x03, 0x00, 0x00, 0x3d, 0x00, 0x04, 0x00, 0x26, 0x00, 0x00, 0x00, 0xda, 0x03, 0x00, 0x00, // +...=...&.......
	0xd9, 0x03, 0x00, 0x00, 0x85, 0x00, 0x05, 0x00, 0x26, 0x00, 0x00, 0x00, 0xdd, 0x03, 0x00, 0x00, // ........&.......
	0xda, 0x03, 0x00, 0x00, 0x1a, 0x03, 0x00, 0x00, 0x41, 0x00, 0x07, 0x00, 0xfe, 0x01, 0x00, 0x00, // ........A.......
	0xdf, 0x03, 0x00, 0x00, 0xcc, 0x01, 0x00, 0x00, 0x59, 0x02, 0x00, 0x00, 0x2b, 0x03, 0x00, 0x00, // ........Y...+...
	0x72, 0x00, 0x00, 0x00, 0x3d, 0x00, 0x04, 0x00, 0x06, 0x00, 0x00, 0x00, 0xe0, 0x03, 0x00, 0x00, // r...=...........
	0xdf, 0x03, 0x00, 0x00, 0x41, 0x00, 0x07, 0x00, 0xfe, 0x01, 0x00, 0x00, 0xe2, 0x03, 0x00, 0x00, // ....A...........
	0xcc, 0x01, 0x00, 0x00, 0x5e, 0x02, 0x00, 0x00, 0x2b, 0x03, 0x00, 0x00, 0x72, 0x00, 0x00, 0x00, // ....^...+...r...
	0x3d, 0x00, 0x04, 0x00, 0x06, 0x00, 0x00, 0x00, 0xe3, 0x03, 0x00, 0x00, 0xe2, 0x03, 0x00, 0x00, // =...............
	0x41, 0x00, 0x05, 0x00, 0x03, 0x07, 0x00, 0x00, 0xd8, 0x06, 0x00, 0x00, 0x1f, 0x03, 0x00, 0x00, // A...............
	0x72, 0x00, 0x00, 0x00, 0x3d, 0x00, 0x04, 0x00, 0x06, 0x00, 0x00, 0x00, 0xe5, 0x03, 0x00, 0x00, // r...=...........
	0xd8, 0x06, 0x00, 0x00, 0x41, 0x00, 0x05, 0x00, 0x03, 0x07, 0x00, 0x00, 0xd9, 0x06, 0x00, 0x00, // ....A...........
	0x1f, 0x03, 0x00, 0x00, 0x7a, 0x00, 0x00, 0x00, 0x3d, 0x00, 0x04, 0x00, 0x06, 0x00, 0x00, 0x00, // ....z...=.......
	0xe7, 0x03, 0x00, 0x00, 0xd9, 0x06, 0x00, 0x00, 0x41, 0x00, 0x05, 0x00, 0x03, 0x07, 0x00, 0x00, // ........A.......
	0xda, 0x06, 0x00, 0x00, 0x1f, 0x03, 0x00, 0x00, 0xa9, 0x00, 0x00, 0x00, 0x3d, 0x00, 0x04, 0x00, // ............=...
	0x06, 0x00, 0x00, 0x00, 0xe9, 0x03, 0x00, 0x00, 0xda, 0x06, 0x00, 0x00, 0x50, 0x00, 0x07, 0x00, // ............P...
	0x26, 0x00, 0x00, 0x00, 0xea, 0x03, 0x00, 0x00, 0xe5, 0x03, 0x00, 0x00, 0xe7, 0x03, 0x00, 0x00, // &...............
	0xe9, 0x03, 0x00, 0x00, 0xc2, 0x00, 0x00, 0x00, 0x90, 0x00, 0x05, 0x00, 0x26, 0x00, 0x00, 0x00, // ............&...
	0xed, 0x03, 0x00, 0x00, 0xea, 0x03, 0x00, 0x00, 0xc5, 0x03, 0x00, 0x00, 0x41, 0x00, 0x05, 0x00, // ............A...
	0x33, 0x02, 0x00, 0x00, 0xef, 0x03, 0x00, 0x00, 0xcc, 0x01, 0x00, 0x00, 0x67, 0x02, 0x00, 0x00, // 3...........g...
	0x3d, 0x00, 0x04, 0x00, 0xbe, 0x01, 0x00, 0x00, 0xf0, 0x03, 0x00, 0x00, 0xef, 0x03, 0x00, 0x00, // =...............
	0x90, 0x00, 0x05, 0x00, 0x26, 0x00, 0x00, 0x00, 0xf1, 0x03, 0x00, 0x00, 0xed, 0x03, 0x00, 0x00, // ....&...........
	0xf0, 0x03, 0x00, 0x00, 0x51, 0x00, 0x05, 0x00, 0x06, 0x00, 0x00, 0x00, 0xf6, 0x03, 0x00, 0x00, // ....Q...........
	0x27, 0x03, 0x00, 0x00, 0x00, 0x00, 0x00, 0x00, 0x51, 0x00, 0x05, 0x00, 0x06, 0x00, 0x00, 0x00, // '.......Q.......
	0xf8, 0x03, 0x00, 0x00, 0xc8, 0x03, 0x00, 0x00, 0x02, 0x00, 0x00, 0x00, 0x85, 0x00, 0x05, 0x00, // ................
	0x06, 0x00, 0x00, 0x00, 0xf9, 0x03, 0x00, 0x00, 0xf6, 0x03, 0x00, 0x00, 0xf8, 0x03, 0x00, 0x00, // ................
	0x51, 0x00, 0x05, 0x00, 0x06, 0x00, 0x00, 0x00, 0xfb, 0x03, 0x00, 0x00, 0xc8, 0x03, 0x00, 0x00, // Q...............
	0x00, 0x00, 0x00, 0x00, 0x81, 0x00, 0x05, 0x00, 0x06, 0x00, 0x00, 0x00, 0xfc, 0x03, 0x00, 0x00, // ................
	0xf9, 0x03, 0x00, 0x00, 0xfb, 0x03, 0x00, 0x00, 0x51, 0x00, 0x05, 0x00, 0x06, 0x00, 0x00, 0x00, // ........Q.......
	0xff, 0x03, 0x00, 0x00, 0x27, 0x03, 0x00, 0x00, 0x01, 0x00, 0x00, 0x00, 0x51, 0x00, 0x05, 0x00, // ....'.......Q...
	0x06, 0x00, 0x00, 0x00, 0x01, 0x04, 0x00, 0x00, 0xc8, 0x03, 0x00, 0x00, 0x03, 0x00, 0x00, 0x00, // ................
	0x85, 0x00, 0x05, 0x00, 0x06, 0x00, 0x00, 0x00, 0x02, 0x04, 0x00, 0x00, 0xff, 0x03, 0x00, 0x00, // ................
	0x01, 0x04, 0x00, 0x00, 0x51, 0x00, 0x05, 0x00, 0x06, 0x00, 0x00, 0x00, 0x04, 0x04, 0x00, 0x00, // ....Q...........
	0xc8, 0x03, 0x00, 0x00, 0x01, 0x00, 0x00, 0x00, 0x81, 0x00, 0x05, 0x00, 0x06, 0x00, 0x00, 0x00, // ................
	0x05, 0x04, 0x00, 0x00, 0x02, 0x04, 0x00, 0x00, 0x04, 0x04, 0x00, 0x00, 0x41, 0x00, 0x06, 0x00, // ............A...
	0xfe, 0x01, 0x00, 0x00, 0x07, 0x04, 0x00, 0x00, 0xcc, 0x01, 0x00, 0x00, 0xda, 0x01, 0x00, 0x00, // ................
	0x72, 0x00, 0x00, 0x00, 0x3d, 0x00, 0x04, 0x00, 0x06, 0x00, 0x00, 0x00, 0x08, 0x04, 0x00, 0x00, // r...=...........
	0x07, 0x04, 0x00, 0x00, 0x41, 0x00, 0x06, 0x00, 0xfe, 0x01, 0x00, 0x00, 0x09, 0x04, 0x00, 0x00, // ....A...........
	0xcc, 0x01, 0x00, 0x00, 0xda, 0x01, 0x00, 0x00, 0x7a, 0x00, 0x00, 0x00, 0x3d, 0x00, 0x04, 0x00, // ........z...=...
	0x06, 0x00, 0x00, 0x00, 0x0a, 0x04, 0x00, 0x00, 0x09, 0x04, 0x00, 0x00, 0x85, 0x00, 0x05, 0x00, // ................
	0x06, 0x00, 0x00, 0x00, 0x0d, 0x04, 0x00, 0x00, 0x0a, 0x04, 0x00, 0x00, 0x05, 0x04, 0x00, 0x00, // ................
	0x81, 0x00, 0x05, 0x00, 0x06, 0x00, 0x00, 0x00, 0x0e, 0x04, 0x00, 0x00, 0x08, 0x04, 0x00, 0x00, // ................
	0x0d, 0x04, 0x00, 0x00, 0x52, 0x00, 0x06, 0x00, 0x26, 0x00, 0x00, 0x00, 0x13, 0x07, 0x00, 0x00, // ....R...&.......
	0xfc, 0x03, 0x00, 0x00, 0x9f, 0x07, 0x00, 0x00, 0x00, 0x00, 0x00, 0x00, 0x41, 0x00, 0x05, 0x00, // ............A...
	0x03, 0x07, 0x00, 0x00, 0xdb, 0x06, 0x00, 0x00, 0x1c, 0x03, 0x00, 0x00, 0x72, 0x00, 0x00, 0x00, // ............r...
	0x3d, 0x00, 0x04, 0x00, 0x06, 0x00, 0x00, 0x00, 0x17, 0x04, 0x00, 0x00, 0xdb, 0x06, 0x00, 0x00, // =...............
	0x41, 0x00, 0x05, 0x00, 0x03, 0x07, 0x00, 0x00, 0xdc, 0x06, 0x00, 0x00, 0x1c, 0x03, 0x00, 0x00, // A...............
	0x7a, 0x00, 0x00, 0x00, 0x3d, 0x00, 0x04, 0x00, 0x06, 0x00, 0x00, 0x00, 0x19, 0x04, 0x00, 0x00, // z...=...........
	0xdc, 0x06, 0x00, 0x00, 0x41, 0x00, 0x05, 0x00, 0x03, 0x07, 0x00, 0x00, 0xdd, 0x06, 0x00, 0x00, // ....A...........
	0x1c, 0x03, 0x00, 0x00, 0xa9, 0x00, 0x00, 0x00, 0x3d, 0x00, 0x04, 0x00, 0x06, 0x00, 0x00, 0x00, // ........=.......
	0x1b, 0x04, 0x00, 0x00, 0xdd, 0x06, 0x00, 0x00, 0x50, 0x00, 0x07, 0x00, 0x26, 0x00, 0x00, 0x00, // ........P...&...
	0x1c, 0x04, 0x00, 0x00, 0x17, 0x04, 0x00, 0x00, 0x19, 0x04, 0x00, 0x00, 0x1b, 0x04, 0x00, 0x00, // ................
	0xb7, 0x00, 0x00, 0x00, 0x90, 0x00, 0x05, 0x00, 0x26, 0x00, 0x00, 0x00, 0x1f, 0x04, 0x00, 0x00, // ........&.......
	0x1c, 0x04, 0x00, 0x00, 0xc5, 0x03, 0x00, 0x00, 0x0c, 0x00, 0x06, 0x00, 0x26, 0x00, 0x00, 0x00, // ............&...
	0x20, 0x04, 0x00, 0x00, 0x01, 0x00, 0x00, 0x00, 0x45, 0x00, 0x00, 0x00, 0x1f, 0x04, 0x00, 0x00, //  .......E.......
	0x4f, 0x00, 0x08, 0x00, 0x32, 0x00, 0x00, 0x00, 0x22, 0x04, 0x00, 0x00, 0x20, 0x04, 0x00, 0x00, // O...2..."... ...
	0x20, 0x04, 0x00, 0x00, 0x00, 0x00, 0x00, 0x00, 0x01, 0x00, 0x00, 0x00, 0x02, 0x00, 0x00, 0x00, //  ...............
	0x4f, 0x00, 0x07, 0x00, 0x0d, 0x00, 0x00, 0x00, 0x2a, 0x04, 0x00, 0x00, 0x13, 0x07, 0x00, 0x00, // O.......*.......
	0x13, 0x07, 0x00, 0x00, 0x00, 0x00, 0x00, 0x00, 0x01, 0x00, 0x00, 0x00, 0x41, 0x00, 0x05, 0x00, // ............A...
	0x03, 0x07, 0x00, 0x00, 0x57, 0x04, 0x00, 0x00, 0x26, 0x03, 0x00, 0x00, 0x72, 0x00, 0x00, 0x00, // ....W...&...r...
	0x3d, 0x00, 0x04, 0x00, 0x06, 0x00, 0x00, 0x00, 0x58, 0x04, 0x00, 0x00, 0x57, 0x04, 0x00, 0x00, // =.......X...W...
	0x51, 0x00, 0x05, 0x00, 0x06, 0x00, 0x00, 0x00, 0x5a, 0x04, 0x00, 0x00, 0xcb, 0x03, 0x00, 0x00, // Q.......Z.......
	0x02, 0x00, 0x00, 0x00, 0x85, 0x00, 0x05, 0x00, 0x06, 0x00, 0x00, 0x00, 0x5b, 0x04, 0x00, 0x00, // ............[...
	0x58, 0x04, 0x00, 0x00, 0x5a, 0x04, 0x00, 0x00, 0x51, 0x00, 0x05, 0x00, 0x06, 0x00, 0x00, 0x00, // X...Z...Q.......
	0x5d, 0x04, 0x00, 0x00, 0xcb, 0x03, 0x00, 0x00, 0x00, 0x00, 0x00, 0x00, 0x81, 0x00, 0x05, 0x00, // ]...............
	0x06, 0x00, 0x00, 0x00, 0x5e, 0x04, 0x00, 0x00, 0x5b, 0x04, 0x00, 0x00, 0x5d, 0x04, 0x00, 0x00, // ....^...[...]...
	0x41, 0x00, 0x05, 0x00, 0x03, 0x07, 0x00, 0x00, 0x60, 0x04, 0x00, 0x00, 0x26, 0x03, 0x00, 0x00, // A.......`...&...
	0x7a, 0x00, 0x00, 0x00, 0x3d, 0x00, 0x04, 0x00, 0x06, 0x00, 0x00, 0x00, 0x61, 0x04, 0x00, 0x00, // z...=.......a...
	0x60, 0x04, 0x00, 0x00, 0x51, 0x00, 0x05, 0x00, 0x06, 0x00, 0x00, 0x00, 0x63, 0x04, 0x00, 0x00, // `...Q.......c...
	0xcb, 0x03, 0x00, 0x00, 0x03, 0x00, 0x00, 0x00, 0x85, 0x00, 0x05, 0x00, 0x06, 0x00, 0x00, 0x00, // ................
	0x64, 0x04, 0x00, 0x00, 0x61, 0x04, 0x00, 0x00, 0x63, 0x04, 0x00, 0x00, 0x51, 0x00, 0x05, 0x00, // d...a...c...Q...
	0x06, 0x00, 0x00, 0x00, 0x66, 0x04, 0x00, 0x00, 0xcb, 0x03, 0x00, 0x00, 0x01, 0x00, 0x00, 0x00, // ....f...........
	0x81, 0x00, 0x05, 0x00, 0x06, 0x00, 0x00, 0x00, 0x67, 0x04, 0x00, 0x00, 0x64, 0x04, 0x00, 0x00, // ........g...d...
	0x66, 0x04, 0x00, 0x00, 0x51, 0x00, 0x05, 0x00, 0x06, 0x00, 0x00, 0x00, 0x6c, 0x04, 0x00, 0x00, // f...Q.......l...
	0xce, 0x03, 0x00, 0x00, 0x02, 0x00, 0x00, 0x00, 0x85, 0x00, 0x05, 0x00, 0x06, 0x00, 0x00, 0x00, // ................
	0x6d, 0x04, 0x00, 0x00, 0x58, 0x04, 0x00, 0x00, 0x6c, 0x04, 0x00, 0x00, 0x51, 0x00, 0x05, 0x00, // m...X...l...Q...
	0x06, 0x00, 0x00, 0x00, 0x6f, 0x04, 0x00, 0x00, 0xce, 0x03, 0x00, 0x00, 0x00, 0x00, 0x00, 0x00, // ....o...........
	0x81, 0x00, 0x05, 0x00, 0x06, 0x00, 0x00, 0x00, 0x70, 0x04, 0x00, 0x00, 0x6d, 0x04, 0x00, 0x00, // ........p...m...
	0x6f, 0x04, 0x00, 0x00, 0x51, 0x00, 0x05, 0x00, 0x06, 0x00, 0x00, 0x00, 0x75, 0x04, 0x00, 0x00, // o...Q.......u...
	0xce, 0x03, 0x00, 0x00, 0x03, 0x00, 0x00, 0x00, 0x85, 0x00, 0x05, 0x00, 0x06, 0x00, 0x00, 0x00, // ................
	0x76, 0x04, 0x00, 0x00, 0x61, 0x04, 0x00, 0x00, 0x75, 0x04, 0x00, 0x00, 0x51, 0x00, 0x05, 0x00, // v...a...u...Q...
	0x06, 0x00, 0x00, 0x00, 0x78, 0x04, 0x00, 0x00, 0xce, 0x03, 0x00, 0x00, 0x01, 0x00, 0x00, 0x00, // ....x...........
	0x81, 0x00, 0x05, 0x00, 0x06, 0x00, 0x00, 0x00, 0x79, 0x04, 0x00, 0x00, 0x76, 0x04, 0x00, 0x00, // ........y...v...
	0x78, 0x04, 0x00, 0x00, 0x50, 0x00, 0x07, 0x00, 0x26, 0x00, 0x00, 0x00, 0x99, 0x07, 0x00, 0x00, // x...P...&.......
	0x5e, 0x04, 0x00, 0x00, 0x67, 0x04, 0x00, 0x00, 0x70, 0x04, 0x00, 0x00, 0x79, 0x04, 0x00, 0x00, // ^...g...p...y...
	0x51, 0x00, 0x05, 0x00, 0x06, 0x00, 0x00, 0x00, 0x7e, 0x04, 0x00, 0x00, 0xd1, 0x03, 0x00, 0x00, // Q.......~.......
	0x02, 0x00, 0x00, 0x00, 0x85, 0x00, 0x05, 0x00, 0x06, 0x00, 0x00, 0x00, 0x7f, 0x04, 0x00, 0x00, // ................
	0x58, 0x04, 0x00, 0x00, 0x7e, 0x04, 0x00, 0x00, 0x51, 0x00, 0x05, 0x00, 0x06, 0x00, 0x00, 0x00, // X...~...Q.......
	0x81, 0x04, 0x00, 0x00, 0xd1, 0x03, 0x00, 0x00, 0x00, 0x00, 0x00, 0x00, 0x81, 0x00, 0x05, 0x00, // ................
	0x06, 0x00, 0x00, 0x00, 0x82, 0x04, 0x00, 0x00, 0x7f, 0x04, 0x00, 0x00, 0x81, 0x04, 0x00, 0x00, // ................
	0x51, 0x00, 0x05, 0x00, 0x06, 0x00, 0x00, 0x00, 0x87, 0x04, 0x00, 0x00, 0xd1, 0x03, 0x00, 0x00, // Q...............
	0x03, 0x00, 0x00, 0x00, 0x85, 0x00, 0x05, 0x00, 0x06, 0x00, 0x00, 0x00, 0x88, 0x04, 0x00, 0x00, // ................
	0x61, 0x04, 0x00, 0x00, 0x87, 0x04, 0x00, 0x00, 0x51, 0x00, 0x05, 0x00, 0x06, 0x00, 0x00, 0x00, // a.......Q.......
	0x8a, 0x04, 0x00, 0x00, 0xd1, 0x03, 0x00, 0x00, 0x01, 0x00, 0x00, 0x00, 0x81, 0x00, 0x05, 0x00, // ................
	0x06, 0x00, 0x00, 0x00, 0x8b, 0x04, 0x00, 0x00, 0x88, 0x04, 0x00, 0x00, 0x8a, 0x04, 0x00, 0x00, // ................
	0x51, 0x00, 0x05, 0x00, 0x06, 0x00, 0x00, 0x00, 0x90, 0x04, 0x00, 0x00, 0xd4, 0x03, 0x00, 0x00, // Q...............
	0x02, 0x00, 0x00, 0x00, 0x85, 0x00, 0x05, 0x00, 0x06, 0x00, 0x00, 0x00, 0x91, 0x04, 0x00, 0x00, // ................
	0x58, 0x04, 0x00, 0x00, 0x90, 0x04, 0x00, 0x00, 0x51, 0x00, 0x05, 0x00, 0x06, 0x00, 0x00, 0x00, // X.......Q.......
	0x93, 0x04, 0x00, 0x00, 0xd4, 0x03, 0x00, 0x00, 0x00, 0x00, 0x00, 0x00, 0x81, 0x00, 0x05, 0x00, // ................
	0x06, 0x00, 0x00, 0x00, 0x94, 0x04, 0x00, 0x00, 0x91, 0x04, 0x00, 0x00, 0x93, 0x04, 0x00, 0x00, // ................
	0x51, 0x00, 0x05, 0x00, 0x06, 0x00, 0x00, 0x00, 0x99, 0x04, 0x00, 0x00, 0xd4, 0x03, 0x00, 0x00, // Q...............
	0x03, 0x00, 0x00, 0x00, 0x85, 0x00, 0x05, 0x00, 0x06, 0x00, 0x00, 0x00, 0x9a, 0x04, 0x00, 0x00, // ................
	0x61, 0x04, 0x00, 0x00, 0x99, 0x04, 0x00, 0x00, 0x51, 0x00, 0x05, 0x00, 0x06, 0x00, 0x00, 0x00, // a.......Q.......
	0x9c, 0x04, 0x00, 0x00, 0xd4, 0x03, 0x00, 0x00, 0x01, 0x00, 0x00, 0x00, 0x81, 0x00, 0x05, 0x00, // ................
	0x06, 0x00, 0x00, 0x00, 0x9d, 0x04, 0x00, 0x00, 0x9a, 0x04, 0x00, 0x00, 0x9c, 0x04, 0x00, 0x00, // ................
	0x51, 0x00, 0x05, 0x00, 0x06, 0x00, 0x00, 0x00, 0xa2, 0x04, 0x00, 0x00, 0xd7, 0x03, 0x00, 0x00, // Q...............
	0x02, 0x00, 0x00, 0x00, 0x85, 0x00, 0x05, 0x00, 0x06, 0x00, 0x00, 0x00, 0xa3, 0x04, 0x00, 0x00, // ................
	0x58, 0x04, 0x00, 0x00, 0xa2, 0x04, 0x00, 0x00, 0x51, 0x00, 0x05, 0x00, 0x06, 0x00, 0x00, 0x00, // X.......Q.......
	0xa5, 0x04, 0x00, 0x00, 0xd7, 0x03, 0x00, 0x00, 0x00, 0x00, 0x00, 0x00, 0x81, 0x00, 0x05, 0x00, // ................
	0x06, 0x00, 0x00, 0x00, 0xa6, 0x04, 0x00, 0x00, 0xa3, 0x04, 0x00, 0x00, 0xa5, 0x04, 0x00, 0x00, // ................
	0x51, 0x00, 0x05, 0x00, 0x06, 0x00, 0x00, 0x00, 0xab, 0x04, 0x00, 0x00, 0xd7, 0x03, 0x00, 0x00, // Q...............
	0x03, 0x00, 0x00, 0x00, 0x85, 0x00, 0x05, 0x00, 0x06, 0x00, 0x00, 0x00, 0xac, 0x04, 0x00, 0x00, // ................
	0x61, 0x04, 0x00, 0x00, 0xab, 0x04, 0x00, 0x00, 0x51, 0x00, 0x05, 0x00, 0x06, 0x00, 0x00, 0x00, // a.......Q.......
	0xae, 0x04, 0x00, 0x00, 0xd7, 0x03, 0x00, 0x00, 0x01, 0x00, 0x00, 0x00, 0x81, 0x00, 0x05, 0x00, // ................
	0x06, 0x00, 0x00, 0x00, 0xaf, 0x04, 0x00, 0x00, 0xac, 0x04, 0x00, 0x00, 0xae, 0x04, 0x00, 0x00, // ................
	0x50, 0x00, 0x07, 0x00, 0x26, 0x00, 0x00, 0x00, 0x9a, 0x07, 0x00, 0x00, 0x94, 0x04, 0x00, 0x00, // P...&...........
	0x9d, 0x04, 0x00, 0x00, 0xa6, 0x04, 0x00, 0x00, 0xaf, 0x04, 0x00, 0x00, 0x41, 0x00, 0x05, 0x00, // ............A...
	0xce, 0x01, 0x00, 0x00, 0xb4, 0x04, 0x00, 0x00, 0xcc, 0x01, 0x00, 0x00, 0xcd, 0x01, 0x00, 0x00, // ................
	0x3d, 0x00, 0x04, 0x00, 0x26, 0x00, 0x00, 0x00, 0xb5, 0x04, 0x00, 0x00, 0xb4, 0x04, 0x00, 0x00, // =...&...........
	0x41, 0x00, 0x05, 0x00, 0xce, 0x01, 0x00, 0x00, 0xb6, 0x04, 0x00, 0x00, 0xcc, 0x01, 0x00, 0x00, // A...............
	0xd2, 0x01, 0x00, 0x00, 0x3d, 0x00, 0x04, 0x00, 0x26, 0x00, 0x00, 0x00, 0xb7, 0x04, 0x00, 0x00, // ....=...&.......
	0xb6, 0x04, 0x00, 0x00, 0x41, 0x00, 0x05, 0x00, 0xce, 0x01, 0x00, 0x00, 0xba, 0x04, 0x00, 0x00, // ....A...........
	0xcc, 0x01, 0x00, 0x00, 0xda, 0x01, 0x00, 0x00, 0x3d, 0x00, 0x04, 0x00, 0x26, 0x00, 0x00, 0x00, // ........=...&...
	0xbb, 0x04, 0x00, 0x00, 0xba, 0x04, 0x00, 0x00, 0x51, 0x00, 0x05, 0x00, 0x06, 0x00, 0x00, 0x00, // ........Q.......
	0x37, 0x05, 0x00, 0x00, 0xb5, 0x04, 0x00, 0x00, 0x00, 0x00, 0x00, 0x00, 0x51, 0x00, 0x05, 0x00, // 7...........Q...
	0x06, 0x00, 0x00, 0x00, 0x39, 0x05, 0x00, 0x00, 0xb5, 0x04, 0x00, 0x00, 0x01, 0x00, 0x00, 0x00, // ....9...........
	0x51, 0x00, 0x05, 0x00, 0x06, 0x00, 0x00, 0x00, 0x3b, 0x05, 0x00, 0x00, 0xb5, 0x04, 0x00, 0x00, // Q.......;.......
	0x02, 0x00, 0x00, 0x00, 0x51, 0x00, 0x05, 0x00, 0x06, 0x00, 0x00, 0x00, 0x3d, 0x05, 0x00, 0x00, // ....Q.......=...
	0xb5, 0x04, 0x00, 0x00, 0x03, 0x00, 0x00, 0x00, 0x4f, 0x00, 0x07, 0x00, 0x0d, 0x00, 0x00, 0x00, // ........O.......
	0x3f, 0x05, 0x00, 0x00, 0xb7, 0x04, 0x00, 0x00, 0xb7, 0x04, 0x00, 0x00, 0x00, 0x00, 0x00, 0x00, // ?...............
	0x01, 0x00, 0x00, 0x00, 0x4f, 0x00, 0x07, 0x00, 0x0d, 0x00, 0x00, 0x00, 0x41, 0x05, 0x00, 0x00, // ....O.......A...
	0xb7, 0x04, 0x00, 0x00, 0xb7, 0x04, 0x00, 0x00, 0x02, 0x00, 0x00, 0x00, 0x03, 0x00, 0x00, 0x00, // ................
	0xba, 0x00, 0x05, 0x00, 0xb8, 0x00, 0x00, 0x00, 0x43, 0x05, 0x00, 0x00, 0x37, 0x05, 0x00, 0x00, // ........C...7...
	0xb7, 0x00, 0x00, 0x00, 0xf7, 0x00, 0x03, 0x00, 0xb7, 0x05, 0x00, 0x00, 0x00, 0x00, 0x00, 0x00, // ................
	0xfa, 0x00, 0x04, 0x00, 0x43, 0x05, 0x00, 0x00, 0x44, 0x05, 0x00, 0x00, 0xb7, 0x05, 0x00, 0x00, // ....C...D.......
	0xf8, 0x00, 0x02, 0x00, 0x44, 0x05, 0x00, 0x00, 0x0c, 0x00, 0x06, 0x00, 0x06, 0x00, 0x00, 0x00, // ....D...........
	0x46, 0x05, 0x00, 0x00, 0x01, 0x00, 0x00, 0x00, 0x0a, 0x00, 0x00, 0x00, 0xe0, 0x03, 0x00, 0x00, // F...............
	0x0c, 0x00, 0x06, 0x00, 0x06, 0x00, 0x00, 0x00, 0x48, 0x05, 0x00, 0x00, 0x01, 0x00, 0x00, 0x00, // ........H.......
	0x08, 0x00, 0x00, 0x00, 0xe0, 0x03, 0x00, 0x00, 0x81, 0x00, 0x05, 0x00, 0x06, 0x00, 0x00, 0x00, // ................
	0x4b, 0x05, 0x00, 0x00, 0x48, 0x05, 0x00, 0x00, 0xc2, 0x00, 0x00, 0x00, 0x85, 0x00, 0x05, 0x00, // K...H...........
	0x06, 0x00, 0x00, 0x00, 0x4e, 0x05, 0x00, 0x00, 0x3b, 0x05, 0x00, 0x00, 0x3d, 0x05, 0x00, 0x00, // ....N...;...=...
	0xb4, 0x00, 0x05, 0x00, 0xb8, 0x00, 0x00, 0x00, 0x50, 0x05, 0x00, 0x00, 0x39, 0x05, 0x00, 0x00, // ........P...9...
	0xb7, 0x00, 0x00, 0x00, 0xf7, 0x00, 0x03, 0x00, 0x8d, 0x05, 0x00, 0x00, 0x00, 0x00, 0x00, 0x00, // ................
	0xfa, 0x00, 0x04, 0x00, 0x50, 0x05, 0x00, 0x00, 0x51, 0x05, 0x00, 0x00, 0x5b, 0x05, 0x00, 0x00, // ....P...Q...[...
	0xf8, 0x00, 0x02, 0x00, 0x51, 0x05, 0x00, 0x00, 0xbe, 0x00, 0x05, 0x00, 0xb8, 0x00, 0x00, 0x00, // ....Q...........
	0x54, 0x05, 0x00, 0x00, 0x4b, 0x05, 0x00, 0x00, 0x4e, 0x05, 0x00, 0x00, 0xf7, 0x00, 0x03, 0x00, // T...K...N.......
	0x5a, 0x05, 0x00, 0x00, 0x00, 0x00, 0x00, 0x00, 0xfa, 0x00, 0x04, 0x00, 0x54, 0x05, 0x00, 0x00, // Z...........T...
	0x55, 0x05, 0x00, 0x00, 0x5a, 0x05, 0x00, 0x00, 0xf8, 0x00, 0x02, 0x00, 0x55, 0x05, 0x00, 0x00, // U...Z.......U...
	0x83, 0x00, 0x05, 0x00, 0x06, 0x00, 0x00, 0x00, 0x57, 0x05, 0x00, 0x00, 0x4e, 0x05, 0x00, 0x00, // ........W...N...
	0xc2, 0x00, 0x00, 0x00, 0xf9, 0x00, 0x02, 0x00, 0x5a, 0x05, 0x00, 0x00, 0xf8, 0x00, 0x02, 0x00, // ........Z.......
	0x5a, 0x05, 0x00, 0x00, 0xf5, 0x00, 0x07, 0x00, 0x06, 0x00, 0x00, 0x00, 0xf6, 0x06, 0x00, 0x00, // Z...............
	0x4b, 0x05, 0x00, 0x00, 0x51, 0x05, 0x00, 0x00, 0x57, 0x05, 0x00, 0x00, 0x55, 0x05, 0x00, 0x00, // K...Q...W...U...
	0xf5, 0x00, 0x07, 0x00, 0x06, 0x00, 0x00, 0x00, 0xf0, 0x06, 0x00, 0x00, 0x48, 0x05, 0x00, 0x00, // ............H...
	0x51, 0x05, 0x00, 0x00, 0x57, 0x05, 0x00, 0x00, 0x55, 0x05, 0x00, 0x00, 0xf9, 0x00, 0x02, 0x00, // Q...W...U.......
	0x8d, 0x05, 0x00, 0x00, 0xf8, 0x00, 0x02, 0x00, 0x5b, 0x05, 0x00, 0x00, 0xb4, 0x00, 0x05, 0x00, // ........[.......
	0xb8, 0x00, 0x00, 0x00, 0x5d, 0x05, 0x00, 0x00, 0x39, 0x05, 0x00, 0x00, 0xc2, 0x00, 0x00, 0x00, // ....]...9.......
	0xf7, 0x00, 0x03, 0x00, 0x8c, 0x05, 0x00, 0x00, 0x00, 0x00, 0x00, 0x00, 0xfa, 0x00, 0x04, 0x00, // ................
	0x5d, 0x05, 0x00, 0x00, 0x5e, 0x05, 0x00, 0x00, 0x65, 0x05, 0x00, 0x00, 0xf8, 0x00, 0x02, 0x00, // ]...^...e.......
	0x5e, 0x05, 0x00, 0x00, 0x88, 0x00, 0x05, 0x00, 0x06, 0x00, 0x00, 0x00, 0xbe, 0x05, 0x00, 0x00, // ^...............
	0x48, 0x05, 0x00, 0x00, 0x4e, 0x05, 0x00, 0x00, 0x0c, 0x00, 0x06, 0x00, 0x06, 0x00, 0x00, 0x00, // H...N...........
	0xbf, 0x05, 0x00, 0x00, 0x01, 0x00, 0x00, 0x00, 0x08, 0x00, 0x00, 0x00, 0xbe, 0x05, 0x00, 0x00, // ................
	0x85, 0x00, 0x05, 0x00, 0x06, 0x00, 0x00, 0x00, 0xc0, 0x05, 0x00, 0x00, 0x4e, 0x05, 0x00, 0x00, // ............N...
	0xbf, 0x05, 0x00, 0x00, 0x83, 0x00, 0x05, 0x00, 0x06, 0x00, 0x00, 0x00, 0xc1, 0x05, 0x00, 0x00, // ................
	0x48, 0x05, 0x00, 0x00, 0xc0, 0x05, 0x00, 0x00, 0x88, 0x00, 0x05, 0x00, 0x06, 0x00, 0x00, 0x00, // H...............
	0xc8, 0x05, 0x00, 0x00, 0x4b, 0x05, 0x00, 0x00, 0x4e, 0x05, 0x00, 0x00, 0x0c, 0x00, 0x06, 0x00, // ....K...N.......
	0x06, 0x00, 0x00, 0x00, 0xc9, 0x05, 0x00, 0x00, 0x01, 0x00, 0x00, 0x00, 0x08, 0x00, 0x00, 0x00, // ................
	0xc8, 0x05, 0x00, 0x00, 0x85, 0x00, 0x05, 0x00, 0x06, 0x00, 0x00, 0x00, 0xca, 0x05, 0x00, 0x00, // ................
	0x4e, 0x05, 0x00, 0x00, 0xc9, 0x05, 0x00, 0x00, 0x83, 0x00, 0x05, 0x00, 0x06, 0x00, 0x00, 0x00, // N...............
	0xcb, 0x05, 0x00, 0x00, 0x4b, 0x05, 0x00, 0x00, 0xca, 0x05, 0x00, 0x00, 0xf9, 0x00, 0x02, 0x00, // ....K...........
	0x8c, 0x05, 0x00, 0x00, 0xf8, 0x00, 0x02, 0x00, 0x65, 0x05, 0x00, 0x00, 0xb4, 0x00, 0x05, 0x00, // ........e.......
	0xb8, 0x00, 0x00, 0x00, 0x67, 0x05, 0x00, 0x00, 0x39, 0x05, 0x00, 0x00, 0xe9, 0x00, 0x00, 0x00, // ....g...9.......
	0xf7, 0x00, 0x03, 0x00, 0x8b, 0x05, 0x00, 0x00, 0x00, 0x00, 0x00, 0x00, 0xfa, 0x00, 0x04, 0x00, // ................
	0x67, 0x05, 0x00, 0x00, 0x68, 0x05, 0x00, 0x00, 0x8b, 0x05, 0x00, 0x00, 0xf8, 0x00, 0x02, 0x00, // g...h...........
	0x68, 0x05, 0x00, 0x00, 0x88, 0x00, 0x05, 0x00, 0x06, 0x00, 0x00, 0x00, 0x6b, 0x05, 0x00, 0x00, // h...........k...
	0x48, 0x05, 0x00, 0x00, 0x4e, 0x05, 0x00, 0x00, 0x0c, 0x00, 0x06, 0x00, 0x06, 0x00, 0x00, 0x00, // H...N...........
	0x6c, 0x05, 0x00, 0x00, 0x01, 0x00, 0x00, 0x00, 0x08, 0x00, 0x00, 0x00, 0x6b, 0x05, 0x00, 0x00, // l...........k...
	0x85, 0x00, 0x05, 0x00, 0x06, 0x00, 0x00, 0x00, 0xd2, 0x05, 0x00, 0x00, 0x6c, 0x05, 0x00, 0x00, // ............l...
	0x02, 0x07, 0x00, 0x00, 0x0c, 0x00, 0x06, 0x00, 0x06, 0x00, 0x00, 0x00, 0xd3, 0x05, 0x00, 0x00, // ................
	0x01, 0x00, 0x00, 0x00, 0x08, 0x00, 0x00, 0x00, 0xd2, 0x05, 0x00, 0x00, 0x85, 0x00, 0x05, 0x00, // ................
	0x06, 0x00, 0x00, 0x00, 0xd4, 0x05, 0x00, 0x00, 0xe9, 0x00, 0x00, 0x00, 0xd3, 0x05, 0x00, 0x00, // ................
	0x83, 0x00, 0x05, 0x00, 0x06, 0x00, 0x00, 0x00, 0xd5, 0x05, 0x00, 0x00, 0x6c, 0x05, 0x00, 0x00, // ............l...
	0xd4, 0x05, 0x00, 0x00, 0xb4, 0x00, 0x05, 0x00, 0xb8, 0x00, 0x00, 0x00, 0x6e, 0x05, 0x00, 0x00, // ............n...
	0xd5, 0x05, 0x00, 0x00, 0xc2, 0x00, 0x00, 0x00, 0x85, 0x00, 0x05, 0x00, 0x06, 0x00, 0x00, 0x00, // ................
	0xde, 0x05, 0x00, 0x00, 0x4e, 0x05, 0x00, 0x00, 0x6c, 0x05, 0x00, 0x00, 0x83, 0x00, 0x05, 0x00, // ....N...l.......
	0x06, 0x00, 0x00, 0x00, 0xdf, 0x05, 0x00, 0x00, 0x48, 0x05, 0x00, 0x00, 0xde, 0x05, 0x00, 0x00, // ........H.......
	0xf7, 0x00, 0x03, 0x00, 0x79, 0x05, 0x00, 0x00, 0x00, 0x00, 0x00, 0x00, 0xfa, 0x00, 0x04, 0x00, // ....y...........
	0x6e, 0x05, 0x00, 0x00, 0x73, 0x05, 0x00, 0x00, 0x79, 0x05, 0x00, 0x00, 0xf8, 0x00, 0x02, 0x00, // n...s...y.......
	0x73, 0x05, 0x00, 0x00, 0x83, 0x00, 0x05, 0x00, 0x06, 0x00, 0x00, 0x00, 0x75, 0x05, 0x00, 0x00, // s...........u...
	0x4e, 0x05, 0x00, 0x00, 0xc2, 0x00, 0x00, 0x00, 0x0c, 0x00, 0x06, 0x00, 0x06, 0x00, 0x00, 0x00, // N...............
	0x77, 0x05, 0x00, 0x00, 0x01, 0x00, 0x00, 0x00, 0x08, 0x00, 0x00, 0x00, 0xdf, 0x05, 0x00, 0x00, // w...............
	0x83, 0x00, 0x05, 0x00, 0x06, 0x00, 0x00, 0x00, 0x78, 0x05, 0x00, 0x00, 0x75, 0x05, 0x00, 0x00, // ........x...u...
	0x77, 0x05, 0x00, 0x00, 0xf9, 0x00, 0x02, 0x00, 0x79, 0x05, 0x00, 0x00, 0xf8, 0x00, 0x02, 0x00, // w.......y.......
	0x79, 0x05, 0x00, 0x00, 0xf5, 0x00, 0x07, 0x00, 0x06, 0x00, 0x00, 0x00, 0xf4, 0x06, 0x00, 0x00, // y...............
	0xdf, 0x05, 0x00, 0x00, 0x68, 0x05, 0x00, 0x00, 0x78, 0x05, 0x00, 0x00, 0x73, 0x05, 0x00, 0x00, // ....h...x...s...
	0x88, 0x00, 0x05, 0x00, 0x06, 0x00, 0x00, 0x00, 0x7c, 0x05, 0x00, 0x00, 0x4b, 0x05, 0x00, 0x00, // ........|...K...
	0x4e, 0x05, 0x00, 0x00, 0x0c, 0x00, 0x06, 0x00, 0x06, 0x00, 0x00, 0x00, 0x7d, 0x05, 0x00, 0x00, // N...........}...
	0x01, 0x00, 0x00, 0x00, 0x08, 0x00, 0x00, 0x00, 0x7c, 0x05, 0x00, 0x00, 0x85, 0x00, 0x05, 0x00, // ........|.......
	0x06, 0x00, 0x00, 0x00, 0xe6, 0x05, 0x00, 0x00, 0x7d, 0x05, 0x00, 0x00, 0x02, 0x07, 0x00, 0x00, // ........}.......
	0x0c, 0x00, 0x06, 0x00, 0x06, 0x00, 0x00, 0x00, 0xe7, 0x05, 0x00, 0x00, 0x01, 0x00, 0x00, 0x00, // ................
	0x08, 0x00, 0x00, 0x00, 0xe6, 0x05, 0x00, 0x00, 0x85, 0x00, 0x05, 0x00, 0x06, 0x00, 0x00, 0x00, // ................
	0xe8, 0x05, 0x00, 0x00, 0xe9, 0x00, 0x00, 0x00, 0xe7, 0x05, 0x00, 0x00, 0x83, 0x00, 0x05, 0x00, // ................
	0x06, 0x00, 0x00, 0x00, 0xe9, 0x05, 0x00, 0x00, 0x7d, 0x05, 0x00, 0x00, 0xe8, 0x05, 0x00, 0x00, // ........}.......
	0xb4, 0x00, 0x05, 0x00, 0xb8, 0x00, 0x00, 0x00, 0x7f, 0x05, 0x00, 0x00, 0xe9, 0x05, 0x00, 0x00, // ................
	0xc2, 0x00, 0x00, 0x00, 0x85, 0x00, 0x05, 0x00, 0x06, 0x00, 0x00, 0x00, 0xf2, 0x05, 0x00, 0x00, // ................
	0x4e, 0x05, 0x00, 0x00, 0x7d, 0x05, 0x00, 0x00, 0x83, 0x00, 0x05, 0x00, 0x06, 0x00, 0x00, 0x00, // N...}...........
	0xf3, 0x05, 0x00, 0x00, 0x4b, 0x05, 0x00, 0x00, 0xf2, 0x05, 0x00, 0x00, 0xf7, 0x00, 0x03, 0x00, // ....K...........
	0x8a, 0x05, 0x00, 0x00, 0x00, 0x00, 0x00, 0x00, 0xfa, 0x00, 0x04, 0x00, 0x7f, 0x05, 0x00, 0x00, // ................
	0x84, 0x05, 0x00, 0x00, 0x8a, 0x05, 0x00, 0x00, 0xf8, 0x00, 0x02, 0x00, 0x84, 0x05, 0x00, 0x00, // ................
	0x83, 0x00, 0x05, 0x00, 0x06, 0x00, 0x00, 0x00, 0x86, 0x05, 0x00, 0x00, 0x4e, 0x05, 0x00, 0x00, // ............N...
	0xc2, 0x00, 0x00, 0x00, 0x0c, 0x00, 0x06, 0x00, 0x06, 0x00, 0x00, 0x00, 0x88, 0x05, 0x00, 0x00, // ................
	0x01, 0x00, 0x00, 0x00, 0x08, 0x00, 0x00, 0x00, 0xf3, 0x05, 0x00, 0x00, 0x83, 0x00, 0x05, 0x00, // ................
	0x06, 0x00, 0x00, 0x00, 0x89, 0x05, 0x00, 0x00, 0x86, 0x05, 0x00, 0x00, 0x88, 0x05, 0x00, 0x00, // ................
	0xf9, 0x00, 0x02, 0x00, 0x8a, 0x05, 0x00, 0x00, 0xf8, 0x00, 0x02, 0x00, 0x8a, 0x05, 0x00, 0x00, // ................
	0xf5, 0x00, 0x07, 0x00, 0x06, 0x00, 0x00, 0x00, 0xf9, 0x06, 0x00, 0x00, 0xf3, 0x05, 0x00, 0x00, // ................
	0x79, 0x05, 0x00, 0x00, 0x89, 0x05, 0x00, 0x00, 0x84, 0x05, 0x00, 0x00, 0xf9, 0x00, 0x02, 0x00, // y...............
	0x8b, 0x05, 0x00, 0x00, 0xf8, 0x00, 0x02, 0x00, 0x8b, 0x05, 0x00, 0x00, 0xf5, 0x00, 0x07, 0x00, // ................
	0x06, 0x00, 0x00, 0x00, 0xf8, 0x06, 0x00, 0x00, 0x4b, 0x05, 0x00, 0x00, 0x65, 0x05, 0x00, 0x00, // ........K...e...
	0xf9, 0x06, 0x00, 0x00, 0x8a, 0x05, 0x00, 0x00, 0xf5, 0x00, 0x07, 0x00, 0x06, 0x00, 0x00, 0x00, // ................
	0xf2, 0x06, 0x00, 0x00, 0x48, 0x05, 0x00, 0x00, 0x65, 0x05, 0x00, 0x00, 0xf4, 0x06, 0x00, 0x00, // ....H...e.......
	0x8a, 0x05, 0x00, 0x00, 0xf9, 0x00, 0x02, 0x00, 0x8c, 0x05, 0x00, 0x00, 0xf8, 0x00, 0x02, 0x00, // ................
	0x8c, 0x05, 0x00, 0x00, 0xf5, 0x00, 0x07, 0x00, 0x06, 0x00, 0x00, 0x00, 0xf7, 0x06, 0x00, 0x00, // ................
	0xcb, 0x05, 0x00, 0x00, 0x5e, 0x05, 0x00, 0x00, 0xf8, 0x06, 0x00, 0x00, 0x8b, 0x05, 0x00, 0x00, // ....^...........
	0xf5, 0x00, 0x07, 0x00, 0x06, 0x00, 0x00, 0x00, 0xf1, 0x06, 0x00, 0x00, 0xc1, 0x05, 0x00, 0x00, // ................
	0x5e, 0x05, 0x00, 0x00, 0xf2, 0x06, 0x00, 0x00, 0x8b, 0x05, 0x00, 0x00, 0xf9, 0x00, 0x02, 0x00, // ^...............
	0x8d, 0x05, 0x00, 0x00, 0xf8, 0x00, 0x02, 0x00, 0x8d, 0x05, 0x00, 0x00, 0xf5, 0x00, 0x07, 0x00, // ................
	0x06, 0x00, 0x00, 0x00, 0xf5, 0x06, 0x00, 0x00, 0xf6, 0x06, 0x00, 0x00, 0x5a, 0x05, 0x00, 0x00, // ............Z...
	0xf7, 0x06, 0x00, 0x00, 0x8c, 0x05, 0x00, 0x00, 0xf5, 0x00, 0x07, 0x00, 0x06, 0x00, 0x00, 0x00, // ................
	0xef, 0x06, 0x00, 0x00, 0xf0, 0x06, 0x00, 0x00, 0x5a, 0x05, 0x00, 0x00, 0xf1, 0x06, 0x00, 0x00, // ........Z.......
	0x8c, 0x05, 0x00, 0x00, 0x51, 0x00, 0x05, 0x00, 0x06, 0x00, 0x00, 0x00, 0x90, 0x05, 0x00, 0x00, // ....Q...........
	0xbb, 0x04, 0x00, 0x00, 0x00, 0x00, 0x00, 0x00, 0x51, 0x00, 0x05, 0x00, 0x06, 0x00, 0x00, 0x00, // ........Q.......
	0x92, 0x05, 0x00, 0x00, 0xbb, 0x04, 0x00, 0x00, 0x01, 0x00, 0x00, 0x00, 0x85, 0x00, 0x05, 0x00, // ................
	0x06, 0x00, 0x00, 0x00, 0x95, 0x05, 0x00, 0x00, 0x92, 0x05, 0x00, 0x00, 0x0e, 0x04, 0x00, 0x00, // ................
	0x81, 0x00, 0x05, 0x00, 0x06, 0x00, 0x00, 0x00, 0x96, 0x05, 0x00, 0x00, 0x90, 0x05, 0x00, 0x00, // ................
	0x95, 0x05, 0x00, 0x00, 0x52, 0x00, 0x06, 0x00, 0x0d, 0x00, 0x00, 0x00, 0x47, 0x07, 0x00, 0x00, // ....R.......G...
	0x96, 0x05, 0x00, 0x00, 0x2a, 0x04, 0x00, 0x00, 0x01, 0x00, 0x00, 0x00, 0x6e, 0x00, 0x04, 0x00, // ....*.......n...
	0x69, 0x00, 0x00, 0x00, 0xfb, 0x05, 0x00, 0x00, 0xef, 0x06, 0x00, 0x00, 0x6f, 0x00, 0x04, 0x00, // i...........o...
	0x06, 0x00, 0x00, 0x00, 0xfc, 0x05, 0x00, 0x00, 0xfb, 0x05, 0x00, 0x00, 0x6e, 0x00, 0x04, 0x00, // ............n...
	0x69, 0x00, 0x00, 0x00, 0xfe, 0x05, 0x00, 0x00, 0x3b, 0x05, 0x00, 0x00, 0x6f, 0x00, 0x04, 0x00, // i.......;...o...
	0x06, 0x00, 0x00, 0x00, 0xff, 0x05, 0x00, 0x00, 0xfe, 0x05, 0x00, 0x00, 0x88, 0x00, 0x05, 0x00, // ................
	0x06, 0x00, 0x00, 0x00, 0x17, 0x06, 0x00, 0x00, 0xfc, 0x05, 0x00, 0x00, 0xff, 0x05, 0x00, 0x00, // ................
	0x0c, 0x00, 0x06, 0x00, 0x06, 0x00, 0x00, 0x00, 0x18, 0x06, 0x00, 0x00, 0x01, 0x00, 0x00, 0x00, // ................
	0x08, 0x00, 0x00, 0x00, 0x17, 0x06, 0x00, 0x00, 0x85, 0x00, 0x05, 0x00, 0x06, 0x00, 0x00, 0x00, // ................
	0x19, 0x06, 0x00, 0x00, 0xff, 0x05, 0x00, 0x00, 0x18, 0x06, 0x00, 0x00, 0x83, 0x00, 0x05, 0x00, // ................
	0x06, 0x00, 0x00, 0x00, 0x1a, 0x06, 0x00, 0x00, 0xfc, 0x05, 0x00, 0x00, 0x19, 0x06, 0x00, 0x00, // ................
	0x87, 0x00, 0x05, 0x00, 0x69, 0x00, 0x00, 0x00, 0x06, 0x06, 0x00, 0x00, 0xfb, 0x05, 0x00, 0x00, // ....i...........
	0xfe, 0x05, 0x00, 0x00, 0x6f, 0x00, 0x04, 0x00, 0x06, 0x00, 0x00, 0x00, 0x07, 0x06, 0x00, 0x00, // ....o...........
	0x06, 0x06, 0x00, 0x00, 0x50, 0x00, 0x05, 0x00, 0x0d, 0x00, 0x00, 0x00, 0x9b, 0x07, 0x00, 0x00, // ....P...........
	0x1a, 0x06, 0x00, 0x00, 0x07, 0x06, 0x00, 0x00, 0x85, 0x00, 0x05, 0x00, 0x0d, 0x00, 0x00, 0x00, // ................
	0x0b, 0x06, 0x00, 0x00, 0x9b, 0x07, 0x00, 0x00, 0x3f, 0x05, 0x00, 0x00, 0x81, 0x00, 0x05, 0x00, // ........?.......
	0x0d, 0x00, 0x00, 0x00, 0x0d, 0x06, 0x00, 0x00, 0x0b, 0x06, 0x00, 0x00, 0x41, 0x05, 0x00, 0x00, // ............A...
	0x83, 0x00, 0x05, 0x00, 0x0d, 0x00, 0x00, 0x00, 0x10, 0x06, 0x00, 0x00, 0x47, 0x07, 0x00, 0x00, // ............G...
	0x0d, 0x06, 0x00, 0x00, 0x6e, 0x00, 0x04, 0x00, 0x69, 0x00, 0x00, 0x00, 0x21, 0x06, 0x00, 0x00, // ....n...i...!...
	0xf5, 0x06, 0x00, 0x00, 0x6f, 0x00, 0x04, 0x00, 0x06, 0x00, 0x00, 0x00, 0x22, 0x06, 0x00, 0x00, // ....o......."...
	0x21, 0x06, 0x00, 0x00, 0x88, 0x00, 0x05, 0x00, 0x06, 0x00, 0x00, 0x00, 0x3c, 0x06, 0x00, 0x00, // !...........<...
	0x22, 0x06, 0x00, 0x00, 0xff, 0x05, 0x00, 0x00, 0x0c, 0x00, 0x06, 0x00, 0x06, 0x00, 0x00, 0x00, // "...............
	0x3d, 0x06, 0x00, 0x00, 0x01, 0x00, 0x00, 0x00, 0x08, 0x00, 0x00, 0x00, 0x3c, 0x06, 0x00, 0x00, // =...........<...
	0x85, 0x00, 0x05, 0x00, 0x06, 0x00, 0x00, 0x00, 0x3e, 0x06, 0x00, 0x00, 0xff, 0x05, 0x00, 0x00, // ........>.......
	0x3d, 0x06, 0x00, 0x00, 0x83, 0x00, 0x05, 0x00, 0x06, 0x00, 0x00, 0x00, 0x3f, 0x06, 0x00, 0x00, // =...........?...
	0x22, 0x06, 0x00, 0x00, 0x3e, 0x06, 0x00, 0x00, 0x87, 0x00, 0x05, 0x00, 0x69, 0x00, 0x00, 0x00, // "...>.......i...
	0x2c, 0x06, 0x00, 0x00, 0x21, 0x06, 0x00, 0x00, 0xfe, 0x05, 0x00, 0x00, 0x6f, 0x00, 0x04, 0x00, // ,...!.......o...
	0x06, 0x00, 0x00, 0x00, 0x2d, 0x06, 0x00, 0x00, 0x2c, 0x06, 0x00, 0x00, 0x50, 0x00, 0x05, 0x00, // ....-...,...P...
	0x0d, 0x00, 0x00, 0x00, 0x9c, 0x07, 0x00, 0x00, 0x3f, 0x06, 0x00, 0x00, 0x2d, 0x06, 0x00, 0x00, // ........?...-...
	0x85, 0x00, 0x05, 0x00, 0x0d, 0x00, 0x00, 0x00, 0x32, 0x06, 0x00, 0x00, 0x9c, 0x07, 0x00, 0x00, // ........2.......
	0x3f, 0x05, 0x00, 0x00, 0x81, 0x00, 0x05, 0x00, 0x0d, 0x00, 0x00, 0x00, 0x33, 0x06, 0x00, 0x00, // ?...........3...
	0x10, 0x06, 0x00, 0x00, 0x32, 0x06, 0x00, 0x00, 0x81, 0x00, 0x05, 0x00, 0x0d, 0x00, 0x00, 0x00, // ....2...........
	0x35, 0x06, 0x00, 0x00, 0x33, 0x06, 0x00, 0x00, 0x41, 0x05, 0x00, 0x00, 0x51, 0x00, 0x05, 0x00, // 5...3...A...Q...
	0x06, 0x00, 0x00, 0x00, 0xb3, 0x05, 0x00, 0x00, 0x35, 0x06, 0x00, 0x00, 0x01, 0x00, 0x00, 0x00, // ........5.......
	0x85, 0x00, 0x05, 0x00, 0x06, 0x00, 0x00, 0x00, 0xb4, 0x05, 0x00, 0x00, 0x92, 0x05, 0x00, 0x00, // ................
	0xb3, 0x05, 0x00, 0x00, 0x81, 0x00, 0x05, 0x00, 0x06, 0x00, 0x00, 0x00, 0xb5, 0x05, 0x00, 0x00, // ................
	0x90, 0x05, 0x00, 0x00, 0xb4, 0x05, 0x00, 0x00, 0x52, 0x00, 0x06, 0x00, 0x0d, 0x00, 0x00, 0x00, // ........R.......
	0x54, 0x07, 0x00, 0x00, 0xb5, 0x05, 0x00, 0x00, 0x35, 0x06, 0x00, 0x00, 0x01, 0x00, 0x00, 0x00, // T.......5.......
	0xf9, 0x00, 0x02, 0x00, 0xb7, 0x05, 0x00, 0x00, 0xf8, 0x00, 0x02, 0x00, 0xb7, 0x05, 0x00, 0x00, // ................
	0xf5, 0x00, 0x07, 0x00, 0x0d, 0x00, 0x00, 0x00, 0x7b, 0x07, 0x00, 0x00, 0x01, 0x07, 0x00, 0x00, // ........{.......
	0x05, 0x00, 0x00, 0x00, 0x54, 0x07, 0x00, 0x00, 0x8d, 0x05, 0x00, 0x00, 0xf5, 0x00, 0x07, 0x00, // ....T...........
	0x06, 0x00, 0x00, 0x00, 0xfa, 0x06, 0x00, 0x00, 0xb7, 0x00, 0x00, 0x00, 0x05, 0x00, 0x00, 0x00, // ................
	0x46, 0x05, 0x00, 0x00, 0x8d, 0x05, 0x00, 0x00, 0x51, 0x00, 0x05, 0x00, 0x06, 0x00, 0x00, 0x00, // F.......Q.......
	0xcb, 0x04, 0x00, 0x00, 0x7b, 0x07, 0x00, 0x00, 0x00, 0x00, 0x00, 0x00, 0x51, 0x00, 0x05, 0x00, // ....{.......Q...
	0x06, 0x00, 0x00, 0x00, 0xce, 0x04, 0x00, 0x00, 0x7b, 0x07, 0x00, 0x00, 0x01, 0x00, 0x00, 0x00, // ........{.......
	0x50, 0x00, 0x07, 0x00, 0x26, 0x00, 0x00, 0x00, 0x9d, 0x07, 0x00, 0x00, 0x82, 0x04, 0x00, 0x00, // P...&...........
	0x8b, 0x04, 0x00, 0x00, 0xcb, 0x04, 0x00, 0x00, 0xce, 0x04, 0x00, 0x00, 0x50, 0x00, 0x07, 0x00, // ............P...
	0x26, 0x00, 0x00, 0x00, 0x9e, 0x07, 0x00, 0x00, 0xfc, 0x03, 0x00, 0x00, 0x0e, 0x04, 0x00, 0x00, // &...............
	0xfa, 0x06, 0x00, 0x00, 0xe3, 0x03, 0x00, 0x00, 0x85, 0x00, 0x05, 0x00, 0x06, 0x00, 0x00, 0x00, // ................
	0xda, 0x04, 0x00, 0x00, 0x0a, 0x04, 0x00, 0x00, 0x67, 0x04, 0x00, 0x00, 0x81, 0x00, 0x05, 0x00, // ........g.......
	0x06, 0x00, 0x00, 0x00, 0xdb, 0x04, 0x00, 0x00, 0x08, 0x04, 0x00, 0x00, 0xda, 0x04, 0x00, 0x00, // ................
	0x52, 0x00, 0x06, 0x00, 0x26, 0x00, 0x00, 0x00, 0x61, 0x07, 0x00, 0x00, 0xdb, 0x04, 0x00, 0x00, // R...&...a.......
	0x99, 0x07, 0x00, 0x00, 0x01, 0x00, 0x00, 0x00, 0x85, 0x00, 0x05, 0x00, 0x06, 0x00, 0x00, 0x00, // ................
	0xe3, 0x04, 0x00, 0x00, 0x0a, 0x04, 0x00, 0x00, 0x79, 0x04, 0x00, 0x00, 0x81, 0x00, 0x05, 0x00, // ........y.......
	0x06, 0x00, 0x00, 0x00, 0xe4, 0x04, 0x00, 0x00, 0x08, 0x04, 0x00, 0x00, 0xe3, 0x04, 0x00, 0x00, // ................
	0x52, 0x00, 0x06, 0x00, 0x26, 0x00, 0x00, 0x00, 0x64, 0x07, 0x00, 0x00, 0xe4, 0x04, 0x00, 0x00, // R...&...d.......
	0x61, 0x07, 0x00, 0x00, 0x03, 0x00, 0x00, 0x00, 0x85, 0x00, 0x05, 0x00, 0x06, 0x00, 0x00, 0x00, // a...............
	0xec, 0x04, 0x00, 0x00, 0x0a, 0x04, 0x00, 0x00, 0x8b, 0x04, 0x00, 0x00, 0x81, 0x00, 0x05, 0x00, // ................
	0x06, 0x00, 0x00, 0x00, 0xed, 0x04, 0x00, 0x00, 0x08, 0x04, 0x00, 0x00, 0xec, 0x04, 0x00, 0x00, // ................
	0x52, 0x00, 0x06, 0x00, 0x26, 0x00, 0x00, 0x00, 0x67, 0x07, 0x00, 0x00, 0xed, 0x04, 0x00, 0x00, // R...&...g.......
	0x9d, 0x07, 0x00, 0x00, 0x01, 0x00, 0x00, 0x00, 0x85, 0x00, 0x05, 0x00, 0x06, 0x00, 0x00, 0x00, // ................
	0xf5, 0x04, 0x00, 0x00, 0x0a, 0x04, 0x00, 0x00, 0x9d, 0x04, 0x00, 0x00, 0x81, 0x00, 0x05, 0x00, // ................
	0x06, 0x00, 0x00, 0x00, 0xf6, 0x04, 0x00, 0x00, 0x08, 0x04, 0x00, 0x00, 0xf5, 0x04, 0x00, 0x00, // ................
	0x52, 0x00, 0x06, 0x00, 0x26, 0x00, 0x00, 0x00, 0x6a, 0x07, 0x00, 0x00, 0xf6, 0x04, 0x00, 0x00, // R...&...j.......
	0x9a, 0x07, 0x00, 0x00, 0x01, 0x00, 0x00, 0x00, 0x85, 0x00, 0x05, 0x00, 0x06, 0x00, 0x00, 0x00, // ................
	0xfe, 0x04, 0x00, 0x00, 0x0a, 0x04, 0x00, 0x00, 0xaf, 0x04, 0x00, 0x00, 0x81, 0x00, 0x05, 0x00, // ................
	0x06, 0x00, 0x00, 0x00, 0xff, 0x04, 0x00, 0x00, 0x08, 0x04, 0x00, 0x00, 0xfe, 0x04, 0x00, 0x00, // ................
	0x52, 0x00, 0x06, 0x00, 0x26, 0x00, 0x00, 0x00, 0x6d, 0x07, 0x00, 0x00, 0xff, 0x04, 0x00, 0x00, // R...&...m.......
	0x6a, 0x07, 0x00, 0x00, 0x03, 0x00, 0x00, 0x00, 0x3e, 0x00, 0x03, 0x00, 0x3d, 0x03, 0x00, 0x00, // j.......>...=...
	0xf1, 0x03, 0x00, 0x00, 0x3e, 0x00, 0x03, 0x00, 0x40, 0x03, 0x00, 0x00, 0x64, 0x07, 0x00, 0x00, // ....>...@...d...
	0x3e, 0x00, 0x03, 0x00, 0x43, 0x03, 0x00, 0x00, 0x6d, 0x07, 0x00, 0x00, 0x3e, 0x00, 0x03, 0x00, // >...C...m...>...
	0x46, 0x03, 0x00, 0x00, 0x67, 0x07, 0x00, 0x00, 0x3e, 0x00, 0x03, 0x00, 0x49, 0x03, 0x00, 0x00, // F...g...>...I...
	0xdd, 0x03, 0x00, 0x00, 0x3e, 0x00, 0x03, 0x00, 0x4c, 0x03, 0x00, 0x00, 0xf1, 0x03, 0x00, 0x00, // ....>...L.......
	0x3e, 0x00, 0x03, 0x00, 0x4f, 0x03, 0x00, 0x00, 0x9e, 0x07, 0x00, 0x00, 0x3e, 0x00, 0x03, 0x00, // >...O.......>...
	0x53, 0x03, 0x00, 0x00, 0x22, 0x04, 0x00, 0x00, 0xfd, 0x00, 0x01, 0x00, 0x38, 0x00, 0x01, 0x00, // S...".......8...
	0x00, 0x07, 0x04, 0x00, 0x05, 0x00, 0x02, 0x00, 0x01, 0x00, 0x03, 0x00, 0x10, 0x00, 0xff, 0xff, // ................
	0xf0, 0x20,                                                                                     // . 
};
static const uint8_t ad_model_unlit_vs_mtl[7939] =
{
	0x56, 0x53, 0x48, 0x0c, 0x00, 0x00, 0x00, 0x00, 0xf6, 0x96, 0xa7, 0xb8, 0x00, 0x00, 0x00, 0x00, // VSH.............
	0x00, 0x00, 0x00, 0x00, 0x0e, 0x00, 0x14, 0x75, 0x5f, 0x66, 0x6c, 0x69, 0x70, 0x62, 0x6f, 0x6f, // .......u_flipboo
	0x6b, 0x50, 0x61, 0x72, 0x61, 0x6d, 0x65, 0x74, 0x65, 0x72, 0x31, 0x02, 0x01, 0x40, 0x19, 0x01, // kParameter1..@..
	0x00, 0x00, 0x00, 0x00, 0x00, 0x14, 0x75, 0x5f, 0x66, 0x6c, 0x69, 0x70, 0x62, 0x6f, 0x6f, 0x6b, // ......u_flipbook
	0x50, 0x61, 0x72, 0x61, 0x6d, 0x65, 0x74, 0x65, 0x72, 0x32, 0x02, 0x01, 0x50, 0x19, 0x01, 0x00, // Parameter2..P...
	0x00, 0x00, 0x00, 0x00, 0x0d, 0x75, 0x5f, 0x6d, 0x55, 0x56, 0x49, 0x6e, 0x76, 0x65, 0x72, 0x73, // .....u_mUVInvers
	0x65, 0x64, 0x02, 0x01, 0xe0, 0x20, 0x01, 0x00, 0x00, 0x00, 0x00, 0x00, 0x0d, 0x75, 0x5f, 0x6d, // ed... .......u_m
	0x4d, 0x6f, 0x64, 0x65, 0x6c, 0x5f, 0x49, 0x6e, 0x73, 0x74, 0x04, 0x28, 0x40, 0x00, 0xa0, 0x00, // Model_Inst.(@...
	0x00, 0x00, 0x00, 0x00, 0x05, 0x75, 0x5f, 0x66, 0x55, 0x56, 0x02, 0x28, 0x40, 0x0a, 0x28, 0x00, // .....u_fUV.(@.(.
	0x00, 0x00, 0x00, 0x00, 0x0a, 0x75, 0x5f, 0x66, 0x41, 0x6c, 0x70, 0x68, 0x61, 0x55, 0x56, 0x02, // .....u_fAlphaUV.
	0x28, 0xc0, 0x0c, 0x28, 0x00, 0x00, 0x00, 0x00, 0x00, 0x11, 0x75, 0x5f, 0x66, 0x55, 0x56, 0x44, // (..(......u_fUVD
	0x69, 0x73, 0x74, 0x6f, 0x72, 0x74, 0x69, 0x6f, 0x6e, 0x55, 0x56, 0x02, 0x28, 0x40, 0x0f, 0x28, // istortionUV.(@.(
	0x00, 0x00, 0x00, 0x00, 0x00, 0x0a, 0x75, 0x5f, 0x66, 0x42, 0x6c, 0x65, 0x6e, 0x64, 0x55, 0x56, // ......u_fBlendUV
	0x02, 0x28, 0xc0, 0x11, 0x28, 0x00, 0x00, 0x00, 0x00, 0x00, 0x0f, 0x75, 0x5f, 0x66, 0x42, 0x6c, // .(..(......u_fBl
	0x65, 0x6e, 0x64, 0x41, 0x6c, 0x70, 0x68, 0x61, 0x55, 0x56, 0x02, 0x28, 0x40, 0x14, 0x28, 0x00, // endAlphaUV.(@.(.
	0x00, 0x00, 0x00, 0x00, 0x16, 0x75, 0x5f, 0x66, 0x42, 0x6c, 0x65, 0x6e, 0x64, 0x55, 0x56, 0x44, // .....u_fBlendUVD
	0x69, 0x73, 0x74, 0x6f, 0x72, 0x74, 0x69, 0x6f, 0x6e, 0x55, 0x56, 0x02, 0x28, 0xc0, 0x16, 0x28, // istortionUV.(..(
	0x00, 0x00, 0x00, 0x00, 0x00, 0x0d, 0x75, 0x5f, 0x66, 0x4d, 0x6f, 0x64, 0x65, 0x6c, 0x43, 0x6f, // ......u_fModelCo
	0x6c, 0x6f, 0x72, 0x02, 0x28, 0x60, 0x1e, 0x28, 0x00, 0x00, 0x00, 0x00, 0x00, 0x1b, 0x75, 0x5f, // lor.(`.(......u_
	0x66, 0x46, 0x6c, 0x69, 0x70, 0x62, 0x6f, 0x6f, 0x6b, 0x49, 0x6e, 0x64, 0x65, 0x78, 0x41, 0x6e, // fFlipbookIndexAn
	0x64, 0x4e, 0x65, 0x78, 0x74, 0x52, 0x61, 0x74, 0x65, 0x02, 0x28, 0x60, 0x19, 0x28, 0x00, 0x00, // dNextRate.(`.(..
	0x00, 0x00, 0x00, 0x16, 0x75, 0x5f, 0x66, 0x4d, 0x6f, 0x64, 0x65, 0x6c, 0x41, 0x6c, 0x70, 0x68, // ....u_fModelAlph
	0x61, 0x54, 0x68, 0x72, 0x65, 0x73, 0x68, 0x6f, 0x6c, 0x64, 0x02, 0x28, 0xe0, 0x1b, 0x28, 0x00, // aThreshold.(..(.
	0x00, 0x00, 0x00, 0x00, 0x0d, 0x75, 0x5f, 0x6d, 0x43, 0x61, 0x6d, 0x65, 0x72, 0x61, 0x50, 0x72, // .....u_mCameraPr
	0x6f, 0x6a, 0x04, 0x01, 0x00, 0x00, 0x04, 0x00, 0x00, 0x00, 0x00, 0x00, 0x61, 0x1d, 0x00, 0x00, // oj..........a...
	0x23, 0x69, 0x6e, 0x63, 0x6c, 0x75, 0x64, 0x65, 0x20, 0x3c, 0x6d, 0x65, 0x74, 0x61, 0x6c, 0x5f, // #include <metal_
	0x73, 0x74, 0x64, 0x6c, 0x69, 0x62, 0x3e, 0x0a, 0x23, 0x69, 0x6e, 0x63, 0x6c, 0x75, 0x64, 0x65, // stdlib>.#include
	0x20, 0x3c, 0x73, 0x69, 0x6d, 0x64, 0x2f, 0x73, 0x69, 0x6d, 0x64, 0x2e, 0x68, 0x3e, 0x0a, 0x0a, //  <simd/simd.h>..
	0x75, 0x73, 0x69, 0x6e, 0x67, 0x20, 0x6e, 0x61, 0x6d, 0x65, 0x73, 0x70, 0x61, 0x63, 0x65, 0x20, // using namespace 
	0x6d, 0x65, 0x74, 0x61, 0x6c, 0x3b, 0x0a, 0x0a, 0x73, 0x74, 0x72, 0x75, 0x63, 0x74, 0x20, 0x5f, // metal;..struct _
	0x47, 0x6c, 0x6f, 0x62, 0x61, 0x6c, 0x0a, 0x7b, 0x0a, 0x20, 0x20, 0x20, 0x20, 0x66, 0x6c, 0x6f, // Global.{.    flo
	0x61, 0x74, 0x34, 0x78, 0x34, 0x20, 0x75, 0x5f, 0x6d, 0x43, 0x61, 0x6d, 0x65, 0x72, 0x61, 0x50, // at4x4 u_mCameraP
	0x72, 0x6f, 0x6a, 0x3b, 0x0a, 0x20, 0x20, 0x20, 0x20, 0x66, 0x6c, 0x6f, 0x61, 0x74, 0x34, 0x78, // roj;.    float4x
	0x34, 0x20, 0x75, 0x5f, 0x6d, 0x4d, 0x6f, 0x64, 0x65, 0x6c, 0x5f, 0x49, 0x6e, 0x73, 0x74, 0x5b, // 4 u_mModel_Inst[
	0x34, 0x30, 0x5d, 0x3b, 0x0a, 0x20, 0x20, 0x20, 0x20, 0x66, 0x6c, 0x6f, 0x61, 0x74, 0x34, 0x20, // 40];.    float4 
	0x75, 0x5f, 0x66, 0x55, 0x56, 0x5b, 0x34, 0x30, 0x5d, 0x3b, 0x0a, 0x20, 0x20, 0x20, 0x20, 0x66, // u_fUV[40];.    f
	0x6c, 0x6f, 0x61, 0x74, 0x34, 0x20, 0x75, 0x5f, 0x66, 0x41, 0x6c, 0x70, 0x68, 0x61, 0x55, 0x56, // loat4 u_fAlphaUV
	0x5b, 0x34, 0x30, 0x5d, 0x3b, 0x0a, 0x20, 0x20, 0x20, 0x20, 0x66, 0x6c, 0x6f, 0x61, 0x74, 0x34, // [40];.    float4
	0x20, 0x75, 0x5f, 0x66, 0x55, 0x56, 0x44, 0x69, 0x73, 0x74, 0x6f, 0x72, 0x74, 0x69, 0x6f, 0x6e, //  u_fUVDistortion
	0x55, 0x56, 0x5b, 0x34, 0x30, 0x5d, 0x3b, 0x0a, 0x20, 0x20, 0x20, 0x20, 0x66, 0x6c, 0x6f, 0x61, // UV[40];.    floa
	0x74, 0x34, 0x20, 0x75, 0x5f, 0x66, 0x42, 0x6c, 0x65, 0x6e, 0x64, 0x55, 0x56, 0x5b, 0x34, 0x30, // t4 u_fBlendUV[40
	0x5d, 0x3b, 0x0a, 0x20, 0x20, 0x20, 0x20, 0x66, 0x6c, 0x6f, 0x61, 0x74, 0x34, 0x20, 0x75, 0x5f, // ];.    float4 u_
	0x66, 0x42, 0x6c, 0x65, 0x6e, 0x64, 0x41, 0x6c, 0x70, 0x68, 0x61, 0x55, 0x56, 0x5b, 0x34, 0x30, // fBlendAlphaUV[40
	0x5d, 0x3b, 0x0a, 0x20, 0x20, 0x20, 0x20, 0x66, 0x6c, 0x6f, 0x61, 0x74, 0x34, 0x20, 0x75, 0x5f, // ];.    float4 u_
	0x66, 0x42, 0x6c, 0x65, 0x6e, 0x64, 0x55, 0x56, 0x44, 0x69, 0x73, 0x74, 0x6f, 0x72, 0x74, 0x69, // fBlendUVDistorti
	0x6f, 0x6e, 0x55, 0x56, 0x5b, 0x34, 0x30, 0x5d, 0x3b, 0x0a, 0x20, 0x20, 0x20, 0x20, 0x66, 0x6c, // onUV[40];.    fl
	0x6f, 0x61, 0x74, 0x34, 0x20, 0x75, 0x5f, 0x66, 0x6c, 0x69, 0x70, 0x62, 0x6f, 0x6f, 0x6b, 0x50, // oat4 u_flipbookP
	0x61, 0x72, 0x61, 0x6d, 0x65, 0x74, 0x65, 0x72, 0x31, 0x3b, 0x0a, 0x20, 0x20, 0x20, 0x20, 0x66, // arameter1;.    f
	0x6c, 0x6f, 0x61, 0x74, 0x34, 0x20, 0x75, 0x5f, 0x66, 0x6c, 0x69, 0x70, 0x62, 0x6f, 0x6f, 0x6b, // loat4 u_flipbook
	0x50, 0x61, 0x72, 0x61, 0x6d, 0x65, 0x74, 0x65, 0x72, 0x32, 0x3b, 0x0a, 0x20, 0x20, 0x20, 0x20, // Parameter2;.    
	0x66, 0x6c, 0x6f, 0x61, 0x74, 0x34, 0x20, 0x75, 0x5f, 0x66, 0x46, 0x6c, 0x69, 0x70, 0x62, 0x6f, // float4 u_fFlipbo
	0x6f, 0x6b, 0x49, 0x6e, 0x64, 0x65, 0x78, 0x41, 0x6e, 0x64, 0x4e, 0x65, 0x78, 0x74, 0x52, 0x61, // okIndexAndNextRa
	0x74, 0x65, 0x5b, 0x34, 0x30, 0x5d, 0x3b, 0x0a, 0x20, 0x20, 0x20, 0x20, 0x66, 0x6c, 0x6f, 0x61, // te[40];.    floa
	0x74, 0x34, 0x20, 0x75, 0x5f, 0x66, 0x4d, 0x6f, 0x64, 0x65, 0x6c, 0x41, 0x6c, 0x70, 0x68, 0x61, // t4 u_fModelAlpha
	0x54, 0x68, 0x72, 0x65, 0x73, 0x68, 0x6f, 0x6c, 0x64, 0x5b, 0x34, 0x30, 0x5d, 0x3b, 0x0a, 0x20, // Threshold[40];. 
	0x20, 0x20, 0x20, 0x66, 0x6c, 0x6f, 0x61, 0x74, 0x34, 0x20, 0x75, 0x5f, 0x66, 0x4d, 0x6f, 0x64, //    float4 u_fMod
	0x65, 0x6c, 0x43, 0x6f, 0x6c, 0x6f, 0x72, 0x5b, 0x34, 0x30, 0x5d, 0x3b, 0x0a, 0x20, 0x20, 0x20, // elColor[40];.   
	0x20, 0x66, 0x6c, 0x6f, 0x61, 0x74, 0x34, 0x20, 0x75, 0x5f, 0x6d, 0x55, 0x56, 0x49, 0x6e, 0x76, //  float4 u_mUVInv
	0x65, 0x72, 0x73, 0x65, 0x64, 0x3b, 0x0a, 0x7d, 0x3b, 0x0a, 0x0a, 0x63, 0x6f, 0x6e, 0x73, 0x74, // ersed;.};..const
	0x61, 0x6e, 0x74, 0x20, 0x66, 0x6c, 0x6f, 0x61, 0x74, 0x34, 0x20, 0x5f, 0x31, 0x39, 0x35, 0x31, // ant float4 _1951
	0x20, 0x3d, 0x20, 0x7b, 0x7d, 0x3b, 0x0a, 0x0a, 0x73, 0x74, 0x72, 0x75, 0x63, 0x74, 0x20, 0x78, //  = {};..struct x
	0x6c, 0x61, 0x74, 0x4d, 0x74, 0x6c, 0x4d, 0x61, 0x69, 0x6e, 0x5f, 0x6f, 0x75, 0x74, 0x0a, 0x7b, // latMtlMain_out.{
	0x0a, 0x20, 0x20, 0x20, 0x20, 0x66, 0x6c, 0x6f, 0x61, 0x74, 0x34, 0x20, 0x5f, 0x65, 0x6e, 0x74, // .    float4 _ent
	0x72, 0x79, 0x50, 0x6f, 0x69, 0x6e, 0x74, 0x4f, 0x75, 0x74, 0x70, 0x75, 0x74, 0x5f, 0x76, 0x5f, // ryPointOutput_v_
	0x41, 0x6c, 0x70, 0x68, 0x61, 0x5f, 0x44, 0x69, 0x73, 0x74, 0x5f, 0x55, 0x56, 0x20, 0x5b, 0x5b, // Alpha_Dist_UV [[
	0x75, 0x73, 0x65, 0x72, 0x28, 0x6c, 0x6f, 0x63, 0x6e, 0x30, 0x29, 0x5d, 0x5d, 0x3b, 0x0a, 0x20, // user(locn0)]];. 
	0x20, 0x20, 0x20, 0x66, 0x6c, 0x6f, 0x61, 0x74, 0x34, 0x20, 0x5f, 0x65, 0x6e, 0x74, 0x72, 0x79, //    float4 _entry
	0x50, 0x6f, 0x69, 0x6e, 0x74, 0x4f, 0x75, 0x74, 0x70, 0x75, 0x74, 0x5f, 0x76, 0x5f, 0x42, 0x6c, // PointOutput_v_Bl
	0x65, 0x6e, 0x64, 0x5f, 0x41, 0x6c, 0x70, 0x68, 0x61, 0x5f, 0x44, 0x69, 0x73, 0x74, 0x5f, 0x55, // end_Alpha_Dist_U
	0x56, 0x20, 0x5b, 0x5b, 0x75, 0x73, 0x65, 0x72, 0x28, 0x6c, 0x6f, 0x63, 0x6e, 0x31, 0x29, 0x5d, // V [[user(locn1)]
	0x5d, 0x3b, 0x0a, 0x20, 0x20, 0x20, 0x20, 0x66, 0x6c, 0x6f, 0x61, 0x74, 0x34, 0x20, 0x5f, 0x65, // ];.    float4 _e
	0x6e, 0x74, 0x72, 0x79, 0x50, 0x6f, 0x69, 0x6e, 0x74, 0x4f, 0x75, 0x74, 0x70, 0x75, 0x74, 0x5f, // ntryPointOutput_
	0x76, 0x5f, 0x42, 0x6c, 0x65, 0x6e, 0x64, 0x5f, 0x46, 0x42, 0x4e, 0x65, 0x78, 0x74, 0x49, 0x6e, // v_Blend_FBNextIn
	0x64, 0x65, 0x78, 0x5f, 0x55, 0x56, 0x20, 0x5b, 0x5b, 0x75, 0x73, 0x65, 0x72, 0x28, 0x6c, 0x6f, // dex_UV [[user(lo
	0x63, 0x6e, 0x32, 0x29, 0x5d, 0x5d, 0x3b, 0x0a, 0x20, 0x20, 0x20, 0x20, 0x66, 0x6c, 0x6f, 0x61, // cn2)]];.    floa
	0x74, 0x34, 0x20, 0x5f, 0x65, 0x6e, 0x74, 0x72, 0x79, 0x50, 0x6f, 0x69, 0x6e, 0x74, 0x4f, 0x75, // t4 _entryPointOu
	0x74, 0x70, 0x75, 0x74, 0x5f, 0x76, 0x5f, 0x43, 0x6f, 0x6c, 0x6f, 0x72, 0x20, 0x5b, 0x5b, 0x75, // tput_v_Color [[u
	0x73, 0x65, 0x72, 0x28, 0x6c, 0x6f, 0x63, 0x6e, 0x33, 0x29, 0x5d, 0x5d, 0x3b, 0x0a, 0x20, 0x20, // ser(locn3)]];.  
	0x20, 0x20, 0x66, 0x6c, 0x6f, 0x61, 0x74, 0x34, 0x20, 0x5f, 0x65, 0x6e, 0x74, 0x72, 0x79, 0x50, //   float4 _entryP
	0x6f, 0x69, 0x6e, 0x74, 0x4f, 0x75, 0x74, 0x70, 0x75, 0x74, 0x5f, 0x76, 0x5f, 0x50, 0x6f, 0x73, // ointOutput_v_Pos
	0x50, 0x20, 0x5b, 0x5b, 0x75, 0x73, 0x65, 0x72, 0x28, 0x6c, 0x6f, 0x63, 0x6e, 0x34, 0x29, 0x5d, // P [[user(locn4)]
	0x5d, 0x3b, 0x0a, 0x20, 0x20, 0x20, 0x20, 0x66, 0x6c, 0x6f, 0x61, 0x74, 0x34, 0x20, 0x5f, 0x65, // ];.    float4 _e
	0x6e, 0x74, 0x72, 0x79, 0x50, 0x6f, 0x69, 0x6e, 0x74, 0x4f, 0x75, 0x74, 0x70, 0x75, 0x74, 0x5f, // ntryPointOutput_
	0x76, 0x5f, 0x55, 0x56, 0x5f, 0x4f, 0x74, 0x68, 0x65, 0x72, 0x73, 0x20, 0x5b, 0x5b, 0x75, 0x73, // v_UV_Others [[us
	0x65, 0x72, 0x28, 0x6c, 0x6f, 0x63, 0x6e, 0x35, 0x29, 0x5d, 0x5d, 0x3b, 0x0a, 0x20, 0x20, 0x20, // er(locn5)]];.   
	0x20, 0x66, 0x6c, 0x6f, 0x61, 0x74, 0x33, 0x20, 0x5f, 0x65, 0x6e, 0x74, 0x72, 0x79, 0x50, 0x6f, //  float3 _entryPo
	0x69, 0x6e, 0x74, 0x4f, 0x75, 0x74, 0x70, 0x75, 0x74, 0x5f, 0x76, 0x5f, 0x57, 0x6f, 0x72, 0x6c, // intOutput_v_Worl
	0x64, 0x4e, 0x20, 0x5b, 0x5b, 0x75, 0x73, 0x65, 0x72, 0x28, 0x6c, 0x6f, 0x63, 0x6e, 0x36, 0x29, // dN [[user(locn6)
	0x5d, 0x5d, 0x3b, 0x0a, 0x20, 0x20, 0x20, 0x20, 0x66, 0x6c, 0x6f, 0x61, 0x74, 0x34, 0x20, 0x67, // ]];.    float4 g
	0x6c, 0x5f, 0x50, 0x6f, 0x73, 0x69, 0x74, 0x69, 0x6f, 0x6e, 0x20, 0x5b, 0x5b, 0x70, 0x6f, 0x73, // l_Position [[pos
	0x69, 0x74, 0x69, 0x6f, 0x6e, 0x5d, 0x5d, 0x3b, 0x0a, 0x7d, 0x3b, 0x0a, 0x0a, 0x73, 0x74, 0x72, // ition]];.};..str
	0x75, 0x63, 0x74, 0x20, 0x78, 0x6c, 0x61, 0x74, 0x4d, 0x74, 0x6c, 0x4d, 0x61, 0x69, 0x6e, 0x5f, // uct xlatMtlMain_
	0x69, 0x6e, 0x0a, 0x7b, 0x0a, 0x20, 0x20, 0x20, 0x20, 0x66, 0x6c, 0x6f, 0x61, 0x74, 0x34, 0x20, // in.{.    float4 
	0x61, 0x5f, 0x63, 0x6f, 0x6c, 0x6f, 0x72, 0x30, 0x20, 0x5b, 0x5b, 0x61, 0x74, 0x74, 0x72, 0x69, // a_color0 [[attri
	0x62, 0x75, 0x74, 0x65, 0x28, 0x31, 0x29, 0x5d, 0x5d, 0x3b, 0x0a, 0x20, 0x20, 0x20, 0x20, 0x66, // bute(1)]];.    f
	0x6c, 0x6f, 0x61, 0x74, 0x33, 0x20, 0x61, 0x5f, 0x6e, 0x6f, 0x72, 0x6d, 0x61, 0x6c, 0x20, 0x5b, // loat3 a_normal [
	0x5b, 0x61, 0x74, 0x74, 0x72, 0x69, 0x62, 0x75, 0x74, 0x65, 0x28, 0x32, 0x29, 0x5d, 0x5d, 0x3b, // [attribute(2)]];
	0x0a, 0x20, 0x20, 0x20, 0x20, 0x66, 0x6c, 0x6f, 0x61, 0x74, 0x33, 0x20, 0x61, 0x5f, 0x70, 0x6f, // .    float3 a_po
	0x73, 0x69, 0x74, 0x69, 0x6f, 0x6e, 0x20, 0x5b, 0x5b, 0x61, 0x74, 0x74, 0x72, 0x69, 0x62, 0x75, // sition [[attribu
	0x74, 0x65, 0x28, 0x33, 0x29, 0x5d, 0x5d, 0x3b, 0x0a, 0x20, 0x20, 0x20, 0x20, 0x66, 0x6c, 0x6f, // te(3)]];.    flo
	0x61, 0x74, 0x32, 0x20, 0x61, 0x5f, 0x74, 0x65, 0x78, 0x63, 0x6f, 0x6f, 0x72, 0x64, 0x30, 0x20, // at2 a_texcoord0 
	0x5b, 0x5b, 0x61, 0x74, 0x74, 0x72, 0x69, 0x62, 0x75, 0x74, 0x65, 0x28, 0x35, 0x29, 0x5d, 0x5d, // [[attribute(5)]]
	0x3b, 0x0a, 0x7d, 0x3b, 0x0a, 0x0a, 0x76, 0x65, 0x72, 0x74, 0x65, 0x78, 0x20, 0x78, 0x6c, 0x61, // ;.};..vertex xla
	0x74, 0x4d, 0x74, 0x6c, 0x4d, 0x61, 0x69, 0x6e, 0x5f, 0x6f, 0x75, 0x74, 0x20, 0x78, 0x6c, 0x61, // tMtlMain_out xla
	0x74, 0x4d, 0x74, 0x6c, 0x4d, 0x61, 0x69, 0x6e, 0x28, 0x78, 0x6c, 0x61, 0x74, 0x4d, 0x74, 0x6c, // tMtlMain(xlatMtl
	0x4d, 0x61, 0x69, 0x6e, 0x5f, 0x69, 0x6e, 0x20, 0x69, 0x6e, 0x20, 0x5b, 0x5b, 0x73, 0x74, 0x61, // Main_in in [[sta
	0x67, 0x65, 0x5f, 0x69, 0x6e, 0x5d, 0x5d, 0x2c, 0x20, 0x63, 0x6f, 0x6e, 0x73, 0x74, 0x61, 0x6e, // ge_in]], constan
	0x74, 0x20, 0x5f, 0x47, 0x6c, 0x6f, 0x62, 0x61, 0x6c, 0x26, 0x20, 0x5f, 0x6d, 0x74, 0x6c, 0x5f, // t _Global& _mtl_
	0x75, 0x20, 0x5b, 0x5b, 0x62, 0x75, 0x66, 0x66, 0x65, 0x72, 0x28, 0x30, 0x29, 0x5d, 0x5d, 0x2c, // u [[buffer(0)]],
	0x20, 0x75, 0x69, 0x6e, 0x74, 0x20, 0x67, 0x6c, 0x5f, 0x49, 0x6e, 0x73, 0x74, 0x61, 0x6e, 0x63, //  uint gl_Instanc
	0x65, 0x49, 0x6e, 0x64, 0x65, 0x78, 0x20, 0x5b, 0x5b, 0x69, 0x6e, 0x73, 0x74, 0x61, 0x6e, 0x63, // eIndex [[instanc
	0x65, 0x5f, 0x69, 0x64, 0x5d, 0x5d, 0x29, 0x0a, 0x7b, 0x0a, 0x20, 0x20, 0x20, 0x20, 0x78, 0x6c, // e_id]]).{.    xl
	0x61, 0x74, 0x4d, 0x74, 0x6c, 0x4d, 0x61, 0x69, 0x6e, 0x5f, 0x6f, 0x75, 0x74, 0x20, 0x6f, 0x75, // atMtlMain_out ou
	0x74, 0x20, 0x3d, 0x20, 0x7b, 0x7d, 0x3b, 0x0a, 0x20, 0x20, 0x20, 0x20, 0x66, 0x6c, 0x6f, 0x61, // t = {};.    floa
	0x74, 0x34, 0x20, 0x5f, 0x31, 0x30, 0x30, 0x39, 0x20, 0x3d, 0x20, 0x5f, 0x6d, 0x74, 0x6c, 0x5f, // t4 _1009 = _mtl_
	0x75, 0x2e, 0x75, 0x5f, 0x6d, 0x43, 0x61, 0x6d, 0x65, 0x72, 0x61, 0x50, 0x72, 0x6f, 0x6a, 0x20, // u.u_mCameraProj 
	0x2a, 0x20, 0x28, 0x5f, 0x6d, 0x74, 0x6c, 0x5f, 0x75, 0x2e, 0x75, 0x5f, 0x6d, 0x4d, 0x6f, 0x64, // * (_mtl_u.u_mMod
	0x65, 0x6c, 0x5f, 0x49, 0x6e, 0x73, 0x74, 0x5b, 0x67, 0x6c, 0x5f, 0x49, 0x6e, 0x73, 0x74, 0x61, // el_Inst[gl_Insta
	0x6e, 0x63, 0x65, 0x49, 0x6e, 0x64, 0x65, 0x78, 0x5d, 0x20, 0x2a, 0x20, 0x66, 0x6c, 0x6f, 0x61, // nceIndex] * floa
	0x74, 0x34, 0x28, 0x69, 0x6e, 0x2e, 0x61, 0x5f, 0x70, 0x6f, 0x73, 0x69, 0x74, 0x69, 0x6f, 0x6e, // t4(in.a_position
	0x2e, 0x78, 0x2c, 0x20, 0x69, 0x6e, 0x2e, 0x61, 0x5f, 0x70, 0x6f, 0x73, 0x69, 0x74, 0x69, 0x6f, // .x, in.a_positio
	0x6e, 0x2e, 0x79, 0x2c, 0x20, 0x69, 0x6e, 0x2e, 0x61, 0x5f, 0x70, 0x6f, 0x73, 0x69, 0x74, 0x69, // n.y, in.a_positi
	0x6f, 0x6e, 0x2e, 0x7a, 0x2c, 0x20, 0x31, 0x2e, 0x30, 0x29, 0x29, 0x3b, 0x0a, 0x20, 0x20, 0x20, // on.z, 1.0));.   
	0x20, 0x66, 0x6c, 0x6f, 0x61, 0x74, 0x20, 0x5f, 0x31, 0x30, 0x32, 0x30, 0x20, 0x3d, 0x20, 0x28, //  float _1020 = (
	0x69, 0x6e, 0x2e, 0x61, 0x5f, 0x74, 0x65, 0x78, 0x63, 0x6f, 0x6f, 0x72, 0x64, 0x30, 0x2e, 0x78, // in.a_texcoord0.x
	0x20, 0x2a, 0x20, 0x5f, 0x6d, 0x74, 0x6c, 0x5f, 0x75, 0x2e, 0x75, 0x5f, 0x66, 0x55, 0x56, 0x5b, //  * _mtl_u.u_fUV[
	0x67, 0x6c, 0x5f, 0x49, 0x6e, 0x73, 0x74, 0x61, 0x6e, 0x63, 0x65, 0x49, 0x6e, 0x64, 0x65, 0x78, // gl_InstanceIndex
	0x5d, 0x2e, 0x7a, 0x29, 0x20, 0x2b, 0x20, 0x5f, 0x6d, 0x74, 0x6c, 0x5f, 0x75, 0x2e, 0x75, 0x5f, // ].z) + _mtl_u.u_
	0x66, 0x55, 0x56, 0x5b, 0x67, 0x6c, 0x5f, 0x49, 0x6e, 0x73, 0x74, 0x61, 0x6e, 0x63, 0x65, 0x49, // fUV[gl_InstanceI
	0x6e, 0x64, 0x65, 0x78, 0x5d, 0x2e, 0x78, 0x3b, 0x0a, 0x20, 0x20, 0x20, 0x20, 0x66, 0x6c, 0x6f, // ndex].x;.    flo
	0x61, 0x74, 0x20, 0x5f, 0x31, 0x30, 0x33, 0x38, 0x20, 0x3d, 0x20, 0x5f, 0x6d, 0x74, 0x6c, 0x5f, // at _1038 = _mtl_
	0x75, 0x2e, 0x75, 0x5f, 0x6d, 0x55, 0x56, 0x49, 0x6e, 0x76, 0x65, 0x72, 0x73, 0x65, 0x64, 0x2e, // u.u_mUVInversed.
	0x78, 0x20, 0x2b, 0x20, 0x28, 0x5f, 0x6d, 0x74, 0x6c, 0x5f, 0x75, 0x2e, 0x75, 0x5f, 0x6d, 0x55, // x + (_mtl_u.u_mU
	0x56, 0x49, 0x6e, 0x76, 0x65, 0x72, 0x73, 0x65, 0x64, 0x2e, 0x79, 0x20, 0x2a, 0x20, 0x28, 0x28, // VInversed.y * ((
	0x69, 0x6e, 0x2e, 0x61, 0x5f, 0x74, 0x65, 0x78, 0x63, 0x6f, 0x6f, 0x72, 0x64, 0x30, 0x2e, 0x79, // in.a_texcoord0.y
	0x20, 0x2a, 0x20, 0x5f, 0x6d, 0x74, 0x6c, 0x5f, 0x75, 0x2e, 0x75, 0x5f, 0x66, 0x55, 0x56, 0x5b, //  * _mtl_u.u_fUV[
	0x67, 0x6c, 0x5f, 0x49, 0x6e, 0x73, 0x74, 0x61, 0x6e, 0x63, 0x65, 0x49, 0x6e, 0x64, 0x65, 0x78, // gl_InstanceIndex
	0x5d, 0x2e, 0x77, 0x29, 0x20, 0x2b, 0x20, 0x5f, 0x6d, 0x74, 0x6c, 0x5f, 0x75, 0x2e, 0x75, 0x5f, // ].w) + _mtl_u.u_
	0x66, 0x55, 0x56, 0x5b, 0x67, 0x6c, 0x5f, 0x49, 0x6e, 0x73, 0x74, 0x61, 0x6e, 0x63, 0x65, 0x49, // fUV[gl_InstanceI
	0x6e, 0x64, 0x65, 0x78, 0x5d, 0x2e, 0x79, 0x29, 0x29, 0x3b, 0x0a, 0x20, 0x20, 0x20, 0x20, 0x66, // ndex].y));.    f
	0x6c, 0x6f, 0x61, 0x74, 0x34, 0x20, 0x5f, 0x31, 0x38, 0x31, 0x31, 0x3b, 0x0a, 0x20, 0x20, 0x20, // loat4 _1811;.   
	0x20, 0x5f, 0x31, 0x38, 0x31, 0x31, 0x2e, 0x78, 0x20, 0x3d, 0x20, 0x5f, 0x31, 0x30, 0x32, 0x30, //  _1811.x = _1020
	0x3b, 0x0a, 0x20, 0x20, 0x20, 0x20, 0x66, 0x6c, 0x6f, 0x61, 0x74, 0x32, 0x20, 0x5f, 0x31, 0x30, // ;.    float2 _10
	0x36, 0x36, 0x20, 0x3d, 0x20, 0x5f, 0x31, 0x38, 0x31, 0x31, 0x2e, 0x78, 0x79, 0x3b, 0x0a, 0x20, // 66 = _1811.xy;. 
	0x20, 0x20, 0x20, 0x66, 0x6c, 0x6f, 0x61, 0x74, 0x20, 0x5f, 0x31, 0x31, 0x32, 0x37, 0x20, 0x3d, //    float _1127 =
	0x20, 0x28, 0x69, 0x6e, 0x2e, 0x61, 0x5f, 0x74, 0x65, 0x78, 0x63, 0x6f, 0x6f, 0x72, 0x64, 0x30, //  (in.a_texcoord0
	0x2e, 0x79, 0x20, 0x2a, 0x20, 0x5f, 0x6d, 0x74, 0x6c, 0x5f, 0x75, 0x2e, 0x75, 0x5f, 0x66, 0x41, // .y * _mtl_u.u_fA
	0x6c, 0x70, 0x68, 0x61, 0x55, 0x56, 0x5b, 0x67, 0x6c, 0x5f, 0x49, 0x6e, 0x73, 0x74, 0x61, 0x6e, // lphaUV[gl_Instan
	0x63, 0x65, 0x49, 0x6e, 0x64, 0x65, 0x78, 0x5d, 0x2e, 0x77, 0x29, 0x20, 0x2b, 0x20, 0x5f, 0x6d, // ceIndex].w) + _m
	0x74, 0x6c, 0x5f, 0x75, 0x2e, 0x75, 0x5f, 0x66, 0x41, 0x6c, 0x70, 0x68, 0x61, 0x55, 0x56, 0x5b, // tl_u.u_fAlphaUV[
	0x67, 0x6c, 0x5f, 0x49, 0x6e, 0x73, 0x74, 0x61, 0x6e, 0x63, 0x65, 0x49, 0x6e, 0x64, 0x65, 0x78, // gl_InstanceIndex
	0x5d, 0x2e, 0x79, 0x3b, 0x0a, 0x20, 0x20, 0x20, 0x20, 0x66, 0x6c, 0x6f, 0x61, 0x74, 0x20, 0x5f, // ].y;.    float _
	0x31, 0x31, 0x34, 0x35, 0x20, 0x3d, 0x20, 0x28, 0x69, 0x6e, 0x2e, 0x61, 0x5f, 0x74, 0x65, 0x78, // 1145 = (in.a_tex
	0x63, 0x6f, 0x6f, 0x72, 0x64, 0x30, 0x2e, 0x79, 0x20, 0x2a, 0x20, 0x5f, 0x6d, 0x74, 0x6c, 0x5f, // coord0.y * _mtl_
	0x75, 0x2e, 0x75, 0x5f, 0x66, 0x55, 0x56, 0x44, 0x69, 0x73, 0x74, 0x6f, 0x72, 0x74, 0x69, 0x6f, // u.u_fUVDistortio
	0x6e, 0x55, 0x56, 0x5b, 0x67, 0x6c, 0x5f, 0x49, 0x6e, 0x73, 0x74, 0x61, 0x6e, 0x63, 0x65, 0x49, // nUV[gl_InstanceI
	0x6e, 0x64, 0x65, 0x78, 0x5d, 0x2e, 0x77, 0x29, 0x20, 0x2b, 0x20, 0x5f, 0x6d, 0x74, 0x6c, 0x5f, // ndex].w) + _mtl_
	0x75, 0x2e, 0x75, 0x5f, 0x66, 0x55, 0x56, 0x44, 0x69, 0x73, 0x74, 0x6f, 0x72, 0x74, 0x69, 0x6f, // u.u_fUVDistortio
	0x6e, 0x55, 0x56, 0x5b, 0x67, 0x6c, 0x5f, 0x49, 0x6e, 0x73, 0x74, 0x61, 0x6e, 0x63, 0x65, 0x49, // nUV[gl_InstanceI
	0x6e, 0x64, 0x65, 0x78, 0x5d, 0x2e, 0x79, 0x3b, 0x0a, 0x20, 0x20, 0x20, 0x20, 0x66, 0x6c, 0x6f, // ndex].y;.    flo
	0x61, 0x74, 0x34, 0x20, 0x5f, 0x31, 0x39, 0x34, 0x35, 0x20, 0x3d, 0x20, 0x66, 0x6c, 0x6f, 0x61, // at4 _1945 = floa
	0x74, 0x34, 0x28, 0x28, 0x69, 0x6e, 0x2e, 0x61, 0x5f, 0x74, 0x65, 0x78, 0x63, 0x6f, 0x6f, 0x72, // t4((in.a_texcoor
	0x64, 0x30, 0x2e, 0x78, 0x20, 0x2a, 0x20, 0x5f, 0x6d, 0x74, 0x6c, 0x5f, 0x75, 0x2e, 0x75, 0x5f, // d0.x * _mtl_u.u_
	0x66, 0x41, 0x6c, 0x70, 0x68, 0x61, 0x55, 0x56, 0x5b, 0x67, 0x6c, 0x5f, 0x49, 0x6e, 0x73, 0x74, // fAlphaUV[gl_Inst
	0x61, 0x6e, 0x63, 0x65, 0x49, 0x6e, 0x64, 0x65, 0x78, 0x5d, 0x2e, 0x7a, 0x29, 0x20, 0x2b, 0x20, // anceIndex].z) + 
	0x5f, 0x6d, 0x74, 0x6c, 0x5f, 0x75, 0x2e, 0x75, 0x5f, 0x66, 0x41, 0x6c, 0x70, 0x68, 0x61, 0x55, // _mtl_u.u_fAlphaU
	0x56, 0x5b, 0x67, 0x6c, 0x5f, 0x49, 0x6e, 0x73, 0x74, 0x61, 0x6e, 0x63, 0x65, 0x49, 0x6e, 0x64, // V[gl_InstanceInd
	0x65, 0x78, 0x5d, 0x2e, 0x78, 0x2c, 0x20, 0x5f, 0x31, 0x31, 0x32, 0x37, 0x2c, 0x20, 0x28, 0x69, // ex].x, _1127, (i
	0x6e, 0x2e, 0x61, 0x5f, 0x74, 0x65, 0x78, 0x63, 0x6f, 0x6f, 0x72, 0x64, 0x30, 0x2e, 0x78, 0x20, // n.a_texcoord0.x 
	0x2a, 0x20, 0x5f, 0x6d, 0x74, 0x6c, 0x5f, 0x75, 0x2e, 0x75, 0x5f, 0x66, 0x55, 0x56, 0x44, 0x69, // * _mtl_u.u_fUVDi
	0x73, 0x74, 0x6f, 0x72, 0x74, 0x69, 0x6f, 0x6e, 0x55, 0x56, 0x5b, 0x67, 0x6c, 0x5f, 0x49, 0x6e, // stortionUV[gl_In
	0x73, 0x74, 0x61, 0x6e, 0x63, 0x65, 0x49, 0x6e, 0x64, 0x65, 0x78, 0x5d, 0x2e, 0x7a, 0x29, 0x20, // stanceIndex].z) 
	0x2b, 0x20, 0x5f, 0x6d, 0x74, 0x6c, 0x5f, 0x75, 0x2e, 0x75, 0x5f, 0x66, 0x55, 0x56, 0x44, 0x69, // + _mtl_u.u_fUVDi
	0x73, 0x74, 0x6f, 0x72, 0x74, 0x69, 0x6f, 0x6e, 0x55, 0x56, 0x5b, 0x67, 0x6c, 0x5f, 0x49, 0x6e, // stortionUV[gl_In
	0x73, 0x74, 0x61, 0x6e, 0x63, 0x65, 0x49, 0x6e, 0x64, 0x65, 0x78, 0x5d, 0x2e, 0x78, 0x2c, 0x20, // stanceIndex].x, 
	0x5f, 0x31, 0x31, 0x34, 0x35, 0x29, 0x3b, 0x0a, 0x20, 0x20, 0x20, 0x20, 0x66, 0x6c, 0x6f, 0x61, // _1145);.    floa
	0x74, 0x20, 0x5f, 0x31, 0x31, 0x36, 0x33, 0x20, 0x3d, 0x20, 0x28, 0x69, 0x6e, 0x2e, 0x61, 0x5f, // t _1163 = (in.a_
	0x74, 0x65, 0x78, 0x63, 0x6f, 0x6f, 0x72, 0x64, 0x30, 0x2e, 0x79, 0x20, 0x2a, 0x20, 0x5f, 0x6d, // texcoord0.y * _m
	0x74, 0x6c, 0x5f, 0x75, 0x2e, 0x75, 0x5f, 0x66, 0x42, 0x6c, 0x65, 0x6e, 0x64, 0x55, 0x56, 0x5b, // tl_u.u_fBlendUV[
	0x67, 0x6c, 0x5f, 0x49, 0x6e, 0x73, 0x74, 0x61, 0x6e, 0x63, 0x65, 0x49, 0x6e, 0x64, 0x65, 0x78, // gl_InstanceIndex
	0x5d, 0x2e, 0x77, 0x29, 0x20, 0x2b, 0x20, 0x5f, 0x6d, 0x74, 0x6c, 0x5f, 0x75, 0x2e, 0x75, 0x5f, // ].w) + _mtl_u.u_
	0x66, 0x42, 0x6c, 0x65, 0x6e, 0x64, 0x55, 0x56, 0x5b, 0x67, 0x6c, 0x5f, 0x49, 0x6e, 0x73, 0x74, // fBlendUV[gl_Inst
	0x61, 0x6e, 0x63, 0x65, 0x49, 0x6e, 0x64, 0x65, 0x78, 0x5d, 0x2e, 0x79, 0x3b, 0x0a, 0x20, 0x20, // anceIndex].y;.  
	0x20, 0x20, 0x66, 0x6c, 0x6f, 0x61, 0x74, 0x20, 0x5f, 0x31, 0x31, 0x38, 0x31, 0x20, 0x3d, 0x20, //   float _1181 = 
	0x28, 0x69, 0x6e, 0x2e, 0x61, 0x5f, 0x74, 0x65, 0x78, 0x63, 0x6f, 0x6f, 0x72, 0x64, 0x30, 0x2e, // (in.a_texcoord0.
	0x79, 0x20, 0x2a, 0x20, 0x5f, 0x6d, 0x74, 0x6c, 0x5f, 0x75, 0x2e, 0x75, 0x5f, 0x66, 0x42, 0x6c, // y * _mtl_u.u_fBl
	0x65, 0x6e, 0x64, 0x41, 0x6c, 0x70, 0x68, 0x61, 0x55, 0x56, 0x5b, 0x67, 0x6c, 0x5f, 0x49, 0x6e, // endAlphaUV[gl_In
	0x73, 0x74, 0x61, 0x6e, 0x63, 0x65, 0x49, 0x6e, 0x64, 0x65, 0x78, 0x5d, 0x2e, 0x77, 0x29, 0x20, // stanceIndex].w) 
	0x2b, 0x20, 0x5f, 0x6d, 0x74, 0x6c, 0x5f, 0x75, 0x2e, 0x75, 0x5f, 0x66, 0x42, 0x6c, 0x65, 0x6e, // + _mtl_u.u_fBlen
	0x64, 0x41, 0x6c, 0x70, 0x68, 0x61, 0x55, 0x56, 0x5b, 0x67, 0x6c, 0x5f, 0x49, 0x6e, 0x73, 0x74, // dAlphaUV[gl_Inst
	0x61, 0x6e, 0x63, 0x65, 0x49, 0x6e, 0x64, 0x65, 0x78, 0x5d, 0x2e, 0x79, 0x3b, 0x0a, 0x20, 0x20, // anceIndex].y;.  
	0x20, 0x20, 0x66, 0x6c, 0x6f, 0x61, 0x74, 0x20, 0x5f, 0x31, 0x31, 0x39, 0x39, 0x20, 0x3d, 0x20, //   float _1199 = 
	0x28, 0x69, 0x6e, 0x2e, 0x61, 0x5f, 0x74, 0x65, 0x78, 0x63, 0x6f, 0x6f, 0x72, 0x64, 0x30, 0x2e, // (in.a_texcoord0.
	0x79, 0x20, 0x2a, 0x20, 0x5f, 0x6d, 0x74, 0x6c, 0x5f, 0x75, 0x2e, 0x75, 0x5f, 0x66, 0x42, 0x6c, // y * _mtl_u.u_fBl
	0x65, 0x6e, 0x64, 0x55, 0x56, 0x44, 0x69, 0x73, 0x74, 0x6f, 0x72, 0x74, 0x69, 0x6f, 0x6e, 0x55, // endUVDistortionU
	0x56, 0x5b, 0x67, 0x6c, 0x5f, 0x49, 0x6e, 0x73, 0x74, 0x61, 0x6e, 0x63, 0x65, 0x49, 0x6e, 0x64, // V[gl_InstanceInd
	0x65, 0x78, 0x5d, 0x2e, 0x77, 0x29, 0x20, 0x2b, 0x20, 0x5f, 0x6d, 0x74, 0x6c, 0x5f, 0x75, 0x2e, // ex].w) + _mtl_u.
	0x75, 0x5f, 0x66, 0x42, 0x6c, 0x65, 0x6e, 0x64, 0x55, 0x56, 0x44, 0x69, 0x73, 0x74, 0x6f, 0x72, // u_fBlendUVDistor
	0x74, 0x69, 0x6f, 0x6e, 0x55, 0x56, 0x5b, 0x67, 0x6c, 0x5f, 0x49, 0x6e, 0x73, 0x74, 0x61, 0x6e, // tionUV[gl_Instan
	0x63, 0x65, 0x49, 0x6e, 0x64, 0x65, 0x78, 0x5d, 0x2e, 0x79, 0x3b, 0x0a, 0x20, 0x20, 0x20, 0x20, // ceIndex].y;.    
	0x66, 0x6c, 0x6f, 0x61, 0x74, 0x34, 0x20, 0x5f, 0x31, 0x39, 0x34, 0x36, 0x20, 0x3d, 0x20, 0x66, // float4 _1946 = f
	0x6c, 0x6f, 0x61, 0x74, 0x34, 0x28, 0x28, 0x69, 0x6e, 0x2e, 0x61, 0x5f, 0x74, 0x65, 0x78, 0x63, // loat4((in.a_texc
	0x6f, 0x6f, 0x72, 0x64, 0x30, 0x2e, 0x78, 0x20, 0x2a, 0x20, 0x5f, 0x6d, 0x74, 0x6c, 0x5f, 0x75, // oord0.x * _mtl_u
	0x2e, 0x75, 0x5f, 0x66, 0x42, 0x6c, 0x65, 0x6e, 0x64, 0x41, 0x6c, 0x70, 0x68, 0x61, 0x55, 0x56, // .u_fBlendAlphaUV
	0x5b, 0x67, 0x6c, 0x5f, 0x49, 0x6e, 0x73, 0x74, 0x61, 0x6e, 0x63, 0x65, 0x49, 0x6e, 0x64, 0x65, // [gl_InstanceInde
	0x78, 0x5d, 0x2e, 0x7a, 0x29, 0x20, 0x2b, 0x20, 0x5f, 0x6d, 0x74, 0x6c, 0x5f, 0x75, 0x2e, 0x75, // x].z) + _mtl_u.u
	0x5f, 0x66, 0x42, 0x6c, 0x65, 0x6e, 0x64, 0x41, 0x6c, 0x70, 0x68, 0x61, 0x55, 0x56, 0x5b, 0x67, // _fBlendAlphaUV[g
	0x6c, 0x5f, 0x49, 0x6e, 0x73, 0x74, 0x61, 0x6e, 0x63, 0x65, 0x49, 0x6e, 0x64, 0x65, 0x78, 0x5d, // l_InstanceIndex]
	0x2e, 0x78, 0x2c, 0x20, 0x5f, 0x31, 0x31, 0x38, 0x31, 0x2c, 0x20, 0x28, 0x69, 0x6e, 0x2e, 0x61, // .x, _1181, (in.a
	0x5f, 0x74, 0x65, 0x78, 0x63, 0x6f, 0x6f, 0x72, 0x64, 0x30, 0x2e, 0x78, 0x20, 0x2a, 0x20, 0x5f, // _texcoord0.x * _
	0x6d, 0x74, 0x6c, 0x5f, 0x75, 0x2e, 0x75, 0x5f, 0x66, 0x42, 0x6c, 0x65, 0x6e, 0x64, 0x55, 0x56, // mtl_u.u_fBlendUV
	0x44, 0x69, 0x73, 0x74, 0x6f, 0x72, 0x74, 0x69, 0x6f, 0x6e, 0x55, 0x56, 0x5b, 0x67, 0x6c, 0x5f, // DistortionUV[gl_
	0x49, 0x6e, 0x73, 0x74, 0x61, 0x6e, 0x63, 0x65, 0x49, 0x6e, 0x64, 0x65, 0x78, 0x5d, 0x2e, 0x7a, // InstanceIndex].z
	0x29, 0x20, 0x2b, 0x20, 0x5f, 0x6d, 0x74, 0x6c, 0x5f, 0x75, 0x2e, 0x75, 0x5f, 0x66, 0x42, 0x6c, // ) + _mtl_u.u_fBl
	0x65, 0x6e, 0x64, 0x55, 0x56, 0x44, 0x69, 0x73, 0x74, 0x6f, 0x72, 0x74, 0x69, 0x6f, 0x6e, 0x55, // endUVDistortionU
	0x56, 0x5b, 0x67, 0x6c, 0x5f, 0x49, 0x6e, 0x73, 0x74, 0x61, 0x6e, 0x63, 0x65, 0x49, 0x6e, 0x64, // V[gl_InstanceInd
	0x65, 0x78, 0x5d, 0x2e, 0x78, 0x2c, 0x20, 0x5f, 0x31, 0x31, 0x39, 0x39, 0x29, 0x3b, 0x0a, 0x20, // ex].x, _1199);. 
	0x20, 0x20, 0x20, 0x66, 0x6c, 0x6f, 0x61, 0x74, 0x20, 0x5f, 0x31, 0x37, 0x38, 0x36, 0x3b, 0x0a, //    float _1786;.
	0x20, 0x20, 0x20, 0x20, 0x66, 0x6c, 0x6f, 0x61, 0x74, 0x32, 0x20, 0x5f, 0x31, 0x39, 0x31, 0x35, //     float2 _1915
	0x3b, 0x0a, 0x20, 0x20, 0x20, 0x20, 0x69, 0x66, 0x20, 0x28, 0x5f, 0x6d, 0x74, 0x6c, 0x5f, 0x75, // ;.    if (_mtl_u
	0x2e, 0x75, 0x5f, 0x66, 0x6c, 0x69, 0x70, 0x62, 0x6f, 0x6f, 0x6b, 0x50, 0x61, 0x72, 0x61, 0x6d, // .u_flipbookParam
	0x65, 0x74, 0x65, 0x72, 0x31, 0x2e, 0x78, 0x20, 0x3e, 0x20, 0x30, 0x2e, 0x30, 0x29, 0x0a, 0x20, // eter1.x > 0.0). 
	0x20, 0x20, 0x20, 0x7b, 0x0a, 0x20, 0x20, 0x20, 0x20, 0x20, 0x20, 0x20, 0x20, 0x66, 0x6c, 0x6f, //    {.        flo
	0x61, 0x74, 0x20, 0x5f, 0x31, 0x33, 0x35, 0x32, 0x20, 0x3d, 0x20, 0x66, 0x6c, 0x6f, 0x6f, 0x72, // at _1352 = floor
	0x28, 0x5f, 0x6d, 0x74, 0x6c, 0x5f, 0x75, 0x2e, 0x75, 0x5f, 0x66, 0x46, 0x6c, 0x69, 0x70, 0x62, // (_mtl_u.u_fFlipb
	0x6f, 0x6f, 0x6b, 0x49, 0x6e, 0x64, 0x65, 0x78, 0x41, 0x6e, 0x64, 0x4e, 0x65, 0x78, 0x74, 0x52, // ookIndexAndNextR
	0x61, 0x74, 0x65, 0x5b, 0x67, 0x6c, 0x5f, 0x49, 0x6e, 0x73, 0x74, 0x61, 0x6e, 0x63, 0x65, 0x49, // ate[gl_InstanceI
	0x6e, 0x64, 0x65, 0x78, 0x5d, 0x2e, 0x78, 0x29, 0x3b, 0x0a, 0x20, 0x20, 0x20, 0x20, 0x20, 0x20, // ndex].x);.      
	0x20, 0x20, 0x66, 0x6c, 0x6f, 0x61, 0x74, 0x20, 0x5f, 0x31, 0x33, 0x35, 0x35, 0x20, 0x3d, 0x20, //   float _1355 = 
	0x5f, 0x31, 0x33, 0x35, 0x32, 0x20, 0x2b, 0x20, 0x31, 0x2e, 0x30, 0x3b, 0x0a, 0x20, 0x20, 0x20, // _1352 + 1.0;.   
	0x20, 0x20, 0x20, 0x20, 0x20, 0x66, 0x6c, 0x6f, 0x61, 0x74, 0x20, 0x5f, 0x31, 0x33, 0x35, 0x38, //      float _1358
	0x20, 0x3d, 0x20, 0x5f, 0x6d, 0x74, 0x6c, 0x5f, 0x75, 0x2e, 0x75, 0x5f, 0x66, 0x6c, 0x69, 0x70, //  = _mtl_u.u_flip
	0x62, 0x6f, 0x6f, 0x6b, 0x50, 0x61, 0x72, 0x61, 0x6d, 0x65, 0x74, 0x65, 0x72, 0x31, 0x2e, 0x7a, // bookParameter1.z
	0x20, 0x2a, 0x20, 0x5f, 0x6d, 0x74, 0x6c, 0x5f, 0x75, 0x2e, 0x75, 0x5f, 0x66, 0x6c, 0x69, 0x70, //  * _mtl_u.u_flip
	0x62, 0x6f, 0x6f, 0x6b, 0x50, 0x61, 0x72, 0x61, 0x6d, 0x65, 0x74, 0x65, 0x72, 0x31, 0x2e, 0x77, // bookParameter1.w
	0x3b, 0x0a, 0x20, 0x20, 0x20, 0x20, 0x20, 0x20, 0x20, 0x20, 0x66, 0x6c, 0x6f, 0x61, 0x74, 0x20, // ;.        float 
	0x5f, 0x31, 0x37, 0x37, 0x35, 0x3b, 0x0a, 0x20, 0x20, 0x20, 0x20, 0x20, 0x20, 0x20, 0x20, 0x66, // _1775;.        f
	0x6c, 0x6f, 0x61, 0x74, 0x20, 0x5f, 0x31, 0x37, 0x38, 0x31, 0x3b, 0x0a, 0x20, 0x20, 0x20, 0x20, // loat _1781;.    
	0x20, 0x20, 0x20, 0x20, 0x69, 0x66, 0x20, 0x28, 0x5f, 0x6d, 0x74, 0x6c, 0x5f, 0x75, 0x2e, 0x75, //     if (_mtl_u.u
	0x5f, 0x66, 0x6c, 0x69, 0x70, 0x62, 0x6f, 0x6f, 0x6b, 0x50, 0x61, 0x72, 0x61, 0x6d, 0x65, 0x74, // _flipbookParamet
	0x65, 0x72, 0x31, 0x2e, 0x79, 0x20, 0x3d, 0x3d, 0x20, 0x30, 0x2e, 0x30, 0x29, 0x0a, 0x20, 0x20, // er1.y == 0.0).  
	0x20, 0x20, 0x20, 0x20, 0x20, 0x20, 0x7b, 0x0a, 0x20, 0x20, 0x20, 0x20, 0x20, 0x20, 0x20, 0x20, //       {.        
	0x20, 0x20, 0x20, 0x20, 0x66, 0x6c, 0x6f, 0x61, 0x74, 0x20, 0x5f, 0x31, 0x37, 0x37, 0x36, 0x3b, //     float _1776;
	0x0a, 0x20, 0x20, 0x20, 0x20, 0x20, 0x20, 0x20, 0x20, 0x20, 0x20, 0x20, 0x20, 0x66, 0x6c, 0x6f, // .            flo
	0x61, 0x74, 0x20, 0x5f, 0x31, 0x37, 0x38, 0x32, 0x3b, 0x0a, 0x20, 0x20, 0x20, 0x20, 0x20, 0x20, // at _1782;.      
	0x20, 0x20, 0x20, 0x20, 0x20, 0x20, 0x69, 0x66, 0x20, 0x28, 0x5f, 0x31, 0x33, 0x35, 0x35, 0x20, //       if (_1355 
	0x3e, 0x3d, 0x20, 0x5f, 0x31, 0x33, 0x35, 0x38, 0x29, 0x0a, 0x20, 0x20, 0x20, 0x20, 0x20, 0x20, // >= _1358).      
	0x20, 0x20, 0x20, 0x20, 0x20, 0x20, 0x7b, 0x0a, 0x20, 0x20, 0x20, 0x20, 0x20, 0x20, 0x20, 0x20, //       {.        
	0x20, 0x20, 0x20, 0x20, 0x20, 0x20, 0x20, 0x20, 0x66, 0x6c, 0x6f, 0x61, 0x74, 0x20, 0x5f, 0x31, //         float _1
	0x33, 0x36, 0x37, 0x20, 0x3d, 0x20, 0x5f, 0x31, 0x33, 0x35, 0x38, 0x20, 0x2d, 0x20, 0x31, 0x2e, // 367 = _1358 - 1.
	0x30, 0x3b, 0x0a, 0x20, 0x20, 0x20, 0x20, 0x20, 0x20, 0x20, 0x20, 0x20, 0x20, 0x20, 0x20, 0x20, // 0;.             
	0x20, 0x20, 0x20, 0x5f, 0x31, 0x37, 0x38, 0x32, 0x20, 0x3d, 0x20, 0x5f, 0x31, 0x33, 0x36, 0x37, //    _1782 = _1367
	0x3b, 0x0a, 0x20, 0x20, 0x20, 0x20, 0x20, 0x20, 0x20, 0x20, 0x20, 0x20, 0x20, 0x20, 0x20, 0x20, // ;.              
	0x20, 0x20, 0x5f, 0x31, 0x37, 0x37, 0x36, 0x20, 0x3d, 0x20, 0x5f, 0x31, 0x33, 0x36, 0x37, 0x3b, //   _1776 = _1367;
	0x0a, 0x20, 0x20, 0x20, 0x20, 0x20, 0x20, 0x20, 0x20, 0x20, 0x20, 0x20, 0x20, 0x7d, 0x0a, 0x20, // .            }. 
	0x20, 0x20, 0x20, 0x20, 0x20, 0x20, 0x20, 0x20, 0x20, 0x20, 0x20, 0x65, 0x6c, 0x73, 0x65, 0x0a, //            else.
	0x20, 0x20, 0x20, 0x20, 0x20, 0x20, 0x20, 0x20, 0x20, 0x20, 0x20, 0x20, 0x7b, 0x0a, 0x20, 0x20, //             {.  
	0x20, 0x20, 0x20, 0x20, 0x20, 0x20, 0x20, 0x20, 0x20, 0x20, 0x20, 0x20, 0x20, 0x20, 0x5f, 0x31, //               _1
	0x37, 0x38, 0x32, 0x20, 0x3d, 0x20, 0x5f, 0x31, 0x33, 0x35, 0x35, 0x3b, 0x0a, 0x20, 0x20, 0x20, // 782 = _1355;.   
	0x20, 0x20, 0x20, 0x20, 0x20, 0x20, 0x20, 0x20, 0x20, 0x20, 0x20, 0x20, 0x20, 0x5f, 0x31, 0x37, //              _17
	0x37, 0x36, 0x20, 0x3d, 0x20, 0x5f, 0x31, 0x33, 0x35, 0x32, 0x3b, 0x0a, 0x20, 0x20, 0x20, 0x20, // 76 = _1352;.    
	0x20, 0x20, 0x20, 0x20, 0x20, 0x20, 0x20, 0x20, 0x7d, 0x0a, 0x20, 0x20, 0x20, 0x20, 0x20, 0x20, //         }.      
	0x20, 0x20, 0x20, 0x20, 0x20, 0x20, 0x5f, 0x31, 0x37, 0x38, 0x31, 0x20, 0x3d, 0x20, 0x5f, 0x31, //       _1781 = _1
	0x37, 0x38, 0x32, 0x3b, 0x0a, 0x20, 0x20, 0x20, 0x20, 0x20, 0x20, 0x20, 0x20, 0x20, 0x20, 0x20, // 782;.           
	0x20, 0x5f, 0x31, 0x37, 0x37, 0x35, 0x20, 0x3d, 0x20, 0x5f, 0x31, 0x37, 0x37, 0x36, 0x3b, 0x0a, //  _1775 = _1776;.
	0x20, 0x20, 0x20, 0x20, 0x20, 0x20, 0x20, 0x20, 0x7d, 0x0a, 0x20, 0x20, 0x20, 0x20, 0x20, 0x20, //         }.      
	0x20, 0x20, 0x65, 0x6c, 0x73, 0x65, 0x0a, 0x20, 0x20, 0x20, 0x20, 0x20, 0x20, 0x20, 0x20, 0x7b, //   else.        {
	0x0a, 0x20, 0x20, 0x20, 0x20, 0x20, 0x20, 0x20, 0x20, 0x20, 0x20, 0x20, 0x20, 0x66, 0x6c, 0x6f, // .            flo
	0x61, 0x74, 0x20, 0x5f, 0x31, 0x37, 0x37, 0x37, 0x3b, 0x0a, 0x20, 0x20, 0x20, 0x20, 0x20, 0x20, // at _1777;.      
	0x20, 0x20, 0x20, 0x20, 0x20, 0x20, 0x66, 0x6c, 0x6f, 0x61, 0x74, 0x20, 0x5f, 0x31, 0x37, 0x38, //       float _178
	0x33, 0x3b, 0x0a, 0x20, 0x20, 0x20, 0x20, 0x20, 0x20, 0x20, 0x20, 0x20, 0x20, 0x20, 0x20, 0x69, // 3;.            i
	0x66, 0x20, 0x28, 0x5f, 0x6d, 0x74, 0x6c, 0x5f, 0x75, 0x2e, 0x75, 0x5f, 0x66, 0x6c, 0x69, 0x70, // f (_mtl_u.u_flip
	0x62, 0x6f, 0x6f, 0x6b, 0x50, 0x61, 0x72, 0x61, 0x6d, 0x65, 0x74, 0x65, 0x72, 0x31, 0x2e, 0x79, // bookParameter1.y
	0x20, 0x3d, 0x3d, 0x20, 0x31, 0x2e, 0x30, 0x29, 0x0a, 0x20, 0x20, 0x20, 0x20, 0x20, 0x20, 0x20, //  == 1.0).       
	0x20, 0x20, 0x20, 0x20, 0x20, 0x7b, 0x0a, 0x20, 0x20, 0x20, 0x20, 0x20, 0x20, 0x20, 0x20, 0x20, //      {.         
	0x20, 0x20, 0x20, 0x20, 0x20, 0x20, 0x20, 0x5f, 0x31, 0x37, 0x38, 0x33, 0x20, 0x3d, 0x20, 0x5f, //        _1783 = _
	0x31, 0x33, 0x35, 0x35, 0x20, 0x2d, 0x20, 0x28, 0x5f, 0x31, 0x33, 0x35, 0x38, 0x20, 0x2a, 0x20, // 1355 - (_1358 * 
	0x66, 0x6c, 0x6f, 0x6f, 0x72, 0x28, 0x5f, 0x31, 0x33, 0x35, 0x35, 0x20, 0x2f, 0x20, 0x5f, 0x31, // floor(_1355 / _1
	0x33, 0x35, 0x38, 0x29, 0x29, 0x3b, 0x0a, 0x20, 0x20, 0x20, 0x20, 0x20, 0x20, 0x20, 0x20, 0x20, // 358));.         
	0x20, 0x20, 0x20, 0x20, 0x20, 0x20, 0x20, 0x5f, 0x31, 0x37, 0x37, 0x37, 0x20, 0x3d, 0x20, 0x5f, //        _1777 = _
	0x31, 0x33, 0x35, 0x32, 0x20, 0x2d, 0x20, 0x28, 0x5f, 0x31, 0x33, 0x35, 0x38, 0x20, 0x2a, 0x20, // 1352 - (_1358 * 
	0x66, 0x6c, 0x6f, 0x6f, 0x72, 0x28, 0x5f, 0x31, 0x33, 0x35, 0x32, 0x20, 0x2f, 0x20, 0x5f, 0x31, // floor(_1352 / _1
	0x33, 0x35, 0x38, 0x29, 0x29, 0x3b, 0x0a, 0x20, 0x20, 0x20, 0x20, 0x20, 0x20, 0x20, 0x20, 0x20, // 358));.         
	0x20, 0x20, 0x20, 0x7d, 0x0a, 0x20, 0x20, 0x20, 0x20, 0x20, 0x20, 0x20, 0x20, 0x20, 0x20, 0x20, //    }.           
	0x20, 0x65, 0x6c, 0x73, 0x65, 0x0a, 0x20, 0x20, 0x20, 0x20, 0x20, 0x20, 0x20, 0x20, 0x20, 0x20, //  else.          
	0x20, 0x20, 0x7b, 0x0a, 0x20, 0x20, 0x20, 0x20, 0x20, 0x20, 0x20, 0x20, 0x20, 0x20, 0x20, 0x20, //   {.            
	0x20, 0x20, 0x20, 0x20, 0x66, 0x6c, 0x6f, 0x61, 0x74, 0x20, 0x5f, 0x31, 0x37, 0x37, 0x38, 0x3b, //     float _1778;
	0x0a, 0x20, 0x20, 0x20, 0x20, 0x20, 0x20, 0x20, 0x20, 0x20, 0x20, 0x20, 0x20, 0x20, 0x20, 0x20, // .               
	0x20, 0x66, 0x6c, 0x6f, 0x61, 0x74, 0x20, 0x5f, 0x31, 0x37, 0x38, 0x34, 0x3b, 0x0a, 0x20, 0x20, //  float _1784;.  
	0x20, 0x20, 0x20, 0x20, 0x20, 0x20, 0x20, 0x20, 0x20, 0x20, 0x20, 0x20, 0x20, 0x20, 0x69, 0x66, //               if
	0x20, 0x28, 0x5f, 0x6d, 0x74, 0x6c, 0x5f, 0x75, 0x2e, 0x75, 0x5f, 0x66, 0x6c, 0x69, 0x70, 0x62, //  (_mtl_u.u_flipb
	0x6f, 0x6f, 0x6b, 0x50, 0x61, 0x72, 0x61, 0x6d, 0x65, 0x74, 0x65, 0x72, 0x31, 0x2e, 0x79, 0x20, // ookParameter1.y 
	0x3d, 0x3d, 0x20, 0x32, 0x2e, 0x30, 0x29, 0x0a, 0x20, 0x20, 0x20, 0x20, 0x20, 0x20, 0x20, 0x20, // == 2.0).        
	0x20, 0x20, 0x20, 0x20, 0x20, 0x20, 0x20, 0x20, 0x7b, 0x0a, 0x20, 0x20, 0x20, 0x20, 0x20, 0x20, //         {.      
	0x20, 0x20, 0x20, 0x20, 0x20, 0x20, 0x20, 0x20, 0x20, 0x20, 0x20, 0x20, 0x20, 0x20, 0x66, 0x6c, //               fl
	0x6f, 0x61, 0x74, 0x20, 0x5f, 0x31, 0x33, 0x38, 0x38, 0x20, 0x3d, 0x20, 0x66, 0x6c, 0x6f, 0x6f, // oat _1388 = floo
	0x72, 0x28, 0x5f, 0x31, 0x33, 0x35, 0x32, 0x20, 0x2f, 0x20, 0x5f, 0x31, 0x33, 0x35, 0x38, 0x29, // r(_1352 / _1358)
	0x3b, 0x0a, 0x20, 0x20, 0x20, 0x20, 0x20, 0x20, 0x20, 0x20, 0x20, 0x20, 0x20, 0x20, 0x20, 0x20, // ;.              
	0x20, 0x20, 0x20, 0x20, 0x20, 0x20, 0x66, 0x6c, 0x6f, 0x61, 0x74, 0x20, 0x5f, 0x31, 0x35, 0x30, //       float _150
	0x33, 0x20, 0x3d, 0x20, 0x5f, 0x31, 0x33, 0x35, 0x32, 0x20, 0x2d, 0x20, 0x28, 0x5f, 0x31, 0x33, // 3 = _1352 - (_13
	0x35, 0x38, 0x20, 0x2a, 0x20, 0x5f, 0x31, 0x33, 0x38, 0x38, 0x29, 0x3b, 0x0a, 0x20, 0x20, 0x20, // 58 * _1388);.   
	0x20, 0x20, 0x20, 0x20, 0x20, 0x20, 0x20, 0x20, 0x20, 0x20, 0x20, 0x20, 0x20, 0x20, 0x20, 0x20, //                 
	0x20, 0x66, 0x6c, 0x6f, 0x61, 0x74, 0x20, 0x5f, 0x31, 0x37, 0x38, 0x30, 0x3b, 0x0a, 0x20, 0x20, //  float _1780;.  
	0x20, 0x20, 0x20, 0x20, 0x20, 0x20, 0x20, 0x20, 0x20, 0x20, 0x20, 0x20, 0x20, 0x20, 0x20, 0x20, //                 
	0x20, 0x20, 0x69, 0x66, 0x20, 0x28, 0x28, 0x5f, 0x31, 0x33, 0x38, 0x38, 0x20, 0x2d, 0x20, 0x28, //   if ((_1388 - (
	0x32, 0x2e, 0x30, 0x20, 0x2a, 0x20, 0x66, 0x6c, 0x6f, 0x6f, 0x72, 0x28, 0x5f, 0x31, 0x33, 0x38, // 2.0 * floor(_138
	0x38, 0x20, 0x2a, 0x20, 0x30, 0x2e, 0x35, 0x29, 0x29, 0x29, 0x20, 0x3d, 0x3d, 0x20, 0x31, 0x2e, // 8 * 0.5))) == 1.
	0x30, 0x29, 0x0a, 0x20, 0x20, 0x20, 0x20, 0x20, 0x20, 0x20, 0x20, 0x20, 0x20, 0x20, 0x20, 0x20, // 0).             
	0x20, 0x20, 0x20, 0x20, 0x20, 0x20, 0x20, 0x7b, 0x0a, 0x20, 0x20, 0x20, 0x20, 0x20, 0x20, 0x20, //        {.       
	0x20, 0x20, 0x20, 0x20, 0x20, 0x20, 0x20, 0x20, 0x20, 0x20, 0x20, 0x20, 0x20, 0x20, 0x20, 0x20, //                 
	0x20, 0x5f, 0x31, 0x37, 0x38, 0x30, 0x20, 0x3d, 0x20, 0x28, 0x5f, 0x31, 0x33, 0x35, 0x38, 0x20, //  _1780 = (_1358 
	0x2d, 0x20, 0x31, 0x2e, 0x30, 0x29, 0x20, 0x2d, 0x20, 0x66, 0x6c, 0x6f, 0x6f, 0x72, 0x28, 0x5f, // - 1.0) - floor(_
	0x31, 0x35, 0x30, 0x33, 0x29, 0x3b, 0x0a, 0x20, 0x20, 0x20, 0x20, 0x20, 0x20, 0x20, 0x20, 0x20, // 1503);.         
	0x20, 0x20, 0x20, 0x20, 0x20, 0x20, 0x20, 0x20, 0x20, 0x20, 0x20, 0x7d, 0x0a, 0x20, 0x20, 0x20, //            }.   
	0x20, 0x20, 0x20, 0x20, 0x20, 0x20, 0x20, 0x20, 0x20, 0x20, 0x20, 0x20, 0x20, 0x20, 0x20, 0x20, //                 
	0x20, 0x65, 0x6c, 0x73, 0x65, 0x0a, 0x20, 0x20, 0x20, 0x20, 0x20, 0x20, 0x20, 0x20, 0x20, 0x20, //  else.          
	0x20, 0x20, 0x20, 0x20, 0x20, 0x20, 0x20, 0x20, 0x20, 0x20, 0x7b, 0x0a, 0x20, 0x20, 0x20, 0x20, //           {.    
	0x20, 0x20, 0x20, 0x20, 0x20, 0x20, 0x20, 0x20, 0x20, 0x20, 0x20, 0x20, 0x20, 0x20, 0x20, 0x20, //                 
	0x20, 0x20, 0x20, 0x20, 0x5f, 0x31, 0x37, 0x38, 0x30, 0x20, 0x3d, 0x20, 0x5f, 0x31, 0x35, 0x30, //     _1780 = _150
	0x33, 0x3b, 0x0a, 0x20, 0x20, 0x20, 0x20, 0x20, 0x20, 0x20, 0x20, 0x20, 0x20, 0x20, 0x20, 0x20, // 3;.             
	0x20, 0x20, 0x20, 0x20, 0x20, 0x20, 0x20, 0x7d, 0x0a, 0x20, 0x20, 0x20, 0x20, 0x20, 0x20, 0x20, //        }.       
	0x20, 0x20, 0x20, 0x20, 0x20, 0x20, 0x20, 0x20, 0x20, 0x20, 0x20, 0x20, 0x20, 0x66, 0x6c, 0x6f, //              flo
	0x61, 0x74, 0x20, 0x5f, 0x31, 0x34, 0x30, 0x35, 0x20, 0x3d, 0x20, 0x66, 0x6c, 0x6f, 0x6f, 0x72, // at _1405 = floor
	0x28, 0x5f, 0x31, 0x33, 0x35, 0x35, 0x20, 0x2f, 0x20, 0x5f, 0x31, 0x33, 0x35, 0x38, 0x29, 0x3b, // (_1355 / _1358);
	0x0a, 0x20, 0x20, 0x20, 0x20, 0x20, 0x20, 0x20, 0x20, 0x20, 0x20, 0x20, 0x20, 0x20, 0x20, 0x20, // .               
	0x20, 0x20, 0x20, 0x20, 0x20, 0x66, 0x6c, 0x6f, 0x61, 0x74, 0x20, 0x5f, 0x31, 0x35, 0x32, 0x33, //      float _1523
	0x20, 0x3d, 0x20, 0x5f, 0x31, 0x33, 0x35, 0x35, 0x20, 0x2d, 0x20, 0x28, 0x5f, 0x31, 0x33, 0x35, //  = _1355 - (_135
	0x38, 0x20, 0x2a, 0x20, 0x5f, 0x31, 0x34, 0x30, 0x35, 0x29, 0x3b, 0x0a, 0x20, 0x20, 0x20, 0x20, // 8 * _1405);.    
	0x20, 0x20, 0x20, 0x20, 0x20, 0x20, 0x20, 0x20, 0x20, 0x20, 0x20, 0x20, 0x20, 0x20, 0x20, 0x20, //                 
	0x66, 0x6c, 0x6f, 0x61, 0x74, 0x20, 0x5f, 0x31, 0x37, 0x38, 0x35, 0x3b, 0x0a, 0x20, 0x20, 0x20, // float _1785;.   
	0x20, 0x20, 0x20, 0x20, 0x20, 0x20, 0x20, 0x20, 0x20, 0x20, 0x20, 0x20, 0x20, 0x20, 0x20, 0x20, //                 
	0x20, 0x69, 0x66, 0x20, 0x28, 0x28, 0x5f, 0x31, 0x34, 0x30, 0x35, 0x20, 0x2d, 0x20, 0x28, 0x32, //  if ((_1405 - (2
	0x2e, 0x30, 0x20, 0x2a, 0x20, 0x66, 0x6c, 0x6f, 0x6f, 0x72, 0x28, 0x5f, 0x31, 0x34, 0x30, 0x35, // .0 * floor(_1405
	0x20, 0x2a, 0x20, 0x30, 0x2e, 0x35, 0x29, 0x29, 0x29, 0x20, 0x3d, 0x3d, 0x20, 0x31, 0x2e, 0x30, //  * 0.5))) == 1.0
	0x29, 0x0a, 0x20, 0x20, 0x20, 0x20, 0x20, 0x20, 0x20, 0x20, 0x20, 0x20, 0x20, 0x20, 0x20, 0x20, // ).              
	0x20, 0x20, 0x20, 0x20, 0x20, 0x20, 0x7b, 0x0a, 0x20, 0x20, 0x20, 0x20, 0x20, 0x20, 0x20, 0x20, //       {.        
	0x20, 0x20, 0x20, 0x20, 0x20, 0x20, 0x20, 0x20, 0x20, 0x20, 0x20, 0x20, 0x20, 0x20, 0x20, 0x20, //                 
	0x5f, 0x31, 0x37, 0x38, 0x35, 0x20, 0x3d, 0x20, 0x28, 0x5f, 0x31, 0x33, 0x35, 0x38, 0x20, 0x2d, // _1785 = (_1358 -
	0x20, 0x31, 0x2e, 0x30, 0x29, 0x20, 0x2d, 0x20, 0x66, 0x6c, 0x6f, 0x6f, 0x72, 0x28, 0x5f, 0x31, //  1.0) - floor(_1
	0x35, 0x32, 0x33, 0x29, 0x3b, 0x0a, 0x20, 0x20, 0x20, 0x20, 0x20, 0x20, 0x20, 0x20, 0x20, 0x20, // 523);.          
	0x20, 0x20, 0x20, 0x20, 0x20, 0x20, 0x20, 0x20, 0x20, 0x20, 0x7d, 0x0a, 0x20, 0x20, 0x20, 0x20, //           }.    
	0x20, 0x20, 0x20, 0x20, 0x20, 0x20, 0x20, 0x20, 0x20, 0x20, 0x20, 0x20, 0x20, 0x20, 0x20, 0x20, //                 
	0x65, 0x6c, 0x73, 0x65, 0x0a, 0x20, 0x20, 0x20, 0x20, 0x20, 0x20, 0x20, 0x20, 0x20, 0x20, 0x20, // else.           
	0x20, 0x20, 0x20, 0x20, 0x20, 0x20, 0x20, 0x20, 0x20, 0x7b, 0x0a, 0x20, 0x20, 0x20, 0x20, 0x20, //          {.     
	0x20, 0x20, 0x20, 0x20, 0x20, 0x20, 0x20, 0x20, 0x20, 0x20, 0x20, 0x20, 0x20, 0x20, 0x20, 0x20, //                 
	0x20, 0x20, 0x20, 0x5f, 0x31, 0x37, 0x38, 0x35, 0x20, 0x3d, 0x20, 0x5f, 0x31, 0x35, 0x32, 0x33, //    _1785 = _1523
	0x3b, 0x0a, 0x20, 0x20, 0x20, 0x20, 0x20, 0x20, 0x20, 0x20, 0x20, 0x20, 0x20, 0x20, 0x20, 0x20, // ;.              
	0x20, 0x20, 0x20, 0x20, 0x20, 0x20, 0x7d, 0x0a, 0x20, 0x20, 0x20, 0x20, 0x20, 0x20, 0x20, 0x20, //       }.        
	0x20, 0x20, 0x20, 0x20, 0x20, 0x20, 0x20, 0x20, 0x20, 0x20, 0x20, 0x20, 0x5f, 0x31, 0x37, 0x38, //             _178
	0x34, 0x20, 0x3d, 0x20, 0x5f, 0x31, 0x37, 0x38, 0x35, 0x3b, 0x0a, 0x20, 0x20, 0x20, 0x20, 0x20, // 4 = _1785;.     
	0x20, 0x20, 0x20, 0x20, 0x20, 0x20, 0x20, 0x20, 0x20, 0x20, 0x20, 0x20, 0x20, 0x20, 0x20, 0x5f, //                _
	0x31, 0x37, 0x37, 0x38, 0x20, 0x3d, 0x20, 0x5f, 0x31, 0x37, 0x38, 0x30, 0x3b, 0x0a, 0x20, 0x20, // 1778 = _1780;.  
	0x20, 0x20, 0x20, 0x20, 0x20, 0x20, 0x20, 0x20, 0x20, 0x20, 0x20, 0x20, 0x20, 0x20, 0x7d, 0x0a, //               }.
	0x20, 0x20, 0x20, 0x20, 0x20, 0x20, 0x20, 0x20, 0x20, 0x20, 0x20, 0x20, 0x20, 0x20, 0x20, 0x20, //                 
	0x65, 0x6c, 0x73, 0x65, 0x0a, 0x20, 0x20, 0x20, 0x20, 0x20, 0x20, 0x20, 0x20, 0x20, 0x20, 0x20, // else.           
	0x20, 0x20, 0x20, 0x20, 0x20, 0x7b, 0x0a, 0x20, 0x20, 0x20, 0x20, 0x20, 0x20, 0x20, 0x20, 0x20, //      {.         
	0x20, 0x20, 0x20, 0x20, 0x20, 0x20, 0x20, 0x20, 0x20, 0x20, 0x20, 0x5f, 0x31, 0x37, 0x38, 0x34, //            _1784
	0x20, 0x3d, 0x20, 0x5f, 0x31, 0x33, 0x35, 0x35, 0x3b, 0x0a, 0x20, 0x20, 0x20, 0x20, 0x20, 0x20, //  = _1355;.      
	0x20, 0x20, 0x20, 0x20, 0x20, 0x20, 0x20, 0x20, 0x20, 0x20, 0x20, 0x20, 0x20, 0x20, 0x5f, 0x31, //               _1
	0x37, 0x37, 0x38, 0x20, 0x3d, 0x20, 0x5f, 0x31, 0x33, 0x35, 0x32, 0x3b, 0x0a, 0x20, 0x20, 0x20, // 778 = _1352;.   
	0x20, 0x20, 0x20, 0x20, 0x20, 0x20, 0x20, 0x20, 0x20, 0x20, 0x20, 0x20, 0x20, 0x7d, 0x0a, 0x20, //              }. 
	0x20, 0x20, 0x20, 0x20, 0x20, 0x20, 0x20, 0x20, 0x20, 0x20, 0x20, 0x20, 0x20, 0x20, 0x20, 0x5f, //                _
	0x31, 0x37, 0x38, 0x33, 0x20, 0x3d, 0x20, 0x5f, 0x31, 0x37, 0x38, 0x34, 0x3b, 0x0a, 0x20, 0x20, // 1783 = _1784;.  
	0x20, 0x20, 0x20, 0x20, 0x20, 0x20, 0x20, 0x20, 0x20, 0x20, 0x20, 0x20, 0x20, 0x20, 0x5f, 0x31, //               _1
	0x37, 0x37, 0x37, 0x20, 0x3d, 0x20, 0x5f, 0x31, 0x37, 0x37, 0x38, 0x3b, 0x0a, 0x20, 0x20, 0x20, // 777 = _1778;.   
	0x20, 0x20, 0x20, 0x20, 0x20, 0x20, 0x20, 0x20, 0x20, 0x7d, 0x0a, 0x20, 0x20, 0x20, 0x20, 0x20, //          }.     
	0x20, 0x20, 0x20, 0x20, 0x20, 0x20, 0x20, 0x5f, 0x31, 0x37, 0x38, 0x31, 0x20, 0x3d, 0x20, 0x5f, //        _1781 = _
	0x31, 0x37, 0x38, 0x33, 0x3b, 0x0a, 0x20, 0x20, 0x20, 0x20, 0x20, 0x20, 0x20, 0x20, 0x20, 0x20, // 1783;.          
	0x20, 0x20, 0x5f, 0x31, 0x37, 0x37, 0x35, 0x20, 0x3d, 0x20, 0x5f, 0x31, 0x37, 0x37, 0x37, 0x3b, //   _1775 = _1777;
	0x0a, 0x20, 0x20, 0x20, 0x20, 0x20, 0x20, 0x20, 0x20, 0x7d, 0x0a, 0x20, 0x20, 0x20, 0x20, 0x20, // .        }.     
	0x20, 0x20, 0x20, 0x5f, 0x31, 0x30, 0x36, 0x36, 0x2e, 0x79, 0x20, 0x3d, 0x20, 0x5f, 0x6d, 0x74, //    _1066.y = _mt
	0x6c, 0x5f, 0x75, 0x2e, 0x75, 0x5f, 0x6d, 0x55, 0x56, 0x49, 0x6e, 0x76, 0x65, 0x72, 0x73, 0x65, // l_u.u_mUVInverse
	0x64, 0x2e, 0x78, 0x20, 0x2b, 0x20, 0x28, 0x5f, 0x6d, 0x74, 0x6c, 0x5f, 0x75, 0x2e, 0x75, 0x5f, // d.x + (_mtl_u.u_
	0x6d, 0x55, 0x56, 0x49, 0x6e, 0x76, 0x65, 0x72, 0x73, 0x65, 0x64, 0x2e, 0x79, 0x20, 0x2a, 0x20, // mUVInversed.y * 
	0x5f, 0x31, 0x30, 0x33, 0x38, 0x29, 0x3b, 0x0a, 0x20, 0x20, 0x20, 0x20, 0x20, 0x20, 0x20, 0x20, // _1038);.        
	0x69, 0x6e, 0x74, 0x20, 0x5f, 0x31, 0x35, 0x33, 0x31, 0x20, 0x3d, 0x20, 0x69, 0x6e, 0x74, 0x28, // int _1531 = int(
	0x5f, 0x31, 0x37, 0x37, 0x35, 0x29, 0x3b, 0x0a, 0x20, 0x20, 0x20, 0x20, 0x20, 0x20, 0x20, 0x20, // _1775);.        
	0x66, 0x6c, 0x6f, 0x61, 0x74, 0x20, 0x5f, 0x31, 0x35, 0x33, 0x32, 0x20, 0x3d, 0x20, 0x66, 0x6c, // float _1532 = fl
	0x6f, 0x61, 0x74, 0x28, 0x5f, 0x31, 0x35, 0x33, 0x31, 0x29, 0x3b, 0x0a, 0x20, 0x20, 0x20, 0x20, // oat(_1531);.    
	0x20, 0x20, 0x20, 0x20, 0x69, 0x6e, 0x74, 0x20, 0x5f, 0x31, 0x35, 0x33, 0x34, 0x20, 0x3d, 0x20, //     int _1534 = 
	0x69, 0x6e, 0x74, 0x28, 0x5f, 0x6d, 0x74, 0x6c, 0x5f, 0x75, 0x2e, 0x75, 0x5f, 0x66, 0x6c, 0x69, // int(_mtl_u.u_fli
	0x70, 0x62, 0x6f, 0x6f, 0x6b, 0x50, 0x61, 0x72, 0x61, 0x6d, 0x65, 0x74, 0x65, 0x72, 0x31, 0x2e, // pbookParameter1.
	0x7a, 0x29, 0x3b, 0x0a, 0x20, 0x20, 0x20, 0x20, 0x20, 0x20, 0x20, 0x20, 0x66, 0x6c, 0x6f, 0x61, // z);.        floa
	0x74, 0x20, 0x5f, 0x31, 0x35, 0x33, 0x35, 0x20, 0x3d, 0x20, 0x66, 0x6c, 0x6f, 0x61, 0x74, 0x28, // t _1535 = float(
	0x5f, 0x31, 0x35, 0x33, 0x34, 0x29, 0x3b, 0x0a, 0x20, 0x20, 0x20, 0x20, 0x20, 0x20, 0x20, 0x20, // _1534);.        
	0x69, 0x6e, 0x74, 0x20, 0x5f, 0x31, 0x35, 0x36, 0x39, 0x20, 0x3d, 0x20, 0x69, 0x6e, 0x74, 0x28, // int _1569 = int(
	0x5f, 0x31, 0x37, 0x38, 0x31, 0x29, 0x3b, 0x0a, 0x20, 0x20, 0x20, 0x20, 0x20, 0x20, 0x20, 0x20, // _1781);.        
	0x66, 0x6c, 0x6f, 0x61, 0x74, 0x20, 0x5f, 0x31, 0x35, 0x37, 0x30, 0x20, 0x3d, 0x20, 0x66, 0x6c, // float _1570 = fl
	0x6f, 0x61, 0x74, 0x28, 0x5f, 0x31, 0x35, 0x36, 0x39, 0x29, 0x3b, 0x0a, 0x20, 0x20, 0x20, 0x20, // oat(_1569);.    
	0x20, 0x20, 0x20, 0x20, 0x66, 0x6c, 0x6f, 0x61, 0x74, 0x32, 0x20, 0x5f, 0x31, 0x35, 0x38, 0x39, //     float2 _1589
	0x20, 0x3d, 0x20, 0x28, 0x28, 0x5f, 0x31, 0x30, 0x36, 0x36, 0x20, 0x2d, 0x20, 0x28, 0x28, 0x66, //  = ((_1066 - ((f
	0x6c, 0x6f, 0x61, 0x74, 0x32, 0x28, 0x5f, 0x31, 0x35, 0x33, 0x32, 0x20, 0x2d, 0x20, 0x28, 0x5f, // loat2(_1532 - (_
	0x31, 0x35, 0x33, 0x35, 0x20, 0x2a, 0x20, 0x66, 0x6c, 0x6f, 0x6f, 0x72, 0x28, 0x5f, 0x31, 0x35, // 1535 * floor(_15
	0x33, 0x32, 0x20, 0x2f, 0x20, 0x5f, 0x31, 0x35, 0x33, 0x35, 0x29, 0x29, 0x2c, 0x20, 0x66, 0x6c, // 32 / _1535)), fl
	0x6f, 0x61, 0x74, 0x28, 0x5f, 0x31, 0x35, 0x33, 0x31, 0x20, 0x2f, 0x20, 0x5f, 0x31, 0x35, 0x33, // oat(_1531 / _153
	0x34, 0x29, 0x29, 0x20, 0x2a, 0x20, 0x5f, 0x6d, 0x74, 0x6c, 0x5f, 0x75, 0x2e, 0x75, 0x5f, 0x66, // 4)) * _mtl_u.u_f
	0x6c, 0x69, 0x70, 0x62, 0x6f, 0x6f, 0x6b, 0x50, 0x61, 0x72, 0x61, 0x6d, 0x65, 0x74, 0x65, 0x72, // lipbookParameter
	0x32, 0x2e, 0x78, 0x79, 0x29, 0x20, 0x2b, 0x20, 0x5f, 0x6d, 0x74, 0x6c, 0x5f, 0x75, 0x2e, 0x75, // 2.xy) + _mtl_u.u
	0x5f, 0x66, 0x6c, 0x69, 0x70, 0x62, 0x6f, 0x6f, 0x6b, 0x50, 0x61, 0x72, 0x61, 0x6d, 0x65, 0x74, // _flipbookParamet
	0x65, 0x72, 0x32, 0x2e, 0x7a, 0x77, 0x29, 0x29, 0x20, 0x2b, 0x20, 0x28, 0x66, 0x6c, 0x6f, 0x61, // er2.zw)) + (floa
	0x74, 0x32, 0x28, 0x5f, 0x31, 0x35, 0x37, 0x30, 0x20, 0x2d, 0x20, 0x28, 0x5f, 0x31, 0x35, 0x33, // t2(_1570 - (_153
	0x35, 0x20, 0x2a, 0x20, 0x66, 0x6c, 0x6f, 0x6f, 0x72, 0x28, 0x5f, 0x31, 0x35, 0x37, 0x30, 0x20, // 5 * floor(_1570 
	0x2f, 0x20, 0x5f, 0x31, 0x35, 0x33, 0x35, 0x29, 0x29, 0x2c, 0x20, 0x66, 0x6c, 0x6f, 0x61, 0x74, // / _1535)), float
	0x28, 0x5f, 0x31, 0x35, 0x36, 0x39, 0x20, 0x2f, 0x20, 0x5f, 0x31, 0x35, 0x33, 0x34, 0x29, 0x29, // (_1569 / _1534))
	0x20, 0x2a, 0x20, 0x5f, 0x6d, 0x74, 0x6c, 0x5f, 0x75, 0x2e, 0x75, 0x5f, 0x66, 0x6c, 0x69, 0x70, //  * _mtl_u.u_flip
	0x62, 0x6f, 0x6f, 0x6b, 0x50, 0x61, 0x72, 0x61, 0x6d, 0x65, 0x74, 0x65, 0x72, 0x32, 0x2e, 0x78, // bookParameter2.x
	0x79, 0x29, 0x29, 0x20, 0x2b, 0x20, 0x5f, 0x6d, 0x74, 0x6c, 0x5f, 0x75, 0x2e, 0x75, 0x5f, 0x66, // y)) + _mtl_u.u_f
	0x6c, 0x69, 0x70, 0x62, 0x6f, 0x6f, 0x6b, 0x50, 0x61, 0x72, 0x61, 0x6d, 0x65, 0x74, 0x65, 0x72, // lipbookParameter
	0x32, 0x2e, 0x7a, 0x77, 0x3b, 0x0a, 0x20, 0x20, 0x20, 0x20, 0x20, 0x20, 0x20, 0x20, 0x5f, 0x31, // 2.zw;.        _1
	0x35, 0x38, 0x39, 0x2e, 0x79, 0x20, 0x3d, 0x20, 0x5f, 0x6d, 0x74, 0x6c, 0x5f, 0x75, 0x2e, 0x75, // 589.y = _mtl_u.u
	0x5f, 0x6d, 0x55, 0x56, 0x49, 0x6e, 0x76, 0x65, 0x72, 0x73, 0x65, 0x64, 0x2e, 0x78, 0x20, 0x2b, // _mUVInversed.x +
	0x20, 0x28, 0x5f, 0x6d, 0x74, 0x6c, 0x5f, 0x75, 0x2e, 0x75, 0x5f, 0x6d, 0x55, 0x56, 0x49, 0x6e, //  (_mtl_u.u_mUVIn
	0x76, 0x65, 0x72, 0x73, 0x65, 0x64, 0x2e, 0x79, 0x20, 0x2a, 0x20, 0x5f, 0x31, 0x35, 0x38, 0x39, // versed.y * _1589
	0x2e, 0x79, 0x29, 0x3b, 0x0a, 0x20, 0x20, 0x20, 0x20, 0x20, 0x20, 0x20, 0x20, 0x5f, 0x31, 0x39, // .y);.        _19
	0x31, 0x35, 0x20, 0x3d, 0x20, 0x5f, 0x31, 0x35, 0x38, 0x39, 0x3b, 0x0a, 0x20, 0x20, 0x20, 0x20, // 15 = _1589;.    
	0x20, 0x20, 0x20, 0x20, 0x5f, 0x31, 0x37, 0x38, 0x36, 0x20, 0x3d, 0x20, 0x66, 0x72, 0x61, 0x63, //     _1786 = frac
	0x74, 0x28, 0x5f, 0x6d, 0x74, 0x6c, 0x5f, 0x75, 0x2e, 0x75, 0x5f, 0x66, 0x46, 0x6c, 0x69, 0x70, // t(_mtl_u.u_fFlip
	0x62, 0x6f, 0x6f, 0x6b, 0x49, 0x6e, 0x64, 0x65, 0x78, 0x41, 0x6e, 0x64, 0x4e, 0x65, 0x78, 0x74, // bookIndexAndNext
	0x52, 0x61, 0x74, 0x65, 0x5b, 0x67, 0x6c, 0x5f, 0x49, 0x6e, 0x73, 0x74, 0x61, 0x6e, 0x63, 0x65, // Rate[gl_Instance
	0x49, 0x6e, 0x64, 0x65, 0x78, 0x5d, 0x2e, 0x78, 0x29, 0x3b, 0x0a, 0x20, 0x20, 0x20, 0x20, 0x7d, // Index].x);.    }
	0x0a, 0x20, 0x20, 0x20, 0x20, 0x65, 0x6c, 0x73, 0x65, 0x0a, 0x20, 0x20, 0x20, 0x20, 0x7b, 0x0a, // .    else.    {.
	0x20, 0x20, 0x20, 0x20, 0x20, 0x20, 0x20, 0x20, 0x5f, 0x31, 0x39, 0x31, 0x35, 0x20, 0x3d, 0x20, //         _1915 = 
	0x66, 0x6c, 0x6f, 0x61, 0x74, 0x32, 0x28, 0x30, 0x2e, 0x30, 0x29, 0x3b, 0x0a, 0x20, 0x20, 0x20, // float2(0.0);.   
	0x20, 0x20, 0x20, 0x20, 0x20, 0x5f, 0x31, 0x37, 0x38, 0x36, 0x20, 0x3d, 0x20, 0x30, 0x2e, 0x30, //      _1786 = 0.0
	0x3b, 0x0a, 0x20, 0x20, 0x20, 0x20, 0x7d, 0x0a, 0x20, 0x20, 0x20, 0x20, 0x66, 0x6c, 0x6f, 0x61, // ;.    }.    floa
	0x74, 0x34, 0x20, 0x5f, 0x31, 0x39, 0x34, 0x39, 0x20, 0x3d, 0x20, 0x66, 0x6c, 0x6f, 0x61, 0x74, // t4 _1949 = float
	0x34, 0x28, 0x28, 0x69, 0x6e, 0x2e, 0x61, 0x5f, 0x74, 0x65, 0x78, 0x63, 0x6f, 0x6f, 0x72, 0x64, // 4((in.a_texcoord
	0x30, 0x2e, 0x78, 0x20, 0x2a, 0x20, 0x5f, 0x6d, 0x74, 0x6c, 0x5f, 0x75, 0x2e, 0x75, 0x5f, 0x66, // 0.x * _mtl_u.u_f
	0x42, 0x6c, 0x65, 0x6e, 0x64, 0x55, 0x56, 0x5b, 0x67, 0x6c, 0x5f, 0x49, 0x6e, 0x73, 0x74, 0x61, // BlendUV[gl_Insta
	0x6e, 0x63, 0x65, 0x49, 0x6e, 0x64, 0x65, 0x78, 0x5d, 0x2e, 0x7a, 0x29, 0x20, 0x2b, 0x20, 0x5f, // nceIndex].z) + _
	0x6d, 0x74, 0x6c, 0x5f, 0x75, 0x2e, 0x75, 0x5f, 0x66, 0x42, 0x6c, 0x65, 0x6e, 0x64, 0x55, 0x56, // mtl_u.u_fBlendUV
	0x5b, 0x67, 0x6c, 0x5f, 0x49, 0x6e, 0x73, 0x74, 0x61, 0x6e, 0x63, 0x65, 0x49, 0x6e, 0x64, 0x65, // [gl_InstanceInde
	0x78, 0x5d, 0x2e, 0x78, 0x2c, 0x20, 0x5f, 0x31, 0x31, 0x36, 0x33, 0x2c, 0x20, 0x5f, 0x31, 0x39, // x].x, _1163, _19
	0x31, 0x35, 0x29, 0x3b, 0x0a, 0x20, 0x20, 0x20, 0x20, 0x5f, 0x31, 0x39, 0x34, 0x35, 0x2e, 0x79, // 15);.    _1945.y
	0x20, 0x3d, 0x20, 0x5f, 0x6d, 0x74, 0x6c, 0x5f, 0x75, 0x2e, 0x75, 0x5f, 0x6d, 0x55, 0x56, 0x49, //  = _mtl_u.u_mUVI
	0x6e, 0x76, 0x65, 0x72, 0x73, 0x65, 0x64, 0x2e, 0x78, 0x20, 0x2b, 0x20, 0x28, 0x5f, 0x6d, 0x74, // nversed.x + (_mt
	0x6c, 0x5f, 0x75, 0x2e, 0x75, 0x5f, 0x6d, 0x55, 0x56, 0x49, 0x6e, 0x76, 0x65, 0x72, 0x73, 0x65, // l_u.u_mUVInverse
	0x64, 0x2e, 0x79, 0x20, 0x2a, 0x20, 0x5f, 0x31, 0x31, 0x32, 0x37, 0x29, 0x3b, 0x0a, 0x20, 0x20, // d.y * _1127);.  
	0x20, 0x20, 0x5f, 0x31, 0x39, 0x34, 0x35, 0x2e, 0x77, 0x20, 0x3d, 0x20, 0x5f, 0x6d, 0x74, 0x6c, //   _1945.w = _mtl
	0x5f, 0x75, 0x2e, 0x75, 0x5f, 0x6d, 0x55, 0x56, 0x49, 0x6e, 0x76, 0x65, 0x72, 0x73, 0x65, 0x64, // _u.u_mUVInversed
	0x2e, 0x78, 0x20, 0x2b, 0x20, 0x28, 0x5f, 0x6d, 0x74, 0x6c, 0x5f, 0x75, 0x2e, 0x75, 0x5f, 0x6d, // .x + (_mtl_u.u_m
	0x55, 0x56, 0x49, 0x6e, 0x76, 0x65, 0x72, 0x73, 0x65, 0x64, 0x2e, 0x79, 0x20, 0x2a, 0x20, 0x5f, // UVInversed.y * _
	0x31, 0x31, 0x34, 0x35, 0x29, 0x3b, 0x0a, 0x20, 0x20, 0x20, 0x20, 0x5f, 0x31, 0x39, 0x34, 0x39, // 1145);.    _1949
	0x2e, 0x79, 0x20, 0x3d, 0x20, 0x5f, 0x6d, 0x74, 0x6c, 0x5f, 0x75, 0x2e, 0x75, 0x5f, 0x6d, 0x55, // .y = _mtl_u.u_mU
	0x56, 0x49, 0x6e, 0x76, 0x65, 0x72, 0x73, 0x65, 0x64, 0x2e, 0x78, 0x20, 0x2b, 0x20, 0x28, 0x5f, // VInversed.x + (_
	0x6d, 0x74, 0x6c, 0x5f, 0x75, 0x2e, 0x75, 0x5f, 0x6d, 0x55, 0x56, 0x49, 0x6e, 0x76, 0x65, 0x72, // mtl_u.u_mUVInver
	0x73, 0x65, 0x64, 0x2e, 0x79, 0x20, 0x2a, 0x20, 0x5f, 0x31, 0x31, 0x36, 0x33, 0x29, 0x3b, 0x0a, // sed.y * _1163);.
	0x20, 0x20, 0x20, 0x20, 0x5f, 0x31, 0x39, 0x34, 0x36, 0x2e, 0x79, 0x20, 0x3d, 0x20, 0x5f, 0x6d, //     _1946.y = _m
	0x74, 0x6c, 0x5f, 0x75, 0x2e, 0x75, 0x5f, 0x6d, 0x55, 0x56, 0x49, 0x6e, 0x76, 0x65, 0x72, 0x73, // tl_u.u_mUVInvers
	0x65, 0x64, 0x2e, 0x78, 0x20, 0x2b, 0x20, 0x28, 0x5f, 0x6d, 0x74, 0x6c, 0x5f, 0x75, 0x2e, 0x75, // ed.x + (_mtl_u.u
	0x5f, 0x6d, 0x55, 0x56, 0x49, 0x6e, 0x76, 0x65, 0x72, 0x73, 0x65, 0x64, 0x2e, 0x79, 0x20, 0x2a, // _mUVInversed.y *
	0x20, 0x5f, 0x31, 0x31, 0x38, 0x31, 0x29, 0x3b, 0x0a, 0x20, 0x20, 0x20, 0x20, 0x5f, 0x31, 0x39, //  _1181);.    _19
	0x34, 0x36, 0x2e, 0x77, 0x20, 0x3d, 0x20, 0x5f, 0x6d, 0x74, 0x6c, 0x5f, 0x75, 0x2e, 0x75, 0x5f, // 46.w = _mtl_u.u_
	0x6d, 0x55, 0x56, 0x49, 0x6e, 0x76, 0x65, 0x72, 0x73, 0x65, 0x64, 0x2e, 0x78, 0x20, 0x2b, 0x20, // mUVInversed.x + 
	0x28, 0x5f, 0x6d, 0x74, 0x6c, 0x5f, 0x75, 0x2e, 0x75, 0x5f, 0x6d, 0x55, 0x56, 0x49, 0x6e, 0x76, // (_mtl_u.u_mUVInv
	0x65, 0x72, 0x73, 0x65, 0x64, 0x2e, 0x79, 0x20, 0x2a, 0x20, 0x5f, 0x31, 0x31, 0x39, 0x39, 0x29, // ersed.y * _1199)
	0x3b, 0x0a, 0x20, 0x20, 0x20, 0x20, 0x6f, 0x75, 0x74, 0x2e, 0x67, 0x6c, 0x5f, 0x50, 0x6f, 0x73, // ;.    out.gl_Pos
	0x69, 0x74, 0x69, 0x6f, 0x6e, 0x20, 0x3d, 0x20, 0x5f, 0x31, 0x30, 0x30, 0x39, 0x3b, 0x0a, 0x20, // ition = _1009;. 
	0x20, 0x20, 0x20, 0x6f, 0x75, 0x74, 0x2e, 0x5f, 0x65, 0x6e, 0x74, 0x72, 0x79, 0x50, 0x6f, 0x69, //    out._entryPoi
	0x6e, 0x74, 0x4f, 0x75, 0x74, 0x70, 0x75, 0x74, 0x5f, 0x76, 0x5f, 0x41, 0x6c, 0x70, 0x68, 0x61, // ntOutput_v_Alpha
	0x5f, 0x44, 0x69, 0x73, 0x74, 0x5f, 0x55, 0x56, 0x20, 0x3d, 0x20, 0x5f, 0x31, 0x39, 0x34, 0x35, // _Dist_UV = _1945
	0x3b, 0x0a, 0x20, 0x20, 0x20, 0x20, 0x6f, 0x75, 0x74, 0x2e, 0x5f, 0x65, 0x6e, 0x74, 0x72, 0x79, // ;.    out._entry
	0x50, 0x6f, 0x69, 0x6e, 0x74, 0x4f, 0x75, 0x74, 0x70, 0x75, 0x74, 0x5f, 0x76, 0x5f, 0x42, 0x6c, // PointOutput_v_Bl
	0x65, 0x6e, 0x64, 0x5f, 0x41, 0x6c, 0x70, 0x68, 0x61, 0x5f, 0x44, 0x69, 0x73, 0x74, 0x5f, 0x55, // end_Alpha_Dist_U
	0x56, 0x20, 0x3d, 0x20, 0x5f, 0x31, 0x39, 0x34, 0x36, 0x3b, 0x0a, 0x20, 0x20, 0x20, 0x20, 0x6f, // V = _1946;.    o
	0x75, 0x74, 0x2e, 0x5f, 0x65, 0x6e, 0x74, 0x72, 0x79, 0x50, 0x6f, 0x69, 0x6e, 0x74, 0x4f, 0x75, // ut._entryPointOu
	0x74, 0x70, 0x75, 0x74, 0x5f, 0x76, 0x5f, 0x42, 0x6c, 0x65, 0x6e, 0x64, 0x5f, 0x46, 0x42, 0x4e, // tput_v_Blend_FBN
	0x65, 0x78, 0x74, 0x49, 0x6e, 0x64, 0x65, 0x78, 0x5f, 0x55, 0x56, 0x20, 0x3d, 0x20, 0x5f, 0x31, // extIndex_UV = _1
	0x39, 0x34, 0x39, 0x3b, 0x0a, 0x20, 0x20, 0x20, 0x20, 0x6f, 0x75, 0x74, 0x2e, 0x5f, 0x65, 0x6e, // 949;.    out._en
	0x74, 0x72, 0x79, 0x50, 0x6f, 0x69, 0x6e, 0x74, 0x4f, 0x75, 0x74, 0x70, 0x75, 0x74, 0x5f, 0x76, // tryPointOutput_v
	0x5f, 0x43, 0x6f, 0x6c, 0x6f, 0x72, 0x20, 0x3d, 0x20, 0x5f, 0x6d, 0x74, 0x6c, 0x5f, 0x75, 0x2e, // _Color = _mtl_u.
	0x75, 0x5f, 0x66, 0x4d, 0x6f, 0x64, 0x65, 0x6c, 0x43, 0x6f, 0x6c, 0x6f, 0x72, 0x5b, 0x67, 0x6c, // u_fModelColor[gl
	0x5f, 0x49, 0x6e, 0x73, 0x74, 0x61, 0x6e, 0x63, 0x65, 0x49, 0x6e, 0x64, 0x65, 0x78, 0x5d, 0x20, // _InstanceIndex] 
	0x2a, 0x20, 0x69, 0x6e, 0x2e, 0x61, 0x5f, 0x63, 0x6f, 0x6c, 0x6f, 0x72, 0x30, 0x3b, 0x0a, 0x20, // * in.a_color0;. 
	0x20, 0x20, 0x20, 0x6f, 0x75, 0x74, 0x2e, 0x5f, 0x65, 0x6e, 0x74, 0x72, 0x79, 0x50, 0x6f, 0x69, //    out._entryPoi
	0x6e, 0x74, 0x4f, 0x75, 0x74, 0x70, 0x75, 0x74, 0x5f, 0x76, 0x5f, 0x50, 0x6f, 0x73, 0x50, 0x20, // ntOutput_v_PosP 
	0x3d, 0x20, 0x5f, 0x31, 0x30, 0x30, 0x39, 0x3b, 0x0a, 0x20, 0x20, 0x20, 0x20, 0x6f, 0x75, 0x74, // = _1009;.    out
	0x2e, 0x5f, 0x65, 0x6e, 0x74, 0x72, 0x79, 0x50, 0x6f, 0x69, 0x6e, 0x74, 0x4f, 0x75, 0x74, 0x70, // ._entryPointOutp
	0x75, 0x74, 0x5f, 0x76, 0x5f, 0x55, 0x56, 0x5f, 0x4f, 0x74, 0x68, 0x65, 0x72, 0x73, 0x20, 0x3d, // ut_v_UV_Others =
	0x20, 0x66, 0x6c, 0x6f, 0x61, 0x74, 0x34, 0x28, 0x5f, 0x31, 0x30, 0x32, 0x30, 0x2c, 0x20, 0x5f, //  float4(_1020, _
	0x31, 0x30, 0x33, 0x38, 0x2c, 0x20, 0x5f, 0x31, 0x37, 0x38, 0x36, 0x2c, 0x20, 0x5f, 0x6d, 0x74, // 1038, _1786, _mt
	0x6c, 0x5f, 0x75, 0x2e, 0x75, 0x5f, 0x66, 0x4d, 0x6f, 0x64, 0x65, 0x6c, 0x41, 0x6c, 0x70, 0x68, // l_u.u_fModelAlph
	0x61, 0x54, 0x68, 0x72, 0x65, 0x73, 0x68, 0x6f, 0x6c, 0x64, 0x5b, 0x67, 0x6c, 0x5f, 0x49, 0x6e, // aThreshold[gl_In
	0x73, 0x74, 0x61, 0x6e, 0x63, 0x65, 0x49, 0x6e, 0x64, 0x65, 0x78, 0x5d, 0x2e, 0x78, 0x29, 0x3b, // stanceIndex].x);
	0x0a, 0x20, 0x20, 0x20, 0x20, 0x6f, 0x75, 0x74, 0x2e, 0x5f, 0x65, 0x6e, 0x74, 0x72, 0x79, 0x50, // .    out._entryP
	0x6f, 0x69, 0x6e, 0x74, 0x4f, 0x75, 0x74, 0x70, 0x75, 0x74, 0x5f, 0x76, 0x5f, 0x57, 0x6f, 0x72, // ointOutput_v_Wor
	0x6c, 0x64, 0x4e, 0x20, 0x3d, 0x20, 0x66, 0x61, 0x73, 0x74, 0x3a, 0x3a, 0x6e, 0x6f, 0x72, 0x6d, // ldN = fast::norm
	0x61, 0x6c, 0x69, 0x7a, 0x65, 0x28, 0x5f, 0x6d, 0x74, 0x6c, 0x5f, 0x75, 0x2e, 0x75, 0x5f, 0x6d, // alize(_mtl_u.u_m
	0x4d, 0x6f, 0x64, 0x65, 0x6c, 0x5f, 0x49, 0x6e, 0x73, 0x74, 0x5b, 0x67, 0x6c, 0x5f, 0x49, 0x6e, // Model_Inst[gl_In
	0x73, 0x74, 0x61, 0x6e, 0x63, 0x65, 0x49, 0x6e, 0x64, 0x65, 0x78, 0x5d, 0x20, 0x2a, 0x20, 0x66, // stanceIndex] * f
	0x6c, 0x6f, 0x61, 0x74, 0x34, 0x28, 0x69, 0x6e, 0x2e, 0x61, 0x5f, 0x6e, 0x6f, 0x72, 0x6d, 0x61, // loat4(in.a_norma
	0x6c, 0x2e, 0x78, 0x2c, 0x20, 0x69, 0x6e, 0x2e, 0x61, 0x5f, 0x6e, 0x6f, 0x72, 0x6d, 0x61, 0x6c, // l.x, in.a_normal
	0x2e, 0x79, 0x2c, 0x20, 0x69, 0x6e, 0x2e, 0x61, 0x5f, 0x6e, 0x6f, 0x72, 0x6d, 0x61, 0x6c, 0x2e, // .y, in.a_normal.
	0x7a, 0x2c, 0x20, 0x30, 0x2e, 0x30, 0x29, 0x29, 0x2e, 0x78, 0x79, 0x7a, 0x3b, 0x0a, 0x20, 0x20, // z, 0.0)).xyz;.  
	0x20, 0x20, 0x72, 0x65, 0x74, 0x75, 0x72, 0x6e, 0x20, 0x6f, 0x75, 0x74, 0x3b, 0x0a, 0x7d, 0x0a, //   return out;.}.
	0x0a, 0x00, 0x07, 0x04, 0x00, 0x05, 0x00, 0x02, 0x00, 0x01, 0x00, 0x03, 0x00, 0x10, 0x00, 0xff, // ................
	0xff, 0xf0, 0x20,                                                                               // .. 
};
