static const uint8_t ad_model_lit_ps_essl[11771] =
{
	0x46, 0x53, 0x48, 0x0c, 0x86, 0x32, 0x45, 0x95, 0x00, 0x00, 0x00, 0x00, 0x00, 0x00, 0x00, 0x00, // FSH..2E.........
	0x00, 0x00, 0x00, 0x00, 0x1a, 0x00, 0x0d, 0x75, 0x5f, 0x66, 0x73, 0x6d, 0x69, 0x73, 0x63, 0x46, // .......u_fsmiscF
	0x6c, 0x61, 0x67, 0x73, 0x02, 0x01, 0x00, 0x00, 0x01, 0x00, 0x00, 0x00, 0x00, 0x00, 0x1a, 0x75, // lags...........u
	0x5f, 0x66, 0x73, 0x66, 0x55, 0x56, 0x44, 0x69, 0x73, 0x74, 0x6f, 0x72, 0x74, 0x69, 0x6f, 0x6e, // _fsfUVDistortion
	0x50, 0x61, 0x72, 0x61, 0x6d, 0x65, 0x74, 0x65, 0x72, 0x02, 0x01, 0x00, 0x00, 0x01, 0x00, 0x00, // Parameter.......
	0x00, 0x00, 0x00, 0x16, 0x75, 0x5f, 0x66, 0x73, 0x66, 0x46, 0x6c, 0x69, 0x70, 0x62, 0x6f, 0x6f, // ....u_fsfFlipboo
	0x6b, 0x50, 0x61, 0x72, 0x61, 0x6d, 0x65, 0x74, 0x65, 0x72, 0x02, 0x01, 0x00, 0x00, 0x01, 0x00, // kParameter......
	0x00, 0x00, 0x00, 0x00, 0x1a, 0x75, 0x5f, 0x66, 0x73, 0x66, 0x42, 0x6c, 0x65, 0x6e, 0x64, 0x54, // .....u_fsfBlendT
	0x65, 0x78, 0x74, 0x75, 0x72, 0x65, 0x50, 0x61, 0x72, 0x61, 0x6d, 0x65, 0x74, 0x65, 0x72, 0x02, // extureParameter.
	0x01, 0x00, 0x00, 0x01, 0x00, 0x00, 0x00, 0x00, 0x00, 0x13, 0x75, 0x5f, 0x66, 0x73, 0x66, 0x4c, // ..........u_fsfL
	0x69, 0x67, 0x68, 0x74, 0x44, 0x69, 0x72, 0x65, 0x63, 0x74, 0x69, 0x6f, 0x6e, 0x02, 0x01, 0x00, // ightDirection...
	0x00, 0x01, 0x00, 0x00, 0x00, 0x00, 0x00, 0x0f, 0x75, 0x5f, 0x66, 0x73, 0x66, 0x4c, 0x69, 0x67, // ........u_fsfLig
	0x68, 0x74, 0x43, 0x6f, 0x6c, 0x6f, 0x72, 0x02, 0x01, 0x00, 0x00, 0x01, 0x00, 0x00, 0x00, 0x00, // htColor.........
	0x00, 0x11, 0x75, 0x5f, 0x66, 0x73, 0x66, 0x4c, 0x69, 0x67, 0x68, 0x74, 0x41, 0x6d, 0x62, 0x69, // ..u_fsfLightAmbi
	0x65, 0x6e, 0x74, 0x02, 0x01, 0x00, 0x00, 0x01, 0x00, 0x00, 0x00, 0x00, 0x00, 0x15, 0x75, 0x5f, // ent...........u_
	0x66, 0x73, 0x66, 0x46, 0x61, 0x6c, 0x6c, 0x6f, 0x66, 0x66, 0x50, 0x61, 0x72, 0x61, 0x6d, 0x65, // fsfFalloffParame
	0x74, 0x65, 0x72, 0x02, 0x01, 0x00, 0x00, 0x01, 0x00, 0x00, 0x00, 0x00, 0x00, 0x19, 0x75, 0x5f, // ter...........u_
	0x66, 0x73, 0x66, 0x43, 0x61, 0x6d, 0x65, 0x72, 0x61, 0x46, 0x72, 0x6f, 0x6e, 0x74, 0x44, 0x69, // fsfCameraFrontDi
	0x72, 0x65, 0x63, 0x74, 0x69, 0x6f, 0x6e, 0x02, 0x01, 0x00, 0x00, 0x01, 0x00, 0x00, 0x00, 0x00, // rection.........
	0x00, 0x14, 0x75, 0x5f, 0x66, 0x73, 0x66, 0x46, 0x61, 0x6c, 0x6c, 0x6f, 0x66, 0x66, 0x45, 0x6e, // ..u_fsfFalloffEn
	0x64, 0x43, 0x6f, 0x6c, 0x6f, 0x72, 0x02, 0x01, 0x00, 0x00, 0x01, 0x00, 0x00, 0x00, 0x00, 0x00, // dColor..........
	0x16, 0x75, 0x5f, 0x66, 0x73, 0x66, 0x46, 0x61, 0x6c, 0x6c, 0x6f, 0x66, 0x66, 0x42, 0x65, 0x67, // .u_fsfFalloffBeg
	0x69, 0x6e, 0x43, 0x6f, 0x6c, 0x6f, 0x72, 0x02, 0x01, 0x00, 0x00, 0x01, 0x00, 0x00, 0x00, 0x00, // inColor.........
	0x00, 0x14, 0x75, 0x5f, 0x66, 0x73, 0x66, 0x45, 0x6d, 0x69, 0x73, 0x73, 0x69, 0x76, 0x65, 0x53, // ..u_fsfEmissiveS
	0x63, 0x61, 0x6c, 0x69, 0x6e, 0x67, 0x02, 0x01, 0x00, 0x00, 0x01, 0x00, 0x00, 0x00, 0x00, 0x00, // caling..........
	0x13, 0x75, 0x5f, 0x66, 0x73, 0x6d, 0x55, 0x56, 0x49, 0x6e, 0x76, 0x65, 0x72, 0x73, 0x65, 0x64, // .u_fsmUVInversed
	0x42, 0x61, 0x63, 0x6b, 0x02, 0x01, 0x00, 0x00, 0x01, 0x00, 0x00, 0x00, 0x00, 0x00, 0x15, 0x75, // Back...........u
	0x5f, 0x66, 0x73, 0x73, 0x6f, 0x66, 0x74, 0x50, 0x61, 0x72, 0x74, 0x69, 0x63, 0x6c, 0x65, 0x50, // _fssoftParticleP
	0x61, 0x72, 0x61, 0x6d, 0x02, 0x01, 0x00, 0x00, 0x01, 0x00, 0x00, 0x00, 0x00, 0x00, 0x18, 0x75, // aram...........u
	0x5f, 0x66, 0x73, 0x72, 0x65, 0x63, 0x6f, 0x6e, 0x73, 0x74, 0x72, 0x75, 0x63, 0x74, 0x69, 0x6f, // _fsreconstructio
	0x6e, 0x50, 0x61, 0x72, 0x61, 0x6d, 0x31, 0x02, 0x01, 0x00, 0x00, 0x01, 0x00, 0x00, 0x00, 0x00, // nParam1.........
	0x00, 0x18, 0x75, 0x5f, 0x66, 0x73, 0x72, 0x65, 0x63, 0x6f, 0x6e, 0x73, 0x74, 0x72, 0x75, 0x63, // ..u_fsreconstruc
	0x74, 0x69, 0x6f, 0x6e, 0x50, 0x61, 0x72, 0x61, 0x6d, 0x32, 0x02, 0x01, 0x00, 0x00, 0x01, 0x00, // tionParam2......
	0x00, 0x00, 0x00, 0x00, 0x0e, 0x75, 0x5f, 0x66, 0x73, 0x66, 0x45, 0x64, 0x67, 0x65, 0x43, 0x6f, // .....u_fsfEdgeCo
	0x6c, 0x6f, 0x72, 0x02, 0x01, 0x00, 0x00, 0x01, 0x00, 0x00, 0x00, 0x00, 0x00, 0x12, 0x75, 0x5f, // lor...........u_
	0x66, 0x73, 0x66, 0x45, 0x64, 0x67, 0x65, 0x50, 0x61, 0x72, 0x61, 0x6d, 0x65, 0x74, 0x65, 0x72, // fsfEdgeParameter
	0x02, 0x01, 0x00, 0x00, 0x01, 0x00, 0x00, 0x00, 0x00, 0x00, 0x11, 0x73, 0x5f, 0x75, 0x76, 0x44, // ...........s_uvD
	0x69, 0x73, 0x74, 0x6f, 0x72, 0x74, 0x69, 0x6f, 0x6e, 0x54, 0x65, 0x78, 0x00, 0x01, 0x00, 0x00, // istortionTex....
	0x01, 0x00, 0x00, 0x02, 0x00, 0x00, 0x16, 0x73, 0x5f, 0x62, 0x6c, 0x65, 0x6e, 0x64, 0x55, 0x56, // .......s_blendUV
	0x44, 0x69, 0x73, 0x74, 0x6f, 0x72, 0x74, 0x69, 0x6f, 0x6e, 0x54, 0x65, 0x78, 0x00, 0x01, 0x00, // DistortionTex...
	0x00, 0x01, 0x00, 0x00, 0x02, 0x00, 0x00, 0x0a, 0x73, 0x5f, 0x63, 0x6f, 0x6c, 0x6f, 0x72, 0x54, // ........s_colorT
	0x65, 0x78, 0x00, 0x01, 0x00, 0x00, 0x01, 0x00, 0x00, 0x02, 0x00, 0x00, 0x0b, 0x73, 0x5f, 0x6e, // ex...........s_n
	0x6f, 0x72, 0x6d, 0x61, 0x6c, 0x54, 0x65, 0x78, 0x00, 0x01, 0x00, 0x00, 0x01, 0x00, 0x00, 0x02, // ormalTex........
	0x00, 0x00, 0x0a, 0x73, 0x5f, 0x61, 0x6c, 0x70, 0x68, 0x61, 0x54, 0x65, 0x78, 0x00, 0x01, 0x00, // ...s_alphaTex...
	0x00, 0x01, 0x00, 0x00, 0x02, 0x00, 0x00, 0x0a, 0x73, 0x5f, 0x62, 0x6c, 0x65, 0x6e, 0x64, 0x54, // ........s_blendT
	0x65, 0x78, 0x00, 0x01, 0x00, 0x00, 0x01, 0x00, 0x00, 0x02, 0x00, 0x00, 0x0f, 0x73, 0x5f, 0x62, // ex...........s_b
	0x6c, 0x65, 0x6e, 0x64, 0x41, 0x6c, 0x70, 0x68, 0x61, 0x54, 0x65, 0x78, 0x00, 0x01, 0x00, 0x00, // lendAlphaTex....
	0x01, 0x00, 0x00, 0x02, 0x00, 0x00, 0x0a, 0x73, 0x5f, 0x64, 0x65, 0x70, 0x74, 0x68, 0x54, 0x65, // .......s_depthTe
	0x78, 0x00, 0x01, 0x00, 0x00, 0x01, 0x00, 0x00, 0x02, 0x00, 0x00, 0xeb, 0x2a, 0x00, 0x00, 0x70, // x...........*..p
	0x72, 0x65, 0x63, 0x69, 0x73, 0x69, 0x6f, 0x6e, 0x20, 0x6d, 0x65, 0x64, 0x69, 0x75, 0x6d, 0x70, // recision mediump
	0x20, 0x66, 0x6c, 0x6f, 0x61, 0x74, 0x3b, 0x0a, 0x70, 0x72, 0x65, 0x63, 0x69, 0x73, 0x69, 0x6f, //  float;.precisio
	0x6e, 0x20, 0x68, 0x69, 0x67, 0x68, 0x70, 0x20, 0x69, 0x6e, 0x74, 0x3b, 0x0a, 0x0a, 0x66, 0x6c, // n highp int;..fl
	0x6f, 0x61, 0x74, 0x20, 0x5f, 0x32, 0x38, 0x38, 0x32, 0x3b, 0x0a, 0x0a, 0x75, 0x6e, 0x69, 0x66, // oat _2882;..unif
	0x6f, 0x72, 0x6d, 0x20, 0x68, 0x69, 0x67, 0x68, 0x70, 0x20, 0x73, 0x61, 0x6d, 0x70, 0x6c, 0x65, // orm highp sample
	0x72, 0x32, 0x44, 0x20, 0x73, 0x5f, 0x75, 0x76, 0x44, 0x69, 0x73, 0x74, 0x6f, 0x72, 0x74, 0x69, // r2D s_uvDistorti
	0x6f, 0x6e, 0x54, 0x65, 0x78, 0x3b, 0x0a, 0x75, 0x6e, 0x69, 0x66, 0x6f, 0x72, 0x6d, 0x20, 0x68, // onTex;.uniform h
	0x69, 0x67, 0x68, 0x70, 0x20, 0x73, 0x61, 0x6d, 0x70, 0x6c, 0x65, 0x72, 0x32, 0x44, 0x20, 0x73, // ighp sampler2D s
	0x5f, 0x62, 0x6c, 0x65, 0x6e, 0x64, 0x55, 0x56, 0x44, 0x69, 0x73, 0x74, 0x6f, 0x72, 0x74, 0x69, // _blendUVDistorti
	0x6f, 0x6e, 0x54, 0x65, 0x78, 0x3b, 0x0a, 0x75, 0x6e, 0x69, 0x66, 0x6f, 0x72, 0x6d, 0x20, 0x68, // onTex;.uniform h
	0x69, 0x67, 0x68, 0x70, 0x20, 0x73, 0x61, 0x6d, 0x70, 0x6c, 0x65, 0x72, 0x32, 0x44, 0x20, 0x73, // ighp sampler2D s
	0x5f, 0x63, 0x6f, 0x6c, 0x6f, 0x72, 0x54, 0x65, 0x78, 0x3b, 0x0a, 0x75, 0x6e, 0x69, 0x66, 0x6f, // _colorTex;.unifo
	0x72, 0x6d, 0x20, 0x68, 0x69, 0x67, 0x68, 0x70, 0x20, 0x76, 0x65, 0x63, 0x34, 0x20, 0x75, 0x5f, // rm highp vec4 u_
	0x66, 0x73, 0x6d, 0x69, 0x73, 0x63, 0x46, 0x6c, 0x61, 0x67, 0x73, 0x3b, 0x0a, 0x75, 0x6e, 0x69, // fsmiscFlags;.uni
	0x66, 0x6f, 0x72, 0x6d, 0x20, 0x68, 0x69, 0x67, 0x68, 0x70, 0x20, 0x76, 0x65, 0x63, 0x34, 0x20, // form highp vec4 
	0x75, 0x5f, 0x66, 0x73, 0x66, 0x55, 0x56, 0x44, 0x69, 0x73, 0x74, 0x6f, 0x72, 0x74, 0x69, 0x6f, // u_fsfUVDistortio
	0x6e, 0x50, 0x61, 0x72, 0x61, 0x6d, 0x65, 0x74, 0x65, 0x72, 0x3b, 0x0a, 0x75, 0x6e, 0x69, 0x66, // nParameter;.unif
	0x6f, 0x72, 0x6d, 0x20, 0x68, 0x69, 0x67, 0x68, 0x70, 0x20, 0x73, 0x61, 0x6d, 0x70, 0x6c, 0x65, // orm highp sample
	0x72, 0x32, 0x44, 0x20, 0x73, 0x5f, 0x6e, 0x6f, 0x72, 0x6d, 0x61, 0x6c, 0x54, 0x65, 0x78, 0x3b, // r2D s_normalTex;
	0x0a, 0x75, 0x6e, 0x69, 0x66, 0x6f, 0x72, 0x6d, 0x20, 0x68, 0x69, 0x67, 0x68, 0x70, 0x20, 0x76, // .uniform highp v
	0x65, 0x63, 0x34, 0x20, 0x75, 0x5f, 0x66, 0x73, 0x66, 0x46, 0x6c, 0x69, 0x70, 0x62, 0x6f, 0x6f, // ec4 u_fsfFlipboo
	0x6b, 0x50, 0x61, 0x72, 0x61, 0x6d, 0x65, 0x74, 0x65, 0x72, 0x3b, 0x0a, 0x75, 0x6e, 0x69, 0x66, // kParameter;.unif
	0x6f, 0x72, 0x6d, 0x20, 0x68, 0x69, 0x67, 0x68, 0x70, 0x20, 0x73, 0x61, 0x6d, 0x70, 0x6c, 0x65, // orm highp sample
	0x72, 0x32, 0x44, 0x20, 0x73, 0x5f, 0x61, 0x6c, 0x70, 0x68, 0x61, 0x54, 0x65, 0x78, 0x3b, 0x0a, // r2D s_alphaTex;.
	0x75, 0x6e, 0x69, 0x66, 0x6f, 0x72, 0x6d, 0x20, 0x68, 0x69, 0x67, 0x68, 0x70, 0x20, 0x73, 0x61, // uniform highp sa
	0x6d, 0x70, 0x6c, 0x65, 0x72, 0x32, 0x44, 0x20, 0x73, 0x5f, 0x62, 0x6c, 0x65, 0x6e, 0x64, 0x54, // mpler2D s_blendT
	0x65, 0x78, 0x3b, 0x0a, 0x75, 0x6e, 0x69, 0x66, 0x6f, 0x72, 0x6d, 0x20, 0x68, 0x69, 0x67, 0x68, // ex;.uniform high
	0x70, 0x20, 0x73, 0x61, 0x6d, 0x70, 0x6c, 0x65, 0x72, 0x32, 0x44, 0x20, 0x73, 0x5f, 0x62, 0x6c, // p sampler2D s_bl
	0x65, 0x6e, 0x64, 0x41, 0x6c, 0x70, 0x68, 0x61, 0x54, 0x65, 0x78, 0x3b, 0x0a, 0x75, 0x6e, 0x69, // endAlphaTex;.uni
	0x66, 0x6f, 0x72, 0x6d, 0x20, 0x68, 0x69, 0x67, 0x68, 0x70, 0x20, 0x76, 0x65, 0x63, 0x34, 0x20, // form highp vec4 
	0x75, 0x5f, 0x66, 0x73, 0x66, 0x42, 0x6c, 0x65, 0x6e, 0x64, 0x54, 0x65, 0x78, 0x74, 0x75, 0x72, // u_fsfBlendTextur
	0x65, 0x50, 0x61, 0x72, 0x61, 0x6d, 0x65, 0x74, 0x65, 0x72, 0x3b, 0x0a, 0x75, 0x6e, 0x69, 0x66, // eParameter;.unif
	0x6f, 0x72, 0x6d, 0x20, 0x68, 0x69, 0x67, 0x68, 0x70, 0x20, 0x76, 0x65, 0x63, 0x34, 0x20, 0x75, // orm highp vec4 u
	0x5f, 0x66, 0x73, 0x66, 0x4c, 0x69, 0x67, 0x68, 0x74, 0x44, 0x69, 0x72, 0x65, 0x63, 0x74, 0x69, // _fsfLightDirecti
	0x6f, 0x6e, 0x3b, 0x0a, 0x75, 0x6e, 0x69, 0x66, 0x6f, 0x72, 0x6d, 0x20, 0x68, 0x69, 0x67, 0x68, // on;.uniform high
	0x70, 0x20, 0x76, 0x65, 0x63, 0x34, 0x20, 0x75, 0x5f, 0x66, 0x73, 0x66, 0x4c, 0x69, 0x67, 0x68, // p vec4 u_fsfLigh
	0x74, 0x43, 0x6f, 0x6c, 0x6f, 0x72, 0x3b, 0x0a, 0x75, 0x6e, 0x69, 0x66, 0x6f, 0x72, 0x6d, 0x20, // tColor;.uniform 
	0x68, 0x69, 0x67, 0x68, 0x70, 0x20, 0x76, 0x65, 0x63, 0x34, 0x20, 0x75, 0x5f, 0x66, 0x73, 0x66, // highp vec4 u_fsf
	0x4c, 0x69, 0x67, 0x68, 0x74, 0x41, 0x6d, 0x62, 0x69, 0x65, 0x6e, 0x74, 0x3b, 0x0a, 0x75, 0x6e, // LightAmbient;.un
	0x69, 0x66, 0x6f, 0x72, 0x6d, 0x20, 0x68, 0x69, 0x67, 0x68, 0x70, 0x20, 0x76, 0x65, 0x63, 0x34, // iform highp vec4
	0x20, 0x75, 0x5f, 0x66, 0x73, 0x66, 0x46, 0x61, 0x6c, 0x6c, 0x6f, 0x66, 0x66, 0x50, 0x61, 0x72, //  u_fsfFalloffPar
	0x61, 0x6d, 0x65, 0x74, 0x65, 0x72, 0x3b, 0x0a, 0x75, 0x6e, 0x69, 0x66, 0x6f, 0x72, 0x6d, 0x20, // ameter;.uniform 
	0x68, 0x69, 0x67, 0x68, 0x70, 0x20, 0x76, 0x65, 0x63, 0x34, 0x20, 0x75, 0x5f, 0x66, 0x73, 0x66, // highp vec4 u_fsf
	0x43, 0x61, 0x6d, 0x65, 0x72, 0x61, 0x46, 0x72, 0x6f, 0x6e, 0x74, 0x44, 0x69, 0x72, 0x65, 0x63, // CameraFrontDirec
	0x74, 0x69, 0x6f, 0x6e, 0x3b, 0x0a, 0x75, 0x6e, 0x69, 0x66, 0x6f, 0x72, 0x6d, 0x20, 0x68, 0x69, // tion;.uniform hi
	0x67, 0x68, 0x70, 0x20, 0x76, 0x65, 0x63, 0x34, 0x20, 0x75, 0x5f, 0x66, 0x73, 0x66, 0x46, 0x61, // ghp vec4 u_fsfFa
	0x6c, 0x6c, 0x6f, 0x66, 0x66, 0x45, 0x6e, 0x64, 0x43, 0x6f, 0x6c, 0x6f, 0x72, 0x3b, 0x0a, 0x75, // lloffEndColor;.u
	0x6e, 0x69, 0x66, 0x6f, 0x72, 0x6d, 0x20, 0x68, 0x69, 0x67, 0x68, 0x70, 0x20, 0x76, 0x65, 0x63, // niform highp vec
	0x34, 0x20, 0x75, 0x5f, 0x66, 0x73, 0x66, 0x46, 0x61, 0x6c, 0x6c, 0x6f, 0x66, 0x66, 0x42, 0x65, // 4 u_fsfFalloffBe
	0x67, 0x69, 0x6e, 0x43, 0x6f, 0x6c, 0x6f, 0x72, 0x3b, 0x0a, 0x75, 0x6e, 0x69, 0x66, 0x6f, 0x72, // ginColor;.unifor
	0x6d, 0x20, 0x68, 0x69, 0x67, 0x68, 0x70, 0x20, 0x76, 0x65, 0x63, 0x34, 0x20, 0x75, 0x5f, 0x66, // m highp vec4 u_f
	0x73, 0x66, 0x45, 0x6d, 0x69, 0x73, 0x73, 0x69, 0x76, 0x65, 0x53, 0x63, 0x61, 0x6c, 0x69, 0x6e, // sfEmissiveScalin
	0x67, 0x3b, 0x0a, 0x75, 0x6e, 0x69, 0x66, 0x6f, 0x72, 0x6d, 0x20, 0x68, 0x69, 0x67, 0x68, 0x70, // g;.uniform highp
	0x20, 0x76, 0x65, 0x63, 0x34, 0x20, 0x75, 0x5f, 0x66, 0x73, 0x6d, 0x55, 0x56, 0x49, 0x6e, 0x76, //  vec4 u_fsmUVInv
	0x65, 0x72, 0x73, 0x65, 0x64, 0x42, 0x61, 0x63, 0x6b, 0x3b, 0x0a, 0x75, 0x6e, 0x69, 0x66, 0x6f, // ersedBack;.unifo
	0x72, 0x6d, 0x20, 0x68, 0x69, 0x67, 0x68, 0x70, 0x20, 0x76, 0x65, 0x63, 0x34, 0x20, 0x75, 0x5f, // rm highp vec4 u_
	0x66, 0x73, 0x73, 0x6f, 0x66, 0x74, 0x50, 0x61, 0x72, 0x74, 0x69, 0x63, 0x6c, 0x65, 0x50, 0x61, // fssoftParticlePa
	0x72, 0x61, 0x6d, 0x3b, 0x0a, 0x75, 0x6e, 0x69, 0x66, 0x6f, 0x72, 0x6d, 0x20, 0x68, 0x69, 0x67, // ram;.uniform hig
	0x68, 0x70, 0x20, 0x73, 0x61, 0x6d, 0x70, 0x6c, 0x65, 0x72, 0x32, 0x44, 0x20, 0x73, 0x5f, 0x64, // hp sampler2D s_d
	0x65, 0x70, 0x74, 0x68, 0x54, 0x65, 0x78, 0x3b, 0x0a, 0x75, 0x6e, 0x69, 0x66, 0x6f, 0x72, 0x6d, // epthTex;.uniform
	0x20, 0x68, 0x69, 0x67, 0x68, 0x70, 0x20, 0x76, 0x65, 0x63, 0x34, 0x20, 0x75, 0x5f, 0x66, 0x73, //  highp vec4 u_fs
	0x72, 0x65, 0x63, 0x6f, 0x6e, 0x73, 0x74, 0x72, 0x75, 0x63, 0x74, 0x69, 0x6f, 0x6e, 0x50, 0x61, // reconstructionPa
	0x72, 0x61, 0x6d, 0x31, 0x3b, 0x0a, 0x75, 0x6e, 0x69, 0x66, 0x6f, 0x72, 0x6d, 0x20, 0x68, 0x69, // ram1;.uniform hi
	0x67, 0x68, 0x70, 0x20, 0x76, 0x65, 0x63, 0x34, 0x20, 0x75, 0x5f, 0x66, 0x73, 0x72, 0x65, 0x63, // ghp vec4 u_fsrec
	0x6f, 0x6e, 0x73, 0x74, 0x72, 0x75, 0x63, 0x74, 0x69, 0x6f, 0x6e, 0x50, 0x61, 0x72, 0x61, 0x6d, // onstructionParam
	0x32, 0x3b, 0x0a, 0x75, 0x6e, 0x69, 0x66, 0x6f, 0x72, 0x6d, 0x20, 0x68, 0x69, 0x67, 0x68, 0x70, // 2;.uniform highp
	0x20, 0x76, 0x65, 0x63, 0x34, 0x20, 0x75, 0x5f, 0x66, 0x73, 0x66, 0x45, 0x64, 0x67, 0x65, 0x43, //  vec4 u_fsfEdgeC
	0x6f, 0x6c, 0x6f, 0x72, 0x3b, 0x0a, 0x75, 0x6e, 0x69, 0x66, 0x6f, 0x72, 0x6d, 0x20, 0x68, 0x69, // olor;.uniform hi
	0x67, 0x68, 0x70, 0x20, 0x76, 0x65, 0x63, 0x34, 0x20, 0x75, 0x5f, 0x66, 0x73, 0x66, 0x45, 0x64, // ghp vec4 u_fsfEd
	0x67, 0x65, 0x50, 0x61, 0x72, 0x61, 0x6d, 0x65, 0x74, 0x65, 0x72, 0x3b, 0x0a, 0x0a, 0x69, 0x6e, // geParameter;..in
	0x20, 0x68, 0x69, 0x67, 0x68, 0x70, 0x20, 0x76, 0x65, 0x63, 0x34, 0x20, 0x76, 0x5f, 0x43, 0x6f, //  highp vec4 v_Co
	0x6c, 0x6f, 0x72, 0x3b, 0x0a, 0x69, 0x6e, 0x20, 0x68, 0x69, 0x67, 0x68, 0x70, 0x20, 0x76, 0x65, // lor;.in highp ve
	0x63, 0x34, 0x20, 0x76, 0x5f, 0x55, 0x56, 0x5f, 0x4f, 0x74, 0x68, 0x65, 0x72, 0x73, 0x3b, 0x0a, // c4 v_UV_Others;.
	0x69, 0x6e, 0x20, 0x68, 0x69, 0x67, 0x68, 0x70, 0x20, 0x76, 0x65, 0x63, 0x33, 0x20, 0x76, 0x5f, // in highp vec3 v_
	0x57, 0x6f, 0x72, 0x6c, 0x64, 0x4e, 0x3b, 0x0a, 0x69, 0x6e, 0x20, 0x68, 0x69, 0x67, 0x68, 0x70, // WorldN;.in highp
	0x20, 0x76, 0x65, 0x63, 0x33, 0x20, 0x76, 0x5f, 0x57, 0x6f, 0x72, 0x6c, 0x64, 0x42, 0x3b, 0x0a, //  vec3 v_WorldB;.
	0x69, 0x6e, 0x20, 0x68, 0x69, 0x67, 0x68, 0x70, 0x20, 0x76, 0x65, 0x63, 0x33, 0x20, 0x76, 0x5f, // in highp vec3 v_
	0x57, 0x6f, 0x72, 0x6c, 0x64, 0x54, 0x3b, 0x0a, 0x69, 0x6e, 0x20, 0x68, 0x69, 0x67, 0x68, 0x70, // WorldT;.in highp
	0x20, 0x76, 0x65, 0x63, 0x34, 0x20, 0x76, 0x5f, 0x41, 0x6c, 0x70, 0x68, 0x61, 0x5f, 0x44, 0x69, //  vec4 v_Alpha_Di
	0x73, 0x74, 0x5f, 0x55, 0x56, 0x3b, 0x0a, 0x69, 0x6e, 0x20, 0x68, 0x69, 0x67, 0x68, 0x70, 0x20, // st_UV;.in highp 
	0x76, 0x65, 0x63, 0x34, 0x20, 0x76, 0x5f, 0x42, 0x6c, 0x65, 0x6e, 0x64, 0x5f, 0x41, 0x6c, 0x70, // vec4 v_Blend_Alp
	0x68, 0x61, 0x5f, 0x44, 0x69, 0x73, 0x74, 0x5f, 0x55, 0x56, 0x3b, 0x0a, 0x69, 0x6e, 0x20, 0x68, // ha_Dist_UV;.in h
	0x69, 0x67, 0x68, 0x70, 0x20, 0x76, 0x65, 0x63, 0x34, 0x20, 0x76, 0x5f, 0x42, 0x6c, 0x65, 0x6e, // ighp vec4 v_Blen
	0x64, 0x5f, 0x46, 0x42, 0x4e, 0x65, 0x78, 0x74, 0x49, 0x6e, 0x64, 0x65, 0x78, 0x5f, 0x55, 0x56, // d_FBNextIndex_UV
	0x3b, 0x0a, 0x69, 0x6e, 0x20, 0x68, 0x69, 0x67, 0x68, 0x70, 0x20, 0x76, 0x65, 0x63, 0x34, 0x20, // ;.in highp vec4 
	0x76, 0x5f, 0x50, 0x6f, 0x73, 0x50, 0x3b, 0x0a, 0x6c, 0x61, 0x79, 0x6f, 0x75, 0x74, 0x28, 0x6c, // v_PosP;.layout(l
	0x6f, 0x63, 0x61, 0x74, 0x69, 0x6f, 0x6e, 0x20, 0x3d, 0x20, 0x30, 0x29, 0x20, 0x6f, 0x75, 0x74, // ocation = 0) out
	0x20, 0x68, 0x69, 0x67, 0x68, 0x70, 0x20, 0x76, 0x65, 0x63, 0x34, 0x20, 0x62, 0x67, 0x66, 0x78, //  highp vec4 bgfx
	0x5f, 0x46, 0x72, 0x61, 0x67, 0x43, 0x6f, 0x6c, 0x6f, 0x72, 0x3b, 0x0a, 0x0a, 0x76, 0x6f, 0x69, // _FragColor;..voi
	0x64, 0x20, 0x6d, 0x61, 0x69, 0x6e, 0x28, 0x29, 0x0a, 0x7b, 0x0a, 0x20, 0x20, 0x20, 0x20, 0x62, // d main().{.    b
	0x6f, 0x6f, 0x6c, 0x20, 0x5f, 0x31, 0x32, 0x35, 0x37, 0x20, 0x3d, 0x20, 0x75, 0x5f, 0x66, 0x73, // ool _1257 = u_fs
	0x6d, 0x69, 0x73, 0x63, 0x46, 0x6c, 0x61, 0x67, 0x73, 0x2e, 0x78, 0x20, 0x21, 0x3d, 0x20, 0x30, // miscFlags.x != 0
	0x2e, 0x30, 0x3b, 0x0a, 0x20, 0x20, 0x20, 0x20, 0x68, 0x69, 0x67, 0x68, 0x70, 0x20, 0x76, 0x65, // .0;.    highp ve
	0x63, 0x34, 0x20, 0x5f, 0x31, 0x36, 0x36, 0x38, 0x20, 0x3d, 0x20, 0x74, 0x65, 0x78, 0x74, 0x75, // c4 _1668 = textu
	0x72, 0x65, 0x28, 0x73, 0x5f, 0x75, 0x76, 0x44, 0x69, 0x73, 0x74, 0x6f, 0x72, 0x74, 0x69, 0x6f, // re(s_uvDistortio
	0x6e, 0x54, 0x65, 0x78, 0x2c, 0x20, 0x76, 0x5f, 0x41, 0x6c, 0x70, 0x68, 0x61, 0x5f, 0x44, 0x69, // nTex, v_Alpha_Di
	0x73, 0x74, 0x5f, 0x55, 0x56, 0x2e, 0x7a, 0x77, 0x29, 0x3b, 0x0a, 0x20, 0x20, 0x20, 0x20, 0x68, // st_UV.zw);.    h
	0x69, 0x67, 0x68, 0x70, 0x20, 0x76, 0x65, 0x63, 0x34, 0x20, 0x5f, 0x32, 0x38, 0x33, 0x38, 0x3b, // ighp vec4 _2838;
	0x0a, 0x20, 0x20, 0x20, 0x20, 0x69, 0x66, 0x20, 0x28, 0x5f, 0x31, 0x32, 0x35, 0x37, 0x29, 0x0a, // .    if (_1257).
	0x20, 0x20, 0x20, 0x20, 0x7b, 0x0a, 0x20, 0x20, 0x20, 0x20, 0x20, 0x20, 0x20, 0x20, 0x68, 0x69, //     {.        hi
	0x67, 0x68, 0x70, 0x20, 0x76, 0x65, 0x63, 0x34, 0x20, 0x5f, 0x32, 0x38, 0x33, 0x37, 0x3b, 0x0a, // ghp vec4 _2837;.
	0x20, 0x20, 0x20, 0x20, 0x20, 0x20, 0x20, 0x20, 0x64, 0x6f, 0x0a, 0x20, 0x20, 0x20, 0x20, 0x20, //         do.     
	0x20, 0x20, 0x20, 0x7b, 0x0a, 0x20, 0x20, 0x20, 0x20, 0x20, 0x20, 0x20, 0x20, 0x20, 0x20, 0x20, //    {.           
	0x20, 0x69, 0x66, 0x20, 0x28, 0x21, 0x5f, 0x31, 0x32, 0x35, 0x37, 0x29, 0x0a, 0x20, 0x20, 0x20, //  if (!_1257).   
	0x20, 0x20, 0x20, 0x20, 0x20, 0x20, 0x20, 0x20, 0x20, 0x7b, 0x0a, 0x20, 0x20, 0x20, 0x20, 0x20, //          {.     
	0x20, 0x20, 0x20, 0x20, 0x20, 0x20, 0x20, 0x20, 0x20, 0x20, 0x20, 0x5f, 0x32, 0x38, 0x33, 0x37, //            _2837
	0x20, 0x3d, 0x20, 0x5f, 0x31, 0x36, 0x36, 0x38, 0x3b, 0x0a, 0x20, 0x20, 0x20, 0x20, 0x20, 0x20, //  = _1668;.      
	0x20, 0x20, 0x20, 0x20, 0x20, 0x20, 0x20, 0x20, 0x20, 0x20, 0x62, 0x72, 0x65, 0x61, 0x6b, 0x3b, //           break;
	0x0a, 0x20, 0x20, 0x20, 0x20, 0x20, 0x20, 0x20, 0x20, 0x20, 0x20, 0x20, 0x20, 0x7d, 0x0a, 0x20, // .            }. 
	0x20, 0x20, 0x20, 0x20, 0x20, 0x20, 0x20, 0x20, 0x20, 0x20, 0x20, 0x5f, 0x32, 0x38, 0x33, 0x37, //            _2837
	0x20, 0x3d, 0x20, 0x76, 0x65, 0x63, 0x34, 0x28, 0x6d, 0x61, 0x78, 0x28, 0x28, 0x70, 0x6f, 0x77, //  = vec4(max((pow
	0x28, 0x6d, 0x61, 0x78, 0x28, 0x61, 0x62, 0x73, 0x28, 0x5f, 0x31, 0x36, 0x36, 0x38, 0x2e, 0x78, // (max(abs(_1668.x
	0x79, 0x7a, 0x29, 0x2c, 0x20, 0x76, 0x65, 0x63, 0x33, 0x28, 0x31, 0x2e, 0x31, 0x39, 0x32, 0x30, // yz), vec3(1.1920
	0x39, 0x32, 0x38, 0x39, 0x35, 0x35, 0x30, 0x37, 0x38, 0x31, 0x32, 0x35, 0x65, 0x2d, 0x30, 0x37, // 928955078125e-07
	0x29, 0x29, 0x2c, 0x20, 0x76, 0x65, 0x63, 0x33, 0x28, 0x30, 0x2e, 0x34, 0x31, 0x36, 0x36, 0x36, // )), vec3(0.41666
	0x36, 0x36, 0x35, 0x36, 0x37, 0x33, 0x32, 0x35, 0x35, 0x39, 0x32, 0x30, 0x34, 0x31, 0x30, 0x31, // 6656732559204101
	0x35, 0x36, 0x32, 0x35, 0x29, 0x29, 0x20, 0x2a, 0x20, 0x31, 0x2e, 0x30, 0x35, 0x34, 0x39, 0x39, // 5625)) * 1.05499
	0x39, 0x39, 0x34, 0x37, 0x35, 0x34, 0x37, 0x39, 0x31, 0x32, 0x35, 0x39, 0x37, 0x36, 0x35, 0x36, // 9947547912597656
	0x32, 0x35, 0x29, 0x20, 0x2d, 0x20, 0x76, 0x65, 0x63, 0x33, 0x28, 0x30, 0x2e, 0x30, 0x35, 0x34, // 25) - vec3(0.054
	0x39, 0x39, 0x39, 0x39, 0x39, 0x39, 0x37, 0x30, 0x31, 0x39, 0x37, 0x36, 0x37, 0x37, 0x36, 0x31, // 9999997019767761
	0x32, 0x33, 0x30, 0x34, 0x36, 0x38, 0x37, 0x35, 0x29, 0x2c, 0x20, 0x76, 0x65, 0x63, 0x33, 0x28, // 23046875), vec3(
	0x30, 0x2e, 0x30, 0x29, 0x29, 0x2e, 0x78, 0x79, 0x2c, 0x20, 0x5f, 0x32, 0x38, 0x38, 0x32, 0x2c, // 0.0)).xy, _2882,
	0x20, 0x5f, 0x32, 0x38, 0x38, 0x32, 0x29, 0x3b, 0x0a, 0x20, 0x20, 0x20, 0x20, 0x20, 0x20, 0x20, //  _2882);.       
	0x20, 0x20, 0x20, 0x20, 0x20, 0x62, 0x72, 0x65, 0x61, 0x6b, 0x3b, 0x0a, 0x20, 0x20, 0x20, 0x20, //      break;.    
	0x20, 0x20, 0x20, 0x20, 0x7d, 0x20, 0x77, 0x68, 0x69, 0x6c, 0x65, 0x28, 0x66, 0x61, 0x6c, 0x73, //     } while(fals
	0x65, 0x29, 0x3b, 0x0a, 0x20, 0x20, 0x20, 0x20, 0x20, 0x20, 0x20, 0x20, 0x5f, 0x32, 0x38, 0x33, // e);.        _283
	0x38, 0x20, 0x3d, 0x20, 0x5f, 0x32, 0x38, 0x33, 0x37, 0x3b, 0x0a, 0x20, 0x20, 0x20, 0x20, 0x7d, // 8 = _2837;.    }
	0x0a, 0x20, 0x20, 0x20, 0x20, 0x65, 0x6c, 0x73, 0x65, 0x0a, 0x20, 0x20, 0x20, 0x20, 0x7b, 0x0a, // .    else.    {.
	0x20, 0x20, 0x20, 0x20, 0x20, 0x20, 0x20, 0x20, 0x5f, 0x32, 0x38, 0x33, 0x38, 0x20, 0x3d, 0x20, //         _2838 = 
	0x5f, 0x31, 0x36, 0x36, 0x38, 0x3b, 0x0a, 0x20, 0x20, 0x20, 0x20, 0x7d, 0x0a, 0x20, 0x20, 0x20, // _1668;.    }.   
	0x20, 0x62, 0x6f, 0x6f, 0x6c, 0x20, 0x5f, 0x31, 0x37, 0x38, 0x33, 0x3b, 0x0a, 0x20, 0x20, 0x20, //  bool _1783;.   
	0x20, 0x68, 0x69, 0x67, 0x68, 0x70, 0x20, 0x76, 0x65, 0x63, 0x32, 0x20, 0x5f, 0x31, 0x36, 0x38, //  highp vec2 _168
	0x31, 0x20, 0x3d, 0x20, 0x28, 0x5f, 0x32, 0x38, 0x33, 0x38, 0x2e, 0x78, 0x79, 0x20, 0x2a, 0x20, // 1 = (_2838.xy * 
	0x32, 0x2e, 0x30, 0x29, 0x20, 0x2d, 0x20, 0x76, 0x65, 0x63, 0x32, 0x28, 0x31, 0x2e, 0x30, 0x29, // 2.0) - vec2(1.0)
	0x3b, 0x0a, 0x20, 0x20, 0x20, 0x20, 0x5f, 0x31, 0x36, 0x38, 0x31, 0x2e, 0x79, 0x20, 0x3d, 0x20, // ;.    _1681.y = 
	0x75, 0x5f, 0x66, 0x73, 0x66, 0x55, 0x56, 0x44, 0x69, 0x73, 0x74, 0x6f, 0x72, 0x74, 0x69, 0x6f, // u_fsfUVDistortio
	0x6e, 0x50, 0x61, 0x72, 0x61, 0x6d, 0x65, 0x74, 0x65, 0x72, 0x2e, 0x7a, 0x20, 0x2b, 0x20, 0x28, // nParameter.z + (
	0x75, 0x5f, 0x66, 0x73, 0x66, 0x55, 0x56, 0x44, 0x69, 0x73, 0x74, 0x6f, 0x72, 0x74, 0x69, 0x6f, // u_fsfUVDistortio
	0x6e, 0x50, 0x61, 0x72, 0x61, 0x6d, 0x65, 0x74, 0x65, 0x72, 0x2e, 0x77, 0x20, 0x2a, 0x20, 0x28, // nParameter.w * (
	0x5f, 0x31, 0x36, 0x38, 0x31, 0x2e, 0x79, 0x20, 0x2a, 0x20, 0x28, 0x2d, 0x31, 0x2e, 0x30, 0x29, // _1681.y * (-1.0)
	0x29, 0x29, 0x3b, 0x0a, 0x20, 0x20, 0x20, 0x20, 0x68, 0x69, 0x67, 0x68, 0x70, 0x20, 0x76, 0x65, // ));.    highp ve
	0x63, 0x32, 0x20, 0x5f, 0x31, 0x32, 0x37, 0x33, 0x20, 0x3d, 0x20, 0x5f, 0x31, 0x36, 0x38, 0x31, // c2 _1273 = _1681
	0x20, 0x2a, 0x20, 0x75, 0x5f, 0x66, 0x73, 0x66, 0x55, 0x56, 0x44, 0x69, 0x73, 0x74, 0x6f, 0x72, //  * u_fsfUVDistor
	0x74, 0x69, 0x6f, 0x6e, 0x50, 0x61, 0x72, 0x61, 0x6d, 0x65, 0x74, 0x65, 0x72, 0x2e, 0x78, 0x3b, // tionParameter.x;
	0x0a, 0x20, 0x20, 0x20, 0x20, 0x68, 0x69, 0x67, 0x68, 0x70, 0x20, 0x76, 0x65, 0x63, 0x32, 0x20, // .    highp vec2 
	0x5f, 0x31, 0x32, 0x37, 0x39, 0x20, 0x3d, 0x20, 0x76, 0x5f, 0x55, 0x56, 0x5f, 0x4f, 0x74, 0x68, // _1279 = v_UV_Oth
	0x65, 0x72, 0x73, 0x2e, 0x78, 0x79, 0x20, 0x2b, 0x20, 0x5f, 0x31, 0x32, 0x37, 0x33, 0x3b, 0x0a, // ers.xy + _1273;.
	0x20, 0x20, 0x20, 0x20, 0x68, 0x69, 0x67, 0x68, 0x70, 0x20, 0x76, 0x65, 0x63, 0x34, 0x20, 0x5f, //     highp vec4 _
	0x31, 0x32, 0x38, 0x30, 0x20, 0x3d, 0x20, 0x74, 0x65, 0x78, 0x74, 0x75, 0x72, 0x65, 0x28, 0x73, // 1280 = texture(s
	0x5f, 0x63, 0x6f, 0x6c, 0x6f, 0x72, 0x54, 0x65, 0x78, 0x2c, 0x20, 0x5f, 0x31, 0x32, 0x37, 0x39, // _colorTex, _1279
	0x29, 0x3b, 0x0a, 0x20, 0x20, 0x20, 0x20, 0x68, 0x69, 0x67, 0x68, 0x70, 0x20, 0x76, 0x65, 0x63, // );.    highp vec
	0x34, 0x20, 0x5f, 0x32, 0x38, 0x33, 0x39, 0x3b, 0x0a, 0x20, 0x20, 0x20, 0x20, 0x64, 0x6f, 0x0a, // 4 _2839;.    do.
	0x20, 0x20, 0x20, 0x20, 0x7b, 0x0a, 0x20, 0x20, 0x20, 0x20, 0x20, 0x20, 0x20, 0x20, 0x5f, 0x31, //     {.        _1
	0x37, 0x38, 0x33, 0x20, 0x3d, 0x20, 0x21, 0x5f, 0x31, 0x32, 0x35, 0x37, 0x3b, 0x0a, 0x20, 0x20, // 783 = !_1257;.  
	0x20, 0x20, 0x20, 0x20, 0x20, 0x20, 0x69, 0x66, 0x20, 0x28, 0x5f, 0x31, 0x37, 0x38, 0x33, 0x29, //       if (_1783)
	0x0a, 0x20, 0x20, 0x20, 0x20, 0x20, 0x20, 0x20, 0x20, 0x7b, 0x0a, 0x20, 0x20, 0x20, 0x20, 0x20, // .        {.     
	0x20, 0x20, 0x20, 0x20, 0x20, 0x20, 0x20, 0x5f, 0x32, 0x38, 0x33, 0x39, 0x20, 0x3d, 0x20, 0x5f, //        _2839 = _
	0x31, 0x32, 0x38, 0x30, 0x3b, 0x0a, 0x20, 0x20, 0x20, 0x20, 0x20, 0x20, 0x20, 0x20, 0x20, 0x20, // 1280;.          
	0x20, 0x20, 0x62, 0x72, 0x65, 0x61, 0x6b, 0x3b, 0x0a, 0x20, 0x20, 0x20, 0x20, 0x20, 0x20, 0x20, //   break;.       
	0x20, 0x7d, 0x0a, 0x20, 0x20, 0x20, 0x20, 0x20, 0x20, 0x20, 0x20, 0x5f, 0x32, 0x38, 0x33, 0x39, //  }.        _2839
	0x20, 0x3d, 0x20, 0x76, 0x65, 0x63, 0x34, 0x28, 0x6d, 0x61, 0x78, 0x28, 0x28, 0x70, 0x6f, 0x77, //  = vec4(max((pow
	0x28, 0x6d, 0x61, 0x78, 0x28, 0x61, 0x62, 0x73, 0x28, 0x5f, 0x31, 0x32, 0x38, 0x30, 0x2e, 0x78, // (max(abs(_1280.x
	0x79, 0x7a, 0x29, 0x2c, 0x20, 0x76, 0x65, 0x63, 0x33, 0x28, 0x31, 0x2e, 0x31, 0x39, 0x32, 0x30, // yz), vec3(1.1920
	0x39, 0x32, 0x38, 0x39, 0x35, 0x35, 0x30, 0x37, 0x38, 0x31, 0x32, 0x35, 0x65, 0x2d, 0x30, 0x37, // 928955078125e-07
	0x29, 0x29, 0x2c, 0x20, 0x76, 0x65, 0x63, 0x33, 0x28, 0x30, 0x2e, 0x34, 0x31, 0x36, 0x36, 0x36, // )), vec3(0.41666
	0x36, 0x36, 0x35, 0x36, 0x37, 0x33, 0x32, 0x35, 0x35, 0x39, 0x32, 0x30, 0x34, 0x31, 0x30, 0x31, // 6656732559204101
	0x35, 0x36, 0x32, 0x35, 0x29, 0x29, 0x20, 0x2a, 0x20, 0x31, 0x2e, 0x30, 0x35, 0x34, 0x39, 0x39, // 5625)) * 1.05499
	0x39, 0x39, 0x34, 0x37, 0x35, 0x34, 0x37, 0x39, 0x31, 0x32, 0x35, 0x39, 0x37, 0x36, 0x35, 0x36, // 9947547912597656
	0x32, 0x35, 0x29, 0x20, 0x2d, 0x20, 0x76, 0x65, 0x63, 0x33, 0x28, 0x30, 0x2e, 0x30, 0x35, 0x34, // 25) - vec3(0.054
	0x39, 0x39, 0x39, 0x39, 0x39, 0x39, 0x37, 0x30, 0x31, 0x39, 0x37, 0x36, 0x37, 0x37, 0x36, 0x31, // 9999997019767761
	0x32, 0x33, 0x30, 0x34, 0x36, 0x38, 0x37, 0x35, 0x29, 0x2c, 0x20, 0x76, 0x65, 0x63, 0x33, 0x28, // 23046875), vec3(
	0x30, 0x2e, 0x30, 0x29, 0x29, 0x2c, 0x20, 0x5f, 0x31, 0x32, 0x38, 0x30, 0x2e, 0x77, 0x29, 0x3b, // 0.0)), _1280.w);
	0x0a, 0x20, 0x20, 0x20, 0x20, 0x20, 0x20, 0x20, 0x20, 0x62, 0x72, 0x65, 0x61, 0x6b, 0x3b, 0x0a, // .        break;.
	0x20, 0x20, 0x20, 0x20, 0x7d, 0x20, 0x77, 0x68, 0x69, 0x6c, 0x65, 0x28, 0x66, 0x61, 0x6c, 0x73, //     } while(fals
	0x65, 0x29, 0x3b, 0x0a, 0x20, 0x20, 0x20, 0x20, 0x68, 0x69, 0x67, 0x68, 0x70, 0x20, 0x76, 0x65, // e);.    highp ve
	0x63, 0x34, 0x20, 0x5f, 0x31, 0x32, 0x38, 0x37, 0x20, 0x3d, 0x20, 0x5f, 0x32, 0x38, 0x33, 0x39, // c4 _1287 = _2839
	0x20, 0x2a, 0x20, 0x76, 0x5f, 0x43, 0x6f, 0x6c, 0x6f, 0x72, 0x3b, 0x0a, 0x20, 0x20, 0x20, 0x20, //  * v_Color;.    
	0x68, 0x69, 0x67, 0x68, 0x70, 0x20, 0x76, 0x65, 0x63, 0x34, 0x20, 0x5f, 0x31, 0x32, 0x39, 0x34, // highp vec4 _1294
	0x20, 0x3d, 0x20, 0x74, 0x65, 0x78, 0x74, 0x75, 0x72, 0x65, 0x28, 0x73, 0x5f, 0x6e, 0x6f, 0x72, //  = texture(s_nor
	0x6d, 0x61, 0x6c, 0x54, 0x65, 0x78, 0x2c, 0x20, 0x5f, 0x31, 0x32, 0x37, 0x39, 0x29, 0x3b, 0x0a, // malTex, _1279);.
	0x20, 0x20, 0x20, 0x20, 0x68, 0x69, 0x67, 0x68, 0x70, 0x20, 0x76, 0x65, 0x63, 0x33, 0x20, 0x5f, //     highp vec3 _
	0x31, 0x33, 0x30, 0x38, 0x20, 0x3d, 0x20, 0x6e, 0x6f, 0x72, 0x6d, 0x61, 0x6c, 0x69, 0x7a, 0x65, // 1308 = normalize
	0x28, 0x6d, 0x61, 0x74, 0x33, 0x28, 0x76, 0x5f, 0x57, 0x6f, 0x72, 0x6c, 0x64, 0x54, 0x2c, 0x20, // (mat3(v_WorldT, 
	0x76, 0x5f, 0x57, 0x6f, 0x72, 0x6c, 0x64, 0x42, 0x2c, 0x20, 0x76, 0x5f, 0x57, 0x6f, 0x72, 0x6c, // v_WorldB, v_Worl
	0x64, 0x4e, 0x29, 0x20, 0x2a, 0x20, 0x28, 0x28, 0x5f, 0x31, 0x32, 0x39, 0x34, 0x2e, 0x78, 0x79, // dN) * ((_1294.xy
	0x7a, 0x20, 0x2d, 0x20, 0x76, 0x65, 0x63, 0x33, 0x28, 0x30, 0x2e, 0x35, 0x29, 0x29, 0x20, 0x2a, // z - vec3(0.5)) *
	0x20, 0x32, 0x2e, 0x30, 0x29, 0x29, 0x3b, 0x0a, 0x20, 0x20, 0x20, 0x20, 0x68, 0x69, 0x67, 0x68, //  2.0));.    high
	0x70, 0x20, 0x76, 0x65, 0x63, 0x34, 0x20, 0x5f, 0x32, 0x38, 0x34, 0x34, 0x3b, 0x0a, 0x20, 0x20, // p vec4 _2844;.  
	0x20, 0x20, 0x69, 0x66, 0x20, 0x28, 0x75, 0x5f, 0x66, 0x73, 0x66, 0x46, 0x6c, 0x69, 0x70, 0x62, //   if (u_fsfFlipb
	0x6f, 0x6f, 0x6b, 0x50, 0x61, 0x72, 0x61, 0x6d, 0x65, 0x74, 0x65, 0x72, 0x2e, 0x78, 0x20, 0x3e, // ookParameter.x >
	0x20, 0x30, 0x2e, 0x30, 0x29, 0x0a, 0x20, 0x20, 0x20, 0x20, 0x7b, 0x0a, 0x20, 0x20, 0x20, 0x20, //  0.0).    {.    
	0x20, 0x20, 0x20, 0x20, 0x68, 0x69, 0x67, 0x68, 0x70, 0x20, 0x76, 0x65, 0x63, 0x34, 0x20, 0x5f, //     highp vec4 _
	0x31, 0x38, 0x38, 0x37, 0x20, 0x3d, 0x20, 0x74, 0x65, 0x78, 0x74, 0x75, 0x72, 0x65, 0x28, 0x73, // 1887 = texture(s
	0x5f, 0x63, 0x6f, 0x6c, 0x6f, 0x72, 0x54, 0x65, 0x78, 0x2c, 0x20, 0x76, 0x5f, 0x42, 0x6c, 0x65, // _colorTex, v_Ble
	0x6e, 0x64, 0x5f, 0x46, 0x42, 0x4e, 0x65, 0x78, 0x74, 0x49, 0x6e, 0x64, 0x65, 0x78, 0x5f, 0x55, // nd_FBNextIndex_U
	0x56, 0x2e, 0x7a, 0x77, 0x20, 0x2b, 0x20, 0x5f, 0x31, 0x32, 0x37, 0x33, 0x29, 0x3b, 0x0a, 0x20, // V.zw + _1273);. 
	0x20, 0x20, 0x20, 0x20, 0x20, 0x20, 0x20, 0x68, 0x69, 0x67, 0x68, 0x70, 0x20, 0x76, 0x65, 0x63, //        highp vec
	0x34, 0x20, 0x5f, 0x32, 0x38, 0x34, 0x31, 0x3b, 0x0a, 0x20, 0x20, 0x20, 0x20, 0x20, 0x20, 0x20, // 4 _2841;.       
	0x20, 0x69, 0x66, 0x20, 0x28, 0x5f, 0x31, 0x32, 0x35, 0x37, 0x29, 0x0a, 0x20, 0x20, 0x20, 0x20, //  if (_1257).    
	0x20, 0x20, 0x20, 0x20, 0x7b, 0x0a, 0x20, 0x20, 0x20, 0x20, 0x20, 0x20, 0x20, 0x20, 0x20, 0x20, //     {.          
	0x20, 0x20, 0x68, 0x69, 0x67, 0x68, 0x70, 0x20, 0x76, 0x65, 0x63, 0x34, 0x20, 0x5f, 0x32, 0x38, //   highp vec4 _28
	0x34, 0x30, 0x3b, 0x0a, 0x20, 0x20, 0x20, 0x20, 0x20, 0x20, 0x20, 0x20, 0x20, 0x20, 0x20, 0x20, // 40;.            
	0x64, 0x6f, 0x0a, 0x20, 0x20, 0x20, 0x20, 0x20, 0x20, 0x20, 0x20, 0x20, 0x20, 0x20, 0x20, 0x7b, // do.            {
	0x0a, 0x20, 0x20, 0x20, 0x20, 0x20, 0x20, 0x20, 0x20, 0x20, 0x20, 0x20, 0x20, 0x20, 0x20, 0x20, // .               
	0x20, 0x69, 0x66, 0x20, 0x28, 0x5f, 0x31, 0x37, 0x38, 0x33, 0x29, 0x0a, 0x20, 0x20, 0x20, 0x20, //  if (_1783).    
	0x20, 0x20, 0x20, 0x20, 0x20, 0x20, 0x20, 0x20, 0x20, 0x20, 0x20, 0x20, 0x7b, 0x0a, 0x20, 0x20, //             {.  
	0x20, 0x20, 0x20, 0x20, 0x20, 0x20, 0x20, 0x20, 0x20, 0x20, 0x20, 0x20, 0x20, 0x20, 0x20, 0x20, //                 
	0x20, 0x20, 0x5f, 0x32, 0x38, 0x34, 0x30, 0x20, 0x3d, 0x20, 0x5f, 0x31, 0x38, 0x38, 0x37, 0x3b, //   _2840 = _1887;
	0x0a, 0x20, 0x20, 0x20, 0x20, 0x20, 0x20, 0x20, 0x20, 0x20, 0x20, 0x20, 0x20, 0x20, 0x20, 0x20, // .               
	0x20, 0x20, 0x20, 0x20, 0x20, 0x62, 0x72, 0x65, 0x61, 0x6b, 0x3b, 0x0a, 0x20, 0x20, 0x20, 0x20, //      break;.    
	0x20, 0x20, 0x20, 0x20, 0x20, 0x20, 0x20, 0x20, 0x20, 0x20, 0x20, 0x20, 0x7d, 0x0a, 0x20, 0x20, //             }.  
	0x20, 0x20, 0x20, 0x20, 0x20, 0x20, 0x20, 0x20, 0x20, 0x20, 0x20, 0x20, 0x20, 0x20, 0x5f, 0x32, //               _2
	0x38, 0x34, 0x30, 0x20, 0x3d, 0x20, 0x76, 0x65, 0x63, 0x34, 0x28, 0x6d, 0x61, 0x78, 0x28, 0x28, // 840 = vec4(max((
	0x70, 0x6f, 0x77, 0x28, 0x6d, 0x61, 0x78, 0x28, 0x61, 0x62, 0x73, 0x28, 0x5f, 0x31, 0x38, 0x38, // pow(max(abs(_188
	0x37, 0x2e, 0x78, 0x79, 0x7a, 0x29, 0x2c, 0x20, 0x76, 0x65, 0x63, 0x33, 0x28, 0x31, 0x2e, 0x31, // 7.xyz), vec3(1.1
	0x39, 0x32, 0x30, 0x39, 0x32, 0x38, 0x39, 0x35, 0x35, 0x30, 0x37, 0x38, 0x31, 0x32, 0x35, 0x65, // 920928955078125e
	0x2d, 0x30, 0x37, 0x29, 0x29, 0x2c, 0x20, 0x76, 0x65, 0x63, 0x33, 0x28, 0x30, 0x2e, 0x34, 0x31, // -07)), vec3(0.41
	0x36, 0x36, 0x36, 0x36, 0x36, 0x35, 0x36, 0x37, 0x33, 0x32, 0x35, 0x35, 0x39, 0x32, 0x30, 0x34, // 6666656732559204
	0x31, 0x30, 0x31, 0x35, 0x36, 0x32, 0x35, 0x29, 0x29, 0x20, 0x2a, 0x20, 0x31, 0x2e, 0x30, 0x35, // 1015625)) * 1.05
	0x34, 0x39, 0x39, 0x39, 0x39, 0x34, 0x37, 0x35, 0x34, 0x37, 0x39, 0x31, 0x32, 0x35, 0x39, 0x37, // 4999947547912597
	0x36, 0x35, 0x36, 0x32, 0x35, 0x29, 0x20, 0x2d, 0x20, 0x76, 0x65, 0x63, 0x33, 0x28, 0x30, 0x2e, // 65625) - vec3(0.
	0x30, 0x35, 0x34, 0x39, 0x39, 0x39, 0x39, 0x39, 0x39, 0x37, 0x30, 0x31, 0x39, 0x37, 0x36, 0x37, // 0549999997019767
	0x37, 0x36, 0x31, 0x32, 0x33, 0x30, 0x34, 0x36, 0x38, 0x37, 0x35, 0x29, 0x2c, 0x20, 0x76, 0x65, // 76123046875), ve
	0x63, 0x33, 0x28, 0x30, 0x2e, 0x30, 0x29, 0x29, 0x2c, 0x20, 0x5f, 0x31, 0x38, 0x38, 0x37, 0x2e, // c3(0.0)), _1887.
	0x77, 0x29, 0x3b, 0x0a, 0x20, 0x20, 0x20, 0x20, 0x20, 0x20, 0x20, 0x20, 0x20, 0x20, 0x20, 0x20, // w);.            
	0x20, 0x20, 0x20, 0x20, 0x62, 0x72, 0x65, 0x61, 0x6b, 0x3b, 0x0a, 0x20, 0x20, 0x20, 0x20, 0x20, //     break;.     
	0x20, 0x20, 0x20, 0x20, 0x20, 0x20, 0x20, 0x7d, 0x20, 0x77, 0x68, 0x69, 0x6c, 0x65, 0x28, 0x66, //        } while(f
	0x61, 0x6c, 0x73, 0x65, 0x29, 0x3b, 0x0a, 0x20, 0x20, 0x20, 0x20, 0x20, 0x20, 0x20, 0x20, 0x20, // alse);.         
	0x20, 0x20, 0x20, 0x5f, 0x32, 0x38, 0x34, 0x31, 0x20, 0x3d, 0x20, 0x5f, 0x32, 0x38, 0x34, 0x30, //    _2841 = _2840
	0x3b, 0x0a, 0x20, 0x20, 0x20, 0x20, 0x20, 0x20, 0x20, 0x20, 0x7d, 0x0a, 0x20, 0x20, 0x20, 0x20, // ;.        }.    
	0x20, 0x20, 0x20, 0x20, 0x65, 0x6c, 0x73, 0x65, 0x0a, 0x20, 0x20, 0x20, 0x20, 0x20, 0x20, 0x20, //     else.       
	0x20, 0x7b, 0x0a, 0x20, 0x20, 0x20, 0x20, 0x20, 0x20, 0x20, 0x20, 0x20, 0x20, 0x20, 0x20, 0x5f, //  {.            _
	0x32, 0x38, 0x34, 0x31, 0x20, 0x3d, 0x20, 0x5f, 0x31, 0x38, 0x38, 0x37, 0x3b, 0x0a, 0x20, 0x20, // 2841 = _1887;.  
	0x20, 0x20, 0x20, 0x20, 0x20, 0x20, 0x7d, 0x0a, 0x20, 0x20, 0x20, 0x20, 0x20, 0x20, 0x20, 0x20, //       }.        
	0x68, 0x69, 0x67, 0x68, 0x70, 0x20, 0x76, 0x65, 0x63, 0x34, 0x20, 0x5f, 0x32, 0x38, 0x34, 0x35, // highp vec4 _2845
	0x3b, 0x0a, 0x20, 0x20, 0x20, 0x20, 0x20, 0x20, 0x20, 0x20, 0x69, 0x66, 0x20, 0x28, 0x75, 0x5f, // ;.        if (u_
	0x66, 0x73, 0x66, 0x46, 0x6c, 0x69, 0x70, 0x62, 0x6f, 0x6f, 0x6b, 0x50, 0x61, 0x72, 0x61, 0x6d, // fsfFlipbookParam
	0x65, 0x74, 0x65, 0x72, 0x2e, 0x79, 0x20, 0x3d, 0x3d, 0x20, 0x31, 0x2e, 0x30, 0x29, 0x0a, 0x20, // eter.y == 1.0). 
	0x20, 0x20, 0x20, 0x20, 0x20, 0x20, 0x20, 0x7b, 0x0a, 0x20, 0x20, 0x20, 0x20, 0x20, 0x20, 0x20, //        {.       
	0x20, 0x20, 0x20, 0x20, 0x20, 0x5f, 0x32, 0x38, 0x34, 0x35, 0x20, 0x3d, 0x20, 0x6d, 0x69, 0x78, //      _2845 = mix
	0x28, 0x5f, 0x31, 0x32, 0x38, 0x37, 0x2c, 0x20, 0x5f, 0x32, 0x38, 0x34, 0x31, 0x20, 0x2a, 0x20, // (_1287, _2841 * 
	0x76, 0x5f, 0x43, 0x6f, 0x6c, 0x6f, 0x72, 0x2c, 0x20, 0x76, 0x65, 0x63, 0x34, 0x28, 0x76, 0x5f, // v_Color, vec4(v_
	0x55, 0x56, 0x5f, 0x4f, 0x74, 0x68, 0x65, 0x72, 0x73, 0x2e, 0x7a, 0x29, 0x29, 0x3b, 0x0a, 0x20, // UV_Others.z));. 
	0x20, 0x20, 0x20, 0x20, 0x20, 0x20, 0x20, 0x7d, 0x0a, 0x20, 0x20, 0x20, 0x20, 0x20, 0x20, 0x20, //        }.       
	0x20, 0x65, 0x6c, 0x73, 0x65, 0x0a, 0x20, 0x20, 0x20, 0x20, 0x20, 0x20, 0x20, 0x20, 0x7b, 0x0a, //  else.        {.
	0x20, 0x20, 0x20, 0x20, 0x20, 0x20, 0x20, 0x20, 0x20, 0x20, 0x20, 0x20, 0x5f, 0x32, 0x38, 0x34, //             _284
	0x35, 0x20, 0x3d, 0x20, 0x5f, 0x31, 0x32, 0x38, 0x37, 0x3b, 0x0a, 0x20, 0x20, 0x20, 0x20, 0x20, // 5 = _1287;.     
	0x20, 0x20, 0x20, 0x7d, 0x0a, 0x20, 0x20, 0x20, 0x20, 0x20, 0x20, 0x20, 0x20, 0x5f, 0x32, 0x38, //    }.        _28
	0x34, 0x34, 0x20, 0x3d, 0x20, 0x5f, 0x32, 0x38, 0x34, 0x35, 0x3b, 0x0a, 0x20, 0x20, 0x20, 0x20, // 44 = _2845;.    
	0x7d, 0x0a, 0x20, 0x20, 0x20, 0x20, 0x65, 0x6c, 0x73, 0x65, 0x0a, 0x20, 0x20, 0x20, 0x20, 0x7b, // }.    else.    {
	0x0a, 0x20, 0x20, 0x20, 0x20, 0x20, 0x20, 0x20, 0x20, 0x5f, 0x32, 0x38, 0x34, 0x34, 0x20, 0x3d, // .        _2844 =
	0x20, 0x5f, 0x31, 0x32, 0x38, 0x37, 0x3b, 0x0a, 0x20, 0x20, 0x20, 0x20, 0x7d, 0x0a, 0x20, 0x20, //  _1287;.    }.  
	0x20, 0x20, 0x68, 0x69, 0x67, 0x68, 0x70, 0x20, 0x76, 0x65, 0x63, 0x34, 0x20, 0x5f, 0x31, 0x33, //   highp vec4 _13
	0x33, 0x31, 0x20, 0x3d, 0x20, 0x74, 0x65, 0x78, 0x74, 0x75, 0x72, 0x65, 0x28, 0x73, 0x5f, 0x61, // 31 = texture(s_a
	0x6c, 0x70, 0x68, 0x61, 0x54, 0x65, 0x78, 0x2c, 0x20, 0x76, 0x5f, 0x41, 0x6c, 0x70, 0x68, 0x61, // lphaTex, v_Alpha
	0x5f, 0x44, 0x69, 0x73, 0x74, 0x5f, 0x55, 0x56, 0x2e, 0x78, 0x79, 0x20, 0x2b, 0x20, 0x5f, 0x31, // _Dist_UV.xy + _1
	0x32, 0x37, 0x33, 0x29, 0x3b, 0x0a, 0x20, 0x20, 0x20, 0x20, 0x68, 0x69, 0x67, 0x68, 0x70, 0x20, // 273);.    highp 
	0x76, 0x65, 0x63, 0x34, 0x20, 0x5f, 0x32, 0x38, 0x34, 0x36, 0x3b, 0x0a, 0x20, 0x20, 0x20, 0x20, // vec4 _2846;.    
	0x64, 0x6f, 0x0a, 0x20, 0x20, 0x20, 0x20, 0x7b, 0x0a, 0x20, 0x20, 0x20, 0x20, 0x20, 0x20, 0x20, // do.    {.       
	0x20, 0x69, 0x66, 0x20, 0x28, 0x5f, 0x31, 0x37, 0x38, 0x33, 0x29, 0x0a, 0x20, 0x20, 0x20, 0x20, //  if (_1783).    
	0x20, 0x20, 0x20, 0x20, 0x7b, 0x0a, 0x20, 0x20, 0x20, 0x20, 0x20, 0x20, 0x20, 0x20, 0x20, 0x20, //     {.          
	0x20, 0x20, 0x5f, 0x32, 0x38, 0x34, 0x36, 0x20, 0x3d, 0x20, 0x5f, 0x31, 0x33, 0x33, 0x31, 0x3b, //   _2846 = _1331;
	0x0a, 0x20, 0x20, 0x20, 0x20, 0x20, 0x20, 0x20, 0x20, 0x20, 0x20, 0x20, 0x20, 0x62, 0x72, 0x65, // .            bre
	0x61, 0x6b, 0x3b, 0x0a, 0x20, 0x20, 0x20, 0x20, 0x20, 0x20, 0x20, 0x20, 0x7d, 0x0a, 0x20, 0x20, // ak;.        }.  
	0x20, 0x20, 0x20, 0x20, 0x20, 0x20, 0x5f, 0x32, 0x38, 0x34, 0x36, 0x20, 0x3d, 0x20, 0x76, 0x65, //       _2846 = ve
	0x63, 0x34, 0x28, 0x6d, 0x61, 0x78, 0x28, 0x28, 0x70, 0x6f, 0x77, 0x28, 0x6d, 0x61, 0x78, 0x28, // c4(max((pow(max(
	0x61, 0x62, 0x73, 0x28, 0x5f, 0x31, 0x33, 0x33, 0x31, 0x2e, 0x78, 0x79, 0x7a, 0x29, 0x2c, 0x20, // abs(_1331.xyz), 
	0x76, 0x65, 0x63, 0x33, 0x28, 0x31, 0x2e, 0x31, 0x39, 0x32, 0x30, 0x39, 0x32, 0x38, 0x39, 0x35, // vec3(1.192092895
	0x35, 0x30, 0x37, 0x38, 0x31, 0x32, 0x35, 0x65, 0x2d, 0x30, 0x37, 0x29, 0x29, 0x2c, 0x20, 0x76, // 5078125e-07)), v
	0x65, 0x63, 0x33, 0x28, 0x30, 0x2e, 0x34, 0x31, 0x36, 0x36, 0x36, 0x36, 0x36, 0x35, 0x36, 0x37, // ec3(0.4166666567
	0x33, 0x32, 0x35, 0x35, 0x39, 0x32, 0x30, 0x34, 0x31, 0x30, 0x31, 0x35, 0x36, 0x32, 0x35, 0x29, // 325592041015625)
	0x29, 0x20, 0x2a, 0x20, 0x31, 0x2e, 0x30, 0x35, 0x34, 0x39, 0x39, 0x39, 0x39, 0x34, 0x37, 0x35, // ) * 1.0549999475
	0x34, 0x37, 0x39, 0x31, 0x32, 0x35, 0x39, 0x37, 0x36, 0x35, 0x36, 0x32, 0x35, 0x29, 0x20, 0x2d, // 4791259765625) -
	0x20, 0x76, 0x65, 0x63, 0x33, 0x28, 0x30, 0x2e, 0x30, 0x35, 0x34, 0x39, 0x39, 0x39, 0x39, 0x39, //  vec3(0.05499999
	0x39, 0x37, 0x30, 0x31, 0x39, 0x37, 0x36, 0x37, 0x37, 0x36, 0x31, 0x32, 0x33, 0x30, 0x34, 0x36, // 9701976776123046
	0x38, 0x37, 0x35, 0x29, 0x2c, 0x20, 0x76, 0x65, 0x63, 0x33, 0x28, 0x30, 0x2e, 0x30, 0x29, 0x29, // 875), vec3(0.0))
	0x2e, 0x78, 0x2c, 0x20, 0x5f, 0x32, 0x38, 0x38, 0x32, 0x2c, 0x20, 0x5f, 0x32, 0x38, 0x38, 0x32, // .x, _2882, _2882
	0x2c, 0x20, 0x5f, 0x31, 0x33, 0x33, 0x31, 0x2e, 0x77, 0x29, 0x3b, 0x0a, 0x20, 0x20, 0x20, 0x20, // , _1331.w);.    
	0x20, 0x20, 0x20, 0x20, 0x62, 0x72, 0x65, 0x61, 0x6b, 0x3b, 0x0a, 0x20, 0x20, 0x20, 0x20, 0x7d, //     break;.    }
	0x20, 0x77, 0x68, 0x69, 0x6c, 0x65, 0x28, 0x66, 0x61, 0x6c, 0x73, 0x65, 0x29, 0x3b, 0x0a, 0x20, //  while(false);. 
	0x20, 0x20, 0x20, 0x68, 0x69, 0x67, 0x68, 0x70, 0x20, 0x66, 0x6c, 0x6f, 0x61, 0x74, 0x20, 0x5f, //    highp float _
	0x31, 0x33, 0x34, 0x33, 0x20, 0x3d, 0x20, 0x5f, 0x32, 0x38, 0x34, 0x34, 0x2e, 0x77, 0x20, 0x2a, // 1343 = _2844.w *
	0x20, 0x28, 0x5f, 0x32, 0x38, 0x34, 0x36, 0x2e, 0x78, 0x20, 0x2a, 0x20, 0x5f, 0x32, 0x38, 0x34, //  (_2846.x * _284
	0x36, 0x2e, 0x77, 0x29, 0x3b, 0x0a, 0x20, 0x20, 0x20, 0x20, 0x68, 0x69, 0x67, 0x68, 0x70, 0x20, // 6.w);.    highp 
	0x76, 0x65, 0x63, 0x34, 0x20, 0x5f, 0x32, 0x36, 0x39, 0x31, 0x20, 0x3d, 0x20, 0x5f, 0x32, 0x38, // vec4 _2691 = _28
	0x34, 0x34, 0x3b, 0x0a, 0x20, 0x20, 0x20, 0x20, 0x5f, 0x32, 0x36, 0x39, 0x31, 0x2e, 0x77, 0x20, // 44;.    _2691.w 
	0x3d, 0x20, 0x5f, 0x31, 0x33, 0x34, 0x33, 0x3b, 0x0a, 0x20, 0x20, 0x20, 0x20, 0x68, 0x69, 0x67, // = _1343;.    hig
	0x68, 0x70, 0x20, 0x76, 0x65, 0x63, 0x34, 0x20, 0x5f, 0x32, 0x30, 0x37, 0x35, 0x20, 0x3d, 0x20, // hp vec4 _2075 = 
	0x74, 0x65, 0x78, 0x74, 0x75, 0x72, 0x65, 0x28, 0x73, 0x5f, 0x62, 0x6c, 0x65, 0x6e, 0x64, 0x55, // texture(s_blendU
	0x56, 0x44, 0x69, 0x73, 0x74, 0x6f, 0x72, 0x74, 0x69, 0x6f, 0x6e, 0x54, 0x65, 0x78, 0x2c, 0x20, // VDistortionTex, 
	0x76, 0x5f, 0x42, 0x6c, 0x65, 0x6e, 0x64, 0x5f, 0x41, 0x6c, 0x70, 0x68, 0x61, 0x5f, 0x44, 0x69, // v_Blend_Alpha_Di
	0x73, 0x74, 0x5f, 0x55, 0x56, 0x2e, 0x7a, 0x77, 0x29, 0x3b, 0x0a, 0x20, 0x20, 0x20, 0x20, 0x68, // st_UV.zw);.    h
	0x69, 0x67, 0x68, 0x70, 0x20, 0x76, 0x65, 0x63, 0x34, 0x20, 0x5f, 0x32, 0x38, 0x34, 0x39, 0x3b, // ighp vec4 _2849;
	0x0a, 0x20, 0x20, 0x20, 0x20, 0x69, 0x66, 0x20, 0x28, 0x5f, 0x31, 0x32, 0x35, 0x37, 0x29, 0x0a, // .    if (_1257).
	0x20, 0x20, 0x20, 0x20, 0x7b, 0x0a, 0x20, 0x20, 0x20, 0x20, 0x20, 0x20, 0x20, 0x20, 0x68, 0x69, //     {.        hi
	0x67, 0x68, 0x70, 0x20, 0x76, 0x65, 0x63, 0x34, 0x20, 0x5f, 0x32, 0x38, 0x34, 0x38, 0x3b, 0x0a, // ghp vec4 _2848;.
	0x20, 0x20, 0x20, 0x20, 0x20, 0x20, 0x20, 0x20, 0x64, 0x6f, 0x0a, 0x20, 0x20, 0x20, 0x20, 0x20, //         do.     
	0x20, 0x20, 0x20, 0x7b, 0x0a, 0x20, 0x20, 0x20, 0x20, 0x20, 0x20, 0x20, 0x20, 0x20, 0x20, 0x20, //    {.           
	0x20, 0x69, 0x66, 0x20, 0x28, 0x5f, 0x31, 0x37, 0x38, 0x33, 0x29, 0x0a, 0x20, 0x20, 0x20, 0x20, //  if (_1783).    
	0x20, 0x20, 0x20, 0x20, 0x20, 0x20, 0x20, 0x20, 0x7b, 0x0a, 0x20, 0x20, 0x20, 0x20, 0x20, 0x20, //         {.      
	0x20, 0x20, 0x20, 0x20, 0x20, 0x20, 0x20, 0x20, 0x20, 0x20, 0x5f, 0x32, 0x38, 0x34, 0x38, 0x20, //           _2848 
	0x3d, 0x20, 0x5f, 0x32, 0x30, 0x37, 0x35, 0x3b, 0x0a, 0x20, 0x20, 0x20, 0x20, 0x20, 0x20, 0x20, // = _2075;.       
	0x20, 0x20, 0x20, 0x20, 0x20, 0x20, 0x20, 0x20, 0x20, 0x62, 0x72, 0x65, 0x61, 0x6b, 0x3b, 0x0a, //          break;.
	0x20, 0x20, 0x20, 0x20, 0x20, 0x20, 0x20, 0x20, 0x20, 0x20, 0x20, 0x20, 0x7d, 0x0a, 0x20, 0x20, //             }.  
	0x20, 0x20, 0x20, 0x20, 0x20, 0x20, 0x20, 0x20, 0x20, 0x20, 0x5f, 0x32, 0x38, 0x34, 0x38, 0x20, //           _2848 
	0x3d, 0x20, 0x76, 0x65, 0x63, 0x34, 0x28, 0x6d, 0x61, 0x78, 0x28, 0x28, 0x70, 0x6f, 0x77, 0x28, // = vec4(max((pow(
	0x6d, 0x61, 0x78, 0x28, 0x61, 0x62, 0x73, 0x28, 0x5f, 0x32, 0x30, 0x37, 0x35, 0x2e, 0x78, 0x79, // max(abs(_2075.xy
	0x7a, 0x29, 0x2c, 0x20, 0x76, 0x65, 0x63, 0x33, 0x28, 0x31, 0x2e, 0x31, 0x39, 0x32, 0x30, 0x39, // z), vec3(1.19209
	0x32, 0x38, 0x39, 0x35, 0x35, 0x30, 0x37, 0x38, 0x31, 0x32, 0x35, 0x65, 0x2d, 0x30, 0x37, 0x29, // 28955078125e-07)
	0x29, 0x2c, 0x20, 0x76, 0x65, 0x63, 0x33, 0x28, 0x30, 0x2e, 0x34, 0x31, 0x36, 0x36, 0x36, 0x36, // ), vec3(0.416666
	0x36, 0x35, 0x36, 0x37, 0x33, 0x32, 0x35, 0x35, 0x39, 0x32, 0x30, 0x34, 0x31, 0x30, 0x31, 0x35, // 6567325592041015
	0x36, 0x32, 0x35, 0x29, 0x29, 0x20, 0x2a, 0x20, 0x31, 0x2e, 0x30, 0x35, 0x34, 0x39, 0x39, 0x39, // 625)) * 1.054999
	0x39, 0x34, 0x37, 0x35, 0x34, 0x37, 0x39, 0x31, 0x32, 0x35, 0x39, 0x37, 0x36, 0x35, 0x36, 0x32, // 9475479125976562
	0x35, 0x29, 0x20, 0x2d, 0x20, 0x76, 0x65, 0x63, 0x33, 0x28, 0x30, 0x2e, 0x30, 0x35, 0x34, 0x39, // 5) - vec3(0.0549
	0x39, 0x39, 0x39, 0x39, 0x39, 0x37, 0x30, 0x31, 0x39, 0x37, 0x36, 0x37, 0x37, 0x36, 0x31, 0x32, // 9999970197677612
	0x33, 0x30, 0x34, 0x36, 0x38, 0x37, 0x35, 0x29, 0x2c, 0x20, 0x76, 0x65, 0x63, 0x33, 0x28, 0x30, // 3046875), vec3(0
	0x2e, 0x30, 0x29, 0x29, 0x2e, 0x78, 0x79, 0x2c, 0x20, 0x5f, 0x32, 0x38, 0x38, 0x32, 0x2c, 0x20, // .0)).xy, _2882, 
	0x5f, 0x32, 0x38, 0x38, 0x32, 0x29, 0x3b, 0x0a, 0x20, 0x20, 0x20, 0x20, 0x20, 0x20, 0x20, 0x20, // _2882);.        
	0x20, 0x20, 0x20, 0x20, 0x62, 0x72, 0x65, 0x61, 0x6b, 0x3b, 0x0a, 0x20, 0x20, 0x20, 0x20, 0x20, //     break;.     
	0x20, 0x20, 0x20, 0x7d, 0x20, 0x77, 0x68, 0x69, 0x6c, 0x65, 0x28, 0x66, 0x61, 0x6c, 0x73, 0x65, //    } while(false
	0x29, 0x3b, 0x0a, 0x20, 0x20, 0x20, 0x20, 0x20, 0x20, 0x20, 0x20, 0x5f, 0x32, 0x38, 0x34, 0x39, // );.        _2849
	0x20, 0x3d, 0x20, 0x5f, 0x32, 0x38, 0x34, 0x38, 0x3b, 0x0a, 0x20, 0x20, 0x20, 0x20, 0x7d, 0x0a, //  = _2848;.    }.
	0x20, 0x20, 0x20, 0x20, 0x65, 0x6c, 0x73, 0x65, 0x0a, 0x20, 0x20, 0x20, 0x20, 0x7b, 0x0a, 0x20, //     else.    {. 
	0x20, 0x20, 0x20, 0x20, 0x20, 0x20, 0x20, 0x5f, 0x32, 0x38, 0x34, 0x39, 0x20, 0x3d, 0x20, 0x5f, //        _2849 = _
	0x32, 0x30, 0x37, 0x35, 0x3b, 0x0a, 0x20, 0x20, 0x20, 0x20, 0x7d, 0x0a, 0x20, 0x20, 0x20, 0x20, // 2075;.    }.    
	0x68, 0x69, 0x67, 0x68, 0x70, 0x20, 0x76, 0x65, 0x63, 0x32, 0x20, 0x5f, 0x32, 0x30, 0x38, 0x38, // highp vec2 _2088
	0x20, 0x3d, 0x20, 0x28, 0x5f, 0x32, 0x38, 0x34, 0x39, 0x2e, 0x78, 0x79, 0x20, 0x2a, 0x20, 0x32, //  = (_2849.xy * 2
	0x2e, 0x30, 0x29, 0x20, 0x2d, 0x20, 0x76, 0x65, 0x63, 0x32, 0x28, 0x31, 0x2e, 0x30, 0x29, 0x3b, // .0) - vec2(1.0);
	0x0a, 0x20, 0x20, 0x20, 0x20, 0x5f, 0x32, 0x30, 0x38, 0x38, 0x2e, 0x79, 0x20, 0x3d, 0x20, 0x75, // .    _2088.y = u
	0x5f, 0x66, 0x73, 0x66, 0x55, 0x56, 0x44, 0x69, 0x73, 0x74, 0x6f, 0x72, 0x74, 0x69, 0x6f, 0x6e, // _fsfUVDistortion
	0x50, 0x61, 0x72, 0x61, 0x6d, 0x65, 0x74, 0x65, 0x72, 0x2e, 0x7a, 0x20, 0x2b, 0x20, 0x28, 0x75, // Parameter.z + (u
	0x5f, 0x66, 0x73, 0x66, 0x55, 0x56, 0x44, 0x69, 0x73, 0x74, 0x6f, 0x72, 0x74, 0x69, 0x6f, 0x6e, // _fsfUVDistortion
	0x50, 0x61, 0x72, 0x61, 0x6d, 0x65, 0x74, 0x65, 0x72, 0x2e, 0x77, 0x20, 0x2a, 0x20, 0x28, 0x5f, // Parameter.w * (_
	0x32, 0x30, 0x38, 0x38, 0x2e, 0x79, 0x20, 0x2a, 0x20, 0x28, 0x2d, 0x31, 0x2e, 0x30, 0x29, 0x29, // 2088.y * (-1.0))
	0x29, 0x3b, 0x0a, 0x20, 0x20, 0x20, 0x20, 0x68, 0x69, 0x67, 0x68, 0x70, 0x20, 0x76, 0x65, 0x63, // );.    highp vec
	0x32, 0x20, 0x5f, 0x31, 0x33, 0x35, 0x37, 0x20, 0x3d, 0x20, 0x5f, 0x32, 0x30, 0x38, 0x38, 0x20, // 2 _1357 = _2088 
	0x2a, 0x20, 0x75, 0x5f, 0x66, 0x73, 0x66, 0x55, 0x56, 0x44, 0x69, 0x73, 0x74, 0x6f, 0x72, 0x74, // * u_fsfUVDistort
	0x69, 0x6f, 0x6e, 0x50, 0x61, 0x72, 0x61, 0x6d, 0x65, 0x74, 0x65, 0x72, 0x2e, 0x79, 0x3b, 0x0a, // ionParameter.y;.
	0x20, 0x20, 0x20, 0x20, 0x68, 0x69, 0x67, 0x68, 0x70, 0x20, 0x76, 0x65, 0x63, 0x34, 0x20, 0x5f, //     highp vec4 _
	0x31, 0x33, 0x36, 0x33, 0x20, 0x3d, 0x20, 0x74, 0x65, 0x78, 0x74, 0x75, 0x72, 0x65, 0x28, 0x73, // 1363 = texture(s
	0x5f, 0x62, 0x6c, 0x65, 0x6e, 0x64, 0x54, 0x65, 0x78, 0x2c, 0x20, 0x76, 0x5f, 0x42, 0x6c, 0x65, // _blendTex, v_Ble
	0x6e, 0x64, 0x5f, 0x46, 0x42, 0x4e, 0x65, 0x78, 0x74, 0x49, 0x6e, 0x64, 0x65, 0x78, 0x5f, 0x55, // nd_FBNextIndex_U
	0x56, 0x2e, 0x78, 0x79, 0x20, 0x2b, 0x20, 0x5f, 0x31, 0x33, 0x35, 0x37, 0x29, 0x3b, 0x0a, 0x20, // V.xy + _1357);. 
	0x20, 0x20, 0x20, 0x68, 0x69, 0x67, 0x68, 0x70, 0x20, 0x76, 0x65, 0x63, 0x34, 0x20, 0x5f, 0x32, //    highp vec4 _2
	0x38, 0x35, 0x30, 0x3b, 0x0a, 0x20, 0x20, 0x20, 0x20, 0x64, 0x6f, 0x0a, 0x20, 0x20, 0x20, 0x20, // 850;.    do.    
	0x7b, 0x0a, 0x20, 0x20, 0x20, 0x20, 0x20, 0x20, 0x20, 0x20, 0x69, 0x66, 0x20, 0x28, 0x5f, 0x31, // {.        if (_1
	0x37, 0x38, 0x33, 0x29, 0x0a, 0x20, 0x20, 0x20, 0x20, 0x20, 0x20, 0x20, 0x20, 0x7b, 0x0a, 0x20, // 783).        {. 
	0x20, 0x20, 0x20, 0x20, 0x20, 0x20, 0x20, 0x20, 0x20, 0x20, 0x20, 0x5f, 0x32, 0x38, 0x35, 0x30, //            _2850
	0x20, 0x3d, 0x20, 0x5f, 0x31, 0x33, 0x36, 0x33, 0x3b, 0x0a, 0x20, 0x20, 0x20, 0x20, 0x20, 0x20, //  = _1363;.      
	0x20, 0x20, 0x20, 0x20, 0x20, 0x20, 0x62, 0x72, 0x65, 0x61, 0x6b, 0x3b, 0x0a, 0x20, 0x20, 0x20, //       break;.   
	0x20, 0x20, 0x20, 0x20, 0x20, 0x7d, 0x0a, 0x20, 0x20, 0x20, 0x20, 0x20, 0x20, 0x20, 0x20, 0x5f, //      }.        _
	0x32, 0x38, 0x35, 0x30, 0x20, 0x3d, 0x20, 0x76, 0x65, 0x63, 0x34, 0x28, 0x6d, 0x61, 0x78, 0x28, // 2850 = vec4(max(
	0x28, 0x70, 0x6f, 0x77, 0x28, 0x6d, 0x61, 0x78, 0x28, 0x61, 0x62, 0x73, 0x28, 0x5f, 0x31, 0x33, // (pow(max(abs(_13
	0x36, 0x33, 0x2e, 0x78, 0x79, 0x7a, 0x29, 0x2c, 0x20, 0x76, 0x65, 0x63, 0x33, 0x28, 0x31, 0x2e, // 63.xyz), vec3(1.
	0x31, 0x39, 0x32, 0x30, 0x39, 0x32, 0x38, 0x39, 0x35, 0x35, 0x30, 0x37, 0x38, 0x31, 0x32, 0x35, // 1920928955078125
	0x65, 0x2d, 0x30, 0x37, 0x29, 0x29, 0x2c, 0x20, 0x76, 0x65, 0x63, 0x33, 0x28, 0x30, 0x2e, 0x34, // e-07)), vec3(0.4
	0x31, 0x36, 0x36, 0x36, 0x36, 0x36, 0x35, 0x36, 0x37, 0x33, 0x32, 0x35, 0x35, 0x39, 0x32, 0x30, // 1666665673255920
	0x34, 0x31, 0x30, 0x31, 0x35, 0x36, 0x32, 0x35, 0x29, 0x29, 0x20, 0x2a, 0x20, 0x31, 0x2e, 0x30, // 41015625)) * 1.0
	0x35, 0x34, 0x39, 0x39, 0x39, 0x39, 0x34, 0x37, 0x35, 0x34, 0x37, 0x39, 0x31, 0x32, 0x35, 0x39, // 5499994754791259
	0x37, 0x36, 0x35, 0x36, 0x32, 0x35, 0x29, 0x20, 0x2d, 0x20, 0x76, 0x65, 0x63, 0x33, 0x28, 0x30, // 765625) - vec3(0
	0x2e, 0x30, 0x35, 0x34, 0x39, 0x39, 0x39, 0x39, 0x39, 0x39, 0x37, 0x30, 0x31, 0x39, 0x37, 0x36, // .054999999701976
	0x37, 0x37, 0x36, 0x31, 0x32, 0x33, 0x30, 0x34, 0x36, 0x38, 0x37, 0x35, 0x29, 0x2c, 0x20, 0x76, // 776123046875), v
	0x65, 0x63, 0x33, 0x28, 0x30, 0x2e, 0x30, 0x29, 0x29, 0x2c, 0x20, 0x5f, 0x31, 0x33, 0x36, 0x33, // ec3(0.0)), _1363
	0x2e, 0x77, 0x29, 0x3b, 0x0a, 0x20, 0x20, 0x20, 0x20, 0x20, 0x20, 0x20, 0x20, 0x62, 0x72, 0x65, // .w);.        bre
	0x61, 0x6b, 0x3b, 0x0a, 0x20, 0x20, 0x20, 0x20, 0x7d, 0x20, 0x77, 0x68, 0x69, 0x6c, 0x65, 0x28, // ak;.    } while(
	0x66, 0x61, 0x6c, 0x73, 0x65, 0x29, 0x3b, 0x0a, 0x20, 0x20, 0x20, 0x20, 0x68, 0x69, 0x67, 0x68, // false);.    high
	0x70, 0x20, 0x76, 0x65, 0x63, 0x34, 0x20, 0x5f, 0x31, 0x33, 0x37, 0x33, 0x20, 0x3d, 0x20, 0x74, // p vec4 _1373 = t
	0x65, 0x78, 0x74, 0x75, 0x72, 0x65, 0x28, 0x73, 0x5f, 0x62, 0x6c, 0x65, 0x6e, 0x64, 0x41, 0x6c, // exture(s_blendAl
	0x70, 0x68, 0x61, 0x54, 0x65, 0x78, 0x2c, 0x20, 0x76, 0x5f, 0x42, 0x6c, 0x65, 0x6e, 0x64, 0x5f, // phaTex, v_Blend_
	0x41, 0x6c, 0x70, 0x68, 0x61, 0x5f, 0x44, 0x69, 0x73, 0x74, 0x5f, 0x55, 0x56, 0x2e, 0x78, 0x79, // Alpha_Dist_UV.xy
	0x20, 0x2b, 0x20, 0x5f, 0x31, 0x33, 0x35, 0x37, 0x29, 0x3b, 0x0a, 0x20, 0x20, 0x20, 0x20, 0x68, //  + _1357);.    h
	0x69, 0x67, 0x68, 0x70, 0x20, 0x76, 0x65, 0x63, 0x34, 0x20, 0x5f, 0x32, 0x38, 0x35, 0x31, 0x3b, // ighp vec4 _2851;
	0x0a, 0x20, 0x20, 0x20, 0x20, 0x64, 0x6f, 0x0a, 0x20, 0x20, 0x20, 0x20, 0x7b, 0x0a, 0x20, 0x20, // .    do.    {.  
	0x20, 0x20, 0x20, 0x20, 0x20, 0x20, 0x69, 0x66, 0x20, 0x28, 0x5f, 0x31, 0x37, 0x38, 0x33, 0x29, //       if (_1783)
	0x0a, 0x20, 0x20, 0x20, 0x20, 0x20, 0x20, 0x20, 0x20, 0x7b, 0x0a, 0x20, 0x20, 0x20, 0x20, 0x20, // .        {.     
	0x20, 0x20, 0x20, 0x20, 0x20, 0x20, 0x20, 0x5f, 0x32, 0x38, 0x35, 0x31, 0x20, 0x3d, 0x20, 0x5f, //        _2851 = _
	0x31, 0x33, 0x37, 0x33, 0x3b, 0x0a, 0x20, 0x20, 0x20, 0x20, 0x20, 0x20, 0x20, 0x20, 0x20, 0x20, // 1373;.          
	0x20, 0x20, 0x62, 0x72, 0x65, 0x61, 0x6b, 0x3b, 0x0a, 0x20, 0x20, 0x20, 0x20, 0x20, 0x20, 0x20, //   break;.       
	0x20, 0x7d, 0x0a, 0x20, 0x20, 0x20, 0x20, 0x20, 0x20, 0x20, 0x20, 0x5f, 0x32, 0x38, 0x35, 0x31, //  }.        _2851
	0x20, 0x3d, 0x20, 0x76, 0x65, 0x63, 0x34, 0x28, 0x6d, 0x61, 0x78, 0x28, 0x28, 0x70, 0x6f, 0x77, //  = vec4(max((pow
	0x28, 0x6d, 0x61, 0x78, 0x28, 0x61, 0x62, 0x73, 0x28, 0x5f, 0x31, 0x33, 0x37, 0x33, 0x2e, 0x78, // (max(abs(_1373.x
	0x79, 0x7a, 0x29, 0x2c, 0x20, 0x76, 0x65, 0x63, 0x33, 0x28, 0x31, 0x2e, 0x31, 0x39, 0x32, 0x30, // yz), vec3(1.1920
	0x39, 0x32, 0x38, 0x39, 0x35, 0x35, 0x30, 0x37, 0x38, 0x31, 0x32, 0x35, 0x65, 0x2d, 0x30, 0x37, // 928955078125e-07
	0x29, 0x29, 0x2c, 0x20, 0x76, 0x65, 0x63, 0x33, 0x28, 0x30, 0x2e, 0x34, 0x31, 0x36, 0x36, 0x36, // )), vec3(0.41666
	0x36, 0x36, 0x35, 0x36, 0x37, 0x33, 0x32, 0x35, 0x35, 0x39, 0x32, 0x30, 0x34, 0x31, 0x30, 0x31, // 6656732559204101
	0x35, 0x36, 0x32, 0x35, 0x29, 0x29, 0x20, 0x2a, 0x20, 0x31, 0x2e, 0x30, 0x35, 0x34, 0x39, 0x39, // 5625)) * 1.05499
	0x39, 0x39, 0x34, 0x37, 0x35, 0x34, 0x37, 0x39, 0x31, 0x32, 0x35, 0x39, 0x37, 0x36, 0x35, 0x36, // 9947547912597656
	0x32, 0x35, 0x29, 0x20, 0x2d, 0x20, 0x76, 0x65, 0x63, 0x33, 0x28, 0x30, 0x2e, 0x30, 0x35, 0x34, // 25) - vec3(0.054
	0x39, 0x39, 0x39, 0x39, 0x39, 0x39, 0x37, 0x30, 0x31, 0x39, 0x37, 0x36, 0x37, 0x37, 0x36, 0x31, // 9999997019767761
	0x32, 0x33, 0x30, 0x34, 0x36, 0x38, 0x37, 0x35, 0x29, 0x2c, 0x20, 0x76, 0x65, 0x63, 0x33, 0x28, // 23046875), vec3(
	0x30, 0x2e, 0x30, 0x29, 0x29, 0x2e, 0x78, 0x2c, 0x20, 0x5f, 0x32, 0x38, 0x38, 0x32, 0x2c, 0x20, // 0.0)).x, _2882, 
	0x5f, 0x32, 0x38, 0x38, 0x32, 0x2c, 0x20, 0x5f, 0x31, 0x33, 0x37, 0x33, 0x2e, 0x77, 0x29, 0x3b, // _2882, _1373.w);
	0x0a, 0x20, 0x20, 0x20, 0x20, 0x20, 0x20, 0x20, 0x20, 0x62, 0x72, 0x65, 0x61, 0x6b, 0x3b, 0x0a, // .        break;.
	0x20, 0x20, 0x20, 0x20, 0x7d, 0x20, 0x77, 0x68, 0x69, 0x6c, 0x65, 0x28, 0x66, 0x61, 0x6c, 0x73, //     } while(fals
	0x65, 0x29, 0x3b, 0x0a, 0x20, 0x20, 0x20, 0x20, 0x68, 0x69, 0x67, 0x68, 0x70, 0x20, 0x66, 0x6c, // e);.    highp fl
	0x6f, 0x61, 0x74, 0x20, 0x5f, 0x31, 0x33, 0x38, 0x35, 0x20, 0x3d, 0x20, 0x5f, 0x32, 0x38, 0x35, // oat _1385 = _285
	0x30, 0x2e, 0x77, 0x20, 0x2a, 0x20, 0x28, 0x5f, 0x32, 0x38, 0x35, 0x31, 0x2e, 0x78, 0x20, 0x2a, // 0.w * (_2851.x *
	0x20, 0x5f, 0x32, 0x38, 0x35, 0x31, 0x2e, 0x77, 0x29, 0x3b, 0x0a, 0x20, 0x20, 0x20, 0x20, 0x68, //  _2851.w);.    h
	0x69, 0x67, 0x68, 0x70, 0x20, 0x76, 0x65, 0x63, 0x34, 0x20, 0x5f, 0x32, 0x38, 0x35, 0x37, 0x3b, // ighp vec4 _2857;
	0x0a, 0x20, 0x20, 0x20, 0x20, 0x69, 0x66, 0x20, 0x28, 0x75, 0x5f, 0x66, 0x73, 0x66, 0x42, 0x6c, // .    if (u_fsfBl
	0x65, 0x6e, 0x64, 0x54, 0x65, 0x78, 0x74, 0x75, 0x72, 0x65, 0x50, 0x61, 0x72, 0x61, 0x6d, 0x65, // endTextureParame
	0x74, 0x65, 0x72, 0x2e, 0x78, 0x20, 0x3d, 0x3d, 0x20, 0x30, 0x2e, 0x30, 0x29, 0x0a, 0x20, 0x20, // ter.x == 0.0).  
	0x20, 0x20, 0x7b, 0x0a, 0x20, 0x20, 0x20, 0x20, 0x20, 0x20, 0x20, 0x20, 0x5f, 0x32, 0x38, 0x35, //   {.        _285
	0x37, 0x20, 0x3d, 0x20, 0x76, 0x65, 0x63, 0x34, 0x28, 0x28, 0x5f, 0x32, 0x38, 0x35, 0x30, 0x2e, // 7 = vec4((_2850.
	0x78, 0x79, 0x7a, 0x20, 0x2a, 0x20, 0x5f, 0x31, 0x33, 0x38, 0x35, 0x29, 0x20, 0x2b, 0x20, 0x28, // xyz * _1385) + (
	0x5f, 0x32, 0x36, 0x39, 0x31, 0x2e, 0x78, 0x79, 0x7a, 0x20, 0x2a, 0x20, 0x28, 0x31, 0x2e, 0x30, // _2691.xyz * (1.0
	0x20, 0x2d, 0x20, 0x5f, 0x31, 0x33, 0x38, 0x35, 0x29, 0x29, 0x2c, 0x20, 0x5f, 0x31, 0x33, 0x34, //  - _1385)), _134
	0x33, 0x29, 0x3b, 0x0a, 0x20, 0x20, 0x20, 0x20, 0x7d, 0x0a, 0x20, 0x20, 0x20, 0x20, 0x65, 0x6c, // 3);.    }.    el
	0x73, 0x65, 0x0a, 0x20, 0x20, 0x20, 0x20, 0x7b, 0x0a, 0x20, 0x20, 0x20, 0x20, 0x20, 0x20, 0x20, // se.    {.       
	0x20, 0x68, 0x69, 0x67, 0x68, 0x70, 0x20, 0x76, 0x65, 0x63, 0x34, 0x20, 0x5f, 0x32, 0x38, 0x35, //  highp vec4 _285
	0x38, 0x3b, 0x0a, 0x20, 0x20, 0x20, 0x20, 0x20, 0x20, 0x20, 0x20, 0x69, 0x66, 0x20, 0x28, 0x75, // 8;.        if (u
	0x5f, 0x66, 0x73, 0x66, 0x42, 0x6c, 0x65, 0x6e, 0x64, 0x54, 0x65, 0x78, 0x74, 0x75, 0x72, 0x65, // _fsfBlendTexture
	0x50, 0x61, 0x72, 0x61, 0x6d, 0x65, 0x74, 0x65, 0x72, 0x2e, 0x78, 0x20, 0x3d, 0x3d, 0x20, 0x31, // Parameter.x == 1
	0x2e, 0x30, 0x29, 0x0a, 0x20, 0x20, 0x20, 0x20, 0x20, 0x20, 0x20, 0x20, 0x7b, 0x0a, 0x20, 0x20, // .0).        {.  
	0x20, 0x20, 0x20, 0x20, 0x20, 0x20, 0x20, 0x20, 0x20, 0x20, 0x5f, 0x32, 0x38, 0x35, 0x38, 0x20, //           _2858 
	0x3d, 0x20, 0x76, 0x65, 0x63, 0x34, 0x28, 0x5f, 0x32, 0x36, 0x39, 0x31, 0x2e, 0x78, 0x79, 0x7a, // = vec4(_2691.xyz
	0x20, 0x2b, 0x20, 0x28, 0x5f, 0x32, 0x38, 0x35, 0x30, 0x2e, 0x78, 0x79, 0x7a, 0x20, 0x2a, 0x20, //  + (_2850.xyz * 
	0x5f, 0x31, 0x33, 0x38, 0x35, 0x29, 0x2c, 0x20, 0x5f, 0x31, 0x33, 0x34, 0x33, 0x29, 0x3b, 0x0a, // _1385), _1343);.
	0x20, 0x20, 0x20, 0x20, 0x20, 0x20, 0x20, 0x20, 0x7d, 0x0a, 0x20, 0x20, 0x20, 0x20, 0x20, 0x20, //         }.      
	0x20, 0x20, 0x65, 0x6c, 0x73, 0x65, 0x0a, 0x20, 0x20, 0x20, 0x20, 0x20, 0x20, 0x20, 0x20, 0x7b, //   else.        {
	0x0a, 0x20, 0x20, 0x20, 0x20, 0x20, 0x20, 0x20, 0x20, 0x20, 0x20, 0x20, 0x20, 0x68, 0x69, 0x67, // .            hig
	0x68, 0x70, 0x20, 0x76, 0x65, 0x63, 0x34, 0x20, 0x5f, 0x32, 0x38, 0x35, 0x39, 0x3b, 0x0a, 0x20, // hp vec4 _2859;. 
	0x20, 0x20, 0x20, 0x20, 0x20, 0x20, 0x20, 0x20, 0x20, 0x20, 0x20, 0x69, 0x66, 0x20, 0x28, 0x75, //            if (u
	0x5f, 0x66, 0x73, 0x66, 0x42, 0x6c, 0x65, 0x6e, 0x64, 0x54, 0x65, 0x78, 0x74, 0x75, 0x72, 0x65, // _fsfBlendTexture
	0x50, 0x61, 0x72, 0x61, 0x6d, 0x65, 0x74, 0x65, 0x72, 0x2e, 0x78, 0x20, 0x3d, 0x3d, 0x20, 0x32, // Parameter.x == 2
	0x2e, 0x30, 0x29, 0x0a, 0x20, 0x20, 0x20, 0x20, 0x20, 0x20, 0x20, 0x20, 0x20, 0x20, 0x20, 0x20, // .0).            
	0x7b, 0x0a, 0x20, 0x20, 0x20, 0x20, 0x20, 0x20, 0x20, 0x20, 0x20, 0x20, 0x20, 0x20, 0x20, 0x20, // {.              
	0x20, 0x20, 0x5f, 0x32, 0x38, 0x35, 0x39, 0x20, 0x3d, 0x20, 0x76, 0x65, 0x63, 0x34, 0x28, 0x5f, //   _2859 = vec4(_
	0x32, 0x36, 0x39, 0x31, 0x2e, 0x78, 0x79, 0x7a, 0x20, 0x2d, 0x20, 0x28, 0x5f, 0x32, 0x38, 0x35, // 2691.xyz - (_285
	0x30, 0x2e, 0x78, 0x79, 0x7a, 0x20, 0x2a, 0x20, 0x5f, 0x31, 0x33, 0x38, 0x35, 0x29, 0x2c, 0x20, // 0.xyz * _1385), 
	0x5f, 0x31, 0x33, 0x34, 0x33, 0x29, 0x3b, 0x0a, 0x20, 0x20, 0x20, 0x20, 0x20, 0x20, 0x20, 0x20, // _1343);.        
	0x20, 0x20, 0x20, 0x20, 0x7d, 0x0a, 0x20, 0x20, 0x20, 0x20, 0x20, 0x20, 0x20, 0x20, 0x20, 0x20, //     }.          
	0x20, 0x20, 0x65, 0x6c, 0x73, 0x65, 0x0a, 0x20, 0x20, 0x20, 0x20, 0x20, 0x20, 0x20, 0x20, 0x20, //   else.         
	0x20, 0x20, 0x20, 0x7b, 0x0a, 0x20, 0x20, 0x20, 0x20, 0x20, 0x20, 0x20, 0x20, 0x20, 0x20, 0x20, //    {.           
	0x20, 0x20, 0x20, 0x20, 0x20, 0x68, 0x69, 0x67, 0x68, 0x70, 0x20, 0x76, 0x65, 0x63, 0x34, 0x20, //      highp vec4 
	0x5f, 0x32, 0x38, 0x36, 0x30, 0x3b, 0x0a, 0x20, 0x20, 0x20, 0x20, 0x20, 0x20, 0x20, 0x20, 0x20, // _2860;.         
	0x20, 0x20, 0x20, 0x20, 0x20, 0x20, 0x20, 0x69, 0x66, 0x20, 0x28, 0x75, 0x5f, 0x66, 0x73, 0x66, //        if (u_fsf
	0x42, 0x6c, 0x65, 0x6e, 0x64, 0x54, 0x65, 0x78, 0x74, 0x75, 0x72, 0x65, 0x50, 0x61, 0x72, 0x61, // BlendTexturePara
	0x6d, 0x65, 0x74, 0x65, 0x72, 0x2e, 0x78, 0x20, 0x3d, 0x3d, 0x20, 0x33, 0x2e, 0x30, 0x29, 0x0a, // meter.x == 3.0).
	0x20, 0x20, 0x20, 0x20, 0x20, 0x20, 0x20, 0x20, 0x20, 0x20, 0x20, 0x20, 0x20, 0x20, 0x20, 0x20, //                 
	0x7b, 0x0a, 0x20, 0x20, 0x20, 0x20, 0x20, 0x20, 0x20, 0x20, 0x20, 0x20, 0x20, 0x20, 0x20, 0x20, // {.              
	0x20, 0x20, 0x20, 0x20, 0x20, 0x20, 0x5f, 0x32, 0x38, 0x36, 0x30, 0x20, 0x3d, 0x20, 0x76, 0x65, //       _2860 = ve
	0x63, 0x34, 0x28, 0x5f, 0x32, 0x36, 0x39, 0x31, 0x2e, 0x78, 0x79, 0x7a, 0x20, 0x2a, 0x20, 0x28, // c4(_2691.xyz * (
	0x5f, 0x32, 0x38, 0x35, 0x30, 0x2e, 0x78, 0x79, 0x7a, 0x20, 0x2a, 0x20, 0x5f, 0x31, 0x33, 0x38, // _2850.xyz * _138
	0x35, 0x29, 0x2c, 0x20, 0x5f, 0x31, 0x33, 0x34, 0x33, 0x29, 0x3b, 0x0a, 0x20, 0x20, 0x20, 0x20, // 5), _1343);.    
	0x20, 0x20, 0x20, 0x20, 0x20, 0x20, 0x20, 0x20, 0x20, 0x20, 0x20, 0x20, 0x7d, 0x0a, 0x20, 0x20, //             }.  
	0x20, 0x20, 0x20, 0x20, 0x20, 0x20, 0x20, 0x20, 0x20, 0x20, 0x20, 0x20, 0x20, 0x20, 0x65, 0x6c, //               el
	0x73, 0x65, 0x0a, 0x20, 0x20, 0x20, 0x20, 0x20, 0x20, 0x20, 0x20, 0x20, 0x20, 0x20, 0x20, 0x20, // se.             
	0x20, 0x20, 0x20, 0x7b, 0x0a, 0x20, 0x20, 0x20, 0x20, 0x20, 0x20, 0x20, 0x20, 0x20, 0x20, 0x20, //    {.           
	0x20, 0x20, 0x20, 0x20, 0x20, 0x20, 0x20, 0x20, 0x20, 0x5f, 0x32, 0x38, 0x36, 0x30, 0x20, 0x3d, //          _2860 =
	0x20, 0x5f, 0x32, 0x36, 0x39, 0x31, 0x3b, 0x0a, 0x20, 0x20, 0x20, 0x20, 0x20, 0x20, 0x20, 0x20, //  _2691;.        
	0x20, 0x20, 0x20, 0x20, 0x20, 0x20, 0x20, 0x20, 0x7d, 0x0a, 0x20, 0x20, 0x20, 0x20, 0x20, 0x20, //         }.      
	0x20, 0x20, 0x20, 0x20, 0x20, 0x20, 0x20, 0x20, 0x20, 0x20, 0x5f, 0x32, 0x38, 0x35, 0x39, 0x20, //           _2859 
	0x3d, 0x20, 0x5f, 0x32, 0x38, 0x36, 0x30, 0x3b, 0x0a, 0x20, 0x20, 0x20, 0x20, 0x20, 0x20, 0x20, // = _2860;.       
	0x20, 0x20, 0x20, 0x20, 0x20, 0x7d, 0x0a, 0x20, 0x20, 0x20, 0x20, 0x20, 0x20, 0x20, 0x20, 0x20, //      }.         
	0x20, 0x20, 0x20, 0x5f, 0x32, 0x38, 0x35, 0x38, 0x20, 0x3d, 0x20, 0x5f, 0x32, 0x38, 0x35, 0x39, //    _2858 = _2859
	0x3b, 0x0a, 0x20, 0x20, 0x20, 0x20, 0x20, 0x20, 0x20, 0x20, 0x7d, 0x0a, 0x20, 0x20, 0x20, 0x20, // ;.        }.    
	0x20, 0x20, 0x20, 0x20, 0x5f, 0x32, 0x38, 0x35, 0x37, 0x20, 0x3d, 0x20, 0x5f, 0x32, 0x38, 0x35, //     _2857 = _285
	0x38, 0x3b, 0x0a, 0x20, 0x20, 0x20, 0x20, 0x7d, 0x0a, 0x20, 0x20, 0x20, 0x20, 0x68, 0x69, 0x67, // 8;.    }.    hig
	0x68, 0x70, 0x20, 0x76, 0x65, 0x63, 0x33, 0x20, 0x5f, 0x31, 0x34, 0x31, 0x30, 0x20, 0x3d, 0x20, // hp vec3 _1410 = 
	0x5f, 0x32, 0x38, 0x35, 0x37, 0x2e, 0x78, 0x79, 0x7a, 0x20, 0x2a, 0x20, 0x28, 0x28, 0x75, 0x5f, // _2857.xyz * ((u_
	0x66, 0x73, 0x66, 0x4c, 0x69, 0x67, 0x68, 0x74, 0x43, 0x6f, 0x6c, 0x6f, 0x72, 0x2e, 0x78, 0x79, // fsfLightColor.xy
	0x7a, 0x20, 0x2a, 0x20, 0x6d, 0x61, 0x78, 0x28, 0x64, 0x6f, 0x74, 0x28, 0x75, 0x5f, 0x66, 0x73, // z * max(dot(u_fs
	0x66, 0x4c, 0x69, 0x67, 0x68, 0x74, 0x44, 0x69, 0x72, 0x65, 0x63, 0x74, 0x69, 0x6f, 0x6e, 0x2e, // fLightDirection.
	0x78, 0x79, 0x7a, 0x2c, 0x20, 0x5f, 0x31, 0x33, 0x30, 0x38, 0x29, 0x2c, 0x20, 0x30, 0x2e, 0x30, // xyz, _1308), 0.0
	0x29, 0x29, 0x20, 0x2b, 0x20, 0x75, 0x5f, 0x66, 0x73, 0x66, 0x4c, 0x69, 0x67, 0x68, 0x74, 0x41, // )) + u_fsfLightA
	0x6d, 0x62, 0x69, 0x65, 0x6e, 0x74, 0x2e, 0x78, 0x79, 0x7a, 0x29, 0x3b, 0x0a, 0x20, 0x20, 0x20, // mbient.xyz);.   
	0x20, 0x68, 0x69, 0x67, 0x68, 0x70, 0x20, 0x76, 0x65, 0x63, 0x34, 0x20, 0x5f, 0x32, 0x37, 0x35, //  highp vec4 _275
	0x31, 0x20, 0x3d, 0x20, 0x5f, 0x32, 0x38, 0x35, 0x37, 0x3b, 0x0a, 0x20, 0x20, 0x20, 0x20, 0x5f, // 1 = _2857;.    _
	0x32, 0x37, 0x35, 0x31, 0x2e, 0x78, 0x20, 0x3d, 0x20, 0x5f, 0x31, 0x34, 0x31, 0x30, 0x2e, 0x78, // 2751.x = _1410.x
	0x3b, 0x0a, 0x20, 0x20, 0x20, 0x20, 0x5f, 0x32, 0x37, 0x35, 0x31, 0x2e, 0x79, 0x20, 0x3d, 0x20, // ;.    _2751.y = 
	0x5f, 0x31, 0x34, 0x31, 0x30, 0x2e, 0x79, 0x3b, 0x0a, 0x20, 0x20, 0x20, 0x20, 0x5f, 0x32, 0x37, // _1410.y;.    _27
	0x35, 0x31, 0x2e, 0x7a, 0x20, 0x3d, 0x20, 0x5f, 0x31, 0x34, 0x31, 0x30, 0x2e, 0x7a, 0x3b, 0x0a, // 51.z = _1410.z;.
	0x20, 0x20, 0x20, 0x20, 0x68, 0x69, 0x67, 0x68, 0x70, 0x20, 0x76, 0x65, 0x63, 0x34, 0x20, 0x5f, //     highp vec4 _
	0x32, 0x38, 0x36, 0x34, 0x3b, 0x0a, 0x20, 0x20, 0x20, 0x20, 0x69, 0x66, 0x20, 0x28, 0x75, 0x5f, // 2864;.    if (u_
	0x66, 0x73, 0x66, 0x46, 0x61, 0x6c, 0x6c, 0x6f, 0x66, 0x66, 0x50, 0x61, 0x72, 0x61, 0x6d, 0x65, // fsfFalloffParame
	0x74, 0x65, 0x72, 0x2e, 0x78, 0x20, 0x3d, 0x3d, 0x20, 0x31, 0x2e, 0x30, 0x29, 0x0a, 0x20, 0x20, // ter.x == 1.0).  
	0x20, 0x20, 0x7b, 0x0a, 0x20, 0x20, 0x20, 0x20, 0x20, 0x20, 0x20, 0x20, 0x68, 0x69, 0x67, 0x68, //   {.        high
	0x70, 0x20, 0x76, 0x65, 0x63, 0x34, 0x20, 0x5f, 0x31, 0x34, 0x34, 0x35, 0x20, 0x3d, 0x20, 0x6d, // p vec4 _1445 = m
	0x69, 0x78, 0x28, 0x75, 0x5f, 0x66, 0x73, 0x66, 0x46, 0x61, 0x6c, 0x6c, 0x6f, 0x66, 0x66, 0x45, // ix(u_fsfFalloffE
	0x6e, 0x64, 0x43, 0x6f, 0x6c, 0x6f, 0x72, 0x2c, 0x20, 0x75, 0x5f, 0x66, 0x73, 0x66, 0x46, 0x61, // ndColor, u_fsfFa
	0x6c, 0x6c, 0x6f, 0x66, 0x66, 0x42, 0x65, 0x67, 0x69, 0x6e, 0x43, 0x6f, 0x6c, 0x6f, 0x72, 0x2c, // lloffBeginColor,
	0x20, 0x76, 0x65, 0x63, 0x34, 0x28, 0x70, 0x6f, 0x77, 0x28, 0x63, 0x6c, 0x61, 0x6d, 0x70, 0x28, //  vec4(pow(clamp(
	0x64, 0x6f, 0x74, 0x28, 0x6e, 0x6f, 0x72, 0x6d, 0x61, 0x6c, 0x69, 0x7a, 0x65, 0x28, 0x2d, 0x75, // dot(normalize(-u
	0x5f, 0x66, 0x73, 0x66, 0x43, 0x61, 0x6d, 0x65, 0x72, 0x61, 0x46, 0x72, 0x6f, 0x6e, 0x74, 0x44, // _fsfCameraFrontD
	0x69, 0x72, 0x65, 0x63, 0x74, 0x69, 0x6f, 0x6e, 0x2e, 0x78, 0x79, 0x7a, 0x29, 0x2c, 0x20, 0x5f, // irection.xyz), _
	0x31, 0x33, 0x30, 0x38, 0x29, 0x2c, 0x20, 0x30, 0x2e, 0x30, 0x2c, 0x20, 0x31, 0x2e, 0x30, 0x29, // 1308), 0.0, 1.0)
	0x2c, 0x20, 0x75, 0x5f, 0x66, 0x73, 0x66, 0x46, 0x61, 0x6c, 0x6c, 0x6f, 0x66, 0x66, 0x50, 0x61, // , u_fsfFalloffPa
	0x72, 0x61, 0x6d, 0x65, 0x74, 0x65, 0x72, 0x2e, 0x7a, 0x29, 0x29, 0x29, 0x3b, 0x0a, 0x20, 0x20, // rameter.z)));.  
	0x20, 0x20, 0x20, 0x20, 0x20, 0x20, 0x68, 0x69, 0x67, 0x68, 0x70, 0x20, 0x76, 0x65, 0x63, 0x34, //       highp vec4
	0x20, 0x5f, 0x32, 0x38, 0x36, 0x31, 0x3b, 0x0a, 0x20, 0x20, 0x20, 0x20, 0x20, 0x20, 0x20, 0x20, //  _2861;.        
	0x69, 0x66, 0x20, 0x28, 0x75, 0x5f, 0x66, 0x73, 0x66, 0x46, 0x61, 0x6c, 0x6c, 0x6f, 0x66, 0x66, // if (u_fsfFalloff
	0x50, 0x61, 0x72, 0x61, 0x6d, 0x65, 0x74, 0x65, 0x72, 0x2e, 0x79, 0x20, 0x3d, 0x3d, 0x20, 0x30, // Parameter.y == 0
	0x2e, 0x30, 0x29, 0x0a, 0x20, 0x20, 0x20, 0x20, 0x20, 0x20, 0x20, 0x20, 0x7b, 0x0a, 0x20, 0x20, // .0).        {.  
	0x20, 0x20, 0x20, 0x20, 0x20, 0x20, 0x20, 0x20, 0x20, 0x20, 0x68, 0x69, 0x67, 0x68, 0x70, 0x20, //           highp 
	0x76, 0x65, 0x63, 0x33, 0x20, 0x5f, 0x31, 0x34, 0x35, 0x35, 0x20, 0x3d, 0x20, 0x5f, 0x32, 0x37, // vec3 _1455 = _27
	0x35, 0x31, 0x2e, 0x78, 0x79, 0x7a, 0x20, 0x2b, 0x20, 0x5f, 0x31, 0x34, 0x34, 0x35, 0x2e, 0x78, // 51.xyz + _1445.x
	0x79, 0x7a, 0x3b, 0x0a, 0x20, 0x20, 0x20, 0x20, 0x20, 0x20, 0x20, 0x20, 0x20, 0x20, 0x20, 0x20, // yz;.            
	0x68, 0x69, 0x67, 0x68, 0x70, 0x20, 0x76, 0x65, 0x63, 0x34, 0x20, 0x5f, 0x32, 0x37, 0x36, 0x33, // highp vec4 _2763
	0x20, 0x3d, 0x20, 0x5f, 0x32, 0x37, 0x35, 0x31, 0x3b, 0x0a, 0x20, 0x20, 0x20, 0x20, 0x20, 0x20, //  = _2751;.      
	0x20, 0x20, 0x20, 0x20, 0x20, 0x20, 0x5f, 0x32, 0x37, 0x36, 0x33, 0x2e, 0x78, 0x20, 0x3d, 0x20, //       _2763.x = 
	0x5f, 0x31, 0x34, 0x35, 0x35, 0x2e, 0x78, 0x3b, 0x0a, 0x20, 0x20, 0x20, 0x20, 0x20, 0x20, 0x20, // _1455.x;.       
	0x20, 0x20, 0x20, 0x20, 0x20, 0x5f, 0x32, 0x37, 0x36, 0x33, 0x2e, 0x79, 0x20, 0x3d, 0x20, 0x5f, //      _2763.y = _
	0x31, 0x34, 0x35, 0x35, 0x2e, 0x79, 0x3b, 0x0a, 0x20, 0x20, 0x20, 0x20, 0x20, 0x20, 0x20, 0x20, // 1455.y;.        
	0x20, 0x20, 0x20, 0x20, 0x5f, 0x32, 0x37, 0x36, 0x33, 0x2e, 0x7a, 0x20, 0x3d, 0x20, 0x5f, 0x31, //     _2763.z = _1
	0x34, 0x35, 0x35, 0x2e, 0x7a, 0x3b, 0x0a, 0x20, 0x20, 0x20, 0x20, 0x20, 0x20, 0x20, 0x20, 0x20, // 455.z;.         
	0x20, 0x20, 0x20, 0x5f, 0x32, 0x38, 0x36, 0x31, 0x20, 0x3d, 0x20, 0x5f, 0x32, 0x37, 0x36, 0x33, //    _2861 = _2763
	0x3b, 0x0a, 0x20, 0x20, 0x20, 0x20, 0x20, 0x20, 0x20, 0x20, 0x7d, 0x0a, 0x20, 0x20, 0x20, 0x20, // ;.        }.    
	0x20, 0x20, 0x20, 0x20, 0x65, 0x6c, 0x73, 0x65, 0x0a, 0x20, 0x20, 0x20, 0x20, 0x20, 0x20, 0x20, //     else.       
	0x20, 0x7b, 0x0a, 0x20, 0x20, 0x20, 0x20, 0x20, 0x20, 0x20, 0x20, 0x20, 0x20, 0x20, 0x20, 0x68, //  {.            h
	0x69, 0x67, 0x68, 0x70, 0x20, 0x76, 0x65, 0x63, 0x34, 0x20, 0x5f, 0x32, 0x38, 0x36, 0x32, 0x3b, // ighp vec4 _2862;
	0x0a, 0x20, 0x20, 0x20, 0x20, 0x20, 0x20, 0x20, 0x20, 0x20, 0x20, 0x20, 0x20, 0x69, 0x66, 0x20, // .            if 
	0x28, 0x75, 0x5f, 0x66, 0x73, 0x66, 0x46, 0x61, 0x6c, 0x6c, 0x6f, 0x66, 0x66, 0x50, 0x61, 0x72, // (u_fsfFalloffPar
	0x61, 0x6d, 0x65, 0x74, 0x65, 0x72, 0x2e, 0x79, 0x20, 0x3d, 0x3d, 0x20, 0x31, 0x2e, 0x30, 0x29, // ameter.y == 1.0)
	0x0a, 0x20, 0x20, 0x20, 0x20, 0x20, 0x20, 0x20, 0x20, 0x20, 0x20, 0x20, 0x20, 0x7b, 0x0a, 0x20, // .            {. 
	0x20, 0x20, 0x20, 0x20, 0x20, 0x20, 0x20, 0x20, 0x20, 0x20, 0x20, 0x20, 0x20, 0x20, 0x20, 0x68, //                h
	0x69, 0x67, 0x68, 0x70, 0x20, 0x76, 0x65, 0x63, 0x33, 0x20, 0x5f, 0x31, 0x34, 0x37, 0x35, 0x20, // ighp vec3 _1475 
	0x3d, 0x20, 0x5f, 0x32, 0x37, 0x35, 0x31, 0x2e, 0x78, 0x79, 0x7a, 0x20, 0x2d, 0x20, 0x5f, 0x31, // = _2751.xyz - _1
	0x34, 0x34, 0x35, 0x2e, 0x78, 0x79, 0x7a, 0x3b, 0x0a, 0x20, 0x20, 0x20, 0x20, 0x20, 0x20, 0x20, // 445.xyz;.       
	0x20, 0x20, 0x20, 0x20, 0x20, 0x20, 0x20, 0x20, 0x20, 0x68, 0x69, 0x67, 0x68, 0x70, 0x20, 0x76, //          highp v
	0x65, 0x63, 0x34, 0x20, 0x5f, 0x32, 0x37, 0x37, 0x32, 0x20, 0x3d, 0x20, 0x5f, 0x32, 0x37, 0x35, // ec4 _2772 = _275
	0x31, 0x3b, 0x0a, 0x20, 0x20, 0x20, 0x20, 0x20, 0x20, 0x20, 0x20, 0x20, 0x20, 0x20, 0x20, 0x20, // 1;.             
	0x20, 0x20, 0x20, 0x5f, 0x32, 0x37, 0x37, 0x32, 0x2e, 0x78, 0x20, 0x3d, 0x20, 0x5f, 0x31, 0x34, //    _2772.x = _14
	0x37, 0x35, 0x2e, 0x78, 0x3b, 0x0a, 0x20, 0x20, 0x20, 0x20, 0x20, 0x20, 0x20, 0x20, 0x20, 0x20, // 75.x;.          
	0x20, 0x20, 0x20, 0x20, 0x20, 0x20, 0x5f, 0x32, 0x37, 0x37, 0x32, 0x2e, 0x79, 0x20, 0x3d, 0x20, //       _2772.y = 
	0x5f, 0x31, 0x34, 0x37, 0x35, 0x2e, 0x79, 0x3b, 0x0a, 0x20, 0x20, 0x20, 0x20, 0x20, 0x20, 0x20, // _1475.y;.       
	0x20, 0x20, 0x20, 0x20, 0x20, 0x20, 0x20, 0x20, 0x20, 0x5f, 0x32, 0x37, 0x37, 0x32, 0x2e, 0x7a, //          _2772.z
	0x20, 0x3d, 0x20, 0x5f, 0x31, 0x34, 0x37, 0x35, 0x2e, 0x7a, 0x3b, 0x0a, 0x20, 0x20, 0x20, 0x20, //  = _1475.z;.    
	0x20, 0x20, 0x20, 0x20, 0x20, 0x20, 0x20, 0x20, 0x20, 0x20, 0x20, 0x20, 0x5f, 0x32, 0x38, 0x36, //             _286
	0x32, 0x20, 0x3d, 0x20, 0x5f, 0x32, 0x37, 0x37, 0x32, 0x3b, 0x0a, 0x20, 0x20, 0x20, 0x20, 0x20, // 2 = _2772;.     
	0x20, 0x20, 0x20, 0x20, 0x20, 0x20, 0x20, 0x7d, 0x0a, 0x20, 0x20, 0x20, 0x20, 0x20, 0x20, 0x20, //        }.       
	0x20, 0x20, 0x20, 0x20, 0x20, 0x65, 0x6c, 0x73, 0x65, 0x0a, 0x20, 0x20, 0x20, 0x20, 0x20, 0x20, //      else.      
	0x20, 0x20, 0x20, 0x20, 0x20, 0x20, 0x7b, 0x0a, 0x20, 0x20, 0x20, 0x20, 0x20, 0x20, 0x20, 0x20, //       {.        
	0x20, 0x20, 0x20, 0x20, 0x20, 0x20, 0x20, 0x20, 0x68, 0x69, 0x67, 0x68, 0x70, 0x20, 0x76, 0x65, //         highp ve
	0x63, 0x34, 0x20, 0x5f, 0x32, 0x38, 0x36, 0x33, 0x3b, 0x0a, 0x20, 0x20, 0x20, 0x20, 0x20, 0x20, // c4 _2863;.      
	0x20, 0x20, 0x20, 0x20, 0x20, 0x20, 0x20, 0x20, 0x20, 0x20, 0x69, 0x66, 0x20, 0x28, 0x75, 0x5f, //           if (u_
	0x66, 0x73, 0x66, 0x46, 0x61, 0x6c, 0x6c, 0x6f, 0x66, 0x66, 0x50, 0x61, 0x72, 0x61, 0x6d, 0x65, // fsfFalloffParame
	0x74, 0x65, 0x72, 0x2e, 0x79, 0x20, 0x3d, 0x3d, 0x20, 0x32, 0x2e, 0x30, 0x29, 0x0a, 0x20, 0x20, // ter.y == 2.0).  
	0x20, 0x20, 0x20, 0x20, 0x20, 0x20, 0x20, 0x20, 0x20, 0x20, 0x20, 0x20, 0x20, 0x20, 0x7b, 0x0a, //               {.
	0x20, 0x20, 0x20, 0x20, 0x20, 0x20, 0x20, 0x20, 0x20, 0x20, 0x20, 0x20, 0x20, 0x20, 0x20, 0x20, //                 
	0x20, 0x20, 0x20, 0x20, 0x68, 0x69, 0x67, 0x68, 0x70, 0x20, 0x76, 0x65, 0x63, 0x33, 0x20, 0x5f, //     highp vec3 _
	0x31, 0x34, 0x39, 0x35, 0x20, 0x3d, 0x20, 0x5f, 0x32, 0x37, 0x35, 0x31, 0x2e, 0x78, 0x79, 0x7a, // 1495 = _2751.xyz
	0x20, 0x2a, 0x20, 0x5f, 0x31, 0x34, 0x34, 0x35, 0x2e, 0x78, 0x79, 0x7a, 0x3b, 0x0a, 0x20, 0x20, //  * _1445.xyz;.  
	0x20, 0x20, 0x20, 0x20, 0x20, 0x20, 0x20, 0x20, 0x20, 0x20, 0x20, 0x20, 0x20, 0x20, 0x20, 0x20, //                 
	0x20, 0x20, 0x68, 0x69, 0x67, 0x68, 0x70, 0x20, 0x76, 0x65, 0x63, 0x34, 0x20, 0x5f, 0x32, 0x37, //   highp vec4 _27
	0x38, 0x31, 0x20, 0x3d, 0x20, 0x5f, 0x32, 0x37, 0x35, 0x31, 0x3b, 0x0a, 0x20, 0x20, 0x20, 0x20, // 81 = _2751;.    
	0x20, 0x20, 0x20, 0x20, 0x20, 0x20, 0x20, 0x20, 0x20, 0x20, 0x20, 0x20, 0x20, 0x20, 0x20, 0x20, //                 
	0x5f, 0x32, 0x37, 0x38, 0x31, 0x2e, 0x78, 0x20, 0x3d, 0x20, 0x5f, 0x31, 0x34, 0x39, 0x35, 0x2e, // _2781.x = _1495.
	0x78, 0x3b, 0x0a, 0x20, 0x20, 0x20, 0x20, 0x20, 0x20, 0x20, 0x20, 0x20, 0x20, 0x20, 0x20, 0x20, // x;.             
	0x20, 0x20, 0x20, 0x20, 0x20, 0x20, 0x20, 0x5f, 0x32, 0x37, 0x38, 0x31, 0x2e, 0x79, 0x20, 0x3d, //        _2781.y =
	0x20, 0x5f, 0x31, 0x34, 0x39, 0x35, 0x2e, 0x79, 0x3b, 0x0a, 0x20, 0x20, 0x20, 0x20, 0x20, 0x20, //  _1495.y;.      
	0x20, 0x20, 0x20, 0x20, 0x20, 0x20, 0x20, 0x20, 0x20, 0x20, 0x20, 0x20, 0x20, 0x20, 0x5f, 0x32, //               _2
	0x37, 0x38, 0x31, 0x2e, 0x7a, 0x20, 0x3d, 0x20, 0x5f, 0x31, 0x34, 0x39, 0x35, 0x2e, 0x7a, 0x3b, // 781.z = _1495.z;
	0x0a, 0x20, 0x20, 0x20, 0x20, 0x20, 0x20, 0x20, 0x20, 0x20, 0x20, 0x20, 0x20, 0x20, 0x20, 0x20, // .               
	0x20, 0x20, 0x20, 0x20, 0x20, 0x5f, 0x32, 0x38, 0x36, 0x33, 0x20, 0x3d, 0x20, 0x5f, 0x32, 0x37, //      _2863 = _27
	0x38, 0x31, 0x3b, 0x0a, 0x20, 0x20, 0x20, 0x20, 0x20, 0x20, 0x20, 0x20, 0x20, 0x20, 0x20, 0x20, // 81;.            
	0x20, 0x20, 0x20, 0x20, 0x7d, 0x0a, 0x20, 0x20, 0x20, 0x20, 0x20, 0x20, 0x20, 0x20, 0x20, 0x20, //     }.          
	0x20, 0x20, 0x20, 0x20, 0x20, 0x20, 0x65, 0x6c, 0x73, 0x65, 0x0a, 0x20, 0x20, 0x20, 0x20, 0x20, //       else.     
	0x20, 0x20, 0x20, 0x20, 0x20, 0x20, 0x20, 0x20, 0x20, 0x20, 0x20, 0x7b, 0x0a, 0x20, 0x20, 0x20, //            {.   
	0x20, 0x20, 0x20, 0x20, 0x20, 0x20, 0x20, 0x20, 0x20, 0x20, 0x20, 0x20, 0x20, 0x20, 0x20, 0x20, //                 
	0x20, 0x5f, 0x32, 0x38, 0x36, 0x33, 0x20, 0x3d, 0x20, 0x5f, 0x32, 0x37, 0x35, 0x31, 0x3b, 0x0a, //  _2863 = _2751;.
	0x20, 0x20, 0x20, 0x20, 0x20, 0x20, 0x20, 0x20, 0x20, 0x20, 0x20, 0x20, 0x20, 0x20, 0x20, 0x20, //                 
	0x7d, 0x0a, 0x20, 0x20, 0x20, 0x20, 0x20, 0x20, 0x20, 0x20, 0x20, 0x20, 0x20, 0x20, 0x20, 0x20, // }.              
	0x20, 0x20, 0x5f, 0x32, 0x38, 0x36, 0x32, 0x20, 0x3d, 0x20, 0x5f, 0x32, 0x38, 0x36, 0x33, 0x3b, //   _2862 = _2863;
	0x0a, 0x20, 0x20, 0x20, 0x20, 0x20, 0x20, 0x20, 0x20, 0x20, 0x20, 0x20, 0x20, 0x7d, 0x0a, 0x20, // .            }. 
	0x20, 0x20, 0x20, 0x20, 0x20, 0x20, 0x20, 0x20, 0x20, 0x20, 0x20, 0x5f, 0x32, 0x38, 0x36, 0x31, //            _2861
	0x20, 0x3d, 0x20, 0x5f, 0x32, 0x38, 0x36, 0x32, 0x3b, 0x0a, 0x20, 0x20, 0x20, 0x20, 0x20, 0x20, //  = _2862;.      
	0x20, 0x20, 0x7d, 0x0a, 0x20, 0x20, 0x20, 0x20, 0x20, 0x20, 0x20, 0x20, 0x68, 0x69, 0x67, 0x68, //   }.        high
	0x70, 0x20, 0x76, 0x65, 0x63, 0x34, 0x20, 0x5f, 0x32, 0x37, 0x39, 0x31, 0x20, 0x3d, 0x20, 0x5f, // p vec4 _2791 = _
	0x32, 0x38, 0x36, 0x31, 0x3b, 0x0a, 0x20, 0x20, 0x20, 0x20, 0x20, 0x20, 0x20, 0x20, 0x5f, 0x32, // 2861;.        _2
	0x37, 0x39, 0x31, 0x2e, 0x77, 0x20, 0x3d, 0x20, 0x5f, 0x32, 0x38, 0x36, 0x31, 0x2e, 0x77, 0x20, // 791.w = _2861.w 
	0x2a, 0x20, 0x5f, 0x31, 0x34, 0x34, 0x35, 0x2e, 0x77, 0x3b, 0x0a, 0x20, 0x20, 0x20, 0x20, 0x20, // * _1445.w;.     
	0x20, 0x20, 0x20, 0x5f, 0x32, 0x38, 0x36, 0x34, 0x20, 0x3d, 0x20, 0x5f, 0x32, 0x37, 0x39, 0x31, //    _2864 = _2791
	0x3b, 0x0a, 0x20, 0x20, 0x20, 0x20, 0x7d, 0x0a, 0x20, 0x20, 0x20, 0x20, 0x65, 0x6c, 0x73, 0x65, // ;.    }.    else
	0x0a, 0x20, 0x20, 0x20, 0x20, 0x7b, 0x0a, 0x20, 0x20, 0x20, 0x20, 0x20, 0x20, 0x20, 0x20, 0x5f, // .    {.        _
	0x32, 0x38, 0x36, 0x34, 0x20, 0x3d, 0x20, 0x5f, 0x32, 0x37, 0x35, 0x31, 0x3b, 0x0a, 0x20, 0x20, // 2864 = _2751;.  
	0x20, 0x20, 0x7d, 0x0a, 0x20, 0x20, 0x20, 0x20, 0x68, 0x69, 0x67, 0x68, 0x70, 0x20, 0x76, 0x65, //   }.    highp ve
	0x63, 0x33, 0x20, 0x5f, 0x31, 0x35, 0x32, 0x30, 0x20, 0x3d, 0x20, 0x5f, 0x32, 0x38, 0x36, 0x34, // c3 _1520 = _2864
	0x2e, 0x78, 0x79, 0x7a, 0x20, 0x2a, 0x20, 0x75, 0x5f, 0x66, 0x73, 0x66, 0x45, 0x6d, 0x69, 0x73, // .xyz * u_fsfEmis
	0x73, 0x69, 0x76, 0x65, 0x53, 0x63, 0x61, 0x6c, 0x69, 0x6e, 0x67, 0x2e, 0x78, 0x3b, 0x0a, 0x20, // siveScaling.x;. 
	0x20, 0x20, 0x20, 0x68, 0x69, 0x67, 0x68, 0x70, 0x20, 0x66, 0x6c, 0x6f, 0x61, 0x74, 0x20, 0x5f, //    highp float _
	0x31, 0x35, 0x32, 0x32, 0x20, 0x3d, 0x20, 0x5f, 0x31, 0x35, 0x32, 0x30, 0x2e, 0x78, 0x3b, 0x0a, // 1522 = _1520.x;.
	0x20, 0x20, 0x20, 0x20, 0x68, 0x69, 0x67, 0x68, 0x70, 0x20, 0x76, 0x65, 0x63, 0x34, 0x20, 0x5f, //     highp vec4 _
	0x32, 0x37, 0x39, 0x34, 0x20, 0x3d, 0x20, 0x5f, 0x32, 0x38, 0x36, 0x34, 0x3b, 0x0a, 0x20, 0x20, // 2794 = _2864;.  
	0x20, 0x20, 0x5f, 0x32, 0x37, 0x39, 0x34, 0x2e, 0x78, 0x20, 0x3d, 0x20, 0x5f, 0x31, 0x35, 0x32, //   _2794.x = _152
	0x32, 0x3b, 0x0a, 0x20, 0x20, 0x20, 0x20, 0x5f, 0x32, 0x37, 0x39, 0x34, 0x2e, 0x79, 0x20, 0x3d, // 2;.    _2794.y =
	0x20, 0x5f, 0x31, 0x35, 0x32, 0x30, 0x2e, 0x79, 0x3b, 0x0a, 0x20, 0x20, 0x20, 0x20, 0x5f, 0x32, //  _1520.y;.    _2
	0x37, 0x39, 0x34, 0x2e, 0x7a, 0x20, 0x3d, 0x20, 0x5f, 0x31, 0x35, 0x32, 0x30, 0x2e, 0x7a, 0x3b, // 794.z = _1520.z;
	0x0a, 0x20, 0x20, 0x20, 0x20, 0x68, 0x69, 0x67, 0x68, 0x70, 0x20, 0x76, 0x65, 0x63, 0x34, 0x20, // .    highp vec4 
	0x5f, 0x31, 0x35, 0x33, 0x35, 0x20, 0x3d, 0x20, 0x76, 0x5f, 0x50, 0x6f, 0x73, 0x50, 0x20, 0x2f, // _1535 = v_PosP /
	0x20, 0x76, 0x65, 0x63, 0x34, 0x28, 0x76, 0x5f, 0x50, 0x6f, 0x73, 0x50, 0x2e, 0x77, 0x29, 0x3b, //  vec4(v_PosP.w);
	0x0a, 0x20, 0x20, 0x20, 0x20, 0x68, 0x69, 0x67, 0x68, 0x70, 0x20, 0x76, 0x65, 0x63, 0x32, 0x20, // .    highp vec2 
	0x5f, 0x31, 0x35, 0x34, 0x31, 0x20, 0x3d, 0x20, 0x28, 0x5f, 0x31, 0x35, 0x33, 0x35, 0x2e, 0x78, // _1541 = (_1535.x
	0x79, 0x20, 0x2b, 0x20, 0x76, 0x65, 0x63, 0x32, 0x28, 0x31, 0x2e, 0x30, 0x29, 0x29, 0x20, 0x2a, // y + vec2(1.0)) *
	0x20, 0x76, 0x65, 0x63, 0x32, 0x28, 0x30, 0x2e, 0x35, 0x29, 0x3b, 0x0a, 0x20, 0x20, 0x20, 0x20, //  vec2(0.5);.    
	0x5f, 0x31, 0x35, 0x34, 0x31, 0x2e, 0x79, 0x20, 0x3d, 0x20, 0x75, 0x5f, 0x66, 0x73, 0x6d, 0x55, // _1541.y = u_fsmU
	0x56, 0x49, 0x6e, 0x76, 0x65, 0x72, 0x73, 0x65, 0x64, 0x42, 0x61, 0x63, 0x6b, 0x2e, 0x78, 0x20, // VInversedBack.x 
	0x2b, 0x20, 0x28, 0x75, 0x5f, 0x66, 0x73, 0x6d, 0x55, 0x56, 0x49, 0x6e, 0x76, 0x65, 0x72, 0x73, // + (u_fsmUVInvers
	0x65, 0x64, 0x42, 0x61, 0x63, 0x6b, 0x2e, 0x79, 0x20, 0x2a, 0x20, 0x28, 0x31, 0x2e, 0x30, 0x20, // edBack.y * (1.0 
	0x2d, 0x20, 0x5f, 0x31, 0x35, 0x34, 0x31, 0x2e, 0x79, 0x29, 0x29, 0x3b, 0x0a, 0x20, 0x20, 0x20, // - _1541.y));.   
	0x20, 0x68, 0x69, 0x67, 0x68, 0x70, 0x20, 0x76, 0x65, 0x63, 0x34, 0x20, 0x5f, 0x32, 0x38, 0x36, //  highp vec4 _286
	0x35, 0x3b, 0x0a, 0x20, 0x20, 0x20, 0x20, 0x69, 0x66, 0x20, 0x28, 0x75, 0x5f, 0x66, 0x73, 0x73, // 5;.    if (u_fss
	0x6f, 0x66, 0x74, 0x50, 0x61, 0x72, 0x74, 0x69, 0x63, 0x6c, 0x65, 0x50, 0x61, 0x72, 0x61, 0x6d, // oftParticleParam
	0x2e, 0x77, 0x20, 0x21, 0x3d, 0x20, 0x30, 0x2e, 0x30, 0x29, 0x0a, 0x20, 0x20, 0x20, 0x20, 0x7b, // .w != 0.0).    {
	0x0a, 0x20, 0x20, 0x20, 0x20, 0x20, 0x20, 0x20, 0x20, 0x68, 0x69, 0x67, 0x68, 0x70, 0x20, 0x76, // .        highp v
	0x65, 0x63, 0x32, 0x20, 0x5f, 0x32, 0x34, 0x38, 0x33, 0x20, 0x3d, 0x20, 0x76, 0x65, 0x63, 0x32, // ec2 _2483 = vec2
	0x28, 0x28, 0x74, 0x65, 0x78, 0x74, 0x75, 0x72, 0x65, 0x28, 0x73, 0x5f, 0x64, 0x65, 0x70, 0x74, // ((texture(s_dept
	0x68, 0x54, 0x65, 0x78, 0x2c, 0x20, 0x5f, 0x31, 0x35, 0x34, 0x31, 0x29, 0x2e, 0x78, 0x20, 0x2a, // hTex, _1541).x *
	0x20, 0x75, 0x5f, 0x66, 0x73, 0x72, 0x65, 0x63, 0x6f, 0x6e, 0x73, 0x74, 0x72, 0x75, 0x63, 0x74, //  u_fsreconstruct
	0x69, 0x6f, 0x6e, 0x50, 0x61, 0x72, 0x61, 0x6d, 0x31, 0x2e, 0x78, 0x29, 0x20, 0x2b, 0x20, 0x75, // ionParam1.x) + u
	0x5f, 0x66, 0x73, 0x72, 0x65, 0x63, 0x6f, 0x6e, 0x73, 0x74, 0x72, 0x75, 0x63, 0x74, 0x69, 0x6f, // _fsreconstructio
	0x6e, 0x50, 0x61, 0x72, 0x61, 0x6d, 0x31, 0x2e, 0x79, 0x2c, 0x20, 0x5f, 0x31, 0x35, 0x33, 0x35, // nParam1.y, _1535
	0x2e, 0x7a, 0x29, 0x3b, 0x0a, 0x20, 0x20, 0x20, 0x20, 0x20, 0x20, 0x20, 0x20, 0x68, 0x69, 0x67, // .z);.        hig
	0x68, 0x70, 0x20, 0x76, 0x65, 0x63, 0x32, 0x20, 0x5f, 0x32, 0x35, 0x30, 0x30, 0x20, 0x3d, 0x20, // hp vec2 _2500 = 
	0x28, 0x28, 0x5f, 0x32, 0x34, 0x38, 0x33, 0x20, 0x2a, 0x20, 0x75, 0x5f, 0x66, 0x73, 0x72, 0x65, // ((_2483 * u_fsre
	0x63, 0x6f, 0x6e, 0x73, 0x74, 0x72, 0x75, 0x63, 0x74, 0x69, 0x6f, 0x6e, 0x50, 0x61, 0x72, 0x61, // constructionPara
	0x6d, 0x32, 0x2e, 0x77, 0x29, 0x20, 0x2d, 0x20, 0x76, 0x65, 0x63, 0x32, 0x28, 0x75, 0x5f, 0x66, // m2.w) - vec2(u_f
	0x73, 0x72, 0x65, 0x63, 0x6f, 0x6e, 0x73, 0x74, 0x72, 0x75, 0x63, 0x74, 0x69, 0x6f, 0x6e, 0x50, // sreconstructionP
	0x61, 0x72, 0x61, 0x6d, 0x32, 0x2e, 0x79, 0x29, 0x29, 0x20, 0x2f, 0x20, 0x28, 0x76, 0x65, 0x63, // aram2.y)) / (vec
	0x32, 0x28, 0x75, 0x5f, 0x66, 0x73, 0x72, 0x65, 0x63, 0x6f, 0x6e, 0x73, 0x74, 0x72, 0x75, 0x63, // 2(u_fsreconstruc
	0x74, 0x69, 0x6f, 0x6e, 0x50, 0x61, 0x72, 0x61, 0x6d, 0x32, 0x2e, 0x78, 0x29, 0x20, 0x2d, 0x20, // tionParam2.x) - 
	0x28, 0x5f, 0x32, 0x34, 0x38, 0x33, 0x20, 0x2a, 0x20, 0x75, 0x5f, 0x66, 0x73, 0x72, 0x65, 0x63, // (_2483 * u_fsrec
	0x6f, 0x6e, 0x73, 0x74, 0x72, 0x75, 0x63, 0x74, 0x69, 0x6f, 0x6e, 0x50, 0x61, 0x72, 0x61, 0x6d, // onstructionParam
	0x32, 0x2e, 0x7a, 0x29, 0x29, 0x3b, 0x0a, 0x20, 0x20, 0x20, 0x20, 0x20, 0x20, 0x20, 0x20, 0x68, // 2.z));.        h
	0x69, 0x67, 0x68, 0x70, 0x20, 0x76, 0x65, 0x63, 0x32, 0x20, 0x5f, 0x32, 0x35, 0x30, 0x36, 0x20, // ighp vec2 _2506 
	0x3d, 0x20, 0x5f, 0x32, 0x35, 0x30, 0x30, 0x20, 0x2a, 0x20, 0x73, 0x69, 0x67, 0x6e, 0x28, 0x5f, // = _2500 * sign(_
	0x32, 0x35, 0x30, 0x30, 0x2e, 0x78, 0x29, 0x3b, 0x0a, 0x20, 0x20, 0x20, 0x20, 0x20, 0x20, 0x20, // 2500.x);.       
	0x20, 0x68, 0x69, 0x67, 0x68, 0x70, 0x20, 0x66, 0x6c, 0x6f, 0x61, 0x74, 0x20, 0x5f, 0x32, 0x35, //  highp float _25
	0x31, 0x30, 0x20, 0x3d, 0x20, 0x5f, 0x32, 0x35, 0x30, 0x36, 0x2e, 0x79, 0x3b, 0x0a, 0x20, 0x20, // 10 = _2506.y;.  
	0x20, 0x20, 0x20, 0x20, 0x20, 0x20, 0x5f, 0x32, 0x38, 0x36, 0x35, 0x20, 0x3d, 0x20, 0x76, 0x65, //       _2865 = ve
	0x63, 0x34, 0x28, 0x5f, 0x31, 0x35, 0x32, 0x32, 0x2c, 0x20, 0x5f, 0x31, 0x35, 0x32, 0x30, 0x2e, // c4(_1522, _1520.
	0x79, 0x7a, 0x2c, 0x20, 0x5f, 0x32, 0x38, 0x36, 0x34, 0x2e, 0x77, 0x20, 0x2a, 0x20, 0x6d, 0x69, // yz, _2864.w * mi
	0x6e, 0x28, 0x6d, 0x61, 0x78, 0x28, 0x6d, 0x69, 0x6e, 0x28, 0x28, 0x5f, 0x32, 0x35, 0x30, 0x36, // n(max(min((_2506
	0x2e, 0x78, 0x20, 0x2d, 0x20, 0x5f, 0x32, 0x35, 0x31, 0x30, 0x29, 0x20, 0x2f, 0x20, 0x75, 0x5f, // .x - _2510) / u_
	0x66, 0x73, 0x73, 0x6f, 0x66, 0x74, 0x50, 0x61, 0x72, 0x74, 0x69, 0x63, 0x6c, 0x65, 0x50, 0x61, // fssoftParticlePa
	0x72, 0x61, 0x6d, 0x2e, 0x78, 0x2c, 0x20, 0x28, 0x5f, 0x32, 0x35, 0x31, 0x30, 0x20, 0x2d, 0x20, // ram.x, (_2510 - 
	0x75, 0x5f, 0x66, 0x73, 0x73, 0x6f, 0x66, 0x74, 0x50, 0x61, 0x72, 0x74, 0x69, 0x63, 0x6c, 0x65, // u_fssoftParticle
	0x50, 0x61, 0x72, 0x61, 0x6d, 0x2e, 0x7a, 0x29, 0x20, 0x2f, 0x20, 0x75, 0x5f, 0x66, 0x73, 0x73, // Param.z) / u_fss
	0x6f, 0x66, 0x74, 0x50, 0x61, 0x72, 0x74, 0x69, 0x63, 0x6c, 0x65, 0x50, 0x61, 0x72, 0x61, 0x6d, // oftParticleParam
	0x2e, 0x79, 0x29, 0x2c, 0x20, 0x30, 0x2e, 0x30, 0x29, 0x2c, 0x20, 0x31, 0x2e, 0x30, 0x29, 0x29, // .y), 0.0), 1.0))
	0x3b, 0x0a, 0x20, 0x20, 0x20, 0x20, 0x7d, 0x0a, 0x20, 0x20, 0x20, 0x20, 0x65, 0x6c, 0x73, 0x65, // ;.    }.    else
	0x0a, 0x20, 0x20, 0x20, 0x20, 0x7b, 0x0a, 0x20, 0x20, 0x20, 0x20, 0x20, 0x20, 0x20, 0x20, 0x5f, // .    {.        _
	0x32, 0x38, 0x36, 0x35, 0x20, 0x3d, 0x20, 0x5f, 0x32, 0x37, 0x39, 0x34, 0x3b, 0x0a, 0x20, 0x20, // 2865 = _2794;.  
	0x20, 0x20, 0x7d, 0x0a, 0x20, 0x20, 0x20, 0x20, 0x69, 0x66, 0x20, 0x28, 0x5f, 0x32, 0x38, 0x36, //   }.    if (_286
	0x35, 0x2e, 0x77, 0x20, 0x3c, 0x3d, 0x20, 0x6d, 0x61, 0x78, 0x28, 0x30, 0x2e, 0x30, 0x2c, 0x20, // 5.w <= max(0.0, 
	0x76, 0x5f, 0x55, 0x56, 0x5f, 0x4f, 0x74, 0x68, 0x65, 0x72, 0x73, 0x2e, 0x77, 0x29, 0x29, 0x0a, // v_UV_Others.w)).
	0x20, 0x20, 0x20, 0x20, 0x7b, 0x0a, 0x20, 0x20, 0x20, 0x20, 0x20, 0x20, 0x20, 0x20, 0x64, 0x69, //     {.        di
	0x73, 0x63, 0x61, 0x72, 0x64, 0x3b, 0x0a, 0x20, 0x20, 0x20, 0x20, 0x7d, 0x0a, 0x20, 0x20, 0x20, // scard;.    }.   
	0x20, 0x68, 0x69, 0x67, 0x68, 0x70, 0x20, 0x76, 0x65, 0x63, 0x33, 0x20, 0x5f, 0x31, 0x36, 0x30, //  highp vec3 _160
	0x37, 0x20, 0x3d, 0x20, 0x6d, 0x69, 0x78, 0x28, 0x75, 0x5f, 0x66, 0x73, 0x66, 0x45, 0x64, 0x67, // 7 = mix(u_fsfEdg
	0x65, 0x43, 0x6f, 0x6c, 0x6f, 0x72, 0x2e, 0x78, 0x79, 0x7a, 0x20, 0x2a, 0x20, 0x75, 0x5f, 0x66, // eColor.xyz * u_f
	0x73, 0x66, 0x45, 0x64, 0x67, 0x65, 0x50, 0x61, 0x72, 0x61, 0x6d, 0x65, 0x74, 0x65, 0x72, 0x2e, // sfEdgeParameter.
	0x79, 0x2c, 0x20, 0x5f, 0x32, 0x38, 0x36, 0x35, 0x2e, 0x78, 0x79, 0x7a, 0x2c, 0x20, 0x76, 0x65, // y, _2865.xyz, ve
	0x63, 0x33, 0x28, 0x63, 0x65, 0x69, 0x6c, 0x28, 0x28, 0x5f, 0x32, 0x38, 0x36, 0x35, 0x2e, 0x77, // c3(ceil((_2865.w
	0x20, 0x2d, 0x20, 0x76, 0x5f, 0x55, 0x56, 0x5f, 0x4f, 0x74, 0x68, 0x65, 0x72, 0x73, 0x2e, 0x77, //  - v_UV_Others.w
	0x29, 0x20, 0x2d, 0x20, 0x75, 0x5f, 0x66, 0x73, 0x66, 0x45, 0x64, 0x67, 0x65, 0x50, 0x61, 0x72, // ) - u_fsfEdgePar
	0x61, 0x6d, 0x65, 0x74, 0x65, 0x72, 0x2e, 0x78, 0x29, 0x29, 0x29, 0x3b, 0x0a, 0x20, 0x20, 0x20, // ameter.x)));.   
	0x20, 0x68, 0x69, 0x67, 0x68, 0x70, 0x20, 0x76, 0x65, 0x63, 0x34, 0x20, 0x5f, 0x32, 0x38, 0x32, //  highp vec4 _282
	0x39, 0x20, 0x3d, 0x20, 0x5f, 0x32, 0x38, 0x36, 0x35, 0x3b, 0x0a, 0x20, 0x20, 0x20, 0x20, 0x5f, // 9 = _2865;.    _
	0x32, 0x38, 0x32, 0x39, 0x2e, 0x78, 0x20, 0x3d, 0x20, 0x5f, 0x31, 0x36, 0x30, 0x37, 0x2e, 0x78, // 2829.x = _1607.x
	0x3b, 0x0a, 0x20, 0x20, 0x20, 0x20, 0x5f, 0x32, 0x38, 0x32, 0x39, 0x2e, 0x79, 0x20, 0x3d, 0x20, // ;.    _2829.y = 
	0x5f, 0x31, 0x36, 0x30, 0x37, 0x2e, 0x79, 0x3b, 0x0a, 0x20, 0x20, 0x20, 0x20, 0x5f, 0x32, 0x38, // _1607.y;.    _28
	0x32, 0x39, 0x2e, 0x7a, 0x20, 0x3d, 0x20, 0x5f, 0x31, 0x36, 0x30, 0x37, 0x2e, 0x7a, 0x3b, 0x0a, // 29.z = _1607.z;.
	0x20, 0x20, 0x20, 0x20, 0x68, 0x69, 0x67, 0x68, 0x70, 0x20, 0x76, 0x65, 0x63, 0x34, 0x20, 0x5f, //     highp vec4 _
	0x32, 0x38, 0x36, 0x36, 0x3b, 0x0a, 0x20, 0x20, 0x20, 0x20, 0x64, 0x6f, 0x0a, 0x20, 0x20, 0x20, // 2866;.    do.   
	0x20, 0x7b, 0x0a, 0x20, 0x20, 0x20, 0x20, 0x20, 0x20, 0x20, 0x20, 0x69, 0x66, 0x20, 0x28, 0x5f, //  {.        if (_
	0x31, 0x37, 0x38, 0x33, 0x29, 0x0a, 0x20, 0x20, 0x20, 0x20, 0x20, 0x20, 0x20, 0x20, 0x7b, 0x0a, // 1783).        {.
	0x20, 0x20, 0x20, 0x20, 0x20, 0x20, 0x20, 0x20, 0x20, 0x20, 0x20, 0x20, 0x5f, 0x32, 0x38, 0x36, //             _286
	0x36, 0x20, 0x3d, 0x20, 0x5f, 0x32, 0x38, 0x32, 0x39, 0x3b, 0x0a, 0x20, 0x20, 0x20, 0x20, 0x20, // 6 = _2829;.     
	0x20, 0x20, 0x20, 0x20, 0x20, 0x20, 0x20, 0x62, 0x72, 0x65, 0x61, 0x6b, 0x3b, 0x0a, 0x20, 0x20, //        break;.  
	0x20, 0x20, 0x20, 0x20, 0x20, 0x20, 0x7d, 0x0a, 0x20, 0x20, 0x20, 0x20, 0x20, 0x20, 0x20, 0x20, //       }.        
	0x5f, 0x32, 0x38, 0x36, 0x36, 0x20, 0x3d, 0x20, 0x76, 0x65, 0x63, 0x34, 0x28, 0x6d, 0x69, 0x6e, // _2866 = vec4(min
	0x28, 0x5f, 0x32, 0x38, 0x32, 0x39, 0x2e, 0x78, 0x79, 0x7a, 0x2c, 0x20, 0x5f, 0x32, 0x38, 0x32, // (_2829.xyz, _282
	0x39, 0x2e, 0x78, 0x79, 0x7a, 0x20, 0x2a, 0x20, 0x28, 0x28, 0x5f, 0x32, 0x38, 0x32, 0x39, 0x2e, // 9.xyz * ((_2829.
	0x78, 0x79, 0x7a, 0x20, 0x2a, 0x20, 0x28, 0x28, 0x5f, 0x32, 0x38, 0x32, 0x39, 0x2e, 0x78, 0x79, // xyz * ((_2829.xy
	0x7a, 0x20, 0x2a, 0x20, 0x30, 0x2e, 0x33, 0x30, 0x35, 0x33, 0x30, 0x36, 0x30, 0x31, 0x37, 0x33, // z * 0.3053060173
	0x39, 0x38, 0x38, 0x33, 0x34, 0x32, 0x32, 0x38, 0x35, 0x31, 0x35, 0x36, 0x32, 0x35, 0x29, 0x20, // 98834228515625) 
	0x2b, 0x20, 0x76, 0x65, 0x63, 0x33, 0x28, 0x30, 0x2e, 0x36, 0x38, 0x32, 0x31, 0x37, 0x31, 0x31, // + vec3(0.6821711
	0x30, 0x36, 0x33, 0x33, 0x38, 0x35, 0x30, 0x30, 0x39, 0x37, 0x36, 0x35, 0x36, 0x32, 0x35, 0x29, // 063385009765625)
	0x29, 0x29, 0x20, 0x2b, 0x20, 0x76, 0x65, 0x63, 0x33, 0x28, 0x30, 0x2e, 0x30, 0x31, 0x32, 0x35, // )) + vec3(0.0125
	0x32, 0x32, 0x38, 0x37, 0x38, 0x31, 0x32, 0x35, 0x33, 0x30, 0x39, 0x39, 0x34, 0x34, 0x31, 0x35, // 2287812530994415
	0x32, 0x38, 0x33, 0x32, 0x30, 0x33, 0x31, 0x32, 0x35, 0x29, 0x29, 0x29, 0x2c, 0x20, 0x5f, 0x32, // 283203125))), _2
	0x38, 0x36, 0x35, 0x2e, 0x77, 0x29, 0x3b, 0x0a, 0x20, 0x20, 0x20, 0x20, 0x20, 0x20, 0x20, 0x20, // 865.w);.        
	0x62, 0x72, 0x65, 0x61, 0x6b, 0x3b, 0x0a, 0x20, 0x20, 0x20, 0x20, 0x7d, 0x20, 0x77, 0x68, 0x69, // break;.    } whi
	0x6c, 0x65, 0x28, 0x66, 0x61, 0x6c, 0x73, 0x65, 0x29, 0x3b, 0x0a, 0x20, 0x20, 0x20, 0x20, 0x62, // le(false);.    b
	0x67, 0x66, 0x78, 0x5f, 0x46, 0x72, 0x61, 0x67, 0x43, 0x6f, 0x6c, 0x6f, 0x72, 0x20, 0x3d, 0x20, // gfx_FragColor = 
	0x5f, 0x32, 0x38, 0x36, 0x36, 0x3b, 0x0a, 0x7d, 0x0a, 0x0a, 0x00,                               // _2866;.}...
};
static const uint8_t ad_model_lit_ps_glsl[11143] =
{
	0x46, 0x53, 0x48, 0x0c, 0x86, 0x32, 0x45, 0x95, 0x00, 0x00, 0x00, 0x00, 0x00, 0x00, 0x00, 0x00, // FSH..2E.........
	0x00, 0x00, 0x00, 0x00, 0x1a, 0x00, 0x0d, 0x75, 0x5f, 0x66, 0x73, 0x6d, 0x69, 0x73, 0x63, 0x46, // .......u_fsmiscF
	0x6c, 0x61, 0x67, 0x73, 0x02, 0x01, 0x00, 0x00, 0x01, 0x00, 0x00, 0x00, 0x00, 0x00, 0x1a, 0x75, // lags...........u
	0x5f, 0x66, 0x73, 0x66, 0x55, 0x56, 0x44, 0x69, 0x73, 0x74, 0x6f, 0x72, 0x74, 0x69, 0x6f, 0x6e, // _fsfUVDistortion
	0x50, 0x61, 0x72, 0x61, 0x6d, 0x65, 0x74, 0x65, 0x72, 0x02, 0x01, 0x00, 0x00, 0x01, 0x00, 0x00, // Parameter.......
	0x00, 0x00, 0x00, 0x16, 0x75, 0x5f, 0x66, 0x73, 0x66, 0x46, 0x6c, 0x69, 0x70, 0x62, 0x6f, 0x6f, // ....u_fsfFlipboo
	0x6b, 0x50, 0x61, 0x72, 0x61, 0x6d, 0x65, 0x74, 0x65, 0x72, 0x02, 0x01, 0x00, 0x00, 0x01, 0x00, // kParameter......
	0x00, 0x00, 0x00, 0x00, 0x1a, 0x75, 0x5f, 0x66, 0x73, 0x66, 0x42, 0x6c, 0x65, 0x6e, 0x64, 0x54, // .....u_fsfBlendT
	0x65, 0x78, 0x74, 0x75, 0x72, 0x65, 0x50, 0x61, 0x72, 0x61, 0x6d, 0x65, 0x74, 0x65, 0x72, 0x02, // extureParameter.
	0x01, 0x00, 0x00, 0x01, 0x00, 0x00, 0x00, 0x00, 0x00, 0x13, 0x75, 0x5f, 0x66, 0x73, 0x66, 0x4c, // ..........u_fsfL
	0x69, 0x67, 0x68, 0x74, 0x44, 0x69, 0x72, 0x65, 0x63, 0x74, 0x69, 0x6f, 0x6e, 0x02, 0x01, 0x00, // ightDirection...
	0x00, 0x01, 0x00, 0x00, 0x00, 0x00, 0x00, 0x0f, 0x75, 0x5f, 0x66, 0x73, 0x66, 0x4c, 0x69, 0x67, // ........u_fsfLig
	0x68, 0x74, 0x43, 0x6f, 0x6c, 0x6f, 0x72, 0x02, 0x01, 0x00, 0x00, 0x01, 0x00, 0x00, 0x00, 0x00, // htColor.........
	0x00, 0x11, 0x75, 0x5f, 0x66, 0x73, 0x66, 0x4c, 0x69, 0x67, 0x68, 0x74, 0x41, 0x6d, 0x62, 0x69, // ..u_fsfLightAmbi
	0x65, 0x6e, 0x74, 0x02, 0x01, 0x00, 0x00, 0x01, 0x00, 0x00, 0x00, 0x00, 0x00, 0x15, 0x75, 0x5f, // ent...........u_
	0x66, 0x73, 0x66, 0x46, 0x61, 0x6c, 0x6c, 0x6f, 0x66, 0x66, 0x50, 0x61, 0x72, 0x61, 0x6d, 0x65, // fsfFalloffParame
	0x74, 0x65, 0x72, 0x02, 0x01, 0x00, 0x00, 0x01, 0x00, 0x00, 0x00, 0x00, 0x00, 0x19, 0x75, 0x5f, // ter...........u_
	0x66, 0x73, 0x66, 0x43, 0x61, 0x6d, 0x65, 0x72, 0x61, 0x46, 0x72, 0x6f, 0x6e, 0x74, 0x44, 0x69, // fsfCameraFrontDi
	0x72, 0x65, 0x63, 0x74, 0x69, 0x6f, 0x6e, 0x02, 0x01, 0x00, 0x00, 0x01, 0x00, 0x00, 0x00, 0x00, // rection.........
	0x00, 0x14, 0x75, 0x5f, 0x66, 0x73, 0x66, 0x46, 0x61, 0x6c, 0x6c, 0x6f, 0x66, 0x66, 0x45, 0x6e, // ..u_fsfFalloffEn
	0x64, 0x43, 0x6f, 0x6c, 0x6f, 0x72, 0x02, 0x01, 0x00, 0x00, 0x01, 0x00, 0x00, 0x00, 0x00, 0x00, // dColor..........
	0x16, 0x75, 0x5f, 0x66, 0x73, 0x66, 0x46, 0x61, 0x6c, 0x6c, 0x6f, 0x66, 0x66, 0x42, 0x65, 0x67, // .u_fsfFalloffBeg
	0x69, 0x6e, 0x43, 0x6f, 0x6c, 0x6f, 0x72, 0x02, 0x01, 0x00, 0x00, 0x01, 0x00, 0x00, 0x00, 0x00, // inColor.........
	0x00, 0x14, 0x75, 0x5f, 0x66, 0x73, 0x66, 0x45, 0x6d, 0x69, 0x73, 0x73, 0x69, 0x76, 0x65, 0x53, // ..u_fsfEmissiveS
	0x63, 0x61, 0x6c, 0x69, 0x6e, 0x67, 0x02, 0x01, 0x00, 0x00, 0x01, 0x00, 0x00, 0x00, 0x00, 0x00, // caling..........
	0x13, 0x75, 0x5f, 0x66, 0x73, 0x6d, 0x55, 0x56, 0x49, 0x6e, 0x76, 0x65, 0x72, 0x73, 0x65, 0x64, // .u_fsmUVInversed
	0x42, 0x61, 0x63, 0x6b, 0x02, 0x01, 0x00, 0x00, 0x01, 0x00, 0x00, 0x00, 0x00, 0x00, 0x15, 0x75, // Back...........u
	0x5f, 0x66, 0x73, 0x73, 0x6f, 0x66, 0x74, 0x50, 0x61, 0x72, 0x74, 0x69, 0x63, 0x6c, 0x65, 0x50, // _fssoftParticleP
	0x61, 0x72, 0x61, 0x6d, 0x02, 0x01, 0x00, 0x00, 0x01, 0x00, 0x00, 0x00, 0x00, 0x00, 0x18, 0x75, // aram...........u
	0x5f, 0x66, 0x73, 0x72, 0x65, 0x63, 0x6f, 0x6e, 0x73, 0x74, 0x72, 0x75, 0x63, 0x74, 0x69, 0x6f, // _fsreconstructio
	0x6e, 0x50, 0x61, 0x72, 0x61, 0x6d, 0x31, 0x02, 0x01, 0x00, 0x00, 0x01, 0x00, 0x00, 0x00, 0x00, // nParam1.........
	0x00, 0x18, 0x75, 0x5f, 0x66, 0x73, 0x72, 0x65, 0x63, 0x6f, 0x6e, 0x73, 0x74, 0x72, 0x75, 0x63, // ..u_fsreconstruc
	0x74, 0x69, 0x6f, 0x6e, 0x50, 0x61, 0x72, 0x61, 0x6d, 0x32, 0x02, 0x01, 0x00, 0x00, 0x01, 0x00, // tionParam2......
	0x00, 0x00, 0x00, 0x00, 0x0e, 0x75, 0x5f, 0x66, 0x73, 0x66, 0x45, 0x64, 0x67, 0x65, 0x43, 0x6f, // .....u_fsfEdgeCo
	0x6c, 0x6f, 0x72, 0x02, 0x01, 0x00, 0x00, 0x01, 0x00, 0x00, 0x00, 0x00, 0x00, 0x12, 0x75, 0x5f, // lor...........u_
	0x66, 0x73, 0x66, 0x45, 0x64, 0x67, 0x65, 0x50, 0x61, 0x72, 0x61, 0x6d, 0x65, 0x74, 0x65, 0x72, // fsfEdgeParameter
	0x02, 0x01, 0x00, 0x00, 0x01, 0x00, 0x00, 0x00, 0x00, 0x00, 0x11, 0x73, 0x5f, 0x75, 0x76, 0x44, // ...........s_uvD
	0x69, 0x73, 0x74, 0x6f, 0x72, 0x74, 0x69, 0x6f, 0x6e, 0x54, 0x65, 0x78, 0x00, 0x01, 0x00, 0x00, // istortionTex....
	0x01, 0x00, 0x00, 0x02, 0x00, 0x00, 0x16, 0x73, 0x5f, 0x62, 0x6c, 0x65, 0x6e, 0x64, 0x55, 0x56, // .......s_blendUV
	0x44, 0x69, 0x73, 0x74, 0x6f, 0x72, 0x74, 0x69, 0x6f, 0x6e, 0x54, 0x65, 0x78, 0x00, 0x01, 0x00, // DistortionTex...
	0x00, 0x01, 0x00, 0x00, 0x02, 0x00, 0x00, 0x0a, 0x73, 0x5f, 0x63, 0x6f, 0x6c, 0x6f, 0x72, 0x54, // ........s_colorT
	0x65, 0x78, 0x00, 0x01, 0x00, 0x00, 0x01, 0x00, 0x00, 0x02, 0x00, 0x00, 0x0b, 0x73, 0x5f, 0x6e, // ex...........s_n
	0x6f, 0x72, 0x6d, 0x61, 0x6c, 0x54, 0x65, 0x78, 0x00, 0x01, 0x00, 0x00, 0x01, 0x00, 0x00, 0x02, // ormalTex........
	0x00, 0x00, 0x0a, 0x73, 0x5f, 0x61, 0x6c, 0x70, 0x68, 0x61, 0x54, 0x65, 0x78, 0x00, 0x01, 0x00, // ...s_alphaTex...
	0x00, 0x01, 0x00, 0x00, 0x02, 0x00, 0x00, 0x0a, 0x73, 0x5f, 0x62, 0x6c, 0x65, 0x6e, 0x64, 0x54, // ........s_blendT
	0x65, 0x78, 0x00, 0x01, 0x00, 0x00, 0x01, 0x00, 0x00, 0x02, 0x00, 0x00, 0x0f, 0x73, 0x5f, 0x62, // ex...........s_b
	0x6c, 0x65, 0x6e, 0x64, 0x41, 0x6c, 0x70, 0x68, 0x61, 0x54, 0x65, 0x78, 0x00, 0x01, 0x00, 0x00, // lendAlphaTex....
	0x01, 0x00, 0x00, 0x02, 0x00, 0x00, 0x0a, 0x73, 0x5f, 0x64, 0x65, 0x70, 0x74, 0x68, 0x54, 0x65, // .......s_depthTe
	0x78, 0x00, 0x01, 0x00, 0x00, 0x01, 0x00, 0x00, 0x02, 0x00, 0x00, 0x77, 0x28, 0x00, 0x00, 0x0a, // x..........w(...
	0x66, 0x6c, 0x6f, 0x61, 0x74, 0x20, 0x5f, 0x32, 0x38, 0x38, 0x32, 0x3b, 0x0a, 0x0a, 0x75, 0x6e, // float _2882;..un
	0x69, 0x66, 0x6f, 0x72, 0x6d, 0x20, 0x73, 0x61, 0x6d, 0x70, 0x6c, 0x65, 0x72, 0x32, 0x44, 0x20, // iform sampler2D 
	0x73, 0x5f, 0x75, 0x76, 0x44, 0x69, 0x73, 0x74, 0x6f, 0x72, 0x74, 0x69, 0x6f, 0x6e, 0x54, 0x65, // s_uvDistortionTe
	0x78, 0x3b, 0x0a, 0x75, 0x6e, 0x69, 0x66, 0x6f, 0x72, 0x6d, 0x20, 0x73, 0x61, 0x6d, 0x70, 0x6c, // x;.uniform sampl
	0x65, 0x72, 0x32, 0x44, 0x20, 0x73, 0x5f, 0x62, 0x6c, 0x65, 0x6e, 0x64, 0x55, 0x56, 0x44, 0x69, // er2D s_blendUVDi
	0x73, 0x74, 0x6f, 0x72, 0x74, 0x69, 0x6f, 0x6e, 0x54, 0x65, 0x78, 0x3b, 0x0a, 0x75, 0x6e, 0x69, // stortionTex;.uni
	0x66, 0x6f, 0x72, 0x6d, 0x20, 0x73, 0x61, 0x6d, 0x70, 0x6c, 0x65, 0x72, 0x32, 0x44, 0x20, 0x73, // form sampler2D s
	0x5f, 0x63, 0x6f, 0x6c, 0x6f, 0x72, 0x54, 0x65, 0x78, 0x3b, 0x0a, 0x75, 0x6e, 0x69, 0x66, 0x6f, // _colorTex;.unifo
	0x72, 0x6d, 0x20, 0x76, 0x65, 0x63, 0x34, 0x20, 0x75, 0x5f, 0x66, 0x73, 0x6d, 0x69, 0x73, 0x63, // rm vec4 u_fsmisc
	0x46, 0x6c, 0x61, 0x67, 0x73, 0x3b, 0x0a, 0x75, 0x6e, 0x69, 0x66, 0x6f, 0x72, 0x6d, 0x20, 0x76, // Flags;.uniform v
	0x65, 0x63, 0x34, 0x20, 0x75, 0x5f, 0x66, 0x73, 0x66, 0x55, 0x56, 0x44, 0x69, 0x73, 0x74, 0x6f, // ec4 u_fsfUVDisto
	0x72, 0x74, 0x69, 0x6f, 0x6e, 0x50, 0x61, 0x72, 0x61, 0x6d, 0x65, 0x74, 0x65, 0x72, 0x3b, 0x0a, // rtionParameter;.
	0x75, 0x6e, 0x69, 0x66, 0x6f, 0x72, 0x6d, 0x20, 0x73, 0x61, 0x6d, 0x70, 0x6c, 0x65, 0x72, 0x32, // uniform sampler2
	0x44, 0x20, 0x73, 0x5f, 0x6e, 0x6f, 0x72, 0x6d, 0x61, 0x6c, 0x54, 0x65, 0x78, 0x3b, 0x0a, 0x75, // D s_normalTex;.u
	0x6e, 0x69, 0x66, 0x6f, 0x72, 0x6d, 0x20, 0x76, 0x65, 0x63, 0x34, 0x20, 0x75, 0x5f, 0x66, 0x73, // niform vec4 u_fs
	0x66, 0x46, 0x6c, 0x69, 0x70, 0x62, 0x6f, 0x6f, 0x6b, 0x50, 0x61, 0x72, 0x61, 0x6d, 0x65, 0x74, // fFlipbookParamet
	0x65, 0x72, 0x3b, 0x0a, 0x75, 0x6e, 0x69, 0x66, 0x6f, 0x72, 0x6d, 0x20, 0x73, 0x61, 0x6d, 0x70, // er;.uniform samp
	0x6c, 0x65, 0x72, 0x32, 0x44, 0x20, 0x73, 0x5f, 0x61, 0x6c, 0x70, 0x68, 0x61, 0x54, 0x65, 0x78, // ler2D s_alphaTex
	0x3b, 0x0a, 0x75, 0x6e, 0x69, 0x66, 0x6f, 0x72, 0x6d, 0x20, 0x73, 0x61, 0x6d, 0x70, 0x6c, 0x65, // ;.uniform sample
	0x72, 0x32, 0x44, 0x20, 0x73, 0x5f, 0x62, 0x6c, 0x65, 0x6e, 0x64, 0x54, 0x65, 0x78, 0x3b, 0x0a, // r2D s_blendTex;.
	0x75, 0x6e, 0x69, 0x66, 0x6f, 0x72, 0x6d, 0x20, 0x73, 0x61, 0x6d, 0x70, 0x6c, 0x65, 0x72, 0x32, // uniform sampler2
	0x44, 0x20, 0x73, 0x5f, 0x62, 0x6c, 0x65, 0x6e, 0x64, 0x41, 0x6c, 0x70, 0x68, 0x61, 0x54, 0x65, // D s_blendAlphaTe
	0x78, 0x3b, 0x0a, 0x75, 0x6e, 0x69, 0x66, 0x6f, 0x72, 0x6d, 0x20, 0x76, 0x65, 0x63, 0x34, 0x20, // x;.uniform vec4 
	0x75, 0x5f, 0x66, 0x73, 0x66, 0x42, 0x6c, 0x65, 0x6e, 0x64, 0x54, 0x65, 0x78, 0x74, 0x75, 0x72, // u_fsfBlendTextur
	0x65, 0x50, 0x61, 0x72, 0x61, 0x6d, 0x65, 0x74, 0x65, 0x72, 0x3b, 0x0a, 0x75, 0x6e, 0x69, 0x66, // eParameter;.unif
	0x6f, 0x72, 0x6d, 0x20, 0x76, 0x65, 0x63, 0x34, 0x20, 0x75, 0x5f, 0x66, 0x73, 0x66, 0x4c, 0x69, // orm vec4 u_fsfLi
	0x67, 0x68, 0x74, 0x44, 0x69, 0x72, 0x65, 0x63, 0x74, 0x69, 0x6f, 0x6e, 0x3b, 0x0a, 0x75, 0x6e, // ghtDirection;.un
	0x69, 0x66, 0x6f, 0x72, 0x6d, 0x20, 0x76, 0x65, 0x63, 0x34, 0x20, 0x75, 0x5f, 0x66, 0x73, 0x66, // iform vec4 u_fsf
	0x4c, 0x69, 0x67, 0x68, 0x74, 0x43, 0x6f, 0x6c, 0x6f, 0x72, 0x3b, 0x0a, 0x75, 0x6e, 0x69, 0x66, // LightColor;.unif
	0x6f, 0x72, 0x6d, 0x20, 0x76, 0x65, 0x63, 0x34, 0x20, 0x75, 0x5f, 0x66, 0x73, 0x66, 0x4c, 0x69, // orm vec4 u_fsfLi
	0x67, 0x68, 0x74, 0x41, 0x6d, 0x62, 0x69, 0x65, 0x6e, 0x74, 0x3b, 0x0a, 0x75, 0x6e, 0x69, 0x66, // ghtAmbient;.unif
	0x6f, 0x72, 0x6d, 0x20, 0x76, 0x65, 0x63, 0x34, 0x20, 0x75, 0x5f, 0x66, 0x73, 0x66, 0x46, 0x61, // orm vec4 u_fsfFa
	0x6c, 0x6c, 0x6f, 0x66, 0x66, 0x50, 0x61, 0x72, 0x61, 0x6d, 0x65, 0x74, 0x65, 0x72, 0x3b, 0x0a, // lloffParameter;.
	0x75, 0x6e, 0x69, 0x66, 0x6f, 0x72, 0x6d, 0x20, 0x76, 0x65, 0x63, 0x34, 0x20, 0x75, 0x5f, 0x66, // uniform vec4 u_f
	0x73, 0x66, 0x43, 0x61, 0x6d, 0x65, 0x72, 0x61, 0x46, 0x72, 0x6f, 0x6e, 0x74, 0x44, 0x69, 0x72, // sfCameraFrontDir
	0x65, 0x63, 0x74, 0x69, 0x6f, 0x6e, 0x3b, 0x0a, 0x75, 0x6e, 0x69, 0x66, 0x6f, 0x72, 0x6d, 0x20, // ection;.uniform 
	0x76, 0x65, 0x63, 0x34, 0x20, 0x75, 0x5f, 0x66, 0x73, 0x66, 0x46, 0x61, 0x6c, 0x6c, 0x6f, 0x66, // vec4 u_fsfFallof
	0x66, 0x45, 0x6e, 0x64, 0x43, 0x6f, 0x6c, 0x6f, 0x72, 0x3b, 0x0a, 0x75, 0x6e, 0x69, 0x66, 0x6f, // fEndColor;.unifo
	0x72, 0x6d, 0x20, 0x76, 0x65, 0x63, 0x34, 0x20, 0x75, 0x5f, 0x66, 0x73, 0x66, 0x46, 0x61, 0x6c, // rm vec4 u_fsfFal
	0x6c, 0x6f, 0x66, 0x66, 0x42, 0x65, 0x67, 0x69, 0x6e, 0x43, 0x6f, 0x6c, 0x6f, 0x72, 0x3b, 0x0a, // loffBeginColor;.
	0x75, 0x6e, 0x69, 0x66, 0x6f, 0x72, 0x6d, 0x20, 0x76, 0x65, 0x63, 0x34, 0x20, 0x75, 0x5f, 0x66, // uniform vec4 u_f
	0x73, 0x66, 0x45, 0x6d, 0x69, 0x73, 0x73, 0x69, 0x76, 0x65, 0x53, 0x63, 0x61, 0x6c, 0x69, 0x6e, // sfEmissiveScalin
	0x67, 0x3b, 0x0a, 0x75, 0x6e, 0x69, 0x66, 0x6f, 0x72, 0x6d, 0x20, 0x76, 0x65, 0x63, 0x34, 0x20, // g;.uniform vec4 
	0x75, 0x5f, 0x66, 0x73, 0x6d, 0x55, 0x56, 0x49, 0x6e, 0x76, 0x65, 0x72, 0x73, 0x65, 0x64, 0x42, // u_fsmUVInversedB
	0x61, 0x63, 0x6b, 0x3b, 0x0a, 0x75, 0x6e, 0x69, 0x66, 0x6f, 0x72, 0x6d, 0x20, 0x76, 0x65, 0x63, // ack;.uniform vec
	0x34, 0x20, 0x75, 0x5f, 0x66, 0x73, 0x73, 0x6f, 0x66, 0x74, 0x50, 0x61, 0x72, 0x74, 0x69, 0x63, // 4 u_fssoftPartic
	0x6c, 0x65, 0x50, 0x61, 0x72, 0x61, 0x6d, 0x3b, 0x0a, 0x75, 0x6e, 0x69, 0x66, 0x6f, 0x72, 0x6d, // leParam;.uniform
	0x20, 0x73, 0x61, 0x6d, 0x70, 0x6c, 0x65, 0x72, 0x32, 0x44, 0x20, 0x73, 0x5f, 0x64, 0x65, 0x70, //  sampler2D s_dep
	0x74, 0x68, 0x54, 0x65, 0x78, 0x3b, 0x0a, 0x75, 0x6e, 0x69, 0x66, 0x6f, 0x72, 0x6d, 0x20, 0x76, // thTex;.uniform v
	0x65, 0x63, 0x34, 0x20, 0x75, 0x5f, 0x66, 0x73, 0x72, 0x65, 0x63, 0x6f, 0x6e, 0x73, 0x74, 0x72, // ec4 u_fsreconstr
	0x75, 0x63, 0x74, 0x69, 0x6f, 0x6e, 0x50, 0x61, 0x72, 0x61, 0x6d, 0x31, 0x3b, 0x0a, 0x75, 0x6e, // uctionParam1;.un
	0x69, 0x66, 0x6f, 0x72, 0x6d, 0x20, 0x76, 0x65, 0x63, 0x34, 0x20, 0x75, 0x5f, 0x66, 0x73, 0x72, // iform vec4 u_fsr
	0x65, 0x63, 0x6f, 0x6e, 0x73, 0x74, 0x72, 0x75, 0x63, 0x74, 0x69, 0x6f, 0x6e, 0x50, 0x61, 0x72, // econstructionPar
	0x61, 0x6d, 0x32, 0x3b, 0x0a, 0x75, 0x6e, 0x69, 0x66, 0x6f, 0x72, 0x6d, 0x20, 0x76, 0x65, 0x63, // am2;.uniform vec
	0x34, 0x20, 0x75, 0x5f, 0x66, 0x73, 0x66, 0x45, 0x64, 0x67, 0x65, 0x43, 0x6f, 0x6c, 0x6f, 0x72, // 4 u_fsfEdgeColor
	0x3b, 0x0a, 0x75, 0x6e, 0x69, 0x66, 0x6f, 0x72, 0x6d, 0x20, 0x76, 0x65, 0x63, 0x34, 0x20, 0x75, // ;.uniform vec4 u
	0x5f, 0x66, 0x73, 0x66, 0x45, 0x64, 0x67, 0x65, 0x50, 0x61, 0x72, 0x61, 0x6d, 0x65, 0x74, 0x65, // _fsfEdgeParamete
	0x72, 0x3b, 0x0a, 0x0a, 0x69, 0x6e, 0x20, 0x76, 0x65, 0x63, 0x34, 0x20, 0x76, 0x5f, 0x43, 0x6f, // r;..in vec4 v_Co
	0x6c, 0x6f, 0x72, 0x3b, 0x0a, 0x69, 0x6e, 0x20, 0x76, 0x65, 0x63, 0x34, 0x20, 0x76, 0x5f, 0x55, // lor;.in vec4 v_U
	0x56, 0x5f, 0x4f, 0x74, 0x68, 0x65, 0x72, 0x73, 0x3b, 0x0a, 0x69, 0x6e, 0x20, 0x76, 0x65, 0x63, // V_Others;.in vec
	0x33, 0x20, 0x76, 0x5f, 0x57, 0x6f, 0x72, 0x6c, 0x64, 0x4e, 0x3b, 0x0a, 0x69, 0x6e, 0x20, 0x76, // 3 v_WorldN;.in v
	0x65, 0x63, 0x33, 0x20, 0x76, 0x5f, 0x57, 0x6f, 0x72, 0x6c, 0x64, 0x42, 0x3b, 0x0a, 0x69, 0x6e, // ec3 v_WorldB;.in
	0x20, 0x76, 0x65, 0x63, 0x33, 0x20, 0x76, 0x5f, 0x57, 0x6f, 0x72, 0x6c, 0x64, 0x54, 0x3b, 0x0a, //  vec3 v_WorldT;.
	0x69, 0x6e, 0x20, 0x76, 0x65, 0x63, 0x34, 0x20, 0x76, 0x5f, 0x41, 0x6c, 0x70, 0x68, 0x61, 0x5f, // in vec4 v_Alpha_
	0x44, 0x69, 0x73, 0x74, 0x5f, 0x55, 0x56, 0x3b, 0x0a, 0x69, 0x6e, 0x20, 0x76, 0x65, 0x63, 0x34, // Dist_UV;.in vec4
	0x20, 0x76, 0x5f, 0x42, 0x6c, 0x65, 0x6e, 0x64, 0x5f, 0x41, 0x6c, 0x70, 0x68, 0x61, 0x5f, 0x44, //  v_Blend_Alpha_D
	0x69, 0x73, 0x74, 0x5f, 0x55, 0x56, 0x3b, 0x0a, 0x69, 0x6e, 0x20, 0x76, 0x65, 0x63, 0x34, 0x20, // ist_UV;.in vec4 
	0x76, 0x5f, 0x42, 0x6c, 0x65, 0x6e, 0x64, 0x5f, 0x46, 0x42, 0x4e, 0x65, 0x78, 0x74, 0x49, 0x6e, // v_Blend_FBNextIn
	0x64, 0x65, 0x78, 0x5f, 0x55, 0x56, 0x3b, 0x0a, 0x69, 0x6e, 0x20, 0x76, 0x65, 0x63, 0x34, 0x20, // dex_UV;.in vec4 
	0x76, 0x5f, 0x50, 0x6f, 0x73, 0x50, 0x3b, 0x0a, 0x6c, 0x61, 0x79, 0x6f, 0x75, 0x74, 0x28, 0x6c, // v_PosP;.layout(l
	0x6f, 0x63, 0x61, 0x74, 0x69, 0x6f, 0x6e, 0x20, 0x3d, 0x20, 0x30, 0x29, 0x20, 0x6f, 0x75, 0x74, // ocation = 0) out
	0x20, 0x76, 0x65, 0x63, 0x34, 0x20, 0x62, 0x67, 0x66, 0x78, 0x5f, 0x46, 0x72, 0x61, 0x67, 0x43, //  vec4 bgfx_FragC
	0x6f, 0x6c, 0x6f, 0x72, 0x3b, 0x0a, 0x0a, 0x76, 0x6f, 0x69, 0x64, 0x20, 0x6d, 0x61, 0x69, 0x6e, // olor;..void main
	0x28, 0x29, 0x0a, 0x7b, 0x0a, 0x20, 0x20, 0x20, 0x20, 0x62, 0x6f, 0x6f, 0x6c, 0x20, 0x5f, 0x31, // ().{.    bool _1
	0x32, 0x35, 0x37, 0x20, 0x3d, 0x20, 0x75, 0x5f, 0x66, 0x73, 0x6d, 0x69, 0x73, 0x63, 0x46, 0x6c, // 257 = u_fsmiscFl
	0x61, 0x67, 0x73, 0x2e, 0x78, 0x20, 0x21, 0x3d, 0x20, 0x30, 0x2e, 0x30, 0x3b, 0x0a, 0x20, 0x20, // ags.x != 0.0;.  
	0x20, 0x20, 0x76, 0x65, 0x63, 0x34, 0x20, 0x5f, 0x31, 0x36, 0x36, 0x38, 0x20, 0x3d, 0x20, 0x74, //   vec4 _1668 = t
	0x65, 0x78, 0x74, 0x75, 0x72, 0x65, 0x28, 0x73, 0x5f, 0x75, 0x76, 0x44, 0x69, 0x73, 0x74, 0x6f, // exture(s_uvDisto
	0x72, 0x74, 0x69, 0x6f, 0x6e, 0x54, 0x65, 0x78, 0x2c, 0x20, 0x76, 0x5f, 0x41, 0x6c, 0x70, 0x68, // rtionTex, v_Alph
	0x61, 0x5f, 0x44, 0x69, 0x73, 0x74, 0x5f, 0x55, 0x56, 0x2e, 0x7a, 0x77, 0x29, 0x3b, 0x0a, 0x20, // a_Dist_UV.zw);. 
	0x20, 0x20, 0x20, 0x76, 0x65, 0x63, 0x34, 0x20, 0x5f, 0x32, 0x38, 0x33, 0x38, 0x3b, 0x0a, 0x20, //    vec4 _2838;. 
	0x20, 0x20, 0x20, 0x69, 0x66, 0x20, 0x28, 0x5f, 0x31, 0x32, 0x35, 0x37, 0x29, 0x0a, 0x20, 0x20, //    if (_1257).  
	0x20, 0x20, 0x7b, 0x0a, 0x20, 0x20, 0x20, 0x20, 0x20, 0x20, 0x20, 0x20, 0x76, 0x65, 0x63, 0x34, //   {.        vec4
	0x20, 0x5f, 0x32, 0x38, 0x33, 0x37, 0x3b, 0x0a, 0x20, 0x20, 0x20, 0x20, 0x20, 0x20, 0x20, 0x20, //  _2837;.        
	0x64, 0x6f, 0x0a, 0x20, 0x20, 0x20, 0x20, 0x20, 0x20, 0x20, 0x20, 0x7b, 0x0a, 0x20, 0x20, 0x20, // do.        {.   
	0x20, 0x20, 0x20, 0x20, 0x20, 0x20, 0x20, 0x20, 0x20, 0x69, 0x66, 0x20, 0x28, 0x21, 0x5f, 0x31, //          if (!_1
	0x32, 0x35, 0x37, 0x29, 0x0a, 0x20, 0x20, 0x20, 0x20, 0x20, 0x20, 0x20, 0x20, 0x20, 0x20, 0x20, // 257).           
	0x20, 0x7b, 0x0a, 0x20, 0x20, 0x20, 0x20, 0x20, 0x20, 0x20, 0x20, 0x20, 0x20, 0x20, 0x20, 0x20, //  {.             
	0x20, 0x20, 0x20, 0x5f, 0x32, 0x38, 0x33, 0x37, 0x20, 0x3d, 0x20, 0x5f, 0x31, 0x36, 0x36, 0x38, //    _2837 = _1668
	0x3b, 0x0a, 0x20, 0x20, 0x20, 0x20, 0x20, 0x20, 0x20, 0x20, 0x20, 0x20, 0x20, 0x20, 0x20, 0x20, // ;.              
	0x20, 0x20, 0x62, 0x72, 0x65, 0x61, 0x6b, 0x3b, 0x0a, 0x20, 0x20, 0x20, 0x20, 0x20, 0x20, 0x20, //   break;.       
	0x20, 0x20, 0x20, 0x20, 0x20, 0x7d, 0x0a, 0x20, 0x20, 0x20, 0x20, 0x20, 0x20, 0x20, 0x20, 0x20, //      }.         
	0x20, 0x20, 0x20, 0x5f, 0x32, 0x38, 0x33, 0x37, 0x20, 0x3d, 0x20, 0x76, 0x65, 0x63, 0x34, 0x28, //    _2837 = vec4(
	0x6d, 0x61, 0x78, 0x28, 0x28, 0x70, 0x6f, 0x77, 0x28, 0x6d, 0x61, 0x78, 0x28, 0x61, 0x62, 0x73, // max((pow(max(abs
	0x28, 0x5f, 0x31, 0x36, 0x36, 0x38, 0x2e, 0x78, 0x79, 0x7a, 0x29, 0x2c, 0x20, 0x76, 0x65, 0x63, // (_1668.xyz), vec
	0x33, 0x28, 0x31, 0x2e, 0x31, 0x39, 0x32, 0x30, 0x39, 0x32, 0x38, 0x39, 0x35, 0x35, 0x30, 0x37, // 3(1.192092895507
	0x38, 0x31, 0x32, 0x35, 0x65, 0x2d, 0x30, 0x37, 0x29, 0x29, 0x2c, 0x20, 0x76, 0x65, 0x63, 0x33, // 8125e-07)), vec3
	0x28, 0x30, 0x2e, 0x34, 0x31, 0x36, 0x36, 0x36, 0x36, 0x36, 0x35, 0x36, 0x37, 0x33, 0x32, 0x35, // (0.4166666567325
	0x35, 0x39, 0x32, 0x30, 0x34, 0x31, 0x30, 0x31, 0x35, 0x36, 0x32, 0x35, 0x29, 0x29, 0x20, 0x2a, // 592041015625)) *
	0x20, 0x31, 0x2e, 0x30, 0x35, 0x34, 0x39, 0x39, 0x39, 0x39, 0x34, 0x37, 0x35, 0x34, 0x37, 0x39, //  1.0549999475479
	0x31, 0x32, 0x35, 0x39, 0x37, 0x36, 0x35, 0x36, 0x32, 0x35, 0x29, 0x20, 0x2d, 0x20, 0x76, 0x65, // 1259765625) - ve
	0x63, 0x33, 0x28, 0x30, 0x2e, 0x30, 0x35, 0x34, 0x39, 0x39, 0x39, 0x39, 0x39, 0x39, 0x37, 0x30, // c3(0.05499999970
	0x31, 0x39, 0x37, 0x36, 0x37, 0x37, 0x36, 0x31, 0x32, 0x33, 0x30, 0x34, 0x36, 0x38, 0x37, 0x35, // 1976776123046875
	0x29, 0x2c, 0x20, 0x76, 0x65, 0x63, 0x33, 0x28, 0x30, 0x2e, 0x30, 0x29, 0x29, 0x2e, 0x78, 0x79, // ), vec3(0.0)).xy
	0x2c, 0x20, 0x5f, 0x32, 0x38, 0x38, 0x32, 0x2c, 0x20, 0x5f, 0x32, 0x38, 0x38, 0x32, 0x29, 0x3b, // , _2882, _2882);
	0x0a, 0x20, 0x20, 0x20, 0x20, 0x20, 0x20, 0x20, 0x20, 0x20, 0x20, 0x20, 0x20, 0x62, 0x72, 0x65, // .            bre
	0x61, 0x6b, 0x3b, 0x0a, 0x20, 0x20, 0x20, 0x20, 0x20, 0x20, 0x20, 0x20, 0x7d, 0x20, 0x77, 0x68, // ak;.        } wh
	0x69, 0x6c, 0x65, 0x28, 0x66, 0x61, 0x6c, 0x73, 0x65, 0x29, 0x3b, 0x0a, 0x20, 0x20, 0x20, 0x20, // ile(false);.    
	0x20, 0x20, 0x20, 0x20, 0x5f, 0x32, 0x38, 0x33, 0x38, 0x20, 0x3d, 0x20, 0x5f, 0x32, 0x38, 0x33, //     _2838 = _283
	0x37, 0x3b, 0x0a, 0x20, 0x20, 0x20, 0x20, 0x7d, 0x0a, 0x20, 0x20, 0x20, 0x20, 0x65, 0x6c, 0x73, // 7;.    }.    els
	0x65, 0x0a, 0x20, 0x20, 0x20, 0x20, 0x7b, 0x0a, 0x20, 0x20, 0x20, 0x20, 0x20, 0x20, 0x20, 0x20, // e.    {.        
	0x5f, 0x32, 0x38, 0x33, 0x38, 0x20, 0x3d, 0x20, 0x5f, 0x31, 0x36, 0x36, 0x38, 0x3b, 0x0a, 0x20, // _2838 = _1668;. 
	0x20, 0x20, 0x20, 0x7d, 0x0a, 0x20, 0x20, 0x20, 0x20, 0x62, 0x6f, 0x6f, 0x6c, 0x20, 0x5f, 0x31, //    }.    bool _1
	0x37, 0x38, 0x33, 0x3b, 0x0a, 0x20, 0x20, 0x20, 0x20, 0x76, 0x65, 0x63, 0x32, 0x20, 0x5f, 0x31, // 783;.    vec2 _1
	0x36, 0x38, 0x31, 0x20, 0x3d, 0x20, 0x28, 0x5f, 0x32, 0x38, 0x33, 0x38, 0x2e, 0x78, 0x79, 0x20, // 681 = (_2838.xy 
	0x2a, 0x20, 0x32, 0x2e, 0x30, 0x29, 0x20, 0x2d, 0x20, 0x76, 0x65, 0x63, 0x32, 0x28, 0x31, 0x2e, // * 2.0) - vec2(1.
	0x30, 0x29, 0x3b, 0x0a, 0x20, 0x20, 0x20, 0x20, 0x5f, 0x31, 0x36, 0x38, 0x31, 0x2e, 0x79, 0x20, // 0);.    _1681.y 
	0x3d, 0x20, 0x75, 0x5f, 0x66, 0x73, 0x66, 0x55, 0x56, 0x44, 0x69, 0x73, 0x74, 0x6f, 0x72, 0x74, // = u_fsfUVDistort
	0x69, 0x6f, 0x6e, 0x50, 0x61, 0x72, 0x61, 0x6d, 0x65, 0x74, 0x65, 0x72, 0x2e, 0x7a, 0x20, 0x2b, // ionParameter.z +
	0x20, 0x28, 0x75, 0x5f, 0x66, 0x73, 0x66, 0x55, 0x56, 0x44, 0x69, 0x73, 0x74, 0x6f, 0x72, 0x74, //  (u_fsfUVDistort
	0x69, 0x6f, 0x6e, 0x50, 0x61, 0x72, 0x61, 0x6d, 0x65, 0x74, 0x65, 0x72, 0x2e, 0x77, 0x20, 0x2a, // ionParameter.w *
	0x20, 0x28, 0x5f, 0x31, 0x36, 0x38, 0x31, 0x2e, 0x79, 0x20, 0x2a, 0x20, 0x28, 0x2d, 0x31, 0x2e, //  (_1681.y * (-1.
	0x30, 0x29, 0x29, 0x29, 0x3b, 0x0a, 0x20, 0x20, 0x20, 0x20, 0x76, 0x65, 0x63, 0x32, 0x20, 0x5f, // 0)));.    vec2 _
	0x31, 0x32, 0x37, 0x33, 0x20, 0x3d, 0x20, 0x5f, 0x31, 0x36, 0x38, 0x31, 0x20, 0x2a, 0x20, 0x75, // 1273 = _1681 * u
	0x5f, 0x66, 0x73, 0x66, 0x55, 0x56, 0x44, 0x69, 0x73, 0x74, 0x6f, 0x72, 0x74, 0x69, 0x6f, 0x6e, // _fsfUVDistortion
	0x50, 0x61, 0x72, 0x61, 0x6d, 0x65, 0x74, 0x65, 0x72, 0x2e, 0x78, 0x3b, 0x0a, 0x20, 0x20, 0x20, // Parameter.x;.   
	0x20, 0x76, 0x65, 0x63, 0x32, 0x20, 0x5f, 0x31, 0x32, 0x37, 0x39, 0x20, 0x3d, 0x20, 0x76, 0x5f, //  vec2 _1279 = v_
	0x55, 0x56, 0x5f, 0x4f, 0x74, 0x68, 0x65, 0x72, 0x73, 0x2e, 0x78, 0x79, 0x20, 0x2b, 0x20, 0x5f, // UV_Others.xy + _
	0x31, 0x32, 0x37, 0x33, 0x3b, 0x0a, 0x20, 0x20, 0x20, 0x20, 0x76, 0x65, 0x63, 0x34, 0x20, 0x5f, // 1273;.    vec4 _
	0x31, 0x32, 0x38, 0x30, 0x20, 0x3d, 0x20, 0x74, 0x65, 0x78, 0x74, 0x75, 0x72, 0x65, 0x28, 0x73, // 1280 = texture(s
	0x5f, 0x63, 0x6f, 0x6c, 0x6f, 0x72, 0x54, 0x65, 0x78, 0x2c, 0x20, 0x5f, 0x31, 0x32, 0x37, 0x39, // _colorTex, _1279
	0x29, 0x3b, 0x0a, 0x20, 0x20, 0x20, 0x20, 0x76, 0x65, 0x63, 0x34, 0x20, 0x5f, 0x32, 0x38, 0x33, // );.    vec4 _283
	0x39, 0x3b, 0x0a, 0x20, 0x20, 0x20, 0x20, 0x64, 0x6f, 0x0a, 0x20, 0x20, 0x20, 0x20, 0x7b, 0x0a, // 9;.    do.    {.
	0x20, 0x20, 0x20, 0x20, 0x20, 0x20, 0x20, 0x20, 0x5f, 0x31, 0x37, 0x38, 0x33, 0x20, 0x3d, 0x20, //         _1783 = 
	0x21, 0x5f, 0x31, 0x32, 0x35, 0x37, 0x3b, 0x0a, 0x20, 0x20, 0x20, 0x20, 0x20, 0x20, 0x20, 0x20, // !_1257;.        
	0x69, 0x66, 0x20, 0x28, 0x5f, 0x31, 0x37, 0x38, 0x33, 0x29, 0x0a, 0x20, 0x20, 0x20, 0x20, 0x20, // if (_1783).     
	0x20, 0x20, 0x20, 0x7b, 0x0a, 0x20, 0x20, 0x20, 0x20, 0x20, 0x20, 0x20, 0x20, 0x20, 0x20, 0x20, //    {.           
	0x20, 0x5f, 0x32, 0x38, 0x33, 0x39, 0x20, 0x3d, 0x20, 0x5f, 0x31, 0x32, 0x38, 0x30, 0x3b, 0x0a, //  _2839 = _1280;.
	0x20, 0x20, 0x20, 0x20, 0x20, 0x20, 0x20, 0x20, 0x20, 0x20, 0x20, 0x20, 0x62, 0x72, 0x65, 0x61, //             brea
	0x6b, 0x3b, 0x0a, 0x20, 0x20, 0x20, 0x20, 0x20, 0x20, 0x20, 0x20, 0x7d, 0x0a, 0x20, 0x20, 0x20, // k;.        }.   
	0x20, 0x20, 0x20, 0x20, 0x20, 0x5f, 0x32, 0x38, 0x33, 0x39, 0x20, 0x3d, 0x20, 0x76, 0x65, 0x63, //      _2839 = vec
	0x34, 0x28, 0x6d, 0x61, 0x78, 0x28, 0x28, 0x70, 0x6f, 0x77, 0x28, 0x6d, 0x61, 0x78, 0x28, 0x61, // 4(max((pow(max(a
	0x62, 0x73, 0x28, 0x5f, 0x31, 0x32, 0x38, 0x30, 0x2e, 0x78, 0x79, 0x7a, 0x29, 0x2c, 0x20, 0x76, // bs(_1280.xyz), v
	0x65, 0x63, 0x33, 0x28, 0x31, 0x2e, 0x31, 0x39, 0x32, 0x30, 0x39, 0x32, 0x38, 0x39, 0x35, 0x35, // ec3(1.1920928955
	0x30, 0x37, 0x38, 0x31, 0x32, 0x35, 0x65, 0x2d, 0x30, 0x37, 0x29, 0x29, 0x2c, 0x20, 0x76, 0x65, // 078125e-07)), ve
	0x63, 0x33, 0x28, 0x30, 0x2e, 0x34, 0x31, 0x36, 0x36, 0x36, 0x36, 0x36, 0x35, 0x36, 0x37, 0x33, // c3(0.41666665673
	0x32, 0x35, 0x35, 0x39, 0x32, 0x30, 0x34, 0x31, 0x30, 0x31, 0x35, 0x36, 0x32, 0x35, 0x29, 0x29, // 25592041015625))
	0x20, 0x2a, 0x20, 0x31, 0x2e, 0x30, 0x35, 0x34, 0x39, 0x39, 0x39, 0x39, 0x34, 0x37, 0x35, 0x34, //  * 1.05499994754
	0x37, 0x39, 0x31, 0x32, 0x35, 0x39, 0x37, 0x36, 0x35, 0x36, 0x32, 0x35, 0x29, 0x20, 0x2d, 0x20, // 791259765625) - 
	0x76, 0x65, 0x63, 0x33, 0x28, 0x30, 0x2e, 0x30, 0x35, 0x34, 0x39, 0x39, 0x39, 0x39, 0x39, 0x39, // vec3(0.054999999
	0x37, 0x30, 0x31, 0x39, 0x37, 0x36, 0x37, 0x37, 0x36, 0x31, 0x32, 0x33, 0x30, 0x34, 0x36, 0x38, // 7019767761230468
	0x37, 0x35, 0x29, 0x2c, 0x20, 0x76, 0x65, 0x63, 0x33, 0x28, 0x30, 0x2e, 0x30, 0x29, 0x29, 0x2c, // 75), vec3(0.0)),
	0x20, 0x5f, 0x31, 0x32, 0x38, 0x30, 0x2e, 0x77, 0x29, 0x3b, 0x0a, 0x20, 0x20, 0x20, 0x20, 0x20, //  _1280.w);.     
	0x20, 0x20, 0x20, 0x62, 0x72, 0x65, 0x61, 0x6b, 0x3b, 0x0a, 0x20, 0x20, 0x20, 0x20, 0x7d, 0x20, //    break;.    } 
	0x77, 0x68, 0x69, 0x6c, 0x65, 0x28, 0x66, 0x61, 0x6c, 0x73, 0x65, 0x29, 0x3b, 0x0a, 0x20, 0x20, // while(false);.  
	0x20, 0x20, 0x76, 0x65, 0x63, 0x34, 0x20, 0x5f, 0x31, 0x32, 0x38, 0x37, 0x20, 0x3d, 0x20, 0x5f, //   vec4 _1287 = _
	0x32, 0x38, 0x33, 0x39, 0x20, 0x2a, 0x20, 0x76, 0x5f, 0x43, 0x6f, 0x6c, 0x6f, 0x72, 0x3b, 0x0a, // 2839 * v_Color;.
	0x20, 0x20, 0x20, 0x20, 0x76, 0x65, 0x63, 0x34, 0x20, 0x5f, 0x31, 0x32, 0x39, 0x34, 0x20, 0x3d, //     vec4 _1294 =
	0x20, 0x74, 0x65, 0x78, 0x74, 0x75, 0x72, 0x65, 0x28, 0x73, 0x5f, 0x6e, 0x6f, 0x72, 0x6d, 0x61, //  texture(s_norma
	0x6c, 0x54, 0x65, 0x78, 0x2c, 0x20, 0x5f, 0x31, 0x32, 0x37, 0x39, 0x29, 0x3b, 0x0a, 0x20, 0x20, // lTex, _1279);.  
	0x20, 0x20, 0x76, 0x65, 0x63, 0x33, 0x20, 0x5f, 0x31, 0x33, 0x30, 0x38, 0x20, 0x3d, 0x20, 0x6e, //   vec3 _1308 = n
	0x6f, 0x72, 0x6d, 0x61, 0x6c, 0x69, 0x7a, 0x65, 0x28, 0x6d, 0x61, 0x74, 0x33, 0x28, 0x76, 0x5f, // ormalize(mat3(v_
	0x57, 0x6f, 0x72, 0x6c, 0x64, 0x54, 0x2c, 0x20, 0x76, 0x5f, 0x57, 0x6f, 0x72, 0x6c, 0x64, 0x42, // WorldT, v_WorldB
	0x2c, 0x20, 0x76, 0x5f, 0x57, 0x6f, 0x72, 0x6c, 0x64, 0x4e, 0x29, 0x20, 0x2a, 0x20, 0x28, 0x28, // , v_WorldN) * ((
	0x5f, 0x31, 0x32, 0x39, 0x34, 0x2e, 0x78, 0x79, 0x7a, 0x20, 0x2d, 0x20, 0x76, 0x65, 0x63, 0x33, // _1294.xyz - vec3
	0x28, 0x30, 0x2e, 0x35, 0x29, 0x29, 0x20, 0x2a, 0x20, 0x32, 0x2e, 0x30, 0x29, 0x29, 0x3b, 0x0a, // (0.5)) * 2.0));.
	0x20, 0x20, 0x20, 0x20, 0x76, 0x65, 0x63, 0x34, 0x20, 0x5f, 0x32, 0x38, 0x34, 0x34, 0x3b, 0x0a, //     vec4 _2844;.
	0x20, 0x20, 0x20, 0x20, 0x69, 0x66, 0x20, 0x28, 0x75, 0x5f, 0x66, 0x73, 0x66, 0x46, 0x6c, 0x69, //     if (u_fsfFli
	0x70, 0x62, 0x6f, 0x6f, 0x6b, 0x50, 0x61, 0x72, 0x61, 0x6d, 0x65, 0x74, 0x65, 0x72, 0x2e, 0x78, // pbookParameter.x
	0x20, 0x3e, 0x20, 0x30, 0x2e, 0x30, 0x29, 0x0a, 0x20, 0x20, 0x20, 0x20, 0x7b, 0x0a, 0x20, 0x20, //  > 0.0).    {.  
	0x20, 0x20, 0x20, 0x20, 0x20, 0x20, 0x76, 0x65, 0x63, 0x34, 0x20, 0x5f, 0x31, 0x38, 0x38, 0x37, //       vec4 _1887
	0x20, 0x3d, 0x20, 0x74, 0x65, 0x78, 0x74, 0x75, 0x72, 0x65, 0x28, 0x73, 0x5f, 0x63, 0x6f, 0x6c, //  = texture(s_col
	0x6f, 0x72, 0x54, 0x65, 0x78, 0x2c, 0x20, 0x76, 0x5f, 0x42, 0x6c, 0x65, 0x6e, 0x64, 0x5f, 0x46, // orTex, v_Blend_F
	0x42, 0x4e, 0x65, 0x78, 0x74, 0x49, 0x6e, 0x64, 0x65, 0x78, 0x5f, 0x55, 0x56, 0x2e, 0x7a, 0x77, // BNextIndex_UV.zw
	0x20, 0x2b, 0x20, 0x5f, 0x31, 0x32, 0x37, 0x33, 0x29, 0x3b, 0x0a, 0x20, 0x20, 0x20, 0x20, 0x20, //  + _1273);.     
	0x20, 0x20, 0x20, 0x76, 0x65, 0x63, 0x34, 0x20, 0x5f, 0x32, 0x38, 0x34, 0x31, 0x3b, 0x0a, 0x20, //    vec4 _2841;. 
	0x20, 0x20, 0x20, 0x20, 0x20, 0x20, 0x20, 0x69, 0x66, 0x20, 0x28, 0x5f, 0x31, 0x32, 0x35, 0x37, //        if (_1257
	0x29, 0x0a, 0x20, 0x20, 0x20, 0x20, 0x20, 0x20, 0x20, 0x20, 0x7b, 0x0a, 0x20, 0x20, 0x20, 0x20, // ).        {.    
	0x20, 0x20, 0x20, 0x20, 0x20, 0x20, 0x20, 0x20, 0x76, 0x65, 0x63, 0x34, 0x20, 0x5f, 0x32, 0x38, //         vec4 _28
	0x34, 0x30, 0x3b, 0x0a, 0x20, 0x20, 0x20, 0x20, 0x20, 0x20, 0x20, 0x20, 0x20, 0x20, 0x20, 0x20, // 40;.            
	0x64, 0x6f, 0x0a, 0x20, 0x20, 0x20, 0x20, 0x20, 0x20, 0x20, 0x20, 0x20, 0x20, 0x20, 0x20, 0x7b, // do.            {
	0x0a, 0x20, 0x20, 0x20, 0x20, 0x20, 0x20, 0x20, 0x20, 0x20, 0x20, 0x20, 0x20, 0x20, 0x20, 0x20, // .               
	0x20, 0x69, 0x66, 0x20, 0x28, 0x5f, 0x31, 0x37, 0x38, 0x33, 0x29, 0x0a, 0x20, 0x20, 0x20, 0x20, //  if (_1783).    
	0x20, 0x20, 0x20, 0x20, 0x20, 0x20, 0x20, 0x20, 0x20, 0x20, 0x20, 0x20, 0x7b, 0x0a, 0x20, 0x20, //             {.  
	0x20, 0x20, 0x20, 0x20, 0x20, 0x20, 0x20, 0x20, 0x20, 0x20, 0x20, 0x20, 0x20, 0x20, 0x20, 0x20, //                 
	0x20, 0x20, 0x5f, 0x32, 0x38, 0x34, 0x30, 0x20, 0x3d, 0x20, 0x5f, 0x31, 0x38, 0x38, 0x37, 0x3b, //   _2840 = _1887;
	0x0a, 0x20, 0x20, 0x20, 0x20, 0x20, 0x20, 0x20, 0x20, 0x20, 0x20, 0x20, 0x20, 0x20, 0x20, 0x20, // .               
	0x20, 0x20, 0x20, 0x20, 0x20, 0x62, 0x72, 0x65, 0x61, 0x6b, 0x3b, 0x0a, 0x20, 0x20, 0x20, 0x20, //      break;.    
	0x20, 0x20, 0x20, 0x20, 0x20, 0x20, 0x20, 0x20, 0x20, 0x20, 0x20, 0x20, 0x7d, 0x0a, 0x20, 0x20, //             }.  
	0x20, 0x20, 0x20, 0x20, 0x20, 0x20, 0x20, 0x20, 0x20, 0x20, 0x20, 0x20, 0x20, 0x20, 0x5f, 0x32, //               _2
	0x38, 0x34, 0x30, 0x20, 0x3d, 0x20, 0x76, 0x65, 0x63, 0x34, 0x28, 0x6d, 0x61, 0x78, 0x28, 0x28, // 840 = vec4(max((
	0x70, 0x6f, 0x77, 0x28, 0x6d, 0x61, 0x78, 0x28, 0x61, 0x62, 0x73, 0x28, 0x5f, 0x31, 0x38, 0x38, // pow(max(abs(_188
	0x37, 0x2e, 0x78, 0x79, 0x7a, 0x29, 0x2c, 0x20, 0x76, 0x65, 0x63, 0x33, 0x28, 0x31, 0x2e, 0x31, // 7.xyz), vec3(1.1
	0x39, 0x32, 0x30, 0x39, 0x32, 0x38, 0x39, 0x35, 0x35, 0x30, 0x37, 0x38, 0x31, 0x32, 0x35, 0x65, // 920928955078125e
	0x2d, 0x30, 0x37, 0x29, 0x29, 0x2c, 0x20, 0x76, 0x65, 0x63, 0x33, 0x28, 0x30, 0x2e, 0x34, 0x31, // -07)), vec3(0.41
	0x36, 0x36, 0x36, 0x36, 0x36, 0x35, 0x36, 0x37, 0x33, 0x32, 0x35, 0x35, 0x39, 0x32, 0x30, 0x34, // 6666656732559204
	0x31, 0x30, 0x31, 0x35, 0x36, 0x32, 0x35, 0x29, 0x29, 0x20, 0x2a, 0x20, 0x31, 0x2e, 0x30, 0x35, // 1015625)) * 1.05
	0x34, 0x39, 0x39, 0x39, 0x39, 0x34, 0x37, 0x35, 0x34, 0x37, 0x39, 0x31, 0x32, 0x35, 0x39, 0x37, // 4999947547912597
	0x36, 0x35, 0x36, 0x32, 0x35, 0x29, 0x20, 0x2d, 0x20, 0x76, 0x65, 0x63, 0x33, 0x28, 0x30, 0x2e, // 65625) - vec3(0.
	0x30, 0x35, 0x34, 0x39, 0x39, 0x39, 0x39, 0x39, 0x39, 0x37, 0x30, 0x31, 0x39, 0x37, 0x36, 0x37, // 0549999997019767
	0x37, 0x36, 0x31, 0x32, 0x33, 0x30, 0x34, 0x36, 0x38, 0x37, 0x35, 0x29, 0x2c, 0x20, 0x76, 0x65, // 76123046875), ve
	0x63, 0x33, 0x28, 0x30, 0x2e, 0x30, 0x29, 0x29, 0x2c, 0x20, 0x5f, 0x31, 0x38, 0x38, 0x37, 0x2e, // c3(0.0)), _1887.
	0x77, 0x29, 0x3b, 0x0a, 0x20, 0x20, 0x20, 0x20, 0x20, 0x20, 0x20, 0x20, 0x20, 0x20, 0x20, 0x20, // w);.            
	0x20, 0x20, 0x20, 0x20, 0x62, 0x72, 0x65, 0x61, 0x6b, 0x3b, 0x0a, 0x20, 0x20, 0x20, 0x20, 0x20, //     break;.     
	0x20, 0x20, 0x20, 0x20, 0x20, 0x20, 0x20, 0x7d, 0x20, 0x77, 0x68, 0x69, 0x6c, 0x65, 0x28, 0x66, //        } while(f
	0x61, 0x6c, 0x73, 0x65, 0x29, 0x3b, 0x0a, 0x20, 0x20, 0x20, 0x20, 0x20, 0x20, 0x20, 0x20, 0x20, // alse);.         
	0x20, 0x20, 0x20, 0x5f, 0x32, 0x38, 0x34, 0x31, 0x20, 0x3d, 0x20, 0x5f, 0x32, 0x38, 0x34, 0x30, //    _2841 = _2840
	0x3b, 0x0a, 0x20, 0x20, 0x20, 0x20, 0x20, 0x20, 0x20, 0x20, 0x7d, 0x0a, 0x20, 0x20, 0x20, 0x20, // ;.        }.    
	0x20, 0x20, 0x20, 0x20, 0x65, 0x6c, 0x73, 0x65, 0x0a, 0x20, 0x20, 0x20, 0x20, 0x20, 0x20, 0x20, //     else.       
	0x20, 0x7b, 0x0a, 0x20, 0x20, 0x20, 0x20, 0x20, 0x20, 0x20, 0x20, 0x20, 0x20, 0x20, 0x20, 0x5f, //  {.            _
	0x32, 0x38, 0x34, 0x31, 0x20, 0x3d, 0x20, 0x5f, 0x31, 0x38, 0x38, 0x37, 0x3b, 0x0a, 0x20, 0x20, // 2841 = _1887;.  
	0x20, 0x20, 0x20, 0x20, 0x20, 0x20, 0x7d, 0x0a, 0x20, 0x20, 0x20, 0x20, 0x20, 0x20, 0x20, 0x20, //       }.        
	0x76, 0x65, 0x63, 0x34, 0x20, 0x5f, 0x32, 0x38, 0x34, 0x35, 0x3b, 0x0a, 0x20, 0x20, 0x20, 0x20, // vec4 _2845;.    
	0x20, 0x20, 0x20, 0x20, 0x69, 0x66, 0x20, 0x28, 0x75, 0x5f, 0x66, 0x73, 0x66, 0x46, 0x6c, 0x69, //     if (u_fsfFli
	0x70, 0x62, 0x6f, 0x6f, 0x6b, 0x50, 0x61, 0x72, 0x61, 0x6d, 0x65, 0x74, 0x65, 0x72, 0x2e, 0x79, // pbookParameter.y
	0x20, 0x3d, 0x3d, 0x20, 0x31, 0x2e, 0x30, 0x29, 0x0a, 0x20, 0x20, 0x20, 0x20, 0x20, 0x20, 0x20, //  == 1.0).       
	0x20, 0x7b, 0x0a, 0x20, 0x20, 0x20, 0x20, 0x20, 0x20, 0x20, 0x20, 0x20, 0x20, 0x20, 0x20, 0x5f, //  {.            _
	0x32, 0x38, 0x34, 0x35, 0x20, 0x3d, 0x20, 0x6d, 0x69, 0x78, 0x28, 0x5f, 0x31, 0x32, 0x38, 0x37, // 2845 = mix(_1287
	0x2c, 0x20, 0x5f, 0x32, 0x38, 0x34, 0x31, 0x20, 0x2a, 0x20, 0x76, 0x5f, 0x43, 0x6f, 0x6c, 0x6f, // , _2841 * v_Colo
	0x72, 0x2c, 0x20, 0x76, 0x65, 0x63, 0x34, 0x28, 0x76, 0x5f, 0x55, 0x56, 0x5f, 0x4f, 0x74, 0x68, // r, vec4(v_UV_Oth
	0x65, 0x72, 0x73, 0x2e, 0x7a, 0x29, 0x29, 0x3b, 0x0a, 0x20, 0x20, 0x20, 0x20, 0x20, 0x20, 0x20, // ers.z));.       
	0x20, 0x7d, 0x0a, 0x20, 0x20, 0x20, 0x20, 0x20, 0x20, 0x20, 0x20, 0x65, 0x6c, 0x73, 0x65, 0x0a, //  }.        else.
	0x20, 0x20, 0x20, 0x20, 0x20, 0x20, 0x20, 0x20, 0x7b, 0x0a, 0x20, 0x20, 0x20, 0x20, 0x20, 0x20, //         {.      
	0x20, 0x20, 0x20, 0x20, 0x20, 0x20, 0x5f, 0x32, 0x38, 0x34, 0x35, 0x20, 0x3d, 0x20, 0x5f, 0x31, //       _2845 = _1
	0x32, 0x38, 0x37, 0x3b, 0x0a, 0x20, 0x20, 0x20, 0x20, 0x20, 0x20, 0x20, 0x20, 0x7d, 0x0a, 0x20, // 287;.        }. 
	0x20, 0x20, 0x20, 0x20, 0x20, 0x20, 0x20, 0x5f, 0x32, 0x38, 0x34, 0x34, 0x20, 0x3d, 0x20, 0x5f, //        _2844 = _
	0x32, 0x38, 0x34, 0x35, 0x3b, 0x0a, 0x20, 0x20, 0x20, 0x20, 0x7d, 0x0a, 0x20, 0x20, 0x20, 0x20, // 2845;.    }.    
	0x65, 0x6c, 0x73, 0x65, 0x0a, 0x20, 0x20, 0x20, 0x20, 0x7b, 0x0a, 0x20, 0x20, 0x20, 0x20, 0x20, // else.    {.     
	0x20, 0x20, 0x20, 0x5f, 0x32, 0x38, 0x34, 0x34, 0x20, 0x3d, 0x20, 0x5f, 0x31, 0x32, 0x38, 0x37, //    _2844 = _1287
	0x3b, 0x0a, 0x20, 0x20, 0x20, 0x20, 0x7d, 0x0a, 0x20, 0x20, 0x20, 0x20, 0x76, 0x65, 0x63, 0x34, // ;.    }.    vec4
	0x20, 0x5f, 0x31, 0x33, 0x33, 0x31, 0x20, 0x3d, 0x20, 0x74, 0x65, 0x78, 0x74, 0x75, 0x72, 0x65, //  _1331 = texture
	0x28, 0x73, 0x5f, 0x61, 0x6c, 0x70, 0x68, 0x61, 0x54, 0x65, 0x78, 0x2c, 0x20, 0x76, 0x5f, 0x41, // (s_alphaTex, v_A
	0x6c, 0x70, 0x68, 0x61, 0x5f, 0x44, 0x69, 0x73, 0x74, 0x5f, 0x55, 0x56, 0x2e, 0x78, 0x79, 0x20, // lpha_Dist_UV.xy 
	0x2b, 0x20, 0x5f, 0x31, 0x32, 0x37, 0x33, 0x29, 0x3b, 0x0a, 0x20, 0x20, 0x20, 0x20, 0x76, 0x65, // + _1273);.    ve
	0x63, 0x34, 0x20, 0x5f, 0x32, 0x38, 0x34, 0x36, 0x3b, 0x0a, 0x20, 0x20, 0x20, 0x20, 0x64, 0x6f, // c4 _2846;.    do
	0x0a, 0x20, 0x20, 0x20, 0x20, 0x7b, 0x0a, 0x20, 0x20, 0x20, 0x20, 0x20, 0x20, 0x20, 0x20, 0x69, // .    {.        i
	0x66, 0x20, 0x28, 0x5f, 0x31, 0x37, 0x38, 0x33, 0x29, 0x0a, 0x20, 0x20, 0x20, 0x20, 0x20, 0x20, // f (_1783).      
	0x20, 0x20, 0x7b, 0x0a, 0x20, 0x20, 0x20, 0x20, 0x20, 0x20, 0x20, 0x20, 0x20, 0x20, 0x20, 0x20, //   {.            
	0x5f, 0x32, 0x38, 0x34, 0x36, 0x20, 0x3d, 0x20, 0x5f, 0x31, 0x33, 0x33, 0x31, 0x3b, 0x0a, 0x20, // _2846 = _1331;. 
	0x20, 0x20, 0x20, 0x20, 0x20, 0x20, 0x20, 0x20, 0x20, 0x20, 0x20, 0x62, 0x72, 0x65, 0x61, 0x6b, //            break
	0x3b, 0x0a, 0x20, 0x20, 0x20, 0x20, 0x20, 0x20, 0x20, 0x20, 0x7d, 0x0a, 0x20, 0x20, 0x20, 0x20, // ;.        }.    
	0x20, 0x20, 0x20, 0x20, 0x5f, 0x32, 0x38, 0x34, 0x36, 0x20, 0x3d, 0x20, 0x76, 0x65, 0x63, 0x34, //     _2846 = vec4
	0x28, 0x6d, 0x61, 0x78, 0x28, 0x28, 0x70, 0x6f, 0x77, 0x28, 0x6d, 0x61, 0x78, 0x28, 0x61, 0x62, // (max((pow(max(ab
	0x73, 0x28, 0x5f, 0x31, 0x33, 0x33, 0x31, 0x2e, 0x78, 0x79, 0x7a, 0x29, 0x2c, 0x20, 0x76, 0x65, // s(_1331.xyz), ve
	0x63, 0x33, 0x28, 0x31, 0x2e, 0x31, 0x39, 0x32, 0x30, 0x39, 0x32, 0x38, 0x39, 0x35, 0x35, 0x30, // c3(1.19209289550
	0x37, 0x38, 0x31, 0x32, 0x35, 0x65, 0x2d, 0x30, 0x37, 0x29, 0x29, 0x2c, 0x20, 0x76, 0x65, 0x63, // 78125e-07)), vec
	0x33, 0x28, 0x30, 0x2e, 0x34, 0x31, 0x36, 0x36, 0x36, 0x36, 0x36, 0x35, 0x36, 0x37, 0x33, 0x32, // 3(0.416666656732
	0x35, 0x35, 0x39, 0x32, 0x30, 0x34, 0x31, 0x30, 0x31, 0x35, 0x36, 0x32, 0x35, 0x29, 0x29, 0x20, // 5592041015625)) 
	0x2a, 0x20, 0x31, 0x2e, 0x30, 0x35, 0x34, 0x39, 0x39, 0x39, 0x39, 0x34, 0x37, 0x35, 0x34, 0x37, // * 1.054999947547
	0x39, 0x31, 0x32, 0x35, 0x39, 0x37, 0x36, 0x35, 0x36, 0x32, 0x35, 0x29, 0x20, 0x2d, 0x20, 0x76, // 91259765625) - v
	0x65, 0x63, 0x33, 0x28, 0x30, 0x2e, 0x30, 0x35, 0x34, 0x39, 0x39, 0x39, 0x39, 0x39, 0x39, 0x37, // ec3(0.0549999997
	0x30, 0x31, 0x39, 0x37, 0x36, 0x37, 0x37, 0x36, 0x31, 0x32, 0x33, 0x30, 0x34, 0x36, 0x38, 0x37, // 0197677612304687
	0x35, 0x29, 0x2c, 0x20, 0x76, 0x65, 0x63, 0x33, 0x28, 0x30, 0x2e, 0x30, 0x29, 0x29, 0x2e, 0x78, // 5), vec3(0.0)).x
	0x2c, 0x20, 0x5f, 0x32, 0x38, 0x38, 0x32, 0x2c, 0x20, 0x5f, 0x32, 0x38, 0x38, 0x32, 0x2c, 0x20, // , _2882, _2882, 
	0x5f, 0x31, 0x33, 0x33, 0x31, 0x2e, 0x77, 0x29, 0x3b, 0x0a, 0x20, 0x20, 0x20, 0x20, 0x20, 0x20, // _1331.w);.      
	0x20, 0x20, 0x62, 0x72, 0x65, 0x61, 0x6b, 0x3b, 0x0a, 0x20, 0x20, 0x20, 0x20, 0x7d, 0x20, 0x77, //   break;.    } w
	0x68, 0x69, 0x6c, 0x65, 0x28, 0x66, 0x61, 0x6c, 0x73, 0x65, 0x29, 0x3b, 0x0a, 0x20, 0x20, 0x20, // hile(false);.   
	0x20, 0x66, 0x6c, 0x6f, 0x61, 0x74, 0x20, 0x5f, 0x31, 0x33, 0x34, 0x33, 0x20, 0x3d, 0x20, 0x5f, //  float _1343 = _
	0x32, 0x38, 0x34, 0x34, 0x2e, 0x77, 0x20, 0x2a, 0x20, 0x28, 0x5f, 0x32, 0x38, 0x34, 0x36, 0x2e, // 2844.w * (_2846.
	0x78, 0x20, 0x2a, 0x20, 0x5f, 0x32, 0x38, 0x34, 0x36, 0x2e, 0x77, 0x29, 0x3b, 0x0a, 0x20, 0x20, // x * _2846.w);.  
	0x20, 0x20, 0x76, 0x65, 0x63, 0x34, 0x20, 0x5f, 0x32, 0x36, 0x39, 0x31, 0x20, 0x3d, 0x20, 0x5f, //   vec4 _2691 = _
	0x32, 0x38, 0x34, 0x34, 0x3b, 0x0a, 0x20, 0x20, 0x20, 0x20, 0x5f, 0x32, 0x36, 0x39, 0x31, 0x2e, // 2844;.    _2691.
	0x77, 0x20, 0x3d, 0x20, 0x5f, 0x31, 0x33, 0x34, 0x33, 0x3b, 0x0a, 0x20, 0x20, 0x20, 0x20, 0x76, // w = _1343;.    v
	0x65, 0x63, 0x34, 0x20, 0x5f, 0x32, 0x30, 0x37, 0x35, 0x20, 0x3d, 0x20, 0x74, 0x65, 0x78, 0x74, // ec4 _2075 = text
	0x75, 0x72, 0x65, 0x28, 0x73, 0x5f, 0x62, 0x6c, 0x65, 0x6e, 0x64, 0x55, 0x56, 0x44, 0x69, 0x73, // ure(s_blendUVDis
	0x74, 0x6f, 0x72, 0x74, 0x69, 0x6f, 0x6e, 0x54, 0x65, 0x78, 0x2c, 0x20, 0x76, 0x5f, 0x42, 0x6c, // tortionTex, v_Bl
	0x65, 0x6e, 0x64, 0x5f, 0x41, 0x6c, 0x70, 0x68, 0x61, 0x5f, 0x44, 0x69, 0x73, 0x74, 0x5f, 0x55, // end_Alpha_Dist_U
	0x56, 0x2e, 0x7a, 0x77, 0x29, 0x3b, 0x0a, 0x20, 0x20, 0x20, 0x20, 0x76, 0x65, 0x63, 0x34, 0x20, // V.zw);.    vec4 
	0x5f, 0x32, 0x38, 0x34, 0x39, 0x3b, 0x0a, 0x20, 0x20, 0x20, 0x20, 0x69, 0x66, 0x20, 0x28, 0x5f, // _2849;.    if (_
	0x31, 0x32, 0x35, 0x37, 0x29, 0x0a, 0x20, 0x20, 0x20, 0x20, 0x7b, 0x0a, 0x20, 0x20, 0x20, 0x20, // 1257).    {.    
	0x20, 0x20, 0x20, 0x20, 0x76, 0x65, 0x63, 0x34, 0x20, 0x5f, 0x32, 0x38, 0x34, 0x38, 0x3b, 0x0a, //     vec4 _2848;.
	0x20, 0x20, 0x20, 0x20, 0x20, 0x20, 0x20, 0x20, 0x64, 0x6f, 0x0a, 0x20, 0x20, 0x20, 0x20, 0x20, //         do.     
	0x20, 0x20, 0x20, 0x7b, 0x0a, 0x20, 0x20, 0x20, 0x20, 0x20, 0x20, 0x20, 0x20, 0x20, 0x20, 0x20, //    {.           
	0x20, 0x69, 0x66, 0x20, 0x28, 0x5f, 0x31, 0x37, 0x38, 0x33, 0x29, 0x0a, 0x20, 0x20, 0x20, 0x20, //  if (_1783).    
	0x20, 0x20, 0x20, 0x20, 0x20, 0x20, 0x20, 0x20, 0x7b, 0x0a, 0x20, 0x20, 0x20, 0x20, 0x20, 0x20, //         {.      
	0x20, 0x20, 0x20, 0x20, 0x20, 0x20, 0x20, 0x20, 0x20, 0x20, 0x5f, 0x32, 0x38, 0x34, 0x38, 0x20, //           _2848 
	0x3d, 0x20, 0x5f, 0x32, 0x30, 0x37, 0x35, 0x3b, 0x0a, 0x20, 0x20, 0x20, 0x20, 0x20, 0x20, 0x20, // = _2075;.       
	0x20, 0x20, 0x20, 0x20, 0x20, 0x20, 0x20, 0x20, 0x20, 0x62, 0x72, 0x65, 0x61, 0x6b, 0x3b, 0x0a, //          break;.
	0x20, 0x20, 0x20, 0x20, 0x20, 0x20, 0x20, 0x20, 0x20, 0x20, 0x20, 0x20, 0x7d, 0x0a, 0x20, 0x20, //             }.  
	0x20, 0x20, 0x20, 0x20, 0x20, 0x20, 0x20, 0x20, 0x20, 0x20, 0x5f, 0x32, 0x38, 0x34, 0x38, 0x20, //           _2848 
	0x3d, 0x20, 0x76, 0x65, 0x63, 0x34, 0x28, 0x6d, 0x61, 0x78, 0x28, 0x28, 0x70, 0x6f, 0x77, 0x28, // = vec4(max((pow(
	0x6d, 0x61, 0x78, 0x28, 0x61, 0x62, 0x73, 0x28, 0x5f, 0x32, 0x30, 0x37, 0x35, 0x2e, 0x78, 0x79, // max(abs(_2075.xy
	0x7a, 0x29, 0x2c, 0x20, 0x76, 0x65, 0x63, 0x33, 0x28, 0x31, 0x2e, 0x31, 0x39, 0x32, 0x30, 0x39, // z), vec3(1.19209
	0x32, 0x38, 0x39, 0x35, 0x35, 0x30, 0x37, 0x38, 0x31, 0x32, 0x35, 0x65, 0x2d, 0x30, 0x37, 0x29, // 28955078125e-07)
	0x29, 0x2c, 0x20, 0x76, 0x65, 0x63, 0x33, 0x28, 0x30, 0x2e, 0x34, 0x31, 0x36, 0x36, 0x36, 0x36, // ), vec3(0.416666
	0x36, 0x35, 0x36, 0x37, 0x33, 0x32, 0x35, 0x35, 0x39, 0x32, 0x30, 0x34, 0x31, 0x30, 0x31, 0x35, // 6567325592041015
	0x36, 0x32, 0x35, 0x29, 0x29, 0x20, 0x2a, 0x20, 0x31, 0x2e, 0x30, 0x35, 0x34, 0x39, 0x39, 0x39, // 625)) * 1.054999
	0x39, 0x34, 0x37, 0x35, 0x34, 0x37, 0x39, 0x31, 0x32, 0x35, 0x39, 0x37, 0x36, 0x35, 0x36, 0x32, // 9475479125976562
	0x35, 0x29, 0x20, 0x2d, 0x20, 0x76, 0x65, 0x63, 0x33, 0x28, 0x30, 0x2e, 0x30, 0x35, 0x34, 0x39, // 5) - vec3(0.0549
	0x39, 0x39, 0x39, 0x39, 0x39, 0x37, 0x30, 0x31, 0x39, 0x37, 0x36, 0x37, 0x37, 0x36, 0x31, 0x32, // 9999970197677612
	0x33, 0x30, 0x34, 0x36, 0x38, 0x37, 0x35, 0x29, 0x2c, 0x20, 0x76, 0x65, 0x63, 0x33, 0x28, 0x30, // 3046875), vec3(0
	0x2e, 0x30, 0x29, 0x29, 0x2e, 0x78, 0x79, 0x2c, 0x20, 0x5f, 0x32, 0x38, 0x38, 0x32, 0x2c, 0x20, // .0)).xy, _2882, 
	0x5f, 0x32, 0x38, 0x38, 0x32, 0x29, 0x3b, 0x0a, 0x20, 0x20, 0x20, 0x20, 0x20, 0x20, 0x20, 0x20, // _2882);.        
	0x20, 0x20, 0x20, 0x20, 0x62, 0x72, 0x65, 0x61, 0x6b, 0x3b, 0x0a, 0x20, 0x20, 0x20, 0x20, 0x20, //     break;.     
	0x20, 0x20, 0x20, 0x7d, 0x20, 0x77, 0x68, 0x69, 0x6c, 0x65, 0x28, 0x66, 0x61, 0x6c, 0x73, 0x65, //    } while(false
	0x29, 0x3b, 0x0a, 0x20, 0x20, 0x20, 0x20, 0x20, 0x20, 0x20, 0x20, 0x5f, 0x32, 0x38, 0x34, 0x39, // );.        _2849
	0x20, 0x3d, 0x20, 0x5f, 0x32, 0x38, 0x34, 0x38, 0x3b, 0x0a, 0x20, 0x20, 0x20, 0x20, 0x7d, 0x0a, //  = _2848;.    }.
	0x20, 0x20, 0x20, 0x20, 0x65, 0x6c, 0x73, 0x65, 0x0a, 0x20, 0x20, 0x20, 0x20, 0x7b, 0x0a, 0x20, //     else.    {. 
	0x20, 0x20, 0x20, 0x20, 0x20, 0x20, 0x20, 0x5f, 0x32, 0x38, 0x34, 0x39, 0x20, 0x3d, 0x20, 0x5f, //        _2849 = _
	0x32, 0x30, 0x37, 0x35, 0x3b, 0x0a, 0x20, 0x20, 0x20, 0x20, 0x7d, 0x0a, 0x20, 0x20, 0x20, 0x20, // 2075;.    }.    
	0x76, 0x65, 0x63, 0x32, 0x20, 0x5f, 0x32, 0x30, 0x38, 0x38, 0x20, 0x3d, 0x20, 0x28, 0x5f, 0x32, // vec2 _2088 = (_2
	0x38, 0x34, 0x39, 0x2e, 0x78, 0x79, 0x20, 0x2a, 0x20, 0x32, 0x2e, 0x30, 0x29, 0x20, 0x2d, 0x20, // 849.xy * 2.0) - 
	0x76, 0x65, 0x63, 0x32, 0x28, 0x31, 0x2e, 0x30, 0x29, 0x3b, 0x0a, 0x20, 0x20, 0x20, 0x20, 0x5f, // vec2(1.0);.    _
	0x32, 0x30, 0x38, 0x38, 0x2e, 0x79, 0x20, 0x3d, 0x20, 0x75, 0x5f, 0x66, 0x73, 0x66, 0x55, 0x56, // 2088.y = u_fsfUV
	0x44, 0x69, 0x73, 0x74, 0x6f, 0x72, 0x74, 0x69, 0x6f, 0x6e, 0x50, 0x61, 0x72, 0x61, 0x6d, 0x65, // DistortionParame
	0x74, 0x65, 0x72, 0x2e, 0x7a, 0x20, 0x2b, 0x20, 0x28, 0x75, 0x5f, 0x66, 0x73, 0x66, 0x55, 0x56, // ter.z + (u_fsfUV
	0x44, 0x69, 0x73, 0x74, 0x6f, 0x72, 0x74, 0x69, 0x6f, 0x6e, 0x50, 0x61, 0x72, 0x61, 0x6d, 0x65, // DistortionParame
	0x74, 0x65, 0x72, 0x2e, 0x77, 0x20, 0x2a, 0x20, 0x28, 0x5f, 0x32, 0x30, 0x38, 0x38, 0x2e, 0x79, // ter.w * (_2088.y
	0x20, 0x2a, 0x20, 0x28, 0x2d, 0x31, 0x2e, 0x30, 0x29, 0x29, 0x29, 0x3b, 0x0a, 0x20, 0x20, 0x20, //  * (-1.0)));.   
	0x20, 0x76, 0x65, 0x63, 0x32, 0x20, 0x5f, 0x31, 0x33, 0x35, 0x37, 0x20, 0x3d, 0x20, 0x5f, 0x32, //  vec2 _1357 = _2
	0x30, 0x38, 0x38, 0x20, 0x2a, 0x20, 0x75, 0x5f, 0x66, 0x73, 0x66, 0x55, 0x56, 0x44, 0x69, 0x73, // 088 * u_fsfUVDis
	0x74, 0x6f, 0x72, 0x74, 0x69, 0x6f, 0x6e, 0x50, 0x61, 0x72, 0x61, 0x6d, 0x65, 0x74, 0x65, 0x72, // tortionParameter
	0x2e, 0x79, 0x3b, 0x0a, 0x20, 0x20, 0x20, 0x20, 0x76, 0x65, 0x63, 0x34, 0x20, 0x5f, 0x31, 0x33, // .y;.    vec4 _13
	0x36, 0x33, 0x20, 0x3d, 0x20, 0x74, 0x65, 0x78, 0x74, 0x75, 0x72, 0x65, 0x28, 0x73, 0x5f, 0x62, // 63 = texture(s_b
	0x6c, 0x65, 0x6e, 0x64, 0x54, 0x65, 0x78, 0x2c, 0x20, 0x76, 0x5f, 0x42, 0x6c, 0x65, 0x6e, 0x64, // lendTex, v_Blend
	0x5f, 0x46, 0x42, 0x4e, 0x65, 0x78, 0x74, 0x49, 0x6e, 0x64, 0x65, 0x78, 0x5f, 0x55, 0x56, 0x2e, // _FBNextIndex_UV.
	0x78, 0x79, 0x20, 0x2b, 0x20, 0x5f, 0x31, 0x33, 0x35, 0x37, 0x29, 0x3b, 0x0a, 0x20, 0x20, 0x20, // xy + _1357);.   
	0x20, 0x76, 0x65, 0x63, 0x34, 0x20, 0x5f, 0x32, 0x38, 0x35, 0x30, 0x3b, 0x0a, 0x20, 0x20, 0x20, //  vec4 _2850;.   
	0x20, 0x64, 0x6f, 0x0a, 0x20, 0x20, 0x20, 0x20, 0x7b, 0x0a, 0x20, 0x20, 0x20, 0x20, 0x20, 0x20, //  do.    {.      
	0x20, 0x20, 0x69, 0x66, 0x20, 0x28, 0x5f, 0x31, 0x37, 0x38, 0x33, 0x29, 0x0a, 0x20, 0x20, 0x20, //   if (_1783).   
	0x20, 0x20, 0x20, 0x20, 0x20, 0x7b, 0x0a, 0x20, 0x20, 0x20, 0x20, 0x20, 0x20, 0x20, 0x20, 0x20, //      {.         
	0x20, 0x20, 0x20, 0x5f, 0x32, 0x38, 0x35, 0x30, 0x20, 0x3d, 0x20, 0x5f, 0x31, 0x33, 0x36, 0x33, //    _2850 = _1363
	0x3b, 0x0a, 0x20, 0x20, 0x20, 0x20, 0x20, 0x20, 0x20, 0x20, 0x20, 0x20, 0x20, 0x20, 0x62, 0x72, // ;.            br
	0x65, 0x61, 0x6b, 0x3b, 0x0a, 0x20, 0x20, 0x20, 0x20, 0x20, 0x20, 0x20, 0x20, 0x7d, 0x0a, 0x20, // eak;.        }. 
	0x20, 0x20, 0x20, 0x20, 0x20, 0x20, 0x20, 0x5f, 0x32, 0x38, 0x35, 0x30, 0x20, 0x3d, 0x20, 0x76, //        _2850 = v
	0x65, 0x63, 0x34, 0x28, 0x6d, 0x61, 0x78, 0x28, 0x28, 0x70, 0x6f, 0x77, 0x28, 0x6d, 0x61, 0x78, // ec4(max((pow(max
	0x28, 0x61, 0x62, 0x73, 0x28, 0x5f, 0x31, 0x33, 0x36, 0x33, 0x2e, 0x78, 0x79, 0x7a, 0x29, 0x2c, // (abs(_1363.xyz),
	0x20, 0x76, 0x65, 0x63, 0x33, 0x28, 0x31, 0x2e, 0x31, 0x39, 0x32, 0x30, 0x39, 0x32, 0x38, 0x39, //  vec3(1.19209289
	0x35, 0x35, 0x30, 0x37, 0x38, 0x31, 0x32, 0x35, 0x65, 0x2d, 0x30, 0x37, 0x29, 0x29, 0x2c, 0x20, // 55078125e-07)), 
	0x76, 0x65, 0x63, 0x33, 0x28, 0x30, 0x2e, 0x34, 0x31, 0x36, 0x36, 0x36, 0x36, 0x36, 0x35, 0x36, // vec3(0.416666656
	0x37, 0x33, 0x32, 0x35, 0x35, 0x39, 0x32, 0x30, 0x34, 0x31, 0x30, 0x31, 0x35, 0x36, 0x32, 0x35, // 7325592041015625
	0x29, 0x29, 0x20, 0x2a, 0x20, 0x31, 0x2e, 0x30, 0x35, 0x34, 0x39, 0x39, 0x39, 0x39, 0x34, 0x37, // )) * 1.054999947
	0x35, 0x34, 0x37, 0x39, 0x31, 0x32, 0x35, 0x39, 0x37, 0x36, 0x35, 0x36, 0x32, 0x35, 0x29, 0x20, // 54791259765625) 
	0x2d, 0x20, 0x76, 0x65, 0x63, 0x33, 0x28, 0x30, 0x2e, 0x30, 0x35, 0x34, 0x39, 0x39, 0x39, 0x39, // - vec3(0.0549999
	0x39, 0x39, 0x37, 0x30, 0x31, 0x39, 0x37, 0x36, 0x37, 0x37, 0x36, 0x31, 0x32, 0x33, 0x30, 0x34, // 9970197677612304
	0x36, 0x38, 0x37, 0x35, 0x29, 0x2c, 0x20, 0x76, 0x65, 0x63, 0x33, 0x28, 0x30, 0x2e, 0x30, 0x29, // 6875), vec3(0.0)
	0x29, 0x2c, 0x20, 0x5f, 0x31, 0x33, 0x36, 0x33, 0x2e, 0x77, 0x29, 0x3b, 0x0a, 0x20, 0x20, 0x20, // ), _1363.w);.   
	0x20, 0x20, 0x20, 0x20, 0x20, 0x62, 0x72, 0x65, 0x61, 0x6b, 0x3b, 0x0a, 0x20, 0x20, 0x20, 0x20, //      break;.    
	0x7d, 0x20, 0x77, 0x68, 0x69, 0x6c, 0x65, 0x28, 0x66, 0x61, 0x6c, 0x73, 0x65, 0x29, 0x3b, 0x0a, // } while(false);.
	0x20, 0x20, 0x20, 0x20, 0x76, 0x65, 0x63, 0x34, 0x20, 0x5f, 0x31, 0x33, 0x37, 0x33, 0x20, 0x3d, //     vec4 _1373 =
	0x20, 0x74, 0x65, 0x78, 0x74, 0x75, 0x72, 0x65, 0x28, 0x73, 0x5f, 0x62, 0x6c, 0x65, 0x6e, 0x64, //  texture(s_blend
	0x41, 0x6c, 0x70, 0x68, 0x61, 0x54, 0x65, 0x78, 0x2c, 0x20, 0x76, 0x5f, 0x42, 0x6c, 0x65, 0x6e, // AlphaTex, v_Blen
	0x64, 0x5f, 0x41, 0x6c, 0x70, 0x68, 0x61, 0x5f, 0x44, 0x69, 0x73, 0x74, 0x5f, 0x55, 0x56, 0x2e, // d_Alpha_Dist_UV.
	0x78, 0x79, 0x20, 0x2b, 0x20, 0x5f, 0x31, 0x33, 0x35, 0x37, 0x29, 0x3b, 0x0a, 0x20, 0x20, 0x20, // xy + _1357);.   
	0x20, 0x76, 0x65, 0x63, 0x34, 0x20, 0x5f, 0x32, 0x38, 0x35, 0x31, 0x3b, 0x0a, 0x20, 0x20, 0x20, //  vec4 _2851;.   
	0x20, 0x64, 0x6f, 0x0a, 0x20, 0x20, 0x20, 0x20, 0x7b, 0x0a, 0x20, 0x20, 0x20, 0x20, 0x20, 0x20, //  do.    {.      
	0x20, 0x20, 0x69, 0x66, 0x20, 0x28, 0x5f, 0x31, 0x37, 0x38, 0x33, 0x29, 0x0a, 0x20, 0x20, 0x20, //   if (_1783).   
	0x20, 0x20, 0x20, 0x20, 0x20, 0x7b, 0x0a, 0x20, 0x20, 0x20, 0x20, 0x20, 0x20, 0x20, 0x20, 0x20, //      {.         
	0x20, 0x20, 0x20, 0x5f, 0x32, 0x38, 0x35, 0x31, 0x20, 0x3d, 0x20, 0x5f, 0x31, 0x33, 0x37, 0x33, //    _2851 = _1373
	0x3b, 0x0a, 0x20, 0x20, 0x20, 0x20, 0x20, 0x20, 0x20, 0x20, 0x20, 0x20, 0x20, 0x20, 0x62, 0x72, // ;.            br
	0x65, 0x61, 0x6b, 0x3b, 0x0a, 0x20, 0x20, 0x20, 0x20, 0x20, 0x20, 0x20, 0x20, 0x7d, 0x0a, 0x20, // eak;.        }. 
	0x20, 0x20, 0x20, 0x20, 0x20, 0x20, 0x20, 0x5f, 0x32, 0x38, 0x35, 0x31, 0x20, 0x3d, 0x20, 0x76, //        _2851 = v
	0x65, 0x63, 0x34, 0x28, 0x6d, 0x61, 0x78, 0x28, 0x28, 0x70, 0x6f, 0x77, 0x28, 0x6d, 0x61, 0x78, // ec4(max((pow(max
	0x28, 0x61, 0x62, 0x73, 0x28, 0x5f, 0x31, 0x33, 0x37, 0x33, 0x2e, 0x78, 0x79, 0x7a, 0x29, 0x2c, // (abs(_1373.xyz),
	0x20, 0x76, 0x65, 0x63, 0x33, 0x28, 0x31, 0x2e, 0x31, 0x39, 0x32, 0x30, 0x39, 0x32, 0x38, 0x39, //  vec3(1.19209289
	0x35, 0x35, 0x30, 0x37, 0x38, 0x31, 0x32, 0x35, 0x65, 0x2d, 0x30, 0x37, 0x29, 0x29, 0x2c, 0x20, // 55078125e-07)), 
	0x76, 0x65, 0x63, 0x33, 0x28, 0x30, 0x2e, 0x34, 0x31, 0x36, 0x36, 0x36, 0x36, 0x36, 0x35, 0x36, // vec3(0.416666656
	0x37, 0x33, 0x32, 0x35, 0x35, 0x39, 0x32, 0x30, 0x34, 0x31, 0x30, 0x31, 0x35, 0x36, 0x32, 0x35, // 7325592041015625
	0x29, 0x29, 0x20, 0x2a, 0x20, 0x31, 0x2e, 0x30, 0x35, 0x34, 0x39, 0x39, 0x39, 0x39, 0x34, 0x37, // )) * 1.054999947
	0x35, 0x34, 0x37, 0x39, 0x31, 0x32, 0x35, 0x39, 0x37, 0x36, 0x35, 0x36, 0x32, 0x35, 0x29, 0x20, // 54791259765625) 
	0x2d, 0x20, 0x76, 0x65, 0x63, 0x33, 0x28, 0x30, 0x2e, 0x30, 0x35, 0x34, 0x39, 0x39, 0x39, 0x39, // - vec3(0.0549999
	0x39, 0x39, 0x37, 0x30, 0x31, 0x39, 0x37, 0x36, 0x37, 0x37, 0x36, 0x31, 0x32, 0x33, 0x30, 0x34, // 9970197677612304
	0x36, 0x38, 0x37, 0x35, 0x29, 0x2c, 0x20, 0x76, 0x65, 0x63, 0x33, 0x28, 0x30, 0x2e, 0x30, 0x29, // 6875), vec3(0.0)
	0x29, 0x2e, 0x78, 0x2c, 0x20, 0x5f, 0x32, 0x38, 0x38, 0x32, 0x2c, 0x20, 0x5f, 0x32, 0x38, 0x38, // ).x, _2882, _288
	0x32, 0x2c, 0x20, 0x5f, 0x31, 0x33, 0x37, 0x33, 0x2e, 0x77, 0x29, 0x3b, 0x0a, 0x20, 0x20, 0x20, // 2, _1373.w);.   
	0x20, 0x20, 0x20, 0x20, 0x20, 0x62, 0x72, 0x65, 0x61, 0x6b, 0x3b, 0x0a, 0x20, 0x20, 0x20, 0x20, //      break;.    
	0x7d, 0x20, 0x77, 0x68, 0x69, 0x6c, 0x65, 0x28, 0x66, 0x61, 0x6c, 0x73, 0x65, 0x29, 0x3b, 0x0a, // } while(false);.
	0x20, 0x20, 0x20, 0x20, 0x66, 0x6c, 0x6f, 0x61, 0x74, 0x20, 0x5f, 0x31, 0x33, 0x38, 0x35, 0x20, //     float _1385 
	0x3d, 0x20, 0x5f, 0x32, 0x38, 0x35, 0x30, 0x2e, 0x77, 0x20, 0x2a, 0x20, 0x28, 0x5f, 0x32, 0x38, // = _2850.w * (_28
	0x35, 0x31, 0x2e, 0x78, 0x20, 0x2a, 0x20, 0x5f, 0x32, 0x38, 0x35, 0x31, 0x2e, 0x77, 0x29, 0x3b, // 51.x * _2851.w);
	0x0a, 0x20, 0x20, 0x20, 0x20, 0x76, 0x65, 0x63, 0x34, 0x20, 0x5f, 0x32, 0x38, 0x35, 0x37, 0x3b, // .    vec4 _2857;
	0x0a, 0x20, 0x20, 0x20, 0x20, 0x69, 0x66, 0x20, 0x28, 0x75, 0x5f, 0x66, 0x73, 0x66, 0x42, 0x6c, // .    if (u_fsfBl
	0x65, 0x6e, 0x64, 0x54, 0x65, 0x78, 0x74, 0x75, 0x72, 0x65, 0x50, 0x61, 0x72, 0x61, 0x6d, 0x65, // endTextureParame
	0x74, 0x65, 0x72, 0x2e, 0x78, 0x20, 0x3d, 0x3d, 0x20, 0x30, 0x2e, 0x30, 0x29, 0x0a, 0x20, 0x20, // ter.x == 0.0).  
	0x20, 0x20, 0x7b, 0x0a, 0x20, 0x20, 0x20, 0x20, 0x20, 0x20, 0x20, 0x20, 0x5f, 0x32, 0x38, 0x35, //   {.        _285
	0x37, 0x20, 0x3d, 0x20, 0x76, 0x65, 0x63, 0x34, 0x28, 0x28, 0x5f, 0x32, 0x38, 0x35, 0x30, 0x2e, // 7 = vec4((_2850.
	0x78, 0x79, 0x7a, 0x20, 0x2a, 0x20, 0x5f, 0x31, 0x33, 0x38, 0x35, 0x29, 0x20, 0x2b, 0x20, 0x28, // xyz * _1385) + (
	0x5f, 0x32, 0x36, 0x39, 0x31, 0x2e, 0x78, 0x79, 0x7a, 0x20, 0x2a, 0x20, 0x28, 0x31, 0x2e, 0x30, // _2691.xyz * (1.0
	0x20, 0x2d, 0x20, 0x5f, 0x31, 0x33, 0x38, 0x35, 0x29, 0x29, 0x2c, 0x20, 0x5f, 0x31, 0x33, 0x34, //  - _1385)), _134
	0x33, 0x29, 0x3b, 0x0a, 0x20, 0x20, 0x20, 0x20, 0x7d, 0x0a, 0x20, 0x20, 0x20, 0x20, 0x65, 0x6c, // 3);.    }.    el
	0x73, 0x65, 0x0a, 0x20, 0x20, 0x20, 0x20, 0x7b, 0x0a, 0x20, 0x20, 0x20, 0x20, 0x20, 0x20, 0x20, // se.    {.       
	0x20, 0x76, 0x65, 0x63, 0x34, 0x20, 0x5f, 0x32, 0x38, 0x35, 0x38, 0x3b, 0x0a, 0x20, 0x20, 0x20, //  vec4 _2858;.   
	0x20, 0x20, 0x20, 0x20, 0x20, 0x69, 0x66, 0x20, 0x28, 0x75, 0x5f, 0x66, 0x73, 0x66, 0x42, 0x6c, //      if (u_fsfBl
	0x65, 0x6e, 0x64, 0x54, 0x65, 0x78, 0x74, 0x75, 0x72, 0x65, 0x50, 0x61, 0x72, 0x61, 0x6d, 0x65, // endTextureParame
	0x74, 0x65, 0x72, 0x2e, 0x78, 0x20, 0x3d, 0x3d, 0x20, 0x31, 0x2e, 0x30, 0x29, 0x0a, 0x20, 0x20, // ter.x == 1.0).  
	0x20, 0x20, 0x20, 0x20, 0x20, 0x20, 0x7b, 0x0a, 0x20, 0x20, 0x20, 0x20, 0x20, 0x20, 0x20, 0x20, //       {.        
	0x20, 0x20, 0x20, 0x20, 0x5f, 0x32, 0x38, 0x35, 0x38, 0x20, 0x3d, 0x20, 0x76, 0x65, 0x63, 0x34, //     _2858 = vec4
	0x28, 0x5f, 0x32, 0x36, 0x39, 0x31, 0x2e, 0x78, 0x79, 0x7a, 0x20, 0x2b, 0x20, 0x28, 0x5f, 0x32, // (_2691.xyz + (_2
	0x38, 0x35, 0x30, 0x2e, 0x78, 0x79, 0x7a, 0x20, 0x2a, 0x20, 0x5f, 0x31, 0x33, 0x38, 0x35, 0x29, // 850.xyz * _1385)
	0x2c, 0x20, 0x5f, 0x31, 0x33, 0x34, 0x33, 0x29, 0x3b, 0x0a, 0x20, 0x20, 0x20, 0x20, 0x20, 0x20, // , _1343);.      
	0x20, 0x20, 0x7d, 0x0a, 0x20, 0x20, 0x20, 0x20, 0x20, 0x20, 0x20, 0x20, 0x65, 0x6c, 0x73, 0x65, //   }.        else
	0x0a, 0x20, 0x20, 0x20, 0x20, 0x20, 0x20, 0x20, 0x20, 0x7b, 0x0a, 0x20, 0x20, 0x20, 0x20, 0x20, // .        {.     
	0x20, 0x20, 0x20, 0x20, 0x20, 0x20, 0x20, 0x76, 0x65, 0x63, 0x34, 0x20, 0x5f, 0x32, 0x38, 0x35, //        vec4 _285
	0x39, 0x3b, 0x0a, 0x20, 0x20, 0x20, 0x20, 0x20, 0x20, 0x20, 0x20, 0x20, 0x20, 0x20, 0x20, 0x69, // 9;.            i
	0x66, 0x20, 0x28, 0x75, 0x5f, 0x66, 0x73, 0x66, 0x42, 0x6c, 0x65, 0x6e, 0x64, 0x54, 0x65, 0x78, // f (u_fsfBlendTex
	0x74, 0x75, 0x72, 0x65, 0x50, 0x61, 0x72, 0x61, 0x6d, 0x65, 0x74, 0x65, 0x72, 0x2e, 0x78, 0x20, // tureParameter.x 
	0x3d, 0x3d, 0x20, 0x32, 0x2e, 0x30, 0x29, 0x0a, 0x20, 0x20, 0x20, 0x20, 0x20, 0x20, 0x20, 0x20, // == 2.0).        
	0x20, 0x20, 0x20, 0x20, 0x7b, 0x0a, 0x20, 0x20, 0x20, 0x20, 0x20, 0x20, 0x20, 0x20, 0x20, 0x20, //     {.          
	0x20, 0x20, 0x20, 0x20, 0x20, 0x20, 0x5f, 0x32, 0x38, 0x35, 0x39, 0x20, 0x3d, 0x20, 0x76, 0x65, //       _2859 = ve
	0x63, 0x34, 0x28, 0x5f, 0x32, 0x36, 0x39, 0x31, 0x2e, 0x78, 0x79, 0x7a, 0x20, 0x2d, 0x20, 0x28, // c4(_2691.xyz - (
	0x5f, 0x32, 0x38, 0x35, 0x30, 0x2e, 0x78, 0x79, 0x7a, 0x20, 0x2a, 0x20, 0x5f, 0x31, 0x33, 0x38, // _2850.xyz * _138
	0x35, 0x29, 0x2c, 0x20, 0x5f, 0x31, 0x33, 0x34, 0x33, 0x29, 0x3b, 0x0a, 0x20, 0x20, 0x20, 0x20, // 5), _1343);.    
	0x20, 0x20, 0x20, 0x20, 0x20, 0x20, 0x20, 0x20, 0x7d, 0x0a, 0x20, 0x20, 0x20, 0x20, 0x20, 0x20, //         }.      
	0x20, 0x20, 0x20, 0x20, 0x20, 0x20, 0x65, 0x6c, 0x73, 0x65, 0x0a, 0x20, 0x20, 0x20, 0x20, 0x20, //       else.     
	0x20, 0x20, 0x20, 0x20, 0x20, 0x20, 0x20, 0x7b, 0x0a, 0x20, 0x20, 0x20, 0x20, 0x20, 0x20, 0x20, //        {.       
	0x20, 0x20, 0x20, 0x20, 0x20, 0x20, 0x20, 0x20, 0x20, 0x76, 0x65, 0x63, 0x34, 0x20, 0x5f, 0x32, //          vec4 _2
	0x38, 0x36, 0x30, 0x3b, 0x0a, 0x20, 0x20, 0x20, 0x20, 0x20, 0x20, 0x20, 0x20, 0x20, 0x20, 0x20, // 860;.           
	0x20, 0x20, 0x20, 0x20, 0x20, 0x69, 0x66, 0x20, 0x28, 0x75, 0x5f, 0x66, 0x73, 0x66, 0x42, 0x6c, //      if (u_fsfBl
	0x65, 0x6e, 0x64, 0x54, 0x65, 0x78, 0x74, 0x75, 0x72, 0x65, 0x50, 0x61, 0x72, 0x61, 0x6d, 0x65, // endTextureParame
	0x74, 0x65, 0x72, 0x2e, 0x78, 0x20, 0x3d, 0x3d, 0x20, 0x33, 0x2e, 0x30, 0x29, 0x0a, 0x20, 0x20, // ter.x == 3.0).  
	0x20, 0x20, 0x20, 0x20, 0x20, 0x20, 0x20, 0x20, 0x20, 0x20, 0x20, 0x20, 0x20, 0x20, 0x7b, 0x0a, //               {.
	0x20, 0x20, 0x20, 0x20, 0x20, 0x20, 0x20, 0x20, 0x20, 0x20, 0x20, 0x20, 0x20, 0x20, 0x20, 0x20, //                 
	0x20, 0x20, 0x20, 0x20, 0x5f, 0x32, 0x38, 0x36, 0x30, 0x20, 0x3d, 0x20, 0x76, 0x65, 0x63, 0x34, //     _2860 = vec4
	0x28, 0x5f, 0x32, 0x36, 0x39, 0x31, 0x2e, 0x78, 0x79, 0x7a, 0x20, 0x2a, 0x20, 0x28, 0x5f, 0x32, // (_2691.xyz * (_2
	0x38, 0x35, 0x30, 0x2e, 0x78, 0x79, 0x7a, 0x20, 0x2a, 0x20, 0x5f, 0x31, 0x33, 0x38, 0x35, 0x29, // 850.xyz * _1385)
	0x2c, 0x20, 0x5f, 0x31, 0x33, 0x34, 0x33, 0x29, 0x3b, 0x0a, 0x20, 0x20, 0x20, 0x20, 0x20, 0x20, // , _1343);.      
	0x20, 0x20, 0x20, 0x20, 0x20, 0x20, 0x20, 0x20, 0x20, 0x20, 0x7d, 0x0a, 0x20, 0x20, 0x20, 0x20, //           }.    
	0x20, 0x20, 0x20, 0x20, 0x20, 0x20, 0x20, 0x20, 0x20, 0x20, 0x20, 0x20, 0x65, 0x6c, 0x73, 0x65, //             else
	0x0a, 0x20, 0x20, 0x20, 0x20, 0x20, 0x20, 0x20, 0x20, 0x20, 0x20, 0x20, 0x20, 0x20, 0x20, 0x20, // .               
	0x20, 0x7b, 0x0a, 0x20, 0x20, 0x20, 0x20, 0x20, 0x20, 0x20, 0x20, 0x20, 0x20, 0x20, 0x20, 0x20, //  {.             
	0x20, 0x20, 0x20, 0x20, 0x20, 0x20, 0x20, 0x5f, 0x32, 0x38, 0x36, 0x30, 0x20, 0x3d, 0x20, 0x5f, //        _2860 = _
	0x32, 0x36, 0x39, 0x31, 0x3b, 0x0a, 0x20, 0x20, 0x20, 0x20, 0x20, 0x20, 0x20, 0x20, 0x20, 0x20, // 2691;.          
	0x20, 0x20, 0x20, 0x20, 0x20, 0x20, 0x7d, 0x0a, 0x20, 0x20, 0x20, 0x20, 0x20, 0x20, 0x20, 0x20, //       }.        
	0x20, 0x20, 0x20, 0x20, 0x20, 0x20, 0x20, 0x20, 0x5f, 0x32, 0x38, 0x35, 0x39, 0x20, 0x3d, 0x20, //         _2859 = 
	0x5f, 0x32, 0x38, 0x36, 0x30, 0x3b, 0x0a, 0x20, 0x20, 0x20, 0x20, 0x20, 0x20, 0x20, 0x20, 0x20, // _2860;.         
	0x20, 0x20, 0x20, 0x7d, 0x0a, 0x20, 0x20, 0x20, 0x20, 0x20, 0x20, 0x20, 0x20, 0x20, 0x20, 0x20, //    }.           
	0x20, 0x5f, 0x32, 0x38, 0x35, 0x38, 0x20, 0x3d, 0x20, 0x5f, 0x32, 0x38, 0x35, 0x39, 0x3b, 0x0a, //  _2858 = _2859;.
	0x20, 0x20, 0x20, 0x20, 0x20, 0x20, 0x20, 0x20, 0x7d, 0x0a, 0x20, 0x20, 0x20, 0x20, 0x20, 0x20, //         }.      
	0x20, 0x20, 0x5f, 0x32, 0x38, 0x35, 0x37, 0x20, 0x3d, 0x20, 0x5f, 0x32, 0x38, 0x35, 0x38, 0x3b, //   _2857 = _2858;
	0x0a, 0x20, 0x20, 0x20, 0x20, 0x7d, 0x0a, 0x20, 0x20, 0x20, 0x20, 0x76, 0x65, 0x63, 0x33, 0x20, // .    }.    vec3 
	0x5f, 0x31, 0x34, 0x31, 0x30, 0x20, 0x3d, 0x20, 0x5f, 0x32, 0x38, 0x35, 0x37, 0x2e, 0x78, 0x79, // _1410 = _2857.xy
	0x7a, 0x20, 0x2a, 0x20, 0x28, 0x28, 0x75, 0x5f, 0x66, 0x73, 0x66, 0x4c, 0x69, 0x67, 0x68, 0x74, // z * ((u_fsfLight
	0x43, 0x6f, 0x6c, 0x6f, 0x72, 0x2e, 0x78, 0x79, 0x7a, 0x20, 0x2a, 0x20, 0x6d, 0x61, 0x78, 0x28, // Color.xyz * max(
	0x64, 0x6f, 0x74, 0x28, 0x75, 0x5f, 0x66, 0x73, 0x66, 0x4c, 0x69, 0x67, 0x68, 0x74, 0x44, 0x69, // dot(u_fsfLightDi
	0x72, 0x65, 0x63, 0x74, 0x69, 0x6f, 0x6e, 0x2e, 0x78, 0x79, 0x7a, 0x2c, 0x20, 0x5f, 0x31, 0x33, // rection.xyz, _13
	0x30, 0x38, 0x29, 0x2c, 0x20, 0x30, 0x2e, 0x30, 0x29, 0x29, 0x20, 0x2b, 0x20, 0x75, 0x5f, 0x66, // 08), 0.0)) + u_f
	0x73, 0x66, 0x4c, 0x69, 0x67, 0x68, 0x74, 0x41, 0x6d, 0x62, 0x69, 0x65, 0x6e, 0x74, 0x2e, 0x78, // sfLightAmbient.x
	0x79, 0x7a, 0x29, 0x3b, 0x0a, 0x20, 0x20, 0x20, 0x20, 0x76, 0x65, 0x63, 0x34, 0x20, 0x5f, 0x32, // yz);.    vec4 _2
	0x37, 0x35, 0x31, 0x20, 0x3d, 0x20, 0x5f, 0x32, 0x38, 0x35, 0x37, 0x3b, 0x0a, 0x20, 0x20, 0x20, // 751 = _2857;.   
	0x20, 0x5f, 0x32, 0x37, 0x35, 0x31, 0x2e, 0x78, 0x20, 0x3d, 0x20, 0x5f, 0x31, 0x34, 0x31, 0x30, //  _2751.x = _1410
	0x2e, 0x78, 0x3b, 0x0a, 0x20, 0x20, 0x20, 0x20, 0x5f, 0x32, 0x37, 0x35, 0x31, 0x2e, 0x79, 0x20, // .x;.    _2751.y 
	0x3d, 0x20, 0x5f, 0x31, 0x34, 0x31, 0x30, 0x2e, 0x79, 0x3b, 0x0a, 0x20, 0x20, 0x20, 0x20, 0x5f, // = _1410.y;.    _
	0x32, 0x37, 0x35, 0x31, 0x2e, 0x7a, 0x20, 0x3d, 0x20, 0x5f, 0x31, 0x34, 0x31, 0x30, 0x2e, 0x7a, // 2751.z = _1410.z
	0x3b, 0x0a, 0x20, 0x20, 0x20, 0x20, 0x76, 0x65, 0x63, 0x34, 0x20, 0x5f, 0x32, 0x38, 0x36, 0x34, // ;.    vec4 _2864
	0x3b, 0x0a, 0x20, 0x20, 0x20, 0x20, 0x69, 0x66, 0x20, 0x28, 0x75, 0x5f, 0x66, 0x73, 0x66, 0x46, // ;.    if (u_fsfF
	0x61, 0x6c, 0x6c, 0x6f, 0x66, 0x66, 0x50, 0x61, 0x72, 0x61, 0x6d, 0x65, 0x74, 0x65, 0x72, 0x2e, // alloffParameter.
	0x78, 0x20, 0x3d, 0x3d, 0x20, 0x31, 0x2e, 0x30, 0x29, 0x0a, 0x20, 0x20, 0x20, 0x20, 0x7b, 0x0a, // x == 1.0).    {.
	0x20, 0x20, 0x20, 0x20, 0x20, 0x20, 0x20, 0x20, 0x76, 0x65, 0x63, 0x34, 0x20, 0x5f, 0x31, 0x34, //         vec4 _14
	0x34, 0x35, 0x20, 0x3d, 0x20, 0x6d, 0x69, 0x78, 0x28, 0x75, 0x5f, 0x66, 0x73, 0x66, 0x46, 0x61, // 45 = mix(u_fsfFa
	0x6c, 0x6c, 0x6f, 0x66, 0x66, 0x45, 0x6e, 0x64, 0x43, 0x6f, 0x6c, 0x6f, 0x72, 0x2c, 0x20, 0x75, // lloffEndColor, u
	0x5f, 0x66, 0x73, 0x66, 0x46, 0x61, 0x6c, 0x6c, 0x6f, 0x66, 0x66, 0x42, 0x65, 0x67, 0x69, 0x6e, // _fsfFalloffBegin
	0x43, 0x6f, 0x6c, 0x6f, 0x72, 0x2c, 0x20, 0x76, 0x65, 0x63, 0x34, 0x28, 0x70, 0x6f, 0x77, 0x28, // Color, vec4(pow(
	0x63, 0x6c, 0x61, 0x6d, 0x70, 0x28, 0x64, 0x6f, 0x74, 0x28, 0x6e, 0x6f, 0x72, 0x6d, 0x61, 0x6c, // clamp(dot(normal
	0x69, 0x7a, 0x65, 0x28, 0x2d, 0x75, 0x5f, 0x66, 0x73, 0x66, 0x43, 0x61, 0x6d, 0x65, 0x72, 0x61, // ize(-u_fsfCamera
	0x46, 0x72, 0x6f, 0x6e, 0x74, 0x44, 0x69, 0x72, 0x65, 0x63, 0x74, 0x69, 0x6f, 0x6e, 0x2e, 0x78, // FrontDirection.x
	0x79, 0x7a, 0x29, 0x2c, 0x20, 0x5f, 0x31, 0x33, 0x30, 0x38, 0x29, 0x2c, 0x20, 0x30, 0x2e, 0x30, // yz), _1308), 0.0
	0x2c, 0x20, 0x31, 0x2e, 0x30, 0x29, 0x2c, 0x20, 0x75, 0x5f, 0x66, 0x73, 0x66, 0x46, 0x61, 0x6c, // , 1.0), u_fsfFal
	0x6c, 0x6f, 0x66, 0x66, 0x50, 0x61, 0x72, 0x61, 0x6d, 0x65, 0x74, 0x65, 0x72, 0x2e, 0x7a, 0x29, // loffParameter.z)
	0x29, 0x29, 0x3b, 0x0a, 0x20, 0x20, 0x20, 0x20, 0x20, 0x20, 0x20, 0x20, 0x76, 0x65, 0x63, 0x34, // ));.        vec4
	0x20, 0x5f, 0x32, 0x38, 0x36, 0x31, 0x3b, 0x0a, 0x20, 0x20, 0x20, 0x20, 0x20, 0x20, 0x20, 0x20, //  _2861;.        
	0x69, 0x66, 0x20, 0x28, 0x75, 0x5f, 0x66, 0x73, 0x66, 0x46, 0x61, 0x6c, 0x6c, 0x6f, 0x66, 0x66, // if (u_fsfFalloff
	0x50, 0x61, 0x72, 0x61, 0x6d, 0x65, 0x74, 0x65, 0x72, 0x2e, 0x79, 0x20, 0x3d, 0x3d, 0x20, 0x30, // Parameter.y == 0
	0x2e, 0x30, 0x29, 0x0a, 0x20, 0x20, 0x20, 0x20, 0x20, 0x20, 0x20, 0x20, 0x7b, 0x0a, 0x20, 0x20, // .0).        {.  
	0x20, 0x20, 0x20, 0x20, 0x20, 0x20, 0x20, 0x20, 0x20, 0x20, 0x76, 0x65, 0x63, 0x33, 0x20, 0x5f, //           vec3 _
	0x31, 0x34, 0x35, 0x35, 0x20, 0x3d, 0x20, 0x5f, 0x32, 0x37, 0x35, 0x31, 0x2e, 0x78, 0x79, 0x7a, // 1455 = _2751.xyz
	0x20, 0x2b, 0x20, 0x5f, 0x31, 0x34, 0x34, 0x35, 0x2e, 0x78, 0x79, 0x7a, 0x3b, 0x0a, 0x20, 0x20, //  + _1445.xyz;.  
	0x20, 0x20, 0x20, 0x20, 0x20, 0x20, 0x20, 0x20, 0x20, 0x20, 0x76, 0x65, 0x63, 0x34, 0x20, 0x5f, //           vec4 _
	0x32, 0x37, 0x36, 0x33, 0x20, 0x3d, 0x20, 0x5f, 0x32, 0x37, 0x35, 0x31, 0x3b, 0x0a, 0x20, 0x20, // 2763 = _2751;.  
	0x20, 0x20, 0x20, 0x20, 0x20, 0x20, 0x20, 0x20, 0x20, 0x20, 0x5f, 0x32, 0x37, 0x36, 0x33, 0x2e, //           _2763.
	0x78, 0x20, 0x3d, 0x20, 0x5f, 0x31, 0x34, 0x35, 0x35, 0x2e, 0x78, 0x3b, 0x0a, 0x20, 0x20, 0x20, // x = _1455.x;.   
	0x20, 0x20, 0x20, 0x20, 0x20, 0x20, 0x20, 0x20, 0x20, 0x5f, 0x32, 0x37, 0x36, 0x33, 0x2e, 0x79, //          _2763.y
	0x20, 0x3d, 0x20, 0x5f, 0x31, 0x34, 0x35, 0x35, 0x2e, 0x79, 0x3b, 0x0a, 0x20, 0x20, 0x20, 0x20, //  = _1455.y;.    
	0x20, 0x20, 0x20, 0x20, 0x20, 0x20, 0x20, 0x20, 0x5f, 0x32, 0x37, 0x36, 0x33, 0x2e, 0x7a, 0x20, //         _2763.z 
	0x3d, 0x20, 0x5f, 0x31, 0x34, 0x35, 0x35, 0x2e, 0x7a, 0x3b, 0x0a, 0x20, 0x20, 0x20, 0x20, 0x20, // = _1455.z;.     
	0x20, 0x20, 0x20, 0x20, 0x20, 0x20, 0x20, 0x5f, 0x32, 0x38, 0x36, 0x31, 0x20, 0x3d, 0x20, 0x5f, //        _2861 = _
	0x32, 0x37, 0x36, 0x33, 0x3b, 0x0a, 0x20, 0x20, 0x20, 0x20, 0x20, 0x20, 0x20, 0x20, 0x7d, 0x0a, // 2763;.        }.
	0x20, 0x20, 0x20, 0x20, 0x20, 0x20, 0x20, 0x20, 0x65, 0x6c, 0x73, 0x65, 0x0a, 0x20, 0x20, 0x20, //         else.   
	0x20, 0x20, 0x20, 0x20, 0x20, 0x7b, 0x0a, 0x20, 0x20, 0x20, 0x20, 0x20, 0x20, 0x20, 0x20, 0x20, //      {.         
	0x20, 0x20, 0x20, 0x76, 0x65, 0x63, 0x34, 0x20, 0x5f, 0x32, 0x38, 0x36, 0x32, 0x3b, 0x0a, 0x20, //    vec4 _2862;. 
	0x20, 0x20, 0x20, 0x20, 0x20, 0x20, 0x20, 0x20, 0x20, 0x20, 0x20, 0x69, 0x66, 0x20, 0x28, 0x75, //            if (u
	0x5f, 0x66, 0x73, 0x66, 0x46, 0x61, 0x6c, 0x6c, 0x6f, 0x66, 0x66, 0x50, 0x61, 0x72, 0x61, 0x6d, // _fsfFalloffParam
	0x65, 0x74, 0x65, 0x72, 0x2e, 0x79, 0x20, 0x3d, 0x3d, 0x20, 0x31, 0x2e, 0x30, 0x29, 0x0a, 0x20, // eter.y == 1.0). 
	0x20, 0x20, 0x20, 0x20, 0x20, 0x20, 0x20, 0x20, 0x20, 0x20, 0x20, 0x7b, 0x0a, 0x20, 0x20, 0x20, //            {.   
	0x20, 0x20, 0x20, 0x20, 0x20, 0x20, 0x20, 0x20, 0x20, 0x20, 0x20, 0x20, 0x20, 0x76, 0x65, 0x63, //              vec
	0x33, 0x20, 0x5f, 0x31, 0x34, 0x37, 0x35, 0x20, 0x3d, 0x20, 0x5f, 0x32, 0x37, 0x35, 0x31, 0x2e, // 3 _1475 = _2751.
	0x78, 0x79, 0x7a, 0x20, 0x2d, 0x20, 0x5f, 0x31, 0x34, 0x34, 0x35, 0x2e, 0x78, 0x79, 0x7a, 0x3b, // xyz - _1445.xyz;
	0x0a, 0x20, 0x20, 0x20, 0x20, 0x20, 0x20, 0x20, 0x20, 0x20, 0x20, 0x20, 0x20, 0x20, 0x20, 0x20, // .               
	0x20, 0x76, 0x65, 0x63, 0x34, 0x20, 0x5f, 0x32, 0x37, 0x37, 0x32, 0x20, 0x3d, 0x20, 0x5f, 0x32, //  vec4 _2772 = _2
	0x37, 0x35, 0x31, 0x3b, 0x0a, 0x20, 0x20, 0x20, 0x20, 0x20, 0x20, 0x20, 0x20, 0x20, 0x20, 0x20, // 751;.           
	0x20, 0x20, 0x20, 0x20, 0x20, 0x5f, 0x32, 0x37, 0x37, 0x32, 0x2e, 0x78, 0x20, 0x3d, 0x20, 0x5f, //      _2772.x = _
	0x31, 0x34, 0x37, 0x35, 0x2e, 0x78, 0x3b, 0x0a, 0x20, 0x20, 0x20, 0x20, 0x20, 0x20, 0x20, 0x20, // 1475.x;.        
	0x20, 0x20, 0x20, 0x20, 0x20, 0x20, 0x20, 0x20, 0x5f, 0x32, 0x37, 0x37, 0x32, 0x2e, 0x79, 0x20, //         _2772.y 
	0x3d, 0x20, 0x5f, 0x31, 0x34, 0x37, 0x35, 0x2e, 0x79, 0x3b, 0x0a, 0x20, 0x20, 0x20, 0x20, 0x20, // = _1475.y;.     
	0x20, 0x20, 0x20, 0x20, 0x20, 0x20, 0x20, 0x20, 0x20, 0x20, 0x20, 0x5f, 0x32, 0x37, 0x37, 0x32, //            _2772
	0x2e, 0x7a, 0x20, 0x3d, 0x20, 0x5f, 0x31, 0x34, 0x37, 0x35, 0x2e, 0x7a, 0x3b, 0x0a, 0x20, 0x20, // .z = _1475.z;.  
	0x20, 0x20, 0x20, 0x20, 0x20, 0x20, 0x20, 0x20, 0x20, 0x20, 0x20, 0x20, 0x20, 0x20, 0x5f, 0x32, //               _2
	0x38, 0x36, 0x32, 0x20, 0x3d, 0x20, 0x5f, 0x32, 0x37, 0x37, 0x32, 0x3b, 0x0a, 0x20, 0x20, 0x20, // 862 = _2772;.   
	0x20, 0x20, 0x20, 0x20, 0x20, 0x20, 0x20, 0x20, 0x20, 0x7d, 0x0a, 0x20, 0x20, 0x20, 0x20, 0x20, //          }.     
	0x20, 0x20, 0x20, 0x20, 0x20, 0x20, 0x20, 0x65, 0x6c, 0x73, 0x65, 0x0a, 0x20, 0x20, 0x20, 0x20, //        else.    
	0x20, 0x20, 0x20, 0x20, 0x20, 0x20, 0x20, 0x20, 0x7b, 0x0a, 0x20, 0x20, 0x20, 0x20, 0x20, 0x20, //         {.      
	0x20, 0x20, 0x20, 0x20, 0x20, 0x20, 0x20, 0x20, 0x20, 0x20, 0x76, 0x65, 0x63, 0x34, 0x20, 0x5f, //           vec4 _
	0x32, 0x38, 0x36, 0x33, 0x3b, 0x0a, 0x20, 0x20, 0x20, 0x20, 0x20, 0x20, 0x20, 0x20, 0x20, 0x20, // 2863;.          
	0x20, 0x20, 0x20, 0x20, 0x20, 0x20, 0x69, 0x66, 0x20, 0x28, 0x75, 0x5f, 0x66, 0x73, 0x66, 0x46, //       if (u_fsfF
	0x61, 0x6c, 0x6c, 0x6f, 0x66, 0x66, 0x50, 0x61, 0x72, 0x61, 0x6d, 0x65, 0x74, 0x65, 0x72, 0x2e, // alloffParameter.
	0x79, 0x20, 0x3d, 0x3d, 0x20, 0x32, 0x2e, 0x30, 0x29, 0x0a, 0x20, 0x20, 0x20, 0x20, 0x20, 0x20, // y == 2.0).      
	0x20, 0x20, 0x20, 0x20, 0x20, 0x20, 0x20, 0x20, 0x20, 0x20, 0x7b, 0x0a, 0x20, 0x20, 0x20, 0x20, //           {.    
	0x20, 0x20, 0x20, 0x20, 0x20, 0x20, 0x20, 0x20, 0x20, 0x20, 0x20, 0x20, 0x20, 0x20, 0x20, 0x20, //                 
	0x76, 0x65, 0x63, 0x33, 0x20, 0x5f, 0x31, 0x34, 0x39, 0x35, 0x20, 0x3d, 0x20, 0x5f, 0x32, 0x37, // vec3 _1495 = _27
	0x35, 0x31, 0x2e, 0x78, 0x79, 0x7a, 0x20, 0x2a, 0x20, 0x5f, 0x31, 0x34, 0x34, 0x35, 0x2e, 0x78, // 51.xyz * _1445.x
	0x79, 0x7a, 0x3b, 0x0a, 0x20, 0x20, 0x20, 0x20, 0x20, 0x20, 0x20, 0x20, 0x20, 0x20, 0x20, 0x20, // yz;.            
	0x20, 0x20, 0x20, 0x20, 0x20, 0x20, 0x20, 0x20, 0x76, 0x65, 0x63, 0x34, 0x20, 0x5f, 0x32, 0x37, //         vec4 _27
	0x38, 0x31, 0x20, 0x3d, 0x20, 0x5f, 0x32, 0x37, 0x35, 0x31, 0x3b, 0x0a, 0x20, 0x20, 0x20, 0x20, // 81 = _2751;.    
	0x20, 0x20, 0x20, 0x20, 0x20, 0x20, 0x20, 0x20, 0x20, 0x20, 0x20, 0x20, 0x20, 0x20, 0x20, 0x20, //                 
	0x5f, 0x32, 0x37, 0x38, 0x31, 0x2e, 0x78, 0x20, 0x3d, 0x20, 0x5f, 0x31, 0x34, 0x39, 0x35, 0x2e, // _2781.x = _1495.
	0x78, 0x3b, 0x0a, 0x20, 0x20, 0x20, 0x20, 0x20, 0x20, 0x20, 0x20, 0x20, 0x20, 0x20, 0x20, 0x20, // x;.             
	0x20, 0x20, 0x20, 0x20, 0x20, 0x20, 0x20, 0x5f, 0x32, 0x37, 0x38, 0x31, 0x2e, 0x79, 0x20, 0x3d, //        _2781.y =
	0x20, 0x5f, 0x31, 0x34, 0x39, 0x35, 0x2e, 0x79, 0x3b, 0x0a, 0x20, 0x20, 0x20, 0x20, 0x20, 0x20, //  _1495.y;.      
	0x20, 0x20, 0x20, 0x20, 0x20, 0x20, 0x20, 0x20, 0x20, 0x20, 0x20, 0x20, 0x20, 0x20, 0x5f, 0x32, //               _2
	0x37, 0x38, 0x31, 0x2e, 0x7a, 0x20, 0x3d, 0x20, 0x5f, 0x31, 0x34, 0x39, 0x35, 0x2e, 0x7a, 0x3b, // 781.z = _1495.z;
	0x0a, 0x20, 0x20, 0x20, 0x20, 0x20, 0x20, 0x20, 0x20, 0x20, 0x20, 0x20, 0x20, 0x20, 0x20, 0x20, // .               
	0x20, 0x20, 0x20, 0x20, 0x20, 0x5f, 0x32, 0x38, 0x36, 0x33, 0x20, 0x3d, 0x20, 0x5f, 0x32, 0x37, //      _2863 = _27
	0x38, 0x31, 0x3b, 0x0a, 0x20, 0x20, 0x20, 0x20, 0x20, 0x20, 0x20, 0x20, 0x20, 0x20, 0x20, 0x20, // 81;.            
	0x20, 0x20, 0x20, 0x20, 0x7d, 0x0a, 0x20, 0x20, 0x20, 0x20, 0x20, 0x20, 0x20, 0x20, 0x20, 0x20, //     }.          
	0x20, 0x20, 0x20, 0x20, 0x20, 0x20, 0x65, 0x6c, 0x73, 0x65, 0x0a, 0x20, 0x20, 0x20, 0x20, 0x20, //       else.     
	0x20, 0x20, 0x20, 0x20, 0x20, 0x20, 0x20, 0x20, 0x20, 0x20, 0x20, 0x7b, 0x0a, 0x20, 0x20, 0x20, //            {.   
	0x20, 0x20, 0x20, 0x20, 0x20, 0x20, 0x20, 0x20, 0x20, 0x20, 0x20, 0x20, 0x20, 0x20, 0x20, 0x20, //                 
	0x20, 0x5f, 0x32, 0x38, 0x36, 0x33, 0x20, 0x3d, 0x20, 0x5f, 0x32, 0x37, 0x35, 0x31, 0x3b, 0x0a, //  _2863 = _2751;.
	0x20, 0x20, 0x20, 0x20, 0x20, 0x20, 0x20, 0x20, 0x20, 0x20, 0x20, 0x20, 0x20, 0x20, 0x20, 0x20, //                 
	0x7d, 0x0a, 0x20, 0x20, 0x20, 0x20, 0x20, 0x20, 0x20, 0x20, 0x20, 0x20, 0x20, 0x20, 0x20, 0x20, // }.              
	0x20, 0x20, 0x5f, 0x32, 0x38, 0x36, 0x32, 0x20, 0x3d, 0x20, 0x5f, 0x32, 0x38, 0x36, 0x33, 0x3b, //   _2862 = _2863;
	0x0a, 0x20, 0x20, 0x20, 0x20, 0x20, 0x20, 0x20, 0x20, 0x20, 0x20, 0x20, 0x20, 0x7d, 0x0a, 0x20, // .            }. 
	0x20, 0x20, 0x20, 0x20, 0x20, 0x20, 0x20, 0x20, 0x20, 0x20, 0x20, 0x5f, 0x32, 0x38, 0x36, 0x31, //            _2861
	0x20, 0x3d, 0x20, 0x5f, 0x32, 0x38, 0x36, 0x32, 0x3b, 0x0a, 0x20, 0x20, 0x20, 0x20, 0x20, 0x20, //  = _2862;.      
	0x20, 0x20, 0x7d, 0x0a, 0x20, 0x20, 0x20, 0x20, 0x20, 0x20, 0x20, 0x20, 0x76, 0x65, 0x63, 0x34, //   }.        vec4
	0x20, 0x5f, 0x32, 0x37, 0x39, 0x31, 0x20, 0x3d, 0x20, 0x5f, 0x32, 0x38, 0x36, 0x31, 0x3b, 0x0a, //  _2791 = _2861;.
	0x20, 0x20, 0x20, 0x20, 0x20, 0x20, 0x20, 0x20, 0x5f, 0x32, 0x37, 0x39, 0x31, 0x2e, 0x77, 0x20, //         _2791.w 
	0x3d, 0x20, 0x5f, 0x32, 0x38, 0x36, 0x31, 0x2e, 0x77, 0x20, 0x2a, 0x20, 0x5f, 0x31, 0x34, 0x34, // = _2861.w * _144
	0x35, 0x2e, 0x77, 0x3b, 0x0a, 0x20, 0x20, 0x20, 0x20, 0x20, 0x20, 0x20, 0x20, 0x5f, 0x32, 0x38, // 5.w;.        _28
	0x36, 0x34, 0x20, 0x3d, 0x20, 0x5f, 0x32, 0x37, 0x39, 0x31, 0x3b, 0x0a, 0x20, 0x20, 0x20, 0x20, // 64 = _2791;.    
	0x7d, 0x0a, 0x20, 0x20, 0x20, 0x20, 0x65, 0x6c, 0x73, 0x65, 0x0a, 0x20, 0x20, 0x20, 0x20, 0x7b, // }.    else.    {
	0x0a, 0x20, 0x20, 0x20, 0x20, 0x20, 0x20, 0x20, 0x20, 0x5f, 0x32, 0x38, 0x36, 0x34, 0x20, 0x3d, // .        _2864 =
	0x20, 0x5f, 0x32, 0x37, 0x35, 0x31, 0x3b, 0x0a, 0x20, 0x20, 0x20, 0x20, 0x7d, 0x0a, 0x20, 0x20, //  _2751;.    }.  
	0x20, 0x20, 0x76, 0x65, 0x63, 0x33, 0x20, 0x5f, 0x31, 0x35, 0x32, 0x30, 0x20, 0x3d, 0x20, 0x5f, //   vec3 _1520 = _
	0x32, 0x38, 0x36, 0x34, 0x2e, 0x78, 0x79, 0x7a, 0x20, 0x2a, 0x20, 0x75, 0x5f, 0x66, 0x73, 0x66, // 2864.xyz * u_fsf
	0x45, 0x6d, 0x69, 0x73, 0x73, 0x69, 0x76, 0x65, 0x53, 0x63, 0x61, 0x6c, 0x69, 0x6e, 0x67, 0x2e, // EmissiveScaling.
	0x78, 0x3b, 0x0a, 0x20, 0x20, 0x20, 0x20, 0x66, 0x6c, 0x6f, 0x61, 0x74, 0x20, 0x5f, 0x31, 0x35, // x;.    float _15
	0x32, 0x32, 0x20, 0x3d, 0x20, 0x5f, 0x31, 0x35, 0x32, 0x30, 0x2e, 0x78, 0x3b, 0x0a, 0x20, 0x20, // 22 = _1520.x;.  
	0x20, 0x20, 0x76, 0x65, 0x63, 0x34, 0x20, 0x5f, 0x32, 0x37, 0x39, 0x34, 0x20, 0x3d, 0x20, 0x5f, //   vec4 _2794 = _
	0x32, 0x38, 0x36, 0x34, 0x3b, 0x0a, 0x20, 0x20, 0x20, 0x20, 0x5f, 0x32, 0x37, 0x39, 0x34, 0x2e, // 2864;.    _2794.
	0x78, 0x20, 0x3d, 0x20, 0x5f, 0x31, 0x35, 0x32, 0x32, 0x3b, 0x0a, 0x20, 0x20, 0x20, 0x20, 0x5f, // x = _1522;.    _
	0x32, 0x37, 0x39, 0x34, 0x2e, 0x79, 0x20, 0x3d, 0x20, 0x5f, 0x31, 0x35, 0x32, 0x30, 0x2e, 0x79, // 2794.y = _1520.y
	0x3b, 0x0a, 0x20, 0x20, 0x20, 0x20, 0x5f, 0x32, 0x37, 0x39, 0x34, 0x2e, 0x7a, 0x20, 0x3d, 0x20, // ;.    _2794.z = 
	0x5f, 0x31, 0x35, 0x32, 0x30, 0x2e, 0x7a, 0x3b, 0x0a, 0x20, 0x20, 0x20, 0x20, 0x76, 0x65, 0x63, // _1520.z;.    vec
	0x34, 0x20, 0x5f, 0x31, 0x35, 0x33, 0x35, 0x20, 0x3d, 0x20, 0x76, 0x5f, 0x50, 0x6f, 0x73, 0x50, // 4 _1535 = v_PosP
	0x20, 0x2f, 0x20, 0x76, 0x65, 0x63, 0x34, 0x28, 0x76, 0x5f, 0x50, 0x6f, 0x73, 0x50, 0x2e, 0x77, //  / vec4(v_PosP.w
	0x29, 0x3b, 0x0a, 0x20, 0x20, 0x20, 0x20, 0x76, 0x65, 0x63, 0x32, 0x20, 0x5f, 0x31, 0x35, 0x34, // );.    vec2 _154
	0x31, 0x20, 0x3d, 0x20, 0x28, 0x5f, 0x31, 0x35, 0x33, 0x35, 0x2e, 0x78, 0x79, 0x20, 0x2b, 0x20, // 1 = (_1535.xy + 
	0x76, 0x65, 0x63, 0x32, 0x28, 0x31, 0x2e, 0x30, 0x29, 0x29, 0x20, 0x2a, 0x20, 0x76, 0x65, 0x63, // vec2(1.0)) * vec
	0x32, 0x28, 0x30, 0x2e, 0x35, 0x29, 0x3b, 0x0a, 0x20, 0x20, 0x20, 0x20, 0x5f, 0x31, 0x35, 0x34, // 2(0.5);.    _154
	0x31, 0x2e, 0x79, 0x20, 0x3d, 0x20, 0x75, 0x5f, 0x66, 0x73, 0x6d, 0x55, 0x56, 0x49, 0x6e, 0x76, // 1.y = u_fsmUVInv
	0x65, 0x72, 0x73, 0x65, 0x64, 0x42, 0x61, 0x63, 0x6b, 0x2e, 0x78, 0x20, 0x2b, 0x20, 0x28, 0x75, // ersedBack.x + (u
	0x5f, 0x66, 0x73, 0x6d, 0x55, 0x56, 0x49, 0x6e, 0x76, 0x65, 0x72, 0x73, 0x65, 0x64, 0x42, 0x61, // _fsmUVInversedBa
	0x63, 0x6b, 0x2e, 0x79, 0x20, 0x2a, 0x20, 0x28, 0x31, 0x2e, 0x30, 0x20, 0x2d, 0x20, 0x5f, 0x31, // ck.y * (1.0 - _1
	0x35, 0x34, 0x31, 0x2e, 0x79, 0x29, 0x29, 0x3b, 0x0a, 0x20, 0x20, 0x20, 0x20, 0x76, 0x65, 0x63, // 541.y));.    vec
	0x34, 0x20, 0x5f, 0x32, 0x38, 0x36, 0x35, 0x3b, 0x0a, 0x20, 0x20, 0x20, 0x20, 0x69, 0x66, 0x20, // 4 _2865;.    if 
	0x28, 0x75, 0x5f, 0x66, 0x73, 0x73, 0x6f, 0x66, 0x74, 0x50, 0x61, 0x72, 0x74, 0x69, 0x63, 0x6c, // (u_fssoftParticl
	0x65, 0x50, 0x61, 0x72, 0x61, 0x6d, 0x2e, 0x77, 0x20, 0x21, 0x3d, 0x20, 0x30, 0x2e, 0x30, 0x29, // eParam.w != 0.0)
	0x0a, 0x20, 0x20, 0x20, 0x20, 0x7b, 0x0a, 0x20, 0x20, 0x20, 0x20, 0x20, 0x20, 0x20, 0x20, 0x76, // .    {.        v
	0x65, 0x63, 0x32, 0x20, 0x5f, 0x32, 0x34, 0x38, 0x33, 0x20, 0x3d, 0x20, 0x76, 0x65, 0x63, 0x32, // ec2 _2483 = vec2
	0x28, 0x28, 0x74, 0x65, 0x78, 0x74, 0x75, 0x72, 0x65, 0x28, 0x73, 0x5f, 0x64, 0x65, 0x70, 0x74, // ((texture(s_dept
	0x68, 0x54, 0x65, 0x78, 0x2c, 0x20, 0x5f, 0x31, 0x35, 0x34, 0x31, 0x29, 0x2e, 0x78, 0x20, 0x2a, // hTex, _1541).x *
	0x20, 0x75, 0x5f, 0x66, 0x73, 0x72, 0x65, 0x63, 0x6f, 0x6e, 0x73, 0x74, 0x72, 0x75, 0x63, 0x74, //  u_fsreconstruct
	0x69, 0x6f, 0x6e, 0x50, 0x61, 0x72, 0x61, 0x6d, 0x31, 0x2e, 0x78, 0x29, 0x20, 0x2b, 0x20, 0x75, // ionParam1.x) + u
	0x5f, 0x66, 0x73, 0x72, 0x65, 0x63, 0x6f, 0x6e, 0x73, 0x74, 0x72, 0x75, 0x63, 0x74, 0x69, 0x6f, // _fsreconstructio
	0x6e, 0x50, 0x61, 0x72, 0x61, 0x6d, 0x31, 0x2e, 0x79, 0x2c, 0x20, 0x5f, 0x31, 0x35, 0x33, 0x35, // nParam1.y, _1535
	0x2e, 0x7a, 0x29, 0x3b, 0x0a, 0x20, 0x20, 0x20, 0x20, 0x20, 0x20, 0x20, 0x20, 0x76, 0x65, 0x63, // .z);.        vec
	0x32, 0x20, 0x5f, 0x32, 0x35, 0x30, 0x30, 0x20, 0x3d, 0x20, 0x28, 0x28, 0x5f, 0x32, 0x34, 0x38, // 2 _2500 = ((_248
	0x33, 0x20, 0x2a, 0x20, 0x75, 0x5f, 0x66, 0x73, 0x72, 0x65, 0x63, 0x6f, 0x6e, 0x73, 0x74, 0x72, // 3 * u_fsreconstr
	0x75, 0x63, 0x74, 0x69, 0x6f, 0x6e, 0x50, 0x61, 0x72, 0x61, 0x6d, 0x32, 0x2e, 0x77, 0x29, 0x20, // uctionParam2.w) 
	0x2d, 0x20, 0x76, 0x65, 0x63, 0x32, 0x28, 0x75, 0x5f, 0x66, 0x73, 0x72, 0x65, 0x63, 0x6f, 0x6e, // - vec2(u_fsrecon
	0x73, 0x74, 0x72, 0x75, 0x63, 0x74, 0x69, 0x6f, 0x6e, 0x50, 0x61, 0x72, 0x61, 0x6d, 0x32, 0x2e, // structionParam2.
	0x79, 0x29, 0x29, 0x20, 0x2f, 0x20, 0x28, 0x76, 0x65, 0x63, 0x32, 0x28, 0x75, 0x5f, 0x66, 0x73, // y)) / (vec2(u_fs
	0x72, 0x65, 0x63, 0x6f, 0x6e, 0x73, 0x74, 0x72, 0x75, 0x63, 0x74, 0x69, 0x6f, 0x6e, 0x50, 0x61, // reconstructionPa
	0x72, 0x61, 0x6d, 0x32, 0x2e, 0x78, 0x29, 0x20, 0x2d, 0x20, 0x28, 0x5f, 0x32, 0x34, 0x38, 0x33, // ram2.x) - (_2483
	0x20, 0x2a, 0x20, 0x75, 0x5f, 0x66, 0x73, 0x72, 0x65, 0x63, 0x6f, 0x6e, 0x73, 0x74, 0x72, 0x75, //  * u_fsreconstru
	0x63, 0x74, 0x69, 0x6f, 0x6e, 0x50, 0x61, 0x72, 0x61, 0x6d, 0x32, 0x2e, 0x7a, 0x29, 0x29, 0x3b, // ctionParam2.z));
	0x0a, 0x20, 0x20, 0x20, 0x20, 0x20, 0x20, 0x20, 0x20, 0x76, 0x65, 0x63, 0x32, 0x20, 0x5f, 0x32, // .        vec2 _2
	0x35, 0x30, 0x36, 0x20, 0x3d, 0x20, 0x5f, 0x32, 0x35, 0x30, 0x30, 0x20, 0x2a, 0x20, 0x73, 0x69, // 506 = _2500 * si
	0x67, 0x6e, 0x28, 0x5f, 0x32, 0x35, 0x30, 0x30, 0x2e, 0x78, 0x29, 0x3b, 0x0a, 0x20, 0x20, 0x20, // gn(_2500.x);.   
	0x20, 0x20, 0x20, 0x20, 0x20, 0x66, 0x6c, 0x6f, 0x61, 0x74, 0x20, 0x5f, 0x32, 0x35, 0x31, 0x30, //      float _2510
	0x20, 0x3d, 0x20, 0x5f, 0x32, 0x35, 0x30, 0x36, 0x2e, 0x79, 0x3b, 0x0a, 0x20, 0x20, 0x20, 0x20, //  = _2506.y;.    
	0x20, 0x20, 0x20, 0x20, 0x5f, 0x32, 0x38, 0x36, 0x35, 0x20, 0x3d, 0x20, 0x76, 0x65, 0x63, 0x34, //     _2865 = vec4
	0x28, 0x5f, 0x31, 0x35, 0x32, 0x32, 0x2c, 0x20, 0x5f, 0x31, 0x35, 0x32, 0x30, 0x2e, 0x79, 0x7a, // (_1522, _1520.yz
	0x2c, 0x20, 0x5f, 0x32, 0x38, 0x36, 0x34, 0x2e, 0x77, 0x20, 0x2a, 0x20, 0x6d, 0x69, 0x6e, 0x28, // , _2864.w * min(
	0x6d, 0x61, 0x78, 0x28, 0x6d, 0x69, 0x6e, 0x28, 0x28, 0x5f, 0x32, 0x35, 0x30, 0x36, 0x2e, 0x78, // max(min((_2506.x
	0x20, 0x2d, 0x20, 0x5f, 0x32, 0x35, 0x31, 0x30, 0x29, 0x20, 0x2f, 0x20, 0x75, 0x5f, 0x66, 0x73, //  - _2510) / u_fs
	0x73, 0x6f, 0x66, 0x74, 0x50, 0x61, 0x72, 0x74, 0x69, 0x63, 0x6c, 0x65, 0x50, 0x61, 0x72, 0x61, // softParticlePara
	0x6d, 0x2e, 0x78, 0x2c, 0x20, 0x28, 0x5f, 0x32, 0x35, 0x31, 0x30, 0x20, 0x2d, 0x20, 0x75, 0x5f, // m.x, (_2510 - u_
	0x66, 0x73, 0x73, 0x6f, 0x66, 0x74, 0x50, 0x61, 0x72, 0x74, 0x69, 0x63, 0x6c, 0x65, 0x50, 0x61, // fssoftParticlePa
	0x72, 0x61, 0x6d, 0x2e, 0x7a, 0x29, 0x20, 0x2f, 0x20, 0x75, 0x5f, 0x66, 0x73, 0x73, 0x6f, 0x66, // ram.z) / u_fssof
	0x74, 0x50, 0x61, 0x72, 0x74, 0x69, 0x63, 0x6c, 0x65, 0x50, 0x61, 0x72, 0x61, 0x6d, 0x2e, 0x79, // tParticleParam.y
	0x29, 0x2c, 0x20, 0x30, 0x2e, 0x30, 0x29, 0x2c, 0x20, 0x31, 0x2e, 0x30, 0x29, 0x29, 0x3b, 0x0a, // ), 0.0), 1.0));.
	0x20, 0x20, 0x20, 0x20, 0x7d, 0x0a, 0x20, 0x20, 0x20, 0x20, 0x65, 0x6c, 0x73, 0x65, 0x0a, 0x20, //     }.    else. 
	0x20, 0x20, 0x20, 0x7b, 0x0a, 0x20, 0x20, 0x20, 0x20, 0x20, 0x20, 0x20, 0x20, 0x5f, 0x32, 0x38, //    {.        _28
	0x36, 0x35, 0x20, 0x3d, 0x20, 0x5f, 0x32, 0x37, 0x39, 0x34, 0x3b, 0x0a, 0x20, 0x20, 0x20, 0x20, // 65 = _2794;.    
	0x7d, 0x0a, 0x20, 0x20, 0x20, 0x20, 0x69, 0x66, 0x20, 0x28, 0x5f, 0x32, 0x38, 0x36, 0x35, 0x2e, // }.    if (_2865.
	0x77, 0x20, 0x3c, 0x3d, 0x20, 0x6d, 0x61, 0x78, 0x28, 0x30, 0x2e, 0x30, 0x2c, 0x20, 0x76, 0x5f, // w <= max(0.0, v_
	0x55, 0x56, 0x5f, 0x4f, 0x74, 0x68, 0x65, 0x72, 0x73, 0x2e, 0x77, 0x29, 0x29, 0x0a, 0x20, 0x20, // UV_Others.w)).  
	0x20, 0x20, 0x7b, 0x0a, 0x20, 0x20, 0x20, 0x20, 0x20, 0x20, 0x20, 0x20, 0x64, 0x69, 0x73, 0x63, //   {.        disc
	0x61, 0x72, 0x64, 0x3b, 0x0a, 0x20, 0x20, 0x20, 0x20, 0x7d, 0x0a, 0x20, 0x20, 0x20, 0x20, 0x76, // ard;.    }.    v
	0x65, 0x63, 0x33, 0x20, 0x5f, 0x31, 0x36, 0x30, 0x37, 0x20, 0x3d, 0x20, 0x6d, 0x69, 0x78, 0x28, // ec3 _1607 = mix(
	0x75, 0x5f, 0x66, 0x73, 0x66, 0x45, 0x64, 0x67, 0x65, 0x43, 0x6f, 0x6c, 0x6f, 0x72, 0x2e, 0x78, // u_fsfEdgeColor.x
	0x79, 0x7a, 0x20, 0x2a, 0x20, 0x75, 0x5f, 0x66, 0x73, 0x66, 0x45, 0x64, 0x67, 0x65, 0x50, 0x61, // yz * u_fsfEdgePa
	0x72, 0x61, 0x6d, 0x65, 0x74, 0x65, 0x72, 0x2e, 0x79, 0x2c, 0x20, 0x5f, 0x32, 0x38, 0x36, 0x35, // rameter.y, _2865
	0x2e, 0x78, 0x79, 0x7a, 0x2c, 0x20, 0x76, 0x65, 0x63, 0x33, 0x28, 0x63, 0x65, 0x69, 0x6c, 0x28, // .xyz, vec3(ceil(
	0x28, 0x5f, 0x32, 0x38, 0x36, 0x35, 0x2e, 0x77, 0x20, 0x2d, 0x20, 0x76, 0x5f, 0x55, 0x56, 0x5f, // (_2865.w - v_UV_
	0x4f, 0x74, 0x68, 0x65, 0x72, 0x73, 0x2e, 0x77, 0x29, 0x20, 0x2d, 0x20, 0x75, 0x5f, 0x66, 0x73, // Others.w) - u_fs
	0x66, 0x45, 0x64, 0x67, 0x65, 0x50, 0x61, 0x72, 0x61, 0x6d, 0x65, 0x74, 0x65, 0x72, 0x2e, 0x78, // fEdgeParameter.x
	0x29, 0x29, 0x29, 0x3b, 0x0a, 0x20, 0x20, 0x20, 0x20, 0x76, 0x65, 0x63, 0x34, 0x20, 0x5f, 0x32, // )));.    vec4 _2
	0x38, 0x32, 0x39, 0x20, 0x3d, 0x20, 0x5f, 0x32, 0x38, 0x36, 0x35, 0x3b, 0x0a, 0x20, 0x20, 0x20, // 829 = _2865;.   
	0x20, 0x5f, 0x32, 0x38, 0x32, 0x39, 0x2e, 0x78, 0x20, 0x3d, 0x20, 0x5f, 0x31, 0x36, 0x30, 0x37, //  _2829.x = _1607
	0x2e, 0x78, 0x3b, 0x0a, 0x20, 0x20, 0x20, 0x20, 0x5f, 0x32, 0x38, 0x32, 0x39, 0x2e, 0x79, 0x20, // .x;.    _2829.y 
	0x3d, 0x20, 0x5f, 0x31, 0x36, 0x30, 0x37, 0x2e, 0x79, 0x3b, 0x0a, 0x20, 0x20, 0x20, 0x20, 0x5f, // = _1607.y;.    _
	0x32, 0x38, 0x32, 0x39, 0x2e, 0x7a, 0x20, 0x3d, 0x20, 0x5f, 0x31, 0x36, 0x30, 0x37, 0x2e, 0x7a, // 2829.z = _1607.z
	0x3b, 0x0a, 0x20, 0x20, 0x20, 0x20, 0x76, 0x65, 0x63, 0x34, 0x20, 0x5f, 0x32, 0x38, 0x36, 0x36, // ;.    vec4 _2866
	0x3b, 0x0a, 0x20, 0x20, 0x20, 0x20, 0x64, 0x6f, 0x0a, 0x20, 0x20, 0x20, 0x20, 0x7b, 0x0a, 0x20, // ;.    do.    {. 
	0x20, 0x20, 0x20, 0x20, 0x20, 0x20, 0x20, 0x69, 0x66, 0x20, 0x28, 0x5f, 0x31, 0x37, 0x38, 0x33, //        if (_1783
	0x29, 0x0a, 0x20, 0x20, 0x20, 0x20, 0x20, 0x20, 0x20, 0x20, 0x7b, 0x0a, 0x20, 0x20, 0x20, 0x20, // ).        {.    
	0x20, 0x20, 0x20, 0x20, 0x20, 0x20, 0x20, 0x20, 0x5f, 0x32, 0x38, 0x36, 0x36, 0x20, 0x3d, 0x20, //         _2866 = 
	0x5f, 0x32, 0x38, 0x32, 0x39, 0x3b, 0x0a, 0x20, 0x20, 0x20, 0x20, 0x20, 0x20, 0x20, 0x20, 0x20, // _2829;.         
	0x20, 0x20, 0x20, 0x62, 0x72, 0x65, 0x61, 0x6b, 0x3b, 0x0a, 0x20, 0x20, 0x20, 0x20, 0x20, 0x20, //    break;.      
	0x20, 0x20, 0x7d, 0x0a, 0x20, 0x20, 0x20, 0x20, 0x20, 0x20, 0x20, 0x20, 0x5f, 0x32, 0x38, 0x36, //   }.        _286
	0x36, 0x20, 0x3d, 0x20, 0x76, 0x65, 0x63, 0x34, 0x28, 0x6d, 0x69, 0x6e, 0x28, 0x5f, 0x32, 0x38, // 6 = vec4(min(_28
	0x32, 0x39, 0x2e, 0x78, 0x79, 0x7a, 0x2c, 0x20, 0x5f, 0x32, 0x38, 0x32, 0x39, 0x2e, 0x78, 0x79, // 29.xyz, _2829.xy
	0x7a, 0x20, 0x2a, 0x20, 0x28, 0x28, 0x5f, 0x32, 0x38, 0x32, 0x39, 0x2e, 0x78, 0x79, 0x7a, 0x20, // z * ((_2829.xyz 
	0x2a, 0x20, 0x28, 0x28, 0x5f, 0x32, 0x38, 0x32, 0x39, 0x2e, 0x78, 0x79, 0x7a, 0x20, 0x2a, 0x20, // * ((_2829.xyz * 
	0x30, 0x2e, 0x33, 0x30, 0x35, 0x33, 0x30, 0x36, 0x30, 0x31, 0x37, 0x33, 0x39, 0x38, 0x38, 0x33, // 0.30530601739883
	0x34, 0x32, 0x32, 0x38, 0x35, 0x31, 0x35, 0x36, 0x32, 0x35, 0x29, 0x20, 0x2b, 0x20, 0x76, 0x65, // 4228515625) + ve
	0x63, 0x33, 0x28, 0x30, 0x2e, 0x36, 0x38, 0x32, 0x31, 0x37, 0x31, 0x31, 0x30, 0x36, 0x33, 0x33, // c3(0.68217110633
	0x38, 0x35, 0x30, 0x30, 0x39, 0x37, 0x36, 0x35, 0x36, 0x32, 0x35, 0x29, 0x29, 0x29, 0x20, 0x2b, // 85009765625))) +
	0x20, 0x76, 0x65, 0x63, 0x33, 0x28, 0x30, 0x2e, 0x30, 0x31, 0x32, 0x35, 0x32, 0x32, 0x38, 0x37, //  vec3(0.01252287
	0x38, 0x31, 0x32, 0x35, 0x33, 0x30, 0x39, 0x39, 0x34, 0x34, 0x31, 0x35, 0x32, 0x38, 0x33, 0x32, // 8125309944152832
	0x30, 0x33, 0x31, 0x32, 0x35, 0x29, 0x29, 0x29, 0x2c, 0x20, 0x5f, 0x32, 0x38, 0x36, 0x35, 0x2e, // 03125))), _2865.
	0x77, 0x29, 0x3b, 0x0a, 0x20, 0x20, 0x20, 0x20, 0x20, 0x20, 0x20, 0x20, 0x62, 0x72, 0x65, 0x61, // w);.        brea
	0x6b, 0x3b, 0x0a, 0x20, 0x20, 0x20, 0x20, 0x7d, 0x20, 0x77, 0x68, 0x69, 0x6c, 0x65, 0x28, 0x66, // k;.    } while(f
	0x61, 0x6c, 0x73, 0x65, 0x29, 0x3b, 0x0a, 0x20, 0x20, 0x20, 0x20, 0x62, 0x67, 0x66, 0x78, 0x5f, // alse);.    bgfx_
	0x46, 0x72, 0x61, 0x67, 0x43, 0x6f, 0x6c, 0x6f, 0x72, 0x20, 0x3d, 0x20, 0x5f, 0x32, 0x38, 0x36, // FragColor = _286
	0x36, 0x3b, 0x0a, 0x7d, 0x0a, 0x0a, 0x00,                                                       // 6;.}...
};
static const uint8_t ad_model_lit_ps_spv[16491] =
{
	0x46, 0x53, 0x48, 0x0c, 0x86, 0x32, 0x45, 0x95, 0x00, 0x00, 0x00, 0x00, 0x00, 0x00, 0x00, 0x00, // FSH..2E.........
	0x00, 0x00, 0x00, 0x00, 0x1a, 0x00, 0x0d, 0x75, 0x5f, 0x66, 0x73, 0x6d, 0x69, 0x73, 0x63, 0x46, // .......u_fsmiscF
	0x6c, 0x61, 0x67, 0x73, 0x12, 0x01, 0x10, 0x01, 0x01, 0x00, 0x00, 0x00, 0x00, 0x00, 0x1a, 0x75, // lags...........u
	0x5f, 0x66, 0x73, 0x66, 0x55, 0x56, 0x44, 0x69, 0x73, 0x74, 0x6f, 0x72, 0x74, 0x69, 0x6f, 0x6e, // _fsfUVDistortion
	0x50, 0x61, 0x72, 0x61, 0x6d, 0x65, 0x74, 0x65, 0x72, 0x12, 0x01, 0x40, 0x00, 0x01, 0x00, 0x00, // Parameter..@....
	0x00, 0x00, 0x00, 0x16, 0x75, 0x5f, 0x66, 0x73, 0x66, 0x46, 0x6c, 0x69, 0x70, 0x62, 0x6f, 0x6f, // ....u_fsfFlipboo
	0x6b, 0x50, 0x61, 0x72, 0x61, 0x6d, 0x65, 0x74, 0x65, 0x72, 0x12, 0x01, 0x30, 0x00, 0x01, 0x00, // kParameter..0...
	0x00, 0x00, 0x00, 0x00, 0x1a, 0x75, 0x5f, 0x66, 0x73, 0x66, 0x42, 0x6c, 0x65, 0x6e, 0x64, 0x54, // .....u_fsfBlendT
	0x65, 0x78, 0x74, 0x75, 0x72, 0x65, 0x50, 0x61, 0x72, 0x61, 0x6d, 0x65, 0x74, 0x65, 0x72, 0x12, // extureParameter.
	0x01, 0x50, 0x00, 0x01, 0x00, 0x00, 0x00, 0x00, 0x00, 0x13, 0x75, 0x5f, 0x66, 0x73, 0x66, 0x4c, // .P........u_fsfL
	0x69, 0x67, 0x68, 0x74, 0x44, 0x69, 0x72, 0x65, 0x63, 0x74, 0x69, 0x6f, 0x6e, 0x12, 0x01, 0x00, // ightDirection...
	0x00, 0x01, 0x00, 0x00, 0x00, 0x00, 0x00, 0x0f, 0x75, 0x5f, 0x66, 0x73, 0x66, 0x4c, 0x69, 0x67, // ........u_fsfLig
	0x68, 0x74, 0x43, 0x6f, 0x6c, 0x6f, 0x72, 0x12, 0x01, 0x10, 0x00, 0x01, 0x00, 0x00, 0x00, 0x00, // htColor.........
	0x00, 0x11, 0x75, 0x5f, 0x66, 0x73, 0x66, 0x4c, 0x69, 0x67, 0x68, 0x74, 0x41, 0x6d, 0x62, 0x69, // ..u_fsfLightAmbi
	0x65, 0x6e, 0x74, 0x12, 0x01, 0x20, 0x00, 0x01, 0x00, 0x00, 0x00, 0x00, 0x00, 0x15, 0x75, 0x5f, // ent.. ........u_
	0x66, 0x73, 0x66, 0x46, 0x61, 0x6c, 0x6c, 0x6f, 0x66, 0x66, 0x50, 0x61, 0x72, 0x61, 0x6d, 0x65, // fsfFalloffParame
	0x74, 0x65, 0x72, 0x12, 0x01, 0x70, 0x00, 0x01, 0x00, 0x00, 0x00, 0x00, 0x00, 0x19, 0x75, 0x5f, // ter..p........u_
	0x66, 0x73, 0x66, 0x43, 0x61, 0x6d, 0x65, 0x72, 0x61, 0x46, 0x72, 0x6f, 0x6e, 0x74, 0x44, 0x69, // fsfCameraFrontDi
	0x72, 0x65, 0x63, 0x74, 0x69, 0x6f, 0x6e, 0x12, 0x01, 0x60, 0x00, 0x01, 0x00, 0x00, 0x00, 0x00, // rection..`......
	0x00, 0x14, 0x75, 0x5f, 0x66, 0x73, 0x66, 0x46, 0x61, 0x6c, 0x6c, 0x6f, 0x66, 0x66, 0x45, 0x6e, // ..u_fsfFalloffEn
	0x64, 0x43, 0x6f, 0x6c, 0x6f, 0x72, 0x12, 0x01, 0x90, 0x00, 0x01, 0x00, 0x00, 0x00, 0x00, 0x00, // dColor..........
	0x16, 0x75, 0x5f, 0x66, 0x73, 0x66, 0x46, 0x61, 0x6c, 0x6c, 0x6f, 0x66, 0x66, 0x42, 0x65, 0x67, // .u_fsfFalloffBeg
	0x69, 0x6e, 0x43, 0x6f, 0x6c, 0x6f, 0x72, 0x12, 0x01, 0x80, 0x00, 0x01, 0x00, 0x00, 0x00, 0x00, // inColor.........
	0x00, 0x14, 0x75, 0x5f, 0x66, 0x73, 0x66, 0x45, 0x6d, 0x69, 0x73, 0x73, 0x69, 0x76, 0x65, 0x53, // ..u_fsfEmissiveS
	0x63, 0x61, 0x6c, 0x69, 0x6e, 0x67, 0x12, 0x01, 0xa0, 0x00, 0x01, 0x00, 0x00, 0x00, 0x00, 0x00, // caling..........
	0x13, 0x75, 0x5f, 0x66, 0x73, 0x6d, 0x55, 0x56, 0x49, 0x6e, 0x76, 0x65, 0x72, 0x73, 0x65, 0x64, // .u_fsmUVInversed
	0x42, 0x61, 0x63, 0x6b, 0x12, 0x01, 0x00, 0x01, 0x01, 0x00, 0x00, 0x00, 0x00, 0x00, 0x15, 0x75, // Back...........u
	0x5f, 0x66, 0x73, 0x73, 0x6f, 0x66, 0x74, 0x50, 0x61, 0x72, 0x74, 0x69, 0x63, 0x6c, 0x65, 0x50, // _fssoftParticleP
	0x61, 0x72, 0x61, 0x6d, 0x12, 0x01, 0xd0, 0x00, 0x01, 0x00, 0x00, 0x00, 0x00, 0x00, 0x18, 0x75, // aram...........u
	0x5f, 0x66, 0x73, 0x72, 0x65, 0x63, 0x6f, 0x6e, 0x73, 0x74, 0x72, 0x75, 0x63, 0x74, 0x69, 0x6f, // _fsreconstructio
	0x6e, 0x50, 0x61, 0x72, 0x61, 0x6d, 0x31, 0x12, 0x01, 0xe0, 0x00, 0x01, 0x00, 0x00, 0x00, 0x00, // nParam1.........
	0x00, 0x18, 0x75, 0x5f, 0x66, 0x73, 0x72, 0x65, 0x63, 0x6f, 0x6e, 0x73, 0x74, 0x72, 0x75, 0x63, // ..u_fsreconstruc
	0x74, 0x69, 0x6f, 0x6e, 0x50, 0x61, 0x72, 0x61, 0x6d, 0x32, 0x12, 0x01, 0xf0, 0x00, 0x01, 0x00, // tionParam2......
	0x00, 0x00, 0x00, 0x00, 0x0e, 0x75, 0x5f, 0x66, 0x73, 0x66, 0x45, 0x64, 0x67, 0x65, 0x43, 0x6f, // .....u_fsfEdgeCo
	0x6c, 0x6f, 0x72, 0x12, 0x01, 0xb0, 0x00, 0x01, 0x00, 0x00, 0x00, 0x00, 0x00, 0x12, 0x75, 0x5f, // lor...........u_
	0x66, 0x73, 0x66, 0x45, 0x64, 0x67, 0x65, 0x50, 0x61, 0x72, 0x61, 0x6d, 0x65, 0x74, 0x65, 0x72, // fsfEdgeParameter
	0x12, 0x01, 0xc0, 0x00, 0x01, 0x00, 0x00, 0x00, 0x00, 0x00, 0x11, 0x73, 0x5f, 0x75, 0x76, 0x44, // ...........s_uvD
	0x69, 0x73, 0x74, 0x6f, 0x72, 0x74, 0x69, 0x6f, 0x6e, 0x54, 0x65, 0x78, 0x30, 0x00, 0x05, 0x00, // istortionTex0...
	0x00, 0x00, 0x00, 0x02, 0x29, 0x00, 0x0a, 0x73, 0x5f, 0x63, 0x6f, 0x6c, 0x6f, 0x72, 0x54, 0x65, // ....)..s_colorTe
	0x78, 0x30, 0x00, 0x02, 0x00, 0x00, 0x00, 0x00, 0x02, 0x29, 0x00, 0x0b, 0x73, 0x5f, 0x6e, 0x6f, // x0.......)..s_no
	0x72, 0x6d, 0x61, 0x6c, 0x54, 0x65, 0x78, 0x30, 0x00, 0x03, 0x00, 0x00, 0x00, 0x00, 0x02, 0x29, // rmalTex0.......)
	0x00, 0x0a, 0x73, 0x5f, 0x61, 0x6c, 0x70, 0x68, 0x61, 0x54, 0x65, 0x78, 0x30, 0x00, 0x04, 0x00, // ..s_alphaTex0...
	0x00, 0x00, 0x00, 0x02, 0x29, 0x00, 0x16, 0x73, 0x5f, 0x62, 0x6c, 0x65, 0x6e, 0x64, 0x55, 0x56, // ....)..s_blendUV
	0x44, 0x69, 0x73, 0x74, 0x6f, 0x72, 0x74, 0x69, 0x6f, 0x6e, 0x54, 0x65, 0x78, 0x30, 0x00, 0x08, // DistortionTex0..
	0x00, 0x00, 0x00, 0x00, 0x02, 0x29, 0x00, 0x0a, 0x73, 0x5f, 0x62, 0x6c, 0x65, 0x6e, 0x64, 0x54, // .....)..s_blendT
	0x65, 0x78, 0x30, 0x00, 0x06, 0x00, 0x00, 0x00, 0x00, 0x02, 0x29, 0x00, 0x0f, 0x73, 0x5f, 0x62, // ex0.......)..s_b
	0x6c, 0x65, 0x6e, 0x64, 0x41, 0x6c, 0x70, 0x68, 0x61, 0x54, 0x65, 0x78, 0x30, 0x00, 0x07, 0x00, // lendAlphaTex0...
	0x00, 0x00, 0x00, 0x02, 0x29, 0x00, 0x0a, 0x73, 0x5f, 0x64, 0x65, 0x70, 0x74, 0x68, 0x54, 0x65, // ....)..s_depthTe
	0x78, 0x30, 0x00, 0x09, 0x00, 0x00, 0x00, 0x00, 0x02, 0x29, 0x00, 0x58, 0x3d, 0x00, 0x00, 0x03, // x0.......).X=...
	0x02, 0x23, 0x07, 0x00, 0x00, 0x01, 0x00, 0x0b, 0x00, 0x08, 0x00, 0xc7, 0x0c, 0x00, 0x00, 0x00, // .#..............
	0x00, 0x00, 0x00, 0x11, 0x00, 0x02, 0x00, 0x01, 0x00, 0x00, 0x00, 0x0b, 0x00, 0x06, 0x00, 0x01, // ................
	0x00, 0x00, 0x00, 0x47, 0x4c, 0x53, 0x4c, 0x2e, 0x73, 0x74, 0x64, 0x2e, 0x34, 0x35, 0x30, 0x00, // ...GLSL.std.450.
	0x00, 0x00, 0x00, 0x0e, 0x00, 0x03, 0x00, 0x00, 0x00, 0x00, 0x00, 0x01, 0x00, 0x00, 0x00, 0x0f, // ................
	0x00, 0x0f, 0x00, 0x04, 0x00, 0x00, 0x00, 0x04, 0x00, 0x00, 0x00, 0x6d, 0x61, 0x69, 0x6e, 0x00, // ...........main.
	0x00, 0x00, 0x00, 0xe6, 0x04, 0x00, 0x00, 0xe9, 0x04, 0x00, 0x00, 0xec, 0x04, 0x00, 0x00, 0xef, // ................
	0x04, 0x00, 0x00, 0xf2, 0x04, 0x00, 0x00, 0xf5, 0x04, 0x00, 0x00, 0xf9, 0x04, 0x00, 0x00, 0xfc, // ................
	0x04, 0x00, 0x00, 0xff, 0x04, 0x00, 0x00, 0x1a, 0x05, 0x00, 0x00, 0x10, 0x00, 0x03, 0x00, 0x04, // ................
	0x00, 0x00, 0x00, 0x07, 0x00, 0x00, 0x00, 0x03, 0x00, 0x03, 0x00, 0x05, 0x00, 0x00, 0x00, 0xf4, // ................
	0x01, 0x00, 0x00, 0x05, 0x00, 0x04, 0x00, 0x04, 0x00, 0x00, 0x00, 0x6d, 0x61, 0x69, 0x6e, 0x00, // ...........main.
	0x00, 0x00, 0x00, 0x05, 0x00, 0x09, 0x00, 0x92, 0x00, 0x00, 0x00, 0x73, 0x5f, 0x75, 0x76, 0x44, // ...........s_uvD
	0x69, 0x73, 0x74, 0x6f, 0x72, 0x74, 0x69, 0x6f, 0x6e, 0x54, 0x65, 0x78, 0x53, 0x61, 0x6d, 0x70, // istortionTexSamp
	0x6c, 0x65, 0x72, 0x00, 0x00, 0x00, 0x00, 0x05, 0x00, 0x09, 0x00, 0x95, 0x00, 0x00, 0x00, 0x73, // ler............s
	0x5f, 0x75, 0x76, 0x44, 0x69, 0x73, 0x74, 0x6f, 0x72, 0x74, 0x69, 0x6f, 0x6e, 0x54, 0x65, 0x78, // _uvDistortionTex
	0x54, 0x65, 0x78, 0x74, 0x75, 0x72, 0x65, 0x00, 0x00, 0x00, 0x00, 0x05, 0x00, 0x07, 0x00, 0x99, // Texture.........
	0x00, 0x00, 0x00, 0x73, 0x5f, 0x63, 0x6f, 0x6c, 0x6f, 0x72, 0x54, 0x65, 0x78, 0x53, 0x61, 0x6d, // ...s_colorTexSam
	0x70, 0x6c, 0x65, 0x72, 0x00, 0x00, 0x00, 0x05, 0x00, 0x07, 0x00, 0x9b, 0x00, 0x00, 0x00, 0x73, // pler...........s
	0x5f, 0x63, 0x6f, 0x6c, 0x6f, 0x72, 0x54, 0x65, 0x78, 0x54, 0x65, 0x78, 0x74, 0x75, 0x72, 0x65, // _colorTexTexture
	0x00, 0x00, 0x00, 0x05, 0x00, 0x07, 0x00, 0x9f, 0x00, 0x00, 0x00, 0x73, 0x5f, 0x6e, 0x6f, 0x72, // ...........s_nor
	0x6d, 0x61, 0x6c, 0x54, 0x65, 0x78, 0x53, 0x61, 0x6d, 0x70, 0x6c, 0x65, 0x72, 0x00, 0x00, 0x05, // malTexSampler...
	0x00, 0x07, 0x00, 0xa1, 0x00, 0x00, 0x00, 0x73, 0x5f, 0x6e, 0x6f, 0x72, 0x6d, 0x61, 0x6c, 0x54, // .......s_normalT
	0x65, 0x78, 0x54, 0x65, 0x78, 0x74, 0x75, 0x72, 0x65, 0x00, 0x00, 0x05, 0x00, 0x07, 0x00, 0xa5, // exTexture.......
	0x00, 0x00, 0x00, 0x73, 0x5f, 0x61, 0x6c, 0x70, 0x68, 0x61, 0x54, 0x65, 0x78, 0x53, 0x61, 0x6d, // ...s_alphaTexSam
	0x70, 0x6c, 0x65, 0x72, 0x00, 0x00, 0x00, 0x05, 0x00, 0x07, 0x00, 0xa7, 0x00, 0x00, 0x00, 0x73, // pler...........s
	0x5f, 0x61, 0x6c, 0x70, 0x68, 0x61, 0x54, 0x65, 0x78, 0x54, 0x65, 0x78, 0x74, 0x75, 0x72, 0x65, // _alphaTexTexture
	0x00, 0x00, 0x00, 0x05, 0x00, 0x0a, 0x00, 0xab, 0x00, 0x00, 0x00, 0x73, 0x5f, 0x62, 0x6c, 0x65, // ...........s_ble
	0x6e, 0x64, 0x55, 0x56, 0x44, 0x69, 0x73, 0x74, 0x6f, 0x72, 0x74, 0x69, 0x6f, 0x6e, 0x54, 0x65, // ndUVDistortionTe
	0x78, 0x53, 0x61, 0x6d, 0x70, 0x6c, 0x65, 0x72, 0x00, 0x00, 0x00, 0x05, 0x00, 0x0a, 0x00, 0xad, // xSampler........
	0x00, 0x00, 0x00, 0x73, 0x5f, 0x62, 0x6c, 0x65, 0x6e, 0x64, 0x55, 0x56, 0x44, 0x69, 0x73, 0x74, // ...s_blendUVDist
	0x6f, 0x72, 0x74, 0x69, 0x6f, 0x6e, 0x54, 0x65, 0x78, 0x54, 0x65, 0x78, 0x74, 0x75, 0x72, 0x65, // ortionTexTexture
	0x00, 0x00, 0x00, 0x05, 0x00, 0x07, 0x00, 0xb1, 0x00, 0x00, 0x00, 0x73, 0x5f, 0x62, 0x6c, 0x65, // ...........s_ble
	0x6e, 0x64, 0x54, 0x65, 0x78, 0x53, 0x61, 0x6d, 0x70, 0x6c, 0x65, 0x72, 0x00, 0x00, 0x00, 0x05, // ndTexSampler....
	0x00, 0x07, 0x00, 0xb3, 0x00, 0x00, 0x00, 0x73, 0x5f, 0x62, 0x6c, 0x65, 0x6e, 0x64, 0x54, 0x65, // .......s_blendTe
	0x78, 0x54, 0x65, 0x78, 0x74, 0x75, 0x72, 0x65, 0x00, 0x00, 0x00, 0x05, 0x00, 0x08, 0x00, 0xb7, // xTexture........
	0x00, 0x00, 0x00, 0x73, 0x5f, 0x62, 0x6c, 0x65, 0x6e, 0x64, 0x41, 0x6c, 0x70, 0x68, 0x61, 0x54, // ...s_blendAlphaT
	0x65, 0x78, 0x53, 0x61, 0x6d, 0x70, 0x6c, 0x65, 0x72, 0x00, 0x00, 0x05, 0x00, 0x08, 0x00, 0xb9, // exSampler.......
	0x00, 0x00, 0x00, 0x73, 0x5f, 0x62, 0x6c, 0x65, 0x6e, 0x64, 0x41, 0x6c, 0x70, 0x68, 0x61, 0x54, // ...s_blendAlphaT
	0x65, 0x78, 0x54, 0x65, 0x78, 0x74, 0x75, 0x72, 0x65, 0x00, 0x00, 0x05, 0x00, 0x07, 0x00, 0xbd, // exTexture.......
	0x00, 0x00, 0x00, 0x73, 0x5f, 0x64, 0x65, 0x70, 0x74, 0x68, 0x54, 0x65, 0x78, 0x53, 0x61, 0x6d, // ...s_depthTexSam
	0x70, 0x6c, 0x65, 0x72, 0x00, 0x00, 0x00, 0x05, 0x00, 0x07, 0x00, 0xbf, 0x00, 0x00, 0x00, 0x73, // pler...........s
	0x5f, 0x64, 0x65, 0x70, 0x74, 0x68, 0x54, 0x65, 0x78, 0x54, 0x65, 0x78, 0x74, 0x75, 0x72, 0x65, // _depthTexTexture
	0x00, 0x00, 0x00, 0x05, 0x00, 0x06, 0x00, 0xc5, 0x02, 0x00, 0x00, 0x55, 0x6e, 0x69, 0x66, 0x6f, // ...........Unifo
	0x72, 0x6d, 0x42, 0x6c, 0x6f, 0x63, 0x6b, 0x00, 0x00, 0x00, 0x00, 0x06, 0x00, 0x08, 0x00, 0xc5, // rmBlock.........
	0x02, 0x00, 0x00, 0x00, 0x00, 0x00, 0x00, 0x75, 0x5f, 0x66, 0x73, 0x66, 0x4c, 0x69, 0x67, 0x68, // .......u_fsfLigh
	0x74, 0x44, 0x69, 0x72, 0x65, 0x63, 0x74, 0x69, 0x6f, 0x6e, 0x00, 0x06, 0x00, 0x07, 0x00, 0xc5, // tDirection......
	0x02, 0x00, 0x00, 0x01, 0x00, 0x00, 0x00, 0x75, 0x5f, 0x66, 0x73, 0x66, 0x4c, 0x69, 0x67, 0x68, // .......u_fsfLigh
	0x74, 0x43, 0x6f, 0x6c, 0x6f, 0x72, 0x00, 0x06, 0x00, 0x08, 0x00, 0xc5, 0x02, 0x00, 0x00, 0x02, // tColor..........
	0x00, 0x00, 0x00, 0x75, 0x5f, 0x66, 0x73, 0x66, 0x4c, 0x69, 0x67, 0x68, 0x74, 0x41, 0x6d, 0x62, // ...u_fsfLightAmb
	0x69, 0x65, 0x6e, 0x74, 0x00, 0x00, 0x00, 0x06, 0x00, 0x09, 0x00, 0xc5, 0x02, 0x00, 0x00, 0x03, // ient............
	0x00, 0x00, 0x00, 0x75, 0x5f, 0x66, 0x73, 0x66, 0x46, 0x6c, 0x69, 0x70, 0x62, 0x6f, 0x6f, 0x6b, // ...u_fsfFlipbook
	0x50, 0x61, 0x72, 0x61, 0x6d, 0x65, 0x74, 0x65, 0x72, 0x00, 0x00, 0x06, 0x00, 0x0a, 0x00, 0xc5, // Parameter.......
	0x02, 0x00, 0x00, 0x04, 0x00, 0x00, 0x00, 0x75, 0x5f, 0x66, 0x73, 0x66, 0x55, 0x56, 0x44, 0x69, // .......u_fsfUVDi
	0x73, 0x74, 0x6f, 0x72, 0x74, 0x69, 0x6f, 0x6e, 0x50, 0x61, 0x72, 0x61, 0x6d, 0x65, 0x74, 0x65, // stortionParamete
	0x72, 0x00, 0x00, 0x06, 0x00, 0x0a, 0x00, 0xc5, 0x02, 0x00, 0x00, 0x05, 0x00, 0x00, 0x00, 0x75, // r..............u
	0x5f, 0x66, 0x73, 0x66, 0x42, 0x6c, 0x65, 0x6e, 0x64, 0x54, 0x65, 0x78, 0x74, 0x75, 0x72, 0x65, // _fsfBlendTexture
	0x50, 0x61, 0x72, 0x61, 0x6d, 0x65, 0x74, 0x65, 0x72, 0x00, 0x00, 0x06, 0x00, 0x0a, 0x00, 0xc5, // Parameter.......
	0x02, 0x00, 0x00, 0x06, 0x00, 0x00, 0x00, 0x75, 0x5f, 0x66, 0x73, 0x66, 0x43, 0x61, 0x6d, 0x65, // .......u_fsfCame
	0x72, 0x61, 0x46, 0x72, 0x6f, 0x6e, 0x74, 0x44, 0x69, 0x72, 0x65, 0x63, 0x74, 0x69, 0x6f, 0x6e, // raFrontDirection
	0x00, 0x00, 0x00, 0x06, 0x00, 0x09, 0x00, 0xc5, 0x02, 0x00, 0x00, 0x07, 0x00, 0x00, 0x00, 0x75, // ...............u
	0x5f, 0x66, 0x73, 0x66, 0x46, 0x61, 0x6c, 0x6c, 0x6f, 0x66, 0x66, 0x50, 0x61, 0x72, 0x61, 0x6d, // _fsfFalloffParam
	0x65, 0x74, 0x65, 0x72, 0x00, 0x00, 0x00, 0x06, 0x00, 0x09, 0x00, 0xc5, 0x02, 0x00, 0x00, 0x08, // eter............
	0x00, 0x00, 0x00, 0x75, 0x5f, 0x66, 0x73, 0x66, 0x46, 0x61, 0x6c, 0x6c, 0x6f, 0x66, 0x66, 0x42, // ...u_fsfFalloffB
	0x65, 0x67, 0x69, 0x6e, 0x43, 0x6f, 0x6c, 0x6f, 0x72, 0x00, 0x00, 0x06, 0x00, 0x09, 0x00, 0xc5, // eginColor.......
	0x02, 0x00, 0x00, 0x09, 0x00, 0x00, 0x00, 0x75, 0x5f, 0x66, 0x73, 0x66, 0x46, 0x61, 0x6c, 0x6c, // .......u_fsfFall
	0x6f, 0x66, 0x66, 0x45, 0x6e, 0x64, 0x43, 0x6f, 0x6c, 0x6f, 0x72, 0x00, 0x00, 0x00, 0x00, 0x06, // offEndColor.....
	0x00, 0x09, 0x00, 0xc5, 0x02, 0x00, 0x00, 0x0a, 0x00, 0x00, 0x00, 0x75, 0x5f, 0x66, 0x73, 0x66, // ...........u_fsf
	0x45, 0x6d, 0x69, 0x73, 0x73, 0x69, 0x76, 0x65, 0x53, 0x63, 0x61, 0x6c, 0x69, 0x6e, 0x67, 0x00, // EmissiveScaling.
	0x00, 0x00, 0x00, 0x06, 0x00, 0x07, 0x00, 0xc5, 0x02, 0x00, 0x00, 0x0b, 0x00, 0x00, 0x00, 0x75, // ...............u
	0x5f, 0x66, 0x73, 0x66, 0x45, 0x64, 0x67, 0x65, 0x43, 0x6f, 0x6c, 0x6f, 0x72, 0x00, 0x00, 0x06, // _fsfEdgeColor...
	0x00, 0x08, 0x00, 0xc5, 0x02, 0x00, 0x00, 0x0c, 0x00, 0x00, 0x00, 0x75, 0x5f, 0x66, 0x73, 0x66, // ...........u_fsf
	0x45, 0x64, 0x67, 0x65, 0x50, 0x61, 0x72, 0x61, 0x6d, 0x65, 0x74, 0x65, 0x72, 0x00, 0x00, 0x06, // EdgeParameter...
	0x00, 0x09, 0x00, 0xc5, 0x02, 0x00, 0x00, 0x0d, 0x00, 0x00, 0x00, 0x75, 0x5f, 0x66, 0x73, 0x73, // ...........u_fss
	0x6f, 0x66, 0x74, 0x50, 0x61, 0x72, 0x74, 0x69, 0x63, 0x6c, 0x65, 0x50, 0x61, 0x72, 0x61, 0x6d, // oftParticleParam
	0x00, 0x00, 0x00, 0x06, 0x00, 0x0a, 0x00, 0xc5, 0x02, 0x00, 0x00, 0x0e, 0x00, 0x00, 0x00, 0x75, // ...............u
	0x5f, 0x66, 0x73, 0x72, 0x65, 0x63, 0x6f, 0x6e, 0x73, 0x74, 0x72, 0x75, 0x63, 0x74, 0x69, 0x6f, // _fsreconstructio
	0x6e, 0x50, 0x61, 0x72, 0x61, 0x6d, 0x31, 0x00, 0x00, 0x00, 0x00, 0x06, 0x00, 0x0a, 0x00, 0xc5, // nParam1.........
	0x02, 0x00, 0x00, 0x0f, 0x00, 0x00, 0x00, 0x75, 0x5f, 0x66, 0x73, 0x72, 0x65, 0x63, 0x6f, 0x6e, // .......u_fsrecon
	0x73, 0x74, 0x72, 0x75, 0x63, 0x74, 0x69, 0x6f, 0x6e, 0x50, 0x61, 0x72, 0x61, 0x6d, 0x32, 0x00, // structionParam2.
	0x00, 0x00, 0x00, 0x06, 0x00, 0x08, 0x00, 0xc5, 0x02, 0x00, 0x00, 0x10, 0x00, 0x00, 0x00, 0x75, // ...............u
	0x5f, 0x66, 0x73, 0x6d, 0x55, 0x56, 0x49, 0x6e, 0x76, 0x65, 0x72, 0x73, 0x65, 0x64, 0x42, 0x61, // _fsmUVInversedBa
	0x63, 0x6b, 0x00, 0x06, 0x00, 0x07, 0x00, 0xc5, 0x02, 0x00, 0x00, 0x11, 0x00, 0x00, 0x00, 0x75, // ck.............u
	0x5f, 0x66, 0x73, 0x6d, 0x69, 0x73, 0x63, 0x46, 0x6c, 0x61, 0x67, 0x73, 0x00, 0x00, 0x00, 0x05, // _fsmiscFlags....
	0x00, 0x03, 0x00, 0xc7, 0x02, 0x00, 0x00, 0x00, 0x00, 0x00, 0x00, 0x05, 0x00, 0x06, 0x00, 0xe6, // ................
	0x04, 0x00, 0x00, 0x76, 0x5f, 0x41, 0x6c, 0x70, 0x68, 0x61, 0x5f, 0x44, 0x69, 0x73, 0x74, 0x5f, // ...v_Alpha_Dist_
	0x55, 0x56, 0x00, 0x05, 0x00, 0x08, 0x00, 0xe9, 0x04, 0x00, 0x00, 0x76, 0x5f, 0x42, 0x6c, 0x65, // UV.........v_Ble
	0x6e, 0x64, 0x5f, 0x41, 0x6c, 0x70, 0x68, 0x61, 0x5f, 0x44, 0x69, 0x73, 0x74, 0x5f, 0x55, 0x56, // nd_Alpha_Dist_UV
	0x00, 0x00, 0x00, 0x05, 0x00, 0x08, 0x00, 0xec, 0x04, 0x00, 0x00, 0x76, 0x5f, 0x42, 0x6c, 0x65, // ...........v_Ble
	0x6e, 0x64, 0x5f, 0x46, 0x42, 0x4e, 0x65, 0x78, 0x74, 0x49, 0x6e, 0x64, 0x65, 0x78, 0x5f, 0x55, // nd_FBNextIndex_U
	0x56, 0x00, 0x00, 0x05, 0x00, 0x04, 0x00, 0xef, 0x04, 0x00, 0x00, 0x76, 0x5f, 0x43, 0x6f, 0x6c, // V..........v_Col
	0x6f, 0x72, 0x00, 0x05, 0x00, 0x04, 0x00, 0xf2, 0x04, 0x00, 0x00, 0x76, 0x5f, 0x50, 0x6f, 0x73, // or.........v_Pos
	0x50, 0x00, 0x00, 0x05, 0x00, 0x05, 0x00, 0xf5, 0x04, 0x00, 0x00, 0x76, 0x5f, 0x55, 0x56, 0x5f, // P..........v_UV_
	0x4f, 0x74, 0x68, 0x65, 0x72, 0x73, 0x00, 0x05, 0x00, 0x05, 0x00, 0xf9, 0x04, 0x00, 0x00, 0x76, // Others.........v
	0x5f, 0x57, 0x6f, 0x72, 0x6c, 0x64, 0x42, 0x00, 0x00, 0x00, 0x00, 0x05, 0x00, 0x05, 0x00, 0xfc, // _WorldB.........
	0x04, 0x00, 0x00, 0x76, 0x5f, 0x57, 0x6f, 0x72, 0x6c, 0x64, 0x4e, 0x00, 0x00, 0x00, 0x00, 0x05, // ...v_WorldN.....
	0x00, 0x05, 0x00, 0xff, 0x04, 0x00, 0x00, 0x76, 0x5f, 0x57, 0x6f, 0x72, 0x6c, 0x64, 0x54, 0x00, // .......v_WorldT.
	0x00, 0x00, 0x00, 0x05, 0x00, 0x06, 0x00, 0x1a, 0x05, 0x00, 0x00, 0x62, 0x67, 0x66, 0x78, 0x5f, // ...........bgfx_
	0x46, 0x72, 0x61, 0x67, 0x44, 0x61, 0x74, 0x61, 0x30, 0x00, 0x00, 0x47, 0x00, 0x04, 0x00, 0x92, // FragData0..G....
	0x00, 0x00, 0x00, 0x21, 0x00, 0x00, 0x00, 0x15, 0x00, 0x00, 0x00, 0x47, 0x00, 0x04, 0x00, 0x92, // ...!.......G....
	0x00, 0x00, 0x00, 0x22, 0x00, 0x00, 0x00, 0x00, 0x00, 0x00, 0x00, 0x47, 0x00, 0x04, 0x00, 0x95, // ...".......G....
	0x00, 0x00, 0x00, 0x21, 0x00, 0x00, 0x00, 0x05, 0x00, 0x00, 0x00, 0x47, 0x00, 0x04, 0x00, 0x95, // ...!.......G....
	0x00, 0x00, 0x00, 0x22, 0x00, 0x00, 0x00, 0x00, 0x00, 0x00, 0x00, 0x47, 0x00, 0x04, 0x00, 0x99, // ...".......G....
	0x00, 0x00, 0x00, 0x21, 0x00, 0x00, 0x00, 0x12, 0x00, 0x00, 0x00, 0x47, 0x00, 0x04, 0x00, 0x99, // ...!.......G....
	0x00, 0x00, 0x00, 0x22, 0x00, 0x00, 0x00, 0x00, 0x00, 0x00, 0x00, 0x47, 0x00, 0x04, 0x00, 0x9b, // ...".......G....
	0x00, 0x00, 0x00, 0x21, 0x00, 0x00, 0x00, 0x02, 0x00, 0x00, 0x00, 0x47, 0x00, 0x04, 0x00, 0x9b, // ...!.......G....
	0x00, 0x00, 0x00, 0x22, 0x00, 0x00, 0x00, 0x00, 0x00, 0x00, 0x00, 0x47, 0x00, 0x04, 0x00, 0x9f, // ...".......G....
	0x00, 0x00, 0x00, 0x21, 0x00, 0x00, 0x00, 0x13, 0x00, 0x00, 0x00, 0x47, 0x00, 0x04, 0x00, 0x9f, // ...!.......G....
	0x00, 0x00, 0x00, 0x22, 0x00, 0x00, 0x00, 0x00, 0x00, 0x00, 0x00, 0x47, 0x00, 0x04, 0x00, 0xa1, // ...".......G....
	0x00, 0x00, 0x00, 0x21, 0x00, 0x00, 0x00, 0x03, 0x00, 0x00, 0x00, 0x47, 0x00, 0x04, 0x00, 0xa1, // ...!.......G....
	0x00, 0x00, 0x00, 0x22, 0x00, 0x00, 0x00, 0x00, 0x00, 0x00, 0x00, 0x47, 0x00, 0x04, 0x00, 0xa5, // ...".......G....
	0x00, 0x00, 0x00, 0x21, 0x00, 0x00, 0x00, 0x14, 0x00, 0x00, 0x00, 0x47, 0x00, 0x04, 0x00, 0xa5, // ...!.......G....
	0x00, 0x00, 0x00, 0x22, 0x00, 0x00, 0x00, 0x00, 0x00, 0x00, 0x00, 0x47, 0x00, 0x04, 0x00, 0xa7, // ...".......G....
	0x00, 0x00, 0x00, 0x21, 0x00, 0x00, 0x00, 0x04, 0x00, 0x00, 0x00, 0x47, 0x00, 0x04, 0x00, 0xa7, // ...!.......G....
	0x00, 0x00, 0x00, 0x22, 0x00, 0x00, 0x00, 0x00, 0x00, 0x00, 0x00, 0x47, 0x00, 0x04, 0x00, 0xab, // ...".......G....
	0x00, 0x00, 0x00, 0x21, 0x00, 0x00, 0x00, 0x18, 0x00, 0x00, 0x00, 0x47, 0x00, 0x04, 0x00, 0xab, // ...!.......G....
	0x00, 0x00, 0x00, 0x22, 0x00, 0x00, 0x00, 0x00, 0x00, 0x00, 0x00, 0x47, 0x00, 0x04, 0x00, 0xad, // ...".......G....
	0x00, 0x00, 0x00, 0x21, 0x00, 0x00, 0x00, 0x08, 0x00, 0x00, 0x00, 0x47, 0x00, 0x04, 0x00, 0xad, // ...!.......G....
	0x00, 0x00, 0x00, 0x22, 0x00, 0x00, 0x00, 0x00, 0x00, 0x00, 0x00, 0x47, 0x00, 0x04, 0x00, 0xb1, // ...".......G....
	0x00, 0x00, 0x00, 0x21, 0x00, 0x00, 0x00, 0x16, 0x00, 0x00, 0x00, 0x47, 0x00, 0x04, 0x00, 0xb1, // ...!.......G....
	0x00, 0x00, 0x00, 0x22, 0x00, 0x00, 0x00, 0x00, 0x00, 0x00, 0x00, 0x47, 0x00, 0x04, 0x00, 0xb3, // ...".......G....
	0x00, 0x00, 0x00, 0x21, 0x00, 0x00, 0x00, 0x06, 0x00, 0x00, 0x00, 0x47, 0x00, 0x04, 0x00, 0xb3, // ...!.......G....
	0x00, 0x00, 0x00, 0x22, 0x00, 0x00, 0x00, 0x00, 0x00, 0x00, 0x00, 0x47, 0x00, 0x04, 0x00, 0xb7, // ...".......G....
	0x00, 0x00, 0x00, 0x21, 0x00, 0x00, 0x00, 0x17, 0x00, 0x00, 0x00, 0x47, 0x00, 0x04, 0x00, 0xb7, // ...!.......G....
	0x00, 0x00, 0x00, 0x22, 0x00, 0x00, 0x00, 0x00, 0x00, 0x00, 0x00, 0x47, 0x00, 0x04, 0x00, 0xb9, // ...".......G....
	0x00, 0x00, 0x00, 0x21, 0x00, 0x00, 0x00, 0x07, 0x00, 0x00, 0x00, 0x47, 0x00, 0x04, 0x00, 0xb9, // ...!.......G....
	0x00, 0x00, 0x00, 0x22, 0x00, 0x00, 0x00, 0x00, 0x00, 0x00, 0x00, 0x47, 0x00, 0x04, 0x00, 0xbd, // ...".......G....
	0x00, 0x00, 0x00, 0x21, 0x00, 0x00, 0x00, 0x19, 0x00, 0x00, 0x00, 0x47, 0x00, 0x04, 0x00, 0xbd, // ...!.......G....
	0x00, 0x00, 0x00, 0x22, 0x00, 0x00, 0x00, 0x00, 0x00, 0x00, 0x00, 0x47, 0x00, 0x04, 0x00, 0xbf, // ...".......G....
	0x00, 0x00, 0x00, 0x21, 0x00, 0x00, 0x00, 0x09, 0x00, 0x00, 0x00, 0x47, 0x00, 0x04, 0x00, 0xbf, // ...!.......G....
	0x00, 0x00, 0x00, 0x22, 0x00, 0x00, 0x00, 0x00, 0x00, 0x00, 0x00, 0x47, 0x00, 0x03, 0x00, 0xc5, // ...".......G....
	0x02, 0x00, 0x00, 0x02, 0x00, 0x00, 0x00, 0x48, 0x00, 0x05, 0x00, 0xc5, 0x02, 0x00, 0x00, 0x00, // .......H........
	0x00, 0x00, 0x00, 0x23, 0x00, 0x00, 0x00, 0x00, 0x00, 0x00, 0x00, 0x48, 0x00, 0x05, 0x00, 0xc5, // ...#.......H....
	0x02, 0x00, 0x00, 0x01, 0x00, 0x00, 0x00, 0x23, 0x00, 0x00, 0x00, 0x10, 0x00, 0x00, 0x00, 0x48, // .......#.......H
	0x00, 0x05, 0x00, 0xc5, 0x02, 0x00, 0x00, 0x02, 0x00, 0x00, 0x00, 0x23, 0x00, 0x00, 0x00, 0x20, // ...........#... 
	0x00, 0x00, 0x00, 0x48, 0x00, 0x05, 0x00, 0xc5, 0x02, 0x00, 0x00, 0x03, 0x00, 0x00, 0x00, 0x23, // ...H...........#
	0x00, 0x00, 0x00, 0x30, 0x00, 0x00, 0x00, 0x48, 0x00, 0x05, 0x00, 0xc5, 0x02, 0x00, 0x00, 0x04, // ...0...H........
	0x00, 0x00, 0x00, 0x23, 0x00, 0x00, 0x00, 0x40, 0x00, 0x00, 0x00, 0x48, 0x00, 0x05, 0x00, 0xc5, // ...#...@...H....
	0x02, 0x00, 0x00, 0x05, 0x00, 0x00, 0x00, 0x23, 0x00, 0x00, 0x00, 0x50, 0x00, 0x00, 0x00, 0x48, // .......#...P...H
	0x00, 0x05, 0x00, 0xc5, 0x02, 0x00, 0x00, 0x06, 0x00, 0x00, 0x00, 0x23, 0x00, 0x00, 0x00, 0x60, // ...........#...`
	0x00, 0x00, 0x00, 0x48, 0x00, 0x05, 0x00, 0xc5, 0x02, 0x00, 0x00, 0x07, 0x00, 0x00, 0x00, 0x23, // ...H...........#
	0x00, 0x00, 0x00, 0x70, 0x00, 0x00, 0x00, 0x48, 0x00, 0x05, 0x00, 0xc5, 0x02, 0x00, 0x00, 0x08, // ...p...H........
	0x00, 0x00, 0x00, 0x23, 0x00, 0x00, 0x00, 0x80, 0x00, 0x00, 0x00, 0x48, 0x00, 0x05, 0x00, 0xc5, // ...#.......H....
	0x02, 0x00, 0x00, 0x09, 0x00, 0x00, 0x00, 0x23, 0x00, 0x00, 0x00, 0x90, 0x00, 0x00, 0x00, 0x48, // .......#.......H
	0x00, 0x05, 0x00, 0xc5, 0x02, 0x00, 0x00, 0x0a, 0x00, 0x00, 0x00, 0x23, 0x00, 0x00, 0x00, 0xa0, // ...........#....
	0x00, 0x00, 0x00, 0x48, 0x00, 0x05, 0x00, 0xc5, 0x02, 0x00, 0x00, 0x0b, 0x00, 0x00, 0x00, 0x23, // ...H...........#
	0x00, 0x00, 0x00, 0xb0, 0x00, 0x00, 0x00, 0x48, 0x00, 0x05, 0x00, 0xc5, 0x02, 0x00, 0x00, 0x0c, // .......H........
	0x00, 0x00, 0x00, 0x23, 0x00, 0x00, 0x00, 0xc0, 0x00, 0x00, 0x00, 0x48, 0x00, 0x05, 0x00, 0xc5, // ...#.......H....
	0x02, 0x00, 0x00, 0x0d, 0x00, 0x00, 0x00, 0x23, 0x00, 0x00, 0x00, 0xd0, 0x00, 0x00, 0x00, 0x48, // .......#.......H
	0x00, 0x05, 0x00, 0xc5, 0x02, 0x00, 0x00, 0x0e, 0x00, 0x00, 0x00, 0x23, 0x00, 0x00, 0x00, 0xe0, // ...........#....
	0x00, 0x00, 0x00, 0x48, 0x00, 0x05, 0x00, 0xc5, 0x02, 0x00, 0x00, 0x0f, 0x00, 0x00, 0x00, 0x23, // ...H...........#
	0x00, 0x00, 0x00, 0xf0, 0x00, 0x00, 0x00, 0x48, 0x00, 0x05, 0x00, 0xc5, 0x02, 0x00, 0x00, 0x10, // .......H........
	0x00, 0x00, 0x00, 0x23, 0x00, 0x00, 0x00, 0x00, 0x01, 0x00, 0x00, 0x48, 0x00, 0x05, 0x00, 0xc5, // ...#.......H....
	0x02, 0x00, 0x00, 0x11, 0x00, 0x00, 0x00, 0x23, 0x00, 0x00, 0x00, 0x10, 0x01, 0x00, 0x00, 0x47, // .......#.......G
	0x00, 0x04, 0x00, 0xc7, 0x02, 0x00, 0x00, 0x21, 0x00, 0x00, 0x00, 0x01, 0x00, 0x00, 0x00, 0x47, // .......!.......G
	0x00, 0x04, 0x00, 0xc7, 0x02, 0x00, 0x00, 0x22, 0x00, 0x00, 0x00, 0x00, 0x00, 0x00, 0x00, 0x47, // .......".......G
	0x00, 0x04, 0x00, 0xe6, 0x04, 0x00, 0x00, 0x1e, 0x00, 0x00, 0x00, 0x00, 0x00, 0x00, 0x00, 0x47, // ...............G
	0x00, 0x04, 0x00, 0xe9, 0x04, 0x00, 0x00, 0x1e, 0x00, 0x00, 0x00, 0x01, 0x00, 0x00, 0x00, 0x47, // ...............G
	0x00, 0x04, 0x00, 0xec, 0x04, 0x00, 0x00, 0x1e, 0x00, 0x00, 0x00, 0x02, 0x00, 0x00, 0x00, 0x47, // ...............G
	0x00, 0x04, 0x00, 0xef, 0x04, 0x00, 0x00, 0x1e, 0x00, 0x00, 0x00, 0x03, 0x00, 0x00, 0x00, 0x47, // ...............G
	0x00, 0x04, 0x00, 0xf2, 0x04, 0x00, 0x00, 0x1e, 0x00, 0x00, 0x00, 0x04, 0x00, 0x00, 0x00, 0x47, // ...............G
	0x00, 0x04, 0x00, 0xf5, 0x04, 0x00, 0x00, 0x1e, 0x00, 0x00, 0x00, 0x05, 0x00, 0x00, 0x00, 0x47, // ...............G
	0x00, 0x04, 0x00, 0xf9, 0x04, 0x00, 0x00, 0x1e, 0x00, 0x00, 0x00, 0x06, 0x00, 0x00, 0x00, 0x47, // ...............G
	0x00, 0x04, 0x00, 0xfc, 0x04, 0x00, 0x00, 0x1e, 0x00, 0x00, 0x00, 0x07, 0x00, 0x00, 0x00, 0x47, // ...............G
	0x00, 0x04, 0x00, 0xff, 0x04, 0x00, 0x00, 0x1e, 0x00, 0x00, 0x00, 0x08, 0x00, 0x00, 0x00, 0x47, // ...............G
	0x00, 0x04, 0x00, 0x1a, 0x05, 0x00, 0x00, 0x1e, 0x00, 0x00, 0x00, 0x00, 0x00, 0x00, 0x00, 0x13, // ................
	0x00, 0x02, 0x00, 0x02, 0x00, 0x00, 0x00, 0x21, 0x00, 0x03, 0x00, 0x03, 0x00, 0x00, 0x00, 0x02, // .......!........
	0x00, 0x00, 0x00, 0x1a, 0x00, 0x02, 0x00, 0x06, 0x00, 0x00, 0x00, 0x16, 0x00, 0x03, 0x00, 0x07, // ................
	0x00, 0x00, 0x00, 0x20, 0x00, 0x00, 0x00, 0x19, 0x00, 0x09, 0x00, 0x08, 0x00, 0x00, 0x00, 0x07, // ... ............
	0x00, 0x00, 0x00, 0x01, 0x00, 0x00, 0x00, 0x00, 0x00, 0x00, 0x00, 0x00, 0x00, 0x00, 0x00, 0x00, // ................
	0x00, 0x00, 0x00, 0x01, 0x00, 0x00, 0x00, 0x00, 0x00, 0x00, 0x00, 0x17, 0x00, 0x04, 0x00, 0x0b, // ................
	0x00, 0x00, 0x00, 0x07, 0x00, 0x00, 0x00, 0x02, 0x00, 0x00, 0x00, 0x17, 0x00, 0x04, 0x00, 0x0d, // ................
	0x00, 0x00, 0x00, 0x07, 0x00, 0x00, 0x00, 0x04, 0x00, 0x00, 0x00, 0x17, 0x00, 0x04, 0x00, 0x13, // ................
	0x00, 0x00, 0x00, 0x07, 0x00, 0x00, 0x00, 0x03, 0x00, 0x00, 0x00, 0x18, 0x00, 0x04, 0x00, 0x2f, // .............../
	0x00, 0x00, 0x00, 0x13, 0x00, 0x00, 0x00, 0x03, 0x00, 0x00, 0x00, 0x14, 0x00, 0x02, 0x00, 0x4a, // ...............J
	0x00, 0x00, 0x00, 0x20, 0x00, 0x04, 0x00, 0x91, 0x00, 0x00, 0x00, 0x00, 0x00, 0x00, 0x00, 0x06, // ... ............
	0x00, 0x00, 0x00, 0x3b, 0x00, 0x04, 0x00, 0x91, 0x00, 0x00, 0x00, 0x92, 0x00, 0x00, 0x00, 0x00, // ...;............
	0x00, 0x00, 0x00, 0x20, 0x00, 0x04, 0x00, 0x94, 0x00, 0x00, 0x00, 0x00, 0x00, 0x00, 0x00, 0x08, // ... ............
	0x00, 0x00, 0x00, 0x3b, 0x00, 0x04, 0x00, 0x94, 0x00, 0x00, 0x00, 0x95, 0x00, 0x00, 0x00, 0x00, // ...;............
	0x00, 0x00, 0x00, 0x3b, 0x00, 0x04, 0x00, 0x91, 0x00, 0x00, 0x00, 0x99, 0x00, 0x00, 0x00, 0x00, // ...;............
	0x00, 0x00, 0x00, 0x3b, 0x00, 0x04, 0x00, 0x94, 0x00, 0x00, 0x00, 0x9b, 0x00, 0x00, 0x00, 0x00, // ...;............
	0x00, 0x00, 0x00, 0x3b, 0x00, 0x04, 0x00, 0x91, 0x00, 0x00, 0x00, 0x9f, 0x00, 0x00, 0x00, 0x00, // ...;............
	0x00, 0x00, 0x00, 0x3b, 0x00, 0x04, 0x00, 0x94, 0x00, 0x00, 0x00, 0xa1, 0x00, 0x00, 0x00, 0x00, // ...;............
	0x00, 0x00, 0x00, 0x3b, 0x00, 0x04, 0x00, 0x91, 0x00, 0x00, 0x00, 0xa5, 0x00, 0x00, 0x00, 0x00, // ...;............
	0x00, 0x00, 0x00, 0x3b, 0x00, 0x04, 0x00, 0x94, 0x00, 0x00, 0x00, 0xa7, 0x00, 0x00, 0x00, 0x00, // ...;............
	0x00, 0x00, 0x00, 0x3b, 0x00, 0x04, 0x00, 0x91, 0x00, 0x00, 0x00, 0xab, 0x00, 0x00, 0x00, 0x00, // ...;............
	0x00, 0x00, 0x00, 0x3b, 0x00, 0x04, 0x00, 0x94, 0x00, 0x00, 0x00, 0xad, 0x00, 0x00, 0x00, 0x00, // ...;............
	0x00, 0x00, 0x00, 0x3b, 0x00, 0x04, 0x00, 0x91, 0x00, 0x00, 0x00, 0xb1, 0x00, 0x00, 0x00, 0x00, // ...;............
	0x00, 0x00, 0x00, 0x3b, 0x00, 0x04, 0x00, 0x94, 0x00, 0x00, 0x00, 0xb3, 0x00, 0x00, 0x00, 0x00, // ...;............
	0x00, 0x00, 0x00, 0x3b, 0x00, 0x04, 0x00, 0x91, 0x00, 0x00, 0x00, 0xb7, 0x00, 0x00, 0x00, 0x00, // ...;............
	0x00, 0x00, 0x00, 0x3b, 0x00, 0x04, 0x00, 0x94, 0x00, 0x00, 0x00, 0xb9, 0x00, 0x00, 0x00, 0x00, // ...;............
	0x00, 0x00, 0x00, 0x3b, 0x00, 0x04, 0x00, 0x91, 0x00, 0x00, 0x00, 0xbd, 0x00, 0x00, 0x00, 0x00, // ...;............
	0x00, 0x00, 0x00, 0x3b, 0x00, 0x04, 0x00, 0x94, 0x00, 0x00, 0x00, 0xbf, 0x00, 0x00, 0x00, 0x00, // ...;............
	0x00, 0x00, 0x00, 0x15, 0x00, 0x04, 0x00, 0xc2, 0x00, 0x00, 0x00, 0x20, 0x00, 0x00, 0x00, 0x01, // ........... ....
	0x00, 0x00, 0x00, 0x2b, 0x00, 0x04, 0x00, 0xc2, 0x00, 0x00, 0x00, 0xc3, 0x00, 0x00, 0x00, 0x01, // ...+............
	0x00, 0x00, 0x00, 0x2b, 0x00, 0x04, 0x00, 0xc2, 0x00, 0x00, 0x00, 0xc7, 0x00, 0x00, 0x00, 0x00, // ...+............
	0x00, 0x00, 0x00, 0x1b, 0x00, 0x03, 0x00, 0xcb, 0x00, 0x00, 0x00, 0x08, 0x00, 0x00, 0x00, 0x2b, // ...............+
	0x00, 0x04, 0x00, 0x07, 0x00, 0x00, 0x00, 0xec, 0x00, 0x00, 0x00, 0x00, 0x00, 0x80, 0x3f, 0x2b, // ..............?+
	0x00, 0x04, 0x00, 0x07, 0x00, 0x00, 0x00, 0xed, 0x00, 0x00, 0x00, 0x00, 0x00, 0x00, 0x00, 0x2b, // ...............+
	0x00, 0x04, 0x00, 0xc2, 0x00, 0x00, 0x00, 0x00, 0x01, 0x00, 0x00, 0x06, 0x00, 0x00, 0x00, 0x2b, // ...............+
	0x00, 0x04, 0x00, 0xc2, 0x00, 0x00, 0x00, 0x09, 0x01, 0x00, 0x00, 0x02, 0x00, 0x00, 0x00, 0x2b, // ...............+
	0x00, 0x04, 0x00, 0xc2, 0x00, 0x00, 0x00, 0x0a, 0x01, 0x00, 0x00, 0x08, 0x00, 0x00, 0x00, 0x2b, // ...............+
	0x00, 0x04, 0x00, 0xc2, 0x00, 0x00, 0x00, 0x0f, 0x01, 0x00, 0x00, 0x03, 0x00, 0x00, 0x00, 0x2b, // ...............+
	0x00, 0x04, 0x00, 0xc2, 0x00, 0x00, 0x00, 0x10, 0x01, 0x00, 0x00, 0x07, 0x00, 0x00, 0x00, 0x2b, // ...............+
	0x00, 0x04, 0x00, 0xc2, 0x00, 0x00, 0x00, 0x15, 0x01, 0x00, 0x00, 0x04, 0x00, 0x00, 0x00, 0x2b, // ...............+
	0x00, 0x04, 0x00, 0xc2, 0x00, 0x00, 0x00, 0x1a, 0x01, 0x00, 0x00, 0x05, 0x00, 0x00, 0x00, 0x15, // ................
	0x00, 0x04, 0x00, 0x1f, 0x01, 0x00, 0x00, 0x20, 0x00, 0x00, 0x00, 0x00, 0x00, 0x00, 0x00, 0x2b, // ....... .......+
	0x00, 0x04, 0x00, 0x1f, 0x01, 0x00, 0x00, 0x20, 0x01, 0x00, 0x00, 0x02, 0x00, 0x00, 0x00, 0x2b, // ....... .......+
	0x00, 0x04, 0x00, 0x1f, 0x01, 0x00, 0x00, 0x24, 0x01, 0x00, 0x00, 0x03, 0x00, 0x00, 0x00, 0x2b, // .......$.......+
	0x00, 0x04, 0x00, 0x07, 0x00, 0x00, 0x00, 0x2d, 0x01, 0x00, 0x00, 0x00, 0x00, 0x00, 0x34, 0x2b, // .......-......4+
	0x00, 0x04, 0x00, 0x07, 0x00, 0x00, 0x00, 0x38, 0x01, 0x00, 0x00, 0x55, 0x55, 0xd5, 0x3e, 0x2b, // .......8...UU.>+
	0x00, 0x04, 0x00, 0x07, 0x00, 0x00, 0x00, 0x40, 0x01, 0x00, 0x00, 0x3d, 0x0a, 0x87, 0x3f, 0x2b, // .......@...=..?+
	0x00, 0x04, 0x00, 0x07, 0x00, 0x00, 0x00, 0x42, 0x01, 0x00, 0x00, 0xae, 0x47, 0x61, 0x3d, 0x2b, // .......B....Ga=+
	0x00, 0x04, 0x00, 0x07, 0x00, 0x00, 0x00, 0x7b, 0x01, 0x00, 0x00, 0x00, 0x00, 0x00, 0x40, 0x2b, // .......{......@+
	0x00, 0x04, 0x00, 0x07, 0x00, 0x00, 0x00, 0x80, 0x01, 0x00, 0x00, 0x00, 0x00, 0x80, 0xbf, 0x2b, // ...............+
	0x00, 0x04, 0x00, 0x1f, 0x01, 0x00, 0x00, 0x81, 0x01, 0x00, 0x00, 0x01, 0x00, 0x00, 0x00, 0x2b, // ...............+
	0x00, 0x04, 0x00, 0x1f, 0x01, 0x00, 0x00, 0x86, 0x01, 0x00, 0x00, 0x00, 0x00, 0x00, 0x00, 0x2b, // ...............+
	0x00, 0x04, 0x00, 0x07, 0x00, 0x00, 0x00, 0x35, 0x02, 0x00, 0x00, 0x00, 0x00, 0x40, 0x40, 0x2b, // .......5.....@@+
	0x00, 0x04, 0x00, 0x07, 0x00, 0x00, 0x00, 0x9a, 0x02, 0x00, 0x00, 0x12, 0x51, 0x9c, 0x3e, 0x2b, // ............Q.>+
	0x00, 0x04, 0x00, 0x07, 0x00, 0x00, 0x00, 0x9c, 0x02, 0x00, 0x00, 0xc4, 0xa2, 0x2e, 0x3f, 0x2b, // ..............?+
	0x00, 0x04, 0x00, 0x07, 0x00, 0x00, 0x00, 0xa1, 0x02, 0x00, 0x00, 0xc2, 0x2c, 0x4d, 0x3c, 0x1e, // ............,M<.
	0x00, 0x14, 0x00, 0xc5, 0x02, 0x00, 0x00, 0x0d, 0x00, 0x00, 0x00, 0x0d, 0x00, 0x00, 0x00, 0x0d, // ................
	0x00, 0x00, 0x00, 0x0d, 0x00, 0x00, 0x00, 0x0d, 0x00, 0x00, 0x00, 0x0d, 0x00, 0x00, 0x00, 0x0d, // ................
	0x00, 0x00, 0x00, 0x0d, 0x00, 0x00, 0x00, 0x0d, 0x00, 0x00, 0x00, 0x0d, 0x00, 0x00, 0x00, 0x0d, // ................
	0x00, 0x00, 0x00, 0x0d, 0x00, 0x00, 0x00, 0x0d, 0x00, 0x00, 0x00, 0x0d, 0x00, 0x00, 0x00, 0x0d, // ................
	0x00, 0x00, 0x00, 0x0d, 0x00, 0x00, 0x00, 0x0d, 0x00, 0x00, 0x00, 0x0d, 0x00, 0x00, 0x00, 0x20, // ............... 
	0x00, 0x04, 0x00, 0xc6, 0x02, 0x00, 0x00, 0x02, 0x00, 0x00, 0x00, 0xc5, 0x02, 0x00, 0x00, 0x3b, // ...............;
	0x00, 0x04, 0x00, 0xc6, 0x02, 0x00, 0x00, 0xc7, 0x02, 0x00, 0x00, 0x02, 0x00, 0x00, 0x00, 0x2b, // ...............+
	0x00, 0x04, 0x00, 0xc2, 0x00, 0x00, 0x00, 0xc8, 0x02, 0x00, 0x00, 0x11, 0x00, 0x00, 0x00, 0x20, // ............... 
	0x00, 0x04, 0x00, 0xc9, 0x02, 0x00, 0x00, 0x02, 0x00, 0x00, 0x00, 0x07, 0x00, 0x00, 0x00, 0x20, // ............... 
	0x00, 0x04, 0x00, 0xd7, 0x02, 0x00, 0x00, 0x02, 0x00, 0x00, 0x00, 0x0d, 0x00, 0x00, 0x00, 0x2b, // ...............+
	0x00, 0x04, 0x00, 0x07, 0x00, 0x00, 0x00, 0x09, 0x03, 0x00, 0x00, 0x00, 0x00, 0x00, 0x3f, 0x2b, // ..............?+
	0x00, 0x04, 0x00, 0xc2, 0x00, 0x00, 0x00, 0xd3, 0x03, 0x00, 0x00, 0x09, 0x00, 0x00, 0x00, 0x2b, // ...............+
	0x00, 0x04, 0x00, 0xc2, 0x00, 0x00, 0x00, 0x31, 0x04, 0x00, 0x00, 0x0a, 0x00, 0x00, 0x00, 0x2b, // .......1.......+
	0x00, 0x04, 0x00, 0xc2, 0x00, 0x00, 0x00, 0x53, 0x04, 0x00, 0x00, 0x10, 0x00, 0x00, 0x00, 0x2b, // .......S.......+
	0x00, 0x04, 0x00, 0xc2, 0x00, 0x00, 0x00, 0x5d, 0x04, 0x00, 0x00, 0x0d, 0x00, 0x00, 0x00, 0x2b, // .......].......+
	0x00, 0x04, 0x00, 0xc2, 0x00, 0x00, 0x00, 0x73, 0x04, 0x00, 0x00, 0x0e, 0x00, 0x00, 0x00, 0x2b, // .......s.......+
	0x00, 0x04, 0x00, 0xc2, 0x00, 0x00, 0x00, 0x77, 0x04, 0x00, 0x00, 0x0f, 0x00, 0x00, 0x00, 0x2b, // .......w.......+
	0x00, 0x04, 0x00, 0xc2, 0x00, 0x00, 0x00, 0x98, 0x04, 0x00, 0x00, 0x0b, 0x00, 0x00, 0x00, 0x2b, // ...............+
	0x00, 0x04, 0x00, 0xc2, 0x00, 0x00, 0x00, 0x9c, 0x04, 0x00, 0x00, 0x0c, 0x00, 0x00, 0x00, 0x20, // ............... 
	0x00, 0x04, 0x00, 0xe2, 0x04, 0x00, 0x00, 0x01, 0x00, 0x00, 0x00, 0x0d, 0x00, 0x00, 0x00, 0x3b, // ...............;
	0x00, 0x04, 0x00, 0xe2, 0x04, 0x00, 0x00, 0xe6, 0x04, 0x00, 0x00, 0x01, 0x00, 0x00, 0x00, 0x3b, // ...............;
	0x00, 0x04, 0x00, 0xe2, 0x04, 0x00, 0x00, 0xe9, 0x04, 0x00, 0x00, 0x01, 0x00, 0x00, 0x00, 0x3b, // ...............;
	0x00, 0x04, 0x00, 0xe2, 0x04, 0x00, 0x00, 0xec, 0x04, 0x00, 0x00, 0x01, 0x00, 0x00, 0x00, 0x3b, // ...............;
	0x00, 0x04, 0x00, 0xe2, 0x04, 0x00, 0x00, 0xef, 0x04, 0x00, 0x00, 0x01, 0x00, 0x00, 0x00, 0x3b, // ...............;
	0x00, 0x04, 0x00, 0xe2, 0x04, 0x00, 0x00, 0xf2, 0x04, 0x00, 0x00, 0x01, 0x00, 0x00, 0x00, 0x3b, // ...............;
	0x00, 0x04, 0x00, 0xe2, 0x04, 0x00, 0x00, 0xf5, 0x04, 0x00, 0x00, 0x01, 0x00, 0x00, 0x00, 0x20, // ............... 
	0x00, 0x04, 0x00, 0xf8, 0x04, 0x00, 0x00, 0x01, 0x00, 0x00, 0x00, 0x13, 0x00, 0x00, 0x00, 0x3b, // ...............;
	0x00, 0x04, 0x00, 0xf8, 0x04, 0x00, 0x00, 0xf9, 0x04, 0x00, 0x00, 0x01, 0x00, 0x00, 0x00, 0x3b, // ...............;
	0x00, 0x04, 0x00, 0xf8, 0x04, 0x00, 0x00, 0xfc, 0x04, 0x00, 0x00, 0x01, 0x00, 0x00, 0x00, 0x3b, // ...............;
	0x00, 0x04, 0x00, 0xf8, 0x04, 0x00, 0x00, 0xff, 0x04, 0x00, 0x00, 0x01, 0x00, 0x00, 0x00, 0x20, // ............... 
	0x00, 0x04, 0x00, 0x19, 0x05, 0x00, 0x00, 0x03, 0x00, 0x00, 0x00, 0x0d, 0x00, 0x00, 0x00, 0x3b, // ...............;
	0x00, 0x04, 0x00, 0x19, 0x05, 0x00, 0x00, 0x1a, 0x05, 0x00, 0x00, 0x03, 0x00, 0x00, 0x00, 0x2c, // ...............,
	0x00, 0x05, 0x00, 0x0b, 0x00, 0x00, 0x00, 0x05, 0x0c, 0x00, 0x00, 0xec, 0x00, 0x00, 0x00, 0xec, // ................
	0x00, 0x00, 0x00, 0x2c, 0x00, 0x06, 0x00, 0x13, 0x00, 0x00, 0x00, 0x06, 0x0c, 0x00, 0x00, 0x38, // ...,...........8
	0x01, 0x00, 0x00, 0x38, 0x01, 0x00, 0x00, 0x38, 0x01, 0x00, 0x00, 0x2c, 0x00, 0x06, 0x00, 0x13, // ...8...8...,....
	0x00, 0x00, 0x00, 0x07, 0x0c, 0x00, 0x00, 0x2d, 0x01, 0x00, 0x00, 0x2d, 0x01, 0x00, 0x00, 0x2d, // .......-...-...-
	0x01, 0x00, 0x00, 0x2c, 0x00, 0x06, 0x00, 0x13, 0x00, 0x00, 0x00, 0x08, 0x0c, 0x00, 0x00, 0x42, // ...,...........B
	0x01, 0x00, 0x00, 0x42, 0x01, 0x00, 0x00, 0x42, 0x01, 0x00, 0x00, 0x2c, 0x00, 0x06, 0x00, 0x13, // ...B...B...,....
	0x00, 0x00, 0x00, 0x09, 0x0c, 0x00, 0x00, 0xed, 0x00, 0x00, 0x00, 0xed, 0x00, 0x00, 0x00, 0xed, // ................
	0x00, 0x00, 0x00, 0x2c, 0x00, 0x06, 0x00, 0x13, 0x00, 0x00, 0x00, 0x0a, 0x0c, 0x00, 0x00, 0x09, // ...,............
	0x03, 0x00, 0x00, 0x09, 0x03, 0x00, 0x00, 0x09, 0x03, 0x00, 0x00, 0x2c, 0x00, 0x06, 0x00, 0x13, // ...........,....
	0x00, 0x00, 0x00, 0x0c, 0x0c, 0x00, 0x00, 0x9c, 0x02, 0x00, 0x00, 0x9c, 0x02, 0x00, 0x00, 0x9c, // ................
	0x02, 0x00, 0x00, 0x2c, 0x00, 0x06, 0x00, 0x13, 0x00, 0x00, 0x00, 0x0d, 0x0c, 0x00, 0x00, 0xa1, // ...,............
	0x02, 0x00, 0x00, 0xa1, 0x02, 0x00, 0x00, 0xa1, 0x02, 0x00, 0x00, 0x2c, 0x00, 0x05, 0x00, 0x0b, // ...........,....
	0x00, 0x00, 0x00, 0x0e, 0x0c, 0x00, 0x00, 0x09, 0x03, 0x00, 0x00, 0x09, 0x03, 0x00, 0x00, 0x20, // ............... 
	0x00, 0x04, 0x00, 0x0f, 0x0c, 0x00, 0x00, 0x01, 0x00, 0x00, 0x00, 0x07, 0x00, 0x00, 0x00, 0x01, // ................
	0x00, 0x03, 0x00, 0x07, 0x00, 0x00, 0x00, 0x10, 0x0c, 0x00, 0x00, 0x01, 0x00, 0x03, 0x00, 0x07, // ................
	0x00, 0x00, 0x00, 0xc6, 0x0c, 0x00, 0x00, 0x36, 0x00, 0x05, 0x00, 0x02, 0x00, 0x00, 0x00, 0x04, // .......6........
	0x00, 0x00, 0x00, 0x00, 0x00, 0x00, 0x00, 0x03, 0x00, 0x00, 0x00, 0xf8, 0x00, 0x02, 0x00, 0x05, // ................
	0x00, 0x00, 0x00, 0x3d, 0x00, 0x04, 0x00, 0x06, 0x00, 0x00, 0x00, 0x93, 0x00, 0x00, 0x00, 0x92, // ...=............
	0x00, 0x00, 0x00, 0x3d, 0x00, 0x04, 0x00, 0x08, 0x00, 0x00, 0x00, 0x96, 0x00, 0x00, 0x00, 0x95, // ...=............
	0x00, 0x00, 0x00, 0x3d, 0x00, 0x04, 0x00, 0x06, 0x00, 0x00, 0x00, 0x9a, 0x00, 0x00, 0x00, 0x99, // ...=............
	0x00, 0x00, 0x00, 0x3d, 0x00, 0x04, 0x00, 0x08, 0x00, 0x00, 0x00, 0x9c, 0x00, 0x00, 0x00, 0x9b, // ...=............
	0x00, 0x00, 0x00, 0x3d, 0x00, 0x04, 0x00, 0x06, 0x00, 0x00, 0x00, 0xa0, 0x00, 0x00, 0x00, 0x9f, // ...=............
	0x00, 0x00, 0x00, 0x3d, 0x00, 0x04, 0x00, 0x08, 0x00, 0x00, 0x00, 0xa2, 0x00, 0x00, 0x00, 0xa1, // ...=............
	0x00, 0x00, 0x00, 0x3d, 0x00, 0x04, 0x00, 0x06, 0x00, 0x00, 0x00, 0xa6, 0x00, 0x00, 0x00, 0xa5, // ...=............
	0x00, 0x00, 0x00, 0x3d, 0x00, 0x04, 0x00, 0x08, 0x00, 0x00, 0x00, 0xa8, 0x00, 0x00, 0x00, 0xa7, // ...=............
	0x00, 0x00, 0x00, 0x3d, 0x00, 0x04, 0x00, 0x06, 0x00, 0x00, 0x00, 0xac, 0x00, 0x00, 0x00, 0xab, // ...=............
	0x00, 0x00, 0x00, 0x3d, 0x00, 0x04, 0x00, 0x08, 0x00, 0x00, 0x00, 0xae, 0x00, 0x00, 0x00, 0xad, // ...=............
	0x00, 0x00, 0x00, 0x3d, 0x00, 0x04, 0x00, 0x06, 0x00, 0x00, 0x00, 0xb2, 0x00, 0x00, 0x00, 0xb1, // ...=............
	0x00, 0x00, 0x00, 0x3d, 0x00, 0x04, 0x00, 0x08, 0x00, 0x00, 0x00, 0xb4, 0x00, 0x00, 0x00, 0xb3, // ...=............
	0x00, 0x00, 0x00, 0x3d, 0x00, 0x04, 0x00, 0x06, 0x00, 0x00, 0x00, 0xb8, 0x00, 0x00, 0x00, 0xb7, // ...=............
	0x00, 0x00, 0x00, 0x3d, 0x00, 0x04, 0x00, 0x08, 0x00, 0x00, 0x00, 0xba, 0x00, 0x00, 0x00, 0xb9, // ...=............
	0x00, 0x00, 0x00, 0x3d, 0x00, 0x04, 0x00, 0x06, 0x00, 0x00, 0x00, 0xbe, 0x00, 0x00, 0x00, 0xbd, // ...=............
	0x00, 0x00, 0x00, 0x3d, 0x00, 0x04, 0x00, 0x08, 0x00, 0x00, 0x00, 0xc0, 0x00, 0x00, 0x00, 0xbf, // ...=............
	0x00, 0x00, 0x00, 0x3d, 0x00, 0x04, 0x00, 0x0d, 0x00, 0x00, 0x00, 0xe7, 0x04, 0x00, 0x00, 0xe6, // ...=............
	0x04, 0x00, 0x00, 0x3d, 0x00, 0x04, 0x00, 0x0d, 0x00, 0x00, 0x00, 0xea, 0x04, 0x00, 0x00, 0xe9, // ...=............
	0x04, 0x00, 0x00, 0x3d, 0x00, 0x04, 0x00, 0x0d, 0x00, 0x00, 0x00, 0xed, 0x04, 0x00, 0x00, 0xec, // ...=............
	0x04, 0x00, 0x00, 0x3d, 0x00, 0x04, 0x00, 0x0d, 0x00, 0x00, 0x00, 0xf0, 0x04, 0x00, 0x00, 0xef, // ...=............
	0x04, 0x00, 0x00, 0x3d, 0x00, 0x04, 0x00, 0x0d, 0x00, 0x00, 0x00, 0xf3, 0x04, 0x00, 0x00, 0xf2, // ...=............
	0x04, 0x00, 0x00, 0x3d, 0x00, 0x04, 0x00, 0x0d, 0x00, 0x00, 0x00, 0xf6, 0x04, 0x00, 0x00, 0xf5, // ...=............
	0x04, 0x00, 0x00, 0x3d, 0x00, 0x04, 0x00, 0x13, 0x00, 0x00, 0x00, 0xfa, 0x04, 0x00, 0x00, 0xf9, // ...=............
	0x04, 0x00, 0x00, 0x3d, 0x00, 0x04, 0x00, 0x13, 0x00, 0x00, 0x00, 0xfd, 0x04, 0x00, 0x00, 0xfc, // ...=............
	0x04, 0x00, 0x00, 0x3d, 0x00, 0x04, 0x00, 0x13, 0x00, 0x00, 0x00, 0x00, 0x05, 0x00, 0x00, 0xff, // ...=............
	0x04, 0x00, 0x00, 0x41, 0x00, 0x06, 0x00, 0xc9, 0x02, 0x00, 0x00, 0xd0, 0x05, 0x00, 0x00, 0xc7, // ...A............
	0x02, 0x00, 0x00, 0xc8, 0x02, 0x00, 0x00, 0x86, 0x01, 0x00, 0x00, 0x3d, 0x00, 0x04, 0x00, 0x07, // ...........=....
	0x00, 0x00, 0x00, 0xd1, 0x05, 0x00, 0x00, 0xd0, 0x05, 0x00, 0x00, 0xb7, 0x00, 0x05, 0x00, 0x4a, // ...............J
	0x00, 0x00, 0x00, 0xd2, 0x05, 0x00, 0x00, 0xd1, 0x05, 0x00, 0x00, 0xed, 0x00, 0x00, 0x00, 0x4f, // ...............O
	0x00, 0x07, 0x00, 0x0b, 0x00, 0x00, 0x00, 0x52, 0x07, 0x00, 0x00, 0xe7, 0x04, 0x00, 0x00, 0xe7, // .......R........
	0x04, 0x00, 0x00, 0x00, 0x00, 0x00, 0x00, 0x01, 0x00, 0x00, 0x00, 0x4f, 0x00, 0x07, 0x00, 0x0b, // ...........O....
	0x00, 0x00, 0x00, 0x56, 0x07, 0x00, 0x00, 0xe7, 0x04, 0x00, 0x00, 0xe7, 0x04, 0x00, 0x00, 0x02, // ...V............
	0x00, 0x00, 0x00, 0x03, 0x00, 0x00, 0x00, 0x4f, 0x00, 0x07, 0x00, 0x0b, 0x00, 0x00, 0x00, 0x5a, // .......O.......Z
	0x07, 0x00, 0x00, 0xed, 0x04, 0x00, 0x00, 0xed, 0x04, 0x00, 0x00, 0x00, 0x00, 0x00, 0x00, 0x01, // ................
	0x00, 0x00, 0x00, 0x4f, 0x00, 0x07, 0x00, 0x0b, 0x00, 0x00, 0x00, 0x5e, 0x07, 0x00, 0x00, 0xea, // ...O.......^....
	0x04, 0x00, 0x00, 0xea, 0x04, 0x00, 0x00, 0x00, 0x00, 0x00, 0x00, 0x01, 0x00, 0x00, 0x00, 0x4f, // ...............O
	0x00, 0x07, 0x00, 0x0b, 0x00, 0x00, 0x00, 0x62, 0x07, 0x00, 0x00, 0xea, 0x04, 0x00, 0x00, 0xea, // .......b........
	0x04, 0x00, 0x00, 0x02, 0x00, 0x00, 0x00, 0x03, 0x00, 0x00, 0x00, 0x4f, 0x00, 0x07, 0x00, 0x0b, // ...........O....
	0x00, 0x00, 0x00, 0x66, 0x07, 0x00, 0x00, 0xed, 0x04, 0x00, 0x00, 0xed, 0x04, 0x00, 0x00, 0x02, // ...f............
	0x00, 0x00, 0x00, 0x03, 0x00, 0x00, 0x00, 0x41, 0x00, 0x05, 0x00, 0x0f, 0x0c, 0x00, 0x00, 0xba, // .......A........
	0x0b, 0x00, 0x00, 0xf5, 0x04, 0x00, 0x00, 0x20, 0x01, 0x00, 0x00, 0x3d, 0x00, 0x04, 0x00, 0x07, // ....... ...=....
	0x00, 0x00, 0x00, 0x69, 0x07, 0x00, 0x00, 0xba, 0x0b, 0x00, 0x00, 0x41, 0x00, 0x05, 0x00, 0x0f, // ...i.......A....
	0x0c, 0x00, 0x00, 0xbb, 0x0b, 0x00, 0x00, 0xf5, 0x04, 0x00, 0x00, 0x24, 0x01, 0x00, 0x00, 0x3d, // ...........$...=
	0x00, 0x04, 0x00, 0x07, 0x00, 0x00, 0x00, 0x6c, 0x07, 0x00, 0x00, 0xbb, 0x0b, 0x00, 0x00, 0x41, // .......l.......A
	0x00, 0x05, 0x00, 0xd7, 0x02, 0x00, 0x00, 0xd8, 0x05, 0x00, 0x00, 0xc7, 0x02, 0x00, 0x00, 0x15, // ................
	0x01, 0x00, 0x00, 0x3d, 0x00, 0x04, 0x00, 0x0d, 0x00, 0x00, 0x00, 0xd9, 0x05, 0x00, 0x00, 0xd8, // ...=............
	0x05, 0x00, 0x00, 0x56, 0x00, 0x05, 0x00, 0xcb, 0x00, 0x00, 0x00, 0x9e, 0x07, 0x00, 0x00, 0x96, // ...V............
	0x00, 0x00, 0x00, 0x93, 0x00, 0x00, 0x00, 0x57, 0x00, 0x05, 0x00, 0x0d, 0x00, 0x00, 0x00, 0xa0, // .......W........
	0x07, 0x00, 0x00, 0x9e, 0x07, 0x00, 0x00, 0x56, 0x07, 0x00, 0x00, 0xf7, 0x00, 0x03, 0x00, 0x84, // .......V........
	0x07, 0x00, 0x00, 0x00, 0x00, 0x00, 0x00, 0xfa, 0x00, 0x04, 0x00, 0xd2, 0x05, 0x00, 0x00, 0x7e, // ...............~
	0x07, 0x00, 0x00, 0x84, 0x07, 0x00, 0x00, 0xf8, 0x00, 0x02, 0x00, 0x7e, 0x07, 0x00, 0x00, 0xf7, // ...........~....
	0x00, 0x03, 0x00, 0xb0, 0x07, 0x00, 0x00, 0x00, 0x00, 0x00, 0x00, 0xfb, 0x00, 0x03, 0x00, 0x86, // ................
	0x01, 0x00, 0x00, 0xa7, 0x07, 0x00, 0x00, 0xf8, 0x00, 0x02, 0x00, 0xa7, 0x07, 0x00, 0x00, 0xa8, // ................
	0x00, 0x04, 0x00, 0x4a, 0x00, 0x00, 0x00, 0xa9, 0x07, 0x00, 0x00, 0xd2, 0x05, 0x00, 0x00, 0xf7, // ...J............
	0x00, 0x03, 0x00, 0xac, 0x07, 0x00, 0x00, 0x00, 0x00, 0x00, 0x00, 0xfa, 0x00, 0x04, 0x00, 0xa9, // ................
	0x07, 0x00, 0x00, 0xaa, 0x07, 0x00, 0x00, 0xac, 0x07, 0x00, 0x00, 0xf8, 0x00, 0x02, 0x00, 0xaa, // ................
	0x07, 0x00, 0x00, 0xf9, 0x00, 0x02, 0x00, 0xb0, 0x07, 0x00, 0x00, 0xf8, 0x00, 0x02, 0x00, 0xac, // ................
	0x07, 0x00, 0x00, 0x4f, 0x00, 0x08, 0x00, 0x13, 0x00, 0x00, 0x00, 0xb7, 0x07, 0x00, 0x00, 0xa0, // ...O............
	0x07, 0x00, 0x00, 0xa0, 0x07, 0x00, 0x00, 0x00, 0x00, 0x00, 0x00, 0x01, 0x00, 0x00, 0x00, 0x02, // ................
	0x00, 0x00, 0x00, 0x0c, 0x00, 0x06, 0x00, 0x13, 0x00, 0x00, 0x00, 0xdb, 0x07, 0x00, 0x00, 0x01, // ................
	0x00, 0x00, 0x00, 0x04, 0x00, 0x00, 0x00, 0xb7, 0x07, 0x00, 0x00, 0x0c, 0x00, 0x07, 0x00, 0x13, // ................
	0x00, 0x00, 0x00, 0xdd, 0x07, 0x00, 0x00, 0x01, 0x00, 0x00, 0x00, 0x28, 0x00, 0x00, 0x00, 0xdb, // ...........(....
	0x07, 0x00, 0x00, 0x07, 0x0c, 0x00, 0x00, 0x0c, 0x00, 0x07, 0x00, 0x13, 0x00, 0x00, 0x00, 0xdf, // ................
	0x07, 0x00, 0x00, 0x01, 0x00, 0x00, 0x00, 0x1a, 0x00, 0x00, 0x00, 0xdd, 0x07, 0x00, 0x00, 0x06, // ................
	0x0c, 0x00, 0x00, 0x8e, 0x00, 0x05, 0x00, 0x13, 0x00, 0x00, 0x00, 0xce, 0x07, 0x00, 0x00, 0xdf, // ................
	0x07, 0x00, 0x00, 0x40, 0x01, 0x00, 0x00, 0x83, 0x00, 0x05, 0x00, 0x13, 0x00, 0x00, 0x00, 0xd0, // ...@............
	0x07, 0x00, 0x00, 0xce, 0x07, 0x00, 0x00, 0x08, 0x0c, 0x00, 0x00, 0x0c, 0x00, 0x07, 0x00, 0x13, // ................
	0x00, 0x00, 0x00, 0xd2, 0x07, 0x00, 0x00, 0x01, 0x00, 0x00, 0x00, 0x28, 0x00, 0x00, 0x00, 0xd0, // ...........(....
	0x07, 0x00, 0x00, 0x09, 0x0c, 0x00, 0x00, 0x51, 0x00, 0x05, 0x00, 0x07, 0x00, 0x00, 0x00, 0xbc, // .......Q........
	0x07, 0x00, 0x00, 0xd2, 0x07, 0x00, 0x00, 0x00, 0x00, 0x00, 0x00, 0x51, 0x00, 0x05, 0x00, 0x07, // ...........Q....
	0x00, 0x00, 0x00, 0xbd, 0x07, 0x00, 0x00, 0xd2, 0x07, 0x00, 0x00, 0x01, 0x00, 0x00, 0x00, 0x50, // ...............P
	0x00, 0x07, 0x00, 0x0d, 0x00, 0x00, 0x00, 0xbf, 0x07, 0x00, 0x00, 0xbc, 0x07, 0x00, 0x00, 0xbd, // ................
	0x07, 0x00, 0x00, 0x10, 0x0c, 0x00, 0x00, 0x10, 0x0c, 0x00, 0x00, 0xf9, 0x00, 0x02, 0x00, 0xb0, // ................
	0x07, 0x00, 0x00, 0xf8, 0x00, 0x02, 0x00, 0xb0, 0x07, 0x00, 0x00, 0xf5, 0x00, 0x07, 0x00, 0x0d, // ................
	0x00, 0x00, 0x00, 0xf6, 0x0b, 0x00, 0x00, 0xa0, 0x07, 0x00, 0x00, 0xaa, 0x07, 0x00, 0x00, 0xbf, // ................
	0x07, 0x00, 0x00, 0xac, 0x07, 0x00, 0x00, 0xf9, 0x00, 0x02, 0x00, 0x84, 0x07, 0x00, 0x00, 0xf8, // ................
	0x00, 0x02, 0x00, 0x84, 0x07, 0x00, 0x00, 0xf5, 0x00, 0x07, 0x00, 0x0d, 0x00, 0x00, 0x00, 0xf7, // ................
	0x0b, 0x00, 0x00, 0xa0, 0x07, 0x00, 0x00, 0x05, 0x00, 0x00, 0x00, 0xf6, 0x0b, 0x00, 0x00, 0xb0, // ................
	0x07, 0x00, 0x00, 0x4f, 0x00, 0x07, 0x00, 0x0b, 0x00, 0x00, 0x00, 0x86, 0x07, 0x00, 0x00, 0xf7, // ...O............
	0x0b, 0x00, 0x00, 0xf7, 0x0b, 0x00, 0x00, 0x00, 0x00, 0x00, 0x00, 0x01, 0x00, 0x00, 0x00, 0x8e, // ................
	0x00, 0x05, 0x00, 0x0b, 0x00, 0x00, 0x00, 0x87, 0x07, 0x00, 0x00, 0x86, 0x07, 0x00, 0x00, 0x7b, // ...............{
	0x01, 0x00, 0x00, 0x83, 0x00, 0x05, 0x00, 0x0b, 0x00, 0x00, 0x00, 0x89, 0x07, 0x00, 0x00, 0x87, // ................
	0x07, 0x00, 0x00, 0x05, 0x0c, 0x00, 0x00, 0x51, 0x00, 0x05, 0x00, 0x07, 0x00, 0x00, 0x00, 0x8b, // .......Q........
	0x07, 0x00, 0x00, 0x89, 0x07, 0x00, 0x00, 0x01, 0x00, 0x00, 0x00, 0x85, 0x00, 0x05, 0x00, 0x07, // ................
	0x00, 0x00, 0x00, 0x8c, 0x07, 0x00, 0x00, 0x8b, 0x07, 0x00, 0x00, 0x80, 0x01, 0x00, 0x00, 0x51, // ...............Q
	0x00, 0x05, 0x00, 0x07, 0x00, 0x00, 0x00, 0x8f, 0x07, 0x00, 0x00, 0xd9, 0x05, 0x00, 0x00, 0x02, // ................
	0x00, 0x00, 0x00, 0x51, 0x00, 0x05, 0x00, 0x07, 0x00, 0x00, 0x00, 0x91, 0x07, 0x00, 0x00, 0xd9, // ...Q............
	0x05, 0x00, 0x00, 0x03, 0x00, 0x00, 0x00, 0x85, 0x00, 0x05, 0x00, 0x07, 0x00, 0x00, 0x00, 0x94, // ................
	0x07, 0x00, 0x00, 0x91, 0x07, 0x00, 0x00, 0x8c, 0x07, 0x00, 0x00, 0x81, 0x00, 0x05, 0x00, 0x07, // ................
	0x00, 0x00, 0x00, 0x95, 0x07, 0x00, 0x00, 0x8f, 0x07, 0x00, 0x00, 0x94, 0x07, 0x00, 0x00, 0x52, // ...............R
	0x00, 0x06, 0x00, 0x0b, 0x00, 0x00, 0x00, 0x18, 0x0c, 0x00, 0x00, 0x95, 0x07, 0x00, 0x00, 0x89, // ................
	0x07, 0x00, 0x00, 0x01, 0x00, 0x00, 0x00, 0x41, 0x00, 0x06, 0x00, 0xc9, 0x02, 0x00, 0x00, 0xe0, // .......A........
	0x05, 0x00, 0x00, 0xc7, 0x02, 0x00, 0x00, 0x15, 0x01, 0x00, 0x00, 0x86, 0x01, 0x00, 0x00, 0x3d, // ...............=
	0x00, 0x04, 0x00, 0x07, 0x00, 0x00, 0x00, 0xe1, 0x05, 0x00, 0x00, 0xe0, 0x05, 0x00, 0x00, 0x8e, // ................
	0x00, 0x05, 0x00, 0x0b, 0x00, 0x00, 0x00, 0xe3, 0x05, 0x00, 0x00, 0x18, 0x0c, 0x00, 0x00, 0xe1, // ................
	0x05, 0x00, 0x00, 0x4f, 0x00, 0x07, 0x00, 0x0b, 0x00, 0x00, 0x00, 0xe6, 0x05, 0x00, 0x00, 0xf6, // ...O............
	0x04, 0x00, 0x00, 0xf6, 0x04, 0x00, 0x00, 0x00, 0x00, 0x00, 0x00, 0x01, 0x00, 0x00, 0x00, 0x81, // ................
	0x00, 0x05, 0x00, 0x0b, 0x00, 0x00, 0x00, 0xe8, 0x05, 0x00, 0x00, 0xe6, 0x05, 0x00, 0x00, 0xe3, // ................
	0x05, 0x00, 0x00, 0x56, 0x00, 0x05, 0x00, 0xcb, 0x00, 0x00, 0x00, 0xf6, 0x07, 0x00, 0x00, 0x9c, // ...V............
	0x00, 0x00, 0x00, 0x9a, 0x00, 0x00, 0x00, 0x57, 0x00, 0x05, 0x00, 0x0d, 0x00, 0x00, 0x00, 0xf8, // .......W........
	0x07, 0x00, 0x00, 0xf6, 0x07, 0x00, 0x00, 0xe8, 0x05, 0x00, 0x00, 0xf7, 0x00, 0x03, 0x00, 0x08, // ................
	0x08, 0x00, 0x00, 0x00, 0x00, 0x00, 0x00, 0xfb, 0x00, 0x03, 0x00, 0x86, 0x01, 0x00, 0x00, 0xff, // ................
	0x07, 0x00, 0x00, 0xf8, 0x00, 0x02, 0x00, 0xff, 0x07, 0x00, 0x00, 0xa8, 0x00, 0x04, 0x00, 0x4a, // ...............J
	0x00, 0x00, 0x00, 0x01, 0x08, 0x00, 0x00, 0xd2, 0x05, 0x00, 0x00, 0xf7, 0x00, 0x03, 0x00, 0x04, // ................
	0x08, 0x00, 0x00, 0x00, 0x00, 0x00, 0x00, 0xfa, 0x00, 0x04, 0x00, 0x01, 0x08, 0x00, 0x00, 0x02, // ................
	0x08, 0x00, 0x00, 0x04, 0x08, 0x00, 0x00, 0xf8, 0x00, 0x02, 0x00, 0x02, 0x08, 0x00, 0x00, 0xf9, // ................
	0x00, 0x02, 0x00, 0x08, 0x08, 0x00, 0x00, 0xf8, 0x00, 0x02, 0x00, 0x04, 0x08, 0x00, 0x00, 0x4f, // ...............O
	0x00, 0x08, 0x00, 0x13, 0x00, 0x00, 0x00, 0x0f, 0x08, 0x00, 0x00, 0xf8, 0x07, 0x00, 0x00, 0xf8, // ................
	0x07, 0x00, 0x00, 0x00, 0x00, 0x00, 0x00, 0x01, 0x00, 0x00, 0x00, 0x02, 0x00, 0x00, 0x00, 0x0c, // ................
	0x00, 0x06, 0x00, 0x13, 0x00, 0x00, 0x00, 0x33, 0x08, 0x00, 0x00, 0x01, 0x00, 0x00, 0x00, 0x04, // .......3........
	0x00, 0x00, 0x00, 0x0f, 0x08, 0x00, 0x00, 0x0c, 0x00, 0x07, 0x00, 0x13, 0x00, 0x00, 0x00, 0x35, // ...............5
	0x08, 0x00, 0x00, 0x01, 0x00, 0x00, 0x00, 0x28, 0x00, 0x00, 0x00, 0x33, 0x08, 0x00, 0x00, 0x07, // .......(...3....
	0x0c, 0x00, 0x00, 0x0c, 0x00, 0x07, 0x00, 0x13, 0x00, 0x00, 0x00, 0x37, 0x08, 0x00, 0x00, 0x01, // ...........7....
	0x00, 0x00, 0x00, 0x1a, 0x00, 0x00, 0x00, 0x35, 0x08, 0x00, 0x00, 0x06, 0x0c, 0x00, 0x00, 0x8e, // .......5........
	0x00, 0x05, 0x00, 0x13, 0x00, 0x00, 0x00, 0x26, 0x08, 0x00, 0x00, 0x37, 0x08, 0x00, 0x00, 0x40, // .......&...7...@
	0x01, 0x00, 0x00, 0x83, 0x00, 0x05, 0x00, 0x13, 0x00, 0x00, 0x00, 0x28, 0x08, 0x00, 0x00, 0x26, // ...........(...&
	0x08, 0x00, 0x00, 0x08, 0x0c, 0x00, 0x00, 0x0c, 0x00, 0x07, 0x00, 0x13, 0x00, 0x00, 0x00, 0x2a, // ...............*
	0x08, 0x00, 0x00, 0x01, 0x00, 0x00, 0x00, 0x28, 0x00, 0x00, 0x00, 0x28, 0x08, 0x00, 0x00, 0x09, // .......(...(....
	0x0c, 0x00, 0x00, 0x51, 0x00, 0x05, 0x00, 0x07, 0x00, 0x00, 0x00, 0x13, 0x08, 0x00, 0x00, 0xf8, // ...Q............
	0x07, 0x00, 0x00, 0x03, 0x00, 0x00, 0x00, 0x51, 0x00, 0x05, 0x00, 0x07, 0x00, 0x00, 0x00, 0x14, // .......Q........
	0x08, 0x00, 0x00, 0x2a, 0x08, 0x00, 0x00, 0x00, 0x00, 0x00, 0x00, 0x51, 0x00, 0x05, 0x00, 0x07, // ...*.......Q....
	0x00, 0x00, 0x00, 0x15, 0x08, 0x00, 0x00, 0x2a, 0x08, 0x00, 0x00, 0x01, 0x00, 0x00, 0x00, 0x51, // .......*.......Q
	0x00, 0x05, 0x00, 0x07, 0x00, 0x00, 0x00, 0x16, 0x08, 0x00, 0x00, 0x2a, 0x08, 0x00, 0x00, 0x02, // ...........*....
	0x00, 0x00, 0x00, 0x50, 0x00, 0x07, 0x00, 0x0d, 0x00, 0x00, 0x00, 0x17, 0x08, 0x00, 0x00, 0x14, // ...P............
	0x08, 0x00, 0x00, 0x15, 0x08, 0x00, 0x00, 0x16, 0x08, 0x00, 0x00, 0x13, 0x08, 0x00, 0x00, 0xf9, // ................
	0x00, 0x02, 0x00, 0x08, 0x08, 0x00, 0x00, 0xf8, 0x00, 0x02, 0x00, 0x08, 0x08, 0x00, 0x00, 0xf5, // ................
	0x00, 0x07, 0x00, 0x0d, 0x00, 0x00, 0x00, 0xf8, 0x0b, 0x00, 0x00, 0xf8, 0x07, 0x00, 0x00, 0x02, // ................
	0x08, 0x00, 0x00, 0x17, 0x08, 0x00, 0x00, 0x04, 0x08, 0x00, 0x00, 0x85, 0x00, 0x05, 0x00, 0x0d, // ................
	0x00, 0x00, 0x00, 0xf1, 0x05, 0x00, 0x00, 0xf8, 0x0b, 0x00, 0x00, 0xf0, 0x04, 0x00, 0x00, 0x56, // ...............V
	0x00, 0x05, 0x00, 0xcb, 0x00, 0x00, 0x00, 0x4a, 0x08, 0x00, 0x00, 0xa2, 0x00, 0x00, 0x00, 0xa0, // .......J........
	0x00, 0x00, 0x00, 0x57, 0x00, 0x05, 0x00, 0x0d, 0x00, 0x00, 0x00, 0x4c, 0x08, 0x00, 0x00, 0x4a, // ...W.......L...J
	0x08, 0x00, 0x00, 0xe8, 0x05, 0x00, 0x00, 0x4f, 0x00, 0x08, 0x00, 0x13, 0x00, 0x00, 0x00, 0xf9, // .......O........
	0x05, 0x00, 0x00, 0x4c, 0x08, 0x00, 0x00, 0x4c, 0x08, 0x00, 0x00, 0x00, 0x00, 0x00, 0x00, 0x01, // ...L...L........
	0x00, 0x00, 0x00, 0x02, 0x00, 0x00, 0x00, 0x83, 0x00, 0x05, 0x00, 0x13, 0x00, 0x00, 0x00, 0xfb, // ................
	0x05, 0x00, 0x00, 0xf9, 0x05, 0x00, 0x00, 0x0a, 0x0c, 0x00, 0x00, 0x8e, 0x00, 0x05, 0x00, 0x13, // ................
	0x00, 0x00, 0x00, 0xfc, 0x05, 0x00, 0x00, 0xfb, 0x05, 0x00, 0x00, 0x7b, 0x01, 0x00, 0x00, 0x50, // ...........{...P
	0x00, 0x06, 0x00, 0x2f, 0x00, 0x00, 0x00, 0x63, 0x08, 0x00, 0x00, 0x00, 0x05, 0x00, 0x00, 0xfa, // .../...c........
	0x04, 0x00, 0x00, 0xfd, 0x04, 0x00, 0x00, 0x54, 0x00, 0x04, 0x00, 0x2f, 0x00, 0x00, 0x00, 0x64, // .......T.../...d
	0x08, 0x00, 0x00, 0x63, 0x08, 0x00, 0x00, 0x90, 0x00, 0x05, 0x00, 0x13, 0x00, 0x00, 0x00, 0x05, // ...c............
	0x06, 0x00, 0x00, 0xfc, 0x05, 0x00, 0x00, 0x64, 0x08, 0x00, 0x00, 0x0c, 0x00, 0x06, 0x00, 0x13, // .......d........
	0x00, 0x00, 0x00, 0x06, 0x06, 0x00, 0x00, 0x01, 0x00, 0x00, 0x00, 0x45, 0x00, 0x00, 0x00, 0x05, // ...........E....
	0x06, 0x00, 0x00, 0x81, 0x00, 0x05, 0x00, 0x0b, 0x00, 0x00, 0x00, 0x0e, 0x06, 0x00, 0x00, 0x66, // ...............f
	0x07, 0x00, 0x00, 0xe3, 0x05, 0x00, 0x00, 0x41, 0x00, 0x05, 0x00, 0xd7, 0x02, 0x00, 0x00, 0x10, // .......A........
	0x06, 0x00, 0x00, 0xc7, 0x02, 0x00, 0x00, 0x0f, 0x01, 0x00, 0x00, 0x3d, 0x00, 0x04, 0x00, 0x0d, // ...........=....
	0x00, 0x00, 0x00, 0x11, 0x06, 0x00, 0x00, 0x10, 0x06, 0x00, 0x00, 0x51, 0x00, 0x05, 0x00, 0x07, // ...........Q....
	0x00, 0x00, 0x00, 0x73, 0x08, 0x00, 0x00, 0x11, 0x06, 0x00, 0x00, 0x00, 0x00, 0x00, 0x00, 0xba, // ...s............
	0x00, 0x05, 0x00, 0x4a, 0x00, 0x00, 0x00, 0x74, 0x08, 0x00, 0x00, 0x73, 0x08, 0x00, 0x00, 0xed, // ...J...t...s....
	0x00, 0x00, 0x00, 0xf7, 0x00, 0x03, 0x00, 0x8e, 0x08, 0x00, 0x00, 0x00, 0x00, 0x00, 0x00, 0xfa, // ................
	0x00, 0x04, 0x00, 0x74, 0x08, 0x00, 0x00, 0x75, 0x08, 0x00, 0x00, 0x8e, 0x08, 0x00, 0x00, 0xf8, // ...t...u........
	0x00, 0x02, 0x00, 0x75, 0x08, 0x00, 0x00, 0x56, 0x00, 0x05, 0x00, 0xcb, 0x00, 0x00, 0x00, 0x95, // ...u...V........
	0x08, 0x00, 0x00, 0x9c, 0x00, 0x00, 0x00, 0x9a, 0x00, 0x00, 0x00, 0x57, 0x00, 0x05, 0x00, 0x0d, // ...........W....
	0x00, 0x00, 0x00, 0x97, 0x08, 0x00, 0x00, 0x95, 0x08, 0x00, 0x00, 0x0e, 0x06, 0x00, 0x00, 0xf7, // ................
	0x00, 0x03, 0x00, 0x80, 0x08, 0x00, 0x00, 0x00, 0x00, 0x00, 0x00, 0xfa, 0x00, 0x04, 0x00, 0xd2, // ................
	0x05, 0x00, 0x00, 0x7a, 0x08, 0x00, 0x00, 0x80, 0x08, 0x00, 0x00, 0xf8, 0x00, 0x02, 0x00, 0x7a, // ...z...........z
	0x08, 0x00, 0x00, 0xf7, 0x00, 0x03, 0x00, 0xa7, 0x08, 0x00, 0x00, 0x00, 0x00, 0x00, 0x00, 0xfb, // ................
	0x00, 0x03, 0x00, 0x86, 0x01, 0x00, 0x00, 0x9e, 0x08, 0x00, 0x00, 0xf8, 0x00, 0x02, 0x00, 0x9e, // ................
	0x08, 0x00, 0x00, 0xf7, 0x00, 0x03, 0x00, 0xa3, 0x08, 0x00, 0x00, 0x00, 0x00, 0x00, 0x00, 0xfa, // ................
	0x00, 0x04, 0x00, 0x01, 0x08, 0x00, 0x00, 0xa1, 0x08, 0x00, 0x00, 0xa3, 0x08, 0x00, 0x00, 0xf8, // ................
	0x00, 0x02, 0x00, 0xa1, 0x08, 0x00, 0x00, 0xf9, 0x00, 0x02, 0x00, 0xa7, 0x08, 0x00, 0x00, 0xf8, // ................
	0x00, 0x02, 0x00, 0xa3, 0x08, 0x00, 0x00, 0x4f, 0x00, 0x08, 0x00, 0x13, 0x00, 0x00, 0x00, 0xae, // .......O........
	0x08, 0x00, 0x00, 0x97, 0x08, 0x00, 0x00, 0x97, 0x08, 0x00, 0x00, 0x00, 0x00, 0x00, 0x00, 0x01, // ................
	0x00, 0x00, 0x00, 0x02, 0x00, 0x00, 0x00, 0x0c, 0x00, 0x06, 0x00, 0x13, 0x00, 0x00, 0x00, 0xd2, // ................
	0x08, 0x00, 0x00, 0x01, 0x00, 0x00, 0x00, 0x04, 0x00, 0x00, 0x00, 0xae, 0x08, 0x00, 0x00, 0x0c, // ................
	0x00, 0x07, 0x00, 0x13, 0x00, 0x00, 0x00, 0xd4, 0x08, 0x00, 0x00, 0x01, 0x00, 0x00, 0x00, 0x28, // ...............(
	0x00, 0x00, 0x00, 0xd2, 0x08, 0x00, 0x00, 0x07, 0x0c, 0x00, 0x00, 0x0c, 0x00, 0x07, 0x00, 0x13, // ................
	0x00, 0x00, 0x00, 0xd6, 0x08, 0x00, 0x00, 0x01, 0x00, 0x00, 0x00, 0x1a, 0x00, 0x00, 0x00, 0xd4, // ................
	0x08, 0x00, 0x00, 0x06, 0x0c, 0x00, 0x00, 0x8e, 0x00, 0x05, 0x00, 0x13, 0x00, 0x00, 0x00, 0xc5, // ................
	0x08, 0x00, 0x00, 0xd6, 0x08, 0x00, 0x00, 0x40, 0x01, 0x00, 0x00, 0x83, 0x00, 0x05, 0x00, 0x13, // .......@........
	0x00, 0x00, 0x00, 0xc7, 0x08, 0x00, 0x00, 0xc5, 0x08, 0x00, 0x00, 0x08, 0x0c, 0x00, 0x00, 0x0c, // ................
	0x00, 0x07, 0x00, 0x13, 0x00, 0x00, 0x00, 0xc9, 0x08, 0x00, 0x00, 0x01, 0x00, 0x00, 0x00, 0x28, // ...............(
	0x00, 0x00, 0x00, 0xc7, 0x08, 0x00, 0x00, 0x09, 0x0c, 0x00, 0x00, 0x51, 0x00, 0x05, 0x00, 0x07, // ...........Q....
	0x00, 0x00, 0x00, 0xb2, 0x08, 0x00, 0x00, 0x97, 0x08, 0x00, 0x00, 0x03, 0x00, 0x00, 0x00, 0x51, // ...............Q
	0x00, 0x05, 0x00, 0x07, 0x00, 0x00, 0x00, 0xb3, 0x08, 0x00, 0x00, 0xc9, 0x08, 0x00, 0x00, 0x00, // ................
	0x00, 0x00, 0x00, 0x51, 0x00, 0x05, 0x00, 0x07, 0x00, 0x00, 0x00, 0xb4, 0x08, 0x00, 0x00, 0xc9, // ...Q............
	0x08, 0x00, 0x00, 0x01, 0x00, 0x00, 0x00, 0x51, 0x00, 0x05, 0x00, 0x07, 0x00, 0x00, 0x00, 0xb5, // .......Q........
	0x08, 0x00, 0x00, 0xc9, 0x08, 0x00, 0x00, 0x02, 0x00, 0x00, 0x00, 0x50, 0x00, 0x07, 0x00, 0x0d, // ...........P....
	0x00, 0x00, 0x00, 0xb6, 0x08, 0x00, 0x00, 0xb3, 0x08, 0x00, 0x00, 0xb4, 0x08, 0x00, 0x00, 0xb5, // ................
	0x08, 0x00, 0x00, 0xb2, 0x08, 0x00, 0x00, 0xf9, 0x00, 0x02, 0x00, 0xa7, 0x08, 0x00, 0x00, 0xf8, // ................
	0x00, 0x02, 0x00, 0xa7, 0x08, 0x00, 0x00, 0xf5, 0x00, 0x07, 0x00, 0x0d, 0x00, 0x00, 0x00, 0xf9, // ................
	0x0b, 0x00, 0x00, 0x97, 0x08, 0x00, 0x00, 0xa1, 0x08, 0x00, 0x00, 0xb6, 0x08, 0x00, 0x00, 0xa3, // ................
	0x08, 0x00, 0x00, 0xf9, 0x00, 0x02, 0x00, 0x80, 0x08, 0x00, 0x00, 0xf8, 0x00, 0x02, 0x00, 0x80, // ................
	0x08, 0x00, 0x00, 0xf5, 0x00, 0x07, 0x00, 0x0d, 0x00, 0x00, 0x00, 0xfa, 0x0b, 0x00, 0x00, 0x97, // ................
	0x08, 0x00, 0x00, 0x75, 0x08, 0x00, 0x00, 0xf9, 0x0b, 0x00, 0x00, 0xa7, 0x08, 0x00, 0x00, 0x85, // ...u............
	0x00, 0x05, 0x00, 0x0d, 0x00, 0x00, 0x00, 0x83, 0x08, 0x00, 0x00, 0xfa, 0x0b, 0x00, 0x00, 0xf0, // ................
	0x04, 0x00, 0x00, 0x51, 0x00, 0x05, 0x00, 0x07, 0x00, 0x00, 0x00, 0x85, 0x08, 0x00, 0x00, 0x11, // ...Q............
	0x06, 0x00, 0x00, 0x01, 0x00, 0x00, 0x00, 0xb4, 0x00, 0x05, 0x00, 0x4a, 0x00, 0x00, 0x00, 0x86, // ...........J....
	0x08, 0x00, 0x00, 0x85, 0x08, 0x00, 0x00, 0xec, 0x00, 0x00, 0x00, 0xf7, 0x00, 0x03, 0x00, 0x8d, // ................
	0x08, 0x00, 0x00, 0x00, 0x00, 0x00, 0x00, 0xfa, 0x00, 0x04, 0x00, 0x86, 0x08, 0x00, 0x00, 0x87, // ................
	0x08, 0x00, 0x00, 0x8d, 0x08, 0x00, 0x00, 0xf8, 0x00, 0x02, 0x00, 0x87, 0x08, 0x00, 0x00, 0x50, // ...............P
	0x00, 0x07, 0x00, 0x0d, 0x00, 0x00, 0x00, 0xe6, 0x08, 0x00, 0x00, 0x69, 0x07, 0x00, 0x00, 0x69, // ...........i...i
	0x07, 0x00, 0x00, 0x69, 0x07, 0x00, 0x00, 0x69, 0x07, 0x00, 0x00, 0x0c, 0x00, 0x08, 0x00, 0x0d, // ...i...i........
	0x00, 0x00, 0x00, 0xec, 0x08, 0x00, 0x00, 0x01, 0x00, 0x00, 0x00, 0x2e, 0x00, 0x00, 0x00, 0xf1, // ................
	0x05, 0x00, 0x00, 0x83, 0x08, 0x00, 0x00, 0xe6, 0x08, 0x00, 0x00, 0xf9, 0x00, 0x02, 0x00, 0x8d, // ................
	0x08, 0x00, 0x00, 0xf8, 0x00, 0x02, 0x00, 0x8d, 0x08, 0x00, 0x00, 0xf5, 0x00, 0x07, 0x00, 0x0d, // ................
	0x00, 0x00, 0x00, 0xfe, 0x0b, 0x00, 0x00, 0xf1, 0x05, 0x00, 0x00, 0x80, 0x08, 0x00, 0x00, 0xec, // ................
	0x08, 0x00, 0x00, 0x87, 0x08, 0x00, 0x00, 0xf9, 0x00, 0x02, 0x00, 0x8e, 0x08, 0x00, 0x00, 0xf8, // ................
	0x00, 0x02, 0x00, 0x8e, 0x08, 0x00, 0x00, 0xf5, 0x00, 0x07, 0x00, 0x0d, 0x00, 0x00, 0x00, 0xfd, // ................
	0x0b, 0x00, 0x00, 0xf1, 0x05, 0x00, 0x00, 0x08, 0x08, 0x00, 0x00, 0xfe, 0x0b, 0x00, 0x00, 0x8d, // ................
	0x08, 0x00, 0x00, 0x81, 0x00, 0x05, 0x00, 0x0b, 0x00, 0x00, 0x00, 0x1c, 0x06, 0x00, 0x00, 0x52, // ...............R
	0x07, 0x00, 0x00, 0xe3, 0x05, 0x00, 0x00, 0x56, 0x00, 0x05, 0x00, 0xcb, 0x00, 0x00, 0x00, 0xf3, // .......V........
	0x08, 0x00, 0x00, 0xa8, 0x00, 0x00, 0x00, 0xa6, 0x00, 0x00, 0x00, 0x57, 0x00, 0x05, 0x00, 0x0d, // ...........W....
	0x00, 0x00, 0x00, 0xf5, 0x08, 0x00, 0x00, 0xf3, 0x08, 0x00, 0x00, 0x1c, 0x06, 0x00, 0x00, 0xf7, // ................
	0x00, 0x03, 0x00, 0x05, 0x09, 0x00, 0x00, 0x00, 0x00, 0x00, 0x00, 0xfb, 0x00, 0x03, 0x00, 0x86, // ................
	0x01, 0x00, 0x00, 0xfc, 0x08, 0x00, 0x00, 0xf8, 0x00, 0x02, 0x00, 0xfc, 0x08, 0x00, 0x00, 0xf7, // ................
	0x00, 0x03, 0x00, 0x01, 0x09, 0x00, 0x00, 0x00, 0x00, 0x00, 0x00, 0xfa, 0x00, 0x04, 0x00, 0x01, // ................
	0x08, 0x00, 0x00, 0xff, 0x08, 0x00, 0x00, 0x01, 0x09, 0x00, 0x00, 0xf8, 0x00, 0x02, 0x00, 0xff, // ................
	0x08, 0x00, 0x00, 0xf9, 0x00, 0x02, 0x00, 0x05, 0x09, 0x00, 0x00, 0xf8, 0x00, 0x02, 0x00, 0x01, // ................
	0x09, 0x00, 0x00, 0x4f, 0x00, 0x08, 0x00, 0x13, 0x00, 0x00, 0x00, 0x0c, 0x09, 0x00, 0x00, 0xf5, // ...O............
	0x08, 0x00, 0x00, 0xf5, 0x08, 0x00, 0x00, 0x00, 0x00, 0x00, 0x00, 0x01, 0x00, 0x00, 0x00, 0x02, // ................
	0x00, 0x00, 0x00, 0x0c, 0x00, 0x06, 0x00, 0x13, 0x00, 0x00, 0x00, 0x30, 0x09, 0x00, 0x00, 0x01, // ...........0....
	0x00, 0x00, 0x00, 0x04, 0x00, 0x00, 0x00, 0x0c, 0x09, 0x00, 0x00, 0x0c, 0x00, 0x07, 0x00, 0x13, // ................
	0x00, 0x00, 0x00, 0x32, 0x09, 0x00, 0x00, 0x01, 0x00, 0x00, 0x00, 0x28, 0x00, 0x00, 0x00, 0x30, // ...2.......(...0
	0x09, 0x00, 0x00, 0x07, 0x0c, 0x00, 0x00, 0x0c, 0x00, 0x07, 0x00, 0x13, 0x00, 0x00, 0x00, 0x34, // ...............4
	0x09, 0x00, 0x00, 0x01, 0x00, 0x00, 0x00, 0x1a, 0x00, 0x00, 0x00, 0x32, 0x09, 0x00, 0x00, 0x06, // ...........2....
	0x0c, 0x00, 0x00, 0x8e, 0x00, 0x05, 0x00, 0x13, 0x00, 0x00, 0x00, 0x23, 0x09, 0x00, 0x00, 0x34, // ...........#...4
	0x09, 0x00, 0x00, 0x40, 0x01, 0x00, 0x00, 0x83, 0x00, 0x05, 0x00, 0x13, 0x00, 0x00, 0x00, 0x25, // ...@...........%
	0x09, 0x00, 0x00, 0x23, 0x09, 0x00, 0x00, 0x08, 0x0c, 0x00, 0x00, 0x0c, 0x00, 0x07, 0x00, 0x13, // ...#............
	0x00, 0x00, 0x00, 0x27, 0x09, 0x00, 0x00, 0x01, 0x00, 0x00, 0x00, 0x28, 0x00, 0x00, 0x00, 0x25, // ...'.......(...%
	0x09, 0x00, 0x00, 0x09, 0x0c, 0x00, 0x00, 0x51, 0x00, 0x05, 0x00, 0x07, 0x00, 0x00, 0x00, 0x10, // .......Q........
	0x09, 0x00, 0x00, 0xf5, 0x08, 0x00, 0x00, 0x03, 0x00, 0x00, 0x00, 0x51, 0x00, 0x05, 0x00, 0x07, // ...........Q....
	0x00, 0x00, 0x00, 0x11, 0x09, 0x00, 0x00, 0x27, 0x09, 0x00, 0x00, 0x00, 0x00, 0x00, 0x00, 0x50, // .......'.......P
	0x00, 0x07, 0x00, 0x0d, 0x00, 0x00, 0x00, 0x14, 0x09, 0x00, 0x00, 0x11, 0x09, 0x00, 0x00, 0xc6, // ................
	0x0c, 0x00, 0x00, 0xc6, 0x0c, 0x00, 0x00, 0x10, 0x09, 0x00, 0x00, 0xf9, 0x00, 0x02, 0x00, 0x05, // ................
	0x09, 0x00, 0x00, 0xf8, 0x00, 0x02, 0x00, 0x05, 0x09, 0x00, 0x00, 0xf5, 0x00, 0x07, 0x00, 0x0d, // ................
	0x00, 0x00, 0x00, 0xff, 0x0b, 0x00, 0x00, 0xf5, 0x08, 0x00, 0x00, 0xff, 0x08, 0x00, 0x00, 0x14, // ................
	0x09, 0x00, 0x00, 0x01, 0x09, 0x00, 0x00, 0x51, 0x00, 0x05, 0x00, 0x07, 0x00, 0x00, 0x00, 0x24, // .......Q.......$
	0x06, 0x00, 0x00, 0xff, 0x0b, 0x00, 0x00, 0x00, 0x00, 0x00, 0x00, 0x51, 0x00, 0x05, 0x00, 0x07, // ...........Q....
	0x00, 0x00, 0x00, 0x26, 0x06, 0x00, 0x00, 0xff, 0x0b, 0x00, 0x00, 0x03, 0x00, 0x00, 0x00, 0x85, // ...&............
	0x00, 0x05, 0x00, 0x07, 0x00, 0x00, 0x00, 0x27, 0x06, 0x00, 0x00, 0x24, 0x06, 0x00, 0x00, 0x26, // .......'...$...&
	0x06, 0x00, 0x00, 0x51, 0x00, 0x05, 0x00, 0x07, 0x00, 0x00, 0x00, 0x29, 0x06, 0x00, 0x00, 0xfd, // ...Q.......)....
	0x0b, 0x00, 0x00, 0x03, 0x00, 0x00, 0x00, 0x85, 0x00, 0x05, 0x00, 0x07, 0x00, 0x00, 0x00, 0x2a, // ...............*
	0x06, 0x00, 0x00, 0x29, 0x06, 0x00, 0x00, 0x27, 0x06, 0x00, 0x00, 0x52, 0x00, 0x06, 0x00, 0x0d, // ...)...'...R....
	0x00, 0x00, 0x00, 0x22, 0x0c, 0x00, 0x00, 0x2a, 0x06, 0x00, 0x00, 0xfd, 0x0b, 0x00, 0x00, 0x03, // ..."...*........
	0x00, 0x00, 0x00, 0x56, 0x00, 0x05, 0x00, 0xcb, 0x00, 0x00, 0x00, 0x70, 0x09, 0x00, 0x00, 0xae, // ...V.......p....
	0x00, 0x00, 0x00, 0xac, 0x00, 0x00, 0x00, 0x57, 0x00, 0x05, 0x00, 0x0d, 0x00, 0x00, 0x00, 0x72, // .......W.......r
	0x09, 0x00, 0x00, 0x70, 0x09, 0x00, 0x00, 0x62, 0x07, 0x00, 0x00, 0xf7, 0x00, 0x03, 0x00, 0x56, // ...p...b.......V
	0x09, 0x00, 0x00, 0x00, 0x00, 0x00, 0x00, 0xfa, 0x00, 0x04, 0x00, 0xd2, 0x05, 0x00, 0x00, 0x50, // ...............P
	0x09, 0x00, 0x00, 0x56, 0x09, 0x00, 0x00, 0xf8, 0x00, 0x02, 0x00, 0x50, 0x09, 0x00, 0x00, 0xf7, // ...V.......P....
	0x00, 0x03, 0x00, 0x82, 0x09, 0x00, 0x00, 0x00, 0x00, 0x00, 0x00, 0xfb, 0x00, 0x03, 0x00, 0x86, // ................
	0x01, 0x00, 0x00, 0x79, 0x09, 0x00, 0x00, 0xf8, 0x00, 0x02, 0x00, 0x79, 0x09, 0x00, 0x00, 0xf7, // ...y.......y....
	0x00, 0x03, 0x00, 0x7e, 0x09, 0x00, 0x00, 0x00, 0x00, 0x00, 0x00, 0xfa, 0x00, 0x04, 0x00, 0x01, // ...~............
	0x08, 0x00, 0x00, 0x7c, 0x09, 0x00, 0x00, 0x7e, 0x09, 0x00, 0x00, 0xf8, 0x00, 0x02, 0x00, 0x7c, // ...|...~.......|
	0x09, 0x00, 0x00, 0xf9, 0x00, 0x02, 0x00, 0x82, 0x09, 0x00, 0x00, 0xf8, 0x00, 0x02, 0x00, 0x7e, // ...............~
	0x09, 0x00, 0x00, 0x4f, 0x00, 0x08, 0x00, 0x13, 0x00, 0x00, 0x00, 0x89, 0x09, 0x00, 0x00, 0x72, // ...O...........r
	0x09, 0x00, 0x00, 0x72, 0x09, 0x00, 0x00, 0x00, 0x00, 0x00, 0x00, 0x01, 0x00, 0x00, 0x00, 0x02, // ...r............
	0x00, 0x00, 0x00, 0x0c, 0x00, 0x06, 0x00, 0x13, 0x00, 0x00, 0x00, 0xad, 0x09, 0x00, 0x00, 0x01, // ................
	0x00, 0x00, 0x00, 0x04, 0x00, 0x00, 0x00, 0x89, 0x09, 0x00, 0x00, 0x0c, 0x00, 0x07, 0x00, 0x13, // ................
	0x00, 0x00, 0x00, 0xaf, 0x09, 0x00, 0x00, 0x01, 0x00, 0x00, 0x00, 0x28, 0x00, 0x00, 0x00, 0xad, // ...........(....
	0x09, 0x00, 0x00, 0x07, 0x0c, 0x00, 0x00, 0x0c, 0x00, 0x07, 0x00, 0x13, 0x00, 0x00, 0x00, 0xb1, // ................
	0x09, 0x00, 0x00, 0x01, 0x00, 0x00, 0x00, 0x1a, 0x00, 0x00, 0x00, 0xaf, 0x09, 0x00, 0x00, 0x06, // ................
	0x0c, 0x00, 0x00, 0x8e, 0x00, 0x05, 0x00, 0x13, 0x00, 0x00, 0x00, 0xa0, 0x09, 0x00, 0x00, 0xb1, // ................
	0x09, 0x00, 0x00, 0x40, 0x01, 0x00, 0x00, 0x83, 0x00, 0x05, 0x00, 0x13, 0x00, 0x00, 0x00, 0xa2, // ...@............
	0x09, 0x00, 0x00, 0xa0, 0x09, 0x00, 0x00, 0x08, 0x0c, 0x00, 0x00, 0x0c, 0x00, 0x07, 0x00, 0x13, // ................
	0x00, 0x00, 0x00, 0xa4, 0x09, 0x00, 0x00, 0x01, 0x00, 0x00, 0x00, 0x28, 0x00, 0x00, 0x00, 0xa2, // ...........(....
	0x09, 0x00, 0x00, 0x09, 0x0c, 0x00, 0x00, 0x51, 0x00, 0x05, 0x00, 0x07, 0x00, 0x00, 0x00, 0x8e, // .......Q........
	0x09, 0x00, 0x00, 0xa4, 0x09, 0x00, 0x00, 0x00, 0x00, 0x00, 0x00, 0x51, 0x00, 0x05, 0x00, 0x07, // ...........Q....
	0x00, 0x00, 0x00, 0x8f, 0x09, 0x00, 0x00, 0xa4, 0x09, 0x00, 0x00, 0x01, 0x00, 0x00, 0x00, 0x50, // ...............P
	0x00, 0x07, 0x00, 0x0d, 0x00, 0x00, 0x00, 0x91, 0x09, 0x00, 0x00, 0x8e, 0x09, 0x00, 0x00, 0x8f, // ................
	0x09, 0x00, 0x00, 0x10, 0x0c, 0x00, 0x00, 0x10, 0x0c, 0x00, 0x00, 0xf9, 0x00, 0x02, 0x00, 0x82, // ................
	0x09, 0x00, 0x00, 0xf8, 0x00, 0x02, 0x00, 0x82, 0x09, 0x00, 0x00, 0xf5, 0x00, 0x07, 0x00, 0x0d, // ................
	0x00, 0x00, 0x00, 0x00, 0x0c, 0x00, 0x00, 0x72, 0x09, 0x00, 0x00, 0x7c, 0x09, 0x00, 0x00, 0x91, // .......r...|....
	0x09, 0x00, 0x00, 0x7e, 0x09, 0x00, 0x00, 0xf9, 0x00, 0x02, 0x00, 0x56, 0x09, 0x00, 0x00, 0xf8, // ...~.......V....
	0x00, 0x02, 0x00, 0x56, 0x09, 0x00, 0x00, 0xf5, 0x00, 0x07, 0x00, 0x0d, 0x00, 0x00, 0x00, 0x01, // ...V............
	0x0c, 0x00, 0x00, 0x72, 0x09, 0x00, 0x00, 0x05, 0x09, 0x00, 0x00, 0x00, 0x0c, 0x00, 0x00, 0x82, // ...r............
	0x09, 0x00, 0x00, 0x4f, 0x00, 0x07, 0x00, 0x0b, 0x00, 0x00, 0x00, 0x58, 0x09, 0x00, 0x00, 0x01, // ...O.......X....
	0x0c, 0x00, 0x00, 0x01, 0x0c, 0x00, 0x00, 0x00, 0x00, 0x00, 0x00, 0x01, 0x00, 0x00, 0x00, 0x8e, // ................
	0x00, 0x05, 0x00, 0x0b, 0x00, 0x00, 0x00, 0x59, 0x09, 0x00, 0x00, 0x58, 0x09, 0x00, 0x00, 0x7b, // .......Y...X...{
	0x01, 0x00, 0x00, 0x83, 0x00, 0x05, 0x00, 0x0b, 0x00, 0x00, 0x00, 0x5b, 0x09, 0x00, 0x00, 0x59, // ...........[...Y
	0x09, 0x00, 0x00, 0x05, 0x0c, 0x00, 0x00, 0x51, 0x00, 0x05, 0x00, 0x07, 0x00, 0x00, 0x00, 0x5d, // .......Q.......]
	0x09, 0x00, 0x00, 0x5b, 0x09, 0x00, 0x00, 0x01, 0x00, 0x00, 0x00, 0x85, 0x00, 0x05, 0x00, 0x07, // ...[............
	0x00, 0x00, 0x00, 0x5e, 0x09, 0x00, 0x00, 0x5d, 0x09, 0x00, 0x00, 0x80, 0x01, 0x00, 0x00, 0x85, // ...^...]........
	0x00, 0x05, 0x00, 0x07, 0x00, 0x00, 0x00, 0x66, 0x09, 0x00, 0x00, 0x91, 0x07, 0x00, 0x00, 0x5e, // .......f.......^
	0x09, 0x00, 0x00, 0x81, 0x00, 0x05, 0x00, 0x07, 0x00, 0x00, 0x00, 0x67, 0x09, 0x00, 0x00, 0x8f, // ...........g....
	0x07, 0x00, 0x00, 0x66, 0x09, 0x00, 0x00, 0x52, 0x00, 0x06, 0x00, 0x0b, 0x00, 0x00, 0x00, 0x2a, // ...f...R.......*
	0x0c, 0x00, 0x00, 0x67, 0x09, 0x00, 0x00, 0x5b, 0x09, 0x00, 0x00, 0x01, 0x00, 0x00, 0x00, 0x41, // ...g...[.......A
	0x00, 0x06, 0x00, 0xc9, 0x02, 0x00, 0x00, 0x36, 0x06, 0x00, 0x00, 0xc7, 0x02, 0x00, 0x00, 0x15, // .......6........
	0x01, 0x00, 0x00, 0x81, 0x01, 0x00, 0x00, 0x3d, 0x00, 0x04, 0x00, 0x07, 0x00, 0x00, 0x00, 0x37, // .......=.......7
	0x06, 0x00, 0x00, 0x36, 0x06, 0x00, 0x00, 0x8e, 0x00, 0x05, 0x00, 0x0b, 0x00, 0x00, 0x00, 0x39, // ...6...........9
	0x06, 0x00, 0x00, 0x2a, 0x0c, 0x00, 0x00, 0x37, 0x06, 0x00, 0x00, 0x81, 0x00, 0x05, 0x00, 0x0b, // ...*...7........
	0x00, 0x00, 0x00, 0x3d, 0x06, 0x00, 0x00, 0x5a, 0x07, 0x00, 0x00, 0x39, 0x06, 0x00, 0x00, 0x56, // ...=...Z...9...V
	0x00, 0x05, 0x00, 0xcb, 0x00, 0x00, 0x00, 0xc8, 0x09, 0x00, 0x00, 0xb4, 0x00, 0x00, 0x00, 0xb2, // ................
	0x00, 0x00, 0x00, 0x57, 0x00, 0x05, 0x00, 0x0d, 0x00, 0x00, 0x00, 0xca, 0x09, 0x00, 0x00, 0xc8, // ...W............
	0x09, 0x00, 0x00, 0x3d, 0x06, 0x00, 0x00, 0xf7, 0x00, 0x03, 0x00, 0xda, 0x09, 0x00, 0x00, 0x00, // ...=............
	0x00, 0x00, 0x00, 0xfb, 0x00, 0x03, 0x00, 0x86, 0x01, 0x00, 0x00, 0xd1, 0x09, 0x00, 0x00, 0xf8, // ................
	0x00, 0x02, 0x00, 0xd1, 0x09, 0x00, 0x00, 0xf7, 0x00, 0x03, 0x00, 0xd6, 0x09, 0x00, 0x00, 0x00, // ................
	0x00, 0x00, 0x00, 0xfa, 0x00, 0x04, 0x00, 0x01, 0x08, 0x00, 0x00, 0xd4, 0x09, 0x00, 0x00, 0xd6, // ................
	0x09, 0x00, 0x00, 0xf8, 0x00, 0x02, 0x00, 0xd4, 0x09, 0x00, 0x00, 0xf9, 0x00, 0x02, 0x00, 0xda, // ................
	0x09, 0x00, 0x00, 0xf8, 0x00, 0x02, 0x00, 0xd6, 0x09, 0x00, 0x00, 0x4f, 0x00, 0x08, 0x00, 0x13, // ...........O....
	0x00, 0x00, 0x00, 0xe1, 0x09, 0x00, 0x00, 0xca, 0x09, 0x00, 0x00, 0xca, 0x09, 0x00, 0x00, 0x00, // ................
	0x00, 0x00, 0x00, 0x01, 0x00, 0x00, 0x00, 0x02, 0x00, 0x00, 0x00, 0x0c, 0x00, 0x06, 0x00, 0x13, // ................
	0x00, 0x00, 0x00, 0x05, 0x0a, 0x00, 0x00, 0x01, 0x00, 0x00, 0x00, 0x04, 0x00, 0x00, 0x00, 0xe1, // ................
	0x09, 0x00, 0x00, 0x0c, 0x00, 0x07, 0x00, 0x13, 0x00, 0x00, 0x00, 0x07, 0x0a, 0x00, 0x00, 0x01, // ................
	0x00, 0x00, 0x00, 0x28, 0x00, 0x00, 0x00, 0x05, 0x0a, 0x00, 0x00, 0x07, 0x0c, 0x00, 0x00, 0x0c, // ...(............
	0x00, 0x07, 0x00, 0x13, 0x00, 0x00, 0x00, 0x09, 0x0a, 0x00, 0x00, 0x01, 0x00, 0x00, 0x00, 0x1a, // ................
	0x00, 0x00, 0x00, 0x07, 0x0a, 0x00, 0x00, 0x06, 0x0c, 0x00, 0x00, 0x8e, 0x00, 0x05, 0x00, 0x13, // ................
	0x00, 0x00, 0x00, 0xf8, 0x09, 0x00, 0x00, 0x09, 0x0a, 0x00, 0x00, 0x40, 0x01, 0x00, 0x00, 0x83, // ...........@....
	0x00, 0x05, 0x00, 0x13, 0x00, 0x00, 0x00, 0xfa, 0x09, 0x00, 0x00, 0xf8, 0x09, 0x00, 0x00, 0x08, // ................
	0x0c, 0x00, 0x00, 0x0c, 0x00, 0x07, 0x00, 0x13, 0x00, 0x00, 0x00, 0xfc, 0x09, 0x00, 0x00, 0x01, // ................
	0x00, 0x00, 0x00, 0x28, 0x00, 0x00, 0x00, 0xfa, 0x09, 0x00, 0x00, 0x09, 0x0c, 0x00, 0x00, 0x51, // ...(...........Q
	0x00, 0x05, 0x00, 0x07, 0x00, 0x00, 0x00, 0xe5, 0x09, 0x00, 0x00, 0xca, 0x09, 0x00, 0x00, 0x03, // ................
	0x00, 0x00, 0x00, 0x51, 0x00, 0x05, 0x00, 0x07, 0x00, 0x00, 0x00, 0xe6, 0x09, 0x00, 0x00, 0xfc, // ...Q............
	0x09, 0x00, 0x00, 0x00, 0x00, 0x00, 0x00, 0x51, 0x00, 0x05, 0x00, 0x07, 0x00, 0x00, 0x00, 0xe7, // .......Q........
	0x09, 0x00, 0x00, 0xfc, 0x09, 0x00, 0x00, 0x01, 0x00, 0x00, 0x00, 0x51, 0x00, 0x05, 0x00, 0x07, // ...........Q....
	0x00, 0x00, 0x00, 0xe8, 0x09, 0x00, 0x00, 0xfc, 0x09, 0x00, 0x00, 0x02, 0x00, 0x00, 0x00, 0x50, // ...............P
	0x00, 0x07, 0x00, 0x0d, 0x00, 0x00, 0x00, 0xe9, 0x09, 0x00, 0x00, 0xe6, 0x09, 0x00, 0x00, 0xe7, // ................
	0x09, 0x00, 0x00, 0xe8, 0x09, 0x00, 0x00, 0xe5, 0x09, 0x00, 0x00, 0xf9, 0x00, 0x02, 0x00, 0xda, // ................
	0x09, 0x00, 0x00, 0xf8, 0x00, 0x02, 0x00, 0xda, 0x09, 0x00, 0x00, 0xf5, 0x00, 0x07, 0x00, 0x0d, // ................
	0x00, 0x00, 0x00, 0x02, 0x0c, 0x00, 0x00, 0xca, 0x09, 0x00, 0x00, 0xd4, 0x09, 0x00, 0x00, 0xe9, // ................
	0x09, 0x00, 0x00, 0xd6, 0x09, 0x00, 0x00, 0x81, 0x00, 0x05, 0x00, 0x0b, 0x00, 0x00, 0x00, 0x47, // ...............G
	0x06, 0x00, 0x00, 0x5e, 0x07, 0x00, 0x00, 0x39, 0x06, 0x00, 0x00, 0x56, 0x00, 0x05, 0x00, 0xcb, // ...^...9...V....
	0x00, 0x00, 0x00, 0x1c, 0x0a, 0x00, 0x00, 0xba, 0x00, 0x00, 0x00, 0xb8, 0x00, 0x00, 0x00, 0x57, // ...............W
	0x00, 0x05, 0x00, 0x0d, 0x00, 0x00, 0x00, 0x1e, 0x0a, 0x00, 0x00, 0x1c, 0x0a, 0x00, 0x00, 0x47, // ...............G
	0x06, 0x00, 0x00, 0xf7, 0x00, 0x03, 0x00, 0x2e, 0x0a, 0x00, 0x00, 0x00, 0x00, 0x00, 0x00, 0xfb, // ................
	0x00, 0x03, 0x00, 0x86, 0x01, 0x00, 0x00, 0x25, 0x0a, 0x00, 0x00, 0xf8, 0x00, 0x02, 0x00, 0x25, // .......%.......%
	0x0a, 0x00, 0x00, 0xf7, 0x00, 0x03, 0x00, 0x2a, 0x0a, 0x00, 0x00, 0x00, 0x00, 0x00, 0x00, 0xfa, // .......*........
	0x00, 0x04, 0x00, 0x01, 0x08, 0x00, 0x00, 0x28, 0x0a, 0x00, 0x00, 0x2a, 0x0a, 0x00, 0x00, 0xf8, // .......(...*....
	0x00, 0x02, 0x00, 0x28, 0x0a, 0x00, 0x00, 0xf9, 0x00, 0x02, 0x00, 0x2e, 0x0a, 0x00, 0x00, 0xf8, // ...(............
	0x00, 0x02, 0x00, 0x2a, 0x0a, 0x00, 0x00, 0x4f, 0x00, 0x08, 0x00, 0x13, 0x00, 0x00, 0x00, 0x35, // ...*...O.......5
	0x0a, 0x00, 0x00, 0x1e, 0x0a, 0x00, 0x00, 0x1e, 0x0a, 0x00, 0x00, 0x00, 0x00, 0x00, 0x00, 0x01, // ................
	0x00, 0x00, 0x00, 0x02, 0x00, 0x00, 0x00, 0x0c, 0x00, 0x06, 0x00, 0x13, 0x00, 0x00, 0x00, 0x59, // ...............Y
	0x0a, 0x00, 0x00, 0x01, 0x00, 0x00, 0x00, 0x04, 0x00, 0x00, 0x00, 0x35, 0x0a, 0x00, 0x00, 0x0c, // ...........5....
	0x00, 0x07, 0x00, 0x13, 0x00, 0x00, 0x00, 0x5b, 0x0a, 0x00, 0x00, 0x01, 0x00, 0x00, 0x00, 0x28, // .......[.......(
	0x00, 0x00, 0x00, 0x59, 0x0a, 0x00, 0x00, 0x07, 0x0c, 0x00, 0x00, 0x0c, 0x00, 0x07, 0x00, 0x13, // ...Y............
	0x00, 0x00, 0x00, 0x5d, 0x0a, 0x00, 0x00, 0x01, 0x00, 0x00, 0x00, 0x1a, 0x00, 0x00, 0x00, 0x5b, // ...]...........[
	0x0a, 0x00, 0x00, 0x06, 0x0c, 0x00, 0x00, 0x8e, 0x00, 0x05, 0x00, 0x13, 0x00, 0x00, 0x00, 0x4c, // ...............L
	0x0a, 0x00, 0x00, 0x5d, 0x0a, 0x00, 0x00, 0x40, 0x01, 0x00, 0x00, 0x83, 0x00, 0x05, 0x00, 0x13, // ...]...@........
	0x00, 0x00, 0x00, 0x4e, 0x0a, 0x00, 0x00, 0x4c, 0x0a, 0x00, 0x00, 0x08, 0x0c, 0x00, 0x00, 0x0c, // ...N...L........
	0x00, 0x07, 0x00, 0x13, 0x00, 0x00, 0x00, 0x50, 0x0a, 0x00, 0x00, 0x01, 0x00, 0x00, 0x00, 0x28, // .......P.......(
	0x00, 0x00, 0x00, 0x4e, 0x0a, 0x00, 0x00, 0x09, 0x0c, 0x00, 0x00, 0x51, 0x00, 0x05, 0x00, 0x07, // ...N.......Q....
	0x00, 0x00, 0x00, 0x39, 0x0a, 0x00, 0x00, 0x1e, 0x0a, 0x00, 0x00, 0x03, 0x00, 0x00, 0x00, 0x51, // ...9...........Q
	0x00, 0x05, 0x00, 0x07, 0x00, 0x00, 0x00, 0x3a, 0x0a, 0x00, 0x00, 0x50, 0x0a, 0x00, 0x00, 0x00, // .......:...P....
	0x00, 0x00, 0x00, 0x50, 0x00, 0x07, 0x00, 0x0d, 0x00, 0x00, 0x00, 0x3d, 0x0a, 0x00, 0x00, 0x3a, // ...P.......=...:
	0x0a, 0x00, 0x00, 0xc6, 0x0c, 0x00, 0x00, 0xc6, 0x0c, 0x00, 0x00, 0x39, 0x0a, 0x00, 0x00, 0xf9, // ...........9....
	0x00, 0x02, 0x00, 0x2e, 0x0a, 0x00, 0x00, 0xf8, 0x00, 0x02, 0x00, 0x2e, 0x0a, 0x00, 0x00, 0xf5, // ................
	0x00, 0x07, 0x00, 0x0d, 0x00, 0x00, 0x00, 0x03, 0x0c, 0x00, 0x00, 0x1e, 0x0a, 0x00, 0x00, 0x28, // ...............(
	0x0a, 0x00, 0x00, 0x3d, 0x0a, 0x00, 0x00, 0x2a, 0x0a, 0x00, 0x00, 0x51, 0x00, 0x05, 0x00, 0x07, // ...=...*...Q....
	0x00, 0x00, 0x00, 0x4f, 0x06, 0x00, 0x00, 0x03, 0x0c, 0x00, 0x00, 0x00, 0x00, 0x00, 0x00, 0x51, // ...O...........Q
	0x00, 0x05, 0x00, 0x07, 0x00, 0x00, 0x00, 0x51, 0x06, 0x00, 0x00, 0x03, 0x0c, 0x00, 0x00, 0x03, // .......Q........
	0x00, 0x00, 0x00, 0x85, 0x00, 0x05, 0x00, 0x07, 0x00, 0x00, 0x00, 0x52, 0x06, 0x00, 0x00, 0x4f, // ...........R...O
	0x06, 0x00, 0x00, 0x51, 0x06, 0x00, 0x00, 0x51, 0x00, 0x05, 0x00, 0x07, 0x00, 0x00, 0x00, 0x54, // ...Q...Q.......T
	0x06, 0x00, 0x00, 0x02, 0x0c, 0x00, 0x00, 0x03, 0x00, 0x00, 0x00, 0x85, 0x00, 0x05, 0x00, 0x07, // ................
	0x00, 0x00, 0x00, 0x55, 0x06, 0x00, 0x00, 0x54, 0x06, 0x00, 0x00, 0x52, 0x06, 0x00, 0x00, 0x41, // ...U...T...R...A
	0x00, 0x06, 0x00, 0xc9, 0x02, 0x00, 0x00, 0x5a, 0x06, 0x00, 0x00, 0xc7, 0x02, 0x00, 0x00, 0x1a, // .......Z........
	0x01, 0x00, 0x00, 0x86, 0x01, 0x00, 0x00, 0x3d, 0x00, 0x04, 0x00, 0x07, 0x00, 0x00, 0x00, 0x5b, // .......=.......[
	0x06, 0x00, 0x00, 0x5a, 0x06, 0x00, 0x00, 0xb4, 0x00, 0x05, 0x00, 0x4a, 0x00, 0x00, 0x00, 0x74, // ...Z.......J...t
	0x0a, 0x00, 0x00, 0x5b, 0x06, 0x00, 0x00, 0xed, 0x00, 0x00, 0x00, 0xf7, 0x00, 0x03, 0x00, 0xd1, // ...[............
	0x0a, 0x00, 0x00, 0x00, 0x00, 0x00, 0x00, 0xfa, 0x00, 0x04, 0x00, 0x74, 0x0a, 0x00, 0x00, 0x75, // ...........t...u
	0x0a, 0x00, 0x00, 0x8c, 0x0a, 0x00, 0x00, 0xf8, 0x00, 0x02, 0x00, 0x75, 0x0a, 0x00, 0x00, 0x4f, // ...........u...O
	0x00, 0x08, 0x00, 0x13, 0x00, 0x00, 0x00, 0x78, 0x0a, 0x00, 0x00, 0x02, 0x0c, 0x00, 0x00, 0x02, // .......x........
	0x0c, 0x00, 0x00, 0x00, 0x00, 0x00, 0x00, 0x01, 0x00, 0x00, 0x00, 0x02, 0x00, 0x00, 0x00, 0x8e, // ................
	0x00, 0x05, 0x00, 0x13, 0x00, 0x00, 0x00, 0x7b, 0x0a, 0x00, 0x00, 0x78, 0x0a, 0x00, 0x00, 0x55, // .......{...x...U
	0x06, 0x00, 0x00, 0x4f, 0x00, 0x08, 0x00, 0x13, 0x00, 0x00, 0x00, 0x7d, 0x0a, 0x00, 0x00, 0x22, // ...O.......}..."
	0x0c, 0x00, 0x00, 0x22, 0x0c, 0x00, 0x00, 0x00, 0x00, 0x00, 0x00, 0x01, 0x00, 0x00, 0x00, 0x02, // ..."............
	0x00, 0x00, 0x00, 0x83, 0x00, 0x05, 0x00, 0x07, 0x00, 0x00, 0x00, 0x80, 0x0a, 0x00, 0x00, 0xec, // ................
	0x00, 0x00, 0x00, 0x55, 0x06, 0x00, 0x00, 0x8e, 0x00, 0x05, 0x00, 0x13, 0x00, 0x00, 0x00, 0x81, // ...U............
	0x0a, 0x00, 0x00, 0x7d, 0x0a, 0x00, 0x00, 0x80, 0x0a, 0x00, 0x00, 0x81, 0x00, 0x05, 0x00, 0x13, // ...}............
	0x00, 0x00, 0x00, 0x82, 0x0a, 0x00, 0x00, 0x7b, 0x0a, 0x00, 0x00, 0x81, 0x0a, 0x00, 0x00, 0x51, // .......{.......Q
	0x00, 0x05, 0x00, 0x07, 0x00, 0x00, 0x00, 0x84, 0x0a, 0x00, 0x00, 0x82, 0x0a, 0x00, 0x00, 0x00, // ................
	0x00, 0x00, 0x00, 0x51, 0x00, 0x05, 0x00, 0x07, 0x00, 0x00, 0x00, 0x87, 0x0a, 0x00, 0x00, 0x82, // ...Q............
	0x0a, 0x00, 0x00, 0x01, 0x00, 0x00, 0x00, 0x51, 0x00, 0x05, 0x00, 0x07, 0x00, 0x00, 0x00, 0x8a, // .......Q........
	0x0a, 0x00, 0x00, 0x82, 0x0a, 0x00, 0x00, 0x02, 0x00, 0x00, 0x00, 0x50, 0x00, 0x07, 0x00, 0x0d, // ...........P....
	0x00, 0x00, 0x00, 0xc4, 0x0c, 0x00, 0x00, 0x84, 0x0a, 0x00, 0x00, 0x87, 0x0a, 0x00, 0x00, 0x8a, // ................
	0x0a, 0x00, 0x00, 0x2a, 0x06, 0x00, 0x00, 0xf9, 0x00, 0x02, 0x00, 0xd1, 0x0a, 0x00, 0x00, 0xf8, // ...*............
	0x00, 0x02, 0x00, 0x8c, 0x0a, 0x00, 0x00, 0xb4, 0x00, 0x05, 0x00, 0x4a, 0x00, 0x00, 0x00, 0x8e, // ...........J....
	0x0a, 0x00, 0x00, 0x5b, 0x06, 0x00, 0x00, 0xec, 0x00, 0x00, 0x00, 0xf7, 0x00, 0x03, 0x00, 0xd0, // ...[............
	0x0a, 0x00, 0x00, 0x00, 0x00, 0x00, 0x00, 0xfa, 0x00, 0x04, 0x00, 0x8e, 0x0a, 0x00, 0x00, 0x8f, // ................
	0x0a, 0x00, 0x00, 0xa2, 0x0a, 0x00, 0x00, 0xf8, 0x00, 0x02, 0x00, 0x8f, 0x0a, 0x00, 0x00, 0x4f, // ...............O
	0x00, 0x08, 0x00, 0x13, 0x00, 0x00, 0x00, 0x92, 0x0a, 0x00, 0x00, 0x22, 0x0c, 0x00, 0x00, 0x22, // ..........."..."
	0x0c, 0x00, 0x00, 0x00, 0x00, 0x00, 0x00, 0x01, 0x00, 0x00, 0x00, 0x02, 0x00, 0x00, 0x00, 0x4f, // ...............O
	0x00, 0x08, 0x00, 0x13, 0x00, 0x00, 0x00, 0x94, 0x0a, 0x00, 0x00, 0x02, 0x0c, 0x00, 0x00, 0x02, // ................
	0x0c, 0x00, 0x00, 0x00, 0x00, 0x00, 0x00, 0x01, 0x00, 0x00, 0x00, 0x02, 0x00, 0x00, 0x00, 0x8e, // ................
	0x00, 0x05, 0x00, 0x13, 0x00, 0x00, 0x00, 0x97, 0x0a, 0x00, 0x00, 0x94, 0x0a, 0x00, 0x00, 0x55, // ...............U
	0x06, 0x00, 0x00, 0x81, 0x00, 0x05, 0x00, 0x13, 0x00, 0x00, 0x00, 0x98, 0x0a, 0x00, 0x00, 0x92, // ................
	0x0a, 0x00, 0x00, 0x97, 0x0a, 0x00, 0x00, 0x51, 0x00, 0x05, 0x00, 0x07, 0x00, 0x00, 0x00, 0x9a, // .......Q........
	0x0a, 0x00, 0x00, 0x98, 0x0a, 0x00, 0x00, 0x00, 0x00, 0x00, 0x00, 0x51, 0x00, 0x05, 0x00, 0x07, // ...........Q....
	0x00, 0x00, 0x00, 0x9d, 0x0a, 0x00, 0x00, 0x98, 0x0a, 0x00, 0x00, 0x01, 0x00, 0x00, 0x00, 0x51, // ...............Q
	0x00, 0x05, 0x00, 0x07, 0x00, 0x00, 0x00, 0xa0, 0x0a, 0x00, 0x00, 0x98, 0x0a, 0x00, 0x00, 0x02, // ................
	0x00, 0x00, 0x00, 0x50, 0x00, 0x07, 0x00, 0x0d, 0x00, 0x00, 0x00, 0xc3, 0x0c, 0x00, 0x00, 0x9a, // ...P............
	0x0a, 0x00, 0x00, 0x9d, 0x0a, 0x00, 0x00, 0xa0, 0x0a, 0x00, 0x00, 0x2a, 0x06, 0x00, 0x00, 0xf9, // ...........*....
	0x00, 0x02, 0x00, 0xd0, 0x0a, 0x00, 0x00, 0xf8, 0x00, 0x02, 0x00, 0xa2, 0x0a, 0x00, 0x00, 0xb4, // ................
	0x00, 0x05, 0x00, 0x4a, 0x00, 0x00, 0x00, 0xa4, 0x0a, 0x00, 0x00, 0x5b, 0x06, 0x00, 0x00, 0x7b, // ...J.......[...{
	0x01, 0x00, 0x00, 0xf7, 0x00, 0x03, 0x00, 0xcf, 0x0a, 0x00, 0x00, 0x00, 0x00, 0x00, 0x00, 0xfa, // ................
	0x00, 0x04, 0x00, 0xa4, 0x0a, 0x00, 0x00, 0xa5, 0x0a, 0x00, 0x00, 0xb8, 0x0a, 0x00, 0x00, 0xf8, // ................
	0x00, 0x02, 0x00, 0xa5, 0x0a, 0x00, 0x00, 0x4f, 0x00, 0x08, 0x00, 0x13, 0x00, 0x00, 0x00, 0xa8, // .......O........
	0x0a, 0x00, 0x00, 0x22, 0x0c, 0x00, 0x00, 0x22, 0x0c, 0x00, 0x00, 0x00, 0x00, 0x00, 0x00, 0x01, // ..."..."........
	0x00, 0x00, 0x00, 0x02, 0x00, 0x00, 0x00, 0x4f, 0x00, 0x08, 0x00, 0x13, 0x00, 0x00, 0x00, 0xaa, // .......O........
	0x0a, 0x00, 0x00, 0x02, 0x0c, 0x00, 0x00, 0x02, 0x0c, 0x00, 0x00, 0x00, 0x00, 0x00, 0x00, 0x01, // ................
	0x00, 0x00, 0x00, 0x02, 0x00, 0x00, 0x00, 0x8e, 0x00, 0x05, 0x00, 0x13, 0x00, 0x00, 0x00, 0xad, // ................
	0x0a, 0x00, 0x00, 0xaa, 0x0a, 0x00, 0x00, 0x55, 0x06, 0x00, 0x00, 0x83, 0x00, 0x05, 0x00, 0x13, // .......U........
	0x00, 0x00, 0x00, 0xae, 0x0a, 0x00, 0x00, 0xa8, 0x0a, 0x00, 0x00, 0xad, 0x0a, 0x00, 0x00, 0x51, // ...............Q
	0x00, 0x05, 0x00, 0x07, 0x00, 0x00, 0x00, 0xb0, 0x0a, 0x00, 0x00, 0xae, 0x0a, 0x00, 0x00, 0x00, // ................
	0x00, 0x00, 0x00, 0x51, 0x00, 0x05, 0x00, 0x07, 0x00, 0x00, 0x00, 0xb3, 0x0a, 0x00, 0x00, 0xae, // ...Q............
	0x0a, 0x00, 0x00, 0x01, 0x00, 0x00, 0x00, 0x51, 0x00, 0x05, 0x00, 0x07, 0x00, 0x00, 0x00, 0xb6, // .......Q........
	0x0a, 0x00, 0x00, 0xae, 0x0a, 0x00, 0x00, 0x02, 0x00, 0x00, 0x00, 0x50, 0x00, 0x07, 0x00, 0x0d, // ...........P....
	0x00, 0x00, 0x00, 0xc2, 0x0c, 0x00, 0x00, 0xb0, 0x0a, 0x00, 0x00, 0xb3, 0x0a, 0x00, 0x00, 0xb6, // ................
	0x0a, 0x00, 0x00, 0x2a, 0x06, 0x00, 0x00, 0xf9, 0x00, 0x02, 0x00, 0xcf, 0x0a, 0x00, 0x00, 0xf8, // ...*............
	0x00, 0x02, 0x00, 0xb8, 0x0a, 0x00, 0x00, 0xb4, 0x00, 0x05, 0x00, 0x4a, 0x00, 0x00, 0x00, 0xba, // ...........J....
	0x0a, 0x00, 0x00, 0x5b, 0x06, 0x00, 0x00, 0x35, 0x02, 0x00, 0x00, 0xf7, 0x00, 0x03, 0x00, 0xce, // ...[...5........
	0x0a, 0x00, 0x00, 0x00, 0x00, 0x00, 0x00, 0xfa, 0x00, 0x04, 0x00, 0xba, 0x0a, 0x00, 0x00, 0xbb, // ................
	0x0a, 0x00, 0x00, 0xce, 0x0a, 0x00, 0x00, 0xf8, 0x00, 0x02, 0x00, 0xbb, 0x0a, 0x00, 0x00, 0x4f, // ...............O
	0x00, 0x08, 0x00, 0x13, 0x00, 0x00, 0x00, 0xbe, 0x0a, 0x00, 0x00, 0x22, 0x0c, 0x00, 0x00, 0x22, // ..........."..."
	0x0c, 0x00, 0x00, 0x00, 0x00, 0x00, 0x00, 0x01, 0x00, 0x00, 0x00, 0x02, 0x00, 0x00, 0x00, 0x4f, // ...............O
	0x00, 0x08, 0x00, 0x13, 0x00, 0x00, 0x00, 0xc0, 0x0a, 0x00, 0x00, 0x02, 0x0c, 0x00, 0x00, 0x02, // ................
	0x0c, 0x00, 0x00, 0x00, 0x00, 0x00, 0x00, 0x01, 0x00, 0x00, 0x00, 0x02, 0x00, 0x00, 0x00, 0x8e, // ................
	0x00, 0x05, 0x00, 0x13, 0x00, 0x00, 0x00, 0xc3, 0x0a, 0x00, 0x00, 0xc0, 0x0a, 0x00, 0x00, 0x55, // ...............U
	0x06, 0x00, 0x00, 0x85, 0x00, 0x05, 0x00, 0x13, 0x00, 0x00, 0x00, 0xc4, 0x0a, 0x00, 0x00, 0xbe, // ................
	0x0a, 0x00, 0x00, 0xc3, 0x0a, 0x00, 0x00, 0x51, 0x00, 0x05, 0x00, 0x07, 0x00, 0x00, 0x00, 0xc6, // .......Q........
	0x0a, 0x00, 0x00, 0xc4, 0x0a, 0x00, 0x00, 0x00, 0x00, 0x00, 0x00, 0x51, 0x00, 0x05, 0x00, 0x07, // ...........Q....
	0x00, 0x00, 0x00, 0xc9, 0x0a, 0x00, 0x00, 0xc4, 0x0a, 0x00, 0x00, 0x01, 0x00, 0x00, 0x00, 0x51, // ...............Q
	0x00, 0x05, 0x00, 0x07, 0x00, 0x00, 0x00, 0xcc, 0x0a, 0x00, 0x00, 0xc4, 0x0a, 0x00, 0x00, 0x02, // ................
	0x00, 0x00, 0x00, 0x50, 0x00, 0x07, 0x00, 0x0d, 0x00, 0x00, 0x00, 0xc1, 0x0c, 0x00, 0x00, 0xc6, // ...P............
	0x0a, 0x00, 0x00, 0xc9, 0x0a, 0x00, 0x00, 0xcc, 0x0a, 0x00, 0x00, 0x2a, 0x06, 0x00, 0x00, 0xf9, // ...........*....
	0x00, 0x02, 0x00, 0xce, 0x0a, 0x00, 0x00, 0xf8, 0x00, 0x02, 0x00, 0xce, 0x0a, 0x00, 0x00, 0xf5, // ................
	0x00, 0x07, 0x00, 0x0d, 0x00, 0x00, 0x00, 0xbb, 0x0c, 0x00, 0x00, 0x22, 0x0c, 0x00, 0x00, 0xb8, // ..........."....
	0x0a, 0x00, 0x00, 0xc1, 0x0c, 0x00, 0x00, 0xbb, 0x0a, 0x00, 0x00, 0xf9, 0x00, 0x02, 0x00, 0xcf, // ................
	0x0a, 0x00, 0x00, 0xf8, 0x00, 0x02, 0x00, 0xcf, 0x0a, 0x00, 0x00, 0xf5, 0x00, 0x07, 0x00, 0x0d, // ................
	0x00, 0x00, 0x00, 0xba, 0x0c, 0x00, 0x00, 0xc2, 0x0c, 0x00, 0x00, 0xa5, 0x0a, 0x00, 0x00, 0xbb, // ................
	0x0c, 0x00, 0x00, 0xce, 0x0a, 0x00, 0x00, 0xf9, 0x00, 0x02, 0x00, 0xd0, 0x0a, 0x00, 0x00, 0xf8, // ................
	0x00, 0x02, 0x00, 0xd0, 0x0a, 0x00, 0x00, 0xf5, 0x00, 0x07, 0x00, 0x0d, 0x00, 0x00, 0x00, 0xb9, // ................
	0x0c, 0x00, 0x00, 0xc3, 0x0c, 0x00, 0x00, 0x8f, 0x0a, 0x00, 0x00, 0xba, 0x0c, 0x00, 0x00, 0xcf, // ................
	0x0a, 0x00, 0x00, 0xf9, 0x00, 0x02, 0x00, 0xd1, 0x0a, 0x00, 0x00, 0xf8, 0x00, 0x02, 0x00, 0xd1, // ................
	0x0a, 0x00, 0x00, 0xf5, 0x00, 0x07, 0x00, 0x0d, 0x00, 0x00, 0x00, 0xb8, 0x0c, 0x00, 0x00, 0xc4, // ................
	0x0c, 0x00, 0x00, 0x75, 0x0a, 0x00, 0x00, 0xb9, 0x0c, 0x00, 0x00, 0xd0, 0x0a, 0x00, 0x00, 0x41, // ...u...........A
	0x00, 0x05, 0x00, 0xd7, 0x02, 0x00, 0x00, 0x5f, 0x06, 0x00, 0x00, 0xc7, 0x02, 0x00, 0x00, 0xc7, // ......._........
	0x00, 0x00, 0x00, 0x3d, 0x00, 0x04, 0x00, 0x0d, 0x00, 0x00, 0x00, 0x60, 0x06, 0x00, 0x00, 0x5f, // ...=.......`..._
	0x06, 0x00, 0x00, 0x4f, 0x00, 0x08, 0x00, 0x13, 0x00, 0x00, 0x00, 0x61, 0x06, 0x00, 0x00, 0x60, // ...O.......a...`
	0x06, 0x00, 0x00, 0x60, 0x06, 0x00, 0x00, 0x00, 0x00, 0x00, 0x00, 0x01, 0x00, 0x00, 0x00, 0x02, // ...`............
	0x00, 0x00, 0x00, 0x94, 0x00, 0x05, 0x00, 0x07, 0x00, 0x00, 0x00, 0x63, 0x06, 0x00, 0x00, 0x61, // ...........c...a
	0x06, 0x00, 0x00, 0x06, 0x06, 0x00, 0x00, 0x0c, 0x00, 0x07, 0x00, 0x07, 0x00, 0x00, 0x00, 0x64, // ...............d
	0x06, 0x00, 0x00, 0x01, 0x00, 0x00, 0x00, 0x28, 0x00, 0x00, 0x00, 0x63, 0x06, 0x00, 0x00, 0xed, // .......(...c....
	0x00, 0x00, 0x00, 0x4f, 0x00, 0x08, 0x00, 0x13, 0x00, 0x00, 0x00, 0x67, 0x06, 0x00, 0x00, 0xb8, // ...O.......g....
	0x0c, 0x00, 0x00, 0xb8, 0x0c, 0x00, 0x00, 0x00, 0x00, 0x00, 0x00, 0x01, 0x00, 0x00, 0x00, 0x02, // ................
	0x00, 0x00, 0x00, 0x41, 0x00, 0x05, 0x00, 0xd7, 0x02, 0x00, 0x00, 0x68, 0x06, 0x00, 0x00, 0xc7, // ...A.......h....
	0x02, 0x00, 0x00, 0xc3, 0x00, 0x00, 0x00, 0x3d, 0x00, 0x04, 0x00, 0x0d, 0x00, 0x00, 0x00, 0x69, // .......=.......i
	0x06, 0x00, 0x00, 0x68, 0x06, 0x00, 0x00, 0x4f, 0x00, 0x08, 0x00, 0x13, 0x00, 0x00, 0x00, 0x6a, // ...h...O.......j
	0x06, 0x00, 0x00, 0x69, 0x06, 0x00, 0x00, 0x69, 0x06, 0x00, 0x00, 0x00, 0x00, 0x00, 0x00, 0x01, // ...i...i........
	0x00, 0x00, 0x00, 0x02, 0x00, 0x00, 0x00, 0x8e, 0x00, 0x05, 0x00, 0x13, 0x00, 0x00, 0x00, 0x6c, // ...............l
	0x06, 0x00, 0x00, 0x6a, 0x06, 0x00, 0x00, 0x64, 0x06, 0x00, 0x00, 0x41, 0x00, 0x05, 0x00, 0xd7, // ...j...d...A....
	0x02, 0x00, 0x00, 0x6d, 0x06, 0x00, 0x00, 0xc7, 0x02, 0x00, 0x00, 0x09, 0x01, 0x00, 0x00, 0x3d, // ...m...........=
	0x00, 0x04, 0x00, 0x0d, 0x00, 0x00, 0x00, 0x6e, 0x06, 0x00, 0x00, 0x6d, 0x06, 0x00, 0x00, 0x4f, // .......n...m...O
	0x00, 0x08, 0x00, 0x13, 0x00, 0x00, 0x00, 0x6f, 0x06, 0x00, 0x00, 0x6e, 0x06, 0x00, 0x00, 0x6e, // .......o...n...n
	0x06, 0x00, 0x00, 0x00, 0x00, 0x00, 0x00, 0x01, 0x00, 0x00, 0x00, 0x02, 0x00, 0x00, 0x00, 0x81, // ................
	0x00, 0x05, 0x00, 0x13, 0x00, 0x00, 0x00, 0x70, 0x06, 0x00, 0x00, 0x6c, 0x06, 0x00, 0x00, 0x6f, // .......p...l...o
	0x06, 0x00, 0x00, 0x85, 0x00, 0x05, 0x00, 0x13, 0x00, 0x00, 0x00, 0x71, 0x06, 0x00, 0x00, 0x67, // ...........q...g
	0x06, 0x00, 0x00, 0x70, 0x06, 0x00, 0x00, 0x51, 0x00, 0x05, 0x00, 0x07, 0x00, 0x00, 0x00, 0x73, // ...p...Q.......s
	0x06, 0x00, 0x00, 0x71, 0x06, 0x00, 0x00, 0x00, 0x00, 0x00, 0x00, 0x52, 0x00, 0x06, 0x00, 0x0d, // ...q.......R....
	0x00, 0x00, 0x00, 0x5d, 0x0c, 0x00, 0x00, 0x73, 0x06, 0x00, 0x00, 0xb8, 0x0c, 0x00, 0x00, 0x00, // ...]...s........
	0x00, 0x00, 0x00, 0x51, 0x00, 0x05, 0x00, 0x07, 0x00, 0x00, 0x00, 0x76, 0x06, 0x00, 0x00, 0x71, // ...Q.......v...q
	0x06, 0x00, 0x00, 0x01, 0x00, 0x00, 0x00, 0x52, 0x00, 0x06, 0x00, 0x0d, 0x00, 0x00, 0x00, 0x60, // .......R.......`
	0x0c, 0x00, 0x00, 0x76, 0x06, 0x00, 0x00, 0x5d, 0x0c, 0x00, 0x00, 0x01, 0x00, 0x00, 0x00, 0x51, // ...v...].......Q
	0x00, 0x05, 0x00, 0x07, 0x00, 0x00, 0x00, 0x79, 0x06, 0x00, 0x00, 0x71, 0x06, 0x00, 0x00, 0x02, // .......y...q....
	0x00, 0x00, 0x00, 0x52, 0x00, 0x06, 0x00, 0x0d, 0x00, 0x00, 0x00, 0x63, 0x0c, 0x00, 0x00, 0x79, // ...R.......c...y
	0x06, 0x00, 0x00, 0x60, 0x0c, 0x00, 0x00, 0x02, 0x00, 0x00, 0x00, 0x41, 0x00, 0x06, 0x00, 0xc9, // ...`.......A....
	0x02, 0x00, 0x00, 0x7b, 0x06, 0x00, 0x00, 0xc7, 0x02, 0x00, 0x00, 0x10, 0x01, 0x00, 0x00, 0x86, // ...{............
	0x01, 0x00, 0x00, 0x3d, 0x00, 0x04, 0x00, 0x07, 0x00, 0x00, 0x00, 0x7c, 0x06, 0x00, 0x00, 0x7b, // ...=.......|...{
	0x06, 0x00, 0x00, 0xb4, 0x00, 0x05, 0x00, 0x4a, 0x00, 0x00, 0x00, 0x7d, 0x06, 0x00, 0x00, 0x7c, // .......J...}...|
	0x06, 0x00, 0x00, 0xec, 0x00, 0x00, 0x00, 0xf7, 0x00, 0x03, 0x00, 0xdc, 0x06, 0x00, 0x00, 0x00, // ................
	0x00, 0x00, 0x00, 0xfa, 0x00, 0x04, 0x00, 0x7d, 0x06, 0x00, 0x00, 0x7e, 0x06, 0x00, 0x00, 0xdc, // .......}...~....
	0x06, 0x00, 0x00, 0xf8, 0x00, 0x02, 0x00, 0x7e, 0x06, 0x00, 0x00, 0x41, 0x00, 0x05, 0x00, 0xd7, // .......~...A....
	0x02, 0x00, 0x00, 0x7f, 0x06, 0x00, 0x00, 0xc7, 0x02, 0x00, 0x00, 0x00, 0x01, 0x00, 0x00, 0x3d, // ...............=
	0x00, 0x04, 0x00, 0x0d, 0x00, 0x00, 0x00, 0x80, 0x06, 0x00, 0x00, 0x7f, 0x06, 0x00, 0x00, 0x4f, // ...............O
	0x00, 0x08, 0x00, 0x13, 0x00, 0x00, 0x00, 0x81, 0x06, 0x00, 0x00, 0x80, 0x06, 0x00, 0x00, 0x80, // ................
	0x06, 0x00, 0x00, 0x00, 0x00, 0x00, 0x00, 0x01, 0x00, 0x00, 0x00, 0x02, 0x00, 0x00, 0x00, 0x7f, // ................
	0x00, 0x04, 0x00, 0x13, 0x00, 0x00, 0x00, 0x82, 0x06, 0x00, 0x00, 0x81, 0x06, 0x00, 0x00, 0x0c, // ................
	0x00, 0x06, 0x00, 0x13, 0x00, 0x00, 0x00, 0x83, 0x06, 0x00, 0x00, 0x01, 0x00, 0x00, 0x00, 0x45, // ...............E
	0x00, 0x00, 0x00, 0x82, 0x06, 0x00, 0x00, 0x94, 0x00, 0x05, 0x00, 0x07, 0x00, 0x00, 0x00, 0x8c, // ................
	0x06, 0x00, 0x00, 0x83, 0x06, 0x00, 0x00, 0x06, 0x06, 0x00, 0x00, 0x0c, 0x00, 0x08, 0x00, 0x07, // ................
	0x00, 0x00, 0x00, 0x8d, 0x06, 0x00, 0x00, 0x01, 0x00, 0x00, 0x00, 0x2b, 0x00, 0x00, 0x00, 0x8c, // ...........+....
	0x06, 0x00, 0x00, 0xed, 0x00, 0x00, 0x00, 0xec, 0x00, 0x00, 0x00, 0x41, 0x00, 0x06, 0x00, 0xc9, // ...........A....
	0x02, 0x00, 0x00, 0x8f, 0x06, 0x00, 0x00, 0xc7, 0x02, 0x00, 0x00, 0x10, 0x01, 0x00, 0x00, 0x20, // ............... 
	0x01, 0x00, 0x00, 0x3d, 0x00, 0x04, 0x00, 0x07, 0x00, 0x00, 0x00, 0x90, 0x06, 0x00, 0x00, 0x8f, // ...=............
	0x06, 0x00, 0x00, 0x0c, 0x00, 0x07, 0x00, 0x07, 0x00, 0x00, 0x00, 0x91, 0x06, 0x00, 0x00, 0x01, // ................
	0x00, 0x00, 0x00, 0x1a, 0x00, 0x00, 0x00, 0x8d, 0x06, 0x00, 0x00, 0x90, 0x06, 0x00, 0x00, 0x50, // ...............P
	0x00, 0x07, 0x00, 0x0d, 0x00, 0x00, 0x00, 0xd5, 0x0a, 0x00, 0x00, 0x91, 0x06, 0x00, 0x00, 0x91, // ................
	0x06, 0x00, 0x00, 0x91, 0x06, 0x00, 0x00, 0x91, 0x06, 0x00, 0x00, 0x41, 0x00, 0x05, 0x00, 0xd7, // ...........A....
	0x02, 0x00, 0x00, 0x93, 0x06, 0x00, 0x00, 0xc7, 0x02, 0x00, 0x00, 0xd3, 0x03, 0x00, 0x00, 0x3d, // ...............=
	0x00, 0x04, 0x00, 0x0d, 0x00, 0x00, 0x00, 0x94, 0x06, 0x00, 0x00, 0x93, 0x06, 0x00, 0x00, 0x41, // ...............A
	0x00, 0x05, 0x00, 0xd7, 0x02, 0x00, 0x00, 0x95, 0x06, 0x00, 0x00, 0xc7, 0x02, 0x00, 0x00, 0x0a, // ................
	0x01, 0x00, 0x00, 0x3d, 0x00, 0x04, 0x00, 0x0d, 0x00, 0x00, 0x00, 0x96, 0x06, 0x00, 0x00, 0x95, // ...=............
	0x06, 0x00, 0x00, 0x0c, 0x00, 0x08, 0x00, 0x0d, 0x00, 0x00, 0x00, 0xdb, 0x0a, 0x00, 0x00, 0x01, // ................
	0x00, 0x00, 0x00, 0x2e, 0x00, 0x00, 0x00, 0x94, 0x06, 0x00, 0x00, 0x96, 0x06, 0x00, 0x00, 0xd5, // ................
	0x0a, 0x00, 0x00, 0x41, 0x00, 0x06, 0x00, 0xc9, 0x02, 0x00, 0x00, 0x98, 0x06, 0x00, 0x00, 0xc7, // ...A............
	0x02, 0x00, 0x00, 0x10, 0x01, 0x00, 0x00, 0x81, 0x01, 0x00, 0x00, 0x3d, 0x00, 0x04, 0x00, 0x07, // ...........=....
	0x00, 0x00, 0x00, 0x99, 0x06, 0x00, 0x00, 0x98, 0x06, 0x00, 0x00, 0xb4, 0x00, 0x05, 0x00, 0x4a, // ...............J
	0x00, 0x00, 0x00, 0x9a, 0x06, 0x00, 0x00, 0x99, 0x06, 0x00, 0x00, 0xed, 0x00, 0x00, 0x00, 0xf7, // ................
	0x00, 0x03, 0x00, 0xd5, 0x06, 0x00, 0x00, 0x00, 0x00, 0x00, 0x00, 0xfa, 0x00, 0x04, 0x00, 0x9a, // ................
	0x06, 0x00, 0x00, 0x9b, 0x06, 0x00, 0x00, 0xab, 0x06, 0x00, 0x00, 0xf8, 0x00, 0x02, 0x00, 0x9b, // ................
	0x06, 0x00, 0x00, 0x4f, 0x00, 0x08, 0x00, 0x13, 0x00, 0x00, 0x00, 0x9e, 0x06, 0x00, 0x00, 0x63, // ...O...........c
	0x0c, 0x00, 0x00, 0x63, 0x0c, 0x00, 0x00, 0x00, 0x00, 0x00, 0x00, 0x01, 0x00, 0x00, 0x00, 0x02, // ...c............
	0x00, 0x00, 0x00, 0x4f, 0x00, 0x08, 0x00, 0x13, 0x00, 0x00, 0x00, 0xa0, 0x06, 0x00, 0x00, 0xdb, // ...O............
	0x0a, 0x00, 0x00, 0xdb, 0x0a, 0x00, 0x00, 0x00, 0x00, 0x00, 0x00, 0x01, 0x00, 0x00, 0x00, 0x02, // ................
	0x00, 0x00, 0x00, 0x81, 0x00, 0x05, 0x00, 0x13, 0x00, 0x00, 0x00, 0xa1, 0x06, 0x00, 0x00, 0x9e, // ................
	0x06, 0x00, 0x00, 0xa0, 0x06, 0x00, 0x00, 0x51, 0x00, 0x05, 0x00, 0x07, 0x00, 0x00, 0x00, 0xa3, // .......Q........
	0x06, 0x00, 0x00, 0xa1, 0x06, 0x00, 0x00, 0x00, 0x00, 0x00, 0x00, 0x52, 0x00, 0x06, 0x00, 0x0d, // ...........R....
	0x00, 0x00, 0x00, 0x69, 0x0c, 0x00, 0x00, 0xa3, 0x06, 0x00, 0x00, 0x63, 0x0c, 0x00, 0x00, 0x00, // ...i.......c....
	0x00, 0x00, 0x00, 0x51, 0x00, 0x05, 0x00, 0x07, 0x00, 0x00, 0x00, 0xa6, 0x06, 0x00, 0x00, 0xa1, // ...Q............
	0x06, 0x00, 0x00, 0x01, 0x00, 0x00, 0x00, 0x52, 0x00, 0x06, 0x00, 0x0d, 0x00, 0x00, 0x00, 0x6c, // .......R.......l
	0x0c, 0x00, 0x00, 0xa6, 0x06, 0x00, 0x00, 0x69, 0x0c, 0x00, 0x00, 0x01, 0x00, 0x00, 0x00, 0x51, // .......i.......Q
	0x00, 0x05, 0x00, 0x07, 0x00, 0x00, 0x00, 0xa9, 0x06, 0x00, 0x00, 0xa1, 0x06, 0x00, 0x00, 0x02, // ................
	0x00, 0x00, 0x00, 0x52, 0x00, 0x06, 0x00, 0x0d, 0x00, 0x00, 0x00, 0x6f, 0x0c, 0x00, 0x00, 0xa9, // ...R.......o....
	0x06, 0x00, 0x00, 0x6c, 0x0c, 0x00, 0x00, 0x02, 0x00, 0x00, 0x00, 0xf9, 0x00, 0x02, 0x00, 0xd5, // ...l............
	0x06, 0x00, 0x00, 0xf8, 0x00, 0x02, 0x00, 0xab, 0x06, 0x00, 0x00, 0xb4, 0x00, 0x05, 0x00, 0x4a, // ...............J
	0x00, 0x00, 0x00, 0xae, 0x06, 0x00, 0x00, 0x99, 0x06, 0x00, 0x00, 0xec, 0x00, 0x00, 0x00, 0xf7, // ................
	0x00, 0x03, 0x00, 0xd4, 0x06, 0x00, 0x00, 0x00, 0x00, 0x00, 0x00, 0xfa, 0x00, 0x04, 0x00, 0xae, // ................
	0x06, 0x00, 0x00, 0xaf, 0x06, 0x00, 0x00, 0xbf, 0x06, 0x00, 0x00, 0xf8, 0x00, 0x02, 0x00, 0xaf, // ................
	0x06, 0x00, 0x00, 0x4f, 0x00, 0x08, 0x00, 0x13, 0x00, 0x00, 0x00, 0xb2, 0x06, 0x00, 0x00, 0x63, // ...O...........c
	0x0c, 0x00, 0x00, 0x63, 0x0c, 0x00, 0x00, 0x00, 0x00, 0x00, 0x00, 0x01, 0x00, 0x00, 0x00, 0x02, // ...c............
	0x00, 0x00, 0x00, 0x4f, 0x00, 0x08, 0x00, 0x13, 0x00, 0x00, 0x00, 0xb4, 0x06, 0x00, 0x00, 0xdb, // ...O............
	0x0a, 0x00, 0x00, 0xdb, 0x0a, 0x00, 0x00, 0x00, 0x00, 0x00, 0x00, 0x01, 0x00, 0x00, 0x00, 0x02, // ................
	0x00, 0x00, 0x00, 0x83, 0x00, 0x05, 0x00, 0x13, 0x00, 0x00, 0x00, 0xb5, 0x06, 0x00, 0x00, 0xb2, // ................
	0x06, 0x00, 0x00, 0xb4, 0x06, 0x00, 0x00, 0x51, 0x00, 0x05, 0x00, 0x07, 0x00, 0x00, 0x00, 0xb7, // .......Q........
	0x06, 0x00, 0x00, 0xb5, 0x06, 0x00, 0x00, 0x00, 0x00, 0x00, 0x00, 0x52, 0x00, 0x06, 0x00, 0x0d, // ...........R....
	0x00, 0x00, 0x00, 0x72, 0x0c, 0x00, 0x00, 0xb7, 0x06, 0x00, 0x00, 0x63, 0x0c, 0x00, 0x00, 0x00, // ...r.......c....
	0x00, 0x00, 0x00, 0x51, 0x00, 0x05, 0x00, 0x07, 0x00, 0x00, 0x00, 0xba, 0x06, 0x00, 0x00, 0xb5, // ...Q............
	0x06, 0x00, 0x00, 0x01, 0x00, 0x00, 0x00, 0x52, 0x00, 0x06, 0x00, 0x0d, 0x00, 0x00, 0x00, 0x75, // .......R.......u
	0x0c, 0x00, 0x00, 0xba, 0x06, 0x00, 0x00, 0x72, 0x0c, 0x00, 0x00, 0x01, 0x00, 0x00, 0x00, 0x51, // .......r.......Q
	0x00, 0x05, 0x00, 0x07, 0x00, 0x00, 0x00, 0xbd, 0x06, 0x00, 0x00, 0xb5, 0x06, 0x00, 0x00, 0x02, // ................
	0x00, 0x00, 0x00, 0x52, 0x00, 0x06, 0x00, 0x0d, 0x00, 0x00, 0x00, 0x78, 0x0c, 0x00, 0x00, 0xbd, // ...R.......x....
	0x06, 0x00, 0x00, 0x75, 0x0c, 0x00, 0x00, 0x02, 0x00, 0x00, 0x00, 0xf9, 0x00, 0x02, 0x00, 0xd4, // ...u............
	0x06, 0x00, 0x00, 0xf8, 0x00, 0x02, 0x00, 0xbf, 0x06, 0x00, 0x00, 0xb4, 0x00, 0x05, 0x00, 0x4a, // ...............J
	0x00, 0x00, 0x00, 0xc2, 0x06, 0x00, 0x00, 0x99, 0x06, 0x00, 0x00, 0x7b, 0x01, 0x00, 0x00, 0xf7, // ...........{....
	0x00, 0x03, 0x00, 0xd3, 0x06, 0x00, 0x00, 0x00, 0x00, 0x00, 0x00, 0xfa, 0x00, 0x04, 0x00, 0xc2, // ................
	0x06, 0x00, 0x00, 0xc3, 0x06, 0x00, 0x00, 0xd3, 0x06, 0x00, 0x00, 0xf8, 0x00, 0x02, 0x00, 0xc3, // ................
	0x06, 0x00, 0x00, 0x4f, 0x00, 0x08, 0x00, 0x13, 0x00, 0x00, 0x00, 0xc6, 0x06, 0x00, 0x00, 0x63, // ...O...........c
	0x0c, 0x00, 0x00, 0x63, 0x0c, 0x00, 0x00, 0x00, 0x00, 0x00, 0x00, 0x01, 0x00, 0x00, 0x00, 0x02, // ...c............
	0x00, 0x00, 0x00, 0x4f, 0x00, 0x08, 0x00, 0x13, 0x00, 0x00, 0x00, 0xc8, 0x06, 0x00, 0x00, 0xdb, // ...O............
	0x0a, 0x00, 0x00, 0xdb, 0x0a, 0x00, 0x00, 0x00, 0x00, 0x00, 0x00, 0x01, 0x00, 0x00, 0x00, 0x02, // ................
	0x00, 0x00, 0x00, 0x85, 0x00, 0x05, 0x00, 0x13, 0x00, 0x00, 0x00, 0xc9, 0x06, 0x00, 0x00, 0xc6, // ................
	0x06, 0x00, 0x00, 0xc8, 0x06, 0x00, 0x00, 0x51, 0x00, 0x05, 0x00, 0x07, 0x00, 0x00, 0x00, 0xcb, // .......Q........
	0x06, 0x00, 0x00, 0xc9, 0x06, 0x00, 0x00, 0x00, 0x00, 0x00, 0x00, 0x52, 0x00, 0x06, 0x00, 0x0d, // ...........R....
	0x00, 0x00, 0x00, 0x7b, 0x0c, 0x00, 0x00, 0xcb, 0x06, 0x00, 0x00, 0x63, 0x0c, 0x00, 0x00, 0x00, // ...{.......c....
	0x00, 0x00, 0x00, 0x51, 0x00, 0x05, 0x00, 0x07, 0x00, 0x00, 0x00, 0xce, 0x06, 0x00, 0x00, 0xc9, // ...Q............
	0x06, 0x00, 0x00, 0x01, 0x00, 0x00, 0x00, 0x52, 0x00, 0x06, 0x00, 0x0d, 0x00, 0x00, 0x00, 0x7e, // .......R.......~
	0x0c, 0x00, 0x00, 0xce, 0x06, 0x00, 0x00, 0x7b, 0x0c, 0x00, 0x00, 0x01, 0x00, 0x00, 0x00, 0x51, // .......{.......Q
	0x00, 0x05, 0x00, 0x07, 0x00, 0x00, 0x00, 0xd1, 0x06, 0x00, 0x00, 0xc9, 0x06, 0x00, 0x00, 0x02, // ................
	0x00, 0x00, 0x00, 0x52, 0x00, 0x06, 0x00, 0x0d, 0x00, 0x00, 0x00, 0x81, 0x0c, 0x00, 0x00, 0xd1, // ...R............
	0x06, 0x00, 0x00, 0x7e, 0x0c, 0x00, 0x00, 0x02, 0x00, 0x00, 0x00, 0xf9, 0x00, 0x02, 0x00, 0xd3, // ...~............
	0x06, 0x00, 0x00, 0xf8, 0x00, 0x02, 0x00, 0xd3, 0x06, 0x00, 0x00, 0xf5, 0x00, 0x07, 0x00, 0x0d, // ................
	0x00, 0x00, 0x00, 0xbe, 0x0c, 0x00, 0x00, 0x63, 0x0c, 0x00, 0x00, 0xbf, 0x06, 0x00, 0x00, 0x81, // .......c........
	0x0c, 0x00, 0x00, 0xc3, 0x06, 0x00, 0x00, 0xf9, 0x00, 0x02, 0x00, 0xd4, 0x06, 0x00, 0x00, 0xf8, // ................
	0x00, 0x02, 0x00, 0xd4, 0x06, 0x00, 0x00, 0xf5, 0x00, 0x07, 0x00, 0x0d, 0x00, 0x00, 0x00, 0xbd, // ................
	0x0c, 0x00, 0x00, 0x78, 0x0c, 0x00, 0x00, 0xaf, 0x06, 0x00, 0x00, 0xbe, 0x0c, 0x00, 0x00, 0xd3, // ...x............
	0x06, 0x00, 0x00, 0xf9, 0x00, 0x02, 0x00, 0xd5, 0x06, 0x00, 0x00, 0xf8, 0x00, 0x02, 0x00, 0xd5, // ................
	0x06, 0x00, 0x00, 0xf5, 0x00, 0x07, 0x00, 0x0d, 0x00, 0x00, 0x00, 0xbc, 0x0c, 0x00, 0x00, 0x6f, // ...............o
	0x0c, 0x00, 0x00, 0x9b, 0x06, 0x00, 0x00, 0xbd, 0x0c, 0x00, 0x00, 0xd4, 0x06, 0x00, 0x00, 0x51, // ...............Q
	0x00, 0x05, 0x00, 0x07, 0x00, 0x00, 0x00, 0xd7, 0x06, 0x00, 0x00, 0xdb, 0x0a, 0x00, 0x00, 0x03, // ................
	0x00, 0x00, 0x00, 0x51, 0x00, 0x05, 0x00, 0x07, 0x00, 0x00, 0x00, 0xd9, 0x06, 0x00, 0x00, 0xbc, // ...Q............
	0x0c, 0x00, 0x00, 0x03, 0x00, 0x00, 0x00, 0x85, 0x00, 0x05, 0x00, 0x07, 0x00, 0x00, 0x00, 0xda, // ................
	0x06, 0x00, 0x00, 0xd9, 0x06, 0x00, 0x00, 0xd7, 0x06, 0x00, 0x00, 0x52, 0x00, 0x06, 0x00, 0x0d, // ...........R....
	0x00, 0x00, 0x00, 0x85, 0x0c, 0x00, 0x00, 0xda, 0x06, 0x00, 0x00, 0xbc, 0x0c, 0x00, 0x00, 0x03, // ................
	0x00, 0x00, 0x00, 0xf9, 0x00, 0x02, 0x00, 0xdc, 0x06, 0x00, 0x00, 0xf8, 0x00, 0x02, 0x00, 0xdc, // ................
	0x06, 0x00, 0x00, 0xf5, 0x00, 0x07, 0x00, 0x0d, 0x00, 0x00, 0x00, 0xbf, 0x0c, 0x00, 0x00, 0x63, // ...............c
	0x0c, 0x00, 0x00, 0xd1, 0x0a, 0x00, 0x00, 0x85, 0x0c, 0x00, 0x00, 0xd5, 0x06, 0x00, 0x00, 0x4f, // ...............O
	0x00, 0x08, 0x00, 0x13, 0x00, 0x00, 0x00, 0xdf, 0x06, 0x00, 0x00, 0xbf, 0x0c, 0x00, 0x00, 0xbf, // ................
	0x0c, 0x00, 0x00, 0x00, 0x00, 0x00, 0x00, 0x01, 0x00, 0x00, 0x00, 0x02, 0x00, 0x00, 0x00, 0x41, // ...............A
	0x00, 0x06, 0x00, 0xc9, 0x02, 0x00, 0x00, 0xe0, 0x06, 0x00, 0x00, 0xc7, 0x02, 0x00, 0x00, 0x31, // ...............1
	0x04, 0x00, 0x00, 0x86, 0x01, 0x00, 0x00, 0x3d, 0x00, 0x04, 0x00, 0x07, 0x00, 0x00, 0x00, 0xe1, // .......=........
	0x06, 0x00, 0x00, 0xe0, 0x06, 0x00, 0x00, 0x8e, 0x00, 0x05, 0x00, 0x13, 0x00, 0x00, 0x00, 0xe2, // ................
	0x06, 0x00, 0x00, 0xdf, 0x06, 0x00, 0x00, 0xe1, 0x06, 0x00, 0x00, 0x51, 0x00, 0x05, 0x00, 0x07, // ...........Q....
	0x00, 0x00, 0x00, 0xe4, 0x06, 0x00, 0x00, 0xe2, 0x06, 0x00, 0x00, 0x00, 0x00, 0x00, 0x00, 0x52, // ...............R
	0x00, 0x06, 0x00, 0x0d, 0x00, 0x00, 0x00, 0x88, 0x0c, 0x00, 0x00, 0xe4, 0x06, 0x00, 0x00, 0xbf, // ................
	0x0c, 0x00, 0x00, 0x00, 0x00, 0x00, 0x00, 0x51, 0x00, 0x05, 0x00, 0x07, 0x00, 0x00, 0x00, 0xe7, // .......Q........
	0x06, 0x00, 0x00, 0xe2, 0x06, 0x00, 0x00, 0x01, 0x00, 0x00, 0x00, 0x52, 0x00, 0x06, 0x00, 0x0d, // ...........R....
	0x00, 0x00, 0x00, 0x8b, 0x0c, 0x00, 0x00, 0xe7, 0x06, 0x00, 0x00, 0x88, 0x0c, 0x00, 0x00, 0x01, // ................
	0x00, 0x00, 0x00, 0x51, 0x00, 0x05, 0x00, 0x07, 0x00, 0x00, 0x00, 0xea, 0x06, 0x00, 0x00, 0xe2, // ...Q............
	0x06, 0x00, 0x00, 0x02, 0x00, 0x00, 0x00, 0x52, 0x00, 0x06, 0x00, 0x0d, 0x00, 0x00, 0x00, 0x8e, // .......R........
	0x0c, 0x00, 0x00, 0xea, 0x06, 0x00, 0x00, 0x8b, 0x0c, 0x00, 0x00, 0x02, 0x00, 0x00, 0x00, 0x41, // ...............A
	0x00, 0x05, 0x00, 0x0f, 0x0c, 0x00, 0x00, 0xf5, 0x0b, 0x00, 0x00, 0xf2, 0x04, 0x00, 0x00, 0x24, // ...............$
	0x01, 0x00, 0x00, 0x3d, 0x00, 0x04, 0x00, 0x07, 0x00, 0x00, 0x00, 0xef, 0x06, 0x00, 0x00, 0xf5, // ...=............
	0x0b, 0x00, 0x00, 0x50, 0x00, 0x07, 0x00, 0x0d, 0x00, 0x00, 0x00, 0xdf, 0x0a, 0x00, 0x00, 0xef, // ...P............
	0x06, 0x00, 0x00, 0xef, 0x06, 0x00, 0x00, 0xef, 0x06, 0x00, 0x00, 0xef, 0x06, 0x00, 0x00, 0x88, // ................
	0x00, 0x05, 0x00, 0x0d, 0x00, 0x00, 0x00, 0xf1, 0x06, 0x00, 0x00, 0xf3, 0x04, 0x00, 0x00, 0xdf, // ................
	0x0a, 0x00, 0x00, 0x4f, 0x00, 0x07, 0x00, 0x0b, 0x00, 0x00, 0x00, 0xf3, 0x06, 0x00, 0x00, 0xf1, // ...O............
	0x06, 0x00, 0x00, 0xf1, 0x06, 0x00, 0x00, 0x00, 0x00, 0x00, 0x00, 0x01, 0x00, 0x00, 0x00, 0x81, // ................
	0x00, 0x05, 0x00, 0x0b, 0x00, 0x00, 0x00, 0xf5, 0x06, 0x00, 0x00, 0xf3, 0x06, 0x00, 0x00, 0x05, // ................
	0x0c, 0x00, 0x00, 0x85, 0x00, 0x05, 0x00, 0x0b, 0x00, 0x00, 0x00, 0xf7, 0x06, 0x00, 0x00, 0xf5, // ................
	0x06, 0x00, 0x00, 0x0e, 0x0c, 0x00, 0x00, 0x51, 0x00, 0x05, 0x00, 0x07, 0x00, 0x00, 0x00, 0xf9, // .......Q........
	0x06, 0x00, 0x00, 0xf7, 0x06, 0x00, 0x00, 0x01, 0x00, 0x00, 0x00, 0x83, 0x00, 0x05, 0x00, 0x07, // ................
	0x00, 0x00, 0x00, 0xfa, 0x06, 0x00, 0x00, 0xec, 0x00, 0x00, 0x00, 0xf9, 0x06, 0x00, 0x00, 0x41, // ...............A
	0x00, 0x06, 0x00, 0xc9, 0x02, 0x00, 0x00, 0xfc, 0x06, 0x00, 0x00, 0xc7, 0x02, 0x00, 0x00, 0x53, // ...............S
	0x04, 0x00, 0x00, 0x86, 0x01, 0x00, 0x00, 0x3d, 0x00, 0x04, 0x00, 0x07, 0x00, 0x00, 0x00, 0xfd, // .......=........
	0x06, 0x00, 0x00, 0xfc, 0x06, 0x00, 0x00, 0x41, 0x00, 0x06, 0x00, 0xc9, 0x02, 0x00, 0x00, 0xfe, // .......A........
	0x06, 0x00, 0x00, 0xc7, 0x02, 0x00, 0x00, 0x53, 0x04, 0x00, 0x00, 0x81, 0x01, 0x00, 0x00, 0x3d, // .......S.......=
	0x00, 0x04, 0x00, 0x07, 0x00, 0x00, 0x00, 0xff, 0x06, 0x00, 0x00, 0xfe, 0x06, 0x00, 0x00, 0x85, // ................
	0x00, 0x05, 0x00, 0x07, 0x00, 0x00, 0x00, 0x02, 0x07, 0x00, 0x00, 0xff, 0x06, 0x00, 0x00, 0xfa, // ................
	0x06, 0x00, 0x00, 0x81, 0x00, 0x05, 0x00, 0x07, 0x00, 0x00, 0x00, 0x03, 0x07, 0x00, 0x00, 0xfd, // ................
	0x06, 0x00, 0x00, 0x02, 0x07, 0x00, 0x00, 0x52, 0x00, 0x06, 0x00, 0x0b, 0x00, 0x00, 0x00, 0x94, // .......R........
	0x0c, 0x00, 0x00, 0x03, 0x07, 0x00, 0x00, 0xf7, 0x06, 0x00, 0x00, 0x01, 0x00, 0x00, 0x00, 0x41, // ...............A
	0x00, 0x06, 0x00, 0xc9, 0x02, 0x00, 0x00, 0x05, 0x07, 0x00, 0x00, 0xc7, 0x02, 0x00, 0x00, 0x5d, // ...............]
	0x04, 0x00, 0x00, 0x24, 0x01, 0x00, 0x00, 0x3d, 0x00, 0x04, 0x00, 0x07, 0x00, 0x00, 0x00, 0x06, // ...$...=........
	0x07, 0x00, 0x00, 0x05, 0x07, 0x00, 0x00, 0xb7, 0x00, 0x05, 0x00, 0x4a, 0x00, 0x00, 0x00, 0x07, // ...........J....
	0x07, 0x00, 0x00, 0x06, 0x07, 0x00, 0x00, 0xed, 0x00, 0x00, 0x00, 0xf7, 0x00, 0x03, 0x00, 0x20, // ............... 
	0x07, 0x00, 0x00, 0x00, 0x00, 0x00, 0x00, 0xfa, 0x00, 0x04, 0x00, 0x07, 0x07, 0x00, 0x00, 0x08, // ................
	0x07, 0x00, 0x00, 0x20, 0x07, 0x00, 0x00, 0xf8, 0x00, 0x02, 0x00, 0x08, 0x07, 0x00, 0x00, 0x56, // ... ...........V
	0x00, 0x05, 0x00, 0xcb, 0x00, 0x00, 0x00, 0xee, 0x0a, 0x00, 0x00, 0xc0, 0x00, 0x00, 0x00, 0xbe, // ................
	0x00, 0x00, 0x00, 0x57, 0x00, 0x05, 0x00, 0x0d, 0x00, 0x00, 0x00, 0xf0, 0x0a, 0x00, 0x00, 0xee, // ...W............
	0x0a, 0x00, 0x00, 0x94, 0x0c, 0x00, 0x00, 0x51, 0x00, 0x05, 0x00, 0x07, 0x00, 0x00, 0x00, 0x0c, // .......Q........
	0x07, 0x00, 0x00, 0xf0, 0x0a, 0x00, 0x00, 0x00, 0x00, 0x00, 0x00, 0x51, 0x00, 0x05, 0x00, 0x07, // ...........Q....
	0x00, 0x00, 0x00, 0x0f, 0x07, 0x00, 0x00, 0xf1, 0x06, 0x00, 0x00, 0x02, 0x00, 0x00, 0x00, 0x41, // ...............A
	0x00, 0x05, 0x00, 0xd7, 0x02, 0x00, 0x00, 0x10, 0x07, 0x00, 0x00, 0xc7, 0x02, 0x00, 0x00, 0x5d, // ...............]
	0x04, 0x00, 0x00, 0x3d, 0x00, 0x04, 0x00, 0x0d, 0x00, 0x00, 0x00, 0x11, 0x07, 0x00, 0x00, 0x10, // ...=............
	0x07, 0x00, 0x00, 0x41, 0x00, 0x05, 0x00, 0xd7, 0x02, 0x00, 0x00, 0x12, 0x07, 0x00, 0x00, 0xc7, // ...A............
	0x02, 0x00, 0x00, 0x73, 0x04, 0x00, 0x00, 0x3d, 0x00, 0x04, 0x00, 0x0d, 0x00, 0x00, 0x00, 0x13, // ...s...=........
	0x07, 0x00, 0x00, 0x12, 0x07, 0x00, 0x00, 0x41, 0x00, 0x05, 0x00, 0xd7, 0x02, 0x00, 0x00, 0x14, // .......A........
	0x07, 0x00, 0x00, 0xc7, 0x02, 0x00, 0x00, 0x77, 0x04, 0x00, 0x00, 0x3d, 0x00, 0x04, 0x00, 0x0d, // .......w...=....
	0x00, 0x00, 0x00, 0x15, 0x07, 0x00, 0x00, 0x14, 0x07, 0x00, 0x00, 0x51, 0x00, 0x05, 0x00, 0x07, // ...........Q....
	0x00, 0x00, 0x00, 0x00, 0x0b, 0x00, 0x00, 0x11, 0x07, 0x00, 0x00, 0x00, 0x00, 0x00, 0x00, 0x51, // ...............Q
	0x00, 0x05, 0x00, 0x07, 0x00, 0x00, 0x00, 0x02, 0x0b, 0x00, 0x00, 0x11, 0x07, 0x00, 0x00, 0x01, // ................
	0x00, 0x00, 0x00, 0x51, 0x00, 0x05, 0x00, 0x07, 0x00, 0x00, 0x00, 0x04, 0x0b, 0x00, 0x00, 0x11, // ...Q............
	0x07, 0x00, 0x00, 0x02, 0x00, 0x00, 0x00, 0x51, 0x00, 0x05, 0x00, 0x07, 0x00, 0x00, 0x00, 0x0a, // .......Q........
	0x0b, 0x00, 0x00, 0x13, 0x07, 0x00, 0x00, 0x00, 0x00, 0x00, 0x00, 0x85, 0x00, 0x05, 0x00, 0x07, // ................
	0x00, 0x00, 0x00, 0x0b, 0x0b, 0x00, 0x00, 0x0c, 0x07, 0x00, 0x00, 0x0a, 0x0b, 0x00, 0x00, 0x51, // ...............Q
	0x00, 0x05, 0x00, 0x07, 0x00, 0x00, 0x00, 0x0d, 0x0b, 0x00, 0x00, 0x13, 0x07, 0x00, 0x00, 0x01, // ................
	0x00, 0x00, 0x00, 0x81, 0x00, 0x05, 0x00, 0x07, 0x00, 0x00, 0x00, 0x0e, 0x0b, 0x00, 0x00, 0x0b, // ................
	0x0b, 0x00, 0x00, 0x0d, 0x0b, 0x00, 0x00, 0x50, 0x00, 0x05, 0x00, 0x0b, 0x00, 0x00, 0x00, 0x10, // .......P........
	0x0b, 0x00, 0x00, 0x0e, 0x0b, 0x00, 0x00, 0x0f, 0x07, 0x00, 0x00, 0x51, 0x00, 0x05, 0x00, 0x07, // ...........Q....
	0x00, 0x00, 0x00, 0x13, 0x0b, 0x00, 0x00, 0x15, 0x07, 0x00, 0x00, 0x03, 0x00, 0x00, 0x00, 0x8e, // ................
	0x00, 0x05, 0x00, 0x0b, 0x00, 0x00, 0x00, 0x14, 0x0b, 0x00, 0x00, 0x10, 0x0b, 0x00, 0x00, 0x13, // ................
	0x0b, 0x00, 0x00, 0x51, 0x00, 0x05, 0x00, 0x07, 0x00, 0x00, 0x00, 0x16, 0x0b, 0x00, 0x00, 0x15, // ...Q............
	0x07, 0x00, 0x00, 0x01, 0x00, 0x00, 0x00, 0x50, 0x00, 0x05, 0x00, 0x0b, 0x00, 0x00, 0x00, 0x3d, // .......P.......=
	0x0b, 0x00, 0x00, 0x16, 0x0b, 0x00, 0x00, 0x16, 0x0b, 0x00, 0x00, 0x83, 0x00, 0x05, 0x00, 0x0b, // ................
	0x00, 0x00, 0x00, 0x18, 0x0b, 0x00, 0x00, 0x14, 0x0b, 0x00, 0x00, 0x3d, 0x0b, 0x00, 0x00, 0x51, // ...........=...Q
	0x00, 0x05, 0x00, 0x07, 0x00, 0x00, 0x00, 0x1a, 0x0b, 0x00, 0x00, 0x15, 0x07, 0x00, 0x00, 0x00, // ................
	0x00, 0x00, 0x00, 0x50, 0x00, 0x05, 0x00, 0x0b, 0x00, 0x00, 0x00, 0x41, 0x0b, 0x00, 0x00, 0x1a, // ...P.......A....
	0x0b, 0x00, 0x00, 0x1a, 0x0b, 0x00, 0x00, 0x51, 0x00, 0x05, 0x00, 0x07, 0x00, 0x00, 0x00, 0x1e, // .......Q........
	0x0b, 0x00, 0x00, 0x15, 0x07, 0x00, 0x00, 0x02, 0x00, 0x00, 0x00, 0x8e, 0x00, 0x05, 0x00, 0x0b, // ................
	0x00, 0x00, 0x00, 0x1f, 0x0b, 0x00, 0x00, 0x10, 0x0b, 0x00, 0x00, 0x1e, 0x0b, 0x00, 0x00, 0x83, // ................
	0x00, 0x05, 0x00, 0x0b, 0x00, 0x00, 0x00, 0x20, 0x0b, 0x00, 0x00, 0x41, 0x0b, 0x00, 0x00, 0x1f, // ....... ...A....
	0x0b, 0x00, 0x00, 0x88, 0x00, 0x05, 0x00, 0x0b, 0x00, 0x00, 0x00, 0x21, 0x0b, 0x00, 0x00, 0x18, // ...........!....
	0x0b, 0x00, 0x00, 0x20, 0x0b, 0x00, 0x00, 0x51, 0x00, 0x05, 0x00, 0x07, 0x00, 0x00, 0x00, 0x23, // ... ...Q.......#
	0x0b, 0x00, 0x00, 0x21, 0x0b, 0x00, 0x00, 0x00, 0x00, 0x00, 0x00, 0x0c, 0x00, 0x06, 0x00, 0x07, // ...!............
	0x00, 0x00, 0x00, 0x24, 0x0b, 0x00, 0x00, 0x01, 0x00, 0x00, 0x00, 0x06, 0x00, 0x00, 0x00, 0x23, // ...$...........#
	0x0b, 0x00, 0x00, 0x8e, 0x00, 0x05, 0x00, 0x0b, 0x00, 0x00, 0x00, 0x27, 0x0b, 0x00, 0x00, 0x21, // ...........'...!
	0x0b, 0x00, 0x00, 0x24, 0x0b, 0x00, 0x00, 0x51, 0x00, 0x05, 0x00, 0x07, 0x00, 0x00, 0x00, 0x29, // ...$...Q.......)
	0x0b, 0x00, 0x00, 0x27, 0x0b, 0x00, 0x00, 0x00, 0x00, 0x00, 0x00, 0x51, 0x00, 0x05, 0x00, 0x07, // ...'.......Q....
	0x00, 0x00, 0x00, 0x2b, 0x0b, 0x00, 0x00, 0x27, 0x0b, 0x00, 0x00, 0x01, 0x00, 0x00, 0x00, 0x83, // ...+...'........
	0x00, 0x05, 0x00, 0x07, 0x00, 0x00, 0x00, 0x2c, 0x0b, 0x00, 0x00, 0x29, 0x0b, 0x00, 0x00, 0x2b, // .......,...)...+
	0x0b, 0x00, 0x00, 0x88, 0x00, 0x05, 0x00, 0x07, 0x00, 0x00, 0x00, 0x2e, 0x0b, 0x00, 0x00, 0x2c, // ...............,
	0x0b, 0x00, 0x00, 0x00, 0x0b, 0x00, 0x00, 0x83, 0x00, 0x05, 0x00, 0x07, 0x00, 0x00, 0x00, 0x32, // ...............2
	0x0b, 0x00, 0x00, 0x2b, 0x0b, 0x00, 0x00, 0x04, 0x0b, 0x00, 0x00, 0x88, 0x00, 0x05, 0x00, 0x07, // ...+............
	0x00, 0x00, 0x00, 0x34, 0x0b, 0x00, 0x00, 0x32, 0x0b, 0x00, 0x00, 0x02, 0x0b, 0x00, 0x00, 0x0c, // ...4...2........
	0x00, 0x07, 0x00, 0x07, 0x00, 0x00, 0x00, 0x37, 0x0b, 0x00, 0x00, 0x01, 0x00, 0x00, 0x00, 0x25, // .......7.......%
	0x00, 0x00, 0x00, 0x2e, 0x0b, 0x00, 0x00, 0x34, 0x0b, 0x00, 0x00, 0x0c, 0x00, 0x07, 0x00, 0x07, // .......4........
	0x00, 0x00, 0x00, 0x38, 0x0b, 0x00, 0x00, 0x01, 0x00, 0x00, 0x00, 0x28, 0x00, 0x00, 0x00, 0x37, // ...8.......(...7
	0x0b, 0x00, 0x00, 0xed, 0x00, 0x00, 0x00, 0x0c, 0x00, 0x07, 0x00, 0x07, 0x00, 0x00, 0x00, 0x39, // ...............9
	0x0b, 0x00, 0x00, 0x01, 0x00, 0x00, 0x00, 0x25, 0x00, 0x00, 0x00, 0x38, 0x0b, 0x00, 0x00, 0xec, // .......%...8....
	0x00, 0x00, 0x00, 0x51, 0x00, 0x05, 0x00, 0x07, 0x00, 0x00, 0x00, 0x1d, 0x07, 0x00, 0x00, 0xbf, // ...Q............
	0x0c, 0x00, 0x00, 0x03, 0x00, 0x00, 0x00, 0x85, 0x00, 0x05, 0x00, 0x07, 0x00, 0x00, 0x00, 0x1e, // ................
	0x07, 0x00, 0x00, 0x1d, 0x07, 0x00, 0x00, 0x39, 0x0b, 0x00, 0x00, 0x50, 0x00, 0x07, 0x00, 0x0d, // .......9...P....
	0x00, 0x00, 0x00, 0xc5, 0x0c, 0x00, 0x00, 0xe4, 0x06, 0x00, 0x00, 0xe7, 0x06, 0x00, 0x00, 0xea, // ................
	0x06, 0x00, 0x00, 0x1e, 0x07, 0x00, 0x00, 0xf9, 0x00, 0x02, 0x00, 0x20, 0x07, 0x00, 0x00, 0xf8, // ........... ....
	0x00, 0x02, 0x00, 0x20, 0x07, 0x00, 0x00, 0xf5, 0x00, 0x07, 0x00, 0x0d, 0x00, 0x00, 0x00, 0xc0, // ... ............
	0x0c, 0x00, 0x00, 0x8e, 0x0c, 0x00, 0x00, 0xdc, 0x06, 0x00, 0x00, 0xc5, 0x0c, 0x00, 0x00, 0x08, // ................
	0x07, 0x00, 0x00, 0x51, 0x00, 0x05, 0x00, 0x07, 0x00, 0x00, 0x00, 0x22, 0x07, 0x00, 0x00, 0xc0, // ...Q......."....
	0x0c, 0x00, 0x00, 0x03, 0x00, 0x00, 0x00, 0x0c, 0x00, 0x07, 0x00, 0x07, 0x00, 0x00, 0x00, 0x25, // ...............%
	0x07, 0x00, 0x00, 0x01, 0x00, 0x00, 0x00, 0x28, 0x00, 0x00, 0x00, 0xed, 0x00, 0x00, 0x00, 0x6c, // .......(.......l
	0x07, 0x00, 0x00, 0xbc, 0x00, 0x05, 0x00, 0x4a, 0x00, 0x00, 0x00, 0x26, 0x07, 0x00, 0x00, 0x22, // .......J...&..."
	0x07, 0x00, 0x00, 0x25, 0x07, 0x00, 0x00, 0xf7, 0x00, 0x03, 0x00, 0x28, 0x07, 0x00, 0x00, 0x00, // ...%.......(....
	0x00, 0x00, 0x00, 0xfa, 0x00, 0x04, 0x00, 0x26, 0x07, 0x00, 0x00, 0x27, 0x07, 0x00, 0x00, 0x28, // .......&...'...(
	0x07, 0x00, 0x00, 0xf8, 0x00, 0x02, 0x00, 0x27, 0x07, 0x00, 0x00, 0xfc, 0x00, 0x01, 0x00, 0xf8, // .......'........
	0x00, 0x02, 0x00, 0x28, 0x07, 0x00, 0x00, 0x41, 0x00, 0x05, 0x00, 0xd7, 0x02, 0x00, 0x00, 0x2c, // ...(...A.......,
	0x07, 0x00, 0x00, 0xc7, 0x02, 0x00, 0x00, 0x98, 0x04, 0x00, 0x00, 0x3d, 0x00, 0x04, 0x00, 0x0d, // ...........=....
	0x00, 0x00, 0x00, 0x2d, 0x07, 0x00, 0x00, 0x2c, 0x07, 0x00, 0x00, 0x4f, 0x00, 0x08, 0x00, 0x13, // ...-...,...O....
	0x00, 0x00, 0x00, 0x2e, 0x07, 0x00, 0x00, 0x2d, 0x07, 0x00, 0x00, 0x2d, 0x07, 0x00, 0x00, 0x00, // .......-...-....
	0x00, 0x00, 0x00, 0x01, 0x00, 0x00, 0x00, 0x02, 0x00, 0x00, 0x00, 0x41, 0x00, 0x06, 0x00, 0xc9, // ...........A....
	0x02, 0x00, 0x00, 0x2f, 0x07, 0x00, 0x00, 0xc7, 0x02, 0x00, 0x00, 0x9c, 0x04, 0x00, 0x00, 0x81, // .../............
	0x01, 0x00, 0x00, 0x3d, 0x00, 0x04, 0x00, 0x07, 0x00, 0x00, 0x00, 0x30, 0x07, 0x00, 0x00, 0x2f, // ...=.......0.../
	0x07, 0x00, 0x00, 0x8e, 0x00, 0x05, 0x00, 0x13, 0x00, 0x00, 0x00, 0x31, 0x07, 0x00, 0x00, 0x2e, // ...........1....
	0x07, 0x00, 0x00, 0x30, 0x07, 0x00, 0x00, 0x83, 0x00, 0x05, 0x00, 0x07, 0x00, 0x00, 0x00, 0x35, // ...0...........5
	0x07, 0x00, 0x00, 0x22, 0x07, 0x00, 0x00, 0x6c, 0x07, 0x00, 0x00, 0x41, 0x00, 0x06, 0x00, 0xc9, // ..."...l...A....
	0x02, 0x00, 0x00, 0x36, 0x07, 0x00, 0x00, 0xc7, 0x02, 0x00, 0x00, 0x9c, 0x04, 0x00, 0x00, 0x86, // ...6............
	0x01, 0x00, 0x00, 0x3d, 0x00, 0x04, 0x00, 0x07, 0x00, 0x00, 0x00, 0x37, 0x07, 0x00, 0x00, 0x36, // ...=.......7...6
	0x07, 0x00, 0x00, 0x83, 0x00, 0x05, 0x00, 0x07, 0x00, 0x00, 0x00, 0x38, 0x07, 0x00, 0x00, 0x35, // ...........8...5
	0x07, 0x00, 0x00, 0x37, 0x07, 0x00, 0x00, 0x0c, 0x00, 0x06, 0x00, 0x07, 0x00, 0x00, 0x00, 0x39, // ...7...........9
	0x07, 0x00, 0x00, 0x01, 0x00, 0x00, 0x00, 0x09, 0x00, 0x00, 0x00, 0x38, 0x07, 0x00, 0x00, 0x50, // ...........8...P
	0x00, 0x06, 0x00, 0x13, 0x00, 0x00, 0x00, 0x45, 0x0b, 0x00, 0x00, 0x39, 0x07, 0x00, 0x00, 0x39, // .......E...9...9
	0x07, 0x00, 0x00, 0x39, 0x07, 0x00, 0x00, 0x4f, 0x00, 0x08, 0x00, 0x13, 0x00, 0x00, 0x00, 0x3c, // ...9...O.......<
	0x07, 0x00, 0x00, 0xc0, 0x0c, 0x00, 0x00, 0xc0, 0x0c, 0x00, 0x00, 0x00, 0x00, 0x00, 0x00, 0x01, // ................
	0x00, 0x00, 0x00, 0x02, 0x00, 0x00, 0x00, 0x0c, 0x00, 0x08, 0x00, 0x13, 0x00, 0x00, 0x00, 0x4b, // ...............K
	0x0b, 0x00, 0x00, 0x01, 0x00, 0x00, 0x00, 0x2e, 0x00, 0x00, 0x00, 0x31, 0x07, 0x00, 0x00, 0x3c, // ...........1...<
	0x07, 0x00, 0x00, 0x45, 0x0b, 0x00, 0x00, 0x51, 0x00, 0x05, 0x00, 0x07, 0x00, 0x00, 0x00, 0x3f, // ...E...Q.......?
	0x07, 0x00, 0x00, 0x4b, 0x0b, 0x00, 0x00, 0x00, 0x00, 0x00, 0x00, 0x52, 0x00, 0x06, 0x00, 0x0d, // ...K.......R....
	0x00, 0x00, 0x00, 0xaa, 0x0c, 0x00, 0x00, 0x3f, 0x07, 0x00, 0x00, 0xc0, 0x0c, 0x00, 0x00, 0x00, // .......?........
	0x00, 0x00, 0x00, 0x51, 0x00, 0x05, 0x00, 0x07, 0x00, 0x00, 0x00, 0x42, 0x07, 0x00, 0x00, 0x4b, // ...Q.......B...K
	0x0b, 0x00, 0x00, 0x01, 0x00, 0x00, 0x00, 0x52, 0x00, 0x06, 0x00, 0x0d, 0x00, 0x00, 0x00, 0xad, // .......R........
	0x0c, 0x00, 0x00, 0x42, 0x07, 0x00, 0x00, 0xaa, 0x0c, 0x00, 0x00, 0x01, 0x00, 0x00, 0x00, 0x51, // ...B...........Q
	0x00, 0x05, 0x00, 0x07, 0x00, 0x00, 0x00, 0x45, 0x07, 0x00, 0x00, 0x4b, 0x0b, 0x00, 0x00, 0x02, // .......E...K....
	0x00, 0x00, 0x00, 0x52, 0x00, 0x06, 0x00, 0x0d, 0x00, 0x00, 0x00, 0xb0, 0x0c, 0x00, 0x00, 0x45, // ...R...........E
	0x07, 0x00, 0x00, 0xad, 0x0c, 0x00, 0x00, 0x02, 0x00, 0x00, 0x00, 0xf7, 0x00, 0x03, 0x00, 0x5b, // ...............[
	0x0b, 0x00, 0x00, 0x00, 0x00, 0x00, 0x00, 0xfb, 0x00, 0x03, 0x00, 0x86, 0x01, 0x00, 0x00, 0x52, // ...............R
	0x0b, 0x00, 0x00, 0xf8, 0x00, 0x02, 0x00, 0x52, 0x0b, 0x00, 0x00, 0xf7, 0x00, 0x03, 0x00, 0x57, // .......R.......W
	0x0b, 0x00, 0x00, 0x00, 0x00, 0x00, 0x00, 0xfa, 0x00, 0x04, 0x00, 0x01, 0x08, 0x00, 0x00, 0x55, // ...............U
	0x0b, 0x00, 0x00, 0x57, 0x0b, 0x00, 0x00, 0xf8, 0x00, 0x02, 0x00, 0x55, 0x0b, 0x00, 0x00, 0xf9, // ...W.......U....
	0x00, 0x02, 0x00, 0x5b, 0x0b, 0x00, 0x00, 0xf8, 0x00, 0x02, 0x00, 0x57, 0x0b, 0x00, 0x00, 0x4f, // ...[.......W...O
	0x00, 0x08, 0x00, 0x13, 0x00, 0x00, 0x00, 0x62, 0x0b, 0x00, 0x00, 0xb0, 0x0c, 0x00, 0x00, 0xb0, // .......b........
	0x0c, 0x00, 0x00, 0x00, 0x00, 0x00, 0x00, 0x01, 0x00, 0x00, 0x00, 0x02, 0x00, 0x00, 0x00, 0x8e, // ................
	0x00, 0x05, 0x00, 0x13, 0x00, 0x00, 0x00, 0x73, 0x0b, 0x00, 0x00, 0x62, 0x0b, 0x00, 0x00, 0x9a, // .......s...b....
	0x02, 0x00, 0x00, 0x81, 0x00, 0x05, 0x00, 0x13, 0x00, 0x00, 0x00, 0x75, 0x0b, 0x00, 0x00, 0x73, // ...........u...s
	0x0b, 0x00, 0x00, 0x0c, 0x0c, 0x00, 0x00, 0x85, 0x00, 0x05, 0x00, 0x13, 0x00, 0x00, 0x00, 0x76, // ...............v
	0x0b, 0x00, 0x00, 0x62, 0x0b, 0x00, 0x00, 0x75, 0x0b, 0x00, 0x00, 0x81, 0x00, 0x05, 0x00, 0x13, // ...b...u........
	0x00, 0x00, 0x00, 0x78, 0x0b, 0x00, 0x00, 0x76, 0x0b, 0x00, 0x00, 0x0d, 0x0c, 0x00, 0x00, 0x85, // ...x...v........
	0x00, 0x05, 0x00, 0x13, 0x00, 0x00, 0x00, 0x79, 0x0b, 0x00, 0x00, 0x62, 0x0b, 0x00, 0x00, 0x78, // .......y...b...x
	0x0b, 0x00, 0x00, 0x0c, 0x00, 0x07, 0x00, 0x13, 0x00, 0x00, 0x00, 0x7a, 0x0b, 0x00, 0x00, 0x01, // ...........z....
	0x00, 0x00, 0x00, 0x25, 0x00, 0x00, 0x00, 0x62, 0x0b, 0x00, 0x00, 0x79, 0x0b, 0x00, 0x00, 0x51, // ...%...b...y...Q
	0x00, 0x05, 0x00, 0x07, 0x00, 0x00, 0x00, 0x67, 0x0b, 0x00, 0x00, 0x7a, 0x0b, 0x00, 0x00, 0x00, // .......g...z....
	0x00, 0x00, 0x00, 0x51, 0x00, 0x05, 0x00, 0x07, 0x00, 0x00, 0x00, 0x68, 0x0b, 0x00, 0x00, 0x7a, // ...Q.......h...z
	0x0b, 0x00, 0x00, 0x01, 0x00, 0x00, 0x00, 0x51, 0x00, 0x05, 0x00, 0x07, 0x00, 0x00, 0x00, 0x69, // .......Q.......i
	0x0b, 0x00, 0x00, 0x7a, 0x0b, 0x00, 0x00, 0x02, 0x00, 0x00, 0x00, 0x50, 0x00, 0x07, 0x00, 0x0d, // ...z.......P....
	0x00, 0x00, 0x00, 0x6a, 0x0b, 0x00, 0x00, 0x67, 0x0b, 0x00, 0x00, 0x68, 0x0b, 0x00, 0x00, 0x69, // ...j...g...h...i
	0x0b, 0x00, 0x00, 0x22, 0x07, 0x00, 0x00, 0xf9, 0x00, 0x02, 0x00, 0x5b, 0x0b, 0x00, 0x00, 0xf8, // ...".......[....
	0x00, 0x02, 0x00, 0x5b, 0x0b, 0x00, 0x00, 0xf5, 0x00, 0x07, 0x00, 0x0d, 0x00, 0x00, 0x00, 0x04, // ...[............
	0x0c, 0x00, 0x00, 0xb0, 0x0c, 0x00, 0x00, 0x55, 0x0b, 0x00, 0x00, 0x6a, 0x0b, 0x00, 0x00, 0x57, // .......U...j...W
	0x0b, 0x00, 0x00, 0x3e, 0x00, 0x03, 0x00, 0x1a, 0x05, 0x00, 0x00, 0x04, 0x0c, 0x00, 0x00, 0xfd, // ...>............
	0x00, 0x01, 0x00, 0x38, 0x00, 0x01, 0x00, 0x00, 0x00, 0x20, 0x01,                               // ...8..... .
};
static const uint8_t ad_model_lit_ps_mtl[13803] =
{
	0x46, 0x53, 0x48, 0x0c, 0x86, 0x32, 0x45, 0x95, 0x00, 0x00, 0x00, 0x00, 0x00, 0x00, 0x00, 0x00, // FSH..2E.........
	0x00, 0x00, 0x00, 0x00, 0x2a, 0x00, 0x18, 0x73, 0x5f, 0x75, 0x76, 0x44, 0x69, 0x73, 0x74, 0x6f, // ....*..s_uvDisto
	0x72, 0x74, 0x69, 0x6f, 0x6e, 0x54, 0x65, 0x78, 0x53, 0x61, 0x6d, 0x70, 0x6c, 0x65, 0x72, 0x11, // rtionTexSampler.
	0x01, 0xff, 0xff, 0x01, 0x00, 0x00, 0x00, 0x00, 0x00, 0x18, 0x73, 0x5f, 0x75, 0x76, 0x44, 0x69, // ..........s_uvDi
	0x73, 0x74, 0x6f, 0x72, 0x74, 0x69, 0x6f, 0x6e, 0x54, 0x65, 0x78, 0x54, 0x65, 0x78, 0x74, 0x75, // stortionTexTextu
	0x72, 0x65, 0x11, 0x01, 0xff, 0xff, 0x01, 0x00, 0x00, 0x00, 0x00, 0x00, 0x11, 0x73, 0x5f, 0x63, // re...........s_c
	0x6f, 0x6c, 0x6f, 0x72, 0x54, 0x65, 0x78, 0x53, 0x61, 0x6d, 0x70, 0x6c, 0x65, 0x72, 0x11, 0x01, // olorTexSampler..
	0xff, 0xff, 0x01, 0x00, 0x00, 0x00, 0x00, 0x00, 0x11, 0x73, 0x5f, 0x63, 0x6f, 0x6c, 0x6f, 0x72, // .........s_color
	0x54, 0x65, 0x78, 0x54, 0x65, 0x78, 0x74, 0x75, 0x72, 0x65, 0x11, 0x01, 0xff, 0xff, 0x01, 0x00, // TexTexture......
	0x00, 0x00, 0x00, 0x00, 0x12, 0x73, 0x5f, 0x6e, 0x6f, 0x72, 0x6d, 0x61, 0x6c, 0x54, 0x65, 0x78, // .....s_normalTex
	0x53, 0x61, 0x6d, 0x70, 0x6c, 0x65, 0x72, 0x11, 0x01, 0xff, 0xff, 0x01, 0x00, 0x00, 0x00, 0x00, // Sampler.........
	0x00, 0x12, 0x73, 0x5f, 0x6e, 0x6f, 0x72, 0x6d, 0x61, 0x6c, 0x54, 0x65, 0x78, 0x54, 0x65, 0x78, // ..s_normalTexTex
	0x74, 0x75, 0x72, 0x65, 0x11, 0x01, 0xff, 0xff, 0x01, 0x00, 0x00, 0x00, 0x00, 0x00, 0x11, 0x73, // ture...........s
	0x5f, 0x61, 0x6c, 0x70, 0x68, 0x61, 0x54, 0x65, 0x78, 0x53, 0x61, 0x6d, 0x70, 0x6c, 0x65, 0x72, // _alphaTexSampler
	0x11, 0x01, 0xff, 0xff, 0x01, 0x00, 0x00, 0x00, 0x00, 0x00, 0x11, 0x73, 0x5f, 0x61, 0x6c, 0x70, // ...........s_alp
	0x68, 0x61, 0x54, 0x65, 0x78, 0x54, 0x65, 0x78, 0x74, 0x75, 0x72, 0x65, 0x11, 0x01, 0xff, 0xff, // haTexTexture....
	0x01, 0x00, 0x00, 0x00, 0x00, 0x00, 0x1d, 0x73, 0x5f, 0x62, 0x6c, 0x65, 0x6e, 0x64, 0x55, 0x56, // .......s_blendUV
	0x44, 0x69, 0x73, 0x74, 0x6f, 0x72, 0x74, 0x69, 0x6f, 0x6e, 0x54, 0x65, 0x78, 0x53, 0x61, 0x6d, // DistortionTexSam
	0x70, 0x6c, 0x65, 0x72, 0x11, 0x01, 0xff, 0xff, 0x01, 0x00, 0x00, 0x00, 0x00, 0x00, 0x1d, 0x73, // pler...........s
	0x5f, 0x62, 0x6c, 0x65, 0x6e, 0x64, 0x55, 0x56, 0x44, 0x69, 0x73, 0x74, 0x6f, 0x72, 0x74, 0x69, // _blendUVDistorti
	0x6f, 0x6e, 0x54, 0x65, 0x78, 0x54, 0x65, 0x78, 0x74, 0x75, 0x72, 0x65, 0x11, 0x01, 0xff, 0xff, // onTexTexture....
	0x01, 0x00, 0x00, 0x00, 0x00, 0x00, 0x11, 0x73, 0x5f, 0x62, 0x6c, 0x65, 0x6e, 0x64, 0x54, 0x65, // .......s_blendTe
	0x78, 0x53, 0x61, 0x6d, 0x70, 0x6c, 0x65, 0x72, 0x11, 0x01, 0xff, 0xff, 0x01, 0x00, 0x00, 0x00, // xSampler........
	0x00, 0x00, 0x11, 0x73, 0x5f, 0x62, 0x6c, 0x65, 0x6e, 0x64, 0x54, 0x65, 0x78, 0x54, 0x65, 0x78, // ...s_blendTexTex
	0x74, 0x75, 0x72, 0x65, 0x11, 0x01, 0xff, 0xff, 0x01, 0x00, 0x00, 0x00, 0x00, 0x00, 0x16, 0x73, // ture...........s
	0x5f, 0x62, 0x6c, 0x65, 0x6e, 0x64, 0x41, 0x6c, 0x70, 0x68, 0x61, 0x54, 0x65, 0x78, 0x53, 0x61, // _blendAlphaTexSa
	0x6d, 0x70, 0x6c, 0x65, 0x72, 0x11, 0x01, 0xff, 0xff, 0x01, 0x00, 0x00, 0x00, 0x00, 0x00, 0x16, // mpler...........
	0x73, 0x5f, 0x62, 0x6c, 0x65, 0x6e, 0x64, 0x41, 0x6c, 0x70, 0x68, 0x61, 0x54, 0x65, 0x78, 0x54, // s_blendAlphaTexT
	0x65, 0x78, 0x74, 0x75, 0x72, 0x65, 0x11, 0x01, 0xff, 0xff, 0x01, 0x00, 0x00, 0x00, 0x00, 0x00, // exture..........
	0x11, 0x73, 0x5f, 0x64, 0x65, 0x70, 0x74, 0x68, 0x54, 0x65, 0x78, 0x53, 0x61, 0x6d, 0x70, 0x6c, // .s_depthTexSampl
	0x65, 0x72, 0x11, 0x01, 0xff, 0xff, 0x01, 0x00, 0x00, 0x00, 0x00, 0x00, 0x11, 0x73, 0x5f, 0x64, // er...........s_d
	0x65, 0x70, 0x74, 0x68, 0x54, 0x65, 0x78, 0x54, 0x65, 0x78, 0x74, 0x75, 0x72, 0x65, 0x11, 0x01, // epthTexTexture..
	0xff, 0xff, 0x01, 0x00, 0x00, 0x00, 0x00, 0x00, 0x0d, 0x75, 0x5f, 0x66, 0x73, 0x6d, 0x69, 0x73, // .........u_fsmis
	0x63, 0x46, 0x6c, 0x61, 0x67, 0x73, 0x12, 0x01, 0x10, 0x01, 0x01, 0x00, 0x00, 0x00, 0x00, 0x00, // cFlags..........
	0x1a, 0x75, 0x5f, 0x66, 0x73, 0x66, 0x55, 0x56, 0x44, 0x69, 0x73, 0x74, 0x6f, 0x72, 0x74, 0x69, // .u_fsfUVDistorti
	0x6f, 0x6e, 0x50, 0x61, 0x72, 0x61, 0x6d, 0x65, 0x74, 0x65, 0x72, 0x12, 0x01, 0x40, 0x00, 0x01, // onParameter..@..
	0x00, 0x00, 0x00, 0x00, 0x00, 0x16, 0x75, 0x5f, 0x66, 0x73, 0x66, 0x46, 0x6c, 0x69, 0x70, 0x62, // ......u_fsfFlipb
	0x6f, 0x6f, 0x6b, 0x50, 0x61, 0x72, 0x61, 0x6d, 0x65, 0x74, 0x65, 0x72, 0x12, 0x01, 0x30, 0x00, // ookParameter..0.
	0x01, 0x00, 0x00, 0x00, 0x00, 0x00, 0x1a, 0x75, 0x5f, 0x66, 0x73, 0x66, 0x42, 0x6c, 0x65, 0x6e, // .......u_fsfBlen
	0x64, 0x54, 0x65, 0x78, 0x74, 0x75, 0x72, 0x65, 0x50, 0x61, 0x72, 0x61, 0x6d, 0x65, 0x74, 0x65, // dTextureParamete
	0x72, 0x12, 0x01, 0x50, 0x00, 0x01, 0x00, 0x00, 0x00, 0x00, 0x00, 0x13, 0x75, 0x5f, 0x66, 0x73, // r..P........u_fs
	0x66, 0x4c, 0x69, 0x67, 0x68, 0x74, 0x44, 0x69, 0x72, 0x65, 0x63, 0x74, 0x69, 0x6f, 0x6e, 0x12, // fLightDirection.
	0x01, 0x00, 0x00, 0x01, 0x00, 0x00, 0x00, 0x00, 0x00, 0x0f, 0x75, 0x5f, 0x66, 0x73, 0x66, 0x4c, // ..........u_fsfL
	0x69, 0x67, 0x68, 0x74, 0x43, 0x6f, 0x6c, 0x6f, 0x72, 0x12, 0x01, 0x10, 0x00, 0x01, 0x00, 0x00, // ightColor.......
	0x00, 0x00, 0x00, 0x11, 0x75, 0x5f, 0x66, 0x73, 0x66, 0x4c, 0x69, 0x67, 0x68, 0x74, 0x41, 0x6d, // ....u_fsfLightAm
	0x62, 0x69, 0x65, 0x6e, 0x74, 0x12, 0x01, 0x20, 0x00, 0x01, 0x00, 0x00, 0x00, 0x00, 0x00, 0x15, // bient.. ........
	0x75, 0x5f, 0x66, 0x73, 0x66, 0x46, 0x61, 0x6c, 0x6c, 0x6f, 0x66, 0x66, 0x50, 0x61, 0x72, 0x61, // u_fsfFalloffPara
	0x6d, 0x65, 0x74, 0x65, 0x72, 0x12, 0x01, 0x70, 0x00, 0x01, 0x00, 0x00, 0x00, 0x00, 0x00, 0x19, // meter..p........
	0x75, 0x5f, 0x66, 0x73, 0x66, 0x43, 0x61, 0x6d, 0x65, 0x72, 0x61, 0x46, 0x72, 0x6f, 0x6e, 0x74, // u_fsfCameraFront
	0x44, 0x69, 0x72, 0x65, 0x63, 0x74, 0x69, 0x6f, 0x6e, 0x12, 0x01, 0x60, 0x00, 0x01, 0x00, 0x00, // Direction..`....
	0x00, 0x00, 0x00, 0x14, 0x75, 0x5f, 0x66, 0x73, 0x66, 0x46, 0x61, 0x6c, 0x6c, 0x6f, 0x66, 0x66, // ....u_fsfFalloff
	0x45, 0x6e, 0x64, 0x43, 0x6f, 0x6c, 0x6f, 0x72, 0x12, 0x01, 0x90, 0x00, 0x01, 0x00, 0x00, 0x00, // EndColor........
	0x00, 0x00, 0x16, 0x75, 0x5f, 0x66, 0x73, 0x66, 0x46, 0x61, 0x6c, 0x6c, 0x6f, 0x66, 0x66, 0x42, // ...u_fsfFalloffB
	0x65, 0x67, 0x69, 0x6e, 0x43, 0x6f, 0x6c, 0x6f, 0x72, 0x12, 0x01, 0x80, 0x00, 0x01, 0x00, 0x00, // eginColor.......
	0x00, 0x00, 0x00, 0x14, 0x75, 0x5f, 0x66, 0x73, 0x66, 0x45, 0x6d, 0x69, 0x73, 0x73, 0x69, 0x76, // ....u_fsfEmissiv
	0x65, 0x53, 0x63, 0x61, 0x6c, 0x69, 0x6e, 0x67, 0x12, 0x01, 0xa0, 0x00, 0x01, 0x00, 0x00, 0x00, // eScaling........
	0x00, 0x00, 0x13, 0x75, 0x5f, 0x66, 0x73, 0x6d, 0x55, 0x56, 0x49, 0x6e, 0x76, 0x65, 0x72, 0x73, // ...u_fsmUVInvers
	0x65, 0x64, 0x42, 0x61, 0x63, 0x6b, 0x12, 0x01, 0x00, 0x01, 0x01, 0x00, 0x00, 0x00, 0x00, 0x00, // edBack..........
	0x15, 0x75, 0x5f, 0x66, 0x73, 0x73, 0x6f, 0x66, 0x74, 0x50, 0x61, 0x72, 0x74, 0x69, 0x63, 0x6c, // .u_fssoftParticl
	0x65, 0x50, 0x61, 0x72, 0x61, 0x6d, 0x12, 0x01, 0xd0, 0x00, 0x01, 0x00, 0x00, 0x00, 0x00, 0x00, // eParam..........
	0x18, 0x75, 0x5f, 0x66, 0x73, 0x72, 0x65, 0x63, 0x6f, 0x6e, 0x73, 0x74, 0x72, 0x75, 0x63, 0x74, // .u_fsreconstruct
	0x69, 0x6f, 0x6e, 0x50, 0x61, 0x72, 0x61, 0x6d, 0x31, 0x12, 0x01, 0xe0, 0x00, 0x01, 0x00, 0x00, // ionParam1.......
	0x00, 0x00, 0x00, 0x18, 0x75, 0x5f, 0x66, 0x73, 0x72, 0x65, 0x63, 0x6f, 0x6e, 0x73, 0x74, 0x72, // ....u_fsreconstr
	0x75, 0x63, 0x74, 0x69, 0x6f, 0x6e, 0x50, 0x61, 0x72, 0x61, 0x6d, 0x32, 0x12, 0x01, 0xf0, 0x00, // uctionParam2....
	0x01, 0x00, 0x00, 0x00, 0x00, 0x00, 0x0e, 0x75, 0x5f, 0x66, 0x73, 0x66, 0x45, 0x64, 0x67, 0x65, // .......u_fsfEdge
	0x43, 0x6f, 0x6c, 0x6f, 0x72, 0x12, 0x01, 0xb0, 0x00, 0x01, 0x00, 0x00, 0x00, 0x00, 0x00, 0x12, // Color...........
	0x75, 0x5f, 0x66, 0x73, 0x66, 0x45, 0x64, 0x67, 0x65, 0x50, 0x61, 0x72, 0x61, 0x6d, 0x65, 0x74, // u_fsfEdgeParamet
	0x65, 0x72, 0x12, 0x01, 0xc0, 0x00, 0x01, 0x00, 0x00, 0x00, 0x00, 0x00, 0x11, 0x73, 0x5f, 0x75, // er...........s_u
	0x76, 0x44, 0x69, 0x73, 0x74, 0x6f, 0x72, 0x74, 0x69, 0x6f, 0x6e, 0x54, 0x65, 0x78, 0x10, 0x00, // vDistortionTex..
	0x00, 0x00, 0x00, 0x00, 0x00, 0x02, 0x00, 0x00, 0x0a, 0x73, 0x5f, 0x63, 0x6f, 0x6c, 0x6f, 0x72, // .........s_color
	0x54, 0x65, 0x78, 0x10, 0x00, 0x00, 0x00, 0x00, 0x00, 0x00, 0x02, 0x00, 0x00, 0x0b, 0x73, 0x5f, // Tex...........s_
	0x6e, 0x6f, 0x72, 0x6d, 0x61, 0x6c, 0x54, 0x65, 0x78, 0x10, 0x00, 0x00, 0x00, 0x00, 0x00, 0x00, // normalTex.......
	0x02, 0x00, 0x00, 0x0a, 0x73, 0x5f, 0x61, 0x6c, 0x70, 0x68, 0x61, 0x54, 0x65, 0x78, 0x10, 0x00, // ....s_alphaTex..
	0x00, 0x00, 0x00, 0x00, 0x00, 0x02, 0x00, 0x00, 0x16, 0x73, 0x5f, 0x62, 0x6c, 0x65, 0x6e, 0x64, // .........s_blend
	0x55, 0x56, 0x44, 0x69, 0x73, 0x74, 0x6f, 0x72, 0x74, 0x69, 0x6f, 0x6e, 0x54, 0x65, 0x78, 0x10, // UVDistortionTex.
	0x00, 0x00, 0x00, 0x00, 0x00, 0x00, 0x02, 0x00, 0x00, 0x0a, 0x73, 0x5f, 0x62, 0x6c, 0x65, 0x6e, // ..........s_blen
	0x64, 0x54, 0x65, 0x78, 0x10, 0x00, 0x00, 0x00, 0x00, 0x00, 0x00, 0x02, 0x00, 0x00, 0x0f, 0x73, // dTex...........s
	0x5f, 0x62, 0x6c, 0x65, 0x6e, 0x64, 0x41, 0x6c, 0x70, 0x68, 0x61, 0x54, 0x65, 0x78, 0x10, 0x00, // _blendAlphaTex..
	0x00, 0x00, 0x00, 0x00, 0x00, 0x02, 0x00, 0x00, 0x0a, 0x73, 0x5f, 0x64, 0x65, 0x70, 0x74, 0x68, // .........s_depth
	0x54, 0x65, 0x78, 0x10, 0x00, 0x00, 0x00, 0x00, 0x00, 0x00, 0x02, 0x00, 0x00, 0xe6, 0x30, 0x00, // Tex...........0.
	0x00, 0x23, 0x69, 0x6e, 0x63, 0x6c, 0x75, 0x64, 0x65, 0x20, 0x3c, 0x6d, 0x65, 0x74, 0x61, 0x6c, // .#include <metal
	0x5f, 0x73, 0x74, 0x64, 0x6c, 0x69, 0x62, 0x3e, 0x0a, 0x23, 0x69, 0x6e, 0x63, 0x6c, 0x75, 0x64, // _stdlib>.#includ
	0x65, 0x20, 0x3c, 0x73, 0x69, 0x6d, 0x64, 0x2f, 0x73, 0x69, 0x6d, 0x64, 0x2e, 0x68, 0x3e, 0x0a, // e <simd/simd.h>.
	0x0a, 0x75, 0x73, 0x69, 0x6e, 0x67, 0x20, 0x6e, 0x61, 0x6d, 0x65, 0x73, 0x70, 0x61, 0x63, 0x65, // .using namespace
	0x20, 0x6d, 0x65, 0x74, 0x61, 0x6c, 0x3b, 0x0a, 0x0a, 0x73, 0x74, 0x72, 0x75, 0x63, 0x74, 0x20, //  metal;..struct 
	0x5f, 0x47, 0x6c, 0x6f, 0x62, 0x61, 0x6c, 0x0a, 0x7b, 0x0a, 0x20, 0x20, 0x20, 0x20, 0x66, 0x6c, // _Global.{.    fl
	0x6f, 0x61, 0x74, 0x34, 0x20, 0x75, 0x5f, 0x66, 0x73, 0x66, 0x4c, 0x69, 0x67, 0x68, 0x74, 0x44, // oat4 u_fsfLightD
	0x69, 0x72, 0x65, 0x63, 0x74, 0x69, 0x6f, 0x6e, 0x3b, 0x0a, 0x20, 0x20, 0x20, 0x20, 0x66, 0x6c, // irection;.    fl
	0x6f, 0x61, 0x74, 0x34, 0x20, 0x75, 0x5f, 0x66, 0x73, 0x66, 0x4c, 0x69, 0x67, 0x68, 0x74, 0x43, // oat4 u_fsfLightC
	0x6f, 0x6c, 0x6f, 0x72, 0x3b, 0x0a, 0x20, 0x20, 0x20, 0x20, 0x66, 0x6c, 0x6f, 0x61, 0x74, 0x34, // olor;.    float4
	0x20, 0x75, 0x5f, 0x66, 0x73, 0x66, 0x4c, 0x69, 0x67, 0x68, 0x74, 0x41, 0x6d, 0x62, 0x69, 0x65, //  u_fsfLightAmbie
	0x6e, 0x74, 0x3b, 0x0a, 0x20, 0x20, 0x20, 0x20, 0x66, 0x6c, 0x6f, 0x61, 0x74, 0x34, 0x20, 0x75, // nt;.    float4 u
	0x5f, 0x66, 0x73, 0x66, 0x46, 0x6c, 0x69, 0x70, 0x62, 0x6f, 0x6f, 0x6b, 0x50, 0x61, 0x72, 0x61, // _fsfFlipbookPara
	0x6d, 0x65, 0x74, 0x65, 0x72, 0x3b, 0x0a, 0x20, 0x20, 0x20, 0x20, 0x66, 0x6c, 0x6f, 0x61, 0x74, // meter;.    float
	0x34, 0x20, 0x75, 0x5f, 0x66, 0x73, 0x66, 0x55, 0x56, 0x44, 0x69, 0x73, 0x74, 0x6f, 0x72, 0x74, // 4 u_fsfUVDistort
	0x69, 0x6f, 0x6e, 0x50, 0x61, 0x72, 0x61, 0x6d, 0x65, 0x74, 0x65, 0x72, 0x3b, 0x0a, 0x20, 0x20, // ionParameter;.  
	0x20, 0x20, 0x66, 0x6c, 0x6f, 0x61, 0x74, 0x34, 0x20, 0x75, 0x5f, 0x66, 0x73, 0x66, 0x42, 0x6c, //   float4 u_fsfBl
	0x65, 0x6e, 0x64, 0x54, 0x65, 0x78, 0x74, 0x75, 0x72, 0x65, 0x50, 0x61, 0x72, 0x61, 0x6d, 0x65, // endTextureParame
	0x74, 0x65, 0x72, 0x3b, 0x0a, 0x20, 0x20, 0x20, 0x20, 0x66, 0x6c, 0x6f, 0x61, 0x74, 0x34, 0x20, // ter;.    float4 
	0x75, 0x5f, 0x66, 0x73, 0x66, 0x43, 0x61, 0x6d, 0x65, 0x72, 0x61, 0x46, 0x72, 0x6f, 0x6e, 0x74, // u_fsfCameraFront
	0x44, 0x69, 0x72, 0x65, 0x63, 0x74, 0x69, 0x6f, 0x6e, 0x3b, 0x0a, 0x20, 0x20, 0x20, 0x20, 0x66, // Direction;.    f
	0x6c, 0x6f, 0x61, 0x74, 0x34, 0x20, 0x75, 0x5f, 0x66, 0x73, 0x66, 0x46, 0x61, 0x6c, 0x6c, 0x6f, // loat4 u_fsfFallo
	0x66, 0x66, 0x50, 0x61, 0x72, 0x61, 0x6d, 0x65, 0x74, 0x65, 0x72, 0x3b, 0x0a, 0x20, 0x20, 0x20, // ffParameter;.   
	0x20, 0x66, 0x6c, 0x6f, 0x61, 0x74, 0x34, 0x20, 0x75, 0x5f, 0x66, 0x73, 0x66, 0x46, 0x61, 0x6c, //  float4 u_fsfFal
	0x6c, 0x6f, 0x66, 0x66, 0x42, 0x65, 0x67, 0x69, 0x6e, 0x43, 0x6f, 0x6c, 0x6f, 0x72, 0x3b, 0x0a, // loffBeginColor;.
	0x20, 0x20, 0x20, 0x20, 0x66, 0x6c, 0x6f, 0x61, 0x74, 0x34, 0x20, 0x75, 0x5f, 0x66, 0x73, 0x66, //     float4 u_fsf
	0x46, 0x61, 0x6c, 0x6c, 0x6f, 0x66, 0x66, 0x45, 0x6e, 0x64, 0x43, 0x6f, 0x6c, 0x6f, 0x72, 0x3b, // FalloffEndColor;
	0x0a, 0x20, 0x20, 0x20, 0x20, 0x66, 0x6c, 0x6f, 0x61, 0x74, 0x34, 0x20, 0x75, 0x5f, 0x66, 0x73, // .    float4 u_fs
	0x66, 0x45, 0x6d, 0x69, 0x73, 0x73, 0x69, 0x76, 0x65, 0x53, 0x63, 0x61, 0x6c, 0x69, 0x6e, 0x67, // fEmissiveScaling
	0x3b, 0x0a, 0x20, 0x20, 0x20, 0x20, 0x66, 0x6c, 0x6f, 0x61, 0x74, 0x34, 0x20, 0x75, 0x5f, 0x66, // ;.    float4 u_f
	0x73, 0x66, 0x45, 0x64, 0x67, 0x65, 0x43, 0x6f, 0x6c, 0x6f, 0x72, 0x3b, 0x0a, 0x20, 0x20, 0x20, // sfEdgeColor;.   
	0x20, 0x66, 0x6c, 0x6f, 0x61, 0x74, 0x34, 0x20, 0x75, 0x5f, 0x66, 0x73, 0x66, 0x45, 0x64, 0x67, //  float4 u_fsfEdg
	0x65, 0x50, 0x61, 0x72, 0x61, 0x6d, 0x65, 0x74, 0x65, 0x72, 0x3b, 0x0a, 0x20, 0x20, 0x20, 0x20, // eParameter;.    
	0x66, 0x6c, 0x6f, 0x61, 0x74, 0x34, 0x20, 0x75, 0x5f, 0x66, 0x73, 0x73, 0x6f, 0x66, 0x74, 0x50, // float4 u_fssoftP
	0x61, 0x72, 0x74, 0x69, 0x63, 0x6c, 0x65, 0x50, 0x61, 0x72, 0x61, 0x6d, 0x3b, 0x0a, 0x20, 0x20, // articleParam;.  
	0x20, 0x20, 0x66, 0x6c, 0x6f, 0x61, 0x74, 0x34, 0x20, 0x75, 0x5f, 0x66, 0x73, 0x72, 0x65, 0x63, //   float4 u_fsrec
	0x6f, 0x6e, 0x73, 0x74, 0x72, 0x75, 0x63, 0x74, 0x69, 0x6f, 0x6e, 0x50, 0x61, 0x72, 0x61, 0x6d, // onstructionParam
	0x31, 0x3b, 0x0a, 0x20, 0x20, 0x20, 0x20, 0x66, 0x6c, 0x6f, 0x61, 0x74, 0x34, 0x20, 0x75, 0x5f, // 1;.    float4 u_
	0x66, 0x73, 0x72, 0x65, 0x63, 0x6f, 0x6e, 0x73, 0x74, 0x72, 0x75, 0x63, 0x74, 0x69, 0x6f, 0x6e, // fsreconstruction
	0x50, 0x61, 0x72, 0x61, 0x6d, 0x32, 0x3b, 0x0a, 0x20, 0x20, 0x20, 0x20, 0x66, 0x6c, 0x6f, 0x61, // Param2;.    floa
	0x74, 0x34, 0x20, 0x75, 0x5f, 0x66, 0x73, 0x6d, 0x55, 0x56, 0x49, 0x6e, 0x76, 0x65, 0x72, 0x73, // t4 u_fsmUVInvers
	0x65, 0x64, 0x42, 0x61, 0x63, 0x6b, 0x3b, 0x0a, 0x20, 0x20, 0x20, 0x20, 0x66, 0x6c, 0x6f, 0x61, // edBack;.    floa
	0x74, 0x34, 0x20, 0x75, 0x5f, 0x66, 0x73, 0x6d, 0x69, 0x73, 0x63, 0x46, 0x6c, 0x61, 0x67, 0x73, // t4 u_fsmiscFlags
	0x3b, 0x0a, 0x7d, 0x3b, 0x0a, 0x0a, 0x63, 0x6f, 0x6e, 0x73, 0x74, 0x61, 0x6e, 0x74, 0x20, 0x66, // ;.};..constant f
	0x6c, 0x6f, 0x61, 0x74, 0x20, 0x5f, 0x33, 0x30, 0x38, 0x38, 0x20, 0x3d, 0x20, 0x7b, 0x7d, 0x3b, // loat _3088 = {};
	0x0a, 0x63, 0x6f, 0x6e, 0x73, 0x74, 0x61, 0x6e, 0x74, 0x20, 0x66, 0x6c, 0x6f, 0x61, 0x74, 0x20, // .constant float 
	0x5f, 0x33, 0x32, 0x37, 0x30, 0x20, 0x3d, 0x20, 0x7b, 0x7d, 0x3b, 0x0a, 0x0a, 0x63, 0x6f, 0x6e, // _3270 = {};..con
	0x73, 0x74, 0x61, 0x6e, 0x74, 0x20, 0x75, 0x69, 0x6e, 0x74, 0x20, 0x62, 0x67, 0x66, 0x78, 0x5f, // stant uint bgfx_
	0x73, 0x61, 0x6d, 0x70, 0x6c, 0x65, 0x4d, 0x61, 0x73, 0x6b, 0x20, 0x5b, 0x5b, 0x66, 0x75, 0x6e, // sampleMask [[fun
	0x63, 0x74, 0x69, 0x6f, 0x6e, 0x5f, 0x63, 0x6f, 0x6e, 0x73, 0x74, 0x61, 0x6e, 0x74, 0x28, 0x30, // ction_constant(0
	0x29, 0x5d, 0x5d, 0x3b, 0x0a, 0x63, 0x6f, 0x6e, 0x73, 0x74, 0x61, 0x6e, 0x74, 0x20, 0x62, 0x6f, // )]];.constant bo
	0x6f, 0x6c, 0x20, 0x62, 0x67, 0x66, 0x78, 0x5f, 0x73, 0x61, 0x6d, 0x70, 0x6c, 0x65, 0x4d, 0x61, // ol bgfx_sampleMa
	0x73, 0x6b, 0x45, 0x6e, 0x61, 0x62, 0x6c, 0x65, 0x64, 0x20, 0x3d, 0x20, 0x69, 0x73, 0x5f, 0x66, // skEnabled = is_f
	0x75, 0x6e, 0x63, 0x74, 0x69, 0x6f, 0x6e, 0x5f, 0x63, 0x6f, 0x6e, 0x73, 0x74, 0x61, 0x6e, 0x74, // unction_constant
	0x5f, 0x64, 0x65, 0x66, 0x69, 0x6e, 0x65, 0x64, 0x28, 0x62, 0x67, 0x66, 0x78, 0x5f, 0x73, 0x61, // _defined(bgfx_sa
	0x6d, 0x70, 0x6c, 0x65, 0x4d, 0x61, 0x73, 0x6b, 0x29, 0x3b, 0x0a, 0x0a, 0x73, 0x74, 0x72, 0x75, // mpleMask);..stru
	0x63, 0x74, 0x20, 0x78, 0x6c, 0x61, 0x74, 0x4d, 0x74, 0x6c, 0x4d, 0x61, 0x69, 0x6e, 0x5f, 0x6f, // ct xlatMtlMain_o
	0x75, 0x74, 0x0a, 0x7b, 0x0a, 0x09, 0x75, 0x69, 0x6e, 0x74, 0x20, 0x62, 0x67, 0x66, 0x78, 0x5f, // ut.{..uint bgfx_
	0x6d, 0x65, 0x74, 0x61, 0x6c, 0x5f, 0x73, 0x61, 0x6d, 0x70, 0x6c, 0x65, 0x4d, 0x61, 0x73, 0x6b, // metal_sampleMask
	0x20, 0x5b, 0x5b, 0x73, 0x61, 0x6d, 0x70, 0x6c, 0x65, 0x5f, 0x6d, 0x61, 0x73, 0x6b, 0x2c, 0x20, //  [[sample_mask, 
	0x66, 0x75, 0x6e, 0x63, 0x74, 0x69, 0x6f, 0x6e, 0x5f, 0x63, 0x6f, 0x6e, 0x73, 0x74, 0x61, 0x6e, // function_constan
	0x74, 0x28, 0x62, 0x67, 0x66, 0x78, 0x5f, 0x73, 0x61, 0x6d, 0x70, 0x6c, 0x65, 0x4d, 0x61, 0x73, // t(bgfx_sampleMas
	0x6b, 0x45, 0x6e, 0x61, 0x62, 0x6c, 0x65, 0x64, 0x29, 0x5d, 0x5d, 0x3b, 0x0a, 0x20, 0x20, 0x20, // kEnabled)]];.   
	0x20, 0x66, 0x6c, 0x6f, 0x61, 0x74, 0x34, 0x20, 0x62, 0x67, 0x66, 0x78, 0x5f, 0x46, 0x72, 0x61, //  float4 bgfx_Fra
	0x67, 0x44, 0x61, 0x74, 0x61, 0x30, 0x20, 0x5b, 0x5b, 0x63, 0x6f, 0x6c, 0x6f, 0x72, 0x28, 0x30, // gData0 [[color(0
	0x29, 0x5d, 0x5d, 0x3b, 0x0a, 0x7d, 0x3b, 0x0a, 0x0a, 0x73, 0x74, 0x72, 0x75, 0x63, 0x74, 0x20, // )]];.};..struct 
	0x78, 0x6c, 0x61, 0x74, 0x4d, 0x74, 0x6c, 0x4d, 0x61, 0x69, 0x6e, 0x5f, 0x69, 0x6e, 0x0a, 0x7b, // xlatMtlMain_in.{
	0x0a, 0x20, 0x20, 0x20, 0x20, 0x66, 0x6c, 0x6f, 0x61, 0x74, 0x34, 0x20, 0x76, 0x5f, 0x41, 0x6c, // .    float4 v_Al
	0x70, 0x68, 0x61, 0x5f, 0x44, 0x69, 0x73, 0x74, 0x5f, 0x55, 0x56, 0x20, 0x5b, 0x5b, 0x75, 0x73, // pha_Dist_UV [[us
	0x65, 0x72, 0x28, 0x6c, 0x6f, 0x63, 0x6e, 0x30, 0x29, 0x5d, 0x5d, 0x3b, 0x0a, 0x20, 0x20, 0x20, // er(locn0)]];.   
	0x20, 0x66, 0x6c, 0x6f, 0x61, 0x74, 0x34, 0x20, 0x76, 0x5f, 0x42, 0x6c, 0x65, 0x6e, 0x64, 0x5f, //  float4 v_Blend_
	0x41, 0x6c, 0x70, 0x68, 0x61, 0x5f, 0x44, 0x69, 0x73, 0x74, 0x5f, 0x55, 0x56, 0x20, 0x5b, 0x5b, // Alpha_Dist_UV [[
	0x75, 0x73, 0x65, 0x72, 0x28, 0x6c, 0x6f, 0x63, 0x6e, 0x31, 0x29, 0x5d, 0x5d, 0x3b, 0x0a, 0x20, // user(locn1)]];. 
	0x20, 0x20, 0x20, 0x66, 0x6c, 0x6f, 0x61, 0x74, 0x34, 0x20, 0x76, 0x5f, 0x42, 0x6c, 0x65, 0x6e, //    float4 v_Blen
	0x64, 0x5f, 0x46, 0x42, 0x4e, 0x65, 0x78, 0x74, 0x49, 0x6e, 0x64, 0x65, 0x78, 0x5f, 0x55, 0x56, // d_FBNextIndex_UV
	0x20, 0x5b, 0x5b, 0x75, 0x73, 0x65, 0x72, 0x28, 0x6c, 0x6f, 0x63, 0x6e, 0x32, 0x29, 0x5d, 0x5d, //  [[user(locn2)]]
	0x3b, 0x0a, 0x20, 0x20, 0x20, 0x20, 0x66, 0x6c, 0x6f, 0x61, 0x74, 0x34, 0x20, 0x76, 0x5f, 0x43, // ;.    float4 v_C
	0x6f, 0x6c, 0x6f, 0x72, 0x20, 0x5b, 0x5b, 0x75, 0x73, 0x65, 0x72, 0x28, 0x6c, 0x6f, 0x63, 0x6e, // olor [[user(locn
	0x33, 0x29, 0x5d, 0x5d, 0x3b, 0x0a, 0x20, 0x20, 0x20, 0x20, 0x66, 0x6c, 0x6f, 0x61, 0x74, 0x34, // 3)]];.    float4
	0x20, 0x76, 0x5f, 0x50, 0x6f, 0x73, 0x50, 0x20, 0x5b, 0x5b, 0x75, 0x73, 0x65, 0x72, 0x28, 0x6c, //  v_PosP [[user(l
	0x6f, 0x63, 0x6e, 0x34, 0x29, 0x5d, 0x5d, 0x3b, 0x0a, 0x20, 0x20, 0x20, 0x20, 0x66, 0x6c, 0x6f, // ocn4)]];.    flo
	0x61, 0x74, 0x34, 0x20, 0x76, 0x5f, 0x55, 0x56, 0x5f, 0x4f, 0x74, 0x68, 0x65, 0x72, 0x73, 0x20, // at4 v_UV_Others 
	0x5b, 0x5b, 0x75, 0x73, 0x65, 0x72, 0x28, 0x6c, 0x6f, 0x63, 0x6e, 0x35, 0x29, 0x5d, 0x5d, 0x3b, // [[user(locn5)]];
	0x0a, 0x20, 0x20, 0x20, 0x20, 0x66, 0x6c, 0x6f, 0x61, 0x74, 0x33, 0x20, 0x76, 0x5f, 0x57, 0x6f, // .    float3 v_Wo
	0x72, 0x6c, 0x64, 0x42, 0x20, 0x5b, 0x5b, 0x75, 0x73, 0x65, 0x72, 0x28, 0x6c, 0x6f, 0x63, 0x6e, // rldB [[user(locn
	0x36, 0x29, 0x5d, 0x5d, 0x3b, 0x0a, 0x20, 0x20, 0x20, 0x20, 0x66, 0x6c, 0x6f, 0x61, 0x74, 0x33, // 6)]];.    float3
	0x20, 0x76, 0x5f, 0x57, 0x6f, 0x72, 0x6c, 0x64, 0x4e, 0x20, 0x5b, 0x5b, 0x75, 0x73, 0x65, 0x72, //  v_WorldN [[user
	0x28, 0x6c, 0x6f, 0x63, 0x6e, 0x37, 0x29, 0x5d, 0x5d, 0x3b, 0x0a, 0x20, 0x20, 0x20, 0x20, 0x66, // (locn7)]];.    f
	0x6c, 0x6f, 0x61, 0x74, 0x33, 0x20, 0x76, 0x5f, 0x57, 0x6f, 0x72, 0x6c, 0x64, 0x54, 0x20, 0x5b, // loat3 v_WorldT [
	0x5b, 0x75, 0x73, 0x65, 0x72, 0x28, 0x6c, 0x6f, 0x63, 0x6e, 0x38, 0x29, 0x5d, 0x5d, 0x3b, 0x0a, // [user(locn8)]];.
	0x7d, 0x3b, 0x0a, 0x0a, 0x66, 0x72, 0x61, 0x67, 0x6d, 0x65, 0x6e, 0x74, 0x20, 0x78, 0x6c, 0x61, // };..fragment xla
	0x74, 0x4d, 0x74, 0x6c, 0x4d, 0x61, 0x69, 0x6e, 0x5f, 0x6f, 0x75, 0x74, 0x20, 0x78, 0x6c, 0x61, // tMtlMain_out xla
	0x74, 0x4d, 0x74, 0x6c, 0x4d, 0x61, 0x69, 0x6e, 0x28, 0x78, 0x6c, 0x61, 0x74, 0x4d, 0x74, 0x6c, // tMtlMain(xlatMtl
	0x4d, 0x61, 0x69, 0x6e, 0x5f, 0x69, 0x6e, 0x20, 0x69, 0x6e, 0x20, 0x5b, 0x5b, 0x73, 0x74, 0x61, // Main_in in [[sta
	0x67, 0x65, 0x5f, 0x69, 0x6e, 0x5d, 0x5d, 0x2c, 0x20, 0x63, 0x6f, 0x6e, 0x73, 0x74, 0x61, 0x6e, // ge_in]], constan
	0x74, 0x20, 0x5f, 0x47, 0x6c, 0x6f, 0x62, 0x61, 0x6c, 0x26, 0x20, 0x5f, 0x6d, 0x74, 0x6c, 0x5f, // t _Global& _mtl_
	0x75, 0x20, 0x5b, 0x5b, 0x62, 0x75, 0x66, 0x66, 0x65, 0x72, 0x28, 0x30, 0x29, 0x5d, 0x5d, 0x2c, // u [[buffer(0)]],
	0x20, 0x74, 0x65, 0x78, 0x74, 0x75, 0x72, 0x65, 0x32, 0x64, 0x3c, 0x66, 0x6c, 0x6f, 0x61, 0x74, //  texture2d<float
	0x3e, 0x20, 0x73, 0x5f, 0x63, 0x6f, 0x6c, 0x6f, 0x72, 0x54, 0x65, 0x78, 0x20, 0x5b, 0x5b, 0x74, // > s_colorTex [[t
	0x65, 0x78, 0x74, 0x75, 0x72, 0x65, 0x28, 0x30, 0x29, 0x5d, 0x5d, 0x2c, 0x20, 0x74, 0x65, 0x78, // exture(0)]], tex
	0x74, 0x75, 0x72, 0x65, 0x32, 0x64, 0x3c, 0x66, 0x6c, 0x6f, 0x61, 0x74, 0x3e, 0x20, 0x73, 0x5f, // ture2d<float> s_
	0x6e, 0x6f, 0x72, 0x6d, 0x61, 0x6c, 0x54, 0x65, 0x78, 0x20, 0x5b, 0x5b, 0x74, 0x65, 0x78, 0x74, // normalTex [[text
	0x75, 0x72, 0x65, 0x28, 0x31, 0x29, 0x5d, 0x5d, 0x2c, 0x20, 0x74, 0x65, 0x78, 0x74, 0x75, 0x72, // ure(1)]], textur
	0x65, 0x32, 0x64, 0x3c, 0x66, 0x6c, 0x6f, 0x61, 0x74, 0x3e, 0x20, 0x73, 0x5f, 0x61, 0x6c, 0x70, // e2d<float> s_alp
	0x68, 0x61, 0x54, 0x65, 0x78, 0x20, 0x5b, 0x5b, 0x74, 0x65, 0x78, 0x74, 0x75, 0x72, 0x65, 0x28, // haTex [[texture(
	0x32, 0x29, 0x5d, 0x5d, 0x2c, 0x20, 0x74, 0x65, 0x78, 0x74, 0x75, 0x72, 0x65, 0x32, 0x64, 0x3c, // 2)]], texture2d<
	0x66, 0x6c, 0x6f, 0x61, 0x74, 0x3e, 0x20, 0x73, 0x5f, 0x75, 0x76, 0x44, 0x69, 0x73, 0x74, 0x6f, // float> s_uvDisto
	0x72, 0x74, 0x69, 0x6f, 0x6e, 0x54, 0x65, 0x78, 0x20, 0x5b, 0x5b, 0x74, 0x65, 0x78, 0x74, 0x75, // rtionTex [[textu
	0x72, 0x65, 0x28, 0x33, 0x29, 0x5d, 0x5d, 0x2c, 0x20, 0x74, 0x65, 0x78, 0x74, 0x75, 0x72, 0x65, // re(3)]], texture
	0x32, 0x64, 0x3c, 0x66, 0x6c, 0x6f, 0x61, 0x74, 0x3e, 0x20, 0x73, 0x5f, 0x62, 0x6c, 0x65, 0x6e, // 2d<float> s_blen
	0x64, 0x54, 0x65, 0x78, 0x20, 0x5b, 0x5b, 0x74, 0x65, 0x78, 0x74, 0x75, 0x72, 0x65, 0x28, 0x34, // dTex [[texture(4
	0x29, 0x5d, 0x5d, 0x2c, 0x20, 0x74, 0x65, 0x78, 0x74, 0x75, 0x72, 0x65, 0x32, 0x64, 0x3c, 0x66, // )]], texture2d<f
	0x6c, 0x6f, 0x61, 0x74, 0x3e, 0x20, 0x73, 0x5f, 0x62, 0x6c, 0x65, 0x6e, 0x64, 0x41, 0x6c, 0x70, // loat> s_blendAlp
	0x68, 0x61, 0x54, 0x65, 0x78, 0x20, 0x5b, 0x5b, 0x74, 0x65, 0x78, 0x74, 0x75, 0x72, 0x65, 0x28, // haTex [[texture(
	0x35, 0x29, 0x5d, 0x5d, 0x2c, 0x20, 0x74, 0x65, 0x78, 0x74, 0x75, 0x72, 0x65, 0x32, 0x64, 0x3c, // 5)]], texture2d<
	0x66, 0x6c, 0x6f, 0x61, 0x74, 0x3e, 0x20, 0x73, 0x5f, 0x62, 0x6c, 0x65, 0x6e, 0x64, 0x55, 0x56, // float> s_blendUV
	0x44, 0x69, 0x73, 0x74, 0x6f, 0x72, 0x74, 0x69, 0x6f, 0x6e, 0x54, 0x65, 0x78, 0x20, 0x5b, 0x5b, // DistortionTex [[
	0x74, 0x65, 0x78, 0x74, 0x75, 0x72, 0x65, 0x28, 0x36, 0x29, 0x5d, 0x5d, 0x2c, 0x20, 0x74, 0x65, // texture(6)]], te
	0x78, 0x74, 0x75, 0x72, 0x65, 0x32, 0x64, 0x3c, 0x66, 0x6c, 0x6f, 0x61, 0x74, 0x3e, 0x20, 0x73, // xture2d<float> s
	0x5f, 0x64, 0x65, 0x70, 0x74, 0x68, 0x54, 0x65, 0x78, 0x20, 0x5b, 0x5b, 0x74, 0x65, 0x78, 0x74, // _depthTex [[text
	0x75, 0x72, 0x65, 0x28, 0x37, 0x29, 0x5d, 0x5d, 0x2c, 0x20, 0x73, 0x61, 0x6d, 0x70, 0x6c, 0x65, // ure(7)]], sample
	0x72, 0x20, 0x73, 0x5f, 0x63, 0x6f, 0x6c, 0x6f, 0x72, 0x54, 0x65, 0x78, 0x53, 0x61, 0x6d, 0x70, // r s_colorTexSamp
	0x6c, 0x65, 0x72, 0x20, 0x5b, 0x5b, 0x73, 0x61, 0x6d, 0x70, 0x6c, 0x65, 0x72, 0x28, 0x30, 0x29, // ler [[sampler(0)
	0x5d, 0x5d, 0x2c, 0x20, 0x73, 0x61, 0x6d, 0x70, 0x6c, 0x65, 0x72, 0x20, 0x73, 0x5f, 0x6e, 0x6f, // ]], sampler s_no
	0x72, 0x6d, 0x61, 0x6c, 0x54, 0x65, 0x78, 0x53, 0x61, 0x6d, 0x70, 0x6c, 0x65, 0x72, 0x20, 0x5b, // rmalTexSampler [
	0x5b, 0x73, 0x61, 0x6d, 0x70, 0x6c, 0x65, 0x72, 0x28, 0x31, 0x29, 0x5d, 0x5d, 0x2c, 0x20, 0x73, // [sampler(1)]], s
	0x61, 0x6d, 0x70, 0x6c, 0x65, 0x72, 0x20, 0x73, 0x5f, 0x61, 0x6c, 0x70, 0x68, 0x61, 0x54, 0x65, // ampler s_alphaTe
	0x78, 0x53, 0x61, 0x6d, 0x70, 0x6c, 0x65, 0x72, 0x20, 0x5b, 0x5b, 0x73, 0x61, 0x6d, 0x70, 0x6c, // xSampler [[sampl
	0x65, 0x72, 0x28, 0x32, 0x29, 0x5d, 0x5d, 0x2c, 0x20, 0x73, 0x61, 0x6d, 0x70, 0x6c, 0x65, 0x72, // er(2)]], sampler
	0x20, 0x73, 0x5f, 0x75, 0x76, 0x44, 0x69, 0x73, 0x74, 0x6f, 0x72, 0x74, 0x69, 0x6f, 0x6e, 0x54, //  s_uvDistortionT
	0x65, 0x78, 0x53, 0x61, 0x6d, 0x70, 0x6c, 0x65, 0x72, 0x20, 0x5b, 0x5b, 0x73, 0x61, 0x6d, 0x70, // exSampler [[samp
	0x6c, 0x65, 0x72, 0x28, 0x33, 0x29, 0x5d, 0x5d, 0x2c, 0x20, 0x73, 0x61, 0x6d, 0x70, 0x6c, 0x65, // ler(3)]], sample
	0x72, 0x20, 0x73, 0x5f, 0x62, 0x6c, 0x65, 0x6e, 0x64, 0x54, 0x65, 0x78, 0x53, 0x61, 0x6d, 0x70, // r s_blendTexSamp
	0x6c, 0x65, 0x72, 0x20, 0x5b, 0x5b, 0x73, 0x61, 0x6d, 0x70, 0x6c, 0x65, 0x72, 0x28, 0x34, 0x29, // ler [[sampler(4)
	0x5d, 0x5d, 0x2c, 0x20, 0x73, 0x61, 0x6d, 0x70, 0x6c, 0x65, 0x72, 0x20, 0x73, 0x5f, 0x62, 0x6c, // ]], sampler s_bl
	0x65, 0x6e, 0x64, 0x41, 0x6c, 0x70, 0x68, 0x61, 0x54, 0x65, 0x78, 0x53, 0x61, 0x6d, 0x70, 0x6c, // endAlphaTexSampl
	0x65, 0x72, 0x20, 0x5b, 0x5b, 0x73, 0x61, 0x6d, 0x70, 0x6c, 0x65, 0x72, 0x28, 0x35, 0x29, 0x5d, // er [[sampler(5)]
	0x5d, 0x2c, 0x20, 0x73, 0x61, 0x6d, 0x70, 0x6c, 0x65, 0x72, 0x20, 0x73, 0x5f, 0x62, 0x6c, 0x65, // ], sampler s_ble
	0x6e, 0x64, 0x55, 0x56, 0x44, 0x69, 0x73, 0x74, 0x6f, 0x72, 0x74, 0x69, 0x6f, 0x6e, 0x54, 0x65, // ndUVDistortionTe
	0x78, 0x53, 0x61, 0x6d, 0x70, 0x6c, 0x65, 0x72, 0x20, 0x5b, 0x5b, 0x73, 0x61, 0x6d, 0x70, 0x6c, // xSampler [[sampl
	0x65, 0x72, 0x28, 0x36, 0x29, 0x5d, 0x5d, 0x2c, 0x20, 0x73, 0x61, 0x6d, 0x70, 0x6c, 0x65, 0x72, // er(6)]], sampler
	0x20, 0x73, 0x5f, 0x64, 0x65, 0x70, 0x74, 0x68, 0x54, 0x65, 0x78, 0x53, 0x61, 0x6d, 0x70, 0x6c, //  s_depthTexSampl
	0x65, 0x72, 0x20, 0x5b, 0x5b, 0x73, 0x61, 0x6d, 0x70, 0x6c, 0x65, 0x72, 0x28, 0x37, 0x29, 0x5d, // er [[sampler(7)]
	0x5d, 0x29, 0x0a, 0x7b, 0x0a, 0x20, 0x20, 0x20, 0x20, 0x78, 0x6c, 0x61, 0x74, 0x4d, 0x74, 0x6c, // ]).{.    xlatMtl
	0x4d, 0x61, 0x69, 0x6e, 0x5f, 0x6f, 0x75, 0x74, 0x20, 0x6f, 0x75, 0x74, 0x20, 0x3d, 0x20, 0x7b, // Main_out out = {
	0x7d, 0x3b, 0x0a, 0x09, 0x69, 0x66, 0x20, 0x28, 0x62, 0x67, 0x66, 0x78, 0x5f, 0x73, 0x61, 0x6d, // };..if (bgfx_sam
	0x70, 0x6c, 0x65, 0x4d, 0x61, 0x73, 0x6b, 0x45, 0x6e, 0x61, 0x62, 0x6c, 0x65, 0x64, 0x29, 0x20, // pleMaskEnabled) 
	0x7b, 0x20, 0x6f, 0x75, 0x74, 0x2e, 0x62, 0x67, 0x66, 0x78, 0x5f, 0x6d, 0x65, 0x74, 0x61, 0x6c, // { out.bgfx_metal
	0x5f, 0x73, 0x61, 0x6d, 0x70, 0x6c, 0x65, 0x4d, 0x61, 0x73, 0x6b, 0x20, 0x3d, 0x20, 0x62, 0x67, // _sampleMask = bg
	0x66, 0x78, 0x5f, 0x73, 0x61, 0x6d, 0x70, 0x6c, 0x65, 0x4d, 0x61, 0x73, 0x6b, 0x3b, 0x20, 0x7d, // fx_sampleMask; }
	0x0a, 0x20, 0x20, 0x20, 0x20, 0x62, 0x6f, 0x6f, 0x6c, 0x20, 0x5f, 0x31, 0x34, 0x39, 0x30, 0x20, // .    bool _1490 
	0x3d, 0x20, 0x5f, 0x6d, 0x74, 0x6c, 0x5f, 0x75, 0x2e, 0x75, 0x5f, 0x66, 0x73, 0x6d, 0x69, 0x73, // = _mtl_u.u_fsmis
	0x63, 0x46, 0x6c, 0x61, 0x67, 0x73, 0x2e, 0x78, 0x20, 0x21, 0x3d, 0x20, 0x30, 0x2e, 0x30, 0x3b, // cFlags.x != 0.0;
	0x0a, 0x20, 0x20, 0x20, 0x20, 0x66, 0x6c, 0x6f, 0x61, 0x74, 0x34, 0x20, 0x5f, 0x31, 0x39, 0x35, // .    float4 _195
	0x32, 0x20, 0x3d, 0x20, 0x73, 0x5f, 0x75, 0x76, 0x44, 0x69, 0x73, 0x74, 0x6f, 0x72, 0x74, 0x69, // 2 = s_uvDistorti
	0x6f, 0x6e, 0x54, 0x65, 0x78, 0x2e, 0x73, 0x61, 0x6d, 0x70, 0x6c, 0x65, 0x28, 0x73, 0x5f, 0x75, // onTex.sample(s_u
	0x76, 0x44, 0x69, 0x73, 0x74, 0x6f, 0x72, 0x74, 0x69, 0x6f, 0x6e, 0x54, 0x65, 0x78, 0x53, 0x61, // vDistortionTexSa
	0x6d, 0x70, 0x6c, 0x65, 0x72, 0x2c, 0x20, 0x69, 0x6e, 0x2e, 0x76, 0x5f, 0x41, 0x6c, 0x70, 0x68, // mpler, in.v_Alph
	0x61, 0x5f, 0x44, 0x69, 0x73, 0x74, 0x5f, 0x55, 0x56, 0x2e, 0x7a, 0x77, 0x29, 0x3b, 0x0a, 0x20, // a_Dist_UV.zw);. 
	0x20, 0x20, 0x20, 0x66, 0x6c, 0x6f, 0x61, 0x74, 0x34, 0x20, 0x5f, 0x33, 0x30, 0x36, 0x33, 0x3b, //    float4 _3063;
	0x0a, 0x20, 0x20, 0x20, 0x20, 0x69, 0x66, 0x20, 0x28, 0x5f, 0x31, 0x34, 0x39, 0x30, 0x29, 0x0a, // .    if (_1490).
	0x20, 0x20, 0x20, 0x20, 0x7b, 0x0a, 0x20, 0x20, 0x20, 0x20, 0x20, 0x20, 0x20, 0x20, 0x66, 0x6c, //     {.        fl
	0x6f, 0x61, 0x74, 0x34, 0x20, 0x5f, 0x33, 0x30, 0x36, 0x32, 0x3b, 0x0a, 0x20, 0x20, 0x20, 0x20, // oat4 _3062;.    
	0x20, 0x20, 0x20, 0x20, 0x64, 0x6f, 0x0a, 0x20, 0x20, 0x20, 0x20, 0x20, 0x20, 0x20, 0x20, 0x7b, //     do.        {
	0x0a, 0x20, 0x20, 0x20, 0x20, 0x20, 0x20, 0x20, 0x20, 0x20, 0x20, 0x20, 0x20, 0x69, 0x66, 0x20, // .            if 
	0x28, 0x21, 0x5f, 0x31, 0x34, 0x39, 0x30, 0x29, 0x0a, 0x20, 0x20, 0x20, 0x20, 0x20, 0x20, 0x20, // (!_1490).       
	0x20, 0x20, 0x20, 0x20, 0x20, 0x7b, 0x0a, 0x20, 0x20, 0x20, 0x20, 0x20, 0x20, 0x20, 0x20, 0x20, //      {.         
	0x20, 0x20, 0x20, 0x20, 0x20, 0x20, 0x20, 0x5f, 0x33, 0x30, 0x36, 0x32, 0x20, 0x3d, 0x20, 0x5f, //        _3062 = _
	0x31, 0x39, 0x35, 0x32, 0x3b, 0x0a, 0x20, 0x20, 0x20, 0x20, 0x20, 0x20, 0x20, 0x20, 0x20, 0x20, // 1952;.          
	0x20, 0x20, 0x20, 0x20, 0x20, 0x20, 0x62, 0x72, 0x65, 0x61, 0x6b, 0x3b, 0x0a, 0x20, 0x20, 0x20, //       break;.   
	0x20, 0x20, 0x20, 0x20, 0x20, 0x20, 0x20, 0x20, 0x20, 0x7d, 0x0a, 0x20, 0x20, 0x20, 0x20, 0x20, //          }.     
	0x20, 0x20, 0x20, 0x20, 0x20, 0x20, 0x20, 0x5f, 0x33, 0x30, 0x36, 0x32, 0x20, 0x3d, 0x20, 0x66, //        _3062 = f
	0x6c, 0x6f, 0x61, 0x74, 0x34, 0x28, 0x66, 0x61, 0x73, 0x74, 0x3a, 0x3a, 0x6d, 0x61, 0x78, 0x28, // loat4(fast::max(
	0x28, 0x70, 0x6f, 0x77, 0x72, 0x28, 0x66, 0x61, 0x73, 0x74, 0x3a, 0x3a, 0x6d, 0x61, 0x78, 0x28, // (powr(fast::max(
	0x61, 0x62, 0x73, 0x28, 0x5f, 0x31, 0x39, 0x35, 0x32, 0x2e, 0x78, 0x79, 0x7a, 0x29, 0x2c, 0x20, // abs(_1952.xyz), 
	0x66, 0x6c, 0x6f, 0x61, 0x74, 0x33, 0x28, 0x31, 0x2e, 0x31, 0x39, 0x32, 0x30, 0x39, 0x32, 0x38, // float3(1.1920928
	0x39, 0x35, 0x35, 0x30, 0x37, 0x38, 0x31, 0x32, 0x35, 0x65, 0x2d, 0x30, 0x37, 0x29, 0x29, 0x2c, // 955078125e-07)),
	0x20, 0x66, 0x6c, 0x6f, 0x61, 0x74, 0x33, 0x28, 0x30, 0x2e, 0x34, 0x31, 0x36, 0x36, 0x36, 0x36, //  float3(0.416666
	0x36, 0x35, 0x36, 0x37, 0x33, 0x32, 0x35, 0x35, 0x39, 0x32, 0x30, 0x34, 0x31, 0x30, 0x31, 0x35, // 6567325592041015
	0x36, 0x32, 0x35, 0x29, 0x29, 0x20, 0x2a, 0x20, 0x31, 0x2e, 0x30, 0x35, 0x34, 0x39, 0x39, 0x39, // 625)) * 1.054999
	0x39, 0x34, 0x37, 0x35, 0x34, 0x37, 0x39, 0x31, 0x32, 0x35, 0x39, 0x37, 0x36, 0x35, 0x36, 0x32, // 9475479125976562
	0x35, 0x29, 0x20, 0x2d, 0x20, 0x66, 0x6c, 0x6f, 0x61, 0x74, 0x33, 0x28, 0x30, 0x2e, 0x30, 0x35, // 5) - float3(0.05
	0x34, 0x39, 0x39, 0x39, 0x39, 0x39, 0x39, 0x37, 0x30, 0x31, 0x39, 0x37, 0x36, 0x37, 0x37, 0x36, // 4999999701976776
	0x31, 0x32, 0x33, 0x30, 0x34, 0x36, 0x38, 0x37, 0x35, 0x29, 0x2c, 0x20, 0x66, 0x6c, 0x6f, 0x61, // 123046875), floa
	0x74, 0x33, 0x28, 0x30, 0x2e, 0x30, 0x29, 0x29, 0x2e, 0x78, 0x79, 0x2c, 0x20, 0x5f, 0x33, 0x30, // t3(0.0)).xy, _30
	0x38, 0x38, 0x2c, 0x20, 0x5f, 0x33, 0x30, 0x38, 0x38, 0x29, 0x3b, 0x0a, 0x20, 0x20, 0x20, 0x20, // 88, _3088);.    
	0x20, 0x20, 0x20, 0x20, 0x20, 0x20, 0x20, 0x20, 0x62, 0x72, 0x65, 0x61, 0x6b, 0x3b, 0x0a, 0x20, //         break;. 
	0x20, 0x20, 0x20, 0x20, 0x20, 0x20, 0x20, 0x7d, 0x20, 0x77, 0x68, 0x69, 0x6c, 0x65, 0x28, 0x66, //        } while(f
	0x61, 0x6c, 0x73, 0x65, 0x29, 0x3b, 0x0a, 0x20, 0x20, 0x20, 0x20, 0x20, 0x20, 0x20, 0x20, 0x5f, // alse);.        _
	0x33, 0x30, 0x36, 0x33, 0x20, 0x3d, 0x20, 0x5f, 0x33, 0x30, 0x36, 0x32, 0x3b, 0x0a, 0x20, 0x20, // 3063 = _3062;.  
	0x20, 0x20, 0x7d, 0x0a, 0x20, 0x20, 0x20, 0x20, 0x65, 0x6c, 0x73, 0x65, 0x0a, 0x20, 0x20, 0x20, //   }.    else.   
	0x20, 0x7b, 0x0a, 0x20, 0x20, 0x20, 0x20, 0x20, 0x20, 0x20, 0x20, 0x5f, 0x33, 0x30, 0x36, 0x33, //  {.        _3063
	0x20, 0x3d, 0x20, 0x5f, 0x31, 0x39, 0x35, 0x32, 0x3b, 0x0a, 0x20, 0x20, 0x20, 0x20, 0x7d, 0x0a, //  = _1952;.    }.
	0x20, 0x20, 0x20, 0x20, 0x62, 0x6f, 0x6f, 0x6c, 0x20, 0x5f, 0x32, 0x30, 0x34, 0x39, 0x3b, 0x0a, //     bool _2049;.
	0x20, 0x20, 0x20, 0x20, 0x66, 0x6c, 0x6f, 0x61, 0x74, 0x32, 0x20, 0x5f, 0x31, 0x39, 0x32, 0x39, //     float2 _1929
	0x20, 0x3d, 0x20, 0x28, 0x5f, 0x33, 0x30, 0x36, 0x33, 0x2e, 0x78, 0x79, 0x20, 0x2a, 0x20, 0x32, //  = (_3063.xy * 2
	0x2e, 0x30, 0x29, 0x20, 0x2d, 0x20, 0x66, 0x6c, 0x6f, 0x61, 0x74, 0x32, 0x28, 0x31, 0x2e, 0x30, // .0) - float2(1.0
	0x29, 0x3b, 0x0a, 0x20, 0x20, 0x20, 0x20, 0x5f, 0x31, 0x39, 0x32, 0x39, 0x2e, 0x79, 0x20, 0x3d, // );.    _1929.y =
	0x20, 0x5f, 0x6d, 0x74, 0x6c, 0x5f, 0x75, 0x2e, 0x75, 0x5f, 0x66, 0x73, 0x66, 0x55, 0x56, 0x44, //  _mtl_u.u_fsfUVD
	0x69, 0x73, 0x74, 0x6f, 0x72, 0x74, 0x69, 0x6f, 0x6e, 0x50, 0x61, 0x72, 0x61, 0x6d, 0x65, 0x74, // istortionParamet
	0x65, 0x72, 0x2e, 0x7a, 0x20, 0x2b, 0x20, 0x28, 0x5f, 0x6d, 0x74, 0x6c, 0x5f, 0x75, 0x2e, 0x75, // er.z + (_mtl_u.u
	0x5f, 0x66, 0x73, 0x66, 0x55, 0x56, 0x44, 0x69, 0x73, 0x74, 0x6f, 0x72, 0x74, 0x69, 0x6f, 0x6e, // _fsfUVDistortion
	0x50, 0x61, 0x72, 0x61, 0x6d, 0x65, 0x74, 0x65, 0x72, 0x2e, 0x77, 0x20, 0x2a, 0x20, 0x28, 0x5f, // Parameter.w * (_
	0x31, 0x39, 0x32, 0x39, 0x2e, 0x79, 0x20, 0x2a, 0x20, 0x28, 0x2d, 0x31, 0x2e, 0x30, 0x29, 0x29, // 1929.y * (-1.0))
	0x29, 0x3b, 0x0a, 0x20, 0x20, 0x20, 0x20, 0x66, 0x6c, 0x6f, 0x61, 0x74, 0x32, 0x20, 0x5f, 0x31, // );.    float2 _1
	0x35, 0x30, 0x37, 0x20, 0x3d, 0x20, 0x5f, 0x31, 0x39, 0x32, 0x39, 0x20, 0x2a, 0x20, 0x5f, 0x6d, // 507 = _1929 * _m
	0x74, 0x6c, 0x5f, 0x75, 0x2e, 0x75, 0x5f, 0x66, 0x73, 0x66, 0x55, 0x56, 0x44, 0x69, 0x73, 0x74, // tl_u.u_fsfUVDist
	0x6f, 0x72, 0x74, 0x69, 0x6f, 0x6e, 0x50, 0x61, 0x72, 0x61, 0x6d, 0x65, 0x74, 0x65, 0x72, 0x2e, // ortionParameter.
	0x78, 0x3b, 0x0a, 0x20, 0x20, 0x20, 0x20, 0x66, 0x6c, 0x6f, 0x61, 0x74, 0x32, 0x20, 0x5f, 0x31, // x;.    float2 _1
	0x35, 0x31, 0x32, 0x20, 0x3d, 0x20, 0x69, 0x6e, 0x2e, 0x76, 0x5f, 0x55, 0x56, 0x5f, 0x4f, 0x74, // 512 = in.v_UV_Ot
	0x68, 0x65, 0x72, 0x73, 0x2e, 0x78, 0x79, 0x20, 0x2b, 0x20, 0x5f, 0x31, 0x35, 0x30, 0x37, 0x3b, // hers.xy + _1507;
	0x0a, 0x20, 0x20, 0x20, 0x20, 0x66, 0x6c, 0x6f, 0x61, 0x74, 0x34, 0x20, 0x5f, 0x32, 0x30, 0x34, // .    float4 _204
	0x30, 0x20, 0x3d, 0x20, 0x73, 0x5f, 0x63, 0x6f, 0x6c, 0x6f, 0x72, 0x54, 0x65, 0x78, 0x2e, 0x73, // 0 = s_colorTex.s
	0x61, 0x6d, 0x70, 0x6c, 0x65, 0x28, 0x73, 0x5f, 0x63, 0x6f, 0x6c, 0x6f, 0x72, 0x54, 0x65, 0x78, // ample(s_colorTex
	0x53, 0x61, 0x6d, 0x70, 0x6c, 0x65, 0x72, 0x2c, 0x20, 0x5f, 0x31, 0x35, 0x31, 0x32, 0x29, 0x3b, // Sampler, _1512);
	0x0a, 0x20, 0x20, 0x20, 0x20, 0x66, 0x6c, 0x6f, 0x61, 0x74, 0x34, 0x20, 0x5f, 0x33, 0x30, 0x36, // .    float4 _306
	0x34, 0x3b, 0x0a, 0x20, 0x20, 0x20, 0x20, 0x64, 0x6f, 0x0a, 0x20, 0x20, 0x20, 0x20, 0x7b, 0x0a, // 4;.    do.    {.
	0x20, 0x20, 0x20, 0x20, 0x20, 0x20, 0x20, 0x20, 0x5f, 0x32, 0x30, 0x34, 0x39, 0x20, 0x3d, 0x20, //         _2049 = 
	0x21, 0x5f, 0x31, 0x34, 0x39, 0x30, 0x3b, 0x0a, 0x20, 0x20, 0x20, 0x20, 0x20, 0x20, 0x20, 0x20, // !_1490;.        
	0x69, 0x66, 0x20, 0x28, 0x5f, 0x32, 0x30, 0x34, 0x39, 0x29, 0x0a, 0x20, 0x20, 0x20, 0x20, 0x20, // if (_2049).     
	0x20, 0x20, 0x20, 0x7b, 0x0a, 0x20, 0x20, 0x20, 0x20, 0x20, 0x20, 0x20, 0x20, 0x20, 0x20, 0x20, //    {.           
	0x20, 0x5f, 0x33, 0x30, 0x36, 0x34, 0x20, 0x3d, 0x20, 0x5f, 0x32, 0x30, 0x34, 0x30, 0x3b, 0x0a, //  _3064 = _2040;.
	0x20, 0x20, 0x20, 0x20, 0x20, 0x20, 0x20, 0x20, 0x20, 0x20, 0x20, 0x20, 0x62, 0x72, 0x65, 0x61, //             brea
	0x6b, 0x3b, 0x0a, 0x20, 0x20, 0x20, 0x20, 0x20, 0x20, 0x20, 0x20, 0x7d, 0x0a, 0x20, 0x20, 0x20, // k;.        }.   
	0x20, 0x20, 0x20, 0x20, 0x20, 0x5f, 0x33, 0x30, 0x36, 0x34, 0x20, 0x3d, 0x20, 0x66, 0x6c, 0x6f, //      _3064 = flo
	0x61, 0x74, 0x34, 0x28, 0x66, 0x61, 0x73, 0x74, 0x3a, 0x3a, 0x6d, 0x61, 0x78, 0x28, 0x28, 0x70, // at4(fast::max((p
	0x6f, 0x77, 0x72, 0x28, 0x66, 0x61, 0x73, 0x74, 0x3a, 0x3a, 0x6d, 0x61, 0x78, 0x28, 0x61, 0x62, // owr(fast::max(ab
	0x73, 0x28, 0x5f, 0x32, 0x30, 0x34, 0x30, 0x2e, 0x78, 0x79, 0x7a, 0x29, 0x2c, 0x20, 0x66, 0x6c, // s(_2040.xyz), fl
	0x6f, 0x61, 0x74, 0x33, 0x28, 0x31, 0x2e, 0x31, 0x39, 0x32, 0x30, 0x39, 0x32, 0x38, 0x39, 0x35, // oat3(1.192092895
	0x35, 0x30, 0x37, 0x38, 0x31, 0x32, 0x35, 0x65, 0x2d, 0x30, 0x37, 0x29, 0x29, 0x2c, 0x20, 0x66, // 5078125e-07)), f
	0x6c, 0x6f, 0x61, 0x74, 0x33, 0x28, 0x30, 0x2e, 0x34, 0x31, 0x36, 0x36, 0x36, 0x36, 0x36, 0x35, // loat3(0.41666665
	0x36, 0x37, 0x33, 0x32, 0x35, 0x35, 0x39, 0x32, 0x30, 0x34, 0x31, 0x30, 0x31, 0x35, 0x36, 0x32, // 6732559204101562
	0x35, 0x29, 0x29, 0x20, 0x2a, 0x20, 0x31, 0x2e, 0x30, 0x35, 0x34, 0x39, 0x39, 0x39, 0x39, 0x34, // 5)) * 1.05499994
	0x37, 0x35, 0x34, 0x37, 0x39, 0x31, 0x32, 0x35, 0x39, 0x37, 0x36, 0x35, 0x36, 0x32, 0x35, 0x29, // 754791259765625)
	0x20, 0x2d, 0x20, 0x66, 0x6c, 0x6f, 0x61, 0x74, 0x33, 0x28, 0x30, 0x2e, 0x30, 0x35, 0x34, 0x39, //  - float3(0.0549
	0x39, 0x39, 0x39, 0x39, 0x39, 0x37, 0x30, 0x31, 0x39, 0x37, 0x36, 0x37, 0x37, 0x36, 0x31, 0x32, // 9999970197677612
	0x33, 0x30, 0x34, 0x36, 0x38, 0x37, 0x35, 0x29, 0x2c, 0x20, 0x66, 0x6c, 0x6f, 0x61, 0x74, 0x33, // 3046875), float3
	0x28, 0x30, 0x2e, 0x30, 0x29, 0x29, 0x2c, 0x20, 0x5f, 0x32, 0x30, 0x34, 0x30, 0x2e, 0x77, 0x29, // (0.0)), _2040.w)
	0x3b, 0x0a, 0x20, 0x20, 0x20, 0x20, 0x20, 0x20, 0x20, 0x20, 0x62, 0x72, 0x65, 0x61, 0x6b, 0x3b, // ;.        break;
	0x0a, 0x20, 0x20, 0x20, 0x20, 0x7d, 0x20, 0x77, 0x68, 0x69, 0x6c, 0x65, 0x28, 0x66, 0x61, 0x6c, // .    } while(fal
	0x73, 0x65, 0x29, 0x3b, 0x0a, 0x20, 0x20, 0x20, 0x20, 0x66, 0x6c, 0x6f, 0x61, 0x74, 0x34, 0x20, // se);.    float4 
	0x5f, 0x31, 0x35, 0x32, 0x31, 0x20, 0x3d, 0x20, 0x5f, 0x33, 0x30, 0x36, 0x34, 0x20, 0x2a, 0x20, // _1521 = _3064 * 
	0x69, 0x6e, 0x2e, 0x76, 0x5f, 0x43, 0x6f, 0x6c, 0x6f, 0x72, 0x3b, 0x0a, 0x20, 0x20, 0x20, 0x20, // in.v_Color;.    
	0x66, 0x6c, 0x6f, 0x61, 0x74, 0x34, 0x20, 0x5f, 0x32, 0x31, 0x32, 0x34, 0x20, 0x3d, 0x20, 0x73, // float4 _2124 = s
	0x5f, 0x6e, 0x6f, 0x72, 0x6d, 0x61, 0x6c, 0x54, 0x65, 0x78, 0x2e, 0x73, 0x61, 0x6d, 0x70, 0x6c, // _normalTex.sampl
	0x65, 0x28, 0x73, 0x5f, 0x6e, 0x6f, 0x72, 0x6d, 0x61, 0x6c, 0x54, 0x65, 0x78, 0x53, 0x61, 0x6d, // e(s_normalTexSam
	0x70, 0x6c, 0x65, 0x72, 0x2c, 0x20, 0x5f, 0x31, 0x35, 0x31, 0x32, 0x29, 0x3b, 0x0a, 0x20, 0x20, // pler, _1512);.  
	0x20, 0x20, 0x66, 0x6c, 0x6f, 0x61, 0x74, 0x33, 0x20, 0x5f, 0x31, 0x35, 0x34, 0x32, 0x20, 0x3d, //   float3 _1542 =
	0x20, 0x66, 0x61, 0x73, 0x74, 0x3a, 0x3a, 0x6e, 0x6f, 0x72, 0x6d, 0x61, 0x6c, 0x69, 0x7a, 0x65, //  fast::normalize
	0x28, 0x28, 0x28, 0x5f, 0x32, 0x31, 0x32, 0x34, 0x2e, 0x78, 0x79, 0x7a, 0x20, 0x2d, 0x20, 0x66, // (((_2124.xyz - f
	0x6c, 0x6f, 0x61, 0x74, 0x33, 0x28, 0x30, 0x2e, 0x35, 0x29, 0x29, 0x20, 0x2a, 0x20, 0x32, 0x2e, // loat3(0.5)) * 2.
	0x30, 0x29, 0x20, 0x2a, 0x20, 0x74, 0x72, 0x61, 0x6e, 0x73, 0x70, 0x6f, 0x73, 0x65, 0x28, 0x66, // 0) * transpose(f
	0x6c, 0x6f, 0x61, 0x74, 0x33, 0x78, 0x33, 0x28, 0x69, 0x6e, 0x2e, 0x76, 0x5f, 0x57, 0x6f, 0x72, // loat3x3(in.v_Wor
	0x6c, 0x64, 0x54, 0x2c, 0x20, 0x69, 0x6e, 0x2e, 0x76, 0x5f, 0x57, 0x6f, 0x72, 0x6c, 0x64, 0x42, // ldT, in.v_WorldB
	0x2c, 0x20, 0x69, 0x6e, 0x2e, 0x76, 0x5f, 0x57, 0x6f, 0x72, 0x6c, 0x64, 0x4e, 0x29, 0x29, 0x29, // , in.v_WorldN)))
	0x3b, 0x0a, 0x20, 0x20, 0x20, 0x20, 0x66, 0x6c, 0x6f, 0x61, 0x74, 0x34, 0x20, 0x5f, 0x33, 0x30, // ;.    float4 _30
	0x36, 0x39, 0x3b, 0x0a, 0x20, 0x20, 0x20, 0x20, 0x69, 0x66, 0x20, 0x28, 0x5f, 0x6d, 0x74, 0x6c, // 69;.    if (_mtl
	0x5f, 0x75, 0x2e, 0x75, 0x5f, 0x66, 0x73, 0x66, 0x46, 0x6c, 0x69, 0x70, 0x62, 0x6f, 0x6f, 0x6b, // _u.u_fsfFlipbook
	0x50, 0x61, 0x72, 0x61, 0x6d, 0x65, 0x74, 0x65, 0x72, 0x2e, 0x78, 0x20, 0x3e, 0x20, 0x30, 0x2e, // Parameter.x > 0.
	0x30, 0x29, 0x0a, 0x20, 0x20, 0x20, 0x20, 0x7b, 0x0a, 0x20, 0x20, 0x20, 0x20, 0x20, 0x20, 0x20, // 0).    {.       
	0x20, 0x66, 0x6c, 0x6f, 0x61, 0x74, 0x34, 0x20, 0x5f, 0x32, 0x31, 0x39, 0x39, 0x20, 0x3d, 0x20, //  float4 _2199 = 
	0x73, 0x5f, 0x63, 0x6f, 0x6c, 0x6f, 0x72, 0x54, 0x65, 0x78, 0x2e, 0x73, 0x61, 0x6d, 0x70, 0x6c, // s_colorTex.sampl
	0x65, 0x28, 0x73, 0x5f, 0x63, 0x6f, 0x6c, 0x6f, 0x72, 0x54, 0x65, 0x78, 0x53, 0x61, 0x6d, 0x70, // e(s_colorTexSamp
	0x6c, 0x65, 0x72, 0x2c, 0x20, 0x28, 0x69, 0x6e, 0x2e, 0x76, 0x5f, 0x42, 0x6c, 0x65, 0x6e, 0x64, // ler, (in.v_Blend
	0x5f, 0x46, 0x42, 0x4e, 0x65, 0x78, 0x74, 0x49, 0x6e, 0x64, 0x65, 0x78, 0x5f, 0x55, 0x56, 0x2e, // _FBNextIndex_UV.
	0x7a, 0x77, 0x20, 0x2b, 0x20, 0x5f, 0x31, 0x35, 0x30, 0x37, 0x29, 0x29, 0x3b, 0x0a, 0x20, 0x20, // zw + _1507));.  
	0x20, 0x20, 0x20, 0x20, 0x20, 0x20, 0x66, 0x6c, 0x6f, 0x61, 0x74, 0x34, 0x20, 0x5f, 0x33, 0x30, //       float4 _30
	0x36, 0x36, 0x3b, 0x0a, 0x20, 0x20, 0x20, 0x20, 0x20, 0x20, 0x20, 0x20, 0x69, 0x66, 0x20, 0x28, // 66;.        if (
	0x5f, 0x31, 0x34, 0x39, 0x30, 0x29, 0x0a, 0x20, 0x20, 0x20, 0x20, 0x20, 0x20, 0x20, 0x20, 0x7b, // _1490).        {
	0x0a, 0x20, 0x20, 0x20, 0x20, 0x20, 0x20, 0x20, 0x20, 0x20, 0x20, 0x20, 0x20, 0x66, 0x6c, 0x6f, // .            flo
	0x61, 0x74, 0x34, 0x20, 0x5f, 0x33, 0x30, 0x36, 0x35, 0x3b, 0x0a, 0x20, 0x20, 0x20, 0x20, 0x20, // at4 _3065;.     
	0x20, 0x20, 0x20, 0x20, 0x20, 0x20, 0x20, 0x64, 0x6f, 0x0a, 0x20, 0x20, 0x20, 0x20, 0x20, 0x20, //        do.      
	0x20, 0x20, 0x20, 0x20, 0x20, 0x20, 0x7b, 0x0a, 0x20, 0x20, 0x20, 0x20, 0x20, 0x20, 0x20, 0x20, //       {.        
	0x20, 0x20, 0x20, 0x20, 0x20, 0x20, 0x20, 0x20, 0x69, 0x66, 0x20, 0x28, 0x5f, 0x32, 0x30, 0x34, //         if (_204
	0x39, 0x29, 0x0a, 0x20, 0x20, 0x20, 0x20, 0x20, 0x20, 0x20, 0x20, 0x20, 0x20, 0x20, 0x20, 0x20, // 9).             
	0x20, 0x20, 0x20, 0x7b, 0x0a, 0x20, 0x20, 0x20, 0x20, 0x20, 0x20, 0x20, 0x20, 0x20, 0x20, 0x20, //    {.           
	0x20, 0x20, 0x20, 0x20, 0x20, 0x20, 0x20, 0x20, 0x20, 0x5f, 0x33, 0x30, 0x36, 0x35, 0x20, 0x3d, //          _3065 =
	0x20, 0x5f, 0x32, 0x31, 0x39, 0x39, 0x3b, 0x0a, 0x20, 0x20, 0x20, 0x20, 0x20, 0x20, 0x20, 0x20, //  _2199;.        
	0x20, 0x20, 0x20, 0x20, 0x20, 0x20, 0x20, 0x20, 0x20, 0x20, 0x20, 0x20, 0x62, 0x72, 0x65, 0x61, //             brea
	0x6b, 0x3b, 0x0a, 0x20, 0x20, 0x20, 0x20, 0x20, 0x20, 0x20, 0x20, 0x20, 0x20, 0x20, 0x20, 0x20, // k;.             
	0x20, 0x20, 0x20, 0x7d, 0x0a, 0x20, 0x20, 0x20, 0x20, 0x20, 0x20, 0x20, 0x20, 0x20, 0x20, 0x20, //    }.           
	0x20, 0x20, 0x20, 0x20, 0x20, 0x5f, 0x33, 0x30, 0x36, 0x35, 0x20, 0x3d, 0x20, 0x66, 0x6c, 0x6f, //      _3065 = flo
	0x61, 0x74, 0x34, 0x28, 0x66, 0x61, 0x73, 0x74, 0x3a, 0x3a, 0x6d, 0x61, 0x78, 0x28, 0x28, 0x70, // at4(fast::max((p
	0x6f, 0x77, 0x72, 0x28, 0x66, 0x61, 0x73, 0x74, 0x3a, 0x3a, 0x6d, 0x61, 0x78, 0x28, 0x61, 0x62, // owr(fast::max(ab
	0x73, 0x28, 0x5f, 0x32, 0x31, 0x39, 0x39, 0x2e, 0x78, 0x79, 0x7a, 0x29, 0x2c, 0x20, 0x66, 0x6c, // s(_2199.xyz), fl
	0x6f, 0x61, 0x74, 0x33, 0x28, 0x31, 0x2e, 0x31, 0x39, 0x32, 0x30, 0x39, 0x32, 0x38, 0x39, 0x35, // oat3(1.192092895
	0x35, 0x30, 0x37, 0x38, 0x31, 0x32, 0x35, 0x65, 0x2d, 0x30, 0x37, 0x29, 0x29, 0x2c, 0x20, 0x66, // 5078125e-07)), f
	0x6c, 0x6f, 0x61, 0x74, 0x33, 0x28, 0x30, 0x2e, 0x34, 0x31, 0x36, 0x36, 0x36, 0x36, 0x36, 0x35, // loat3(0.41666665
	0x36, 0x37, 0x33, 0x32, 0x35, 0x35, 0x39, 0x32, 0x30, 0x34, 0x31, 0x30, 0x31, 0x35, 0x36, 0x32, // 6732559204101562
	0x35, 0x29, 0x29, 0x20, 0x2a, 0x20, 0x31, 0x2e, 0x30, 0x35, 0x34, 0x39, 0x39, 0x39, 0x39, 0x34, // 5)) * 1.05499994
	0x37, 0x35, 0x34, 0x37, 0x39, 0x31, 0x32, 0x35, 0x39, 0x37, 0x36, 0x35, 0x36, 0x32, 0x35, 0x29, // 754791259765625)
	0x20, 0x2d, 0x20, 0x66, 0x6c, 0x6f, 0x61, 0x74, 0x33, 0x28, 0x30, 0x2e, 0x30, 0x35, 0x34, 0x39, //  - float3(0.0549
	0x39, 0x39, 0x39, 0x39, 0x39, 0x37, 0x30, 0x31, 0x39, 0x37, 0x36, 0x37, 0x37, 0x36, 0x31, 0x32, // 9999970197677612
	0x33, 0x30, 0x34, 0x36, 0x38, 0x37, 0x35, 0x29, 0x2c, 0x20, 0x66, 0x6c, 0x6f, 0x61, 0x74, 0x33, // 3046875), float3
	0x28, 0x30, 0x2e, 0x30, 0x29, 0x29, 0x2c, 0x20, 0x5f, 0x32, 0x31, 0x39, 0x39, 0x2e, 0x77, 0x29, // (0.0)), _2199.w)
	0x3b, 0x0a, 0x20, 0x20, 0x20, 0x20, 0x20, 0x20, 0x20, 0x20, 0x20, 0x20, 0x20, 0x20, 0x20, 0x20, // ;.              
	0x20, 0x20, 0x62, 0x72, 0x65, 0x61, 0x6b, 0x3b, 0x0a, 0x20, 0x20, 0x20, 0x20, 0x20, 0x20, 0x20, //   break;.       
	0x20, 0x20, 0x20, 0x20, 0x20, 0x7d, 0x20, 0x77, 0x68, 0x69, 0x6c, 0x65, 0x28, 0x66, 0x61, 0x6c, //      } while(fal
	0x73, 0x65, 0x29, 0x3b, 0x0a, 0x20, 0x20, 0x20, 0x20, 0x20, 0x20, 0x20, 0x20, 0x20, 0x20, 0x20, // se);.           
	0x20, 0x5f, 0x33, 0x30, 0x36, 0x36, 0x20, 0x3d, 0x20, 0x5f, 0x33, 0x30, 0x36, 0x35, 0x3b, 0x0a, //  _3066 = _3065;.
	0x20, 0x20, 0x20, 0x20, 0x20, 0x20, 0x20, 0x20, 0x7d, 0x0a, 0x20, 0x20, 0x20, 0x20, 0x20, 0x20, //         }.      
	0x20, 0x20, 0x65, 0x6c, 0x73, 0x65, 0x0a, 0x20, 0x20, 0x20, 0x20, 0x20, 0x20, 0x20, 0x20, 0x7b, //   else.        {
	0x0a, 0x20, 0x20, 0x20, 0x20, 0x20, 0x20, 0x20, 0x20, 0x20, 0x20, 0x20, 0x20, 0x5f, 0x33, 0x30, // .            _30
	0x36, 0x36, 0x20, 0x3d, 0x20, 0x5f, 0x32, 0x31, 0x39, 0x39, 0x3b, 0x0a, 0x20, 0x20, 0x20, 0x20, // 66 = _2199;.    
	0x20, 0x20, 0x20, 0x20, 0x7d, 0x0a, 0x20, 0x20, 0x20, 0x20, 0x20, 0x20, 0x20, 0x20, 0x66, 0x6c, //     }.        fl
	0x6f, 0x61, 0x74, 0x34, 0x20, 0x5f, 0x33, 0x30, 0x37, 0x30, 0x3b, 0x0a, 0x20, 0x20, 0x20, 0x20, // oat4 _3070;.    
	0x20, 0x20, 0x20, 0x20, 0x69, 0x66, 0x20, 0x28, 0x5f, 0x6d, 0x74, 0x6c, 0x5f, 0x75, 0x2e, 0x75, //     if (_mtl_u.u
	0x5f, 0x66, 0x73, 0x66, 0x46, 0x6c, 0x69, 0x70, 0x62, 0x6f, 0x6f, 0x6b, 0x50, 0x61, 0x72, 0x61, // _fsfFlipbookPara
	0x6d, 0x65, 0x74, 0x65, 0x72, 0x2e, 0x79, 0x20, 0x3d, 0x3d, 0x20, 0x31, 0x2e, 0x30, 0x29, 0x0a, // meter.y == 1.0).
	0x20, 0x20, 0x20, 0x20, 0x20, 0x20, 0x20, 0x20, 0x7b, 0x0a, 0x20, 0x20, 0x20, 0x20, 0x20, 0x20, //         {.      
	0x20, 0x20, 0x20, 0x20, 0x20, 0x20, 0x5f, 0x33, 0x30, 0x37, 0x30, 0x20, 0x3d, 0x20, 0x6d, 0x69, //       _3070 = mi
	0x78, 0x28, 0x5f, 0x31, 0x35, 0x32, 0x31, 0x2c, 0x20, 0x5f, 0x33, 0x30, 0x36, 0x36, 0x20, 0x2a, // x(_1521, _3066 *
	0x20, 0x69, 0x6e, 0x2e, 0x76, 0x5f, 0x43, 0x6f, 0x6c, 0x6f, 0x72, 0x2c, 0x20, 0x66, 0x6c, 0x6f, //  in.v_Color, flo
	0x61, 0x74, 0x34, 0x28, 0x69, 0x6e, 0x2e, 0x76, 0x5f, 0x55, 0x56, 0x5f, 0x4f, 0x74, 0x68, 0x65, // at4(in.v_UV_Othe
	0x72, 0x73, 0x2e, 0x7a, 0x29, 0x29, 0x3b, 0x0a, 0x20, 0x20, 0x20, 0x20, 0x20, 0x20, 0x20, 0x20, // rs.z));.        
	0x7d, 0x0a, 0x20, 0x20, 0x20, 0x20, 0x20, 0x20, 0x20, 0x20, 0x65, 0x6c, 0x73, 0x65, 0x0a, 0x20, // }.        else. 
	0x20, 0x20, 0x20, 0x20, 0x20, 0x20, 0x20, 0x7b, 0x0a, 0x20, 0x20, 0x20, 0x20, 0x20, 0x20, 0x20, //        {.       
	0x20, 0x20, 0x20, 0x20, 0x20, 0x5f, 0x33, 0x30, 0x37, 0x30, 0x20, 0x3d, 0x20, 0x5f, 0x31, 0x35, //      _3070 = _15
	0x32, 0x31, 0x3b, 0x0a, 0x20, 0x20, 0x20, 0x20, 0x20, 0x20, 0x20, 0x20, 0x7d, 0x0a, 0x20, 0x20, // 21;.        }.  
	0x20, 0x20, 0x20, 0x20, 0x20, 0x20, 0x5f, 0x33, 0x30, 0x36, 0x39, 0x20, 0x3d, 0x20, 0x5f, 0x33, //       _3069 = _3
	0x30, 0x37, 0x30, 0x3b, 0x0a, 0x20, 0x20, 0x20, 0x20, 0x7d, 0x0a, 0x20, 0x20, 0x20, 0x20, 0x65, // 070;.    }.    e
	0x6c, 0x73, 0x65, 0x0a, 0x20, 0x20, 0x20, 0x20, 0x7b, 0x0a, 0x20, 0x20, 0x20, 0x20, 0x20, 0x20, // lse.    {.      
	0x20, 0x20, 0x5f, 0x33, 0x30, 0x36, 0x39, 0x20, 0x3d, 0x20, 0x5f, 0x31, 0x35, 0x32, 0x31, 0x3b, //   _3069 = _1521;
	0x0a, 0x20, 0x20, 0x20, 0x20, 0x7d, 0x0a, 0x20, 0x20, 0x20, 0x20, 0x66, 0x6c, 0x6f, 0x61, 0x74, // .    }.    float
	0x34, 0x20, 0x5f, 0x32, 0x32, 0x39, 0x33, 0x20, 0x3d, 0x20, 0x73, 0x5f, 0x61, 0x6c, 0x70, 0x68, // 4 _2293 = s_alph
	0x61, 0x54, 0x65, 0x78, 0x2e, 0x73, 0x61, 0x6d, 0x70, 0x6c, 0x65, 0x28, 0x73, 0x5f, 0x61, 0x6c, // aTex.sample(s_al
	0x70, 0x68, 0x61, 0x54, 0x65, 0x78, 0x53, 0x61, 0x6d, 0x70, 0x6c, 0x65, 0x72, 0x2c, 0x20, 0x28, // phaTexSampler, (
	0x69, 0x6e, 0x2e, 0x76, 0x5f, 0x41, 0x6c, 0x70, 0x68, 0x61, 0x5f, 0x44, 0x69, 0x73, 0x74, 0x5f, // in.v_Alpha_Dist_
	0x55, 0x56, 0x2e, 0x78, 0x79, 0x20, 0x2b, 0x20, 0x5f, 0x31, 0x35, 0x30, 0x37, 0x29, 0x29, 0x3b, // UV.xy + _1507));
	0x0a, 0x20, 0x20, 0x20, 0x20, 0x66, 0x6c, 0x6f, 0x61, 0x74, 0x34, 0x20, 0x5f, 0x33, 0x30, 0x37, // .    float4 _307
	0x31, 0x3b, 0x0a, 0x20, 0x20, 0x20, 0x20, 0x64, 0x6f, 0x0a, 0x20, 0x20, 0x20, 0x20, 0x7b, 0x0a, // 1;.    do.    {.
	0x20, 0x20, 0x20, 0x20, 0x20, 0x20, 0x20, 0x20, 0x69, 0x66, 0x20, 0x28, 0x5f, 0x32, 0x30, 0x34, //         if (_204
	0x39, 0x29, 0x0a, 0x20, 0x20, 0x20, 0x20, 0x20, 0x20, 0x20, 0x20, 0x7b, 0x0a, 0x20, 0x20, 0x20, // 9).        {.   
	0x20, 0x20, 0x20, 0x20, 0x20, 0x20, 0x20, 0x20, 0x20, 0x5f, 0x33, 0x30, 0x37, 0x31, 0x20, 0x3d, //          _3071 =
	0x20, 0x5f, 0x32, 0x32, 0x39, 0x33, 0x3b, 0x0a, 0x20, 0x20, 0x20, 0x20, 0x20, 0x20, 0x20, 0x20, //  _2293;.        
	0x20, 0x20, 0x20, 0x20, 0x62, 0x72, 0x65, 0x61, 0x6b, 0x3b, 0x0a, 0x20, 0x20, 0x20, 0x20, 0x20, //     break;.     
	0x20, 0x20, 0x20, 0x7d, 0x0a, 0x20, 0x20, 0x20, 0x20, 0x20, 0x20, 0x20, 0x20, 0x5f, 0x33, 0x30, //    }.        _30
	0x37, 0x31, 0x20, 0x3d, 0x20, 0x66, 0x6c, 0x6f, 0x61, 0x74, 0x34, 0x28, 0x66, 0x61, 0x73, 0x74, // 71 = float4(fast
	0x3a, 0x3a, 0x6d, 0x61, 0x78, 0x28, 0x28, 0x70, 0x6f, 0x77, 0x72, 0x28, 0x66, 0x61, 0x73, 0x74, // ::max((powr(fast
	0x3a, 0x3a, 0x6d, 0x61, 0x78, 0x28, 0x61, 0x62, 0x73, 0x28, 0x5f, 0x32, 0x32, 0x39, 0x33, 0x2e, // ::max(abs(_2293.
	0x78, 0x79, 0x7a, 0x29, 0x2c, 0x20, 0x66, 0x6c, 0x6f, 0x61, 0x74, 0x33, 0x28, 0x31, 0x2e, 0x31, // xyz), float3(1.1
	0x39, 0x32, 0x30, 0x39, 0x32, 0x38, 0x39, 0x35, 0x35, 0x30, 0x37, 0x38, 0x31, 0x32, 0x35, 0x65, // 920928955078125e
	0x2d, 0x30, 0x37, 0x29, 0x29, 0x2c, 0x20, 0x66, 0x6c, 0x6f, 0x61, 0x74, 0x33, 0x28, 0x30, 0x2e, // -07)), float3(0.
	0x34, 0x31, 0x36, 0x36, 0x36, 0x36, 0x36, 0x35, 0x36, 0x37, 0x33, 0x32, 0x35, 0x35, 0x39, 0x32, // 4166666567325592
	0x30, 0x34, 0x31, 0x30, 0x31, 0x35, 0x36, 0x32, 0x35, 0x29, 0x29, 0x20, 0x2a, 0x20, 0x31, 0x2e, // 041015625)) * 1.
	0x30, 0x35, 0x34, 0x39, 0x39, 0x39, 0x39, 0x34, 0x37, 0x35, 0x34, 0x37, 0x39, 0x31, 0x32, 0x35, // 0549999475479125
	0x39, 0x37, 0x36, 0x35, 0x36, 0x32, 0x35, 0x29, 0x20, 0x2d, 0x20, 0x66, 0x6c, 0x6f, 0x61, 0x74, // 9765625) - float
	0x33, 0x28, 0x30, 0x2e, 0x30, 0x35, 0x34, 0x39, 0x39, 0x39, 0x39, 0x39, 0x39, 0x37, 0x30, 0x31, // 3(0.054999999701
	0x39, 0x37, 0x36, 0x37, 0x37, 0x36, 0x31, 0x32, 0x33, 0x30, 0x34, 0x36, 0x38, 0x37, 0x35, 0x29, // 976776123046875)
	0x2c, 0x20, 0x66, 0x6c, 0x6f, 0x61, 0x74, 0x33, 0x28, 0x30, 0x2e, 0x30, 0x29, 0x29, 0x2e, 0x78, // , float3(0.0)).x
	0x2c, 0x20, 0x5f, 0x33, 0x32, 0x37, 0x30, 0x2c, 0x20, 0x5f, 0x33, 0x32, 0x37, 0x30, 0x2c, 0x20, // , _3270, _3270, 
	0x5f, 0x32, 0x32, 0x39, 0x33, 0x2e, 0x77, 0x29, 0x3b, 0x0a, 0x20, 0x20, 0x20, 0x20, 0x20, 0x20, // _2293.w);.      
	0x20, 0x20, 0x62, 0x72, 0x65, 0x61, 0x6b, 0x3b, 0x0a, 0x20, 0x20, 0x20, 0x20, 0x7d, 0x20, 0x77, //   break;.    } w
	0x68, 0x69, 0x6c, 0x65, 0x28, 0x66, 0x61, 0x6c, 0x73, 0x65, 0x29, 0x3b, 0x0a, 0x20, 0x20, 0x20, // hile(false);.   
	0x20, 0x66, 0x6c, 0x6f, 0x61, 0x74, 0x20, 0x5f, 0x31, 0x35, 0x37, 0x38, 0x20, 0x3d, 0x20, 0x5f, //  float _1578 = _
	0x33, 0x30, 0x36, 0x39, 0x2e, 0x77, 0x20, 0x2a, 0x20, 0x28, 0x5f, 0x33, 0x30, 0x37, 0x31, 0x2e, // 3069.w * (_3071.
	0x78, 0x20, 0x2a, 0x20, 0x5f, 0x33, 0x30, 0x37, 0x31, 0x2e, 0x77, 0x29, 0x3b, 0x0a, 0x20, 0x20, // x * _3071.w);.  
	0x20, 0x20, 0x66, 0x6c, 0x6f, 0x61, 0x74, 0x34, 0x20, 0x5f, 0x33, 0x31, 0x30, 0x36, 0x20, 0x3d, //   float4 _3106 =
	0x20, 0x5f, 0x33, 0x30, 0x36, 0x39, 0x3b, 0x0a, 0x20, 0x20, 0x20, 0x20, 0x5f, 0x33, 0x31, 0x30, //  _3069;.    _310
	0x36, 0x2e, 0x77, 0x20, 0x3d, 0x20, 0x5f, 0x31, 0x35, 0x37, 0x38, 0x3b, 0x0a, 0x20, 0x20, 0x20, // 6.w = _1578;.   
	0x20, 0x66, 0x6c, 0x6f, 0x61, 0x74, 0x34, 0x20, 0x5f, 0x32, 0x34, 0x31, 0x38, 0x20, 0x3d, 0x20, //  float4 _2418 = 
	0x73, 0x5f, 0x62, 0x6c, 0x65, 0x6e, 0x64, 0x55, 0x56, 0x44, 0x69, 0x73, 0x74, 0x6f, 0x72, 0x74, // s_blendUVDistort
	0x69, 0x6f, 0x6e, 0x54, 0x65, 0x78, 0x2e, 0x73, 0x61, 0x6d, 0x70, 0x6c, 0x65, 0x28, 0x73, 0x5f, // ionTex.sample(s_
	0x62, 0x6c, 0x65, 0x6e, 0x64, 0x55, 0x56, 0x44, 0x69, 0x73, 0x74, 0x6f, 0x72, 0x74, 0x69, 0x6f, // blendUVDistortio
	0x6e, 0x54, 0x65, 0x78, 0x53, 0x61, 0x6d, 0x70, 0x6c, 0x65, 0x72, 0x2c, 0x20, 0x69, 0x6e, 0x2e, // nTexSampler, in.
	0x76, 0x5f, 0x42, 0x6c, 0x65, 0x6e, 0x64, 0x5f, 0x41, 0x6c, 0x70, 0x68, 0x61, 0x5f, 0x44, 0x69, // v_Blend_Alpha_Di
	0x73, 0x74, 0x5f, 0x55, 0x56, 0x2e, 0x7a, 0x77, 0x29, 0x3b, 0x0a, 0x20, 0x20, 0x20, 0x20, 0x66, // st_UV.zw);.    f
	0x6c, 0x6f, 0x61, 0x74, 0x34, 0x20, 0x5f, 0x33, 0x30, 0x37, 0x33, 0x3b, 0x0a, 0x20, 0x20, 0x20, // loat4 _3073;.   
	0x20, 0x69, 0x66, 0x20, 0x28, 0x5f, 0x31, 0x34, 0x39, 0x30, 0x29, 0x0a, 0x20, 0x20, 0x20, 0x20, //  if (_1490).    
	0x7b, 0x0a, 0x20, 0x20, 0x20, 0x20, 0x20, 0x20, 0x20, 0x20, 0x66, 0x6c, 0x6f, 0x61, 0x74, 0x34, // {.        float4
	0x20, 0x5f, 0x33, 0x30, 0x37, 0x32, 0x3b, 0x0a, 0x20, 0x20, 0x20, 0x20, 0x20, 0x20, 0x20, 0x20, //  _3072;.        
	0x64, 0x6f, 0x0a, 0x20, 0x20, 0x20, 0x20, 0x20, 0x20, 0x20, 0x20, 0x7b, 0x0a, 0x20, 0x20, 0x20, // do.        {.   
	0x20, 0x20, 0x20, 0x20, 0x20, 0x20, 0x20, 0x20, 0x20, 0x69, 0x66, 0x20, 0x28, 0x5f, 0x32, 0x30, //          if (_20
	0x34, 0x39, 0x29, 0x0a, 0x20, 0x20, 0x20, 0x20, 0x20, 0x20, 0x20, 0x20, 0x20, 0x20, 0x20, 0x20, // 49).            
	0x7b, 0x0a, 0x20, 0x20, 0x20, 0x20, 0x20, 0x20, 0x20, 0x20, 0x20, 0x20, 0x20, 0x20, 0x20, 0x20, // {.              
	0x20, 0x20, 0x5f, 0x33, 0x30, 0x37, 0x32, 0x20, 0x3d, 0x20, 0x5f, 0x32, 0x34, 0x31, 0x38, 0x3b, //   _3072 = _2418;
	0x0a, 0x20, 0x20, 0x20, 0x20, 0x20, 0x20, 0x20, 0x20, 0x20, 0x20, 0x20, 0x20, 0x20, 0x20, 0x20, // .               
	0x20, 0x62, 0x72, 0x65, 0x61, 0x6b, 0x3b, 0x0a, 0x20, 0x20, 0x20, 0x20, 0x20, 0x20, 0x20, 0x20, //  break;.        
	0x20, 0x20, 0x20, 0x20, 0x7d, 0x0a, 0x20, 0x20, 0x20, 0x20, 0x20, 0x20, 0x20, 0x20, 0x20, 0x20, //     }.          
	0x20, 0x20, 0x5f, 0x33, 0x30, 0x37, 0x32, 0x20, 0x3d, 0x20, 0x66, 0x6c, 0x6f, 0x61, 0x74, 0x34, //   _3072 = float4
	0x28, 0x66, 0x61, 0x73, 0x74, 0x3a, 0x3a, 0x6d, 0x61, 0x78, 0x28, 0x28, 0x70, 0x6f, 0x77, 0x72, // (fast::max((powr
	0x28, 0x66, 0x61, 0x73, 0x74, 0x3a, 0x3a, 0x6d, 0x61, 0x78, 0x28, 0x61, 0x62, 0x73, 0x28, 0x5f, // (fast::max(abs(_
	0x32, 0x34, 0x31, 0x38, 0x2e, 0x78, 0x79, 0x7a, 0x29, 0x2c, 0x20, 0x66, 0x6c, 0x6f, 0x61, 0x74, // 2418.xyz), float
	0x33, 0x28, 0x31, 0x2e, 0x31, 0x39, 0x32, 0x30, 0x39, 0x32, 0x38, 0x39, 0x35, 0x35, 0x30, 0x37, // 3(1.192092895507
	0x38, 0x31, 0x32, 0x35, 0x65, 0x2d, 0x30, 0x37, 0x29, 0x29, 0x2c, 0x20, 0x66, 0x6c, 0x6f, 0x61, // 8125e-07)), floa
	0x74, 0x33, 0x28, 0x30, 0x2e, 0x34, 0x31, 0x36, 0x36, 0x36, 0x36, 0x36, 0x35, 0x36, 0x37, 0x33, // t3(0.41666665673
	0x32, 0x35, 0x35, 0x39, 0x32, 0x30, 0x34, 0x31, 0x30, 0x31, 0x35, 0x36, 0x32, 0x35, 0x29, 0x29, // 25592041015625))
	0x20, 0x2a, 0x20, 0x31, 0x2e, 0x30, 0x35, 0x34, 0x39, 0x39, 0x39, 0x39, 0x34, 0x37, 0x35, 0x34, //  * 1.05499994754
	0x37, 0x39, 0x31, 0x32, 0x35, 0x39, 0x37, 0x36, 0x35, 0x36, 0x32, 0x35, 0x29, 0x20, 0x2d, 0x20, // 791259765625) - 
	0x66, 0x6c, 0x6f, 0x61, 0x74, 0x33, 0x28, 0x30, 0x2e, 0x30, 0x35, 0x34, 0x39, 0x39, 0x39, 0x39, // float3(0.0549999
	0x39, 0x39, 0x37, 0x30, 0x31, 0x39, 0x37, 0x36, 0x37, 0x37, 0x36, 0x31, 0x32, 0x33, 0x30, 0x34, // 9970197677612304
	0x36, 0x38, 0x37, 0x35, 0x29, 0x2c, 0x20, 0x66, 0x6c, 0x6f, 0x61, 0x74, 0x33, 0x28, 0x30, 0x2e, // 6875), float3(0.
	0x30, 0x29, 0x29, 0x2e, 0x78, 0x79, 0x2c, 0x20, 0x5f, 0x33, 0x30, 0x38, 0x38, 0x2c, 0x20, 0x5f, // 0)).xy, _3088, _
	0x33, 0x30, 0x38, 0x38, 0x29, 0x3b, 0x0a, 0x20, 0x20, 0x20, 0x20, 0x20, 0x20, 0x20, 0x20, 0x20, // 3088);.         
	0x20, 0x20, 0x20, 0x62, 0x72, 0x65, 0x61, 0x6b, 0x3b, 0x0a, 0x20, 0x20, 0x20, 0x20, 0x20, 0x20, //    break;.      
	0x20, 0x20, 0x7d, 0x20, 0x77, 0x68, 0x69, 0x6c, 0x65, 0x28, 0x66, 0x61, 0x6c, 0x73, 0x65, 0x29, //   } while(false)
	0x3b, 0x0a, 0x20, 0x20, 0x20, 0x20, 0x20, 0x20, 0x20, 0x20, 0x5f, 0x33, 0x30, 0x37, 0x33, 0x20, // ;.        _3073 
	0x3d, 0x20, 0x5f, 0x33, 0x30, 0x37, 0x32, 0x3b, 0x0a, 0x20, 0x20, 0x20, 0x20, 0x7d, 0x0a, 0x20, // = _3072;.    }. 
	0x20, 0x20, 0x20, 0x65, 0x6c, 0x73, 0x65, 0x0a, 0x20, 0x20, 0x20, 0x20, 0x7b, 0x0a, 0x20, 0x20, //    else.    {.  
	0x20, 0x20, 0x20, 0x20, 0x20, 0x20, 0x5f, 0x33, 0x30, 0x37, 0x33, 0x20, 0x3d, 0x20, 0x5f, 0x32, //       _3073 = _2
	0x34, 0x31, 0x38, 0x3b, 0x0a, 0x20, 0x20, 0x20, 0x20, 0x7d, 0x0a, 0x20, 0x20, 0x20, 0x20, 0x66, // 418;.    }.    f
	0x6c, 0x6f, 0x61, 0x74, 0x32, 0x20, 0x5f, 0x32, 0x33, 0x39, 0x35, 0x20, 0x3d, 0x20, 0x28, 0x5f, // loat2 _2395 = (_
	0x33, 0x30, 0x37, 0x33, 0x2e, 0x78, 0x79, 0x20, 0x2a, 0x20, 0x32, 0x2e, 0x30, 0x29, 0x20, 0x2d, // 3073.xy * 2.0) -
	0x20, 0x66, 0x6c, 0x6f, 0x61, 0x74, 0x32, 0x28, 0x31, 0x2e, 0x30, 0x29, 0x3b, 0x0a, 0x20, 0x20, //  float2(1.0);.  
	0x20, 0x20, 0x5f, 0x32, 0x33, 0x39, 0x35, 0x2e, 0x79, 0x20, 0x3d, 0x20, 0x5f, 0x6d, 0x74, 0x6c, //   _2395.y = _mtl
	0x5f, 0x75, 0x2e, 0x75, 0x5f, 0x66, 0x73, 0x66, 0x55, 0x56, 0x44, 0x69, 0x73, 0x74, 0x6f, 0x72, // _u.u_fsfUVDistor
	0x74, 0x69, 0x6f, 0x6e, 0x50, 0x61, 0x72, 0x61, 0x6d, 0x65, 0x74, 0x65, 0x72, 0x2e, 0x7a, 0x20, // tionParameter.z 
	0x2b, 0x20, 0x28, 0x5f, 0x6d, 0x74, 0x6c, 0x5f, 0x75, 0x2e, 0x75, 0x5f, 0x66, 0x73, 0x66, 0x55, // + (_mtl_u.u_fsfU
	0x56, 0x44, 0x69, 0x73, 0x74, 0x6f, 0x72, 0x74, 0x69, 0x6f, 0x6e, 0x50, 0x61, 0x72, 0x61, 0x6d, // VDistortionParam
	0x65, 0x74, 0x65, 0x72, 0x2e, 0x77, 0x20, 0x2a, 0x20, 0x28, 0x5f, 0x32, 0x33, 0x39, 0x35, 0x2e, // eter.w * (_2395.
	0x79, 0x20, 0x2a, 0x20, 0x28, 0x2d, 0x31, 0x2e, 0x30, 0x29, 0x29, 0x29, 0x3b, 0x0a, 0x20, 0x20, // y * (-1.0)));.  
	0x20, 0x20, 0x66, 0x6c, 0x6f, 0x61, 0x74, 0x32, 0x20, 0x5f, 0x31, 0x35, 0x39, 0x33, 0x20, 0x3d, //   float2 _1593 =
	0x20, 0x5f, 0x32, 0x33, 0x39, 0x35, 0x20, 0x2a, 0x20, 0x5f, 0x6d, 0x74, 0x6c, 0x5f, 0x75, 0x2e, //  _2395 * _mtl_u.
	0x75, 0x5f, 0x66, 0x73, 0x66, 0x55, 0x56, 0x44, 0x69, 0x73, 0x74, 0x6f, 0x72, 0x74, 0x69, 0x6f, // u_fsfUVDistortio
	0x6e, 0x50, 0x61, 0x72, 0x61, 0x6d, 0x65, 0x74, 0x65, 0x72, 0x2e, 0x79, 0x3b, 0x0a, 0x20, 0x20, // nParameter.y;.  
	0x20, 0x20, 0x66, 0x6c, 0x6f, 0x61, 0x74, 0x34, 0x20, 0x5f, 0x32, 0x35, 0x30, 0x36, 0x20, 0x3d, //   float4 _2506 =
	0x20, 0x73, 0x5f, 0x62, 0x6c, 0x65, 0x6e, 0x64, 0x54, 0x65, 0x78, 0x2e, 0x73, 0x61, 0x6d, 0x70, //  s_blendTex.samp
	0x6c, 0x65, 0x28, 0x73, 0x5f, 0x62, 0x6c, 0x65, 0x6e, 0x64, 0x54, 0x65, 0x78, 0x53, 0x61, 0x6d, // le(s_blendTexSam
	0x70, 0x6c, 0x65, 0x72, 0x2c, 0x20, 0x28, 0x69, 0x6e, 0x2e, 0x76, 0x5f, 0x42, 0x6c, 0x65, 0x6e, // pler, (in.v_Blen
	0x64, 0x5f, 0x46, 0x42, 0x4e, 0x65, 0x78, 0x74, 0x49, 0x6e, 0x64, 0x65, 0x78, 0x5f, 0x55, 0x56, // d_FBNextIndex_UV
	0x2e, 0x78, 0x79, 0x20, 0x2b, 0x20, 0x5f, 0x31, 0x35, 0x39, 0x33, 0x29, 0x29, 0x3b, 0x0a, 0x20, // .xy + _1593));. 
	0x20, 0x20, 0x20, 0x66, 0x6c, 0x6f, 0x61, 0x74, 0x34, 0x20, 0x5f, 0x33, 0x30, 0x37, 0x34, 0x3b, //    float4 _3074;
	0x0a, 0x20, 0x20, 0x20, 0x20, 0x64, 0x6f, 0x0a, 0x20, 0x20, 0x20, 0x20, 0x7b, 0x0a, 0x20, 0x20, // .    do.    {.  
	0x20, 0x20, 0x20, 0x20, 0x20, 0x20, 0x69, 0x66, 0x20, 0x28, 0x5f, 0x32, 0x30, 0x34, 0x39, 0x29, //       if (_2049)
	0x0a, 0x20, 0x20, 0x20, 0x20, 0x20, 0x20, 0x20, 0x20, 0x7b, 0x0a, 0x20, 0x20, 0x20, 0x20, 0x20, // .        {.     
	0x20, 0x20, 0x20, 0x20, 0x20, 0x20, 0x20, 0x5f, 0x33, 0x30, 0x37, 0x34, 0x20, 0x3d, 0x20, 0x5f, //        _3074 = _
	0x32, 0x35, 0x30, 0x36, 0x3b, 0x0a, 0x20, 0x20, 0x20, 0x20, 0x20, 0x20, 0x20, 0x20, 0x20, 0x20, // 2506;.          
	0x20, 0x20, 0x62, 0x72, 0x65, 0x61, 0x6b, 0x3b, 0x0a, 0x20, 0x20, 0x20, 0x20, 0x20, 0x20, 0x20, //   break;.       
	0x20, 0x7d, 0x0a, 0x20, 0x20, 0x20, 0x20, 0x20, 0x20, 0x20, 0x20, 0x5f, 0x33, 0x30, 0x37, 0x34, //  }.        _3074
	0x20, 0x3d, 0x20, 0x66, 0x6c, 0x6f, 0x61, 0x74, 0x34, 0x28, 0x66, 0x61, 0x73, 0x74, 0x3a, 0x3a, //  = float4(fast::
	0x6d, 0x61, 0x78, 0x28, 0x28, 0x70, 0x6f, 0x77, 0x72, 0x28, 0x66, 0x61, 0x73, 0x74, 0x3a, 0x3a, // max((powr(fast::
	0x6d, 0x61, 0x78, 0x28, 0x61, 0x62, 0x73, 0x28, 0x5f, 0x32, 0x35, 0x30, 0x36, 0x2e, 0x78, 0x79, // max(abs(_2506.xy
	0x7a, 0x29, 0x2c, 0x20, 0x66, 0x6c, 0x6f, 0x61, 0x74, 0x33, 0x28, 0x31, 0x2e, 0x31, 0x39, 0x32, // z), float3(1.192
	0x30, 0x39, 0x32, 0x38, 0x39, 0x35, 0x35, 0x30, 0x37, 0x38, 0x31, 0x32, 0x35, 0x65, 0x2d, 0x30, // 0928955078125e-0
	0x37, 0x29, 0x29, 0x2c, 0x20, 0x66, 0x6c, 0x6f, 0x61, 0x74, 0x33, 0x28, 0x30, 0x2e, 0x34, 0x31, // 7)), float3(0.41
	0x36, 0x36, 0x36, 0x36, 0x36, 0x35, 0x36, 0x37, 0x33, 0x32, 0x35, 0x35, 0x39, 0x32, 0x30, 0x34, // 6666656732559204
	0x31, 0x30, 0x31, 0x35, 0x36, 0x32, 0x35, 0x29, 0x29, 0x20, 0x2a, 0x20, 0x31, 0x2e, 0x30, 0x35, // 1015625)) * 1.05
	0x34, 0x39, 0x39, 0x39, 0x39, 0x34, 0x37, 0x35, 0x34, 0x37, 0x39, 0x31, 0x32, 0x35, 0x39, 0x37, // 4999947547912597
	0x36, 0x35, 0x36, 0x32, 0x35, 0x29, 0x20, 0x2d, 0x20, 0x66, 0x6c, 0x6f, 0x61, 0x74, 0x33, 0x28, // 65625) - float3(
	0x30, 0x2e, 0x30, 0x35, 0x34, 0x39, 0x39, 0x39, 0x39, 0x39, 0x39, 0x37, 0x30, 0x31, 0x39, 0x37, // 0.05499999970197
	0x36, 0x37, 0x37, 0x36, 0x31, 0x32, 0x33, 0x30, 0x34, 0x36, 0x38, 0x37, 0x35, 0x29, 0x2c, 0x20, // 6776123046875), 
	0x66, 0x6c, 0x6f, 0x61, 0x74, 0x33, 0x28, 0x30, 0x2e, 0x30, 0x29, 0x29, 0x2c, 0x20, 0x5f, 0x32, // float3(0.0)), _2
	0x35, 0x30, 0x36, 0x2e, 0x77, 0x29, 0x3b, 0x0a, 0x20, 0x20, 0x20, 0x20, 0x20, 0x20, 0x20, 0x20, // 506.w);.        
	0x62, 0x72, 0x65, 0x61, 0x6b, 0x3b, 0x0a, 0x20, 0x20, 0x20, 0x20, 0x7d, 0x20, 0x77, 0x68, 0x69, // break;.    } whi
	0x6c, 0x65, 0x28, 0x66, 0x61, 0x6c, 0x73, 0x65, 0x29, 0x3b, 0x0a, 0x20, 0x20, 0x20, 0x20, 0x66, // le(false);.    f
	0x6c, 0x6f, 0x61, 0x74, 0x34, 0x20, 0x5f, 0x32, 0x35, 0x39, 0x30, 0x20, 0x3d, 0x20, 0x73, 0x5f, // loat4 _2590 = s_
	0x62, 0x6c, 0x65, 0x6e, 0x64, 0x41, 0x6c, 0x70, 0x68, 0x61, 0x54, 0x65, 0x78, 0x2e, 0x73, 0x61, // blendAlphaTex.sa
	0x6d, 0x70, 0x6c, 0x65, 0x28, 0x73, 0x5f, 0x62, 0x6c, 0x65, 0x6e, 0x64, 0x41, 0x6c, 0x70, 0x68, // mple(s_blendAlph
	0x61, 0x54, 0x65, 0x78, 0x53, 0x61, 0x6d, 0x70, 0x6c, 0x65, 0x72, 0x2c, 0x20, 0x28, 0x69, 0x6e, // aTexSampler, (in
	0x2e, 0x76, 0x5f, 0x42, 0x6c, 0x65, 0x6e, 0x64, 0x5f, 0x41, 0x6c, 0x70, 0x68, 0x61, 0x5f, 0x44, // .v_Blend_Alpha_D
	0x69, 0x73, 0x74, 0x5f, 0x55, 0x56, 0x2e, 0x78, 0x79, 0x20, 0x2b, 0x20, 0x5f, 0x31, 0x35, 0x39, // ist_UV.xy + _159
	0x33, 0x29, 0x29, 0x3b, 0x0a, 0x20, 0x20, 0x20, 0x20, 0x66, 0x6c, 0x6f, 0x61, 0x74, 0x34, 0x20, // 3));.    float4 
	0x5f, 0x33, 0x30, 0x37, 0x35, 0x3b, 0x0a, 0x20, 0x20, 0x20, 0x20, 0x64, 0x6f, 0x0a, 0x20, 0x20, // _3075;.    do.  
	0x20, 0x20, 0x7b, 0x0a, 0x20, 0x20, 0x20, 0x20, 0x20, 0x20, 0x20, 0x20, 0x69, 0x66, 0x20, 0x28, //   {.        if (
	0x5f, 0x32, 0x30, 0x34, 0x39, 0x29, 0x0a, 0x20, 0x20, 0x20, 0x20, 0x20, 0x20, 0x20, 0x20, 0x7b, // _2049).        {
	0x0a, 0x20, 0x20, 0x20, 0x20, 0x20, 0x20, 0x20, 0x20, 0x20, 0x20, 0x20, 0x20, 0x5f, 0x33, 0x30, // .            _30
	0x37, 0x35, 0x20, 0x3d, 0x20, 0x5f, 0x32, 0x35, 0x39, 0x30, 0x3b, 0x0a, 0x20, 0x20, 0x20, 0x20, // 75 = _2590;.    
	0x20, 0x20, 0x20, 0x20, 0x20, 0x20, 0x20, 0x20, 0x62, 0x72, 0x65, 0x61, 0x6b, 0x3b, 0x0a, 0x20, //         break;. 
	0x20, 0x20, 0x20, 0x20, 0x20, 0x20, 0x20, 0x7d, 0x0a, 0x20, 0x20, 0x20, 0x20, 0x20, 0x20, 0x20, //        }.       
	0x20, 0x5f, 0x33, 0x30, 0x37, 0x35, 0x20, 0x3d, 0x20, 0x66, 0x6c, 0x6f, 0x61, 0x74, 0x34, 0x28, //  _3075 = float4(
	0x66, 0x61, 0x73, 0x74, 0x3a, 0x3a, 0x6d, 0x61, 0x78, 0x28, 0x28, 0x70, 0x6f, 0x77, 0x72, 0x28, // fast::max((powr(
	0x66, 0x61, 0x73, 0x74, 0x3a, 0x3a, 0x6d, 0x61, 0x78, 0x28, 0x61, 0x62, 0x73, 0x28, 0x5f, 0x32, // fast::max(abs(_2
	0x35, 0x39, 0x30, 0x2e, 0x78, 0x79, 0x7a, 0x29, 0x2c, 0x20, 0x66, 0x6c, 0x6f, 0x61, 0x74, 0x33, // 590.xyz), float3
	0x28, 0x31, 0x2e, 0x31, 0x39, 0x32, 0x30, 0x39, 0x32, 0x38, 0x39, 0x35, 0x35, 0x30, 0x37, 0x38, // (1.1920928955078
	0x31, 0x32, 0x35, 0x65, 0x2d, 0x30, 0x37, 0x29, 0x29, 0x2c, 0x20, 0x66, 0x6c, 0x6f, 0x61, 0x74, // 125e-07)), float
	0x33, 0x28, 0x30, 0x2e, 0x34, 0x31, 0x36, 0x36, 0x36, 0x36, 0x36, 0x35, 0x36, 0x37, 0x33, 0x32, // 3(0.416666656732
	0x35, 0x35, 0x39, 0x32, 0x30, 0x34, 0x31, 0x30, 0x31, 0x35, 0x36, 0x32, 0x35, 0x29, 0x29, 0x20, // 5592041015625)) 
	0x2a, 0x20, 0x31, 0x2e, 0x30, 0x35, 0x34, 0x39, 0x39, 0x39, 0x39, 0x34, 0x37, 0x35, 0x34, 0x37, // * 1.054999947547
	0x39, 0x31, 0x32, 0x35, 0x39, 0x37, 0x36, 0x35, 0x36, 0x32, 0x35, 0x29, 0x20, 0x2d, 0x20, 0x66, // 91259765625) - f
	0x6c, 0x6f, 0x61, 0x74, 0x33, 0x28, 0x30, 0x2e, 0x30, 0x35, 0x34, 0x39, 0x39, 0x39, 0x39, 0x39, // loat3(0.05499999
	0x39, 0x37, 0x30, 0x31, 0x39, 0x37, 0x36, 0x37, 0x37, 0x36, 0x31, 0x32, 0x33, 0x30, 0x34, 0x36, // 9701976776123046
	0x38, 0x37, 0x35, 0x29, 0x2c, 0x20, 0x66, 0x6c, 0x6f, 0x61, 0x74, 0x33, 0x28, 0x30, 0x2e, 0x30, // 875), float3(0.0
	0x29, 0x29, 0x2e, 0x78, 0x2c, 0x20, 0x5f, 0x33, 0x32, 0x37, 0x30, 0x2c, 0x20, 0x5f, 0x33, 0x32, // )).x, _3270, _32
	0x37, 0x30, 0x2c, 0x20, 0x5f, 0x32, 0x35, 0x39, 0x30, 0x2e, 0x77, 0x29, 0x3b, 0x0a, 0x20, 0x20, // 70, _2590.w);.  
	0x20, 0x20, 0x20, 0x20, 0x20, 0x20, 0x62, 0x72, 0x65, 0x61, 0x6b, 0x3b, 0x0a, 0x20, 0x20, 0x20, //       break;.   
	0x20, 0x7d, 0x20, 0x77, 0x68, 0x69, 0x6c, 0x65, 0x28, 0x66, 0x61, 0x6c, 0x73, 0x65, 0x29, 0x3b, //  } while(false);
	0x0a, 0x20, 0x20, 0x20, 0x20, 0x66, 0x6c, 0x6f, 0x61, 0x74, 0x20, 0x5f, 0x31, 0x36, 0x32, 0x31, // .    float _1621
	0x20, 0x3d, 0x20, 0x5f, 0x33, 0x30, 0x37, 0x34, 0x2e, 0x77, 0x20, 0x2a, 0x20, 0x28, 0x5f, 0x33, //  = _3074.w * (_3
	0x30, 0x37, 0x35, 0x2e, 0x78, 0x20, 0x2a, 0x20, 0x5f, 0x33, 0x30, 0x37, 0x35, 0x2e, 0x77, 0x29, // 075.x * _3075.w)
	0x3b, 0x0a, 0x20, 0x20, 0x20, 0x20, 0x66, 0x6c, 0x6f, 0x61, 0x74, 0x34, 0x20, 0x5f, 0x33, 0x32, // ;.    float4 _32
	0x35, 0x36, 0x3b, 0x0a, 0x20, 0x20, 0x20, 0x20, 0x69, 0x66, 0x20, 0x28, 0x5f, 0x6d, 0x74, 0x6c, // 56;.    if (_mtl
	0x5f, 0x75, 0x2e, 0x75, 0x5f, 0x66, 0x73, 0x66, 0x42, 0x6c, 0x65, 0x6e, 0x64, 0x54, 0x65, 0x78, // _u.u_fsfBlendTex
	0x74, 0x75, 0x72, 0x65, 0x50, 0x61, 0x72, 0x61, 0x6d, 0x65, 0x74, 0x65, 0x72, 0x2e, 0x78, 0x20, // tureParameter.x 
	0x3d, 0x3d, 0x20, 0x30, 0x2e, 0x30, 0x29, 0x0a, 0x20, 0x20, 0x20, 0x20, 0x7b, 0x0a, 0x20, 0x20, // == 0.0).    {.  
	0x20, 0x20, 0x20, 0x20, 0x20, 0x20, 0x5f, 0x33, 0x32, 0x35, 0x36, 0x20, 0x3d, 0x20, 0x66, 0x6c, //       _3256 = fl
	0x6f, 0x61, 0x74, 0x34, 0x28, 0x28, 0x5f, 0x33, 0x30, 0x37, 0x34, 0x2e, 0x78, 0x79, 0x7a, 0x20, // oat4((_3074.xyz 
	0x2a, 0x20, 0x5f, 0x31, 0x36, 0x32, 0x31, 0x29, 0x20, 0x2b, 0x20, 0x28, 0x5f, 0x33, 0x31, 0x30, // * _1621) + (_310
	0x36, 0x2e, 0x78, 0x79, 0x7a, 0x20, 0x2a, 0x20, 0x28, 0x31, 0x2e, 0x30, 0x20, 0x2d, 0x20, 0x5f, // 6.xyz * (1.0 - _
	0x31, 0x36, 0x32, 0x31, 0x29, 0x29, 0x2c, 0x20, 0x5f, 0x31, 0x35, 0x37, 0x38, 0x29, 0x3b, 0x0a, // 1621)), _1578);.
	0x20, 0x20, 0x20, 0x20, 0x7d, 0x0a, 0x20, 0x20, 0x20, 0x20, 0x65, 0x6c, 0x73, 0x65, 0x0a, 0x20, //     }.    else. 
	0x20, 0x20, 0x20, 0x7b, 0x0a, 0x20, 0x20, 0x20, 0x20, 0x20, 0x20, 0x20, 0x20, 0x66, 0x6c, 0x6f, //    {.        flo
	0x61, 0x74, 0x34, 0x20, 0x5f, 0x33, 0x32, 0x35, 0x37, 0x3b, 0x0a, 0x20, 0x20, 0x20, 0x20, 0x20, // at4 _3257;.     
	0x20, 0x20, 0x20, 0x69, 0x66, 0x20, 0x28, 0x5f, 0x6d, 0x74, 0x6c, 0x5f, 0x75, 0x2e, 0x75, 0x5f, //    if (_mtl_u.u_
	0x66, 0x73, 0x66, 0x42, 0x6c, 0x65, 0x6e, 0x64, 0x54, 0x65, 0x78, 0x74, 0x75, 0x72, 0x65, 0x50, // fsfBlendTextureP
	0x61, 0x72, 0x61, 0x6d, 0x65, 0x74, 0x65, 0x72, 0x2e, 0x78, 0x20, 0x3d, 0x3d, 0x20, 0x31, 0x2e, // arameter.x == 1.
	0x30, 0x29, 0x0a, 0x20, 0x20, 0x20, 0x20, 0x20, 0x20, 0x20, 0x20, 0x7b, 0x0a, 0x20, 0x20, 0x20, // 0).        {.   
	0x20, 0x20, 0x20, 0x20, 0x20, 0x20, 0x20, 0x20, 0x20, 0x5f, 0x33, 0x32, 0x35, 0x37, 0x20, 0x3d, //          _3257 =
	0x20, 0x66, 0x6c, 0x6f, 0x61, 0x74, 0x34, 0x28, 0x5f, 0x33, 0x31, 0x30, 0x36, 0x2e, 0x78, 0x79, //  float4(_3106.xy
	0x7a, 0x20, 0x2b, 0x20, 0x28, 0x5f, 0x33, 0x30, 0x37, 0x34, 0x2e, 0x78, 0x79, 0x7a, 0x20, 0x2a, // z + (_3074.xyz *
	0x20, 0x5f, 0x31, 0x36, 0x32, 0x31, 0x29, 0x2c, 0x20, 0x5f, 0x31, 0x35, 0x37, 0x38, 0x29, 0x3b, //  _1621), _1578);
	0x0a, 0x20, 0x20, 0x20, 0x20, 0x20, 0x20, 0x20, 0x20, 0x7d, 0x0a, 0x20, 0x20, 0x20, 0x20, 0x20, // .        }.     
	0x20, 0x20, 0x20, 0x65, 0x6c, 0x73, 0x65, 0x0a, 0x20, 0x20, 0x20, 0x20, 0x20, 0x20, 0x20, 0x20, //    else.        
	0x7b, 0x0a, 0x20, 0x20, 0x20, 0x20, 0x20, 0x20, 0x20, 0x20, 0x20, 0x20, 0x20, 0x20, 0x66, 0x6c, // {.            fl
	0x6f, 0x61, 0x74, 0x34, 0x20, 0x5f, 0x33, 0x32, 0x35, 0x38, 0x3b, 0x0a, 0x20, 0x20, 0x20, 0x20, // oat4 _3258;.    
	0x20, 0x20, 0x20, 0x20, 0x20, 0x20, 0x20, 0x20, 0x69, 0x66, 0x20, 0x28, 0x5f, 0x6d, 0x74, 0x6c, //         if (_mtl
	0x5f, 0x75, 0x2e, 0x75, 0x5f, 0x66, 0x73, 0x66, 0x42, 0x6c, 0x65, 0x6e, 0x64, 0x54, 0x65, 0x78, // _u.u_fsfBlendTex
	0x74, 0x75, 0x72, 0x65, 0x50, 0x61, 0x72, 0x61, 0x6d, 0x65, 0x74, 0x65, 0x72, 0x2e, 0x78, 0x20, // tureParameter.x 
	0x3d, 0x3d, 0x20, 0x32, 0x2e, 0x30, 0x29, 0x0a, 0x20, 0x20, 0x20, 0x20, 0x20, 0x20, 0x20, 0x20, // == 2.0).        
	0x20, 0x20, 0x20, 0x20, 0x7b, 0x0a, 0x20, 0x20, 0x20, 0x20, 0x20, 0x20, 0x20, 0x20, 0x20, 0x20, //     {.          
	0x20, 0x20, 0x20, 0x20, 0x20, 0x20, 0x5f, 0x33, 0x32, 0x35, 0x38, 0x20, 0x3d, 0x20, 0x66, 0x6c, //       _3258 = fl
	0x6f, 0x61, 0x74, 0x34, 0x28, 0x5f, 0x33, 0x31, 0x30, 0x36, 0x2e, 0x78, 0x79, 0x7a, 0x20, 0x2d, // oat4(_3106.xyz -
	0x20, 0x28, 0x5f, 0x33, 0x30, 0x37, 0x34, 0x2e, 0x78, 0x79, 0x7a, 0x20, 0x2a, 0x20, 0x5f, 0x31, //  (_3074.xyz * _1
	0x36, 0x32, 0x31, 0x29, 0x2c, 0x20, 0x5f, 0x31, 0x35, 0x37, 0x38, 0x29, 0x3b, 0x0a, 0x20, 0x20, // 621), _1578);.  
	0x20, 0x20, 0x20, 0x20, 0x20, 0x20, 0x20, 0x20, 0x20, 0x20, 0x7d, 0x0a, 0x20, 0x20, 0x20, 0x20, //           }.    
	0x20, 0x20, 0x20, 0x20, 0x20, 0x20, 0x20, 0x20, 0x65, 0x6c, 0x73, 0x65, 0x0a, 0x20, 0x20, 0x20, //         else.   
	0x20, 0x20, 0x20, 0x20, 0x20, 0x20, 0x20, 0x20, 0x20, 0x7b, 0x0a, 0x20, 0x20, 0x20, 0x20, 0x20, //          {.     
	0x20, 0x20, 0x20, 0x20, 0x20, 0x20, 0x20, 0x20, 0x20, 0x20, 0x20, 0x66, 0x6c, 0x6f, 0x61, 0x74, //            float
	0x34, 0x20, 0x5f, 0x33, 0x32, 0x35, 0x39, 0x3b, 0x0a, 0x20, 0x20, 0x20, 0x20, 0x20, 0x20, 0x20, // 4 _3259;.       
	0x20, 0x20, 0x20, 0x20, 0x20, 0x20, 0x20, 0x20, 0x20, 0x69, 0x66, 0x20, 0x28, 0x5f, 0x6d, 0x74, //          if (_mt
	0x6c, 0x5f, 0x75, 0x2e, 0x75, 0x5f, 0x66, 0x73, 0x66, 0x42, 0x6c, 0x65, 0x6e, 0x64, 0x54, 0x65, // l_u.u_fsfBlendTe
	0x78, 0x74, 0x75, 0x72, 0x65, 0x50, 0x61, 0x72, 0x61, 0x6d, 0x65, 0x74, 0x65, 0x72, 0x2e, 0x78, // xtureParameter.x
	0x20, 0x3d, 0x3d, 0x20, 0x33, 0x2e, 0x30, 0x29, 0x0a, 0x20, 0x20, 0x20, 0x20, 0x20, 0x20, 0x20, //  == 3.0).       
	0x20, 0x20, 0x20, 0x20, 0x20, 0x20, 0x20, 0x20, 0x20, 0x7b, 0x0a, 0x20, 0x20, 0x20, 0x20, 0x20, //          {.     
	0x20, 0x20, 0x20, 0x20, 0x20, 0x20, 0x20, 0x20, 0x20, 0x20, 0x20, 0x20, 0x20, 0x20, 0x20, 0x5f, //                _
	0x33, 0x32, 0x35, 0x39, 0x20, 0x3d, 0x20, 0x66, 0x6c, 0x6f, 0x61, 0x74, 0x34, 0x28, 0x5f, 0x33, // 3259 = float4(_3
	0x31, 0x30, 0x36, 0x2e, 0x78, 0x79, 0x7a, 0x20, 0x2a, 0x20, 0x28, 0x5f, 0x33, 0x30, 0x37, 0x34, // 106.xyz * (_3074
	0x2e, 0x78, 0x79, 0x7a, 0x20, 0x2a, 0x20, 0x5f, 0x31, 0x36, 0x32, 0x31, 0x29, 0x2c, 0x20, 0x5f, // .xyz * _1621), _
	0x31, 0x35, 0x37, 0x38, 0x29, 0x3b, 0x0a, 0x20, 0x20, 0x20, 0x20, 0x20, 0x20, 0x20, 0x20, 0x20, // 1578);.         
	0x20, 0x20, 0x20, 0x20, 0x20, 0x20, 0x20, 0x7d, 0x0a, 0x20, 0x20, 0x20, 0x20, 0x20, 0x20, 0x20, //        }.       
	0x20, 0x20, 0x20, 0x20, 0x20, 0x20, 0x20, 0x20, 0x20, 0x65, 0x6c, 0x73, 0x65, 0x0a, 0x20, 0x20, //          else.  
	0x20, 0x20, 0x20, 0x20, 0x20, 0x20, 0x20, 0x20, 0x20, 0x20, 0x20, 0x20, 0x20, 0x20, 0x7b, 0x0a, //               {.
	0x20, 0x20, 0x20, 0x20, 0x20, 0x20, 0x20, 0x20, 0x20, 0x20, 0x20, 0x20, 0x20, 0x20, 0x20, 0x20, //                 
	0x20, 0x20, 0x20, 0x20, 0x5f, 0x33, 0x32, 0x35, 0x39, 0x20, 0x3d, 0x20, 0x5f, 0x33, 0x31, 0x30, //     _3259 = _310
	0x36, 0x3b, 0x0a, 0x20, 0x20, 0x20, 0x20, 0x20, 0x20, 0x20, 0x20, 0x20, 0x20, 0x20, 0x20, 0x20, // 6;.             
	0x20, 0x20, 0x20, 0x7d, 0x0a, 0x20, 0x20, 0x20, 0x20, 0x20, 0x20, 0x20, 0x20, 0x20, 0x20, 0x20, //    }.           
	0x20, 0x20, 0x20, 0x20, 0x20, 0x5f, 0x33, 0x32, 0x35, 0x38, 0x20, 0x3d, 0x20, 0x5f, 0x33, 0x32, //      _3258 = _32
	0x35, 0x39, 0x3b, 0x0a, 0x20, 0x20, 0x20, 0x20, 0x20, 0x20, 0x20, 0x20, 0x20, 0x20, 0x20, 0x20, // 59;.            
	0x7d, 0x0a, 0x20, 0x20, 0x20, 0x20, 0x20, 0x20, 0x20, 0x20, 0x20, 0x20, 0x20, 0x20, 0x5f, 0x33, // }.            _3
	0x32, 0x35, 0x37, 0x20, 0x3d, 0x20, 0x5f, 0x33, 0x32, 0x35, 0x38, 0x3b, 0x0a, 0x20, 0x20, 0x20, // 257 = _3258;.   
	0x20, 0x20, 0x20, 0x20, 0x20, 0x7d, 0x0a, 0x20, 0x20, 0x20, 0x20, 0x20, 0x20, 0x20, 0x20, 0x5f, //      }.        _
	0x33, 0x32, 0x35, 0x36, 0x20, 0x3d, 0x20, 0x5f, 0x33, 0x32, 0x35, 0x37, 0x3b, 0x0a, 0x20, 0x20, // 3256 = _3257;.  
	0x20, 0x20, 0x7d, 0x0a, 0x20, 0x20, 0x20, 0x20, 0x66, 0x6c, 0x6f, 0x61, 0x74, 0x33, 0x20, 0x5f, //   }.    float3 _
	0x31, 0x36, 0x34, 0x39, 0x20, 0x3d, 0x20, 0x5f, 0x33, 0x32, 0x35, 0x36, 0x2e, 0x78, 0x79, 0x7a, // 1649 = _3256.xyz
	0x20, 0x2a, 0x20, 0x28, 0x28, 0x5f, 0x6d, 0x74, 0x6c, 0x5f, 0x75, 0x2e, 0x75, 0x5f, 0x66, 0x73, //  * ((_mtl_u.u_fs
	0x66, 0x4c, 0x69, 0x67, 0x68, 0x74, 0x43, 0x6f, 0x6c, 0x6f, 0x72, 0x2e, 0x78, 0x79, 0x7a, 0x20, // fLightColor.xyz 
	0x2a, 0x20, 0x66, 0x61, 0x73, 0x74, 0x3a, 0x3a, 0x6d, 0x61, 0x78, 0x28, 0x64, 0x6f, 0x74, 0x28, // * fast::max(dot(
	0x5f, 0x6d, 0x74, 0x6c, 0x5f, 0x75, 0x2e, 0x75, 0x5f, 0x66, 0x73, 0x66, 0x4c, 0x69, 0x67, 0x68, // _mtl_u.u_fsfLigh
	0x74, 0x44, 0x69, 0x72, 0x65, 0x63, 0x74, 0x69, 0x6f, 0x6e, 0x2e, 0x78, 0x79, 0x7a, 0x2c, 0x20, // tDirection.xyz, 
	0x5f, 0x31, 0x35, 0x34, 0x32, 0x29, 0x2c, 0x20, 0x30, 0x2e, 0x30, 0x29, 0x29, 0x20, 0x2b, 0x20, // _1542), 0.0)) + 
	0x5f, 0x6d, 0x74, 0x6c, 0x5f, 0x75, 0x2e, 0x75, 0x5f, 0x66, 0x73, 0x66, 0x4c, 0x69, 0x67, 0x68, // _mtl_u.u_fsfLigh
	0x74, 0x41, 0x6d, 0x62, 0x69, 0x65, 0x6e, 0x74, 0x2e, 0x78, 0x79, 0x7a, 0x29, 0x3b, 0x0a, 0x20, // tAmbient.xyz);. 
	0x20, 0x20, 0x20, 0x66, 0x6c, 0x6f, 0x61, 0x74, 0x34, 0x20, 0x5f, 0x33, 0x31, 0x36, 0x35, 0x20, //    float4 _3165 
	0x3d, 0x20, 0x5f, 0x33, 0x32, 0x35, 0x36, 0x3b, 0x0a, 0x20, 0x20, 0x20, 0x20, 0x5f, 0x33, 0x31, // = _3256;.    _31
	0x36, 0x35, 0x2e, 0x78, 0x20, 0x3d, 0x20, 0x5f, 0x31, 0x36, 0x34, 0x39, 0x2e, 0x78, 0x3b, 0x0a, // 65.x = _1649.x;.
	0x20, 0x20, 0x20, 0x20, 0x5f, 0x33, 0x31, 0x36, 0x35, 0x2e, 0x79, 0x20, 0x3d, 0x20, 0x5f, 0x31, //     _3165.y = _1
	0x36, 0x34, 0x39, 0x2e, 0x79, 0x3b, 0x0a, 0x20, 0x20, 0x20, 0x20, 0x5f, 0x33, 0x31, 0x36, 0x35, // 649.y;.    _3165
	0x2e, 0x7a, 0x20, 0x3d, 0x20, 0x5f, 0x31, 0x36, 0x34, 0x39, 0x2e, 0x7a, 0x3b, 0x0a, 0x20, 0x20, // .z = _1649.z;.  
	0x20, 0x20, 0x66, 0x6c, 0x6f, 0x61, 0x74, 0x34, 0x20, 0x5f, 0x33, 0x32, 0x36, 0x33, 0x3b, 0x0a, //   float4 _3263;.
	0x20, 0x20, 0x20, 0x20, 0x69, 0x66, 0x20, 0x28, 0x5f, 0x6d, 0x74, 0x6c, 0x5f, 0x75, 0x2e, 0x75, //     if (_mtl_u.u
	0x5f, 0x66, 0x73, 0x66, 0x46, 0x61, 0x6c, 0x6c, 0x6f, 0x66, 0x66, 0x50, 0x61, 0x72, 0x61, 0x6d, // _fsfFalloffParam
	0x65, 0x74, 0x65, 0x72, 0x2e, 0x78, 0x20, 0x3d, 0x3d, 0x20, 0x31, 0x2e, 0x30, 0x29, 0x0a, 0x20, // eter.x == 1.0). 
	0x20, 0x20, 0x20, 0x7b, 0x0a, 0x20, 0x20, 0x20, 0x20, 0x20, 0x20, 0x20, 0x20, 0x66, 0x6c, 0x6f, //    {.        flo
	0x61, 0x74, 0x34, 0x20, 0x5f, 0x32, 0x37, 0x37, 0x39, 0x20, 0x3d, 0x20, 0x6d, 0x69, 0x78, 0x28, // at4 _2779 = mix(
	0x5f, 0x6d, 0x74, 0x6c, 0x5f, 0x75, 0x2e, 0x75, 0x5f, 0x66, 0x73, 0x66, 0x46, 0x61, 0x6c, 0x6c, // _mtl_u.u_fsfFall
	0x6f, 0x66, 0x66, 0x45, 0x6e, 0x64, 0x43, 0x6f, 0x6c, 0x6f, 0x72, 0x2c, 0x20, 0x5f, 0x6d, 0x74, // offEndColor, _mt
	0x6c, 0x5f, 0x75, 0x2e, 0x75, 0x5f, 0x66, 0x73, 0x66, 0x46, 0x61, 0x6c, 0x6c, 0x6f, 0x66, 0x66, // l_u.u_fsfFalloff
	0x42, 0x65, 0x67, 0x69, 0x6e, 0x43, 0x6f, 0x6c, 0x6f, 0x72, 0x2c, 0x20, 0x66, 0x6c, 0x6f, 0x61, // BeginColor, floa
	0x74, 0x34, 0x28, 0x70, 0x6f, 0x77, 0x72, 0x28, 0x66, 0x61, 0x73, 0x74, 0x3a, 0x3a, 0x63, 0x6c, // t4(powr(fast::cl
	0x61, 0x6d, 0x70, 0x28, 0x64, 0x6f, 0x74, 0x28, 0x66, 0x61, 0x73, 0x74, 0x3a, 0x3a, 0x6e, 0x6f, // amp(dot(fast::no
	0x72, 0x6d, 0x61, 0x6c, 0x69, 0x7a, 0x65, 0x28, 0x2d, 0x5f, 0x6d, 0x74, 0x6c, 0x5f, 0x75, 0x2e, // rmalize(-_mtl_u.
	0x75, 0x5f, 0x66, 0x73, 0x66, 0x43, 0x61, 0x6d, 0x65, 0x72, 0x61, 0x46, 0x72, 0x6f, 0x6e, 0x74, // u_fsfCameraFront
	0x44, 0x69, 0x72, 0x65, 0x63, 0x74, 0x69, 0x6f, 0x6e, 0x2e, 0x78, 0x79, 0x7a, 0x29, 0x2c, 0x20, // Direction.xyz), 
	0x5f, 0x31, 0x35, 0x34, 0x32, 0x29, 0x2c, 0x20, 0x30, 0x2e, 0x30, 0x2c, 0x20, 0x31, 0x2e, 0x30, // _1542), 0.0, 1.0
	0x29, 0x2c, 0x20, 0x5f, 0x6d, 0x74, 0x6c, 0x5f, 0x75, 0x2e, 0x75, 0x5f, 0x66, 0x73, 0x66, 0x46, // ), _mtl_u.u_fsfF
	0x61, 0x6c, 0x6c, 0x6f, 0x66, 0x66, 0x50, 0x61, 0x72, 0x61, 0x6d, 0x65, 0x74, 0x65, 0x72, 0x2e, // alloffParameter.
	0x7a, 0x29, 0x29, 0x29, 0x3b, 0x0a, 0x20, 0x20, 0x20, 0x20, 0x20, 0x20, 0x20, 0x20, 0x66, 0x6c, // z)));.        fl
	0x6f, 0x61, 0x74, 0x34, 0x20, 0x5f, 0x33, 0x32, 0x36, 0x30, 0x3b, 0x0a, 0x20, 0x20, 0x20, 0x20, // oat4 _3260;.    
	0x20, 0x20, 0x20, 0x20, 0x69, 0x66, 0x20, 0x28, 0x5f, 0x6d, 0x74, 0x6c, 0x5f, 0x75, 0x2e, 0x75, //     if (_mtl_u.u
	0x5f, 0x66, 0x73, 0x66, 0x46, 0x61, 0x6c, 0x6c, 0x6f, 0x66, 0x66, 0x50, 0x61, 0x72, 0x61, 0x6d, // _fsfFalloffParam
	0x65, 0x74, 0x65, 0x72, 0x2e, 0x79, 0x20, 0x3d, 0x3d, 0x20, 0x30, 0x2e, 0x30, 0x29, 0x0a, 0x20, // eter.y == 0.0). 
	0x20, 0x20, 0x20, 0x20, 0x20, 0x20, 0x20, 0x7b, 0x0a, 0x20, 0x20, 0x20, 0x20, 0x20, 0x20, 0x20, //        {.       
	0x20, 0x20, 0x20, 0x20, 0x20, 0x66, 0x6c, 0x6f, 0x61, 0x74, 0x33, 0x20, 0x5f, 0x31, 0x36, 0x39, //      float3 _169
	0x37, 0x20, 0x3d, 0x20, 0x5f, 0x33, 0x31, 0x36, 0x35, 0x2e, 0x78, 0x79, 0x7a, 0x20, 0x2b, 0x20, // 7 = _3165.xyz + 
	0x5f, 0x32, 0x37, 0x37, 0x39, 0x2e, 0x78, 0x79, 0x7a, 0x3b, 0x0a, 0x20, 0x20, 0x20, 0x20, 0x20, // _2779.xyz;.     
	0x20, 0x20, 0x20, 0x20, 0x20, 0x20, 0x20, 0x66, 0x6c, 0x6f, 0x61, 0x74, 0x34, 0x20, 0x5f, 0x33, //        float4 _3
	0x31, 0x37, 0x37, 0x20, 0x3d, 0x20, 0x5f, 0x33, 0x31, 0x36, 0x35, 0x3b, 0x0a, 0x20, 0x20, 0x20, // 177 = _3165;.   
	0x20, 0x20, 0x20, 0x20, 0x20, 0x20, 0x20, 0x20, 0x20, 0x5f, 0x33, 0x31, 0x37, 0x37, 0x2e, 0x78, //          _3177.x
	0x20, 0x3d, 0x20, 0x5f, 0x31, 0x36, 0x39, 0x37, 0x2e, 0x78, 0x3b, 0x0a, 0x20, 0x20, 0x20, 0x20, //  = _1697.x;.    
	0x20, 0x20, 0x20, 0x20, 0x20, 0x20, 0x20, 0x20, 0x5f, 0x33, 0x31, 0x37, 0x37, 0x2e, 0x79, 0x20, //         _3177.y 
	0x3d, 0x20, 0x5f, 0x31, 0x36, 0x39, 0x37, 0x2e, 0x79, 0x3b, 0x0a, 0x20, 0x20, 0x20, 0x20, 0x20, // = _1697.y;.     
	0x20, 0x20, 0x20, 0x20, 0x20, 0x20, 0x20, 0x5f, 0x33, 0x31, 0x37, 0x37, 0x2e, 0x7a, 0x20, 0x3d, //        _3177.z =
	0x20, 0x5f, 0x31, 0x36, 0x39, 0x37, 0x2e, 0x7a, 0x3b, 0x0a, 0x20, 0x20, 0x20, 0x20, 0x20, 0x20, //  _1697.z;.      
	0x20, 0x20, 0x20, 0x20, 0x20, 0x20, 0x5f, 0x33, 0x32, 0x36, 0x30, 0x20, 0x3d, 0x20, 0x5f, 0x33, //       _3260 = _3
	0x31, 0x37, 0x37, 0x3b, 0x0a, 0x20, 0x20, 0x20, 0x20, 0x20, 0x20, 0x20, 0x20, 0x7d, 0x0a, 0x20, // 177;.        }. 
	0x20, 0x20, 0x20, 0x20, 0x20, 0x20, 0x20, 0x65, 0x6c, 0x73, 0x65, 0x0a, 0x20, 0x20, 0x20, 0x20, //        else.    
	0x20, 0x20, 0x20, 0x20, 0x7b, 0x0a, 0x20, 0x20, 0x20, 0x20, 0x20, 0x20, 0x20, 0x20, 0x20, 0x20, //     {.          
	0x20, 0x20, 0x66, 0x6c, 0x6f, 0x61, 0x74, 0x34, 0x20, 0x5f, 0x33, 0x32, 0x36, 0x31, 0x3b, 0x0a, //   float4 _3261;.
	0x20, 0x20, 0x20, 0x20, 0x20, 0x20, 0x20, 0x20, 0x20, 0x20, 0x20, 0x20, 0x69, 0x66, 0x20, 0x28, //             if (
	0x5f, 0x6d, 0x74, 0x6c, 0x5f, 0x75, 0x2e, 0x75, 0x5f, 0x66, 0x73, 0x66, 0x46, 0x61, 0x6c, 0x6c, // _mtl_u.u_fsfFall
	0x6f, 0x66, 0x66, 0x50, 0x61, 0x72, 0x61, 0x6d, 0x65, 0x74, 0x65, 0x72, 0x2e, 0x79, 0x20, 0x3d, // offParameter.y =
	0x3d, 0x20, 0x31, 0x2e, 0x30, 0x29, 0x0a, 0x20, 0x20, 0x20, 0x20, 0x20, 0x20, 0x20, 0x20, 0x20, // = 1.0).         
	0x20, 0x20, 0x20, 0x7b, 0x0a, 0x20, 0x20, 0x20, 0x20, 0x20, 0x20, 0x20, 0x20, 0x20, 0x20, 0x20, //    {.           
	0x20, 0x20, 0x20, 0x20, 0x20, 0x66, 0x6c, 0x6f, 0x61, 0x74, 0x33, 0x20, 0x5f, 0x31, 0x37, 0x31, //      float3 _171
	0x37, 0x20, 0x3d, 0x20, 0x5f, 0x33, 0x31, 0x36, 0x35, 0x2e, 0x78, 0x79, 0x7a, 0x20, 0x2d, 0x20, // 7 = _3165.xyz - 
	0x5f, 0x32, 0x37, 0x37, 0x39, 0x2e, 0x78, 0x79, 0x7a, 0x3b, 0x0a, 0x20, 0x20, 0x20, 0x20, 0x20, // _2779.xyz;.     
	0x20, 0x20, 0x20, 0x20, 0x20, 0x20, 0x20, 0x20, 0x20, 0x20, 0x20, 0x66, 0x6c, 0x6f, 0x61, 0x74, //            float
	0x34, 0x20, 0x5f, 0x33, 0x31, 0x38, 0x36, 0x20, 0x3d, 0x20, 0x5f, 0x33, 0x31, 0x36, 0x35, 0x3b, // 4 _3186 = _3165;
	0x0a, 0x20, 0x20, 0x20, 0x20, 0x20, 0x20, 0x20, 0x20, 0x20, 0x20, 0x20, 0x20, 0x20, 0x20, 0x20, // .               
	0x20, 0x5f, 0x33, 0x31, 0x38, 0x36, 0x2e, 0x78, 0x20, 0x3d, 0x20, 0x5f, 0x31, 0x37, 0x31, 0x37, //  _3186.x = _1717
	0x2e, 0x78, 0x3b, 0x0a, 0x20, 0x20, 0x20, 0x20, 0x20, 0x20, 0x20, 0x20, 0x20, 0x20, 0x20, 0x20, // .x;.            
	0x20, 0x20, 0x20, 0x20, 0x5f, 0x33, 0x31, 0x38, 0x36, 0x2e, 0x79, 0x20, 0x3d, 0x20, 0x5f, 0x31, //     _3186.y = _1
	0x37, 0x31, 0x37, 0x2e, 0x79, 0x3b, 0x0a, 0x20, 0x20, 0x20, 0x20, 0x20, 0x20, 0x20, 0x20, 0x20, // 717.y;.         
	0x20, 0x20, 0x20, 0x20, 0x20, 0x20, 0x20, 0x5f, 0x33, 0x31, 0x38, 0x36, 0x2e, 0x7a, 0x20, 0x3d, //        _3186.z =
	0x20, 0x5f, 0x31, 0x37, 0x31, 0x37, 0x2e, 0x7a, 0x3b, 0x0a, 0x20, 0x20, 0x20, 0x20, 0x20, 0x20, //  _1717.z;.      
	0x20, 0x20, 0x20, 0x20, 0x20, 0x20, 0x20, 0x20, 0x20, 0x20, 0x5f, 0x33, 0x32, 0x36, 0x31, 0x20, //           _3261 
	0x3d, 0x20, 0x5f, 0x33, 0x31, 0x38, 0x36, 0x3b, 0x0a, 0x20, 0x20, 0x20, 0x20, 0x20, 0x20, 0x20, // = _3186;.       
	0x20, 0x20, 0x20, 0x20, 0x20, 0x7d, 0x0a, 0x20, 0x20, 0x20, 0x20, 0x20, 0x20, 0x20, 0x20, 0x20, //      }.         
	0x20, 0x20, 0x20, 0x65, 0x6c, 0x73, 0x65, 0x0a, 0x20, 0x20, 0x20, 0x20, 0x20, 0x20, 0x20, 0x20, //    else.        
	0x20, 0x20, 0x20, 0x20, 0x7b, 0x0a, 0x20, 0x20, 0x20, 0x20, 0x20, 0x20, 0x20, 0x20, 0x20, 0x20, //     {.          
	0x20, 0x20, 0x20, 0x20, 0x20, 0x20, 0x66, 0x6c, 0x6f, 0x61, 0x74, 0x34, 0x20, 0x5f, 0x33, 0x32, //       float4 _32
	0x36, 0x32, 0x3b, 0x0a, 0x20, 0x20, 0x20, 0x20, 0x20, 0x20, 0x20, 0x20, 0x20, 0x20, 0x20, 0x20, // 62;.            
	0x20, 0x20, 0x20, 0x20, 0x69, 0x66, 0x20, 0x28, 0x5f, 0x6d, 0x74, 0x6c, 0x5f, 0x75, 0x2e, 0x75, //     if (_mtl_u.u
	0x5f, 0x66, 0x73, 0x66, 0x46, 0x61, 0x6c, 0x6c, 0x6f, 0x66, 0x66, 0x50, 0x61, 0x72, 0x61, 0x6d, // _fsfFalloffParam
	0x65, 0x74, 0x65, 0x72, 0x2e, 0x79, 0x20, 0x3d, 0x3d, 0x20, 0x32, 0x2e, 0x30, 0x29, 0x0a, 0x20, // eter.y == 2.0). 
	0x20, 0x20, 0x20, 0x20, 0x20, 0x20, 0x20, 0x20, 0x20, 0x20, 0x20, 0x20, 0x20, 0x20, 0x20, 0x7b, //                {
	0x0a, 0x20, 0x20, 0x20, 0x20, 0x20, 0x20, 0x20, 0x20, 0x20, 0x20, 0x20, 0x20, 0x20, 0x20, 0x20, // .               
	0x20, 0x20, 0x20, 0x20, 0x20, 0x66, 0x6c, 0x6f, 0x61, 0x74, 0x33, 0x20, 0x5f, 0x31, 0x37, 0x33, //      float3 _173
	0x37, 0x20, 0x3d, 0x20, 0x5f, 0x33, 0x31, 0x36, 0x35, 0x2e, 0x78, 0x79, 0x7a, 0x20, 0x2a, 0x20, // 7 = _3165.xyz * 
	0x5f, 0x32, 0x37, 0x37, 0x39, 0x2e, 0x78, 0x79, 0x7a, 0x3b, 0x0a, 0x20, 0x20, 0x20, 0x20, 0x20, // _2779.xyz;.     
	0x20, 0x20, 0x20, 0x20, 0x20, 0x20, 0x20, 0x20, 0x20, 0x20, 0x20, 0x20, 0x20, 0x20, 0x20, 0x66, //                f
	0x6c, 0x6f, 0x61, 0x74, 0x34, 0x20, 0x5f, 0x33, 0x31, 0x39, 0x35, 0x20, 0x3d, 0x20, 0x5f, 0x33, // loat4 _3195 = _3
	0x31, 0x36, 0x35, 0x3b, 0x0a, 0x20, 0x20, 0x20, 0x20, 0x20, 0x20, 0x20, 0x20, 0x20, 0x20, 0x20, // 165;.           
	0x20, 0x20, 0x20, 0x20, 0x20, 0x20, 0x20, 0x20, 0x20, 0x5f, 0x33, 0x31, 0x39, 0x35, 0x2e, 0x78, //          _3195.x
	0x20, 0x3d, 0x20, 0x5f, 0x31, 0x37, 0x33, 0x37, 0x2e, 0x78, 0x3b, 0x0a, 0x20, 0x20, 0x20, 0x20, //  = _1737.x;.    
	0x20, 0x20, 0x20, 0x20, 0x20, 0x20, 0x20, 0x20, 0x20, 0x20, 0x20, 0x20, 0x20, 0x20, 0x20, 0x20, //                 
	0x5f, 0x33, 0x31, 0x39, 0x35, 0x2e, 0x79, 0x20, 0x3d, 0x20, 0x5f, 0x31, 0x37, 0x33, 0x37, 0x2e, // _3195.y = _1737.
	0x79, 0x3b, 0x0a, 0x20, 0x20, 0x20, 0x20, 0x20, 0x20, 0x20, 0x20, 0x20, 0x20, 0x20, 0x20, 0x20, // y;.             
	0x20, 0x20, 0x20, 0x20, 0x20, 0x20, 0x20, 0x5f, 0x33, 0x31, 0x39, 0x35, 0x2e, 0x7a, 0x20, 0x3d, //        _3195.z =
	0x20, 0x5f, 0x31, 0x37, 0x33, 0x37, 0x2e, 0x7a, 0x3b, 0x0a, 0x20, 0x20, 0x20, 0x20, 0x20, 0x20, //  _1737.z;.      
	0x20, 0x20, 0x20, 0x20, 0x20, 0x20, 0x20, 0x20, 0x20, 0x20, 0x20, 0x20, 0x20, 0x20, 0x5f, 0x33, //               _3
	0x32, 0x36, 0x32, 0x20, 0x3d, 0x20, 0x5f, 0x33, 0x31, 0x39, 0x35, 0x3b, 0x0a, 0x20, 0x20, 0x20, // 262 = _3195;.   
	0x20, 0x20, 0x20, 0x20, 0x20, 0x20, 0x20, 0x20, 0x20, 0x20, 0x20, 0x20, 0x20, 0x7d, 0x0a, 0x20, //              }. 
	0x20, 0x20, 0x20, 0x20, 0x20, 0x20, 0x20, 0x20, 0x20, 0x20, 0x20, 0x20, 0x20, 0x20, 0x20, 0x65, //                e
	0x6c, 0x73, 0x65, 0x0a, 0x20, 0x20, 0x20, 0x20, 0x20, 0x20, 0x20, 0x20, 0x20, 0x20, 0x20, 0x20, // lse.            
	0x20, 0x20, 0x20, 0x20, 0x7b, 0x0a, 0x20, 0x20, 0x20, 0x20, 0x20, 0x20, 0x20, 0x20, 0x20, 0x20, //     {.          
	0x20, 0x20, 0x20, 0x20, 0x20, 0x20, 0x20, 0x20, 0x20, 0x20, 0x5f, 0x33, 0x32, 0x36, 0x32, 0x20, //           _3262 
	0x3d, 0x20, 0x5f, 0x33, 0x31, 0x36, 0x35, 0x3b, 0x0a, 0x20, 0x20, 0x20, 0x20, 0x20, 0x20, 0x20, // = _3165;.       
	0x20, 0x20, 0x20, 0x20, 0x20, 0x20, 0x20, 0x20, 0x20, 0x7d, 0x0a, 0x20, 0x20, 0x20, 0x20, 0x20, //          }.     
	0x20, 0x20, 0x20, 0x20, 0x20, 0x20, 0x20, 0x20, 0x20, 0x20, 0x20, 0x5f, 0x33, 0x32, 0x36, 0x31, //            _3261
	0x20, 0x3d, 0x20, 0x5f, 0x33, 0x32, 0x36, 0x32, 0x3b, 0x0a, 0x20, 0x20, 0x20, 0x20, 0x20, 0x20, //  = _3262;.      
	0x20, 0x20, 0x20, 0x20, 0x20, 0x20, 0x7d, 0x0a, 0x20, 0x20, 0x20, 0x20, 0x20, 0x20, 0x20, 0x20, //       }.        
	0x20, 0x20, 0x20, 0x20, 0x5f, 0x33, 0x32, 0x36, 0x30, 0x20, 0x3d, 0x20, 0x5f, 0x33, 0x32, 0x36, //     _3260 = _326
	0x31, 0x3b, 0x0a, 0x20, 0x20, 0x20, 0x20, 0x20, 0x20, 0x20, 0x20, 0x7d, 0x0a, 0x20, 0x20, 0x20, // 1;.        }.   
	0x20, 0x20, 0x20, 0x20, 0x20, 0x66, 0x6c, 0x6f, 0x61, 0x74, 0x34, 0x20, 0x5f, 0x33, 0x32, 0x30, //      float4 _320
	0x35, 0x20, 0x3d, 0x20, 0x5f, 0x33, 0x32, 0x36, 0x30, 0x3b, 0x0a, 0x20, 0x20, 0x20, 0x20, 0x20, // 5 = _3260;.     
	0x20, 0x20, 0x20, 0x5f, 0x33, 0x32, 0x30, 0x35, 0x2e, 0x77, 0x20, 0x3d, 0x20, 0x5f, 0x33, 0x32, //    _3205.w = _32
	0x36, 0x30, 0x2e, 0x77, 0x20, 0x2a, 0x20, 0x5f, 0x32, 0x37, 0x37, 0x39, 0x2e, 0x77, 0x3b, 0x0a, // 60.w * _2779.w;.
	0x20, 0x20, 0x20, 0x20, 0x20, 0x20, 0x20, 0x20, 0x5f, 0x33, 0x32, 0x36, 0x33, 0x20, 0x3d, 0x20, //         _3263 = 
	0x5f, 0x33, 0x32, 0x30, 0x35, 0x3b, 0x0a, 0x20, 0x20, 0x20, 0x20, 0x7d, 0x0a, 0x20, 0x20, 0x20, // _3205;.    }.   
	0x20, 0x65, 0x6c, 0x73, 0x65, 0x0a, 0x20, 0x20, 0x20, 0x20, 0x7b, 0x0a, 0x20, 0x20, 0x20, 0x20, //  else.    {.    
	0x20, 0x20, 0x20, 0x20, 0x5f, 0x33, 0x32, 0x36, 0x33, 0x20, 0x3d, 0x20, 0x5f, 0x33, 0x31, 0x36, //     _3263 = _316
	0x35, 0x3b, 0x0a, 0x20, 0x20, 0x20, 0x20, 0x7d, 0x0a, 0x20, 0x20, 0x20, 0x20, 0x66, 0x6c, 0x6f, // 5;.    }.    flo
	0x61, 0x74, 0x33, 0x20, 0x5f, 0x31, 0x37, 0x36, 0x32, 0x20, 0x3d, 0x20, 0x5f, 0x33, 0x32, 0x36, // at3 _1762 = _326
	0x33, 0x2e, 0x78, 0x79, 0x7a, 0x20, 0x2a, 0x20, 0x5f, 0x6d, 0x74, 0x6c, 0x5f, 0x75, 0x2e, 0x75, // 3.xyz * _mtl_u.u
	0x5f, 0x66, 0x73, 0x66, 0x45, 0x6d, 0x69, 0x73, 0x73, 0x69, 0x76, 0x65, 0x53, 0x63, 0x61, 0x6c, // _fsfEmissiveScal
	0x69, 0x6e, 0x67, 0x2e, 0x78, 0x3b, 0x0a, 0x20, 0x20, 0x20, 0x20, 0x66, 0x6c, 0x6f, 0x61, 0x74, // ing.x;.    float
	0x20, 0x5f, 0x31, 0x37, 0x36, 0x34, 0x20, 0x3d, 0x20, 0x5f, 0x31, 0x37, 0x36, 0x32, 0x2e, 0x78, //  _1764 = _1762.x
	0x3b, 0x0a, 0x20, 0x20, 0x20, 0x20, 0x66, 0x6c, 0x6f, 0x61, 0x74, 0x34, 0x20, 0x5f, 0x33, 0x32, // ;.    float4 _32
	0x30, 0x38, 0x20, 0x3d, 0x20, 0x5f, 0x33, 0x32, 0x36, 0x33, 0x3b, 0x0a, 0x20, 0x20, 0x20, 0x20, // 08 = _3263;.    
	0x5f, 0x33, 0x32, 0x30, 0x38, 0x2e, 0x78, 0x20, 0x3d, 0x20, 0x5f, 0x31, 0x37, 0x36, 0x34, 0x3b, // _3208.x = _1764;
	0x0a, 0x20, 0x20, 0x20, 0x20, 0x5f, 0x33, 0x32, 0x30, 0x38, 0x2e, 0x79, 0x20, 0x3d, 0x20, 0x5f, // .    _3208.y = _
	0x31, 0x37, 0x36, 0x32, 0x2e, 0x79, 0x3b, 0x0a, 0x20, 0x20, 0x20, 0x20, 0x5f, 0x33, 0x32, 0x30, // 1762.y;.    _320
	0x38, 0x2e, 0x7a, 0x20, 0x3d, 0x20, 0x5f, 0x31, 0x37, 0x36, 0x32, 0x2e, 0x7a, 0x3b, 0x0a, 0x20, // 8.z = _1762.z;. 
	0x20, 0x20, 0x20, 0x66, 0x6c, 0x6f, 0x61, 0x74, 0x34, 0x20, 0x5f, 0x31, 0x37, 0x37, 0x37, 0x20, //    float4 _1777 
	0x3d, 0x20, 0x69, 0x6e, 0x2e, 0x76, 0x5f, 0x50, 0x6f, 0x73, 0x50, 0x20, 0x2f, 0x20, 0x66, 0x6c, // = in.v_PosP / fl
	0x6f, 0x61, 0x74, 0x34, 0x28, 0x69, 0x6e, 0x2e, 0x76, 0x5f, 0x50, 0x6f, 0x73, 0x50, 0x2e, 0x77, // oat4(in.v_PosP.w
	0x29, 0x3b, 0x0a, 0x20, 0x20, 0x20, 0x20, 0x66, 0x6c, 0x6f, 0x61, 0x74, 0x32, 0x20, 0x5f, 0x31, // );.    float2 _1
	0x37, 0x38, 0x33, 0x20, 0x3d, 0x20, 0x28, 0x5f, 0x31, 0x37, 0x37, 0x37, 0x2e, 0x78, 0x79, 0x20, // 783 = (_1777.xy 
	0x2b, 0x20, 0x66, 0x6c, 0x6f, 0x61, 0x74, 0x32, 0x28, 0x31, 0x2e, 0x30, 0x29, 0x29, 0x20, 0x2a, // + float2(1.0)) *
	0x20, 0x66, 0x6c, 0x6f, 0x61, 0x74, 0x32, 0x28, 0x30, 0x2e, 0x35, 0x29, 0x3b, 0x0a, 0x20, 0x20, //  float2(0.5);.  
	0x20, 0x20, 0x5f, 0x31, 0x37, 0x38, 0x33, 0x2e, 0x79, 0x20, 0x3d, 0x20, 0x5f, 0x6d, 0x74, 0x6c, //   _1783.y = _mtl
	0x5f, 0x75, 0x2e, 0x75, 0x5f, 0x66, 0x73, 0x6d, 0x55, 0x56, 0x49, 0x6e, 0x76, 0x65, 0x72, 0x73, // _u.u_fsmUVInvers
	0x65, 0x64, 0x42, 0x61, 0x63, 0x6b, 0x2e, 0x78, 0x20, 0x2b, 0x20, 0x28, 0x5f, 0x6d, 0x74, 0x6c, // edBack.x + (_mtl
	0x5f, 0x75, 0x2e, 0x75, 0x5f, 0x66, 0x73, 0x6d, 0x55, 0x56, 0x49, 0x6e, 0x76, 0x65, 0x72, 0x73, // _u.u_fsmUVInvers
	0x65, 0x64, 0x42, 0x61, 0x63, 0x6b, 0x2e, 0x79, 0x20, 0x2a, 0x20, 0x28, 0x31, 0x2e, 0x30, 0x20, // edBack.y * (1.0 
	0x2d, 0x20, 0x5f, 0x31, 0x37, 0x38, 0x33, 0x2e, 0x79, 0x29, 0x29, 0x3b, 0x0a, 0x20, 0x20, 0x20, // - _1783.y));.   
	0x20, 0x66, 0x6c, 0x6f, 0x61, 0x74, 0x34, 0x20, 0x5f, 0x33, 0x32, 0x36, 0x34, 0x3b, 0x0a, 0x20, //  float4 _3264;. 
	0x20, 0x20, 0x20, 0x69, 0x66, 0x20, 0x28, 0x5f, 0x6d, 0x74, 0x6c, 0x5f, 0x75, 0x2e, 0x75, 0x5f, //    if (_mtl_u.u_
	0x66, 0x73, 0x73, 0x6f, 0x66, 0x74, 0x50, 0x61, 0x72, 0x74, 0x69, 0x63, 0x6c, 0x65, 0x50, 0x61, // fssoftParticlePa
	0x72, 0x61, 0x6d, 0x2e, 0x77, 0x20, 0x21, 0x3d, 0x20, 0x30, 0x2e, 0x30, 0x29, 0x0a, 0x20, 0x20, // ram.w != 0.0).  
	0x20, 0x20, 0x7b, 0x0a, 0x20, 0x20, 0x20, 0x20, 0x20, 0x20, 0x20, 0x20, 0x66, 0x6c, 0x6f, 0x61, //   {.        floa
	0x74, 0x32, 0x20, 0x5f, 0x32, 0x38, 0x33, 0x32, 0x20, 0x3d, 0x20, 0x66, 0x6c, 0x6f, 0x61, 0x74, // t2 _2832 = float
	0x32, 0x28, 0x28, 0x73, 0x5f, 0x64, 0x65, 0x70, 0x74, 0x68, 0x54, 0x65, 0x78, 0x2e, 0x73, 0x61, // 2((s_depthTex.sa
	0x6d, 0x70, 0x6c, 0x65, 0x28, 0x73, 0x5f, 0x64, 0x65, 0x70, 0x74, 0x68, 0x54, 0x65, 0x78, 0x53, // mple(s_depthTexS
	0x61, 0x6d, 0x70, 0x6c, 0x65, 0x72, 0x2c, 0x20, 0x5f, 0x31, 0x37, 0x38, 0x33, 0x29, 0x2e, 0x78, // ampler, _1783).x
	0x20, 0x2a, 0x20, 0x5f, 0x6d, 0x74, 0x6c, 0x5f, 0x75, 0x2e, 0x75, 0x5f, 0x66, 0x73, 0x72, 0x65, //  * _mtl_u.u_fsre
	0x63, 0x6f, 0x6e, 0x73, 0x74, 0x72, 0x75, 0x63, 0x74, 0x69, 0x6f, 0x6e, 0x50, 0x61, 0x72, 0x61, // constructionPara
	0x6d, 0x31, 0x2e, 0x78, 0x29, 0x20, 0x2b, 0x20, 0x5f, 0x6d, 0x74, 0x6c, 0x5f, 0x75, 0x2e, 0x75, // m1.x) + _mtl_u.u
	0x5f, 0x66, 0x73, 0x72, 0x65, 0x63, 0x6f, 0x6e, 0x73, 0x74, 0x72, 0x75, 0x63, 0x74, 0x69, 0x6f, // _fsreconstructio
	0x6e, 0x50, 0x61, 0x72, 0x61, 0x6d, 0x31, 0x2e, 0x79, 0x2c, 0x20, 0x5f, 0x31, 0x37, 0x37, 0x37, // nParam1.y, _1777
	0x2e, 0x7a, 0x29, 0x3b, 0x0a, 0x20, 0x20, 0x20, 0x20, 0x20, 0x20, 0x20, 0x20, 0x66, 0x6c, 0x6f, // .z);.        flo
	0x61, 0x74, 0x32, 0x20, 0x5f, 0x32, 0x38, 0x34, 0x39, 0x20, 0x3d, 0x20, 0x28, 0x28, 0x5f, 0x32, // at2 _2849 = ((_2
	0x38, 0x33, 0x32, 0x20, 0x2a, 0x20, 0x5f, 0x6d, 0x74, 0x6c, 0x5f, 0x75, 0x2e, 0x75, 0x5f, 0x66, // 832 * _mtl_u.u_f
	0x73, 0x72, 0x65, 0x63, 0x6f, 0x6e, 0x73, 0x74, 0x72, 0x75, 0x63, 0x74, 0x69, 0x6f, 0x6e, 0x50, // sreconstructionP
	0x61, 0x72, 0x61, 0x6d, 0x32, 0x2e, 0x77, 0x29, 0x20, 0x2d, 0x20, 0x66, 0x6c, 0x6f, 0x61, 0x74, // aram2.w) - float
	0x32, 0x28, 0x5f, 0x6d, 0x74, 0x6c, 0x5f, 0x75, 0x2e, 0x75, 0x5f, 0x66, 0x73, 0x72, 0x65, 0x63, // 2(_mtl_u.u_fsrec
	0x6f, 0x6e, 0x73, 0x74, 0x72, 0x75, 0x63, 0x74, 0x69, 0x6f, 0x6e, 0x50, 0x61, 0x72, 0x61, 0x6d, // onstructionParam
	0x32, 0x2e, 0x79, 0x29, 0x29, 0x20, 0x2f, 0x20, 0x28, 0x66, 0x6c, 0x6f, 0x61, 0x74, 0x32, 0x28, // 2.y)) / (float2(
	0x5f, 0x6d, 0x74, 0x6c, 0x5f, 0x75, 0x2e, 0x75, 0x5f, 0x66, 0x73, 0x72, 0x65, 0x63, 0x6f, 0x6e, // _mtl_u.u_fsrecon
	0x73, 0x74, 0x72, 0x75, 0x63, 0x74, 0x69, 0x6f, 0x6e, 0x50, 0x61, 0x72, 0x61, 0x6d, 0x32, 0x2e, // structionParam2.
	0x78, 0x29, 0x20, 0x2d, 0x20, 0x28, 0x5f, 0x32, 0x38, 0x33, 0x32, 0x20, 0x2a, 0x20, 0x5f, 0x6d, // x) - (_2832 * _m
	0x74, 0x6c, 0x5f, 0x75, 0x2e, 0x75, 0x5f, 0x66, 0x73, 0x72, 0x65, 0x63, 0x6f, 0x6e, 0x73, 0x74, // tl_u.u_fsreconst
	0x72, 0x75, 0x63, 0x74, 0x69, 0x6f, 0x6e, 0x50, 0x61, 0x72, 0x61, 0x6d, 0x32, 0x2e, 0x7a, 0x29, // ructionParam2.z)
	0x29, 0x3b, 0x0a, 0x20, 0x20, 0x20, 0x20, 0x20, 0x20, 0x20, 0x20, 0x66, 0x6c, 0x6f, 0x61, 0x74, // );.        float
	0x32, 0x20, 0x5f, 0x32, 0x38, 0x35, 0x35, 0x20, 0x3d, 0x20, 0x5f, 0x32, 0x38, 0x34, 0x39, 0x20, // 2 _2855 = _2849 
	0x2a, 0x20, 0x73, 0x69, 0x67, 0x6e, 0x28, 0x5f, 0x32, 0x38, 0x34, 0x39, 0x2e, 0x78, 0x29, 0x3b, // * sign(_2849.x);
	0x0a, 0x20, 0x20, 0x20, 0x20, 0x20, 0x20, 0x20, 0x20, 0x66, 0x6c, 0x6f, 0x61, 0x74, 0x20, 0x5f, // .        float _
	0x32, 0x38, 0x35, 0x39, 0x20, 0x3d, 0x20, 0x5f, 0x32, 0x38, 0x35, 0x35, 0x2e, 0x79, 0x3b, 0x0a, // 2859 = _2855.y;.
	0x20, 0x20, 0x20, 0x20, 0x20, 0x20, 0x20, 0x20, 0x5f, 0x33, 0x32, 0x36, 0x34, 0x20, 0x3d, 0x20, //         _3264 = 
	0x66, 0x6c, 0x6f, 0x61, 0x74, 0x34, 0x28, 0x5f, 0x31, 0x37, 0x36, 0x34, 0x2c, 0x20, 0x5f, 0x31, // float4(_1764, _1
	0x37, 0x36, 0x32, 0x2e, 0x79, 0x7a, 0x2c, 0x20, 0x5f, 0x33, 0x32, 0x36, 0x33, 0x2e, 0x77, 0x20, // 762.yz, _3263.w 
	0x2a, 0x20, 0x66, 0x61, 0x73, 0x74, 0x3a, 0x3a, 0x6d, 0x69, 0x6e, 0x28, 0x66, 0x61, 0x73, 0x74, // * fast::min(fast
	0x3a, 0x3a, 0x6d, 0x61, 0x78, 0x28, 0x66, 0x61, 0x73, 0x74, 0x3a, 0x3a, 0x6d, 0x69, 0x6e, 0x28, // ::max(fast::min(
	0x28, 0x5f, 0x32, 0x38, 0x35, 0x35, 0x2e, 0x78, 0x20, 0x2d, 0x20, 0x5f, 0x32, 0x38, 0x35, 0x39, // (_2855.x - _2859
	0x29, 0x20, 0x2f, 0x20, 0x5f, 0x6d, 0x74, 0x6c, 0x5f, 0x75, 0x2e, 0x75, 0x5f, 0x66, 0x73, 0x73, // ) / _mtl_u.u_fss
	0x6f, 0x66, 0x74, 0x50, 0x61, 0x72, 0x74, 0x69, 0x63, 0x6c, 0x65, 0x50, 0x61, 0x72, 0x61, 0x6d, // oftParticleParam
	0x2e, 0x78, 0x2c, 0x20, 0x28, 0x5f, 0x32, 0x38, 0x35, 0x39, 0x20, 0x2d, 0x20, 0x5f, 0x6d, 0x74, // .x, (_2859 - _mt
	0x6c, 0x5f, 0x75, 0x2e, 0x75, 0x5f, 0x66, 0x73, 0x73, 0x6f, 0x66, 0x74, 0x50, 0x61, 0x72, 0x74, // l_u.u_fssoftPart
	0x69, 0x63, 0x6c, 0x65, 0x50, 0x61, 0x72, 0x61, 0x6d, 0x2e, 0x7a, 0x29, 0x20, 0x2f, 0x20, 0x5f, // icleParam.z) / _
	0x6d, 0x74, 0x6c, 0x5f, 0x75, 0x2e, 0x75, 0x5f, 0x66, 0x73, 0x73, 0x6f, 0x66, 0x74, 0x50, 0x61, // mtl_u.u_fssoftPa
	0x72, 0x74, 0x69, 0x63, 0x6c, 0x65, 0x50, 0x61, 0x72, 0x61, 0x6d, 0x2e, 0x79, 0x29, 0x2c, 0x20, // rticleParam.y), 
	0x30, 0x2e, 0x30, 0x29, 0x2c, 0x20, 0x31, 0x2e, 0x30, 0x29, 0x29, 0x3b, 0x0a, 0x20, 0x20, 0x20, // 0.0), 1.0));.   
	0x20, 0x7d, 0x0a, 0x20, 0x20, 0x20, 0x20, 0x65, 0x6c, 0x73, 0x65, 0x0a, 0x20, 0x20, 0x20, 0x20, //  }.    else.    
	0x7b, 0x0a, 0x20, 0x20, 0x20, 0x20, 0x20, 0x20, 0x20, 0x20, 0x5f, 0x33, 0x32, 0x36, 0x34, 0x20, // {.        _3264 
	0x3d, 0x20, 0x5f, 0x33, 0x32, 0x30, 0x38, 0x3b, 0x0a, 0x20, 0x20, 0x20, 0x20, 0x7d, 0x0a, 0x20, // = _3208;.    }. 
	0x20, 0x20, 0x20, 0x69, 0x66, 0x20, 0x28, 0x5f, 0x33, 0x32, 0x36, 0x34, 0x2e, 0x77, 0x20, 0x3c, //    if (_3264.w <
	0x3d, 0x20, 0x66, 0x61, 0x73, 0x74, 0x3a, 0x3a, 0x6d, 0x61, 0x78, 0x28, 0x30, 0x2e, 0x30, 0x2c, // = fast::max(0.0,
	0x20, 0x69, 0x6e, 0x2e, 0x76, 0x5f, 0x55, 0x56, 0x5f, 0x4f, 0x74, 0x68, 0x65, 0x72, 0x73, 0x2e, //  in.v_UV_Others.
	0x77, 0x29, 0x29, 0x0a, 0x20, 0x20, 0x20, 0x20, 0x7b, 0x0a, 0x20, 0x20, 0x20, 0x20, 0x20, 0x20, // w)).    {.      
	0x20, 0x20, 0x64, 0x69, 0x73, 0x63, 0x61, 0x72, 0x64, 0x5f, 0x66, 0x72, 0x61, 0x67, 0x6d, 0x65, //   discard_fragme
	0x6e, 0x74, 0x28, 0x29, 0x3b, 0x0a, 0x20, 0x20, 0x20, 0x20, 0x7d, 0x0a, 0x20, 0x20, 0x20, 0x20, // nt();.    }.    
	0x66, 0x6c, 0x6f, 0x61, 0x74, 0x33, 0x20, 0x5f, 0x32, 0x38, 0x39, 0x31, 0x20, 0x3d, 0x20, 0x6d, // float3 _2891 = m
	0x69, 0x78, 0x28, 0x5f, 0x6d, 0x74, 0x6c, 0x5f, 0x75, 0x2e, 0x75, 0x5f, 0x66, 0x73, 0x66, 0x45, // ix(_mtl_u.u_fsfE
	0x64, 0x67, 0x65, 0x43, 0x6f, 0x6c, 0x6f, 0x72, 0x2e, 0x78, 0x79, 0x7a, 0x20, 0x2a, 0x20, 0x5f, // dgeColor.xyz * _
	0x6d, 0x74, 0x6c, 0x5f, 0x75, 0x2e, 0x75, 0x5f, 0x66, 0x73, 0x66, 0x45, 0x64, 0x67, 0x65, 0x50, // mtl_u.u_fsfEdgeP
	0x61, 0x72, 0x61, 0x6d, 0x65, 0x74, 0x65, 0x72, 0x2e, 0x79, 0x2c, 0x20, 0x5f, 0x33, 0x32, 0x36, // arameter.y, _326
	0x34, 0x2e, 0x78, 0x79, 0x7a, 0x2c, 0x20, 0x66, 0x6c, 0x6f, 0x61, 0x74, 0x33, 0x28, 0x63, 0x65, // 4.xyz, float3(ce
	0x69, 0x6c, 0x28, 0x28, 0x5f, 0x33, 0x32, 0x36, 0x34, 0x2e, 0x77, 0x20, 0x2d, 0x20, 0x69, 0x6e, // il((_3264.w - in
	0x2e, 0x76, 0x5f, 0x55, 0x56, 0x5f, 0x4f, 0x74, 0x68, 0x65, 0x72, 0x73, 0x2e, 0x77, 0x29, 0x20, // .v_UV_Others.w) 
	0x2d, 0x20, 0x5f, 0x6d, 0x74, 0x6c, 0x5f, 0x75, 0x2e, 0x75, 0x5f, 0x66, 0x73, 0x66, 0x45, 0x64, // - _mtl_u.u_fsfEd
	0x67, 0x65, 0x50, 0x61, 0x72, 0x61, 0x6d, 0x65, 0x74, 0x65, 0x72, 0x2e, 0x78, 0x29, 0x29, 0x29, // geParameter.x)))
	0x3b, 0x0a, 0x20, 0x20, 0x20, 0x20, 0x66, 0x6c, 0x6f, 0x61, 0x74, 0x34, 0x20, 0x5f, 0x33, 0x32, // ;.    float4 _32
	0x34, 0x32, 0x20, 0x3d, 0x20, 0x5f, 0x33, 0x32, 0x36, 0x34, 0x3b, 0x0a, 0x20, 0x20, 0x20, 0x20, // 42 = _3264;.    
	0x5f, 0x33, 0x32, 0x34, 0x32, 0x2e, 0x78, 0x20, 0x3d, 0x20, 0x5f, 0x32, 0x38, 0x39, 0x31, 0x2e, // _3242.x = _2891.
	0x78, 0x3b, 0x0a, 0x20, 0x20, 0x20, 0x20, 0x5f, 0x33, 0x32, 0x34, 0x32, 0x2e, 0x79, 0x20, 0x3d, // x;.    _3242.y =
	0x20, 0x5f, 0x32, 0x38, 0x39, 0x31, 0x2e, 0x79, 0x3b, 0x0a, 0x20, 0x20, 0x20, 0x20, 0x5f, 0x33, //  _2891.y;.    _3
	0x32, 0x34, 0x32, 0x2e, 0x7a, 0x20, 0x3d, 0x20, 0x5f, 0x32, 0x38, 0x39, 0x31, 0x2e, 0x7a, 0x3b, // 242.z = _2891.z;
	0x0a, 0x20, 0x20, 0x20, 0x20, 0x66, 0x6c, 0x6f, 0x61, 0x74, 0x34, 0x20, 0x5f, 0x33, 0x30, 0x37, // .    float4 _307
	0x36, 0x3b, 0x0a, 0x20, 0x20, 0x20, 0x20, 0x64, 0x6f, 0x0a, 0x20, 0x20, 0x20, 0x20, 0x7b, 0x0a, // 6;.    do.    {.
	0x20, 0x20, 0x20, 0x20, 0x20, 0x20, 0x20, 0x20, 0x69, 0x66, 0x20, 0x28, 0x5f, 0x32, 0x30, 0x34, //         if (_204
	0x39, 0x29, 0x0a, 0x20, 0x20, 0x20, 0x20, 0x20, 0x20, 0x20, 0x20, 0x7b, 0x0a, 0x20, 0x20, 0x20, // 9).        {.   
	0x20, 0x20, 0x20, 0x20, 0x20, 0x20, 0x20, 0x20, 0x20, 0x5f, 0x33, 0x30, 0x37, 0x36, 0x20, 0x3d, //          _3076 =
	0x20, 0x5f, 0x33, 0x32, 0x34, 0x32, 0x3b, 0x0a, 0x20, 0x20, 0x20, 0x20, 0x20, 0x20, 0x20, 0x20, //  _3242;.        
	0x20, 0x20, 0x20, 0x20, 0x62, 0x72, 0x65, 0x61, 0x6b, 0x3b, 0x0a, 0x20, 0x20, 0x20, 0x20, 0x20, //     break;.     
	0x20, 0x20, 0x20, 0x7d, 0x0a, 0x20, 0x20, 0x20, 0x20, 0x20, 0x20, 0x20, 0x20, 0x5f, 0x33, 0x30, //    }.        _30
	0x37, 0x36, 0x20, 0x3d, 0x20, 0x66, 0x6c, 0x6f, 0x61, 0x74, 0x34, 0x28, 0x66, 0x61, 0x73, 0x74, // 76 = float4(fast
	0x3a, 0x3a, 0x6d, 0x69, 0x6e, 0x28, 0x5f, 0x33, 0x32, 0x34, 0x32, 0x2e, 0x78, 0x79, 0x7a, 0x2c, // ::min(_3242.xyz,
	0x20, 0x5f, 0x33, 0x32, 0x34, 0x32, 0x2e, 0x78, 0x79, 0x7a, 0x20, 0x2a, 0x20, 0x28, 0x28, 0x5f, //  _3242.xyz * ((_
	0x33, 0x32, 0x34, 0x32, 0x2e, 0x78, 0x79, 0x7a, 0x20, 0x2a, 0x20, 0x28, 0x28, 0x5f, 0x33, 0x32, // 3242.xyz * ((_32
	0x34, 0x32, 0x2e, 0x78, 0x79, 0x7a, 0x20, 0x2a, 0x20, 0x30, 0x2e, 0x33, 0x30, 0x35, 0x33, 0x30, // 42.xyz * 0.30530
	0x36, 0x30, 0x31, 0x37, 0x33, 0x39, 0x38, 0x38, 0x33, 0x34, 0x32, 0x32, 0x38, 0x35, 0x31, 0x35, // 6017398834228515
	0x36, 0x32, 0x35, 0x29, 0x20, 0x2b, 0x20, 0x66, 0x6c, 0x6f, 0x61, 0x74, 0x33, 0x28, 0x30, 0x2e, // 625) + float3(0.
	0x36, 0x38, 0x32, 0x31, 0x37, 0x31, 0x31, 0x30, 0x36, 0x33, 0x33, 0x38, 0x35, 0x30, 0x30, 0x39, // 6821711063385009
	0x37, 0x36, 0x35, 0x36, 0x32, 0x35, 0x29, 0x29, 0x29, 0x20, 0x2b, 0x20, 0x66, 0x6c, 0x6f, 0x61, // 765625))) + floa
	0x74, 0x33, 0x28, 0x30, 0x2e, 0x30, 0x31, 0x32, 0x35, 0x32, 0x32, 0x38, 0x37, 0x38, 0x31, 0x32, // t3(0.01252287812
	0x35, 0x33, 0x30, 0x39, 0x39, 0x34, 0x34, 0x31, 0x35, 0x32, 0x38, 0x33, 0x32, 0x30, 0x33, 0x31, // 5309944152832031
	0x32, 0x35, 0x29, 0x29, 0x29, 0x2c, 0x20, 0x5f, 0x33, 0x32, 0x36, 0x34, 0x2e, 0x77, 0x29, 0x3b, // 25))), _3264.w);
	0x0a, 0x20, 0x20, 0x20, 0x20, 0x20, 0x20, 0x20, 0x20, 0x62, 0x72, 0x65, 0x61, 0x6b, 0x3b, 0x0a, // .        break;.
	0x20, 0x20, 0x20, 0x20, 0x7d, 0x20, 0x77, 0x68, 0x69, 0x6c, 0x65, 0x28, 0x66, 0x61, 0x6c, 0x73, //     } while(fals
	0x65, 0x29, 0x3b, 0x0a, 0x20, 0x20, 0x20, 0x20, 0x6f, 0x75, 0x74, 0x2e, 0x62, 0x67, 0x66, 0x78, // e);.    out.bgfx
	0x5f, 0x46, 0x72, 0x61, 0x67, 0x44, 0x61, 0x74, 0x61, 0x30, 0x20, 0x3d, 0x20, 0x5f, 0x33, 0x30, // _FragData0 = _30
	0x37, 0x36, 0x3b, 0x0a, 0x20, 0x20, 0x20, 0x20, 0x72, 0x65, 0x74, 0x75, 0x72, 0x6e, 0x20, 0x6f, // 76;.    return o
	0x75, 0x74, 0x3b, 0x0a, 0x7d, 0x0a, 0x0a, 0x00, 0x00, 0x20, 0x02,                               // ut;.}.... .
};
