static const uint8_t ad_model_lit_vs_essl[6258] =
{
	0x56, 0x53, 0x48, 0x0c, 0x00, 0x00, 0x00, 0x00, 0x86, 0x32, 0x45, 0x95, 0x00, 0x00, 0x00, 0x00, // VSH......2E.....
	0x00, 0x00, 0x00, 0x00, 0x0e, 0x00, 0x14, 0x75, 0x5f, 0x66, 0x6c, 0x69, 0x70, 0x62, 0x6f, 0x6f, // .......u_flipboo
	0x6b, 0x50, 0x61, 0x72, 0x61, 0x6d, 0x65, 0x74, 0x65, 0x72, 0x31, 0x02, 0x01, 0x00, 0x00, 0x01, // kParameter1.....
	0x00, 0x00, 0x00, 0x00, 0x00, 0x14, 0x75, 0x5f, 0x66, 0x6c, 0x69, 0x70, 0x62, 0x6f, 0x6f, 0x6b, // ......u_flipbook
	0x50, 0x61, 0x72, 0x61, 0x6d, 0x65, 0x74, 0x65, 0x72, 0x32, 0x02, 0x01, 0x00, 0x00, 0x01, 0x00, // Parameter2......
	0x00, 0x00, 0x00, 0x00, 0x0d, 0x75, 0x5f, 0x6d, 0x55, 0x56, 0x49, 0x6e, 0x76, 0x65, 0x72, 0x73, // .....u_mUVInvers
	0x65, 0x64, 0x02, 0x01, 0x00, 0x00, 0x01, 0x00, 0x00, 0x00, 0x00, 0x00, 0x0d, 0x75, 0x5f, 0x6d, // ed...........u_m
	0x4d, 0x6f, 0x64, 0x65, 0x6c, 0x5f, 0x49, 0x6e, 0x73, 0x74, 0x04, 0x28, 0x00, 0x00, 0xa0, 0x00, // Model_Inst.(....
	0x00, 0x00, 0x00, 0x00, 0x05, 0x75, 0x5f, 0x66, 0x55, 0x56, 0x02, 0x28, 0x00, 0x00, 0x28, 0x00, // .....u_fUV.(..(.
	0x00, 0x00, 0x00, 0x00, 0x0a, 0x75, 0x5f, 0x66, 0x41, 0x6c, 0x70, 0x68, 0x61, 0x55, 0x56, 0x02, // .....u_fAlphaUV.
	0x28, 0x00, 0x00, 0x28, 0x00, 0x00, 0x00, 0x00, 0x00, 0x11, 0x75, 0x5f, 0x66, 0x55, 0x56, 0x44, // (..(......u_fUVD
	0x69, 0x73, 0x74, 0x6f, 0x72, 0x74, 0x69, 0x6f, 0x6e, 0x55, 0x56, 0x02, 0x28, 0x00, 0x00, 0x28, // istortionUV.(..(
	0x00, 0x00, 0x00, 0x00, 0x00, 0x0a, 0x75, 0x5f, 0x66, 0x42, 0x6c, 0x65, 0x6e, 0x64, 0x55, 0x56, // ......u_fBlendUV
	0x02, 0x28, 0x00, 0x00, 0x28, 0x00, 0x00, 0x00, 0x00, 0x00, 0x0f, 0x75, 0x5f, 0x66, 0x42, 0x6c, // .(..(......u_fBl
	0x65, 0x6e, 0x64, 0x41, 0x6c, 0x70, 0x68, 0x61, 0x55, 0x56, 0x02, 0x28, 0x00, 0x00, 0x28, 0x00, // endAlphaUV.(..(.
	0x00, 0x00, 0x00, 0x00, 0x16, 0x75, 0x5f, 0x66, 0x42, 0x6c, 0x65, 0x6e, 0x64, 0x55, 0x56, 0x44, // .....u_fBlendUVD
	0x69, 0x73, 0x74, 0x6f, 0x72, 0x74, 0x69, 0x6f, 0x6e, 0x55, 0x56, 0x02, 0x28, 0x00, 0x00, 0x28, // istortionUV.(..(
	0x00, 0x00, 0x00, 0x00, 0x00, 0x0d, 0x75, 0x5f, 0x66, 0x4d, 0x6f, 0x64, 0x65, 0x6c, 0x43, 0x6f, // ......u_fModelCo
	0x6c, 0x6f, 0x72, 0x02, 0x28, 0x00, 0x00, 0x28, 0x00, 0x00, 0x00, 0x00, 0x00, 0x1b, 0x75, 0x5f, // lor.(..(......u_
	0x66, 0x46, 0x6c, 0x69, 0x70, 0x62, 0x6f, 0x6f, 0x6b, 0x49, 0x6e, 0x64, 0x65, 0x78, 0x41, 0x6e, // fFlipbookIndexAn
	0x64, 0x4e, 0x65, 0x78, 0x74, 0x52, 0x61, 0x74, 0x65, 0x02, 0x28, 0x00, 0x00, 0x28, 0x00, 0x00, // dNextRate.(..(..
	0x00, 0x00, 0x00, 0x16, 0x75, 0x5f, 0x66, 0x4d, 0x6f, 0x64, 0x65, 0x6c, 0x41, 0x6c, 0x70, 0x68, // ....u_fModelAlph
	0x61, 0x54, 0x68, 0x72, 0x65, 0x73, 0x68, 0x6f, 0x6c, 0x64, 0x02, 0x28, 0x00, 0x00, 0x28, 0x00, // aThreshold.(..(.
	0x00, 0x00, 0x00, 0x00, 0x0d, 0x75, 0x5f, 0x6d, 0x43, 0x61, 0x6d, 0x65, 0x72, 0x61, 0x50, 0x72, // .....u_mCameraPr
	0x6f, 0x6a, 0x04, 0x01, 0x00, 0x00, 0x04, 0x00, 0x00, 0x00, 0x00, 0x00, 0xe1, 0x16, 0x00, 0x00, // oj..............
	0x0a, 0x76, 0x65, 0x63, 0x34, 0x20, 0x5f, 0x31, 0x37, 0x39, 0x37, 0x3b, 0x0a, 0x0a, 0x75, 0x6e, // .vec4 _1797;..un
	0x69, 0x66, 0x6f, 0x72, 0x6d, 0x20, 0x76, 0x65, 0x63, 0x34, 0x20, 0x75, 0x5f, 0x66, 0x6c, 0x69, // iform vec4 u_fli
	0x70, 0x62, 0x6f, 0x6f, 0x6b, 0x50, 0x61, 0x72, 0x61, 0x6d, 0x65, 0x74, 0x65, 0x72, 0x31, 0x3b, // pbookParameter1;
	0x0a, 0x75, 0x6e, 0x69, 0x66, 0x6f, 0x72, 0x6d, 0x20, 0x76, 0x65, 0x63, 0x34, 0x20, 0x75, 0x5f, // .uniform vec4 u_
	0x66, 0x6c, 0x69, 0x70, 0x62, 0x6f, 0x6f, 0x6b, 0x50, 0x61, 0x72, 0x61, 0x6d, 0x65, 0x74, 0x65, // flipbookParamete
	0x72, 0x32, 0x3b, 0x0a, 0x75, 0x6e, 0x69, 0x66, 0x6f, 0x72, 0x6d, 0x20, 0x76, 0x65, 0x63, 0x34, // r2;.uniform vec4
	0x20, 0x75, 0x5f, 0x6d, 0x55, 0x56, 0x49, 0x6e, 0x76, 0x65, 0x72, 0x73, 0x65, 0x64, 0x3b, 0x0a, //  u_mUVInversed;.
	0x75, 0x6e, 0x69, 0x66, 0x6f, 0x72, 0x6d, 0x20, 0x6d, 0x61, 0x74, 0x34, 0x20, 0x75, 0x5f, 0x6d, // uniform mat4 u_m
	0x4d, 0x6f, 0x64, 0x65, 0x6c, 0x5f, 0x49, 0x6e, 0x73, 0x74, 0x5b, 0x34, 0x30, 0x5d, 0x3b, 0x0a, // Model_Inst[40];.
	0x75, 0x6e, 0x69, 0x66, 0x6f, 0x72, 0x6d, 0x20, 0x76, 0x65, 0x63, 0x34, 0x20, 0x75, 0x5f, 0x66, // uniform vec4 u_f
	0x55, 0x56, 0x5b, 0x34, 0x30, 0x5d, 0x3b, 0x0a, 0x75, 0x6e, 0x69, 0x66, 0x6f, 0x72, 0x6d, 0x20, // UV[40];.uniform 
	0x76, 0x65, 0x63, 0x34, 0x20, 0x75, 0x5f, 0x66, 0x41, 0x6c, 0x70, 0x68, 0x61, 0x55, 0x56, 0x5b, // vec4 u_fAlphaUV[
	0x34, 0x30, 0x5d, 0x3b, 0x0a, 0x75, 0x6e, 0x69, 0x66, 0x6f, 0x72, 0x6d, 0x20, 0x76, 0x65, 0x63, // 40];.uniform vec
	0x34, 0x20, 0x75, 0x5f, 0x66, 0x55, 0x56, 0x44, 0x69, 0x73, 0x74, 0x6f, 0x72, 0x74, 0x69, 0x6f, // 4 u_fUVDistortio
	0x6e, 0x55, 0x56, 0x5b, 0x34, 0x30, 0x5d, 0x3b, 0x0a, 0x75, 0x6e, 0x69, 0x66, 0x6f, 0x72, 0x6d, // nUV[40];.uniform
	0x20, 0x76, 0x65, 0x63, 0x34, 0x20, 0x75, 0x5f, 0x66, 0x42, 0x6c, 0x65, 0x6e, 0x64, 0x55, 0x56, //  vec4 u_fBlendUV
	0x5b, 0x34, 0x30, 0x5d, 0x3b, 0x0a, 0x75, 0x6e, 0x69, 0x66, 0x6f, 0x72, 0x6d, 0x20, 0x76, 0x65, // [40];.uniform ve
	0x63, 0x34, 0x20, 0x75, 0x5f, 0x66, 0x42, 0x6c, 0x65, 0x6e, 0x64, 0x41, 0x6c, 0x70, 0x68, 0x61, // c4 u_fBlendAlpha
	0x55, 0x56, 0x5b, 0x34, 0x30, 0x5d, 0x3b, 0x0a, 0x75, 0x6e, 0x69, 0x66, 0x6f, 0x72, 0x6d, 0x20, // UV[40];.uniform 
	0x76, 0x65, 0x63, 0x34, 0x20, 0x75, 0x5f, 0x66, 0x42, 0x6c, 0x65, 0x6e, 0x64, 0x55, 0x56, 0x44, // vec4 u_fBlendUVD
	0x69, 0x73, 0x74, 0x6f, 0x72, 0x74, 0x69, 0x6f, 0x6e, 0x55, 0x56, 0x5b, 0x34, 0x30, 0x5d, 0x3b, // istortionUV[40];
	0x0a, 0x75, 0x6e, 0x69, 0x66, 0x6f, 0x72, 0x6d, 0x20, 0x76, 0x65, 0x63, 0x34, 0x20, 0x75, 0x5f, // .uniform vec4 u_
	0x66, 0x4d, 0x6f, 0x64, 0x65, 0x6c, 0x43, 0x6f, 0x6c, 0x6f, 0x72, 0x5b, 0x34, 0x30, 0x5d, 0x3b, // fModelColor[40];
	0x0a, 0x75, 0x6e, 0x69, 0x66, 0x6f, 0x72, 0x6d, 0x20, 0x76, 0x65, 0x63, 0x34, 0x20, 0x75, 0x5f, // .uniform vec4 u_
	0x66, 0x46, 0x6c, 0x69, 0x70, 0x62, 0x6f, 0x6f, 0x6b, 0x49, 0x6e, 0x64, 0x65, 0x78, 0x41, 0x6e, // fFlipbookIndexAn
	0x64, 0x4e, 0x65, 0x78, 0x74, 0x52, 0x61, 0x74, 0x65, 0x5b, 0x34, 0x30, 0x5d, 0x3b, 0x0a, 0x75, // dNextRate[40];.u
	0x6e, 0x69, 0x66, 0x6f, 0x72, 0x6d, 0x20, 0x76, 0x65, 0x63, 0x34, 0x20, 0x75, 0x5f, 0x66, 0x4d, // niform vec4 u_fM
	0x6f, 0x64, 0x65, 0x6c, 0x41, 0x6c, 0x70, 0x68, 0x61, 0x54, 0x68, 0x72, 0x65, 0x73, 0x68, 0x6f, // odelAlphaThresho
	0x6c, 0x64, 0x5b, 0x34, 0x30, 0x5d, 0x3b, 0x0a, 0x75, 0x6e, 0x69, 0x66, 0x6f, 0x72, 0x6d, 0x20, // ld[40];.uniform 
	0x6d, 0x61, 0x74, 0x34, 0x20, 0x75, 0x5f, 0x6d, 0x43, 0x61, 0x6d, 0x65, 0x72, 0x61, 0x50, 0x72, // mat4 u_mCameraPr
	0x6f, 0x6a, 0x3b, 0x0a, 0x0a, 0x6c, 0x61, 0x79, 0x6f, 0x75, 0x74, 0x28, 0x6c, 0x6f, 0x63, 0x61, // oj;..layout(loca
	0x74, 0x69, 0x6f, 0x6e, 0x20, 0x3d, 0x20, 0x33, 0x29, 0x20, 0x69, 0x6e, 0x20, 0x76, 0x65, 0x63, // tion = 3) in vec
	0x33, 0x20, 0x61, 0x5f, 0x70, 0x6f, 0x73, 0x69, 0x74, 0x69, 0x6f, 0x6e, 0x3b, 0x0a, 0x6c, 0x61, // 3 a_position;.la
	0x79, 0x6f, 0x75, 0x74, 0x28, 0x6c, 0x6f, 0x63, 0x61, 0x74, 0x69, 0x6f, 0x6e, 0x20, 0x3d, 0x20, // yout(location = 
	0x32, 0x29, 0x20, 0x69, 0x6e, 0x20, 0x76, 0x65, 0x63, 0x33, 0x20, 0x61, 0x5f, 0x6e, 0x6f, 0x72, // 2) in vec3 a_nor
	0x6d, 0x61, 0x6c, 0x3b, 0x0a, 0x6c, 0x61, 0x79, 0x6f, 0x75, 0x74, 0x28, 0x6c, 0x6f, 0x63, 0x61, // mal;.layout(loca
	0x74, 0x69, 0x6f, 0x6e, 0x20, 0x3d, 0x20, 0x30, 0x29, 0x20, 0x69, 0x6e, 0x20, 0x76, 0x65, 0x63, // tion = 0) in vec
	0x33, 0x20, 0x61, 0x5f, 0x62, 0x69, 0x74, 0x61, 0x6e, 0x67, 0x65, 0x6e, 0x74, 0x3b, 0x0a, 0x6c, // 3 a_bitangent;.l
	0x61, 0x79, 0x6f, 0x75, 0x74, 0x28, 0x6c, 0x6f, 0x63, 0x61, 0x74, 0x69, 0x6f, 0x6e, 0x20, 0x3d, // ayout(location =
	0x20, 0x34, 0x29, 0x20, 0x69, 0x6e, 0x20, 0x76, 0x65, 0x63, 0x33, 0x20, 0x61, 0x5f, 0x74, 0x61, //  4) in vec3 a_ta
	0x6e, 0x67, 0x65, 0x6e, 0x74, 0x3b, 0x0a, 0x6c, 0x61, 0x79, 0x6f, 0x75, 0x74, 0x28, 0x6c, 0x6f, // ngent;.layout(lo
	0x63, 0x61, 0x74, 0x69, 0x6f, 0x6e, 0x20, 0x3d, 0x20, 0x35, 0x29, 0x20, 0x69, 0x6e, 0x20, 0x76, // cation = 5) in v
	0x65, 0x63, 0x32, 0x20, 0x61, 0x5f, 0x74, 0x65, 0x78, 0x63, 0x6f, 0x6f, 0x72, 0x64, 0x30, 0x3b, // ec2 a_texcoord0;
	0x0a, 0x6c, 0x61, 0x79, 0x6f, 0x75, 0x74, 0x28, 0x6c, 0x6f, 0x63, 0x61, 0x74, 0x69, 0x6f, 0x6e, // .layout(location
	0x20, 0x3d, 0x20, 0x31, 0x29, 0x20, 0x69, 0x6e, 0x20, 0x76, 0x65, 0x63, 0x34, 0x20, 0x61, 0x5f, //  = 1) in vec4 a_
	0x63, 0x6f, 0x6c, 0x6f, 0x72, 0x30, 0x3b, 0x0a, 0x6f, 0x75, 0x74, 0x20, 0x76, 0x65, 0x63, 0x34, // color0;.out vec4
	0x20, 0x76, 0x5f, 0x43, 0x6f, 0x6c, 0x6f, 0x72, 0x3b, 0x0a, 0x6f, 0x75, 0x74, 0x20, 0x76, 0x65, //  v_Color;.out ve
	0x63, 0x34, 0x20, 0x76, 0x5f, 0x55, 0x56, 0x5f, 0x4f, 0x74, 0x68, 0x65, 0x72, 0x73, 0x3b, 0x0a, // c4 v_UV_Others;.
	0x6f, 0x75, 0x74, 0x20, 0x76, 0x65, 0x63, 0x33, 0x20, 0x76, 0x5f, 0x57, 0x6f, 0x72, 0x6c, 0x64, // out vec3 v_World
	0x4e, 0x3b, 0x0a, 0x6f, 0x75, 0x74, 0x20, 0x76, 0x65, 0x63, 0x33, 0x20, 0x76, 0x5f, 0x57, 0x6f, // N;.out vec3 v_Wo
	0x72, 0x6c, 0x64, 0x42, 0x3b, 0x0a, 0x6f, 0x75, 0x74, 0x20, 0x76, 0x65, 0x63, 0x33, 0x20, 0x76, // rldB;.out vec3 v
	0x5f, 0x57, 0x6f, 0x72, 0x6c, 0x64, 0x54, 0x3b, 0x0a, 0x6f, 0x75, 0x74, 0x20, 0x76, 0x65, 0x63, // _WorldT;.out vec
	0x34, 0x20, 0x76, 0x5f, 0x41, 0x6c, 0x70, 0x68, 0x61, 0x5f, 0x44, 0x69, 0x73, 0x74, 0x5f, 0x55, // 4 v_Alpha_Dist_U
	0x56, 0x3b, 0x0a, 0x6f, 0x75, 0x74, 0x20, 0x76, 0x65, 0x63, 0x34, 0x20, 0x76, 0x5f, 0x42, 0x6c, // V;.out vec4 v_Bl
	0x65, 0x6e, 0x64, 0x5f, 0x41, 0x6c, 0x70, 0x68, 0x61, 0x5f, 0x44, 0x69, 0x73, 0x74, 0x5f, 0x55, // end_Alpha_Dist_U
	0x56, 0x3b, 0x0a, 0x6f, 0x75, 0x74, 0x20, 0x76, 0x65, 0x63, 0x34, 0x20, 0x76, 0x5f, 0x42, 0x6c, // V;.out vec4 v_Bl
	0x65, 0x6e, 0x64, 0x5f, 0x46, 0x42, 0x4e, 0x65, 0x78, 0x74, 0x49, 0x6e, 0x64, 0x65, 0x78, 0x5f, // end_FBNextIndex_
	0x55, 0x56, 0x3b, 0x0a, 0x6f, 0x75, 0x74, 0x20, 0x76, 0x65, 0x63, 0x34, 0x20, 0x76, 0x5f, 0x50, // UV;.out vec4 v_P
	0x6f, 0x73, 0x50, 0x3b, 0x0a, 0x0a, 0x76, 0x6f, 0x69, 0x64, 0x20, 0x6d, 0x61, 0x69, 0x6e, 0x28, // osP;..void main(
	0x29, 0x0a, 0x7b, 0x0a, 0x20, 0x20, 0x20, 0x20, 0x75, 0x69, 0x6e, 0x74, 0x20, 0x5f, 0x37, 0x35, // ).{.    uint _75
	0x33, 0x20, 0x3d, 0x20, 0x75, 0x69, 0x6e, 0x74, 0x28, 0x67, 0x6c, 0x5f, 0x49, 0x6e, 0x73, 0x74, // 3 = uint(gl_Inst
	0x61, 0x6e, 0x63, 0x65, 0x49, 0x44, 0x29, 0x3b, 0x0a, 0x20, 0x20, 0x20, 0x20, 0x76, 0x65, 0x63, // anceID);.    vec
	0x34, 0x20, 0x5f, 0x39, 0x30, 0x37, 0x20, 0x3d, 0x20, 0x75, 0x5f, 0x6d, 0x43, 0x61, 0x6d, 0x65, // 4 _907 = u_mCame
	0x72, 0x61, 0x50, 0x72, 0x6f, 0x6a, 0x20, 0x2a, 0x20, 0x28, 0x75, 0x5f, 0x6d, 0x4d, 0x6f, 0x64, // raProj * (u_mMod
	0x65, 0x6c, 0x5f, 0x49, 0x6e, 0x73, 0x74, 0x5b, 0x5f, 0x37, 0x35, 0x33, 0x5d, 0x20, 0x2a, 0x20, // el_Inst[_753] * 
	0x76, 0x65, 0x63, 0x34, 0x28, 0x61, 0x5f, 0x70, 0x6f, 0x73, 0x69, 0x74, 0x69, 0x6f, 0x6e, 0x2c, // vec4(a_position,
	0x20, 0x31, 0x2e, 0x30, 0x29, 0x29, 0x3b, 0x0a, 0x20, 0x20, 0x20, 0x20, 0x66, 0x6c, 0x6f, 0x61, //  1.0));.    floa
	0x74, 0x20, 0x5f, 0x39, 0x31, 0x38, 0x20, 0x3d, 0x20, 0x28, 0x61, 0x5f, 0x74, 0x65, 0x78, 0x63, // t _918 = (a_texc
	0x6f, 0x6f, 0x72, 0x64, 0x30, 0x2e, 0x78, 0x20, 0x2a, 0x20, 0x75, 0x5f, 0x66, 0x55, 0x56, 0x5b, // oord0.x * u_fUV[
	0x5f, 0x37, 0x35, 0x33, 0x5d, 0x2e, 0x7a, 0x29, 0x20, 0x2b, 0x20, 0x75, 0x5f, 0x66, 0x55, 0x56, // _753].z) + u_fUV
	0x5b, 0x5f, 0x37, 0x35, 0x33, 0x5d, 0x2e, 0x78, 0x3b, 0x0a, 0x20, 0x20, 0x20, 0x20, 0x66, 0x6c, // [_753].x;.    fl
	0x6f, 0x61, 0x74, 0x20, 0x5f, 0x39, 0x33, 0x36, 0x20, 0x3d, 0x20, 0x75, 0x5f, 0x6d, 0x55, 0x56, // oat _936 = u_mUV
	0x49, 0x6e, 0x76, 0x65, 0x72, 0x73, 0x65, 0x64, 0x2e, 0x78, 0x20, 0x2b, 0x20, 0x28, 0x75, 0x5f, // Inversed.x + (u_
	0x6d, 0x55, 0x56, 0x49, 0x6e, 0x76, 0x65, 0x72, 0x73, 0x65, 0x64, 0x2e, 0x79, 0x20, 0x2a, 0x20, // mUVInversed.y * 
	0x28, 0x28, 0x61, 0x5f, 0x74, 0x65, 0x78, 0x63, 0x6f, 0x6f, 0x72, 0x64, 0x30, 0x2e, 0x79, 0x20, // ((a_texcoord0.y 
	0x2a, 0x20, 0x75, 0x5f, 0x66, 0x55, 0x56, 0x5b, 0x5f, 0x37, 0x35, 0x33, 0x5d, 0x2e, 0x77, 0x29, // * u_fUV[_753].w)
	0x20, 0x2b, 0x20, 0x75, 0x5f, 0x66, 0x55, 0x56, 0x5b, 0x5f, 0x37, 0x35, 0x33, 0x5d, 0x2e, 0x79, //  + u_fUV[_753].y
	0x29, 0x29, 0x3b, 0x0a, 0x20, 0x20, 0x20, 0x20, 0x76, 0x65, 0x63, 0x34, 0x20, 0x5f, 0x31, 0x36, // ));.    vec4 _16
	0x31, 0x38, 0x3b, 0x0a, 0x20, 0x20, 0x20, 0x20, 0x5f, 0x31, 0x36, 0x31, 0x38, 0x2e, 0x78, 0x20, // 18;.    _1618.x 
	0x3d, 0x20, 0x5f, 0x39, 0x31, 0x38, 0x3b, 0x0a, 0x20, 0x20, 0x20, 0x20, 0x76, 0x65, 0x63, 0x32, // = _918;.    vec2
	0x20, 0x5f, 0x39, 0x39, 0x35, 0x20, 0x3d, 0x20, 0x5f, 0x31, 0x36, 0x31, 0x38, 0x2e, 0x78, 0x79, //  _995 = _1618.xy
	0x3b, 0x0a, 0x20, 0x20, 0x20, 0x20, 0x66, 0x6c, 0x6f, 0x61, 0x74, 0x20, 0x5f, 0x31, 0x30, 0x35, // ;.    float _105
	0x36, 0x20, 0x3d, 0x20, 0x28, 0x61, 0x5f, 0x74, 0x65, 0x78, 0x63, 0x6f, 0x6f, 0x72, 0x64, 0x30, // 6 = (a_texcoord0
	0x2e, 0x79, 0x20, 0x2a, 0x20, 0x75, 0x5f, 0x66, 0x41, 0x6c, 0x70, 0x68, 0x61, 0x55, 0x56, 0x5b, // .y * u_fAlphaUV[
	0x5f, 0x37, 0x35, 0x33, 0x5d, 0x2e, 0x77, 0x29, 0x20, 0x2b, 0x20, 0x75, 0x5f, 0x66, 0x41, 0x6c, // _753].w) + u_fAl
	0x70, 0x68, 0x61, 0x55, 0x56, 0x5b, 0x5f, 0x37, 0x35, 0x33, 0x5d, 0x2e, 0x79, 0x3b, 0x0a, 0x20, // phaUV[_753].y;. 
	0x20, 0x20, 0x20, 0x66, 0x6c, 0x6f, 0x61, 0x74, 0x20, 0x5f, 0x31, 0x30, 0x37, 0x34, 0x20, 0x3d, //    float _1074 =
	0x20, 0x28, 0x61, 0x5f, 0x74, 0x65, 0x78, 0x63, 0x6f, 0x6f, 0x72, 0x64, 0x30, 0x2e, 0x79, 0x20, //  (a_texcoord0.y 
	0x2a, 0x20, 0x75, 0x5f, 0x66, 0x55, 0x56, 0x44, 0x69, 0x73, 0x74, 0x6f, 0x72, 0x74, 0x69, 0x6f, // * u_fUVDistortio
	0x6e, 0x55, 0x56, 0x5b, 0x5f, 0x37, 0x35, 0x33, 0x5d, 0x2e, 0x77, 0x29, 0x20, 0x2b, 0x20, 0x75, // nUV[_753].w) + u
	0x5f, 0x66, 0x55, 0x56, 0x44, 0x69, 0x73, 0x74, 0x6f, 0x72, 0x74, 0x69, 0x6f, 0x6e, 0x55, 0x56, // _fUVDistortionUV
	0x5b, 0x5f, 0x37, 0x35, 0x33, 0x5d, 0x2e, 0x79, 0x3b, 0x0a, 0x20, 0x20, 0x20, 0x20, 0x76, 0x65, // [_753].y;.    ve
	0x63, 0x34, 0x20, 0x5f, 0x31, 0x37, 0x39, 0x31, 0x20, 0x3d, 0x20, 0x76, 0x65, 0x63, 0x34, 0x28, // c4 _1791 = vec4(
	0x28, 0x61, 0x5f, 0x74, 0x65, 0x78, 0x63, 0x6f, 0x6f, 0x72, 0x64, 0x30, 0x2e, 0x78, 0x20, 0x2a, // (a_texcoord0.x *
	0x20, 0x75, 0x5f, 0x66, 0x41, 0x6c, 0x70, 0x68, 0x61, 0x55, 0x56, 0x5b, 0x5f, 0x37, 0x35, 0x33, //  u_fAlphaUV[_753
	0x5d, 0x2e, 0x7a, 0x29, 0x20, 0x2b, 0x20, 0x75, 0x5f, 0x66, 0x41, 0x6c, 0x70, 0x68, 0x61, 0x55, // ].z) + u_fAlphaU
	0x56, 0x5b, 0x5f, 0x37, 0x35, 0x33, 0x5d, 0x2e, 0x78, 0x2c, 0x20, 0x5f, 0x31, 0x30, 0x35, 0x36, // V[_753].x, _1056
	0x2c, 0x20, 0x28, 0x61, 0x5f, 0x74, 0x65, 0x78, 0x63, 0x6f, 0x6f, 0x72, 0x64, 0x30, 0x2e, 0x78, // , (a_texcoord0.x
	0x20, 0x2a, 0x20, 0x75, 0x5f, 0x66, 0x55, 0x56, 0x44, 0x69, 0x73, 0x74, 0x6f, 0x72, 0x74, 0x69, //  * u_fUVDistorti
	0x6f, 0x6e, 0x55, 0x56, 0x5b, 0x5f, 0x37, 0x35, 0x33, 0x5d, 0x2e, 0x7a, 0x29, 0x20, 0x2b, 0x20, // onUV[_753].z) + 
	0x75, 0x5f, 0x66, 0x55, 0x56, 0x44, 0x69, 0x73, 0x74, 0x6f, 0x72, 0x74, 0x69, 0x6f, 0x6e, 0x55, // u_fUVDistortionU
	0x56, 0x5b, 0x5f, 0x37, 0x35, 0x33, 0x5d, 0x2e, 0x78, 0x2c, 0x20, 0x5f, 0x31, 0x30, 0x37, 0x34, // V[_753].x, _1074
	0x29, 0x3b, 0x0a, 0x20, 0x20, 0x20, 0x20, 0x66, 0x6c, 0x6f, 0x61, 0x74, 0x20, 0x5f, 0x31, 0x30, // );.    float _10
	0x39, 0x32, 0x20, 0x3d, 0x20, 0x28, 0x61, 0x5f, 0x74, 0x65, 0x78, 0x63, 0x6f, 0x6f, 0x72, 0x64, // 92 = (a_texcoord
	0x30, 0x2e, 0x79, 0x20, 0x2a, 0x20, 0x75, 0x5f, 0x66, 0x42, 0x6c, 0x65, 0x6e, 0x64, 0x55, 0x56, // 0.y * u_fBlendUV
	0x5b, 0x5f, 0x37, 0x35, 0x33, 0x5d, 0x2e, 0x77, 0x29, 0x20, 0x2b, 0x20, 0x75, 0x5f, 0x66, 0x42, // [_753].w) + u_fB
	0x6c, 0x65, 0x6e, 0x64, 0x55, 0x56, 0x5b, 0x5f, 0x37, 0x35, 0x33, 0x5d, 0x2e, 0x79, 0x3b, 0x0a, // lendUV[_753].y;.
	0x20, 0x20, 0x20, 0x20, 0x66, 0x6c, 0x6f, 0x61, 0x74, 0x20, 0x5f, 0x31, 0x31, 0x31, 0x30, 0x20, //     float _1110 
	0x3d, 0x20, 0x28, 0x61, 0x5f, 0x74, 0x65, 0x78, 0x63, 0x6f, 0x6f, 0x72, 0x64, 0x30, 0x2e, 0x79, // = (a_texcoord0.y
	0x20, 0x2a, 0x20, 0x75, 0x5f, 0x66, 0x42, 0x6c, 0x65, 0x6e, 0x64, 0x41, 0x6c, 0x70, 0x68, 0x61, //  * u_fBlendAlpha
	0x55, 0x56, 0x5b, 0x5f, 0x37, 0x35, 0x33, 0x5d, 0x2e, 0x77, 0x29, 0x20, 0x2b, 0x20, 0x75, 0x5f, // UV[_753].w) + u_
	0x66, 0x42, 0x6c, 0x65, 0x6e, 0x64, 0x41, 0x6c, 0x70, 0x68, 0x61, 0x55, 0x56, 0x5b, 0x5f, 0x37, // fBlendAlphaUV[_7
	0x35, 0x33, 0x5d, 0x2e, 0x79, 0x3b, 0x0a, 0x20, 0x20, 0x20, 0x20, 0x66, 0x6c, 0x6f, 0x61, 0x74, // 53].y;.    float
	0x20, 0x5f, 0x31, 0x31, 0x32, 0x38, 0x20, 0x3d, 0x20, 0x28, 0x61, 0x5f, 0x74, 0x65, 0x78, 0x63, //  _1128 = (a_texc
	0x6f, 0x6f, 0x72, 0x64, 0x30, 0x2e, 0x79, 0x20, 0x2a, 0x20, 0x75, 0x5f, 0x66, 0x42, 0x6c, 0x65, // oord0.y * u_fBle
	0x6e, 0x64, 0x55, 0x56, 0x44, 0x69, 0x73, 0x74, 0x6f, 0x72, 0x74, 0x69, 0x6f, 0x6e, 0x55, 0x56, // ndUVDistortionUV
	0x5b, 0x5f, 0x37, 0x35, 0x33, 0x5d, 0x2e, 0x77, 0x29, 0x20, 0x2b, 0x20, 0x75, 0x5f, 0x66, 0x42, // [_753].w) + u_fB
	0x6c, 0x65, 0x6e, 0x64, 0x55, 0x56, 0x44, 0x69, 0x73, 0x74, 0x6f, 0x72, 0x74, 0x69, 0x6f, 0x6e, // lendUVDistortion
	0x55, 0x56, 0x5b, 0x5f, 0x37, 0x35, 0x33, 0x5d, 0x2e, 0x79, 0x3b, 0x0a, 0x20, 0x20, 0x20, 0x20, // UV[_753].y;.    
	0x76, 0x65, 0x63, 0x34, 0x20, 0x5f, 0x31, 0x37, 0x39, 0x32, 0x20, 0x3d, 0x20, 0x76, 0x65, 0x63, // vec4 _1792 = vec
	0x34, 0x28, 0x28, 0x61, 0x5f, 0x74, 0x65, 0x78, 0x63, 0x6f, 0x6f, 0x72, 0x64, 0x30, 0x2e, 0x78, // 4((a_texcoord0.x
	0x20, 0x2a, 0x20, 0x75, 0x5f, 0x66, 0x42, 0x6c, 0x65, 0x6e, 0x64, 0x41, 0x6c, 0x70, 0x68, 0x61, //  * u_fBlendAlpha
	0x55, 0x56, 0x5b, 0x5f, 0x37, 0x35, 0x33, 0x5d, 0x2e, 0x7a, 0x29, 0x20, 0x2b, 0x20, 0x75, 0x5f, // UV[_753].z) + u_
	0x66, 0x42, 0x6c, 0x65, 0x6e, 0x64, 0x41, 0x6c, 0x70, 0x68, 0x61, 0x55, 0x56, 0x5b, 0x5f, 0x37, // fBlendAlphaUV[_7
	0x35, 0x33, 0x5d, 0x2e, 0x78, 0x2c, 0x20, 0x5f, 0x31, 0x31, 0x31, 0x30, 0x2c, 0x20, 0x28, 0x61, // 53].x, _1110, (a
	0x5f, 0x74, 0x65, 0x78, 0x63, 0x6f, 0x6f, 0x72, 0x64, 0x30, 0x2e, 0x78, 0x20, 0x2a, 0x20, 0x75, // _texcoord0.x * u
	0x5f, 0x66, 0x42, 0x6c, 0x65, 0x6e, 0x64, 0x55, 0x56, 0x44, 0x69, 0x73, 0x74, 0x6f, 0x72, 0x74, // _fBlendUVDistort
	0x69, 0x6f, 0x6e, 0x55, 0x56, 0x5b, 0x5f, 0x37, 0x35, 0x33, 0x5d, 0x2e, 0x7a, 0x29, 0x20, 0x2b, // ionUV[_753].z) +
	0x20, 0x75, 0x5f, 0x66, 0x42, 0x6c, 0x65, 0x6e, 0x64, 0x55, 0x56, 0x44, 0x69, 0x73, 0x74, 0x6f, //  u_fBlendUVDisto
	0x72, 0x74, 0x69, 0x6f, 0x6e, 0x55, 0x56, 0x5b, 0x5f, 0x37, 0x35, 0x33, 0x5d, 0x2e, 0x78, 0x2c, // rtionUV[_753].x,
	0x20, 0x5f, 0x31, 0x31, 0x32, 0x38, 0x29, 0x3b, 0x0a, 0x20, 0x20, 0x20, 0x20, 0x66, 0x6c, 0x6f, //  _1128);.    flo
	0x61, 0x74, 0x20, 0x5f, 0x31, 0x37, 0x35, 0x33, 0x3b, 0x0a, 0x20, 0x20, 0x20, 0x20, 0x76, 0x65, // at _1753;.    ve
	0x63, 0x32, 0x20, 0x5f, 0x31, 0x37, 0x36, 0x30, 0x3b, 0x0a, 0x20, 0x20, 0x20, 0x20, 0x69, 0x66, // c2 _1760;.    if
	0x20, 0x28, 0x75, 0x5f, 0x66, 0x6c, 0x69, 0x70, 0x62, 0x6f, 0x6f, 0x6b, 0x50, 0x61, 0x72, 0x61, //  (u_flipbookPara
	0x6d, 0x65, 0x74, 0x65, 0x72, 0x31, 0x2e, 0x78, 0x20, 0x3e, 0x20, 0x30, 0x2e, 0x30, 0x29, 0x0a, // meter1.x > 0.0).
	0x20, 0x20, 0x20, 0x20, 0x7b, 0x0a, 0x20, 0x20, 0x20, 0x20, 0x20, 0x20, 0x20, 0x20, 0x66, 0x6c, //     {.        fl
	0x6f, 0x61, 0x74, 0x20, 0x5f, 0x31, 0x32, 0x36, 0x36, 0x20, 0x3d, 0x20, 0x66, 0x6c, 0x6f, 0x6f, // oat _1266 = floo
	0x72, 0x28, 0x75, 0x5f, 0x66, 0x46, 0x6c, 0x69, 0x70, 0x62, 0x6f, 0x6f, 0x6b, 0x49, 0x6e, 0x64, // r(u_fFlipbookInd
	0x65, 0x78, 0x41, 0x6e, 0x64, 0x4e, 0x65, 0x78, 0x74, 0x52, 0x61, 0x74, 0x65, 0x5b, 0x5f, 0x37, // exAndNextRate[_7
	0x35, 0x33, 0x5d, 0x2e, 0x78, 0x29, 0x3b, 0x0a, 0x20, 0x20, 0x20, 0x20, 0x20, 0x20, 0x20, 0x20, // 53].x);.        
	0x66, 0x6c, 0x6f, 0x61, 0x74, 0x20, 0x5f, 0x31, 0x32, 0x36, 0x39, 0x20, 0x3d, 0x20, 0x5f, 0x31, // float _1269 = _1
	0x32, 0x36, 0x36, 0x20, 0x2b, 0x20, 0x31, 0x2e, 0x30, 0x3b, 0x0a, 0x20, 0x20, 0x20, 0x20, 0x20, // 266 + 1.0;.     
	0x20, 0x20, 0x20, 0x66, 0x6c, 0x6f, 0x61, 0x74, 0x20, 0x5f, 0x31, 0x32, 0x37, 0x32, 0x20, 0x3d, //    float _1272 =
	0x20, 0x75, 0x5f, 0x66, 0x6c, 0x69, 0x70, 0x62, 0x6f, 0x6f, 0x6b, 0x50, 0x61, 0x72, 0x61, 0x6d, //  u_flipbookParam
	0x65, 0x74, 0x65, 0x72, 0x31, 0x2e, 0x7a, 0x20, 0x2a, 0x20, 0x75, 0x5f, 0x66, 0x6c, 0x69, 0x70, // eter1.z * u_flip
	0x62, 0x6f, 0x6f, 0x6b, 0x50, 0x61, 0x72, 0x61, 0x6d, 0x65, 0x74, 0x65, 0x72, 0x31, 0x2e, 0x77, // bookParameter1.w
	0x3b, 0x0a, 0x20, 0x20, 0x20, 0x20, 0x20, 0x20, 0x20, 0x20, 0x66, 0x6c, 0x6f, 0x61, 0x74, 0x20, // ;.        float 
	0x5f, 0x31, 0x37, 0x32, 0x39, 0x3b, 0x0a, 0x20, 0x20, 0x20, 0x20, 0x20, 0x20, 0x20, 0x20, 0x66, // _1729;.        f
	0x6c, 0x6f, 0x61, 0x74, 0x20, 0x5f, 0x31, 0x37, 0x34, 0x32, 0x3b, 0x0a, 0x20, 0x20, 0x20, 0x20, // loat _1742;.    
	0x20, 0x20, 0x20, 0x20, 0x69, 0x66, 0x20, 0x28, 0x75, 0x5f, 0x66, 0x6c, 0x69, 0x70, 0x62, 0x6f, //     if (u_flipbo
	0x6f, 0x6b, 0x50, 0x61, 0x72, 0x61, 0x6d, 0x65, 0x74, 0x65, 0x72, 0x31, 0x2e, 0x79, 0x20, 0x3d, // okParameter1.y =
	0x3d, 0x20, 0x30, 0x2e, 0x30, 0x29, 0x0a, 0x20, 0x20, 0x20, 0x20, 0x20, 0x20, 0x20, 0x20, 0x7b, // = 0.0).        {
	0x0a, 0x20, 0x20, 0x20, 0x20, 0x20, 0x20, 0x20, 0x20, 0x20, 0x20, 0x20, 0x20, 0x66, 0x6c, 0x6f, // .            flo
	0x61, 0x74, 0x20, 0x5f, 0x31, 0x37, 0x33, 0x30, 0x3b, 0x0a, 0x20, 0x20, 0x20, 0x20, 0x20, 0x20, // at _1730;.      
	0x20, 0x20, 0x20, 0x20, 0x20, 0x20, 0x66, 0x6c, 0x6f, 0x61, 0x74, 0x20, 0x5f, 0x31, 0x37, 0x34, //       float _174
	0x33, 0x3b, 0x0a, 0x20, 0x20, 0x20, 0x20, 0x20, 0x20, 0x20, 0x20, 0x20, 0x20, 0x20, 0x20, 0x69, // 3;.            i
	0x66, 0x20, 0x28, 0x5f, 0x31, 0x32, 0x36, 0x39, 0x20, 0x3e, 0x3d, 0x20, 0x5f, 0x31, 0x32, 0x37, // f (_1269 >= _127
	0x32, 0x29, 0x0a, 0x20, 0x20, 0x20, 0x20, 0x20, 0x20, 0x20, 0x20, 0x20, 0x20, 0x20, 0x20, 0x7b, // 2).            {
	0x0a, 0x20, 0x20, 0x20, 0x20, 0x20, 0x20, 0x20, 0x20, 0x20, 0x20, 0x20, 0x20, 0x20, 0x20, 0x20, // .               
	0x20, 0x66, 0x6c, 0x6f, 0x61, 0x74, 0x20, 0x5f, 0x31, 0x32, 0x38, 0x31, 0x20, 0x3d, 0x20, 0x5f, //  float _1281 = _
	0x31, 0x32, 0x37, 0x32, 0x20, 0x2d, 0x20, 0x31, 0x2e, 0x30, 0x3b, 0x0a, 0x20, 0x20, 0x20, 0x20, // 1272 - 1.0;.    
	0x20, 0x20, 0x20, 0x20, 0x20, 0x20, 0x20, 0x20, 0x20, 0x20, 0x20, 0x20, 0x5f, 0x31, 0x37, 0x34, //             _174
	0x33, 0x20, 0x3d, 0x20, 0x5f, 0x31, 0x32, 0x38, 0x31, 0x3b, 0x0a, 0x20, 0x20, 0x20, 0x20, 0x20, // 3 = _1281;.     
	0x20, 0x20, 0x20, 0x20, 0x20, 0x20, 0x20, 0x20, 0x20, 0x20, 0x20, 0x5f, 0x31, 0x37, 0x33, 0x30, //            _1730
	0x20, 0x3d, 0x20, 0x5f, 0x31, 0x32, 0x38, 0x31, 0x3b, 0x0a, 0x20, 0x20, 0x20, 0x20, 0x20, 0x20, //  = _1281;.      
	0x20, 0x20, 0x20, 0x20, 0x20, 0x20, 0x7d, 0x0a, 0x20, 0x20, 0x20, 0x20, 0x20, 0x20, 0x20, 0x20, //       }.        
	0x20, 0x20, 0x20, 0x20, 0x65, 0x6c, 0x73, 0x65, 0x0a, 0x20, 0x20, 0x20, 0x20, 0x20, 0x20, 0x20, //     else.       
	0x20, 0x20, 0x20, 0x20, 0x20, 0x7b, 0x0a, 0x20, 0x20, 0x20, 0x20, 0x20, 0x20, 0x20, 0x20, 0x20, //      {.         
	0x20, 0x20, 0x20, 0x20, 0x20, 0x20, 0x20, 0x5f, 0x31, 0x37, 0x34, 0x33, 0x20, 0x3d, 0x20, 0x5f, //        _1743 = _
	0x31, 0x32, 0x36, 0x39, 0x3b, 0x0a, 0x20, 0x20, 0x20, 0x20, 0x20, 0x20, 0x20, 0x20, 0x20, 0x20, // 1269;.          
	0x20, 0x20, 0x20, 0x20, 0x20, 0x20, 0x5f, 0x31, 0x37, 0x33, 0x30, 0x20, 0x3d, 0x20, 0x5f, 0x31, //       _1730 = _1
	0x32, 0x36, 0x36, 0x3b, 0x0a, 0x20, 0x20, 0x20, 0x20, 0x20, 0x20, 0x20, 0x20, 0x20, 0x20, 0x20, // 266;.           
	0x20, 0x7d, 0x0a, 0x20, 0x20, 0x20, 0x20, 0x20, 0x20, 0x20, 0x20, 0x20, 0x20, 0x20, 0x20, 0x5f, //  }.            _
	0x31, 0x37, 0x34, 0x32, 0x20, 0x3d, 0x20, 0x5f, 0x31, 0x37, 0x34, 0x33, 0x3b, 0x0a, 0x20, 0x20, // 1742 = _1743;.  
	0x20, 0x20, 0x20, 0x20, 0x20, 0x20, 0x20, 0x20, 0x20, 0x20, 0x5f, 0x31, 0x37, 0x32, 0x39, 0x20, //           _1729 
	0x3d, 0x20, 0x5f, 0x31, 0x37, 0x33, 0x30, 0x3b, 0x0a, 0x20, 0x20, 0x20, 0x20, 0x20, 0x20, 0x20, // = _1730;.       
	0x20, 0x7d, 0x0a, 0x20, 0x20, 0x20, 0x20, 0x20, 0x20, 0x20, 0x20, 0x65, 0x6c, 0x73, 0x65, 0x0a, //  }.        else.
	0x20, 0x20, 0x20, 0x20, 0x20, 0x20, 0x20, 0x20, 0x7b, 0x0a, 0x20, 0x20, 0x20, 0x20, 0x20, 0x20, //         {.      
	0x20, 0x20, 0x20, 0x20, 0x20, 0x20, 0x66, 0x6c, 0x6f, 0x61, 0x74, 0x20, 0x5f, 0x31, 0x37, 0x33, //       float _173
	0x31, 0x3b, 0x0a, 0x20, 0x20, 0x20, 0x20, 0x20, 0x20, 0x20, 0x20, 0x20, 0x20, 0x20, 0x20, 0x66, // 1;.            f
	0x6c, 0x6f, 0x61, 0x74, 0x20, 0x5f, 0x31, 0x37, 0x34, 0x34, 0x3b, 0x0a, 0x20, 0x20, 0x20, 0x20, // loat _1744;.    
	0x20, 0x20, 0x20, 0x20, 0x20, 0x20, 0x20, 0x20, 0x69, 0x66, 0x20, 0x28, 0x75, 0x5f, 0x66, 0x6c, //         if (u_fl
	0x69, 0x70, 0x62, 0x6f, 0x6f, 0x6b, 0x50, 0x61, 0x72, 0x61, 0x6d, 0x65, 0x74, 0x65, 0x72, 0x31, // ipbookParameter1
	0x2e, 0x79, 0x20, 0x3d, 0x3d, 0x20, 0x31, 0x2e, 0x30, 0x29, 0x0a, 0x20, 0x20, 0x20, 0x20, 0x20, // .y == 1.0).     
	0x20, 0x20, 0x20, 0x20, 0x20, 0x20, 0x20, 0x7b, 0x0a, 0x20, 0x20, 0x20, 0x20, 0x20, 0x20, 0x20, //        {.       
	0x20, 0x20, 0x20, 0x20, 0x20, 0x20, 0x20, 0x20, 0x20, 0x5f, 0x31, 0x37, 0x34, 0x34, 0x20, 0x3d, //          _1744 =
	0x20, 0x6d, 0x6f, 0x64, 0x28, 0x5f, 0x31, 0x32, 0x36, 0x39, 0x2c, 0x20, 0x5f, 0x31, 0x32, 0x37, //  mod(_1269, _127
	0x32, 0x29, 0x3b, 0x0a, 0x20, 0x20, 0x20, 0x20, 0x20, 0x20, 0x20, 0x20, 0x20, 0x20, 0x20, 0x20, // 2);.            
	0x20, 0x20, 0x20, 0x20, 0x5f, 0x31, 0x37, 0x33, 0x31, 0x20, 0x3d, 0x20, 0x6d, 0x6f, 0x64, 0x28, //     _1731 = mod(
	0x5f, 0x31, 0x32, 0x36, 0x36, 0x2c, 0x20, 0x5f, 0x31, 0x32, 0x37, 0x32, 0x29, 0x3b, 0x0a, 0x20, // _1266, _1272);. 
	0x20, 0x20, 0x20, 0x20, 0x20, 0x20, 0x20, 0x20, 0x20, 0x20, 0x20, 0x7d, 0x0a, 0x20, 0x20, 0x20, //            }.   
	0x20, 0x20, 0x20, 0x20, 0x20, 0x20, 0x20, 0x20, 0x20, 0x65, 0x6c, 0x73, 0x65, 0x0a, 0x20, 0x20, //          else.  
	0x20, 0x20, 0x20, 0x20, 0x20, 0x20, 0x20, 0x20, 0x20, 0x20, 0x7b, 0x0a, 0x20, 0x20, 0x20, 0x20, //           {.    
	0x20, 0x20, 0x20, 0x20, 0x20, 0x20, 0x20, 0x20, 0x20, 0x20, 0x20, 0x20, 0x66, 0x6c, 0x6f, 0x61, //             floa
	0x74, 0x20, 0x5f, 0x31, 0x37, 0x33, 0x32, 0x3b, 0x0a, 0x20, 0x20, 0x20, 0x20, 0x20, 0x20, 0x20, // t _1732;.       
	0x20, 0x20, 0x20, 0x20, 0x20, 0x20, 0x20, 0x20, 0x20, 0x66, 0x6c, 0x6f, 0x61, 0x74, 0x20, 0x5f, //          float _
	0x31, 0x37, 0x34, 0x35, 0x3b, 0x0a, 0x20, 0x20, 0x20, 0x20, 0x20, 0x20, 0x20, 0x20, 0x20, 0x20, // 1745;.          
	0x20, 0x20, 0x20, 0x20, 0x20, 0x20, 0x69, 0x66, 0x20, 0x28, 0x75, 0x5f, 0x66, 0x6c, 0x69, 0x70, //       if (u_flip
	0x62, 0x6f, 0x6f, 0x6b, 0x50, 0x61, 0x72, 0x61, 0x6d, 0x65, 0x74, 0x65, 0x72, 0x31, 0x2e, 0x79, // bookParameter1.y
	0x20, 0x3d, 0x3d, 0x20, 0x32, 0x2e, 0x30, 0x29, 0x0a, 0x20, 0x20, 0x20, 0x20, 0x20, 0x20, 0x20, //  == 2.0).       
	0x20, 0x20, 0x20, 0x20, 0x20, 0x20, 0x20, 0x20, 0x20, 0x7b, 0x0a, 0x20, 0x20, 0x20, 0x20, 0x20, //          {.     
	0x20, 0x20, 0x20, 0x20, 0x20, 0x20, 0x20, 0x20, 0x20, 0x20, 0x20, 0x20, 0x20, 0x20, 0x20, 0x66, //                f
	0x6c, 0x6f, 0x61, 0x74, 0x20, 0x5f, 0x31, 0x33, 0x30, 0x37, 0x20, 0x3d, 0x20, 0x6d, 0x6f, 0x64, // loat _1307 = mod
	0x28, 0x5f, 0x31, 0x32, 0x36, 0x36, 0x2c, 0x20, 0x5f, 0x31, 0x32, 0x37, 0x32, 0x29, 0x3b, 0x0a, // (_1266, _1272);.
	0x20, 0x20, 0x20, 0x20, 0x20, 0x20, 0x20, 0x20, 0x20, 0x20, 0x20, 0x20, 0x20, 0x20, 0x20, 0x20, //                 
	0x20, 0x20, 0x20, 0x20, 0x66, 0x6c, 0x6f, 0x61, 0x74, 0x20, 0x5f, 0x31, 0x37, 0x33, 0x34, 0x3b, //     float _1734;
	0x0a, 0x20, 0x20, 0x20, 0x20, 0x20, 0x20, 0x20, 0x20, 0x20, 0x20, 0x20, 0x20, 0x20, 0x20, 0x20, // .               
	0x20, 0x20, 0x20, 0x20, 0x20, 0x69, 0x66, 0x20, 0x28, 0x6d, 0x6f, 0x64, 0x28, 0x66, 0x6c, 0x6f, //      if (mod(flo
	0x6f, 0x72, 0x28, 0x5f, 0x31, 0x32, 0x36, 0x36, 0x20, 0x2f, 0x20, 0x5f, 0x31, 0x32, 0x37, 0x32, // or(_1266 / _1272
	0x29, 0x2c, 0x20, 0x32, 0x2e, 0x30, 0x29, 0x20, 0x3d, 0x3d, 0x20, 0x31, 0x2e, 0x30, 0x29, 0x0a, // ), 2.0) == 1.0).
	0x20, 0x20, 0x20, 0x20, 0x20, 0x20, 0x20, 0x20, 0x20, 0x20, 0x20, 0x20, 0x20, 0x20, 0x20, 0x20, //                 
	0x20, 0x20, 0x20, 0x20, 0x7b, 0x0a, 0x20, 0x20, 0x20, 0x20, 0x20, 0x20, 0x20, 0x20, 0x20, 0x20, //     {.          
	0x20, 0x20, 0x20, 0x20, 0x20, 0x20, 0x20, 0x20, 0x20, 0x20, 0x20, 0x20, 0x20, 0x20, 0x5f, 0x31, //               _1
	0x37, 0x33, 0x34, 0x20, 0x3d, 0x20, 0x28, 0x5f, 0x31, 0x32, 0x37, 0x32, 0x20, 0x2d, 0x20, 0x31, // 734 = (_1272 - 1
	0x2e, 0x30, 0x29, 0x20, 0x2d, 0x20, 0x66, 0x6c, 0x6f, 0x6f, 0x72, 0x28, 0x5f, 0x31, 0x33, 0x30, // .0) - floor(_130
	0x37, 0x29, 0x3b, 0x0a, 0x20, 0x20, 0x20, 0x20, 0x20, 0x20, 0x20, 0x20, 0x20, 0x20, 0x20, 0x20, // 7);.            
	0x20, 0x20, 0x20, 0x20, 0x20, 0x20, 0x20, 0x20, 0x7d, 0x0a, 0x20, 0x20, 0x20, 0x20, 0x20, 0x20, //         }.      
	0x20, 0x20, 0x20, 0x20, 0x20, 0x20, 0x20, 0x20, 0x20, 0x20, 0x20, 0x20, 0x20, 0x20, 0x65, 0x6c, //               el
	0x73, 0x65, 0x0a, 0x20, 0x20, 0x20, 0x20, 0x20, 0x20, 0x20, 0x20, 0x20, 0x20, 0x20, 0x20, 0x20, // se.             
	0x20, 0x20, 0x20, 0x20, 0x20, 0x20, 0x20, 0x7b, 0x0a, 0x20, 0x20, 0x20, 0x20, 0x20, 0x20, 0x20, //        {.       
	0x20, 0x20, 0x20, 0x20, 0x20, 0x20, 0x20, 0x20, 0x20, 0x20, 0x20, 0x20, 0x20, 0x20, 0x20, 0x20, //                 
	0x20, 0x5f, 0x31, 0x37, 0x33, 0x34, 0x20, 0x3d, 0x20, 0x5f, 0x31, 0x33, 0x30, 0x37, 0x3b, 0x0a, //  _1734 = _1307;.
	0x20, 0x20, 0x20, 0x20, 0x20, 0x20, 0x20, 0x20, 0x20, 0x20, 0x20, 0x20, 0x20, 0x20, 0x20, 0x20, //                 
	0x20, 0x20, 0x20, 0x20, 0x7d, 0x0a, 0x20, 0x20, 0x20, 0x20, 0x20, 0x20, 0x20, 0x20, 0x20, 0x20, //     }.          
	0x20, 0x20, 0x20, 0x20, 0x20, 0x20, 0x20, 0x20, 0x20, 0x20, 0x66, 0x6c, 0x6f, 0x61, 0x74, 0x20, //           float 
	0x5f, 0x31, 0x33, 0x32, 0x34, 0x20, 0x3d, 0x20, 0x6d, 0x6f, 0x64, 0x28, 0x5f, 0x31, 0x32, 0x36, // _1324 = mod(_126
	0x39, 0x2c, 0x20, 0x5f, 0x31, 0x32, 0x37, 0x32, 0x29, 0x3b, 0x0a, 0x20, 0x20, 0x20, 0x20, 0x20, // 9, _1272);.     
	0x20, 0x20, 0x20, 0x20, 0x20, 0x20, 0x20, 0x20, 0x20, 0x20, 0x20, 0x20, 0x20, 0x20, 0x20, 0x66, //                f
	0x6c, 0x6f, 0x61, 0x74, 0x20, 0x5f, 0x31, 0x37, 0x34, 0x36, 0x3b, 0x0a, 0x20, 0x20, 0x20, 0x20, // loat _1746;.    
	0x20, 0x20, 0x20, 0x20, 0x20, 0x20, 0x20, 0x20, 0x20, 0x20, 0x20, 0x20, 0x20, 0x20, 0x20, 0x20, //                 
	0x69, 0x66, 0x20, 0x28, 0x6d, 0x6f, 0x64, 0x28, 0x66, 0x6c, 0x6f, 0x6f, 0x72, 0x28, 0x5f, 0x31, // if (mod(floor(_1
	0x32, 0x36, 0x39, 0x20, 0x2f, 0x20, 0x5f, 0x31, 0x32, 0x37, 0x32, 0x29, 0x2c, 0x20, 0x32, 0x2e, // 269 / _1272), 2.
	0x30, 0x29, 0x20, 0x3d, 0x3d, 0x20, 0x31, 0x2e, 0x30, 0x29, 0x0a, 0x20, 0x20, 0x20, 0x20, 0x20, // 0) == 1.0).     
	0x20, 0x20, 0x20, 0x20, 0x20, 0x20, 0x20, 0x20, 0x20, 0x20, 0x20, 0x20, 0x20, 0x20, 0x20, 0x7b, //                {
	0x0a, 0x20, 0x20, 0x20, 0x20, 0x20, 0x20, 0x20, 0x20, 0x20, 0x20, 0x20, 0x20, 0x20, 0x20, 0x20, // .               
	0x20, 0x20, 0x20, 0x20, 0x20, 0x20, 0x20, 0x20, 0x20, 0x5f, 0x31, 0x37, 0x34, 0x36, 0x20, 0x3d, //          _1746 =
	0x20, 0x28, 0x5f, 0x31, 0x32, 0x37, 0x32, 0x20, 0x2d, 0x20, 0x31, 0x2e, 0x30, 0x29, 0x20, 0x2d, //  (_1272 - 1.0) -
	0x20, 0x66, 0x6c, 0x6f, 0x6f, 0x72, 0x28, 0x5f, 0x31, 0x33, 0x32, 0x34, 0x29, 0x3b, 0x0a, 0x20, //  floor(_1324);. 
	0x20, 0x20, 0x20, 0x20, 0x20, 0x20, 0x20, 0x20, 0x20, 0x20, 0x20, 0x20, 0x20, 0x20, 0x20, 0x20, //                 
	0x20, 0x20, 0x20, 0x7d, 0x0a, 0x20, 0x20, 0x20, 0x20, 0x20, 0x20, 0x20, 0x20, 0x20, 0x20, 0x20, //    }.           
	0x20, 0x20, 0x20, 0x20, 0x20, 0x20, 0x20, 0x20, 0x20, 0x65, 0x6c, 0x73, 0x65, 0x0a, 0x20, 0x20, //          else.  
	0x20, 0x20, 0x20, 0x20, 0x20, 0x20, 0x20, 0x20, 0x20, 0x20, 0x20, 0x20, 0x20, 0x20, 0x20, 0x20, //                 
	0x20, 0x20, 0x7b, 0x0a, 0x20, 0x20, 0x20, 0x20, 0x20, 0x20, 0x20, 0x20, 0x20, 0x20, 0x20, 0x20, //   {.            
	0x20, 0x20, 0x20, 0x20, 0x20, 0x20, 0x20, 0x20, 0x20, 0x20, 0x20, 0x20, 0x5f, 0x31, 0x37, 0x34, //             _174
	0x36, 0x20, 0x3d, 0x20, 0x5f, 0x31, 0x33, 0x32, 0x34, 0x3b, 0x0a, 0x20, 0x20, 0x20, 0x20, 0x20, // 6 = _1324;.     
	0x20, 0x20, 0x20, 0x20, 0x20, 0x20, 0x20, 0x20, 0x20, 0x20, 0x20, 0x20, 0x20, 0x20, 0x20, 0x7d, //                }
	0x0a, 0x20, 0x20, 0x20, 0x20, 0x20, 0x20, 0x20, 0x20, 0x20, 0x20, 0x20, 0x20, 0x20, 0x20, 0x20, // .               
	0x20, 0x20, 0x20, 0x20, 0x20, 0x5f, 0x31, 0x37, 0x34, 0x35, 0x20, 0x3d, 0x20, 0x5f, 0x31, 0x37, //      _1745 = _17
	0x34, 0x36, 0x3b, 0x0a, 0x20, 0x20, 0x20, 0x20, 0x20, 0x20, 0x20, 0x20, 0x20, 0x20, 0x20, 0x20, // 46;.            
	0x20, 0x20, 0x20, 0x20, 0x20, 0x20, 0x20, 0x20, 0x5f, 0x31, 0x37, 0x33, 0x32, 0x20, 0x3d, 0x20, //         _1732 = 
	0x5f, 0x31, 0x37, 0x33, 0x34, 0x3b, 0x0a, 0x20, 0x20, 0x20, 0x20, 0x20, 0x20, 0x20, 0x20, 0x20, // _1734;.         
	0x20, 0x20, 0x20, 0x20, 0x20, 0x20, 0x20, 0x7d, 0x0a, 0x20, 0x20, 0x20, 0x20, 0x20, 0x20, 0x20, //        }.       
	0x20, 0x20, 0x20, 0x20, 0x20, 0x20, 0x20, 0x20, 0x20, 0x65, 0x6c, 0x73, 0x65, 0x0a, 0x20, 0x20, //          else.  
	0x20, 0x20, 0x20, 0x20, 0x20, 0x20, 0x20, 0x20, 0x20, 0x20, 0x20, 0x20, 0x20, 0x20, 0x7b, 0x0a, //               {.
	0x20, 0x20, 0x20, 0x20, 0x20, 0x20, 0x20, 0x20, 0x20, 0x20, 0x20, 0x20, 0x20, 0x20, 0x20, 0x20, //                 
	0x20, 0x20, 0x20, 0x20, 0x5f, 0x31, 0x37, 0x34, 0x35, 0x20, 0x3d, 0x20, 0x5f, 0x31, 0x32, 0x36, //     _1745 = _126
	0x39, 0x3b, 0x0a, 0x20, 0x20, 0x20, 0x20, 0x20, 0x20, 0x20, 0x20, 0x20, 0x20, 0x20, 0x20, 0x20, // 9;.             
	0x20, 0x20, 0x20, 0x20, 0x20, 0x20, 0x20, 0x5f, 0x31, 0x37, 0x33, 0x32, 0x20, 0x3d, 0x20, 0x5f, //        _1732 = _
	0x31, 0x32, 0x36, 0x36, 0x3b, 0x0a, 0x20, 0x20, 0x20, 0x20, 0x20, 0x20, 0x20, 0x20, 0x20, 0x20, // 1266;.          
	0x20, 0x20, 0x20, 0x20, 0x20, 0x20, 0x7d, 0x0a, 0x20, 0x20, 0x20, 0x20, 0x20, 0x20, 0x20, 0x20, //       }.        
	0x20, 0x20, 0x20, 0x20, 0x20, 0x20, 0x20, 0x20, 0x5f, 0x31, 0x37, 0x34, 0x34, 0x20, 0x3d, 0x20, //         _1744 = 
	0x5f, 0x31, 0x37, 0x34, 0x35, 0x3b, 0x0a, 0x20, 0x20, 0x20, 0x20, 0x20, 0x20, 0x20, 0x20, 0x20, // _1745;.         
	0x20, 0x20, 0x20, 0x20, 0x20, 0x20, 0x20, 0x5f, 0x31, 0x37, 0x33, 0x31, 0x20, 0x3d, 0x20, 0x5f, //        _1731 = _
	0x31, 0x37, 0x33, 0x32, 0x3b, 0x0a, 0x20, 0x20, 0x20, 0x20, 0x20, 0x20, 0x20, 0x20, 0x20, 0x20, // 1732;.          
	0x20, 0x20, 0x7d, 0x0a, 0x20, 0x20, 0x20, 0x20, 0x20, 0x20, 0x20, 0x20, 0x20, 0x20, 0x20, 0x20, //   }.            
	0x5f, 0x31, 0x37, 0x34, 0x32, 0x20, 0x3d, 0x20, 0x5f, 0x31, 0x37, 0x34, 0x34, 0x3b, 0x0a, 0x20, // _1742 = _1744;. 
	0x20, 0x20, 0x20, 0x20, 0x20, 0x20, 0x20, 0x20, 0x20, 0x20, 0x20, 0x5f, 0x31, 0x37, 0x32, 0x39, //            _1729
	0x20, 0x3d, 0x20, 0x5f, 0x31, 0x37, 0x33, 0x31, 0x3b, 0x0a, 0x20, 0x20, 0x20, 0x20, 0x20, 0x20, //  = _1731;.      
	0x20, 0x20, 0x7d, 0x0a, 0x20, 0x20, 0x20, 0x20, 0x20, 0x20, 0x20, 0x20, 0x5f, 0x39, 0x39, 0x35, //   }.        _995
	0x2e, 0x79, 0x20, 0x3d, 0x20, 0x75, 0x5f, 0x6d, 0x55, 0x56, 0x49, 0x6e, 0x76, 0x65, 0x72, 0x73, // .y = u_mUVInvers
	0x65, 0x64, 0x2e, 0x78, 0x20, 0x2b, 0x20, 0x28, 0x75, 0x5f, 0x6d, 0x55, 0x56, 0x49, 0x6e, 0x76, // ed.x + (u_mUVInv
	0x65, 0x72, 0x73, 0x65, 0x64, 0x2e, 0x79, 0x20, 0x2a, 0x20, 0x5f, 0x39, 0x33, 0x36, 0x29, 0x3b, // ersed.y * _936);
	0x0a, 0x20, 0x20, 0x20, 0x20, 0x20, 0x20, 0x20, 0x20, 0x69, 0x6e, 0x74, 0x20, 0x5f, 0x31, 0x33, // .        int _13
	0x38, 0x33, 0x20, 0x3d, 0x20, 0x69, 0x6e, 0x74, 0x28, 0x5f, 0x31, 0x37, 0x32, 0x39, 0x29, 0x3b, // 83 = int(_1729);
	0x0a, 0x20, 0x20, 0x20, 0x20, 0x20, 0x20, 0x20, 0x20, 0x69, 0x6e, 0x74, 0x20, 0x5f, 0x31, 0x33, // .        int _13
	0x38, 0x36, 0x20, 0x3d, 0x20, 0x69, 0x6e, 0x74, 0x28, 0x75, 0x5f, 0x66, 0x6c, 0x69, 0x70, 0x62, // 86 = int(u_flipb
	0x6f, 0x6f, 0x6b, 0x50, 0x61, 0x72, 0x61, 0x6d, 0x65, 0x74, 0x65, 0x72, 0x31, 0x2e, 0x7a, 0x29, // ookParameter1.z)
	0x3b, 0x0a, 0x20, 0x20, 0x20, 0x20, 0x20, 0x20, 0x20, 0x20, 0x66, 0x6c, 0x6f, 0x61, 0x74, 0x20, // ;.        float 
	0x5f, 0x31, 0x33, 0x38, 0x37, 0x20, 0x3d, 0x20, 0x66, 0x6c, 0x6f, 0x61, 0x74, 0x28, 0x5f, 0x31, // _1387 = float(_1
	0x33, 0x38, 0x36, 0x29, 0x3b, 0x0a, 0x20, 0x20, 0x20, 0x20, 0x20, 0x20, 0x20, 0x20, 0x69, 0x6e, // 386);.        in
	0x74, 0x20, 0x5f, 0x31, 0x34, 0x30, 0x39, 0x20, 0x3d, 0x20, 0x69, 0x6e, 0x74, 0x28, 0x5f, 0x31, // t _1409 = int(_1
	0x37, 0x34, 0x32, 0x29, 0x3b, 0x0a, 0x20, 0x20, 0x20, 0x20, 0x20, 0x20, 0x20, 0x20, 0x76, 0x65, // 742);.        ve
	0x63, 0x32, 0x20, 0x5f, 0x31, 0x34, 0x32, 0x39, 0x20, 0x3d, 0x20, 0x28, 0x28, 0x5f, 0x39, 0x39, // c2 _1429 = ((_99
	0x35, 0x20, 0x2d, 0x20, 0x28, 0x28, 0x76, 0x65, 0x63, 0x32, 0x28, 0x6d, 0x6f, 0x64, 0x28, 0x66, // 5 - ((vec2(mod(f
	0x6c, 0x6f, 0x61, 0x74, 0x28, 0x5f, 0x31, 0x33, 0x38, 0x33, 0x29, 0x2c, 0x20, 0x5f, 0x31, 0x33, // loat(_1383), _13
	0x38, 0x37, 0x29, 0x2c, 0x20, 0x66, 0x6c, 0x6f, 0x61, 0x74, 0x28, 0x5f, 0x31, 0x33, 0x38, 0x33, // 87), float(_1383
	0x20, 0x2f, 0x20, 0x5f, 0x31, 0x33, 0x38, 0x36, 0x29, 0x29, 0x20, 0x2a, 0x20, 0x75, 0x5f, 0x66, //  / _1386)) * u_f
	0x6c, 0x69, 0x70, 0x62, 0x6f, 0x6f, 0x6b, 0x50, 0x61, 0x72, 0x61, 0x6d, 0x65, 0x74, 0x65, 0x72, // lipbookParameter
	0x32, 0x2e, 0x78, 0x79, 0x29, 0x20, 0x2b, 0x20, 0x75, 0x5f, 0x66, 0x6c, 0x69, 0x70, 0x62, 0x6f, // 2.xy) + u_flipbo
	0x6f, 0x6b, 0x50, 0x61, 0x72, 0x61, 0x6d, 0x65, 0x74, 0x65, 0x72, 0x32, 0x2e, 0x7a, 0x77, 0x29, // okParameter2.zw)
	0x29, 0x20, 0x2b, 0x20, 0x28, 0x76, 0x65, 0x63, 0x32, 0x28, 0x6d, 0x6f, 0x64, 0x28, 0x66, 0x6c, // ) + (vec2(mod(fl
	0x6f, 0x61, 0x74, 0x28, 0x5f, 0x31, 0x34, 0x30, 0x39, 0x29, 0x2c, 0x20, 0x5f, 0x31, 0x33, 0x38, // oat(_1409), _138
	0x37, 0x29, 0x2c, 0x20, 0x66, 0x6c, 0x6f, 0x61, 0x74, 0x28, 0x5f, 0x31, 0x34, 0x30, 0x39, 0x20, // 7), float(_1409 
	0x2f, 0x20, 0x5f, 0x31, 0x33, 0x38, 0x36, 0x29, 0x29, 0x20, 0x2a, 0x20, 0x75, 0x5f, 0x66, 0x6c, // / _1386)) * u_fl
	0x69, 0x70, 0x62, 0x6f, 0x6f, 0x6b, 0x50, 0x61, 0x72, 0x61, 0x6d, 0x65, 0x74, 0x65, 0x72, 0x32, // ipbookParameter2
	0x2e, 0x78, 0x79, 0x29, 0x29, 0x20, 0x2b, 0x20, 0x75, 0x5f, 0x66, 0x6c, 0x69, 0x70, 0x62, 0x6f, // .xy)) + u_flipbo
	0x6f, 0x6b, 0x50, 0x61, 0x72, 0x61, 0x6d, 0x65, 0x74, 0x65, 0x72, 0x32, 0x2e, 0x7a, 0x77, 0x3b, // okParameter2.zw;
	0x0a, 0x20, 0x20, 0x20, 0x20, 0x20, 0x20, 0x20, 0x20, 0x5f, 0x31, 0x34, 0x32, 0x39, 0x2e, 0x79, // .        _1429.y
	0x20, 0x3d, 0x20, 0x75, 0x5f, 0x6d, 0x55, 0x56, 0x49, 0x6e, 0x76, 0x65, 0x72, 0x73, 0x65, 0x64, //  = u_mUVInversed
	0x2e, 0x78, 0x20, 0x2b, 0x20, 0x28, 0x75, 0x5f, 0x6d, 0x55, 0x56, 0x49, 0x6e, 0x76, 0x65, 0x72, // .x + (u_mUVInver
	0x73, 0x65, 0x64, 0x2e, 0x79, 0x20, 0x2a, 0x20, 0x5f, 0x31, 0x34, 0x32, 0x39, 0x2e, 0x79, 0x29, // sed.y * _1429.y)
	0x3b, 0x0a, 0x20, 0x20, 0x20, 0x20, 0x20, 0x20, 0x20, 0x20, 0x5f, 0x31, 0x37, 0x36, 0x30, 0x20, // ;.        _1760 
	0x3d, 0x20, 0x5f, 0x31, 0x34, 0x32, 0x39, 0x3b, 0x0a, 0x20, 0x20, 0x20, 0x20, 0x20, 0x20, 0x20, // = _1429;.       
	0x20, 0x5f, 0x31, 0x37, 0x35, 0x33, 0x20, 0x3d, 0x20, 0x66, 0x72, 0x61, 0x63, 0x74, 0x28, 0x75, //  _1753 = fract(u
	0x5f, 0x66, 0x46, 0x6c, 0x69, 0x70, 0x62, 0x6f, 0x6f, 0x6b, 0x49, 0x6e, 0x64, 0x65, 0x78, 0x41, // _fFlipbookIndexA
	0x6e, 0x64, 0x4e, 0x65, 0x78, 0x74, 0x52, 0x61, 0x74, 0x65, 0x5b, 0x5f, 0x37, 0x35, 0x33, 0x5d, // ndNextRate[_753]
	0x2e, 0x78, 0x29, 0x3b, 0x0a, 0x20, 0x20, 0x20, 0x20, 0x7d, 0x0a, 0x20, 0x20, 0x20, 0x20, 0x65, // .x);.    }.    e
	0x6c, 0x73, 0x65, 0x0a, 0x20, 0x20, 0x20, 0x20, 0x7b, 0x0a, 0x20, 0x20, 0x20, 0x20, 0x20, 0x20, // lse.    {.      
	0x20, 0x20, 0x5f, 0x31, 0x37, 0x36, 0x30, 0x20, 0x3d, 0x20, 0x76, 0x65, 0x63, 0x32, 0x28, 0x30, //   _1760 = vec2(0
	0x2e, 0x30, 0x29, 0x3b, 0x0a, 0x20, 0x20, 0x20, 0x20, 0x20, 0x20, 0x20, 0x20, 0x5f, 0x31, 0x37, // .0);.        _17
	0x35, 0x33, 0x20, 0x3d, 0x20, 0x30, 0x2e, 0x30, 0x3b, 0x0a, 0x20, 0x20, 0x20, 0x20, 0x7d, 0x0a, // 53 = 0.0;.    }.
	0x20, 0x20, 0x20, 0x20, 0x76, 0x65, 0x63, 0x34, 0x20, 0x5f, 0x31, 0x37, 0x39, 0x35, 0x20, 0x3d, //     vec4 _1795 =
	0x20, 0x76, 0x65, 0x63, 0x34, 0x28, 0x28, 0x61, 0x5f, 0x74, 0x65, 0x78, 0x63, 0x6f, 0x6f, 0x72, //  vec4((a_texcoor
	0x64, 0x30, 0x2e, 0x78, 0x20, 0x2a, 0x20, 0x75, 0x5f, 0x66, 0x42, 0x6c, 0x65, 0x6e, 0x64, 0x55, // d0.x * u_fBlendU
	0x56, 0x5b, 0x5f, 0x37, 0x35, 0x33, 0x5d, 0x2e, 0x7a, 0x29, 0x20, 0x2b, 0x20, 0x75, 0x5f, 0x66, // V[_753].z) + u_f
	0x42, 0x6c, 0x65, 0x6e, 0x64, 0x55, 0x56, 0x5b, 0x5f, 0x37, 0x35, 0x33, 0x5d, 0x2e, 0x78, 0x2c, // BlendUV[_753].x,
	0x20, 0x5f, 0x31, 0x30, 0x39, 0x32, 0x2c, 0x20, 0x5f, 0x31, 0x37, 0x36, 0x30, 0x29, 0x3b, 0x0a, //  _1092, _1760);.
	0x20, 0x20, 0x20, 0x20, 0x5f, 0x31, 0x37, 0x39, 0x31, 0x2e, 0x79, 0x20, 0x3d, 0x20, 0x75, 0x5f, //     _1791.y = u_
	0x6d, 0x55, 0x56, 0x49, 0x6e, 0x76, 0x65, 0x72, 0x73, 0x65, 0x64, 0x2e, 0x78, 0x20, 0x2b, 0x20, // mUVInversed.x + 
	0x28, 0x75, 0x5f, 0x6d, 0x55, 0x56, 0x49, 0x6e, 0x76, 0x65, 0x72, 0x73, 0x65, 0x64, 0x2e, 0x79, // (u_mUVInversed.y
	0x20, 0x2a, 0x20, 0x5f, 0x31, 0x30, 0x35, 0x36, 0x29, 0x3b, 0x0a, 0x20, 0x20, 0x20, 0x20, 0x5f, //  * _1056);.    _
	0x31, 0x37, 0x39, 0x31, 0x2e, 0x77, 0x20, 0x3d, 0x20, 0x75, 0x5f, 0x6d, 0x55, 0x56, 0x49, 0x6e, // 1791.w = u_mUVIn
	0x76, 0x65, 0x72, 0x73, 0x65, 0x64, 0x2e, 0x78, 0x20, 0x2b, 0x20, 0x28, 0x75, 0x5f, 0x6d, 0x55, // versed.x + (u_mU
	0x56, 0x49, 0x6e, 0x76, 0x65, 0x72, 0x73, 0x65, 0x64, 0x2e, 0x79, 0x20, 0x2a, 0x20, 0x5f, 0x31, // VInversed.y * _1
	0x30, 0x37, 0x34, 0x29, 0x3b, 0x0a, 0x20, 0x20, 0x20, 0x20, 0x5f, 0x31, 0x37, 0x39, 0x35, 0x2e, // 074);.    _1795.
	0x79, 0x20, 0x3d, 0x20, 0x75, 0x5f, 0x6d, 0x55, 0x56, 0x49, 0x6e, 0x76, 0x65, 0x72, 0x73, 0x65, // y = u_mUVInverse
	0x64, 0x2e, 0x78, 0x20, 0x2b, 0x20, 0x28, 0x75, 0x5f, 0x6d, 0x55, 0x56, 0x49, 0x6e, 0x76, 0x65, // d.x + (u_mUVInve
	0x72, 0x73, 0x65, 0x64, 0x2e, 0x79, 0x20, 0x2a, 0x20, 0x5f, 0x31, 0x30, 0x39, 0x32, 0x29, 0x3b, // rsed.y * _1092);
	0x0a, 0x20, 0x20, 0x20, 0x20, 0x5f, 0x31, 0x37, 0x39, 0x32, 0x2e, 0x79, 0x20, 0x3d, 0x20, 0x75, // .    _1792.y = u
	0x5f, 0x6d, 0x55, 0x56, 0x49, 0x6e, 0x76, 0x65, 0x72, 0x73, 0x65, 0x64, 0x2e, 0x78, 0x20, 0x2b, // _mUVInversed.x +
	0x20, 0x28, 0x75, 0x5f, 0x6d, 0x55, 0x56, 0x49, 0x6e, 0x76, 0x65, 0x72, 0x73, 0x65, 0x64, 0x2e, //  (u_mUVInversed.
	0x79, 0x20, 0x2a, 0x20, 0x5f, 0x31, 0x31, 0x31, 0x30, 0x29, 0x3b, 0x0a, 0x20, 0x20, 0x20, 0x20, // y * _1110);.    
	0x5f, 0x31, 0x37, 0x39, 0x32, 0x2e, 0x77, 0x20, 0x3d, 0x20, 0x75, 0x5f, 0x6d, 0x55, 0x56, 0x49, // _1792.w = u_mUVI
	0x6e, 0x76, 0x65, 0x72, 0x73, 0x65, 0x64, 0x2e, 0x78, 0x20, 0x2b, 0x20, 0x28, 0x75, 0x5f, 0x6d, // nversed.x + (u_m
	0x55, 0x56, 0x49, 0x6e, 0x76, 0x65, 0x72, 0x73, 0x65, 0x64, 0x2e, 0x79, 0x20, 0x2a, 0x20, 0x5f, // UVInversed.y * _
	0x31, 0x31, 0x32, 0x38, 0x29, 0x3b, 0x0a, 0x20, 0x20, 0x20, 0x20, 0x67, 0x6c, 0x5f, 0x50, 0x6f, // 1128);.    gl_Po
	0x73, 0x69, 0x74, 0x69, 0x6f, 0x6e, 0x20, 0x3d, 0x20, 0x5f, 0x39, 0x30, 0x37, 0x3b, 0x0a, 0x20, // sition = _907;. 
	0x20, 0x20, 0x20, 0x76, 0x5f, 0x43, 0x6f, 0x6c, 0x6f, 0x72, 0x20, 0x3d, 0x20, 0x75, 0x5f, 0x66, //    v_Color = u_f
	0x4d, 0x6f, 0x64, 0x65, 0x6c, 0x43, 0x6f, 0x6c, 0x6f, 0x72, 0x5b, 0x5f, 0x37, 0x35, 0x33, 0x5d, // ModelColor[_753]
	0x20, 0x2a, 0x20, 0x61, 0x5f, 0x63, 0x6f, 0x6c, 0x6f, 0x72, 0x30, 0x3b, 0x0a, 0x20, 0x20, 0x20, //  * a_color0;.   
	0x20, 0x76, 0x5f, 0x55, 0x56, 0x5f, 0x4f, 0x74, 0x68, 0x65, 0x72, 0x73, 0x20, 0x3d, 0x20, 0x76, //  v_UV_Others = v
	0x65, 0x63, 0x34, 0x28, 0x5f, 0x39, 0x31, 0x38, 0x2c, 0x20, 0x5f, 0x39, 0x33, 0x36, 0x2c, 0x20, // ec4(_918, _936, 
	0x5f, 0x31, 0x37, 0x35, 0x33, 0x2c, 0x20, 0x75, 0x5f, 0x66, 0x4d, 0x6f, 0x64, 0x65, 0x6c, 0x41, // _1753, u_fModelA
	0x6c, 0x70, 0x68, 0x61, 0x54, 0x68, 0x72, 0x65, 0x73, 0x68, 0x6f, 0x6c, 0x64, 0x5b, 0x5f, 0x37, // lphaThreshold[_7
	0x35, 0x33, 0x5d, 0x2e, 0x78, 0x29, 0x3b, 0x0a, 0x20, 0x20, 0x20, 0x20, 0x76, 0x5f, 0x57, 0x6f, // 53].x);.    v_Wo
	0x72, 0x6c, 0x64, 0x4e, 0x20, 0x3d, 0x20, 0x6e, 0x6f, 0x72, 0x6d, 0x61, 0x6c, 0x69, 0x7a, 0x65, // rldN = normalize
	0x28, 0x75, 0x5f, 0x6d, 0x4d, 0x6f, 0x64, 0x65, 0x6c, 0x5f, 0x49, 0x6e, 0x73, 0x74, 0x5b, 0x5f, // (u_mModel_Inst[_
	0x37, 0x35, 0x33, 0x5d, 0x20, 0x2a, 0x20, 0x76, 0x65, 0x63, 0x34, 0x28, 0x61, 0x5f, 0x6e, 0x6f, // 753] * vec4(a_no
	0x72, 0x6d, 0x61, 0x6c, 0x2c, 0x20, 0x30, 0x2e, 0x30, 0x29, 0x29, 0x2e, 0x78, 0x79, 0x7a, 0x3b, // rmal, 0.0)).xyz;
	0x0a, 0x20, 0x20, 0x20, 0x20, 0x76, 0x5f, 0x57, 0x6f, 0x72, 0x6c, 0x64, 0x42, 0x20, 0x3d, 0x20, // .    v_WorldB = 
	0x6e, 0x6f, 0x72, 0x6d, 0x61, 0x6c, 0x69, 0x7a, 0x65, 0x28, 0x75, 0x5f, 0x6d, 0x4d, 0x6f, 0x64, // normalize(u_mMod
	0x65, 0x6c, 0x5f, 0x49, 0x6e, 0x73, 0x74, 0x5b, 0x5f, 0x37, 0x35, 0x33, 0x5d, 0x20, 0x2a, 0x20, // el_Inst[_753] * 
	0x76, 0x65, 0x63, 0x34, 0x28, 0x61, 0x5f, 0x62, 0x69, 0x74, 0x61, 0x6e, 0x67, 0x65, 0x6e, 0x74, // vec4(a_bitangent
	0x2c, 0x20, 0x30, 0x2e, 0x30, 0x29, 0x29, 0x2e, 0x78, 0x79, 0x7a, 0x3b, 0x0a, 0x20, 0x20, 0x20, // , 0.0)).xyz;.   
	0x20, 0x76, 0x5f, 0x57, 0x6f, 0x72, 0x6c, 0x64, 0x54, 0x20, 0x3d, 0x20, 0x6e, 0x6f, 0x72, 0x6d, //  v_WorldT = norm
	0x61, 0x6c, 0x69, 0x7a, 0x65, 0x28, 0x75, 0x5f, 0x6d, 0x4d, 0x6f, 0x64, 0x65, 0x6c, 0x5f, 0x49, // alize(u_mModel_I
	0x6e, 0x73, 0x74, 0x5b, 0x5f, 0x37, 0x35, 0x33, 0x5d, 0x20, 0x2a, 0x20, 0x76, 0x65, 0x63, 0x34, // nst[_753] * vec4
	0x28, 0x61, 0x5f, 0x74, 0x61, 0x6e, 0x67, 0x65, 0x6e, 0x74, 0x2c, 0x20, 0x30, 0x2e, 0x30, 0x29, // (a_tangent, 0.0)
	0x29, 0x2e, 0x78, 0x79, 0x7a, 0x3b, 0x0a, 0x20, 0x20, 0x20, 0x20, 0x76, 0x5f, 0x41, 0x6c, 0x70, // ).xyz;.    v_Alp
	0x68, 0x61, 0x5f, 0x44, 0x69, 0x73, 0x74, 0x5f, 0x55, 0x56, 0x20, 0x3d, 0x20, 0x5f, 0x31, 0x37, // ha_Dist_UV = _17
	0x39, 0x31, 0x3b, 0x0a, 0x20, 0x20, 0x20, 0x20, 0x76, 0x5f, 0x42, 0x6c, 0x65, 0x6e, 0x64, 0x5f, // 91;.    v_Blend_
	0x41, 0x6c, 0x70, 0x68, 0x61, 0x5f, 0x44, 0x69, 0x73, 0x74, 0x5f, 0x55, 0x56, 0x20, 0x3d, 0x20, // Alpha_Dist_UV = 
	0x5f, 0x31, 0x37, 0x39, 0x32, 0x3b, 0x0a, 0x20, 0x20, 0x20, 0x20, 0x76, 0x5f, 0x42, 0x6c, 0x65, // _1792;.    v_Ble
	0x6e, 0x64, 0x5f, 0x46, 0x42, 0x4e, 0x65, 0x78, 0x74, 0x49, 0x6e, 0x64, 0x65, 0x78, 0x5f, 0x55, // nd_FBNextIndex_U
	0x56, 0x20, 0x3d, 0x20, 0x5f, 0x31, 0x37, 0x39, 0x35, 0x3b, 0x0a, 0x20, 0x20, 0x20, 0x20, 0x76, // V = _1795;.    v
	0x5f, 0x50, 0x6f, 0x73, 0x50, 0x20, 0x3d, 0x20, 0x5f, 0x39, 0x30, 0x37, 0x3b, 0x0a, 0x7d, 0x0a, // _PosP = _907;.}.
	0x0a, 0x00,                                                                                     // ..
};
static const uint8_t ad_model_lit_vs_glsl[6258] =
{
	0x56, 0x53, 0x48, 0x0c, 0x00, 0x00, 0x00, 0x00, 0x86, 0x32, 0x45, 0x95, 0x00, 0x00, 0x00, 0x00, // VSH......2E.....
	0x00, 0x00, 0x00, 0x00, 0x0e, 0x00, 0x14, 0x75, 0x5f, 0x66, 0x6c, 0x69, 0x70, 0x62, 0x6f, 0x6f, // .......u_flipboo
	0x6b, 0x50, 0x61, 0x72, 0x61, 0x6d, 0x65, 0x74, 0x65, 0x72, 0x31, 0x02, 0x01, 0x00, 0x00, 0x01, // kParameter1.....
	0x00, 0x00, 0x00, 0x00, 0x00, 0x14, 0x75, 0x5f, 0x66, 0x6c, 0x69, 0x70, 0x62, 0x6f, 0x6f, 0x6b, // ......u_flipbook
	0x50, 0x61, 0x72, 0x61, 0x6d, 0x65, 0x74, 0x65, 0x72, 0x32, 0x02, 0x01, 0x00, 0x00, 0x01, 0x00, // Parameter2......
	0x00, 0x00, 0x00, 0x00, 0x0d, 0x75, 0x5f, 0x6d, 0x55, 0x56, 0x49, 0x6e, 0x76, 0x65, 0x72, 0x73, // .....u_mUVInvers
	0x65, 0x64, 0x02, 0x01, 0x00, 0x00, 0x01, 0x00, 0x00, 0x00, 0x00, 0x00, 0x0d, 0x75, 0x5f, 0x6d, // ed...........u_m
	0x4d, 0x6f, 0x64, 0x65, 0x6c, 0x5f, 0x49, 0x6e, 0x73, 0x74, 0x04, 0x28, 0x00, 0x00, 0xa0, 0x00, // Model_Inst.(....
	0x00, 0x00, 0x00, 0x00, 0x05, 0x75, 0x5f, 0x66, 0x55, 0x56, 0x02, 0x28, 0x00, 0x00, 0x28, 0x00, // .....u_fUV.(..(.
	0x00, 0x00, 0x00, 0x00, 0x0a, 0x75, 0x5f, 0x66, 0x41, 0x6c, 0x70, 0x68, 0x61, 0x55, 0x56, 0x02, // .....u_fAlphaUV.
	0x28, 0x00, 0x00, 0x28, 0x00, 0x00, 0x00, 0x00, 0x00, 0x11, 0x75, 0x5f, 0x66, 0x55, 0x56, 0x44, // (..(......u_fUVD
	0x69, 0x73, 0x74, 0x6f, 0x72, 0x74, 0x69, 0x6f, 0x6e, 0x55, 0x56, 0x02, 0x28, 0x00, 0x00, 0x28, // istortionUV.(..(
	0x00, 0x00, 0x00, 0x00, 0x00, 0x0a, 0x75, 0x5f, 0x66, 0x42, 0x6c, 0x65, 0x6e, 0x64, 0x55, 0x56, // ......u_fBlendUV
	0x02, 0x28, 0x00, 0x00, 0x28, 0x00, 0x00, 0x00, 0x00, 0x00, 0x0f, 0x75, 0x5f, 0x66, 0x42, 0x6c, // .(..(......u_fBl
	0x65, 0x6e, 0x64, 0x41, 0x6c, 0x70, 0x68, 0x61, 0x55, 0x56, 0x02, 0x28, 0x00, 0x00, 0x28, 0x00, // endAlphaUV.(..(.
	0x00, 0x00, 0x00, 0x00, 0x16, 0x75, 0x5f, 0x66, 0x42, 0x6c, 0x65, 0x6e, 0x64, 0x55, 0x56, 0x44, // .....u_fBlendUVD
	0x69, 0x73, 0x74, 0x6f, 0x72, 0x74, 0x69, 0x6f, 0x6e, 0x55, 0x56, 0x02, 0x28, 0x00, 0x00, 0x28, // istortionUV.(..(
	0x00, 0x00, 0x00, 0x00, 0x00, 0x0d, 0x75, 0x5f, 0x66, 0x4d, 0x6f, 0x64, 0x65, 0x6c, 0x43, 0x6f, // ......u_fModelCo
	0x6c, 0x6f, 0x72, 0x02, 0x28, 0x00, 0x00, 0x28, 0x00, 0x00, 0x00, 0x00, 0x00, 0x1b, 0x75, 0x5f, // lor.(..(......u_
	0x66, 0x46, 0x6c, 0x69, 0x70, 0x62, 0x6f, 0x6f, 0x6b, 0x49, 0x6e, 0x64, 0x65, 0x78, 0x41, 0x6e, // fFlipbookIndexAn
	0x64, 0x4e, 0x65, 0x78, 0x74, 0x52, 0x61, 0x74, 0x65, 0x02, 0x28, 0x00, 0x00, 0x28, 0x00, 0x00, // dNextRate.(..(..
	0x00, 0x00, 0x00, 0x16, 0x75, 0x5f, 0x66, 0x4d, 0x6f, 0x64, 0x65, 0x6c, 0x41, 0x6c, 0x70, 0x68, // ....u_fModelAlph
	0x61, 0x54, 0x68, 0x72, 0x65, 0x73, 0x68, 0x6f, 0x6c, 0x64, 0x02, 0x28, 0x00, 0x00, 0x28, 0x00, // aThreshold.(..(.
	0x00, 0x00, 0x00, 0x00, 0x0d, 0x75, 0x5f, 0x6d, 0x43, 0x61, 0x6d, 0x65, 0x72, 0x61, 0x50, 0x72, // .....u_mCameraPr
	0x6f, 0x6a, 0x04, 0x01, 0x00, 0x00, 0x04, 0x00, 0x00, 0x00, 0x00, 0x00, 0xe1, 0x16, 0x00, 0x00, // oj..............
	0x0a, 0x76, 0x65, 0x63, 0x34, 0x20, 0x5f, 0x31, 0x37, 0x39, 0x37, 0x3b, 0x0a, 0x0a, 0x75, 0x6e, // .vec4 _1797;..un
	0x69, 0x66, 0x6f, 0x72, 0x6d, 0x20, 0x76, 0x65, 0x63, 0x34, 0x20, 0x75, 0x5f, 0x66, 0x6c, 0x69, // iform vec4 u_fli
	0x70, 0x62, 0x6f, 0x6f, 0x6b, 0x50, 0x61, 0x72, 0x61, 0x6d, 0x65, 0x74, 0x65, 0x72, 0x31, 0x3b, // pbookParameter1;
	0x0a, 0x75, 0x6e, 0x69, 0x66, 0x6f, 0x72, 0x6d, 0x20, 0x76, 0x65, 0x63, 0x34, 0x20, 0x75, 0x5f, // .uniform vec4 u_
	0x66, 0x6c, 0x69, 0x70, 0x62, 0x6f, 0x6f, 0x6b, 0x50, 0x61, 0x72, 0x61, 0x6d, 0x65, 0x74, 0x65, // flipbookParamete
	0x72, 0x32, 0x3b, 0x0a, 0x75, 0x6e, 0x69, 0x66, 0x6f, 0x72, 0x6d, 0x20, 0x76, 0x65, 0x63, 0x34, // r2;.uniform vec4
	0x20, 0x75, 0x5f, 0x6d, 0x55, 0x56, 0x49, 0x6e, 0x76, 0x65, 0x72, 0x73, 0x65, 0x64, 0x3b, 0x0a, //  u_mUVInversed;.
	0x75, 0x6e, 0x69, 0x66, 0x6f, 0x72, 0x6d, 0x20, 0x6d, 0x61, 0x74, 0x34, 0x20, 0x75, 0x5f, 0x6d, // uniform mat4 u_m
	0x4d, 0x6f, 0x64, 0x65, 0x6c, 0x5f, 0x49, 0x6e, 0x73, 0x74, 0x5b, 0x34, 0x30, 0x5d, 0x3b, 0x0a, // Model_Inst[40];.
	0x75, 0x6e, 0x69, 0x66, 0x6f, 0x72, 0x6d, 0x20, 0x76, 0x65, 0x63, 0x34, 0x20, 0x75, 0x5f, 0x66, // uniform vec4 u_f
	0x55, 0x56, 0x5b, 0x34, 0x30, 0x5d, 0x3b, 0x0a, 0x75, 0x6e, 0x69, 0x66, 0x6f, 0x72, 0x6d, 0x20, // UV[40];.uniform 
	0x76, 0x65, 0x63, 0x34, 0x20, 0x75, 0x5f, 0x66, 0x41, 0x6c, 0x70, 0x68, 0x61, 0x55, 0x56, 0x5b, // vec4 u_fAlphaUV[
	0x34, 0x30, 0x5d, 0x3b, 0x0a, 0x75, 0x6e, 0x69, 0x66, 0x6f, 0x72, 0x6d, 0x20, 0x76, 0x65, 0x63, // 40];.uniform vec
	0x34, 0x20, 0x75, 0x5f, 0x66, 0x55, 0x56, 0x44, 0x69, 0x73, 0x74, 0x6f, 0x72, 0x74, 0x69, 0x6f, // 4 u_fUVDistortio
	0x6e, 0x55, 0x56, 0x5b, 0x34, 0x30, 0x5d, 0x3b, 0x0a, 0x75, 0x6e, 0x69, 0x66, 0x6f, 0x72, 0x6d, // nUV[40];.uniform
	0x20, 0x76, 0x65, 0x63, 0x34, 0x20, 0x75, 0x5f, 0x66, 0x42, 0x6c, 0x65, 0x6e, 0x64, 0x55, 0x56, //  vec4 u_fBlendUV
	0x5b, 0x34, 0x30, 0x5d, 0x3b, 0x0a, 0x75, 0x6e, 0x69, 0x66, 0x6f, 0x72, 0x6d, 0x20, 0x76, 0x65, // [40];.uniform ve
	0x63, 0x34, 0x20, 0x75, 0x5f, 0x66, 0x42, 0x6c, 0x65, 0x6e, 0x64, 0x41, 0x6c, 0x70, 0x68, 0x61, // c4 u_fBlendAlpha
	0x55, 0x56, 0x5b, 0x34, 0x30, 0x5d, 0x3b, 0x0a, 0x75, 0x6e, 0x69, 0x66, 0x6f, 0x72, 0x6d, 0x20, // UV[40];.uniform 
	0x76, 0x65, 0x63, 0x34, 0x20, 0x75, 0x5f, 0x66, 0x42, 0x6c, 0x65, 0x6e, 0x64, 0x55, 0x56, 0x44, // vec4 u_fBlendUVD
	0x69, 0x73, 0x74, 0x6f, 0x72, 0x74, 0x69, 0x6f, 0x6e, 0x55, 0x56, 0x5b, 0x34, 0x30, 0x5d, 0x3b, // istortionUV[40];
	0x0a, 0x75, 0x6e, 0x69, 0x66, 0x6f, 0x72, 0x6d, 0x20, 0x76, 0x65, 0x63, 0x34, 0x20, 0x75, 0x5f, // .uniform vec4 u_
	0x66, 0x4d, 0x6f, 0x64, 0x65, 0x6c, 0x43, 0x6f, 0x6c, 0x6f, 0x72, 0x5b, 0x34, 0x30, 0x5d, 0x3b, // fModelColor[40];
	0x0a, 0x75, 0x6e, 0x69, 0x66, 0x6f, 0x72, 0x6d, 0x20, 0x76, 0x65, 0x63, 0x34, 0x20, 0x75, 0x5f, // .uniform vec4 u_
	0x66, 0x46, 0x6c, 0x69, 0x70, 0x62, 0x6f, 0x6f, 0x6b, 0x49, 0x6e, 0x64, 0x65, 0x78, 0x41, 0x6e, // fFlipbookIndexAn
	0x64, 0x4e, 0x65, 0x78, 0x74, 0x52, 0x61, 0x74, 0x65, 0x5b, 0x34, 0x30, 0x5d, 0x3b, 0x0a, 0x75, // dNextRate[40];.u
	0x6e, 0x69, 0x66, 0x6f, 0x72, 0x6d, 0x20, 0x76, 0x65, 0x63, 0x34, 0x20, 0x75, 0x5f, 0x66, 0x4d, // niform vec4 u_fM
	0x6f, 0x64, 0x65, 0x6c, 0x41, 0x6c, 0x70, 0x68, 0x61, 0x54, 0x68, 0x72, 0x65, 0x73, 0x68, 0x6f, // odelAlphaThresho
	0x6c, 0x64, 0x5b, 0x34, 0x30, 0x5d, 0x3b, 0x0a, 0x75, 0x6e, 0x69, 0x66, 0x6f, 0x72, 0x6d, 0x20, // ld[40];.uniform 
	0x6d, 0x61, 0x74, 0x34, 0x20, 0x75, 0x5f, 0x6d, 0x43, 0x61, 0x6d, 0x65, 0x72, 0x61, 0x50, 0x72, // mat4 u_mCameraPr
	0x6f, 0x6a, 0x3b, 0x0a, 0x0a, 0x6c, 0x61, 0x79, 0x6f, 0x75, 0x74, 0x28, 0x6c, 0x6f, 0x63, 0x61, // oj;..layout(loca
	0x74, 0x69, 0x6f, 0x6e, 0x20, 0x3d, 0x20, 0x33, 0x29, 0x20, 0x69, 0x6e, 0x20, 0x76, 0x65, 0x63, // tion = 3) in vec
	0x33, 0x20, 0x61, 0x5f, 0x70, 0x6f, 0x73, 0x69, 0x74, 0x69, 0x6f, 0x6e, 0x3b, 0x0a, 0x6c, 0x61, // 3 a_position;.la
	0x79, 0x6f, 0x75, 0x74, 0x28, 0x6c, 0x6f, 0x63, 0x61, 0x74, 0x69, 0x6f, 0x6e, 0x20, 0x3d, 0x20, // yout(location = 
	0x32, 0x29, 0x20, 0x69, 0x6e, 0x20, 0x76, 0x65, 0x63, 0x33, 0x20, 0x61, 0x5f, 0x6e, 0x6f, 0x72, // 2) in vec3 a_nor
	0x6d, 0x61, 0x6c, 0x3b, 0x0a, 0x6c, 0x61, 0x79, 0x6f, 0x75, 0x74, 0x28, 0x6c, 0x6f, 0x63, 0x61, // mal;.layout(loca
	0x74, 0x69, 0x6f, 0x6e, 0x20, 0x3d, 0x20, 0x30, 0x29, 0x20, 0x69, 0x6e, 0x20, 0x76, 0x65, 0x63, // tion = 0) in vec
	0x33, 0x20, 0x61, 0x5f, 0x62, 0x69, 0x74, 0x61, 0x6e, 0x67, 0x65, 0x6e, 0x74, 0x3b, 0x0a, 0x6c, // 3 a_bitangent;.l
	0x61, 0x79, 0x6f, 0x75, 0x74, 0x28, 0x6c, 0x6f, 0x63, 0x61, 0x74, 0x69, 0x6f, 0x6e, 0x20, 0x3d, // ayout(location =
	0x20, 0x34, 0x29, 0x20, 0x69, 0x6e, 0x20, 0x76, 0x65, 0x63, 0x33, 0x20, 0x61, 0x5f, 0x74, 0x61, //  4) in vec3 a_ta
	0x6e, 0x67, 0x65, 0x6e, 0x74, 0x3b, 0x0a, 0x6c, 0x61, 0x79, 0x6f, 0x75, 0x74, 0x28, 0x6c, 0x6f, // ngent;.layout(lo
	0x63, 0x61, 0x74, 0x69, 0x6f, 0x6e, 0x20, 0x3d, 0x20, 0x35, 0x29, 0x20, 0x69, 0x6e, 0x20, 0x76, // cation = 5) in v
	0x65, 0x63, 0x32, 0x20, 0x61, 0x5f, 0x74, 0x65, 0x78, 0x63, 0x6f, 0x6f, 0x72, 0x64, 0x30, 0x3b, // ec2 a_texcoord0;
	0x0a, 0x6c, 0x61, 0x79, 0x6f, 0x75, 0x74, 0x28, 0x6c, 0x6f, 0x63, 0x61, 0x74, 0x69, 0x6f, 0x6e, // .layout(location
	0x20, 0x3d, 0x20, 0x31, 0x29, 0x20, 0x69, 0x6e, 0x20, 0x76, 0x65, 0x63, 0x34, 0x20, 0x61, 0x5f, //  = 1) in vec4 a_
	0x63, 0x6f, 0x6c, 0x6f, 0x72, 0x30, 0x3b, 0x0a, 0x6f, 0x75, 0x74, 0x20, 0x76, 0x65, 0x63, 0x34, // color0;.out vec4
	0x20, 0x76, 0x5f, 0x43, 0x6f, 0x6c, 0x6f, 0x72, 0x3b, 0x0a, 0x6f, 0x75, 0x74, 0x20, 0x76, 0x65, //  v_Color;.out ve
	0x63, 0x34, 0x20, 0x76, 0x5f, 0x55, 0x56, 0x5f, 0x4f, 0x74, 0x68, 0x65, 0x72, 0x73, 0x3b, 0x0a, // c4 v_UV_Others;.
	0x6f, 0x75, 0x74, 0x20, 0x76, 0x65, 0x63, 0x33, 0x20, 0x76, 0x5f, 0x57, 0x6f, 0x72, 0x6c, 0x64, // out vec3 v_World
	0x4e, 0x3b, 0x0a, 0x6f, 0x75, 0x74, 0x20, 0x76, 0x65, 0x63, 0x33, 0x20, 0x76, 0x5f, 0x57, 0x6f, // N;.out vec3 v_Wo
	0x72, 0x6c, 0x64, 0x42, 0x3b, 0x0a, 0x6f, 0x75, 0x74, 0x20, 0x76, 0x65, 0x63, 0x33, 0x20, 0x76, // rldB;.out vec3 v
	0x5f, 0x57, 0x6f, 0x72, 0x6c, 0x64, 0x54, 0x3b, 0x0a, 0x6f, 0x75, 0x74, 0x20, 0x76, 0x65, 0x63, // _WorldT;.out vec
	0x34, 0x20, 0x76, 0x5f, 0x41, 0x6c, 0x70, 0x68, 0x61, 0x5f, 0x44, 0x69, 0x73, 0x74, 0x5f, 0x55, // 4 v_Alpha_Dist_U
	0x56, 0x3b, 0x0a, 0x6f, 0x75, 0x74, 0x20, 0x76, 0x65, 0x63, 0x34, 0x20, 0x76, 0x5f, 0x42, 0x6c, // V;.out vec4 v_Bl
	0x65, 0x6e, 0x64, 0x5f, 0x41, 0x6c, 0x70, 0x68, 0x61, 0x5f, 0x44, 0x69, 0x73, 0x74, 0x5f, 0x55, // end_Alpha_Dist_U
	0x56, 0x3b, 0x0a, 0x6f, 0x75, 0x74, 0x20, 0x76, 0x65, 0x63, 0x34, 0x20, 0x76, 0x5f, 0x42, 0x6c, // V;.out vec4 v_Bl
	0x65, 0x6e, 0x64, 0x5f, 0x46, 0x42, 0x4e, 0x65, 0x78, 0x74, 0x49, 0x6e, 0x64, 0x65, 0x78, 0x5f, // end_FBNextIndex_
	0x55, 0x56, 0x3b, 0x0a, 0x6f, 0x75, 0x74, 0x20, 0x76, 0x65, 0x63, 0x34, 0x20, 0x76, 0x5f, 0x50, // UV;.out vec4 v_P
	0x6f, 0x73, 0x50, 0x3b, 0x0a, 0x0a, 0x76, 0x6f, 0x69, 0x64, 0x20, 0x6d, 0x61, 0x69, 0x6e, 0x28, // osP;..void main(
	0x29, 0x0a, 0x7b, 0x0a, 0x20, 0x20, 0x20, 0x20, 0x75, 0x69, 0x6e, 0x74, 0x20, 0x5f, 0x37, 0x35, // ).{.    uint _75
	0x33, 0x20, 0x3d, 0x20, 0x75, 0x69, 0x6e, 0x74, 0x28, 0x67, 0x6c, 0x5f, 0x49, 0x6e, 0x73, 0x74, // 3 = uint(gl_Inst
	0x61, 0x6e, 0x63, 0x65, 0x49, 0x44, 0x29, 0x3b, 0x0a, 0x20, 0x20, 0x20, 0x20, 0x76, 0x65, 0x63, // anceID);.    vec
	0x34, 0x20, 0x5f, 0x39, 0x30, 0x37, 0x20, 0x3d, 0x20, 0x75, 0x5f, 0x6d, 0x43, 0x61, 0x6d, 0x65, // 4 _907 = u_mCame
	0x72, 0x61, 0x50, 0x72, 0x6f, 0x6a, 0x20, 0x2a, 0x20, 0x28, 0x75, 0x5f, 0x6d, 0x4d, 0x6f, 0x64, // raProj * (u_mMod
	0x65, 0x6c, 0x5f, 0x49, 0x6e, 0x73, 0x74, 0x5b, 0x5f, 0x37, 0x35, 0x33, 0x5d, 0x20, 0x2a, 0x20, // el_Inst[_753] * 
	0x76, 0x65, 0x63, 0x34, 0x28, 0x61, 0x5f, 0x70, 0x6f, 0x73, 0x69, 0x74, 0x69, 0x6f, 0x6e, 0x2c, // vec4(a_position,
	0x20, 0x31, 0x2e, 0x30, 0x29, 0x29, 0x3b, 0x0a, 0x20, 0x20, 0x20, 0x20, 0x66, 0x6c, 0x6f, 0x61, //  1.0));.    floa
	0x74, 0x20, 0x5f, 0x39, 0x31, 0x38, 0x20, 0x3d, 0x20, 0x28, 0x61, 0x5f, 0x74, 0x65, 0x78, 0x63, // t _918 = (a_texc
	0x6f, 0x6f, 0x72, 0x64, 0x30, 0x2e, 0x78, 0x20, 0x2a, 0x20, 0x75, 0x5f, 0x66, 0x55, 0x56, 0x5b, // oord0.x * u_fUV[
	0x5f, 0x37, 0x35, 0x33, 0x5d, 0x2e, 0x7a, 0x29, 0x20, 0x2b, 0x20, 0x75, 0x5f, 0x66, 0x55, 0x56, // _753].z) + u_fUV
	0x5b, 0x5f, 0x37, 0x35, 0x33, 0x5d, 0x2e, 0x78, 0x3b, 0x0a, 0x20, 0x20, 0x20, 0x20, 0x66, 0x6c, // [_753].x;.    fl
	0x6f, 0x61, 0x74, 0x20, 0x5f, 0x39, 0x33, 0x36, 0x20, 0x3d, 0x20, 0x75, 0x5f, 0x6d, 0x55, 0x56, // oat _936 = u_mUV
	0x49, 0x6e, 0x76, 0x65, 0x72, 0x73, 0x65, 0x64, 0x2e, 0x78, 0x20, 0x2b, 0x20, 0x28, 0x75, 0x5f, // Inversed.x + (u_
	0x6d, 0x55, 0x56, 0x49, 0x6e, 0x76, 0x65, 0x72, 0x73, 0x65, 0x64, 0x2e, 0x79, 0x20, 0x2a, 0x20, // mUVInversed.y * 
	0x28, 0x28, 0x61, 0x5f, 0x74, 0x65, 0x78, 0x63, 0x6f, 0x6f, 0x72, 0x64, 0x30, 0x2e, 0x79, 0x20, // ((a_texcoord0.y 
	0x2a, 0x20, 0x75, 0x5f, 0x66, 0x55, 0x56, 0x5b, 0x5f, 0x37, 0x35, 0x33, 0x5d, 0x2e, 0x77, 0x29, // * u_fUV[_753].w)
	0x20, 0x2b, 0x20, 0x75, 0x5f, 0x66, 0x55, 0x56, 0x5b, 0x5f, 0x37, 0x35, 0x33, 0x5d, 0x2e, 0x79, //  + u_fUV[_753].y
	0x29, 0x29, 0x3b, 0x0a, 0x20, 0x20, 0x20, 0x20, 0x76, 0x65, 0x63, 0x34, 0x20, 0x5f, 0x31, 0x36, // ));.    vec4 _16
	0x31, 0x38, 0x3b, 0x0a, 0x20, 0x20, 0x20, 0x20, 0x5f, 0x31, 0x36, 0x31, 0x38, 0x2e, 0x78, 0x20, // 18;.    _1618.x 
	0x3d, 0x20, 0x5f, 0x39, 0x31, 0x38, 0x3b, 0x0a, 0x20, 0x20, 0x20, 0x20, 0x76, 0x65, 0x63, 0x32, // = _918;.    vec2
	0x20, 0x5f, 0x39, 0x39, 0x35, 0x20, 0x3d, 0x20, 0x5f, 0x31, 0x36, 0x31, 0x38, 0x2e, 0x78, 0x79, //  _995 = _1618.xy
	0x3b, 0x0a, 0x20, 0x20, 0x20, 0x20, 0x66, 0x6c, 0x6f, 0x61, 0x74, 0x20, 0x5f, 0x31, 0x30, 0x35, // ;.    float _105
	0x36, 0x20, 0x3d, 0x20, 0x28, 0x61, 0x5f, 0x74, 0x65, 0x78, 0x63, 0x6f, 0x6f, 0x72, 0x64, 0x30, // 6 = (a_texcoord0
	0x2e, 0x79, 0x20, 0x2a, 0x20, 0x75, 0x5f, 0x66, 0x41, 0x6c, 0x70, 0x68, 0x61, 0x55, 0x56, 0x5b, // .y * u_fAlphaUV[
	0x5f, 0x37, 0x35, 0x33, 0x5d, 0x2e, 0x77, 0x29, 0x20, 0x2b, 0x20, 0x75, 0x5f, 0x66, 0x41, 0x6c, // _753].w) + u_fAl
	0x70, 0x68, 0x61, 0x55, 0x56, 0x5b, 0x5f, 0x37, 0x35, 0x33, 0x5d, 0x2e, 0x79, 0x3b, 0x0a, 0x20, // phaUV[_753].y;. 
	0x20, 0x20, 0x20, 0x66, 0x6c, 0x6f, 0x61, 0x74, 0x20, 0x5f, 0x31, 0x30, 0x37, 0x34, 0x20, 0x3d, //    float _1074 =
	0x20, 0x28, 0x61, 0x5f, 0x74, 0x65, 0x78, 0x63, 0x6f, 0x6f, 0x72, 0x64, 0x30, 0x2e, 0x79, 0x20, //  (a_texcoord0.y 
	0x2a, 0x20, 0x75, 0x5f, 0x66, 0x55, 0x56, 0x44, 0x69, 0x73, 0x74, 0x6f, 0x72, 0x74, 0x69, 0x6f, // * u_fUVDistortio
	0x6e, 0x55, 0x56, 0x5b, 0x5f, 0x37, 0x35, 0x33, 0x5d, 0x2e, 0x77, 0x29, 0x20, 0x2b, 0x20, 0x75, // nUV[_753].w) + u
	0x5f, 0x66, 0x55, 0x56, 0x44, 0x69, 0x73, 0x74, 0x6f, 0x72, 0x74, 0x69, 0x6f, 0x6e, 0x55, 0x56, // _fUVDistortionUV
	0x5b, 0x5f, 0x37, 0x35, 0x33, 0x5d, 0x2e, 0x79, 0x3b, 0x0a, 0x20, 0x20, 0x20, 0x20, 0x76, 0x65, // [_753].y;.    ve
	0x63, 0x34, 0x20, 0x5f, 0x31, 0x37, 0x39, 0x31, 0x20, 0x3d, 0x20, 0x76, 0x65, 0x63, 0x34, 0x28, // c4 _1791 = vec4(
	0x28, 0x61, 0x5f, 0x74, 0x65, 0x78, 0x63, 0x6f, 0x6f, 0x72, 0x64, 0x30, 0x2e, 0x78, 0x20, 0x2a, // (a_texcoord0.x *
	0x20, 0x75, 0x5f, 0x66, 0x41, 0x6c, 0x70, 0x68, 0x61, 0x55, 0x56, 0x5b, 0x5f, 0x37, 0x35, 0x33, //  u_fAlphaUV[_753
	0x5d, 0x2e, 0x7a, 0x29, 0x20, 0x2b, 0x20, 0x75, 0x5f, 0x66, 0x41, 0x6c, 0x70, 0x68, 0x61, 0x55, // ].z) + u_fAlphaU
	0x56, 0x5b, 0x5f, 0x37, 0x35, 0x33, 0x5d, 0x2e, 0x78, 0x2c, 0x20, 0x5f, 0x31, 0x30, 0x35, 0x36, // V[_753].x, _1056
	0x2c, 0x20, 0x28, 0x61, 0x5f, 0x74, 0x65, 0x78, 0x63, 0x6f, 0x6f, 0x72, 0x64, 0x30, 0x2e, 0x78, // , (a_texcoord0.x
	0x20, 0x2a, 0x20, 0x75, 0x5f, 0x66, 0x55, 0x56, 0x44, 0x69, 0x73, 0x74, 0x6f, 0x72, 0x74, 0x69, //  * u_fUVDistorti
	0x6f, 0x6e, 0x55, 0x56, 0x5b, 0x5f, 0x37, 0x35, 0x33, 0x5d, 0x2e, 0x7a, 0x29, 0x20, 0x2b, 0x20, // onUV[_753].z) + 
	0x75, 0x5f, 0x66, 0x55, 0x56, 0x44, 0x69, 0x73, 0x74, 0x6f, 0x72, 0x74, 0x69, 0x6f, 0x6e, 0x55, // u_fUVDistortionU
	0x56, 0x5b, 0x5f, 0x37, 0x35, 0x33, 0x5d, 0x2e, 0x78, 0x2c, 0x20, 0x5f, 0x31, 0x30, 0x37, 0x34, // V[_753].x, _1074
	0x29, 0x3b, 0x0a, 0x20, 0x20, 0x20, 0x20, 0x66, 0x6c, 0x6f, 0x61, 0x74, 0x20, 0x5f, 0x31, 0x30, // );.    float _10
	0x39, 0x32, 0x20, 0x3d, 0x20, 0x28, 0x61, 0x5f, 0x74, 0x65, 0x78, 0x63, 0x6f, 0x6f, 0x72, 0x64, // 92 = (a_texcoord
	0x30, 0x2e, 0x79, 0x20, 0x2a, 0x20, 0x75, 0x5f, 0x66, 0x42, 0x6c, 0x65, 0x6e, 0x64, 0x55, 0x56, // 0.y * u_fBlendUV
	0x5b, 0x5f, 0x37, 0x35, 0x33, 0x5d, 0x2e, 0x77, 0x29, 0x20, 0x2b, 0x20, 0x75, 0x5f, 0x66, 0x42, // [_753].w) + u_fB
	0x6c, 0x65, 0x6e, 0x64, 0x55, 0x56, 0x5b, 0x5f, 0x37, 0x35, 0x33, 0x5d, 0x2e, 0x79, 0x3b, 0x0a, // lendUV[_753].y;.
	0x20, 0x20, 0x20, 0x20, 0x66, 0x6c, 0x6f, 0x61, 0x74, 0x20, 0x5f, 0x31, 0x31, 0x31, 0x30, 0x20, //     float _1110 
	0x3d, 0x20, 0x28, 0x61, 0x5f, 0x74, 0x65, 0x78, 0x63, 0x6f, 0x6f, 0x72, 0x64, 0x30, 0x2e, 0x79, // = (a_texcoord0.y
	0x20, 0x2a, 0x20, 0x75, 0x5f, 0x66, 0x42, 0x6c, 0x65, 0x6e, 0x64, 0x41, 0x6c, 0x70, 0x68, 0x61, //  * u_fBlendAlpha
	0x55, 0x56, 0x5b, 0x5f, 0x37, 0x35, 0x33, 0x5d, 0x2e, 0x77, 0x29, 0x20, 0x2b, 0x20, 0x75, 0x5f, // UV[_753].w) + u_
	0x66, 0x42, 0x6c, 0x65, 0x6e, 0x64, 0x41, 0x6c, 0x70, 0x68, 0x61, 0x55, 0x56, 0x5b, 0x5f, 0x37, // fBlendAlphaUV[_7
	0x35, 0x33, 0x5d, 0x2e, 0x79, 0x3b, 0x0a, 0x20, 0x20, 0x20, 0x20, 0x66, 0x6c, 0x6f, 0x61, 0x74, // 53].y;.    float
	0x20, 0x5f, 0x31, 0x31, 0x32, 0x38, 0x20, 0x3d, 0x20, 0x28, 0x61, 0x5f, 0x74, 0x65, 0x78, 0x63, //  _1128 = (a_texc
	0x6f, 0x6f, 0x72, 0x64, 0x30, 0x2e, 0x79, 0x20, 0x2a, 0x20, 0x75, 0x5f, 0x66, 0x42, 0x6c, 0x65, // oord0.y * u_fBle
	0x6e, 0x64, 0x55, 0x56, 0x44, 0x69, 0x73, 0x74, 0x6f, 0x72, 0x74, 0x69, 0x6f, 0x6e, 0x55, 0x56, // ndUVDistortionUV
	0x5b, 0x5f, 0x37, 0x35, 0x33, 0x5d, 0x2e, 0x77, 0x29, 0x20, 0x2b, 0x20, 0x75, 0x5f, 0x66, 0x42, // [_753].w) + u_fB
	0x6c, 0x65, 0x6e, 0x64, 0x55, 0x56, 0x44, 0x69, 0x73, 0x74, 0x6f, 0x72, 0x74, 0x69, 0x6f, 0x6e, // lendUVDistortion
	0x55, 0x56, 0x5b, 0x5f, 0x37, 0x35, 0x33, 0x5d, 0x2e, 0x79, 0x3b, 0x0a, 0x20, 0x20, 0x20, 0x20, // UV[_753].y;.    
	0x76, 0x65, 0x63, 0x34, 0x20, 0x5f, 0x31, 0x37, 0x39, 0x32, 0x20, 0x3d, 0x20, 0x76, 0x65, 0x63, // vec4 _1792 = vec
	0x34, 0x28, 0x28, 0x61, 0x5f, 0x74, 0x65, 0x78, 0x63, 0x6f, 0x6f, 0x72, 0x64, 0x30, 0x2e, 0x78, // 4((a_texcoord0.x
	0x20, 0x2a, 0x20, 0x75, 0x5f, 0x66, 0x42, 0x6c, 0x65, 0x6e, 0x64, 0x41, 0x6c, 0x70, 0x68, 0x61, //  * u_fBlendAlpha
	0x55, 0x56, 0x5b, 0x5f, 0x37, 0x35, 0x33, 0x5d, 0x2e, 0x7a, 0x29, 0x20, 0x2b, 0x20, 0x75, 0x5f, // UV[_753].z) + u_
	0x66, 0x42, 0x6c, 0x65, 0x6e, 0x64, 0x41, 0x6c, 0x70, 0x68, 0x61, 0x55, 0x56, 0x5b, 0x5f, 0x37, // fBlendAlphaUV[_7
	0x35, 0x33, 0x5d, 0x2e, 0x78, 0x2c, 0x20, 0x5f, 0x31, 0x31, 0x31, 0x30, 0x2c, 0x20, 0x28, 0x61, // 53].x, _1110, (a
	0x5f, 0x74, 0x65, 0x78, 0x63, 0x6f, 0x6f, 0x72, 0x64, 0x30, 0x2e, 0x78, 0x20, 0x2a, 0x20, 0x75, // _texcoord0.x * u
	0x5f, 0x66, 0x42, 0x6c, 0x65, 0x6e, 0x64, 0x55, 0x56, 0x44, 0x69, 0x73, 0x74, 0x6f, 0x72, 0x74, // _fBlendUVDistort
	0x69, 0x6f, 0x6e, 0x55, 0x56, 0x5b, 0x5f, 0x37, 0x35, 0x33, 0x5d, 0x2e, 0x7a, 0x29, 0x20, 0x2b, // ionUV[_753].z) +
	0x20, 0x75, 0x5f, 0x66, 0x42, 0x6c, 0x65, 0x6e, 0x64, 0x55, 0x56, 0x44, 0x69, 0x73, 0x74, 0x6f, //  u_fBlendUVDisto
	0x72, 0x74, 0x69, 0x6f, 0x6e, 0x55, 0x56, 0x5b, 0x5f, 0x37, 0x35, 0x33, 0x5d, 0x2e, 0x78, 0x2c, // rtionUV[_753].x,
	0x20, 0x5f, 0x31, 0x31, 0x32, 0x38, 0x29, 0x3b, 0x0a, 0x20, 0x20, 0x20, 0x20, 0x66, 0x6c, 0x6f, //  _1128);.    flo
	0x61, 0x74, 0x20, 0x5f, 0x31, 0x37, 0x35, 0x33, 0x3b, 0x0a, 0x20, 0x20, 0x20, 0x20, 0x76, 0x65, // at _1753;.    ve
	0x63, 0x32, 0x20, 0x5f, 0x31, 0x37, 0x36, 0x30, 0x3b, 0x0a, 0x20, 0x20, 0x20, 0x20, 0x69, 0x66, // c2 _1760;.    if
	0x20, 0x28, 0x75, 0x5f, 0x66, 0x6c, 0x69, 0x70, 0x62, 0x6f, 0x6f, 0x6b, 0x50, 0x61, 0x72, 0x61, //  (u_flipbookPara
	0x6d, 0x65, 0x74, 0x65, 0x72, 0x31, 0x2e, 0x78, 0x20, 0x3e, 0x20, 0x30, 0x2e, 0x30, 0x29, 0x0a, // meter1.x > 0.0).
	0x20, 0x20, 0x20, 0x20, 0x7b, 0x0a, 0x20, 0x20, 0x20, 0x20, 0x20, 0x20, 0x20, 0x20, 0x66, 0x6c, //     {.        fl
	0x6f, 0x61, 0x74, 0x20, 0x5f, 0x31, 0x32, 0x36, 0x36, 0x20, 0x3d, 0x20, 0x66, 0x6c, 0x6f, 0x6f, // oat _1266 = floo
	0x72, 0x28, 0x75, 0x5f, 0x66, 0x46, 0x6c, 0x69, 0x70, 0x62, 0x6f, 0x6f, 0x6b, 0x49, 0x6e, 0x64, // r(u_fFlipbookInd
	0x65, 0x78, 0x41, 0x6e, 0x64, 0x4e, 0x65, 0x78, 0x74, 0x52, 0x61, 0x74, 0x65, 0x5b, 0x5f, 0x37, // exAndNextRate[_7
	0x35, 0x33, 0x5d, 0x2e, 0x78, 0x29, 0x3b, 0x0a, 0x20, 0x20, 0x20, 0x20, 0x20, 0x20, 0x20, 0x20, // 53].x);.        
	0x66, 0x6c, 0x6f, 0x61, 0x74, 0x20, 0x5f, 0x31, 0x32, 0x36, 0x39, 0x20, 0x3d, 0x20, 0x5f, 0x31, // float _1269 = _1
	0x32, 0x36, 0x36, 0x20, 0x2b, 0x20, 0x31, 0x2e, 0x30, 0x3b, 0x0a, 0x20, 0x20, 0x20, 0x20, 0x20, // 266 + 1.0;.     
	0x20, 0x20, 0x20, 0x66, 0x6c, 0x6f, 0x61, 0x74, 0x20, 0x5f, 0x31, 0x32, 0x37, 0x32, 0x20, 0x3d, //    float _1272 =
	0x20, 0x75, 0x5f, 0x66, 0x6c, 0x69, 0x70, 0x62, 0x6f, 0x6f, 0x6b, 0x50, 0x61, 0x72, 0x61, 0x6d, //  u_flipbookParam
	0x65, 0x74, 0x65, 0x72, 0x31, 0x2e, 0x7a, 0x20, 0x2a, 0x20, 0x75, 0x5f, 0x66, 0x6c, 0x69, 0x70, // eter1.z * u_flip
	0x62, 0x6f, 0x6f, 0x6b, 0x50, 0x61, 0x72, 0x61, 0x6d, 0x65, 0x74, 0x65, 0x72, 0x31, 0x2e, 0x77, // bookParameter1.w
	0x3b, 0x0a, 0x20, 0x20, 0x20, 0x20, 0x20, 0x20, 0x20, 0x20, 0x66, 0x6c, 0x6f, 0x61, 0x74, 0x20, // ;.        float 
	0x5f, 0x31, 0x37, 0x32, 0x39, 0x3b, 0x0a, 0x20, 0x20, 0x20, 0x20, 0x20, 0x20, 0x20, 0x20, 0x66, // _1729;.        f
	0x6c, 0x6f, 0x61, 0x74, 0x20, 0x5f, 0x31, 0x37, 0x34, 0x32, 0x3b, 0x0a, 0x20, 0x20, 0x20, 0x20, // loat _1742;.    
	0x20, 0x20, 0x20, 0x20, 0x69, 0x66, 0x20, 0x28, 0x75, 0x5f, 0x66, 0x6c, 0x69, 0x70, 0x62, 0x6f, //     if (u_flipbo
	0x6f, 0x6b, 0x50, 0x61, 0x72, 0x61, 0x6d, 0x65, 0x74, 0x65, 0x72, 0x31, 0x2e, 0x79, 0x20, 0x3d, // okParameter1.y =
	0x3d, 0x20, 0x30, 0x2e, 0x30, 0x29, 0x0a, 0x20, 0x20, 0x20, 0x20, 0x20, 0x20, 0x20, 0x20, 0x7b, // = 0.0).        {
	0x0a, 0x20, 0x20, 0x20, 0x20, 0x20, 0x20, 0x20, 0x20, 0x20, 0x20, 0x20, 0x20, 0x66, 0x6c, 0x6f, // .            flo
	0x61, 0x74, 0x20, 0x5f, 0x31, 0x37, 0x33, 0x30, 0x3b, 0x0a, 0x20, 0x20, 0x20, 0x20, 0x20, 0x20, // at _1730;.      
	0x20, 0x20, 0x20, 0x20, 0x20, 0x20, 0x66, 0x6c, 0x6f, 0x61, 0x74, 0x20, 0x5f, 0x31, 0x37, 0x34, //       float _174
	0x33, 0x3b, 0x0a, 0x20, 0x20, 0x20, 0x20, 0x20, 0x20, 0x20, 0x20, 0x20, 0x20, 0x20, 0x20, 0x69, // 3;.            i
	0x66, 0x20, 0x28, 0x5f, 0x31, 0x32, 0x36, 0x39, 0x20, 0x3e, 0x3d, 0x20, 0x5f, 0x31, 0x32, 0x37, // f (_1269 >= _127
	0x32, 0x29, 0x0a, 0x20, 0x20, 0x20, 0x20, 0x20, 0x20, 0x20, 0x20, 0x20, 0x20, 0x20, 0x20, 0x7b, // 2).            {
	0x0a, 0x20, 0x20, 0x20, 0x20, 0x20, 0x20, 0x20, 0x20, 0x20, 0x20, 0x20, 0x20, 0x20, 0x20, 0x20, // .               
	0x20, 0x66, 0x6c, 0x6f, 0x61, 0x74, 0x20, 0x5f, 0x31, 0x32, 0x38, 0x31, 0x20, 0x3d, 0x20, 0x5f, //  float _1281 = _
	0x31, 0x32, 0x37, 0x32, 0x20, 0x2d, 0x20, 0x31, 0x2e, 0x30, 0x3b, 0x0a, 0x20, 0x20, 0x20, 0x20, // 1272 - 1.0;.    
	0x20, 0x20, 0x20, 0x20, 0x20, 0x20, 0x20, 0x20, 0x20, 0x20, 0x20, 0x20, 0x5f, 0x31, 0x37, 0x34, //             _174
	0x33, 0x20, 0x3d, 0x20, 0x5f, 0x31, 0x32, 0x38, 0x31, 0x3b, 0x0a, 0x20, 0x20, 0x20, 0x20, 0x20, // 3 = _1281;.     
	0x20, 0x20, 0x20, 0x20, 0x20, 0x20, 0x20, 0x20, 0x20, 0x20, 0x20, 0x5f, 0x31, 0x37, 0x33, 0x30, //            _1730
	0x20, 0x3d, 0x20, 0x5f, 0x31, 0x32, 0x38, 0x31, 0x3b, 0x0a, 0x20, 0x20, 0x20, 0x20, 0x20, 0x20, //  = _1281;.      
	0x20, 0x20, 0x20, 0x20, 0x20, 0x20, 0x7d, 0x0a, 0x20, 0x20, 0x20, 0x20, 0x20, 0x20, 0x20, 0x20, //       }.        
	0x20, 0x20, 0x20, 0x20, 0x65, 0x6c, 0x73, 0x65, 0x0a, 0x20, 0x20, 0x20, 0x20, 0x20, 0x20, 0x20, //     else.       
	0x20, 0x20, 0x20, 0x20, 0x20, 0x7b, 0x0a, 0x20, 0x20, 0x20, 0x20, 0x20, 0x20, 0x20, 0x20, 0x20, //      {.         
	0x20, 0x20, 0x20, 0x20, 0x20, 0x20, 0x20, 0x5f, 0x31, 0x37, 0x34, 0x33, 0x20, 0x3d, 0x20, 0x5f, //        _1743 = _
	0x31, 0x32, 0x36, 0x39, 0x3b, 0x0a, 0x20, 0x20, 0x20, 0x20, 0x20, 0x20, 0x20, 0x20, 0x20, 0x20, // 1269;.          
	0x20, 0x20, 0x20, 0x20, 0x20, 0x20, 0x5f, 0x31, 0x37, 0x33, 0x30, 0x20, 0x3d, 0x20, 0x5f, 0x31, //       _1730 = _1
	0x32, 0x36, 0x36, 0x3b, 0x0a, 0x20, 0x20, 0x20, 0x20, 0x20, 0x20, 0x20, 0x20, 0x20, 0x20, 0x20, // 266;.           
	0x20, 0x7d, 0x0a, 0x20, 0x20, 0x20, 0x20, 0x20, 0x20, 0x20, 0x20, 0x20, 0x20, 0x20, 0x20, 0x5f, //  }.            _
	0x31, 0x37, 0x34, 0x32, 0x20, 0x3d, 0x20, 0x5f, 0x31, 0x37, 0x34, 0x33, 0x3b, 0x0a, 0x20, 0x20, // 1742 = _1743;.  
	0x20, 0x20, 0x20, 0x20, 0x20, 0x20, 0x20, 0x20, 0x20, 0x20, 0x5f, 0x31, 0x37, 0x32, 0x39, 0x20, //           _1729 
	0x3d, 0x20, 0x5f, 0x31, 0x37, 0x33, 0x30, 0x3b, 0x0a, 0x20, 0x20, 0x20, 0x20, 0x20, 0x20, 0x20, // = _1730;.       
	0x20, 0x7d, 0x0a, 0x20, 0x20, 0x20, 0x20, 0x20, 0x20, 0x20, 0x20, 0x65, 0x6c, 0x73, 0x65, 0x0a, //  }.        else.
	0x20, 0x20, 0x20, 0x20, 0x20, 0x20, 0x20, 0x20, 0x7b, 0x0a, 0x20, 0x20, 0x20, 0x20, 0x20, 0x20, //         {.      
	0x20, 0x20, 0x20, 0x20, 0x20, 0x20, 0x66, 0x6c, 0x6f, 0x61, 0x74, 0x20, 0x5f, 0x31, 0x37, 0x33, //       float _173
	0x31, 0x3b, 0x0a, 0x20, 0x20, 0x20, 0x20, 0x20, 0x20, 0x20, 0x20, 0x20, 0x20, 0x20, 0x20, 0x66, // 1;.            f
	0x6c, 0x6f, 0x61, 0x74, 0x20, 0x5f, 0x31, 0x37, 0x34, 0x34, 0x3b, 0x0a, 0x20, 0x20, 0x20, 0x20, // loat _1744;.    
	0x20, 0x20, 0x20, 0x20, 0x20, 0x20, 0x20, 0x20, 0x69, 0x66, 0x20, 0x28, 0x75, 0x5f, 0x66, 0x6c, //         if (u_fl
	0x69, 0x70, 0x62, 0x6f, 0x6f, 0x6b, 0x50, 0x61, 0x72, 0x61, 0x6d, 0x65, 0x74, 0x65, 0x72, 0x31, // ipbookParameter1
	0x2e, 0x79, 0x20, 0x3d, 0x3d, 0x20, 0x31, 0x2e, 0x30, 0x29, 0x0a, 0x20, 0x20, 0x20, 0x20, 0x20, // .y == 1.0).     
	0x20, 0x20, 0x20, 0x20, 0x20, 0x20, 0x20, 0x7b, 0x0a, 0x20, 0x20, 0x20, 0x20, 0x20, 0x20, 0x20, //        {.       
	0x20, 0x20, 0x20, 0x20, 0x20, 0x20, 0x20, 0x20, 0x20, 0x5f, 0x31, 0x37, 0x34, 0x34, 0x20, 0x3d, //          _1744 =
	0x20, 0x6d, 0x6f, 0x64, 0x28, 0x5f, 0x31, 0x32, 0x36, 0x39, 0x2c, 0x20, 0x5f, 0x31, 0x32, 0x37, //  mod(_1269, _127
	0x32, 0x29, 0x3b, 0x0a, 0x20, 0x20, 0x20, 0x20, 0x20, 0x20, 0x20, 0x20, 0x20, 0x20, 0x20, 0x20, // 2);.            
	0x20, 0x20, 0x20, 0x20, 0x5f, 0x31, 0x37, 0x33, 0x31, 0x20, 0x3d, 0x20, 0x6d, 0x6f, 0x64, 0x28, //     _1731 = mod(
	0x5f, 0x31, 0x32, 0x36, 0x36, 0x2c, 0x20, 0x5f, 0x31, 0x32, 0x37, 0x32, 0x29, 0x3b, 0x0a, 0x20, // _1266, _1272);. 
	0x20, 0x20, 0x20, 0x20, 0x20, 0x20, 0x20, 0x20, 0x20, 0x20, 0x20, 0x7d, 0x0a, 0x20, 0x20, 0x20, //            }.   
	0x20, 0x20, 0x20, 0x20, 0x20, 0x20, 0x20, 0x20, 0x20, 0x65, 0x6c, 0x73, 0x65, 0x0a, 0x20, 0x20, //          else.  
	0x20, 0x20, 0x20, 0x20, 0x20, 0x20, 0x20, 0x20, 0x20, 0x20, 0x7b, 0x0a, 0x20, 0x20, 0x20, 0x20, //           {.    
	0x20, 0x20, 0x20, 0x20, 0x20, 0x20, 0x20, 0x20, 0x20, 0x20, 0x20, 0x20, 0x66, 0x6c, 0x6f, 0x61, //             floa
	0x74, 0x20, 0x5f, 0x31, 0x37, 0x33, 0x32, 0x3b, 0x0a, 0x20, 0x20, 0x20, 0x20, 0x20, 0x20, 0x20, // t _1732;.       
	0x20, 0x20, 0x20, 0x20, 0x20, 0x20, 0x20, 0x20, 0x20, 0x66, 0x6c, 0x6f, 0x61, 0x74, 0x20, 0x5f, //          float _
	0x31, 0x37, 0x34, 0x35, 0x3b, 0x0a, 0x20, 0x20, 0x20, 0x20, 0x20, 0x20, 0x20, 0x20, 0x20, 0x20, // 1745;.          
	0x20, 0x20, 0x20, 0x20, 0x20, 0x20, 0x69, 0x66, 0x20, 0x28, 0x75, 0x5f, 0x66, 0x6c, 0x69, 0x70, //       if (u_flip
	0x62, 0x6f, 0x6f, 0x6b, 0x50, 0x61, 0x72, 0x61, 0x6d, 0x65, 0x74, 0x65, 0x72, 0x31, 0x2e, 0x79, // bookParameter1.y
	0x20, 0x3d, 0x3d, 0x20, 0x32, 0x2e, 0x30, 0x29, 0x0a, 0x20, 0x20, 0x20, 0x20, 0x20, 0x20, 0x20, //  == 2.0).       
	0x20, 0x20, 0x20, 0x20, 0x20, 0x20, 0x20, 0x20, 0x20, 0x7b, 0x0a, 0x20, 0x20, 0x20, 0x20, 0x20, //          {.     
	0x20, 0x20, 0x20, 0x20, 0x20, 0x20, 0x20, 0x20, 0x20, 0x20, 0x20, 0x20, 0x20, 0x20, 0x20, 0x66, //                f
	0x6c, 0x6f, 0x61, 0x74, 0x20, 0x5f, 0x31, 0x33, 0x30, 0x37, 0x20, 0x3d, 0x20, 0x6d, 0x6f, 0x64, // loat _1307 = mod
	0x28, 0x5f, 0x31, 0x32, 0x36, 0x36, 0x2c, 0x20, 0x5f, 0x31, 0x32, 0x37, 0x32, 0x29, 0x3b, 0x0a, // (_1266, _1272);.
	0x20, 0x20, 0x20, 0x20, 0x20, 0x20, 0x20, 0x20, 0x20, 0x20, 0x20, 0x20, 0x20, 0x20, 0x20, 0x20, //                 
	0x20, 0x20, 0x20, 0x20, 0x66, 0x6c, 0x6f, 0x61, 0x74, 0x20, 0x5f, 0x31, 0x37, 0x33, 0x34, 0x3b, //     float _1734;
	0x0a, 0x20, 0x20, 0x20, 0x20, 0x20, 0x20, 0x20, 0x20, 0x20, 0x20, 0x20, 0x20, 0x20, 0x20, 0x20, // .               
	0x20, 0x20, 0x20, 0x20, 0x20, 0x69, 0x66, 0x20, 0x28, 0x6d, 0x6f, 0x64, 0x28, 0x66, 0x6c, 0x6f, //      if (mod(flo
	0x6f, 0x72, 0x28, 0x5f, 0x31, 0x32, 0x36, 0x36, 0x20, 0x2f, 0x20, 0x5f, 0x31, 0x32, 0x37, 0x32, // or(_1266 / _1272
	0x29, 0x2c, 0x20, 0x32, 0x2e, 0x30, 0x29, 0x20, 0x3d, 0x3d, 0x20, 0x31, 0x2e, 0x30, 0x29, 0x0a, // ), 2.0) == 1.0).
	0x20, 0x20, 0x20, 0x20, 0x20, 0x20, 0x20, 0x20, 0x20, 0x20, 0x20, 0x20, 0x20, 0x20, 0x20, 0x20, //                 
	0x20, 0x20, 0x20, 0x20, 0x7b, 0x0a, 0x20, 0x20, 0x20, 0x20, 0x20, 0x20, 0x20, 0x20, 0x20, 0x20, //     {.          
	0x20, 0x20, 0x20, 0x20, 0x20, 0x20, 0x20, 0x20, 0x20, 0x20, 0x20, 0x20, 0x20, 0x20, 0x5f, 0x31, //               _1
	0x37, 0x33, 0x34, 0x20, 0x3d, 0x20, 0x28, 0x5f, 0x31, 0x32, 0x37, 0x32, 0x20, 0x2d, 0x20, 0x31, // 734 = (_1272 - 1
	0x2e, 0x30, 0x29, 0x20, 0x2d, 0x20, 0x66, 0x6c, 0x6f, 0x6f, 0x72, 0x28, 0x5f, 0x31, 0x33, 0x30, // .0) - floor(_130
	0x37, 0x29, 0x3b, 0x0a, 0x20, 0x20, 0x20, 0x20, 0x20, 0x20, 0x20, 0x20, 0x20, 0x20, 0x20, 0x20, // 7);.            
	0x20, 0x20, 0x20, 0x20, 0x20, 0x20, 0x20, 0x20, 0x7d, 0x0a, 0x20, 0x20, 0x20, 0x20, 0x20, 0x20, //         }.      
	0x20, 0x20, 0x20, 0x20, 0x20, 0x20, 0x20, 0x20, 0x20, 0x20, 0x20, 0x20, 0x20, 0x20, 0x65, 0x6c, //               el
	0x73, 0x65, 0x0a, 0x20, 0x20, 0x20, 0x20, 0x20, 0x20, 0x20, 0x20, 0x20, 0x20, 0x20, 0x20, 0x20, // se.             
	0x20, 0x20, 0x20, 0x20, 0x20, 0x20, 0x20, 0x7b, 0x0a, 0x20, 0x20, 0x20, 0x20, 0x20, 0x20, 0x20, //        {.       
	0x20, 0x20, 0x20, 0x20, 0x20, 0x20, 0x20, 0x20, 0x20, 0x20, 0x20, 0x20, 0x20, 0x20, 0x20, 0x20, //                 
	0x20, 0x5f, 0x31, 0x37, 0x33, 0x34, 0x20, 0x3d, 0x20, 0x5f, 0x31, 0x33, 0x30, 0x37, 0x3b, 0x0a, //  _1734 = _1307;.
	0x20, 0x20, 0x20, 0x20, 0x20, 0x20, 0x20, 0x20, 0x20, 0x20, 0x20, 0x20, 0x20, 0x20, 0x20, 0x20, //                 
	0x20, 0x20, 0x20, 0x20, 0x7d, 0x0a, 0x20, 0x20, 0x20, 0x20, 0x20, 0x20, 0x20, 0x20, 0x20, 0x20, //     }.          
	0x20, 0x20, 0x20, 0x20, 0x20, 0x20, 0x20, 0x20, 0x20, 0x20, 0x66, 0x6c, 0x6f, 0x61, 0x74, 0x20, //           float 
	0x5f, 0x31, 0x33, 0x32, 0x34, 0x20, 0x3d, 0x20, 0x6d, 0x6f, 0x64, 0x28, 0x5f, 0x31, 0x32, 0x36, // _1324 = mod(_126
	0x39, 0x2c, 0x20, 0x5f, 0x31, 0x32, 0x37, 0x32, 0x29, 0x3b, 0x0a, 0x20, 0x20, 0x20, 0x20, 0x20, // 9, _1272);.     
	0x20, 0x20, 0x20, 0x20, 0x20, 0x20, 0x20, 0x20, 0x20, 0x20, 0x20, 0x20, 0x20, 0x20, 0x20, 0x66, //                f
	0x6c, 0x6f, 0x61, 0x74, 0x20, 0x5f, 0x31, 0x37, 0x34, 0x36, 0x3b, 0x0a, 0x20, 0x20, 0x20, 0x20, // loat _1746;.    
	0x20, 0x20, 0x20, 0x20, 0x20, 0x20, 0x20, 0x20, 0x20, 0x20, 0x20, 0x20, 0x20, 0x20, 0x20, 0x20, //                 
	0x69, 0x66, 0x20, 0x28, 0x6d, 0x6f, 0x64, 0x28, 0x66, 0x6c, 0x6f, 0x6f, 0x72, 0x28, 0x5f, 0x31, // if (mod(floor(_1
	0x32, 0x36, 0x39, 0x20, 0x2f, 0x20, 0x5f, 0x31, 0x32, 0x37, 0x32, 0x29, 0x2c, 0x20, 0x32, 0x2e, // 269 / _1272), 2.
	0x30, 0x29, 0x20, 0x3d, 0x3d, 0x20, 0x31, 0x2e, 0x30, 0x29, 0x0a, 0x20, 0x20, 0x20, 0x20, 0x20, // 0) == 1.0).     
	0x20, 0x20, 0x20, 0x20, 0x20, 0x20, 0x20, 0x20, 0x20, 0x20, 0x20, 0x20, 0x20, 0x20, 0x20, 0x7b, //                {
	0x0a, 0x20, 0x20, 0x20, 0x20, 0x20, 0x20, 0x20, 0x20, 0x20, 0x20, 0x20, 0x20, 0x20, 0x20, 0x20, // .               
	0x20, 0x20, 0x20, 0x20, 0x20, 0x20, 0x20, 0x20, 0x20, 0x5f, 0x31, 0x37, 0x34, 0x36, 0x20, 0x3d, //          _1746 =
	0x20, 0x28, 0x5f, 0x31, 0x32, 0x37, 0x32, 0x20, 0x2d, 0x20, 0x31, 0x2e, 0x30, 0x29, 0x20, 0x2d, //  (_1272 - 1.0) -
	0x20, 0x66, 0x6c, 0x6f, 0x6f, 0x72, 0x28, 0x5f, 0x31, 0x33, 0x32, 0x34, 0x29, 0x3b, 0x0a, 0x20, //  floor(_1324);. 
	0x20, 0x20, 0x20, 0x20, 0x20, 0x20, 0x20, 0x20, 0x20, 0x20, 0x20, 0x20, 0x20, 0x20, 0x20, 0x20, //                 
	0x20, 0x20, 0x20, 0x7d, 0x0a, 0x20, 0x20, 0x20, 0x20, 0x20, 0x20, 0x20, 0x20, 0x20, 0x20, 0x20, //    }.           
	0x20, 0x20, 0x20, 0x20, 0x20, 0x20, 0x20, 0x20, 0x20, 0x65, 0x6c, 0x73, 0x65, 0x0a, 0x20, 0x20, //          else.  
	0x20, 0x20, 0x20, 0x20, 0x20, 0x20, 0x20, 0x20, 0x20, 0x20, 0x20, 0x20, 0x20, 0x20, 0x20, 0x20, //                 
	0x20, 0x20, 0x7b, 0x0a, 0x20, 0x20, 0x20, 0x20, 0x20, 0x20, 0x20, 0x20, 0x20, 0x20, 0x20, 0x20, //   {.            
	0x20, 0x20, 0x20, 0x20, 0x20, 0x20, 0x20, 0x20, 0x20, 0x20, 0x20, 0x20, 0x5f, 0x31, 0x37, 0x34, //             _174
	0x36, 0x20, 0x3d, 0x20, 0x5f, 0x31, 0x33, 0x32, 0x34, 0x3b, 0x0a, 0x20, 0x20, 0x20, 0x20, 0x20, // 6 = _1324;.     
	0x20, 0x20, 0x20, 0x20, 0x20, 0x20, 0x20, 0x20, 0x20, 0x20, 0x20, 0x20, 0x20, 0x20, 0x20, 0x7d, //                }
	0x0a, 0x20, 0x20, 0x20, 0x20, 0x20, 0x20, 0x20, 0x20, 0x20, 0x20, 0x20, 0x20, 0x20, 0x20, 0x20, // .               
	0x20, 0x20, 0x20, 0x20, 0x20, 0x5f, 0x31, 0x37, 0x34, 0x35, 0x20, 0x3d, 0x20, 0x5f, 0x31, 0x37, //      _1745 = _17
	0x34, 0x36, 0x3b, 0x0a, 0x20, 0x20, 0x20, 0x20, 0x20, 0x20, 0x20, 0x20, 0x20, 0x20, 0x20, 0x20, // 46;.            
	0x20, 0x20, 0x20, 0x20, 0x20, 0x20, 0x20, 0x20, 0x5f, 0x31, 0x37, 0x33, 0x32, 0x20, 0x3d, 0x20, //         _1732 = 
	0x5f, 0x31, 0x37, 0x33, 0x34, 0x3b, 0x0a, 0x20, 0x20, 0x20, 0x20, 0x20, 0x20, 0x20, 0x20, 0x20, // _1734;.         
	0x20, 0x20, 0x20, 0x20, 0x20, 0x20, 0x20, 0x7d, 0x0a, 0x20, 0x20, 0x20, 0x20, 0x20, 0x20, 0x20, //        }.       
	0x20, 0x20, 0x20, 0x20, 0x20, 0x20, 0x20, 0x20, 0x20, 0x65, 0x6c, 0x73, 0x65, 0x0a, 0x20, 0x20, //          else.  
	0x20, 0x20, 0x20, 0x20, 0x20, 0x20, 0x20, 0x20, 0x20, 0x20, 0x20, 0x20, 0x20, 0x20, 0x7b, 0x0a, //               {.
	0x20, 0x20, 0x20, 0x20, 0x20, 0x20, 0x20, 0x20, 0x20, 0x20, 0x20, 0x20, 0x20, 0x20, 0x20, 0x20, //                 
	0x20, 0x20, 0x20, 0x20, 0x5f, 0x31, 0x37, 0x34, 0x35, 0x20, 0x3d, 0x20, 0x5f, 0x31, 0x32, 0x36, //     _1745 = _126
	0x39, 0x3b, 0x0a, 0x20, 0x20, 0x20, 0x20, 0x20, 0x20, 0x20, 0x20, 0x20, 0x20, 0x20, 0x20, 0x20, // 9;.             
	0x20, 0x20, 0x20, 0x20, 0x20, 0x20, 0x20, 0x5f, 0x31, 0x37, 0x33, 0x32, 0x20, 0x3d, 0x20, 0x5f, //        _1732 = _
	0x31, 0x32, 0x36, 0x36, 0x3b, 0x0a, 0x20, 0x20, 0x20, 0x20, 0x20, 0x20, 0x20, 0x20, 0x20, 0x20, // 1266;.          
	0x20, 0x20, 0x20, 0x20, 0x20, 0x20, 0x7d, 0x0a, 0x20, 0x20, 0x20, 0x20, 0x20, 0x20, 0x20, 0x20, //       }.        
	0x20, 0x20, 0x20, 0x20, 0x20, 0x20, 0x20, 0x20, 0x5f, 0x31, 0x37, 0x34, 0x34, 0x20, 0x3d, 0x20, //         _1744 = 
	0x5f, 0x31, 0x37, 0x34, 0x35, 0x3b, 0x0a, 0x20, 0x20, 0x20, 0x20, 0x20, 0x20, 0x20, 0x20, 0x20, // _1745;.         
	0x20, 0x20, 0x20, 0x20, 0x20, 0x20, 0x20, 0x5f, 0x31, 0x37, 0x33, 0x31, 0x20, 0x3d, 0x20, 0x5f, //        _1731 = _
	0x31, 0x37, 0x33, 0x32, 0x3b, 0x0a, 0x20, 0x20, 0x20, 0x20, 0x20, 0x20, 0x20, 0x20, 0x20, 0x20, // 1732;.          
	0x20, 0x20, 0x7d, 0x0a, 0x20, 0x20, 0x20, 0x20, 0x20, 0x20, 0x20, 0x20, 0x20, 0x20, 0x20, 0x20, //   }.            
	0x5f, 0x31, 0x37, 0x34, 0x32, 0x20, 0x3d, 0x20, 0x5f, 0x31, 0x37, 0x34, 0x34, 0x3b, 0x0a, 0x20, // _1742 = _1744;. 
	0x20, 0x20, 0x20, 0x20, 0x20, 0x20, 0x20, 0x20, 0x20, 0x20, 0x20, 0x5f, 0x31, 0x37, 0x32, 0x39, //            _1729
	0x20, 0x3d, 0x20, 0x5f, 0x31, 0x37, 0x33, 0x31, 0x3b, 0x0a, 0x20, 0x20, 0x20, 0x20, 0x20, 0x20, //  = _1731;.      
	0x20, 0x20, 0x7d, 0x0a, 0x20, 0x20, 0x20, 0x20, 0x20, 0x20, 0x20, 0x20, 0x5f, 0x39, 0x39, 0x35, //   }.        _995
	0x2e, 0x79, 0x20, 0x3d, 0x20, 0x75, 0x5f, 0x6d, 0x55, 0x56, 0x49, 0x6e, 0x76, 0x65, 0x72, 0x73, // .y = u_mUVInvers
	0x65, 0x64, 0x2e, 0x78, 0x20, 0x2b, 0x20, 0x28, 0x75, 0x5f, 0x6d, 0x55, 0x56, 0x49, 0x6e, 0x76, // ed.x + (u_mUVInv
	0x65, 0x72, 0x73, 0x65, 0x64, 0x2e, 0x79, 0x20, 0x2a, 0x20, 0x5f, 0x39, 0x33, 0x36, 0x29, 0x3b, // ersed.y * _936);
	0x0a, 0x20, 0x20, 0x20, 0x20, 0x20, 0x20, 0x20, 0x20, 0x69, 0x6e, 0x74, 0x20, 0x5f, 0x31, 0x33, // .        int _13
	0x38, 0x33, 0x20, 0x3d, 0x20, 0x69, 0x6e, 0x74, 0x28, 0x5f, 0x31, 0x37, 0x32, 0x39, 0x29, 0x3b, // 83 = int(_1729);
	0x0a, 0x20, 0x20, 0x20, 0x20, 0x20, 0x20, 0x20, 0x20, 0x69, 0x6e, 0x74, 0x20, 0x5f, 0x31, 0x33, // .        int _13
	0x38, 0x36, 0x20, 0x3d, 0x20, 0x69, 0x6e, 0x74, 0x28, 0x75, 0x5f, 0x66, 0x6c, 0x69, 0x70, 0x62, // 86 = int(u_flipb
	0x6f, 0x6f, 0x6b, 0x50, 0x61, 0x72, 0x61, 0x6d, 0x65, 0x74, 0x65, 0x72, 0x31, 0x2e, 0x7a, 0x29, // ookParameter1.z)
	0x3b, 0x0a, 0x20, 0x20, 0x20, 0x20, 0x20, 0x20, 0x20, 0x20, 0x66, 0x6c, 0x6f, 0x61, 0x74, 0x20, // ;.        float 
	0x5f, 0x31, 0x33, 0x38, 0x37, 0x20, 0x3d, 0x20, 0x66, 0x6c, 0x6f, 0x61, 0x74, 0x28, 0x5f, 0x31, // _1387 = float(_1
	0x33, 0x38, 0x36, 0x29, 0x3b, 0x0a, 0x20, 0x20, 0x20, 0x20, 0x20, 0x20, 0x20, 0x20, 0x69, 0x6e, // 386);.        in
	0x74, 0x20, 0x5f, 0x31, 0x34, 0x30, 0x39, 0x20, 0x3d, 0x20, 0x69, 0x6e, 0x74, 0x28, 0x5f, 0x31, // t _1409 = int(_1
	0x37, 0x34, 0x32, 0x29, 0x3b, 0x0a, 0x20, 0x20, 0x20, 0x20, 0x20, 0x20, 0x20, 0x20, 0x76, 0x65, // 742);.        ve
	0x63, 0x32, 0x20, 0x5f, 0x31, 0x34, 0x32, 0x39, 0x20, 0x3d, 0x20, 0x28, 0x28, 0x5f, 0x39, 0x39, // c2 _1429 = ((_99
	0x35, 0x20, 0x2d, 0x20, 0x28, 0x28, 0x76, 0x65, 0x63, 0x32, 0x28, 0x6d, 0x6f, 0x64, 0x28, 0x66, // 5 - ((vec2(mod(f
	0x6c, 0x6f, 0x61, 0x74, 0x28, 0x5f, 0x31, 0x33, 0x38, 0x33, 0x29, 0x2c, 0x20, 0x5f, 0x31, 0x33, // loat(_1383), _13
	0x38, 0x37, 0x29, 0x2c, 0x20, 0x66, 0x6c, 0x6f, 0x61, 0x74, 0x28, 0x5f, 0x31, 0x33, 0x38, 0x33, // 87), float(_1383
	0x20, 0x2f, 0x20, 0x5f, 0x31, 0x33, 0x38, 0x36, 0x29, 0x29, 0x20, 0x2a, 0x20, 0x75, 0x5f, 0x66, //  / _1386)) * u_f
	0x6c, 0x69, 0x70, 0x62, 0x6f, 0x6f, 0x6b, 0x50, 0x61, 0x72, 0x61, 0x6d, 0x65, 0x74, 0x65, 0x72, // lipbookParameter
	0x32, 0x2e, 0x78, 0x79, 0x29, 0x20, 0x2b, 0x20, 0x75, 0x5f, 0x66, 0x6c, 0x69, 0x70, 0x62, 0x6f, // 2.xy) + u_flipbo
	0x6f, 0x6b, 0x50, 0x61, 0x72, 0x61, 0x6d, 0x65, 0x74, 0x65, 0x72, 0x32, 0x2e, 0x7a, 0x77, 0x29, // okParameter2.zw)
	0x29, 0x20, 0x2b, 0x20, 0x28, 0x76, 0x65, 0x63, 0x32, 0x28, 0x6d, 0x6f, 0x64, 0x28, 0x66, 0x6c, // ) + (vec2(mod(fl
	0x6f, 0x61, 0x74, 0x28, 0x5f, 0x31, 0x34, 0x30, 0x39, 0x29, 0x2c, 0x20, 0x5f, 0x31, 0x33, 0x38, // oat(_1409), _138
	0x37, 0x29, 0x2c, 0x20, 0x66, 0x6c, 0x6f, 0x61, 0x74, 0x28, 0x5f, 0x31, 0x34, 0x30, 0x39, 0x20, // 7), float(_1409 
	0x2f, 0x20, 0x5f, 0x31, 0x33, 0x38, 0x36, 0x29, 0x29, 0x20, 0x2a, 0x20, 0x75, 0x5f, 0x66, 0x6c, // / _1386)) * u_fl
	0x69, 0x70, 0x62, 0x6f, 0x6f, 0x6b, 0x50, 0x61, 0x72, 0x61, 0x6d, 0x65, 0x74, 0x65, 0x72, 0x32, // ipbookParameter2
	0x2e, 0x78, 0x79, 0x29, 0x29, 0x20, 0x2b, 0x20, 0x75, 0x5f, 0x66, 0x6c, 0x69, 0x70, 0x62, 0x6f, // .xy)) + u_flipbo
	0x6f, 0x6b, 0x50, 0x61, 0x72, 0x61, 0x6d, 0x65, 0x74, 0x65, 0x72, 0x32, 0x2e, 0x7a, 0x77, 0x3b, // okParameter2.zw;
	0x0a, 0x20, 0x20, 0x20, 0x20, 0x20, 0x20, 0x20, 0x20, 0x5f, 0x31, 0x34, 0x32, 0x39, 0x2e, 0x79, // .        _1429.y
	0x20, 0x3d, 0x20, 0x75, 0x5f, 0x6d, 0x55, 0x56, 0x49, 0x6e, 0x76, 0x65, 0x72, 0x73, 0x65, 0x64, //  = u_mUVInversed
	0x2e, 0x78, 0x20, 0x2b, 0x20, 0x28, 0x75, 0x5f, 0x6d, 0x55, 0x56, 0x49, 0x6e, 0x76, 0x65, 0x72, // .x + (u_mUVInver
	0x73, 0x65, 0x64, 0x2e, 0x79, 0x20, 0x2a, 0x20, 0x5f, 0x31, 0x34, 0x32, 0x39, 0x2e, 0x79, 0x29, // sed.y * _1429.y)
	0x3b, 0x0a, 0x20, 0x20, 0x20, 0x20, 0x20, 0x20, 0x20, 0x20, 0x5f, 0x31, 0x37, 0x36, 0x30, 0x20, // ;.        _1760 
	0x3d, 0x20, 0x5f, 0x31, 0x34, 0x32, 0x39, 0x3b, 0x0a, 0x20, 0x20, 0x20, 0x20, 0x20, 0x20, 0x20, // = _1429;.       
	0x20, 0x5f, 0x31, 0x37, 0x35, 0x33, 0x20, 0x3d, 0x20, 0x66, 0x72, 0x61, 0x63, 0x74, 0x28, 0x75, //  _1753 = fract(u
	0x5f, 0x66, 0x46, 0x6c, 0x69, 0x70, 0x62, 0x6f, 0x6f, 0x6b, 0x49, 0x6e, 0x64, 0x65, 0x78, 0x41, // _fFlipbookIndexA
	0x6e, 0x64, 0x4e, 0x65, 0x78, 0x74, 0x52, 0x61, 0x74, 0x65, 0x5b, 0x5f, 0x37, 0x35, 0x33, 0x5d, // ndNextRate[_753]
	0x2e, 0x78, 0x29, 0x3b, 0x0a, 0x20, 0x20, 0x20, 0x20, 0x7d, 0x0a, 0x20, 0x20, 0x20, 0x20, 0x65, // .x);.    }.    e
	0x6c, 0x73, 0x65, 0x0a, 0x20, 0x20, 0x20, 0x20, 0x7b, 0x0a, 0x20, 0x20, 0x20, 0x20, 0x20, 0x20, // lse.    {.      
	0x20, 0x20, 0x5f, 0x31, 0x37, 0x36, 0x30, 0x20, 0x3d, 0x20, 0x76, 0x65, 0x63, 0x32, 0x28, 0x30, //   _1760 = vec2(0
	0x2e, 0x30, 0x29, 0x3b, 0x0a, 0x20, 0x20, 0x20, 0x20, 0x20, 0x20, 0x20, 0x20, 0x5f, 0x31, 0x37, // .0);.        _17
	0x35, 0x33, 0x20, 0x3d, 0x20, 0x30, 0x2e, 0x30, 0x3b, 0x0a, 0x20, 0x20, 0x20, 0x20, 0x7d, 0x0a, // 53 = 0.0;.    }.
	0x20, 0x20, 0x20, 0x20, 0x76, 0x65, 0x63, 0x34, 0x20, 0x5f, 0x31, 0x37, 0x39, 0x35, 0x20, 0x3d, //     vec4 _1795 =
	0x20, 0x76, 0x65, 0x63, 0x34, 0x28, 0x28, 0x61, 0x5f, 0x74, 0x65, 0x78, 0x63, 0x6f, 0x6f, 0x72, //  vec4((a_texcoor
	0x64, 0x30, 0x2e, 0x78, 0x20, 0x2a, 0x20, 0x75, 0x5f, 0x66, 0x42, 0x6c, 0x65, 0x6e, 0x64, 0x55, // d0.x * u_fBlendU
	0x56, 0x5b, 0x5f, 0x37, 0x35, 0x33, 0x5d, 0x2e, 0x7a, 0x29, 0x20, 0x2b, 0x20, 0x75, 0x5f, 0x66, // V[_753].z) + u_f
	0x42, 0x6c, 0x65, 0x6e, 0x64, 0x55, 0x56, 0x5b, 0x5f, 0x37, 0x35, 0x33, 0x5d, 0x2e, 0x78, 0x2c, // BlendUV[_753].x,
	0x20, 0x5f, 0x31, 0x30, 0x39, 0x32, 0x2c, 0x20, 0x5f, 0x31, 0x37, 0x36, 0x30, 0x29, 0x3b, 0x0a, //  _1092, _1760);.
	0x20, 0x20, 0x20, 0x20, 0x5f, 0x31, 0x37, 0x39, 0x31, 0x2e, 0x79, 0x20, 0x3d, 0x20, 0x75, 0x5f, //     _1791.y = u_
	0x6d, 0x55, 0x56, 0x49, 0x6e, 0x76, 0x65, 0x72, 0x73, 0x65, 0x64, 0x2e, 0x78, 0x20, 0x2b, 0x20, // mUVInversed.x + 
	0x28, 0x75, 0x5f, 0x6d, 0x55, 0x56, 0x49, 0x6e, 0x76, 0x65, 0x72, 0x73, 0x65, 0x64, 0x2e, 0x79, // (u_mUVInversed.y
	0x20, 0x2a, 0x20, 0x5f, 0x31, 0x30, 0x35, 0x36, 0x29, 0x3b, 0x0a, 0x20, 0x20, 0x20, 0x20, 0x5f, //  * _1056);.    _
	0x31, 0x37, 0x39, 0x31, 0x2e, 0x77, 0x20, 0x3d, 0x20, 0x75, 0x5f, 0x6d, 0x55, 0x56, 0x49, 0x6e, // 1791.w = u_mUVIn
	0x76, 0x65, 0x72, 0x73, 0x65, 0x64, 0x2e, 0x78, 0x20, 0x2b, 0x20, 0x28, 0x75, 0x5f, 0x6d, 0x55, // versed.x + (u_mU
	0x56, 0x49, 0x6e, 0x76, 0x65, 0x72, 0x73, 0x65, 0x64, 0x2e, 0x79, 0x20, 0x2a, 0x20, 0x5f, 0x31, // VInversed.y * _1
	0x30, 0x37, 0x34, 0x29, 0x3b, 0x0a, 0x20, 0x20, 0x20, 0x20, 0x5f, 0x31, 0x37, 0x39, 0x35, 0x2e, // 074);.    _1795.
	0x79, 0x20, 0x3d, 0x20, 0x75, 0x5f, 0x6d, 0x55, 0x56, 0x49, 0x6e, 0x76, 0x65, 0x72, 0x73, 0x65, // y = u_mUVInverse
	0x64, 0x2e, 0x78, 0x20, 0x2b, 0x20, 0x28, 0x75, 0x5f, 0x6d, 0x55, 0x56, 0x49, 0x6e, 0x76, 0x65, // d.x + (u_mUVInve
	0x72, 0x73, 0x65, 0x64, 0x2e, 0x79, 0x20, 0x2a, 0x20, 0x5f, 0x31, 0x30, 0x39, 0x32, 0x29, 0x3b, // rsed.y * _1092);
	0x0a, 0x20, 0x20, 0x20, 0x20, 0x5f, 0x31, 0x37, 0x39, 0x32, 0x2e, 0x79, 0x20, 0x3d, 0x20, 0x75, // .    _1792.y = u
	0x5f, 0x6d, 0x55, 0x56, 0x49, 0x6e, 0x76, 0x65, 0x72, 0x73, 0x65, 0x64, 0x2e, 0x78, 0x20, 0x2b, // _mUVInversed.x +
	0x20, 0x28, 0x75, 0x5f, 0x6d, 0x55, 0x56, 0x49, 0x6e, 0x76, 0x65, 0x72, 0x73, 0x65, 0x64, 0x2e, //  (u_mUVInversed.
	0x79, 0x20, 0x2a, 0x20, 0x5f, 0x31, 0x31, 0x31, 0x30, 0x29, 0x3b, 0x0a, 0x20, 0x20, 0x20, 0x20, // y * _1110);.    
	0x5f, 0x31, 0x37, 0x39, 0x32, 0x2e, 0x77, 0x20, 0x3d, 0x20, 0x75, 0x5f, 0x6d, 0x55, 0x56, 0x49, // _1792.w = u_mUVI
	0x6e, 0x76, 0x65, 0x72, 0x73, 0x65, 0x64, 0x2e, 0x78, 0x20, 0x2b, 0x20, 0x28, 0x75, 0x5f, 0x6d, // nversed.x + (u_m
	0x55, 0x56, 0x49, 0x6e, 0x76, 0x65, 0x72, 0x73, 0x65, 0x64, 0x2e, 0x79, 0x20, 0x2a, 0x20, 0x5f, // UVInversed.y * _
	0x31, 0x31, 0x32, 0x38, 0x29, 0x3b, 0x0a, 0x20, 0x20, 0x20, 0x20, 0x67, 0x6c, 0x5f, 0x50, 0x6f, // 1128);.    gl_Po
	0x73, 0x69, 0x74, 0x69, 0x6f, 0x6e, 0x20, 0x3d, 0x20, 0x5f, 0x39, 0x30, 0x37, 0x3b, 0x0a, 0x20, // sition = _907;. 
	0x20, 0x20, 0x20, 0x76, 0x5f, 0x43, 0x6f, 0x6c, 0x6f, 0x72, 0x20, 0x3d, 0x20, 0x75, 0x5f, 0x66, //    v_Color = u_f
	0x4d, 0x6f, 0x64, 0x65, 0x6c, 0x43, 0x6f, 0x6c, 0x6f, 0x72, 0x5b, 0x5f, 0x37, 0x35, 0x33, 0x5d, // ModelColor[_753]
	0x20, 0x2a, 0x20, 0x61, 0x5f, 0x63, 0x6f, 0x6c, 0x6f, 0x72, 0x30, 0x3b, 0x0a, 0x20, 0x20, 0x20, //  * a_color0;.   
	0x20, 0x76, 0x5f, 0x55, 0x56, 0x5f, 0x4f, 0x74, 0x68, 0x65, 0x72, 0x73, 0x20, 0x3d, 0x20, 0x76, //  v_UV_Others = v
	0x65, 0x63, 0x34, 0x28, 0x5f, 0x39, 0x31, 0x38, 0x2c, 0x20, 0x5f, 0x39, 0x33, 0x36, 0x2c, 0x20, // ec4(_918, _936, 
	0x5f, 0x31, 0x37, 0x35, 0x33, 0x2c, 0x20, 0x75, 0x5f, 0x66, 0x4d, 0x6f, 0x64, 0x65, 0x6c, 0x41, // _1753, u_fModelA
	0x6c, 0x70, 0x68, 0x61, 0x54, 0x68, 0x72, 0x65, 0x73, 0x68, 0x6f, 0x6c, 0x64, 0x5b, 0x5f, 0x37, // lphaThreshold[_7
	0x35, 0x33, 0x5d, 0x2e, 0x78, 0x29, 0x3b, 0x0a, 0x20, 0x20, 0x20, 0x20, 0x76, 0x5f, 0x57, 0x6f, // 53].x);.    v_Wo
	0x72, 0x6c, 0x64, 0x4e, 0x20, 0x3d, 0x20, 0x6e, 0x6f, 0x72, 0x6d, 0x61, 0x6c, 0x69, 0x7a, 0x65, // rldN = normalize
	0x28, 0x75, 0x5f, 0x6d, 0x4d, 0x6f, 0x64, 0x65, 0x6c, 0x5f, 0x49, 0x6e, 0x73, 0x74, 0x5b, 0x5f, // (u_mModel_Inst[_
	0x37, 0x35, 0x33, 0x5d, 0x20, 0x2a, 0x20, 0x76, 0x65, 0x63, 0x34, 0x28, 0x61, 0x5f, 0x6e, 0x6f, // 753] * vec4(a_no
	0x72, 0x6d, 0x61, 0x6c, 0x2c, 0x20, 0x30, 0x2e, 0x30, 0x29, 0x29, 0x2e, 0x78, 0x79, 0x7a, 0x3b, // rmal, 0.0)).xyz;
	0x0a, 0x20, 0x20, 0x20, 0x20, 0x76, 0x5f, 0x57, 0x6f, 0x72, 0x6c, 0x64, 0x42, 0x20, 0x3d, 0x20, // .    v_WorldB = 
	0x6e, 0x6f, 0x72, 0x6d, 0x61, 0x6c, 0x69, 0x7a, 0x65, 0x28, 0x75, 0x5f, 0x6d, 0x4d, 0x6f, 0x64, // normalize(u_mMod
	0x65, 0x6c, 0x5f, 0x49, 0x6e, 0x73, 0x74, 0x5b, 0x5f, 0x37, 0x35, 0x33, 0x5d, 0x20, 0x2a, 0x20, // el_Inst[_753] * 
	0x76, 0x65, 0x63, 0x34, 0x28, 0x61, 0x5f, 0x62, 0x69, 0x74, 0x61, 0x6e, 0x67, 0x65, 0x6e, 0x74, // vec4(a_bitangent
	0x2c, 0x20, 0x30, 0x2e, 0x30, 0x29, 0x29, 0x2e, 0x78, 0x79, 0x7a, 0x3b, 0x0a, 0x20, 0x20, 0x20, // , 0.0)).xyz;.   
	0x20, 0x76, 0x5f, 0x57, 0x6f, 0x72, 0x6c, 0x64, 0x54, 0x20, 0x3d, 0x20, 0x6e, 0x6f, 0x72, 0x6d, //  v_WorldT = norm
	0x61, 0x6c, 0x69, 0x7a, 0x65, 0x28, 0x75, 0x5f, 0x6d, 0x4d, 0x6f, 0x64, 0x65, 0x6c, 0x5f, 0x49, // alize(u_mModel_I
	0x6e, 0x73, 0x74, 0x5b, 0x5f, 0x37, 0x35, 0x33, 0x5d, 0x20, 0x2a, 0x20, 0x76, 0x65, 0x63, 0x34, // nst[_753] * vec4
	0x28, 0x61, 0x5f, 0x74, 0x61, 0x6e, 0x67, 0x65, 0x6e, 0x74, 0x2c, 0x20, 0x30, 0x2e, 0x30, 0x29, // (a_tangent, 0.0)
	0x29, 0x2e, 0x78, 0x79, 0x7a, 0x3b, 0x0a, 0x20, 0x20, 0x20, 0x20, 0x76, 0x5f, 0x41, 0x6c, 0x70, // ).xyz;.    v_Alp
	0x68, 0x61, 0x5f, 0x44, 0x69, 0x73, 0x74, 0x5f, 0x55, 0x56, 0x20, 0x3d, 0x20, 0x5f, 0x31, 0x37, // ha_Dist_UV = _17
	0x39, 0x31, 0x3b, 0x0a, 0x20, 0x20, 0x20, 0x20, 0x76, 0x5f, 0x42, 0x6c, 0x65, 0x6e, 0x64, 0x5f, // 91;.    v_Blend_
	0x41, 0x6c, 0x70, 0x68, 0x61, 0x5f, 0x44, 0x69, 0x73, 0x74, 0x5f, 0x55, 0x56, 0x20, 0x3d, 0x20, // Alpha_Dist_UV = 
	0x5f, 0x31, 0x37, 0x39, 0x32, 0x3b, 0x0a, 0x20, 0x20, 0x20, 0x20, 0x76, 0x5f, 0x42, 0x6c, 0x65, // _1792;.    v_Ble
	0x6e, 0x64, 0x5f, 0x46, 0x42, 0x4e, 0x65, 0x78, 0x74, 0x49, 0x6e, 0x64, 0x65, 0x78, 0x5f, 0x55, // nd_FBNextIndex_U
	0x56, 0x20, 0x3d, 0x20, 0x5f, 0x31, 0x37, 0x39, 0x35, 0x3b, 0x0a, 0x20, 0x20, 0x20, 0x20, 0x76, // V = _1795;.    v
	0x5f, 0x50, 0x6f, 0x73, 0x50, 0x20, 0x3d, 0x20, 0x5f, 0x39, 0x30, 0x37, 0x3b, 0x0a, 0x7d, 0x0a, // _PosP = _907;.}.
	0x0a, 0x00,                                                                                     // ..
};
static const uint8_t ad_model_lit_vs_spv[9378] =
{
	0x56, 0x53, 0x48, 0x0c, 0x00, 0x00, 0x00, 0x00, 0x86, 0x32, 0x45, 0x95, 0x00, 0x00, 0x00, 0x00, // VSH......2E.....
	0x00, 0x00, 0x00, 0x00, 0x0e, 0x00, 0x14, 0x75, 0x5f, 0x66, 0x6c, 0x69, 0x70, 0x62, 0x6f, 0x6f, // .......u_flipboo
	0x6b, 0x50, 0x61, 0x72, 0x61, 0x6d, 0x65, 0x74, 0x65, 0x72, 0x31, 0x02, 0x01, 0x40, 0x19, 0x01, // kParameter1..@..
	0x00, 0x00, 0x00, 0x00, 0x00, 0x14, 0x75, 0x5f, 0x66, 0x6c, 0x69, 0x70, 0x62, 0x6f, 0x6f, 0x6b, // ......u_flipbook
	0x50, 0x61, 0x72, 0x61, 0x6d, 0x65, 0x74, 0x65, 0x72, 0x32, 0x02, 0x01, 0x50, 0x19, 0x01, 0x00, // Parameter2..P...
	0x00, 0x00, 0x00, 0x00, 0x0d, 0x75, 0x5f, 0x6d, 0x55, 0x56, 0x49, 0x6e, 0x76, 0x65, 0x72, 0x73, // .....u_mUVInvers
	0x65, 0x64, 0x02, 0x01, 0xe0, 0x20, 0x01, 0x00, 0x00, 0x00, 0x00, 0x00, 0x0d, 0x75, 0x5f, 0x6d, // ed... .......u_m
	0x4d, 0x6f, 0x64, 0x65, 0x6c, 0x5f, 0x49, 0x6e, 0x73, 0x74, 0x04, 0x28, 0x40, 0x00, 0xa0, 0x00, // Model_Inst.(@...
	0x00, 0x00, 0x00, 0x00, 0x05, 0x75, 0x5f, 0x66, 0x55, 0x56, 0x02, 0x28, 0x40, 0x0a, 0x28, 0x00, // .....u_fUV.(@.(.
	0x00, 0x00, 0x00, 0x00, 0x0a, 0x75, 0x5f, 0x66, 0x41, 0x6c, 0x70, 0x68, 0x61, 0x55, 0x56, 0x02, // .....u_fAlphaUV.
	0x28, 0xc0, 0x0c, 0x28, 0x00, 0x00, 0x00, 0x00, 0x00, 0x11, 0x75, 0x5f, 0x66, 0x55, 0x56, 0x44, // (..(......u_fUVD
	0x69, 0x73, 0x74, 0x6f, 0x72, 0x74, 0x69, 0x6f, 0x6e, 0x55, 0x56, 0x02, 0x28, 0x40, 0x0f, 0x28, // istortionUV.(@.(
	0x00, 0x00, 0x00, 0x00, 0x00, 0x0a, 0x75, 0x5f, 0x66, 0x42, 0x6c, 0x65, 0x6e, 0x64, 0x55, 0x56, // ......u_fBlendUV
	0x02, 0x28, 0xc0, 0x11, 0x28, 0x00, 0x00, 0x00, 0x00, 0x00, 0x0f, 0x75, 0x5f, 0x66, 0x42, 0x6c, // .(..(......u_fBl
	0x65, 0x6e, 0x64, 0x41, 0x6c, 0x70, 0x68, 0x61, 0x55, 0x56, 0x02, 0x28, 0x40, 0x14, 0x28, 0x00, // endAlphaUV.(@.(.
	0x00, 0x00, 0x00, 0x00, 0x16, 0x75, 0x5f, 0x66, 0x42, 0x6c, 0x65, 0x6e, 0x64, 0x55, 0x56, 0x44, // .....u_fBlendUVD
	0x69, 0x73, 0x74, 0x6f, 0x72, 0x74, 0x69, 0x6f, 0x6e, 0x55, 0x56, 0x02, 0x28, 0xc0, 0x16, 0x28, // istortionUV.(..(
	0x00, 0x00, 0x00, 0x00, 0x00, 0x0d, 0x75, 0x5f, 0x66, 0x4d, 0x6f, 0x64, 0x65, 0x6c, 0x43, 0x6f, // ......u_fModelCo
	0x6c, 0x6f, 0x72, 0x02, 0x28, 0x60, 0x1e, 0x28, 0x00, 0x00, 0x00, 0x00, 0x00, 0x1b, 0x75, 0x5f, // lor.(`.(......u_
	0x66, 0x46, 0x6c, 0x69, 0x70, 0x62, 0x6f, 0x6f, 0x6b, 0x49, 0x6e, 0x64, 0x65, 0x78, 0x41, 0x6e, // fFlipbookIndexAn
	0x64, 0x4e, 0x65, 0x78, 0x74, 0x52, 0x61, 0x74, 0x65, 0x02, 0x28, 0x60, 0x19, 0x28, 0x00, 0x00, // dNextRate.(`.(..
	0x00, 0x00, 0x00, 0x16, 0x75, 0x5f, 0x66, 0x4d, 0x6f, 0x64, 0x65, 0x6c, 0x41, 0x6c, 0x70, 0x68, // ....u_fModelAlph
	0x61, 0x54, 0x68, 0x72, 0x65, 0x73, 0x68, 0x6f, 0x6c, 0x64, 0x02, 0x28, 0xe0, 0x1b, 0x28, 0x00, // aThreshold.(..(.
	0x00, 0x00, 0x00, 0x00, 0x0d, 0x75, 0x5f, 0x6d, 0x43, 0x61, 0x6d, 0x65, 0x72, 0x61, 0x50, 0x72, // .....u_mCameraPr
	0x6f, 0x6a, 0x04, 0x01, 0x00, 0x00, 0x04, 0x00, 0x00, 0x00, 0x00, 0x00, 0x00, 0x23, 0x00, 0x00, // oj...........#..
	0x03, 0x02, 0x23, 0x07, 0x00, 0x00, 0x01, 0x00, 0x0b, 0x00, 0x08, 0x00, 0x1f, 0x08, 0x00, 0x00, // ..#.............
	0x00, 0x00, 0x00, 0x00, 0x11, 0x00, 0x02, 0x00, 0x01, 0x00, 0x00, 0x00, 0x0b, 0x00, 0x06, 0x00, // ................
	0x01, 0x00, 0x00, 0x00, 0x47, 0x4c, 0x53, 0x4c, 0x2e, 0x73, 0x74, 0x64, 0x2e, 0x34, 0x35, 0x30, // ....GLSL.std.450
	0x00, 0x00, 0x00, 0x00, 0x0e, 0x00, 0x03, 0x00, 0x00, 0x00, 0x00, 0x00, 0x01, 0x00, 0x00, 0x00, // ................
	0x0f, 0x00, 0x16, 0x00, 0x00, 0x00, 0x00, 0x00, 0x04, 0x00, 0x00, 0x00, 0x6d, 0x61, 0x69, 0x6e, // ............main
	0x00, 0x00, 0x00, 0x00, 0x3f, 0x03, 0x00, 0x00, 0x43, 0x03, 0x00, 0x00, 0x46, 0x03, 0x00, 0x00, // ....?...C...F...
	0x49, 0x03, 0x00, 0x00, 0x4c, 0x03, 0x00, 0x00, 0x50, 0x03, 0x00, 0x00, 0x54, 0x03, 0x00, 0x00, // I...L...P...T...
	0x67, 0x03, 0x00, 0x00, 0x6a, 0x03, 0x00, 0x00, 0x6d, 0x03, 0x00, 0x00, 0x70, 0x03, 0x00, 0x00, // g...j...m...p...
	0x73, 0x03, 0x00, 0x00, 0x76, 0x03, 0x00, 0x00, 0x79, 0x03, 0x00, 0x00, 0x7d, 0x03, 0x00, 0x00, // s...v...y...}...
	0x80, 0x03, 0x00, 0x00, 0x83, 0x03, 0x00, 0x00, 0x03, 0x00, 0x03, 0x00, 0x05, 0x00, 0x00, 0x00, // ................
	0xf4, 0x01, 0x00, 0x00, 0x05, 0x00, 0x04, 0x00, 0x04, 0x00, 0x00, 0x00, 0x6d, 0x61, 0x69, 0x6e, // ............main
	0x00, 0x00, 0x00, 0x00, 0x05, 0x00, 0x06, 0x00, 0xca, 0x01, 0x00, 0x00, 0x55, 0x6e, 0x69, 0x66, // ............Unif
	0x6f, 0x72, 0x6d, 0x42, 0x6c, 0x6f, 0x63, 0x6b, 0x00, 0x00, 0x00, 0x00, 0x06, 0x00, 0x07, 0x00, // ormBlock........
	0xca, 0x01, 0x00, 0x00, 0x00, 0x00, 0x00, 0x00, 0x75, 0x5f, 0x6d, 0x43, 0x61, 0x6d, 0x65, 0x72, // ........u_mCamer
	0x61, 0x50, 0x72, 0x6f, 0x6a, 0x00, 0x00, 0x00, 0x06, 0x00, 0x07, 0x00, 0xca, 0x01, 0x00, 0x00, // aProj...........
	0x01, 0x00, 0x00, 0x00, 0x75, 0x5f, 0x6d, 0x4d, 0x6f, 0x64, 0x65, 0x6c, 0x5f, 0x49, 0x6e, 0x73, // ....u_mModel_Ins
	0x74, 0x00, 0x00, 0x00, 0x06, 0x00, 0x05, 0x00, 0xca, 0x01, 0x00, 0x00, 0x02, 0x00, 0x00, 0x00, // t...............
	0x75, 0x5f, 0x66, 0x55, 0x56, 0x00, 0x00, 0x00, 0x06, 0x00, 0x06, 0x00, 0xca, 0x01, 0x00, 0x00, // u_fUV...........
	0x03, 0x00, 0x00, 0x00, 0x75, 0x5f, 0x66, 0x41, 0x6c, 0x70, 0x68, 0x61, 0x55, 0x56, 0x00, 0x00, // ....u_fAlphaUV..
	0x06, 0x00, 0x08, 0x00, 0xca, 0x01, 0x00, 0x00, 0x04, 0x00, 0x00, 0x00, 0x75, 0x5f, 0x66, 0x55, // ............u_fU
	0x56, 0x44, 0x69, 0x73, 0x74, 0x6f, 0x72, 0x74, 0x69, 0x6f, 0x6e, 0x55, 0x56, 0x00, 0x00, 0x00, // VDistortionUV...
	0x06, 0x00, 0x06, 0x00, 0xca, 0x01, 0x00, 0x00, 0x05, 0x00, 0x00, 0x00, 0x75, 0x5f, 0x66, 0x42, // ............u_fB
	0x6c, 0x65, 0x6e, 0x64, 0x55, 0x56, 0x00, 0x00, 0x06, 0x00, 0x07, 0x00, 0xca, 0x01, 0x00, 0x00, // lendUV..........
	0x06, 0x00, 0x00, 0x00, 0x75, 0x5f, 0x66, 0x42, 0x6c, 0x65, 0x6e, 0x64, 0x41, 0x6c, 0x70, 0x68, // ....u_fBlendAlph
	0x61, 0x55, 0x56, 0x00, 0x06, 0x00, 0x09, 0x00, 0xca, 0x01, 0x00, 0x00, 0x07, 0x00, 0x00, 0x00, // aUV.............
	0x75, 0x5f, 0x66, 0x42, 0x6c, 0x65, 0x6e, 0x64, 0x55, 0x56, 0x44, 0x69, 0x73, 0x74, 0x6f, 0x72, // u_fBlendUVDistor
	0x74, 0x69, 0x6f, 0x6e, 0x55, 0x56, 0x00, 0x00, 0x06, 0x00, 0x09, 0x00, 0xca, 0x01, 0x00, 0x00, // tionUV..........
	0x08, 0x00, 0x00, 0x00, 0x75, 0x5f, 0x66, 0x6c, 0x69, 0x70, 0x62, 0x6f, 0x6f, 0x6b, 0x50, 0x61, // ....u_flipbookPa
	0x72, 0x61, 0x6d, 0x65, 0x74, 0x65, 0x72, 0x31, 0x00, 0x00, 0x00, 0x00, 0x06, 0x00, 0x09, 0x00, // rameter1........
	0xca, 0x01, 0x00, 0x00, 0x09, 0x00, 0x00, 0x00, 0x75, 0x5f, 0x66, 0x6c, 0x69, 0x70, 0x62, 0x6f, // ........u_flipbo
	0x6f, 0x6b, 0x50, 0x61, 0x72, 0x61, 0x6d, 0x65, 0x74, 0x65, 0x72, 0x32, 0x00, 0x00, 0x00, 0x00, // okParameter2....
	0x06, 0x00, 0x0a, 0x00, 0xca, 0x01, 0x00, 0x00, 0x0a, 0x00, 0x00, 0x00, 0x75, 0x5f, 0x66, 0x46, // ............u_fF
	0x6c, 0x69, 0x70, 0x62, 0x6f, 0x6f, 0x6b, 0x49, 0x6e, 0x64, 0x65, 0x78, 0x41, 0x6e, 0x64, 0x4e, // lipbookIndexAndN
	0x65, 0x78, 0x74, 0x52, 0x61, 0x74, 0x65, 0x00, 0x06, 0x00, 0x09, 0x00, 0xca, 0x01, 0x00, 0x00, // extRate.........
	0x0b, 0x00, 0x00, 0x00, 0x75, 0x5f, 0x66, 0x4d, 0x6f, 0x64, 0x65, 0x6c, 0x41, 0x6c, 0x70, 0x68, // ....u_fModelAlph
	0x61, 0x54, 0x68, 0x72, 0x65, 0x73, 0x68, 0x6f, 0x6c, 0x64, 0x00, 0x00, 0x06, 0x00, 0x07, 0x00, // aThreshold......
	0xca, 0x01, 0x00, 0x00, 0x0c, 0x00, 0x00, 0x00, 0x75, 0x5f, 0x66, 0x4d, 0x6f, 0x64, 0x65, 0x6c, // ........u_fModel
	0x43, 0x6f, 0x6c, 0x6f, 0x72, 0x00, 0x00, 0x00, 0x06, 0x00, 0x07, 0x00, 0xca, 0x01, 0x00, 0x00, // Color...........
	0x0d, 0x00, 0x00, 0x00, 0x75, 0x5f, 0x6d, 0x55, 0x56, 0x49, 0x6e, 0x76, 0x65, 0x72, 0x73, 0x65, // ....u_mUVInverse
	0x64, 0x00, 0x00, 0x00, 0x05, 0x00, 0x03, 0x00, 0xcc, 0x01, 0x00, 0x00, 0x00, 0x00, 0x00, 0x00, // d...............
	0x05, 0x00, 0x05, 0x00, 0x3f, 0x03, 0x00, 0x00, 0x61, 0x5f, 0x62, 0x69, 0x74, 0x61, 0x6e, 0x67, // ....?...a_bitang
	0x65, 0x6e, 0x74, 0x00, 0x05, 0x00, 0x05, 0x00, 0x43, 0x03, 0x00, 0x00, 0x61, 0x5f, 0x63, 0x6f, // ent.....C...a_co
	0x6c, 0x6f, 0x72, 0x30, 0x00, 0x00, 0x00, 0x00, 0x05, 0x00, 0x05, 0x00, 0x46, 0x03, 0x00, 0x00, // lor0........F...
	0x61, 0x5f, 0x6e, 0x6f, 0x72, 0x6d, 0x61, 0x6c, 0x00, 0x00, 0x00, 0x00, 0x05, 0x00, 0x05, 0x00, // a_normal........
	0x49, 0x03, 0x00, 0x00, 0x61, 0x5f, 0x70, 0x6f, 0x73, 0x69, 0x74, 0x69, 0x6f, 0x6e, 0x00, 0x00, // I...a_position..
	0x05, 0x00, 0x05, 0x00, 0x4c, 0x03, 0x00, 0x00, 0x61, 0x5f, 0x74, 0x61, 0x6e, 0x67, 0x65, 0x6e, // ....L...a_tangen
	0x74, 0x00, 0x00, 0x00, 0x05, 0x00, 0x05, 0x00, 0x50, 0x03, 0x00, 0x00, 0x61, 0x5f, 0x74, 0x65, // t.......P...a_te
	0x78, 0x63, 0x6f, 0x6f, 0x72, 0x64, 0x30, 0x00, 0x05, 0x00, 0x06, 0x00, 0x54, 0x03, 0x00, 0x00, // xcoord0.....T...
	0x67, 0x6c, 0x5f, 0x49, 0x6e, 0x73, 0x74, 0x61, 0x6e, 0x63, 0x65, 0x49, 0x44, 0x00, 0x00, 0x00, // gl_InstanceID...
	0x05, 0x00, 0x0a, 0x00, 0x67, 0x03, 0x00, 0x00, 0x40, 0x65, 0x6e, 0x74, 0x72, 0x79, 0x50, 0x6f, // ....g...@entryPo
	0x69, 0x6e, 0x74, 0x4f, 0x75, 0x74, 0x70, 0x75, 0x74, 0x2e, 0x67, 0x6c, 0x5f, 0x50, 0x6f, 0x73, // intOutput.gl_Pos
	0x69, 0x74, 0x69, 0x6f, 0x6e, 0x00, 0x00, 0x00, 0x05, 0x00, 0x0b, 0x00, 0x6a, 0x03, 0x00, 0x00, // ition.......j...
	0x40, 0x65, 0x6e, 0x74, 0x72, 0x79, 0x50, 0x6f, 0x69, 0x6e, 0x74, 0x4f, 0x75, 0x74, 0x70, 0x75, // @entryPointOutpu
	0x74, 0x2e, 0x76, 0x5f, 0x41, 0x6c, 0x70, 0x68, 0x61, 0x5f, 0x44, 0x69, 0x73, 0x74, 0x5f, 0x55, // t.v_Alpha_Dist_U
	0x56, 0x00, 0x00, 0x00, 0x05, 0x00, 0x0c, 0x00, 0x6d, 0x03, 0x00, 0x00, 0x40, 0x65, 0x6e, 0x74, // V.......m...@ent
	0x72, 0x79, 0x50, 0x6f, 0x69, 0x6e, 0x74, 0x4f, 0x75, 0x74, 0x70, 0x75, 0x74, 0x2e, 0x76, 0x5f, // ryPointOutput.v_
	0x42, 0x6c, 0x65, 0x6e, 0x64, 0x5f, 0x41, 0x6c, 0x70, 0x68, 0x61, 0x5f, 0x44, 0x69, 0x73, 0x74, // Blend_Alpha_Dist
	0x5f, 0x55, 0x56, 0x00, 0x05, 0x00, 0x0d, 0x00, 0x70, 0x03, 0x00, 0x00, 0x40, 0x65, 0x6e, 0x74, // _UV.....p...@ent
	0x72, 0x79, 0x50, 0x6f, 0x69, 0x6e, 0x74, 0x4f, 0x75, 0x74, 0x70, 0x75, 0x74, 0x2e, 0x76, 0x5f, // ryPointOutput.v_
	0x42, 0x6c, 0x65, 0x6e, 0x64, 0x5f, 0x46, 0x42, 0x4e, 0x65, 0x78, 0x74, 0x49, 0x6e, 0x64, 0x65, // Blend_FBNextInde
	0x78, 0x5f, 0x55, 0x56, 0x00, 0x00, 0x00, 0x00, 0x05, 0x00, 0x09, 0x00, 0x73, 0x03, 0x00, 0x00, // x_UV........s...
	0x40, 0x65, 0x6e, 0x74, 0x72, 0x79, 0x50, 0x6f, 0x69, 0x6e, 0x74, 0x4f, 0x75, 0x74, 0x70, 0x75, // @entryPointOutpu
	0x74, 0x2e, 0x76, 0x5f, 0x43, 0x6f, 0x6c, 0x6f, 0x72, 0x00, 0x00, 0x00, 0x05, 0x00, 0x09, 0x00, // t.v_Color.......
	0x76, 0x03, 0x00, 0x00, 0x40, 0x65, 0x6e, 0x74, 0x72, 0x79, 0x50, 0x6f, 0x69, 0x6e, 0x74, 0x4f, // v...@entryPointO
	0x75, 0x74, 0x70, 0x75, 0x74, 0x2e, 0x76, 0x5f, 0x50, 0x6f, 0x73, 0x50, 0x00, 0x00, 0x00, 0x00, // utput.v_PosP....
	0x05, 0x00, 0x0a, 0x00, 0x79, 0x03, 0x00, 0x00, 0x40, 0x65, 0x6e, 0x74, 0x72, 0x79, 0x50, 0x6f, // ....y...@entryPo
	0x69, 0x6e, 0x74, 0x4f, 0x75, 0x74, 0x70, 0x75, 0x74, 0x2e, 0x76, 0x5f, 0x55, 0x56, 0x5f, 0x4f, // intOutput.v_UV_O
	0x74, 0x68, 0x65, 0x72, 0x73, 0x00, 0x00, 0x00, 0x05, 0x00, 0x09, 0x00, 0x7d, 0x03, 0x00, 0x00, // thers.......}...
	0x40, 0x65, 0x6e, 0x74, 0x72, 0x79, 0x50, 0x6f, 0x69, 0x6e, 0x74, 0x4f, 0x75, 0x74, 0x70, 0x75, // @entryPointOutpu
	0x74, 0x2e, 0x76, 0x5f, 0x57, 0x6f, 0x72, 0x6c, 0x64, 0x42, 0x00, 0x00, 0x05, 0x00, 0x09, 0x00, // t.v_WorldB......
	0x80, 0x03, 0x00, 0x00, 0x40, 0x65, 0x6e, 0x74, 0x72, 0x79, 0x50, 0x6f, 0x69, 0x6e, 0x74, 0x4f, // ....@entryPointO
	0x75, 0x74, 0x70, 0x75, 0x74, 0x2e, 0x76, 0x5f, 0x57, 0x6f, 0x72, 0x6c, 0x64, 0x4e, 0x00, 0x00, // utput.v_WorldN..
	0x05, 0x00, 0x09, 0x00, 0x83, 0x03, 0x00, 0x00, 0x40, 0x65, 0x6e, 0x74, 0x72, 0x79, 0x50, 0x6f, // ........@entryPo
	0x69, 0x6e, 0x74, 0x4f, 0x75, 0x74, 0x70, 0x75, 0x74, 0x2e, 0x76, 0x5f, 0x57, 0x6f, 0x72, 0x6c, // intOutput.v_Worl
	0x64, 0x54, 0x00, 0x00, 0x47, 0x00, 0x04, 0x00, 0xc0, 0x01, 0x00, 0x00, 0x06, 0x00, 0x00, 0x00, // dT..G...........
	0x40, 0x00, 0x00, 0x00, 0x47, 0x00, 0x04, 0x00, 0xc1, 0x01, 0x00, 0x00, 0x06, 0x00, 0x00, 0x00, // @...G...........
	0x10, 0x00, 0x00, 0x00, 0x47, 0x00, 0x04, 0x00, 0xc2, 0x01, 0x00, 0x00, 0x06, 0x00, 0x00, 0x00, // ....G...........
	0x10, 0x00, 0x00, 0x00, 0x47, 0x00, 0x04, 0x00, 0xc3, 0x01, 0x00, 0x00, 0x06, 0x00, 0x00, 0x00, // ....G...........
	0x10, 0x00, 0x00, 0x00, 0x47, 0x00, 0x04, 0x00, 0xc4, 0x01, 0x00, 0x00, 0x06, 0x00, 0x00, 0x00, // ....G...........
	0x10, 0x00, 0x00, 0x00, 0x47, 0x00, 0x04, 0x00, 0xc5, 0x01, 0x00, 0x00, 0x06, 0x00, 0x00, 0x00, // ....G...........
	0x10, 0x00, 0x00, 0x00, 0x47, 0x00, 0x04, 0x00, 0xc6, 0x01, 0x00, 0x00, 0x06, 0x00, 0x00, 0x00, // ....G...........
	0x10, 0x00, 0x00, 0x00, 0x47, 0x00, 0x04, 0x00, 0xc7, 0x01, 0x00, 0x00, 0x06, 0x00, 0x00, 0x00, // ....G...........
	0x10, 0x00, 0x00, 0x00, 0x47, 0x00, 0x04, 0x00, 0xc8, 0x01, 0x00, 0x00, 0x06, 0x00, 0x00, 0x00, // ....G...........
	0x10, 0x00, 0x00, 0x00, 0x47, 0x00, 0x04, 0x00, 0xc9, 0x01, 0x00, 0x00, 0x06, 0x00, 0x00, 0x00, // ....G...........
	0x10, 0x00, 0x00, 0x00, 0x47, 0x00, 0x03, 0x00, 0xca, 0x01, 0x00, 0x00, 0x02, 0x00, 0x00, 0x00, // ....G...........
	0x48, 0x00, 0x04, 0x00, 0xca, 0x01, 0x00, 0x00, 0x00, 0x00, 0x00, 0x00, 0x04, 0x00, 0x00, 0x00, // H...............
	0x48, 0x00, 0x05, 0x00, 0xca, 0x01, 0x00, 0x00, 0x00, 0x00, 0x00, 0x00, 0x07, 0x00, 0x00, 0x00, // H...............
	0x10, 0x00, 0x00, 0x00, 0x48, 0x00, 0x05, 0x00, 0xca, 0x01, 0x00, 0x00, 0x00, 0x00, 0x00, 0x00, // ....H...........
	0x23, 0x00, 0x00, 0x00, 0x00, 0x00, 0x00, 0x00, 0x48, 0x00, 0x04, 0x00, 0xca, 0x01, 0x00, 0x00, // #.......H.......
	0x01, 0x00, 0x00, 0x00, 0x04, 0x00, 0x00, 0x00, 0x48, 0x00, 0x05, 0x00, 0xca, 0x01, 0x00, 0x00, // ........H.......
	0x01, 0x00, 0x00, 0x00, 0x07, 0x00, 0x00, 0x00, 0x10, 0x00, 0x00, 0x00, 0x48, 0x00, 0x05, 0x00, // ............H...
	0xca, 0x01, 0x00, 0x00, 0x01, 0x00, 0x00, 0x00, 0x23, 0x00, 0x00, 0x00, 0x40, 0x00, 0x00, 0x00, // ........#...@...
	0x48, 0x00, 0x05, 0x00, 0xca, 0x01, 0x00, 0x00, 0x02, 0x00, 0x00, 0x00, 0x23, 0x00, 0x00, 0x00, // H...........#...
	0x40, 0x0a, 0x00, 0x00, 0x48, 0x00, 0x05, 0x00, 0xca, 0x01, 0x00, 0x00, 0x03, 0x00, 0x00, 0x00, // @...H...........
	0x23, 0x00, 0x00, 0x00, 0xc0, 0x0c, 0x00, 0x00, 0x48, 0x00, 0x05, 0x00, 0xca, 0x01, 0x00, 0x00, // #.......H.......
	0x04, 0x00, 0x00, 0x00, 0x23, 0x00, 0x00, 0x00, 0x40, 0x0f, 0x00, 0x00, 0x48, 0x00, 0x05, 0x00, // ....#...@...H...
	0xca, 0x01, 0x00, 0x00, 0x05, 0x00, 0x00, 0x00, 0x23, 0x00, 0x00, 0x00, 0xc0, 0x11, 0x00, 0x00, // ........#.......
	0x48, 0x00, 0x05, 0x00, 0xca, 0x01, 0x00, 0x00, 0x06, 0x00, 0x00, 0x00, 0x23, 0x00, 0x00, 0x00, // H...........#...
	0x40, 0x14, 0x00, 0x00, 0x48, 0x00, 0x05, 0x00, 0xca, 0x01, 0x00, 0x00, 0x07, 0x00, 0x00, 0x00, // @...H...........
	0x23, 0x00, 0x00, 0x00, 0xc0, 0x16, 0x00, 0x00, 0x48, 0x00, 0x05, 0x00, 0xca, 0x01, 0x00, 0x00, // #.......H.......
	0x08, 0x00, 0x00, 0x00, 0x23, 0x00, 0x00, 0x00, 0x40, 0x19, 0x00, 0x00, 0x48, 0x00, 0x05, 0x00, // ....#...@...H...
	0xca, 0x01, 0x00, 0x00, 0x09, 0x00, 0x00, 0x00, 0x23, 0x00, 0x00, 0x00, 0x50, 0x19, 0x00, 0x00, // ........#...P...
	0x48, 0x00, 0x05, 0x00, 0xca, 0x01, 0x00, 0x00, 0x0a, 0x00, 0x00, 0x00, 0x23, 0x00, 0x00, 0x00, // H...........#...
	0x60, 0x19, 0x00, 0x00, 0x48, 0x00, 0x05, 0x00, 0xca, 0x01, 0x00, 0x00, 0x0b, 0x00, 0x00, 0x00, // `...H...........
	0x23, 0x00, 0x00, 0x00, 0xe0, 0x1b, 0x00, 0x00, 0x48, 0x00, 0x05, 0x00, 0xca, 0x01, 0x00, 0x00, // #.......H.......
	0x0c, 0x00, 0x00, 0x00, 0x23, 0x00, 0x00, 0x00, 0x60, 0x1e, 0x00, 0x00, 0x48, 0x00, 0x05, 0x00, // ....#...`...H...
	0xca, 0x01, 0x00, 0x00, 0x0d, 0x00, 0x00, 0x00, 0x23, 0x00, 0x00, 0x00, 0xe0, 0x20, 0x00, 0x00, // ........#.... ..
	0x47, 0x00, 0x04, 0x00, 0xcc, 0x01, 0x00, 0x00, 0x21, 0x00, 0x00, 0x00, 0x00, 0x00, 0x00, 0x00, // G.......!.......
	0x47, 0x00, 0x04, 0x00, 0xcc, 0x01, 0x00, 0x00, 0x22, 0x00, 0x00, 0x00, 0x00, 0x00, 0x00, 0x00, // G.......".......
	0x47, 0x00, 0x04, 0x00, 0x3f, 0x03, 0x00, 0x00, 0x1e, 0x00, 0x00, 0x00, 0x00, 0x00, 0x00, 0x00, // G...?...........
	0x47, 0x00, 0x04, 0x00, 0x43, 0x03, 0x00, 0x00, 0x1e, 0x00, 0x00, 0x00, 0x01, 0x00, 0x00, 0x00, // G...C...........
	0x47, 0x00, 0x04, 0x00, 0x46, 0x03, 0x00, 0x00, 0x1e, 0x00, 0x00, 0x00, 0x02, 0x00, 0x00, 0x00, // G...F...........
	0x47, 0x00, 0x04, 0x00, 0x49, 0x03, 0x00, 0x00, 0x1e, 0x00, 0x00, 0x00, 0x03, 0x00, 0x00, 0x00, // G...I...........
	0x47, 0x00, 0x04, 0x00, 0x4c, 0x03, 0x00, 0x00, 0x1e, 0x00, 0x00, 0x00, 0x04, 0x00, 0x00, 0x00, // G...L...........
	0x47, 0x00, 0x04, 0x00, 0x50, 0x03, 0x00, 0x00, 0x1e, 0x00, 0x00, 0x00, 0x05, 0x00, 0x00, 0x00, // G...P...........
	0x47, 0x00, 0x04, 0x00, 0x54, 0x03, 0x00, 0x00, 0x0b, 0x00, 0x00, 0x00, 0x2b, 0x00, 0x00, 0x00, // G...T.......+...
	0x47, 0x00, 0x04, 0x00, 0x67, 0x03, 0x00, 0x00, 0x0b, 0x00, 0x00, 0x00, 0x00, 0x00, 0x00, 0x00, // G...g...........
	0x47, 0x00, 0x04, 0x00, 0x6a, 0x03, 0x00, 0x00, 0x1e, 0x00, 0x00, 0x00, 0x00, 0x00, 0x00, 0x00, // G...j...........
	0x47, 0x00, 0x04, 0x00, 0x6d, 0x03, 0x00, 0x00, 0x1e, 0x00, 0x00, 0x00, 0x01, 0x00, 0x00, 0x00, // G...m...........
	0x47, 0x00, 0x04, 0x00, 0x70, 0x03, 0x00, 0x00, 0x1e, 0x00, 0x00, 0x00, 0x02, 0x00, 0x00, 0x00, // G...p...........
	0x47, 0x00, 0x04, 0x00, 0x73, 0x03, 0x00, 0x00, 0x1e, 0x00, 0x00, 0x00, 0x03, 0x00, 0x00, 0x00, // G...s...........
	0x47, 0x00, 0x04, 0x00, 0x76, 0x03, 0x00, 0x00, 0x1e, 0x00, 0x00, 0x00, 0x04, 0x00, 0x00, 0x00, // G...v...........
	0x47, 0x00, 0x04, 0x00, 0x79, 0x03, 0x00, 0x00, 0x1e, 0x00, 0x00, 0x00, 0x05, 0x00, 0x00, 0x00, // G...y...........
	0x47, 0x00, 0x04, 0x00, 0x7d, 0x03, 0x00, 0x00, 0x1e, 0x00, 0x00, 0x00, 0x06, 0x00, 0x00, 0x00, // G...}...........
	0x47, 0x00, 0x04, 0x00, 0x80, 0x03, 0x00, 0x00, 0x1e, 0x00, 0x00, 0x00, 0x07, 0x00, 0x00, 0x00, // G...............
	0x47, 0x00, 0x04, 0x00, 0x83, 0x03, 0x00, 0x00, 0x1e, 0x00, 0x00, 0x00, 0x08, 0x00, 0x00, 0x00, // G...............
	0x13, 0x00, 0x02, 0x00, 0x02, 0x00, 0x00, 0x00, 0x21, 0x00, 0x03, 0x00, 0x03, 0x00, 0x00, 0x00, // ........!.......
	0x02, 0x00, 0x00, 0x00, 0x16, 0x00, 0x03, 0x00, 0x06, 0x00, 0x00, 0x00, 0x20, 0x00, 0x00, 0x00, // ............ ...
	0x17, 0x00, 0x04, 0x00, 0x0d, 0x00, 0x00, 0x00, 0x06, 0x00, 0x00, 0x00, 0x02, 0x00, 0x00, 0x00, // ................
	0x17, 0x00, 0x04, 0x00, 0x26, 0x00, 0x00, 0x00, 0x06, 0x00, 0x00, 0x00, 0x04, 0x00, 0x00, 0x00, // ....&...........
	0x17, 0x00, 0x04, 0x00, 0x32, 0x00, 0x00, 0x00, 0x06, 0x00, 0x00, 0x00, 0x03, 0x00, 0x00, 0x00, // ....2...........
	0x15, 0x00, 0x04, 0x00, 0x42, 0x00, 0x00, 0x00, 0x20, 0x00, 0x00, 0x00, 0x00, 0x00, 0x00, 0x00, // ....B... .......
	0x15, 0x00, 0x04, 0x00, 0x69, 0x00, 0x00, 0x00, 0x20, 0x00, 0x00, 0x00, 0x01, 0x00, 0x00, 0x00, // ....i... .......
	0x2b, 0x00, 0x04, 0x00, 0x42, 0x00, 0x00, 0x00, 0x72, 0x00, 0x00, 0x00, 0x00, 0x00, 0x00, 0x00, // +...B...r.......
	0x2b, 0x00, 0x04, 0x00, 0x42, 0x00, 0x00, 0x00, 0x7a, 0x00, 0x00, 0x00, 0x01, 0x00, 0x00, 0x00, // +...B...z.......
	0x2b, 0x00, 0x04, 0x00, 0x42, 0x00, 0x00, 0x00, 0xa9, 0x00, 0x00, 0x00, 0x02, 0x00, 0x00, 0x00, // +...B...........
	0x2b, 0x00, 0x04, 0x00, 0x06, 0x00, 0x00, 0x00, 0xb7, 0x00, 0x00, 0x00, 0x00, 0x00, 0x00, 0x00, // +...............
	0x14, 0x00, 0x02, 0x00, 0xb8, 0x00, 0x00, 0x00, 0x2b, 0x00, 0x04, 0x00, 0x06, 0x00, 0x00, 0x00, // ........+.......
	0xc2, 0x00, 0x00, 0x00, 0x00, 0x00, 0x80, 0x3f, 0x2b, 0x00, 0x04, 0x00, 0x06, 0x00, 0x00, 0x00, // .......?+.......
	0xe9, 0x00, 0x00, 0x00, 0x00, 0x00, 0x00, 0x40, 0x2b, 0x00, 0x04, 0x00, 0x69, 0x00, 0x00, 0x00, // .......@+...i...
	0x58, 0x01, 0x00, 0x00, 0x06, 0x00, 0x00, 0x00, 0x2b, 0x00, 0x04, 0x00, 0x69, 0x00, 0x00, 0x00, // X.......+...i...
	0x7d, 0x01, 0x00, 0x00, 0x08, 0x00, 0x00, 0x00, 0x2b, 0x00, 0x04, 0x00, 0x69, 0x00, 0x00, 0x00, // }.......+...i...
	0x90, 0x01, 0x00, 0x00, 0x07, 0x00, 0x00, 0x00, 0x18, 0x00, 0x04, 0x00, 0xbe, 0x01, 0x00, 0x00, // ................
	0x26, 0x00, 0x00, 0x00, 0x04, 0x00, 0x00, 0x00, 0x2b, 0x00, 0x04, 0x00, 0x42, 0x00, 0x00, 0x00, // &.......+...B...
	0xbf, 0x01, 0x00, 0x00, 0x28, 0x00, 0x00, 0x00, 0x1c, 0x00, 0x04, 0x00, 0xc0, 0x01, 0x00, 0x00, // ....(...........
	0xbe, 0x01, 0x00, 0x00, 0xbf, 0x01, 0x00, 0x00, 0x1c, 0x00, 0x04, 0x00, 0xc1, 0x01, 0x00, 0x00, // ................
	0x26, 0x00, 0x00, 0x00, 0xbf, 0x01, 0x00, 0x00, 0x1c, 0x00, 0x04, 0x00, 0xc2, 0x01, 0x00, 0x00, // &...............
	0x26, 0x00, 0x00, 0x00, 0xbf, 0x01, 0x00, 0x00, 0x1c, 0x00, 0x04, 0x00, 0xc3, 0x01, 0x00, 0x00, // &...............
	0x26, 0x00, 0x00, 0x00, 0xbf, 0x01, 0x00, 0x00, 0x1c, 0x00, 0x04, 0x00, 0xc4, 0x01, 0x00, 0x00, // &...............
	0x26, 0x00, 0x00, 0x00, 0xbf, 0x01, 0x00, 0x00, 0x1c, 0x00, 0x04, 0x00, 0xc5, 0x01, 0x00, 0x00, // &...............
	0x26, 0x00, 0x00, 0x00, 0xbf, 0x01, 0x00, 0x00, 0x1c, 0x00, 0x04, 0x00, 0xc6, 0x01, 0x00, 0x00, // &...............
	0x26, 0x00, 0x00, 0x00, 0xbf, 0x01, 0x00, 0x00, 0x1c, 0x00, 0x04, 0x00, 0xc7, 0x01, 0x00, 0x00, // &...............
	0x26, 0x00, 0x00, 0x00, 0xbf, 0x01, 0x00, 0x00, 0x1c, 0x00, 0x04, 0x00, 0xc8, 0x01, 0x00, 0x00, // &...............
	0x26, 0x00, 0x00, 0x00, 0xbf, 0x01, 0x00, 0x00, 0x1c, 0x00, 0x04, 0x00, 0xc9, 0x01, 0x00, 0x00, // &...............
	0x26, 0x00, 0x00, 0x00, 0xbf, 0x01, 0x00, 0x00, 0x1e, 0x00, 0x10, 0x00, 0xca, 0x01, 0x00, 0x00, // &...............
	0xbe, 0x01, 0x00, 0x00, 0xc0, 0x01, 0x00, 0x00, 0xc1, 0x01, 0x00, 0x00, 0xc2, 0x01, 0x00, 0x00, // ................
	0xc3, 0x01, 0x00, 0x00, 0xc4, 0x01, 0x00, 0x00, 0xc5, 0x01, 0x00, 0x00, 0xc6, 0x01, 0x00, 0x00, // ................
	0x26, 0x00, 0x00, 0x00, 0x26, 0x00, 0x00, 0x00, 0xc7, 0x01, 0x00, 0x00, 0xc8, 0x01, 0x00, 0x00, // &...&...........
	0xc9, 0x01, 0x00, 0x00, 0x26, 0x00, 0x00, 0x00, 0x20, 0x00, 0x04, 0x00, 0xcb, 0x01, 0x00, 0x00, // ....&... .......
	0x02, 0x00, 0x00, 0x00, 0xca, 0x01, 0x00, 0x00, 0x3b, 0x00, 0x04, 0x00, 0xcb, 0x01, 0x00, 0x00, // ........;.......
	0xcc, 0x01, 0x00, 0x00, 0x02, 0x00, 0x00, 0x00, 0x20, 0x00, 0x04, 0x00, 0xcd, 0x01, 0x00, 0x00, // ........ .......
	0x02, 0x00, 0x00, 0x00, 0x26, 0x00, 0x00, 0x00, 0x2b, 0x00, 0x04, 0x00, 0x69, 0x00, 0x00, 0x00, // ....&...+...i...
	0xd1, 0x01, 0x00, 0x00, 0x09, 0x00, 0x00, 0x00, 0x2b, 0x00, 0x04, 0x00, 0x69, 0x00, 0x00, 0x00, // ........+...i...
	0xd9, 0x01, 0x00, 0x00, 0x0d, 0x00, 0x00, 0x00, 0x2b, 0x00, 0x04, 0x00, 0x69, 0x00, 0x00, 0x00, // ........+...i...
	0xf8, 0x01, 0x00, 0x00, 0x02, 0x00, 0x00, 0x00, 0x20, 0x00, 0x04, 0x00, 0xfd, 0x01, 0x00, 0x00, // ........ .......
	0x02, 0x00, 0x00, 0x00, 0x06, 0x00, 0x00, 0x00, 0x2b, 0x00, 0x04, 0x00, 0x69, 0x00, 0x00, 0x00, // ........+...i...
	0x30, 0x02, 0x00, 0x00, 0x01, 0x00, 0x00, 0x00, 0x20, 0x00, 0x04, 0x00, 0x32, 0x02, 0x00, 0x00, // 0....... ...2...
	0x02, 0x00, 0x00, 0x00, 0xbe, 0x01, 0x00, 0x00, 0x2b, 0x00, 0x04, 0x00, 0x69, 0x00, 0x00, 0x00, // ........+...i...
	0x3a, 0x02, 0x00, 0x00, 0x03, 0x00, 0x00, 0x00, 0x2b, 0x00, 0x04, 0x00, 0x69, 0x00, 0x00, 0x00, // :.......+...i...
	0x3f, 0x02, 0x00, 0x00, 0x04, 0x00, 0x00, 0x00, 0x2b, 0x00, 0x04, 0x00, 0x69, 0x00, 0x00, 0x00, // ?.......+...i...
	0x44, 0x02, 0x00, 0x00, 0x05, 0x00, 0x00, 0x00, 0x2b, 0x00, 0x04, 0x00, 0x69, 0x00, 0x00, 0x00, // D.......+...i...
	0x51, 0x02, 0x00, 0x00, 0x0c, 0x00, 0x00, 0x00, 0x2b, 0x00, 0x04, 0x00, 0x69, 0x00, 0x00, 0x00, // Q.......+...i...
	0x59, 0x02, 0x00, 0x00, 0x0a, 0x00, 0x00, 0x00, 0x2b, 0x00, 0x04, 0x00, 0x69, 0x00, 0x00, 0x00, // Y.......+...i...
	0x5e, 0x02, 0x00, 0x00, 0x0b, 0x00, 0x00, 0x00, 0x2b, 0x00, 0x04, 0x00, 0x69, 0x00, 0x00, 0x00, // ^.......+...i...
	0x67, 0x02, 0x00, 0x00, 0x00, 0x00, 0x00, 0x00, 0x20, 0x00, 0x04, 0x00, 0x3e, 0x03, 0x00, 0x00, // g....... ...>...
	0x01, 0x00, 0x00, 0x00, 0x32, 0x00, 0x00, 0x00, 0x3b, 0x00, 0x04, 0x00, 0x3e, 0x03, 0x00, 0x00, // ....2...;...>...
	0x3f, 0x03, 0x00, 0x00, 0x01, 0x00, 0x00, 0x00, 0x20, 0x00, 0x04, 0x00, 0x42, 0x03, 0x00, 0x00, // ?....... ...B...
	0x01, 0x00, 0x00, 0x00, 0x26, 0x00, 0x00, 0x00, 0x3b, 0x00, 0x04, 0x00, 0x42, 0x03, 0x00, 0x00, // ....&...;...B...
	0x43, 0x03, 0x00, 0x00, 0x01, 0x00, 0x00, 0x00, 0x3b, 0x00, 0x04, 0x00, 0x3e, 0x03, 0x00, 0x00, // C.......;...>...
	0x46, 0x03, 0x00, 0x00, 0x01, 0x00, 0x00, 0x00, 0x3b, 0x00, 0x04, 0x00, 0x3e, 0x03, 0x00, 0x00, // F.......;...>...
	0x49, 0x03, 0x00, 0x00, 0x01, 0x00, 0x00, 0x00, 0x3b, 0x00, 0x04, 0x00, 0x3e, 0x03, 0x00, 0x00, // I.......;...>...
	0x4c, 0x03, 0x00, 0x00, 0x01, 0x00, 0x00, 0x00, 0x20, 0x00, 0x04, 0x00, 0x4f, 0x03, 0x00, 0x00, // L....... ...O...
	0x01, 0x00, 0x00, 0x00, 0x0d, 0x00, 0x00, 0x00, 0x3b, 0x00, 0x04, 0x00, 0x4f, 0x03, 0x00, 0x00, // ........;...O...
	0x50, 0x03, 0x00, 0x00, 0x01, 0x00, 0x00, 0x00, 0x20, 0x00, 0x04, 0x00, 0x53, 0x03, 0x00, 0x00, // P....... ...S...
	0x01, 0x00, 0x00, 0x00, 0x42, 0x00, 0x00, 0x00, 0x3b, 0x00, 0x04, 0x00, 0x53, 0x03, 0x00, 0x00, // ....B...;...S...
	0x54, 0x03, 0x00, 0x00, 0x01, 0x00, 0x00, 0x00, 0x20, 0x00, 0x04, 0x00, 0x66, 0x03, 0x00, 0x00, // T....... ...f...
	0x03, 0x00, 0x00, 0x00, 0x26, 0x00, 0x00, 0x00, 0x3b, 0x00, 0x04, 0x00, 0x66, 0x03, 0x00, 0x00, // ....&...;...f...
	0x67, 0x03, 0x00, 0x00, 0x03, 0x00, 0x00, 0x00, 0x3b, 0x00, 0x04, 0x00, 0x66, 0x03, 0x00, 0x00, // g.......;...f...
	0x6a, 0x03, 0x00, 0x00, 0x03, 0x00, 0x00, 0x00, 0x3b, 0x00, 0x04, 0x00, 0x66, 0x03, 0x00, 0x00, // j.......;...f...
	0x6d, 0x03, 0x00, 0x00, 0x03, 0x00, 0x00, 0x00, 0x3b, 0x00, 0x04, 0x00, 0x66, 0x03, 0x00, 0x00, // m.......;...f...
	0x70, 0x03, 0x00, 0x00, 0x03, 0x00, 0x00, 0x00, 0x3b, 0x00, 0x04, 0x00, 0x66, 0x03, 0x00, 0x00, // p.......;...f...
	0x73, 0x03, 0x00, 0x00, 0x03, 0x00, 0x00, 0x00, 0x3b, 0x00, 0x04, 0x00, 0x66, 0x03, 0x00, 0x00, // s.......;...f...
	0x76, 0x03, 0x00, 0x00, 0x03, 0x00, 0x00, 0x00, 0x3b, 0x00, 0x04, 0x00, 0x66, 0x03, 0x00, 0x00, // v.......;...f...
	0x79, 0x03, 0x00, 0x00, 0x03, 0x00, 0x00, 0x00, 0x20, 0x00, 0x04, 0x00, 0x7c, 0x03, 0x00, 0x00, // y....... ...|...
	0x03, 0x00, 0x00, 0x00, 0x32, 0x00, 0x00, 0x00, 0x3b, 0x00, 0x04, 0x00, 0x7c, 0x03, 0x00, 0x00, // ....2...;...|...
	0x7d, 0x03, 0x00, 0x00, 0x03, 0x00, 0x00, 0x00, 0x3b, 0x00, 0x04, 0x00, 0x7c, 0x03, 0x00, 0x00, // }.......;...|...
	0x80, 0x03, 0x00, 0x00, 0x03, 0x00, 0x00, 0x00, 0x3b, 0x00, 0x04, 0x00, 0x7c, 0x03, 0x00, 0x00, // ........;...|...
	0x83, 0x03, 0x00, 0x00, 0x03, 0x00, 0x00, 0x00, 0x2c, 0x00, 0x05, 0x00, 0x0d, 0x00, 0x00, 0x00, // ........,.......
	0x80, 0x07, 0x00, 0x00, 0xb7, 0x00, 0x00, 0x00, 0xb7, 0x00, 0x00, 0x00, 0x2b, 0x00, 0x04, 0x00, // ............+...
	0x06, 0x00, 0x00, 0x00, 0x81, 0x07, 0x00, 0x00, 0x00, 0x00, 0x00, 0x3f, 0x20, 0x00, 0x04, 0x00, // ...........? ...
	0x82, 0x07, 0x00, 0x00, 0x01, 0x00, 0x00, 0x00, 0x06, 0x00, 0x00, 0x00, 0x01, 0x00, 0x03, 0x00, // ................
	0x26, 0x00, 0x00, 0x00, 0x1e, 0x08, 0x00, 0x00, 0x36, 0x00, 0x05, 0x00, 0x02, 0x00, 0x00, 0x00, // &.......6.......
	0x04, 0x00, 0x00, 0x00, 0x00, 0x00, 0x00, 0x00, 0x03, 0x00, 0x00, 0x00, 0xf8, 0x00, 0x02, 0x00, // ................
	0x05, 0x00, 0x00, 0x00, 0x3d, 0x00, 0x04, 0x00, 0x26, 0x00, 0x00, 0x00, 0x44, 0x03, 0x00, 0x00, // ....=...&...D...
	0x43, 0x03, 0x00, 0x00, 0x3d, 0x00, 0x04, 0x00, 0x0d, 0x00, 0x00, 0x00, 0x51, 0x03, 0x00, 0x00, // C...=.......Q...
	0x50, 0x03, 0x00, 0x00, 0x3d, 0x00, 0x04, 0x00, 0x42, 0x00, 0x00, 0x00, 0x55, 0x03, 0x00, 0x00, // P...=...B...U...
	0x54, 0x03, 0x00, 0x00, 0x41, 0x00, 0x06, 0x00, 0x32, 0x02, 0x00, 0x00, 0xff, 0x03, 0x00, 0x00, // T...A...2.......
	0xcc, 0x01, 0x00, 0x00, 0x30, 0x02, 0x00, 0x00, 0x55, 0x03, 0x00, 0x00, 0x3d, 0x00, 0x04, 0x00, // ....0...U...=...
	0xbe, 0x01, 0x00, 0x00, 0x00, 0x04, 0x00, 0x00, 0xff, 0x03, 0x00, 0x00, 0x41, 0x00, 0x06, 0x00, // ............A...
	0xcd, 0x01, 0x00, 0x00, 0x02, 0x04, 0x00, 0x00, 0xcc, 0x01, 0x00, 0x00, 0xf8, 0x01, 0x00, 0x00, // ................
	0x55, 0x03, 0x00, 0x00, 0x3d, 0x00, 0x04, 0x00, 0x26, 0x00, 0x00, 0x00, 0x03, 0x04, 0x00, 0x00, // U...=...&.......
	0x02, 0x04, 0x00, 0x00, 0x41, 0x00, 0x06, 0x00, 0xcd, 0x01, 0x00, 0x00, 0x05, 0x04, 0x00, 0x00, // ....A...........
	0xcc, 0x01, 0x00, 0x00, 0x3a, 0x02, 0x00, 0x00, 0x55, 0x03, 0x00, 0x00, 0x3d, 0x00, 0x04, 0x00, // ....:...U...=...
	0x26, 0x00, 0x00, 0x00, 0x06, 0x04, 0x00, 0x00, 0x05, 0x04, 0x00, 0x00, 0x41, 0x00, 0x06, 0x00, // &...........A...
	0xcd, 0x01, 0x00, 0x00, 0x08, 0x04, 0x00, 0x00, 0xcc, 0x01, 0x00, 0x00, 0x3f, 0x02, 0x00, 0x00, // ............?...
	0x55, 0x03, 0x00, 0x00, 0x3d, 0x00, 0x04, 0x00, 0x26, 0x00, 0x00, 0x00, 0x09, 0x04, 0x00, 0x00, // U...=...&.......
	0x08, 0x04, 0x00, 0x00, 0x41, 0x00, 0x06, 0x00, 0xcd, 0x01, 0x00, 0x00, 0x0b, 0x04, 0x00, 0x00, // ....A...........
	0xcc, 0x01, 0x00, 0x00, 0x44, 0x02, 0x00, 0x00, 0x55, 0x03, 0x00, 0x00, 0x3d, 0x00, 0x04, 0x00, // ....D...U...=...
	0x26, 0x00, 0x00, 0x00, 0x0c, 0x04, 0x00, 0x00, 0x0b, 0x04, 0x00, 0x00, 0x41, 0x00, 0x06, 0x00, // &...........A...
	0xcd, 0x01, 0x00, 0x00, 0x0e, 0x04, 0x00, 0x00, 0xcc, 0x01, 0x00, 0x00, 0x58, 0x01, 0x00, 0x00, // ............X...
	0x55, 0x03, 0x00, 0x00, 0x3d, 0x00, 0x04, 0x00, 0x26, 0x00, 0x00, 0x00, 0x0f, 0x04, 0x00, 0x00, // U...=...&.......
	0x0e, 0x04, 0x00, 0x00, 0x41, 0x00, 0x06, 0x00, 0xcd, 0x01, 0x00, 0x00, 0x11, 0x04, 0x00, 0x00, // ....A...........
	0xcc, 0x01, 0x00, 0x00, 0x90, 0x01, 0x00, 0x00, 0x55, 0x03, 0x00, 0x00, 0x3d, 0x00, 0x04, 0x00, // ........U...=...
	0x26, 0x00, 0x00, 0x00, 0x12, 0x04, 0x00, 0x00, 0x11, 0x04, 0x00, 0x00, 0x41, 0x00, 0x06, 0x00, // &...........A...
	0xcd, 0x01, 0x00, 0x00, 0x14, 0x04, 0x00, 0x00, 0xcc, 0x01, 0x00, 0x00, 0x51, 0x02, 0x00, 0x00, // ............Q...
	0x55, 0x03, 0x00, 0x00, 0x3d, 0x00, 0x04, 0x00, 0x26, 0x00, 0x00, 0x00, 0x15, 0x04, 0x00, 0x00, // U...=...&.......
	0x14, 0x04, 0x00, 0x00, 0x85, 0x00, 0x05, 0x00, 0x26, 0x00, 0x00, 0x00, 0x18, 0x04, 0x00, 0x00, // ........&.......
	0x15, 0x04, 0x00, 0x00, 0x44, 0x03, 0x00, 0x00, 0x41, 0x00, 0x07, 0x00, 0xfd, 0x01, 0x00, 0x00, // ....D...A.......
	0x1a, 0x04, 0x00, 0x00, 0xcc, 0x01, 0x00, 0x00, 0x59, 0x02, 0x00, 0x00, 0x55, 0x03, 0x00, 0x00, // ........Y...U...
	0x72, 0x00, 0x00, 0x00, 0x3d, 0x00, 0x04, 0x00, 0x06, 0x00, 0x00, 0x00, 0x1b, 0x04, 0x00, 0x00, // r...=...........
	0x1a, 0x04, 0x00, 0x00, 0x41, 0x00, 0x07, 0x00, 0xfd, 0x01, 0x00, 0x00, 0x1d, 0x04, 0x00, 0x00, // ....A...........
	0xcc, 0x01, 0x00, 0x00, 0x5e, 0x02, 0x00, 0x00, 0x55, 0x03, 0x00, 0x00, 0x72, 0x00, 0x00, 0x00, // ....^...U...r...
	0x3d, 0x00, 0x04, 0x00, 0x06, 0x00, 0x00, 0x00, 0x1e, 0x04, 0x00, 0x00, 0x1d, 0x04, 0x00, 0x00, // =...............
	0x41, 0x00, 0x05, 0x00, 0x82, 0x07, 0x00, 0x00, 0x4d, 0x07, 0x00, 0x00, 0x49, 0x03, 0x00, 0x00, // A.......M...I...
	0x72, 0x00, 0x00, 0x00, 0x3d, 0x00, 0x04, 0x00, 0x06, 0x00, 0x00, 0x00, 0x20, 0x04, 0x00, 0x00, // r...=....... ...
	0x4d, 0x07, 0x00, 0x00, 0x41, 0x00, 0x05, 0x00, 0x82, 0x07, 0x00, 0x00, 0x4e, 0x07, 0x00, 0x00, // M...A.......N...
	0x49, 0x03, 0x00, 0x00, 0x7a, 0x00, 0x00, 0x00, 0x3d, 0x00, 0x04, 0x00, 0x06, 0x00, 0x00, 0x00, // I...z...=.......
	0x22, 0x04, 0x00, 0x00, 0x4e, 0x07, 0x00, 0x00, 0x41, 0x00, 0x05, 0x00, 0x82, 0x07, 0x00, 0x00, // "...N...A.......
	0x4f, 0x07, 0x00, 0x00, 0x49, 0x03, 0x00, 0x00, 0xa9, 0x00, 0x00, 0x00, 0x3d, 0x00, 0x04, 0x00, // O...I.......=...
	0x06, 0x00, 0x00, 0x00, 0x24, 0x04, 0x00, 0x00, 0x4f, 0x07, 0x00, 0x00, 0x50, 0x00, 0x07, 0x00, // ....$...O...P...
	0x26, 0x00, 0x00, 0x00, 0x25, 0x04, 0x00, 0x00, 0x20, 0x04, 0x00, 0x00, 0x22, 0x04, 0x00, 0x00, // &...%... ..."...
	0x24, 0x04, 0x00, 0x00, 0xc2, 0x00, 0x00, 0x00, 0x90, 0x00, 0x05, 0x00, 0x26, 0x00, 0x00, 0x00, // $...........&...
	0x28, 0x04, 0x00, 0x00, 0x25, 0x04, 0x00, 0x00, 0x00, 0x04, 0x00, 0x00, 0x41, 0x00, 0x05, 0x00, // (...%.......A...
	0x32, 0x02, 0x00, 0x00, 0x2a, 0x04, 0x00, 0x00, 0xcc, 0x01, 0x00, 0x00, 0x67, 0x02, 0x00, 0x00, // 2...*.......g...
	0x3d, 0x00, 0x04, 0x00, 0xbe, 0x01, 0x00, 0x00, 0x2b, 0x04, 0x00, 0x00, 0x2a, 0x04, 0x00, 0x00, // =.......+...*...
	0x90, 0x00, 0x05, 0x00, 0x26, 0x00, 0x00, 0x00, 0x2c, 0x04, 0x00, 0x00, 0x28, 0x04, 0x00, 0x00, // ....&...,...(...
	0x2b, 0x04, 0x00, 0x00, 0x51, 0x00, 0x05, 0x00, 0x06, 0x00, 0x00, 0x00, 0x31, 0x04, 0x00, 0x00, // +...Q.......1...
	0x51, 0x03, 0x00, 0x00, 0x00, 0x00, 0x00, 0x00, 0x51, 0x00, 0x05, 0x00, 0x06, 0x00, 0x00, 0x00, // Q.......Q.......
	0x33, 0x04, 0x00, 0x00, 0x03, 0x04, 0x00, 0x00, 0x02, 0x00, 0x00, 0x00, 0x85, 0x00, 0x05, 0x00, // 3...............
	0x06, 0x00, 0x00, 0x00, 0x34, 0x04, 0x00, 0x00, 0x31, 0x04, 0x00, 0x00, 0x33, 0x04, 0x00, 0x00, // ....4...1...3...
	0x51, 0x00, 0x05, 0x00, 0x06, 0x00, 0x00, 0x00, 0x36, 0x04, 0x00, 0x00, 0x03, 0x04, 0x00, 0x00, // Q.......6.......
	0x00, 0x00, 0x00, 0x00, 0x81, 0x00, 0x05, 0x00, 0x06, 0x00, 0x00, 0x00, 0x37, 0x04, 0x00, 0x00, // ............7...
	0x34, 0x04, 0x00, 0x00, 0x36, 0x04, 0x00, 0x00, 0x51, 0x00, 0x05, 0x00, 0x06, 0x00, 0x00, 0x00, // 4...6...Q.......
	0x3a, 0x04, 0x00, 0x00, 0x51, 0x03, 0x00, 0x00, 0x01, 0x00, 0x00, 0x00, 0x51, 0x00, 0x05, 0x00, // :...Q.......Q...
	0x06, 0x00, 0x00, 0x00, 0x3c, 0x04, 0x00, 0x00, 0x03, 0x04, 0x00, 0x00, 0x03, 0x00, 0x00, 0x00, // ....<...........
	0x85, 0x00, 0x05, 0x00, 0x06, 0x00, 0x00, 0x00, 0x3d, 0x04, 0x00, 0x00, 0x3a, 0x04, 0x00, 0x00, // ........=...:...
	0x3c, 0x04, 0x00, 0x00, 0x51, 0x00, 0x05, 0x00, 0x06, 0x00, 0x00, 0x00, 0x3f, 0x04, 0x00, 0x00, // <...Q.......?...
	0x03, 0x04, 0x00, 0x00, 0x01, 0x00, 0x00, 0x00, 0x81, 0x00, 0x05, 0x00, 0x06, 0x00, 0x00, 0x00, // ................
	0x40, 0x04, 0x00, 0x00, 0x3d, 0x04, 0x00, 0x00, 0x3f, 0x04, 0x00, 0x00, 0x41, 0x00, 0x06, 0x00, // @...=...?...A...
	0xfd, 0x01, 0x00, 0x00, 0x42, 0x04, 0x00, 0x00, 0xcc, 0x01, 0x00, 0x00, 0xd9, 0x01, 0x00, 0x00, // ....B...........
	0x72, 0x00, 0x00, 0x00, 0x3d, 0x00, 0x04, 0x00, 0x06, 0x00, 0x00, 0x00, 0x43, 0x04, 0x00, 0x00, // r...=.......C...
	0x42, 0x04, 0x00, 0x00, 0x41, 0x00, 0x06, 0x00, 0xfd, 0x01, 0x00, 0x00, 0x44, 0x04, 0x00, 0x00, // B...A.......D...
	0xcc, 0x01, 0x00, 0x00, 0xd9, 0x01, 0x00, 0x00, 0x7a, 0x00, 0x00, 0x00, 0x3d, 0x00, 0x04, 0x00, // ........z...=...
	0x06, 0x00, 0x00, 0x00, 0x45, 0x04, 0x00, 0x00, 0x44, 0x04, 0x00, 0x00, 0x85, 0x00, 0x05, 0x00, // ....E...D.......
	0x06, 0x00, 0x00, 0x00, 0x48, 0x04, 0x00, 0x00, 0x45, 0x04, 0x00, 0x00, 0x40, 0x04, 0x00, 0x00, // ....H...E...@...
	0x81, 0x00, 0x05, 0x00, 0x06, 0x00, 0x00, 0x00, 0x49, 0x04, 0x00, 0x00, 0x43, 0x04, 0x00, 0x00, // ........I...C...
	0x48, 0x04, 0x00, 0x00, 0x52, 0x00, 0x06, 0x00, 0x26, 0x00, 0x00, 0x00, 0x92, 0x07, 0x00, 0x00, // H...R...&.......
	0x37, 0x04, 0x00, 0x00, 0x1e, 0x08, 0x00, 0x00, 0x00, 0x00, 0x00, 0x00, 0x41, 0x00, 0x05, 0x00, // 7...........A...
	0x82, 0x07, 0x00, 0x00, 0x50, 0x07, 0x00, 0x00, 0x46, 0x03, 0x00, 0x00, 0x72, 0x00, 0x00, 0x00, // ....P...F...r...
	0x3d, 0x00, 0x04, 0x00, 0x06, 0x00, 0x00, 0x00, 0x52, 0x04, 0x00, 0x00, 0x50, 0x07, 0x00, 0x00, // =.......R...P...
	0x41, 0x00, 0x05, 0x00, 0x82, 0x07, 0x00, 0x00, 0x51, 0x07, 0x00, 0x00, 0x46, 0x03, 0x00, 0x00, // A.......Q...F...
	0x7a, 0x00, 0x00, 0x00, 0x3d, 0x00, 0x04, 0x00, 0x06, 0x00, 0x00, 0x00, 0x54, 0x04, 0x00, 0x00, // z...=.......T...
	0x51, 0x07, 0x00, 0x00, 0x41, 0x00, 0x05, 0x00, 0x82, 0x07, 0x00, 0x00, 0x52, 0x07, 0x00, 0x00, // Q...A.......R...
	0x46, 0x03, 0x00, 0x00, 0xa9, 0x00, 0x00, 0x00, 0x3d, 0x00, 0x04, 0x00, 0x06, 0x00, 0x00, 0x00, // F.......=.......
	0x56, 0x04, 0x00, 0x00, 0x52, 0x07, 0x00, 0x00, 0x50, 0x00, 0x07, 0x00, 0x26, 0x00, 0x00, 0x00, // V...R...P...&...
	0x57, 0x04, 0x00, 0x00, 0x52, 0x04, 0x00, 0x00, 0x54, 0x04, 0x00, 0x00, 0x56, 0x04, 0x00, 0x00, // W...R...T...V...
	0xb7, 0x00, 0x00, 0x00, 0x41, 0x00, 0x05, 0x00, 0x82, 0x07, 0x00, 0x00, 0x53, 0x07, 0x00, 0x00, // ....A.......S...
	0x3f, 0x03, 0x00, 0x00, 0x72, 0x00, 0x00, 0x00, 0x3d, 0x00, 0x04, 0x00, 0x06, 0x00, 0x00, 0x00, // ?...r...=.......
	0x59, 0x04, 0x00, 0x00, 0x53, 0x07, 0x00, 0x00, 0x41, 0x00, 0x05, 0x00, 0x82, 0x07, 0x00, 0x00, // Y...S...A.......
	0x54, 0x07, 0x00, 0x00, 0x3f, 0x03, 0x00, 0x00, 0x7a, 0x00, 0x00, 0x00, 0x3d, 0x00, 0x04, 0x00, // T...?...z...=...
	0x06, 0x00, 0x00, 0x00, 0x5b, 0x04, 0x00, 0x00, 0x54, 0x07, 0x00, 0x00, 0x41, 0x00, 0x05, 0x00, // ....[...T...A...
	0x82, 0x07, 0x00, 0x00, 0x55, 0x07, 0x00, 0x00, 0x3f, 0x03, 0x00, 0x00, 0xa9, 0x00, 0x00, 0x00, // ....U...?.......
	0x3d, 0x00, 0x04, 0x00, 0x06, 0x00, 0x00, 0x00, 0x5d, 0x04, 0x00, 0x00, 0x55, 0x07, 0x00, 0x00, // =.......]...U...
	0x50, 0x00, 0x07, 0x00, 0x26, 0x00, 0x00, 0x00, 0x5e, 0x04, 0x00, 0x00, 0x59, 0x04, 0x00, 0x00, // P...&...^...Y...
	0x5b, 0x04, 0x00, 0x00, 0x5d, 0x04, 0x00, 0x00, 0xb7, 0x00, 0x00, 0x00, 0x41, 0x00, 0x05, 0x00, // [...].......A...
	0x82, 0x07, 0x00, 0x00, 0x56, 0x07, 0x00, 0x00, 0x4c, 0x03, 0x00, 0x00, 0x72, 0x00, 0x00, 0x00, // ....V...L...r...
	0x3d, 0x00, 0x04, 0x00, 0x06, 0x00, 0x00, 0x00, 0x60, 0x04, 0x00, 0x00, 0x56, 0x07, 0x00, 0x00, // =.......`...V...
	0x41, 0x00, 0x05, 0x00, 0x82, 0x07, 0x00, 0x00, 0x57, 0x07, 0x00, 0x00, 0x4c, 0x03, 0x00, 0x00, // A.......W...L...
	0x7a, 0x00, 0x00, 0x00, 0x3d, 0x00, 0x04, 0x00, 0x06, 0x00, 0x00, 0x00, 0x62, 0x04, 0x00, 0x00, // z...=.......b...
	0x57, 0x07, 0x00, 0x00, 0x41, 0x00, 0x05, 0x00, 0x82, 0x07, 0x00, 0x00, 0x58, 0x07, 0x00, 0x00, // W...A.......X...
	0x4c, 0x03, 0x00, 0x00, 0xa9, 0x00, 0x00, 0x00, 0x3d, 0x00, 0x04, 0x00, 0x06, 0x00, 0x00, 0x00, // L.......=.......
	0x64, 0x04, 0x00, 0x00, 0x58, 0x07, 0x00, 0x00, 0x50, 0x00, 0x07, 0x00, 0x26, 0x00, 0x00, 0x00, // d...X...P...&...
	0x65, 0x04, 0x00, 0x00, 0x60, 0x04, 0x00, 0x00, 0x62, 0x04, 0x00, 0x00, 0x64, 0x04, 0x00, 0x00, // e...`...b...d...
	0xb7, 0x00, 0x00, 0x00, 0x90, 0x00, 0x05, 0x00, 0x26, 0x00, 0x00, 0x00, 0x68, 0x04, 0x00, 0x00, // ........&...h...
	0x57, 0x04, 0x00, 0x00, 0x00, 0x04, 0x00, 0x00, 0x90, 0x00, 0x05, 0x00, 0x26, 0x00, 0x00, 0x00, // W...........&...
	0x6b, 0x04, 0x00, 0x00, 0x5e, 0x04, 0x00, 0x00, 0x00, 0x04, 0x00, 0x00, 0x90, 0x00, 0x05, 0x00, // k...^...........
	0x26, 0x00, 0x00, 0x00, 0x6e, 0x04, 0x00, 0x00, 0x65, 0x04, 0x00, 0x00, 0x00, 0x04, 0x00, 0x00, // &...n...e.......
	0x0c, 0x00, 0x06, 0x00, 0x26, 0x00, 0x00, 0x00, 0x70, 0x04, 0x00, 0x00, 0x01, 0x00, 0x00, 0x00, // ....&...p.......
	0x45, 0x00, 0x00, 0x00, 0x68, 0x04, 0x00, 0x00, 0x0c, 0x00, 0x06, 0x00, 0x26, 0x00, 0x00, 0x00, // E...h.......&...
	0x72, 0x04, 0x00, 0x00, 0x01, 0x00, 0x00, 0x00, 0x45, 0x00, 0x00, 0x00, 0x6b, 0x04, 0x00, 0x00, // r.......E...k...
	0x0c, 0x00, 0x06, 0x00, 0x26, 0x00, 0x00, 0x00, 0x74, 0x04, 0x00, 0x00, 0x01, 0x00, 0x00, 0x00, // ....&...t.......
	0x45, 0x00, 0x00, 0x00, 0x6e, 0x04, 0x00, 0x00, 0x4f, 0x00, 0x08, 0x00, 0x32, 0x00, 0x00, 0x00, // E...n...O...2...
	0x76, 0x04, 0x00, 0x00, 0x70, 0x04, 0x00, 0x00, 0x70, 0x04, 0x00, 0x00, 0x00, 0x00, 0x00, 0x00, // v...p...p.......
	0x01, 0x00, 0x00, 0x00, 0x02, 0x00, 0x00, 0x00, 0x4f, 0x00, 0x08, 0x00, 0x32, 0x00, 0x00, 0x00, // ........O...2...
	0x79, 0x04, 0x00, 0x00, 0x72, 0x04, 0x00, 0x00, 0x72, 0x04, 0x00, 0x00, 0x00, 0x00, 0x00, 0x00, // y...r...r.......
	0x01, 0x00, 0x00, 0x00, 0x02, 0x00, 0x00, 0x00, 0x4f, 0x00, 0x08, 0x00, 0x32, 0x00, 0x00, 0x00, // ........O...2...
	0x7c, 0x04, 0x00, 0x00, 0x74, 0x04, 0x00, 0x00, 0x74, 0x04, 0x00, 0x00, 0x00, 0x00, 0x00, 0x00, // |...t...t.......
	0x01, 0x00, 0x00, 0x00, 0x02, 0x00, 0x00, 0x00, 0x4f, 0x00, 0x07, 0x00, 0x0d, 0x00, 0x00, 0x00, // ........O.......
	0x84, 0x04, 0x00, 0x00, 0x92, 0x07, 0x00, 0x00, 0x92, 0x07, 0x00, 0x00, 0x00, 0x00, 0x00, 0x00, // ................
	0x01, 0x00, 0x00, 0x00, 0x41, 0x00, 0x05, 0x00, 0x82, 0x07, 0x00, 0x00, 0xb1, 0x04, 0x00, 0x00, // ....A...........
	0x50, 0x03, 0x00, 0x00, 0x72, 0x00, 0x00, 0x00, 0x3d, 0x00, 0x04, 0x00, 0x06, 0x00, 0x00, 0x00, // P...r...=.......
	0xb2, 0x04, 0x00, 0x00, 0xb1, 0x04, 0x00, 0x00, 0x51, 0x00, 0x05, 0x00, 0x06, 0x00, 0x00, 0x00, // ........Q.......
	0xb4, 0x04, 0x00, 0x00, 0x06, 0x04, 0x00, 0x00, 0x02, 0x00, 0x00, 0x00, 0x85, 0x00, 0x05, 0x00, // ................
	0x06, 0x00, 0x00, 0x00, 0xb5, 0x04, 0x00, 0x00, 0xb2, 0x04, 0x00, 0x00, 0xb4, 0x04, 0x00, 0x00, // ................
	0x51, 0x00, 0x05, 0x00, 0x06, 0x00, 0x00, 0x00, 0xb7, 0x04, 0x00, 0x00, 0x06, 0x04, 0x00, 0x00, // Q...............
	0x00, 0x00, 0x00, 0x00, 0x81, 0x00, 0x05, 0x00, 0x06, 0x00, 0x00, 0x00, 0xb8, 0x04, 0x00, 0x00, // ................
	0xb5, 0x04, 0x00, 0x00, 0xb7, 0x04, 0x00, 0x00, 0x41, 0x00, 0x05, 0x00, 0x82, 0x07, 0x00, 0x00, // ........A.......
	0xba, 0x04, 0x00, 0x00, 0x50, 0x03, 0x00, 0x00, 0x7a, 0x00, 0x00, 0x00, 0x3d, 0x00, 0x04, 0x00, // ....P...z...=...
	0x06, 0x00, 0x00, 0x00, 0xbb, 0x04, 0x00, 0x00, 0xba, 0x04, 0x00, 0x00, 0x51, 0x00, 0x05, 0x00, // ............Q...
	0x06, 0x00, 0x00, 0x00, 0xbd, 0x04, 0x00, 0x00, 0x06, 0x04, 0x00, 0x00, 0x03, 0x00, 0x00, 0x00, // ................
	0x85, 0x00, 0x05, 0x00, 0x06, 0x00, 0x00, 0x00, 0xbe, 0x04, 0x00, 0x00, 0xbb, 0x04, 0x00, 0x00, // ................
	0xbd, 0x04, 0x00, 0x00, 0x51, 0x00, 0x05, 0x00, 0x06, 0x00, 0x00, 0x00, 0xc0, 0x04, 0x00, 0x00, // ....Q...........
	0x06, 0x04, 0x00, 0x00, 0x01, 0x00, 0x00, 0x00, 0x81, 0x00, 0x05, 0x00, 0x06, 0x00, 0x00, 0x00, // ................
	0xc1, 0x04, 0x00, 0x00, 0xbe, 0x04, 0x00, 0x00, 0xc0, 0x04, 0x00, 0x00, 0x51, 0x00, 0x05, 0x00, // ............Q...
	0x06, 0x00, 0x00, 0x00, 0xc6, 0x04, 0x00, 0x00, 0x09, 0x04, 0x00, 0x00, 0x02, 0x00, 0x00, 0x00, // ................
	0x85, 0x00, 0x05, 0x00, 0x06, 0x00, 0x00, 0x00, 0xc7, 0x04, 0x00, 0x00, 0xb2, 0x04, 0x00, 0x00, // ................
	0xc6, 0x04, 0x00, 0x00, 0x51, 0x00, 0x05, 0x00, 0x06, 0x00, 0x00, 0x00, 0xc9, 0x04, 0x00, 0x00, // ....Q...........
	0x09, 0x04, 0x00, 0x00, 0x00, 0x00, 0x00, 0x00, 0x81, 0x00, 0x05, 0x00, 0x06, 0x00, 0x00, 0x00, // ................
	0xca, 0x04, 0x00, 0x00, 0xc7, 0x04, 0x00, 0x00, 0xc9, 0x04, 0x00, 0x00, 0x51, 0x00, 0x05, 0x00, // ............Q...
	0x06, 0x00, 0x00, 0x00, 0xcf, 0x04, 0x00, 0x00, 0x09, 0x04, 0x00, 0x00, 0x03, 0x00, 0x00, 0x00, // ................
	0x85, 0x00, 0x05, 0x00, 0x06, 0x00, 0x00, 0x00, 0xd0, 0x04, 0x00, 0x00, 0xbb, 0x04, 0x00, 0x00, // ................
	0xcf, 0x04, 0x00, 0x00, 0x51, 0x00, 0x05, 0x00, 0x06, 0x00, 0x00, 0x00, 0xd2, 0x04, 0x00, 0x00, // ....Q...........
	0x09, 0x04, 0x00, 0x00, 0x01, 0x00, 0x00, 0x00, 0x81, 0x00, 0x05, 0x00, 0x06, 0x00, 0x00, 0x00, // ................
	0xd3, 0x04, 0x00, 0x00, 0xd0, 0x04, 0x00, 0x00, 0xd2, 0x04, 0x00, 0x00, 0x50, 0x00, 0x07, 0x00, // ............P...
	0x26, 0x00, 0x00, 0x00, 0x18, 0x08, 0x00, 0x00, 0xb8, 0x04, 0x00, 0x00, 0xc1, 0x04, 0x00, 0x00, // &...............
	0xca, 0x04, 0x00, 0x00, 0xd3, 0x04, 0x00, 0x00, 0x51, 0x00, 0x05, 0x00, 0x06, 0x00, 0x00, 0x00, // ........Q.......
	0xd8, 0x04, 0x00, 0x00, 0x0c, 0x04, 0x00, 0x00, 0x02, 0x00, 0x00, 0x00, 0x85, 0x00, 0x05, 0x00, // ................
	0x06, 0x00, 0x00, 0x00, 0xd9, 0x04, 0x00, 0x00, 0xb2, 0x04, 0x00, 0x00, 0xd8, 0x04, 0x00, 0x00, // ................
	0x51, 0x00, 0x05, 0x00, 0x06, 0x00, 0x00, 0x00, 0xdb, 0x04, 0x00, 0x00, 0x0c, 0x04, 0x00, 0x00, // Q...............
	0x00, 0x00, 0x00, 0x00, 0x81, 0x00, 0x05, 0x00, 0x06, 0x00, 0x00, 0x00, 0xdc, 0x04, 0x00, 0x00, // ................
	0xd9, 0x04, 0x00, 0x00, 0xdb, 0x04, 0x00, 0x00, 0x51, 0x00, 0x05, 0x00, 0x06, 0x00, 0x00, 0x00, // ........Q.......
	0xe1, 0x04, 0x00, 0x00, 0x0c, 0x04, 0x00, 0x00, 0x03, 0x00, 0x00, 0x00, 0x85, 0x00, 0x05, 0x00, // ................
	0x06, 0x00, 0x00, 0x00, 0xe2, 0x04, 0x00, 0x00, 0xbb, 0x04, 0x00, 0x00, 0xe1, 0x04, 0x00, 0x00, // ................
	0x51, 0x00, 0x05, 0x00, 0x06, 0x00, 0x00, 0x00, 0xe4, 0x04, 0x00, 0x00, 0x0c, 0x04, 0x00, 0x00, // Q...............
	0x01, 0x00, 0x00, 0x00, 0x81, 0x00, 0x05, 0x00, 0x06, 0x00, 0x00, 0x00, 0xe5, 0x04, 0x00, 0x00, // ................
	0xe2, 0x04, 0x00, 0x00, 0xe4, 0x04, 0x00, 0x00, 0x51, 0x00, 0x05, 0x00, 0x06, 0x00, 0x00, 0x00, // ........Q.......
	0xea, 0x04, 0x00, 0x00, 0x0f, 0x04, 0x00, 0x00, 0x02, 0x00, 0x00, 0x00, 0x85, 0x00, 0x05, 0x00, // ................
	0x06, 0x00, 0x00, 0x00, 0xeb, 0x04, 0x00, 0x00, 0xb2, 0x04, 0x00, 0x00, 0xea, 0x04, 0x00, 0x00, // ................
	0x51, 0x00, 0x05, 0x00, 0x06, 0x00, 0x00, 0x00, 0xed, 0x04, 0x00, 0x00, 0x0f, 0x04, 0x00, 0x00, // Q...............
	0x00, 0x00, 0x00, 0x00, 0x81, 0x00, 0x05, 0x00, 0x06, 0x00, 0x00, 0x00, 0xee, 0x04, 0x00, 0x00, // ................
	0xeb, 0x04, 0x00, 0x00, 0xed, 0x04, 0x00, 0x00, 0x51, 0x00, 0x05, 0x00, 0x06, 0x00, 0x00, 0x00, // ........Q.......
	0xf3, 0x04, 0x00, 0x00, 0x0f, 0x04, 0x00, 0x00, 0x03, 0x00, 0x00, 0x00, 0x85, 0x00, 0x05, 0x00, // ................
	0x06, 0x00, 0x00, 0x00, 0xf4, 0x04, 0x00, 0x00, 0xbb, 0x04, 0x00, 0x00, 0xf3, 0x04, 0x00, 0x00, // ................
	0x51, 0x00, 0x05, 0x00, 0x06, 0x00, 0x00, 0x00, 0xf6, 0x04, 0x00, 0x00, 0x0f, 0x04, 0x00, 0x00, // Q...............
	0x01, 0x00, 0x00, 0x00, 0x81, 0x00, 0x05, 0x00, 0x06, 0x00, 0x00, 0x00, 0xf7, 0x04, 0x00, 0x00, // ................
	0xf4, 0x04, 0x00, 0x00, 0xf6, 0x04, 0x00, 0x00, 0x51, 0x00, 0x05, 0x00, 0x06, 0x00, 0x00, 0x00, // ........Q.......
	0xfc, 0x04, 0x00, 0x00, 0x12, 0x04, 0x00, 0x00, 0x02, 0x00, 0x00, 0x00, 0x85, 0x00, 0x05, 0x00, // ................
	0x06, 0x00, 0x00, 0x00, 0xfd, 0x04, 0x00, 0x00, 0xb2, 0x04, 0x00, 0x00, 0xfc, 0x04, 0x00, 0x00, // ................
	0x51, 0x00, 0x05, 0x00, 0x06, 0x00, 0x00, 0x00, 0xff, 0x04, 0x00, 0x00, 0x12, 0x04, 0x00, 0x00, // Q...............
	0x00, 0x00, 0x00, 0x00, 0x81, 0x00, 0x05, 0x00, 0x06, 0x00, 0x00, 0x00, 0x00, 0x05, 0x00, 0x00, // ................
	0xfd, 0x04, 0x00, 0x00, 0xff, 0x04, 0x00, 0x00, 0x51, 0x00, 0x05, 0x00, 0x06, 0x00, 0x00, 0x00, // ........Q.......
	0x05, 0x05, 0x00, 0x00, 0x12, 0x04, 0x00, 0x00, 0x03, 0x00, 0x00, 0x00, 0x85, 0x00, 0x05, 0x00, // ................
	0x06, 0x00, 0x00, 0x00, 0x06, 0x05, 0x00, 0x00, 0xbb, 0x04, 0x00, 0x00, 0x05, 0x05, 0x00, 0x00, // ................
	0x51, 0x00, 0x05, 0x00, 0x06, 0x00, 0x00, 0x00, 0x08, 0x05, 0x00, 0x00, 0x12, 0x04, 0x00, 0x00, // Q...............
	0x01, 0x00, 0x00, 0x00, 0x81, 0x00, 0x05, 0x00, 0x06, 0x00, 0x00, 0x00, 0x09, 0x05, 0x00, 0x00, // ................
	0x06, 0x05, 0x00, 0x00, 0x08, 0x05, 0x00, 0x00, 0x50, 0x00, 0x07, 0x00, 0x26, 0x00, 0x00, 0x00, // ........P...&...
	0x19, 0x08, 0x00, 0x00, 0xee, 0x04, 0x00, 0x00, 0xf7, 0x04, 0x00, 0x00, 0x00, 0x05, 0x00, 0x00, // ................
	0x09, 0x05, 0x00, 0x00, 0x41, 0x00, 0x05, 0x00, 0xcd, 0x01, 0x00, 0x00, 0x0e, 0x05, 0x00, 0x00, // ....A...........
	0xcc, 0x01, 0x00, 0x00, 0x7d, 0x01, 0x00, 0x00, 0x3d, 0x00, 0x04, 0x00, 0x26, 0x00, 0x00, 0x00, // ....}...=...&...
	0x0f, 0x05, 0x00, 0x00, 0x0e, 0x05, 0x00, 0x00, 0x41, 0x00, 0x05, 0x00, 0xcd, 0x01, 0x00, 0x00, // ........A.......
	0x10, 0x05, 0x00, 0x00, 0xcc, 0x01, 0x00, 0x00, 0xd1, 0x01, 0x00, 0x00, 0x3d, 0x00, 0x04, 0x00, // ............=...
	0x26, 0x00, 0x00, 0x00, 0x11, 0x05, 0x00, 0x00, 0x10, 0x05, 0x00, 0x00, 0x41, 0x00, 0x05, 0x00, // &...........A...
	0xcd, 0x01, 0x00, 0x00, 0x14, 0x05, 0x00, 0x00, 0xcc, 0x01, 0x00, 0x00, 0xd9, 0x01, 0x00, 0x00, // ................
	0x3d, 0x00, 0x04, 0x00, 0x26, 0x00, 0x00, 0x00, 0x15, 0x05, 0x00, 0x00, 0x14, 0x05, 0x00, 0x00, // =...&...........
	0x51, 0x00, 0x05, 0x00, 0x06, 0x00, 0x00, 0x00, 0x91, 0x05, 0x00, 0x00, 0x0f, 0x05, 0x00, 0x00, // Q...............
	0x00, 0x00, 0x00, 0x00, 0x51, 0x00, 0x05, 0x00, 0x06, 0x00, 0x00, 0x00, 0x93, 0x05, 0x00, 0x00, // ....Q...........
	0x0f, 0x05, 0x00, 0x00, 0x01, 0x00, 0x00, 0x00, 0x51, 0x00, 0x05, 0x00, 0x06, 0x00, 0x00, 0x00, // ........Q.......
	0x95, 0x05, 0x00, 0x00, 0x0f, 0x05, 0x00, 0x00, 0x02, 0x00, 0x00, 0x00, 0x51, 0x00, 0x05, 0x00, // ............Q...
	0x06, 0x00, 0x00, 0x00, 0x97, 0x05, 0x00, 0x00, 0x0f, 0x05, 0x00, 0x00, 0x03, 0x00, 0x00, 0x00, // ................
	0x4f, 0x00, 0x07, 0x00, 0x0d, 0x00, 0x00, 0x00, 0x99, 0x05, 0x00, 0x00, 0x11, 0x05, 0x00, 0x00, // O...............
	0x11, 0x05, 0x00, 0x00, 0x00, 0x00, 0x00, 0x00, 0x01, 0x00, 0x00, 0x00, 0x4f, 0x00, 0x07, 0x00, // ............O...
	0x0d, 0x00, 0x00, 0x00, 0x9b, 0x05, 0x00, 0x00, 0x11, 0x05, 0x00, 0x00, 0x11, 0x05, 0x00, 0x00, // ................
	0x02, 0x00, 0x00, 0x00, 0x03, 0x00, 0x00, 0x00, 0xba, 0x00, 0x05, 0x00, 0xb8, 0x00, 0x00, 0x00, // ................
	0x9d, 0x05, 0x00, 0x00, 0x91, 0x05, 0x00, 0x00, 0xb7, 0x00, 0x00, 0x00, 0xf7, 0x00, 0x03, 0x00, // ................
	0x11, 0x06, 0x00, 0x00, 0x00, 0x00, 0x00, 0x00, 0xfa, 0x00, 0x04, 0x00, 0x9d, 0x05, 0x00, 0x00, // ................
	0x9e, 0x05, 0x00, 0x00, 0x11, 0x06, 0x00, 0x00, 0xf8, 0x00, 0x02, 0x00, 0x9e, 0x05, 0x00, 0x00, // ................
	0x0c, 0x00, 0x06, 0x00, 0x06, 0x00, 0x00, 0x00, 0xa0, 0x05, 0x00, 0x00, 0x01, 0x00, 0x00, 0x00, // ................
	0x0a, 0x00, 0x00, 0x00, 0x1b, 0x04, 0x00, 0x00, 0x0c, 0x00, 0x06, 0x00, 0x06, 0x00, 0x00, 0x00, // ................
	0xa2, 0x05, 0x00, 0x00, 0x01, 0x00, 0x00, 0x00, 0x08, 0x00, 0x00, 0x00, 0x1b, 0x04, 0x00, 0x00, // ................
	0x81, 0x00, 0x05, 0x00, 0x06, 0x00, 0x00, 0x00, 0xa5, 0x05, 0x00, 0x00, 0xa2, 0x05, 0x00, 0x00, // ................
	0xc2, 0x00, 0x00, 0x00, 0x85, 0x00, 0x05, 0x00, 0x06, 0x00, 0x00, 0x00, 0xa8, 0x05, 0x00, 0x00, // ................
	0x95, 0x05, 0x00, 0x00, 0x97, 0x05, 0x00, 0x00, 0xb4, 0x00, 0x05, 0x00, 0xb8, 0x00, 0x00, 0x00, // ................
	0xaa, 0x05, 0x00, 0x00, 0x93, 0x05, 0x00, 0x00, 0xb7, 0x00, 0x00, 0x00, 0xf7, 0x00, 0x03, 0x00, // ................
	0xe7, 0x05, 0x00, 0x00, 0x00, 0x00, 0x00, 0x00, 0xfa, 0x00, 0x04, 0x00, 0xaa, 0x05, 0x00, 0x00, // ................
	0xab, 0x05, 0x00, 0x00, 0xb5, 0x05, 0x00, 0x00, 0xf8, 0x00, 0x02, 0x00, 0xab, 0x05, 0x00, 0x00, // ................
	0xbe, 0x00, 0x05, 0x00, 0xb8, 0x00, 0x00, 0x00, 0xae, 0x05, 0x00, 0x00, 0xa5, 0x05, 0x00, 0x00, // ................
	0xa8, 0x05, 0x00, 0x00, 0xf7, 0x00, 0x03, 0x00, 0xb4, 0x05, 0x00, 0x00, 0x00, 0x00, 0x00, 0x00, // ................
	0xfa, 0x00, 0x04, 0x00, 0xae, 0x05, 0x00, 0x00, 0xaf, 0x05, 0x00, 0x00, 0xb4, 0x05, 0x00, 0x00, // ................
	0xf8, 0x00, 0x02, 0x00, 0xaf, 0x05, 0x00, 0x00, 0x83, 0x00, 0x05, 0x00, 0x06, 0x00, 0x00, 0x00, // ................
	0xb1, 0x05, 0x00, 0x00, 0xa8, 0x05, 0x00, 0x00, 0xc2, 0x00, 0x00, 0x00, 0xf9, 0x00, 0x02, 0x00, // ................
	0xb4, 0x05, 0x00, 0x00, 0xf8, 0x00, 0x02, 0x00, 0xb4, 0x05, 0x00, 0x00, 0xf5, 0x00, 0x07, 0x00, // ................
	0x06, 0x00, 0x00, 0x00, 0x75, 0x07, 0x00, 0x00, 0xa5, 0x05, 0x00, 0x00, 0xab, 0x05, 0x00, 0x00, // ....u...........
	0xb1, 0x05, 0x00, 0x00, 0xaf, 0x05, 0x00, 0x00, 0xf5, 0x00, 0x07, 0x00, 0x06, 0x00, 0x00, 0x00, // ................
	0x6f, 0x07, 0x00, 0x00, 0xa2, 0x05, 0x00, 0x00, 0xab, 0x05, 0x00, 0x00, 0xb1, 0x05, 0x00, 0x00, // o...............
	0xaf, 0x05, 0x00, 0x00, 0xf9, 0x00, 0x02, 0x00, 0xe7, 0x05, 0x00, 0x00, 0xf8, 0x00, 0x02, 0x00, // ................
	0xb5, 0x05, 0x00, 0x00, 0xb4, 0x00, 0x05, 0x00, 0xb8, 0x00, 0x00, 0x00, 0xb7, 0x05, 0x00, 0x00, // ................
	0x93, 0x05, 0x00, 0x00, 0xc2, 0x00, 0x00, 0x00, 0xf7, 0x00, 0x03, 0x00, 0xe6, 0x05, 0x00, 0x00, // ................
	0x00, 0x00, 0x00, 0x00, 0xfa, 0x00, 0x04, 0x00, 0xb7, 0x05, 0x00, 0x00, 0xb8, 0x05, 0x00, 0x00, // ................
	0xbf, 0x05, 0x00, 0x00, 0xf8, 0x00, 0x02, 0x00, 0xb8, 0x05, 0x00, 0x00, 0x88, 0x00, 0x05, 0x00, // ................
	0x06, 0x00, 0x00, 0x00, 0x18, 0x06, 0x00, 0x00, 0xa2, 0x05, 0x00, 0x00, 0xa8, 0x05, 0x00, 0x00, // ................
	0x0c, 0x00, 0x06, 0x00, 0x06, 0x00, 0x00, 0x00, 0x19, 0x06, 0x00, 0x00, 0x01, 0x00, 0x00, 0x00, // ................
	0x08, 0x00, 0x00, 0x00, 0x18, 0x06, 0x00, 0x00, 0x85, 0x00, 0x05, 0x00, 0x06, 0x00, 0x00, 0x00, // ................
	0x1a, 0x06, 0x00, 0x00, 0xa8, 0x05, 0x00, 0x00, 0x19, 0x06, 0x00, 0x00, 0x83, 0x00, 0x05, 0x00, // ................
	0x06, 0x00, 0x00, 0x00, 0x1b, 0x06, 0x00, 0x00, 0xa2, 0x05, 0x00, 0x00, 0x1a, 0x06, 0x00, 0x00, // ................
	0x88, 0x00, 0x05, 0x00, 0x06, 0x00, 0x00, 0x00, 0x22, 0x06, 0x00, 0x00, 0xa5, 0x05, 0x00, 0x00, // ........".......
	0xa8, 0x05, 0x00, 0x00, 0x0c, 0x00, 0x06, 0x00, 0x06, 0x00, 0x00, 0x00, 0x23, 0x06, 0x00, 0x00, // ............#...
	0x01, 0x00, 0x00, 0x00, 0x08, 0x00, 0x00, 0x00, 0x22, 0x06, 0x00, 0x00, 0x85, 0x00, 0x05, 0x00, // ........".......
	0x06, 0x00, 0x00, 0x00, 0x24, 0x06, 0x00, 0x00, 0xa8, 0x05, 0x00, 0x00, 0x23, 0x06, 0x00, 0x00, // ....$.......#...
	0x83, 0x00, 0x05, 0x00, 0x06, 0x00, 0x00, 0x00, 0x25, 0x06, 0x00, 0x00, 0xa5, 0x05, 0x00, 0x00, // ........%.......
	0x24, 0x06, 0x00, 0x00, 0xf9, 0x00, 0x02, 0x00, 0xe6, 0x05, 0x00, 0x00, 0xf8, 0x00, 0x02, 0x00, // $...............
	0xbf, 0x05, 0x00, 0x00, 0xb4, 0x00, 0x05, 0x00, 0xb8, 0x00, 0x00, 0x00, 0xc1, 0x05, 0x00, 0x00, // ................
	0x93, 0x05, 0x00, 0x00, 0xe9, 0x00, 0x00, 0x00, 0xf7, 0x00, 0x03, 0x00, 0xe5, 0x05, 0x00, 0x00, // ................
	0x00, 0x00, 0x00, 0x00, 0xfa, 0x00, 0x04, 0x00, 0xc1, 0x05, 0x00, 0x00, 0xc2, 0x05, 0x00, 0x00, // ................
	0xe5, 0x05, 0x00, 0x00, 0xf8, 0x00, 0x02, 0x00, 0xc2, 0x05, 0x00, 0x00, 0x88, 0x00, 0x05, 0x00, // ................
	0x06, 0x00, 0x00, 0x00, 0xc5, 0x05, 0x00, 0x00, 0xa2, 0x05, 0x00, 0x00, 0xa8, 0x05, 0x00, 0x00, // ................
	0x0c, 0x00, 0x06, 0x00, 0x06, 0x00, 0x00, 0x00, 0xc6, 0x05, 0x00, 0x00, 0x01, 0x00, 0x00, 0x00, // ................
	0x08, 0x00, 0x00, 0x00, 0xc5, 0x05, 0x00, 0x00, 0x85, 0x00, 0x05, 0x00, 0x06, 0x00, 0x00, 0x00, // ................
	0x2c, 0x06, 0x00, 0x00, 0xc6, 0x05, 0x00, 0x00, 0x81, 0x07, 0x00, 0x00, 0x0c, 0x00, 0x06, 0x00, // ,...............
	0x06, 0x00, 0x00, 0x00, 0x2d, 0x06, 0x00, 0x00, 0x01, 0x00, 0x00, 0x00, 0x08, 0x00, 0x00, 0x00, // ....-...........
	0x2c, 0x06, 0x00, 0x00, 0x85, 0x00, 0x05, 0x00, 0x06, 0x00, 0x00, 0x00, 0x2e, 0x06, 0x00, 0x00, // ,...............
	0xe9, 0x00, 0x00, 0x00, 0x2d, 0x06, 0x00, 0x00, 0x83, 0x00, 0x05, 0x00, 0x06, 0x00, 0x00, 0x00, // ....-...........
	0x2f, 0x06, 0x00, 0x00, 0xc6, 0x05, 0x00, 0x00, 0x2e, 0x06, 0x00, 0x00, 0xb4, 0x00, 0x05, 0x00, // /...............
	0xb8, 0x00, 0x00, 0x00, 0xc8, 0x05, 0x00, 0x00, 0x2f, 0x06, 0x00, 0x00, 0xc2, 0x00, 0x00, 0x00, // ......../.......
	0x85, 0x00, 0x05, 0x00, 0x06, 0x00, 0x00, 0x00, 0x38, 0x06, 0x00, 0x00, 0xa8, 0x05, 0x00, 0x00, // ........8.......
	0xc6, 0x05, 0x00, 0x00, 0x83, 0x00, 0x05, 0x00, 0x06, 0x00, 0x00, 0x00, 0x39, 0x06, 0x00, 0x00, // ............9...
	0xa2, 0x05, 0x00, 0x00, 0x38, 0x06, 0x00, 0x00, 0xf7, 0x00, 0x03, 0x00, 0xd3, 0x05, 0x00, 0x00, // ....8...........
	0x00, 0x00, 0x00, 0x00, 0xfa, 0x00, 0x04, 0x00, 0xc8, 0x05, 0x00, 0x00, 0xcd, 0x05, 0x00, 0x00, // ................
	0xd3, 0x05, 0x00, 0x00, 0xf8, 0x00, 0x02, 0x00, 0xcd, 0x05, 0x00, 0x00, 0x83, 0x00, 0x05, 0x00, // ................
	0x06, 0x00, 0x00, 0x00, 0xcf, 0x05, 0x00, 0x00, 0xa8, 0x05, 0x00, 0x00, 0xc2, 0x00, 0x00, 0x00, // ................
	0x0c, 0x00, 0x06, 0x00, 0x06, 0x00, 0x00, 0x00, 0xd1, 0x05, 0x00, 0x00, 0x01, 0x00, 0x00, 0x00, // ................
	0x08, 0x00, 0x00, 0x00, 0x39, 0x06, 0x00, 0x00, 0x83, 0x00, 0x05, 0x00, 0x06, 0x00, 0x00, 0x00, // ....9...........
	0xd2, 0x05, 0x00, 0x00, 0xcf, 0x05, 0x00, 0x00, 0xd1, 0x05, 0x00, 0x00, 0xf9, 0x00, 0x02, 0x00, // ................
	0xd3, 0x05, 0x00, 0x00, 0xf8, 0x00, 0x02, 0x00, 0xd3, 0x05, 0x00, 0x00, 0xf5, 0x00, 0x07, 0x00, // ................
	0x06, 0x00, 0x00, 0x00, 0x73, 0x07, 0x00, 0x00, 0x39, 0x06, 0x00, 0x00, 0xc2, 0x05, 0x00, 0x00, // ....s...9.......
	0xd2, 0x05, 0x00, 0x00, 0xcd, 0x05, 0x00, 0x00, 0x88, 0x00, 0x05, 0x00, 0x06, 0x00, 0x00, 0x00, // ................
	0xd6, 0x05, 0x00, 0x00, 0xa5, 0x05, 0x00, 0x00, 0xa8, 0x05, 0x00, 0x00, 0x0c, 0x00, 0x06, 0x00, // ................
	0x06, 0x00, 0x00, 0x00, 0xd7, 0x05, 0x00, 0x00, 0x01, 0x00, 0x00, 0x00, 0x08, 0x00, 0x00, 0x00, // ................
	0xd6, 0x05, 0x00, 0x00, 0x85, 0x00, 0x05, 0x00, 0x06, 0x00, 0x00, 0x00, 0x40, 0x06, 0x00, 0x00, // ............@...
	0xd7, 0x05, 0x00, 0x00, 0x81, 0x07, 0x00, 0x00, 0x0c, 0x00, 0x06, 0x00, 0x06, 0x00, 0x00, 0x00, // ................
	0x41, 0x06, 0x00, 0x00, 0x01, 0x00, 0x00, 0x00, 0x08, 0x00, 0x00, 0x00, 0x40, 0x06, 0x00, 0x00, // A...........@...
	0x85, 0x00, 0x05, 0x00, 0x06, 0x00, 0x00, 0x00, 0x42, 0x06, 0x00, 0x00, 0xe9, 0x00, 0x00, 0x00, // ........B.......
	0x41, 0x06, 0x00, 0x00, 0x83, 0x00, 0x05, 0x00, 0x06, 0x00, 0x00, 0x00, 0x43, 0x06, 0x00, 0x00, // A...........C...
	0xd7, 0x05, 0x00, 0x00, 0x42, 0x06, 0x00, 0x00, 0xb4, 0x00, 0x05, 0x00, 0xb8, 0x00, 0x00, 0x00, // ....B...........
	0xd9, 0x05, 0x00, 0x00, 0x43, 0x06, 0x00, 0x00, 0xc2, 0x00, 0x00, 0x00, 0x85, 0x00, 0x05, 0x00, // ....C...........
	0x06, 0x00, 0x00, 0x00, 0x4c, 0x06, 0x00, 0x00, 0xa8, 0x05, 0x00, 0x00, 0xd7, 0x05, 0x00, 0x00, // ....L...........
	0x83, 0x00, 0x05, 0x00, 0x06, 0x00, 0x00, 0x00, 0x4d, 0x06, 0x00, 0x00, 0xa5, 0x05, 0x00, 0x00, // ........M.......
	0x4c, 0x06, 0x00, 0x00, 0xf7, 0x00, 0x03, 0x00, 0xe4, 0x05, 0x00, 0x00, 0x00, 0x00, 0x00, 0x00, // L...............
	0xfa, 0x00, 0x04, 0x00, 0xd9, 0x05, 0x00, 0x00, 0xde, 0x05, 0x00, 0x00, 0xe4, 0x05, 0x00, 0x00, // ................
	0xf8, 0x00, 0x02, 0x00, 0xde, 0x05, 0x00, 0x00, 0x83, 0x00, 0x05, 0x00, 0x06, 0x00, 0x00, 0x00, // ................
	0xe0, 0x05, 0x00, 0x00, 0xa8, 0x05, 0x00, 0x00, 0xc2, 0x00, 0x00, 0x00, 0x0c, 0x00, 0x06, 0x00, // ................
	0x06, 0x00, 0x00, 0x00, 0xe2, 0x05, 0x00, 0x00, 0x01, 0x00, 0x00, 0x00, 0x08, 0x00, 0x00, 0x00, // ................
	0x4d, 0x06, 0x00, 0x00, 0x83, 0x00, 0x05, 0x00, 0x06, 0x00, 0x00, 0x00, 0xe3, 0x05, 0x00, 0x00, // M...............
	0xe0, 0x05, 0x00, 0x00, 0xe2, 0x05, 0x00, 0x00, 0xf9, 0x00, 0x02, 0x00, 0xe4, 0x05, 0x00, 0x00, // ................
	0xf8, 0x00, 0x02, 0x00, 0xe4, 0x05, 0x00, 0x00, 0xf5, 0x00, 0x07, 0x00, 0x06, 0x00, 0x00, 0x00, // ................
	0x78, 0x07, 0x00, 0x00, 0x4d, 0x06, 0x00, 0x00, 0xd3, 0x05, 0x00, 0x00, 0xe3, 0x05, 0x00, 0x00, // x...M...........
	0xde, 0x05, 0x00, 0x00, 0xf9, 0x00, 0x02, 0x00, 0xe5, 0x05, 0x00, 0x00, 0xf8, 0x00, 0x02, 0x00, // ................
	0xe5, 0x05, 0x00, 0x00, 0xf5, 0x00, 0x07, 0x00, 0x06, 0x00, 0x00, 0x00, 0x77, 0x07, 0x00, 0x00, // ............w...
	0xa5, 0x05, 0x00, 0x00, 0xbf, 0x05, 0x00, 0x00, 0x78, 0x07, 0x00, 0x00, 0xe4, 0x05, 0x00, 0x00, // ........x.......
	0xf5, 0x00, 0x07, 0x00, 0x06, 0x00, 0x00, 0x00, 0x71, 0x07, 0x00, 0x00, 0xa2, 0x05, 0x00, 0x00, // ........q.......
	0xbf, 0x05, 0x00, 0x00, 0x73, 0x07, 0x00, 0x00, 0xe4, 0x05, 0x00, 0x00, 0xf9, 0x00, 0x02, 0x00, // ....s...........
	0xe6, 0x05, 0x00, 0x00, 0xf8, 0x00, 0x02, 0x00, 0xe6, 0x05, 0x00, 0x00, 0xf5, 0x00, 0x07, 0x00, // ................
	0x06, 0x00, 0x00, 0x00, 0x76, 0x07, 0x00, 0x00, 0x25, 0x06, 0x00, 0x00, 0xb8, 0x05, 0x00, 0x00, // ....v...%.......
	0x77, 0x07, 0x00, 0x00, 0xe5, 0x05, 0x00, 0x00, 0xf5, 0x00, 0x07, 0x00, 0x06, 0x00, 0x00, 0x00, // w...............
	0x70, 0x07, 0x00, 0x00, 0x1b, 0x06, 0x00, 0x00, 0xb8, 0x05, 0x00, 0x00, 0x71, 0x07, 0x00, 0x00, // p...........q...
	0xe5, 0x05, 0x00, 0x00, 0xf9, 0x00, 0x02, 0x00, 0xe7, 0x05, 0x00, 0x00, 0xf8, 0x00, 0x02, 0x00, // ................
	0xe7, 0x05, 0x00, 0x00, 0xf5, 0x00, 0x07, 0x00, 0x06, 0x00, 0x00, 0x00, 0x74, 0x07, 0x00, 0x00, // ............t...
	0x75, 0x07, 0x00, 0x00, 0xb4, 0x05, 0x00, 0x00, 0x76, 0x07, 0x00, 0x00, 0xe6, 0x05, 0x00, 0x00, // u.......v.......
	0xf5, 0x00, 0x07, 0x00, 0x06, 0x00, 0x00, 0x00, 0x6e, 0x07, 0x00, 0x00, 0x6f, 0x07, 0x00, 0x00, // ........n...o...
	0xb4, 0x05, 0x00, 0x00, 0x70, 0x07, 0x00, 0x00, 0xe6, 0x05, 0x00, 0x00, 0x51, 0x00, 0x05, 0x00, // ....p.......Q...
	0x06, 0x00, 0x00, 0x00, 0xea, 0x05, 0x00, 0x00, 0x15, 0x05, 0x00, 0x00, 0x00, 0x00, 0x00, 0x00, // ................
	0x51, 0x00, 0x05, 0x00, 0x06, 0x00, 0x00, 0x00, 0xec, 0x05, 0x00, 0x00, 0x15, 0x05, 0x00, 0x00, // Q...............
	0x01, 0x00, 0x00, 0x00, 0x85, 0x00, 0x05, 0x00, 0x06, 0x00, 0x00, 0x00, 0xef, 0x05, 0x00, 0x00, // ................
	0xec, 0x05, 0x00, 0x00, 0x49, 0x04, 0x00, 0x00, 0x81, 0x00, 0x05, 0x00, 0x06, 0x00, 0x00, 0x00, // ....I...........
	0xf0, 0x05, 0x00, 0x00, 0xea, 0x05, 0x00, 0x00, 0xef, 0x05, 0x00, 0x00, 0x52, 0x00, 0x06, 0x00, // ............R...
	0x0d, 0x00, 0x00, 0x00, 0xc6, 0x07, 0x00, 0x00, 0xf0, 0x05, 0x00, 0x00, 0x84, 0x04, 0x00, 0x00, // ................
	0x01, 0x00, 0x00, 0x00, 0x6e, 0x00, 0x04, 0x00, 0x69, 0x00, 0x00, 0x00, 0x55, 0x06, 0x00, 0x00, // ....n...i...U...
	0x6e, 0x07, 0x00, 0x00, 0x6f, 0x00, 0x04, 0x00, 0x06, 0x00, 0x00, 0x00, 0x56, 0x06, 0x00, 0x00, // n...o.......V...
	0x55, 0x06, 0x00, 0x00, 0x6e, 0x00, 0x04, 0x00, 0x69, 0x00, 0x00, 0x00, 0x58, 0x06, 0x00, 0x00, // U...n...i...X...
	0x95, 0x05, 0x00, 0x00, 0x6f, 0x00, 0x04, 0x00, 0x06, 0x00, 0x00, 0x00, 0x59, 0x06, 0x00, 0x00, // ....o.......Y...
	0x58, 0x06, 0x00, 0x00, 0x88, 0x00, 0x05, 0x00, 0x06, 0x00, 0x00, 0x00, 0x71, 0x06, 0x00, 0x00, // X...........q...
	0x56, 0x06, 0x00, 0x00, 0x59, 0x06, 0x00, 0x00, 0x0c, 0x00, 0x06, 0x00, 0x06, 0x00, 0x00, 0x00, // V...Y...........
	0x72, 0x06, 0x00, 0x00, 0x01, 0x00, 0x00, 0x00, 0x08, 0x00, 0x00, 0x00, 0x71, 0x06, 0x00, 0x00, // r...........q...
	0x85, 0x00, 0x05, 0x00, 0x06, 0x00, 0x00, 0x00, 0x73, 0x06, 0x00, 0x00, 0x59, 0x06, 0x00, 0x00, // ........s...Y...
	0x72, 0x06, 0x00, 0x00, 0x83, 0x00, 0x05, 0x00, 0x06, 0x00, 0x00, 0x00, 0x74, 0x06, 0x00, 0x00, // r...........t...
	0x56, 0x06, 0x00, 0x00, 0x73, 0x06, 0x00, 0x00, 0x87, 0x00, 0x05, 0x00, 0x69, 0x00, 0x00, 0x00, // V...s.......i...
	0x60, 0x06, 0x00, 0x00, 0x55, 0x06, 0x00, 0x00, 0x58, 0x06, 0x00, 0x00, 0x6f, 0x00, 0x04, 0x00, // `...U...X...o...
	0x06, 0x00, 0x00, 0x00, 0x61, 0x06, 0x00, 0x00, 0x60, 0x06, 0x00, 0x00, 0x50, 0x00, 0x05, 0x00, // ....a...`...P...
	0x0d, 0x00, 0x00, 0x00, 0x1a, 0x08, 0x00, 0x00, 0x74, 0x06, 0x00, 0x00, 0x61, 0x06, 0x00, 0x00, // ........t...a...
	0x85, 0x00, 0x05, 0x00, 0x0d, 0x00, 0x00, 0x00, 0x65, 0x06, 0x00, 0x00, 0x1a, 0x08, 0x00, 0x00, // ........e.......
	0x99, 0x05, 0x00, 0x00, 0x81, 0x00, 0x05, 0x00, 0x0d, 0x00, 0x00, 0x00, 0x67, 0x06, 0x00, 0x00, // ............g...
	0x65, 0x06, 0x00, 0x00, 0x9b, 0x05, 0x00, 0x00, 0x83, 0x00, 0x05, 0x00, 0x0d, 0x00, 0x00, 0x00, // e...............
	0x6a, 0x06, 0x00, 0x00, 0xc6, 0x07, 0x00, 0x00, 0x67, 0x06, 0x00, 0x00, 0x6e, 0x00, 0x04, 0x00, // j.......g...n...
	0x69, 0x00, 0x00, 0x00, 0x7b, 0x06, 0x00, 0x00, 0x74, 0x07, 0x00, 0x00, 0x6f, 0x00, 0x04, 0x00, // i...{...t...o...
	0x06, 0x00, 0x00, 0x00, 0x7c, 0x06, 0x00, 0x00, 0x7b, 0x06, 0x00, 0x00, 0x88, 0x00, 0x05, 0x00, // ....|...{.......
	0x06, 0x00, 0x00, 0x00, 0x96, 0x06, 0x00, 0x00, 0x7c, 0x06, 0x00, 0x00, 0x59, 0x06, 0x00, 0x00, // ........|...Y...
	0x0c, 0x00, 0x06, 0x00, 0x06, 0x00, 0x00, 0x00, 0x97, 0x06, 0x00, 0x00, 0x01, 0x00, 0x00, 0x00, // ................
	0x08, 0x00, 0x00, 0x00, 0x96, 0x06, 0x00, 0x00, 0x85, 0x00, 0x05, 0x00, 0x06, 0x00, 0x00, 0x00, // ................
	0x98, 0x06, 0x00, 0x00, 0x59, 0x06, 0x00, 0x00, 0x97, 0x06, 0x00, 0x00, 0x83, 0x00, 0x05, 0x00, // ....Y...........
	0x06, 0x00, 0x00, 0x00, 0x99, 0x06, 0x00, 0x00, 0x7c, 0x06, 0x00, 0x00, 0x98, 0x06, 0x00, 0x00, // ........|.......
	0x87, 0x00, 0x05, 0x00, 0x69, 0x00, 0x00, 0x00, 0x86, 0x06, 0x00, 0x00, 0x7b, 0x06, 0x00, 0x00, // ....i.......{...
	0x58, 0x06, 0x00, 0x00, 0x6f, 0x00, 0x04, 0x00, 0x06, 0x00, 0x00, 0x00, 0x87, 0x06, 0x00, 0x00, // X...o...........
	0x86, 0x06, 0x00, 0x00, 0x50, 0x00, 0x05, 0x00, 0x0d, 0x00, 0x00, 0x00, 0x1b, 0x08, 0x00, 0x00, // ....P...........
	0x99, 0x06, 0x00, 0x00, 0x87, 0x06, 0x00, 0x00, 0x85, 0x00, 0x05, 0x00, 0x0d, 0x00, 0x00, 0x00, // ................
	0x8c, 0x06, 0x00, 0x00, 0x1b, 0x08, 0x00, 0x00, 0x99, 0x05, 0x00, 0x00, 0x81, 0x00, 0x05, 0x00, // ................
	0x0d, 0x00, 0x00, 0x00, 0x8d, 0x06, 0x00, 0x00, 0x6a, 0x06, 0x00, 0x00, 0x8c, 0x06, 0x00, 0x00, // ........j.......
	0x81, 0x00, 0x05, 0x00, 0x0d, 0x00, 0x00, 0x00, 0x8f, 0x06, 0x00, 0x00, 0x8d, 0x06, 0x00, 0x00, // ................
	0x9b, 0x05, 0x00, 0x00, 0x51, 0x00, 0x05, 0x00, 0x06, 0x00, 0x00, 0x00, 0x0d, 0x06, 0x00, 0x00, // ....Q...........
	0x8f, 0x06, 0x00, 0x00, 0x01, 0x00, 0x00, 0x00, 0x85, 0x00, 0x05, 0x00, 0x06, 0x00, 0x00, 0x00, // ................
	0x0e, 0x06, 0x00, 0x00, 0xec, 0x05, 0x00, 0x00, 0x0d, 0x06, 0x00, 0x00, 0x81, 0x00, 0x05, 0x00, // ................
	0x06, 0x00, 0x00, 0x00, 0x0f, 0x06, 0x00, 0x00, 0xea, 0x05, 0x00, 0x00, 0x0e, 0x06, 0x00, 0x00, // ................
	0x52, 0x00, 0x06, 0x00, 0x0d, 0x00, 0x00, 0x00, 0xd3, 0x07, 0x00, 0x00, 0x0f, 0x06, 0x00, 0x00, // R...............
	0x8f, 0x06, 0x00, 0x00, 0x01, 0x00, 0x00, 0x00, 0xf9, 0x00, 0x02, 0x00, 0x11, 0x06, 0x00, 0x00, // ................
	0xf8, 0x00, 0x02, 0x00, 0x11, 0x06, 0x00, 0x00, 0xf5, 0x00, 0x07, 0x00, 0x0d, 0x00, 0x00, 0x00, // ................
	0xfa, 0x07, 0x00, 0x00, 0x80, 0x07, 0x00, 0x00, 0x05, 0x00, 0x00, 0x00, 0xd3, 0x07, 0x00, 0x00, // ................
	0xe7, 0x05, 0x00, 0x00, 0xf5, 0x00, 0x07, 0x00, 0x06, 0x00, 0x00, 0x00, 0x79, 0x07, 0x00, 0x00, // ............y...
	0xb7, 0x00, 0x00, 0x00, 0x05, 0x00, 0x00, 0x00, 0xa0, 0x05, 0x00, 0x00, 0xe7, 0x05, 0x00, 0x00, // ................
	0x51, 0x00, 0x05, 0x00, 0x06, 0x00, 0x00, 0x00, 0x25, 0x05, 0x00, 0x00, 0xfa, 0x07, 0x00, 0x00, // Q.......%.......
	0x00, 0x00, 0x00, 0x00, 0x51, 0x00, 0x05, 0x00, 0x06, 0x00, 0x00, 0x00, 0x28, 0x05, 0x00, 0x00, // ....Q.......(...
	0xfa, 0x07, 0x00, 0x00, 0x01, 0x00, 0x00, 0x00, 0x50, 0x00, 0x07, 0x00, 0x26, 0x00, 0x00, 0x00, // ........P...&...
	0x1c, 0x08, 0x00, 0x00, 0xdc, 0x04, 0x00, 0x00, 0xe5, 0x04, 0x00, 0x00, 0x25, 0x05, 0x00, 0x00, // ............%...
	0x28, 0x05, 0x00, 0x00, 0x50, 0x00, 0x07, 0x00, 0x26, 0x00, 0x00, 0x00, 0x1d, 0x08, 0x00, 0x00, // (...P...&.......
	0x37, 0x04, 0x00, 0x00, 0x49, 0x04, 0x00, 0x00, 0x79, 0x07, 0x00, 0x00, 0x1e, 0x04, 0x00, 0x00, // 7...I...y.......
	0x85, 0x00, 0x05, 0x00, 0x06, 0x00, 0x00, 0x00, 0x34, 0x05, 0x00, 0x00, 0x45, 0x04, 0x00, 0x00, // ........4...E...
	0xc1, 0x04, 0x00, 0x00, 0x81, 0x00, 0x05, 0x00, 0x06, 0x00, 0x00, 0x00, 0x35, 0x05, 0x00, 0x00, // ............5...
	0x43, 0x04, 0x00, 0x00, 0x34, 0x05, 0x00, 0x00, 0x52, 0x00, 0x06, 0x00, 0x26, 0x00, 0x00, 0x00, // C...4...R...&...
	0xe0, 0x07, 0x00, 0x00, 0x35, 0x05, 0x00, 0x00, 0x18, 0x08, 0x00, 0x00, 0x01, 0x00, 0x00, 0x00, // ....5...........
	0x85, 0x00, 0x05, 0x00, 0x06, 0x00, 0x00, 0x00, 0x3d, 0x05, 0x00, 0x00, 0x45, 0x04, 0x00, 0x00, // ........=...E...
	0xd3, 0x04, 0x00, 0x00, 0x81, 0x00, 0x05, 0x00, 0x06, 0x00, 0x00, 0x00, 0x3e, 0x05, 0x00, 0x00, // ............>...
	0x43, 0x04, 0x00, 0x00, 0x3d, 0x05, 0x00, 0x00, 0x52, 0x00, 0x06, 0x00, 0x26, 0x00, 0x00, 0x00, // C...=...R...&...
	0xe3, 0x07, 0x00, 0x00, 0x3e, 0x05, 0x00, 0x00, 0xe0, 0x07, 0x00, 0x00, 0x03, 0x00, 0x00, 0x00, // ....>...........
	0x85, 0x00, 0x05, 0x00, 0x06, 0x00, 0x00, 0x00, 0x46, 0x05, 0x00, 0x00, 0x45, 0x04, 0x00, 0x00, // ........F...E...
	0xe5, 0x04, 0x00, 0x00, 0x81, 0x00, 0x05, 0x00, 0x06, 0x00, 0x00, 0x00, 0x47, 0x05, 0x00, 0x00, // ............G...
	0x43, 0x04, 0x00, 0x00, 0x46, 0x05, 0x00, 0x00, 0x52, 0x00, 0x06, 0x00, 0x26, 0x00, 0x00, 0x00, // C...F...R...&...
	0xe6, 0x07, 0x00, 0x00, 0x47, 0x05, 0x00, 0x00, 0x1c, 0x08, 0x00, 0x00, 0x01, 0x00, 0x00, 0x00, // ....G...........
	0x85, 0x00, 0x05, 0x00, 0x06, 0x00, 0x00, 0x00, 0x4f, 0x05, 0x00, 0x00, 0x45, 0x04, 0x00, 0x00, // ........O...E...
	0xf7, 0x04, 0x00, 0x00, 0x81, 0x00, 0x05, 0x00, 0x06, 0x00, 0x00, 0x00, 0x50, 0x05, 0x00, 0x00, // ............P...
	0x43, 0x04, 0x00, 0x00, 0x4f, 0x05, 0x00, 0x00, 0x52, 0x00, 0x06, 0x00, 0x26, 0x00, 0x00, 0x00, // C...O...R...&...
	0xe9, 0x07, 0x00, 0x00, 0x50, 0x05, 0x00, 0x00, 0x19, 0x08, 0x00, 0x00, 0x01, 0x00, 0x00, 0x00, // ....P...........
	0x85, 0x00, 0x05, 0x00, 0x06, 0x00, 0x00, 0x00, 0x58, 0x05, 0x00, 0x00, 0x45, 0x04, 0x00, 0x00, // ........X...E...
	0x09, 0x05, 0x00, 0x00, 0x81, 0x00, 0x05, 0x00, 0x06, 0x00, 0x00, 0x00, 0x59, 0x05, 0x00, 0x00, // ............Y...
	0x43, 0x04, 0x00, 0x00, 0x58, 0x05, 0x00, 0x00, 0x52, 0x00, 0x06, 0x00, 0x26, 0x00, 0x00, 0x00, // C...X...R...&...
	0xec, 0x07, 0x00, 0x00, 0x59, 0x05, 0x00, 0x00, 0xe9, 0x07, 0x00, 0x00, 0x03, 0x00, 0x00, 0x00, // ....Y...........
	0x3e, 0x00, 0x03, 0x00, 0x67, 0x03, 0x00, 0x00, 0x2c, 0x04, 0x00, 0x00, 0x3e, 0x00, 0x03, 0x00, // >...g...,...>...
	0x6a, 0x03, 0x00, 0x00, 0xe3, 0x07, 0x00, 0x00, 0x3e, 0x00, 0x03, 0x00, 0x6d, 0x03, 0x00, 0x00, // j.......>...m...
	0xec, 0x07, 0x00, 0x00, 0x3e, 0x00, 0x03, 0x00, 0x70, 0x03, 0x00, 0x00, 0xe6, 0x07, 0x00, 0x00, // ....>...p.......
	0x3e, 0x00, 0x03, 0x00, 0x73, 0x03, 0x00, 0x00, 0x18, 0x04, 0x00, 0x00, 0x3e, 0x00, 0x03, 0x00, // >...s.......>...
	0x76, 0x03, 0x00, 0x00, 0x2c, 0x04, 0x00, 0x00, 0x3e, 0x00, 0x03, 0x00, 0x79, 0x03, 0x00, 0x00, // v...,...>...y...
	0x1d, 0x08, 0x00, 0x00, 0x3e, 0x00, 0x03, 0x00, 0x7d, 0x03, 0x00, 0x00, 0x79, 0x04, 0x00, 0x00, // ....>...}...y...
	0x3e, 0x00, 0x03, 0x00, 0x80, 0x03, 0x00, 0x00, 0x76, 0x04, 0x00, 0x00, 0x3e, 0x00, 0x03, 0x00, // >.......v...>...
	0x83, 0x03, 0x00, 0x00, 0x7c, 0x04, 0x00, 0x00, 0xfd, 0x00, 0x01, 0x00, 0x38, 0x00, 0x01, 0x00, // ....|.......8...
	0x00, 0x07, 0x04, 0x00, 0x05, 0x00, 0x02, 0x00, 0x01, 0x00, 0x03, 0x00, 0x10, 0x00, 0xff, 0xff, // ................
	0xf0, 0x20,                                                                                     // . 
};
static const uint8_t ad_model_lit_vs_mtl[8455] =
{
	0x56, 0x53, 0x48, 0x0c, 0x00, 0x00, 0x00, 0x00, 0x86, 0x32, 0x45, 0x95, 0x00, 0x00, 0x00, 0x00, // VSH......2E.....
	0x00, 0x00, 0x00, 0x00, 0x0e, 0x00, 0x14, 0x75, 0x5f, 0x66, 0x6c, 0x69, 0x70, 0x62, 0x6f, 0x6f, // .......u_flipboo
	0x6b, 0x50, 0x61, 0x72, 0x61, 0x6d, 0x65, 0x74, 0x65, 0x72, 0x31, 0x02, 0x01, 0x40, 0x19, 0x01, // kParameter1..@..
	0x00, 0x00, 0x00, 0x00, 0x00, 0x14, 0x75, 0x5f, 0x66, 0x6c, 0x69, 0x70, 0x62, 0x6f, 0x6f, 0x6b, // ......u_flipbook
	0x50, 0x61, 0x72, 0x61, 0x6d, 0x65, 0x74, 0x65, 0x72, 0x32, 0x02, 0x01, 0x50, 0x19, 0x01, 0x00, // Parameter2..P...
	0x00, 0x00, 0x00, 0x00, 0x0d, 0x75, 0x5f, 0x6d, 0x55, 0x56, 0x49, 0x6e, 0x76, 0x65, 0x72, 0x73, // .....u_mUVInvers
	0x65, 0x64, 0x02, 0x01, 0xe0, 0x20, 0x01, 0x00, 0x00, 0x00, 0x00, 0x00, 0x0d, 0x75, 0x5f, 0x6d, // ed... .......u_m
	0x4d, 0x6f, 0x64, 0x65, 0x6c, 0x5f, 0x49, 0x6e, 0x73, 0x74, 0x04, 0x28, 0x40, 0x00, 0xa0, 0x00, // Model_Inst.(@...
	0x00, 0x00, 0x00, 0x00, 0x05, 0x75, 0x5f, 0x66, 0x55, 0x56, 0x02, 0x28, 0x40, 0x0a, 0x28, 0x00, // .....u_fUV.(@.(.
	0x00, 0x00, 0x00, 0x00, 0x0a, 0x75, 0x5f, 0x66, 0x41, 0x6c, 0x70, 0x68, 0x61, 0x55, 0x56, 0x02, // .....u_fAlphaUV.
	0x28, 0xc0, 0x0c, 0x28, 0x00, 0x00, 0x00, 0x00, 0x00, 0x11, 0x75, 0x5f, 0x66, 0x55, 0x56, 0x44, // (..(......u_fUVD
	0x69, 0x73, 0x74, 0x6f, 0x72, 0x74, 0x69, 0x6f, 0x6e, 0x55, 0x56, 0x02, 0x28, 0x40, 0x0f, 0x28, // istortionUV.(@.(
	0x00, 0x00, 0x00, 0x00, 0x00, 0x0a, 0x75, 0x5f, 0x66, 0x42, 0x6c, 0x65, 0x6e, 0x64, 0x55, 0x56, // ......u_fBlendUV
	0x02, 0x28, 0xc0, 0x11, 0x28, 0x00, 0x00, 0x00, 0x00, 0x00, 0x0f, 0x75, 0x5f, 0x66, 0x42, 0x6c, // .(..(......u_fBl
	0x65, 0x6e, 0x64, 0x41, 0x6c, 0x70, 0x68, 0x61, 0x55, 0x56, 0x02, 0x28, 0x40, 0x14, 0x28, 0x00, // endAlphaUV.(@.(.
	0x00, 0x00, 0x00, 0x00, 0x16, 0x75, 0x5f, 0x66, 0x42, 0x6c, 0x65, 0x6e, 0x64, 0x55, 0x56, 0x44, // .....u_fBlendUVD
	0x69, 0x73, 0x74, 0x6f, 0x72, 0x74, 0x69, 0x6f, 0x6e, 0x55, 0x56, 0x02, 0x28, 0xc0, 0x16, 0x28, // istortionUV.(..(
	0x00, 0x00, 0x00, 0x00, 0x00, 0x0d, 0x75, 0x5f, 0x66, 0x4d, 0x6f, 0x64, 0x65, 0x6c, 0x43, 0x6f, // ......u_fModelCo
	0x6c, 0x6f, 0x72, 0x02, 0x28, 0x60, 0x1e, 0x28, 0x00, 0x00, 0x00, 0x00, 0x00, 0x1b, 0x75, 0x5f, // lor.(`.(......u_
	0x66, 0x46, 0x6c, 0x69, 0x70, 0x62, 0x6f, 0x6f, 0x6b, 0x49, 0x6e, 0x64, 0x65, 0x78, 0x41, 0x6e, // fFlipbookIndexAn
	0x64, 0x4e, 0x65, 0x78, 0x74, 0x52, 0x61, 0x74, 0x65, 0x02, 0x28, 0x60, 0x19, 0x28, 0x00, 0x00, // dNextRate.(`.(..
	0x00, 0x00, 0x00, 0x16, 0x75, 0x5f, 0x66, 0x4d, 0x6f, 0x64, 0x65, 0x6c, 0x41, 0x6c, 0x70, 0x68, // ....u_fModelAlph
	0x61, 0x54, 0x68, 0x72, 0x65, 0x73, 0x68, 0x6f, 0x6c, 0x64, 0x02, 0x28, 0xe0, 0x1b, 0x28, 0x00, // aThreshold.(..(.
	0x00, 0x00, 0x00, 0x00, 0x0d, 0x75, 0x5f, 0x6d, 0x43, 0x61, 0x6d, 0x65, 0x72, 0x61, 0x50, 0x72, // .....u_mCameraPr
	0x6f, 0x6a, 0x04, 0x01, 0x00, 0x00, 0x04, 0x00, 0x00, 0x00, 0x00, 0x00, 0x65, 0x1f, 0x00, 0x00, // oj..........e...
	0x23, 0x69, 0x6e, 0x63, 0x6c, 0x75, 0x64, 0x65, 0x20, 0x3c, 0x6d, 0x65, 0x74, 0x61, 0x6c, 0x5f, // #include <metal_
	0x73, 0x74, 0x64, 0x6c, 0x69, 0x62, 0x3e, 0x0a, 0x23, 0x69, 0x6e, 0x63, 0x6c, 0x75, 0x64, 0x65, // stdlib>.#include
	0x20, 0x3c, 0x73, 0x69, 0x6d, 0x64, 0x2f, 0x73, 0x69, 0x6d, 0x64, 0x2e, 0x68, 0x3e, 0x0a, 0x0a, //  <simd/simd.h>..
	0x75, 0x73, 0x69, 0x6e, 0x67, 0x20, 0x6e, 0x61, 0x6d, 0x65, 0x73, 0x70, 0x61, 0x63, 0x65, 0x20, // using namespace 
	0x6d, 0x65, 0x74, 0x61, 0x6c, 0x3b, 0x0a, 0x0a, 0x73, 0x74, 0x72, 0x75, 0x63, 0x74, 0x20, 0x5f, // metal;..struct _
	0x47, 0x6c, 0x6f, 0x62, 0x61, 0x6c, 0x0a, 0x7b, 0x0a, 0x20, 0x20, 0x20, 0x20, 0x66, 0x6c, 0x6f, // Global.{.    flo
	0x61, 0x74, 0x34, 0x78, 0x34, 0x20, 0x75, 0x5f, 0x6d, 0x43, 0x61, 0x6d, 0x65, 0x72, 0x61, 0x50, // at4x4 u_mCameraP
	0x72, 0x6f, 0x6a, 0x3b, 0x0a, 0x20, 0x20, 0x20, 0x20, 0x66, 0x6c, 0x6f, 0x61, 0x74, 0x34, 0x78, // roj;.    float4x
	0x34, 0x20, 0x75, 0x5f, 0x6d, 0x4d, 0x6f, 0x64, 0x65, 0x6c, 0x5f, 0x49, 0x6e, 0x73, 0x74, 0x5b, // 4 u_mModel_Inst[
	0x34, 0x30, 0x5d, 0x3b, 0x0a, 0x20, 0x20, 0x20, 0x20, 0x66, 0x6c, 0x6f, 0x61, 0x74, 0x34, 0x20, // 40];.    float4 
	0x75, 0x5f, 0x66, 0x55, 0x56, 0x5b, 0x34, 0x30, 0x5d, 0x3b, 0x0a, 0x20, 0x20, 0x20, 0x20, 0x66, // u_fUV[40];.    f
	0x6c, 0x6f, 0x61, 0x74, 0x34, 0x20, 0x75, 0x5f, 0x66, 0x41, 0x6c, 0x70, 0x68, 0x61, 0x55, 0x56, // loat4 u_fAlphaUV
	0x5b, 0x34, 0x30, 0x5d, 0x3b, 0x0a, 0x20, 0x20, 0x20, 0x20, 0x66, 0x6c, 0x6f, 0x61, 0x74, 0x34, // [40];.    float4
	0x20, 0x75, 0x5f, 0x66, 0x55, 0x56, 0x44, 0x69, 0x73, 0x74, 0x6f, 0x72, 0x74, 0x69, 0x6f, 0x6e, //  u_fUVDistortion
	0x55, 0x56, 0x5b, 0x34, 0x30, 0x5d, 0x3b, 0x0a, 0x20, 0x20, 0x20, 0x20, 0x66, 0x6c, 0x6f, 0x61, // UV[40];.    floa
	0x74, 0x34, 0x20, 0x75, 0x5f, 0x66, 0x42, 0x6c, 0x65, 0x6e, 0x64, 0x55, 0x56, 0x5b, 0x34, 0x30, // t4 u_fBlendUV[40
	0x5d, 0x3b, 0x0a, 0x20, 0x20, 0x20, 0x20, 0x66, 0x6c, 0x6f, 0x61, 0x74, 0x34, 0x20, 0x75, 0x5f, // ];.    float4 u_
	0x66, 0x42, 0x6c, 0x65, 0x6e, 0x64, 0x41, 0x6c, 0x70, 0x68, 0x61, 0x55, 0x56, 0x5b, 0x34, 0x30, // fBlendAlphaUV[40
	0x5d, 0x3b, 0x0a, 0x20, 0x20, 0x20, 0x20, 0x66, 0x6c, 0x6f, 0x61, 0x74, 0x34, 0x20, 0x75, 0x5f, // ];.    float4 u_
	0x66, 0x42, 0x6c, 0x65, 0x6e, 0x64, 0x55, 0x56, 0x44, 0x69, 0x73, 0x74, 0x6f, 0x72, 0x74, 0x69, // fBlendUVDistorti
	0x6f, 0x6e, 0x55, 0x56, 0x5b, 0x34, 0x30, 0x5d, 0x3b, 0x0a, 0x20, 0x20, 0x20, 0x20, 0x66, 0x6c, // onUV[40];.    fl
	0x6f, 0x61, 0x74, 0x34, 0x20, 0x75, 0x5f, 0x66, 0x6c, 0x69, 0x70, 0x62, 0x6f, 0x6f, 0x6b, 0x50, // oat4 u_flipbookP
	0x61, 0x72, 0x61, 0x6d, 0x65, 0x74, 0x65, 0x72, 0x31, 0x3b, 0x0a, 0x20, 0x20, 0x20, 0x20, 0x66, // arameter1;.    f
	0x6c, 0x6f, 0x61, 0x74, 0x34, 0x20, 0x75, 0x5f, 0x66, 0x6c, 0x69, 0x70, 0x62, 0x6f, 0x6f, 0x6b, // loat4 u_flipbook
	0x50, 0x61, 0x72, 0x61, 0x6d, 0x65, 0x74, 0x65, 0x72, 0x32, 0x3b, 0x0a, 0x20, 0x20, 0x20, 0x20, // Parameter2;.    
	0x66, 0x6c, 0x6f, 0x61, 0x74, 0x34, 0x20, 0x75, 0x5f, 0x66, 0x46, 0x6c, 0x69, 0x70, 0x62, 0x6f, // float4 u_fFlipbo
	0x6f, 0x6b, 0x49, 0x6e, 0x64, 0x65, 0x78, 0x41, 0x6e, 0x64, 0x4e, 0x65, 0x78, 0x74, 0x52, 0x61, // okIndexAndNextRa
	0x74, 0x65, 0x5b, 0x34, 0x30, 0x5d, 0x3b, 0x0a, 0x20, 0x20, 0x20, 0x20, 0x66, 0x6c, 0x6f, 0x61, // te[40];.    floa
	0x74, 0x34, 0x20, 0x75, 0x5f, 0x66, 0x4d, 0x6f, 0x64, 0x65, 0x6c, 0x41, 0x6c, 0x70, 0x68, 0x61, // t4 u_fModelAlpha
	0x54, 0x68, 0x72, 0x65, 0x73, 0x68, 0x6f, 0x6c, 0x64, 0x5b, 0x34, 0x30, 0x5d, 0x3b, 0x0a, 0x20, // Threshold[40];. 
	0x20, 0x20, 0x20, 0x66, 0x6c, 0x6f, 0x61, 0x74, 0x34, 0x20, 0x75, 0x5f, 0x66, 0x4d, 0x6f, 0x64, //    float4 u_fMod
	0x65, 0x6c, 0x43, 0x6f, 0x6c, 0x6f, 0x72, 0x5b, 0x34, 0x30, 0x5d, 0x3b, 0x0a, 0x20, 0x20, 0x20, // elColor[40];.   
	0x20, 0x66, 0x6c, 0x6f, 0x61, 0x74, 0x34, 0x20, 0x75, 0x5f, 0x6d, 0x55, 0x56, 0x49, 0x6e, 0x76, //  float4 u_mUVInv
	0x65, 0x72, 0x73, 0x65, 0x64, 0x3b, 0x0a, 0x7d, 0x3b, 0x0a, 0x0a, 0x63, 0x6f, 0x6e, 0x73, 0x74, // ersed;.};..const
	0x61, 0x6e, 0x74, 0x20, 0x66, 0x6c, 0x6f, 0x61, 0x74, 0x34, 0x20, 0x5f, 0x32, 0x30, 0x37, 0x38, // ant float4 _2078
	0x20, 0x3d, 0x20, 0x7b, 0x7d, 0x3b, 0x0a, 0x0a, 0x73, 0x74, 0x72, 0x75, 0x63, 0x74, 0x20, 0x78, //  = {};..struct x
	0x6c, 0x61, 0x74, 0x4d, 0x74, 0x6c, 0x4d, 0x61, 0x69, 0x6e, 0x5f, 0x6f, 0x75, 0x74, 0x0a, 0x7b, // latMtlMain_out.{
	0x0a, 0x20, 0x20, 0x20, 0x20, 0x66, 0x6c, 0x6f, 0x61, 0x74, 0x34, 0x20, 0x5f, 0x65, 0x6e, 0x74, // .    float4 _ent
	0x72, 0x79, 0x50, 0x6f, 0x69, 0x6e, 0x74, 0x4f, 0x75, 0x74, 0x70, 0x75, 0x74, 0x5f, 0x76, 0x5f, // ryPointOutput_v_
	0x41, 0x6c, 0x70, 0x68, 0x61, 0x5f, 0x44, 0x69, 0x73, 0x74, 0x5f, 0x55, 0x56, 0x20, 0x5b, 0x5b, // Alpha_Dist_UV [[
	0x75, 0x73, 0x65, 0x72, 0x28, 0x6c, 0x6f, 0x63, 0x6e, 0x30, 0x29, 0x5d, 0x5d, 0x3b, 0x0a, 0x20, // user(locn0)]];. 
	0x20, 0x20, 0x20, 0x66, 0x6c, 0x6f, 0x61, 0x74, 0x34, 0x20, 0x5f, 0x65, 0x6e, 0x74, 0x72, 0x79, //    float4 _entry
	0x50, 0x6f, 0x69, 0x6e, 0x74, 0x4f, 0x75, 0x74, 0x70, 0x75, 0x74, 0x5f, 0x76, 0x5f, 0x42, 0x6c, // PointOutput_v_Bl
	0x65, 0x6e, 0x64, 0x5f, 0x41, 0x6c, 0x70, 0x68, 0x61, 0x5f, 0x44, 0x69, 0x73, 0x74, 0x5f, 0x55, // end_Alpha_Dist_U
	0x56, 0x20, 0x5b, 0x5b, 0x75, 0x73, 0x65, 0x72, 0x28, 0x6c, 0x6f, 0x63, 0x6e, 0x31, 0x29, 0x5d, // V [[user(locn1)]
	0x5d, 0x3b, 0x0a, 0x20, 0x20, 0x20, 0x20, 0x66, 0x6c, 0x6f, 0x61, 0x74, 0x34, 0x20, 0x5f, 0x65, // ];.    float4 _e
	0x6e, 0x74, 0x72, 0x79, 0x50, 0x6f, 0x69, 0x6e, 0x74, 0x4f, 0x75, 0x74, 0x70, 0x75, 0x74, 0x5f, // ntryPointOutput_
	0x76, 0x5f, 0x42, 0x6c, 0x65, 0x6e, 0x64, 0x5f, 0x46, 0x42, 0x4e, 0x65, 0x78, 0x74, 0x49, 0x6e, // v_Blend_FBNextIn
	0x64, 0x65, 0x78, 0x5f, 0x55, 0x56, 0x20, 0x5b, 0x5b, 0x75, 0x73, 0x65, 0x72, 0x28, 0x6c, 0x6f, // dex_UV [[user(lo
	0x63, 0x6e, 0x32, 0x29, 0x5d, 0x5d, 0x3b, 0x0a, 0x20, 0x20, 0x20, 0x20, 0x66, 0x6c, 0x6f, 0x61, // cn2)]];.    floa
	0x74, 0x34, 0x20, 0x5f, 0x65, 0x6e, 0x74, 0x72, 0x79, 0x50, 0x6f, 0x69, 0x6e, 0x74, 0x4f, 0x75, // t4 _entryPointOu
	0x74, 0x70, 0x75, 0x74, 0x5f, 0x76, 0x5f, 0x43, 0x6f, 0x6c, 0x6f, 0x72, 0x20, 0x5b, 0x5b, 0x75, // tput_v_Color [[u
	0x73, 0x65, 0x72, 0x28, 0x6c, 0x6f, 0x63, 0x6e, 0x33, 0x29, 0x5d, 0x5d, 0x3b, 0x0a, 0x20, 0x20, // ser(locn3)]];.  
	0x20, 0x20, 0x66, 0x6c, 0x6f, 0x61, 0x74, 0x34, 0x20, 0x5f, 0x65, 0x6e, 0x74, 0x72, 0x79, 0x50, //   float4 _entryP
	0x6f, 0x69, 0x6e, 0x74, 0x4f, 0x75, 0x74, 0x70, 0x75, 0x74, 0x5f, 0x76, 0x5f, 0x50, 0x6f, 0x73, // ointOutput_v_Pos
	0x50, 0x20, 0x5b, 0x5b, 0x75, 0x73, 0x65, 0x72, 0x28, 0x6c, 0x6f, 0x63, 0x6e, 0x34, 0x29, 0x5d, // P [[user(locn4)]
	0x5d, 0x3b, 0x0a, 0x20, 0x20, 0x20, 0x20, 0x66, 0x6c, 0x6f, 0x61, 0x74, 0x34, 0x20, 0x5f, 0x65, // ];.    float4 _e
	0x6e, 0x74, 0x72, 0x79, 0x50, 0x6f, 0x69, 0x6e, 0x74, 0x4f, 0x75, 0x74, 0x70, 0x75, 0x74, 0x5f, // ntryPointOutput_
	0x76, 0x5f, 0x55, 0x56, 0x5f, 0x4f, 0x74, 0x68, 0x65, 0x72, 0x73, 0x20, 0x5b, 0x5b, 0x75, 0x73, // v_UV_Others [[us
	0x65, 0x72, 0x28, 0x6c, 0x6f, 0x63, 0x6e, 0x35, 0x29, 0x5d, 0x5d, 0x3b, 0x0a, 0x20, 0x20, 0x20, // er(locn5)]];.   
	0x20, 0x66, 0x6c, 0x6f, 0x61, 0x74, 0x33, 0x20, 0x5f, 0x65, 0x6e, 0x74, 0x72, 0x79, 0x50, 0x6f, //  float3 _entryPo
	0x69, 0x6e, 0x74, 0x4f, 0x75, 0x74, 0x70, 0x75, 0x74, 0x5f, 0x76, 0x5f, 0x57, 0x6f, 0x72, 0x6c, // intOutput_v_Worl
	0x64, 0x42, 0x20, 0x5b, 0x5b, 0x75, 0x73, 0x65, 0x72, 0x28, 0x6c, 0x6f, 0x63, 0x6e, 0x36, 0x29, // dB [[user(locn6)
	0x5d, 0x5d, 0x3b, 0x0a, 0x20, 0x20, 0x20, 0x20, 0x66, 0x6c, 0x6f, 0x61, 0x74, 0x33, 0x20, 0x5f, // ]];.    float3 _
	0x65, 0x6e, 0x74, 0x72, 0x79, 0x50, 0x6f, 0x69, 0x6e, 0x74, 0x4f, 0x75, 0x74, 0x70, 0x75, 0x74, // entryPointOutput
	0x5f, 0x76, 0x5f, 0x57, 0x6f, 0x72, 0x6c, 0x64, 0x4e, 0x20, 0x5b, 0x5b, 0x75, 0x73, 0x65, 0x72, // _v_WorldN [[user
	0x28, 0x6c, 0x6f, 0x63, 0x6e, 0x37, 0x29, 0x5d, 0x5d, 0x3b, 0x0a, 0x20, 0x20, 0x20, 0x20, 0x66, // (locn7)]];.    f
	0x6c, 0x6f, 0x61, 0x74, 0x33, 0x20, 0x5f, 0x65, 0x6e, 0x74, 0x72, 0x79, 0x50, 0x6f, 0x69, 0x6e, // loat3 _entryPoin
	0x74, 0x4f, 0x75, 0x74, 0x70, 0x75, 0x74, 0x5f, 0x76, 0x5f, 0x57, 0x6f, 0x72, 0x6c, 0x64, 0x54, // tOutput_v_WorldT
	0x20, 0x5b, 0x5b, 0x75, 0x73, 0x65, 0x72, 0x28, 0x6c, 0x6f, 0x63, 0x6e, 0x38, 0x29, 0x5d, 0x5d, //  [[user(locn8)]]
	0x3b, 0x0a, 0x20, 0x20, 0x20, 0x20, 0x66, 0x6c, 0x6f, 0x61, 0x74, 0x34, 0x20, 0x67, 0x6c, 0x5f, // ;.    float4 gl_
	0x50, 0x6f, 0x73, 0x69, 0x74, 0x69, 0x6f, 0x6e, 0x20, 0x5b, 0x5b, 0x70, 0x6f, 0x73, 0x69, 0x74, // Position [[posit
	0x69, 0x6f, 0x6e, 0x5d, 0x5d, 0x3b, 0x0a, 0x7d, 0x3b, 0x0a, 0x0a, 0x73, 0x74, 0x72, 0x75, 0x63, // ion]];.};..struc
	0x74, 0x20, 0x78, 0x6c, 0x61, 0x74, 0x4d, 0x74, 0x6c, 0x4d, 0x61, 0x69, 0x6e, 0x5f, 0x69, 0x6e, // t xlatMtlMain_in
	0x0a, 0x7b, 0x0a, 0x20, 0x20, 0x20, 0x20, 0x66, 0x6c, 0x6f, 0x61, 0x74, 0x33, 0x20, 0x61, 0x5f, // .{.    float3 a_
	0x62, 0x69, 0x74, 0x61, 0x6e, 0x67, 0x65, 0x6e, 0x74, 0x20, 0x5b, 0x5b, 0x61, 0x74, 0x74, 0x72, // bitangent [[attr
	0x69, 0x62, 0x75, 0x74, 0x65, 0x28, 0x30, 0x29, 0x5d, 0x5d, 0x3b, 0x0a, 0x20, 0x20, 0x20, 0x20, // ibute(0)]];.    
	0x66, 0x6c, 0x6f, 0x61, 0x74, 0x34, 0x20, 0x61, 0x5f, 0x63, 0x6f, 0x6c, 0x6f, 0x72, 0x30, 0x20, // float4 a_color0 
	0x5b, 0x5b, 0x61, 0x74, 0x74, 0x72, 0x69, 0x62, 0x75, 0x74, 0x65, 0x28, 0x31, 0x29, 0x5d, 0x5d, // [[attribute(1)]]
	0x3b, 0x0a, 0x20, 0x20, 0x20, 0x20, 0x66, 0x6c, 0x6f, 0x61, 0x74, 0x33, 0x20, 0x61, 0x5f, 0x6e, // ;.    float3 a_n
	0x6f, 0x72, 0x6d, 0x61, 0x6c, 0x20, 0x5b, 0x5b, 0x61, 0x74, 0x74, 0x72, 0x69, 0x62, 0x75, 0x74, // ormal [[attribut
	0x65, 0x28, 0x32, 0x29, 0x5d, 0x5d, 0x3b, 0x0a, 0x20, 0x20, 0x20, 0x20, 0x66, 0x6c, 0x6f, 0x61, // e(2)]];.    floa
	0x74, 0x33, 0x20, 0x61, 0x5f, 0x70, 0x6f, 0x73, 0x69, 0x74, 0x69, 0x6f, 0x6e, 0x20, 0x5b, 0x5b, // t3 a_position [[
	0x61, 0x74, 0x74, 0x72, 0x69, 0x62, 0x75, 0x74, 0x65, 0x28, 0x33, 0x29, 0x5d, 0x5d, 0x3b, 0x0a, // attribute(3)]];.
	0x20, 0x20, 0x20, 0x20, 0x66, 0x6c, 0x6f, 0x61, 0x74, 0x33, 0x20, 0x61, 0x5f, 0x74, 0x61, 0x6e, //     float3 a_tan
	0x67, 0x65, 0x6e, 0x74, 0x20, 0x5b, 0x5b, 0x61, 0x74, 0x74, 0x72, 0x69, 0x62, 0x75, 0x74, 0x65, // gent [[attribute
	0x28, 0x34, 0x29, 0x5d, 0x5d, 0x3b, 0x0a, 0x20, 0x20, 0x20, 0x20, 0x66, 0x6c, 0x6f, 0x61, 0x74, // (4)]];.    float
	0x32, 0x20, 0x61, 0x5f, 0x74, 0x65, 0x78, 0x63, 0x6f, 0x6f, 0x72, 0x64, 0x30, 0x20, 0x5b, 0x5b, // 2 a_texcoord0 [[
	0x61, 0x74, 0x74, 0x72, 0x69, 0x62, 0x75, 0x74, 0x65, 0x28, 0x35, 0x29, 0x5d, 0x5d, 0x3b, 0x0a, // attribute(5)]];.
	0x7d, 0x3b, 0x0a, 0x0a, 0x76, 0x65, 0x72, 0x74, 0x65, 0x78, 0x20, 0x78, 0x6c, 0x61, 0x74, 0x4d, // };..vertex xlatM
	0x74, 0x6c, 0x4d, 0x61, 0x69, 0x6e, 0x5f, 0x6f, 0x75, 0x74, 0x20, 0x78, 0x6c, 0x61, 0x74, 0x4d, // tlMain_out xlatM
	0x74, 0x6c, 0x4d, 0x61, 0x69, 0x6e, 0x28, 0x78, 0x6c, 0x61, 0x74, 0x4d, 0x74, 0x6c, 0x4d, 0x61, // tlMain(xlatMtlMa
	0x69, 0x6e, 0x5f, 0x69, 0x6e, 0x20, 0x69, 0x6e, 0x20, 0x5b, 0x5b, 0x73, 0x74, 0x61, 0x67, 0x65, // in_in in [[stage
	0x5f, 0x69, 0x6e, 0x5d, 0x5d, 0x2c, 0x20, 0x63, 0x6f, 0x6e, 0x73, 0x74, 0x61, 0x6e, 0x74, 0x20, // _in]], constant 
	0x5f, 0x47, 0x6c, 0x6f, 0x62, 0x61, 0x6c, 0x26, 0x20, 0x5f, 0x6d, 0x74, 0x6c, 0x5f, 0x75, 0x20, // _Global& _mtl_u 
	0x5b, 0x5b, 0x62, 0x75, 0x66, 0x66, 0x65, 0x72, 0x28, 0x30, 0x29, 0x5d, 0x5d, 0x2c, 0x20, 0x75, // [[buffer(0)]], u
	0x69, 0x6e, 0x74, 0x20, 0x67, 0x6c, 0x5f, 0x49, 0x6e, 0x73, 0x74, 0x61, 0x6e, 0x63, 0x65, 0x49, // int gl_InstanceI
	0x6e, 0x64, 0x65, 0x78, 0x20, 0x5b, 0x5b, 0x69, 0x6e, 0x73, 0x74, 0x61, 0x6e, 0x63, 0x65, 0x5f, // ndex [[instance_
	0x69, 0x64, 0x5d, 0x5d, 0x29, 0x0a, 0x7b, 0x0a, 0x20, 0x20, 0x20, 0x20, 0x78, 0x6c, 0x61, 0x74, // id]]).{.    xlat
	0x4d, 0x74, 0x6c, 0x4d, 0x61, 0x69, 0x6e, 0x5f, 0x6f, 0x75, 0x74, 0x20, 0x6f, 0x75, 0x74, 0x20, // MtlMain_out out 
	0x3d, 0x20, 0x7b, 0x7d, 0x3b, 0x0a, 0x20, 0x20, 0x20, 0x20, 0x66, 0x6c, 0x6f, 0x61, 0x74, 0x34, // = {};.    float4
	0x20, 0x5f, 0x31, 0x30, 0x36, 0x38, 0x20, 0x3d, 0x20, 0x5f, 0x6d, 0x74, 0x6c, 0x5f, 0x75, 0x2e, //  _1068 = _mtl_u.
	0x75, 0x5f, 0x6d, 0x43, 0x61, 0x6d, 0x65, 0x72, 0x61, 0x50, 0x72, 0x6f, 0x6a, 0x20, 0x2a, 0x20, // u_mCameraProj * 
	0x28, 0x5f, 0x6d, 0x74, 0x6c, 0x5f, 0x75, 0x2e, 0x75, 0x5f, 0x6d, 0x4d, 0x6f, 0x64, 0x65, 0x6c, // (_mtl_u.u_mModel
	0x5f, 0x49, 0x6e, 0x73, 0x74, 0x5b, 0x67, 0x6c, 0x5f, 0x49, 0x6e, 0x73, 0x74, 0x61, 0x6e, 0x63, // _Inst[gl_Instanc
	0x65, 0x49, 0x6e, 0x64, 0x65, 0x78, 0x5d, 0x20, 0x2a, 0x20, 0x66, 0x6c, 0x6f, 0x61, 0x74, 0x34, // eIndex] * float4
	0x28, 0x69, 0x6e, 0x2e, 0x61, 0x5f, 0x70, 0x6f, 0x73, 0x69, 0x74, 0x69, 0x6f, 0x6e, 0x2e, 0x78, // (in.a_position.x
	0x2c, 0x20, 0x69, 0x6e, 0x2e, 0x61, 0x5f, 0x70, 0x6f, 0x73, 0x69, 0x74, 0x69, 0x6f, 0x6e, 0x2e, // , in.a_position.
	0x79, 0x2c, 0x20, 0x69, 0x6e, 0x2e, 0x61, 0x5f, 0x70, 0x6f, 0x73, 0x69, 0x74, 0x69, 0x6f, 0x6e, // y, in.a_position
	0x2e, 0x7a, 0x2c, 0x20, 0x31, 0x2e, 0x30, 0x29, 0x29, 0x3b, 0x0a, 0x20, 0x20, 0x20, 0x20, 0x66, // .z, 1.0));.    f
	0x6c, 0x6f, 0x61, 0x74, 0x20, 0x5f, 0x31, 0x30, 0x37, 0x39, 0x20, 0x3d, 0x20, 0x28, 0x69, 0x6e, // loat _1079 = (in
	0x2e, 0x61, 0x5f, 0x74, 0x65, 0x78, 0x63, 0x6f, 0x6f, 0x72, 0x64, 0x30, 0x2e, 0x78, 0x20, 0x2a, // .a_texcoord0.x *
	0x20, 0x5f, 0x6d, 0x74, 0x6c, 0x5f, 0x75, 0x2e, 0x75, 0x5f, 0x66, 0x55, 0x56, 0x5b, 0x67, 0x6c, //  _mtl_u.u_fUV[gl
	0x5f, 0x49, 0x6e, 0x73, 0x74, 0x61, 0x6e, 0x63, 0x65, 0x49, 0x6e, 0x64, 0x65, 0x78, 0x5d, 0x2e, // _InstanceIndex].
	0x7a, 0x29, 0x20, 0x2b, 0x20, 0x5f, 0x6d, 0x74, 0x6c, 0x5f, 0x75, 0x2e, 0x75, 0x5f, 0x66, 0x55, // z) + _mtl_u.u_fU
	0x56, 0x5b, 0x67, 0x6c, 0x5f, 0x49, 0x6e, 0x73, 0x74, 0x61, 0x6e, 0x63, 0x65, 0x49, 0x6e, 0x64, // V[gl_InstanceInd
	0x65, 0x78, 0x5d, 0x2e, 0x78, 0x3b, 0x0a, 0x20, 0x20, 0x20, 0x20, 0x66, 0x6c, 0x6f, 0x61, 0x74, // ex].x;.    float
	0x20, 0x5f, 0x31, 0x30, 0x39, 0x37, 0x20, 0x3d, 0x20, 0x5f, 0x6d, 0x74, 0x6c, 0x5f, 0x75, 0x2e, //  _1097 = _mtl_u.
	0x75, 0x5f, 0x6d, 0x55, 0x56, 0x49, 0x6e, 0x76, 0x65, 0x72, 0x73, 0x65, 0x64, 0x2e, 0x78, 0x20, // u_mUVInversed.x 
	0x2b, 0x20, 0x28, 0x5f, 0x6d, 0x74, 0x6c, 0x5f, 0x75, 0x2e, 0x75, 0x5f, 0x6d, 0x55, 0x56, 0x49, // + (_mtl_u.u_mUVI
	0x6e, 0x76, 0x65, 0x72, 0x73, 0x65, 0x64, 0x2e, 0x79, 0x20, 0x2a, 0x20, 0x28, 0x28, 0x69, 0x6e, // nversed.y * ((in
	0x2e, 0x61, 0x5f, 0x74, 0x65, 0x78, 0x63, 0x6f, 0x6f, 0x72, 0x64, 0x30, 0x2e, 0x79, 0x20, 0x2a, // .a_texcoord0.y *
	0x20, 0x5f, 0x6d, 0x74, 0x6c, 0x5f, 0x75, 0x2e, 0x75, 0x5f, 0x66, 0x55, 0x56, 0x5b, 0x67, 0x6c, //  _mtl_u.u_fUV[gl
	0x5f, 0x49, 0x6e, 0x73, 0x74, 0x61, 0x6e, 0x63, 0x65, 0x49, 0x6e, 0x64, 0x65, 0x78, 0x5d, 0x2e, // _InstanceIndex].
	0x77, 0x29, 0x20, 0x2b, 0x20, 0x5f, 0x6d, 0x74, 0x6c, 0x5f, 0x75, 0x2e, 0x75, 0x5f, 0x66, 0x55, // w) + _mtl_u.u_fU
	0x56, 0x5b, 0x67, 0x6c, 0x5f, 0x49, 0x6e, 0x73, 0x74, 0x61, 0x6e, 0x63, 0x65, 0x49, 0x6e, 0x64, // V[gl_InstanceInd
	0x65, 0x78, 0x5d, 0x2e, 0x79, 0x29, 0x29, 0x3b, 0x0a, 0x20, 0x20, 0x20, 0x20, 0x66, 0x6c, 0x6f, // ex].y));.    flo
	0x61, 0x74, 0x34, 0x20, 0x5f, 0x31, 0x39, 0x33, 0x38, 0x3b, 0x0a, 0x20, 0x20, 0x20, 0x20, 0x5f, // at4 _1938;.    _
	0x31, 0x39, 0x33, 0x38, 0x2e, 0x78, 0x20, 0x3d, 0x20, 0x5f, 0x31, 0x30, 0x37, 0x39, 0x3b, 0x0a, // 1938.x = _1079;.
	0x20, 0x20, 0x20, 0x20, 0x66, 0x6c, 0x6f, 0x61, 0x74, 0x32, 0x20, 0x5f, 0x31, 0x31, 0x35, 0x36, //     float2 _1156
	0x20, 0x3d, 0x20, 0x5f, 0x31, 0x39, 0x33, 0x38, 0x2e, 0x78, 0x79, 0x3b, 0x0a, 0x20, 0x20, 0x20, //  = _1938.xy;.   
	0x20, 0x66, 0x6c, 0x6f, 0x61, 0x74, 0x20, 0x5f, 0x31, 0x32, 0x31, 0x37, 0x20, 0x3d, 0x20, 0x28, //  float _1217 = (
	0x69, 0x6e, 0x2e, 0x61, 0x5f, 0x74, 0x65, 0x78, 0x63, 0x6f, 0x6f, 0x72, 0x64, 0x30, 0x2e, 0x79, // in.a_texcoord0.y
	0x20, 0x2a, 0x20, 0x5f, 0x6d, 0x74, 0x6c, 0x5f, 0x75, 0x2e, 0x75, 0x5f, 0x66, 0x41, 0x6c, 0x70, //  * _mtl_u.u_fAlp
	0x68, 0x61, 0x55, 0x56, 0x5b, 0x67, 0x6c, 0x5f, 0x49, 0x6e, 0x73, 0x74, 0x61, 0x6e, 0x63, 0x65, // haUV[gl_Instance
	0x49, 0x6e, 0x64, 0x65, 0x78, 0x5d, 0x2e, 0x77, 0x29, 0x20, 0x2b, 0x20, 0x5f, 0x6d, 0x74, 0x6c, // Index].w) + _mtl
	0x5f, 0x75, 0x2e, 0x75, 0x5f, 0x66, 0x41, 0x6c, 0x70, 0x68, 0x61, 0x55, 0x56, 0x5b, 0x67, 0x6c, // _u.u_fAlphaUV[gl
	0x5f, 0x49, 0x6e, 0x73, 0x74, 0x61, 0x6e, 0x63, 0x65, 0x49, 0x6e, 0x64, 0x65, 0x78, 0x5d, 0x2e, // _InstanceIndex].
	0x79, 0x3b, 0x0a, 0x20, 0x20, 0x20, 0x20, 0x66, 0x6c, 0x6f, 0x61, 0x74, 0x20, 0x5f, 0x31, 0x32, // y;.    float _12
	0x33, 0x35, 0x20, 0x3d, 0x20, 0x28, 0x69, 0x6e, 0x2e, 0x61, 0x5f, 0x74, 0x65, 0x78, 0x63, 0x6f, // 35 = (in.a_texco
	0x6f, 0x72, 0x64, 0x30, 0x2e, 0x79, 0x20, 0x2a, 0x20, 0x5f, 0x6d, 0x74, 0x6c, 0x5f, 0x75, 0x2e, // ord0.y * _mtl_u.
	0x75, 0x5f, 0x66, 0x55, 0x56, 0x44, 0x69, 0x73, 0x74, 0x6f, 0x72, 0x74, 0x69, 0x6f, 0x6e, 0x55, // u_fUVDistortionU
	0x56, 0x5b, 0x67, 0x6c, 0x5f, 0x49, 0x6e, 0x73, 0x74, 0x61, 0x6e, 0x63, 0x65, 0x49, 0x6e, 0x64, // V[gl_InstanceInd
	0x65, 0x78, 0x5d, 0x2e, 0x77, 0x29, 0x20, 0x2b, 0x20, 0x5f, 0x6d, 0x74, 0x6c, 0x5f, 0x75, 0x2e, // ex].w) + _mtl_u.
	0x75, 0x5f, 0x66, 0x55, 0x56, 0x44, 0x69, 0x73, 0x74, 0x6f, 0x72, 0x74, 0x69, 0x6f, 0x6e, 0x55, // u_fUVDistortionU
	0x56, 0x5b, 0x67, 0x6c, 0x5f, 0x49, 0x6e, 0x73, 0x74, 0x61, 0x6e, 0x63, 0x65, 0x49, 0x6e, 0x64, // V[gl_InstanceInd
	0x65, 0x78, 0x5d, 0x2e, 0x79, 0x3b, 0x0a, 0x20, 0x20, 0x20, 0x20, 0x66, 0x6c, 0x6f, 0x61, 0x74, // ex].y;.    float
	0x34, 0x20, 0x5f, 0x32, 0x30, 0x37, 0x32, 0x20, 0x3d, 0x20, 0x66, 0x6c, 0x6f, 0x61, 0x74, 0x34, // 4 _2072 = float4
	0x28, 0x28, 0x69, 0x6e, 0x2e, 0x61, 0x5f, 0x74, 0x65, 0x78, 0x63, 0x6f, 0x6f, 0x72, 0x64, 0x30, // ((in.a_texcoord0
	0x2e, 0x78, 0x20, 0x2a, 0x20, 0x5f, 0x6d, 0x74, 0x6c, 0x5f, 0x75, 0x2e, 0x75, 0x5f, 0x66, 0x41, // .x * _mtl_u.u_fA
	0x6c, 0x70, 0x68, 0x61, 0x55, 0x56, 0x5b, 0x67, 0x6c, 0x5f, 0x49, 0x6e, 0x73, 0x74, 0x61, 0x6e, // lphaUV[gl_Instan
	0x63, 0x65, 0x49, 0x6e, 0x64, 0x65, 0x78, 0x5d, 0x2e, 0x7a, 0x29, 0x20, 0x2b, 0x20, 0x5f, 0x6d, // ceIndex].z) + _m
	0x74, 0x6c, 0x5f, 0x75, 0x2e, 0x75, 0x5f, 0x66, 0x41, 0x6c, 0x70, 0x68, 0x61, 0x55, 0x56, 0x5b, // tl_u.u_fAlphaUV[
	0x67, 0x6c, 0x5f, 0x49, 0x6e, 0x73, 0x74, 0x61, 0x6e, 0x63, 0x65, 0x49, 0x6e, 0x64, 0x65, 0x78, // gl_InstanceIndex
	0x5d, 0x2e, 0x78, 0x2c, 0x20, 0x5f, 0x31, 0x32, 0x31, 0x37, 0x2c, 0x20, 0x28, 0x69, 0x6e, 0x2e, // ].x, _1217, (in.
	0x61, 0x5f, 0x74, 0x65, 0x78, 0x63, 0x6f, 0x6f, 0x72, 0x64, 0x30, 0x2e, 0x78, 0x20, 0x2a, 0x20, // a_texcoord0.x * 
	0x5f, 0x6d, 0x74, 0x6c, 0x5f, 0x75, 0x2e, 0x75, 0x5f, 0x66, 0x55, 0x56, 0x44, 0x69, 0x73, 0x74, // _mtl_u.u_fUVDist
	0x6f, 0x72, 0x74, 0x69, 0x6f, 0x6e, 0x55, 0x56, 0x5b, 0x67, 0x6c, 0x5f, 0x49, 0x6e, 0x73, 0x74, // ortionUV[gl_Inst
	0x61, 0x6e, 0x63, 0x65, 0x49, 0x6e, 0x64, 0x65, 0x78, 0x5d, 0x2e, 0x7a, 0x29, 0x20, 0x2b, 0x20, // anceIndex].z) + 
	0x5f, 0x6d, 0x74, 0x6c, 0x5f, 0x75, 0x2e, 0x75, 0x5f, 0x66, 0x55, 0x56, 0x44, 0x69, 0x73, 0x74, // _mtl_u.u_fUVDist
	0x6f, 0x72, 0x74, 0x69, 0x6f, 0x6e, 0x55, 0x56, 0x5b, 0x67, 0x6c, 0x5f, 0x49, 0x6e, 0x73, 0x74, // ortionUV[gl_Inst
	0x61, 0x6e, 0x63, 0x65, 0x49, 0x6e, 0x64, 0x65, 0x78, 0x5d, 0x2e, 0x78, 0x2c, 0x20, 0x5f, 0x31, // anceIndex].x, _1
	0x32, 0x33, 0x35, 0x29, 0x3b, 0x0a, 0x20, 0x20, 0x20, 0x20, 0x66, 0x6c, 0x6f, 0x61, 0x74, 0x20, // 235);.    float 
	0x5f, 0x31, 0x32, 0x35, 0x33, 0x20, 0x3d, 0x20, 0x28, 0x69, 0x6e, 0x2e, 0x61, 0x5f, 0x74, 0x65, // _1253 = (in.a_te
	0x78, 0x63, 0x6f, 0x6f, 0x72, 0x64, 0x30, 0x2e, 0x79, 0x20, 0x2a, 0x20, 0x5f, 0x6d, 0x74, 0x6c, // xcoord0.y * _mtl
	0x5f, 0x75, 0x2e, 0x75, 0x5f, 0x66, 0x42, 0x6c, 0x65, 0x6e, 0x64, 0x55, 0x56, 0x5b, 0x67, 0x6c, // _u.u_fBlendUV[gl
	0x5f, 0x49, 0x6e, 0x73, 0x74, 0x61, 0x6e, 0x63, 0x65, 0x49, 0x6e, 0x64, 0x65, 0x78, 0x5d, 0x2e, // _InstanceIndex].
	0x77, 0x29, 0x20, 0x2b, 0x20, 0x5f, 0x6d, 0x74, 0x6c, 0x5f, 0x75, 0x2e, 0x75, 0x5f, 0x66, 0x42, // w) + _mtl_u.u_fB
	0x6c, 0x65, 0x6e, 0x64, 0x55, 0x56, 0x5b, 0x67, 0x6c, 0x5f, 0x49, 0x6e, 0x73, 0x74, 0x61, 0x6e, // lendUV[gl_Instan
	0x63, 0x65, 0x49, 0x6e, 0x64, 0x65, 0x78, 0x5d, 0x2e, 0x79, 0x3b, 0x0a, 0x20, 0x20, 0x20, 0x20, // ceIndex].y;.    
	0x66, 0x6c, 0x6f, 0x61, 0x74, 0x20, 0x5f, 0x31, 0x32, 0x37, 0x31, 0x20, 0x3d, 0x20, 0x28, 0x69, // float _1271 = (i
	0x6e, 0x2e, 0x61, 0x5f, 0x74, 0x65, 0x78, 0x63, 0x6f, 0x6f, 0x72, 0x64, 0x30, 0x2e, 0x79, 0x20, // n.a_texcoord0.y 
	0x2a, 0x20, 0x5f, 0x6d, 0x74, 0x6c, 0x5f, 0x75, 0x2e, 0x75, 0x5f, 0x66, 0x42, 0x6c, 0x65, 0x6e, // * _mtl_u.u_fBlen
	0x64, 0x41, 0x6c, 0x70, 0x68, 0x61, 0x55, 0x56, 0x5b, 0x67, 0x6c, 0x5f, 0x49, 0x6e, 0x73, 0x74, // dAlphaUV[gl_Inst
	0x61, 0x6e, 0x63, 0x65, 0x49, 0x6e, 0x64, 0x65, 0x78, 0x5d, 0x2e, 0x77, 0x29, 0x20, 0x2b, 0x20, // anceIndex].w) + 
	0x5f, 0x6d, 0x74, 0x6c, 0x5f, 0x75, 0x2e, 0x75, 0x5f, 0x66, 0x42, 0x6c, 0x65, 0x6e, 0x64, 0x41, // _mtl_u.u_fBlendA
	0x6c, 0x70, 0x68, 0x61, 0x55, 0x56, 0x5b, 0x67, 0x6c, 0x5f, 0x49, 0x6e, 0x73, 0x74, 0x61, 0x6e, // lphaUV[gl_Instan
	0x63, 0x65, 0x49, 0x6e, 0x64, 0x65, 0x78, 0x5d, 0x2e, 0x79, 0x3b, 0x0a, 0x20, 0x20, 0x20, 0x20, // ceIndex].y;.    
	0x66, 0x6c, 0x6f, 0x61, 0x74, 0x20, 0x5f, 0x31, 0x32, 0x38, 0x39, 0x20, 0x3d, 0x20, 0x28, 0x69, // float _1289 = (i
	0x6e, 0x2e, 0x61, 0x5f, 0x74, 0x65, 0x78, 0x63, 0x6f, 0x6f, 0x72, 0x64, 0x30, 0x2e, 0x79, 0x20, // n.a_texcoord0.y 
	0x2a, 0x20, 0x5f, 0x6d, 0x74, 0x6c, 0x5f, 0x75, 0x2e, 0x75, 0x5f, 0x66, 0x42, 0x6c, 0x65, 0x6e, // * _mtl_u.u_fBlen
	0x64, 0x55, 0x56, 0x44, 0x69, 0x73, 0x74, 0x6f, 0x72, 0x74, 0x69, 0x6f, 0x6e, 0x55, 0x56, 0x5b, // dUVDistortionUV[
	0x67, 0x6c, 0x5f, 0x49, 0x6e, 0x73, 0x74, 0x61, 0x6e, 0x63, 0x65, 0x49, 0x6e, 0x64, 0x65, 0x78, // gl_InstanceIndex
	0x5d, 0x2e, 0x77, 0x29, 0x20, 0x2b, 0x20, 0x5f, 0x6d, 0x74, 0x6c, 0x5f, 0x75, 0x2e, 0x75, 0x5f, // ].w) + _mtl_u.u_
	0x66, 0x42, 0x6c, 0x65, 0x6e, 0x64, 0x55, 0x56, 0x44, 0x69, 0x73, 0x74, 0x6f, 0x72, 0x74, 0x69, // fBlendUVDistorti
	0x6f, 0x6e, 0x55, 0x56, 0x5b, 0x67, 0x6c, 0x5f, 0x49, 0x6e, 0x73, 0x74, 0x61, 0x6e, 0x63, 0x65, // onUV[gl_Instance
	0x49, 0x6e, 0x64, 0x65, 0x78, 0x5d, 0x2e, 0x79, 0x3b, 0x0a, 0x20, 0x20, 0x20, 0x20, 0x66, 0x6c, // Index].y;.    fl
	0x6f, 0x61, 0x74, 0x34, 0x20, 0x5f, 0x32, 0x30, 0x37, 0x33, 0x20, 0x3d, 0x20, 0x66, 0x6c, 0x6f, // oat4 _2073 = flo
	0x61, 0x74, 0x34, 0x28, 0x28, 0x69, 0x6e, 0x2e, 0x61, 0x5f, 0x74, 0x65, 0x78, 0x63, 0x6f, 0x6f, // at4((in.a_texcoo
	0x72, 0x64, 0x30, 0x2e, 0x78, 0x20, 0x2a, 0x20, 0x5f, 0x6d, 0x74, 0x6c, 0x5f, 0x75, 0x2e, 0x75, // rd0.x * _mtl_u.u
	0x5f, 0x66, 0x42, 0x6c, 0x65, 0x6e, 0x64, 0x41, 0x6c, 0x70, 0x68, 0x61, 0x55, 0x56, 0x5b, 0x67, // _fBlendAlphaUV[g
	0x6c, 0x5f, 0x49, 0x6e, 0x73, 0x74, 0x61, 0x6e, 0x63, 0x65, 0x49, 0x6e, 0x64, 0x65, 0x78, 0x5d, // l_InstanceIndex]
	0x2e, 0x7a, 0x29, 0x20, 0x2b, 0x20, 0x5f, 0x6d, 0x74, 0x6c, 0x5f, 0x75, 0x2e, 0x75, 0x5f, 0x66, // .z) + _mtl_u.u_f
	0x42, 0x6c, 0x65, 0x6e, 0x64, 0x41, 0x6c, 0x70, 0x68, 0x61, 0x55, 0x56, 0x5b, 0x67, 0x6c, 0x5f, // BlendAlphaUV[gl_
	0x49, 0x6e, 0x73, 0x74, 0x61, 0x6e, 0x63, 0x65, 0x49, 0x6e, 0x64, 0x65, 0x78, 0x5d, 0x2e, 0x78, // InstanceIndex].x
	0x2c, 0x20, 0x5f, 0x31, 0x32, 0x37, 0x31, 0x2c, 0x20, 0x28, 0x69, 0x6e, 0x2e, 0x61, 0x5f, 0x74, // , _1271, (in.a_t
	0x65, 0x78, 0x63, 0x6f, 0x6f, 0x72, 0x64, 0x30, 0x2e, 0x78, 0x20, 0x2a, 0x20, 0x5f, 0x6d, 0x74, // excoord0.x * _mt
	0x6c, 0x5f, 0x75, 0x2e, 0x75, 0x5f, 0x66, 0x42, 0x6c, 0x65, 0x6e, 0x64, 0x55, 0x56, 0x44, 0x69, // l_u.u_fBlendUVDi
	0x73, 0x74, 0x6f, 0x72, 0x74, 0x69, 0x6f, 0x6e, 0x55, 0x56, 0x5b, 0x67, 0x6c, 0x5f, 0x49, 0x6e, // stortionUV[gl_In
	0x73, 0x74, 0x61, 0x6e, 0x63, 0x65, 0x49, 0x6e, 0x64, 0x65, 0x78, 0x5d, 0x2e, 0x7a, 0x29, 0x20, // stanceIndex].z) 
	0x2b, 0x20, 0x5f, 0x6d, 0x74, 0x6c, 0x5f, 0x75, 0x2e, 0x75, 0x5f, 0x66, 0x42, 0x6c, 0x65, 0x6e, // + _mtl_u.u_fBlen
	0x64, 0x55, 0x56, 0x44, 0x69, 0x73, 0x74, 0x6f, 0x72, 0x74, 0x69, 0x6f, 0x6e, 0x55, 0x56, 0x5b, // dUVDistortionUV[
	0x67, 0x6c, 0x5f, 0x49, 0x6e, 0x73, 0x74, 0x61, 0x6e, 0x63, 0x65, 0x49, 0x6e, 0x64, 0x65, 0x78, // gl_InstanceIndex
	0x5d, 0x2e, 0x78, 0x2c, 0x20, 0x5f, 0x31, 0x32, 0x38, 0x39, 0x29, 0x3b, 0x0a, 0x20, 0x20, 0x20, // ].x, _1289);.   
	0x20, 0x66, 0x6c, 0x6f, 0x61, 0x74, 0x20, 0x5f, 0x31, 0x39, 0x31, 0x33, 0x3b, 0x0a, 0x20, 0x20, //  float _1913;.  
	0x20, 0x20, 0x66, 0x6c, 0x6f, 0x61, 0x74, 0x32, 0x20, 0x5f, 0x32, 0x30, 0x34, 0x32, 0x3b, 0x0a, //   float2 _2042;.
	0x20, 0x20, 0x20, 0x20, 0x69, 0x66, 0x20, 0x28, 0x5f, 0x6d, 0x74, 0x6c, 0x5f, 0x75, 0x2e, 0x75, //     if (_mtl_u.u
	0x5f, 0x66, 0x6c, 0x69, 0x70, 0x62, 0x6f, 0x6f, 0x6b, 0x50, 0x61, 0x72, 0x61, 0x6d, 0x65, 0x74, // _flipbookParamet
	0x65, 0x72, 0x31, 0x2e, 0x78, 0x20, 0x3e, 0x20, 0x30, 0x2e, 0x30, 0x29, 0x0a, 0x20, 0x20, 0x20, // er1.x > 0.0).   
	0x20, 0x7b, 0x0a, 0x20, 0x20, 0x20, 0x20, 0x20, 0x20, 0x20, 0x20, 0x66, 0x6c, 0x6f, 0x61, 0x74, //  {.        float
	0x20, 0x5f, 0x31, 0x34, 0x34, 0x32, 0x20, 0x3d, 0x20, 0x66, 0x6c, 0x6f, 0x6f, 0x72, 0x28, 0x5f, //  _1442 = floor(_
	0x6d, 0x74, 0x6c, 0x5f, 0x75, 0x2e, 0x75, 0x5f, 0x66, 0x46, 0x6c, 0x69, 0x70, 0x62, 0x6f, 0x6f, // mtl_u.u_fFlipboo
	0x6b, 0x49, 0x6e, 0x64, 0x65, 0x78, 0x41, 0x6e, 0x64, 0x4e, 0x65, 0x78, 0x74, 0x52, 0x61, 0x74, // kIndexAndNextRat
	0x65, 0x5b, 0x67, 0x6c, 0x5f, 0x49, 0x6e, 0x73, 0x74, 0x61, 0x6e, 0x63, 0x65, 0x49, 0x6e, 0x64, // e[gl_InstanceInd
	0x65, 0x78, 0x5d, 0x2e, 0x78, 0x29, 0x3b, 0x0a, 0x20, 0x20, 0x20, 0x20, 0x20, 0x20, 0x20, 0x20, // ex].x);.        
	0x66, 0x6c, 0x6f, 0x61, 0x74, 0x20, 0x5f, 0x31, 0x34, 0x34, 0x35, 0x20, 0x3d, 0x20, 0x5f, 0x31, // float _1445 = _1
	0x34, 0x34, 0x32, 0x20, 0x2b, 0x20, 0x31, 0x2e, 0x30, 0x3b, 0x0a, 0x20, 0x20, 0x20, 0x20, 0x20, // 442 + 1.0;.     
	0x20, 0x20, 0x20, 0x66, 0x6c, 0x6f, 0x61, 0x74, 0x20, 0x5f, 0x31, 0x34, 0x34, 0x38, 0x20, 0x3d, //    float _1448 =
	0x20, 0x5f, 0x6d, 0x74, 0x6c, 0x5f, 0x75, 0x2e, 0x75, 0x5f, 0x66, 0x6c, 0x69, 0x70, 0x62, 0x6f, //  _mtl_u.u_flipbo
	0x6f, 0x6b, 0x50, 0x61, 0x72, 0x61, 0x6d, 0x65, 0x74, 0x65, 0x72, 0x31, 0x2e, 0x7a, 0x20, 0x2a, // okParameter1.z *
	0x20, 0x5f, 0x6d, 0x74, 0x6c, 0x5f, 0x75, 0x2e, 0x75, 0x5f, 0x66, 0x6c, 0x69, 0x70, 0x62, 0x6f, //  _mtl_u.u_flipbo
	0x6f, 0x6b, 0x50, 0x61, 0x72, 0x61, 0x6d, 0x65, 0x74, 0x65, 0x72, 0x31, 0x2e, 0x77, 0x3b, 0x0a, // okParameter1.w;.
	0x20, 0x20, 0x20, 0x20, 0x20, 0x20, 0x20, 0x20, 0x66, 0x6c, 0x6f, 0x61, 0x74, 0x20, 0x5f, 0x31, //         float _1
	0x39, 0x30, 0x32, 0x3b, 0x0a, 0x20, 0x20, 0x20, 0x20, 0x20, 0x20, 0x20, 0x20, 0x66, 0x6c, 0x6f, // 902;.        flo
	0x61, 0x74, 0x20, 0x5f, 0x31, 0x39, 0x30, 0x38, 0x3b, 0x0a, 0x20, 0x20, 0x20, 0x20, 0x20, 0x20, // at _1908;.      
	0x20, 0x20, 0x69, 0x66, 0x20, 0x28, 0x5f, 0x6d, 0x74, 0x6c, 0x5f, 0x75, 0x2e, 0x75, 0x5f, 0x66, //   if (_mtl_u.u_f
	0x6c, 0x69, 0x70, 0x62, 0x6f, 0x6f, 0x6b, 0x50, 0x61, 0x72, 0x61, 0x6d, 0x65, 0x74, 0x65, 0x72, // lipbookParameter
	0x31, 0x2e, 0x79, 0x20, 0x3d, 0x3d, 0x20, 0x30, 0x2e, 0x30, 0x29, 0x0a, 0x20, 0x20, 0x20, 0x20, // 1.y == 0.0).    
	0x20, 0x20, 0x20, 0x20, 0x7b, 0x0a, 0x20, 0x20, 0x20, 0x20, 0x20, 0x20, 0x20, 0x20, 0x20, 0x20, //     {.          
	0x20, 0x20, 0x66, 0x6c, 0x6f, 0x61, 0x74, 0x20, 0x5f, 0x31, 0x39, 0x30, 0x33, 0x3b, 0x0a, 0x20, //   float _1903;. 
	0x20, 0x20, 0x20, 0x20, 0x20, 0x20, 0x20, 0x20, 0x20, 0x20, 0x20, 0x66, 0x6c, 0x6f, 0x61, 0x74, //            float
	0x20, 0x5f, 0x31, 0x39, 0x30, 0x39, 0x3b, 0x0a, 0x20, 0x20, 0x20, 0x20, 0x20, 0x20, 0x20, 0x20, //  _1909;.        
	0x20, 0x20, 0x20, 0x20, 0x69, 0x66, 0x20, 0x28, 0x5f, 0x31, 0x34, 0x34, 0x35, 0x20, 0x3e, 0x3d, //     if (_1445 >=
	0x20, 0x5f, 0x31, 0x34, 0x34, 0x38, 0x29, 0x0a, 0x20, 0x20, 0x20, 0x20, 0x20, 0x20, 0x20, 0x20, //  _1448).        
	0x20, 0x20, 0x20, 0x20, 0x7b, 0x0a, 0x20, 0x20, 0x20, 0x20, 0x20, 0x20, 0x20, 0x20, 0x20, 0x20, //     {.          
	0x20, 0x20, 0x20, 0x20, 0x20, 0x20, 0x66, 0x6c, 0x6f, 0x61, 0x74, 0x20, 0x5f, 0x31, 0x34, 0x35, //       float _145
	0x37, 0x20, 0x3d, 0x20, 0x5f, 0x31, 0x34, 0x34, 0x38, 0x20, 0x2d, 0x20, 0x31, 0x2e, 0x30, 0x3b, // 7 = _1448 - 1.0;
	0x0a, 0x20, 0x20, 0x20, 0x20, 0x20, 0x20, 0x20, 0x20, 0x20, 0x20, 0x20, 0x20, 0x20, 0x20, 0x20, // .               
	0x20, 0x5f, 0x31, 0x39, 0x30, 0x39, 0x20, 0x3d, 0x20, 0x5f, 0x31, 0x34, 0x35, 0x37, 0x3b, 0x0a, //  _1909 = _1457;.
	0x20, 0x20, 0x20, 0x20, 0x20, 0x20, 0x20, 0x20, 0x20, 0x20, 0x20, 0x20, 0x20, 0x20, 0x20, 0x20, //                 
	0x5f, 0x31, 0x39, 0x30, 0x33, 0x20, 0x3d, 0x20, 0x5f, 0x31, 0x34, 0x35, 0x37, 0x3b, 0x0a, 0x20, // _1903 = _1457;. 
	0x20, 0x20, 0x20, 0x20, 0x20, 0x20, 0x20, 0x20, 0x20, 0x20, 0x20, 0x7d, 0x0a, 0x20, 0x20, 0x20, //            }.   
	0x20, 0x20, 0x20, 0x20, 0x20, 0x20, 0x20, 0x20, 0x20, 0x65, 0x6c, 0x73, 0x65, 0x0a, 0x20, 0x20, //          else.  
	0x20, 0x20, 0x20, 0x20, 0x20, 0x20, 0x20, 0x20, 0x20, 0x20, 0x7b, 0x0a, 0x20, 0x20, 0x20, 0x20, //           {.    
	0x20, 0x20, 0x20, 0x20, 0x20, 0x20, 0x20, 0x20, 0x20, 0x20, 0x20, 0x20, 0x5f, 0x31, 0x39, 0x30, //             _190
	0x39, 0x20, 0x3d, 0x20, 0x5f, 0x31, 0x34, 0x34, 0x35, 0x3b, 0x0a, 0x20, 0x20, 0x20, 0x20, 0x20, // 9 = _1445;.     
	0x20, 0x20, 0x20, 0x20, 0x20, 0x20, 0x20, 0x20, 0x20, 0x20, 0x20, 0x5f, 0x31, 0x39, 0x30, 0x33, //            _1903
	0x20, 0x3d, 0x20, 0x5f, 0x31, 0x34, 0x34, 0x32, 0x3b, 0x0a, 0x20, 0x20, 0x20, 0x20, 0x20, 0x20, //  = _1442;.      
	0x20, 0x20, 0x20, 0x20, 0x20, 0x20, 0x7d, 0x0a, 0x20, 0x20, 0x20, 0x20, 0x20, 0x20, 0x20, 0x20, //       }.        
	0x20, 0x20, 0x20, 0x20, 0x5f, 0x31, 0x39, 0x30, 0x38, 0x20, 0x3d, 0x20, 0x5f, 0x31, 0x39, 0x30, //     _1908 = _190
	0x39, 0x3b, 0x0a, 0x20, 0x20, 0x20, 0x20, 0x20, 0x20, 0x20, 0x20, 0x20, 0x20, 0x20, 0x20, 0x5f, // 9;.            _
	0x31, 0x39, 0x30, 0x32, 0x20, 0x3d, 0x20, 0x5f, 0x31, 0x39, 0x30, 0x33, 0x3b, 0x0a, 0x20, 0x20, // 1902 = _1903;.  
	0x20, 0x20, 0x20, 0x20, 0x20, 0x20, 0x7d, 0x0a, 0x20, 0x20, 0x20, 0x20, 0x20, 0x20, 0x20, 0x20, //       }.        
	0x65, 0x6c, 0x73, 0x65, 0x0a, 0x20, 0x20, 0x20, 0x20, 0x20, 0x20, 0x20, 0x20, 0x7b, 0x0a, 0x20, // else.        {. 
	0x20, 0x20, 0x20, 0x20, 0x20, 0x20, 0x20, 0x20, 0x20, 0x20, 0x20, 0x66, 0x6c, 0x6f, 0x61, 0x74, //            float
	0x20, 0x5f, 0x31, 0x39, 0x30, 0x34, 0x3b, 0x0a, 0x20, 0x20, 0x20, 0x20, 0x20, 0x20, 0x20, 0x20, //  _1904;.        
	0x20, 0x20, 0x20, 0x20, 0x66, 0x6c, 0x6f, 0x61, 0x74, 0x20, 0x5f, 0x31, 0x39, 0x31, 0x30, 0x3b, //     float _1910;
	0x0a, 0x20, 0x20, 0x20, 0x20, 0x20, 0x20, 0x20, 0x20, 0x20, 0x20, 0x20, 0x20, 0x69, 0x66, 0x20, // .            if 
	0x28, 0x5f, 0x6d, 0x74, 0x6c, 0x5f, 0x75, 0x2e, 0x75, 0x5f, 0x66, 0x6c, 0x69, 0x70, 0x62, 0x6f, // (_mtl_u.u_flipbo
	0x6f, 0x6b, 0x50, 0x61, 0x72, 0x61, 0x6d, 0x65, 0x74, 0x65, 0x72, 0x31, 0x2e, 0x79, 0x20, 0x3d, // okParameter1.y =
	0x3d, 0x20, 0x31, 0x2e, 0x30, 0x29, 0x0a, 0x20, 0x20, 0x20, 0x20, 0x20, 0x20, 0x20, 0x20, 0x20, // = 1.0).         
	0x20, 0x20, 0x20, 0x7b, 0x0a, 0x20, 0x20, 0x20, 0x20, 0x20, 0x20, 0x20, 0x20, 0x20, 0x20, 0x20, //    {.           
	0x20, 0x20, 0x20, 0x20, 0x20, 0x5f, 0x31, 0x39, 0x31, 0x30, 0x20, 0x3d, 0x20, 0x5f, 0x31, 0x34, //      _1910 = _14
	0x34, 0x35, 0x20, 0x2d, 0x20, 0x28, 0x5f, 0x31, 0x34, 0x34, 0x38, 0x20, 0x2a, 0x20, 0x66, 0x6c, // 45 - (_1448 * fl
	0x6f, 0x6f, 0x72, 0x28, 0x5f, 0x31, 0x34, 0x34, 0x35, 0x20, 0x2f, 0x20, 0x5f, 0x31, 0x34, 0x34, // oor(_1445 / _144
	0x38, 0x29, 0x29, 0x3b, 0x0a, 0x20, 0x20, 0x20, 0x20, 0x20, 0x20, 0x20, 0x20, 0x20, 0x20, 0x20, // 8));.           
	0x20, 0x20, 0x20, 0x20, 0x20, 0x5f, 0x31, 0x39, 0x30, 0x34, 0x20, 0x3d, 0x20, 0x5f, 0x31, 0x34, //      _1904 = _14
	0x34, 0x32, 0x20, 0x2d, 0x20, 0x28, 0x5f, 0x31, 0x34, 0x34, 0x38, 0x20, 0x2a, 0x20, 0x66, 0x6c, // 42 - (_1448 * fl
	0x6f, 0x6f, 0x72, 0x28, 0x5f, 0x31, 0x34, 0x34, 0x32, 0x20, 0x2f, 0x20, 0x5f, 0x31, 0x34, 0x34, // oor(_1442 / _144
	0x38, 0x29, 0x29, 0x3b, 0x0a, 0x20, 0x20, 0x20, 0x20, 0x20, 0x20, 0x20, 0x20, 0x20, 0x20, 0x20, // 8));.           
	0x20, 0x7d, 0x0a, 0x20, 0x20, 0x20, 0x20, 0x20, 0x20, 0x20, 0x20, 0x20, 0x20, 0x20, 0x20, 0x65, //  }.            e
	0x6c, 0x73, 0x65, 0x0a, 0x20, 0x20, 0x20, 0x20, 0x20, 0x20, 0x20, 0x20, 0x20, 0x20, 0x20, 0x20, // lse.            
	0x7b, 0x0a, 0x20, 0x20, 0x20, 0x20, 0x20, 0x20, 0x20, 0x20, 0x20, 0x20, 0x20, 0x20, 0x20, 0x20, // {.              
	0x20, 0x20, 0x66, 0x6c, 0x6f, 0x61, 0x74, 0x20, 0x5f, 0x31, 0x39, 0x30, 0x35, 0x3b, 0x0a, 0x20, //   float _1905;. 
	0x20, 0x20, 0x20, 0x20, 0x20, 0x20, 0x20, 0x20, 0x20, 0x20, 0x20, 0x20, 0x20, 0x20, 0x20, 0x66, //                f
	0x6c, 0x6f, 0x61, 0x74, 0x20, 0x5f, 0x31, 0x39, 0x31, 0x31, 0x3b, 0x0a, 0x20, 0x20, 0x20, 0x20, // loat _1911;.    
	0x20, 0x20, 0x20, 0x20, 0x20, 0x20, 0x20, 0x20, 0x20, 0x20, 0x20, 0x20, 0x69, 0x66, 0x20, 0x28, //             if (
	0x5f, 0x6d, 0x74, 0x6c, 0x5f, 0x75, 0x2e, 0x75, 0x5f, 0x66, 0x6c, 0x69, 0x70, 0x62, 0x6f, 0x6f, // _mtl_u.u_flipboo
	0x6b, 0x50, 0x61, 0x72, 0x61, 0x6d, 0x65, 0x74, 0x65, 0x72, 0x31, 0x2e, 0x79, 0x20, 0x3d, 0x3d, // kParameter1.y ==
	0x20, 0x32, 0x2e, 0x30, 0x29, 0x0a, 0x20, 0x20, 0x20, 0x20, 0x20, 0x20, 0x20, 0x20, 0x20, 0x20, //  2.0).          
	0x20, 0x20, 0x20, 0x20, 0x20, 0x20, 0x7b, 0x0a, 0x20, 0x20, 0x20, 0x20, 0x20, 0x20, 0x20, 0x20, //       {.        
	0x20, 0x20, 0x20, 0x20, 0x20, 0x20, 0x20, 0x20, 0x20, 0x20, 0x20, 0x20, 0x66, 0x6c, 0x6f, 0x61, //             floa
	0x74, 0x20, 0x5f, 0x31, 0x34, 0x37, 0x38, 0x20, 0x3d, 0x20, 0x66, 0x6c, 0x6f, 0x6f, 0x72, 0x28, // t _1478 = floor(
	0x5f, 0x31, 0x34, 0x34, 0x32, 0x20, 0x2f, 0x20, 0x5f, 0x31, 0x34, 0x34, 0x38, 0x29, 0x3b, 0x0a, // _1442 / _1448);.
	0x20, 0x20, 0x20, 0x20, 0x20, 0x20, 0x20, 0x20, 0x20, 0x20, 0x20, 0x20, 0x20, 0x20, 0x20, 0x20, //                 
	0x20, 0x20, 0x20, 0x20, 0x66, 0x6c, 0x6f, 0x61, 0x74, 0x20, 0x5f, 0x31, 0x35, 0x39, 0x33, 0x20, //     float _1593 
	0x3d, 0x20, 0x5f, 0x31, 0x34, 0x34, 0x32, 0x20, 0x2d, 0x20, 0x28, 0x5f, 0x31, 0x34, 0x34, 0x38, // = _1442 - (_1448
	0x20, 0x2a, 0x20, 0x5f, 0x31, 0x34, 0x37, 0x38, 0x29, 0x3b, 0x0a, 0x20, 0x20, 0x20, 0x20, 0x20, //  * _1478);.     
	0x20, 0x20, 0x20, 0x20, 0x20, 0x20, 0x20, 0x20, 0x20, 0x20, 0x20, 0x20, 0x20, 0x20, 0x20, 0x66, //                f
	0x6c, 0x6f, 0x61, 0x74, 0x20, 0x5f, 0x31, 0x39, 0x30, 0x37, 0x3b, 0x0a, 0x20, 0x20, 0x20, 0x20, // loat _1907;.    
	0x20, 0x20, 0x20, 0x20, 0x20, 0x20, 0x20, 0x20, 0x20, 0x20, 0x20, 0x20, 0x20, 0x20, 0x20, 0x20, //                 
	0x69, 0x66, 0x20, 0x28, 0x28, 0x5f, 0x31, 0x34, 0x37, 0x38, 0x20, 0x2d, 0x20, 0x28, 0x32, 0x2e, // if ((_1478 - (2.
	0x30, 0x20, 0x2a, 0x20, 0x66, 0x6c, 0x6f, 0x6f, 0x72, 0x28, 0x5f, 0x31, 0x34, 0x37, 0x38, 0x20, // 0 * floor(_1478 
	0x2a, 0x20, 0x30, 0x2e, 0x35, 0x29, 0x29, 0x29, 0x20, 0x3d, 0x3d, 0x20, 0x31, 0x2e, 0x30, 0x29, // * 0.5))) == 1.0)
	0x0a, 0x20, 0x20, 0x20, 0x20, 0x20, 0x20, 0x20, 0x20, 0x20, 0x20, 0x20, 0x20, 0x20, 0x20, 0x20, // .               
	0x20, 0x20, 0x20, 0x20, 0x20, 0x7b, 0x0a, 0x20, 0x20, 0x20, 0x20, 0x20, 0x20, 0x20, 0x20, 0x20, //      {.         
	0x20, 0x20, 0x20, 0x20, 0x20, 0x20, 0x20, 0x20, 0x20, 0x20, 0x20, 0x20, 0x20, 0x20, 0x20, 0x5f, //                _
	0x31, 0x39, 0x30, 0x37, 0x20, 0x3d, 0x20, 0x28, 0x5f, 0x31, 0x34, 0x34, 0x38, 0x20, 0x2d, 0x20, // 1907 = (_1448 - 
	0x31, 0x2e, 0x30, 0x29, 0x20, 0x2d, 0x20, 0x66, 0x6c, 0x6f, 0x6f, 0x72, 0x28, 0x5f, 0x31, 0x35, // 1.0) - floor(_15
	0x39, 0x33, 0x29, 0x3b, 0x0a, 0x20, 0x20, 0x20, 0x20, 0x20, 0x20, 0x20, 0x20, 0x20, 0x20, 0x20, // 93);.           
	0x20, 0x20, 0x20, 0x20, 0x20, 0x20, 0x20, 0x20, 0x20, 0x7d, 0x0a, 0x20, 0x20, 0x20, 0x20, 0x20, //          }.     
	0x20, 0x20, 0x20, 0x20, 0x20, 0x20, 0x20, 0x20, 0x20, 0x20, 0x20, 0x20, 0x20, 0x20, 0x20, 0x65, //                e
	0x6c, 0x73, 0x65, 0x0a, 0x20, 0x20, 0x20, 0x20, 0x20, 0x20, 0x20, 0x20, 0x20, 0x20, 0x20, 0x20, // lse.            
	0x20, 0x20, 0x20, 0x20, 0x20, 0x20, 0x20, 0x20, 0x7b, 0x0a, 0x20, 0x20, 0x20, 0x20, 0x20, 0x20, //         {.      
	0x20, 0x20, 0x20, 0x20, 0x20, 0x20, 0x20, 0x20, 0x20, 0x20, 0x20, 0x20, 0x20, 0x20, 0x20, 0x20, //                 
	0x20, 0x20, 0x5f, 0x31, 0x39, 0x30, 0x37, 0x20, 0x3d, 0x20, 0x5f, 0x31, 0x35, 0x39, 0x33, 0x3b, //   _1907 = _1593;
	0x0a, 0x20, 0x20, 0x20, 0x20, 0x20, 0x20, 0x20, 0x20, 0x20, 0x20, 0x20, 0x20, 0x20, 0x20, 0x20, // .               
	0x20, 0x20, 0x20, 0x20, 0x20, 0x7d, 0x0a, 0x20, 0x20, 0x20, 0x20, 0x20, 0x20, 0x20, 0x20, 0x20, //      }.         
	0x20, 0x20, 0x20, 0x20, 0x20, 0x20, 0x20, 0x20, 0x20, 0x20, 0x20, 0x66, 0x6c, 0x6f, 0x61, 0x74, //            float
	0x20, 0x5f, 0x31, 0x34, 0x39, 0x35, 0x20, 0x3d, 0x20, 0x66, 0x6c, 0x6f, 0x6f, 0x72, 0x28, 0x5f, //  _1495 = floor(_
	0x31, 0x34, 0x34, 0x35, 0x20, 0x2f, 0x20, 0x5f, 0x31, 0x34, 0x34, 0x38, 0x29, 0x3b, 0x0a, 0x20, // 1445 / _1448);. 
	0x20, 0x20, 0x20, 0x20, 0x20, 0x20, 0x20, 0x20, 0x20, 0x20, 0x20, 0x20, 0x20, 0x20, 0x20, 0x20, //                 
	0x20, 0x20, 0x20, 0x66, 0x6c, 0x6f, 0x61, 0x74, 0x20, 0x5f, 0x31, 0x36, 0x31, 0x33, 0x20, 0x3d, //    float _1613 =
	0x20, 0x5f, 0x31, 0x34, 0x34, 0x35, 0x20, 0x2d, 0x20, 0x28, 0x5f, 0x31, 0x34, 0x34, 0x38, 0x20, //  _1445 - (_1448 
	0x2a, 0x20, 0x5f, 0x31, 0x34, 0x39, 0x35, 0x29, 0x3b, 0x0a, 0x20, 0x20, 0x20, 0x20, 0x20, 0x20, // * _1495);.      
	0x20, 0x20, 0x20, 0x20, 0x20, 0x20, 0x20, 0x20, 0x20, 0x20, 0x20, 0x20, 0x20, 0x20, 0x66, 0x6c, //               fl
	0x6f, 0x61, 0x74, 0x20, 0x5f, 0x31, 0x39, 0x31, 0x32, 0x3b, 0x0a, 0x20, 0x20, 0x20, 0x20, 0x20, // oat _1912;.     
	0x20, 0x20, 0x20, 0x20, 0x20, 0x20, 0x20, 0x20, 0x20, 0x20, 0x20, 0x20, 0x20, 0x20, 0x20, 0x69, //                i
	0x66, 0x20, 0x28, 0x28, 0x5f, 0x31, 0x34, 0x39, 0x35, 0x20, 0x2d, 0x20, 0x28, 0x32, 0x2e, 0x30, // f ((_1495 - (2.0
	0x20, 0x2a, 0x20, 0x66, 0x6c, 0x6f, 0x6f, 0x72, 0x28, 0x5f, 0x31, 0x34, 0x39, 0x35, 0x20, 0x2a, //  * floor(_1495 *
	0x20, 0x30, 0x2e, 0x35, 0x29, 0x29, 0x29, 0x20, 0x3d, 0x3d, 0x20, 0x31, 0x2e, 0x30, 0x29, 0x0a, //  0.5))) == 1.0).
	0x20, 0x20, 0x20, 0x20, 0x20, 0x20, 0x20, 0x20, 0x20, 0x20, 0x20, 0x20, 0x20, 0x20, 0x20, 0x20, //                 
	0x20, 0x20, 0x20, 0x20, 0x7b, 0x0a, 0x20, 0x20, 0x20, 0x20, 0x20, 0x20, 0x20, 0x20, 0x20, 0x20, //     {.          
	0x20, 0x20, 0x20, 0x20, 0x20, 0x20, 0x20, 0x20, 0x20, 0x20, 0x20, 0x20, 0x20, 0x20, 0x5f, 0x31, //               _1
	0x39, 0x31, 0x32, 0x20, 0x3d, 0x20, 0x28, 0x5f, 0x31, 0x34, 0x34, 0x38, 0x20, 0x2d, 0x20, 0x31, // 912 = (_1448 - 1
	0x2e, 0x30, 0x29, 0x20, 0x2d, 0x20, 0x66, 0x6c, 0x6f, 0x6f, 0x72, 0x28, 0x5f, 0x31, 0x36, 0x31, // .0) - floor(_161
	0x33, 0x29, 0x3b, 0x0a, 0x20, 0x20, 0x20, 0x20, 0x20, 0x20, 0x20, 0x20, 0x20, 0x20, 0x20, 0x20, // 3);.            
	0x20, 0x20, 0x20, 0x20, 0x20, 0x20, 0x20, 0x20, 0x7d, 0x0a, 0x20, 0x20, 0x20, 0x20, 0x20, 0x20, //         }.      
	0x20, 0x20, 0x20, 0x20, 0x20, 0x20, 0x20, 0x20, 0x20, 0x20, 0x20, 0x20, 0x20, 0x20, 0x65, 0x6c, //               el
	0x73, 0x65, 0x0a, 0x20, 0x20, 0x20, 0x20, 0x20, 0x20, 0x20, 0x20, 0x20, 0x20, 0x20, 0x20, 0x20, // se.             
	0x20, 0x20, 0x20, 0x20, 0x20, 0x20, 0x20, 0x7b, 0x0a, 0x20, 0x20, 0x20, 0x20, 0x20, 0x20, 0x20, //        {.       
	0x20, 0x20, 0x20, 0x20, 0x20, 0x20, 0x20, 0x20, 0x20, 0x20, 0x20, 0x20, 0x20, 0x20, 0x20, 0x20, //                 
	0x20, 0x5f, 0x31, 0x39, 0x31, 0x32, 0x20, 0x3d, 0x20, 0x5f, 0x31, 0x36, 0x31, 0x33, 0x3b, 0x0a, //  _1912 = _1613;.
	0x20, 0x20, 0x20, 0x20, 0x20, 0x20, 0x20, 0x20, 0x20, 0x20, 0x20, 0x20, 0x20, 0x20, 0x20, 0x20, //                 
	0x20, 0x20, 0x20, 0x20, 0x7d, 0x0a, 0x20, 0x20, 0x20, 0x20, 0x20, 0x20, 0x20, 0x20, 0x20, 0x20, //     }.          
	0x20, 0x20, 0x20, 0x20, 0x20, 0x20, 0x20, 0x20, 0x20, 0x20, 0x5f, 0x31, 0x39, 0x31, 0x31, 0x20, //           _1911 
	0x3d, 0x20, 0x5f, 0x31, 0x39, 0x31, 0x32, 0x3b, 0x0a, 0x20, 0x20, 0x20, 0x20, 0x20, 0x20, 0x20, // = _1912;.       
	0x20, 0x20, 0x20, 0x20, 0x20, 0x20, 0x20, 0x20, 0x20, 0x20, 0x20, 0x20, 0x20, 0x5f, 0x31, 0x39, //              _19
	0x30, 0x35, 0x20, 0x3d, 0x20, 0x5f, 0x31, 0x39, 0x30, 0x37, 0x3b, 0x0a, 0x20, 0x20, 0x20, 0x20, // 05 = _1907;.    
	0x20, 0x20, 0x20, 0x20, 0x20, 0x20, 0x20, 0x20, 0x20, 0x20, 0x20, 0x20, 0x7d, 0x0a, 0x20, 0x20, //             }.  
	0x20, 0x20, 0x20, 0x20, 0x20, 0x20, 0x20, 0x20, 0x20, 0x20, 0x20, 0x20, 0x20, 0x20, 0x65, 0x6c, //               el
	0x73, 0x65, 0x0a, 0x20, 0x20, 0x20, 0x20, 0x20, 0x20, 0x20, 0x20, 0x20, 0x20, 0x20, 0x20, 0x20, // se.             
	0x20, 0x20, 0x20, 0x7b, 0x0a, 0x20, 0x20, 0x20, 0x20, 0x20, 0x20, 0x20, 0x20, 0x20, 0x20, 0x20, //    {.           
	0x20, 0x20, 0x20, 0x20, 0x20, 0x20, 0x20, 0x20, 0x20, 0x5f, 0x31, 0x39, 0x31, 0x31, 0x20, 0x3d, //          _1911 =
	0x20, 0x5f, 0x31, 0x34, 0x34, 0x35, 0x3b, 0x0a, 0x20, 0x20, 0x20, 0x20, 0x20, 0x20, 0x20, 0x20, //  _1445;.        
	0x20, 0x20, 0x20, 0x20, 0x20, 0x20, 0x20, 0x20, 0x20, 0x20, 0x20, 0x20, 0x5f, 0x31, 0x39, 0x30, //             _190
	0x35, 0x20, 0x3d, 0x20, 0x5f, 0x31, 0x34, 0x34, 0x32, 0x3b, 0x0a, 0x20, 0x20, 0x20, 0x20, 0x20, // 5 = _1442;.     
	0x20, 0x20, 0x20, 0x20, 0x20, 0x20, 0x20, 0x20, 0x20, 0x20, 0x20, 0x7d, 0x0a, 0x20, 0x20, 0x20, //            }.   
	0x20, 0x20, 0x20, 0x20, 0x20, 0x20, 0x20, 0x20, 0x20, 0x20, 0x20, 0x20, 0x20, 0x5f, 0x31, 0x39, //              _19
	0x31, 0x30, 0x20, 0x3d, 0x20, 0x5f, 0x31, 0x39, 0x31, 0x31, 0x3b, 0x0a, 0x20, 0x20, 0x20, 0x20, // 10 = _1911;.    
	0x20, 0x20, 0x20, 0x20, 0x20, 0x20, 0x20, 0x20, 0x20, 0x20, 0x20, 0x20, 0x5f, 0x31, 0x39, 0x30, //             _190
	0x34, 0x20, 0x3d, 0x20, 0x5f, 0x31, 0x39, 0x30, 0x35, 0x3b, 0x0a, 0x20, 0x20, 0x20, 0x20, 0x20, // 4 = _1905;.     
	0x20, 0x20, 0x20, 0x20, 0x20, 0x20, 0x20, 0x7d, 0x0a, 0x20, 0x20, 0x20, 0x20, 0x20, 0x20, 0x20, //        }.       
	0x20, 0x20, 0x20, 0x20, 0x20, 0x5f, 0x31, 0x39, 0x30, 0x38, 0x20, 0x3d, 0x20, 0x5f, 0x31, 0x39, //      _1908 = _19
	0x31, 0x30, 0x3b, 0x0a, 0x20, 0x20, 0x20, 0x20, 0x20, 0x20, 0x20, 0x20, 0x20, 0x20, 0x20, 0x20, // 10;.            
	0x5f, 0x31, 0x39, 0x30, 0x32, 0x20, 0x3d, 0x20, 0x5f, 0x31, 0x39, 0x30, 0x34, 0x3b, 0x0a, 0x20, // _1902 = _1904;. 
	0x20, 0x20, 0x20, 0x20, 0x20, 0x20, 0x20, 0x7d, 0x0a, 0x20, 0x20, 0x20, 0x20, 0x20, 0x20, 0x20, //        }.       
	0x20, 0x5f, 0x31, 0x31, 0x35, 0x36, 0x2e, 0x79, 0x20, 0x3d, 0x20, 0x5f, 0x6d, 0x74, 0x6c, 0x5f, //  _1156.y = _mtl_
	0x75, 0x2e, 0x75, 0x5f, 0x6d, 0x55, 0x56, 0x49, 0x6e, 0x76, 0x65, 0x72, 0x73, 0x65, 0x64, 0x2e, // u.u_mUVInversed.
	0x78, 0x20, 0x2b, 0x20, 0x28, 0x5f, 0x6d, 0x74, 0x6c, 0x5f, 0x75, 0x2e, 0x75, 0x5f, 0x6d, 0x55, // x + (_mtl_u.u_mU
	0x56, 0x49, 0x6e, 0x76, 0x65, 0x72, 0x73, 0x65, 0x64, 0x2e, 0x79, 0x20, 0x2a, 0x20, 0x5f, 0x31, // VInversed.y * _1
	0x30, 0x39, 0x37, 0x29, 0x3b, 0x0a, 0x20, 0x20, 0x20, 0x20, 0x20, 0x20, 0x20, 0x20, 0x69, 0x6e, // 097);.        in
	0x74, 0x20, 0x5f, 0x31, 0x36, 0x32, 0x31, 0x20, 0x3d, 0x20, 0x69, 0x6e, 0x74, 0x28, 0x5f, 0x31, // t _1621 = int(_1
	0x39, 0x30, 0x32, 0x29, 0x3b, 0x0a, 0x20, 0x20, 0x20, 0x20, 0x20, 0x20, 0x20, 0x20, 0x66, 0x6c, // 902);.        fl
	0x6f, 0x61, 0x74, 0x20, 0x5f, 0x31, 0x36, 0x32, 0x32, 0x20, 0x3d, 0x20, 0x66, 0x6c, 0x6f, 0x61, // oat _1622 = floa
	0x74, 0x28, 0x5f, 0x31, 0x36, 0x32, 0x31, 0x29, 0x3b, 0x0a, 0x20, 0x20, 0x20, 0x20, 0x20, 0x20, // t(_1621);.      
	0x20, 0x20, 0x69, 0x6e, 0x74, 0x20, 0x5f, 0x31, 0x36, 0x32, 0x34, 0x20, 0x3d, 0x20, 0x69, 0x6e, //   int _1624 = in
	0x74, 0x28, 0x5f, 0x6d, 0x74, 0x6c, 0x5f, 0x75, 0x2e, 0x75, 0x5f, 0x66, 0x6c, 0x69, 0x70, 0x62, // t(_mtl_u.u_flipb
	0x6f, 0x6f, 0x6b, 0x50, 0x61, 0x72, 0x61, 0x6d, 0x65, 0x74, 0x65, 0x72, 0x31, 0x2e, 0x7a, 0x29, // ookParameter1.z)
	0x3b, 0x0a, 0x20, 0x20, 0x20, 0x20, 0x20, 0x20, 0x20, 0x20, 0x66, 0x6c, 0x6f, 0x61, 0x74, 0x20, // ;.        float 
	0x5f, 0x31, 0x36, 0x32, 0x35, 0x20, 0x3d, 0x20, 0x66, 0x6c, 0x6f, 0x61, 0x74, 0x28, 0x5f, 0x31, // _1625 = float(_1
	0x36, 0x32, 0x34, 0x29, 0x3b, 0x0a, 0x20, 0x20, 0x20, 0x20, 0x20, 0x20, 0x20, 0x20, 0x69, 0x6e, // 624);.        in
	0x74, 0x20, 0x5f, 0x31, 0x36, 0x35, 0x39, 0x20, 0x3d, 0x20, 0x69, 0x6e, 0x74, 0x28, 0x5f, 0x31, // t _1659 = int(_1
	0x39, 0x30, 0x38, 0x29, 0x3b, 0x0a, 0x20, 0x20, 0x20, 0x20, 0x20, 0x20, 0x20, 0x20, 0x66, 0x6c, // 908);.        fl
	0x6f, 0x61, 0x74, 0x20, 0x5f, 0x31, 0x36, 0x36, 0x30, 0x20, 0x3d, 0x20, 0x66, 0x6c, 0x6f, 0x61, // oat _1660 = floa
	0x74, 0x28, 0x5f, 0x31, 0x36, 0x35, 0x39, 0x29, 0x3b, 0x0a, 0x20, 0x20, 0x20, 0x20, 0x20, 0x20, // t(_1659);.      
	0x20, 0x20, 0x66, 0x6c, 0x6f, 0x61, 0x74, 0x32, 0x20, 0x5f, 0x31, 0x36, 0x37, 0x39, 0x20, 0x3d, //   float2 _1679 =
	0x20, 0x28, 0x28, 0x5f, 0x31, 0x31, 0x35, 0x36, 0x20, 0x2d, 0x20, 0x28, 0x28, 0x66, 0x6c, 0x6f, //  ((_1156 - ((flo
	0x61, 0x74, 0x32, 0x28, 0x5f, 0x31, 0x36, 0x32, 0x32, 0x20, 0x2d, 0x20, 0x28, 0x5f, 0x31, 0x36, // at2(_1622 - (_16
	0x32, 0x35, 0x20, 0x2a, 0x20, 0x66, 0x6c, 0x6f, 0x6f, 0x72, 0x28, 0x5f, 0x31, 0x36, 0x32, 0x32, // 25 * floor(_1622
	0x20, 0x2f, 0x20, 0x5f, 0x31, 0x36, 0x32, 0x35, 0x29, 0x29, 0x2c, 0x20, 0x66, 0x6c, 0x6f, 0x61, //  / _1625)), floa
	0x74, 0x28, 0x5f, 0x31, 0x36, 0x32, 0x31, 0x20, 0x2f, 0x20, 0x5f, 0x31, 0x36, 0x32, 0x34, 0x29, // t(_1621 / _1624)
	0x29, 0x20, 0x2a, 0x20, 0x5f, 0x6d, 0x74, 0x6c, 0x5f, 0x75, 0x2e, 0x75, 0x5f, 0x66, 0x6c, 0x69, // ) * _mtl_u.u_fli
	0x70, 0x62, 0x6f, 0x6f, 0x6b, 0x50, 0x61, 0x72, 0x61, 0x6d, 0x65, 0x74, 0x65, 0x72, 0x32, 0x2e, // pbookParameter2.
	0x78, 0x79, 0x29, 0x20, 0x2b, 0x20, 0x5f, 0x6d, 0x74, 0x6c, 0x5f, 0x75, 0x2e, 0x75, 0x5f, 0x66, // xy) + _mtl_u.u_f
	0x6c, 0x69, 0x70, 0x62, 0x6f, 0x6f, 0x6b, 0x50, 0x61, 0x72, 0x61, 0x6d, 0x65, 0x74, 0x65, 0x72, // lipbookParameter
	0x32, 0x2e, 0x7a, 0x77, 0x29, 0x29, 0x20, 0x2b, 0x20, 0x28, 0x66, 0x6c, 0x6f, 0x61, 0x74, 0x32, // 2.zw)) + (float2
	0x28, 0x5f, 0x31, 0x36, 0x36, 0x30, 0x20, 0x2d, 0x20, 0x28, 0x5f, 0x31, 0x36, 0x32, 0x35, 0x20, // (_1660 - (_1625 
	0x2a, 0x20, 0x66, 0x6c, 0x6f, 0x6f, 0x72, 0x28, 0x5f, 0x31, 0x36, 0x36, 0x30, 0x20, 0x2f, 0x20, // * floor(_1660 / 
	0x5f, 0x31, 0x36, 0x32, 0x35, 0x29, 0x29, 0x2c, 0x20, 0x66, 0x6c, 0x6f, 0x61, 0x74, 0x28, 0x5f, // _1625)), float(_
	0x31, 0x36, 0x35, 0x39, 0x20, 0x2f, 0x20, 0x5f, 0x31, 0x36, 0x32, 0x34, 0x29, 0x29, 0x20, 0x2a, // 1659 / _1624)) *
	0x20, 0x5f, 0x6d, 0x74, 0x6c, 0x5f, 0x75, 0x2e, 0x75, 0x5f, 0x66, 0x6c, 0x69, 0x70, 0x62, 0x6f, //  _mtl_u.u_flipbo
	0x6f, 0x6b, 0x50, 0x61, 0x72, 0x61, 0x6d, 0x65, 0x74, 0x65, 0x72, 0x32, 0x2e, 0x78, 0x79, 0x29, // okParameter2.xy)
	0x29, 0x20, 0x2b, 0x20, 0x5f, 0x6d, 0x74, 0x6c, 0x5f, 0x75, 0x2e, 0x75, 0x5f, 0x66, 0x6c, 0x69, // ) + _mtl_u.u_fli
	0x70, 0x62, 0x6f, 0x6f, 0x6b, 0x50, 0x61, 0x72, 0x61, 0x6d, 0x65, 0x74, 0x65, 0x72, 0x32, 0x2e, // pbookParameter2.
	0x7a, 0x77, 0x3b, 0x0a, 0x20, 0x20, 0x20, 0x20, 0x20, 0x20, 0x20, 0x20, 0x5f, 0x31, 0x36, 0x37, // zw;.        _167
	0x39, 0x2e, 0x79, 0x20, 0x3d, 0x20, 0x5f, 0x6d, 0x74, 0x6c, 0x5f, 0x75, 0x2e, 0x75, 0x5f, 0x6d, // 9.y = _mtl_u.u_m
	0x55, 0x56, 0x49, 0x6e, 0x76, 0x65, 0x72, 0x73, 0x65, 0x64, 0x2e, 0x78, 0x20, 0x2b, 0x20, 0x28, // UVInversed.x + (
	0x5f, 0x6d, 0x74, 0x6c, 0x5f, 0x75, 0x2e, 0x75, 0x5f, 0x6d, 0x55, 0x56, 0x49, 0x6e, 0x76, 0x65, // _mtl_u.u_mUVInve
	0x72, 0x73, 0x65, 0x64, 0x2e, 0x79, 0x20, 0x2a, 0x20, 0x5f, 0x31, 0x36, 0x37, 0x39, 0x2e, 0x79, // rsed.y * _1679.y
	0x29, 0x3b, 0x0a, 0x20, 0x20, 0x20, 0x20, 0x20, 0x20, 0x20, 0x20, 0x5f, 0x32, 0x30, 0x34, 0x32, // );.        _2042
	0x20, 0x3d, 0x20, 0x5f, 0x31, 0x36, 0x37, 0x39, 0x3b, 0x0a, 0x20, 0x20, 0x20, 0x20, 0x20, 0x20, //  = _1679;.      
	0x20, 0x20, 0x5f, 0x31, 0x39, 0x31, 0x33, 0x20, 0x3d, 0x20, 0x66, 0x72, 0x61, 0x63, 0x74, 0x28, //   _1913 = fract(
	0x5f, 0x6d, 0x74, 0x6c, 0x5f, 0x75, 0x2e, 0x75, 0x5f, 0x66, 0x46, 0x6c, 0x69, 0x70, 0x62, 0x6f, // _mtl_u.u_fFlipbo
	0x6f, 0x6b, 0x49, 0x6e, 0x64, 0x65, 0x78, 0x41, 0x6e, 0x64, 0x4e, 0x65, 0x78, 0x74, 0x52, 0x61, // okIndexAndNextRa
	0x74, 0x65, 0x5b, 0x67, 0x6c, 0x5f, 0x49, 0x6e, 0x73, 0x74, 0x61, 0x6e, 0x63, 0x65, 0x49, 0x6e, // te[gl_InstanceIn
	0x64, 0x65, 0x78, 0x5d, 0x2e, 0x78, 0x29, 0x3b, 0x0a, 0x20, 0x20, 0x20, 0x20, 0x7d, 0x0a, 0x20, // dex].x);.    }. 
	0x20, 0x20, 0x20, 0x65, 0x6c, 0x73, 0x65, 0x0a, 0x20, 0x20, 0x20, 0x20, 0x7b, 0x0a, 0x20, 0x20, //    else.    {.  
	0x20, 0x20, 0x20, 0x20, 0x20, 0x20, 0x5f, 0x32, 0x30, 0x34, 0x32, 0x20, 0x3d, 0x20, 0x66, 0x6c, //       _2042 = fl
	0x6f, 0x61, 0x74, 0x32, 0x28, 0x30, 0x2e, 0x30, 0x29, 0x3b, 0x0a, 0x20, 0x20, 0x20, 0x20, 0x20, // oat2(0.0);.     
	0x20, 0x20, 0x20, 0x5f, 0x31, 0x39, 0x31, 0x33, 0x20, 0x3d, 0x20, 0x30, 0x2e, 0x30, 0x3b, 0x0a, //    _1913 = 0.0;.
	0x20, 0x20, 0x20, 0x20, 0x7d, 0x0a, 0x20, 0x20, 0x20, 0x20, 0x66, 0x6c, 0x6f, 0x61, 0x74, 0x34, //     }.    float4
	0x20, 0x5f, 0x32, 0x30, 0x37, 0x36, 0x20, 0x3d, 0x20, 0x66, 0x6c, 0x6f, 0x61, 0x74, 0x34, 0x28, //  _2076 = float4(
	0x28, 0x69, 0x6e, 0x2e, 0x61, 0x5f, 0x74, 0x65, 0x78, 0x63, 0x6f, 0x6f, 0x72, 0x64, 0x30, 0x2e, // (in.a_texcoord0.
	0x78, 0x20, 0x2a, 0x20, 0x5f, 0x6d, 0x74, 0x6c, 0x5f, 0x75, 0x2e, 0x75, 0x5f, 0x66, 0x42, 0x6c, // x * _mtl_u.u_fBl
	0x65, 0x6e, 0x64, 0x55, 0x56, 0x5b, 0x67, 0x6c, 0x5f, 0x49, 0x6e, 0x73, 0x74, 0x61, 0x6e, 0x63, // endUV[gl_Instanc
	0x65, 0x49, 0x6e, 0x64, 0x65, 0x78, 0x5d, 0x2e, 0x7a, 0x29, 0x20, 0x2b, 0x20, 0x5f, 0x6d, 0x74, // eIndex].z) + _mt
	0x6c, 0x5f, 0x75, 0x2e, 0x75, 0x5f, 0x66, 0x42, 0x6c, 0x65, 0x6e, 0x64, 0x55, 0x56, 0x5b, 0x67, // l_u.u_fBlendUV[g
	0x6c, 0x5f, 0x49, 0x6e, 0x73, 0x74, 0x61, 0x6e, 0x63, 0x65, 0x49, 0x6e, 0x64, 0x65, 0x78, 0x5d, // l_InstanceIndex]
	0x2e, 0x78, 0x2c, 0x20, 0x5f, 0x31, 0x32, 0x35, 0x33, 0x2c, 0x20, 0x5f, 0x32, 0x30, 0x34, 0x32, // .x, _1253, _2042
	0x29, 0x3b, 0x0a, 0x20, 0x20, 0x20, 0x20, 0x5f, 0x32, 0x30, 0x37, 0x32, 0x2e, 0x79, 0x20, 0x3d, // );.    _2072.y =
	0x20, 0x5f, 0x6d, 0x74, 0x6c, 0x5f, 0x75, 0x2e, 0x75, 0x5f, 0x6d, 0x55, 0x56, 0x49, 0x6e, 0x76, //  _mtl_u.u_mUVInv
	0x65, 0x72, 0x73, 0x65, 0x64, 0x2e, 0x78, 0x20, 0x2b, 0x20, 0x28, 0x5f, 0x6d, 0x74, 0x6c, 0x5f, // ersed.x + (_mtl_
	0x75, 0x2e, 0x75, 0x5f, 0x6d, 0x55, 0x56, 0x49, 0x6e, 0x76, 0x65, 0x72, 0x73, 0x65, 0x64, 0x2e, // u.u_mUVInversed.
	0x79, 0x20, 0x2a, 0x20, 0x5f, 0x31, 0x32, 0x31, 0x37, 0x29, 0x3b, 0x0a, 0x20, 0x20, 0x20, 0x20, // y * _1217);.    
	0x5f, 0x32, 0x30, 0x37, 0x32, 0x2e, 0x77, 0x20, 0x3d, 0x20, 0x5f, 0x6d, 0x74, 0x6c, 0x5f, 0x75, // _2072.w = _mtl_u
	0x2e, 0x75, 0x5f, 0x6d, 0x55, 0x56, 0x49, 0x6e, 0x76, 0x65, 0x72, 0x73, 0x65, 0x64, 0x2e, 0x78, // .u_mUVInversed.x
	0x20, 0x2b, 0x20, 0x28, 0x5f, 0x6d, 0x74, 0x6c, 0x5f, 0x75, 0x2e, 0x75, 0x5f, 0x6d, 0x55, 0x56, //  + (_mtl_u.u_mUV
	0x49, 0x6e, 0x76, 0x65, 0x72, 0x73, 0x65, 0x64, 0x2e, 0x79, 0x20, 0x2a, 0x20, 0x5f, 0x31, 0x32, // Inversed.y * _12
	0x33, 0x35, 0x29, 0x3b, 0x0a, 0x20, 0x20, 0x20, 0x20, 0x5f, 0x32, 0x30, 0x37, 0x36, 0x2e, 0x79, // 35);.    _2076.y
	0x20, 0x3d, 0x20, 0x5f, 0x6d, 0x74, 0x6c, 0x5f, 0x75, 0x2e, 0x75, 0x5f, 0x6d, 0x55, 0x56, 0x49, //  = _mtl_u.u_mUVI
	0x6e, 0x76, 0x65, 0x72, 0x73, 0x65, 0x64, 0x2e, 0x78, 0x20, 0x2b, 0x20, 0x28, 0x5f, 0x6d, 0x74, // nversed.x + (_mt
	0x6c, 0x5f, 0x75, 0x2e, 0x75, 0x5f, 0x6d, 0x55, 0x56, 0x49, 0x6e, 0x76, 0x65, 0x72, 0x73, 0x65, // l_u.u_mUVInverse
	0x64, 0x2e, 0x79, 0x20, 0x2a, 0x20, 0x5f, 0x31, 0x32, 0x35, 0x33, 0x29, 0x3b, 0x0a, 0x20, 0x20, // d.y * _1253);.  
	0x20, 0x20, 0x5f, 0x32, 0x30, 0x37, 0x33, 0x2e, 0x79, 0x20, 0x3d, 0x20, 0x5f, 0x6d, 0x74, 0x6c, //   _2073.y = _mtl
	0x5f, 0x75, 0x2e, 0x75, 0x5f, 0x6d, 0x55, 0x56, 0x49, 0x6e, 0x76, 0x65, 0x72, 0x73, 0x65, 0x64, // _u.u_mUVInversed
	0x2e, 0x78, 0x20, 0x2b, 0x20, 0x28, 0x5f, 0x6d, 0x74, 0x6c, 0x5f, 0x75, 0x2e, 0x75, 0x5f, 0x6d, // .x + (_mtl_u.u_m
	0x55, 0x56, 0x49, 0x6e, 0x76, 0x65, 0x72, 0x73, 0x65, 0x64, 0x2e, 0x79, 0x20, 0x2a, 0x20, 0x5f, // UVInversed.y * _
	0x31, 0x32, 0x37, 0x31, 0x29, 0x3b, 0x0a, 0x20, 0x20, 0x20, 0x20, 0x5f, 0x32, 0x30, 0x37, 0x33, // 1271);.    _2073
	0x2e, 0x77, 0x20, 0x3d, 0x20, 0x5f, 0x6d, 0x74, 0x6c, 0x5f, 0x75, 0x2e, 0x75, 0x5f, 0x6d, 0x55, // .w = _mtl_u.u_mU
	0x56, 0x49, 0x6e, 0x76, 0x65, 0x72, 0x73, 0x65, 0x64, 0x2e, 0x78, 0x20, 0x2b, 0x20, 0x28, 0x5f, // VInversed.x + (_
	0x6d, 0x74, 0x6c, 0x5f, 0x75, 0x2e, 0x75, 0x5f, 0x6d, 0x55, 0x56, 0x49, 0x6e, 0x76, 0x65, 0x72, // mtl_u.u_mUVInver
	0x73, 0x65, 0x64, 0x2e, 0x79, 0x20, 0x2a, 0x20, 0x5f, 0x31, 0x32, 0x38, 0x39, 0x29, 0x3b, 0x0a, // sed.y * _1289);.
	0x20, 0x20, 0x20, 0x20, 0x6f, 0x75, 0x74, 0x2e, 0x67, 0x6c, 0x5f, 0x50, 0x6f, 0x73, 0x69, 0x74, //     out.gl_Posit
	0x69, 0x6f, 0x6e, 0x20, 0x3d, 0x20, 0x5f, 0x31, 0x30, 0x36, 0x38, 0x3b, 0x0a, 0x20, 0x20, 0x20, // ion = _1068;.   
	0x20, 0x6f, 0x75, 0x74, 0x2e, 0x5f, 0x65, 0x6e, 0x74, 0x72, 0x79, 0x50, 0x6f, 0x69, 0x6e, 0x74, //  out._entryPoint
	0x4f, 0x75, 0x74, 0x70, 0x75, 0x74, 0x5f, 0x76, 0x5f, 0x41, 0x6c, 0x70, 0x68, 0x61, 0x5f, 0x44, // Output_v_Alpha_D
	0x69, 0x73, 0x74, 0x5f, 0x55, 0x56, 0x20, 0x3d, 0x20, 0x5f, 0x32, 0x30, 0x37, 0x32, 0x3b, 0x0a, // ist_UV = _2072;.
	0x20, 0x20, 0x20, 0x20, 0x6f, 0x75, 0x74, 0x2e, 0x5f, 0x65, 0x6e, 0x74, 0x72, 0x79, 0x50, 0x6f, //     out._entryPo
	0x69, 0x6e, 0x74, 0x4f, 0x75, 0x74, 0x70, 0x75, 0x74, 0x5f, 0x76, 0x5f, 0x42, 0x6c, 0x65, 0x6e, // intOutput_v_Blen
	0x64, 0x5f, 0x41, 0x6c, 0x70, 0x68, 0x61, 0x5f, 0x44, 0x69, 0x73, 0x74, 0x5f, 0x55, 0x56, 0x20, // d_Alpha_Dist_UV 
	0x3d, 0x20, 0x5f, 0x32, 0x30, 0x37, 0x33, 0x3b, 0x0a, 0x20, 0x20, 0x20, 0x20, 0x6f, 0x75, 0x74, // = _2073;.    out
	0x2e, 0x5f, 0x65, 0x6e, 0x74, 0x72, 0x79, 0x50, 0x6f, 0x69, 0x6e, 0x74, 0x4f, 0x75, 0x74, 0x70, // ._entryPointOutp
	0x75, 0x74, 0x5f, 0x76, 0x5f, 0x42, 0x6c, 0x65, 0x6e, 0x64, 0x5f, 0x46, 0x42, 0x4e, 0x65, 0x78, // ut_v_Blend_FBNex
	0x74, 0x49, 0x6e, 0x64, 0x65, 0x78, 0x5f, 0x55, 0x56, 0x20, 0x3d, 0x20, 0x5f, 0x32, 0x30, 0x37, // tIndex_UV = _207
	0x36, 0x3b, 0x0a, 0x20, 0x20, 0x20, 0x20, 0x6f, 0x75, 0x74, 0x2e, 0x5f, 0x65, 0x6e, 0x74, 0x72, // 6;.    out._entr
	0x79, 0x50, 0x6f, 0x69, 0x6e, 0x74, 0x4f, 0x75, 0x74, 0x70, 0x75, 0x74, 0x5f, 0x76, 0x5f, 0x43, // yPointOutput_v_C
	0x6f, 0x6c, 0x6f, 0x72, 0x20, 0x3d, 0x20, 0x5f, 0x6d, 0x74, 0x6c, 0x5f, 0x75, 0x2e, 0x75, 0x5f, // olor = _mtl_u.u_
	0x66, 0x4d, 0x6f, 0x64, 0x65, 0x6c, 0x43, 0x6f, 0x6c, 0x6f, 0x72, 0x5b, 0x67, 0x6c, 0x5f, 0x49, // fModelColor[gl_I
	0x6e, 0x73, 0x74, 0x61, 0x6e, 0x63, 0x65, 0x49, 0x6e, 0x64, 0x65, 0x78, 0x5d, 0x20, 0x2a, 0x20, // nstanceIndex] * 
	0x69, 0x6e, 0x2e, 0x61, 0x5f, 0x63, 0x6f, 0x6c, 0x6f, 0x72, 0x30, 0x3b, 0x0a, 0x20, 0x20, 0x20, // in.a_color0;.   
	0x20, 0x6f, 0x75, 0x74, 0x2e, 0x5f, 0x65, 0x6e, 0x74, 0x72, 0x79, 0x50, 0x6f, 0x69, 0x6e, 0x74, //  out._entryPoint
	0x4f, 0x75, 0x74, 0x70, 0x75, 0x74, 0x5f, 0x76, 0x5f, 0x50, 0x6f, 0x73, 0x50, 0x20, 0x3d, 0x20, // Output_v_PosP = 
	0x5f, 0x31, 0x30, 0x36, 0x38, 0x3b, 0x0a, 0x20, 0x20, 0x20, 0x20, 0x6f, 0x75, 0x74, 0x2e, 0x5f, // _1068;.    out._
	0x65, 0x6e, 0x74, 0x72, 0x79, 0x50, 0x6f, 0x69, 0x6e, 0x74, 0x4f, 0x75, 0x74, 0x70, 0x75, 0x74, // entryPointOutput
	0x5f, 0x76, 0x5f, 0x55, 0x56, 0x5f, 0x4f, 0x74, 0x68, 0x65, 0x72, 0x73, 0x20, 0x3d, 0x20, 0x66, // _v_UV_Others = f
	0x6c, 0x6f, 0x61, 0x74, 0x34, 0x28, 0x5f, 0x31, 0x30, 0x37, 0x39, 0x2c, 0x20, 0x5f, 0x31, 0x30, // loat4(_1079, _10
	0x39, 0x37, 0x2c, 0x20, 0x5f, 0x31, 0x39, 0x31, 0x33, 0x2c, 0x20, 0x5f, 0x6d, 0x74, 0x6c, 0x5f, // 97, _1913, _mtl_
	0x75, 0x2e, 0x75, 0x5f, 0x66, 0x4d, 0x6f, 0x64, 0x65, 0x6c, 0x41, 0x6c, 0x70, 0x68, 0x61, 0x54, // u.u_fModelAlphaT
	0x68, 0x72, 0x65, 0x73, 0x68, 0x6f, 0x6c, 0x64, 0x5b, 0x67, 0x6c, 0x5f, 0x49, 0x6e, 0x73, 0x74, // hreshold[gl_Inst
	0x61, 0x6e, 0x63, 0x65, 0x49, 0x6e, 0x64, 0x65, 0x78, 0x5d, 0x2e, 0x78, 0x29, 0x3b, 0x0a, 0x20, // anceIndex].x);. 
	0x20, 0x20, 0x20, 0x6f, 0x75, 0x74, 0x2e, 0x5f, 0x65, 0x6e, 0x74, 0x72, 0x79, 0x50, 0x6f, 0x69, //    out._entryPoi
	0x6e, 0x74, 0x4f, 0x75, 0x74, 0x70, 0x75, 0x74, 0x5f, 0x76, 0x5f, 0x57, 0x6f, 0x72, 0x6c, 0x64, // ntOutput_v_World
	0x42, 0x20, 0x3d, 0x20, 0x66, 0x61, 0x73, 0x74, 0x3a, 0x3a, 0x6e, 0x6f, 0x72, 0x6d, 0x61, 0x6c, // B = fast::normal
	0x69, 0x7a, 0x65, 0x28, 0x5f, 0x6d, 0x74, 0x6c, 0x5f, 0x75, 0x2e, 0x75, 0x5f, 0x6d, 0x4d, 0x6f, // ize(_mtl_u.u_mMo
	0x64, 0x65, 0x6c, 0x5f, 0x49, 0x6e, 0x73, 0x74, 0x5b, 0x67, 0x6c, 0x5f, 0x49, 0x6e, 0x73, 0x74, // del_Inst[gl_Inst
	0x61, 0x6e, 0x63, 0x65, 0x49, 0x6e, 0x64, 0x65, 0x78, 0x5d, 0x20, 0x2a, 0x20, 0x66, 0x6c, 0x6f, // anceIndex] * flo
	0x61, 0x74, 0x34, 0x28, 0x69, 0x6e, 0x2e, 0x61, 0x5f, 0x62, 0x69, 0x74, 0x61, 0x6e, 0x67, 0x65, // at4(in.a_bitange
	0x6e, 0x74, 0x2e, 0x78, 0x2c, 0x20, 0x69, 0x6e, 0x2e, 0x61, 0x5f, 0x62, 0x69, 0x74, 0x61, 0x6e, // nt.x, in.a_bitan
	0x67, 0x65, 0x6e, 0x74, 0x2e, 0x79, 0x2c, 0x20, 0x69, 0x6e, 0x2e, 0x61, 0x5f, 0x62, 0x69, 0x74, // gent.y, in.a_bit
	0x61, 0x6e, 0x67, 0x65, 0x6e, 0x74, 0x2e, 0x7a, 0x2c, 0x20, 0x30, 0x2e, 0x30, 0x29, 0x29, 0x2e, // angent.z, 0.0)).
	0x78, 0x79, 0x7a, 0x3b, 0x0a, 0x20, 0x20, 0x20, 0x20, 0x6f, 0x75, 0x74, 0x2e, 0x5f, 0x65, 0x6e, // xyz;.    out._en
	0x74, 0x72, 0x79, 0x50, 0x6f, 0x69, 0x6e, 0x74, 0x4f, 0x75, 0x74, 0x70, 0x75, 0x74, 0x5f, 0x76, // tryPointOutput_v
	0x5f, 0x57, 0x6f, 0x72, 0x6c, 0x64, 0x4e, 0x20, 0x3d, 0x20, 0x66, 0x61, 0x73, 0x74, 0x3a, 0x3a, // _WorldN = fast::
	0x6e, 0x6f, 0x72, 0x6d, 0x61, 0x6c, 0x69, 0x7a, 0x65, 0x28, 0x5f, 0x6d, 0x74, 0x6c, 0x5f, 0x75, // normalize(_mtl_u
	0x2e, 0x75, 0x5f, 0x6d, 0x4d, 0x6f, 0x64, 0x65, 0x6c, 0x5f, 0x49, 0x6e, 0x73, 0x74, 0x5b, 0x67, // .u_mModel_Inst[g
	0x6c, 0x5f, 0x49, 0x6e, 0x73, 0x74, 0x61, 0x6e, 0x63, 0x65, 0x49, 0x6e, 0x64, 0x65, 0x78, 0x5d, // l_InstanceIndex]
	0x20, 0x2a, 0x20, 0x66, 0x6c, 0x6f, 0x61, 0x74, 0x34, 0x28, 0x69, 0x6e, 0x2e, 0x61, 0x5f, 0x6e, //  * float4(in.a_n
	0x6f, 0x72, 0x6d, 0x61, 0x6c, 0x2e, 0x78, 0x2c, 0x20, 0x69, 0x6e, 0x2e, 0x61, 0x5f, 0x6e, 0x6f, // ormal.x, in.a_no
	0x72, 0x6d, 0x61, 0x6c, 0x2e, 0x79, 0x2c, 0x20, 0x69, 0x6e, 0x2e, 0x61, 0x5f, 0x6e, 0x6f, 0x72, // rmal.y, in.a_nor
	0x6d, 0x61, 0x6c, 0x2e, 0x7a, 0x2c, 0x20, 0x30, 0x2e, 0x30, 0x29, 0x29, 0x2e, 0x78, 0x79, 0x7a, // mal.z, 0.0)).xyz
	0x3b, 0x0a, 0x20, 0x20, 0x20, 0x20, 0x6f, 0x75, 0x74, 0x2e, 0x5f, 0x65, 0x6e, 0x74, 0x72, 0x79, // ;.    out._entry
	0x50, 0x6f, 0x69, 0x6e, 0x74, 0x4f, 0x75, 0x74, 0x70, 0x75, 0x74, 0x5f, 0x76, 0x5f, 0x57, 0x6f, // PointOutput_v_Wo
	0x72, 0x6c, 0x64, 0x54, 0x20, 0x3d, 0x20, 0x66, 0x61, 0x73, 0x74, 0x3a, 0x3a, 0x6e, 0x6f, 0x72, // rldT = fast::nor
	0x6d, 0x61, 0x6c, 0x69, 0x7a, 0x65, 0x28, 0x5f, 0x6d, 0x74, 0x6c, 0x5f, 0x75, 0x2e, 0x75, 0x5f, // malize(_mtl_u.u_
	0x6d, 0x4d, 0x6f, 0x64, 0x65, 0x6c, 0x5f, 0x49, 0x6e, 0x73, 0x74, 0x5b, 0x67, 0x6c, 0x5f, 0x49, // mModel_Inst[gl_I
	0x6e, 0x73, 0x74, 0x61, 0x6e, 0x63, 0x65, 0x49, 0x6e, 0x64, 0x65, 0x78, 0x5d, 0x20, 0x2a, 0x20, // nstanceIndex] * 
	0x66, 0x6c, 0x6f, 0x61, 0x74, 0x34, 0x28, 0x69, 0x6e, 0x2e, 0x61, 0x5f, 0x74, 0x61, 0x6e, 0x67, // float4(in.a_tang
	0x65, 0x6e, 0x74, 0x2e, 0x78, 0x2c, 0x20, 0x69, 0x6e, 0x2e, 0x61, 0x5f, 0x74, 0x61, 0x6e, 0x67, // ent.x, in.a_tang
	0x65, 0x6e, 0x74, 0x2e, 0x79, 0x2c, 0x20, 0x69, 0x6e, 0x2e, 0x61, 0x5f, 0x74, 0x61, 0x6e, 0x67, // ent.y, in.a_tang
	0x65, 0x6e, 0x74, 0x2e, 0x7a, 0x2c, 0x20, 0x30, 0x2e, 0x30, 0x29, 0x29, 0x2e, 0x78, 0x79, 0x7a, // ent.z, 0.0)).xyz
	0x3b, 0x0a, 0x20, 0x20, 0x20, 0x20, 0x72, 0x65, 0x74, 0x75, 0x72, 0x6e, 0x20, 0x6f, 0x75, 0x74, // ;.    return out
	0x3b, 0x0a, 0x7d, 0x0a, 0x0a, 0x00, 0x07, 0x04, 0x00, 0x05, 0x00, 0x02, 0x00, 0x01, 0x00, 0x03, // ;.}.............
	0x00, 0x10, 0x00, 0xff, 0xff, 0xf0, 0x20,                                                       // ...... 
};
