static const uint8_t ad_model_distortion_ps_essl[5584] =
{
	0x46, 0x53, 0x48, 0x0c, 0x0d, 0x11, 0x5f, 0xc2, 0x00, 0x00, 0x00, 0x00, 0x00, 0x00, 0x00, 0x00, // FSH..._.........
	0x00, 0x00, 0x00, 0x00, 0x10, 0x00, 0x1a, 0x75, 0x5f, 0x66, 0x73, 0x66, 0x55, 0x56, 0x44, 0x69, // .......u_fsfUVDi
	0x73, 0x74, 0x6f, 0x72, 0x74, 0x69, 0x6f, 0x6e, 0x50, 0x61, 0x72, 0x61, 0x6d, 0x65, 0x74, 0x65, // stortionParamete
	0x72, 0x02, 0x01, 0x00, 0x00, 0x01, 0x00, 0x00, 0x00, 0x00, 0x00, 0x16, 0x75, 0x5f, 0x66, 0x73, // r...........u_fs
	0x66, 0x46, 0x6c, 0x69, 0x70, 0x62, 0x6f, 0x6f, 0x6b, 0x50, 0x61, 0x72, 0x61, 0x6d, 0x65, 0x74, // fFlipbookParamet
	0x65, 0x72, 0x02, 0x01, 0x00, 0x00, 0x01, 0x00, 0x00, 0x00, 0x00, 0x00, 0x1a, 0x75, 0x5f, 0x66, // er...........u_f
	0x73, 0x66, 0x42, 0x6c, 0x65, 0x6e, 0x64, 0x54, 0x65, 0x78, 0x74, 0x75, 0x72, 0x65, 0x50, 0x61, // sfBlendTexturePa
	0x72, 0x61, 0x6d, 0x65, 0x74, 0x65, 0x72, 0x02, 0x01, 0x00, 0x00, 0x01, 0x00, 0x00, 0x00, 0x00, // rameter.........
	0x00, 0x0b, 0x75, 0x5f, 0x66, 0x73, 0x67, 0x5f, 0x73, 0x63, 0x61, 0x6c, 0x65, 0x02, 0x01, 0x00, // ..u_fsg_scale...
	0x00, 0x01, 0x00, 0x00, 0x00, 0x00, 0x00, 0x13, 0x75, 0x5f, 0x66, 0x73, 0x6d, 0x55, 0x56, 0x49, // ........u_fsmUVI
	0x6e, 0x76, 0x65, 0x72, 0x73, 0x65, 0x64, 0x42, 0x61, 0x63, 0x6b, 0x02, 0x01, 0x00, 0x00, 0x01, // nversedBack.....
	0x00, 0x00, 0x00, 0x00, 0x00, 0x15, 0x75, 0x5f, 0x66, 0x73, 0x73, 0x6f, 0x66, 0x74, 0x50, 0x61, // ......u_fssoftPa
	0x72, 0x74, 0x69, 0x63, 0x6c, 0x65, 0x50, 0x61, 0x72, 0x61, 0x6d, 0x02, 0x01, 0x00, 0x00, 0x01, // rticleParam.....
	0x00, 0x00, 0x00, 0x00, 0x00, 0x18, 0x75, 0x5f, 0x66, 0x73, 0x72, 0x65, 0x63, 0x6f, 0x6e, 0x73, // ......u_fsrecons
	0x74, 0x72, 0x75, 0x63, 0x74, 0x69, 0x6f, 0x6e, 0x50, 0x61, 0x72, 0x61, 0x6d, 0x31, 0x02, 0x01, // tructionParam1..
	0x00, 0x00, 0x01, 0x00, 0x00, 0x00, 0x00, 0x00, 0x18, 0x75, 0x5f, 0x66, 0x73, 0x72, 0x65, 0x63, // .........u_fsrec
	0x6f, 0x6e, 0x73, 0x74, 0x72, 0x75, 0x63, 0x74, 0x69, 0x6f, 0x6e, 0x50, 0x61, 0x72, 0x61, 0x6d, // onstructionParam
	0x32, 0x02, 0x01, 0x00, 0x00, 0x01, 0x00, 0x00, 0x00, 0x00, 0x00, 0x11, 0x73, 0x5f, 0x75, 0x76, // 2...........s_uv
	0x44, 0x69, 0x73, 0x74, 0x6f, 0x72, 0x74, 0x69, 0x6f, 0x6e, 0x54, 0x65, 0x78, 0x00, 0x01, 0x00, // DistortionTex...
	0x00, 0x01, 0x00, 0x00, 0x02, 0x00, 0x00, 0x16, 0x73, 0x5f, 0x62, 0x6c, 0x65, 0x6e, 0x64, 0x55, // ........s_blendU
	0x56, 0x44, 0x69, 0x73, 0x74, 0x6f, 0x72, 0x74, 0x69, 0x6f, 0x6e, 0x54, 0x65, 0x78, 0x00, 0x01, // VDistortionTex..
	0x00, 0x00, 0x01, 0x00, 0x00, 0x02, 0x00, 0x00, 0x0a, 0x73, 0x5f, 0x63, 0x6f, 0x6c, 0x6f, 0x72, // .........s_color
	0x54, 0x65, 0x78, 0x00, 0x01, 0x00, 0x00, 0x01, 0x00, 0x00, 0x02, 0x00, 0x00, 0x0a, 0x73, 0x5f, // Tex...........s_
	0x61, 0x6c, 0x70, 0x68, 0x61, 0x54, 0x65, 0x78, 0x00, 0x01, 0x00, 0x00, 0x01, 0x00, 0x00, 0x02, // alphaTex........
	0x00, 0x00, 0x0a, 0x73, 0x5f, 0x62, 0x6c, 0x65, 0x6e, 0x64, 0x54, 0x65, 0x78, 0x00, 0x01, 0x00, // ...s_blendTex...
	0x00, 0x01, 0x00, 0x00, 0x02, 0x00, 0x00, 0x0f, 0x73, 0x5f, 0x62, 0x6c, 0x65, 0x6e, 0x64, 0x41, // ........s_blendA
	0x6c, 0x70, 0x68, 0x61, 0x54, 0x65, 0x78, 0x00, 0x01, 0x00, 0x00, 0x01, 0x00, 0x00, 0x02, 0x00, // lphaTex.........
	0x00, 0x09, 0x73, 0x5f, 0x62, 0x61, 0x63, 0x6b, 0x54, 0x65, 0x78, 0x00, 0x01, 0x00, 0x00, 0x01, // ..s_backTex.....
	0x00, 0x00, 0x02, 0x00, 0x00, 0x0a, 0x73, 0x5f, 0x64, 0x65, 0x70, 0x74, 0x68, 0x54, 0x65, 0x78, // ......s_depthTex
	0x00, 0x01, 0x00, 0x00, 0x01, 0x00, 0x00, 0x02, 0x00, 0x00, 0xf1, 0x13, 0x00, 0x00, 0x70, 0x72, // ..............pr
	0x65, 0x63, 0x69, 0x73, 0x69, 0x6f, 0x6e, 0x20, 0x6d, 0x65, 0x64, 0x69, 0x75, 0x6d, 0x70, 0x20, // ecision mediump 
	0x66, 0x6c, 0x6f, 0x61, 0x74, 0x3b, 0x0a, 0x70, 0x72, 0x65, 0x63, 0x69, 0x73, 0x69, 0x6f, 0x6e, // float;.precision
	0x20, 0x68, 0x69, 0x67, 0x68, 0x70, 0x20, 0x69, 0x6e, 0x74, 0x3b, 0x0a, 0x0a, 0x66, 0x6c, 0x6f, //  highp int;..flo
	0x61, 0x74, 0x20, 0x5f, 0x32, 0x30, 0x33, 0x30, 0x3b, 0x0a, 0x0a, 0x75, 0x6e, 0x69, 0x66, 0x6f, // at _2030;..unifo
	0x72, 0x6d, 0x20, 0x68, 0x69, 0x67, 0x68, 0x70, 0x20, 0x73, 0x61, 0x6d, 0x70, 0x6c, 0x65, 0x72, // rm highp sampler
	0x32, 0x44, 0x20, 0x73, 0x5f, 0x75, 0x76, 0x44, 0x69, 0x73, 0x74, 0x6f, 0x72, 0x74, 0x69, 0x6f, // 2D s_uvDistortio
	0x6e, 0x54, 0x65, 0x78, 0x3b, 0x0a, 0x75, 0x6e, 0x69, 0x66, 0x6f, 0x72, 0x6d, 0x20, 0x68, 0x69, // nTex;.uniform hi
	0x67, 0x68, 0x70, 0x20, 0x73, 0x61, 0x6d, 0x70, 0x6c, 0x65, 0x72, 0x32, 0x44, 0x20, 0x73, 0x5f, // ghp sampler2D s_
	0x62, 0x6c, 0x65, 0x6e, 0x64, 0x55, 0x56, 0x44, 0x69, 0x73, 0x74, 0x6f, 0x72, 0x74, 0x69, 0x6f, // blendUVDistortio
	0x6e, 0x54, 0x65, 0x78, 0x3b, 0x0a, 0x75, 0x6e, 0x69, 0x66, 0x6f, 0x72, 0x6d, 0x20, 0x68, 0x69, // nTex;.uniform hi
	0x67, 0x68, 0x70, 0x20, 0x73, 0x61, 0x6d, 0x70, 0x6c, 0x65, 0x72, 0x32, 0x44, 0x20, 0x73, 0x5f, // ghp sampler2D s_
	0x63, 0x6f, 0x6c, 0x6f, 0x72, 0x54, 0x65, 0x78, 0x3b, 0x0a, 0x75, 0x6e, 0x69, 0x66, 0x6f, 0x72, // colorTex;.unifor
	0x6d, 0x20, 0x68, 0x69, 0x67, 0x68, 0x70, 0x20, 0x76, 0x65, 0x63, 0x34, 0x20, 0x75, 0x5f, 0x66, // m highp vec4 u_f
	0x73, 0x66, 0x55, 0x56, 0x44, 0x69, 0x73, 0x74, 0x6f, 0x72, 0x74, 0x69, 0x6f, 0x6e, 0x50, 0x61, // sfUVDistortionPa
	0x72, 0x61, 0x6d, 0x65, 0x74, 0x65, 0x72, 0x3b, 0x0a, 0x75, 0x6e, 0x69, 0x66, 0x6f, 0x72, 0x6d, // rameter;.uniform
	0x20, 0x68, 0x69, 0x67, 0x68, 0x70, 0x20, 0x76, 0x65, 0x63, 0x34, 0x20, 0x75, 0x5f, 0x66, 0x73, //  highp vec4 u_fs
	0x66, 0x46, 0x6c, 0x69, 0x70, 0x62, 0x6f, 0x6f, 0x6b, 0x50, 0x61, 0x72, 0x61, 0x6d, 0x65, 0x74, // fFlipbookParamet
	0x65, 0x72, 0x3b, 0x0a, 0x75, 0x6e, 0x69, 0x66, 0x6f, 0x72, 0x6d, 0x20, 0x68, 0x69, 0x67, 0x68, // er;.uniform high
	0x70, 0x20, 0x73, 0x61, 0x6d, 0x70, 0x6c, 0x65, 0x72, 0x32, 0x44, 0x20, 0x73, 0x5f, 0x61, 0x6c, // p sampler2D s_al
	0x70, 0x68, 0x61, 0x54, 0x65, 0x78, 0x3b, 0x0a, 0x75, 0x6e, 0x69, 0x66, 0x6f, 0x72, 0x6d, 0x20, // phaTex;.uniform 
	0x68, 0x69, 0x67, 0x68, 0x70, 0x20, 0x73, 0x61, 0x6d, 0x70, 0x6c, 0x65, 0x72, 0x32, 0x44, 0x20, // highp sampler2D 
	0x73, 0x5f, 0x62, 0x6c, 0x65, 0x6e, 0x64, 0x54, 0x65, 0x78, 0x3b, 0x0a, 0x75, 0x6e, 0x69, 0x66, // s_blendTex;.unif
	0x6f, 0x72, 0x6d, 0x20, 0x68, 0x69, 0x67, 0x68, 0x70, 0x20, 0x73, 0x61, 0x6d, 0x70, 0x6c, 0x65, // orm highp sample
	0x72, 0x32, 0x44, 0x20, 0x73, 0x5f, 0x62, 0x6c, 0x65, 0x6e, 0x64, 0x41, 0x6c, 0x70, 0x68, 0x61, // r2D s_blendAlpha
	0x54, 0x65, 0x78, 0x3b, 0x0a, 0x75, 0x6e, 0x69, 0x66, 0x6f, 0x72, 0x6d, 0x20, 0x68, 0x69, 0x67, // Tex;.uniform hig
	0x68, 0x70, 0x20, 0x76, 0x65, 0x63, 0x34, 0x20, 0x75, 0x5f, 0x66, 0x73, 0x66, 0x42, 0x6c, 0x65, // hp vec4 u_fsfBle
	0x6e, 0x64, 0x54, 0x65, 0x78, 0x74, 0x75, 0x72, 0x65, 0x50, 0x61, 0x72, 0x61, 0x6d, 0x65, 0x74, // ndTextureParamet
	0x65, 0x72, 0x3b, 0x0a, 0x75, 0x6e, 0x69, 0x66, 0x6f, 0x72, 0x6d, 0x20, 0x68, 0x69, 0x67, 0x68, // er;.uniform high
	0x70, 0x20, 0x76, 0x65, 0x63, 0x34, 0x20, 0x75, 0x5f, 0x66, 0x73, 0x67, 0x5f, 0x73, 0x63, 0x61, // p vec4 u_fsg_sca
	0x6c, 0x65, 0x3b, 0x0a, 0x75, 0x6e, 0x69, 0x66, 0x6f, 0x72, 0x6d, 0x20, 0x68, 0x69, 0x67, 0x68, // le;.uniform high
	0x70, 0x20, 0x76, 0x65, 0x63, 0x34, 0x20, 0x75, 0x5f, 0x66, 0x73, 0x6d, 0x55, 0x56, 0x49, 0x6e, // p vec4 u_fsmUVIn
	0x76, 0x65, 0x72, 0x73, 0x65, 0x64, 0x42, 0x61, 0x63, 0x6b, 0x3b, 0x0a, 0x75, 0x6e, 0x69, 0x66, // versedBack;.unif
	0x6f, 0x72, 0x6d, 0x20, 0x68, 0x69, 0x67, 0x68, 0x70, 0x20, 0x73, 0x61, 0x6d, 0x70, 0x6c, 0x65, // orm highp sample
	0x72, 0x32, 0x44, 0x20, 0x73, 0x5f, 0x62, 0x61, 0x63, 0x6b, 0x54, 0x65, 0x78, 0x3b, 0x0a, 0x75, // r2D s_backTex;.u
	0x6e, 0x69, 0x66, 0x6f, 0x72, 0x6d, 0x20, 0x68, 0x69, 0x67, 0x68, 0x70, 0x20, 0x76, 0x65, 0x63, // niform highp vec
	0x34, 0x20, 0x75, 0x5f, 0x66, 0x73, 0x73, 0x6f, 0x66, 0x74, 0x50, 0x61, 0x72, 0x74, 0x69, 0x63, // 4 u_fssoftPartic
	0x6c, 0x65, 0x50, 0x61, 0x72, 0x61, 0x6d, 0x3b, 0x0a, 0x75, 0x6e, 0x69, 0x66, 0x6f, 0x72, 0x6d, // leParam;.uniform
	0x20, 0x68, 0x69, 0x67, 0x68, 0x70, 0x20, 0x73, 0x61, 0x6d, 0x70, 0x6c, 0x65, 0x72, 0x32, 0x44, //  highp sampler2D
	0x20, 0x73, 0x5f, 0x64, 0x65, 0x70, 0x74, 0x68, 0x54, 0x65, 0x78, 0x3b, 0x0a, 0x75, 0x6e, 0x69, //  s_depthTex;.uni
	0x66, 0x6f, 0x72, 0x6d, 0x20, 0x68, 0x69, 0x67, 0x68, 0x70, 0x20, 0x76, 0x65, 0x63, 0x34, 0x20, // form highp vec4 
	0x75, 0x5f, 0x66, 0x73, 0x72, 0x65, 0x63, 0x6f, 0x6e, 0x73, 0x74, 0x72, 0x75, 0x63, 0x74, 0x69, // u_fsreconstructi
	0x6f, 0x6e, 0x50, 0x61, 0x72, 0x61, 0x6d, 0x31, 0x3b, 0x0a, 0x75, 0x6e, 0x69, 0x66, 0x6f, 0x72, // onParam1;.unifor
	0x6d, 0x20, 0x68, 0x69, 0x67, 0x68, 0x70, 0x20, 0x76, 0x65, 0x63, 0x34, 0x20, 0x75, 0x5f, 0x66, // m highp vec4 u_f
	0x73, 0x72, 0x65, 0x63, 0x6f, 0x6e, 0x73, 0x74, 0x72, 0x75, 0x63, 0x74, 0x69, 0x6f, 0x6e, 0x50, // sreconstructionP
	0x61, 0x72, 0x61, 0x6d, 0x32, 0x3b, 0x0a, 0x0a, 0x69, 0x6e, 0x20, 0x68, 0x69, 0x67, 0x68, 0x70, // aram2;..in highp
	0x20, 0x76, 0x65, 0x63, 0x34, 0x20, 0x76, 0x5f, 0x55, 0x56, 0x5f, 0x4f, 0x74, 0x68, 0x65, 0x72, //  vec4 v_UV_Other
	0x73, 0x3b, 0x0a, 0x69, 0x6e, 0x20, 0x68, 0x69, 0x67, 0x68, 0x70, 0x20, 0x76, 0x65, 0x63, 0x34, // s;.in highp vec4
	0x20, 0x76, 0x5f, 0x50, 0x72, 0x6f, 0x6a, 0x42, 0x69, 0x6e, 0x6f, 0x72, 0x6d, 0x61, 0x6c, 0x3b, //  v_ProjBinormal;
	0x0a, 0x69, 0x6e, 0x20, 0x68, 0x69, 0x67, 0x68, 0x70, 0x20, 0x76, 0x65, 0x63, 0x34, 0x20, 0x76, // .in highp vec4 v
	0x5f, 0x50, 0x72, 0x6f, 0x6a, 0x54, 0x61, 0x6e, 0x67, 0x65, 0x6e, 0x74, 0x3b, 0x0a, 0x69, 0x6e, // _ProjTangent;.in
	0x20, 0x68, 0x69, 0x67, 0x68, 0x70, 0x20, 0x76, 0x65, 0x63, 0x34, 0x20, 0x76, 0x5f, 0x50, 0x6f, //  highp vec4 v_Po
	0x73, 0x50, 0x3b, 0x0a, 0x69, 0x6e, 0x20, 0x68, 0x69, 0x67, 0x68, 0x70, 0x20, 0x76, 0x65, 0x63, // sP;.in highp vec
	0x34, 0x20, 0x76, 0x5f, 0x43, 0x6f, 0x6c, 0x6f, 0x72, 0x3b, 0x0a, 0x69, 0x6e, 0x20, 0x68, 0x69, // 4 v_Color;.in hi
	0x67, 0x68, 0x70, 0x20, 0x76, 0x65, 0x63, 0x34, 0x20, 0x76, 0x5f, 0x41, 0x6c, 0x70, 0x68, 0x61, // ghp vec4 v_Alpha
	0x5f, 0x44, 0x69, 0x73, 0x74, 0x5f, 0x55, 0x56, 0x3b, 0x0a, 0x69, 0x6e, 0x20, 0x68, 0x69, 0x67, // _Dist_UV;.in hig
	0x68, 0x70, 0x20, 0x76, 0x65, 0x63, 0x34, 0x20, 0x76, 0x5f, 0x42, 0x6c, 0x65, 0x6e, 0x64, 0x5f, // hp vec4 v_Blend_
	0x41, 0x6c, 0x70, 0x68, 0x61, 0x5f, 0x44, 0x69, 0x73, 0x74, 0x5f, 0x55, 0x56, 0x3b, 0x0a, 0x69, // Alpha_Dist_UV;.i
	0x6e, 0x20, 0x68, 0x69, 0x67, 0x68, 0x70, 0x20, 0x76, 0x65, 0x63, 0x34, 0x20, 0x76, 0x5f, 0x42, // n highp vec4 v_B
	0x6c, 0x65, 0x6e, 0x64, 0x5f, 0x46, 0x42, 0x4e, 0x65, 0x78, 0x74, 0x49, 0x6e, 0x64, 0x65, 0x78, // lend_FBNextIndex
	0x5f, 0x55, 0x56, 0x3b, 0x0a, 0x6c, 0x61, 0x79, 0x6f, 0x75, 0x74, 0x28, 0x6c, 0x6f, 0x63, 0x61, // _UV;.layout(loca
	0x74, 0x69, 0x6f, 0x6e, 0x20, 0x3d, 0x20, 0x30, 0x29, 0x20, 0x6f, 0x75, 0x74, 0x20, 0x68, 0x69, // tion = 0) out hi
	0x67, 0x68, 0x70, 0x20, 0x76, 0x65, 0x63, 0x34, 0x20, 0x62, 0x67, 0x66, 0x78, 0x5f, 0x46, 0x72, // ghp vec4 bgfx_Fr
	0x61, 0x67, 0x43, 0x6f, 0x6c, 0x6f, 0x72, 0x3b, 0x0a, 0x0a, 0x76, 0x6f, 0x69, 0x64, 0x20, 0x6d, // agColor;..void m
	0x61, 0x69, 0x6e, 0x28, 0x29, 0x0a, 0x7b, 0x0a, 0x20, 0x20, 0x20, 0x20, 0x68, 0x69, 0x67, 0x68, // ain().{.    high
	0x70, 0x20, 0x76, 0x65, 0x63, 0x32, 0x20, 0x5f, 0x31, 0x32, 0x35, 0x39, 0x20, 0x3d, 0x20, 0x28, // p vec2 _1259 = (
	0x74, 0x65, 0x78, 0x74, 0x75, 0x72, 0x65, 0x28, 0x73, 0x5f, 0x75, 0x76, 0x44, 0x69, 0x73, 0x74, // texture(s_uvDist
	0x6f, 0x72, 0x74, 0x69, 0x6f, 0x6e, 0x54, 0x65, 0x78, 0x2c, 0x20, 0x76, 0x5f, 0x41, 0x6c, 0x70, // ortionTex, v_Alp
	0x68, 0x61, 0x5f, 0x44, 0x69, 0x73, 0x74, 0x5f, 0x55, 0x56, 0x2e, 0x7a, 0x77, 0x29, 0x2e, 0x78, // ha_Dist_UV.zw).x
	0x79, 0x20, 0x2a, 0x20, 0x32, 0x2e, 0x30, 0x29, 0x20, 0x2d, 0x20, 0x76, 0x65, 0x63, 0x32, 0x28, // y * 2.0) - vec2(
	0x31, 0x2e, 0x30, 0x29, 0x3b, 0x0a, 0x20, 0x20, 0x20, 0x20, 0x5f, 0x31, 0x32, 0x35, 0x39, 0x2e, // 1.0);.    _1259.
	0x79, 0x20, 0x3d, 0x20, 0x75, 0x5f, 0x66, 0x73, 0x66, 0x55, 0x56, 0x44, 0x69, 0x73, 0x74, 0x6f, // y = u_fsfUVDisto
	0x72, 0x74, 0x69, 0x6f, 0x6e, 0x50, 0x61, 0x72, 0x61, 0x6d, 0x65, 0x74, 0x65, 0x72, 0x2e, 0x7a, // rtionParameter.z
	0x20, 0x2b, 0x20, 0x28, 0x75, 0x5f, 0x66, 0x73, 0x66, 0x55, 0x56, 0x44, 0x69, 0x73, 0x74, 0x6f, //  + (u_fsfUVDisto
	0x72, 0x74, 0x69, 0x6f, 0x6e, 0x50, 0x61, 0x72, 0x61, 0x6d, 0x65, 0x74, 0x65, 0x72, 0x2e, 0x77, // rtionParameter.w
	0x20, 0x2a, 0x20, 0x28, 0x5f, 0x31, 0x32, 0x35, 0x39, 0x2e, 0x79, 0x20, 0x2a, 0x20, 0x28, 0x2d, //  * (_1259.y * (-
	0x31, 0x2e, 0x30, 0x29, 0x29, 0x29, 0x3b, 0x0a, 0x20, 0x20, 0x20, 0x20, 0x68, 0x69, 0x67, 0x68, // 1.0)));.    high
	0x70, 0x20, 0x76, 0x65, 0x63, 0x32, 0x20, 0x5f, 0x39, 0x37, 0x36, 0x20, 0x3d, 0x20, 0x5f, 0x31, // p vec2 _976 = _1
	0x32, 0x35, 0x39, 0x20, 0x2a, 0x20, 0x75, 0x5f, 0x66, 0x73, 0x66, 0x55, 0x56, 0x44, 0x69, 0x73, // 259 * u_fsfUVDis
	0x74, 0x6f, 0x72, 0x74, 0x69, 0x6f, 0x6e, 0x50, 0x61, 0x72, 0x61, 0x6d, 0x65, 0x74, 0x65, 0x72, // tortionParameter
	0x2e, 0x78, 0x3b, 0x0a, 0x20, 0x20, 0x20, 0x20, 0x68, 0x69, 0x67, 0x68, 0x70, 0x20, 0x76, 0x65, // .x;.    highp ve
	0x63, 0x34, 0x20, 0x5f, 0x39, 0x38, 0x34, 0x20, 0x3d, 0x20, 0x74, 0x65, 0x78, 0x74, 0x75, 0x72, // c4 _984 = textur
	0x65, 0x28, 0x73, 0x5f, 0x63, 0x6f, 0x6c, 0x6f, 0x72, 0x54, 0x65, 0x78, 0x2c, 0x20, 0x76, 0x5f, // e(s_colorTex, v_
	0x55, 0x56, 0x5f, 0x4f, 0x74, 0x68, 0x65, 0x72, 0x73, 0x2e, 0x78, 0x79, 0x20, 0x2b, 0x20, 0x5f, // UV_Others.xy + _
	0x39, 0x37, 0x36, 0x29, 0x3b, 0x0a, 0x20, 0x20, 0x20, 0x20, 0x5f, 0x39, 0x38, 0x34, 0x2e, 0x77, // 976);.    _984.w
	0x20, 0x3d, 0x20, 0x5f, 0x39, 0x38, 0x34, 0x2e, 0x77, 0x20, 0x2a, 0x20, 0x76, 0x5f, 0x43, 0x6f, //  = _984.w * v_Co
	0x6c, 0x6f, 0x72, 0x2e, 0x77, 0x3b, 0x0a, 0x20, 0x20, 0x20, 0x20, 0x68, 0x69, 0x67, 0x68, 0x70, // lor.w;.    highp
	0x20, 0x76, 0x65, 0x63, 0x34, 0x20, 0x5f, 0x32, 0x30, 0x31, 0x30, 0x3b, 0x0a, 0x20, 0x20, 0x20, //  vec4 _2010;.   
	0x20, 0x69, 0x66, 0x20, 0x28, 0x75, 0x5f, 0x66, 0x73, 0x66, 0x46, 0x6c, 0x69, 0x70, 0x62, 0x6f, //  if (u_fsfFlipbo
	0x6f, 0x6b, 0x50, 0x61, 0x72, 0x61, 0x6d, 0x65, 0x74, 0x65, 0x72, 0x2e, 0x78, 0x20, 0x3e, 0x20, // okParameter.x > 
	0x30, 0x2e, 0x30, 0x29, 0x0a, 0x20, 0x20, 0x20, 0x20, 0x7b, 0x0a, 0x20, 0x20, 0x20, 0x20, 0x20, // 0.0).    {.     
	0x20, 0x20, 0x20, 0x68, 0x69, 0x67, 0x68, 0x70, 0x20, 0x76, 0x65, 0x63, 0x34, 0x20, 0x5f, 0x31, //    highp vec4 _1
	0x33, 0x37, 0x30, 0x20, 0x3d, 0x20, 0x74, 0x65, 0x78, 0x74, 0x75, 0x72, 0x65, 0x28, 0x73, 0x5f, // 370 = texture(s_
	0x63, 0x6f, 0x6c, 0x6f, 0x72, 0x54, 0x65, 0x78, 0x2c, 0x20, 0x76, 0x5f, 0x42, 0x6c, 0x65, 0x6e, // colorTex, v_Blen
	0x64, 0x5f, 0x46, 0x42, 0x4e, 0x65, 0x78, 0x74, 0x49, 0x6e, 0x64, 0x65, 0x78, 0x5f, 0x55, 0x56, // d_FBNextIndex_UV
	0x2e, 0x7a, 0x77, 0x20, 0x2b, 0x20, 0x5f, 0x39, 0x37, 0x36, 0x29, 0x3b, 0x0a, 0x20, 0x20, 0x20, // .zw + _976);.   
	0x20, 0x20, 0x20, 0x20, 0x20, 0x68, 0x69, 0x67, 0x68, 0x70, 0x20, 0x76, 0x65, 0x63, 0x34, 0x20, //      highp vec4 
	0x5f, 0x32, 0x30, 0x31, 0x31, 0x3b, 0x0a, 0x20, 0x20, 0x20, 0x20, 0x20, 0x20, 0x20, 0x20, 0x69, // _2011;.        i
	0x66, 0x20, 0x28, 0x75, 0x5f, 0x66, 0x73, 0x66, 0x46, 0x6c, 0x69, 0x70, 0x62, 0x6f, 0x6f, 0x6b, // f (u_fsfFlipbook
	0x50, 0x61, 0x72, 0x61, 0x6d, 0x65, 0x74, 0x65, 0x72, 0x2e, 0x79, 0x20, 0x3d, 0x3d, 0x20, 0x31, // Parameter.y == 1
	0x2e, 0x30, 0x29, 0x0a, 0x20, 0x20, 0x20, 0x20, 0x20, 0x20, 0x20, 0x20, 0x7b, 0x0a, 0x20, 0x20, // .0).        {.  
	0x20, 0x20, 0x20, 0x20, 0x20, 0x20, 0x20, 0x20, 0x20, 0x20, 0x5f, 0x32, 0x30, 0x31, 0x31, 0x20, //           _2011 
	0x3d, 0x20, 0x6d, 0x69, 0x78, 0x28, 0x5f, 0x39, 0x38, 0x34, 0x2c, 0x20, 0x5f, 0x31, 0x33, 0x37, // = mix(_984, _137
	0x30, 0x20, 0x2a, 0x20, 0x76, 0x5f, 0x43, 0x6f, 0x6c, 0x6f, 0x72, 0x2c, 0x20, 0x76, 0x65, 0x63, // 0 * v_Color, vec
	0x34, 0x28, 0x76, 0x5f, 0x55, 0x56, 0x5f, 0x4f, 0x74, 0x68, 0x65, 0x72, 0x73, 0x2e, 0x7a, 0x29, // 4(v_UV_Others.z)
	0x29, 0x3b, 0x0a, 0x20, 0x20, 0x20, 0x20, 0x20, 0x20, 0x20, 0x20, 0x7d, 0x0a, 0x20, 0x20, 0x20, // );.        }.   
	0x20, 0x20, 0x20, 0x20, 0x20, 0x65, 0x6c, 0x73, 0x65, 0x0a, 0x20, 0x20, 0x20, 0x20, 0x20, 0x20, //      else.      
	0x20, 0x20, 0x7b, 0x0a, 0x20, 0x20, 0x20, 0x20, 0x20, 0x20, 0x20, 0x20, 0x20, 0x20, 0x20, 0x20, //   {.            
	0x5f, 0x32, 0x30, 0x31, 0x31, 0x20, 0x3d, 0x20, 0x5f, 0x39, 0x38, 0x34, 0x3b, 0x0a, 0x20, 0x20, // _2011 = _984;.  
	0x20, 0x20, 0x20, 0x20, 0x20, 0x20, 0x7d, 0x0a, 0x20, 0x20, 0x20, 0x20, 0x20, 0x20, 0x20, 0x20, //       }.        
	0x5f, 0x32, 0x30, 0x31, 0x30, 0x20, 0x3d, 0x20, 0x5f, 0x32, 0x30, 0x31, 0x31, 0x3b, 0x0a, 0x20, // _2010 = _2011;. 
	0x20, 0x20, 0x20, 0x7d, 0x0a, 0x20, 0x20, 0x20, 0x20, 0x65, 0x6c, 0x73, 0x65, 0x0a, 0x20, 0x20, //    }.    else.  
	0x20, 0x20, 0x7b, 0x0a, 0x20, 0x20, 0x20, 0x20, 0x20, 0x20, 0x20, 0x20, 0x5f, 0x32, 0x30, 0x31, //   {.        _201
	0x30, 0x20, 0x3d, 0x20, 0x5f, 0x39, 0x38, 0x34, 0x3b, 0x0a, 0x20, 0x20, 0x20, 0x20, 0x7d, 0x0a, // 0 = _984;.    }.
	0x20, 0x20, 0x20, 0x20, 0x68, 0x69, 0x67, 0x68, 0x70, 0x20, 0x76, 0x65, 0x63, 0x34, 0x20, 0x5f, //     highp vec4 _
	0x31, 0x30, 0x31, 0x32, 0x20, 0x3d, 0x20, 0x74, 0x65, 0x78, 0x74, 0x75, 0x72, 0x65, 0x28, 0x73, // 1012 = texture(s
	0x5f, 0x61, 0x6c, 0x70, 0x68, 0x61, 0x54, 0x65, 0x78, 0x2c, 0x20, 0x76, 0x5f, 0x41, 0x6c, 0x70, // _alphaTex, v_Alp
	0x68, 0x61, 0x5f, 0x44, 0x69, 0x73, 0x74, 0x5f, 0x55, 0x56, 0x2e, 0x78, 0x79, 0x20, 0x2b, 0x20, // ha_Dist_UV.xy + 
	0x5f, 0x39, 0x37, 0x36, 0x29, 0x3b, 0x0a, 0x20, 0x20, 0x20, 0x20, 0x68, 0x69, 0x67, 0x68, 0x70, // _976);.    highp
	0x20, 0x66, 0x6c, 0x6f, 0x61, 0x74, 0x20, 0x5f, 0x31, 0x30, 0x32, 0x30, 0x20, 0x3d, 0x20, 0x5f, //  float _1020 = _
	0x32, 0x30, 0x31, 0x30, 0x2e, 0x77, 0x20, 0x2a, 0x20, 0x28, 0x5f, 0x31, 0x30, 0x31, 0x32, 0x2e, // 2010.w * (_1012.
	0x78, 0x20, 0x2a, 0x20, 0x5f, 0x31, 0x30, 0x31, 0x32, 0x2e, 0x77, 0x29, 0x3b, 0x0a, 0x20, 0x20, // x * _1012.w);.  
	0x20, 0x20, 0x68, 0x69, 0x67, 0x68, 0x70, 0x20, 0x76, 0x65, 0x63, 0x34, 0x20, 0x5f, 0x31, 0x39, //   highp vec4 _19
	0x30, 0x31, 0x20, 0x3d, 0x20, 0x5f, 0x32, 0x30, 0x31, 0x30, 0x3b, 0x0a, 0x20, 0x20, 0x20, 0x20, // 01 = _2010;.    
	0x5f, 0x31, 0x39, 0x30, 0x31, 0x2e, 0x77, 0x20, 0x3d, 0x20, 0x5f, 0x31, 0x30, 0x32, 0x30, 0x3b, // _1901.w = _1020;
	0x0a, 0x20, 0x20, 0x20, 0x20, 0x68, 0x69, 0x67, 0x68, 0x70, 0x20, 0x76, 0x65, 0x63, 0x32, 0x20, // .    highp vec2 
	0x5f, 0x31, 0x34, 0x39, 0x36, 0x20, 0x3d, 0x20, 0x28, 0x74, 0x65, 0x78, 0x74, 0x75, 0x72, 0x65, // _1496 = (texture
	0x28, 0x73, 0x5f, 0x62, 0x6c, 0x65, 0x6e, 0x64, 0x55, 0x56, 0x44, 0x69, 0x73, 0x74, 0x6f, 0x72, // (s_blendUVDistor
	0x74, 0x69, 0x6f, 0x6e, 0x54, 0x65, 0x78, 0x2c, 0x20, 0x76, 0x5f, 0x42, 0x6c, 0x65, 0x6e, 0x64, // tionTex, v_Blend
	0x5f, 0x41, 0x6c, 0x70, 0x68, 0x61, 0x5f, 0x44, 0x69, 0x73, 0x74, 0x5f, 0x55, 0x56, 0x2e, 0x7a, // _Alpha_Dist_UV.z
	0x77, 0x29, 0x2e, 0x78, 0x79, 0x20, 0x2a, 0x20, 0x32, 0x2e, 0x30, 0x29, 0x20, 0x2d, 0x20, 0x76, // w).xy * 2.0) - v
	0x65, 0x63, 0x32, 0x28, 0x31, 0x2e, 0x30, 0x29, 0x3b, 0x0a, 0x20, 0x20, 0x20, 0x20, 0x5f, 0x31, // ec2(1.0);.    _1
	0x34, 0x39, 0x36, 0x2e, 0x79, 0x20, 0x3d, 0x20, 0x75, 0x5f, 0x66, 0x73, 0x66, 0x55, 0x56, 0x44, // 496.y = u_fsfUVD
	0x69, 0x73, 0x74, 0x6f, 0x72, 0x74, 0x69, 0x6f, 0x6e, 0x50, 0x61, 0x72, 0x61, 0x6d, 0x65, 0x74, // istortionParamet
	0x65, 0x72, 0x2e, 0x7a, 0x20, 0x2b, 0x20, 0x28, 0x75, 0x5f, 0x66, 0x73, 0x66, 0x55, 0x56, 0x44, // er.z + (u_fsfUVD
	0x69, 0x73, 0x74, 0x6f, 0x72, 0x74, 0x69, 0x6f, 0x6e, 0x50, 0x61, 0x72, 0x61, 0x6d, 0x65, 0x74, // istortionParamet
	0x65, 0x72, 0x2e, 0x77, 0x20, 0x2a, 0x20, 0x28, 0x5f, 0x31, 0x34, 0x39, 0x36, 0x2e, 0x79, 0x20, // er.w * (_1496.y 
	0x2a, 0x20, 0x28, 0x2d, 0x31, 0x2e, 0x30, 0x29, 0x29, 0x29, 0x3b, 0x0a, 0x20, 0x20, 0x20, 0x20, // * (-1.0)));.    
	0x68, 0x69, 0x67, 0x68, 0x70, 0x20, 0x76, 0x65, 0x63, 0x32, 0x20, 0x5f, 0x31, 0x30, 0x33, 0x33, // highp vec2 _1033
	0x20, 0x3d, 0x20, 0x5f, 0x31, 0x34, 0x39, 0x36, 0x20, 0x2a, 0x20, 0x75, 0x5f, 0x66, 0x73, 0x66, //  = _1496 * u_fsf
	0x55, 0x56, 0x44, 0x69, 0x73, 0x74, 0x6f, 0x72, 0x74, 0x69, 0x6f, 0x6e, 0x50, 0x61, 0x72, 0x61, // UVDistortionPara
	0x6d, 0x65, 0x74, 0x65, 0x72, 0x2e, 0x79, 0x3b, 0x0a, 0x20, 0x20, 0x20, 0x20, 0x68, 0x69, 0x67, // meter.y;.    hig
	0x68, 0x70, 0x20, 0x76, 0x65, 0x63, 0x34, 0x20, 0x5f, 0x31, 0x30, 0x33, 0x39, 0x20, 0x3d, 0x20, // hp vec4 _1039 = 
	0x74, 0x65, 0x78, 0x74, 0x75, 0x72, 0x65, 0x28, 0x73, 0x5f, 0x62, 0x6c, 0x65, 0x6e, 0x64, 0x54, // texture(s_blendT
	0x65, 0x78, 0x2c, 0x20, 0x76, 0x5f, 0x42, 0x6c, 0x65, 0x6e, 0x64, 0x5f, 0x46, 0x42, 0x4e, 0x65, // ex, v_Blend_FBNe
	0x78, 0x74, 0x49, 0x6e, 0x64, 0x65, 0x78, 0x5f, 0x55, 0x56, 0x2e, 0x78, 0x79, 0x20, 0x2b, 0x20, // xtIndex_UV.xy + 
	0x5f, 0x31, 0x30, 0x33, 0x33, 0x29, 0x3b, 0x0a, 0x20, 0x20, 0x20, 0x20, 0x68, 0x69, 0x67, 0x68, // _1033);.    high
	0x70, 0x20, 0x76, 0x65, 0x63, 0x34, 0x20, 0x5f, 0x31, 0x30, 0x34, 0x35, 0x20, 0x3d, 0x20, 0x74, // p vec4 _1045 = t
	0x65, 0x78, 0x74, 0x75, 0x72, 0x65, 0x28, 0x73, 0x5f, 0x62, 0x6c, 0x65, 0x6e, 0x64, 0x41, 0x6c, // exture(s_blendAl
	0x70, 0x68, 0x61, 0x54, 0x65, 0x78, 0x2c, 0x20, 0x76, 0x5f, 0x42, 0x6c, 0x65, 0x6e, 0x64, 0x5f, // phaTex, v_Blend_
	0x41, 0x6c, 0x70, 0x68, 0x61, 0x5f, 0x44, 0x69, 0x73, 0x74, 0x5f, 0x55, 0x56, 0x2e, 0x78, 0x79, // Alpha_Dist_UV.xy
	0x20, 0x2b, 0x20, 0x5f, 0x31, 0x30, 0x33, 0x33, 0x29, 0x3b, 0x0a, 0x20, 0x20, 0x20, 0x20, 0x68, //  + _1033);.    h
	0x69, 0x67, 0x68, 0x70, 0x20, 0x66, 0x6c, 0x6f, 0x61, 0x74, 0x20, 0x5f, 0x31, 0x30, 0x35, 0x33, // ighp float _1053
	0x20, 0x3d, 0x20, 0x5f, 0x31, 0x30, 0x33, 0x39, 0x2e, 0x77, 0x20, 0x2a, 0x20, 0x28, 0x5f, 0x31, //  = _1039.w * (_1
	0x30, 0x34, 0x35, 0x2e, 0x78, 0x20, 0x2a, 0x20, 0x5f, 0x31, 0x30, 0x34, 0x35, 0x2e, 0x77, 0x29, // 045.x * _1045.w)
	0x3b, 0x0a, 0x20, 0x20, 0x20, 0x20, 0x68, 0x69, 0x67, 0x68, 0x70, 0x20, 0x76, 0x65, 0x63, 0x34, // ;.    highp vec4
	0x20, 0x5f, 0x32, 0x30, 0x31, 0x36, 0x3b, 0x0a, 0x20, 0x20, 0x20, 0x20, 0x69, 0x66, 0x20, 0x28, //  _2016;.    if (
	0x75, 0x5f, 0x66, 0x73, 0x66, 0x42, 0x6c, 0x65, 0x6e, 0x64, 0x54, 0x65, 0x78, 0x74, 0x75, 0x72, // u_fsfBlendTextur
	0x65, 0x50, 0x61, 0x72, 0x61, 0x6d, 0x65, 0x74, 0x65, 0x72, 0x2e, 0x78, 0x20, 0x3d, 0x3d, 0x20, // eParameter.x == 
	0x30, 0x2e, 0x30, 0x29, 0x0a, 0x20, 0x20, 0x20, 0x20, 0x7b, 0x0a, 0x20, 0x20, 0x20, 0x20, 0x20, // 0.0).    {.     
	0x20, 0x20, 0x20, 0x5f, 0x32, 0x30, 0x31, 0x36, 0x20, 0x3d, 0x20, 0x76, 0x65, 0x63, 0x34, 0x28, //    _2016 = vec4(
	0x28, 0x28, 0x5f, 0x31, 0x30, 0x33, 0x39, 0x2e, 0x78, 0x79, 0x7a, 0x20, 0x2a, 0x20, 0x5f, 0x31, // ((_1039.xyz * _1
	0x30, 0x35, 0x33, 0x29, 0x20, 0x2b, 0x20, 0x28, 0x5f, 0x31, 0x39, 0x30, 0x31, 0x2e, 0x78, 0x79, // 053) + (_1901.xy
	0x7a, 0x20, 0x2a, 0x20, 0x28, 0x31, 0x2e, 0x30, 0x20, 0x2d, 0x20, 0x5f, 0x31, 0x30, 0x35, 0x33, // z * (1.0 - _1053
	0x29, 0x29, 0x29, 0x2e, 0x78, 0x79, 0x2c, 0x20, 0x5f, 0x32, 0x30, 0x33, 0x30, 0x2c, 0x20, 0x5f, // ))).xy, _2030, _
	0x31, 0x30, 0x32, 0x30, 0x29, 0x3b, 0x0a, 0x20, 0x20, 0x20, 0x20, 0x7d, 0x0a, 0x20, 0x20, 0x20, // 1020);.    }.   
	0x20, 0x65, 0x6c, 0x73, 0x65, 0x0a, 0x20, 0x20, 0x20, 0x20, 0x7b, 0x0a, 0x20, 0x20, 0x20, 0x20, //  else.    {.    
	0x20, 0x20, 0x20, 0x20, 0x68, 0x69, 0x67, 0x68, 0x70, 0x20, 0x76, 0x65, 0x63, 0x34, 0x20, 0x5f, //     highp vec4 _
	0x32, 0x30, 0x31, 0x37, 0x3b, 0x0a, 0x20, 0x20, 0x20, 0x20, 0x20, 0x20, 0x20, 0x20, 0x69, 0x66, // 2017;.        if
	0x20, 0x28, 0x75, 0x5f, 0x66, 0x73, 0x66, 0x42, 0x6c, 0x65, 0x6e, 0x64, 0x54, 0x65, 0x78, 0x74, //  (u_fsfBlendText
	0x75, 0x72, 0x65, 0x50, 0x61, 0x72, 0x61, 0x6d, 0x65, 0x74, 0x65, 0x72, 0x2e, 0x78, 0x20, 0x3d, // ureParameter.x =
	0x3d, 0x20, 0x31, 0x2e, 0x30, 0x29, 0x0a, 0x20, 0x20, 0x20, 0x20, 0x20, 0x20, 0x20, 0x20, 0x7b, // = 1.0).        {
	0x0a, 0x20, 0x20, 0x20, 0x20, 0x20, 0x20, 0x20, 0x20, 0x20, 0x20, 0x20, 0x20, 0x5f, 0x32, 0x30, // .            _20
	0x31, 0x37, 0x20, 0x3d, 0x20, 0x76, 0x65, 0x63, 0x34, 0x28, 0x28, 0x5f, 0x31, 0x39, 0x30, 0x31, // 17 = vec4((_1901
	0x2e, 0x78, 0x79, 0x7a, 0x20, 0x2b, 0x20, 0x28, 0x5f, 0x31, 0x30, 0x33, 0x39, 0x2e, 0x78, 0x79, // .xyz + (_1039.xy
	0x7a, 0x20, 0x2a, 0x20, 0x5f, 0x31, 0x30, 0x35, 0x33, 0x29, 0x29, 0x2e, 0x78, 0x79, 0x2c, 0x20, // z * _1053)).xy, 
	0x5f, 0x32, 0x30, 0x33, 0x30, 0x2c, 0x20, 0x5f, 0x31, 0x30, 0x32, 0x30, 0x29, 0x3b, 0x0a, 0x20, // _2030, _1020);. 
	0x20, 0x20, 0x20, 0x20, 0x20, 0x20, 0x20, 0x7d, 0x0a, 0x20, 0x20, 0x20, 0x20, 0x20, 0x20, 0x20, //        }.       
	0x20, 0x65, 0x6c, 0x73, 0x65, 0x0a, 0x20, 0x20, 0x20, 0x20, 0x20, 0x20, 0x20, 0x20, 0x7b, 0x0a, //  else.        {.
	0x20, 0x20, 0x20, 0x20, 0x20, 0x20, 0x20, 0x20, 0x20, 0x20, 0x20, 0x20, 0x68, 0x69, 0x67, 0x68, //             high
	0x70, 0x20, 0x76, 0x65, 0x63, 0x34, 0x20, 0x5f, 0x32, 0x30, 0x31, 0x38, 0x3b, 0x0a, 0x20, 0x20, // p vec4 _2018;.  
	0x20, 0x20, 0x20, 0x20, 0x20, 0x20, 0x20, 0x20, 0x20, 0x20, 0x69, 0x66, 0x20, 0x28, 0x75, 0x5f, //           if (u_
	0x66, 0x73, 0x66, 0x42, 0x6c, 0x65, 0x6e, 0x64, 0x54, 0x65, 0x78, 0x74, 0x75, 0x72, 0x65, 0x50, // fsfBlendTextureP
	0x61, 0x72, 0x61, 0x6d, 0x65, 0x74, 0x65, 0x72, 0x2e, 0x78, 0x20, 0x3d, 0x3d, 0x20, 0x32, 0x2e, // arameter.x == 2.
	0x30, 0x29, 0x0a, 0x20, 0x20, 0x20, 0x20, 0x20, 0x20, 0x20, 0x20, 0x20, 0x20, 0x20, 0x20, 0x7b, // 0).            {
	0x0a, 0x20, 0x20, 0x20, 0x20, 0x20, 0x20, 0x20, 0x20, 0x20, 0x20, 0x20, 0x20, 0x20, 0x20, 0x20, // .               
	0x20, 0x5f, 0x32, 0x30, 0x31, 0x38, 0x20, 0x3d, 0x20, 0x76, 0x65, 0x63, 0x34, 0x28, 0x28, 0x5f, //  _2018 = vec4((_
	0x31, 0x39, 0x30, 0x31, 0x2e, 0x78, 0x79, 0x7a, 0x20, 0x2d, 0x20, 0x28, 0x5f, 0x31, 0x30, 0x33, // 1901.xyz - (_103
	0x39, 0x2e, 0x78, 0x79, 0x7a, 0x20, 0x2a, 0x20, 0x5f, 0x31, 0x30, 0x35, 0x33, 0x29, 0x29, 0x2e, // 9.xyz * _1053)).
	0x78, 0x79, 0x2c, 0x20, 0x5f, 0x32, 0x30, 0x33, 0x30, 0x2c, 0x20, 0x5f, 0x31, 0x30, 0x32, 0x30, // xy, _2030, _1020
	0x29, 0x3b, 0x0a, 0x20, 0x20, 0x20, 0x20, 0x20, 0x20, 0x20, 0x20, 0x20, 0x20, 0x20, 0x20, 0x7d, // );.            }
	0x0a, 0x20, 0x20, 0x20, 0x20, 0x20, 0x20, 0x20, 0x20, 0x20, 0x20, 0x20, 0x20, 0x65, 0x6c, 0x73, // .            els
	0x65, 0x0a, 0x20, 0x20, 0x20, 0x20, 0x20, 0x20, 0x20, 0x20, 0x20, 0x20, 0x20, 0x20, 0x7b, 0x0a, // e.            {.
	0x20, 0x20, 0x20, 0x20, 0x20, 0x20, 0x20, 0x20, 0x20, 0x20, 0x20, 0x20, 0x20, 0x20, 0x20, 0x20, //                 
	0x68, 0x69, 0x67, 0x68, 0x70, 0x20, 0x76, 0x65, 0x63, 0x34, 0x20, 0x5f, 0x32, 0x30, 0x31, 0x39, // highp vec4 _2019
	0x3b, 0x0a, 0x20, 0x20, 0x20, 0x20, 0x20, 0x20, 0x20, 0x20, 0x20, 0x20, 0x20, 0x20, 0x20, 0x20, // ;.              
	0x20, 0x20, 0x69, 0x66, 0x20, 0x28, 0x75, 0x5f, 0x66, 0x73, 0x66, 0x42, 0x6c, 0x65, 0x6e, 0x64, //   if (u_fsfBlend
	0x54, 0x65, 0x78, 0x74, 0x75, 0x72, 0x65, 0x50, 0x61, 0x72, 0x61, 0x6d, 0x65, 0x74, 0x65, 0x72, // TextureParameter
	0x2e, 0x78, 0x20, 0x3d, 0x3d, 0x20, 0x33, 0x2e, 0x30, 0x29, 0x0a, 0x20, 0x20, 0x20, 0x20, 0x20, // .x == 3.0).     
	0x20, 0x20, 0x20, 0x20, 0x20, 0x20, 0x20, 0x20, 0x20, 0x20, 0x20, 0x7b, 0x0a, 0x20, 0x20, 0x20, //            {.   
	0x20, 0x20, 0x20, 0x20, 0x20, 0x20, 0x20, 0x20, 0x20, 0x20, 0x20, 0x20, 0x20, 0x20, 0x20, 0x20, //                 
	0x20, 0x5f, 0x32, 0x30, 0x31, 0x39, 0x20, 0x3d, 0x20, 0x76, 0x65, 0x63, 0x34, 0x28, 0x28, 0x5f, //  _2019 = vec4((_
	0x31, 0x39, 0x30, 0x31, 0x2e, 0x78, 0x79, 0x7a, 0x20, 0x2a, 0x20, 0x28, 0x5f, 0x31, 0x30, 0x33, // 1901.xyz * (_103
	0x39, 0x2e, 0x78, 0x79, 0x7a, 0x20, 0x2a, 0x20, 0x5f, 0x31, 0x30, 0x35, 0x33, 0x29, 0x29, 0x2e, // 9.xyz * _1053)).
	0x78, 0x79, 0x2c, 0x20, 0x5f, 0x32, 0x30, 0x33, 0x30, 0x2c, 0x20, 0x5f, 0x31, 0x30, 0x32, 0x30, // xy, _2030, _1020
	0x29, 0x3b, 0x0a, 0x20, 0x20, 0x20, 0x20, 0x20, 0x20, 0x20, 0x20, 0x20, 0x20, 0x20, 0x20, 0x20, // );.             
	0x20, 0x20, 0x20, 0x7d, 0x0a, 0x20, 0x20, 0x20, 0x20, 0x20, 0x20, 0x20, 0x20, 0x20, 0x20, 0x20, //    }.           
	0x20, 0x20, 0x20, 0x20, 0x20, 0x65, 0x6c, 0x73, 0x65, 0x0a, 0x20, 0x20, 0x20, 0x20, 0x20, 0x20, //      else.      
	0x20, 0x20, 0x20, 0x20, 0x20, 0x20, 0x20, 0x20, 0x20, 0x20, 0x7b, 0x0a, 0x20, 0x20, 0x20, 0x20, //           {.    
	0x20, 0x20, 0x20, 0x20, 0x20, 0x20, 0x20, 0x20, 0x20, 0x20, 0x20, 0x20, 0x20, 0x20, 0x20, 0x20, //                 
	0x5f, 0x32, 0x30, 0x31, 0x39, 0x20, 0x3d, 0x20, 0x5f, 0x31, 0x39, 0x30, 0x31, 0x3b, 0x0a, 0x20, // _2019 = _1901;. 
	0x20, 0x20, 0x20, 0x20, 0x20, 0x20, 0x20, 0x20, 0x20, 0x20, 0x20, 0x20, 0x20, 0x20, 0x20, 0x7d, //                }
	0x0a, 0x20, 0x20, 0x20, 0x20, 0x20, 0x20, 0x20, 0x20, 0x20, 0x20, 0x20, 0x20, 0x20, 0x20, 0x20, // .               
	0x20, 0x5f, 0x32, 0x30, 0x31, 0x38, 0x20, 0x3d, 0x20, 0x5f, 0x32, 0x30, 0x31, 0x39, 0x3b, 0x0a, //  _2018 = _2019;.
	0x20, 0x20, 0x20, 0x20, 0x20, 0x20, 0x20, 0x20, 0x20, 0x20, 0x20, 0x20, 0x7d, 0x0a, 0x20, 0x20, //             }.  
	0x20, 0x20, 0x20, 0x20, 0x20, 0x20, 0x20, 0x20, 0x20, 0x20, 0x5f, 0x32, 0x30, 0x31, 0x37, 0x20, //           _2017 
	0x3d, 0x20, 0x5f, 0x32, 0x30, 0x31, 0x38, 0x3b, 0x0a, 0x20, 0x20, 0x20, 0x20, 0x20, 0x20, 0x20, // = _2018;.       
	0x20, 0x7d, 0x0a, 0x20, 0x20, 0x20, 0x20, 0x20, 0x20, 0x20, 0x20, 0x5f, 0x32, 0x30, 0x31, 0x36, //  }.        _2016
	0x20, 0x3d, 0x20, 0x5f, 0x32, 0x30, 0x31, 0x37, 0x3b, 0x0a, 0x20, 0x20, 0x20, 0x20, 0x7d, 0x0a, //  = _2017;.    }.
	0x20, 0x20, 0x20, 0x20, 0x69, 0x66, 0x20, 0x28, 0x5f, 0x32, 0x30, 0x31, 0x36, 0x2e, 0x77, 0x20, //     if (_2016.w 
	0x3c, 0x3d, 0x20, 0x6d, 0x61, 0x78, 0x28, 0x30, 0x2e, 0x30, 0x2c, 0x20, 0x76, 0x5f, 0x55, 0x56, // <= max(0.0, v_UV
	0x5f, 0x4f, 0x74, 0x68, 0x65, 0x72, 0x73, 0x2e, 0x77, 0x29, 0x29, 0x0a, 0x20, 0x20, 0x20, 0x20, // _Others.w)).    
	0x7b, 0x0a, 0x20, 0x20, 0x20, 0x20, 0x20, 0x20, 0x20, 0x20, 0x64, 0x69, 0x73, 0x63, 0x61, 0x72, // {.        discar
	0x64, 0x3b, 0x0a, 0x20, 0x20, 0x20, 0x20, 0x7d, 0x0a, 0x20, 0x20, 0x20, 0x20, 0x68, 0x69, 0x67, // d;.    }.    hig
	0x68, 0x70, 0x20, 0x76, 0x65, 0x63, 0x32, 0x20, 0x5f, 0x31, 0x30, 0x37, 0x37, 0x20, 0x3d, 0x20, // hp vec2 _1077 = 
	0x76, 0x5f, 0x50, 0x6f, 0x73, 0x50, 0x2e, 0x78, 0x79, 0x20, 0x2f, 0x20, 0x76, 0x65, 0x63, 0x32, // v_PosP.xy / vec2
	0x28, 0x76, 0x5f, 0x50, 0x6f, 0x73, 0x50, 0x2e, 0x77, 0x29, 0x3b, 0x0a, 0x20, 0x20, 0x20, 0x20, // (v_PosP.w);.    
	0x68, 0x69, 0x67, 0x68, 0x70, 0x20, 0x76, 0x65, 0x63, 0x32, 0x20, 0x5f, 0x31, 0x31, 0x32, 0x34, // highp vec2 _1124
	0x20, 0x3d, 0x20, 0x28, 0x5f, 0x31, 0x30, 0x37, 0x37, 0x20, 0x2b, 0x20, 0x28, 0x28, 0x28, 0x76, //  = (_1077 + (((v
	0x5f, 0x50, 0x72, 0x6f, 0x6a, 0x54, 0x61, 0x6e, 0x67, 0x65, 0x6e, 0x74, 0x2e, 0x78, 0x79, 0x20, // _ProjTangent.xy 
	0x2f, 0x20, 0x76, 0x65, 0x63, 0x32, 0x28, 0x76, 0x5f, 0x50, 0x72, 0x6f, 0x6a, 0x54, 0x61, 0x6e, // / vec2(v_ProjTan
	0x67, 0x65, 0x6e, 0x74, 0x2e, 0x77, 0x29, 0x29, 0x20, 0x2d, 0x20, 0x5f, 0x31, 0x30, 0x37, 0x37, // gent.w)) - _1077
	0x29, 0x20, 0x2a, 0x20, 0x28, 0x28, 0x28, 0x28, 0x5f, 0x32, 0x30, 0x31, 0x36, 0x2e, 0x78, 0x20, // ) * ((((_2016.x 
	0x2a, 0x20, 0x32, 0x2e, 0x30, 0x29, 0x20, 0x2d, 0x20, 0x31, 0x2e, 0x30, 0x29, 0x20, 0x2a, 0x20, // * 2.0) - 1.0) * 
	0x76, 0x5f, 0x43, 0x6f, 0x6c, 0x6f, 0x72, 0x2e, 0x78, 0x29, 0x20, 0x2a, 0x20, 0x75, 0x5f, 0x66, // v_Color.x) * u_f
	0x73, 0x67, 0x5f, 0x73, 0x63, 0x61, 0x6c, 0x65, 0x2e, 0x78, 0x29, 0x29, 0x29, 0x20, 0x2b, 0x20, // sg_scale.x))) + 
	0x28, 0x28, 0x28, 0x76, 0x5f, 0x50, 0x72, 0x6f, 0x6a, 0x42, 0x69, 0x6e, 0x6f, 0x72, 0x6d, 0x61, // (((v_ProjBinorma
	0x6c, 0x2e, 0x78, 0x79, 0x20, 0x2f, 0x20, 0x76, 0x65, 0x63, 0x32, 0x28, 0x76, 0x5f, 0x50, 0x72, // l.xy / vec2(v_Pr
	0x6f, 0x6a, 0x42, 0x69, 0x6e, 0x6f, 0x72, 0x6d, 0x61, 0x6c, 0x2e, 0x77, 0x29, 0x29, 0x20, 0x2d, // ojBinormal.w)) -
	0x20, 0x5f, 0x31, 0x30, 0x37, 0x37, 0x29, 0x20, 0x2a, 0x20, 0x28, 0x28, 0x28, 0x28, 0x5f, 0x32, //  _1077) * ((((_2
	0x30, 0x31, 0x36, 0x2e, 0x79, 0x20, 0x2a, 0x20, 0x32, 0x2e, 0x30, 0x29, 0x20, 0x2d, 0x20, 0x31, // 016.y * 2.0) - 1
	0x2e, 0x30, 0x29, 0x20, 0x2a, 0x20, 0x76, 0x5f, 0x43, 0x6f, 0x6c, 0x6f, 0x72, 0x2e, 0x79, 0x29, // .0) * v_Color.y)
	0x20, 0x2a, 0x20, 0x75, 0x5f, 0x66, 0x73, 0x67, 0x5f, 0x73, 0x63, 0x61, 0x6c, 0x65, 0x2e, 0x78, //  * u_fsg_scale.x
	0x29, 0x29, 0x3b, 0x0a, 0x20, 0x20, 0x20, 0x20, 0x68, 0x69, 0x67, 0x68, 0x70, 0x20, 0x66, 0x6c, // ));.    highp fl
	0x6f, 0x61, 0x74, 0x20, 0x5f, 0x31, 0x31, 0x33, 0x34, 0x20, 0x3d, 0x20, 0x31, 0x2e, 0x30, 0x20, // oat _1134 = 1.0 
	0x2d, 0x20, 0x28, 0x28, 0x5f, 0x31, 0x31, 0x32, 0x34, 0x2e, 0x79, 0x20, 0x2b, 0x20, 0x31, 0x2e, // - ((_1124.y + 1.
	0x30, 0x29, 0x20, 0x2a, 0x20, 0x30, 0x2e, 0x35, 0x29, 0x3b, 0x0a, 0x20, 0x20, 0x20, 0x20, 0x68, // 0) * 0.5);.    h
	0x69, 0x67, 0x68, 0x70, 0x20, 0x76, 0x65, 0x63, 0x32, 0x20, 0x5f, 0x32, 0x30, 0x32, 0x37, 0x20, // ighp vec2 _2027 
	0x3d, 0x20, 0x76, 0x65, 0x63, 0x32, 0x28, 0x28, 0x5f, 0x31, 0x31, 0x32, 0x34, 0x2e, 0x78, 0x20, // = vec2((_1124.x 
	0x2b, 0x20, 0x31, 0x2e, 0x30, 0x29, 0x20, 0x2a, 0x20, 0x30, 0x2e, 0x35, 0x2c, 0x20, 0x5f, 0x31, // + 1.0) * 0.5, _1
	0x31, 0x33, 0x34, 0x29, 0x3b, 0x0a, 0x20, 0x20, 0x20, 0x20, 0x5f, 0x32, 0x30, 0x32, 0x37, 0x2e, // 134);.    _2027.
	0x79, 0x20, 0x3d, 0x20, 0x75, 0x5f, 0x66, 0x73, 0x6d, 0x55, 0x56, 0x49, 0x6e, 0x76, 0x65, 0x72, // y = u_fsmUVInver
	0x73, 0x65, 0x64, 0x42, 0x61, 0x63, 0x6b, 0x2e, 0x78, 0x20, 0x2b, 0x20, 0x28, 0x75, 0x5f, 0x66, // sedBack.x + (u_f
	0x73, 0x6d, 0x55, 0x56, 0x49, 0x6e, 0x76, 0x65, 0x72, 0x73, 0x65, 0x64, 0x42, 0x61, 0x63, 0x6b, // smUVInversedBack
	0x2e, 0x79, 0x20, 0x2a, 0x20, 0x5f, 0x31, 0x31, 0x33, 0x34, 0x29, 0x3b, 0x0a, 0x20, 0x20, 0x20, // .y * _1134);.   
	0x20, 0x68, 0x69, 0x67, 0x68, 0x70, 0x20, 0x76, 0x65, 0x63, 0x34, 0x20, 0x5f, 0x31, 0x31, 0x34, //  highp vec4 _114
	0x37, 0x20, 0x3d, 0x20, 0x74, 0x65, 0x78, 0x74, 0x75, 0x72, 0x65, 0x28, 0x73, 0x5f, 0x62, 0x61, // 7 = texture(s_ba
	0x63, 0x6b, 0x54, 0x65, 0x78, 0x2c, 0x20, 0x5f, 0x32, 0x30, 0x32, 0x37, 0x29, 0x3b, 0x0a, 0x20, // ckTex, _2027);. 
	0x20, 0x20, 0x20, 0x68, 0x69, 0x67, 0x68, 0x70, 0x20, 0x66, 0x6c, 0x6f, 0x61, 0x74, 0x20, 0x5f, //    highp float _
	0x31, 0x31, 0x35, 0x30, 0x20, 0x3d, 0x20, 0x5f, 0x31, 0x31, 0x34, 0x37, 0x2e, 0x78, 0x3b, 0x0a, // 1150 = _1147.x;.
	0x20, 0x20, 0x20, 0x20, 0x68, 0x69, 0x67, 0x68, 0x70, 0x20, 0x76, 0x65, 0x63, 0x34, 0x20, 0x5f, //     highp vec4 _
	0x31, 0x39, 0x37, 0x36, 0x20, 0x3d, 0x20, 0x5f, 0x32, 0x30, 0x31, 0x36, 0x3b, 0x0a, 0x20, 0x20, // 1976 = _2016;.  
	0x20, 0x20, 0x5f, 0x31, 0x39, 0x37, 0x36, 0x2e, 0x78, 0x20, 0x3d, 0x20, 0x5f, 0x31, 0x31, 0x35, //   _1976.x = _115
	0x30, 0x3b, 0x0a, 0x20, 0x20, 0x20, 0x20, 0x5f, 0x31, 0x39, 0x37, 0x36, 0x2e, 0x79, 0x20, 0x3d, // 0;.    _1976.y =
	0x20, 0x5f, 0x31, 0x31, 0x34, 0x37, 0x2e, 0x79, 0x3b, 0x0a, 0x20, 0x20, 0x20, 0x20, 0x5f, 0x31, //  _1147.y;.    _1
	0x39, 0x37, 0x36, 0x2e, 0x7a, 0x20, 0x3d, 0x20, 0x5f, 0x31, 0x31, 0x34, 0x37, 0x2e, 0x7a, 0x3b, // 976.z = _1147.z;
	0x0a, 0x20, 0x20, 0x20, 0x20, 0x68, 0x69, 0x67, 0x68, 0x70, 0x20, 0x76, 0x65, 0x63, 0x34, 0x20, // .    highp vec4 
	0x5f, 0x31, 0x31, 0x36, 0x33, 0x20, 0x3d, 0x20, 0x76, 0x5f, 0x50, 0x6f, 0x73, 0x50, 0x20, 0x2f, // _1163 = v_PosP /
	0x20, 0x76, 0x65, 0x63, 0x34, 0x28, 0x76, 0x5f, 0x50, 0x6f, 0x73, 0x50, 0x2e, 0x77, 0x29, 0x3b, //  vec4(v_PosP.w);
	0x0a, 0x20, 0x20, 0x20, 0x20, 0x68, 0x69, 0x67, 0x68, 0x70, 0x20, 0x76, 0x65, 0x63, 0x32, 0x20, // .    highp vec2 
	0x5f, 0x31, 0x31, 0x36, 0x39, 0x20, 0x3d, 0x20, 0x28, 0x5f, 0x31, 0x31, 0x36, 0x33, 0x2e, 0x78, // _1169 = (_1163.x
	0x79, 0x20, 0x2b, 0x20, 0x76, 0x65, 0x63, 0x32, 0x28, 0x31, 0x2e, 0x30, 0x29, 0x29, 0x20, 0x2a, // y + vec2(1.0)) *
	0x20, 0x76, 0x65, 0x63, 0x32, 0x28, 0x30, 0x2e, 0x35, 0x29, 0x3b, 0x0a, 0x20, 0x20, 0x20, 0x20, //  vec2(0.5);.    
	0x5f, 0x31, 0x31, 0x36, 0x39, 0x2e, 0x79, 0x20, 0x3d, 0x20, 0x31, 0x2e, 0x30, 0x20, 0x2d, 0x20, // _1169.y = 1.0 - 
	0x5f, 0x31, 0x31, 0x36, 0x39, 0x2e, 0x79, 0x3b, 0x0a, 0x20, 0x20, 0x20, 0x20, 0x68, 0x69, 0x67, // _1169.y;.    hig
	0x68, 0x70, 0x20, 0x76, 0x65, 0x63, 0x34, 0x20, 0x5f, 0x32, 0x30, 0x32, 0x30, 0x3b, 0x0a, 0x20, // hp vec4 _2020;. 
	0x20, 0x20, 0x20, 0x69, 0x66, 0x20, 0x28, 0x75, 0x5f, 0x66, 0x73, 0x73, 0x6f, 0x66, 0x74, 0x50, //    if (u_fssoftP
	0x61, 0x72, 0x74, 0x69, 0x63, 0x6c, 0x65, 0x50, 0x61, 0x72, 0x61, 0x6d, 0x2e, 0x77, 0x20, 0x21, // articleParam.w !
	0x3d, 0x20, 0x30, 0x2e, 0x30, 0x29, 0x0a, 0x20, 0x20, 0x20, 0x20, 0x7b, 0x0a, 0x20, 0x20, 0x20, // = 0.0).    {.   
	0x20, 0x20, 0x20, 0x20, 0x20, 0x68, 0x69, 0x67, 0x68, 0x70, 0x20, 0x76, 0x65, 0x63, 0x32, 0x20, //      highp vec2 
	0x5f, 0x31, 0x37, 0x34, 0x39, 0x20, 0x3d, 0x20, 0x76, 0x65, 0x63, 0x32, 0x28, 0x28, 0x74, 0x65, // _1749 = vec2((te
	0x78, 0x74, 0x75, 0x72, 0x65, 0x28, 0x73, 0x5f, 0x64, 0x65, 0x70, 0x74, 0x68, 0x54, 0x65, 0x78, // xture(s_depthTex
	0x2c, 0x20, 0x5f, 0x31, 0x31, 0x36, 0x39, 0x29, 0x2e, 0x78, 0x20, 0x2a, 0x20, 0x75, 0x5f, 0x66, // , _1169).x * u_f
	0x73, 0x72, 0x65, 0x63, 0x6f, 0x6e, 0x73, 0x74, 0x72, 0x75, 0x63, 0x74, 0x69, 0x6f, 0x6e, 0x50, // sreconstructionP
	0x61, 0x72, 0x61, 0x6d, 0x31, 0x2e, 0x78, 0x29, 0x20, 0x2b, 0x20, 0x75, 0x5f, 0x66, 0x73, 0x72, // aram1.x) + u_fsr
	0x65, 0x63, 0x6f, 0x6e, 0x73, 0x74, 0x72, 0x75, 0x63, 0x74, 0x69, 0x6f, 0x6e, 0x50, 0x61, 0x72, // econstructionPar
	0x61, 0x6d, 0x31, 0x2e, 0x79, 0x2c, 0x20, 0x5f, 0x31, 0x31, 0x36, 0x33, 0x2e, 0x7a, 0x29, 0x3b, // am1.y, _1163.z);
	0x0a, 0x20, 0x20, 0x20, 0x20, 0x20, 0x20, 0x20, 0x20, 0x68, 0x69, 0x67, 0x68, 0x70, 0x20, 0x76, // .        highp v
	0x65, 0x63, 0x32, 0x20, 0x5f, 0x31, 0x37, 0x36, 0x36, 0x20, 0x3d, 0x20, 0x28, 0x28, 0x5f, 0x31, // ec2 _1766 = ((_1
	0x37, 0x34, 0x39, 0x20, 0x2a, 0x20, 0x75, 0x5f, 0x66, 0x73, 0x72, 0x65, 0x63, 0x6f, 0x6e, 0x73, // 749 * u_fsrecons
	0x74, 0x72, 0x75, 0x63, 0x74, 0x69, 0x6f, 0x6e, 0x50, 0x61, 0x72, 0x61, 0x6d, 0x32, 0x2e, 0x77, // tructionParam2.w
	0x29, 0x20, 0x2d, 0x20, 0x76, 0x65, 0x63, 0x32, 0x28, 0x75, 0x5f, 0x66, 0x73, 0x72, 0x65, 0x63, // ) - vec2(u_fsrec
	0x6f, 0x6e, 0x73, 0x74, 0x72, 0x75, 0x63, 0x74, 0x69, 0x6f, 0x6e, 0x50, 0x61, 0x72, 0x61, 0x6d, // onstructionParam
	0x32, 0x2e, 0x79, 0x29, 0x29, 0x20, 0x2f, 0x20, 0x28, 0x76, 0x65, 0x63, 0x32, 0x28, 0x75, 0x5f, // 2.y)) / (vec2(u_
	0x66, 0x73, 0x72, 0x65, 0x63, 0x6f, 0x6e, 0x73, 0x74, 0x72, 0x75, 0x63, 0x74, 0x69, 0x6f, 0x6e, // fsreconstruction
	0x50, 0x61, 0x72, 0x61, 0x6d, 0x32, 0x2e, 0x78, 0x29, 0x20, 0x2d, 0x20, 0x28, 0x5f, 0x31, 0x37, // Param2.x) - (_17
	0x34, 0x39, 0x20, 0x2a, 0x20, 0x75, 0x5f, 0x66, 0x73, 0x72, 0x65, 0x63, 0x6f, 0x6e, 0x73, 0x74, // 49 * u_fsreconst
	0x72, 0x75, 0x63, 0x74, 0x69, 0x6f, 0x6e, 0x50, 0x61, 0x72, 0x61, 0x6d, 0x32, 0x2e, 0x7a, 0x29, // ructionParam2.z)
	0x29, 0x3b, 0x0a, 0x20, 0x20, 0x20, 0x20, 0x20, 0x20, 0x20, 0x20, 0x68, 0x69, 0x67, 0x68, 0x70, // );.        highp
	0x20, 0x76, 0x65, 0x63, 0x32, 0x20, 0x5f, 0x31, 0x37, 0x37, 0x32, 0x20, 0x3d, 0x20, 0x5f, 0x31, //  vec2 _1772 = _1
	0x37, 0x36, 0x36, 0x20, 0x2a, 0x20, 0x73, 0x69, 0x67, 0x6e, 0x28, 0x5f, 0x31, 0x37, 0x36, 0x36, // 766 * sign(_1766
	0x2e, 0x78, 0x29, 0x3b, 0x0a, 0x20, 0x20, 0x20, 0x20, 0x20, 0x20, 0x20, 0x20, 0x68, 0x69, 0x67, // .x);.        hig
	0x68, 0x70, 0x20, 0x66, 0x6c, 0x6f, 0x61, 0x74, 0x20, 0x5f, 0x31, 0x37, 0x37, 0x36, 0x20, 0x3d, // hp float _1776 =
	0x20, 0x5f, 0x31, 0x37, 0x37, 0x32, 0x2e, 0x79, 0x3b, 0x0a, 0x20, 0x20, 0x20, 0x20, 0x20, 0x20, //  _1772.y;.      
	0x20, 0x20, 0x5f, 0x32, 0x30, 0x32, 0x30, 0x20, 0x3d, 0x20, 0x76, 0x65, 0x63, 0x34, 0x28, 0x5f, //   _2020 = vec4(_
	0x31, 0x31, 0x35, 0x30, 0x2c, 0x20, 0x5f, 0x31, 0x31, 0x34, 0x37, 0x2e, 0x79, 0x7a, 0x2c, 0x20, // 1150, _1147.yz, 
	0x5f, 0x32, 0x30, 0x31, 0x36, 0x2e, 0x77, 0x20, 0x2a, 0x20, 0x6d, 0x69, 0x6e, 0x28, 0x6d, 0x61, // _2016.w * min(ma
	0x78, 0x28, 0x6d, 0x69, 0x6e, 0x28, 0x28, 0x5f, 0x31, 0x37, 0x37, 0x32, 0x2e, 0x78, 0x20, 0x2d, // x(min((_1772.x -
	0x20, 0x5f, 0x31, 0x37, 0x37, 0x36, 0x29, 0x20, 0x2f, 0x20, 0x75, 0x5f, 0x66, 0x73, 0x73, 0x6f, //  _1776) / u_fsso
	0x66, 0x74, 0x50, 0x61, 0x72, 0x74, 0x69, 0x63, 0x6c, 0x65, 0x50, 0x61, 0x72, 0x61, 0x6d, 0x2e, // ftParticleParam.
	0x78, 0x2c, 0x20, 0x28, 0x5f, 0x31, 0x37, 0x37, 0x36, 0x20, 0x2d, 0x20, 0x75, 0x5f, 0x66, 0x73, // x, (_1776 - u_fs
	0x73, 0x6f, 0x66, 0x74, 0x50, 0x61, 0x72, 0x74, 0x69, 0x63, 0x6c, 0x65, 0x50, 0x61, 0x72, 0x61, // softParticlePara
	0x6d, 0x2e, 0x7a, 0x29, 0x20, 0x2f, 0x20, 0x75, 0x5f, 0x66, 0x73, 0x73, 0x6f, 0x66, 0x74, 0x50, // m.z) / u_fssoftP
	0x61, 0x72, 0x74, 0x69, 0x63, 0x6c, 0x65, 0x50, 0x61, 0x72, 0x61, 0x6d, 0x2e, 0x79, 0x29, 0x2c, // articleParam.y),
	0x20, 0x30, 0x2e, 0x30, 0x29, 0x2c, 0x20, 0x31, 0x2e, 0x30, 0x29, 0x29, 0x3b, 0x0a, 0x20, 0x20, //  0.0), 1.0));.  
	0x20, 0x20, 0x7d, 0x0a, 0x20, 0x20, 0x20, 0x20, 0x65, 0x6c, 0x73, 0x65, 0x0a, 0x20, 0x20, 0x20, //   }.    else.   
	0x20, 0x7b, 0x0a, 0x20, 0x20, 0x20, 0x20, 0x20, 0x20, 0x20, 0x20, 0x5f, 0x32, 0x30, 0x32, 0x30, //  {.        _2020
	0x20, 0x3d, 0x20, 0x5f, 0x31, 0x39, 0x37, 0x36, 0x3b, 0x0a, 0x20, 0x20, 0x20, 0x20, 0x7d, 0x0a, //  = _1976;.    }.
	0x20, 0x20, 0x20, 0x20, 0x62, 0x67, 0x66, 0x78, 0x5f, 0x46, 0x72, 0x61, 0x67, 0x43, 0x6f, 0x6c, //     bgfx_FragCol
	0x6f, 0x72, 0x20, 0x3d, 0x20, 0x5f, 0x32, 0x30, 0x32, 0x30, 0x3b, 0x0a, 0x7d, 0x0a, 0x0a, 0x00, // or = _2020;.}...
};
static const uint8_t ad_model_distortion_ps_glsl[5196] =
{
	0x46, 0x53, 0x48, 0x0c, 0x0d, 0x11, 0x5f, 0xc2, 0x00, 0x00, 0x00, 0x00, 0x00, 0x00, 0x00, 0x00, // FSH..._.........
	0x00, 0x00, 0x00, 0x00, 0x10, 0x00, 0x1a, 0x75, 0x5f, 0x66, 0x73, 0x66, 0x55, 0x56, 0x44, 0x69, // .......u_fsfUVDi
	0x73, 0x74, 0x6f, 0x72, 0x74, 0x69, 0x6f, 0x6e, 0x50, 0x61, 0x72, 0x61, 0x6d, 0x65, 0x74, 0x65, // stortionParamete
	0x72, 0x02, 0x01, 0x00, 0x00, 0x01, 0x00, 0x00, 0x00, 0x00, 0x00, 0x16, 0x75, 0x5f, 0x66, 0x73, // r...........u_fs
	0x66, 0x46, 0x6c, 0x69, 0x70, 0x62, 0x6f, 0x6f, 0x6b, 0x50, 0x61, 0x72, 0x61, 0x6d, 0x65, 0x74, // fFlipbookParamet
	0x65, 0x72, 0x02, 0x01, 0x00, 0x00, 0x01, 0x00, 0x00, 0x00, 0x00, 0x00, 0x1a, 0x75, 0x5f, 0x66, // er...........u_f
	0x73, 0x66, 0x42, 0x6c, 0x65, 0x6e, 0x64, 0x54, 0x65, 0x78, 0x74, 0x75, 0x72, 0x65, 0x50, 0x61, // sfBlendTexturePa
	0x72, 0x61, 0x6d, 0x65, 0x74, 0x65, 0x72, 0x02, 0x01, 0x00, 0x00, 0x01, 0x00, 0x00, 0x00, 0x00, // rameter.........
	0x00, 0x0b, 0x75, 0x5f, 0x66, 0x73, 0x67, 0x5f, 0x73, 0x63, 0x61, 0x6c, 0x65, 0x02, 0x01, 0x00, // ..u_fsg_scale...
	0x00, 0x01, 0x00, 0x00, 0x00, 0x00, 0x00, 0x13, 0x75, 0x5f, 0x66, 0x73, 0x6d, 0x55, 0x56, 0x49, // ........u_fsmUVI
	0x6e, 0x76, 0x65, 0x72, 0x73, 0x65, 0x64, 0x42, 0x61, 0x63, 0x6b, 0x02, 0x01, 0x00, 0x00, 0x01, // nversedBack.....
	0x00, 0x00, 0x00, 0x00, 0x00, 0x15, 0x75, 0x5f, 0x66, 0x73, 0x73, 0x6f, 0x66, 0x74, 0x50, 0x61, // ......u_fssoftPa
	0x72, 0x74, 0x69, 0x63, 0x6c, 0x65, 0x50, 0x61, 0x72, 0x61, 0x6d, 0x02, 0x01, 0x00, 0x00, 0x01, // rticleParam.....
	0x00, 0x00, 0x00, 0x00, 0x00, 0x18, 0x75, 0x5f, 0x66, 0x73, 0x72, 0x65, 0x63, 0x6f, 0x6e, 0x73, // ......u_fsrecons
	0x74, 0x72, 0x75, 0x63, 0x74, 0x69, 0x6f, 0x6e, 0x50, 0x61, 0x72, 0x61, 0x6d, 0x31, 0x02, 0x01, // tructionParam1..
	0x00, 0x00, 0x01, 0x00, 0x00, 0x00, 0x00, 0x00, 0x18, 0x75, 0x5f, 0x66, 0x73, 0x72, 0x65, 0x63, // .........u_fsrec
	0x6f, 0x6e, 0x73, 0x74, 0x72, 0x75, 0x63, 0x74, 0x69, 0x6f, 0x6e, 0x50, 0x61, 0x72, 0x61, 0x6d, // onstructionParam
	0x32, 0x02, 0x01, 0x00, 0x00, 0x01, 0x00, 0x00, 0x00, 0x00, 0x00, 0x11, 0x73, 0x5f, 0x75, 0x76, // 2...........s_uv
	0x44, 0x69, 0x73, 0x74, 0x6f, 0x72, 0x74, 0x69, 0x6f, 0x6e, 0x54, 0x65, 0x78, 0x00, 0x01, 0x00, // DistortionTex...
	0x00, 0x01, 0x00, 0x00, 0x02, 0x00, 0x00, 0x16, 0x73, 0x5f, 0x62, 0x6c, 0x65, 0x6e, 0x64, 0x55, // ........s_blendU
	0x56, 0x44, 0x69, 0x73, 0x74, 0x6f, 0x72, 0x74, 0x69, 0x6f, 0x6e, 0x54, 0x65, 0x78, 0x00, 0x01, // VDistortionTex..
	0x00, 0x00, 0x01, 0x00, 0x00, 0x02, 0x00, 0x00, 0x0a, 0x73, 0x5f, 0x63, 0x6f, 0x6c, 0x6f, 0x72, // .........s_color
	0x54, 0x65, 0x78, 0x00, 0x01, 0x00, 0x00, 0x01, 0x00, 0x00, 0x02, 0x00, 0x00, 0x0a, 0x73, 0x5f, // Tex...........s_
	0x61, 0x6c, 0x70, 0x68, 0x61, 0x54, 0x65, 0x78, 0x00, 0x01, 0x00, 0x00, 0x01, 0x00, 0x00, 0x02, // alphaTex........
	0x00, 0x00, 0x0a, 0x73, 0x5f, 0x62, 0x6c, 0x65, 0x6e, 0x64, 0x54, 0x65, 0x78, 0x00, 0x01, 0x00, // ...s_blendTex...
	0x00, 0x01, 0x00, 0x00, 0x02, 0x00, 0x00, 0x0f, 0x73, 0x5f, 0x62, 0x6c, 0x65, 0x6e, 0x64, 0x41, // ........s_blendA
	0x6c, 0x70, 0x68, 0x61, 0x54, 0x65, 0x78, 0x00, 0x01, 0x00, 0x00, 0x01, 0x00, 0x00, 0x02, 0x00, // lphaTex.........
	0x00, 0x09, 0x73, 0x5f, 0x62, 0x61, 0x63, 0x6b, 0x54, 0x65, 0x78, 0x00, 0x01, 0x00, 0x00, 0x01, // ..s_backTex.....
	0x00, 0x00, 0x02, 0x00, 0x00, 0x0a, 0x73, 0x5f, 0x64, 0x65, 0x70, 0x74, 0x68, 0x54, 0x65, 0x78, // ......s_depthTex
	0x00, 0x01, 0x00, 0x00, 0x01, 0x00, 0x00, 0x02, 0x00, 0x00, 0x6d, 0x12, 0x00, 0x00, 0x0a, 0x66, // ..........m....f
	0x6c, 0x6f, 0x61, 0x74, 0x20, 0x5f, 0x32, 0x30, 0x33, 0x30, 0x3b, 0x0a, 0x0a, 0x75, 0x6e, 0x69, // loat _2030;..uni
	0x66, 0x6f, 0x72, 0x6d, 0x20, 0x73, 0x61, 0x6d, 0x70, 0x6c, 0x65, 0x72, 0x32, 0x44, 0x20, 0x73, // form sampler2D s
	0x5f, 0x75, 0x76, 0x44, 0x69, 0x73, 0x74, 0x6f, 0x72, 0x74, 0x69, 0x6f, 0x6e, 0x54, 0x65, 0x78, // _uvDistortionTex
	0x3b, 0x0a, 0x75, 0x6e, 0x69, 0x66, 0x6f, 0x72, 0x6d, 0x20, 0x73, 0x61, 0x6d, 0x70, 0x6c, 0x65, // ;.uniform sample
	0x72, 0x32, 0x44, 0x20, 0x73, 0x5f, 0x62, 0x6c, 0x65, 0x6e, 0x64, 0x55, 0x56, 0x44, 0x69, 0x73, // r2D s_blendUVDis
	0x74, 0x6f, 0x72, 0x74, 0x69, 0x6f, 0x6e, 0x54, 0x65, 0x78, 0x3b, 0x0a, 0x75, 0x6e, 0x69, 0x66, // tortionTex;.unif
	0x6f, 0x72, 0x6d, 0x20, 0x73, 0x61, 0x6d, 0x70, 0x6c, 0x65, 0x72, 0x32, 0x44, 0x20, 0x73, 0x5f, // orm sampler2D s_
	0x63, 0x6f, 0x6c, 0x6f, 0x72, 0x54, 0x65, 0x78, 0x3b, 0x0a, 0x75, 0x6e, 0x69, 0x66, 0x6f, 0x72, // colorTex;.unifor
	0x6d, 0x20, 0x76, 0x65, 0x63, 0x34, 0x20, 0x75, 0x5f, 0x66, 0x73, 0x66, 0x55, 0x56, 0x44, 0x69, // m vec4 u_fsfUVDi
	0x73, 0x74, 0x6f, 0x72, 0x74, 0x69, 0x6f, 0x6e, 0x50, 0x61, 0x72, 0x61, 0x6d, 0x65, 0x74, 0x65, // stortionParamete
	0x72, 0x3b, 0x0a, 0x75, 0x6e, 0x69, 0x66, 0x6f, 0x72, 0x6d, 0x20, 0x76, 0x65, 0x63, 0x34, 0x20, // r;.uniform vec4 
	0x75, 0x5f, 0x66, 0x73, 0x66, 0x46, 0x6c, 0x69, 0x70, 0x62, 0x6f, 0x6f, 0x6b, 0x50, 0x61, 0x72, // u_fsfFlipbookPar
	0x61, 0x6d, 0x65, 0x74, 0x65, 0x72, 0x3b, 0x0a, 0x75, 0x6e, 0x69, 0x66, 0x6f, 0x72, 0x6d, 0x20, // ameter;.uniform 
	0x73, 0x61, 0x6d, 0x70, 0x6c, 0x65, 0x72, 0x32, 0x44, 0x20, 0x73, 0x5f, 0x61, 0x6c, 0x70, 0x68, // sampler2D s_alph
	0x61, 0x54, 0x65, 0x78, 0x3b, 0x0a, 0x75, 0x6e, 0x69, 0x66, 0x6f, 0x72, 0x6d, 0x20, 0x73, 0x61, // aTex;.uniform sa
	0x6d, 0x70, 0x6c, 0x65, 0x72, 0x32, 0x44, 0x20, 0x73, 0x5f, 0x62, 0x6c, 0x65, 0x6e, 0x64, 0x54, // mpler2D s_blendT
	0x65, 0x78, 0x3b, 0x0a, 0x75, 0x6e, 0x69, 0x66, 0x6f, 0x72, 0x6d, 0x20, 0x73, 0x61, 0x6d, 0x70, // ex;.uniform samp
	0x6c, 0x65, 0x72, 0x32, 0x44, 0x20, 0x73, 0x5f, 0x62, 0x6c, 0x65, 0x6e, 0x64, 0x41, 0x6c, 0x70, // ler2D s_blendAlp
	0x68, 0x61, 0x54, 0x65, 0x78, 0x3b, 0x0a, 0x75, 0x6e, 0x69, 0x66, 0x6f, 0x72, 0x6d, 0x20, 0x76, // haTex;.uniform v
	0x65, 0x63, 0x34, 0x20, 0x75, 0x5f, 0x66, 0x73, 0x66, 0x42, 0x6c, 0x65, 0x6e, 0x64, 0x54, 0x65, // ec4 u_fsfBlendTe
	0x78, 0x74, 0x75, 0x72, 0x65, 0x50, 0x61, 0x72, 0x61, 0x6d, 0x65, 0x74, 0x65, 0x72, 0x3b, 0x0a, // xtureParameter;.
	0x75, 0x6e, 0x69, 0x66, 0x6f, 0x72, 0x6d, 0x20, 0x76, 0x65, 0x63, 0x34, 0x20, 0x75, 0x5f, 0x66, // uniform vec4 u_f
	0x73, 0x67, 0x5f, 0x73, 0x63, 0x61, 0x6c, 0x65, 0x3b, 0x0a, 0x75, 0x6e, 0x69, 0x66, 0x6f, 0x72, // sg_scale;.unifor
	0x6d, 0x20, 0x76, 0x65, 0x63, 0x34, 0x20, 0x75, 0x5f, 0x66, 0x73, 0x6d, 0x55, 0x56, 0x49, 0x6e, // m vec4 u_fsmUVIn
	0x76, 0x65, 0x72, 0x73, 0x65, 0x64, 0x42, 0x61, 0x63, 0x6b, 0x3b, 0x0a, 0x75, 0x6e, 0x69, 0x66, // versedBack;.unif
	0x6f, 0x72, 0x6d, 0x20, 0x73, 0x61, 0x6d, 0x70, 0x6c, 0x65, 0x72, 0x32, 0x44, 0x20, 0x73, 0x5f, // orm sampler2D s_
	0x62, 0x61, 0x63, 0x6b, 0x54, 0x65, 0x78, 0x3b, 0x0a, 0x75, 0x6e, 0x69, 0x66, 0x6f, 0x72, 0x6d, // backTex;.uniform
	0x20, 0x76, 0x65, 0x63, 0x34, 0x20, 0x75, 0x5f, 0x66, 0x73, 0x73, 0x6f, 0x66, 0x74, 0x50, 0x61, //  vec4 u_fssoftPa
	0x72, 0x74, 0x69, 0x63, 0x6c, 0x65, 0x50, 0x61, 0x72, 0x61, 0x6d, 0x3b, 0x0a, 0x75, 0x6e, 0x69, // rticleParam;.uni
	0x66, 0x6f, 0x72, 0x6d, 0x20, 0x73, 0x61, 0x6d, 0x70, 0x6c, 0x65, 0x72, 0x32, 0x44, 0x20, 0x73, // form sampler2D s
	0x5f, 0x64, 0x65, 0x70, 0x74, 0x68, 0x54, 0x65, 0x78, 0x3b, 0x0a, 0x75, 0x6e, 0x69, 0x66, 0x6f, // _depthTex;.unifo
	0x72, 0x6d, 0x20, 0x76, 0x65, 0x63, 0x34, 0x20, 0x75, 0x5f, 0x66, 0x73, 0x72, 0x65, 0x63, 0x6f, // rm vec4 u_fsreco
	0x6e, 0x73, 0x74, 0x72, 0x75, 0x63, 0x74, 0x69, 0x6f, 0x6e, 0x50, 0x61, 0x72, 0x61, 0x6d, 0x31, // nstructionParam1
	0x3b, 0x0a, 0x75, 0x6e, 0x69, 0x66, 0x6f, 0x72, 0x6d, 0x20, 0x76, 0x65, 0x63, 0x34, 0x20, 0x75, // ;.uniform vec4 u
	0x5f, 0x66, 0x73, 0x72, 0x65, 0x63, 0x6f, 0x6e, 0x73, 0x74, 0x72, 0x75, 0x63, 0x74, 0x69, 0x6f, // _fsreconstructio
	0x6e, 0x50, 0x61, 0x72, 0x61, 0x6d, 0x32, 0x3b, 0x0a, 0x0a, 0x69, 0x6e, 0x20, 0x76, 0x65, 0x63, // nParam2;..in vec
	0x34, 0x20, 0x76, 0x5f, 0x55, 0x56, 0x5f, 0x4f, 0x74, 0x68, 0x65, 0x72, 0x73, 0x3b, 0x0a, 0x69, // 4 v_UV_Others;.i
	0x6e, 0x20, 0x76, 0x65, 0x63, 0x34, 0x20, 0x76, 0x5f, 0x50, 0x72, 0x6f, 0x6a, 0x42, 0x69, 0x6e, // n vec4 v_ProjBin
	0x6f, 0x72, 0x6d, 0x61, 0x6c, 0x3b, 0x0a, 0x69, 0x6e, 0x20, 0x76, 0x65, 0x63, 0x34, 0x20, 0x76, // ormal;.in vec4 v
	0x5f, 0x50, 0x72, 0x6f, 0x6a, 0x54, 0x61, 0x6e, 0x67, 0x65, 0x6e, 0x74, 0x3b, 0x0a, 0x69, 0x6e, // _ProjTangent;.in
	0x20, 0x76, 0x65, 0x63, 0x34, 0x20, 0x76, 0x5f, 0x50, 0x6f, 0x73, 0x50, 0x3b, 0x0a, 0x69, 0x6e, //  vec4 v_PosP;.in
	0x20, 0x76, 0x65, 0x63, 0x34, 0x20, 0x76, 0x5f, 0x43, 0x6f, 0x6c, 0x6f, 0x72, 0x3b, 0x0a, 0x69, //  vec4 v_Color;.i
	0x6e, 0x20, 0x76, 0x65, 0x63, 0x34, 0x20, 0x76, 0x5f, 0x41, 0x6c, 0x70, 0x68, 0x61, 0x5f, 0x44, // n vec4 v_Alpha_D
	0x69, 0x73, 0x74, 0x5f, 0x55, 0x56, 0x3b, 0x0a, 0x69, 0x6e, 0x20, 0x76, 0x65, 0x63, 0x34, 0x20, // ist_UV;.in vec4 
	0x76, 0x5f, 0x42, 0x6c, 0x65, 0x6e, 0x64, 0x5f, 0x41, 0x6c, 0x70, 0x68, 0x61, 0x5f, 0x44, 0x69, // v_Blend_Alpha_Di
	0x73, 0x74, 0x5f, 0x55, 0x56, 0x3b, 0x0a, 0x69, 0x6e, 0x20, 0x76, 0x65, 0x63, 0x34, 0x20, 0x76, // st_UV;.in vec4 v
	0x5f, 0x42, 0x6c, 0x65, 0x6e, 0x64, 0x5f, 0x46, 0x42, 0x4e, 0x65, 0x78, 0x74, 0x49, 0x6e, 0x64, // _Blend_FBNextInd
	0x65, 0x78, 0x5f, 0x55, 0x56, 0x3b, 0x0a, 0x6c, 0x61, 0x79, 0x6f, 0x75, 0x74, 0x28, 0x6c, 0x6f, // ex_UV;.layout(lo
	0x63, 0x61, 0x74, 0x69, 0x6f, 0x6e, 0x20, 0x3d, 0x20, 0x30, 0x29, 0x20, 0x6f, 0x75, 0x74, 0x20, // cation = 0) out 
	0x76, 0x65, 0x63, 0x34, 0x20, 0x62, 0x67, 0x66, 0x78, 0x5f, 0x46, 0x72, 0x61, 0x67, 0x43, 0x6f, // vec4 bgfx_FragCo
	0x6c, 0x6f, 0x72, 0x3b, 0x0a, 0x0a, 0x76, 0x6f, 0x69, 0x64, 0x20, 0x6d, 0x61, 0x69, 0x6e, 0x28, // lor;..void main(
	0x29, 0x0a, 0x7b, 0x0a, 0x20, 0x20, 0x20, 0x20, 0x76, 0x65, 0x63, 0x32, 0x20, 0x5f, 0x31, 0x32, // ).{.    vec2 _12
	0x35, 0x39, 0x20, 0x3d, 0x20, 0x28, 0x74, 0x65, 0x78, 0x74, 0x75, 0x72, 0x65, 0x28, 0x73, 0x5f, // 59 = (texture(s_
	0x75, 0x76, 0x44, 0x69, 0x73, 0x74, 0x6f, 0x72, 0x74, 0x69, 0x6f, 0x6e, 0x54, 0x65, 0x78, 0x2c, // uvDistortionTex,
	0x20, 0x76, 0x5f, 0x41, 0x6c, 0x70, 0x68, 0x61, 0x5f, 0x44, 0x69, 0x73, 0x74, 0x5f, 0x55, 0x56, //  v_Alpha_Dist_UV
	0x2e, 0x7a, 0x77, 0x29, 0x2e, 0x78, 0x79, 0x20, 0x2a, 0x20, 0x32, 0x2e, 0x30, 0x29, 0x20, 0x2d, // .zw).xy * 2.0) -
	0x20, 0x76, 0x65, 0x63, 0x32, 0x28, 0x31, 0x2e, 0x30, 0x29, 0x3b, 0x0a, 0x20, 0x20, 0x20, 0x20, //  vec2(1.0);.    
	0x5f, 0x31, 0x32, 0x35, 0x39, 0x2e, 0x79, 0x20, 0x3d, 0x20, 0x75, 0x5f, 0x66, 0x73, 0x66, 0x55, // _1259.y = u_fsfU
	0x56, 0x44, 0x69, 0x73, 0x74, 0x6f, 0x72, 0x74, 0x69, 0x6f, 0x6e, 0x50, 0x61, 0x72, 0x61, 0x6d, // VDistortionParam
	0x65, 0x74, 0x65, 0x72, 0x2e, 0x7a, 0x20, 0x2b, 0x20, 0x28, 0x75, 0x5f, 0x66, 0x73, 0x66, 0x55, // eter.z + (u_fsfU
	0x56, 0x44, 0x69, 0x73, 0x74, 0x6f, 0x72, 0x74, 0x69, 0x6f, 0x6e, 0x50, 0x61, 0x72, 0x61, 0x6d, // VDistortionParam
	0x65, 0x74, 0x65, 0x72, 0x2e, 0x77, 0x20, 0x2a, 0x20, 0x28, 0x5f, 0x31, 0x32, 0x35, 0x39, 0x2e, // eter.w * (_1259.
	0x79, 0x20, 0x2a, 0x20, 0x28, 0x2d, 0x31, 0x2e, 0x30, 0x29, 0x29, 0x29, 0x3b, 0x0a, 0x20, 0x20, // y * (-1.0)));.  
	0x20, 0x20, 0x76, 0x65, 0x63, 0x32, 0x20, 0x5f, 0x39, 0x37, 0x36, 0x20, 0x3d, 0x20, 0x5f, 0x31, //   vec2 _976 = _1
	0x32, 0x35, 0x39, 0x20, 0x2a, 0x20, 0x75, 0x5f, 0x66, 0x73, 0x66, 0x55, 0x56, 0x44, 0x69, 0x73, // 259 * u_fsfUVDis
	0x74, 0x6f, 0x72, 0x74, 0x69, 0x6f, 0x6e, 0x50, 0x61, 0x72, 0x61, 0x6d, 0x65, 0x74, 0x65, 0x72, // tortionParameter
	0x2e, 0x78, 0x3b, 0x0a, 0x20, 0x20, 0x20, 0x20, 0x76, 0x65, 0x63, 0x34, 0x20, 0x5f, 0x39, 0x38, // .x;.    vec4 _98
	0x34, 0x20, 0x3d, 0x20, 0x74, 0x65, 0x78, 0x74, 0x75, 0x72, 0x65, 0x28, 0x73, 0x5f, 0x63, 0x6f, // 4 = texture(s_co
	0x6c, 0x6f, 0x72, 0x54, 0x65, 0x78, 0x2c, 0x20, 0x76, 0x5f, 0x55, 0x56, 0x5f, 0x4f, 0x74, 0x68, // lorTex, v_UV_Oth
	0x65, 0x72, 0x73, 0x2e, 0x78, 0x79, 0x20, 0x2b, 0x20, 0x5f, 0x39, 0x37, 0x36, 0x29, 0x3b, 0x0a, // ers.xy + _976);.
	0x20, 0x20, 0x20, 0x20, 0x5f, 0x39, 0x38, 0x34, 0x2e, 0x77, 0x20, 0x3d, 0x20, 0x5f, 0x39, 0x38, //     _984.w = _98
	0x34, 0x2e, 0x77, 0x20, 0x2a, 0x20, 0x76, 0x5f, 0x43, 0x6f, 0x6c, 0x6f, 0x72, 0x2e, 0x77, 0x3b, // 4.w * v_Color.w;
	0x0a, 0x20, 0x20, 0x20, 0x20, 0x76, 0x65, 0x63, 0x34, 0x20, 0x5f, 0x32, 0x30, 0x31, 0x30, 0x3b, // .    vec4 _2010;
	0x0a, 0x20, 0x20, 0x20, 0x20, 0x69, 0x66, 0x20, 0x28, 0x75, 0x5f, 0x66, 0x73, 0x66, 0x46, 0x6c, // .    if (u_fsfFl
	0x69, 0x70, 0x62, 0x6f, 0x6f, 0x6b, 0x50, 0x61, 0x72, 0x61, 0x6d, 0x65, 0x74, 0x65, 0x72, 0x2e, // ipbookParameter.
	0x78, 0x20, 0x3e, 0x20, 0x30, 0x2e, 0x30, 0x29, 0x0a, 0x20, 0x20, 0x20, 0x20, 0x7b, 0x0a, 0x20, // x > 0.0).    {. 
	0x20, 0x20, 0x20, 0x20, 0x20, 0x20, 0x20, 0x76, 0x65, 0x63, 0x34, 0x20, 0x5f, 0x31, 0x33, 0x37, //        vec4 _137
	0x30, 0x20, 0x3d, 0x20, 0x74, 0x65, 0x78, 0x74, 0x75, 0x72, 0x65, 0x28, 0x73, 0x5f, 0x63, 0x6f, // 0 = texture(s_co
	0x6c, 0x6f, 0x72, 0x54, 0x65, 0x78, 0x2c, 0x20, 0x76, 0x5f, 0x42, 0x6c, 0x65, 0x6e, 0x64, 0x5f, // lorTex, v_Blend_
	0x46, 0x42, 0x4e, 0x65, 0x78, 0x74, 0x49, 0x6e, 0x64, 0x65, 0x78, 0x5f, 0x55, 0x56, 0x2e, 0x7a, // FBNextIndex_UV.z
	0x77, 0x20, 0x2b, 0x20, 0x5f, 0x39, 0x37, 0x36, 0x29, 0x3b, 0x0a, 0x20, 0x20, 0x20, 0x20, 0x20, // w + _976);.     
	0x20, 0x20, 0x20, 0x76, 0x65, 0x63, 0x34, 0x20, 0x5f, 0x32, 0x30, 0x31, 0x31, 0x3b, 0x0a, 0x20, //    vec4 _2011;. 
	0x20, 0x20, 0x20, 0x20, 0x20, 0x20, 0x20, 0x69, 0x66, 0x20, 0x28, 0x75, 0x5f, 0x66, 0x73, 0x66, //        if (u_fsf
	0x46, 0x6c, 0x69, 0x70, 0x62, 0x6f, 0x6f, 0x6b, 0x50, 0x61, 0x72, 0x61, 0x6d, 0x65, 0x74, 0x65, // FlipbookParamete
	0x72, 0x2e, 0x79, 0x20, 0x3d, 0x3d, 0x20, 0x31, 0x2e, 0x30, 0x29, 0x0a, 0x20, 0x20, 0x20, 0x20, // r.y == 1.0).    
	0x20, 0x20, 0x20, 0x20, 0x7b, 0x0a, 0x20, 0x20, 0x20, 0x20, 0x20, 0x20, 0x20, 0x20, 0x20, 0x20, //     {.          
	0x20, 0x20, 0x5f, 0x32, 0x30, 0x31, 0x31, 0x20, 0x3d, 0x20, 0x6d, 0x69, 0x78, 0x28, 0x5f, 0x39, //   _2011 = mix(_9
	0x38, 0x34, 0x2c, 0x20, 0x5f, 0x31, 0x33, 0x37, 0x30, 0x20, 0x2a, 0x20, 0x76, 0x5f, 0x43, 0x6f, // 84, _1370 * v_Co
	0x6c, 0x6f, 0x72, 0x2c, 0x20, 0x76, 0x65, 0x63, 0x34, 0x28, 0x76, 0x5f, 0x55, 0x56, 0x5f, 0x4f, // lor, vec4(v_UV_O
	0x74, 0x68, 0x65, 0x72, 0x73, 0x2e, 0x7a, 0x29, 0x29, 0x3b, 0x0a, 0x20, 0x20, 0x20, 0x20, 0x20, // thers.z));.     
	0x20, 0x20, 0x20, 0x7d, 0x0a, 0x20, 0x20, 0x20, 0x20, 0x20, 0x20, 0x20, 0x20, 0x65, 0x6c, 0x73, //    }.        els
	0x65, 0x0a, 0x20, 0x20, 0x20, 0x20, 0x20, 0x20, 0x20, 0x20, 0x7b, 0x0a, 0x20, 0x20, 0x20, 0x20, // e.        {.    
	0x20, 0x20, 0x20, 0x20, 0x20, 0x20, 0x20, 0x20, 0x5f, 0x32, 0x30, 0x31, 0x31, 0x20, 0x3d, 0x20, //         _2011 = 
	0x5f, 0x39, 0x38, 0x34, 0x3b, 0x0a, 0x20, 0x20, 0x20, 0x20, 0x20, 0x20, 0x20, 0x20, 0x7d, 0x0a, // _984;.        }.
	0x20, 0x20, 0x20, 0x20, 0x20, 0x20, 0x20, 0x20, 0x5f, 0x32, 0x30, 0x31, 0x30, 0x20, 0x3d, 0x20, //         _2010 = 
	0x5f, 0x32, 0x30, 0x31, 0x31, 0x3b, 0x0a, 0x20, 0x20, 0x20, 0x20, 0x7d, 0x0a, 0x20, 0x20, 0x20, // _2011;.    }.   
	0x20, 0x65, 0x6c, 0x73, 0x65, 0x0a, 0x20, 0x20, 0x20, 0x20, 0x7b, 0x0a, 0x20, 0x20, 0x20, 0x20, //  else.    {.    
	0x20, 0x20, 0x20, 0x20, 0x5f, 0x32, 0x30, 0x31, 0x30, 0x20, 0x3d, 0x20, 0x5f, 0x39, 0x38, 0x34, //     _2010 = _984
	0x3b, 0x0a, 0x20, 0x20, 0x20, 0x20, 0x7d, 0x0a, 0x20, 0x20, 0x20, 0x20, 0x76, 0x65, 0x63, 0x34, // ;.    }.    vec4
	0x20, 0x5f, 0x31, 0x30, 0x31, 0x32, 0x20, 0x3d, 0x20, 0x74, 0x65, 0x78, 0x74, 0x75, 0x72, 0x65, //  _1012 = texture
	0x28, 0x73, 0x5f, 0x61, 0x6c, 0x70, 0x68, 0x61, 0x54, 0x65, 0x78, 0x2c, 0x20, 0x76, 0x5f, 0x41, // (s_alphaTex, v_A
	0x6c, 0x70, 0x68, 0x61, 0x5f, 0x44, 0x69, 0x73, 0x74, 0x5f, 0x55, 0x56, 0x2e, 0x78, 0x79, 0x20, // lpha_Dist_UV.xy 
	0x2b, 0x20, 0x5f, 0x39, 0x37, 0x36, 0x29, 0x3b, 0x0a, 0x20, 0x20, 0x20, 0x20, 0x66, 0x6c, 0x6f, // + _976);.    flo
	0x61, 0x74, 0x20, 0x5f, 0x31, 0x30, 0x32, 0x30, 0x20, 0x3d, 0x20, 0x5f, 0x32, 0x30, 0x31, 0x30, // at _1020 = _2010
	0x2e, 0x77, 0x20, 0x2a, 0x20, 0x28, 0x5f, 0x31, 0x30, 0x31, 0x32, 0x2e, 0x78, 0x20, 0x2a, 0x20, // .w * (_1012.x * 
	0x5f, 0x31, 0x30, 0x31, 0x32, 0x2e, 0x77, 0x29, 0x3b, 0x0a, 0x20, 0x20, 0x20, 0x20, 0x76, 0x65, // _1012.w);.    ve
	0x63, 0x34, 0x20, 0x5f, 0x31, 0x39, 0x30, 0x31, 0x20, 0x3d, 0x20, 0x5f, 0x32, 0x30, 0x31, 0x30, // c4 _1901 = _2010
	0x3b, 0x0a, 0x20, 0x20, 0x20, 0x20, 0x5f, 0x31, 0x39, 0x30, 0x31, 0x2e, 0x77, 0x20, 0x3d, 0x20, // ;.    _1901.w = 
	0x5f, 0x31, 0x30, 0x32, 0x30, 0x3b, 0x0a, 0x20, 0x20, 0x20, 0x20, 0x76, 0x65, 0x63, 0x32, 0x20, // _1020;.    vec2 
	0x5f, 0x31, 0x34, 0x39, 0x36, 0x20, 0x3d, 0x20, 0x28, 0x74, 0x65, 0x78, 0x74, 0x75, 0x72, 0x65, // _1496 = (texture
	0x28, 0x73, 0x5f, 0x62, 0x6c, 0x65, 0x6e, 0x64, 0x55, 0x56, 0x44, 0x69, 0x73, 0x74, 0x6f, 0x72, // (s_blendUVDistor
	0x74, 0x69, 0x6f, 0x6e, 0x54, 0x65, 0x78, 0x2c, 0x20, 0x76, 0x5f, 0x42, 0x6c, 0x65, 0x6e, 0x64, // tionTex, v_Blend
	0x5f, 0x41, 0x6c, 0x70, 0x68, 0x61, 0x5f, 0x44, 0x69, 0x73, 0x74, 0x5f, 0x55, 0x56, 0x2e, 0x7a, // _Alpha_Dist_UV.z
	0x77, 0x29, 0x2e, 0x78, 0x79, 0x20, 0x2a, 0x20, 0x32, 0x2e, 0x30, 0x29, 0x20, 0x2d, 0x20, 0x76, // w).xy * 2.0) - v
	0x65, 0x63, 0x32, 0x28, 0x31, 0x2e, 0x30, 0x29, 0x3b, 0x0a, 0x20, 0x20, 0x20, 0x20, 0x5f, 0x31, // ec2(1.0);.    _1
	0x34, 0x39, 0x36, 0x2e, 0x79, 0x20, 0x3d, 0x20, 0x75, 0x5f, 0x66, 0x73, 0x66, 0x55, 0x56, 0x44, // 496.y = u_fsfUVD
	0x69, 0x73, 0x74, 0x6f, 0x72, 0x74, 0x69, 0x6f, 0x6e, 0x50, 0x61, 0x72, 0x61, 0x6d, 0x65, 0x74, // istortionParamet
	0x65, 0x72, 0x2e, 0x7a, 0x20, 0x2b, 0x20, 0x28, 0x75, 0x5f, 0x66, 0x73, 0x66, 0x55, 0x56, 0x44, // er.z + (u_fsfUVD
	0x69, 0x73, 0x74, 0x6f, 0x72, 0x74, 0x69, 0x6f, 0x6e, 0x50, 0x61, 0x72, 0x61, 0x6d, 0x65, 0x74, // istortionParamet
	0x65, 0x72, 0x2e, 0x77, 0x20, 0x2a, 0x20, 0x28, 0x5f, 0x31, 0x34, 0x39, 0x36, 0x2e, 0x79, 0x20, // er.w * (_1496.y 
	0x2a, 0x20, 0x28, 0x2d, 0x31, 0x2e, 0x30, 0x29, 0x29, 0x29, 0x3b, 0x0a, 0x20, 0x20, 0x20, 0x20, // * (-1.0)));.    
	0x76, 0x65, 0x63, 0x32, 0x20, 0x5f, 0x31, 0x30, 0x33, 0x33, 0x20, 0x3d, 0x20, 0x5f, 0x31, 0x34, // vec2 _1033 = _14
	0x39, 0x36, 0x20, 0x2a, 0x20, 0x75, 0x5f, 0x66, 0x73, 0x66, 0x55, 0x56, 0x44, 0x69, 0x73, 0x74, // 96 * u_fsfUVDist
	0x6f, 0x72, 0x74, 0x69, 0x6f, 0x6e, 0x50, 0x61, 0x72, 0x61, 0x6d, 0x65, 0x74, 0x65, 0x72, 0x2e, // ortionParameter.
	0x79, 0x3b, 0x0a, 0x20, 0x20, 0x20, 0x20, 0x76, 0x65, 0x63, 0x34, 0x20, 0x5f, 0x31, 0x30, 0x33, // y;.    vec4 _103
	0x39, 0x20, 0x3d, 0x20, 0x74, 0x65, 0x78, 0x74, 0x75, 0x72, 0x65, 0x28, 0x73, 0x5f, 0x62, 0x6c, // 9 = texture(s_bl
	0x65, 0x6e, 0x64, 0x54, 0x65, 0x78, 0x2c, 0x20, 0x76, 0x5f, 0x42, 0x6c, 0x65, 0x6e, 0x64, 0x5f, // endTex, v_Blend_
	0x46, 0x42, 0x4e, 0x65, 0x78, 0x74, 0x49, 0x6e, 0x64, 0x65, 0x78, 0x5f, 0x55, 0x56, 0x2e, 0x78, // FBNextIndex_UV.x
	0x79, 0x20, 0x2b, 0x20, 0x5f, 0x31, 0x30, 0x33, 0x33, 0x29, 0x3b, 0x0a, 0x20, 0x20, 0x20, 0x20, // y + _1033);.    
	0x76, 0x65, 0x63, 0x34, 0x20, 0x5f, 0x31, 0x30, 0x34, 0x35, 0x20, 0x3d, 0x20, 0x74, 0x65, 0x78, // vec4 _1045 = tex
	0x74, 0x75, 0x72, 0x65, 0x28, 0x73, 0x5f, 0x62, 0x6c, 0x65, 0x6e, 0x64, 0x41, 0x6c, 0x70, 0x68, // ture(s_blendAlph
	0x61, 0x54, 0x65, 0x78, 0x2c, 0x20, 0x76, 0x5f, 0x42, 0x6c, 0x65, 0x6e, 0x64, 0x5f, 0x41, 0x6c, // aTex, v_Blend_Al
	0x70, 0x68, 0x61, 0x5f, 0x44, 0x69, 0x73, 0x74, 0x5f, 0x55, 0x56, 0x2e, 0x78, 0x79, 0x20, 0x2b, // pha_Dist_UV.xy +
	0x20, 0x5f, 0x31, 0x30, 0x33, 0x33, 0x29, 0x3b, 0x0a, 0x20, 0x20, 0x20, 0x20, 0x66, 0x6c, 0x6f, //  _1033);.    flo
	0x61, 0x74, 0x20, 0x5f, 0x31, 0x30, 0x35, 0x33, 0x20, 0x3d, 0x20, 0x5f, 0x31, 0x30, 0x33, 0x39, // at _1053 = _1039
	0x2e, 0x77, 0x20, 0x2a, 0x20, 0x28, 0x5f, 0x31, 0x30, 0x34, 0x35, 0x2e, 0x78, 0x20, 0x2a, 0x20, // .w * (_1045.x * 
	0x5f, 0x31, 0x30, 0x34, 0x35, 0x2e, 0x77, 0x29, 0x3b, 0x0a, 0x20, 0x20, 0x20, 0x20, 0x76, 0x65, // _1045.w);.    ve
	0x63, 0x34, 0x20, 0x5f, 0x32, 0x30, 0x31, 0x36, 0x3b, 0x0a, 0x20, 0x20, 0x20, 0x20, 0x69, 0x66, // c4 _2016;.    if
	0x20, 0x28, 0x75, 0x5f, 0x66, 0x73, 0x66, 0x42, 0x6c, 0x65, 0x6e, 0x64, 0x54, 0x65, 0x78, 0x74, //  (u_fsfBlendText
	0x75, 0x72, 0x65, 0x50, 0x61, 0x72, 0x61, 0x6d, 0x65, 0x74, 0x65, 0x72, 0x2e, 0x78, 0x20, 0x3d, // ureParameter.x =
	0x3d, 0x20, 0x30, 0x2e, 0x30, 0x29, 0x0a, 0x20, 0x20, 0x20, 0x20, 0x7b, 0x0a, 0x20, 0x20, 0x20, // = 0.0).    {.   
	0x20, 0x20, 0x20, 0x20, 0x20, 0x5f, 0x32, 0x30, 0x31, 0x36, 0x20, 0x3d, 0x20, 0x76, 0x65, 0x63, //      _2016 = vec
	0x34, 0x28, 0x28, 0x28, 0x5f, 0x31, 0x30, 0x33, 0x39, 0x2e, 0x78, 0x79, 0x7a, 0x20, 0x2a, 0x20, // 4(((_1039.xyz * 
	0x5f, 0x31, 0x30, 0x35, 0x33, 0x29, 0x20, 0x2b, 0x20, 0x28, 0x5f, 0x31, 0x39, 0x30, 0x31, 0x2e, // _1053) + (_1901.
	0x78, 0x79, 0x7a, 0x20, 0x2a, 0x20, 0x28, 0x31, 0x2e, 0x30, 0x20, 0x2d, 0x20, 0x5f, 0x31, 0x30, // xyz * (1.0 - _10
	0x35, 0x33, 0x29, 0x29, 0x29, 0x2e, 0x78, 0x79, 0x2c, 0x20, 0x5f, 0x32, 0x30, 0x33, 0x30, 0x2c, // 53))).xy, _2030,
	0x20, 0x5f, 0x31, 0x30, 0x32, 0x30, 0x29, 0x3b, 0x0a, 0x20, 0x20, 0x20, 0x20, 0x7d, 0x0a, 0x20, //  _1020);.    }. 
	0x20, 0x20, 0x20, 0x65, 0x6c, 0x73, 0x65, 0x0a, 0x20, 0x20, 0x20, 0x20, 0x7b, 0x0a, 0x20, 0x20, //    else.    {.  
	0x20, 0x20, 0x20, 0x20, 0x20, 0x20, 0x76, 0x65, 0x63, 0x34, 0x20, 0x5f, 0x32, 0x30, 0x31, 0x37, //       vec4 _2017
	0x3b, 0x0a, 0x20, 0x20, 0x20, 0x20, 0x20, 0x20, 0x20, 0x20, 0x69, 0x66, 0x20, 0x28, 0x75, 0x5f, // ;.        if (u_
	0x66, 0x73, 0x66, 0x42, 0x6c, 0x65, 0x6e, 0x64, 0x54, 0x65, 0x78, 0x74, 0x75, 0x72, 0x65, 0x50, // fsfBlendTextureP
	0x61, 0x72, 0x61, 0x6d, 0x65, 0x74, 0x65, 0x72, 0x2e, 0x78, 0x20, 0x3d, 0x3d, 0x20, 0x31, 0x2e, // arameter.x == 1.
	0x30, 0x29, 0x0a, 0x20, 0x20, 0x20, 0x20, 0x20, 0x20, 0x20, 0x20, 0x7b, 0x0a, 0x20, 0x20, 0x20, // 0).        {.   
	0x20, 0x20, 0x20, 0x20, 0x20, 0x20, 0x20, 0x20, 0x20, 0x5f, 0x32, 0x30, 0x31, 0x37, 0x20, 0x3d, //          _2017 =
	0x20, 0x76, 0x65, 0x63, 0x34, 0x28, 0x28, 0x5f, 0x31, 0x39, 0x30, 0x31, 0x2e, 0x78, 0x79, 0x7a, //  vec4((_1901.xyz
	0x20, 0x2b, 0x20, 0x28, 0x5f, 0x31, 0x30, 0x33, 0x39, 0x2e, 0x78, 0x79, 0x7a, 0x20, 0x2a, 0x20, //  + (_1039.xyz * 
	0x5f, 0x31, 0x30, 0x35, 0x33, 0x29, 0x29, 0x2e, 0x78, 0x79, 0x2c, 0x20, 0x5f, 0x32, 0x30, 0x33, // _1053)).xy, _203
	0x30, 0x2c, 0x20, 0x5f, 0x31, 0x30, 0x32, 0x30, 0x29, 0x3b, 0x0a, 0x20, 0x20, 0x20, 0x20, 0x20, // 0, _1020);.     
	0x20, 0x20, 0x20, 0x7d, 0x0a, 0x20, 0x20, 0x20, 0x20, 0x20, 0x20, 0x20, 0x20, 0x65, 0x6c, 0x73, //    }.        els
	0x65, 0x0a, 0x20, 0x20, 0x20, 0x20, 0x20, 0x20, 0x20, 0x20, 0x7b, 0x0a, 0x20, 0x20, 0x20, 0x20, // e.        {.    
	0x20, 0x20, 0x20, 0x20, 0x20, 0x20, 0x20, 0x20, 0x76, 0x65, 0x63, 0x34, 0x20, 0x5f, 0x32, 0x30, //         vec4 _20
	0x31, 0x38, 0x3b, 0x0a, 0x20, 0x20, 0x20, 0x20, 0x20, 0x20, 0x20, 0x20, 0x20, 0x20, 0x20, 0x20, // 18;.            
	0x69, 0x66, 0x20, 0x28, 0x75, 0x5f, 0x66, 0x73, 0x66, 0x42, 0x6c, 0x65, 0x6e, 0x64, 0x54, 0x65, // if (u_fsfBlendTe
	0x78, 0x74, 0x75, 0x72, 0x65, 0x50, 0x61, 0x72, 0x61, 0x6d, 0x65, 0x74, 0x65, 0x72, 0x2e, 0x78, // xtureParameter.x
	0x20, 0x3d, 0x3d, 0x20, 0x32, 0x2e, 0x30, 0x29, 0x0a, 0x20, 0x20, 0x20, 0x20, 0x20, 0x20, 0x20, //  == 2.0).       
	0x20, 0x20, 0x20, 0x20, 0x20, 0x7b, 0x0a, 0x20, 0x20, 0x20, 0x20, 0x20, 0x20, 0x20, 0x20, 0x20, //      {.         
	0x20, 0x20, 0x20, 0x20, 0x20, 0x20, 0x20, 0x5f, 0x32, 0x30, 0x31, 0x38, 0x20, 0x3d, 0x20, 0x76, //        _2018 = v
	0x65, 0x63, 0x34, 0x28, 0x28, 0x5f, 0x31, 0x39, 0x30, 0x31, 0x2e, 0x78, 0x79, 0x7a, 0x20, 0x2d, // ec4((_1901.xyz -
	0x20, 0x28, 0x5f, 0x31, 0x30, 0x33, 0x39, 0x2e, 0x78, 0x79, 0x7a, 0x20, 0x2a, 0x20, 0x5f, 0x31, //  (_1039.xyz * _1
	0x30, 0x35, 0x33, 0x29, 0x29, 0x2e, 0x78, 0x79, 0x2c, 0x20, 0x5f, 0x32, 0x30, 0x33, 0x30, 0x2c, // 053)).xy, _2030,
	0x20, 0x5f, 0x31, 0x30, 0x32, 0x30, 0x29, 0x3b, 0x0a, 0x20, 0x20, 0x20, 0x20, 0x20, 0x20, 0x20, //  _1020);.       
	0x20, 0x20, 0x20, 0x20, 0x20, 0x7d, 0x0a, 0x20, 0x20, 0x20, 0x20, 0x20, 0x20, 0x20, 0x20, 0x20, //      }.         
	0x20, 0x20, 0x20, 0x65, 0x6c, 0x73, 0x65, 0x0a, 0x20, 0x20, 0x20, 0x20, 0x20, 0x20, 0x20, 0x20, //    else.        
	0x20, 0x20, 0x20, 0x20, 0x7b, 0x0a, 0x20, 0x20, 0x20, 0x20, 0x20, 0x20, 0x20, 0x20, 0x20, 0x20, //     {.          
	0x20, 0x20, 0x20, 0x20, 0x20, 0x20, 0x76, 0x65, 0x63, 0x34, 0x20, 0x5f, 0x32, 0x30, 0x31, 0x39, //       vec4 _2019
	0x3b, 0x0a, 0x20, 0x20, 0x20, 0x20, 0x20, 0x20, 0x20, 0x20, 0x20, 0x20, 0x20, 0x20, 0x20, 0x20, // ;.              
	0x20, 0x20, 0x69, 0x66, 0x20, 0x28, 0x75, 0x5f, 0x66, 0x73, 0x66, 0x42, 0x6c, 0x65, 0x6e, 0x64, //   if (u_fsfBlend
	0x54, 0x65, 0x78, 0x74, 0x75, 0x72, 0x65, 0x50, 0x61, 0x72, 0x61, 0x6d, 0x65, 0x74, 0x65, 0x72, // TextureParameter
	0x2e, 0x78, 0x20, 0x3d, 0x3d, 0x20, 0x33, 0x2e, 0x30, 0x29, 0x0a, 0x20, 0x20, 0x20, 0x20, 0x20, // .x == 3.0).     
	0x20, 0x20, 0x20, 0x20, 0x20, 0x20, 0x20, 0x20, 0x20, 0x20, 0x20, 0x7b, 0x0a, 0x20, 0x20, 0x20, //            {.   
	0x20, 0x20, 0x20, 0x20, 0x20, 0x20, 0x20, 0x20, 0x20, 0x20, 0x20, 0x20, 0x20, 0x20, 0x20, 0x20, //                 
	0x20, 0x5f, 0x32, 0x30, 0x31, 0x39, 0x20, 0x3d, 0x20, 0x76, 0x65, 0x63, 0x34, 0x28, 0x28, 0x5f, //  _2019 = vec4((_
	0x31, 0x39, 0x30, 0x31, 0x2e, 0x78, 0x79, 0x7a, 0x20, 0x2a, 0x20, 0x28, 0x5f, 0x31, 0x30, 0x33, // 1901.xyz * (_103
	0x39, 0x2e, 0x78, 0x79, 0x7a, 0x20, 0x2a, 0x20, 0x5f, 0x31, 0x30, 0x35, 0x33, 0x29, 0x29, 0x2e, // 9.xyz * _1053)).
	0x78, 0x79, 0x2c, 0x20, 0x5f, 0x32, 0x30, 0x33, 0x30, 0x2c, 0x20, 0x5f, 0x31, 0x30, 0x32, 0x30, // xy, _2030, _1020
	0x29, 0x3b, 0x0a, 0x20, 0x20, 0x20, 0x20, 0x20, 0x20, 0x20, 0x20, 0x20, 0x20, 0x20, 0x20, 0x20, // );.             
	0x20, 0x20, 0x20, 0x7d, 0x0a, 0x20, 0x20, 0x20, 0x20, 0x20, 0x20, 0x20, 0x20, 0x20, 0x20, 0x20, //    }.           
	0x20, 0x20, 0x20, 0x20, 0x20, 0x65, 0x6c, 0x73, 0x65, 0x0a, 0x20, 0x20, 0x20, 0x20, 0x20, 0x20, //      else.      
	0x20, 0x20, 0x20, 0x20, 0x20, 0x20, 0x20, 0x20, 0x20, 0x20, 0x7b, 0x0a, 0x20, 0x20, 0x20, 0x20, //           {.    
	0x20, 0x20, 0x20, 0x20, 0x20, 0x20, 0x20, 0x20, 0x20, 0x20, 0x20, 0x20, 0x20, 0x20, 0x20, 0x20, //                 
	0x5f, 0x32, 0x30, 0x31, 0x39, 0x20, 0x3d, 0x20, 0x5f, 0x31, 0x39, 0x30, 0x31, 0x3b, 0x0a, 0x20, // _2019 = _1901;. 
	0x20, 0x20, 0x20, 0x20, 0x20, 0x20, 0x20, 0x20, 0x20, 0x20, 0x20, 0x20, 0x20, 0x20, 0x20, 0x7d, //                }
	0x0a, 0x20, 0x20, 0x20, 0x20, 0x20, 0x20, 0x20, 0x20, 0x20, 0x20, 0x20, 0x20, 0x20, 0x20, 0x20, // .               
	0x20, 0x5f, 0x32, 0x30, 0x31, 0x38, 0x20, 0x3d, 0x20, 0x5f, 0x32, 0x30, 0x31, 0x39, 0x3b, 0x0a, //  _2018 = _2019;.
	0x20, 0x20, 0x20, 0x20, 0x20, 0x20, 0x20, 0x20, 0x20, 0x20, 0x20, 0x20, 0x7d, 0x0a, 0x20, 0x20, //             }.  
	0x20, 0x20, 0x20, 0x20, 0x20, 0x20, 0x20, 0x20, 0x20, 0x20, 0x5f, 0x32, 0x30, 0x31, 0x37, 0x20, //           _2017 
	0x3d, 0x20, 0x5f, 0x32, 0x30, 0x31, 0x38, 0x3b, 0x0a, 0x20, 0x20, 0x20, 0x20, 0x20, 0x20, 0x20, // = _2018;.       
	0x20, 0x7d, 0x0a, 0x20, 0x20, 0x20, 0x20, 0x20, 0x20, 0x20, 0x20, 0x5f, 0x32, 0x30, 0x31, 0x36, //  }.        _2016
	0x20, 0x3d, 0x20, 0x5f, 0x32, 0x30, 0x31, 0x37, 0x3b, 0x0a, 0x20, 0x20, 0x20, 0x20, 0x7d, 0x0a, //  = _2017;.    }.
	0x20, 0x20, 0x20, 0x20, 0x69, 0x66, 0x20, 0x28, 0x5f, 0x32, 0x30, 0x31, 0x36, 0x2e, 0x77, 0x20, //     if (_2016.w 
	0x3c, 0x3d, 0x20, 0x6d, 0x61, 0x78, 0x28, 0x30, 0x2e, 0x30, 0x2c, 0x20, 0x76, 0x5f, 0x55, 0x56, // <= max(0.0, v_UV
	0x5f, 0x4f, 0x74, 0x68, 0x65, 0x72, 0x73, 0x2e, 0x77, 0x29, 0x29, 0x0a, 0x20, 0x20, 0x20, 0x20, // _Others.w)).    
	0x7b, 0x0a, 0x20, 0x20, 0x20, 0x20, 0x20, 0x20, 0x20, 0x20, 0x64, 0x69, 0x73, 0x63, 0x61, 0x72, // {.        discar
	0x64, 0x3b, 0x0a, 0x20, 0x20, 0x20, 0x20, 0x7d, 0x0a, 0x20, 0x20, 0x20, 0x20, 0x76, 0x65, 0x63, // d;.    }.    vec
	0x32, 0x20, 0x5f, 0x31, 0x30, 0x37, 0x37, 0x20, 0x3d, 0x20, 0x76, 0x5f, 0x50, 0x6f, 0x73, 0x50, // 2 _1077 = v_PosP
	0x2e, 0x78, 0x79, 0x20, 0x2f, 0x20, 0x76, 0x65, 0x63, 0x32, 0x28, 0x76, 0x5f, 0x50, 0x6f, 0x73, // .xy / vec2(v_Pos
	0x50, 0x2e, 0x77, 0x29, 0x3b, 0x0a, 0x20, 0x20, 0x20, 0x20, 0x76, 0x65, 0x63, 0x32, 0x20, 0x5f, // P.w);.    vec2 _
	0x31, 0x31, 0x32, 0x34, 0x20, 0x3d, 0x20, 0x28, 0x5f, 0x31, 0x30, 0x37, 0x37, 0x20, 0x2b, 0x20, // 1124 = (_1077 + 
	0x28, 0x28, 0x28, 0x76, 0x5f, 0x50, 0x72, 0x6f, 0x6a, 0x54, 0x61, 0x6e, 0x67, 0x65, 0x6e, 0x74, // (((v_ProjTangent
	0x2e, 0x78, 0x79, 0x20, 0x2f, 0x20, 0x76, 0x65, 0x63, 0x32, 0x28, 0x76, 0x5f, 0x50, 0x72, 0x6f, // .xy / vec2(v_Pro
	0x6a, 0x54, 0x61, 0x6e, 0x67, 0x65, 0x6e, 0x74, 0x2e, 0x77, 0x29, 0x29, 0x20, 0x2d, 0x20, 0x5f, // jTangent.w)) - _
	0x31, 0x30, 0x37, 0x37, 0x29, 0x20, 0x2a, 0x20, 0x28, 0x28, 0x28, 0x28, 0x5f, 0x32, 0x30, 0x31, // 1077) * ((((_201
	0x36, 0x2e, 0x78, 0x20, 0x2a, 0x20, 0x32, 0x2e, 0x30, 0x29, 0x20, 0x2d, 0x20, 0x31, 0x2e, 0x30, // 6.x * 2.0) - 1.0
	0x29, 0x20, 0x2a, 0x20, 0x76, 0x5f, 0x43, 0x6f, 0x6c, 0x6f, 0x72, 0x2e, 0x78, 0x29, 0x20, 0x2a, // ) * v_Color.x) *
	0x20, 0x75, 0x5f, 0x66, 0x73, 0x67, 0x5f, 0x73, 0x63, 0x61, 0x6c, 0x65, 0x2e, 0x78, 0x29, 0x29, //  u_fsg_scale.x))
	0x29, 0x20, 0x2b, 0x20, 0x28, 0x28, 0x28, 0x76, 0x5f, 0x50, 0x72, 0x6f, 0x6a, 0x42, 0x69, 0x6e, // ) + (((v_ProjBin
	0x6f, 0x72, 0x6d, 0x61, 0x6c, 0x2e, 0x78, 0x79, 0x20, 0x2f, 0x20, 0x76, 0x65, 0x63, 0x32, 0x28, // ormal.xy / vec2(
	0x76, 0x5f, 0x50, 0x72, 0x6f, 0x6a, 0x42, 0x69, 0x6e, 0x6f, 0x72, 0x6d, 0x61, 0x6c, 0x2e, 0x77, // v_ProjBinormal.w
	0x29, 0x29, 0x20, 0x2d, 0x20, 0x5f, 0x31, 0x30, 0x37, 0x37, 0x29, 0x20, 0x2a, 0x20, 0x28, 0x28, // )) - _1077) * ((
	0x28, 0x28, 0x5f, 0x32, 0x30, 0x31, 0x36, 0x2e, 0x79, 0x20, 0x2a, 0x20, 0x32, 0x2e, 0x30, 0x29, // ((_2016.y * 2.0)
	0x20, 0x2d, 0x20, 0x31, 0x2e, 0x30, 0x29, 0x20, 0x2a, 0x20, 0x76, 0x5f, 0x43, 0x6f, 0x6c, 0x6f, //  - 1.0) * v_Colo
	0x72, 0x2e, 0x79, 0x29, 0x20, 0x2a, 0x20, 0x75, 0x5f, 0x66, 0x73, 0x67, 0x5f, 0x73, 0x63, 0x61, // r.y) * u_fsg_sca
	0x6c, 0x65, 0x2e, 0x78, 0x29, 0x29, 0x3b, 0x0a, 0x20, 0x20, 0x20, 0x20, 0x66, 0x6c, 0x6f, 0x61, // le.x));.    floa
	0x74, 0x20, 0x5f, 0x31, 0x31, 0x33, 0x34, 0x20, 0x3d, 0x20, 0x31, 0x2e, 0x30, 0x20, 0x2d, 0x20, // t _1134 = 1.0 - 
	0x28, 0x28, 0x5f, 0x31, 0x31, 0x32, 0x34, 0x2e, 0x79, 0x20, 0x2b, 0x20, 0x31, 0x2e, 0x30, 0x29, // ((_1124.y + 1.0)
	0x20, 0x2a, 0x20, 0x30, 0x2e, 0x35, 0x29, 0x3b, 0x0a, 0x20, 0x20, 0x20, 0x20, 0x76, 0x65, 0x63, //  * 0.5);.    vec
	0x32, 0x20, 0x5f, 0x32, 0x30, 0x32, 0x37, 0x20, 0x3d, 0x20, 0x76, 0x65, 0x63, 0x32, 0x28, 0x28, // 2 _2027 = vec2((
	0x5f, 0x31, 0x31, 0x32, 0x34, 0x2e, 0x78, 0x20, 0x2b, 0x20, 0x31, 0x2e, 0x30, 0x29, 0x20, 0x2a, // _1124.x + 1.0) *
	0x20, 0x30, 0x2e, 0x35, 0x2c, 0x20, 0x5f, 0x31, 0x31, 0x33, 0x34, 0x29, 0x3b, 0x0a, 0x20, 0x20, //  0.5, _1134);.  
	0x20, 0x20, 0x5f, 0x32, 0x30, 0x32, 0x37, 0x2e, 0x79, 0x20, 0x3d, 0x20, 0x75, 0x5f, 0x66, 0x73, //   _2027.y = u_fs
	0x6d, 0x55, 0x56, 0x49, 0x6e, 0x76, 0x65, 0x72, 0x73, 0x65, 0x64, 0x42, 0x61, 0x63, 0x6b, 0x2e, // mUVInversedBack.
	0x78, 0x20, 0x2b, 0x20, 0x28, 0x75, 0x5f, 0x66, 0x73, 0x6d, 0x55, 0x56, 0x49, 0x6e, 0x76, 0x65, // x + (u_fsmUVInve
	0x72, 0x73, 0x65, 0x64, 0x42, 0x61, 0x63, 0x6b, 0x2e, 0x79, 0x20, 0x2a, 0x20, 0x5f, 0x31, 0x31, // rsedBack.y * _11
	0x33, 0x34, 0x29, 0x3b, 0x0a, 0x20, 0x20, 0x20, 0x20, 0x76, 0x65, 0x63, 0x34, 0x20, 0x5f, 0x31, // 34);.    vec4 _1
	0x31, 0x34, 0x37, 0x20, 0x3d, 0x20, 0x74, 0x65, 0x78, 0x74, 0x75, 0x72, 0x65, 0x28, 0x73, 0x5f, // 147 = texture(s_
	0x62, 0x61, 0x63, 0x6b, 0x54, 0x65, 0x78, 0x2c, 0x20, 0x5f, 0x32, 0x30, 0x32, 0x37, 0x29, 0x3b, // backTex, _2027);
	0x0a, 0x20, 0x20, 0x20, 0x20, 0x66, 0x6c, 0x6f, 0x61, 0x74, 0x20, 0x5f, 0x31, 0x31, 0x35, 0x30, // .    float _1150
	0x20, 0x3d, 0x20, 0x5f, 0x31, 0x31, 0x34, 0x37, 0x2e, 0x78, 0x3b, 0x0a, 0x20, 0x20, 0x20, 0x20, //  = _1147.x;.    
	0x76, 0x65, 0x63, 0x34, 0x20, 0x5f, 0x31, 0x39, 0x37, 0x36, 0x20, 0x3d, 0x20, 0x5f, 0x32, 0x30, // vec4 _1976 = _20
	0x31, 0x36, 0x3b, 0x0a, 0x20, 0x20, 0x20, 0x20, 0x5f, 0x31, 0x39, 0x37, 0x36, 0x2e, 0x78, 0x20, // 16;.    _1976.x 
	0x3d, 0x20, 0x5f, 0x31, 0x31, 0x35, 0x30, 0x3b, 0x0a, 0x20, 0x20, 0x20, 0x20, 0x5f, 0x31, 0x39, // = _1150;.    _19
	0x37, 0x36, 0x2e, 0x79, 0x20, 0x3d, 0x20, 0x5f, 0x31, 0x31, 0x34, 0x37, 0x2e, 0x79, 0x3b, 0x0a, // 76.y = _1147.y;.
	0x20, 0x20, 0x20, 0x20, 0x5f, 0x31, 0x39, 0x37, 0x36, 0x2e, 0x7a, 0x20, 0x3d, 0x20, 0x5f, 0x31, //     _1976.z = _1
	0x31, 0x34, 0x37, 0x2e, 0x7a, 0x3b, 0x0a, 0x20, 0x20, 0x20, 0x20, 0x76, 0x65, 0x63, 0x34, 0x20, // 147.z;.    vec4 
	0x5f, 0x31, 0x31, 0x36, 0x33, 0x20, 0x3d, 0x20, 0x76, 0x5f, 0x50, 0x6f, 0x73, 0x50, 0x20, 0x2f, // _1163 = v_PosP /
	0x20, 0x76, 0x65, 0x63, 0x34, 0x28, 0x76, 0x5f, 0x50, 0x6f, 0x73, 0x50, 0x2e, 0x77, 0x29, 0x3b, //  vec4(v_PosP.w);
	0x0a, 0x20, 0x20, 0x20, 0x20, 0x76, 0x65, 0x63, 0x32, 0x20, 0x5f, 0x31, 0x31, 0x36, 0x39, 0x20, // .    vec2 _1169 
	0x3d, 0x20, 0x28, 0x5f, 0x31, 0x31, 0x36, 0x33, 0x2e, 0x78, 0x79, 0x20, 0x2b, 0x20, 0x76, 0x65, // = (_1163.xy + ve
	0x63, 0x32, 0x28, 0x31, 0x2e, 0x30, 0x29, 0x29, 0x20, 0x2a, 0x20, 0x76, 0x65, 0x63, 0x32, 0x28, // c2(1.0)) * vec2(
	0x30, 0x2e, 0x35, 0x29, 0x3b, 0x0a, 0x20, 0x20, 0x20, 0x20, 0x5f, 0x31, 0x31, 0x36, 0x39, 0x2e, // 0.5);.    _1169.
	0x79, 0x20, 0x3d, 0x20, 0x31, 0x2e, 0x30, 0x20, 0x2d, 0x20, 0x5f, 0x31, 0x31, 0x36, 0x39, 0x2e, // y = 1.0 - _1169.
	0x79, 0x3b, 0x0a, 0x20, 0x20, 0x20, 0x20, 0x76, 0x65, 0x63, 0x34, 0x20, 0x5f, 0x32, 0x30, 0x32, // y;.    vec4 _202
	0x30, 0x3b, 0x0a, 0x20, 0x20, 0x20, 0x20, 0x69, 0x66, 0x20, 0x28, 0x75, 0x5f, 0x66, 0x73, 0x73, // 0;.    if (u_fss
	0x6f, 0x66, 0x74, 0x50, 0x61, 0x72, 0x74, 0x69, 0x63, 0x6c, 0x65, 0x50, 0x61, 0x72, 0x61, 0x6d, // oftParticleParam
	0x2e, 0x77, 0x20, 0x21, 0x3d, 0x20, 0x30, 0x2e, 0x30, 0x29, 0x0a, 0x20, 0x20, 0x20, 0x20, 0x7b, // .w != 0.0).    {
	0x0a, 0x20, 0x20, 0x20, 0x20, 0x20, 0x20, 0x20, 0x20, 0x76, 0x65, 0x63, 0x32, 0x20, 0x5f, 0x31, // .        vec2 _1
	0x37, 0x34, 0x39, 0x20, 0x3d, 0x20, 0x76, 0x65, 0x63, 0x32, 0x28, 0x28, 0x74, 0x65, 0x78, 0x74, // 749 = vec2((text
	0x75, 0x72, 0x65, 0x28, 0x73, 0x5f, 0x64, 0x65, 0x70, 0x74, 0x68, 0x54, 0x65, 0x78, 0x2c, 0x20, // ure(s_depthTex, 
	0x5f, 0x31, 0x31, 0x36, 0x39, 0x29, 0x2e, 0x78, 0x20, 0x2a, 0x20, 0x75, 0x5f, 0x66, 0x73, 0x72, // _1169).x * u_fsr
	0x65, 0x63, 0x6f, 0x6e, 0x73, 0x74, 0x72, 0x75, 0x63, 0x74, 0x69, 0x6f, 0x6e, 0x50, 0x61, 0x72, // econstructionPar
	0x61, 0x6d, 0x31, 0x2e, 0x78, 0x29, 0x20, 0x2b, 0x20, 0x75, 0x5f, 0x66, 0x73, 0x72, 0x65, 0x63, // am1.x) + u_fsrec
	0x6f, 0x6e, 0x73, 0x74, 0x72, 0x75, 0x63, 0x74, 0x69, 0x6f, 0x6e, 0x50, 0x61, 0x72, 0x61, 0x6d, // onstructionParam
	0x31, 0x2e, 0x79, 0x2c, 0x20, 0x5f, 0x31, 0x31, 0x36, 0x33, 0x2e, 0x7a, 0x29, 0x3b, 0x0a, 0x20, // 1.y, _1163.z);. 
	0x20, 0x20, 0x20, 0x20, 0x20, 0x20, 0x20, 0x76, 0x65, 0x63, 0x32, 0x20, 0x5f, 0x31, 0x37, 0x36, //        vec2 _176
	0x36, 0x20, 0x3d, 0x20, 0x28, 0x28, 0x5f, 0x31, 0x37, 0x34, 0x39, 0x20, 0x2a, 0x20, 0x75, 0x5f, // 6 = ((_1749 * u_
	0x66, 0x73, 0x72, 0x65, 0x63, 0x6f, 0x6e, 0x73, 0x74, 0x72, 0x75, 0x63, 0x74, 0x69, 0x6f, 0x6e, // fsreconstruction
	0x50, 0x61, 0x72, 0x61, 0x6d, 0x32, 0x2e, 0x77, 0x29, 0x20, 0x2d, 0x20, 0x76, 0x65, 0x63, 0x32, // Param2.w) - vec2
	0x28, 0x75, 0x5f, 0x66, 0x73, 0x72, 0x65, 0x63, 0x6f, 0x6e, 0x73, 0x74, 0x72, 0x75, 0x63, 0x74, // (u_fsreconstruct
	0x69, 0x6f, 0x6e, 0x50, 0x61, 0x72, 0x61, 0x6d, 0x32, 0x2e, 0x79, 0x29, 0x29, 0x20, 0x2f, 0x20, // ionParam2.y)) / 
	0x28, 0x76, 0x65, 0x63, 0x32, 0x28, 0x75, 0x5f, 0x66, 0x73, 0x72, 0x65, 0x63, 0x6f, 0x6e, 0x73, // (vec2(u_fsrecons
	0x74, 0x72, 0x75, 0x63, 0x74, 0x69, 0x6f, 0x6e, 0x50, 0x61, 0x72, 0x61, 0x6d, 0x32, 0x2e, 0x78, // tructionParam2.x
	0x29, 0x20, 0x2d, 0x20, 0x28, 0x5f, 0x31, 0x37, 0x34, 0x39, 0x20, 0x2a, 0x20, 0x75, 0x5f, 0x66, // ) - (_1749 * u_f
	0x73, 0x72, 0x65, 0x63, 0x6f, 0x6e, 0x73, 0x74, 0x72, 0x75, 0x63, 0x74, 0x69, 0x6f, 0x6e, 0x50, // sreconstructionP
	0x61, 0x72, 0x61, 0x6d, 0x32, 0x2e, 0x7a, 0x29, 0x29, 0x3b, 0x0a, 0x20, 0x20, 0x20, 0x20, 0x20, // aram2.z));.     
	0x20, 0x20, 0x20, 0x76, 0x65, 0x63, 0x32, 0x20, 0x5f, 0x31, 0x37, 0x37, 0x32, 0x20, 0x3d, 0x20, //    vec2 _1772 = 
	0x5f, 0x31, 0x37, 0x36, 0x36, 0x20, 0x2a, 0x20, 0x73, 0x69, 0x67, 0x6e, 0x28, 0x5f, 0x31, 0x37, // _1766 * sign(_17
	0x36, 0x36, 0x2e, 0x78, 0x29, 0x3b, 0x0a, 0x20, 0x20, 0x20, 0x20, 0x20, 0x20, 0x20, 0x20, 0x66, // 66.x);.        f
	0x6c, 0x6f, 0x61, 0x74, 0x20, 0x5f, 0x31, 0x37, 0x37, 0x36, 0x20, 0x3d, 0x20, 0x5f, 0x31, 0x37, // loat _1776 = _17
	0x37, 0x32, 0x2e, 0x79, 0x3b, 0x0a, 0x20, 0x20, 0x20, 0x20, 0x20, 0x20, 0x20, 0x20, 0x5f, 0x32, // 72.y;.        _2
	0x30, 0x32, 0x30, 0x20, 0x3d, 0x20, 0x76, 0x65, 0x63, 0x34, 0x28, 0x5f, 0x31, 0x31, 0x35, 0x30, // 020 = vec4(_1150
	0x2c, 0x20, 0x5f, 0x31, 0x31, 0x34, 0x37, 0x2e, 0x79, 0x7a, 0x2c, 0x20, 0x5f, 0x32, 0x30, 0x31, // , _1147.yz, _201
	0x36, 0x2e, 0x77, 0x20, 0x2a, 0x20, 0x6d, 0x69, 0x6e, 0x28, 0x6d, 0x61, 0x78, 0x28, 0x6d, 0x69, // 6.w * min(max(mi
	0x6e, 0x28, 0x28, 0x5f, 0x31, 0x37, 0x37, 0x32, 0x2e, 0x78, 0x20, 0x2d, 0x20, 0x5f, 0x31, 0x37, // n((_1772.x - _17
	0x37, 0x36, 0x29, 0x20, 0x2f, 0x20, 0x75, 0x5f, 0x66, 0x73, 0x73, 0x6f, 0x66, 0x74, 0x50, 0x61, // 76) / u_fssoftPa
	0x72, 0x74, 0x69, 0x63, 0x6c, 0x65, 0x50, 0x61, 0x72, 0x61, 0x6d, 0x2e, 0x78, 0x2c, 0x20, 0x28, // rticleParam.x, (
	0x5f, 0x31, 0x37, 0x37, 0x36, 0x20, 0x2d, 0x20, 0x75, 0x5f, 0x66, 0x73, 0x73, 0x6f, 0x66, 0x74, // _1776 - u_fssoft
	0x50, 0x61, 0x72, 0x74, 0x69, 0x63, 0x6c, 0x65, 0x50, 0x61, 0x72, 0x61, 0x6d, 0x2e, 0x7a, 0x29, // ParticleParam.z)
	0x20, 0x2f, 0x20, 0x75, 0x5f, 0x66, 0x73, 0x73, 0x6f, 0x66, 0x74, 0x50, 0x61, 0x72, 0x74, 0x69, //  / u_fssoftParti
	0x63, 0x6c, 0x65, 0x50, 0x61, 0x72, 0x61, 0x6d, 0x2e, 0x79, 0x29, 0x2c, 0x20, 0x30, 0x2e, 0x30, // cleParam.y), 0.0
	0x29, 0x2c, 0x20, 0x31, 0x2e, 0x30, 0x29, 0x29, 0x3b, 0x0a, 0x20, 0x20, 0x20, 0x20, 0x7d, 0x0a, // ), 1.0));.    }.
	0x20, 0x20, 0x20, 0x20, 0x65, 0x6c, 0x73, 0x65, 0x0a, 0x20, 0x20, 0x20, 0x20, 0x7b, 0x0a, 0x20, //     else.    {. 
	0x20, 0x20, 0x20, 0x20, 0x20, 0x20, 0x20, 0x5f, 0x32, 0x30, 0x32, 0x30, 0x20, 0x3d, 0x20, 0x5f, //        _2020 = _
	0x31, 0x39, 0x37, 0x36, 0x3b, 0x0a, 0x20, 0x20, 0x20, 0x20, 0x7d, 0x0a, 0x20, 0x20, 0x20, 0x20, // 1976;.    }.    
	0x62, 0x67, 0x66, 0x78, 0x5f, 0x46, 0x72, 0x61, 0x67, 0x43, 0x6f, 0x6c, 0x6f, 0x72, 0x20, 0x3d, // bgfx_FragColor =
	0x20, 0x5f, 0x32, 0x30, 0x32, 0x30, 0x3b, 0x0a, 0x7d, 0x0a, 0x0a, 0x00,                         //  _2020;.}...
};
static const uint8_t ad_model_distortion_ps_spv[9690] =
{
	0x46, 0x53, 0x48, 0x0c, 0x0d, 0x11, 0x5f, 0xc2, 0x00, 0x00, 0x00, 0x00, 0x00, 0x00, 0x00, 0x00, // FSH..._.........
	0x00, 0x00, 0x00, 0x00, 0x10, 0x00, 0x1a, 0x75, 0x5f, 0x66, 0x73, 0x66, 0x55, 0x56, 0x44, 0x69, // .......u_fsfUVDi
	0x73, 0x74, 0x6f, 0x72, 0x74, 0x69, 0x6f, 0x6e, 0x50, 0x61, 0x72, 0x61, 0x6d, 0x65, 0x74, 0x65, // stortionParamete
	0x72, 0x12, 0x01, 0x30, 0x00, 0x01, 0x00, 0x00, 0x00, 0x00, 0x00, 0x16, 0x75, 0x5f, 0x66, 0x73, // r..0........u_fs
	0x66, 0x46, 0x6c, 0x69, 0x70, 0x62, 0x6f, 0x6f, 0x6b, 0x50, 0x61, 0x72, 0x61, 0x6d, 0x65, 0x74, // fFlipbookParamet
	0x65, 0x72, 0x12, 0x01, 0x20, 0x00, 0x01, 0x00, 0x00, 0x00, 0x00, 0x00, 0x1a, 0x75, 0x5f, 0x66, // er.. ........u_f
	0x73, 0x66, 0x42, 0x6c, 0x65, 0x6e, 0x64, 0x54, 0x65, 0x78, 0x74, 0x75, 0x72, 0x65, 0x50, 0x61, // sfBlendTexturePa
	0x72, 0x61, 0x6d, 0x65, 0x74, 0x65, 0x72, 0x12, 0x01, 0x40, 0x00, 0x01, 0x00, 0x00, 0x00, 0x00, // rameter..@......
	0x00, 0x0b, 0x75, 0x5f, 0x66, 0x73, 0x67, 0x5f, 0x73, 0x63, 0x61, 0x6c, 0x65, 0x12, 0x01, 0x00, // ..u_fsg_scale...
	0x00, 0x01, 0x00, 0x00, 0x00, 0x00, 0x00, 0x13, 0x75, 0x5f, 0x66, 0x73, 0x6d, 0x55, 0x56, 0x49, // ........u_fsmUVI
	0x6e, 0x76, 0x65, 0x72, 0x73, 0x65, 0x64, 0x42, 0x61, 0x63, 0x6b, 0x12, 0x01, 0x10, 0x00, 0x01, // nversedBack.....
	0x00, 0x00, 0x00, 0x00, 0x00, 0x15, 0x75, 0x5f, 0x66, 0x73, 0x73, 0x6f, 0x66, 0x74, 0x50, 0x61, // ......u_fssoftPa
	0x72, 0x74, 0x69, 0x63, 0x6c, 0x65, 0x50, 0x61, 0x72, 0x61, 0x6d, 0x12, 0x01, 0x50, 0x00, 0x01, // rticleParam..P..
	0x00, 0x00, 0x00, 0x00, 0x00, 0x18, 0x75, 0x5f, 0x66, 0x73, 0x72, 0x65, 0x63, 0x6f, 0x6e, 0x73, // ......u_fsrecons
	0x74, 0x72, 0x75, 0x63, 0x74, 0x69, 0x6f, 0x6e, 0x50, 0x61, 0x72, 0x61, 0x6d, 0x31, 0x12, 0x01, // tructionParam1..
	0x60, 0x00, 0x01, 0x00, 0x00, 0x00, 0x00, 0x00, 0x18, 0x75, 0x5f, 0x66, 0x73, 0x72, 0x65, 0x63, // `........u_fsrec
	0x6f, 0x6e, 0x73, 0x74, 0x72, 0x75, 0x63, 0x74, 0x69, 0x6f, 0x6e, 0x50, 0x61, 0x72, 0x61, 0x6d, // onstructionParam
	0x32, 0x12, 0x01, 0x70, 0x00, 0x01, 0x00, 0x00, 0x00, 0x00, 0x00, 0x11, 0x73, 0x5f, 0x75, 0x76, // 2..p........s_uv
	0x44, 0x69, 0x73, 0x74, 0x6f, 0x72, 0x74, 0x69, 0x6f, 0x6e, 0x54, 0x65, 0x78, 0x30, 0x00, 0x05, // DistortionTex0..
	0x00, 0x00, 0x00, 0x00, 0x02, 0x29, 0x00, 0x0a, 0x73, 0x5f, 0x63, 0x6f, 0x6c, 0x6f, 0x72, 0x54, // .....)..s_colorT
	0x65, 0x78, 0x30, 0x00, 0x02, 0x00, 0x00, 0x00, 0x00, 0x02, 0x29, 0x00, 0x0a, 0x73, 0x5f, 0x61, // ex0.......)..s_a
	0x6c, 0x70, 0x68, 0x61, 0x54, 0x65, 0x78, 0x30, 0x00, 0x04, 0x00, 0x00, 0x00, 0x00, 0x02, 0x29, // lphaTex0.......)
	0x00, 0x16, 0x73, 0x5f, 0x62, 0x6c, 0x65, 0x6e, 0x64, 0x55, 0x56, 0x44, 0x69, 0x73, 0x74, 0x6f, // ..s_blendUVDisto
	0x72, 0x74, 0x69, 0x6f, 0x6e, 0x54, 0x65, 0x78, 0x30, 0x00, 0x08, 0x00, 0x00, 0x00, 0x00, 0x02, // rtionTex0.......
	0x29, 0x00, 0x0a, 0x73, 0x5f, 0x62, 0x6c, 0x65, 0x6e, 0x64, 0x54, 0x65, 0x78, 0x30, 0x00, 0x06, // )..s_blendTex0..
	0x00, 0x00, 0x00, 0x00, 0x02, 0x29, 0x00, 0x0f, 0x73, 0x5f, 0x62, 0x6c, 0x65, 0x6e, 0x64, 0x41, // .....)..s_blendA
	0x6c, 0x70, 0x68, 0x61, 0x54, 0x65, 0x78, 0x30, 0x00, 0x07, 0x00, 0x00, 0x00, 0x00, 0x02, 0x29, // lphaTex0.......)
	0x00, 0x09, 0x73, 0x5f, 0x62, 0x61, 0x63, 0x6b, 0x54, 0x65, 0x78, 0x30, 0x00, 0x03, 0x00, 0x00, // ..s_backTex0....
	0x00, 0x00, 0x02, 0x29, 0x00, 0x0a, 0x73, 0x5f, 0x64, 0x65, 0x70, 0x74, 0x68, 0x54, 0x65, 0x78, // ...)..s_depthTex
	0x30, 0x00, 0x09, 0x00, 0x00, 0x00, 0x00, 0x02, 0x29, 0x00, 0xf8, 0x23, 0x00, 0x00, 0x03, 0x02, // 0.......)..#....
	0x23, 0x07, 0x00, 0x00, 0x01, 0x00, 0x0b, 0x00, 0x08, 0x00, 0x30, 0x09, 0x00, 0x00, 0x00, 0x00, // #.........0.....
	0x00, 0x00, 0x11, 0x00, 0x02, 0x00, 0x01, 0x00, 0x00, 0x00, 0x0b, 0x00, 0x06, 0x00, 0x01, 0x00, // ................
	0x00, 0x00, 0x47, 0x4c, 0x53, 0x4c, 0x2e, 0x73, 0x74, 0x64, 0x2e, 0x34, 0x35, 0x30, 0x00, 0x00, // ..GLSL.std.450..
	0x00, 0x00, 0x0e, 0x00, 0x03, 0x00, 0x00, 0x00, 0x00, 0x00, 0x01, 0x00, 0x00, 0x00, 0x0f, 0x00, // ................
	0x0e, 0x00, 0x04, 0x00, 0x00, 0x00, 0x04, 0x00, 0x00, 0x00, 0x6d, 0x61, 0x69, 0x6e, 0x00, 0x00, // ..........main..
	0x00, 0x00, 0xd3, 0x03, 0x00, 0x00, 0xd6, 0x03, 0x00, 0x00, 0xd9, 0x03, 0x00, 0x00, 0xdc, 0x03, // ................
	0x00, 0x00, 0xdf, 0x03, 0x00, 0x00, 0xe2, 0x03, 0x00, 0x00, 0xe5, 0x03, 0x00, 0x00, 0xe8, 0x03, // ................
	0x00, 0x00, 0x01, 0x04, 0x00, 0x00, 0x10, 0x00, 0x03, 0x00, 0x04, 0x00, 0x00, 0x00, 0x07, 0x00, // ................
	0x00, 0x00, 0x03, 0x00, 0x03, 0x00, 0x05, 0x00, 0x00, 0x00, 0xf4, 0x01, 0x00, 0x00, 0x05, 0x00, // ................
	0x04, 0x00, 0x04, 0x00, 0x00, 0x00, 0x6d, 0x61, 0x69, 0x6e, 0x00, 0x00, 0x00, 0x00, 0x05, 0x00, // ......main......
	0x09, 0x00, 0x7e, 0x00, 0x00, 0x00, 0x73, 0x5f, 0x75, 0x76, 0x44, 0x69, 0x73, 0x74, 0x6f, 0x72, // ..~...s_uvDistor
	0x74, 0x69, 0x6f, 0x6e, 0x54, 0x65, 0x78, 0x53, 0x61, 0x6d, 0x70, 0x6c, 0x65, 0x72, 0x00, 0x00, // tionTexSampler..
	0x00, 0x00, 0x05, 0x00, 0x09, 0x00, 0x81, 0x00, 0x00, 0x00, 0x73, 0x5f, 0x75, 0x76, 0x44, 0x69, // ..........s_uvDi
	0x73, 0x74, 0x6f, 0x72, 0x74, 0x69, 0x6f, 0x6e, 0x54, 0x65, 0x78, 0x54, 0x65, 0x78, 0x74, 0x75, // stortionTexTextu
	0x72, 0x65, 0x00, 0x00, 0x00, 0x00, 0x05, 0x00, 0x07, 0x00, 0x85, 0x00, 0x00, 0x00, 0x73, 0x5f, // re............s_
	0x63, 0x6f, 0x6c, 0x6f, 0x72, 0x54, 0x65, 0x78, 0x53, 0x61, 0x6d, 0x70, 0x6c, 0x65, 0x72, 0x00, // colorTexSampler.
	0x00, 0x00, 0x05, 0x00, 0x07, 0x00, 0x87, 0x00, 0x00, 0x00, 0x73, 0x5f, 0x63, 0x6f, 0x6c, 0x6f, // ..........s_colo
	0x72, 0x54, 0x65, 0x78, 0x54, 0x65, 0x78, 0x74, 0x75, 0x72, 0x65, 0x00, 0x00, 0x00, 0x05, 0x00, // rTexTexture.....
	0x07, 0x00, 0x8b, 0x00, 0x00, 0x00, 0x73, 0x5f, 0x61, 0x6c, 0x70, 0x68, 0x61, 0x54, 0x65, 0x78, // ......s_alphaTex
	0x53, 0x61, 0x6d, 0x70, 0x6c, 0x65, 0x72, 0x00, 0x00, 0x00, 0x05, 0x00, 0x07, 0x00, 0x8d, 0x00, // Sampler.........
	0x00, 0x00, 0x73, 0x5f, 0x61, 0x6c, 0x70, 0x68, 0x61, 0x54, 0x65, 0x78, 0x54, 0x65, 0x78, 0x74, // ..s_alphaTexText
	0x75, 0x72, 0x65, 0x00, 0x00, 0x00, 0x05, 0x00, 0x0a, 0x00, 0x91, 0x00, 0x00, 0x00, 0x73, 0x5f, // ure...........s_
	0x62, 0x6c, 0x65, 0x6e, 0x64, 0x55, 0x56, 0x44, 0x69, 0x73, 0x74, 0x6f, 0x72, 0x74, 0x69, 0x6f, // blendUVDistortio
	0x6e, 0x54, 0x65, 0x78, 0x53, 0x61, 0x6d, 0x70, 0x6c, 0x65, 0x72, 0x00, 0x00, 0x00, 0x05, 0x00, // nTexSampler.....
	0x0a, 0x00, 0x93, 0x00, 0x00, 0x00, 0x73, 0x5f, 0x62, 0x6c, 0x65, 0x6e, 0x64, 0x55, 0x56, 0x44, // ......s_blendUVD
	0x69, 0x73, 0x74, 0x6f, 0x72, 0x74, 0x69, 0x6f, 0x6e, 0x54, 0x65, 0x78, 0x54, 0x65, 0x78, 0x74, // istortionTexText
	0x75, 0x72, 0x65, 0x00, 0x00, 0x00, 0x05, 0x00, 0x07, 0x00, 0x97, 0x00, 0x00, 0x00, 0x73, 0x5f, // ure...........s_
	0x62, 0x6c, 0x65, 0x6e, 0x64, 0x54, 0x65, 0x78, 0x53, 0x61, 0x6d, 0x70, 0x6c, 0x65, 0x72, 0x00, // blendTexSampler.
	0x00, 0x00, 0x05, 0x00, 0x07, 0x00, 0x99, 0x00, 0x00, 0x00, 0x73, 0x5f, 0x62, 0x6c, 0x65, 0x6e, // ..........s_blen
	0x64, 0x54, 0x65, 0x78, 0x54, 0x65, 0x78, 0x74, 0x75, 0x72, 0x65, 0x00, 0x00, 0x00, 0x05, 0x00, // dTexTexture.....
	0x08, 0x00, 0x9d, 0x00, 0x00, 0x00, 0x73, 0x5f, 0x62, 0x6c, 0x65, 0x6e, 0x64, 0x41, 0x6c, 0x70, // ......s_blendAlp
	0x68, 0x61, 0x54, 0x65, 0x78, 0x53, 0x61, 0x6d, 0x70, 0x6c, 0x65, 0x72, 0x00, 0x00, 0x05, 0x00, // haTexSampler....
	0x08, 0x00, 0x9f, 0x00, 0x00, 0x00, 0x73, 0x5f, 0x62, 0x6c, 0x65, 0x6e, 0x64, 0x41, 0x6c, 0x70, // ......s_blendAlp
	0x68, 0x61, 0x54, 0x65, 0x78, 0x54, 0x65, 0x78, 0x74, 0x75, 0x72, 0x65, 0x00, 0x00, 0x05, 0x00, // haTexTexture....
	0x07, 0x00, 0xa3, 0x00, 0x00, 0x00, 0x73, 0x5f, 0x62, 0x61, 0x63, 0x6b, 0x54, 0x65, 0x78, 0x53, // ......s_backTexS
	0x61, 0x6d, 0x70, 0x6c, 0x65, 0x72, 0x00, 0x00, 0x00, 0x00, 0x05, 0x00, 0x07, 0x00, 0xa5, 0x00, // ampler..........
	0x00, 0x00, 0x73, 0x5f, 0x62, 0x61, 0x63, 0x6b, 0x54, 0x65, 0x78, 0x54, 0x65, 0x78, 0x74, 0x75, // ..s_backTexTextu
	0x72, 0x65, 0x00, 0x00, 0x00, 0x00, 0x05, 0x00, 0x07, 0x00, 0xa9, 0x00, 0x00, 0x00, 0x73, 0x5f, // re............s_
	0x64, 0x65, 0x70, 0x74, 0x68, 0x54, 0x65, 0x78, 0x53, 0x61, 0x6d, 0x70, 0x6c, 0x65, 0x72, 0x00, // depthTexSampler.
	0x00, 0x00, 0x05, 0x00, 0x07, 0x00, 0xab, 0x00, 0x00, 0x00, 0x73, 0x5f, 0x64, 0x65, 0x70, 0x74, // ..........s_dept
	0x68, 0x54, 0x65, 0x78, 0x54, 0x65, 0x78, 0x74, 0x75, 0x72, 0x65, 0x00, 0x00, 0x00, 0x05, 0x00, // hTexTexture.....
	0x06, 0x00, 0x76, 0x02, 0x00, 0x00, 0x55, 0x6e, 0x69, 0x66, 0x6f, 0x72, 0x6d, 0x42, 0x6c, 0x6f, // ..v...UniformBlo
	0x63, 0x6b, 0x00, 0x00, 0x00, 0x00, 0x06, 0x00, 0x06, 0x00, 0x76, 0x02, 0x00, 0x00, 0x00, 0x00, // ck........v.....
	0x00, 0x00, 0x75, 0x5f, 0x66, 0x73, 0x67, 0x5f, 0x73, 0x63, 0x61, 0x6c, 0x65, 0x00, 0x06, 0x00, // ..u_fsg_scale...
	0x08, 0x00, 0x76, 0x02, 0x00, 0x00, 0x01, 0x00, 0x00, 0x00, 0x75, 0x5f, 0x66, 0x73, 0x6d, 0x55, // ..v.......u_fsmU
	0x56, 0x49, 0x6e, 0x76, 0x65, 0x72, 0x73, 0x65, 0x64, 0x42, 0x61, 0x63, 0x6b, 0x00, 0x06, 0x00, // VInversedBack...
	0x09, 0x00, 0x76, 0x02, 0x00, 0x00, 0x02, 0x00, 0x00, 0x00, 0x75, 0x5f, 0x66, 0x73, 0x66, 0x46, // ..v.......u_fsfF
	0x6c, 0x69, 0x70, 0x62, 0x6f, 0x6f, 0x6b, 0x50, 0x61, 0x72, 0x61, 0x6d, 0x65, 0x74, 0x65, 0x72, // lipbookParameter
	0x00, 0x00, 0x06, 0x00, 0x0a, 0x00, 0x76, 0x02, 0x00, 0x00, 0x03, 0x00, 0x00, 0x00, 0x75, 0x5f, // ......v.......u_
	0x66, 0x73, 0x66, 0x55, 0x56, 0x44, 0x69, 0x73, 0x74, 0x6f, 0x72, 0x74, 0x69, 0x6f, 0x6e, 0x50, // fsfUVDistortionP
	0x61, 0x72, 0x61, 0x6d, 0x65, 0x74, 0x65, 0x72, 0x00, 0x00, 0x06, 0x00, 0x0a, 0x00, 0x76, 0x02, // arameter......v.
	0x00, 0x00, 0x04, 0x00, 0x00, 0x00, 0x75, 0x5f, 0x66, 0x73, 0x66, 0x42, 0x6c, 0x65, 0x6e, 0x64, // ......u_fsfBlend
	0x54, 0x65, 0x78, 0x74, 0x75, 0x72, 0x65, 0x50, 0x61, 0x72, 0x61, 0x6d, 0x65, 0x74, 0x65, 0x72, // TextureParameter
	0x00, 0x00, 0x06, 0x00, 0x09, 0x00, 0x76, 0x02, 0x00, 0x00, 0x05, 0x00, 0x00, 0x00, 0x75, 0x5f, // ......v.......u_
	0x66, 0x73, 0x73, 0x6f, 0x66, 0x74, 0x50, 0x61, 0x72, 0x74, 0x69, 0x63, 0x6c, 0x65, 0x50, 0x61, // fssoftParticlePa
	0x72, 0x61, 0x6d, 0x00, 0x00, 0x00, 0x06, 0x00, 0x0a, 0x00, 0x76, 0x02, 0x00, 0x00, 0x06, 0x00, // ram.......v.....
	0x00, 0x00, 0x75, 0x5f, 0x66, 0x73, 0x72, 0x65, 0x63, 0x6f, 0x6e, 0x73, 0x74, 0x72, 0x75, 0x63, // ..u_fsreconstruc
	0x74, 0x69, 0x6f, 0x6e, 0x50, 0x61, 0x72, 0x61, 0x6d, 0x31, 0x00, 0x00, 0x00, 0x00, 0x06, 0x00, // tionParam1......
	0x0a, 0x00, 0x76, 0x02, 0x00, 0x00, 0x07, 0x00, 0x00, 0x00, 0x75, 0x5f, 0x66, 0x73, 0x72, 0x65, // ..v.......u_fsre
	0x63, 0x6f, 0x6e, 0x73, 0x74, 0x72, 0x75, 0x63, 0x74, 0x69, 0x6f, 0x6e, 0x50, 0x61, 0x72, 0x61, // constructionPara
	0x6d, 0x32, 0x00, 0x00, 0x00, 0x00, 0x05, 0x00, 0x03, 0x00, 0x78, 0x02, 0x00, 0x00, 0x00, 0x00, // m2........x.....
	0x00, 0x00, 0x05, 0x00, 0x06, 0x00, 0xd3, 0x03, 0x00, 0x00, 0x76, 0x5f, 0x41, 0x6c, 0x70, 0x68, // ..........v_Alph
	0x61, 0x5f, 0x44, 0x69, 0x73, 0x74, 0x5f, 0x55, 0x56, 0x00, 0x05, 0x00, 0x08, 0x00, 0xd6, 0x03, // a_Dist_UV.......
	0x00, 0x00, 0x76, 0x5f, 0x42, 0x6c, 0x65, 0x6e, 0x64, 0x5f, 0x41, 0x6c, 0x70, 0x68, 0x61, 0x5f, // ..v_Blend_Alpha_
	0x44, 0x69, 0x73, 0x74, 0x5f, 0x55, 0x56, 0x00, 0x00, 0x00, 0x05, 0x00, 0x08, 0x00, 0xd9, 0x03, // Dist_UV.........
	0x00, 0x00, 0x76, 0x5f, 0x42, 0x6c, 0x65, 0x6e, 0x64, 0x5f, 0x46, 0x42, 0x4e, 0x65, 0x78, 0x74, // ..v_Blend_FBNext
	0x49, 0x6e, 0x64, 0x65, 0x78, 0x5f, 0x55, 0x56, 0x00, 0x00, 0x05, 0x00, 0x04, 0x00, 0xdc, 0x03, // Index_UV........
	0x00, 0x00, 0x76, 0x5f, 0x43, 0x6f, 0x6c, 0x6f, 0x72, 0x00, 0x05, 0x00, 0x04, 0x00, 0xdf, 0x03, // ..v_Color.......
	0x00, 0x00, 0x76, 0x5f, 0x50, 0x6f, 0x73, 0x50, 0x00, 0x00, 0x05, 0x00, 0x06, 0x00, 0xe2, 0x03, // ..v_PosP........
	0x00, 0x00, 0x76, 0x5f, 0x50, 0x72, 0x6f, 0x6a, 0x42, 0x69, 0x6e, 0x6f, 0x72, 0x6d, 0x61, 0x6c, // ..v_ProjBinormal
	0x00, 0x00, 0x05, 0x00, 0x06, 0x00, 0xe5, 0x03, 0x00, 0x00, 0x76, 0x5f, 0x50, 0x72, 0x6f, 0x6a, // ..........v_Proj
	0x54, 0x61, 0x6e, 0x67, 0x65, 0x6e, 0x74, 0x00, 0x00, 0x00, 0x05, 0x00, 0x05, 0x00, 0xe8, 0x03, // Tangent.........
	0x00, 0x00, 0x76, 0x5f, 0x55, 0x56, 0x5f, 0x4f, 0x74, 0x68, 0x65, 0x72, 0x73, 0x00, 0x05, 0x00, // ..v_UV_Others...
	0x06, 0x00, 0x01, 0x04, 0x00, 0x00, 0x62, 0x67, 0x66, 0x78, 0x5f, 0x46, 0x72, 0x61, 0x67, 0x44, // ......bgfx_FragD
	0x61, 0x74, 0x61, 0x30, 0x00, 0x00, 0x47, 0x00, 0x04, 0x00, 0x7e, 0x00, 0x00, 0x00, 0x21, 0x00, // ata0..G...~...!.
	0x00, 0x00, 0x15, 0x00, 0x00, 0x00, 0x47, 0x00, 0x04, 0x00, 0x7e, 0x00, 0x00, 0x00, 0x22, 0x00, // ......G...~...".
	0x00, 0x00, 0x00, 0x00, 0x00, 0x00, 0x47, 0x00, 0x04, 0x00, 0x81, 0x00, 0x00, 0x00, 0x21, 0x00, // ......G.......!.
	0x00, 0x00, 0x05, 0x00, 0x00, 0x00, 0x47, 0x00, 0x04, 0x00, 0x81, 0x00, 0x00, 0x00, 0x22, 0x00, // ......G.......".
	0x00, 0x00, 0x00, 0x00, 0x00, 0x00, 0x47, 0x00, 0x04, 0x00, 0x85, 0x00, 0x00, 0x00, 0x21, 0x00, // ......G.......!.
	0x00, 0x00, 0x12, 0x00, 0x00, 0x00, 0x47, 0x00, 0x04, 0x00, 0x85, 0x00, 0x00, 0x00, 0x22, 0x00, // ......G.......".
	0x00, 0x00, 0x00, 0x00, 0x00, 0x00, 0x47, 0x00, 0x04, 0x00, 0x87, 0x00, 0x00, 0x00, 0x21, 0x00, // ......G.......!.
	0x00, 0x00, 0x02, 0x00, 0x00, 0x00, 0x47, 0x00, 0x04, 0x00, 0x87, 0x00, 0x00, 0x00, 0x22, 0x00, // ......G.......".
	0x00, 0x00, 0x00, 0x00, 0x00, 0x00, 0x47, 0x00, 0x04, 0x00, 0x8b, 0x00, 0x00, 0x00, 0x21, 0x00, // ......G.......!.
	0x00, 0x00, 0x14, 0x00, 0x00, 0x00, 0x47, 0x00, 0x04, 0x00, 0x8b, 0x00, 0x00, 0x00, 0x22, 0x00, // ......G.......".
	0x00, 0x00, 0x00, 0x00, 0x00, 0x00, 0x47, 0x00, 0x04, 0x00, 0x8d, 0x00, 0x00, 0x00, 0x21, 0x00, // ......G.......!.
	0x00, 0x00, 0x04, 0x00, 0x00, 0x00, 0x47, 0x00, 0x04, 0x00, 0x8d, 0x00, 0x00, 0x00, 0x22, 0x00, // ......G.......".
	0x00, 0x00, 0x00, 0x00, 0x00, 0x00, 0x47, 0x00, 0x04, 0x00, 0x91, 0x00, 0x00, 0x00, 0x21, 0x00, // ......G.......!.
	0x00, 0x00, 0x18, 0x00, 0x00, 0x00, 0x47, 0x00, 0x04, 0x00, 0x91, 0x00, 0x00, 0x00, 0x22, 0x00, // ......G.......".
	0x00, 0x00, 0x00, 0x00, 0x00, 0x00, 0x47, 0x00, 0x04, 0x00, 0x93, 0x00, 0x00, 0x00, 0x21, 0x00, // ......G.......!.
	0x00, 0x00, 0x08, 0x00, 0x00, 0x00, 0x47, 0x00, 0x04, 0x00, 0x93, 0x00, 0x00, 0x00, 0x22, 0x00, // ......G.......".
	0x00, 0x00, 0x00, 0x00, 0x00, 0x00, 0x47, 0x00, 0x04, 0x00, 0x97, 0x00, 0x00, 0x00, 0x21, 0x00, // ......G.......!.
	0x00, 0x00, 0x16, 0x00, 0x00, 0x00, 0x47, 0x00, 0x04, 0x00, 0x97, 0x00, 0x00, 0x00, 0x22, 0x00, // ......G.......".
	0x00, 0x00, 0x00, 0x00, 0x00, 0x00, 0x47, 0x00, 0x04, 0x00, 0x99, 0x00, 0x00, 0x00, 0x21, 0x00, // ......G.......!.
	0x00, 0x00, 0x06, 0x00, 0x00, 0x00, 0x47, 0x00, 0x04, 0x00, 0x99, 0x00, 0x00, 0x00, 0x22, 0x00, // ......G.......".
	0x00, 0x00, 0x00, 0x00, 0x00, 0x00, 0x47, 0x00, 0x04, 0x00, 0x9d, 0x00, 0x00, 0x00, 0x21, 0x00, // ......G.......!.
	0x00, 0x00, 0x17, 0x00, 0x00, 0x00, 0x47, 0x00, 0x04, 0x00, 0x9d, 0x00, 0x00, 0x00, 0x22, 0x00, // ......G.......".
	0x00, 0x00, 0x00, 0x00, 0x00, 0x00, 0x47, 0x00, 0x04, 0x00, 0x9f, 0x00, 0x00, 0x00, 0x21, 0x00, // ......G.......!.
	0x00, 0x00, 0x07, 0x00, 0x00, 0x00, 0x47, 0x00, 0x04, 0x00, 0x9f, 0x00, 0x00, 0x00, 0x22, 0x00, // ......G.......".
	0x00, 0x00, 0x00, 0x00, 0x00, 0x00, 0x47, 0x00, 0x04, 0x00, 0xa3, 0x00, 0x00, 0x00, 0x21, 0x00, // ......G.......!.
	0x00, 0x00, 0x13, 0x00, 0x00, 0x00, 0x47, 0x00, 0x04, 0x00, 0xa3, 0x00, 0x00, 0x00, 0x22, 0x00, // ......G.......".
	0x00, 0x00, 0x00, 0x00, 0x00, 0x00, 0x47, 0x00, 0x04, 0x00, 0xa5, 0x00, 0x00, 0x00, 0x21, 0x00, // ......G.......!.
	0x00, 0x00, 0x03, 0x00, 0x00, 0x00, 0x47, 0x00, 0x04, 0x00, 0xa5, 0x00, 0x00, 0x00, 0x22, 0x00, // ......G.......".
	0x00, 0x00, 0x00, 0x00, 0x00, 0x00, 0x47, 0x00, 0x04, 0x00, 0xa9, 0x00, 0x00, 0x00, 0x21, 0x00, // ......G.......!.
	0x00, 0x00, 0x19, 0x00, 0x00, 0x00, 0x47, 0x00, 0x04, 0x00, 0xa9, 0x00, 0x00, 0x00, 0x22, 0x00, // ......G.......".
	0x00, 0x00, 0x00, 0x00, 0x00, 0x00, 0x47, 0x00, 0x04, 0x00, 0xab, 0x00, 0x00, 0x00, 0x21, 0x00, // ......G.......!.
	0x00, 0x00, 0x09, 0x00, 0x00, 0x00, 0x47, 0x00, 0x04, 0x00, 0xab, 0x00, 0x00, 0x00, 0x22, 0x00, // ......G.......".
	0x00, 0x00, 0x00, 0x00, 0x00, 0x00, 0x47, 0x00, 0x03, 0x00, 0x76, 0x02, 0x00, 0x00, 0x02, 0x00, // ......G...v.....
	0x00, 0x00, 0x48, 0x00, 0x05, 0x00, 0x76, 0x02, 0x00, 0x00, 0x00, 0x00, 0x00, 0x00, 0x23, 0x00, // ..H...v.......#.
	0x00, 0x00, 0x00, 0x00, 0x00, 0x00, 0x48, 0x00, 0x05, 0x00, 0x76, 0x02, 0x00, 0x00, 0x01, 0x00, // ......H...v.....
	0x00, 0x00, 0x23, 0x00, 0x00, 0x00, 0x10, 0x00, 0x00, 0x00, 0x48, 0x00, 0x05, 0x00, 0x76, 0x02, // ..#.......H...v.
	0x00, 0x00, 0x02, 0x00, 0x00, 0x00, 0x23, 0x00, 0x00, 0x00, 0x20, 0x00, 0x00, 0x00, 0x48, 0x00, // ......#... ...H.
	0x05, 0x00, 0x76, 0x02, 0x00, 0x00, 0x03, 0x00, 0x00, 0x00, 0x23, 0x00, 0x00, 0x00, 0x30, 0x00, // ..v.......#...0.
	0x00, 0x00, 0x48, 0x00, 0x05, 0x00, 0x76, 0x02, 0x00, 0x00, 0x04, 0x00, 0x00, 0x00, 0x23, 0x00, // ..H...v.......#.
	0x00, 0x00, 0x40, 0x00, 0x00, 0x00, 0x48, 0x00, 0x05, 0x00, 0x76, 0x02, 0x00, 0x00, 0x05, 0x00, // ..@...H...v.....
	0x00, 0x00, 0x23, 0x00, 0x00, 0x00, 0x50, 0x00, 0x00, 0x00, 0x48, 0x00, 0x05, 0x00, 0x76, 0x02, // ..#...P...H...v.
	0x00, 0x00, 0x06, 0x00, 0x00, 0x00, 0x23, 0x00, 0x00, 0x00, 0x60, 0x00, 0x00, 0x00, 0x48, 0x00, // ......#...`...H.
	0x05, 0x00, 0x76, 0x02, 0x00, 0x00, 0x07, 0x00, 0x00, 0x00, 0x23, 0x00, 0x00, 0x00, 0x70, 0x00, // ..v.......#...p.
	0x00, 0x00, 0x47, 0x00, 0x04, 0x00, 0x78, 0x02, 0x00, 0x00, 0x21, 0x00, 0x00, 0x00, 0x01, 0x00, // ..G...x...!.....
	0x00, 0x00, 0x47, 0x00, 0x04, 0x00, 0x78, 0x02, 0x00, 0x00, 0x22, 0x00, 0x00, 0x00, 0x00, 0x00, // ..G...x...".....
	0x00, 0x00, 0x47, 0x00, 0x04, 0x00, 0xd3, 0x03, 0x00, 0x00, 0x1e, 0x00, 0x00, 0x00, 0x00, 0x00, // ..G.............
	0x00, 0x00, 0x47, 0x00, 0x04, 0x00, 0xd6, 0x03, 0x00, 0x00, 0x1e, 0x00, 0x00, 0x00, 0x01, 0x00, // ..G.............
	0x00, 0x00, 0x47, 0x00, 0x04, 0x00, 0xd9, 0x03, 0x00, 0x00, 0x1e, 0x00, 0x00, 0x00, 0x02, 0x00, // ..G.............
	0x00, 0x00, 0x47, 0x00, 0x04, 0x00, 0xdc, 0x03, 0x00, 0x00, 0x1e, 0x00, 0x00, 0x00, 0x03, 0x00, // ..G.............
	0x00, 0x00, 0x47, 0x00, 0x04, 0x00, 0xdf, 0x03, 0x00, 0x00, 0x1e, 0x00, 0x00, 0x00, 0x04, 0x00, // ..G.............
	0x00, 0x00, 0x47, 0x00, 0x04, 0x00, 0xe2, 0x03, 0x00, 0x00, 0x1e, 0x00, 0x00, 0x00, 0x05, 0x00, // ..G.............
	0x00, 0x00, 0x47, 0x00, 0x04, 0x00, 0xe5, 0x03, 0x00, 0x00, 0x1e, 0x00, 0x00, 0x00, 0x06, 0x00, // ..G.............
	0x00, 0x00, 0x47, 0x00, 0x04, 0x00, 0xe8, 0x03, 0x00, 0x00, 0x1e, 0x00, 0x00, 0x00, 0x07, 0x00, // ..G.............
	0x00, 0x00, 0x47, 0x00, 0x04, 0x00, 0x01, 0x04, 0x00, 0x00, 0x1e, 0x00, 0x00, 0x00, 0x00, 0x00, // ..G.............
	0x00, 0x00, 0x13, 0x00, 0x02, 0x00, 0x02, 0x00, 0x00, 0x00, 0x21, 0x00, 0x03, 0x00, 0x03, 0x00, // ..........!.....
	0x00, 0x00, 0x02, 0x00, 0x00, 0x00, 0x1a, 0x00, 0x02, 0x00, 0x06, 0x00, 0x00, 0x00, 0x16, 0x00, // ................
	0x03, 0x00, 0x07, 0x00, 0x00, 0x00, 0x20, 0x00, 0x00, 0x00, 0x19, 0x00, 0x09, 0x00, 0x08, 0x00, // ...... .........
	0x00, 0x00, 0x07, 0x00, 0x00, 0x00, 0x01, 0x00, 0x00, 0x00, 0x00, 0x00, 0x00, 0x00, 0x00, 0x00, // ................
	0x00, 0x00, 0x00, 0x00, 0x00, 0x00, 0x01, 0x00, 0x00, 0x00, 0x00, 0x00, 0x00, 0x00, 0x17, 0x00, // ................
	0x04, 0x00, 0x0b, 0x00, 0x00, 0x00, 0x07, 0x00, 0x00, 0x00, 0x02, 0x00, 0x00, 0x00, 0x17, 0x00, // ................
	0x04, 0x00, 0x0d, 0x00, 0x00, 0x00, 0x07, 0x00, 0x00, 0x00, 0x04, 0x00, 0x00, 0x00, 0x17, 0x00, // ................
	0x04, 0x00, 0x1f, 0x00, 0x00, 0x00, 0x07, 0x00, 0x00, 0x00, 0x03, 0x00, 0x00, 0x00, 0x14, 0x00, // ................
	0x02, 0x00, 0x41, 0x00, 0x00, 0x00, 0x20, 0x00, 0x04, 0x00, 0x7d, 0x00, 0x00, 0x00, 0x00, 0x00, // ..A... ...}.....
	0x00, 0x00, 0x06, 0x00, 0x00, 0x00, 0x3b, 0x00, 0x04, 0x00, 0x7d, 0x00, 0x00, 0x00, 0x7e, 0x00, // ......;...}...~.
	0x00, 0x00, 0x00, 0x00, 0x00, 0x00, 0x20, 0x00, 0x04, 0x00, 0x80, 0x00, 0x00, 0x00, 0x00, 0x00, // ...... .........
	0x00, 0x00, 0x08, 0x00, 0x00, 0x00, 0x3b, 0x00, 0x04, 0x00, 0x80, 0x00, 0x00, 0x00, 0x81, 0x00, // ......;.........
	0x00, 0x00, 0x00, 0x00, 0x00, 0x00, 0x3b, 0x00, 0x04, 0x00, 0x7d, 0x00, 0x00, 0x00, 0x85, 0x00, // ......;...}.....
	0x00, 0x00, 0x00, 0x00, 0x00, 0x00, 0x3b, 0x00, 0x04, 0x00, 0x80, 0x00, 0x00, 0x00, 0x87, 0x00, // ......;.........
	0x00, 0x00, 0x00, 0x00, 0x00, 0x00, 0x3b, 0x00, 0x04, 0x00, 0x7d, 0x00, 0x00, 0x00, 0x8b, 0x00, // ......;...}.....
	0x00, 0x00, 0x00, 0x00, 0x00, 0x00, 0x3b, 0x00, 0x04, 0x00, 0x80, 0x00, 0x00, 0x00, 0x8d, 0x00, // ......;.........
	0x00, 0x00, 0x00, 0x00, 0x00, 0x00, 0x3b, 0x00, 0x04, 0x00, 0x7d, 0x00, 0x00, 0x00, 0x91, 0x00, // ......;...}.....
	0x00, 0x00, 0x00, 0x00, 0x00, 0x00, 0x3b, 0x00, 0x04, 0x00, 0x80, 0x00, 0x00, 0x00, 0x93, 0x00, // ......;.........
	0x00, 0x00, 0x00, 0x00, 0x00, 0x00, 0x3b, 0x00, 0x04, 0x00, 0x7d, 0x00, 0x00, 0x00, 0x97, 0x00, // ......;...}.....
	0x00, 0x00, 0x00, 0x00, 0x00, 0x00, 0x3b, 0x00, 0x04, 0x00, 0x80, 0x00, 0x00, 0x00, 0x99, 0x00, // ......;.........
	0x00, 0x00, 0x00, 0x00, 0x00, 0x00, 0x3b, 0x00, 0x04, 0x00, 0x7d, 0x00, 0x00, 0x00, 0x9d, 0x00, // ......;...}.....
	0x00, 0x00, 0x00, 0x00, 0x00, 0x00, 0x3b, 0x00, 0x04, 0x00, 0x80, 0x00, 0x00, 0x00, 0x9f, 0x00, // ......;.........
	0x00, 0x00, 0x00, 0x00, 0x00, 0x00, 0x3b, 0x00, 0x04, 0x00, 0x7d, 0x00, 0x00, 0x00, 0xa3, 0x00, // ......;...}.....
	0x00, 0x00, 0x00, 0x00, 0x00, 0x00, 0x3b, 0x00, 0x04, 0x00, 0x80, 0x00, 0x00, 0x00, 0xa5, 0x00, // ......;.........
	0x00, 0x00, 0x00, 0x00, 0x00, 0x00, 0x3b, 0x00, 0x04, 0x00, 0x7d, 0x00, 0x00, 0x00, 0xa9, 0x00, // ......;...}.....
	0x00, 0x00, 0x00, 0x00, 0x00, 0x00, 0x3b, 0x00, 0x04, 0x00, 0x80, 0x00, 0x00, 0x00, 0xab, 0x00, // ......;.........
	0x00, 0x00, 0x00, 0x00, 0x00, 0x00, 0x15, 0x00, 0x04, 0x00, 0xae, 0x00, 0x00, 0x00, 0x20, 0x00, // .............. .
	0x00, 0x00, 0x01, 0x00, 0x00, 0x00, 0x2b, 0x00, 0x04, 0x00, 0xae, 0x00, 0x00, 0x00, 0xaf, 0x00, // ......+.........
	0x00, 0x00, 0x01, 0x00, 0x00, 0x00, 0x2b, 0x00, 0x04, 0x00, 0xae, 0x00, 0x00, 0x00, 0xb3, 0x00, // ......+.........
	0x00, 0x00, 0x00, 0x00, 0x00, 0x00, 0x1b, 0x00, 0x03, 0x00, 0xb7, 0x00, 0x00, 0x00, 0x08, 0x00, // ................
	0x00, 0x00, 0x2b, 0x00, 0x04, 0x00, 0xae, 0x00, 0x00, 0x00, 0xd4, 0x00, 0x00, 0x00, 0x06, 0x00, // ..+.............
	0x00, 0x00, 0x2b, 0x00, 0x04, 0x00, 0xae, 0x00, 0x00, 0x00, 0xdd, 0x00, 0x00, 0x00, 0x02, 0x00, // ..+.............
	0x00, 0x00, 0x2b, 0x00, 0x04, 0x00, 0xae, 0x00, 0x00, 0x00, 0xe3, 0x00, 0x00, 0x00, 0x03, 0x00, // ..+.............
	0x00, 0x00, 0x2b, 0x00, 0x04, 0x00, 0xae, 0x00, 0x00, 0x00, 0xe4, 0x00, 0x00, 0x00, 0x07, 0x00, // ..+.............
	0x00, 0x00, 0x2b, 0x00, 0x04, 0x00, 0xae, 0x00, 0x00, 0x00, 0xe9, 0x00, 0x00, 0x00, 0x04, 0x00, // ..+.............
	0x00, 0x00, 0x2b, 0x00, 0x04, 0x00, 0xae, 0x00, 0x00, 0x00, 0xee, 0x00, 0x00, 0x00, 0x05, 0x00, // ..+.............
	0x00, 0x00, 0x15, 0x00, 0x04, 0x00, 0xf3, 0x00, 0x00, 0x00, 0x20, 0x00, 0x00, 0x00, 0x00, 0x00, // .......... .....
	0x00, 0x00, 0x2b, 0x00, 0x04, 0x00, 0xf3, 0x00, 0x00, 0x00, 0xf4, 0x00, 0x00, 0x00, 0x02, 0x00, // ..+.............
	0x00, 0x00, 0x2b, 0x00, 0x04, 0x00, 0xf3, 0x00, 0x00, 0x00, 0xf8, 0x00, 0x00, 0x00, 0x03, 0x00, // ..+.............
	0x00, 0x00, 0x2b, 0x00, 0x04, 0x00, 0x07, 0x00, 0x00, 0x00, 0x1a, 0x01, 0x00, 0x00, 0x00, 0x00, // ..+.............
	0x00, 0x00, 0x2b, 0x00, 0x04, 0x00, 0x07, 0x00, 0x00, 0x00, 0x50, 0x01, 0x00, 0x00, 0x00, 0x00, // ..+.......P.....
	0x00, 0x40, 0x2b, 0x00, 0x04, 0x00, 0x07, 0x00, 0x00, 0x00, 0x52, 0x01, 0x00, 0x00, 0x00, 0x00, // .@+.......R.....
	0x80, 0x3f, 0x2b, 0x00, 0x04, 0x00, 0x07, 0x00, 0x00, 0x00, 0x56, 0x01, 0x00, 0x00, 0x00, 0x00, // .?+.......V.....
	0x80, 0xbf, 0x2b, 0x00, 0x04, 0x00, 0xf3, 0x00, 0x00, 0x00, 0x57, 0x01, 0x00, 0x00, 0x01, 0x00, // ..+.......W.....
	0x00, 0x00, 0x2b, 0x00, 0x04, 0x00, 0xf3, 0x00, 0x00, 0x00, 0x5c, 0x01, 0x00, 0x00, 0x00, 0x00, // ..+.............
	0x00, 0x00, 0x2b, 0x00, 0x04, 0x00, 0x07, 0x00, 0x00, 0x00, 0x0b, 0x02, 0x00, 0x00, 0x00, 0x00, // ..+.............
	0x40, 0x40, 0x1e, 0x00, 0x0a, 0x00, 0x76, 0x02, 0x00, 0x00, 0x0d, 0x00, 0x00, 0x00, 0x0d, 0x00, // @@....v.........
	0x00, 0x00, 0x0d, 0x00, 0x00, 0x00, 0x0d, 0x00, 0x00, 0x00, 0x0d, 0x00, 0x00, 0x00, 0x0d, 0x00, // ................
	0x00, 0x00, 0x0d, 0x00, 0x00, 0x00, 0x0d, 0x00, 0x00, 0x00, 0x20, 0x00, 0x04, 0x00, 0x77, 0x02, // .......... ...w.
	0x00, 0x00, 0x02, 0x00, 0x00, 0x00, 0x76, 0x02, 0x00, 0x00, 0x3b, 0x00, 0x04, 0x00, 0x77, 0x02, // ......v...;...w.
	0x00, 0x00, 0x78, 0x02, 0x00, 0x00, 0x02, 0x00, 0x00, 0x00, 0x20, 0x00, 0x04, 0x00, 0x79, 0x02, // ..x....... ...y.
	0x00, 0x00, 0x02, 0x00, 0x00, 0x00, 0x0d, 0x00, 0x00, 0x00, 0x20, 0x00, 0x04, 0x00, 0x87, 0x02, // .......... .....
	0x00, 0x00, 0x02, 0x00, 0x00, 0x00, 0x07, 0x00, 0x00, 0x00, 0x2b, 0x00, 0x04, 0x00, 0x07, 0x00, // ..........+.....
	0x00, 0x00, 0x50, 0x03, 0x00, 0x00, 0x00, 0x00, 0x00, 0x3f, 0x20, 0x00, 0x04, 0x00, 0xcf, 0x03, // ..P......? .....
	0x00, 0x00, 0x01, 0x00, 0x00, 0x00, 0x0d, 0x00, 0x00, 0x00, 0x3b, 0x00, 0x04, 0x00, 0xcf, 0x03, // ..........;.....
	0x00, 0x00, 0xd3, 0x03, 0x00, 0x00, 0x01, 0x00, 0x00, 0x00, 0x3b, 0x00, 0x04, 0x00, 0xcf, 0x03, // ..........;.....
	0x00, 0x00, 0xd6, 0x03, 0x00, 0x00, 0x01, 0x00, 0x00, 0x00, 0x3b, 0x00, 0x04, 0x00, 0xcf, 0x03, // ..........;.....
	0x00, 0x00, 0xd9, 0x03, 0x00, 0x00, 0x01, 0x00, 0x00, 0x00, 0x3b, 0x00, 0x04, 0x00, 0xcf, 0x03, // ..........;.....
	0x00, 0x00, 0xdc, 0x03, 0x00, 0x00, 0x01, 0x00, 0x00, 0x00, 0x3b, 0x00, 0x04, 0x00, 0xcf, 0x03, // ..........;.....
	0x00, 0x00, 0xdf, 0x03, 0x00, 0x00, 0x01, 0x00, 0x00, 0x00, 0x3b, 0x00, 0x04, 0x00, 0xcf, 0x03, // ..........;.....
	0x00, 0x00, 0xe2, 0x03, 0x00, 0x00, 0x01, 0x00, 0x00, 0x00, 0x3b, 0x00, 0x04, 0x00, 0xcf, 0x03, // ..........;.....
	0x00, 0x00, 0xe5, 0x03, 0x00, 0x00, 0x01, 0x00, 0x00, 0x00, 0x3b, 0x00, 0x04, 0x00, 0xcf, 0x03, // ..........;.....
	0x00, 0x00, 0xe8, 0x03, 0x00, 0x00, 0x01, 0x00, 0x00, 0x00, 0x20, 0x00, 0x04, 0x00, 0x00, 0x04, // .......... .....
	0x00, 0x00, 0x03, 0x00, 0x00, 0x00, 0x0d, 0x00, 0x00, 0x00, 0x3b, 0x00, 0x04, 0x00, 0x00, 0x04, // ..........;.....
	0x00, 0x00, 0x01, 0x04, 0x00, 0x00, 0x03, 0x00, 0x00, 0x00, 0x2c, 0x00, 0x05, 0x00, 0x0b, 0x00, // ..........,.....
	0x00, 0x00, 0xaf, 0x08, 0x00, 0x00, 0x52, 0x01, 0x00, 0x00, 0x52, 0x01, 0x00, 0x00, 0x2c, 0x00, // ......R...R...,.
	0x05, 0x00, 0x0b, 0x00, 0x00, 0x00, 0xb1, 0x08, 0x00, 0x00, 0x50, 0x03, 0x00, 0x00, 0x50, 0x03, // ..........P...P.
	0x00, 0x00, 0x20, 0x00, 0x04, 0x00, 0xb2, 0x08, 0x00, 0x00, 0x01, 0x00, 0x00, 0x00, 0x07, 0x00, // .. .............
	0x00, 0x00, 0x01, 0x00, 0x03, 0x00, 0x07, 0x00, 0x00, 0x00, 0x2f, 0x09, 0x00, 0x00, 0x36, 0x00, // ........../...6.
	0x05, 0x00, 0x02, 0x00, 0x00, 0x00, 0x04, 0x00, 0x00, 0x00, 0x00, 0x00, 0x00, 0x00, 0x03, 0x00, // ................
	0x00, 0x00, 0xf8, 0x00, 0x02, 0x00, 0x05, 0x00, 0x00, 0x00, 0x3d, 0x00, 0x04, 0x00, 0x06, 0x00, // ..........=.....
	0x00, 0x00, 0x7f, 0x00, 0x00, 0x00, 0x7e, 0x00, 0x00, 0x00, 0x3d, 0x00, 0x04, 0x00, 0x08, 0x00, // ......~...=.....
	0x00, 0x00, 0x82, 0x00, 0x00, 0x00, 0x81, 0x00, 0x00, 0x00, 0x3d, 0x00, 0x04, 0x00, 0x06, 0x00, // ..........=.....
	0x00, 0x00, 0x86, 0x00, 0x00, 0x00, 0x85, 0x00, 0x00, 0x00, 0x3d, 0x00, 0x04, 0x00, 0x08, 0x00, // ..........=.....
	0x00, 0x00, 0x88, 0x00, 0x00, 0x00, 0x87, 0x00, 0x00, 0x00, 0x3d, 0x00, 0x04, 0x00, 0x06, 0x00, // ..........=.....
	0x00, 0x00, 0x8c, 0x00, 0x00, 0x00, 0x8b, 0x00, 0x00, 0x00, 0x3d, 0x00, 0x04, 0x00, 0x08, 0x00, // ..........=.....
	0x00, 0x00, 0x8e, 0x00, 0x00, 0x00, 0x8d, 0x00, 0x00, 0x00, 0x3d, 0x00, 0x04, 0x00, 0x06, 0x00, // ..........=.....
	0x00, 0x00, 0x92, 0x00, 0x00, 0x00, 0x91, 0x00, 0x00, 0x00, 0x3d, 0x00, 0x04, 0x00, 0x08, 0x00, // ..........=.....
	0x00, 0x00, 0x94, 0x00, 0x00, 0x00, 0x93, 0x00, 0x00, 0x00, 0x3d, 0x00, 0x04, 0x00, 0x06, 0x00, // ..........=.....
	0x00, 0x00, 0x98, 0x00, 0x00, 0x00, 0x97, 0x00, 0x00, 0x00, 0x3d, 0x00, 0x04, 0x00, 0x08, 0x00, // ..........=.....
	0x00, 0x00, 0x9a, 0x00, 0x00, 0x00, 0x99, 0x00, 0x00, 0x00, 0x3d, 0x00, 0x04, 0x00, 0x06, 0x00, // ..........=.....
	0x00, 0x00, 0x9e, 0x00, 0x00, 0x00, 0x9d, 0x00, 0x00, 0x00, 0x3d, 0x00, 0x04, 0x00, 0x08, 0x00, // ..........=.....
	0x00, 0x00, 0xa0, 0x00, 0x00, 0x00, 0x9f, 0x00, 0x00, 0x00, 0x3d, 0x00, 0x04, 0x00, 0x06, 0x00, // ..........=.....
	0x00, 0x00, 0xa4, 0x00, 0x00, 0x00, 0xa3, 0x00, 0x00, 0x00, 0x3d, 0x00, 0x04, 0x00, 0x08, 0x00, // ..........=.....
	0x00, 0x00, 0xa6, 0x00, 0x00, 0x00, 0xa5, 0x00, 0x00, 0x00, 0x3d, 0x00, 0x04, 0x00, 0x06, 0x00, // ..........=.....
	0x00, 0x00, 0xaa, 0x00, 0x00, 0x00, 0xa9, 0x00, 0x00, 0x00, 0x3d, 0x00, 0x04, 0x00, 0x08, 0x00, // ..........=.....
	0x00, 0x00, 0xac, 0x00, 0x00, 0x00, 0xab, 0x00, 0x00, 0x00, 0x3d, 0x00, 0x04, 0x00, 0x0d, 0x00, // ..........=.....
	0x00, 0x00, 0xd4, 0x03, 0x00, 0x00, 0xd3, 0x03, 0x00, 0x00, 0x3d, 0x00, 0x04, 0x00, 0x0d, 0x00, // ..........=.....
	0x00, 0x00, 0xd7, 0x03, 0x00, 0x00, 0xd6, 0x03, 0x00, 0x00, 0x3d, 0x00, 0x04, 0x00, 0x0d, 0x00, // ..........=.....
	0x00, 0x00, 0xda, 0x03, 0x00, 0x00, 0xd9, 0x03, 0x00, 0x00, 0x3d, 0x00, 0x04, 0x00, 0x0d, 0x00, // ..........=.....
	0x00, 0x00, 0xdd, 0x03, 0x00, 0x00, 0xdc, 0x03, 0x00, 0x00, 0x3d, 0x00, 0x04, 0x00, 0x0d, 0x00, // ..........=.....
	0x00, 0x00, 0xe0, 0x03, 0x00, 0x00, 0xdf, 0x03, 0x00, 0x00, 0x3d, 0x00, 0x04, 0x00, 0x0d, 0x00, // ..........=.....
	0x00, 0x00, 0xe3, 0x03, 0x00, 0x00, 0xe2, 0x03, 0x00, 0x00, 0x3d, 0x00, 0x04, 0x00, 0x0d, 0x00, // ..........=.....
	0x00, 0x00, 0xe6, 0x03, 0x00, 0x00, 0xe5, 0x03, 0x00, 0x00, 0x3d, 0x00, 0x04, 0x00, 0x0d, 0x00, // ..........=.....
	0x00, 0x00, 0xe9, 0x03, 0x00, 0x00, 0xe8, 0x03, 0x00, 0x00, 0x4f, 0x00, 0x07, 0x00, 0x0b, 0x00, // ..........O.....
	0x00, 0x00, 0x80, 0x05, 0x00, 0x00, 0xd4, 0x03, 0x00, 0x00, 0xd4, 0x03, 0x00, 0x00, 0x00, 0x00, // ................
	0x00, 0x00, 0x01, 0x00, 0x00, 0x00, 0x4f, 0x00, 0x07, 0x00, 0x0b, 0x00, 0x00, 0x00, 0x84, 0x05, // ......O.........
	0x00, 0x00, 0xd4, 0x03, 0x00, 0x00, 0xd4, 0x03, 0x00, 0x00, 0x02, 0x00, 0x00, 0x00, 0x03, 0x00, // ................
	0x00, 0x00, 0x4f, 0x00, 0x07, 0x00, 0x0b, 0x00, 0x00, 0x00, 0x88, 0x05, 0x00, 0x00, 0xda, 0x03, // ..O.............
	0x00, 0x00, 0xda, 0x03, 0x00, 0x00, 0x00, 0x00, 0x00, 0x00, 0x01, 0x00, 0x00, 0x00, 0x4f, 0x00, // ..............O.
	0x07, 0x00, 0x0b, 0x00, 0x00, 0x00, 0x8c, 0x05, 0x00, 0x00, 0xd7, 0x03, 0x00, 0x00, 0xd7, 0x03, // ................
	0x00, 0x00, 0x00, 0x00, 0x00, 0x00, 0x01, 0x00, 0x00, 0x00, 0x4f, 0x00, 0x07, 0x00, 0x0b, 0x00, // ..........O.....
	0x00, 0x00, 0x90, 0x05, 0x00, 0x00, 0xd7, 0x03, 0x00, 0x00, 0xd7, 0x03, 0x00, 0x00, 0x02, 0x00, // ................
	0x00, 0x00, 0x03, 0x00, 0x00, 0x00, 0x4f, 0x00, 0x07, 0x00, 0x0b, 0x00, 0x00, 0x00, 0x94, 0x05, // ......O.........
	0x00, 0x00, 0xda, 0x03, 0x00, 0x00, 0xda, 0x03, 0x00, 0x00, 0x02, 0x00, 0x00, 0x00, 0x03, 0x00, // ................
	0x00, 0x00, 0x41, 0x00, 0x05, 0x00, 0xb2, 0x08, 0x00, 0x00, 0x67, 0x08, 0x00, 0x00, 0xe8, 0x03, // ..A.......g.....
	0x00, 0x00, 0xf4, 0x00, 0x00, 0x00, 0x3d, 0x00, 0x04, 0x00, 0x07, 0x00, 0x00, 0x00, 0x97, 0x05, // ......=.........
	0x00, 0x00, 0x67, 0x08, 0x00, 0x00, 0x41, 0x00, 0x05, 0x00, 0xb2, 0x08, 0x00, 0x00, 0x68, 0x08, // ..g...A.......h.
	0x00, 0x00, 0xe8, 0x03, 0x00, 0x00, 0xf8, 0x00, 0x00, 0x00, 0x3d, 0x00, 0x04, 0x00, 0x07, 0x00, // ..........=.....
	0x00, 0x00, 0x9a, 0x05, 0x00, 0x00, 0x68, 0x08, 0x00, 0x00, 0x41, 0x00, 0x05, 0x00, 0x79, 0x02, // ......h...A...y.
	0x00, 0x00, 0x8b, 0x04, 0x00, 0x00, 0x78, 0x02, 0x00, 0x00, 0xe3, 0x00, 0x00, 0x00, 0x3d, 0x00, // ......x.......=.
	0x04, 0x00, 0x0d, 0x00, 0x00, 0x00, 0x8c, 0x04, 0x00, 0x00, 0x8b, 0x04, 0x00, 0x00, 0x56, 0x00, // ..............V.
	0x05, 0x00, 0xb7, 0x00, 0x00, 0x00, 0xcc, 0x05, 0x00, 0x00, 0x82, 0x00, 0x00, 0x00, 0x7f, 0x00, // ................
	0x00, 0x00, 0x57, 0x00, 0x05, 0x00, 0x0d, 0x00, 0x00, 0x00, 0xce, 0x05, 0x00, 0x00, 0xcc, 0x05, // ..W.............
	0x00, 0x00, 0x84, 0x05, 0x00, 0x00, 0x4f, 0x00, 0x07, 0x00, 0x0b, 0x00, 0x00, 0x00, 0xb4, 0x05, // ......O.........
	0x00, 0x00, 0xce, 0x05, 0x00, 0x00, 0xce, 0x05, 0x00, 0x00, 0x00, 0x00, 0x00, 0x00, 0x01, 0x00, // ................
	0x00, 0x00, 0x8e, 0x00, 0x05, 0x00, 0x0b, 0x00, 0x00, 0x00, 0xb5, 0x05, 0x00, 0x00, 0xb4, 0x05, // ................
	0x00, 0x00, 0x50, 0x01, 0x00, 0x00, 0x83, 0x00, 0x05, 0x00, 0x0b, 0x00, 0x00, 0x00, 0xb7, 0x05, // ..P.............
	0x00, 0x00, 0xb5, 0x05, 0x00, 0x00, 0xaf, 0x08, 0x00, 0x00, 0x51, 0x00, 0x05, 0x00, 0x07, 0x00, // ..........Q.....
	0x00, 0x00, 0xb9, 0x05, 0x00, 0x00, 0xb7, 0x05, 0x00, 0x00, 0x01, 0x00, 0x00, 0x00, 0x85, 0x00, // ................
	0x05, 0x00, 0x07, 0x00, 0x00, 0x00, 0xba, 0x05, 0x00, 0x00, 0xb9, 0x05, 0x00, 0x00, 0x56, 0x01, // ..............V.
	0x00, 0x00, 0x51, 0x00, 0x05, 0x00, 0x07, 0x00, 0x00, 0x00, 0xbd, 0x05, 0x00, 0x00, 0x8c, 0x04, // ..Q.............
	0x00, 0x00, 0x02, 0x00, 0x00, 0x00, 0x51, 0x00, 0x05, 0x00, 0x07, 0x00, 0x00, 0x00, 0xbf, 0x05, // ......Q.........
	0x00, 0x00, 0x8c, 0x04, 0x00, 0x00, 0x03, 0x00, 0x00, 0x00, 0x85, 0x00, 0x05, 0x00, 0x07, 0x00, // ................
	0x00, 0x00, 0xc2, 0x05, 0x00, 0x00, 0xbf, 0x05, 0x00, 0x00, 0xba, 0x05, 0x00, 0x00, 0x81, 0x00, // ................
	0x05, 0x00, 0x07, 0x00, 0x00, 0x00, 0xc3, 0x05, 0x00, 0x00, 0xbd, 0x05, 0x00, 0x00, 0xc2, 0x05, // ................
	0x00, 0x00, 0x52, 0x00, 0x06, 0x00, 0x0b, 0x00, 0x00, 0x00, 0xba, 0x08, 0x00, 0x00, 0xc3, 0x05, // ..R.............
	0x00, 0x00, 0xb7, 0x05, 0x00, 0x00, 0x01, 0x00, 0x00, 0x00, 0x41, 0x00, 0x06, 0x00, 0x87, 0x02, // ..........A.....
	0x00, 0x00, 0x92, 0x04, 0x00, 0x00, 0x78, 0x02, 0x00, 0x00, 0xe3, 0x00, 0x00, 0x00, 0x5c, 0x01, // ......x.........
	0x00, 0x00, 0x3d, 0x00, 0x04, 0x00, 0x07, 0x00, 0x00, 0x00, 0x93, 0x04, 0x00, 0x00, 0x92, 0x04, // ..=.............
	0x00, 0x00, 0x8e, 0x00, 0x05, 0x00, 0x0b, 0x00, 0x00, 0x00, 0x95, 0x04, 0x00, 0x00, 0xba, 0x08, // ................
	0x00, 0x00, 0x93, 0x04, 0x00, 0x00, 0x4f, 0x00, 0x07, 0x00, 0x0b, 0x00, 0x00, 0x00, 0x98, 0x04, // ......O.........
	0x00, 0x00, 0xe9, 0x03, 0x00, 0x00, 0xe9, 0x03, 0x00, 0x00, 0x00, 0x00, 0x00, 0x00, 0x01, 0x00, // ................
	0x00, 0x00, 0x81, 0x00, 0x05, 0x00, 0x0b, 0x00, 0x00, 0x00, 0x9b, 0x04, 0x00, 0x00, 0x98, 0x04, // ................
	0x00, 0x00, 0x95, 0x04, 0x00, 0x00, 0x56, 0x00, 0x05, 0x00, 0xb7, 0x00, 0x00, 0x00, 0x27, 0x06, // ......V.......'.
	0x00, 0x00, 0x88, 0x00, 0x00, 0x00, 0x86, 0x00, 0x00, 0x00, 0x57, 0x00, 0x05, 0x00, 0x0d, 0x00, // ..........W.....
	0x00, 0x00, 0x29, 0x06, 0x00, 0x00, 0x27, 0x06, 0x00, 0x00, 0x9b, 0x04, 0x00, 0x00, 0x41, 0x00, // ..)...'.......A.
	0x05, 0x00, 0xb2, 0x08, 0x00, 0x00, 0x9e, 0x08, 0x00, 0x00, 0xdc, 0x03, 0x00, 0x00, 0xf8, 0x00, // ................
	0x00, 0x00, 0x3d, 0x00, 0x04, 0x00, 0x07, 0x00, 0x00, 0x00, 0x9f, 0x04, 0x00, 0x00, 0x9e, 0x08, // ..=.............
	0x00, 0x00, 0x51, 0x00, 0x05, 0x00, 0x07, 0x00, 0x00, 0x00, 0xa1, 0x04, 0x00, 0x00, 0x29, 0x06, // ..Q...........).
	0x00, 0x00, 0x03, 0x00, 0x00, 0x00, 0x85, 0x00, 0x05, 0x00, 0x07, 0x00, 0x00, 0x00, 0xa2, 0x04, // ................
	0x00, 0x00, 0xa1, 0x04, 0x00, 0x00, 0x9f, 0x04, 0x00, 0x00, 0x52, 0x00, 0x06, 0x00, 0x0d, 0x00, // ..........R.....
	0x00, 0x00, 0xbd, 0x08, 0x00, 0x00, 0xa2, 0x04, 0x00, 0x00, 0x29, 0x06, 0x00, 0x00, 0x03, 0x00, // ..........).....
	0x00, 0x00, 0x81, 0x00, 0x05, 0x00, 0x0b, 0x00, 0x00, 0x00, 0xaa, 0x04, 0x00, 0x00, 0x94, 0x05, // ................
	0x00, 0x00, 0x95, 0x04, 0x00, 0x00, 0x41, 0x00, 0x05, 0x00, 0x79, 0x02, 0x00, 0x00, 0xac, 0x04, // ......A...y.....
	0x00, 0x00, 0x78, 0x02, 0x00, 0x00, 0xdd, 0x00, 0x00, 0x00, 0x3d, 0x00, 0x04, 0x00, 0x0d, 0x00, // ..x.......=.....
	0x00, 0x00, 0xad, 0x04, 0x00, 0x00, 0xac, 0x04, 0x00, 0x00, 0x51, 0x00, 0x05, 0x00, 0x07, 0x00, // ..........Q.....
	0x00, 0x00, 0x38, 0x06, 0x00, 0x00, 0xad, 0x04, 0x00, 0x00, 0x00, 0x00, 0x00, 0x00, 0xba, 0x00, // ..8.............
	0x05, 0x00, 0x41, 0x00, 0x00, 0x00, 0x39, 0x06, 0x00, 0x00, 0x38, 0x06, 0x00, 0x00, 0x1a, 0x01, // ..A...9...8.....
	0x00, 0x00, 0xf7, 0x00, 0x03, 0x00, 0x53, 0x06, 0x00, 0x00, 0x00, 0x00, 0x00, 0x00, 0xfa, 0x00, // ......S.........
	0x04, 0x00, 0x39, 0x06, 0x00, 0x00, 0x3a, 0x06, 0x00, 0x00, 0x53, 0x06, 0x00, 0x00, 0xf8, 0x00, // ..9...:...S.....
	0x02, 0x00, 0x3a, 0x06, 0x00, 0x00, 0x56, 0x00, 0x05, 0x00, 0xb7, 0x00, 0x00, 0x00, 0x5a, 0x06, // ..:...V.......Z.
	0x00, 0x00, 0x88, 0x00, 0x00, 0x00, 0x86, 0x00, 0x00, 0x00, 0x57, 0x00, 0x05, 0x00, 0x0d, 0x00, // ..........W.....
	0x00, 0x00, 0x5c, 0x06, 0x00, 0x00, 0x5a, 0x06, 0x00, 0x00, 0xaa, 0x04, 0x00, 0x00, 0x85, 0x00, // ......Z.........
	0x05, 0x00, 0x0d, 0x00, 0x00, 0x00, 0x48, 0x06, 0x00, 0x00, 0x5c, 0x06, 0x00, 0x00, 0xdd, 0x03, // ......H.........
	0x00, 0x00, 0x51, 0x00, 0x05, 0x00, 0x07, 0x00, 0x00, 0x00, 0x4a, 0x06, 0x00, 0x00, 0xad, 0x04, // ..Q.......J.....
	0x00, 0x00, 0x01, 0x00, 0x00, 0x00, 0xb4, 0x00, 0x05, 0x00, 0x41, 0x00, 0x00, 0x00, 0x4b, 0x06, // ..........A...K.
	0x00, 0x00, 0x4a, 0x06, 0x00, 0x00, 0x52, 0x01, 0x00, 0x00, 0xf7, 0x00, 0x03, 0x00, 0x52, 0x06, // ..J...R.......R.
	0x00, 0x00, 0x00, 0x00, 0x00, 0x00, 0xfa, 0x00, 0x04, 0x00, 0x4b, 0x06, 0x00, 0x00, 0x4c, 0x06, // ..........K...L.
	0x00, 0x00, 0x52, 0x06, 0x00, 0x00, 0xf8, 0x00, 0x02, 0x00, 0x4c, 0x06, 0x00, 0x00, 0x50, 0x00, // ..R.......L...P.
	0x07, 0x00, 0x0d, 0x00, 0x00, 0x00, 0xab, 0x06, 0x00, 0x00, 0x97, 0x05, 0x00, 0x00, 0x97, 0x05, // ................
	0x00, 0x00, 0x97, 0x05, 0x00, 0x00, 0x97, 0x05, 0x00, 0x00, 0x0c, 0x00, 0x08, 0x00, 0x0d, 0x00, // ................
	0x00, 0x00, 0xb1, 0x06, 0x00, 0x00, 0x01, 0x00, 0x00, 0x00, 0x2e, 0x00, 0x00, 0x00, 0xbd, 0x08, // ................
	0x00, 0x00, 0x48, 0x06, 0x00, 0x00, 0xab, 0x06, 0x00, 0x00, 0xf9, 0x00, 0x02, 0x00, 0x52, 0x06, // ..H...........R.
	0x00, 0x00, 0xf8, 0x00, 0x02, 0x00, 0x52, 0x06, 0x00, 0x00, 0xf5, 0x00, 0x07, 0x00, 0x0d, 0x00, // ......R.........
	0x00, 0x00, 0xac, 0x08, 0x00, 0x00, 0xbd, 0x08, 0x00, 0x00, 0x3a, 0x06, 0x00, 0x00, 0xb1, 0x06, // ..........:.....
	0x00, 0x00, 0x4c, 0x06, 0x00, 0x00, 0xf9, 0x00, 0x02, 0x00, 0x53, 0x06, 0x00, 0x00, 0xf8, 0x00, // ..L.......S.....
	0x02, 0x00, 0x53, 0x06, 0x00, 0x00, 0xf5, 0x00, 0x07, 0x00, 0x0d, 0x00, 0x00, 0x00, 0xab, 0x08, // ..S.............
	0x00, 0x00, 0xbd, 0x08, 0x00, 0x00, 0x05, 0x00, 0x00, 0x00, 0xac, 0x08, 0x00, 0x00, 0x52, 0x06, // ..............R.
	0x00, 0x00, 0x81, 0x00, 0x05, 0x00, 0x0b, 0x00, 0x00, 0x00, 0xb8, 0x04, 0x00, 0x00, 0x80, 0x05, // ................
	0x00, 0x00, 0x95, 0x04, 0x00, 0x00, 0x56, 0x00, 0x05, 0x00, 0xb7, 0x00, 0x00, 0x00, 0xb8, 0x06, // ......V.........
	0x00, 0x00, 0x8e, 0x00, 0x00, 0x00, 0x8c, 0x00, 0x00, 0x00, 0x57, 0x00, 0x05, 0x00, 0x0d, 0x00, // ..........W.....
	0x00, 0x00, 0xba, 0x06, 0x00, 0x00, 0xb8, 0x06, 0x00, 0x00, 0xb8, 0x04, 0x00, 0x00, 0x51, 0x00, // ..............Q.
	0x05, 0x00, 0x07, 0x00, 0x00, 0x00, 0xbc, 0x04, 0x00, 0x00, 0xba, 0x06, 0x00, 0x00, 0x00, 0x00, // ................
	0x00, 0x00, 0x51, 0x00, 0x05, 0x00, 0x07, 0x00, 0x00, 0x00, 0xbe, 0x04, 0x00, 0x00, 0xba, 0x06, // ..Q.............
	0x00, 0x00, 0x03, 0x00, 0x00, 0x00, 0x85, 0x00, 0x05, 0x00, 0x07, 0x00, 0x00, 0x00, 0xbf, 0x04, // ................
	0x00, 0x00, 0xbc, 0x04, 0x00, 0x00, 0xbe, 0x04, 0x00, 0x00, 0x51, 0x00, 0x05, 0x00, 0x07, 0x00, // ..........Q.....
	0x00, 0x00, 0xc1, 0x04, 0x00, 0x00, 0xab, 0x08, 0x00, 0x00, 0x03, 0x00, 0x00, 0x00, 0x85, 0x00, // ................
	0x05, 0x00, 0x07, 0x00, 0x00, 0x00, 0xc2, 0x04, 0x00, 0x00, 0xc1, 0x04, 0x00, 0x00, 0xbf, 0x04, // ................
	0x00, 0x00, 0x52, 0x00, 0x06, 0x00, 0x0d, 0x00, 0x00, 0x00, 0xc4, 0x08, 0x00, 0x00, 0xc2, 0x04, // ..R.............
	0x00, 0x00, 0xab, 0x08, 0x00, 0x00, 0x03, 0x00, 0x00, 0x00, 0x56, 0x00, 0x05, 0x00, 0xb7, 0x00, // ..........V.....
	0x00, 0x00, 0xea, 0x06, 0x00, 0x00, 0x94, 0x00, 0x00, 0x00, 0x92, 0x00, 0x00, 0x00, 0x57, 0x00, // ..............W.
	0x05, 0x00, 0x0d, 0x00, 0x00, 0x00, 0xec, 0x06, 0x00, 0x00, 0xea, 0x06, 0x00, 0x00, 0x90, 0x05, // ................
	0x00, 0x00, 0x4f, 0x00, 0x07, 0x00, 0x0b, 0x00, 0x00, 0x00, 0xd2, 0x06, 0x00, 0x00, 0xec, 0x06, // ..O.............
	0x00, 0x00, 0xec, 0x06, 0x00, 0x00, 0x00, 0x00, 0x00, 0x00, 0x01, 0x00, 0x00, 0x00, 0x8e, 0x00, // ................
	0x05, 0x00, 0x0b, 0x00, 0x00, 0x00, 0xd3, 0x06, 0x00, 0x00, 0xd2, 0x06, 0x00, 0x00, 0x50, 0x01, // ..............P.
	0x00, 0x00, 0x83, 0x00, 0x05, 0x00, 0x0b, 0x00, 0x00, 0x00, 0xd5, 0x06, 0x00, 0x00, 0xd3, 0x06, // ................
	0x00, 0x00, 0xaf, 0x08, 0x00, 0x00, 0x51, 0x00, 0x05, 0x00, 0x07, 0x00, 0x00, 0x00, 0xd7, 0x06, // ......Q.........
	0x00, 0x00, 0xd5, 0x06, 0x00, 0x00, 0x01, 0x00, 0x00, 0x00, 0x85, 0x00, 0x05, 0x00, 0x07, 0x00, // ................
	0x00, 0x00, 0xd8, 0x06, 0x00, 0x00, 0xd7, 0x06, 0x00, 0x00, 0x56, 0x01, 0x00, 0x00, 0x85, 0x00, // ..........V.....
	0x05, 0x00, 0x07, 0x00, 0x00, 0x00, 0xe0, 0x06, 0x00, 0x00, 0xbf, 0x05, 0x00, 0x00, 0xd8, 0x06, // ................
	0x00, 0x00, 0x81, 0x00, 0x05, 0x00, 0x07, 0x00, 0x00, 0x00, 0xe1, 0x06, 0x00, 0x00, 0xbd, 0x05, // ................
	0x00, 0x00, 0xe0, 0x06, 0x00, 0x00, 0x52, 0x00, 0x06, 0x00, 0x0b, 0x00, 0x00, 0x00, 0xcc, 0x08, // ......R.........
	0x00, 0x00, 0xe1, 0x06, 0x00, 0x00, 0xd5, 0x06, 0x00, 0x00, 0x01, 0x00, 0x00, 0x00, 0x41, 0x00, // ..............A.
	0x06, 0x00, 0x87, 0x02, 0x00, 0x00, 0xcd, 0x04, 0x00, 0x00, 0x78, 0x02, 0x00, 0x00, 0xe3, 0x00, // ..........x.....
	0x00, 0x00, 0x57, 0x01, 0x00, 0x00, 0x3d, 0x00, 0x04, 0x00, 0x07, 0x00, 0x00, 0x00, 0xce, 0x04, // ..W...=.........
	0x00, 0x00, 0xcd, 0x04, 0x00, 0x00, 0x8e, 0x00, 0x05, 0x00, 0x0b, 0x00, 0x00, 0x00, 0xd0, 0x04, // ................
	0x00, 0x00, 0xcc, 0x08, 0x00, 0x00, 0xce, 0x04, 0x00, 0x00, 0x81, 0x00, 0x05, 0x00, 0x0b, 0x00, // ................
	0x00, 0x00, 0xd4, 0x04, 0x00, 0x00, 0x88, 0x05, 0x00, 0x00, 0xd0, 0x04, 0x00, 0x00, 0x56, 0x00, // ..............V.
	0x05, 0x00, 0xb7, 0x00, 0x00, 0x00, 0x42, 0x07, 0x00, 0x00, 0x9a, 0x00, 0x00, 0x00, 0x98, 0x00, // ......B.........
	0x00, 0x00, 0x57, 0x00, 0x05, 0x00, 0x0d, 0x00, 0x00, 0x00, 0x44, 0x07, 0x00, 0x00, 0x42, 0x07, // ..W.......D...B.
	0x00, 0x00, 0xd4, 0x04, 0x00, 0x00, 0x81, 0x00, 0x05, 0x00, 0x0b, 0x00, 0x00, 0x00, 0xda, 0x04, // ................
	0x00, 0x00, 0x8c, 0x05, 0x00, 0x00, 0xd0, 0x04, 0x00, 0x00, 0x56, 0x00, 0x05, 0x00, 0xb7, 0x00, // ..........V.....
	0x00, 0x00, 0x4b, 0x07, 0x00, 0x00, 0xa0, 0x00, 0x00, 0x00, 0x9e, 0x00, 0x00, 0x00, 0x57, 0x00, // ..K...........W.
	0x05, 0x00, 0x0d, 0x00, 0x00, 0x00, 0x4d, 0x07, 0x00, 0x00, 0x4b, 0x07, 0x00, 0x00, 0xda, 0x04, // ......M...K.....
	0x00, 0x00, 0x51, 0x00, 0x05, 0x00, 0x07, 0x00, 0x00, 0x00, 0xde, 0x04, 0x00, 0x00, 0x4d, 0x07, // ..Q...........M.
	0x00, 0x00, 0x00, 0x00, 0x00, 0x00, 0x51, 0x00, 0x05, 0x00, 0x07, 0x00, 0x00, 0x00, 0xe0, 0x04, // ......Q.........
	0x00, 0x00, 0x4d, 0x07, 0x00, 0x00, 0x03, 0x00, 0x00, 0x00, 0x85, 0x00, 0x05, 0x00, 0x07, 0x00, // ..M.............
	0x00, 0x00, 0xe1, 0x04, 0x00, 0x00, 0xde, 0x04, 0x00, 0x00, 0xe0, 0x04, 0x00, 0x00, 0x51, 0x00, // ..............Q.
	0x05, 0x00, 0x07, 0x00, 0x00, 0x00, 0xe3, 0x04, 0x00, 0x00, 0x44, 0x07, 0x00, 0x00, 0x03, 0x00, // ..........D.....
	0x00, 0x00, 0x85, 0x00, 0x05, 0x00, 0x07, 0x00, 0x00, 0x00, 0xe4, 0x04, 0x00, 0x00, 0xe3, 0x04, // ................
	0x00, 0x00, 0xe1, 0x04, 0x00, 0x00, 0x41, 0x00, 0x06, 0x00, 0x87, 0x02, 0x00, 0x00, 0xe9, 0x04, // ......A.........
	0x00, 0x00, 0x78, 0x02, 0x00, 0x00, 0xe9, 0x00, 0x00, 0x00, 0x5c, 0x01, 0x00, 0x00, 0x3d, 0x00, // ..x...........=.
	0x04, 0x00, 0x07, 0x00, 0x00, 0x00, 0xea, 0x04, 0x00, 0x00, 0xe9, 0x04, 0x00, 0x00, 0xb4, 0x00, // ................
	0x05, 0x00, 0x41, 0x00, 0x00, 0x00, 0x58, 0x07, 0x00, 0x00, 0xea, 0x04, 0x00, 0x00, 0x1a, 0x01, // ..A...X.........
	0x00, 0x00, 0xf7, 0x00, 0x03, 0x00, 0xb5, 0x07, 0x00, 0x00, 0x00, 0x00, 0x00, 0x00, 0xfa, 0x00, // ................
	0x04, 0x00, 0x58, 0x07, 0x00, 0x00, 0x59, 0x07, 0x00, 0x00, 0x70, 0x07, 0x00, 0x00, 0xf8, 0x00, // ..X...Y...p.....
	0x02, 0x00, 0x70, 0x07, 0x00, 0x00, 0xb4, 0x00, 0x05, 0x00, 0x41, 0x00, 0x00, 0x00, 0x72, 0x07, // ..p.......A...r.
	0x00, 0x00, 0xea, 0x04, 0x00, 0x00, 0x52, 0x01, 0x00, 0x00, 0xf7, 0x00, 0x03, 0x00, 0xb4, 0x07, // ......R.........
	0x00, 0x00, 0x00, 0x00, 0x00, 0x00, 0xfa, 0x00, 0x04, 0x00, 0x72, 0x07, 0x00, 0x00, 0x73, 0x07, // ..........r...s.
	0x00, 0x00, 0x86, 0x07, 0x00, 0x00, 0xf8, 0x00, 0x02, 0x00, 0x86, 0x07, 0x00, 0x00, 0xb4, 0x00, // ................
	0x05, 0x00, 0x41, 0x00, 0x00, 0x00, 0x88, 0x07, 0x00, 0x00, 0xea, 0x04, 0x00, 0x00, 0x50, 0x01, // ..A...........P.
	0x00, 0x00, 0xf7, 0x00, 0x03, 0x00, 0xb3, 0x07, 0x00, 0x00, 0x00, 0x00, 0x00, 0x00, 0xfa, 0x00, // ................
	0x04, 0x00, 0x88, 0x07, 0x00, 0x00, 0x89, 0x07, 0x00, 0x00, 0x9c, 0x07, 0x00, 0x00, 0xf8, 0x00, // ................
	0x02, 0x00, 0x9c, 0x07, 0x00, 0x00, 0xb4, 0x00, 0x05, 0x00, 0x41, 0x00, 0x00, 0x00, 0x9e, 0x07, // ..........A.....
	0x00, 0x00, 0xea, 0x04, 0x00, 0x00, 0x0b, 0x02, 0x00, 0x00, 0xf7, 0x00, 0x03, 0x00, 0xb2, 0x07, // ................
	0x00, 0x00, 0x00, 0x00, 0x00, 0x00, 0xfa, 0x00, 0x04, 0x00, 0x9e, 0x07, 0x00, 0x00, 0x9f, 0x07, // ................
	0x00, 0x00, 0xb2, 0x07, 0x00, 0x00, 0xf8, 0x00, 0x02, 0x00, 0x9f, 0x07, 0x00, 0x00, 0x4f, 0x00, // ..............O.
	0x08, 0x00, 0x1f, 0x00, 0x00, 0x00, 0xa2, 0x07, 0x00, 0x00, 0xc4, 0x08, 0x00, 0x00, 0xc4, 0x08, // ................
	0x00, 0x00, 0x00, 0x00, 0x00, 0x00, 0x01, 0x00, 0x00, 0x00, 0x02, 0x00, 0x00, 0x00, 0x4f, 0x00, // ..............O.
	0x08, 0x00, 0x1f, 0x00, 0x00, 0x00, 0xa4, 0x07, 0x00, 0x00, 0x44, 0x07, 0x00, 0x00, 0x44, 0x07, // ..........D...D.
	0x00, 0x00, 0x00, 0x00, 0x00, 0x00, 0x01, 0x00, 0x00, 0x00, 0x02, 0x00, 0x00, 0x00, 0x8e, 0x00, // ................
	0x05, 0x00, 0x1f, 0x00, 0x00, 0x00, 0xa7, 0x07, 0x00, 0x00, 0xa4, 0x07, 0x00, 0x00, 0xe4, 0x04, // ................
	0x00, 0x00, 0x85, 0x00, 0x05, 0x00, 0x1f, 0x00, 0x00, 0x00, 0xa8, 0x07, 0x00, 0x00, 0xa2, 0x07, // ................
	0x00, 0x00, 0xa7, 0x07, 0x00, 0x00, 0x51, 0x00, 0x05, 0x00, 0x07, 0x00, 0x00, 0x00, 0xaa, 0x07, // ......Q.........
	0x00, 0x00, 0xa8, 0x07, 0x00, 0x00, 0x00, 0x00, 0x00, 0x00, 0x51, 0x00, 0x05, 0x00, 0x07, 0x00, // ..........Q.....
	0x00, 0x00, 0xad, 0x07, 0x00, 0x00, 0xa8, 0x07, 0x00, 0x00, 0x01, 0x00, 0x00, 0x00, 0x50, 0x00, // ..............P.
	0x07, 0x00, 0x0d, 0x00, 0x00, 0x00, 0x29, 0x09, 0x00, 0x00, 0xaa, 0x07, 0x00, 0x00, 0xad, 0x07, // ......).........
	0x00, 0x00, 0x2f, 0x09, 0x00, 0x00, 0xc2, 0x04, 0x00, 0x00, 0xf9, 0x00, 0x02, 0x00, 0xb2, 0x07, // ../.............
	0x00, 0x00, 0xf8, 0x00, 0x02, 0x00, 0xb2, 0x07, 0x00, 0x00, 0xf5, 0x00, 0x07, 0x00, 0x0d, 0x00, // ................
	0x00, 0x00, 0x27, 0x09, 0x00, 0x00, 0xc4, 0x08, 0x00, 0x00, 0x9c, 0x07, 0x00, 0x00, 0x29, 0x09, // ..'...........).
	0x00, 0x00, 0x9f, 0x07, 0x00, 0x00, 0xf9, 0x00, 0x02, 0x00, 0xb3, 0x07, 0x00, 0x00, 0xf8, 0x00, // ................
	0x02, 0x00, 0x89, 0x07, 0x00, 0x00, 0x4f, 0x00, 0x08, 0x00, 0x1f, 0x00, 0x00, 0x00, 0x8c, 0x07, // ......O.........
	0x00, 0x00, 0xc4, 0x08, 0x00, 0x00, 0xc4, 0x08, 0x00, 0x00, 0x00, 0x00, 0x00, 0x00, 0x01, 0x00, // ................
	0x00, 0x00, 0x02, 0x00, 0x00, 0x00, 0x4f, 0x00, 0x08, 0x00, 0x1f, 0x00, 0x00, 0x00, 0x8e, 0x07, // ......O.........
	0x00, 0x00, 0x44, 0x07, 0x00, 0x00, 0x44, 0x07, 0x00, 0x00, 0x00, 0x00, 0x00, 0x00, 0x01, 0x00, // ..D...D.........
	0x00, 0x00, 0x02, 0x00, 0x00, 0x00, 0x8e, 0x00, 0x05, 0x00, 0x1f, 0x00, 0x00, 0x00, 0x91, 0x07, // ................
	0x00, 0x00, 0x8e, 0x07, 0x00, 0x00, 0xe4, 0x04, 0x00, 0x00, 0x83, 0x00, 0x05, 0x00, 0x1f, 0x00, // ................
	0x00, 0x00, 0x92, 0x07, 0x00, 0x00, 0x8c, 0x07, 0x00, 0x00, 0x91, 0x07, 0x00, 0x00, 0x51, 0x00, // ..............Q.
	0x05, 0x00, 0x07, 0x00, 0x00, 0x00, 0x94, 0x07, 0x00, 0x00, 0x92, 0x07, 0x00, 0x00, 0x00, 0x00, // ................
	0x00, 0x00, 0x51, 0x00, 0x05, 0x00, 0x07, 0x00, 0x00, 0x00, 0x97, 0x07, 0x00, 0x00, 0x92, 0x07, // ..Q.............
	0x00, 0x00, 0x01, 0x00, 0x00, 0x00, 0x50, 0x00, 0x07, 0x00, 0x0d, 0x00, 0x00, 0x00, 0x2a, 0x09, // ......P.......*.
	0x00, 0x00, 0x94, 0x07, 0x00, 0x00, 0x97, 0x07, 0x00, 0x00, 0x2f, 0x09, 0x00, 0x00, 0xc2, 0x04, // ........../.....
	0x00, 0x00, 0xf9, 0x00, 0x02, 0x00, 0xb3, 0x07, 0x00, 0x00, 0xf8, 0x00, 0x02, 0x00, 0xb3, 0x07, // ................
	0x00, 0x00, 0xf5, 0x00, 0x07, 0x00, 0x0d, 0x00, 0x00, 0x00, 0x26, 0x09, 0x00, 0x00, 0x27, 0x09, // ..........&...'.
	0x00, 0x00, 0xb2, 0x07, 0x00, 0x00, 0x2a, 0x09, 0x00, 0x00, 0x89, 0x07, 0x00, 0x00, 0xf9, 0x00, // ......*.........
	0x02, 0x00, 0xb4, 0x07, 0x00, 0x00, 0xf8, 0x00, 0x02, 0x00, 0x73, 0x07, 0x00, 0x00, 0x4f, 0x00, // ..........s...O.
	0x08, 0x00, 0x1f, 0x00, 0x00, 0x00, 0x76, 0x07, 0x00, 0x00, 0xc4, 0x08, 0x00, 0x00, 0xc4, 0x08, // ......v.........
	0x00, 0x00, 0x00, 0x00, 0x00, 0x00, 0x01, 0x00, 0x00, 0x00, 0x02, 0x00, 0x00, 0x00, 0x4f, 0x00, // ..............O.
	0x08, 0x00, 0x1f, 0x00, 0x00, 0x00, 0x78, 0x07, 0x00, 0x00, 0x44, 0x07, 0x00, 0x00, 0x44, 0x07, // ......x...D...D.
	0x00, 0x00, 0x00, 0x00, 0x00, 0x00, 0x01, 0x00, 0x00, 0x00, 0x02, 0x00, 0x00, 0x00, 0x8e, 0x00, // ................
	0x05, 0x00, 0x1f, 0x00, 0x00, 0x00, 0x7b, 0x07, 0x00, 0x00, 0x78, 0x07, 0x00, 0x00, 0xe4, 0x04, // ......{...x.....
	0x00, 0x00, 0x81, 0x00, 0x05, 0x00, 0x1f, 0x00, 0x00, 0x00, 0x7c, 0x07, 0x00, 0x00, 0x76, 0x07, // ..........|...v.
	0x00, 0x00, 0x7b, 0x07, 0x00, 0x00, 0x51, 0x00, 0x05, 0x00, 0x07, 0x00, 0x00, 0x00, 0x7e, 0x07, // ..{...Q.......~.
	0x00, 0x00, 0x7c, 0x07, 0x00, 0x00, 0x00, 0x00, 0x00, 0x00, 0x51, 0x00, 0x05, 0x00, 0x07, 0x00, // ..|.......Q.....
	0x00, 0x00, 0x81, 0x07, 0x00, 0x00, 0x7c, 0x07, 0x00, 0x00, 0x01, 0x00, 0x00, 0x00, 0x50, 0x00, // ......|.......P.
	0x07, 0x00, 0x0d, 0x00, 0x00, 0x00, 0x2b, 0x09, 0x00, 0x00, 0x7e, 0x07, 0x00, 0x00, 0x81, 0x07, // ......+...~.....
	0x00, 0x00, 0x2f, 0x09, 0x00, 0x00, 0xc2, 0x04, 0x00, 0x00, 0xf9, 0x00, 0x02, 0x00, 0xb4, 0x07, // ../.............
	0x00, 0x00, 0xf8, 0x00, 0x02, 0x00, 0xb4, 0x07, 0x00, 0x00, 0xf5, 0x00, 0x07, 0x00, 0x0d, 0x00, // ................
	0x00, 0x00, 0x25, 0x09, 0x00, 0x00, 0x26, 0x09, 0x00, 0x00, 0xb3, 0x07, 0x00, 0x00, 0x2b, 0x09, // ..%...&.......+.
	0x00, 0x00, 0x73, 0x07, 0x00, 0x00, 0xf9, 0x00, 0x02, 0x00, 0xb5, 0x07, 0x00, 0x00, 0xf8, 0x00, // ..s.............
	0x02, 0x00, 0x59, 0x07, 0x00, 0x00, 0x4f, 0x00, 0x08, 0x00, 0x1f, 0x00, 0x00, 0x00, 0x5c, 0x07, // ..Y...O.........
	0x00, 0x00, 0x44, 0x07, 0x00, 0x00, 0x44, 0x07, 0x00, 0x00, 0x00, 0x00, 0x00, 0x00, 0x01, 0x00, // ..D...D.........
	0x00, 0x00, 0x02, 0x00, 0x00, 0x00, 0x8e, 0x00, 0x05, 0x00, 0x1f, 0x00, 0x00, 0x00, 0x5f, 0x07, // .............._.
	0x00, 0x00, 0x5c, 0x07, 0x00, 0x00, 0xe4, 0x04, 0x00, 0x00, 0x4f, 0x00, 0x08, 0x00, 0x1f, 0x00, // ..........O.....
	0x00, 0x00, 0x61, 0x07, 0x00, 0x00, 0xc4, 0x08, 0x00, 0x00, 0xc4, 0x08, 0x00, 0x00, 0x00, 0x00, // ..a.............
	0x00, 0x00, 0x01, 0x00, 0x00, 0x00, 0x02, 0x00, 0x00, 0x00, 0x83, 0x00, 0x05, 0x00, 0x07, 0x00, // ................
	0x00, 0x00, 0x64, 0x07, 0x00, 0x00, 0x52, 0x01, 0x00, 0x00, 0xe4, 0x04, 0x00, 0x00, 0x8e, 0x00, // ..d...R.........
	0x05, 0x00, 0x1f, 0x00, 0x00, 0x00, 0x65, 0x07, 0x00, 0x00, 0x61, 0x07, 0x00, 0x00, 0x64, 0x07, // ......e...a...d.
	0x00, 0x00, 0x81, 0x00, 0x05, 0x00, 0x1f, 0x00, 0x00, 0x00, 0x66, 0x07, 0x00, 0x00, 0x5f, 0x07, // ..........f..._.
	0x00, 0x00, 0x65, 0x07, 0x00, 0x00, 0x51, 0x00, 0x05, 0x00, 0x07, 0x00, 0x00, 0x00, 0x68, 0x07, // ..e...Q.......h.
	0x00, 0x00, 0x66, 0x07, 0x00, 0x00, 0x00, 0x00, 0x00, 0x00, 0x51, 0x00, 0x05, 0x00, 0x07, 0x00, // ..f.......Q.....
	0x00, 0x00, 0x6b, 0x07, 0x00, 0x00, 0x66, 0x07, 0x00, 0x00, 0x01, 0x00, 0x00, 0x00, 0x50, 0x00, // ..k...f.......P.
	0x07, 0x00, 0x0d, 0x00, 0x00, 0x00, 0x2c, 0x09, 0x00, 0x00, 0x68, 0x07, 0x00, 0x00, 0x6b, 0x07, // ......,...h...k.
	0x00, 0x00, 0x2f, 0x09, 0x00, 0x00, 0xc2, 0x04, 0x00, 0x00, 0xf9, 0x00, 0x02, 0x00, 0xb5, 0x07, // ../.............
	0x00, 0x00, 0xf8, 0x00, 0x02, 0x00, 0xb5, 0x07, 0x00, 0x00, 0xf5, 0x00, 0x07, 0x00, 0x0d, 0x00, // ................
	0x00, 0x00, 0x24, 0x09, 0x00, 0x00, 0x25, 0x09, 0x00, 0x00, 0xb4, 0x07, 0x00, 0x00, 0x2c, 0x09, // ..$...%.......,.
	0x00, 0x00, 0x59, 0x07, 0x00, 0x00, 0x51, 0x00, 0x05, 0x00, 0x07, 0x00, 0x00, 0x00, 0xef, 0x04, // ..Y...Q.........
	0x00, 0x00, 0x24, 0x09, 0x00, 0x00, 0x03, 0x00, 0x00, 0x00, 0x0c, 0x00, 0x07, 0x00, 0x07, 0x00, // ..$.............
	0x00, 0x00, 0xf2, 0x04, 0x00, 0x00, 0x01, 0x00, 0x00, 0x00, 0x28, 0x00, 0x00, 0x00, 0x1a, 0x01, // ..........(.....
	0x00, 0x00, 0x9a, 0x05, 0x00, 0x00, 0xbc, 0x00, 0x05, 0x00, 0x41, 0x00, 0x00, 0x00, 0xf3, 0x04, // ..........A.....
	0x00, 0x00, 0xef, 0x04, 0x00, 0x00, 0xf2, 0x04, 0x00, 0x00, 0xf7, 0x00, 0x03, 0x00, 0xf5, 0x04, // ................
	0x00, 0x00, 0x00, 0x00, 0x00, 0x00, 0xfa, 0x00, 0x04, 0x00, 0xf3, 0x04, 0x00, 0x00, 0xf4, 0x04, // ................
	0x00, 0x00, 0xf5, 0x04, 0x00, 0x00, 0xf8, 0x00, 0x02, 0x00, 0xf4, 0x04, 0x00, 0x00, 0xfc, 0x00, // ................
	0x01, 0x00, 0xf8, 0x00, 0x02, 0x00, 0xf5, 0x04, 0x00, 0x00, 0x4f, 0x00, 0x07, 0x00, 0x0b, 0x00, // ..........O.....
	0x00, 0x00, 0xf8, 0x04, 0x00, 0x00, 0xe0, 0x03, 0x00, 0x00, 0xe0, 0x03, 0x00, 0x00, 0x00, 0x00, // ................
	0x00, 0x00, 0x01, 0x00, 0x00, 0x00, 0x41, 0x00, 0x05, 0x00, 0xb2, 0x08, 0x00, 0x00, 0x9f, 0x08, // ......A.........
	0x00, 0x00, 0xdf, 0x03, 0x00, 0x00, 0xf8, 0x00, 0x00, 0x00, 0x3d, 0x00, 0x04, 0x00, 0x07, 0x00, // ..........=.....
	0x00, 0x00, 0xfa, 0x04, 0x00, 0x00, 0x9f, 0x08, 0x00, 0x00, 0x50, 0x00, 0x05, 0x00, 0x0b, 0x00, // ..........P.....
	0x00, 0x00, 0xb9, 0x07, 0x00, 0x00, 0xfa, 0x04, 0x00, 0x00, 0xfa, 0x04, 0x00, 0x00, 0x88, 0x00, // ................
	0x05, 0x00, 0x0b, 0x00, 0x00, 0x00, 0xfc, 0x04, 0x00, 0x00, 0xf8, 0x04, 0x00, 0x00, 0xb9, 0x07, // ................
	0x00, 0x00, 0x4f, 0x00, 0x07, 0x00, 0x0b, 0x00, 0x00, 0x00, 0xff, 0x04, 0x00, 0x00, 0xe6, 0x03, // ..O.............
	0x00, 0x00, 0xe6, 0x03, 0x00, 0x00, 0x00, 0x00, 0x00, 0x00, 0x01, 0x00, 0x00, 0x00, 0x41, 0x00, // ..............A.
	0x05, 0x00, 0xb2, 0x08, 0x00, 0x00, 0xa0, 0x08, 0x00, 0x00, 0xe5, 0x03, 0x00, 0x00, 0xf8, 0x00, // ................
	0x00, 0x00, 0x3d, 0x00, 0x04, 0x00, 0x07, 0x00, 0x00, 0x00, 0x01, 0x05, 0x00, 0x00, 0xa0, 0x08, // ..=.............
	0x00, 0x00, 0x50, 0x00, 0x05, 0x00, 0x0b, 0x00, 0x00, 0x00, 0xbd, 0x07, 0x00, 0x00, 0x01, 0x05, // ..P.............
	0x00, 0x00, 0x01, 0x05, 0x00, 0x00, 0x88, 0x00, 0x05, 0x00, 0x0b, 0x00, 0x00, 0x00, 0x03, 0x05, // ................
	0x00, 0x00, 0xff, 0x04, 0x00, 0x00, 0xbd, 0x07, 0x00, 0x00, 0x4f, 0x00, 0x07, 0x00, 0x0b, 0x00, // ..........O.....
	0x00, 0x00, 0x06, 0x05, 0x00, 0x00, 0xe3, 0x03, 0x00, 0x00, 0xe3, 0x03, 0x00, 0x00, 0x00, 0x00, // ................
	0x00, 0x00, 0x01, 0x00, 0x00, 0x00, 0x41, 0x00, 0x05, 0x00, 0xb2, 0x08, 0x00, 0x00, 0xa1, 0x08, // ......A.........
	0x00, 0x00, 0xe2, 0x03, 0x00, 0x00, 0xf8, 0x00, 0x00, 0x00, 0x3d, 0x00, 0x04, 0x00, 0x07, 0x00, // ..........=.....
	0x00, 0x00, 0x08, 0x05, 0x00, 0x00, 0xa1, 0x08, 0x00, 0x00, 0x50, 0x00, 0x05, 0x00, 0x0b, 0x00, // ..........P.....
	0x00, 0x00, 0xc1, 0x07, 0x00, 0x00, 0x08, 0x05, 0x00, 0x00, 0x08, 0x05, 0x00, 0x00, 0x88, 0x00, // ................
	0x05, 0x00, 0x0b, 0x00, 0x00, 0x00, 0x0a, 0x05, 0x00, 0x00, 0x06, 0x05, 0x00, 0x00, 0xc1, 0x07, // ................
	0x00, 0x00, 0x51, 0x00, 0x05, 0x00, 0x07, 0x00, 0x00, 0x00, 0x0c, 0x05, 0x00, 0x00, 0x24, 0x09, // ..Q...........$.
	0x00, 0x00, 0x00, 0x00, 0x00, 0x00, 0x85, 0x00, 0x05, 0x00, 0x07, 0x00, 0x00, 0x00, 0x0d, 0x05, // ................
	0x00, 0x00, 0x0c, 0x05, 0x00, 0x00, 0x50, 0x01, 0x00, 0x00, 0x83, 0x00, 0x05, 0x00, 0x07, 0x00, // ......P.........
	0x00, 0x00, 0x0e, 0x05, 0x00, 0x00, 0x0d, 0x05, 0x00, 0x00, 0x52, 0x01, 0x00, 0x00, 0x41, 0x00, // ..........R...A.
	0x05, 0x00, 0xb2, 0x08, 0x00, 0x00, 0xa2, 0x08, 0x00, 0x00, 0xdc, 0x03, 0x00, 0x00, 0x5c, 0x01, // ................
	0x00, 0x00, 0x3d, 0x00, 0x04, 0x00, 0x07, 0x00, 0x00, 0x00, 0x10, 0x05, 0x00, 0x00, 0xa2, 0x08, // ..=.............
	0x00, 0x00, 0x85, 0x00, 0x05, 0x00, 0x07, 0x00, 0x00, 0x00, 0x11, 0x05, 0x00, 0x00, 0x0e, 0x05, // ................
	0x00, 0x00, 0x10, 0x05, 0x00, 0x00, 0x41, 0x00, 0x06, 0x00, 0x87, 0x02, 0x00, 0x00, 0x12, 0x05, // ......A.........
	0x00, 0x00, 0x78, 0x02, 0x00, 0x00, 0xb3, 0x00, 0x00, 0x00, 0x5c, 0x01, 0x00, 0x00, 0x3d, 0x00, // ..x...........=.
	0x04, 0x00, 0x07, 0x00, 0x00, 0x00, 0x13, 0x05, 0x00, 0x00, 0x12, 0x05, 0x00, 0x00, 0x85, 0x00, // ................
	0x05, 0x00, 0x07, 0x00, 0x00, 0x00, 0x14, 0x05, 0x00, 0x00, 0x11, 0x05, 0x00, 0x00, 0x13, 0x05, // ................
	0x00, 0x00, 0x51, 0x00, 0x05, 0x00, 0x07, 0x00, 0x00, 0x00, 0x16, 0x05, 0x00, 0x00, 0x24, 0x09, // ..Q...........$.
	0x00, 0x00, 0x01, 0x00, 0x00, 0x00, 0x85, 0x00, 0x05, 0x00, 0x07, 0x00, 0x00, 0x00, 0x17, 0x05, // ................
	0x00, 0x00, 0x16, 0x05, 0x00, 0x00, 0x50, 0x01, 0x00, 0x00, 0x83, 0x00, 0x05, 0x00, 0x07, 0x00, // ......P.........
	0x00, 0x00, 0x18, 0x05, 0x00, 0x00, 0x17, 0x05, 0x00, 0x00, 0x52, 0x01, 0x00, 0x00, 0x41, 0x00, // ..........R...A.
	0x05, 0x00, 0xb2, 0x08, 0x00, 0x00, 0xa3, 0x08, 0x00, 0x00, 0xdc, 0x03, 0x00, 0x00, 0x57, 0x01, // ..............W.
	0x00, 0x00, 0x3d, 0x00, 0x04, 0x00, 0x07, 0x00, 0x00, 0x00, 0x1a, 0x05, 0x00, 0x00, 0xa3, 0x08, // ..=.............
	0x00, 0x00, 0x85, 0x00, 0x05, 0x00, 0x07, 0x00, 0x00, 0x00, 0x1b, 0x05, 0x00, 0x00, 0x18, 0x05, // ................
	0x00, 0x00, 0x1a, 0x05, 0x00, 0x00, 0x85, 0x00, 0x05, 0x00, 0x07, 0x00, 0x00, 0x00, 0x1e, 0x05, // ................
	0x00, 0x00, 0x1b, 0x05, 0x00, 0x00, 0x13, 0x05, 0x00, 0x00, 0x83, 0x00, 0x05, 0x00, 0x0b, 0x00, // ................
	0x00, 0x00, 0x22, 0x05, 0x00, 0x00, 0x03, 0x05, 0x00, 0x00, 0xfc, 0x04, 0x00, 0x00, 0x8e, 0x00, // ..".............
	0x05, 0x00, 0x0b, 0x00, 0x00, 0x00, 0x24, 0x05, 0x00, 0x00, 0x22, 0x05, 0x00, 0x00, 0x14, 0x05, // ......$...".....
	0x00, 0x00, 0x81, 0x00, 0x05, 0x00, 0x0b, 0x00, 0x00, 0x00, 0x25, 0x05, 0x00, 0x00, 0xfc, 0x04, // ..........%.....
	0x00, 0x00, 0x24, 0x05, 0x00, 0x00, 0x83, 0x00, 0x05, 0x00, 0x0b, 0x00, 0x00, 0x00, 0x28, 0x05, // ..$...........(.
	0x00, 0x00, 0x0a, 0x05, 0x00, 0x00, 0xfc, 0x04, 0x00, 0x00, 0x8e, 0x00, 0x05, 0x00, 0x0b, 0x00, // ................
	0x00, 0x00, 0x2a, 0x05, 0x00, 0x00, 0x28, 0x05, 0x00, 0x00, 0x1e, 0x05, 0x00, 0x00, 0x81, 0x00, // ..*...(.........
	0x05, 0x00, 0x0b, 0x00, 0x00, 0x00, 0x2b, 0x05, 0x00, 0x00, 0x25, 0x05, 0x00, 0x00, 0x2a, 0x05, // ......+...%...*.
	0x00, 0x00, 0x51, 0x00, 0x05, 0x00, 0x07, 0x00, 0x00, 0x00, 0x2d, 0x05, 0x00, 0x00, 0x2b, 0x05, // ..Q.......-...+.
	0x00, 0x00, 0x00, 0x00, 0x00, 0x00, 0x81, 0x00, 0x05, 0x00, 0x07, 0x00, 0x00, 0x00, 0x2e, 0x05, // ................
	0x00, 0x00, 0x2d, 0x05, 0x00, 0x00, 0x52, 0x01, 0x00, 0x00, 0x85, 0x00, 0x05, 0x00, 0x07, 0x00, // ..-...R.........
	0x00, 0x00, 0x2f, 0x05, 0x00, 0x00, 0x2e, 0x05, 0x00, 0x00, 0x50, 0x03, 0x00, 0x00, 0x51, 0x00, // ../.......P...Q.
	0x05, 0x00, 0x07, 0x00, 0x00, 0x00, 0x32, 0x05, 0x00, 0x00, 0x2b, 0x05, 0x00, 0x00, 0x01, 0x00, // ......2...+.....
	0x00, 0x00, 0x81, 0x00, 0x05, 0x00, 0x07, 0x00, 0x00, 0x00, 0x33, 0x05, 0x00, 0x00, 0x32, 0x05, // ..........3...2.
	0x00, 0x00, 0x52, 0x01, 0x00, 0x00, 0x85, 0x00, 0x05, 0x00, 0x07, 0x00, 0x00, 0x00, 0x34, 0x05, // ..R...........4.
	0x00, 0x00, 0x33, 0x05, 0x00, 0x00, 0x50, 0x03, 0x00, 0x00, 0x83, 0x00, 0x05, 0x00, 0x07, 0x00, // ..3...P.........
	0x00, 0x00, 0x35, 0x05, 0x00, 0x00, 0x52, 0x01, 0x00, 0x00, 0x34, 0x05, 0x00, 0x00, 0x50, 0x00, // ..5...R...4...P.
	0x05, 0x00, 0x0b, 0x00, 0x00, 0x00, 0x2d, 0x09, 0x00, 0x00, 0x2f, 0x05, 0x00, 0x00, 0x35, 0x05, // ......-.../...5.
	0x00, 0x00, 0x41, 0x00, 0x06, 0x00, 0x87, 0x02, 0x00, 0x00, 0x37, 0x05, 0x00, 0x00, 0x78, 0x02, // ..A.......7...x.
	0x00, 0x00, 0xaf, 0x00, 0x00, 0x00, 0x5c, 0x01, 0x00, 0x00, 0x3d, 0x00, 0x04, 0x00, 0x07, 0x00, // ..........=.....
	0x00, 0x00, 0x38, 0x05, 0x00, 0x00, 0x37, 0x05, 0x00, 0x00, 0x41, 0x00, 0x06, 0x00, 0x87, 0x02, // ..8...7...A.....
	0x00, 0x00, 0x39, 0x05, 0x00, 0x00, 0x78, 0x02, 0x00, 0x00, 0xaf, 0x00, 0x00, 0x00, 0x57, 0x01, // ..9...x.......W.
	0x00, 0x00, 0x3d, 0x00, 0x04, 0x00, 0x07, 0x00, 0x00, 0x00, 0x3a, 0x05, 0x00, 0x00, 0x39, 0x05, // ..=.......:...9.
	0x00, 0x00, 0x85, 0x00, 0x05, 0x00, 0x07, 0x00, 0x00, 0x00, 0x3d, 0x05, 0x00, 0x00, 0x3a, 0x05, // ..........=...:.
	0x00, 0x00, 0x35, 0x05, 0x00, 0x00, 0x81, 0x00, 0x05, 0x00, 0x07, 0x00, 0x00, 0x00, 0x3e, 0x05, // ..5...........>.
	0x00, 0x00, 0x38, 0x05, 0x00, 0x00, 0x3d, 0x05, 0x00, 0x00, 0x52, 0x00, 0x06, 0x00, 0x0b, 0x00, // ..8...=...R.....
	0x00, 0x00, 0x06, 0x09, 0x00, 0x00, 0x3e, 0x05, 0x00, 0x00, 0x2d, 0x09, 0x00, 0x00, 0x01, 0x00, // ......>...-.....
	0x00, 0x00, 0x56, 0x00, 0x05, 0x00, 0xb7, 0x00, 0x00, 0x00, 0xc8, 0x07, 0x00, 0x00, 0xa6, 0x00, // ..V.............
	0x00, 0x00, 0xa4, 0x00, 0x00, 0x00, 0x57, 0x00, 0x05, 0x00, 0x0d, 0x00, 0x00, 0x00, 0xca, 0x07, // ......W.........
	0x00, 0x00, 0xc8, 0x07, 0x00, 0x00, 0x06, 0x09, 0x00, 0x00, 0x51, 0x00, 0x05, 0x00, 0x07, 0x00, // ..........Q.....
	0x00, 0x00, 0x45, 0x05, 0x00, 0x00, 0xca, 0x07, 0x00, 0x00, 0x00, 0x00, 0x00, 0x00, 0x52, 0x00, // ..E...........R.
	0x06, 0x00, 0x0d, 0x00, 0x00, 0x00, 0x09, 0x09, 0x00, 0x00, 0x45, 0x05, 0x00, 0x00, 0x24, 0x09, // ..........E...$.
	0x00, 0x00, 0x00, 0x00, 0x00, 0x00, 0x51, 0x00, 0x05, 0x00, 0x07, 0x00, 0x00, 0x00, 0x48, 0x05, // ......Q.......H.
	0x00, 0x00, 0xca, 0x07, 0x00, 0x00, 0x01, 0x00, 0x00, 0x00, 0x52, 0x00, 0x06, 0x00, 0x0d, 0x00, // ..........R.....
	0x00, 0x00, 0x0c, 0x09, 0x00, 0x00, 0x48, 0x05, 0x00, 0x00, 0x09, 0x09, 0x00, 0x00, 0x01, 0x00, // ......H.........
	0x00, 0x00, 0x51, 0x00, 0x05, 0x00, 0x07, 0x00, 0x00, 0x00, 0x4b, 0x05, 0x00, 0x00, 0xca, 0x07, // ..Q.......K.....
	0x00, 0x00, 0x02, 0x00, 0x00, 0x00, 0x52, 0x00, 0x06, 0x00, 0x0d, 0x00, 0x00, 0x00, 0x0f, 0x09, // ......R.........
	0x00, 0x00, 0x4b, 0x05, 0x00, 0x00, 0x0c, 0x09, 0x00, 0x00, 0x02, 0x00, 0x00, 0x00, 0x50, 0x00, // ..K...........P.
	0x07, 0x00, 0x0d, 0x00, 0x00, 0x00, 0xce, 0x07, 0x00, 0x00, 0xfa, 0x04, 0x00, 0x00, 0xfa, 0x04, // ................
	0x00, 0x00, 0xfa, 0x04, 0x00, 0x00, 0xfa, 0x04, 0x00, 0x00, 0x88, 0x00, 0x05, 0x00, 0x0d, 0x00, // ................
	0x00, 0x00, 0x52, 0x05, 0x00, 0x00, 0xe0, 0x03, 0x00, 0x00, 0xce, 0x07, 0x00, 0x00, 0x4f, 0x00, // ..R...........O.
	0x07, 0x00, 0x0b, 0x00, 0x00, 0x00, 0x54, 0x05, 0x00, 0x00, 0x52, 0x05, 0x00, 0x00, 0x52, 0x05, // ......T...R...R.
	0x00, 0x00, 0x00, 0x00, 0x00, 0x00, 0x01, 0x00, 0x00, 0x00, 0x81, 0x00, 0x05, 0x00, 0x0b, 0x00, // ................
	0x00, 0x00, 0x56, 0x05, 0x00, 0x00, 0x54, 0x05, 0x00, 0x00, 0xaf, 0x08, 0x00, 0x00, 0x85, 0x00, // ..V...T.........
	0x05, 0x00, 0x0b, 0x00, 0x00, 0x00, 0x58, 0x05, 0x00, 0x00, 0x56, 0x05, 0x00, 0x00, 0xb1, 0x08, // ......X...V.....
	0x00, 0x00, 0x51, 0x00, 0x05, 0x00, 0x07, 0x00, 0x00, 0x00, 0x5a, 0x05, 0x00, 0x00, 0x58, 0x05, // ..Q.......Z...X.
	0x00, 0x00, 0x01, 0x00, 0x00, 0x00, 0x83, 0x00, 0x05, 0x00, 0x07, 0x00, 0x00, 0x00, 0x5b, 0x05, // ..............[.
	0x00, 0x00, 0x52, 0x01, 0x00, 0x00, 0x5a, 0x05, 0x00, 0x00, 0x52, 0x00, 0x06, 0x00, 0x0b, 0x00, // ..R...Z...R.....
	0x00, 0x00, 0x12, 0x09, 0x00, 0x00, 0x5b, 0x05, 0x00, 0x00, 0x58, 0x05, 0x00, 0x00, 0x01, 0x00, // ......[...X.....
	0x00, 0x00, 0x41, 0x00, 0x06, 0x00, 0x87, 0x02, 0x00, 0x00, 0x5d, 0x05, 0x00, 0x00, 0x78, 0x02, // ..A.......]...x.
	0x00, 0x00, 0xee, 0x00, 0x00, 0x00, 0xf8, 0x00, 0x00, 0x00, 0x3d, 0x00, 0x04, 0x00, 0x07, 0x00, // ..........=.....
	0x00, 0x00, 0x5e, 0x05, 0x00, 0x00, 0x5d, 0x05, 0x00, 0x00, 0xb7, 0x00, 0x05, 0x00, 0x41, 0x00, // ..^...].......A.
	0x00, 0x00, 0x5f, 0x05, 0x00, 0x00, 0x5e, 0x05, 0x00, 0x00, 0x1a, 0x01, 0x00, 0x00, 0xf7, 0x00, // .._...^.........
	0x03, 0x00, 0x78, 0x05, 0x00, 0x00, 0x00, 0x00, 0x00, 0x00, 0xfa, 0x00, 0x04, 0x00, 0x5f, 0x05, // ..x..........._.
	0x00, 0x00, 0x60, 0x05, 0x00, 0x00, 0x78, 0x05, 0x00, 0x00, 0xf8, 0x00, 0x02, 0x00, 0x60, 0x05, // ..`...x.......`.
	0x00, 0x00, 0x56, 0x00, 0x05, 0x00, 0xb7, 0x00, 0x00, 0x00, 0xdd, 0x07, 0x00, 0x00, 0xac, 0x00, // ..V.............
	0x00, 0x00, 0xaa, 0x00, 0x00, 0x00, 0x57, 0x00, 0x05, 0x00, 0x0d, 0x00, 0x00, 0x00, 0xdf, 0x07, // ......W.........
	0x00, 0x00, 0xdd, 0x07, 0x00, 0x00, 0x12, 0x09, 0x00, 0x00, 0x51, 0x00, 0x05, 0x00, 0x07, 0x00, // ..........Q.....
	0x00, 0x00, 0x64, 0x05, 0x00, 0x00, 0xdf, 0x07, 0x00, 0x00, 0x00, 0x00, 0x00, 0x00, 0x51, 0x00, // ..d...........Q.
	0x05, 0x00, 0x07, 0x00, 0x00, 0x00, 0x67, 0x05, 0x00, 0x00, 0x52, 0x05, 0x00, 0x00, 0x02, 0x00, // ......g...R.....
	0x00, 0x00, 0x41, 0x00, 0x05, 0x00, 0x79, 0x02, 0x00, 0x00, 0x68, 0x05, 0x00, 0x00, 0x78, 0x02, // ..A...y...h...x.
	0x00, 0x00, 0xee, 0x00, 0x00, 0x00, 0x3d, 0x00, 0x04, 0x00, 0x0d, 0x00, 0x00, 0x00, 0x69, 0x05, // ......=.......i.
	0x00, 0x00, 0x68, 0x05, 0x00, 0x00, 0x41, 0x00, 0x05, 0x00, 0x79, 0x02, 0x00, 0x00, 0x6a, 0x05, // ..h...A...y...j.
	0x00, 0x00, 0x78, 0x02, 0x00, 0x00, 0xd4, 0x00, 0x00, 0x00, 0x3d, 0x00, 0x04, 0x00, 0x0d, 0x00, // ..x.......=.....
	0x00, 0x00, 0x6b, 0x05, 0x00, 0x00, 0x6a, 0x05, 0x00, 0x00, 0x41, 0x00, 0x05, 0x00, 0x79, 0x02, // ..k...j...A...y.
	0x00, 0x00, 0x6c, 0x05, 0x00, 0x00, 0x78, 0x02, 0x00, 0x00, 0xe4, 0x00, 0x00, 0x00, 0x3d, 0x00, // ..l...x.......=.
	0x04, 0x00, 0x0d, 0x00, 0x00, 0x00, 0x6d, 0x05, 0x00, 0x00, 0x6c, 0x05, 0x00, 0x00, 0x51, 0x00, // ......m...l...Q.
	0x05, 0x00, 0x07, 0x00, 0x00, 0x00, 0xef, 0x07, 0x00, 0x00, 0x69, 0x05, 0x00, 0x00, 0x00, 0x00, // ..........i.....
	0x00, 0x00, 0x51, 0x00, 0x05, 0x00, 0x07, 0x00, 0x00, 0x00, 0xf1, 0x07, 0x00, 0x00, 0x69, 0x05, // ..Q...........i.
	0x00, 0x00, 0x01, 0x00, 0x00, 0x00, 0x51, 0x00, 0x05, 0x00, 0x07, 0x00, 0x00, 0x00, 0xf3, 0x07, // ......Q.........
	0x00, 0x00, 0x69, 0x05, 0x00, 0x00, 0x02, 0x00, 0x00, 0x00, 0x51, 0x00, 0x05, 0x00, 0x07, 0x00, // ..i.......Q.....
	0x00, 0x00, 0xf9, 0x07, 0x00, 0x00, 0x6b, 0x05, 0x00, 0x00, 0x00, 0x00, 0x00, 0x00, 0x85, 0x00, // ......k.........
	0x05, 0x00, 0x07, 0x00, 0x00, 0x00, 0xfa, 0x07, 0x00, 0x00, 0x64, 0x05, 0x00, 0x00, 0xf9, 0x07, // ..........d.....
	0x00, 0x00, 0x51, 0x00, 0x05, 0x00, 0x07, 0x00, 0x00, 0x00, 0xfc, 0x07, 0x00, 0x00, 0x6b, 0x05, // ..Q...........k.
	0x00, 0x00, 0x01, 0x00, 0x00, 0x00, 0x81, 0x00, 0x05, 0x00, 0x07, 0x00, 0x00, 0x00, 0xfd, 0x07, // ................
	0x00, 0x00, 0xfa, 0x07, 0x00, 0x00, 0xfc, 0x07, 0x00, 0x00, 0x50, 0x00, 0x05, 0x00, 0x0b, 0x00, // ..........P.....
	0x00, 0x00, 0xff, 0x07, 0x00, 0x00, 0xfd, 0x07, 0x00, 0x00, 0x67, 0x05, 0x00, 0x00, 0x51, 0x00, // ..........g...Q.
	0x05, 0x00, 0x07, 0x00, 0x00, 0x00, 0x02, 0x08, 0x00, 0x00, 0x6d, 0x05, 0x00, 0x00, 0x03, 0x00, // ..........m.....
	0x00, 0x00, 0x8e, 0x00, 0x05, 0x00, 0x0b, 0x00, 0x00, 0x00, 0x03, 0x08, 0x00, 0x00, 0xff, 0x07, // ................
	0x00, 0x00, 0x02, 0x08, 0x00, 0x00, 0x51, 0x00, 0x05, 0x00, 0x07, 0x00, 0x00, 0x00, 0x05, 0x08, // ......Q.........
	0x00, 0x00, 0x6d, 0x05, 0x00, 0x00, 0x01, 0x00, 0x00, 0x00, 0x50, 0x00, 0x05, 0x00, 0x0b, 0x00, // ..m.......P.....
	0x00, 0x00, 0x2c, 0x08, 0x00, 0x00, 0x05, 0x08, 0x00, 0x00, 0x05, 0x08, 0x00, 0x00, 0x83, 0x00, // ..,.............
	0x05, 0x00, 0x0b, 0x00, 0x00, 0x00, 0x07, 0x08, 0x00, 0x00, 0x03, 0x08, 0x00, 0x00, 0x2c, 0x08, // ..............,.
	0x00, 0x00, 0x51, 0x00, 0x05, 0x00, 0x07, 0x00, 0x00, 0x00, 0x09, 0x08, 0x00, 0x00, 0x6d, 0x05, // ..Q...........m.
	0x00, 0x00, 0x00, 0x00, 0x00, 0x00, 0x50, 0x00, 0x05, 0x00, 0x0b, 0x00, 0x00, 0x00, 0x30, 0x08, // ......P.......0.
	0x00, 0x00, 0x09, 0x08, 0x00, 0x00, 0x09, 0x08, 0x00, 0x00, 0x51, 0x00, 0x05, 0x00, 0x07, 0x00, // ..........Q.....
	0x00, 0x00, 0x0d, 0x08, 0x00, 0x00, 0x6d, 0x05, 0x00, 0x00, 0x02, 0x00, 0x00, 0x00, 0x8e, 0x00, // ......m.........
	0x05, 0x00, 0x0b, 0x00, 0x00, 0x00, 0x0e, 0x08, 0x00, 0x00, 0xff, 0x07, 0x00, 0x00, 0x0d, 0x08, // ................
	0x00, 0x00, 0x83, 0x00, 0x05, 0x00, 0x0b, 0x00, 0x00, 0x00, 0x0f, 0x08, 0x00, 0x00, 0x30, 0x08, // ..............0.
	0x00, 0x00, 0x0e, 0x08, 0x00, 0x00, 0x88, 0x00, 0x05, 0x00, 0x0b, 0x00, 0x00, 0x00, 0x10, 0x08, // ................
	0x00, 0x00, 0x07, 0x08, 0x00, 0x00, 0x0f, 0x08, 0x00, 0x00, 0x51, 0x00, 0x05, 0x00, 0x07, 0x00, // ..........Q.....
	0x00, 0x00, 0x12, 0x08, 0x00, 0x00, 0x10, 0x08, 0x00, 0x00, 0x00, 0x00, 0x00, 0x00, 0x0c, 0x00, // ................
	0x06, 0x00, 0x07, 0x00, 0x00, 0x00, 0x13, 0x08, 0x00, 0x00, 0x01, 0x00, 0x00, 0x00, 0x06, 0x00, // ................
	0x00, 0x00, 0x12, 0x08, 0x00, 0x00, 0x8e, 0x00, 0x05, 0x00, 0x0b, 0x00, 0x00, 0x00, 0x16, 0x08, // ................
	0x00, 0x00, 0x10, 0x08, 0x00, 0x00, 0x13, 0x08, 0x00, 0x00, 0x51, 0x00, 0x05, 0x00, 0x07, 0x00, // ..........Q.....
	0x00, 0x00, 0x18, 0x08, 0x00, 0x00, 0x16, 0x08, 0x00, 0x00, 0x00, 0x00, 0x00, 0x00, 0x51, 0x00, // ..............Q.
	0x05, 0x00, 0x07, 0x00, 0x00, 0x00, 0x1a, 0x08, 0x00, 0x00, 0x16, 0x08, 0x00, 0x00, 0x01, 0x00, // ................
	0x00, 0x00, 0x83, 0x00, 0x05, 0x00, 0x07, 0x00, 0x00, 0x00, 0x1b, 0x08, 0x00, 0x00, 0x18, 0x08, // ................
	0x00, 0x00, 0x1a, 0x08, 0x00, 0x00, 0x88, 0x00, 0x05, 0x00, 0x07, 0x00, 0x00, 0x00, 0x1d, 0x08, // ................
	0x00, 0x00, 0x1b, 0x08, 0x00, 0x00, 0xef, 0x07, 0x00, 0x00, 0x83, 0x00, 0x05, 0x00, 0x07, 0x00, // ................
	0x00, 0x00, 0x21, 0x08, 0x00, 0x00, 0x1a, 0x08, 0x00, 0x00, 0xf3, 0x07, 0x00, 0x00, 0x88, 0x00, // ..!.............
	0x05, 0x00, 0x07, 0x00, 0x00, 0x00, 0x23, 0x08, 0x00, 0x00, 0x21, 0x08, 0x00, 0x00, 0xf1, 0x07, // ......#...!.....
	0x00, 0x00, 0x0c, 0x00, 0x07, 0x00, 0x07, 0x00, 0x00, 0x00, 0x26, 0x08, 0x00, 0x00, 0x01, 0x00, // ..........&.....
	0x00, 0x00, 0x25, 0x00, 0x00, 0x00, 0x1d, 0x08, 0x00, 0x00, 0x23, 0x08, 0x00, 0x00, 0x0c, 0x00, // ..%.......#.....
	0x07, 0x00, 0x07, 0x00, 0x00, 0x00, 0x27, 0x08, 0x00, 0x00, 0x01, 0x00, 0x00, 0x00, 0x28, 0x00, // ......'.......(.
	0x00, 0x00, 0x26, 0x08, 0x00, 0x00, 0x1a, 0x01, 0x00, 0x00, 0x0c, 0x00, 0x07, 0x00, 0x07, 0x00, // ..&.............
	0x00, 0x00, 0x28, 0x08, 0x00, 0x00, 0x01, 0x00, 0x00, 0x00, 0x25, 0x00, 0x00, 0x00, 0x27, 0x08, // ..(.......%...'.
	0x00, 0x00, 0x52, 0x01, 0x00, 0x00, 0x85, 0x00, 0x05, 0x00, 0x07, 0x00, 0x00, 0x00, 0x76, 0x05, // ..R...........v.
	0x00, 0x00, 0xef, 0x04, 0x00, 0x00, 0x28, 0x08, 0x00, 0x00, 0x50, 0x00, 0x07, 0x00, 0x0d, 0x00, // ......(...P.....
	0x00, 0x00, 0x2e, 0x09, 0x00, 0x00, 0x45, 0x05, 0x00, 0x00, 0x48, 0x05, 0x00, 0x00, 0x4b, 0x05, // ......E...H...K.
	0x00, 0x00, 0x76, 0x05, 0x00, 0x00, 0xf9, 0x00, 0x02, 0x00, 0x78, 0x05, 0x00, 0x00, 0xf8, 0x00, // ..v.......x.....
	0x02, 0x00, 0x78, 0x05, 0x00, 0x00, 0xf5, 0x00, 0x07, 0x00, 0x0d, 0x00, 0x00, 0x00, 0x28, 0x09, // ..x...........(.
	0x00, 0x00, 0x0f, 0x09, 0x00, 0x00, 0xf5, 0x04, 0x00, 0x00, 0x2e, 0x09, 0x00, 0x00, 0x60, 0x05, // ..............`.
	0x00, 0x00, 0x3e, 0x00, 0x03, 0x00, 0x01, 0x04, 0x00, 0x00, 0x28, 0x09, 0x00, 0x00, 0xfd, 0x00, // ..>.......(.....
	0x01, 0x00, 0x38, 0x00, 0x01, 0x00, 0x00, 0x00, 0x80, 0x00,                                     // ..8.......
};
static const uint8_t ad_model_distortion_ps_mtl[7477] =
{
	0x46, 0x53, 0x48, 0x0c, 0x0d, 0x11, 0x5f, 0xc2, 0x00, 0x00, 0x00, 0x00, 0x00, 0x00, 0x00, 0x00, // FSH..._.........
	0x00, 0x00, 0x00, 0x00, 0x20, 0x00, 0x18, 0x73, 0x5f, 0x75, 0x76, 0x44, 0x69, 0x73, 0x74, 0x6f, // .... ..s_uvDisto
	0x72, 0x74, 0x69, 0x6f, 0x6e, 0x54, 0x65, 0x78, 0x53, 0x61, 0x6d, 0x70, 0x6c, 0x65, 0x72, 0x11, // rtionTexSampler.
	0x01, 0xff, 0xff, 0x01, 0x00, 0x00, 0x00, 0x00, 0x00, 0x18, 0x73, 0x5f, 0x75, 0x76, 0x44, 0x69, // ..........s_uvDi
	0x73, 0x74, 0x6f, 0x72, 0x74, 0x69, 0x6f, 0x6e, 0x54, 0x65, 0x78, 0x54, 0x65, 0x78, 0x74, 0x75, // stortionTexTextu
	0x72, 0x65, 0x11, 0x01, 0xff, 0xff, 0x01, 0x00, 0x00, 0x00, 0x00, 0x00, 0x11, 0x73, 0x5f, 0x63, // re...........s_c
	0x6f, 0x6c, 0x6f, 0x72, 0x54, 0x65, 0x78, 0x53, 0x61, 0x6d, 0x70, 0x6c, 0x65, 0x72, 0x11, 0x01, // olorTexSampler..
	0xff, 0xff, 0x01, 0x00, 0x00, 0x00, 0x00, 0x00, 0x11, 0x73, 0x5f, 0x63, 0x6f, 0x6c, 0x6f, 0x72, // .........s_color
	0x54, 0x65, 0x78, 0x54, 0x65, 0x78, 0x74, 0x75, 0x72, 0x65, 0x11, 0x01, 0xff, 0xff, 0x01, 0x00, // TexTexture......
	0x00, 0x00, 0x00, 0x00, 0x11, 0x73, 0x5f, 0x61, 0x6c, 0x70, 0x68, 0x61, 0x54, 0x65, 0x78, 0x53, // .....s_alphaTexS
	0x61, 0x6d, 0x70, 0x6c, 0x65, 0x72, 0x11, 0x01, 0xff, 0xff, 0x01, 0x00, 0x00, 0x00, 0x00, 0x00, // ampler..........
	0x11, 0x73, 0x5f, 0x61, 0x6c, 0x70, 0x68, 0x61, 0x54, 0x65, 0x78, 0x54, 0x65, 0x78, 0x74, 0x75, // .s_alphaTexTextu
	0x72, 0x65, 0x11, 0x01, 0xff, 0xff, 0x01, 0x00, 0x00, 0x00, 0x00, 0x00, 0x1d, 0x73, 0x5f, 0x62, // re...........s_b
	0x6c, 0x65, 0x6e, 0x64, 0x55, 0x56, 0x44, 0x69, 0x73, 0x74, 0x6f, 0x72, 0x74, 0x69, 0x6f, 0x6e, // lendUVDistortion
	0x54, 0x65, 0x78, 0x53, 0x61, 0x6d, 0x70, 0x6c, 0x65, 0x72, 0x11, 0x01, 0xff, 0xff, 0x01, 0x00, // TexSampler......
	0x00, 0x00, 0x00, 0x00, 0x1d, 0x73, 0x5f, 0x62, 0x6c, 0x65, 0x6e, 0x64, 0x55, 0x56, 0x44, 0x69, // .....s_blendUVDi
	0x73, 0x74, 0x6f, 0x72, 0x74, 0x69, 0x6f, 0x6e, 0x54, 0x65, 0x78, 0x54, 0x65, 0x78, 0x74, 0x75, // stortionTexTextu
	0x72, 0x65, 0x11, 0x01, 0xff, 0xff, 0x01, 0x00, 0x00, 0x00, 0x00, 0x00, 0x11, 0x73, 0x5f, 0x62, // re...........s_b
	0x6c, 0x65, 0x6e, 0x64, 0x54, 0x65, 0x78, 0x53, 0x61, 0x6d, 0x70, 0x6c, 0x65, 0x72, 0x11, 0x01, // lendTexSampler..
	0xff, 0xff, 0x01, 0x00, 0x00, 0x00, 0x00, 0x00, 0x11, 0x73, 0x5f, 0x62, 0x6c, 0x65, 0x6e, 0x64, // .........s_blend
	0x54, 0x65, 0x78, 0x54, 0x65, 0x78, 0x74, 0x75, 0x72, 0x65, 0x11, 0x01, 0xff, 0xff, 0x01, 0x00, // TexTexture......
	0x00, 0x00, 0x00, 0x00, 0x16, 0x73, 0x5f, 0x62, 0x6c, 0x65, 0x6e, 0x64, 0x41, 0x6c, 0x70, 0x68, // .....s_blendAlph
	0x61, 0x54, 0x65, 0x78, 0x53, 0x61, 0x6d, 0x70, 0x6c, 0x65, 0x72, 0x11, 0x01, 0xff, 0xff, 0x01, // aTexSampler.....
	0x00, 0x00, 0x00, 0x00, 0x00, 0x16, 0x73, 0x5f, 0x62, 0x6c, 0x65, 0x6e, 0x64, 0x41, 0x6c, 0x70, // ......s_blendAlp
	0x68, 0x61, 0x54, 0x65, 0x78, 0x54, 0x65, 0x78, 0x74, 0x75, 0x72, 0x65, 0x11, 0x01, 0xff, 0xff, // haTexTexture....
	0x01, 0x00, 0x00, 0x00, 0x00, 0x00, 0x10, 0x73, 0x5f, 0x62, 0x61, 0x63, 0x6b, 0x54, 0x65, 0x78, // .......s_backTex
	0x53, 0x61, 0x6d, 0x70, 0x6c, 0x65, 0x72, 0x11, 0x01, 0xff, 0xff, 0x01, 0x00, 0x00, 0x00, 0x00, // Sampler.........
	0x00, 0x10, 0x73, 0x5f, 0x62, 0x61, 0x63, 0x6b, 0x54, 0x65, 0x78, 0x54, 0x65, 0x78, 0x74, 0x75, // ..s_backTexTextu
	0x72, 0x65, 0x11, 0x01, 0xff, 0xff, 0x01, 0x00, 0x00, 0x00, 0x00, 0x00, 0x11, 0x73, 0x5f, 0x64, // re...........s_d
	0x65, 0x70, 0x74, 0x68, 0x54, 0x65, 0x78, 0x53, 0x61, 0x6d, 0x70, 0x6c, 0x65, 0x72, 0x11, 0x01, // epthTexSampler..
	0xff, 0xff, 0x01, 0x00, 0x00, 0x00, 0x00, 0x00, 0x11, 0x73, 0x5f, 0x64, 0x65, 0x70, 0x74, 0x68, // .........s_depth
	0x54, 0x65, 0x78, 0x54, 0x65, 0x78, 0x74, 0x75, 0x72, 0x65, 0x11, 0x01, 0xff, 0xff, 0x01, 0x00, // TexTexture......
	0x00, 0x00, 0x00, 0x00, 0x1a, 0x75, 0x5f, 0x66, 0x73, 0x66, 0x55, 0x56, 0x44, 0x69, 0x73, 0x74, // .....u_fsfUVDist
	0x6f, 0x72, 0x74, 0x69, 0x6f, 0x6e, 0x50, 0x61, 0x72, 0x61, 0x6d, 0x65, 0x74, 0x65, 0x72, 0x12, // ortionParameter.
	0x01, 0x30, 0x00, 0x01, 0x00, 0x00, 0x00, 0x00, 0x00, 0x16, 0x75, 0x5f, 0x66, 0x73, 0x66, 0x46, // .0........u_fsfF
	0x6c, 0x69, 0x70, 0x62, 0x6f, 0x6f, 0x6b, 0x50, 0x61, 0x72, 0x61, 0x6d, 0x65, 0x74, 0x65, 0x72, // lipbookParameter
	0x12, 0x01, 0x20, 0x00, 0x01, 0x00, 0x00, 0x00, 0x00, 0x00, 0x1a, 0x75, 0x5f, 0x66, 0x73, 0x66, // .. ........u_fsf
	0x42, 0x6c, 0x65, 0x6e, 0x64, 0x54, 0x65, 0x78, 0x74, 0x75, 0x72, 0x65, 0x50, 0x61, 0x72, 0x61, // BlendTexturePara
	0x6d, 0x65, 0x74, 0x65, 0x72, 0x12, 0x01, 0x40, 0x00, 0x01, 0x00, 0x00, 0x00, 0x00, 0x00, 0x0b, // meter..@........
	0x75, 0x5f, 0x66, 0x73, 0x67, 0x5f, 0x73, 0x63, 0x61, 0x6c, 0x65, 0x12, 0x01, 0x00, 0x00, 0x01, // u_fsg_scale.....
	0x00, 0x00, 0x00, 0x00, 0x00, 0x13, 0x75, 0x5f, 0x66, 0x73, 0x6d, 0x55, 0x56, 0x49, 0x6e, 0x76, // ......u_fsmUVInv
	0x65, 0x72, 0x73, 0x65, 0x64, 0x42, 0x61, 0x63, 0x6b, 0x12, 0x01, 0x10, 0x00, 0x01, 0x00, 0x00, // ersedBack.......
	0x00, 0x00, 0x00, 0x15, 0x75, 0x5f, 0x66, 0x73, 0x73, 0x6f, 0x66, 0x74, 0x50, 0x61, 0x72, 0x74, // ....u_fssoftPart
	0x69, 0x63, 0x6c, 0x65, 0x50, 0x61, 0x72, 0x61, 0x6d, 0x12, 0x01, 0x50, 0x00, 0x01, 0x00, 0x00, // icleParam..P....
	0x00, 0x00, 0x00, 0x18, 0x75, 0x5f, 0x66, 0x73, 0x72, 0x65, 0x63, 0x6f, 0x6e, 0x73, 0x74, 0x72, // ....u_fsreconstr
	0x75, 0x63, 0x74, 0x69, 0x6f, 0x6e, 0x50, 0x61, 0x72, 0x61, 0x6d, 0x31, 0x12, 0x01, 0x60, 0x00, // uctionParam1..`.
	0x01, 0x00, 0x00, 0x00, 0x00, 0x00, 0x18, 0x75, 0x5f, 0x66, 0x73, 0x72, 0x65, 0x63, 0x6f, 0x6e, // .......u_fsrecon
	0x73, 0x74, 0x72, 0x75, 0x63, 0x74, 0x69, 0x6f, 0x6e, 0x50, 0x61, 0x72, 0x61, 0x6d, 0x32, 0x12, // structionParam2.
	0x01, 0x70, 0x00, 0x01, 0x00, 0x00, 0x00, 0x00, 0x00, 0x11, 0x73, 0x5f, 0x75, 0x76, 0x44, 0x69, // .p........s_uvDi
	0x73, 0x74, 0x6f, 0x72, 0x74, 0x69, 0x6f, 0x6e, 0x54, 0x65, 0x78, 0x10, 0x00, 0x00, 0x00, 0x00, // stortionTex.....
	0x00, 0x00, 0x02, 0x00, 0x00, 0x0a, 0x73, 0x5f, 0x63, 0x6f, 0x6c, 0x6f, 0x72, 0x54, 0x65, 0x78, // ......s_colorTex
	0x10, 0x00, 0x00, 0x00, 0x00, 0x00, 0x00, 0x02, 0x00, 0x00, 0x0a, 0x73, 0x5f, 0x61, 0x6c, 0x70, // ...........s_alp
	0x68, 0x61, 0x54, 0x65, 0x78, 0x10, 0x00, 0x00, 0x00, 0x00, 0x00, 0x00, 0x02, 0x00, 0x00, 0x16, // haTex...........
	0x73, 0x5f, 0x62, 0x6c, 0x65, 0x6e, 0x64, 0x55, 0x56, 0x44, 0x69, 0x73, 0x74, 0x6f, 0x72, 0x74, // s_blendUVDistort
	0x69, 0x6f, 0x6e, 0x54, 0x65, 0x78, 0x10, 0x00, 0x00, 0x00, 0x00, 0x00, 0x00, 0x02, 0x00, 0x00, // ionTex..........
	0x0a, 0x73, 0x5f, 0x62, 0x6c, 0x65, 0x6e, 0x64, 0x54, 0x65, 0x78, 0x10, 0x00, 0x00, 0x00, 0x00, // .s_blendTex.....
	0x00, 0x00, 0x02, 0x00, 0x00, 0x0f, 0x73, 0x5f, 0x62, 0x6c, 0x65, 0x6e, 0x64, 0x41, 0x6c, 0x70, // ......s_blendAlp
	0x68, 0x61, 0x54, 0x65, 0x78, 0x10, 0x00, 0x00, 0x00, 0x00, 0x00, 0x00, 0x02, 0x00, 0x00, 0x09, // haTex...........
	0x73, 0x5f, 0x62, 0x61, 0x63, 0x6b, 0x54, 0x65, 0x78, 0x10, 0x00, 0x00, 0x00, 0x00, 0x00, 0x00, // s_backTex.......
	0x02, 0x00, 0x00, 0x0a, 0x73, 0x5f, 0x64, 0x65, 0x70, 0x74, 0x68, 0x54, 0x65, 0x78, 0x10, 0x00, // ....s_depthTex..
	0x00, 0x00, 0x00, 0x00, 0x00, 0x02, 0x00, 0x00, 0x65, 0x19, 0x00, 0x00, 0x23, 0x69, 0x6e, 0x63, // ........e...#inc
	0x6c, 0x75, 0x64, 0x65, 0x20, 0x3c, 0x6d, 0x65, 0x74, 0x61, 0x6c, 0x5f, 0x73, 0x74, 0x64, 0x6c, // lude <metal_stdl
	0x69, 0x62, 0x3e, 0x0a, 0x23, 0x69, 0x6e, 0x63, 0x6c, 0x75, 0x64, 0x65, 0x20, 0x3c, 0x73, 0x69, // ib>.#include <si
	0x6d, 0x64, 0x2f, 0x73, 0x69, 0x6d, 0x64, 0x2e, 0x68, 0x3e, 0x0a, 0x0a, 0x75, 0x73, 0x69, 0x6e, // md/simd.h>..usin
	0x67, 0x20, 0x6e, 0x61, 0x6d, 0x65, 0x73, 0x70, 0x61, 0x63, 0x65, 0x20, 0x6d, 0x65, 0x74, 0x61, // g namespace meta
	0x6c, 0x3b, 0x0a, 0x0a, 0x73, 0x74, 0x72, 0x75, 0x63, 0x74, 0x20, 0x5f, 0x47, 0x6c, 0x6f, 0x62, // l;..struct _Glob
	0x61, 0x6c, 0x0a, 0x7b, 0x0a, 0x20, 0x20, 0x20, 0x20, 0x66, 0x6c, 0x6f, 0x61, 0x74, 0x34, 0x20, // al.{.    float4 
	0x75, 0x5f, 0x66, 0x73, 0x67, 0x5f, 0x73, 0x63, 0x61, 0x6c, 0x65, 0x3b, 0x0a, 0x20, 0x20, 0x20, // u_fsg_scale;.   
	0x20, 0x66, 0x6c, 0x6f, 0x61, 0x74, 0x34, 0x20, 0x75, 0x5f, 0x66, 0x73, 0x6d, 0x55, 0x56, 0x49, //  float4 u_fsmUVI
	0x6e, 0x76, 0x65, 0x72, 0x73, 0x65, 0x64, 0x42, 0x61, 0x63, 0x6b, 0x3b, 0x0a, 0x20, 0x20, 0x20, // nversedBack;.   
	0x20, 0x66, 0x6c, 0x6f, 0x61, 0x74, 0x34, 0x20, 0x75, 0x5f, 0x66, 0x73, 0x66, 0x46, 0x6c, 0x69, //  float4 u_fsfFli
	0x70, 0x62, 0x6f, 0x6f, 0x6b, 0x50, 0x61, 0x72, 0x61, 0x6d, 0x65, 0x74, 0x65, 0x72, 0x3b, 0x0a, // pbookParameter;.
	0x20, 0x20, 0x20, 0x20, 0x66, 0x6c, 0x6f, 0x61, 0x74, 0x34, 0x20, 0x75, 0x5f, 0x66, 0x73, 0x66, //     float4 u_fsf
	0x55, 0x56, 0x44, 0x69, 0x73, 0x74, 0x6f, 0x72, 0x74, 0x69, 0x6f, 0x6e, 0x50, 0x61, 0x72, 0x61, // UVDistortionPara
	0x6d, 0x65, 0x74, 0x65, 0x72, 0x3b, 0x0a, 0x20, 0x20, 0x20, 0x20, 0x66, 0x6c, 0x6f, 0x61, 0x74, // meter;.    float
	0x34, 0x20, 0x75, 0x5f, 0x66, 0x73, 0x66, 0x42, 0x6c, 0x65, 0x6e, 0x64, 0x54, 0x65, 0x78, 0x74, // 4 u_fsfBlendText
	0x75, 0x72, 0x65, 0x50, 0x61, 0x72, 0x61, 0x6d, 0x65, 0x74, 0x65, 0x72, 0x3b, 0x0a, 0x20, 0x20, // ureParameter;.  
	0x20, 0x20, 0x66, 0x6c, 0x6f, 0x61, 0x74, 0x34, 0x20, 0x75, 0x5f, 0x66, 0x73, 0x73, 0x6f, 0x66, //   float4 u_fssof
	0x74, 0x50, 0x61, 0x72, 0x74, 0x69, 0x63, 0x6c, 0x65, 0x50, 0x61, 0x72, 0x61, 0x6d, 0x3b, 0x0a, // tParticleParam;.
	0x20, 0x20, 0x20, 0x20, 0x66, 0x6c, 0x6f, 0x61, 0x74, 0x34, 0x20, 0x75, 0x5f, 0x66, 0x73, 0x72, //     float4 u_fsr
	0x65, 0x63, 0x6f, 0x6e, 0x73, 0x74, 0x72, 0x75, 0x63, 0x74, 0x69, 0x6f, 0x6e, 0x50, 0x61, 0x72, // econstructionPar
	0x61, 0x6d, 0x31, 0x3b, 0x0a, 0x20, 0x20, 0x20, 0x20, 0x66, 0x6c, 0x6f, 0x61, 0x74, 0x34, 0x20, // am1;.    float4 
	0x75, 0x5f, 0x66, 0x73, 0x72, 0x65, 0x63, 0x6f, 0x6e, 0x73, 0x74, 0x72, 0x75, 0x63, 0x74, 0x69, // u_fsreconstructi
	0x6f, 0x6e, 0x50, 0x61, 0x72, 0x61, 0x6d, 0x32, 0x3b, 0x0a, 0x7d, 0x3b, 0x0a, 0x0a, 0x63, 0x6f, // onParam2;.};..co
	0x6e, 0x73, 0x74, 0x61, 0x6e, 0x74, 0x20, 0x66, 0x6c, 0x6f, 0x61, 0x74, 0x20, 0x5f, 0x32, 0x33, // nstant float _23
	0x35, 0x31, 0x20, 0x3d, 0x20, 0x7b, 0x7d, 0x3b, 0x0a, 0x0a, 0x63, 0x6f, 0x6e, 0x73, 0x74, 0x61, // 51 = {};..consta
	0x6e, 0x74, 0x20, 0x75, 0x69, 0x6e, 0x74, 0x20, 0x62, 0x67, 0x66, 0x78, 0x5f, 0x73, 0x61, 0x6d, // nt uint bgfx_sam
	0x70, 0x6c, 0x65, 0x4d, 0x61, 0x73, 0x6b, 0x20, 0x5b, 0x5b, 0x66, 0x75, 0x6e, 0x63, 0x74, 0x69, // pleMask [[functi
	0x6f, 0x6e, 0x5f, 0x63, 0x6f, 0x6e, 0x73, 0x74, 0x61, 0x6e, 0x74, 0x28, 0x30, 0x29, 0x5d, 0x5d, // on_constant(0)]]
	0x3b, 0x0a, 0x63, 0x6f, 0x6e, 0x73, 0x74, 0x61, 0x6e, 0x74, 0x20, 0x62, 0x6f, 0x6f, 0x6c, 0x20, // ;.constant bool 
	0x62, 0x67, 0x66, 0x78, 0x5f, 0x73, 0x61, 0x6d, 0x70, 0x6c, 0x65, 0x4d, 0x61, 0x73, 0x6b, 0x45, // bgfx_sampleMaskE
	0x6e, 0x61, 0x62, 0x6c, 0x65, 0x64, 0x20, 0x3d, 0x20, 0x69, 0x73, 0x5f, 0x66, 0x75, 0x6e, 0x63, // nabled = is_func
	0x74, 0x69, 0x6f, 0x6e, 0x5f, 0x63, 0x6f, 0x6e, 0x73, 0x74, 0x61, 0x6e, 0x74, 0x5f, 0x64, 0x65, // tion_constant_de
	0x66, 0x69, 0x6e, 0x65, 0x64, 0x28, 0x62, 0x67, 0x66, 0x78, 0x5f, 0x73, 0x61, 0x6d, 0x70, 0x6c, // fined(bgfx_sampl
	0x65, 0x4d, 0x61, 0x73, 0x6b, 0x29, 0x3b, 0x0a, 0x0a, 0x73, 0x74, 0x72, 0x75, 0x63, 0x74, 0x20, // eMask);..struct 
	0x78, 0x6c, 0x61, 0x74, 0x4d, 0x74, 0x6c, 0x4d, 0x61, 0x69, 0x6e, 0x5f, 0x6f, 0x75, 0x74, 0x0a, // xlatMtlMain_out.
	0x7b, 0x0a, 0x09, 0x75, 0x69, 0x6e, 0x74, 0x20, 0x62, 0x67, 0x66, 0x78, 0x5f, 0x6d, 0x65, 0x74, // {..uint bgfx_met
	0x61, 0x6c, 0x5f, 0x73, 0x61, 0x6d, 0x70, 0x6c, 0x65, 0x4d, 0x61, 0x73, 0x6b, 0x20, 0x5b, 0x5b, // al_sampleMask [[
	0x73, 0x61, 0x6d, 0x70, 0x6c, 0x65, 0x5f, 0x6d, 0x61, 0x73, 0x6b, 0x2c, 0x20, 0x66, 0x75, 0x6e, // sample_mask, fun
	0x63, 0x74, 0x69, 0x6f, 0x6e, 0x5f, 0x63, 0x6f, 0x6e, 0x73, 0x74, 0x61, 0x6e, 0x74, 0x28, 0x62, // ction_constant(b
	0x67, 0x66, 0x78, 0x5f, 0x73, 0x61, 0x6d, 0x70, 0x6c, 0x65, 0x4d, 0x61, 0x73, 0x6b, 0x45, 0x6e, // gfx_sampleMaskEn
	0x61, 0x62, 0x6c, 0x65, 0x64, 0x29, 0x5d, 0x5d, 0x3b, 0x0a, 0x20, 0x20, 0x20, 0x20, 0x66, 0x6c, // abled)]];.    fl
	0x6f, 0x61, 0x74, 0x34, 0x20, 0x62, 0x67, 0x66, 0x78, 0x5f, 0x46, 0x72, 0x61, 0x67, 0x44, 0x61, // oat4 bgfx_FragDa
	0x74, 0x61, 0x30, 0x20, 0x5b, 0x5b, 0x63, 0x6f, 0x6c, 0x6f, 0x72, 0x28, 0x30, 0x29, 0x5d, 0x5d, // ta0 [[color(0)]]
	0x3b, 0x0a, 0x7d, 0x3b, 0x0a, 0x0a, 0x73, 0x74, 0x72, 0x75, 0x63, 0x74, 0x20, 0x78, 0x6c, 0x61, // ;.};..struct xla
	0x74, 0x4d, 0x74, 0x6c, 0x4d, 0x61, 0x69, 0x6e, 0x5f, 0x69, 0x6e, 0x0a, 0x7b, 0x0a, 0x20, 0x20, // tMtlMain_in.{.  
	0x20, 0x20, 0x66, 0x6c, 0x6f, 0x61, 0x74, 0x34, 0x20, 0x76, 0x5f, 0x41, 0x6c, 0x70, 0x68, 0x61, //   float4 v_Alpha
	0x5f, 0x44, 0x69, 0x73, 0x74, 0x5f, 0x55, 0x56, 0x20, 0x5b, 0x5b, 0x75, 0x73, 0x65, 0x72, 0x28, // _Dist_UV [[user(
	0x6c, 0x6f, 0x63, 0x6e, 0x30, 0x29, 0x5d, 0x5d, 0x3b, 0x0a, 0x20, 0x20, 0x20, 0x20, 0x66, 0x6c, // locn0)]];.    fl
	0x6f, 0x61, 0x74, 0x34, 0x20, 0x76, 0x5f, 0x42, 0x6c, 0x65, 0x6e, 0x64, 0x5f, 0x41, 0x6c, 0x70, // oat4 v_Blend_Alp
	0x68, 0x61, 0x5f, 0x44, 0x69, 0x73, 0x74, 0x5f, 0x55, 0x56, 0x20, 0x5b, 0x5b, 0x75, 0x73, 0x65, // ha_Dist_UV [[use
	0x72, 0x28, 0x6c, 0x6f, 0x63, 0x6e, 0x31, 0x29, 0x5d, 0x5d, 0x3b, 0x0a, 0x20, 0x20, 0x20, 0x20, // r(locn1)]];.    
	0x66, 0x6c, 0x6f, 0x61, 0x74, 0x34, 0x20, 0x76, 0x5f, 0x42, 0x6c, 0x65, 0x6e, 0x64, 0x5f, 0x46, // float4 v_Blend_F
	0x42, 0x4e, 0x65, 0x78, 0x74, 0x49, 0x6e, 0x64, 0x65, 0x78, 0x5f, 0x55, 0x56, 0x20, 0x5b, 0x5b, // BNextIndex_UV [[
	0x75, 0x73, 0x65, 0x72, 0x28, 0x6c, 0x6f, 0x63, 0x6e, 0x32, 0x29, 0x5d, 0x5d, 0x3b, 0x0a, 0x20, // user(locn2)]];. 
	0x20, 0x20, 0x20, 0x66, 0x6c, 0x6f, 0x61, 0x74, 0x34, 0x20, 0x76, 0x5f, 0x43, 0x6f, 0x6c, 0x6f, //    float4 v_Colo
	0x72, 0x20, 0x5b, 0x5b, 0x75, 0x73, 0x65, 0x72, 0x28, 0x6c, 0x6f, 0x63, 0x6e, 0x33, 0x29, 0x5d, // r [[user(locn3)]
	0x5d, 0x3b, 0x0a, 0x20, 0x20, 0x20, 0x20, 0x66, 0x6c, 0x6f, 0x61, 0x74, 0x34, 0x20, 0x76, 0x5f, // ];.    float4 v_
	0x50, 0x6f, 0x73, 0x50, 0x20, 0x5b, 0x5b, 0x75, 0x73, 0x65, 0x72, 0x28, 0x6c, 0x6f, 0x63, 0x6e, // PosP [[user(locn
	0x34, 0x29, 0x5d, 0x5d, 0x3b, 0x0a, 0x20, 0x20, 0x20, 0x20, 0x66, 0x6c, 0x6f, 0x61, 0x74, 0x34, // 4)]];.    float4
	0x20, 0x76, 0x5f, 0x50, 0x72, 0x6f, 0x6a, 0x42, 0x69, 0x6e, 0x6f, 0x72, 0x6d, 0x61, 0x6c, 0x20, //  v_ProjBinormal 
	0x5b, 0x5b, 0x75, 0x73, 0x65, 0x72, 0x28, 0x6c, 0x6f, 0x63, 0x6e, 0x35, 0x29, 0x5d, 0x5d, 0x3b, // [[user(locn5)]];
	0x0a, 0x20, 0x20, 0x20, 0x20, 0x66, 0x6c, 0x6f, 0x61, 0x74, 0x34, 0x20, 0x76, 0x5f, 0x50, 0x72, // .    float4 v_Pr
	0x6f, 0x6a, 0x54, 0x61, 0x6e, 0x67, 0x65, 0x6e, 0x74, 0x20, 0x5b, 0x5b, 0x75, 0x73, 0x65, 0x72, // ojTangent [[user
	0x28, 0x6c, 0x6f, 0x63, 0x6e, 0x36, 0x29, 0x5d, 0x5d, 0x3b, 0x0a, 0x20, 0x20, 0x20, 0x20, 0x66, // (locn6)]];.    f
	0x6c, 0x6f, 0x61, 0x74, 0x34, 0x20, 0x76, 0x5f, 0x55, 0x56, 0x5f, 0x4f, 0x74, 0x68, 0x65, 0x72, // loat4 v_UV_Other
	0x73, 0x20, 0x5b, 0x5b, 0x75, 0x73, 0x65, 0x72, 0x28, 0x6c, 0x6f, 0x63, 0x6e, 0x37, 0x29, 0x5d, // s [[user(locn7)]
	0x5d, 0x3b, 0x0a, 0x7d, 0x3b, 0x0a, 0x0a, 0x66, 0x72, 0x61, 0x67, 0x6d, 0x65, 0x6e, 0x74, 0x20, // ];.};..fragment 
	0x78, 0x6c, 0x61, 0x74, 0x4d, 0x74, 0x6c, 0x4d, 0x61, 0x69, 0x6e, 0x5f, 0x6f, 0x75, 0x74, 0x20, // xlatMtlMain_out 
	0x78, 0x6c, 0x61, 0x74, 0x4d, 0x74, 0x6c, 0x4d, 0x61, 0x69, 0x6e, 0x28, 0x78, 0x6c, 0x61, 0x74, // xlatMtlMain(xlat
	0x4d, 0x74, 0x6c, 0x4d, 0x61, 0x69, 0x6e, 0x5f, 0x69, 0x6e, 0x20, 0x69, 0x6e, 0x20, 0x5b, 0x5b, // MtlMain_in in [[
	0x73, 0x74, 0x61, 0x67, 0x65, 0x5f, 0x69, 0x6e, 0x5d, 0x5d, 0x2c, 0x20, 0x63, 0x6f, 0x6e, 0x73, // stage_in]], cons
	0x74, 0x61, 0x6e, 0x74, 0x20, 0x5f, 0x47, 0x6c, 0x6f, 0x62, 0x61, 0x6c, 0x26, 0x20, 0x5f, 0x6d, // tant _Global& _m
	0x74, 0x6c, 0x5f, 0x75, 0x20, 0x5b, 0x5b, 0x62, 0x75, 0x66, 0x66, 0x65, 0x72, 0x28, 0x30, 0x29, // tl_u [[buffer(0)
	0x5d, 0x5d, 0x2c, 0x20, 0x74, 0x65, 0x78, 0x74, 0x75, 0x72, 0x65, 0x32, 0x64, 0x3c, 0x66, 0x6c, // ]], texture2d<fl
	0x6f, 0x61, 0x74, 0x3e, 0x20, 0x73, 0x5f, 0x63, 0x6f, 0x6c, 0x6f, 0x72, 0x54, 0x65, 0x78, 0x20, // oat> s_colorTex 
	0x5b, 0x5b, 0x74, 0x65, 0x78, 0x74, 0x75, 0x72, 0x65, 0x28, 0x30, 0x29, 0x5d, 0x5d, 0x2c, 0x20, // [[texture(0)]], 
	0x74, 0x65, 0x78, 0x74, 0x75, 0x72, 0x65, 0x32, 0x64, 0x3c, 0x66, 0x6c, 0x6f, 0x61, 0x74, 0x3e, // texture2d<float>
	0x20, 0x73, 0x5f, 0x62, 0x61, 0x63, 0x6b, 0x54, 0x65, 0x78, 0x20, 0x5b, 0x5b, 0x74, 0x65, 0x78, //  s_backTex [[tex
	0x74, 0x75, 0x72, 0x65, 0x28, 0x31, 0x29, 0x5d, 0x5d, 0x2c, 0x20, 0x74, 0x65, 0x78, 0x74, 0x75, // ture(1)]], textu
	0x72, 0x65, 0x32, 0x64, 0x3c, 0x66, 0x6c, 0x6f, 0x61, 0x74, 0x3e, 0x20, 0x73, 0x5f, 0x61, 0x6c, // re2d<float> s_al
	0x70, 0x68, 0x61, 0x54, 0x65, 0x78, 0x20, 0x5b, 0x5b, 0x74, 0x65, 0x78, 0x74, 0x75, 0x72, 0x65, // phaTex [[texture
	0x28, 0x32, 0x29, 0x5d, 0x5d, 0x2c, 0x20, 0x74, 0x65, 0x78, 0x74, 0x75, 0x72, 0x65, 0x32, 0x64, // (2)]], texture2d
	0x3c, 0x66, 0x6c, 0x6f, 0x61, 0x74, 0x3e, 0x20, 0x73, 0x5f, 0x75, 0x76, 0x44, 0x69, 0x73, 0x74, // <float> s_uvDist
	0x6f, 0x72, 0x74, 0x69, 0x6f, 0x6e, 0x54, 0x65, 0x78, 0x20, 0x5b, 0x5b, 0x74, 0x65, 0x78, 0x74, // ortionTex [[text
	0x75, 0x72, 0x65, 0x28, 0x33, 0x29, 0x5d, 0x5d, 0x2c, 0x20, 0x74, 0x65, 0x78, 0x74, 0x75, 0x72, // ure(3)]], textur
	0x65, 0x32, 0x64, 0x3c, 0x66, 0x6c, 0x6f, 0x61, 0x74, 0x3e, 0x20, 0x73, 0x5f, 0x62, 0x6c, 0x65, // e2d<float> s_ble
	0x6e, 0x64, 0x54, 0x65, 0x78, 0x20, 0x5b, 0x5b, 0x74, 0x65, 0x78, 0x74, 0x75, 0x72, 0x65, 0x28, // ndTex [[texture(
	0x34, 0x29, 0x5d, 0x5d, 0x2c, 0x20, 0x74, 0x65, 0x78, 0x74, 0x75, 0x72, 0x65, 0x32, 0x64, 0x3c, // 4)]], texture2d<
	0x66, 0x6c, 0x6f, 0x61, 0x74, 0x3e, 0x20, 0x73, 0x5f, 0x62, 0x6c, 0x65, 0x6e, 0x64, 0x41, 0x6c, // float> s_blendAl
	0x70, 0x68, 0x61, 0x54, 0x65, 0x78, 0x20, 0x5b, 0x5b, 0x74, 0x65, 0x78, 0x74, 0x75, 0x72, 0x65, // phaTex [[texture
	0x28, 0x35, 0x29, 0x5d, 0x5d, 0x2c, 0x20, 0x74, 0x65, 0x78, 0x74, 0x75, 0x72, 0x65, 0x32, 0x64, // (5)]], texture2d
	0x3c, 0x66, 0x6c, 0x6f, 0x61, 0x74, 0x3e, 0x20, 0x73, 0x5f, 0x62, 0x6c, 0x65, 0x6e, 0x64, 0x55, // <float> s_blendU
	0x56, 0x44, 0x69, 0x73, 0x74, 0x6f, 0x72, 0x74, 0x69, 0x6f, 0x6e, 0x54, 0x65, 0x78, 0x20, 0x5b, // VDistortionTex [
	0x5b, 0x74, 0x65, 0x78, 0x74, 0x75, 0x72, 0x65, 0x28, 0x36, 0x29, 0x5d, 0x5d, 0x2c, 0x20, 0x74, // [texture(6)]], t
	0x65, 0x78, 0x74, 0x75, 0x72, 0x65, 0x32, 0x64, 0x3c, 0x66, 0x6c, 0x6f, 0x61, 0x74, 0x3e, 0x20, // exture2d<float> 
	0x73, 0x5f, 0x64, 0x65, 0x70, 0x74, 0x68, 0x54, 0x65, 0x78, 0x20, 0x5b, 0x5b, 0x74, 0x65, 0x78, // s_depthTex [[tex
	0x74, 0x75, 0x72, 0x65, 0x28, 0x37, 0x29, 0x5d, 0x5d, 0x2c, 0x20, 0x73, 0x61, 0x6d, 0x70, 0x6c, // ture(7)]], sampl
	0x65, 0x72, 0x20, 0x73, 0x5f, 0x63, 0x6f, 0x6c, 0x6f, 0x72, 0x54, 0x65, 0x78, 0x53, 0x61, 0x6d, // er s_colorTexSam
	0x70, 0x6c, 0x65, 0x72, 0x20, 0x5b, 0x5b, 0x73, 0x61, 0x6d, 0x70, 0x6c, 0x65, 0x72, 0x28, 0x30, // pler [[sampler(0
	0x29, 0x5d, 0x5d, 0x2c, 0x20, 0x73, 0x61, 0x6d, 0x70, 0x6c, 0x65, 0x72, 0x20, 0x73, 0x5f, 0x62, // )]], sampler s_b
	0x61, 0x63, 0x6b, 0x54, 0x65, 0x78, 0x53, 0x61, 0x6d, 0x70, 0x6c, 0x65, 0x72, 0x20, 0x5b, 0x5b, // ackTexSampler [[
	0x73, 0x61, 0x6d, 0x70, 0x6c, 0x65, 0x72, 0x28, 0x31, 0x29, 0x5d, 0x5d, 0x2c, 0x20, 0x73, 0x61, // sampler(1)]], sa
	0x6d, 0x70, 0x6c, 0x65, 0x72, 0x20, 0x73, 0x5f, 0x61, 0x6c, 0x70, 0x68, 0x61, 0x54, 0x65, 0x78, // mpler s_alphaTex
	0x53, 0x61, 0x6d, 0x70, 0x6c, 0x65, 0x72, 0x20, 0x5b, 0x5b, 0x73, 0x61, 0x6d, 0x70, 0x6c, 0x65, // Sampler [[sample
	0x72, 0x28, 0x32, 0x29, 0x5d, 0x5d, 0x2c, 0x20, 0x73, 0x61, 0x6d, 0x70, 0x6c, 0x65, 0x72, 0x20, // r(2)]], sampler 
	0x73, 0x5f, 0x75, 0x76, 0x44, 0x69, 0x73, 0x74, 0x6f, 0x72, 0x74, 0x69, 0x6f, 0x6e, 0x54, 0x65, // s_uvDistortionTe
	0x78, 0x53, 0x61, 0x6d, 0x70, 0x6c, 0x65, 0x72, 0x20, 0x5b, 0x5b, 0x73, 0x61, 0x6d, 0x70, 0x6c, // xSampler [[sampl
	0x65, 0x72, 0x28, 0x33, 0x29, 0x5d, 0x5d, 0x2c, 0x20, 0x73, 0x61, 0x6d, 0x70, 0x6c, 0x65, 0x72, // er(3)]], sampler
	0x20, 0x73, 0x5f, 0x62, 0x6c, 0x65, 0x6e, 0x64, 0x54, 0x65, 0x78, 0x53, 0x61, 0x6d, 0x70, 0x6c, //  s_blendTexSampl
	0x65, 0x72, 0x20, 0x5b, 0x5b, 0x73, 0x61, 0x6d, 0x70, 0x6c, 0x65, 0x72, 0x28, 0x34, 0x29, 0x5d, // er [[sampler(4)]
	0x5d, 0x2c, 0x20, 0x73, 0x61, 0x6d, 0x70, 0x6c, 0x65, 0x72, 0x20, 0x73, 0x5f, 0x62, 0x6c, 0x65, // ], sampler s_ble
	0x6e, 0x64, 0x41, 0x6c, 0x70, 0x68, 0x61, 0x54, 0x65, 0x78, 0x53, 0x61, 0x6d, 0x70, 0x6c, 0x65, // ndAlphaTexSample
	0x72, 0x20, 0x5b, 0x5b, 0x73, 0x61, 0x6d, 0x70, 0x6c, 0x65, 0x72, 0x28, 0x35, 0x29, 0x5d, 0x5d, // r [[sampler(5)]]
	0x2c, 0x20, 0x73, 0x61, 0x6d, 0x70, 0x6c, 0x65, 0x72, 0x20, 0x73, 0x5f, 0x62, 0x6c, 0x65, 0x6e, // , sampler s_blen
	0x64, 0x55, 0x56, 0x44, 0x69, 0x73, 0x74, 0x6f, 0x72, 0x74, 0x69, 0x6f, 0x6e, 0x54, 0x65, 0x78, // dUVDistortionTex
	0x53, 0x61, 0x6d, 0x70, 0x6c, 0x65, 0x72, 0x20, 0x5b, 0x5b, 0x73, 0x61, 0x6d, 0x70, 0x6c, 0x65, // Sampler [[sample
	0x72, 0x28, 0x36, 0x29, 0x5d, 0x5d, 0x2c, 0x20, 0x73, 0x61, 0x6d, 0x70, 0x6c, 0x65, 0x72, 0x20, // r(6)]], sampler 
	0x73, 0x5f, 0x64, 0x65, 0x70, 0x74, 0x68, 0x54, 0x65, 0x78, 0x53, 0x61, 0x6d, 0x70, 0x6c, 0x65, // s_depthTexSample
	0x72, 0x20, 0x5b, 0x5b, 0x73, 0x61, 0x6d, 0x70, 0x6c, 0x65, 0x72, 0x28, 0x37, 0x29, 0x5d, 0x5d, // r [[sampler(7)]]
	0x29, 0x0a, 0x7b, 0x0a, 0x20, 0x20, 0x20, 0x20, 0x78, 0x6c, 0x61, 0x74, 0x4d, 0x74, 0x6c, 0x4d, // ).{.    xlatMtlM
	0x61, 0x69, 0x6e, 0x5f, 0x6f, 0x75, 0x74, 0x20, 0x6f, 0x75, 0x74, 0x20, 0x3d, 0x20, 0x7b, 0x7d, // ain_out out = {}
	0x3b, 0x0a, 0x09, 0x69, 0x66, 0x20, 0x28, 0x62, 0x67, 0x66, 0x78, 0x5f, 0x73, 0x61, 0x6d, 0x70, // ;..if (bgfx_samp
	0x6c, 0x65, 0x4d, 0x61, 0x73, 0x6b, 0x45, 0x6e, 0x61, 0x62, 0x6c, 0x65, 0x64, 0x29, 0x20, 0x7b, // leMaskEnabled) {
	0x20, 0x6f, 0x75, 0x74, 0x2e, 0x62, 0x67, 0x66, 0x78, 0x5f, 0x6d, 0x65, 0x74, 0x61, 0x6c, 0x5f, //  out.bgfx_metal_
	0x73, 0x61, 0x6d, 0x70, 0x6c, 0x65, 0x4d, 0x61, 0x73, 0x6b, 0x20, 0x3d, 0x20, 0x62, 0x67, 0x66, // sampleMask = bgf
	0x78, 0x5f, 0x73, 0x61, 0x6d, 0x70, 0x6c, 0x65, 0x4d, 0x61, 0x73, 0x6b, 0x3b, 0x20, 0x7d, 0x0a, // x_sampleMask; }.
	0x20, 0x20, 0x20, 0x20, 0x66, 0x6c, 0x6f, 0x61, 0x74, 0x32, 0x20, 0x5f, 0x31, 0x34, 0x36, 0x33, //     float2 _1463
	0x20, 0x3d, 0x20, 0x28, 0x73, 0x5f, 0x75, 0x76, 0x44, 0x69, 0x73, 0x74, 0x6f, 0x72, 0x74, 0x69, //  = (s_uvDistorti
	0x6f, 0x6e, 0x54, 0x65, 0x78, 0x2e, 0x73, 0x61, 0x6d, 0x70, 0x6c, 0x65, 0x28, 0x73, 0x5f, 0x75, // onTex.sample(s_u
	0x76, 0x44, 0x69, 0x73, 0x74, 0x6f, 0x72, 0x74, 0x69, 0x6f, 0x6e, 0x54, 0x65, 0x78, 0x53, 0x61, // vDistortionTexSa
	0x6d, 0x70, 0x6c, 0x65, 0x72, 0x2c, 0x20, 0x69, 0x6e, 0x2e, 0x76, 0x5f, 0x41, 0x6c, 0x70, 0x68, // mpler, in.v_Alph
	0x61, 0x5f, 0x44, 0x69, 0x73, 0x74, 0x5f, 0x55, 0x56, 0x2e, 0x7a, 0x77, 0x29, 0x2e, 0x78, 0x79, // a_Dist_UV.zw).xy
	0x20, 0x2a, 0x20, 0x32, 0x2e, 0x30, 0x29, 0x20, 0x2d, 0x20, 0x66, 0x6c, 0x6f, 0x61, 0x74, 0x32, //  * 2.0) - float2
	0x28, 0x31, 0x2e, 0x30, 0x29, 0x3b, 0x0a, 0x20, 0x20, 0x20, 0x20, 0x5f, 0x31, 0x34, 0x36, 0x33, // (1.0);.    _1463
	0x2e, 0x79, 0x20, 0x3d, 0x20, 0x5f, 0x6d, 0x74, 0x6c, 0x5f, 0x75, 0x2e, 0x75, 0x5f, 0x66, 0x73, // .y = _mtl_u.u_fs
	0x66, 0x55, 0x56, 0x44, 0x69, 0x73, 0x74, 0x6f, 0x72, 0x74, 0x69, 0x6f, 0x6e, 0x50, 0x61, 0x72, // fUVDistortionPar
	0x61, 0x6d, 0x65, 0x74, 0x65, 0x72, 0x2e, 0x7a, 0x20, 0x2b, 0x20, 0x28, 0x5f, 0x6d, 0x74, 0x6c, // ameter.z + (_mtl
	0x5f, 0x75, 0x2e, 0x75, 0x5f, 0x66, 0x73, 0x66, 0x55, 0x56, 0x44, 0x69, 0x73, 0x74, 0x6f, 0x72, // _u.u_fsfUVDistor
	0x74, 0x69, 0x6f, 0x6e, 0x50, 0x61, 0x72, 0x61, 0x6d, 0x65, 0x74, 0x65, 0x72, 0x2e, 0x77, 0x20, // tionParameter.w 
	0x2a, 0x20, 0x28, 0x5f, 0x31, 0x34, 0x36, 0x33, 0x2e, 0x79, 0x20, 0x2a, 0x20, 0x28, 0x2d, 0x31, // * (_1463.y * (-1
	0x2e, 0x30, 0x29, 0x29, 0x29, 0x3b, 0x0a, 0x20, 0x20, 0x20, 0x20, 0x66, 0x6c, 0x6f, 0x61, 0x74, // .0)));.    float
	0x32, 0x20, 0x5f, 0x31, 0x31, 0x37, 0x33, 0x20, 0x3d, 0x20, 0x5f, 0x31, 0x34, 0x36, 0x33, 0x20, // 2 _1173 = _1463 
	0x2a, 0x20, 0x5f, 0x6d, 0x74, 0x6c, 0x5f, 0x75, 0x2e, 0x75, 0x5f, 0x66, 0x73, 0x66, 0x55, 0x56, // * _mtl_u.u_fsfUV
	0x44, 0x69, 0x73, 0x74, 0x6f, 0x72, 0x74, 0x69, 0x6f, 0x6e, 0x50, 0x61, 0x72, 0x61, 0x6d, 0x65, // DistortionParame
	0x74, 0x65, 0x72, 0x2e, 0x78, 0x3b, 0x0a, 0x20, 0x20, 0x20, 0x20, 0x66, 0x6c, 0x6f, 0x61, 0x74, // ter.x;.    float
	0x34, 0x20, 0x5f, 0x31, 0x35, 0x37, 0x37, 0x20, 0x3d, 0x20, 0x73, 0x5f, 0x63, 0x6f, 0x6c, 0x6f, // 4 _1577 = s_colo
	0x72, 0x54, 0x65, 0x78, 0x2e, 0x73, 0x61, 0x6d, 0x70, 0x6c, 0x65, 0x28, 0x73, 0x5f, 0x63, 0x6f, // rTex.sample(s_co
	0x6c, 0x6f, 0x72, 0x54, 0x65, 0x78, 0x53, 0x61, 0x6d, 0x70, 0x6c, 0x65, 0x72, 0x2c, 0x20, 0x28, // lorTexSampler, (
	0x69, 0x6e, 0x2e, 0x76, 0x5f, 0x55, 0x56, 0x5f, 0x4f, 0x74, 0x68, 0x65, 0x72, 0x73, 0x2e, 0x78, // in.v_UV_Others.x
	0x79, 0x20, 0x2b, 0x20, 0x5f, 0x31, 0x31, 0x37, 0x33, 0x29, 0x29, 0x3b, 0x0a, 0x20, 0x20, 0x20, // y + _1173));.   
	0x20, 0x5f, 0x31, 0x35, 0x37, 0x37, 0x2e, 0x77, 0x20, 0x3d, 0x20, 0x5f, 0x31, 0x35, 0x37, 0x37, //  _1577.w = _1577
	0x2e, 0x77, 0x20, 0x2a, 0x20, 0x69, 0x6e, 0x2e, 0x76, 0x5f, 0x43, 0x6f, 0x6c, 0x6f, 0x72, 0x2e, // .w * in.v_Color.
	0x77, 0x3b, 0x0a, 0x20, 0x20, 0x20, 0x20, 0x66, 0x6c, 0x6f, 0x61, 0x74, 0x34, 0x20, 0x5f, 0x32, // w;.    float4 _2
	0x32, 0x31, 0x39, 0x3b, 0x0a, 0x20, 0x20, 0x20, 0x20, 0x69, 0x66, 0x20, 0x28, 0x5f, 0x6d, 0x74, // 219;.    if (_mt
	0x6c, 0x5f, 0x75, 0x2e, 0x75, 0x5f, 0x66, 0x73, 0x66, 0x46, 0x6c, 0x69, 0x70, 0x62, 0x6f, 0x6f, // l_u.u_fsfFlipboo
	0x6b, 0x50, 0x61, 0x72, 0x61, 0x6d, 0x65, 0x74, 0x65, 0x72, 0x2e, 0x78, 0x20, 0x3e, 0x20, 0x30, // kParameter.x > 0
	0x2e, 0x30, 0x29, 0x0a, 0x20, 0x20, 0x20, 0x20, 0x7b, 0x0a, 0x20, 0x20, 0x20, 0x20, 0x20, 0x20, // .0).    {.      
	0x20, 0x20, 0x66, 0x6c, 0x6f, 0x61, 0x74, 0x34, 0x20, 0x5f, 0x31, 0x36, 0x32, 0x38, 0x20, 0x3d, //   float4 _1628 =
	0x20, 0x73, 0x5f, 0x63, 0x6f, 0x6c, 0x6f, 0x72, 0x54, 0x65, 0x78, 0x2e, 0x73, 0x61, 0x6d, 0x70, //  s_colorTex.samp
	0x6c, 0x65, 0x28, 0x73, 0x5f, 0x63, 0x6f, 0x6c, 0x6f, 0x72, 0x54, 0x65, 0x78, 0x53, 0x61, 0x6d, // le(s_colorTexSam
	0x70, 0x6c, 0x65, 0x72, 0x2c, 0x20, 0x28, 0x69, 0x6e, 0x2e, 0x76, 0x5f, 0x42, 0x6c, 0x65, 0x6e, // pler, (in.v_Blen
	0x64, 0x5f, 0x46, 0x42, 0x4e, 0x65, 0x78, 0x74, 0x49, 0x6e, 0x64, 0x65, 0x78, 0x5f, 0x55, 0x56, // d_FBNextIndex_UV
	0x2e, 0x7a, 0x77, 0x20, 0x2b, 0x20, 0x5f, 0x31, 0x31, 0x37, 0x33, 0x29, 0x29, 0x3b, 0x0a, 0x20, // .zw + _1173));. 
	0x20, 0x20, 0x20, 0x20, 0x20, 0x20, 0x20, 0x66, 0x6c, 0x6f, 0x61, 0x74, 0x34, 0x20, 0x5f, 0x32, //        float4 _2
	0x32, 0x32, 0x30, 0x3b, 0x0a, 0x20, 0x20, 0x20, 0x20, 0x20, 0x20, 0x20, 0x20, 0x69, 0x66, 0x20, // 220;.        if 
	0x28, 0x5f, 0x6d, 0x74, 0x6c, 0x5f, 0x75, 0x2e, 0x75, 0x5f, 0x66, 0x73, 0x66, 0x46, 0x6c, 0x69, // (_mtl_u.u_fsfFli
	0x70, 0x62, 0x6f, 0x6f, 0x6b, 0x50, 0x61, 0x72, 0x61, 0x6d, 0x65, 0x74, 0x65, 0x72, 0x2e, 0x79, // pbookParameter.y
	0x20, 0x3d, 0x3d, 0x20, 0x31, 0x2e, 0x30, 0x29, 0x0a, 0x20, 0x20, 0x20, 0x20, 0x20, 0x20, 0x20, //  == 1.0).       
	0x20, 0x7b, 0x0a, 0x20, 0x20, 0x20, 0x20, 0x20, 0x20, 0x20, 0x20, 0x20, 0x20, 0x20, 0x20, 0x5f, //  {.            _
	0x32, 0x32, 0x32, 0x30, 0x20, 0x3d, 0x20, 0x6d, 0x69, 0x78, 0x28, 0x5f, 0x31, 0x35, 0x37, 0x37, // 2220 = mix(_1577
	0x2c, 0x20, 0x5f, 0x31, 0x36, 0x32, 0x38, 0x20, 0x2a, 0x20, 0x69, 0x6e, 0x2e, 0x76, 0x5f, 0x43, // , _1628 * in.v_C
	0x6f, 0x6c, 0x6f, 0x72, 0x2c, 0x20, 0x66, 0x6c, 0x6f, 0x61, 0x74, 0x34, 0x28, 0x69, 0x6e, 0x2e, // olor, float4(in.
	0x76, 0x5f, 0x55, 0x56, 0x5f, 0x4f, 0x74, 0x68, 0x65, 0x72, 0x73, 0x2e, 0x7a, 0x29, 0x29, 0x3b, // v_UV_Others.z));
	0x0a, 0x20, 0x20, 0x20, 0x20, 0x20, 0x20, 0x20, 0x20, 0x7d, 0x0a, 0x20, 0x20, 0x20, 0x20, 0x20, // .        }.     
	0x20, 0x20, 0x20, 0x65, 0x6c, 0x73, 0x65, 0x0a, 0x20, 0x20, 0x20, 0x20, 0x20, 0x20, 0x20, 0x20, //    else.        
	0x7b, 0x0a, 0x20, 0x20, 0x20, 0x20, 0x20, 0x20, 0x20, 0x20, 0x20, 0x20, 0x20, 0x20, 0x5f, 0x32, // {.            _2
	0x32, 0x32, 0x30, 0x20, 0x3d, 0x20, 0x5f, 0x31, 0x35, 0x37, 0x37, 0x3b, 0x0a, 0x20, 0x20, 0x20, // 220 = _1577;.   
	0x20, 0x20, 0x20, 0x20, 0x20, 0x7d, 0x0a, 0x20, 0x20, 0x20, 0x20, 0x20, 0x20, 0x20, 0x20, 0x5f, //      }.        _
	0x32, 0x32, 0x31, 0x39, 0x20, 0x3d, 0x20, 0x5f, 0x32, 0x32, 0x32, 0x30, 0x3b, 0x0a, 0x20, 0x20, // 2219 = _2220;.  
	0x20, 0x20, 0x7d, 0x0a, 0x20, 0x20, 0x20, 0x20, 0x65, 0x6c, 0x73, 0x65, 0x0a, 0x20, 0x20, 0x20, //   }.    else.   
	0x20, 0x7b, 0x0a, 0x20, 0x20, 0x20, 0x20, 0x20, 0x20, 0x20, 0x20, 0x5f, 0x32, 0x32, 0x31, 0x39, //  {.        _2219
	0x20, 0x3d, 0x20, 0x5f, 0x31, 0x35, 0x37, 0x37, 0x3b, 0x0a, 0x20, 0x20, 0x20, 0x20, 0x7d, 0x0a, //  = _1577;.    }.
	0x20, 0x20, 0x20, 0x20, 0x66, 0x6c, 0x6f, 0x61, 0x74, 0x34, 0x20, 0x5f, 0x31, 0x37, 0x32, 0x32, //     float4 _1722
	0x20, 0x3d, 0x20, 0x73, 0x5f, 0x61, 0x6c, 0x70, 0x68, 0x61, 0x54, 0x65, 0x78, 0x2e, 0x73, 0x61, //  = s_alphaTex.sa
	0x6d, 0x70, 0x6c, 0x65, 0x28, 0x73, 0x5f, 0x61, 0x6c, 0x70, 0x68, 0x61, 0x54, 0x65, 0x78, 0x53, // mple(s_alphaTexS
	0x61, 0x6d, 0x70, 0x6c, 0x65, 0x72, 0x2c, 0x20, 0x28, 0x69, 0x6e, 0x2e, 0x76, 0x5f, 0x41, 0x6c, // ampler, (in.v_Al
	0x70, 0x68, 0x61, 0x5f, 0x44, 0x69, 0x73, 0x74, 0x5f, 0x55, 0x56, 0x2e, 0x78, 0x79, 0x20, 0x2b, // pha_Dist_UV.xy +
	0x20, 0x5f, 0x31, 0x31, 0x37, 0x33, 0x29, 0x29, 0x3b, 0x0a, 0x20, 0x20, 0x20, 0x20, 0x66, 0x6c, //  _1173));.    fl
	0x6f, 0x61, 0x74, 0x20, 0x5f, 0x31, 0x32, 0x31, 0x38, 0x20, 0x3d, 0x20, 0x5f, 0x32, 0x32, 0x31, // oat _1218 = _221
	0x39, 0x2e, 0x77, 0x20, 0x2a, 0x20, 0x28, 0x5f, 0x31, 0x37, 0x32, 0x32, 0x2e, 0x78, 0x20, 0x2a, // 9.w * (_1722.x *
	0x20, 0x5f, 0x31, 0x37, 0x32, 0x32, 0x2e, 0x77, 0x29, 0x3b, 0x0a, 0x20, 0x20, 0x20, 0x20, 0x66, //  _1722.w);.    f
	0x6c, 0x6f, 0x61, 0x74, 0x34, 0x20, 0x5f, 0x32, 0x32, 0x34, 0x34, 0x20, 0x3d, 0x20, 0x5f, 0x32, // loat4 _2244 = _2
	0x32, 0x31, 0x39, 0x3b, 0x0a, 0x20, 0x20, 0x20, 0x20, 0x5f, 0x32, 0x32, 0x34, 0x34, 0x2e, 0x77, // 219;.    _2244.w
	0x20, 0x3d, 0x20, 0x5f, 0x31, 0x32, 0x31, 0x38, 0x3b, 0x0a, 0x20, 0x20, 0x20, 0x20, 0x66, 0x6c, //  = _1218;.    fl
	0x6f, 0x61, 0x74, 0x32, 0x20, 0x5f, 0x31, 0x37, 0x34, 0x39, 0x20, 0x3d, 0x20, 0x28, 0x73, 0x5f, // oat2 _1749 = (s_
	0x62, 0x6c, 0x65, 0x6e, 0x64, 0x55, 0x56, 0x44, 0x69, 0x73, 0x74, 0x6f, 0x72, 0x74, 0x69, 0x6f, // blendUVDistortio
	0x6e, 0x54, 0x65, 0x78, 0x2e, 0x73, 0x61, 0x6d, 0x70, 0x6c, 0x65, 0x28, 0x73, 0x5f, 0x62, 0x6c, // nTex.sample(s_bl
	0x65, 0x6e, 0x64, 0x55, 0x56, 0x44, 0x69, 0x73, 0x74, 0x6f, 0x72, 0x74, 0x69, 0x6f, 0x6e, 0x54, // endUVDistortionT
	0x65, 0x78, 0x53, 0x61, 0x6d, 0x70, 0x6c, 0x65, 0x72, 0x2c, 0x20, 0x69, 0x6e, 0x2e, 0x76, 0x5f, // exSampler, in.v_
	0x42, 0x6c, 0x65, 0x6e, 0x64, 0x5f, 0x41, 0x6c, 0x70, 0x68, 0x61, 0x5f, 0x44, 0x69, 0x73, 0x74, // Blend_Alpha_Dist
	0x5f, 0x55, 0x56, 0x2e, 0x7a, 0x77, 0x29, 0x2e, 0x78, 0x79, 0x20, 0x2a, 0x20, 0x32, 0x2e, 0x30, // _UV.zw).xy * 2.0
	0x29, 0x20, 0x2d, 0x20, 0x66, 0x6c, 0x6f, 0x61, 0x74, 0x32, 0x28, 0x31, 0x2e, 0x30, 0x29, 0x3b, // ) - float2(1.0);
	0x0a, 0x20, 0x20, 0x20, 0x20, 0x5f, 0x31, 0x37, 0x34, 0x39, 0x2e, 0x79, 0x20, 0x3d, 0x20, 0x5f, // .    _1749.y = _
	0x6d, 0x74, 0x6c, 0x5f, 0x75, 0x2e, 0x75, 0x5f, 0x66, 0x73, 0x66, 0x55, 0x56, 0x44, 0x69, 0x73, // mtl_u.u_fsfUVDis
	0x74, 0x6f, 0x72, 0x74, 0x69, 0x6f, 0x6e, 0x50, 0x61, 0x72, 0x61, 0x6d, 0x65, 0x74, 0x65, 0x72, // tortionParameter
	0x2e, 0x7a, 0x20, 0x2b, 0x20, 0x28, 0x5f, 0x6d, 0x74, 0x6c, 0x5f, 0x75, 0x2e, 0x75, 0x5f, 0x66, // .z + (_mtl_u.u_f
	0x73, 0x66, 0x55, 0x56, 0x44, 0x69, 0x73, 0x74, 0x6f, 0x72, 0x74, 0x69, 0x6f, 0x6e, 0x50, 0x61, // sfUVDistortionPa
	0x72, 0x61, 0x6d, 0x65, 0x74, 0x65, 0x72, 0x2e, 0x77, 0x20, 0x2a, 0x20, 0x28, 0x5f, 0x31, 0x37, // rameter.w * (_17
	0x34, 0x39, 0x2e, 0x79, 0x20, 0x2a, 0x20, 0x28, 0x2d, 0x31, 0x2e, 0x30, 0x29, 0x29, 0x29, 0x3b, // 49.y * (-1.0)));
	0x0a, 0x20, 0x20, 0x20, 0x20, 0x66, 0x6c, 0x6f, 0x61, 0x74, 0x32, 0x20, 0x5f, 0x31, 0x32, 0x33, // .    float2 _123
	0x32, 0x20, 0x3d, 0x20, 0x5f, 0x31, 0x37, 0x34, 0x39, 0x20, 0x2a, 0x20, 0x5f, 0x6d, 0x74, 0x6c, // 2 = _1749 * _mtl
	0x5f, 0x75, 0x2e, 0x75, 0x5f, 0x66, 0x73, 0x66, 0x55, 0x56, 0x44, 0x69, 0x73, 0x74, 0x6f, 0x72, // _u.u_fsfUVDistor
	0x74, 0x69, 0x6f, 0x6e, 0x50, 0x61, 0x72, 0x61, 0x6d, 0x65, 0x74, 0x65, 0x72, 0x2e, 0x79, 0x3b, // tionParameter.y;
	0x0a, 0x20, 0x20, 0x20, 0x20, 0x66, 0x6c, 0x6f, 0x61, 0x74, 0x34, 0x20, 0x5f, 0x31, 0x38, 0x36, // .    float4 _186
	0x30, 0x20, 0x3d, 0x20, 0x73, 0x5f, 0x62, 0x6c, 0x65, 0x6e, 0x64, 0x54, 0x65, 0x78, 0x2e, 0x73, // 0 = s_blendTex.s
	0x61, 0x6d, 0x70, 0x6c, 0x65, 0x28, 0x73, 0x5f, 0x62, 0x6c, 0x65, 0x6e, 0x64, 0x54, 0x65, 0x78, // ample(s_blendTex
	0x53, 0x61, 0x6d, 0x70, 0x6c, 0x65, 0x72, 0x2c, 0x20, 0x28, 0x69, 0x6e, 0x2e, 0x76, 0x5f, 0x42, // Sampler, (in.v_B
	0x6c, 0x65, 0x6e, 0x64, 0x5f, 0x46, 0x42, 0x4e, 0x65, 0x78, 0x74, 0x49, 0x6e, 0x64, 0x65, 0x78, // lend_FBNextIndex
	0x5f, 0x55, 0x56, 0x2e, 0x78, 0x79, 0x20, 0x2b, 0x20, 0x5f, 0x31, 0x32, 0x33, 0x32, 0x29, 0x29, // _UV.xy + _1232))
	0x3b, 0x0a, 0x20, 0x20, 0x20, 0x20, 0x66, 0x6c, 0x6f, 0x61, 0x74, 0x34, 0x20, 0x5f, 0x31, 0x38, // ;.    float4 _18
	0x36, 0x39, 0x20, 0x3d, 0x20, 0x73, 0x5f, 0x62, 0x6c, 0x65, 0x6e, 0x64, 0x41, 0x6c, 0x70, 0x68, // 69 = s_blendAlph
	0x61, 0x54, 0x65, 0x78, 0x2e, 0x73, 0x61, 0x6d, 0x70, 0x6c, 0x65, 0x28, 0x73, 0x5f, 0x62, 0x6c, // aTex.sample(s_bl
	0x65, 0x6e, 0x64, 0x41, 0x6c, 0x70, 0x68, 0x61, 0x54, 0x65, 0x78, 0x53, 0x61, 0x6d, 0x70, 0x6c, // endAlphaTexSampl
	0x65, 0x72, 0x2c, 0x20, 0x28, 0x69, 0x6e, 0x2e, 0x76, 0x5f, 0x42, 0x6c, 0x65, 0x6e, 0x64, 0x5f, // er, (in.v_Blend_
	0x41, 0x6c, 0x70, 0x68, 0x61, 0x5f, 0x44, 0x69, 0x73, 0x74, 0x5f, 0x55, 0x56, 0x2e, 0x78, 0x79, // Alpha_Dist_UV.xy
	0x20, 0x2b, 0x20, 0x5f, 0x31, 0x32, 0x33, 0x32, 0x29, 0x29, 0x3b, 0x0a, 0x20, 0x20, 0x20, 0x20, //  + _1232));.    
	0x66, 0x6c, 0x6f, 0x61, 0x74, 0x20, 0x5f, 0x31, 0x32, 0x35, 0x32, 0x20, 0x3d, 0x20, 0x5f, 0x31, // float _1252 = _1
	0x38, 0x36, 0x30, 0x2e, 0x77, 0x20, 0x2a, 0x20, 0x28, 0x5f, 0x31, 0x38, 0x36, 0x39, 0x2e, 0x78, // 860.w * (_1869.x
	0x20, 0x2a, 0x20, 0x5f, 0x31, 0x38, 0x36, 0x39, 0x2e, 0x77, 0x29, 0x3b, 0x0a, 0x20, 0x20, 0x20, //  * _1869.w);.   
	0x20, 0x66, 0x6c, 0x6f, 0x61, 0x74, 0x34, 0x20, 0x5f, 0x32, 0x33, 0x34, 0x30, 0x3b, 0x0a, 0x20, //  float4 _2340;. 
	0x20, 0x20, 0x20, 0x69, 0x66, 0x20, 0x28, 0x5f, 0x6d, 0x74, 0x6c, 0x5f, 0x75, 0x2e, 0x75, 0x5f, //    if (_mtl_u.u_
	0x66, 0x73, 0x66, 0x42, 0x6c, 0x65, 0x6e, 0x64, 0x54, 0x65, 0x78, 0x74, 0x75, 0x72, 0x65, 0x50, // fsfBlendTextureP
	0x61, 0x72, 0x61, 0x6d, 0x65, 0x74, 0x65, 0x72, 0x2e, 0x78, 0x20, 0x3d, 0x3d, 0x20, 0x30, 0x2e, // arameter.x == 0.
	0x30, 0x29, 0x0a, 0x20, 0x20, 0x20, 0x20, 0x7b, 0x0a, 0x20, 0x20, 0x20, 0x20, 0x20, 0x20, 0x20, // 0).    {.       
	0x20, 0x5f, 0x32, 0x33, 0x34, 0x30, 0x20, 0x3d, 0x20, 0x66, 0x6c, 0x6f, 0x61, 0x74, 0x34, 0x28, //  _2340 = float4(
	0x28, 0x28, 0x5f, 0x31, 0x38, 0x36, 0x30, 0x2e, 0x78, 0x79, 0x7a, 0x20, 0x2a, 0x20, 0x5f, 0x31, // ((_1860.xyz * _1
	0x32, 0x35, 0x32, 0x29, 0x20, 0x2b, 0x20, 0x28, 0x5f, 0x32, 0x32, 0x34, 0x34, 0x2e, 0x78, 0x79, // 252) + (_2244.xy
	0x7a, 0x20, 0x2a, 0x20, 0x28, 0x31, 0x2e, 0x30, 0x20, 0x2d, 0x20, 0x5f, 0x31, 0x32, 0x35, 0x32, // z * (1.0 - _1252
	0x29, 0x29, 0x29, 0x2e, 0x78, 0x79, 0x2c, 0x20, 0x5f, 0x32, 0x33, 0x35, 0x31, 0x2c, 0x20, 0x5f, // ))).xy, _2351, _
	0x31, 0x32, 0x31, 0x38, 0x29, 0x3b, 0x0a, 0x20, 0x20, 0x20, 0x20, 0x7d, 0x0a, 0x20, 0x20, 0x20, // 1218);.    }.   
	0x20, 0x65, 0x6c, 0x73, 0x65, 0x0a, 0x20, 0x20, 0x20, 0x20, 0x7b, 0x0a, 0x20, 0x20, 0x20, 0x20, //  else.    {.    
	0x20, 0x20, 0x20, 0x20, 0x66, 0x6c, 0x6f, 0x61, 0x74, 0x34, 0x20, 0x5f, 0x32, 0x33, 0x34, 0x31, //     float4 _2341
	0x3b, 0x0a, 0x20, 0x20, 0x20, 0x20, 0x20, 0x20, 0x20, 0x20, 0x69, 0x66, 0x20, 0x28, 0x5f, 0x6d, // ;.        if (_m
	0x74, 0x6c, 0x5f, 0x75, 0x2e, 0x75, 0x5f, 0x66, 0x73, 0x66, 0x42, 0x6c, 0x65, 0x6e, 0x64, 0x54, // tl_u.u_fsfBlendT
	0x65, 0x78, 0x74, 0x75, 0x72, 0x65, 0x50, 0x61, 0x72, 0x61, 0x6d, 0x65, 0x74, 0x65, 0x72, 0x2e, // extureParameter.
	0x78, 0x20, 0x3d, 0x3d, 0x20, 0x31, 0x2e, 0x30, 0x29, 0x0a, 0x20, 0x20, 0x20, 0x20, 0x20, 0x20, // x == 1.0).      
	0x20, 0x20, 0x7b, 0x0a, 0x20, 0x20, 0x20, 0x20, 0x20, 0x20, 0x20, 0x20, 0x20, 0x20, 0x20, 0x20, //   {.            
	0x5f, 0x32, 0x33, 0x34, 0x31, 0x20, 0x3d, 0x20, 0x66, 0x6c, 0x6f, 0x61, 0x74, 0x34, 0x28, 0x28, // _2341 = float4((
	0x5f, 0x32, 0x32, 0x34, 0x34, 0x2e, 0x78, 0x79, 0x7a, 0x20, 0x2b, 0x20, 0x28, 0x5f, 0x31, 0x38, // _2244.xyz + (_18
	0x36, 0x30, 0x2e, 0x78, 0x79, 0x7a, 0x20, 0x2a, 0x20, 0x5f, 0x31, 0x32, 0x35, 0x32, 0x29, 0x29, // 60.xyz * _1252))
	0x2e, 0x78, 0x79, 0x2c, 0x20, 0x5f, 0x32, 0x33, 0x35, 0x31, 0x2c, 0x20, 0x5f, 0x31, 0x32, 0x31, // .xy, _2351, _121
	0x38, 0x29, 0x3b, 0x0a, 0x20, 0x20, 0x20, 0x20, 0x20, 0x20, 0x20, 0x20, 0x7d, 0x0a, 0x20, 0x20, // 8);.        }.  
	0x20, 0x20, 0x20, 0x20, 0x20, 0x20, 0x65, 0x6c, 0x73, 0x65, 0x0a, 0x20, 0x20, 0x20, 0x20, 0x20, //       else.     
	0x20, 0x20, 0x20, 0x7b, 0x0a, 0x20, 0x20, 0x20, 0x20, 0x20, 0x20, 0x20, 0x20, 0x20, 0x20, 0x20, //    {.           
	0x20, 0x66, 0x6c, 0x6f, 0x61, 0x74, 0x34, 0x20, 0x5f, 0x32, 0x33, 0x34, 0x32, 0x3b, 0x0a, 0x20, //  float4 _2342;. 
	0x20, 0x20, 0x20, 0x20, 0x20, 0x20, 0x20, 0x20, 0x20, 0x20, 0x20, 0x69, 0x66, 0x20, 0x28, 0x5f, //            if (_
	0x6d, 0x74, 0x6c, 0x5f, 0x75, 0x2e, 0x75, 0x5f, 0x66, 0x73, 0x66, 0x42, 0x6c, 0x65, 0x6e, 0x64, // mtl_u.u_fsfBlend
	0x54, 0x65, 0x78, 0x74, 0x75, 0x72, 0x65, 0x50, 0x61, 0x72, 0x61, 0x6d, 0x65, 0x74, 0x65, 0x72, // TextureParameter
	0x2e, 0x78, 0x20, 0x3d, 0x3d, 0x20, 0x32, 0x2e, 0x30, 0x29, 0x0a, 0x20, 0x20, 0x20, 0x20, 0x20, // .x == 2.0).     
	0x20, 0x20, 0x20, 0x20, 0x20, 0x20, 0x20, 0x7b, 0x0a, 0x20, 0x20, 0x20, 0x20, 0x20, 0x20, 0x20, //        {.       
	0x20, 0x20, 0x20, 0x20, 0x20, 0x20, 0x20, 0x20, 0x20, 0x5f, 0x32, 0x33, 0x34, 0x32, 0x20, 0x3d, //          _2342 =
	0x20, 0x66, 0x6c, 0x6f, 0x61, 0x74, 0x34, 0x28, 0x28, 0x5f, 0x32, 0x32, 0x34, 0x34, 0x2e, 0x78, //  float4((_2244.x
	0x79, 0x7a, 0x20, 0x2d, 0x20, 0x28, 0x5f, 0x31, 0x38, 0x36, 0x30, 0x2e, 0x78, 0x79, 0x7a, 0x20, // yz - (_1860.xyz 
	0x2a, 0x20, 0x5f, 0x31, 0x32, 0x35, 0x32, 0x29, 0x29, 0x2e, 0x78, 0x79, 0x2c, 0x20, 0x5f, 0x32, // * _1252)).xy, _2
	0x33, 0x35, 0x31, 0x2c, 0x20, 0x5f, 0x31, 0x32, 0x31, 0x38, 0x29, 0x3b, 0x0a, 0x20, 0x20, 0x20, // 351, _1218);.   
	0x20, 0x20, 0x20, 0x20, 0x20, 0x20, 0x20, 0x20, 0x20, 0x7d, 0x0a, 0x20, 0x20, 0x20, 0x20, 0x20, //          }.     
	0x20, 0x20, 0x20, 0x20, 0x20, 0x20, 0x20, 0x65, 0x6c, 0x73, 0x65, 0x0a, 0x20, 0x20, 0x20, 0x20, //        else.    
	0x20, 0x20, 0x20, 0x20, 0x20, 0x20, 0x20, 0x20, 0x7b, 0x0a, 0x20, 0x20, 0x20, 0x20, 0x20, 0x20, //         {.      
	0x20, 0x20, 0x20, 0x20, 0x20, 0x20, 0x20, 0x20, 0x20, 0x20, 0x66, 0x6c, 0x6f, 0x61, 0x74, 0x34, //           float4
	0x20, 0x5f, 0x32, 0x33, 0x34, 0x33, 0x3b, 0x0a, 0x20, 0x20, 0x20, 0x20, 0x20, 0x20, 0x20, 0x20, //  _2343;.        
	0x20, 0x20, 0x20, 0x20, 0x20, 0x20, 0x20, 0x20, 0x69, 0x66, 0x20, 0x28, 0x5f, 0x6d, 0x74, 0x6c, //         if (_mtl
	0x5f, 0x75, 0x2e, 0x75, 0x5f, 0x66, 0x73, 0x66, 0x42, 0x6c, 0x65, 0x6e, 0x64, 0x54, 0x65, 0x78, // _u.u_fsfBlendTex
	0x74, 0x75, 0x72, 0x65, 0x50, 0x61, 0x72, 0x61, 0x6d, 0x65, 0x74, 0x65, 0x72, 0x2e, 0x78, 0x20, // tureParameter.x 
	0x3d, 0x3d, 0x20, 0x33, 0x2e, 0x30, 0x29, 0x0a, 0x20, 0x20, 0x20, 0x20, 0x20, 0x20, 0x20, 0x20, // == 3.0).        
	0x20, 0x20, 0x20, 0x20, 0x20, 0x20, 0x20, 0x20, 0x7b, 0x0a, 0x20, 0x20, 0x20, 0x20, 0x20, 0x20, //         {.      
	0x20, 0x20, 0x20, 0x20, 0x20, 0x20, 0x20, 0x20, 0x20, 0x20, 0x20, 0x20, 0x20, 0x20, 0x5f, 0x32, //               _2
	0x33, 0x34, 0x33, 0x20, 0x3d, 0x20, 0x66, 0x6c, 0x6f, 0x61, 0x74, 0x34, 0x28, 0x28, 0x5f, 0x32, // 343 = float4((_2
	0x32, 0x34, 0x34, 0x2e, 0x78, 0x79, 0x7a, 0x20, 0x2a, 0x20, 0x28, 0x5f, 0x31, 0x38, 0x36, 0x30, // 244.xyz * (_1860
	0x2e, 0x78, 0x79, 0x7a, 0x20, 0x2a, 0x20, 0x5f, 0x31, 0x32, 0x35, 0x32, 0x29, 0x29, 0x2e, 0x78, // .xyz * _1252)).x
	0x79, 0x2c, 0x20, 0x5f, 0x32, 0x33, 0x35, 0x31, 0x2c, 0x20, 0x5f, 0x31, 0x32, 0x31, 0x38, 0x29, // y, _2351, _1218)
	0x3b, 0x0a, 0x20, 0x20, 0x20, 0x20, 0x20, 0x20, 0x20, 0x20, 0x20, 0x20, 0x20, 0x20, 0x20, 0x20, // ;.              
	0x20, 0x20, 0x7d, 0x0a, 0x20, 0x20, 0x20, 0x20, 0x20, 0x20, 0x20, 0x20, 0x20, 0x20, 0x20, 0x20, //   }.            
	0x20, 0x20, 0x20, 0x20, 0x65, 0x6c, 0x73, 0x65, 0x0a, 0x20, 0x20, 0x20, 0x20, 0x20, 0x20, 0x20, //     else.       
	0x20, 0x20, 0x20, 0x20, 0x20, 0x20, 0x20, 0x20, 0x20, 0x7b, 0x0a, 0x20, 0x20, 0x20, 0x20, 0x20, //          {.     
	0x20, 0x20, 0x20, 0x20, 0x20, 0x20, 0x20, 0x20, 0x20, 0x20, 0x20, 0x20, 0x20, 0x20, 0x20, 0x5f, //                _
	0x32, 0x33, 0x34, 0x33, 0x20, 0x3d, 0x20, 0x5f, 0x32, 0x32, 0x34, 0x34, 0x3b, 0x0a, 0x20, 0x20, // 2343 = _2244;.  
	0x20, 0x20, 0x20, 0x20, 0x20, 0x20, 0x20, 0x20, 0x20, 0x20, 0x20, 0x20, 0x20, 0x20, 0x7d, 0x0a, //               }.
	0x20, 0x20, 0x20, 0x20, 0x20, 0x20, 0x20, 0x20, 0x20, 0x20, 0x20, 0x20, 0x20, 0x20, 0x20, 0x20, //                 
	0x5f, 0x32, 0x33, 0x34, 0x32, 0x20, 0x3d, 0x20, 0x5f, 0x32, 0x33, 0x34, 0x33, 0x3b, 0x0a, 0x20, // _2342 = _2343;. 
	0x20, 0x20, 0x20, 0x20, 0x20, 0x20, 0x20, 0x20, 0x20, 0x20, 0x20, 0x7d, 0x0a, 0x20, 0x20, 0x20, //            }.   
	0x20, 0x20, 0x20, 0x20, 0x20, 0x20, 0x20, 0x20, 0x20, 0x5f, 0x32, 0x33, 0x34, 0x31, 0x20, 0x3d, //          _2341 =
	0x20, 0x5f, 0x32, 0x33, 0x34, 0x32, 0x3b, 0x0a, 0x20, 0x20, 0x20, 0x20, 0x20, 0x20, 0x20, 0x20, //  _2342;.        
	0x7d, 0x0a, 0x20, 0x20, 0x20, 0x20, 0x20, 0x20, 0x20, 0x20, 0x5f, 0x32, 0x33, 0x34, 0x30, 0x20, // }.        _2340 
	0x3d, 0x20, 0x5f, 0x32, 0x33, 0x34, 0x31, 0x3b, 0x0a, 0x20, 0x20, 0x20, 0x20, 0x7d, 0x0a, 0x20, // = _2341;.    }. 
	0x20, 0x20, 0x20, 0x69, 0x66, 0x20, 0x28, 0x5f, 0x32, 0x33, 0x34, 0x30, 0x2e, 0x77, 0x20, 0x3c, //    if (_2340.w <
	0x3d, 0x20, 0x66, 0x61, 0x73, 0x74, 0x3a, 0x3a, 0x6d, 0x61, 0x78, 0x28, 0x30, 0x2e, 0x30, 0x2c, // = fast::max(0.0,
	0x20, 0x69, 0x6e, 0x2e, 0x76, 0x5f, 0x55, 0x56, 0x5f, 0x4f, 0x74, 0x68, 0x65, 0x72, 0x73, 0x2e, //  in.v_UV_Others.
	0x77, 0x29, 0x29, 0x0a, 0x20, 0x20, 0x20, 0x20, 0x7b, 0x0a, 0x20, 0x20, 0x20, 0x20, 0x20, 0x20, // w)).    {.      
	0x20, 0x20, 0x64, 0x69, 0x73, 0x63, 0x61, 0x72, 0x64, 0x5f, 0x66, 0x72, 0x61, 0x67, 0x6d, 0x65, //   discard_fragme
	0x6e, 0x74, 0x28, 0x29, 0x3b, 0x0a, 0x20, 0x20, 0x20, 0x20, 0x7d, 0x0a, 0x20, 0x20, 0x20, 0x20, // nt();.    }.    
	0x66, 0x6c, 0x6f, 0x61, 0x74, 0x32, 0x20, 0x5f, 0x31, 0x32, 0x37, 0x36, 0x20, 0x3d, 0x20, 0x69, // float2 _1276 = i
	0x6e, 0x2e, 0x76, 0x5f, 0x50, 0x6f, 0x73, 0x50, 0x2e, 0x78, 0x79, 0x20, 0x2f, 0x20, 0x66, 0x6c, // n.v_PosP.xy / fl
	0x6f, 0x61, 0x74, 0x32, 0x28, 0x69, 0x6e, 0x2e, 0x76, 0x5f, 0x50, 0x6f, 0x73, 0x50, 0x2e, 0x77, // oat2(in.v_PosP.w
	0x29, 0x3b, 0x0a, 0x20, 0x20, 0x20, 0x20, 0x66, 0x6c, 0x6f, 0x61, 0x74, 0x32, 0x20, 0x5f, 0x31, // );.    float2 _1
	0x33, 0x32, 0x33, 0x20, 0x3d, 0x20, 0x28, 0x5f, 0x31, 0x32, 0x37, 0x36, 0x20, 0x2b, 0x20, 0x28, // 323 = (_1276 + (
	0x28, 0x28, 0x69, 0x6e, 0x2e, 0x76, 0x5f, 0x50, 0x72, 0x6f, 0x6a, 0x54, 0x61, 0x6e, 0x67, 0x65, // ((in.v_ProjTange
	0x6e, 0x74, 0x2e, 0x78, 0x79, 0x20, 0x2f, 0x20, 0x66, 0x6c, 0x6f, 0x61, 0x74, 0x32, 0x28, 0x69, // nt.xy / float2(i
	0x6e, 0x2e, 0x76, 0x5f, 0x50, 0x72, 0x6f, 0x6a, 0x54, 0x61, 0x6e, 0x67, 0x65, 0x6e, 0x74, 0x2e, // n.v_ProjTangent.
	0x77, 0x29, 0x29, 0x20, 0x2d, 0x20, 0x5f, 0x31, 0x32, 0x37, 0x36, 0x29, 0x20, 0x2a, 0x20, 0x28, // w)) - _1276) * (
	0x28, 0x28, 0x28, 0x5f, 0x32, 0x33, 0x34, 0x30, 0x2e, 0x78, 0x20, 0x2a, 0x20, 0x32, 0x2e, 0x30, // (((_2340.x * 2.0
	0x29, 0x20, 0x2d, 0x20, 0x31, 0x2e, 0x30, 0x29, 0x20, 0x2a, 0x20, 0x69, 0x6e, 0x2e, 0x76, 0x5f, // ) - 1.0) * in.v_
	0x43, 0x6f, 0x6c, 0x6f, 0x72, 0x2e, 0x78, 0x29, 0x20, 0x2a, 0x20, 0x5f, 0x6d, 0x74, 0x6c, 0x5f, // Color.x) * _mtl_
	0x75, 0x2e, 0x75, 0x5f, 0x66, 0x73, 0x67, 0x5f, 0x73, 0x63, 0x61, 0x6c, 0x65, 0x2e, 0x78, 0x29, // u.u_fsg_scale.x)
	0x29, 0x29, 0x20, 0x2b, 0x20, 0x28, 0x28, 0x28, 0x69, 0x6e, 0x2e, 0x76, 0x5f, 0x50, 0x72, 0x6f, // )) + (((in.v_Pro
	0x6a, 0x42, 0x69, 0x6e, 0x6f, 0x72, 0x6d, 0x61, 0x6c, 0x2e, 0x78, 0x79, 0x20, 0x2f, 0x20, 0x66, // jBinormal.xy / f
	0x6c, 0x6f, 0x61, 0x74, 0x32, 0x28, 0x69, 0x6e, 0x2e, 0x76, 0x5f, 0x50, 0x72, 0x6f, 0x6a, 0x42, // loat2(in.v_ProjB
	0x69, 0x6e, 0x6f, 0x72, 0x6d, 0x61, 0x6c, 0x2e, 0x77, 0x29, 0x29, 0x20, 0x2d, 0x20, 0x5f, 0x31, // inormal.w)) - _1
	0x32, 0x37, 0x36, 0x29, 0x20, 0x2a, 0x20, 0x28, 0x28, 0x28, 0x28, 0x5f, 0x32, 0x33, 0x34, 0x30, // 276) * ((((_2340
	0x2e, 0x79, 0x20, 0x2a, 0x20, 0x32, 0x2e, 0x30, 0x29, 0x20, 0x2d, 0x20, 0x31, 0x2e, 0x30, 0x29, // .y * 2.0) - 1.0)
	0x20, 0x2a, 0x20, 0x69, 0x6e, 0x2e, 0x76, 0x5f, 0x43, 0x6f, 0x6c, 0x6f, 0x72, 0x2e, 0x79, 0x29, //  * in.v_Color.y)
	0x20, 0x2a, 0x20, 0x5f, 0x6d, 0x74, 0x6c, 0x5f, 0x75, 0x2e, 0x75, 0x5f, 0x66, 0x73, 0x67, 0x5f, //  * _mtl_u.u_fsg_
	0x73, 0x63, 0x61, 0x6c, 0x65, 0x2e, 0x78, 0x29, 0x29, 0x3b, 0x0a, 0x20, 0x20, 0x20, 0x20, 0x66, // scale.x));.    f
	0x6c, 0x6f, 0x61, 0x74, 0x20, 0x5f, 0x31, 0x33, 0x33, 0x33, 0x20, 0x3d, 0x20, 0x31, 0x2e, 0x30, // loat _1333 = 1.0
	0x20, 0x2d, 0x20, 0x28, 0x28, 0x5f, 0x31, 0x33, 0x32, 0x33, 0x2e, 0x79, 0x20, 0x2b, 0x20, 0x31, //  - ((_1323.y + 1
	0x2e, 0x30, 0x29, 0x20, 0x2a, 0x20, 0x30, 0x2e, 0x35, 0x29, 0x3b, 0x0a, 0x20, 0x20, 0x20, 0x20, // .0) * 0.5);.    
	0x66, 0x6c, 0x6f, 0x61, 0x74, 0x32, 0x20, 0x5f, 0x32, 0x33, 0x34, 0x39, 0x20, 0x3d, 0x20, 0x66, // float2 _2349 = f
	0x6c, 0x6f, 0x61, 0x74, 0x32, 0x28, 0x28, 0x5f, 0x31, 0x33, 0x32, 0x33, 0x2e, 0x78, 0x20, 0x2b, // loat2((_1323.x +
	0x20, 0x31, 0x2e, 0x30, 0x29, 0x20, 0x2a, 0x20, 0x30, 0x2e, 0x35, 0x2c, 0x20, 0x5f, 0x31, 0x33, //  1.0) * 0.5, _13
	0x33, 0x33, 0x29, 0x3b, 0x0a, 0x20, 0x20, 0x20, 0x20, 0x5f, 0x32, 0x33, 0x34, 0x39, 0x2e, 0x79, // 33);.    _2349.y
	0x20, 0x3d, 0x20, 0x5f, 0x6d, 0x74, 0x6c, 0x5f, 0x75, 0x2e, 0x75, 0x5f, 0x66, 0x73, 0x6d, 0x55, //  = _mtl_u.u_fsmU
	0x56, 0x49, 0x6e, 0x76, 0x65, 0x72, 0x73, 0x65, 0x64, 0x42, 0x61, 0x63, 0x6b, 0x2e, 0x78, 0x20, // VInversedBack.x 
	0x2b, 0x20, 0x28, 0x5f, 0x6d, 0x74, 0x6c, 0x5f, 0x75, 0x2e, 0x75, 0x5f, 0x66, 0x73, 0x6d, 0x55, // + (_mtl_u.u_fsmU
	0x56, 0x49, 0x6e, 0x76, 0x65, 0x72, 0x73, 0x65, 0x64, 0x42, 0x61, 0x63, 0x6b, 0x2e, 0x79, 0x20, // VInversedBack.y 
	0x2a, 0x20, 0x5f, 0x31, 0x33, 0x33, 0x33, 0x29, 0x3b, 0x0a, 0x20, 0x20, 0x20, 0x20, 0x66, 0x6c, // * _1333);.    fl
	0x6f, 0x61, 0x74, 0x34, 0x20, 0x5f, 0x31, 0x39, 0x39, 0x34, 0x20, 0x3d, 0x20, 0x73, 0x5f, 0x62, // oat4 _1994 = s_b
	0x61, 0x63, 0x6b, 0x54, 0x65, 0x78, 0x2e, 0x73, 0x61, 0x6d, 0x70, 0x6c, 0x65, 0x28, 0x73, 0x5f, // ackTex.sample(s_
	0x62, 0x61, 0x63, 0x6b, 0x54, 0x65, 0x78, 0x53, 0x61, 0x6d, 0x70, 0x6c, 0x65, 0x72, 0x2c, 0x20, // backTexSampler, 
	0x5f, 0x32, 0x33, 0x34, 0x39, 0x29, 0x3b, 0x0a, 0x20, 0x20, 0x20, 0x20, 0x66, 0x6c, 0x6f, 0x61, // _2349);.    floa
	0x74, 0x20, 0x5f, 0x31, 0x33, 0x34, 0x39, 0x20, 0x3d, 0x20, 0x5f, 0x31, 0x39, 0x39, 0x34, 0x2e, // t _1349 = _1994.
	0x78, 0x3b, 0x0a, 0x20, 0x20, 0x20, 0x20, 0x66, 0x6c, 0x6f, 0x61, 0x74, 0x34, 0x20, 0x5f, 0x32, // x;.    float4 _2
	0x33, 0x31, 0x33, 0x20, 0x3d, 0x20, 0x5f, 0x32, 0x33, 0x34, 0x30, 0x3b, 0x0a, 0x20, 0x20, 0x20, // 313 = _2340;.   
	0x20, 0x5f, 0x32, 0x33, 0x31, 0x33, 0x2e, 0x78, 0x20, 0x3d, 0x20, 0x5f, 0x31, 0x33, 0x34, 0x39, //  _2313.x = _1349
	0x3b, 0x0a, 0x20, 0x20, 0x20, 0x20, 0x5f, 0x32, 0x33, 0x31, 0x33, 0x2e, 0x79, 0x20, 0x3d, 0x20, // ;.    _2313.y = 
	0x5f, 0x31, 0x39, 0x39, 0x34, 0x2e, 0x79, 0x3b, 0x0a, 0x20, 0x20, 0x20, 0x20, 0x5f, 0x32, 0x33, // _1994.y;.    _23
	0x31, 0x33, 0x2e, 0x7a, 0x20, 0x3d, 0x20, 0x5f, 0x31, 0x39, 0x39, 0x34, 0x2e, 0x7a, 0x3b, 0x0a, // 13.z = _1994.z;.
	0x20, 0x20, 0x20, 0x20, 0x66, 0x6c, 0x6f, 0x61, 0x74, 0x34, 0x20, 0x5f, 0x31, 0x33, 0x36, 0x32, //     float4 _1362
	0x20, 0x3d, 0x20, 0x69, 0x6e, 0x2e, 0x76, 0x5f, 0x50, 0x6f, 0x73, 0x50, 0x20, 0x2f, 0x20, 0x66, //  = in.v_PosP / f
	0x6c, 0x6f, 0x61, 0x74, 0x34, 0x28, 0x69, 0x6e, 0x2e, 0x76, 0x5f, 0x50, 0x6f, 0x73, 0x50, 0x2e, // loat4(in.v_PosP.
	0x77, 0x29, 0x3b, 0x0a, 0x20, 0x20, 0x20, 0x20, 0x66, 0x6c, 0x6f, 0x61, 0x74, 0x32, 0x20, 0x5f, // w);.    float2 _
	0x31, 0x33, 0x36, 0x38, 0x20, 0x3d, 0x20, 0x28, 0x5f, 0x31, 0x33, 0x36, 0x32, 0x2e, 0x78, 0x79, // 1368 = (_1362.xy
	0x20, 0x2b, 0x20, 0x66, 0x6c, 0x6f, 0x61, 0x74, 0x32, 0x28, 0x31, 0x2e, 0x30, 0x29, 0x29, 0x20, //  + float2(1.0)) 
	0x2a, 0x20, 0x66, 0x6c, 0x6f, 0x61, 0x74, 0x32, 0x28, 0x30, 0x2e, 0x35, 0x29, 0x3b, 0x0a, 0x20, // * float2(0.5);. 
	0x20, 0x20, 0x20, 0x5f, 0x31, 0x33, 0x36, 0x38, 0x2e, 0x79, 0x20, 0x3d, 0x20, 0x31, 0x2e, 0x30, //    _1368.y = 1.0
	0x20, 0x2d, 0x20, 0x5f, 0x31, 0x33, 0x36, 0x38, 0x2e, 0x79, 0x3b, 0x0a, 0x20, 0x20, 0x20, 0x20, //  - _1368.y;.    
	0x66, 0x6c, 0x6f, 0x61, 0x74, 0x34, 0x20, 0x5f, 0x32, 0x33, 0x34, 0x34, 0x3b, 0x0a, 0x20, 0x20, // float4 _2344;.  
	0x20, 0x20, 0x69, 0x66, 0x20, 0x28, 0x5f, 0x6d, 0x74, 0x6c, 0x5f, 0x75, 0x2e, 0x75, 0x5f, 0x66, //   if (_mtl_u.u_f
	0x73, 0x73, 0x6f, 0x66, 0x74, 0x50, 0x61, 0x72, 0x74, 0x69, 0x63, 0x6c, 0x65, 0x50, 0x61, 0x72, // ssoftParticlePar
	0x61, 0x6d, 0x2e, 0x77, 0x20, 0x21, 0x3d, 0x20, 0x30, 0x2e, 0x30, 0x29, 0x0a, 0x20, 0x20, 0x20, // am.w != 0.0).   
	0x20, 0x7b, 0x0a, 0x20, 0x20, 0x20, 0x20, 0x20, 0x20, 0x20, 0x20, 0x66, 0x6c, 0x6f, 0x61, 0x74, //  {.        float
	0x32, 0x20, 0x5f, 0x32, 0x30, 0x34, 0x37, 0x20, 0x3d, 0x20, 0x66, 0x6c, 0x6f, 0x61, 0x74, 0x32, // 2 _2047 = float2
	0x28, 0x28, 0x73, 0x5f, 0x64, 0x65, 0x70, 0x74, 0x68, 0x54, 0x65, 0x78, 0x2e, 0x73, 0x61, 0x6d, // ((s_depthTex.sam
	0x70, 0x6c, 0x65, 0x28, 0x73, 0x5f, 0x64, 0x65, 0x70, 0x74, 0x68, 0x54, 0x65, 0x78, 0x53, 0x61, // ple(s_depthTexSa
	0x6d, 0x70, 0x6c, 0x65, 0x72, 0x2c, 0x20, 0x5f, 0x31, 0x33, 0x36, 0x38, 0x29, 0x2e, 0x78, 0x20, // mpler, _1368).x 
	0x2a, 0x20, 0x5f, 0x6d, 0x74, 0x6c, 0x5f, 0x75, 0x2e, 0x75, 0x5f, 0x66, 0x73, 0x72, 0x65, 0x63, // * _mtl_u.u_fsrec
	0x6f, 0x6e, 0x73, 0x74, 0x72, 0x75, 0x63, 0x74, 0x69, 0x6f, 0x6e, 0x50, 0x61, 0x72, 0x61, 0x6d, // onstructionParam
	0x31, 0x2e, 0x78, 0x29, 0x20, 0x2b, 0x20, 0x5f, 0x6d, 0x74, 0x6c, 0x5f, 0x75, 0x2e, 0x75, 0x5f, // 1.x) + _mtl_u.u_
	0x66, 0x73, 0x72, 0x65, 0x63, 0x6f, 0x6e, 0x73, 0x74, 0x72, 0x75, 0x63, 0x74, 0x69, 0x6f, 0x6e, // fsreconstruction
	0x50, 0x61, 0x72, 0x61, 0x6d, 0x31, 0x2e, 0x79, 0x2c, 0x20, 0x5f, 0x31, 0x33, 0x36, 0x32, 0x2e, // Param1.y, _1362.
	0x7a, 0x29, 0x3b, 0x0a, 0x20, 0x20, 0x20, 0x20, 0x20, 0x20, 0x20, 0x20, 0x66, 0x6c, 0x6f, 0x61, // z);.        floa
	0x74, 0x32, 0x20, 0x5f, 0x32, 0x30, 0x36, 0x34, 0x20, 0x3d, 0x20, 0x28, 0x28, 0x5f, 0x32, 0x30, // t2 _2064 = ((_20
	0x34, 0x37, 0x20, 0x2a, 0x20, 0x5f, 0x6d, 0x74, 0x6c, 0x5f, 0x75, 0x2e, 0x75, 0x5f, 0x66, 0x73, // 47 * _mtl_u.u_fs
	0x72, 0x65, 0x63, 0x6f, 0x6e, 0x73, 0x74, 0x72, 0x75, 0x63, 0x74, 0x69, 0x6f, 0x6e, 0x50, 0x61, // reconstructionPa
	0x72, 0x61, 0x6d, 0x32, 0x2e, 0x77, 0x29, 0x20, 0x2d, 0x20, 0x66, 0x6c, 0x6f, 0x61, 0x74, 0x32, // ram2.w) - float2
	0x28, 0x5f, 0x6d, 0x74, 0x6c, 0x5f, 0x75, 0x2e, 0x75, 0x5f, 0x66, 0x73, 0x72, 0x65, 0x63, 0x6f, // (_mtl_u.u_fsreco
	0x6e, 0x73, 0x74, 0x72, 0x75, 0x63, 0x74, 0x69, 0x6f, 0x6e, 0x50, 0x61, 0x72, 0x61, 0x6d, 0x32, // nstructionParam2
	0x2e, 0x79, 0x29, 0x29, 0x20, 0x2f, 0x20, 0x28, 0x66, 0x6c, 0x6f, 0x61, 0x74, 0x32, 0x28, 0x5f, // .y)) / (float2(_
	0x6d, 0x74, 0x6c, 0x5f, 0x75, 0x2e, 0x75, 0x5f, 0x66, 0x73, 0x72, 0x65, 0x63, 0x6f, 0x6e, 0x73, // mtl_u.u_fsrecons
	0x74, 0x72, 0x75, 0x63, 0x74, 0x69, 0x6f, 0x6e, 0x50, 0x61, 0x72, 0x61, 0x6d, 0x32, 0x2e, 0x78, // tructionParam2.x
	0x29, 0x20, 0x2d, 0x20, 0x28, 0x5f, 0x32, 0x30, 0x34, 0x37, 0x20, 0x2a, 0x20, 0x5f, 0x6d, 0x74, // ) - (_2047 * _mt
	0x6c, 0x5f, 0x75, 0x2e, 0x75, 0x5f, 0x66, 0x73, 0x72, 0x65, 0x63, 0x6f, 0x6e, 0x73, 0x74, 0x72, // l_u.u_fsreconstr
	0x75, 0x63, 0x74, 0x69, 0x6f, 0x6e, 0x50, 0x61, 0x72, 0x61, 0x6d, 0x32, 0x2e, 0x7a, 0x29, 0x29, // uctionParam2.z))
	0x3b, 0x0a, 0x20, 0x20, 0x20, 0x20, 0x20, 0x20, 0x20, 0x20, 0x66, 0x6c, 0x6f, 0x61, 0x74, 0x32, // ;.        float2
	0x20, 0x5f, 0x32, 0x30, 0x37, 0x30, 0x20, 0x3d, 0x20, 0x5f, 0x32, 0x30, 0x36, 0x34, 0x20, 0x2a, //  _2070 = _2064 *
	0x20, 0x73, 0x69, 0x67, 0x6e, 0x28, 0x5f, 0x32, 0x30, 0x36, 0x34, 0x2e, 0x78, 0x29, 0x3b, 0x0a, //  sign(_2064.x);.
	0x20, 0x20, 0x20, 0x20, 0x20, 0x20, 0x20, 0x20, 0x66, 0x6c, 0x6f, 0x61, 0x74, 0x20, 0x5f, 0x32, //         float _2
	0x30, 0x37, 0x34, 0x20, 0x3d, 0x20, 0x5f, 0x32, 0x30, 0x37, 0x30, 0x2e, 0x79, 0x3b, 0x0a, 0x20, // 074 = _2070.y;. 
	0x20, 0x20, 0x20, 0x20, 0x20, 0x20, 0x20, 0x5f, 0x32, 0x33, 0x34, 0x34, 0x20, 0x3d, 0x20, 0x66, //        _2344 = f
	0x6c, 0x6f, 0x61, 0x74, 0x34, 0x28, 0x5f, 0x31, 0x33, 0x34, 0x39, 0x2c, 0x20, 0x5f, 0x31, 0x39, // loat4(_1349, _19
	0x39, 0x34, 0x2e, 0x79, 0x7a, 0x2c, 0x20, 0x5f, 0x32, 0x33, 0x34, 0x30, 0x2e, 0x77, 0x20, 0x2a, // 94.yz, _2340.w *
	0x20, 0x66, 0x61, 0x73, 0x74, 0x3a, 0x3a, 0x6d, 0x69, 0x6e, 0x28, 0x66, 0x61, 0x73, 0x74, 0x3a, //  fast::min(fast:
	0x3a, 0x6d, 0x61, 0x78, 0x28, 0x66, 0x61, 0x73, 0x74, 0x3a, 0x3a, 0x6d, 0x69, 0x6e, 0x28, 0x28, // :max(fast::min((
	0x5f, 0x32, 0x30, 0x37, 0x30, 0x2e, 0x78, 0x20, 0x2d, 0x20, 0x5f, 0x32, 0x30, 0x37, 0x34, 0x29, // _2070.x - _2074)
	0x20, 0x2f, 0x20, 0x5f, 0x6d, 0x74, 0x6c, 0x5f, 0x75, 0x2e, 0x75, 0x5f, 0x66, 0x73, 0x73, 0x6f, //  / _mtl_u.u_fsso
	0x66, 0x74, 0x50, 0x61, 0x72, 0x74, 0x69, 0x63, 0x6c, 0x65, 0x50, 0x61, 0x72, 0x61, 0x6d, 0x2e, // ftParticleParam.
	0x78, 0x2c, 0x20, 0x28, 0x5f, 0x32, 0x30, 0x37, 0x34, 0x20, 0x2d, 0x20, 0x5f, 0x6d, 0x74, 0x6c, // x, (_2074 - _mtl
	0x5f, 0x75, 0x2e, 0x75, 0x5f, 0x66, 0x73, 0x73, 0x6f, 0x66, 0x74, 0x50, 0x61, 0x72, 0x74, 0x69, // _u.u_fssoftParti
	0x63, 0x6c, 0x65, 0x50, 0x61, 0x72, 0x61, 0x6d, 0x2e, 0x7a, 0x29, 0x20, 0x2f, 0x20, 0x5f, 0x6d, // cleParam.z) / _m
	0x74, 0x6c, 0x5f, 0x75, 0x2e, 0x75, 0x5f, 0x66, 0x73, 0x73, 0x6f, 0x66, 0x74, 0x50, 0x61, 0x72, // tl_u.u_fssoftPar
	0x74, 0x69, 0x63, 0x6c, 0x65, 0x50, 0x61, 0x72, 0x61, 0x6d, 0x2e, 0x79, 0x29, 0x2c, 0x20, 0x30, // ticleParam.y), 0
	0x2e, 0x30, 0x29, 0x2c, 0x20, 0x31, 0x2e, 0x30, 0x29, 0x29, 0x3b, 0x0a, 0x20, 0x20, 0x20, 0x20, // .0), 1.0));.    
	0x7d, 0x0a, 0x20, 0x20, 0x20, 0x20, 0x65, 0x6c, 0x73, 0x65, 0x0a, 0x20, 0x20, 0x20, 0x20, 0x7b, // }.    else.    {
	0x0a, 0x20, 0x20, 0x20, 0x20, 0x20, 0x20, 0x20, 0x20, 0x5f, 0x32, 0x33, 0x34, 0x34, 0x20, 0x3d, // .        _2344 =
	0x20, 0x5f, 0x32, 0x33, 0x31, 0x33, 0x3b, 0x0a, 0x20, 0x20, 0x20, 0x20, 0x7d, 0x0a, 0x20, 0x20, //  _2313;.    }.  
	0x20, 0x20, 0x6f, 0x75, 0x74, 0x2e, 0x62, 0x67, 0x66, 0x78, 0x5f, 0x46, 0x72, 0x61, 0x67, 0x44, //   out.bgfx_FragD
	0x61, 0x74, 0x61, 0x30, 0x20, 0x3d, 0x20, 0x5f, 0x32, 0x33, 0x34, 0x34, 0x3b, 0x0a, 0x20, 0x20, // ata0 = _2344;.  
	0x20, 0x20, 0x72, 0x65, 0x74, 0x75, 0x72, 0x6e, 0x20, 0x6f, 0x75, 0x74, 0x3b, 0x0a, 0x7d, 0x0a, //   return out;.}.
	0x0a, 0x00, 0x00, 0x80, 0x01,                                                                   // .....
};
