static const uint8_t ad_model_unlit_ps_essl[11063] =
{
	0x46, 0x53, 0x48, 0x0c, 0xf6, 0x96, 0xa7, 0xb8, 0x00, 0x00, 0x00, 0x00, 0x00, 0x00, 0x00, 0x00, // FSH.............
	0x00, 0x00, 0x00, 0x00, 0x16, 0x00, 0x0d, 0x75, 0x5f, 0x66, 0x73, 0x6d, 0x69, 0x73, 0x63, 0x46, // .......u_fsmiscF
	0x6c, 0x61, 0x67, 0x73, 0x02, 0x01, 0x00, 0x00, 0x01, 0x00, 0x00, 0x00, 0x00, 0x00, 0x1a, 0x75, // lags...........u
	0x5f, 0x66, 0x73, 0x66, 0x55, 0x56, 0x44, 0x69, 0x73, 0x74, 0x6f, 0x72, 0x74, 0x69, 0x6f, 0x6e, // _fsfUVDistortion
	0x50, 0x61, 0x72, 0x61, 0x6d, 0x65, 0x74, 0x65, 0x72, 0x02, 0x01, 0x00, 0x00, 0x01, 0x00, 0x00, // Parameter.......
	0x00, 0x00, 0x00, 0x16, 0x75, 0x5f, 0x66, 0x73, 0x66, 0x46, 0x6c, 0x69, 0x70, 0x62, 0x6f, 0x6f, // ....u_fsfFlipboo
	0x6b, 0x50, 0x61, 0x72, 0x61, 0x6d, 0x65, 0x74, 0x65, 0x72, 0x02, 0x01, 0x00, 0x00, 0x01, 0x00, // kParameter......
	0x00, 0x00, 0x00, 0x00, 0x1a, 0x75, 0x5f, 0x66, 0x73, 0x66, 0x42, 0x6c, 0x65, 0x6e, 0x64, 0x54, // .....u_fsfBlendT
	0x65, 0x78, 0x74, 0x75, 0x72, 0x65, 0x50, 0x61, 0x72, 0x61, 0x6d, 0x65, 0x74, 0x65, 0x72, 0x02, // extureParameter.
	0x01, 0x00, 0x00, 0x01, 0x00, 0x00, 0x00, 0x00, 0x00, 0x15, 0x75, 0x5f, 0x66, 0x73, 0x66, 0x46, // ..........u_fsfF
	0x61, 0x6c, 0x6c, 0x6f, 0x66, 0x66, 0x50, 0x61, 0x72, 0x61, 0x6d, 0x65, 0x74, 0x65, 0x72, 0x02, // alloffParameter.
	0x01, 0x00, 0x00, 0x01, 0x00, 0x00, 0x00, 0x00, 0x00, 0x19, 0x75, 0x5f, 0x66, 0x73, 0x66, 0x43, // ..........u_fsfC
	0x61, 0x6d, 0x65, 0x72, 0x61, 0x46, 0x72, 0x6f, 0x6e, 0x74, 0x44, 0x69, 0x72, 0x65, 0x63, 0x74, // ameraFrontDirect
	0x69, 0x6f, 0x6e, 0x02, 0x01, 0x00, 0x00, 0x01, 0x00, 0x00, 0x00, 0x00, 0x00, 0x14, 0x75, 0x5f, // ion...........u_
	0x66, 0x73, 0x66, 0x46, 0x61, 0x6c, 0x6c, 0x6f, 0x66, 0x66, 0x45, 0x6e, 0x64, 0x43, 0x6f, 0x6c, // fsfFalloffEndCol
	0x6f, 0x72, 0x02, 0x01, 0x00, 0x00, 0x01, 0x00, 0x00, 0x00, 0x00, 0x00, 0x16, 0x75, 0x5f, 0x66, // or...........u_f
	0x73, 0x66, 0x46, 0x61, 0x6c, 0x6c, 0x6f, 0x66, 0x66, 0x42, 0x65, 0x67, 0x69, 0x6e, 0x43, 0x6f, // sfFalloffBeginCo
	0x6c, 0x6f, 0x72, 0x02, 0x01, 0x00, 0x00, 0x01, 0x00, 0x00, 0x00, 0x00, 0x00, 0x14, 0x75, 0x5f, // lor...........u_
	0x66, 0x73, 0x66, 0x45, 0x6d, 0x69, 0x73, 0x73, 0x69, 0x76, 0x65, 0x53, 0x63, 0x61, 0x6c, 0x69, // fsfEmissiveScali
	0x6e, 0x67, 0x02, 0x01, 0x00, 0x00, 0x01, 0x00, 0x00, 0x00, 0x00, 0x00, 0x13, 0x75, 0x5f, 0x66, // ng...........u_f
	0x73, 0x6d, 0x55, 0x56, 0x49, 0x6e, 0x76, 0x65, 0x72, 0x73, 0x65, 0x64, 0x42, 0x61, 0x63, 0x6b, // smUVInversedBack
	0x02, 0x01, 0x00, 0x00, 0x01, 0x00, 0x00, 0x00, 0x00, 0x00, 0x15, 0x75, 0x5f, 0x66, 0x73, 0x73, // ...........u_fss
	0x6f, 0x66, 0x74, 0x50, 0x61, 0x72, 0x74, 0x69, 0x63, 0x6c, 0x65, 0x50, 0x61, 0x72, 0x61, 0x6d, // oftParticleParam
	0x02, 0x01, 0x00, 0x00, 0x01, 0x00, 0x00, 0x00, 0x00, 0x00, 0x18, 0x75, 0x5f, 0x66, 0x73, 0x72, // ...........u_fsr
	0x65, 0x63, 0x6f, 0x6e, 0x73, 0x74, 0x72, 0x75, 0x63, 0x74, 0x69, 0x6f, 0x6e, 0x50, 0x61, 0x72, // econstructionPar
	0x61, 0x6d, 0x31, 0x02, 0x01, 0x00, 0x00, 0x01, 0x00, 0x00, 0x00, 0x00, 0x00, 0x18, 0x75, 0x5f, // am1...........u_
	0x66, 0x73, 0x72, 0x65, 0x63, 0x6f, 0x6e, 0x73, 0x74, 0x72, 0x75, 0x63, 0x74, 0x69, 0x6f, 0x6e, // fsreconstruction
	0x50, 0x61, 0x72, 0x61, 0x6d, 0x32, 0x02, 0x01, 0x00, 0x00, 0x01, 0x00, 0x00, 0x00, 0x00, 0x00, // Param2..........
	0x0e, 0x75, 0x5f, 0x66, 0x73, 0x66, 0x45, 0x64, 0x67, 0x65, 0x43, 0x6f, 0x6c, 0x6f, 0x72, 0x02, // .u_fsfEdgeColor.
	0x01, 0x00, 0x00, 0x01, 0x00, 0x00, 0x00, 0x00, 0x00, 0x12, 0x75, 0x5f, 0x66, 0x73, 0x66, 0x45, // ..........u_fsfE
	0x64, 0x67, 0x65, 0x50, 0x61, 0x72, 0x61, 0x6d, 0x65, 0x74, 0x65, 0x72, 0x02, 0x01, 0x00, 0x00, // dgeParameter....
	0x01, 0x00, 0x00, 0x00, 0x00, 0x00, 0x11, 0x73, 0x5f, 0x75, 0x76, 0x44, 0x69, 0x73, 0x74, 0x6f, // .......s_uvDisto
	0x72, 0x74, 0x69, 0x6f, 0x6e, 0x54, 0x65, 0x78, 0x00, 0x01, 0x00, 0x00, 0x01, 0x00, 0x00, 0x02, // rtionTex........
	0x00, 0x00, 0x16, 0x73, 0x5f, 0x62, 0x6c, 0x65, 0x6e, 0x64, 0x55, 0x56, 0x44, 0x69, 0x73, 0x74, // ...s_blendUVDist
	0x6f, 0x72, 0x74, 0x69, 0x6f, 0x6e, 0x54, 0x65, 0x78, 0x00, 0x01, 0x00, 0x00, 0x01, 0x00, 0x00, // ortionTex.......
	0x02, 0x00, 0x00, 0x0a, 0x73, 0x5f, 0x63, 0x6f, 0x6c, 0x6f, 0x72, 0x54, 0x65, 0x78, 0x00, 0x01, // ....s_colorTex..
	0x00, 0x00, 0x01, 0x00, 0x00, 0x02, 0x00, 0x00, 0x0a, 0x73, 0x5f, 0x61, 0x6c, 0x70, 0x68, 0x61, // .........s_alpha
	0x54, 0x65, 0x78, 0x00, 0x01, 0x00, 0x00, 0x01, 0x00, 0x00, 0x02, 0x00, 0x00, 0x0a, 0x73, 0x5f, // Tex...........s_
	0x62, 0x6c, 0x65, 0x6e, 0x64, 0x54, 0x65, 0x78, 0x00, 0x01, 0x00, 0x00, 0x01, 0x00, 0x00, 0x02, // blendTex........
	0x00, 0x00, 0x0f, 0x73, 0x5f, 0x62, 0x6c, 0x65, 0x6e, 0x64, 0x41, 0x6c, 0x70, 0x68, 0x61, 0x54, // ...s_blendAlphaT
	0x65, 0x78, 0x00, 0x01, 0x00, 0x00, 0x01, 0x00, 0x00, 0x02, 0x00, 0x00, 0x0a, 0x73, 0x5f, 0x64, // ex...........s_d
	0x65, 0x70, 0x74, 0x68, 0x54, 0x65, 0x78, 0x00, 0x01, 0x00, 0x00, 0x01, 0x00, 0x00, 0x02, 0x00, // epthTex.........
	0x00, 0x91, 0x28, 0x00, 0x00, 0x70, 0x72, 0x65, 0x63, 0x69, 0x73, 0x69, 0x6f, 0x6e, 0x20, 0x6d, // ..(..precision m
	0x65, 0x64, 0x69, 0x75, 0x6d, 0x70, 0x20, 0x66, 0x6c, 0x6f, 0x61, 0x74, 0x3b, 0x0a, 0x70, 0x72, // ediump float;.pr
	0x65, 0x63, 0x69, 0x73, 0x69, 0x6f, 0x6e, 0x20, 0x68, 0x69, 0x67, 0x68, 0x70, 0x20, 0x69, 0x6e, // ecision highp in
	0x74, 0x3b, 0x0a, 0x0a, 0x66, 0x6c, 0x6f, 0x61, 0x74, 0x20, 0x5f, 0x32, 0x36, 0x38, 0x36, 0x3b, // t;..float _2686;
	0x0a, 0x0a, 0x75, 0x6e, 0x69, 0x66, 0x6f, 0x72, 0x6d, 0x20, 0x68, 0x69, 0x67, 0x68, 0x70, 0x20, // ..uniform highp 
	0x73, 0x61, 0x6d, 0x70, 0x6c, 0x65, 0x72, 0x32, 0x44, 0x20, 0x73, 0x5f, 0x75, 0x76, 0x44, 0x69, // sampler2D s_uvDi
	0x73, 0x74, 0x6f, 0x72, 0x74, 0x69, 0x6f, 0x6e, 0x54, 0x65, 0x78, 0x3b, 0x0a, 0x75, 0x6e, 0x69, // stortionTex;.uni
	0x66, 0x6f, 0x72, 0x6d, 0x20, 0x68, 0x69, 0x67, 0x68, 0x70, 0x20, 0x73, 0x61, 0x6d, 0x70, 0x6c, // form highp sampl
	0x65, 0x72, 0x32, 0x44, 0x20, 0x73, 0x5f, 0x62, 0x6c, 0x65, 0x6e, 0x64, 0x55, 0x56, 0x44, 0x69, // er2D s_blendUVDi
	0x73, 0x74, 0x6f, 0x72, 0x74, 0x69, 0x6f, 0x6e, 0x54, 0x65, 0x78, 0x3b, 0x0a, 0x75, 0x6e, 0x69, // stortionTex;.uni
	0x66, 0x6f, 0x72, 0x6d, 0x20, 0x68, 0x69, 0x67, 0x68, 0x70, 0x20, 0x73, 0x61, 0x6d, 0x70, 0x6c, // form highp sampl
	0x65, 0x72, 0x32, 0x44, 0x20, 0x73, 0x5f, 0x63, 0x6f, 0x6c, 0x6f, 0x72, 0x54, 0x65, 0x78, 0x3b, // er2D s_colorTex;
	0x0a, 0x75, 0x6e, 0x69, 0x66, 0x6f, 0x72, 0x6d, 0x20, 0x68, 0x69, 0x67, 0x68, 0x70, 0x20, 0x76, // .uniform highp v
	0x65, 0x63, 0x34, 0x20, 0x75, 0x5f, 0x66, 0x73, 0x6d, 0x69, 0x73, 0x63, 0x46, 0x6c, 0x61, 0x67, // ec4 u_fsmiscFlag
	0x73, 0x3b, 0x0a, 0x75, 0x6e, 0x69, 0x66, 0x6f, 0x72, 0x6d, 0x20, 0x68, 0x69, 0x67, 0x68, 0x70, // s;.uniform highp
	0x20, 0x76, 0x65, 0x63, 0x34, 0x20, 0x75, 0x5f, 0x66, 0x73, 0x66, 0x55, 0x56, 0x44, 0x69, 0x73, //  vec4 u_fsfUVDis
	0x74, 0x6f, 0x72, 0x74, 0x69, 0x6f, 0x6e, 0x50, 0x61, 0x72, 0x61, 0x6d, 0x65, 0x74, 0x65, 0x72, // tortionParameter
	0x3b, 0x0a, 0x75, 0x6e, 0x69, 0x66, 0x6f, 0x72, 0x6d, 0x20, 0x68, 0x69, 0x67, 0x68, 0x70, 0x20, // ;.uniform highp 
	0x76, 0x65, 0x63, 0x34, 0x20, 0x75, 0x5f, 0x66, 0x73, 0x66, 0x46, 0x6c, 0x69, 0x70, 0x62, 0x6f, // vec4 u_fsfFlipbo
	0x6f, 0x6b, 0x50, 0x61, 0x72, 0x61, 0x6d, 0x65, 0x74, 0x65, 0x72, 0x3b, 0x0a, 0x75, 0x6e, 0x69, // okParameter;.uni
	0x66, 0x6f, 0x72, 0x6d, 0x20, 0x68, 0x69, 0x67, 0x68, 0x70, 0x20, 0x73, 0x61, 0x6d, 0x70, 0x6c, // form highp sampl
	0x65, 0x72, 0x32, 0x44, 0x20, 0x73, 0x5f, 0x61, 0x6c, 0x70, 0x68, 0x61, 0x54, 0x65, 0x78, 0x3b, // er2D s_alphaTex;
	0x0a, 0x75, 0x6e, 0x69, 0x66, 0x6f, 0x72, 0x6d, 0x20, 0x68, 0x69, 0x67, 0x68, 0x70, 0x20, 0x73, // .uniform highp s
	0x61, 0x6d, 0x70, 0x6c, 0x65, 0x72, 0x32, 0x44, 0x20, 0x73, 0x5f, 0x62, 0x6c, 0x65, 0x6e, 0x64, // ampler2D s_blend
	0x54, 0x65, 0x78, 0x3b, 0x0a, 0x75, 0x6e, 0x69, 0x66, 0x6f, 0x72, 0x6d, 0x20, 0x68, 0x69, 0x67, // Tex;.uniform hig
	0x68, 0x70, 0x20, 0x73, 0x61, 0x6d, 0x70, 0x6c, 0x65, 0x72, 0x32, 0x44, 0x20, 0x73, 0x5f, 0x62, // hp sampler2D s_b
	0x6c, 0x65, 0x6e, 0x64, 0x41, 0x6c, 0x70, 0x68, 0x61, 0x54, 0x65, 0x78, 0x3b, 0x0a, 0x75, 0x6e, // lendAlphaTex;.un
	0x69, 0x66, 0x6f, 0x72, 0x6d, 0x20, 0x68, 0x69, 0x67, 0x68, 0x70, 0x20, 0x76, 0x65, 0x63, 0x34, // iform highp vec4
	0x20, 0x75, 0x5f, 0x66, 0x73, 0x66, 0x42, 0x6c, 0x65, 0x6e, 0x64, 0x54, 0x65, 0x78, 0x74, 0x75, //  u_fsfBlendTextu
	0x72, 0x65, 0x50, 0x61, 0x72, 0x61, 0x6d, 0x65, 0x74, 0x65, 0x72, 0x3b, 0x0a, 0x75, 0x6e, 0x69, // reParameter;.uni
	0x66, 0x6f, 0x72, 0x6d, 0x20, 0x68, 0x69, 0x67, 0x68, 0x70, 0x20, 0x76, 0x65, 0x63, 0x34, 0x20, // form highp vec4 
	0x75, 0x5f, 0x66, 0x73, 0x66, 0x46, 0x61, 0x6c, 0x6c, 0x6f, 0x66, 0x66, 0x50, 0x61, 0x72, 0x61, // u_fsfFalloffPara
	0x6d, 0x65, 0x74, 0x65, 0x72, 0x3b, 0x0a, 0x75, 0x6e, 0x69, 0x66, 0x6f, 0x72, 0x6d, 0x20, 0x68, // meter;.uniform h
	0x69, 0x67, 0x68, 0x70, 0x20, 0x76, 0x65, 0x63, 0x34, 0x20, 0x75, 0x5f, 0x66, 0x73, 0x66, 0x43, // ighp vec4 u_fsfC
	0x61, 0x6d, 0x65, 0x72, 0x61, 0x46, 0x72, 0x6f, 0x6e, 0x74, 0x44, 0x69, 0x72, 0x65, 0x63, 0x74, // ameraFrontDirect
	0x69, 0x6f, 0x6e, 0x3b, 0x0a, 0x75, 0x6e, 0x69, 0x66, 0x6f, 0x72, 0x6d, 0x20, 0x68, 0x69, 0x67, // ion;.uniform hig
	0x68, 0x70, 0x20, 0x76, 0x65, 0x63, 0x34, 0x20, 0x75, 0x5f, 0x66, 0x73, 0x66, 0x46, 0x61, 0x6c, // hp vec4 u_fsfFal
	0x6c, 0x6f, 0x66, 0x66, 0x45, 0x6e, 0x64, 0x43, 0x6f, 0x6c, 0x6f, 0x72, 0x3b, 0x0a, 0x75, 0x6e, // loffEndColor;.un
	0x69, 0x66, 0x6f, 0x72, 0x6d, 0x20, 0x68, 0x69, 0x67, 0x68, 0x70, 0x20, 0x76, 0x65, 0x63, 0x34, // iform highp vec4
	0x20, 0x75, 0x5f, 0x66, 0x73, 0x66, 0x46, 0x61, 0x6c, 0x6c, 0x6f, 0x66, 0x66, 0x42, 0x65, 0x67, //  u_fsfFalloffBeg
	0x69, 0x6e, 0x43, 0x6f, 0x6c, 0x6f, 0x72, 0x3b, 0x0a, 0x75, 0x6e, 0x69, 0x66, 0x6f, 0x72, 0x6d, // inColor;.uniform
	0x20, 0x68, 0x69, 0x67, 0x68, 0x70, 0x20, 0x76, 0x65, 0x63, 0x34, 0x20, 0x75, 0x5f, 0x66, 0x73, //  highp vec4 u_fs
	0x66, 0x45, 0x6d, 0x69, 0x73, 0x73, 0x69, 0x76, 0x65, 0x53, 0x63, 0x61, 0x6c, 0x69, 0x6e, 0x67, // fEmissiveScaling
	0x3b, 0x0a, 0x75, 0x6e, 0x69, 0x66, 0x6f, 0x72, 0x6d, 0x20, 0x68, 0x69, 0x67, 0x68, 0x70, 0x20, // ;.uniform highp 
	0x76, 0x65, 0x63, 0x34, 0x20, 0x75, 0x5f, 0x66, 0x73, 0x6d, 0x55, 0x56, 0x49, 0x6e, 0x76, 0x65, // vec4 u_fsmUVInve
	0x72, 0x73, 0x65, 0x64, 0x42, 0x61, 0x63, 0x6b, 0x3b, 0x0a, 0x75, 0x6e, 0x69, 0x66, 0x6f, 0x72, // rsedBack;.unifor
	0x6d, 0x20, 0x68, 0x69, 0x67, 0x68, 0x70, 0x20, 0x76, 0x65, 0x63, 0x34, 0x20, 0x75, 0x5f, 0x66, // m highp vec4 u_f
	0x73, 0x73, 0x6f, 0x66, 0x74, 0x50, 0x61, 0x72, 0x74, 0x69, 0x63, 0x6c, 0x65, 0x50, 0x61, 0x72, // ssoftParticlePar
	0x61, 0x6d, 0x3b, 0x0a, 0x75, 0x6e, 0x69, 0x66, 0x6f, 0x72, 0x6d, 0x20, 0x68, 0x69, 0x67, 0x68, // am;.uniform high
	0x70, 0x20, 0x73, 0x61, 0x6d, 0x70, 0x6c, 0x65, 0x72, 0x32, 0x44, 0x20, 0x73, 0x5f, 0x64, 0x65, // p sampler2D s_de
	0x70, 0x74, 0x68, 0x54, 0x65, 0x78, 0x3b, 0x0a, 0x75, 0x6e, 0x69, 0x66, 0x6f, 0x72, 0x6d, 0x20, // pthTex;.uniform 
	0x68, 0x69, 0x67, 0x68, 0x70, 0x20, 0x76, 0x65, 0x63, 0x34, 0x20, 0x75, 0x5f, 0x66, 0x73, 0x72, // highp vec4 u_fsr
	0x65, 0x63, 0x6f, 0x6e, 0x73, 0x74, 0x72, 0x75, 0x63, 0x74, 0x69, 0x6f, 0x6e, 0x50, 0x61, 0x72, // econstructionPar
	0x61, 0x6d, 0x31, 0x3b, 0x0a, 0x75, 0x6e, 0x69, 0x66, 0x6f, 0x72, 0x6d, 0x20, 0x68, 0x69, 0x67, // am1;.uniform hig
	0x68, 0x70, 0x20, 0x76, 0x65, 0x63, 0x34, 0x20, 0x75, 0x5f, 0x66, 0x73, 0x72, 0x65, 0x63, 0x6f, // hp vec4 u_fsreco
	0x6e, 0x73, 0x74, 0x72, 0x75, 0x63, 0x74, 0x69, 0x6f, 0x6e, 0x50, 0x61, 0x72, 0x61, 0x6d, 0x32, // nstructionParam2
	0x3b, 0x0a, 0x75, 0x6e, 0x69, 0x66, 0x6f, 0x72, 0x6d, 0x20, 0x68, 0x69, 0x67, 0x68, 0x70, 0x20, // ;.uniform highp 
	0x76, 0x65, 0x63, 0x34, 0x20, 0x75, 0x5f, 0x66, 0x73, 0x66, 0x45, 0x64, 0x67, 0x65, 0x43, 0x6f, // vec4 u_fsfEdgeCo
	0x6c, 0x6f, 0x72, 0x3b, 0x0a, 0x75, 0x6e, 0x69, 0x66, 0x6f, 0x72, 0x6d, 0x20, 0x68, 0x69, 0x67, // lor;.uniform hig
	0x68, 0x70, 0x20, 0x76, 0x65, 0x63, 0x34, 0x20, 0x75, 0x5f, 0x66, 0x73, 0x66, 0x45, 0x64, 0x67, // hp vec4 u_fsfEdg
	0x65, 0x50, 0x61, 0x72, 0x61, 0x6d, 0x65, 0x74, 0x65, 0x72, 0x3b, 0x0a, 0x0a, 0x69, 0x6e, 0x20, // eParameter;..in 
	0x68, 0x69, 0x67, 0x68, 0x70, 0x20, 0x76, 0x65, 0x63, 0x34, 0x20, 0x76, 0x5f, 0x43, 0x6f, 0x6c, // highp vec4 v_Col
	0x6f, 0x72, 0x3b, 0x0a, 0x69, 0x6e, 0x20, 0x68, 0x69, 0x67, 0x68, 0x70, 0x20, 0x76, 0x65, 0x63, // or;.in highp vec
	0x34, 0x20, 0x76, 0x5f, 0x55, 0x56, 0x5f, 0x4f, 0x74, 0x68, 0x65, 0x72, 0x73, 0x3b, 0x0a, 0x69, // 4 v_UV_Others;.i
	0x6e, 0x20, 0x68, 0x69, 0x67, 0x68, 0x70, 0x20, 0x76, 0x65, 0x63, 0x33, 0x20, 0x76, 0x5f, 0x57, // n highp vec3 v_W
	0x6f, 0x72, 0x6c, 0x64, 0x4e, 0x3b, 0x0a, 0x69, 0x6e, 0x20, 0x68, 0x69, 0x67, 0x68, 0x70, 0x20, // orldN;.in highp 
	0x76, 0x65, 0x63, 0x34, 0x20, 0x76, 0x5f, 0x41, 0x6c, 0x70, 0x68, 0x61, 0x5f, 0x44, 0x69, 0x73, // vec4 v_Alpha_Dis
	0x74, 0x5f, 0x55, 0x56, 0x3b, 0x0a, 0x69, 0x6e, 0x20, 0x68, 0x69, 0x67, 0x68, 0x70, 0x20, 0x76, // t_UV;.in highp v
	0x65, 0x63, 0x34, 0x20, 0x76, 0x5f, 0x42, 0x6c, 0x65, 0x6e, 0x64, 0x5f, 0x41, 0x6c, 0x70, 0x68, // ec4 v_Blend_Alph
	0x61, 0x5f, 0x44, 0x69, 0x73, 0x74, 0x5f, 0x55, 0x56, 0x3b, 0x0a, 0x69, 0x6e, 0x20, 0x68, 0x69, // a_Dist_UV;.in hi
	0x67, 0x68, 0x70, 0x20, 0x76, 0x65, 0x63, 0x34, 0x20, 0x76, 0x5f, 0x42, 0x6c, 0x65, 0x6e, 0x64, // ghp vec4 v_Blend
	0x5f, 0x46, 0x42, 0x4e, 0x65, 0x78, 0x74, 0x49, 0x6e, 0x64, 0x65, 0x78, 0x5f, 0x55, 0x56, 0x3b, // _FBNextIndex_UV;
	0x0a, 0x69, 0x6e, 0x20, 0x68, 0x69, 0x67, 0x68, 0x70, 0x20, 0x76, 0x65, 0x63, 0x34, 0x20, 0x76, // .in highp vec4 v
	0x5f, 0x50, 0x6f, 0x73, 0x50, 0x3b, 0x0a, 0x6c, 0x61, 0x79, 0x6f, 0x75, 0x74, 0x28, 0x6c, 0x6f, // _PosP;.layout(lo
	0x63, 0x61, 0x74, 0x69, 0x6f, 0x6e, 0x20, 0x3d, 0x20, 0x30, 0x29, 0x20, 0x6f, 0x75, 0x74, 0x20, // cation = 0) out 
	0x68, 0x69, 0x67, 0x68, 0x70, 0x20, 0x76, 0x65, 0x63, 0x34, 0x20, 0x62, 0x67, 0x66, 0x78, 0x5f, // highp vec4 bgfx_
	0x46, 0x72, 0x61, 0x67, 0x43, 0x6f, 0x6c, 0x6f, 0x72, 0x3b, 0x0a, 0x0a, 0x76, 0x6f, 0x69, 0x64, // FragColor;..void
	0x20, 0x6d, 0x61, 0x69, 0x6e, 0x28, 0x29, 0x0a, 0x7b, 0x0a, 0x20, 0x20, 0x20, 0x20, 0x62, 0x6f, //  main().{.    bo
	0x6f, 0x6c, 0x20, 0x5f, 0x31, 0x31, 0x35, 0x34, 0x20, 0x3d, 0x20, 0x75, 0x5f, 0x66, 0x73, 0x6d, // ol _1154 = u_fsm
	0x69, 0x73, 0x63, 0x46, 0x6c, 0x61, 0x67, 0x73, 0x2e, 0x78, 0x20, 0x21, 0x3d, 0x20, 0x30, 0x2e, // iscFlags.x != 0.
	0x30, 0x3b, 0x0a, 0x20, 0x20, 0x20, 0x20, 0x68, 0x69, 0x67, 0x68, 0x70, 0x20, 0x76, 0x65, 0x63, // 0;.    highp vec
	0x34, 0x20, 0x5f, 0x31, 0x35, 0x31, 0x35, 0x20, 0x3d, 0x20, 0x74, 0x65, 0x78, 0x74, 0x75, 0x72, // 4 _1515 = textur
	0x65, 0x28, 0x73, 0x5f, 0x75, 0x76, 0x44, 0x69, 0x73, 0x74, 0x6f, 0x72, 0x74, 0x69, 0x6f, 0x6e, // e(s_uvDistortion
	0x54, 0x65, 0x78, 0x2c, 0x20, 0x76, 0x5f, 0x41, 0x6c, 0x70, 0x68, 0x61, 0x5f, 0x44, 0x69, 0x73, // Tex, v_Alpha_Dis
	0x74, 0x5f, 0x55, 0x56, 0x2e, 0x7a, 0x77, 0x29, 0x3b, 0x0a, 0x20, 0x20, 0x20, 0x20, 0x68, 0x69, // t_UV.zw);.    hi
	0x67, 0x68, 0x70, 0x20, 0x76, 0x65, 0x63, 0x34, 0x20, 0x5f, 0x32, 0x36, 0x34, 0x32, 0x3b, 0x0a, // ghp vec4 _2642;.
	0x20, 0x20, 0x20, 0x20, 0x69, 0x66, 0x20, 0x28, 0x5f, 0x31, 0x31, 0x35, 0x34, 0x29, 0x0a, 0x20, //     if (_1154). 
	0x20, 0x20, 0x20, 0x7b, 0x0a, 0x20, 0x20, 0x20, 0x20, 0x20, 0x20, 0x20, 0x20, 0x68, 0x69, 0x67, //    {.        hig
	0x68, 0x70, 0x20, 0x76, 0x65, 0x63, 0x34, 0x20, 0x5f, 0x32, 0x36, 0x34, 0x31, 0x3b, 0x0a, 0x20, // hp vec4 _2641;. 
	0x20, 0x20, 0x20, 0x20, 0x20, 0x20, 0x20, 0x64, 0x6f, 0x0a, 0x20, 0x20, 0x20, 0x20, 0x20, 0x20, //        do.      
	0x20, 0x20, 0x7b, 0x0a, 0x20, 0x20, 0x20, 0x20, 0x20, 0x20, 0x20, 0x20, 0x20, 0x20, 0x20, 0x20, //   {.            
	0x69, 0x66, 0x20, 0x28, 0x21, 0x5f, 0x31, 0x31, 0x35, 0x34, 0x29, 0x0a, 0x20, 0x20, 0x20, 0x20, // if (!_1154).    
	0x20, 0x20, 0x20, 0x20, 0x20, 0x20, 0x20, 0x20, 0x7b, 0x0a, 0x20, 0x20, 0x20, 0x20, 0x20, 0x20, //         {.      
	0x20, 0x20, 0x20, 0x20, 0x20, 0x20, 0x20, 0x20, 0x20, 0x20, 0x5f, 0x32, 0x36, 0x34, 0x31, 0x20, //           _2641 
	0x3d, 0x20, 0x5f, 0x31, 0x35, 0x31, 0x35, 0x3b, 0x0a, 0x20, 0x20, 0x20, 0x20, 0x20, 0x20, 0x20, // = _1515;.       
	0x20, 0x20, 0x20, 0x20, 0x20, 0x20, 0x20, 0x20, 0x20, 0x62, 0x72, 0x65, 0x61, 0x6b, 0x3b, 0x0a, //          break;.
	0x20, 0x20, 0x20, 0x20, 0x20, 0x20, 0x20, 0x20, 0x20, 0x20, 0x20, 0x20, 0x7d, 0x0a, 0x20, 0x20, //             }.  
	0x20, 0x20, 0x20, 0x20, 0x20, 0x20, 0x20, 0x20, 0x20, 0x20, 0x5f, 0x32, 0x36, 0x34, 0x31, 0x20, //           _2641 
	0x3d, 0x20, 0x76, 0x65, 0x63, 0x34, 0x28, 0x6d, 0x61, 0x78, 0x28, 0x28, 0x70, 0x6f, 0x77, 0x28, // = vec4(max((pow(
	0x6d, 0x61, 0x78, 0x28, 0x61, 0x62, 0x73, 0x28, 0x5f, 0x31, 0x35, 0x31, 0x35, 0x2e, 0x78, 0x79, // max(abs(_1515.xy
	0x7a, 0x29, 0x2c, 0x20, 0x76, 0x65, 0x63, 0x33, 0x28, 0x31, 0x2e, 0x31, 0x39, 0x32, 0x30, 0x39, // z), vec3(1.19209
	0x32, 0x38, 0x39, 0x35, 0x35, 0x30, 0x37, 0x38, 0x31, 0x32, 0x35, 0x65, 0x2d, 0x30, 0x37, 0x29, // 28955078125e-07)
	0x29, 0x2c, 0x20, 0x76, 0x65, 0x63, 0x33, 0x28, 0x30, 0x2e, 0x34, 0x31, 0x36, 0x36, 0x36, 0x36, // ), vec3(0.416666
	0x36, 0x35, 0x36, 0x37, 0x33, 0x32, 0x35, 0x35, 0x39, 0x32, 0x30, 0x34, 0x31, 0x30, 0x31, 0x35, // 6567325592041015
	0x36, 0x32, 0x35, 0x29, 0x29, 0x20, 0x2a, 0x20, 0x31, 0x2e, 0x30, 0x35, 0x34, 0x39, 0x39, 0x39, // 625)) * 1.054999
	0x39, 0x34, 0x37, 0x35, 0x34, 0x37, 0x39, 0x31, 0x32, 0x35, 0x39, 0x37, 0x36, 0x35, 0x36, 0x32, // 9475479125976562
	0x35, 0x29, 0x20, 0x2d, 0x20, 0x76, 0x65, 0x63, 0x33, 0x28, 0x30, 0x2e, 0x30, 0x35, 0x34, 0x39, // 5) - vec3(0.0549
	0x39, 0x39, 0x39, 0x39, 0x39, 0x37, 0x30, 0x31, 0x39, 0x37, 0x36, 0x37, 0x37, 0x36, 0x31, 0x32, // 9999970197677612
	0x33, 0x30, 0x34, 0x36, 0x38, 0x37, 0x35, 0x29, 0x2c, 0x20, 0x76, 0x65, 0x63, 0x33, 0x28, 0x30, // 3046875), vec3(0
	0x2e, 0x30, 0x29, 0x29, 0x2e, 0x78, 0x79, 0x2c, 0x20, 0x5f, 0x32, 0x36, 0x38, 0x36, 0x2c, 0x20, // .0)).xy, _2686, 
	0x5f, 0x32, 0x36, 0x38, 0x36, 0x29, 0x3b, 0x0a, 0x20, 0x20, 0x20, 0x20, 0x20, 0x20, 0x20, 0x20, // _2686);.        
	0x20, 0x20, 0x20, 0x20, 0x62, 0x72, 0x65, 0x61, 0x6b, 0x3b, 0x0a, 0x20, 0x20, 0x20, 0x20, 0x20, //     break;.     
	0x20, 0x20, 0x20, 0x7d, 0x20, 0x77, 0x68, 0x69, 0x6c, 0x65, 0x28, 0x66, 0x61, 0x6c, 0x73, 0x65, //    } while(false
	0x29, 0x3b, 0x0a, 0x20, 0x20, 0x20, 0x20, 0x20, 0x20, 0x20, 0x20, 0x5f, 0x32, 0x36, 0x34, 0x32, // );.        _2642
	0x20, 0x3d, 0x20, 0x5f, 0x32, 0x36, 0x34, 0x31, 0x3b, 0x0a, 0x20, 0x20, 0x20, 0x20, 0x7d, 0x0a, //  = _2641;.    }.
	0x20, 0x20, 0x20, 0x20, 0x65, 0x6c, 0x73, 0x65, 0x0a, 0x20, 0x20, 0x20, 0x20, 0x7b, 0x0a, 0x20, //     else.    {. 
	0x20, 0x20, 0x20, 0x20, 0x20, 0x20, 0x20, 0x5f, 0x32, 0x36, 0x34, 0x32, 0x20, 0x3d, 0x20, 0x5f, //        _2642 = _
	0x31, 0x35, 0x31, 0x35, 0x3b, 0x0a, 0x20, 0x20, 0x20, 0x20, 0x7d, 0x0a, 0x20, 0x20, 0x20, 0x20, // 1515;.    }.    
	0x62, 0x6f, 0x6f, 0x6c, 0x20, 0x5f, 0x31, 0x36, 0x33, 0x30, 0x3b, 0x0a, 0x20, 0x20, 0x20, 0x20, // bool _1630;.    
	0x68, 0x69, 0x67, 0x68, 0x70, 0x20, 0x76, 0x65, 0x63, 0x32, 0x20, 0x5f, 0x31, 0x35, 0x32, 0x38, // highp vec2 _1528
	0x20, 0x3d, 0x20, 0x28, 0x5f, 0x32, 0x36, 0x34, 0x32, 0x2e, 0x78, 0x79, 0x20, 0x2a, 0x20, 0x32, //  = (_2642.xy * 2
	0x2e, 0x30, 0x29, 0x20, 0x2d, 0x20, 0x76, 0x65, 0x63, 0x32, 0x28, 0x31, 0x2e, 0x30, 0x29, 0x3b, // .0) - vec2(1.0);
	0x0a, 0x20, 0x20, 0x20, 0x20, 0x5f, 0x31, 0x35, 0x32, 0x38, 0x2e, 0x79, 0x20, 0x3d, 0x20, 0x75, // .    _1528.y = u
	0x5f, 0x66, 0x73, 0x66, 0x55, 0x56, 0x44, 0x69, 0x73, 0x74, 0x6f, 0x72, 0x74, 0x69, 0x6f, 0x6e, // _fsfUVDistortion
	0x50, 0x61, 0x72, 0x61, 0x6d, 0x65, 0x74, 0x65, 0x72, 0x2e, 0x7a, 0x20, 0x2b, 0x20, 0x28, 0x75, // Parameter.z + (u
	0x5f, 0x66, 0x73, 0x66, 0x55, 0x56, 0x44, 0x69, 0x73, 0x74, 0x6f, 0x72, 0x74, 0x69, 0x6f, 0x6e, // _fsfUVDistortion
	0x50, 0x61, 0x72, 0x61, 0x6d, 0x65, 0x74, 0x65, 0x72, 0x2e, 0x77, 0x20, 0x2a, 0x20, 0x28, 0x5f, // Parameter.w * (_
	0x31, 0x35, 0x32, 0x38, 0x2e, 0x79, 0x20, 0x2a, 0x20, 0x28, 0x2d, 0x31, 0x2e, 0x30, 0x29, 0x29, // 1528.y * (-1.0))
	0x29, 0x3b, 0x0a, 0x20, 0x20, 0x20, 0x20, 0x68, 0x69, 0x67, 0x68, 0x70, 0x20, 0x76, 0x65, 0x63, // );.    highp vec
	0x32, 0x20, 0x5f, 0x31, 0x31, 0x37, 0x30, 0x20, 0x3d, 0x20, 0x5f, 0x31, 0x35, 0x32, 0x38, 0x20, // 2 _1170 = _1528 
	0x2a, 0x20, 0x75, 0x5f, 0x66, 0x73, 0x66, 0x55, 0x56, 0x44, 0x69, 0x73, 0x74, 0x6f, 0x72, 0x74, // * u_fsfUVDistort
	0x69, 0x6f, 0x6e, 0x50, 0x61, 0x72, 0x61, 0x6d, 0x65, 0x74, 0x65, 0x72, 0x2e, 0x78, 0x3b, 0x0a, // ionParameter.x;.
	0x20, 0x20, 0x20, 0x20, 0x68, 0x69, 0x67, 0x68, 0x70, 0x20, 0x76, 0x65, 0x63, 0x34, 0x20, 0x5f, //     highp vec4 _
	0x31, 0x31, 0x37, 0x37, 0x20, 0x3d, 0x20, 0x74, 0x65, 0x78, 0x74, 0x75, 0x72, 0x65, 0x28, 0x73, // 1177 = texture(s
	0x5f, 0x63, 0x6f, 0x6c, 0x6f, 0x72, 0x54, 0x65, 0x78, 0x2c, 0x20, 0x76, 0x5f, 0x55, 0x56, 0x5f, // _colorTex, v_UV_
	0x4f, 0x74, 0x68, 0x65, 0x72, 0x73, 0x2e, 0x78, 0x79, 0x20, 0x2b, 0x20, 0x5f, 0x31, 0x31, 0x37, // Others.xy + _117
	0x30, 0x29, 0x3b, 0x0a, 0x20, 0x20, 0x20, 0x20, 0x68, 0x69, 0x67, 0x68, 0x70, 0x20, 0x76, 0x65, // 0);.    highp ve
	0x63, 0x34, 0x20, 0x5f, 0x32, 0x36, 0x34, 0x33, 0x3b, 0x0a, 0x20, 0x20, 0x20, 0x20, 0x64, 0x6f, // c4 _2643;.    do
	0x0a, 0x20, 0x20, 0x20, 0x20, 0x7b, 0x0a, 0x20, 0x20, 0x20, 0x20, 0x20, 0x20, 0x20, 0x20, 0x5f, // .    {.        _
	0x31, 0x36, 0x33, 0x30, 0x20, 0x3d, 0x20, 0x21, 0x5f, 0x31, 0x31, 0x35, 0x34, 0x3b, 0x0a, 0x20, // 1630 = !_1154;. 
	0x20, 0x20, 0x20, 0x20, 0x20, 0x20, 0x20, 0x69, 0x66, 0x20, 0x28, 0x5f, 0x31, 0x36, 0x33, 0x30, //        if (_1630
	0x29, 0x0a, 0x20, 0x20, 0x20, 0x20, 0x20, 0x20, 0x20, 0x20, 0x7b, 0x0a, 0x20, 0x20, 0x20, 0x20, // ).        {.    
	0x20, 0x20, 0x20, 0x20, 0x20, 0x20, 0x20, 0x20, 0x5f, 0x32, 0x36, 0x34, 0x33, 0x20, 0x3d, 0x20, //         _2643 = 
	0x5f, 0x31, 0x31, 0x37, 0x37, 0x3b, 0x0a, 0x20, 0x20, 0x20, 0x20, 0x20, 0x20, 0x20, 0x20, 0x20, // _1177;.         
	0x20, 0x20, 0x20, 0x62, 0x72, 0x65, 0x61, 0x6b, 0x3b, 0x0a, 0x20, 0x20, 0x20, 0x20, 0x20, 0x20, //    break;.      
	0x20, 0x20, 0x7d, 0x0a, 0x20, 0x20, 0x20, 0x20, 0x20, 0x20, 0x20, 0x20, 0x5f, 0x32, 0x36, 0x34, //   }.        _264
	0x33, 0x20, 0x3d, 0x20, 0x76, 0x65, 0x63, 0x34, 0x28, 0x6d, 0x61, 0x78, 0x28, 0x28, 0x70, 0x6f, // 3 = vec4(max((po
	0x77, 0x28, 0x6d, 0x61, 0x78, 0x28, 0x61, 0x62, 0x73, 0x28, 0x5f, 0x31, 0x31, 0x37, 0x37, 0x2e, // w(max(abs(_1177.
	0x78, 0x79, 0x7a, 0x29, 0x2c, 0x20, 0x76, 0x65, 0x63, 0x33, 0x28, 0x31, 0x2e, 0x31, 0x39, 0x32, // xyz), vec3(1.192
	0x30, 0x39, 0x32, 0x38, 0x39, 0x35, 0x35, 0x30, 0x37, 0x38, 0x31, 0x32, 0x35, 0x65, 0x2d, 0x30, // 0928955078125e-0
	0x37, 0x29, 0x29, 0x2c, 0x20, 0x76, 0x65, 0x63, 0x33, 0x28, 0x30, 0x2e, 0x34, 0x31, 0x36, 0x36, // 7)), vec3(0.4166
	0x36, 0x36, 0x36, 0x35, 0x36, 0x37, 0x33, 0x32, 0x35, 0x35, 0x39, 0x32, 0x30, 0x34, 0x31, 0x30, // 6665673255920410
	0x31, 0x35, 0x36, 0x32, 0x35, 0x29, 0x29, 0x20, 0x2a, 0x20, 0x31, 0x2e, 0x30, 0x35, 0x34, 0x39, // 15625)) * 1.0549
	0x39, 0x39, 0x39, 0x34, 0x37, 0x35, 0x34, 0x37, 0x39, 0x31, 0x32, 0x35, 0x39, 0x37, 0x36, 0x35, // 9994754791259765
	0x36, 0x32, 0x35, 0x29, 0x20, 0x2d, 0x20, 0x76, 0x65, 0x63, 0x33, 0x28, 0x30, 0x2e, 0x30, 0x35, // 625) - vec3(0.05
	0x34, 0x39, 0x39, 0x39, 0x39, 0x39, 0x39, 0x37, 0x30, 0x31, 0x39, 0x37, 0x36, 0x37, 0x37, 0x36, // 4999999701976776
	0x31, 0x32, 0x33, 0x30, 0x34, 0x36, 0x38, 0x37, 0x35, 0x29, 0x2c, 0x20, 0x76, 0x65, 0x63, 0x33, // 123046875), vec3
	0x28, 0x30, 0x2e, 0x30, 0x29, 0x29, 0x2c, 0x20, 0x5f, 0x31, 0x31, 0x37, 0x37, 0x2e, 0x77, 0x29, // (0.0)), _1177.w)
	0x3b, 0x0a, 0x20, 0x20, 0x20, 0x20, 0x20, 0x20, 0x20, 0x20, 0x62, 0x72, 0x65, 0x61, 0x6b, 0x3b, // ;.        break;
	0x0a, 0x20, 0x20, 0x20, 0x20, 0x7d, 0x20, 0x77, 0x68, 0x69, 0x6c, 0x65, 0x28, 0x66, 0x61, 0x6c, // .    } while(fal
	0x73, 0x65, 0x29, 0x3b, 0x0a, 0x20, 0x20, 0x20, 0x20, 0x68, 0x69, 0x67, 0x68, 0x70, 0x20, 0x76, // se);.    highp v
	0x65, 0x63, 0x34, 0x20, 0x5f, 0x31, 0x31, 0x38, 0x34, 0x20, 0x3d, 0x20, 0x5f, 0x32, 0x36, 0x34, // ec4 _1184 = _264
	0x33, 0x20, 0x2a, 0x20, 0x76, 0x5f, 0x43, 0x6f, 0x6c, 0x6f, 0x72, 0x3b, 0x0a, 0x20, 0x20, 0x20, // 3 * v_Color;.   
	0x20, 0x68, 0x69, 0x67, 0x68, 0x70, 0x20, 0x76, 0x65, 0x63, 0x34, 0x20, 0x5f, 0x32, 0x36, 0x34, //  highp vec4 _264
	0x38, 0x3b, 0x0a, 0x20, 0x20, 0x20, 0x20, 0x69, 0x66, 0x20, 0x28, 0x75, 0x5f, 0x66, 0x73, 0x66, // 8;.    if (u_fsf
	0x46, 0x6c, 0x69, 0x70, 0x62, 0x6f, 0x6f, 0x6b, 0x50, 0x61, 0x72, 0x61, 0x6d, 0x65, 0x74, 0x65, // FlipbookParamete
	0x72, 0x2e, 0x78, 0x20, 0x3e, 0x20, 0x30, 0x2e, 0x30, 0x29, 0x0a, 0x20, 0x20, 0x20, 0x20, 0x7b, // r.x > 0.0).    {
	0x0a, 0x20, 0x20, 0x20, 0x20, 0x20, 0x20, 0x20, 0x20, 0x68, 0x69, 0x67, 0x68, 0x70, 0x20, 0x76, // .        highp v
	0x65, 0x63, 0x34, 0x20, 0x5f, 0x31, 0x37, 0x31, 0x31, 0x20, 0x3d, 0x20, 0x74, 0x65, 0x78, 0x74, // ec4 _1711 = text
	0x75, 0x72, 0x65, 0x28, 0x73, 0x5f, 0x63, 0x6f, 0x6c, 0x6f, 0x72, 0x54, 0x65, 0x78, 0x2c, 0x20, // ure(s_colorTex, 
	0x76, 0x5f, 0x42, 0x6c, 0x65, 0x6e, 0x64, 0x5f, 0x46, 0x42, 0x4e, 0x65, 0x78, 0x74, 0x49, 0x6e, // v_Blend_FBNextIn
	0x64, 0x65, 0x78, 0x5f, 0x55, 0x56, 0x2e, 0x7a, 0x77, 0x20, 0x2b, 0x20, 0x5f, 0x31, 0x31, 0x37, // dex_UV.zw + _117
	0x30, 0x29, 0x3b, 0x0a, 0x20, 0x20, 0x20, 0x20, 0x20, 0x20, 0x20, 0x20, 0x68, 0x69, 0x67, 0x68, // 0);.        high
	0x70, 0x20, 0x76, 0x65, 0x63, 0x34, 0x20, 0x5f, 0x32, 0x36, 0x34, 0x35, 0x3b, 0x0a, 0x20, 0x20, // p vec4 _2645;.  
	0x20, 0x20, 0x20, 0x20, 0x20, 0x20, 0x69, 0x66, 0x20, 0x28, 0x5f, 0x31, 0x31, 0x35, 0x34, 0x29, //       if (_1154)
	0x0a, 0x20, 0x20, 0x20, 0x20, 0x20, 0x20, 0x20, 0x20, 0x7b, 0x0a, 0x20, 0x20, 0x20, 0x20, 0x20, // .        {.     
	0x20, 0x20, 0x20, 0x20, 0x20, 0x20, 0x20, 0x68, 0x69, 0x67, 0x68, 0x70, 0x20, 0x76, 0x65, 0x63, //        highp vec
	0x34, 0x20, 0x5f, 0x32, 0x36, 0x34, 0x34, 0x3b, 0x0a, 0x20, 0x20, 0x20, 0x20, 0x20, 0x20, 0x20, // 4 _2644;.       
	0x20, 0x20, 0x20, 0x20, 0x20, 0x64, 0x6f, 0x0a, 0x20, 0x20, 0x20, 0x20, 0x20, 0x20, 0x20, 0x20, //      do.        
	0x20, 0x20, 0x20, 0x20, 0x7b, 0x0a, 0x20, 0x20, 0x20, 0x20, 0x20, 0x20, 0x20, 0x20, 0x20, 0x20, //     {.          
	0x20, 0x20, 0x20, 0x20, 0x20, 0x20, 0x69, 0x66, 0x20, 0x28, 0x5f, 0x31, 0x36, 0x33, 0x30, 0x29, //       if (_1630)
	0x0a, 0x20, 0x20, 0x20, 0x20, 0x20, 0x20, 0x20, 0x20, 0x20, 0x20, 0x20, 0x20, 0x20, 0x20, 0x20, // .               
	0x20, 0x7b, 0x0a, 0x20, 0x20, 0x20, 0x20, 0x20, 0x20, 0x20, 0x20, 0x20, 0x20, 0x20, 0x20, 0x20, //  {.             
	0x20, 0x20, 0x20, 0x20, 0x20, 0x20, 0x20, 0x5f, 0x32, 0x36, 0x34, 0x34, 0x20, 0x3d, 0x20, 0x5f, //        _2644 = _
	0x31, 0x37, 0x31, 0x31, 0x3b, 0x0a, 0x20, 0x20, 0x20, 0x20, 0x20, 0x20, 0x20, 0x20, 0x20, 0x20, // 1711;.          
	0x20, 0x20, 0x20, 0x20, 0x20, 0x20, 0x20, 0x20, 0x20, 0x20, 0x62, 0x72, 0x65, 0x61, 0x6b, 0x3b, //           break;
	0x0a, 0x20, 0x20, 0x20, 0x20, 0x20, 0x20, 0x20, 0x20, 0x20, 0x20, 0x20, 0x20, 0x20, 0x20, 0x20, // .               
	0x20, 0x7d, 0x0a, 0x20, 0x20, 0x20, 0x20, 0x20, 0x20, 0x20, 0x20, 0x20, 0x20, 0x20, 0x20, 0x20, //  }.             
	0x20, 0x20, 0x20, 0x5f, 0x32, 0x36, 0x34, 0x34, 0x20, 0x3d, 0x20, 0x76, 0x65, 0x63, 0x34, 0x28, //    _2644 = vec4(
	0x6d, 0x61, 0x78, 0x28, 0x28, 0x70, 0x6f, 0x77, 0x28, 0x6d, 0x61, 0x78, 0x28, 0x61, 0x62, 0x73, // max((pow(max(abs
	0x28, 0x5f, 0x31, 0x37, 0x31, 0x31, 0x2e, 0x78, 0x79, 0x7a, 0x29, 0x2c, 0x20, 0x76, 0x65, 0x63, // (_1711.xyz), vec
	0x33, 0x28, 0x31, 0x2e, 0x31, 0x39, 0x32, 0x30, 0x39, 0x32, 0x38, 0x39, 0x35, 0x35, 0x30, 0x37, // 3(1.192092895507
	0x38, 0x31, 0x32, 0x35, 0x65, 0x2d, 0x30, 0x37, 0x29, 0x29, 0x2c, 0x20, 0x76, 0x65, 0x63, 0x33, // 8125e-07)), vec3
	0x28, 0x30, 0x2e, 0x34, 0x31, 0x36, 0x36, 0x36, 0x36, 0x36, 0x35, 0x36, 0x37, 0x33, 0x32, 0x35, // (0.4166666567325
	0x35, 0x39, 0x32, 0x30, 0x34, 0x31, 0x30, 0x31, 0x35, 0x36, 0x32, 0x35, 0x29, 0x29, 0x20, 0x2a, // 592041015625)) *
	0x20, 0x31, 0x2e, 0x30, 0x35, 0x34, 0x39, 0x39, 0x39, 0x39, 0x34, 0x37, 0x35, 0x34, 0x37, 0x39, //  1.0549999475479
	0x31, 0x32, 0x35, 0x39, 0x37, 0x36, 0x35, 0x36, 0x32, 0x35, 0x29, 0x20, 0x2d, 0x20, 0x76, 0x65, // 1259765625) - ve
	0x63, 0x33, 0x28, 0x30, 0x2e, 0x30, 0x35, 0x34, 0x39, 0x39, 0x39, 0x39, 0x39, 0x39, 0x37, 0x30, // c3(0.05499999970
	0x31, 0x39, 0x37, 0x36, 0x37, 0x37, 0x36, 0x31, 0x32, 0x33, 0x30, 0x34, 0x36, 0x38, 0x37, 0x35, // 1976776123046875
	0x29, 0x2c, 0x20, 0x76, 0x65, 0x63, 0x33, 0x28, 0x30, 0x2e, 0x30, 0x29, 0x29, 0x2c, 0x20, 0x5f, // ), vec3(0.0)), _
	0x31, 0x37, 0x31, 0x31, 0x2e, 0x77, 0x29, 0x3b, 0x0a, 0x20, 0x20, 0x20, 0x20, 0x20, 0x20, 0x20, // 1711.w);.       
	0x20, 0x20, 0x20, 0x20, 0x20, 0x20, 0x20, 0x20, 0x20, 0x62, 0x72, 0x65, 0x61, 0x6b, 0x3b, 0x0a, //          break;.
	0x20, 0x20, 0x20, 0x20, 0x20, 0x20, 0x20, 0x20, 0x20, 0x20, 0x20, 0x20, 0x7d, 0x20, 0x77, 0x68, //             } wh
	0x69, 0x6c, 0x65, 0x28, 0x66, 0x61, 0x6c, 0x73, 0x65, 0x29, 0x3b, 0x0a, 0x20, 0x20, 0x20, 0x20, // ile(false);.    
	0x20, 0x20, 0x20, 0x20, 0x20, 0x20, 0x20, 0x20, 0x5f, 0x32, 0x36, 0x34, 0x35, 0x20, 0x3d, 0x20, //         _2645 = 
	0x5f, 0x32, 0x36, 0x34, 0x34, 0x3b, 0x0a, 0x20, 0x20, 0x20, 0x20, 0x20, 0x20, 0x20, 0x20, 0x7d, // _2644;.        }
	0x0a, 0x20, 0x20, 0x20, 0x20, 0x20, 0x20, 0x20, 0x20, 0x65, 0x6c, 0x73, 0x65, 0x0a, 0x20, 0x20, // .        else.  
	0x20, 0x20, 0x20, 0x20, 0x20, 0x20, 0x7b, 0x0a, 0x20, 0x20, 0x20, 0x20, 0x20, 0x20, 0x20, 0x20, //       {.        
	0x20, 0x20, 0x20, 0x20, 0x5f, 0x32, 0x36, 0x34, 0x35, 0x20, 0x3d, 0x20, 0x5f, 0x31, 0x37, 0x31, //     _2645 = _171
	0x31, 0x3b, 0x0a, 0x20, 0x20, 0x20, 0x20, 0x20, 0x20, 0x20, 0x20, 0x7d, 0x0a, 0x20, 0x20, 0x20, // 1;.        }.   
	0x20, 0x20, 0x20, 0x20, 0x20, 0x68, 0x69, 0x67, 0x68, 0x70, 0x20, 0x76, 0x65, 0x63, 0x34, 0x20, //      highp vec4 
	0x5f, 0x32, 0x36, 0x34, 0x39, 0x3b, 0x0a, 0x20, 0x20, 0x20, 0x20, 0x20, 0x20, 0x20, 0x20, 0x69, // _2649;.        i
	0x66, 0x20, 0x28, 0x75, 0x5f, 0x66, 0x73, 0x66, 0x46, 0x6c, 0x69, 0x70, 0x62, 0x6f, 0x6f, 0x6b, // f (u_fsfFlipbook
	0x50, 0x61, 0x72, 0x61, 0x6d, 0x65, 0x74, 0x65, 0x72, 0x2e, 0x79, 0x20, 0x3d, 0x3d, 0x20, 0x31, // Parameter.y == 1
	0x2e, 0x30, 0x29, 0x0a, 0x20, 0x20, 0x20, 0x20, 0x20, 0x20, 0x20, 0x20, 0x7b, 0x0a, 0x20, 0x20, // .0).        {.  
	0x20, 0x20, 0x20, 0x20, 0x20, 0x20, 0x20, 0x20, 0x20, 0x20, 0x5f, 0x32, 0x36, 0x34, 0x39, 0x20, //           _2649 
	0x3d, 0x20, 0x6d, 0x69, 0x78, 0x28, 0x5f, 0x31, 0x31, 0x38, 0x34, 0x2c, 0x20, 0x5f, 0x32, 0x36, // = mix(_1184, _26
	0x34, 0x35, 0x20, 0x2a, 0x20, 0x76, 0x5f, 0x43, 0x6f, 0x6c, 0x6f, 0x72, 0x2c, 0x20, 0x76, 0x65, // 45 * v_Color, ve
	0x63, 0x34, 0x28, 0x76, 0x5f, 0x55, 0x56, 0x5f, 0x4f, 0x74, 0x68, 0x65, 0x72, 0x73, 0x2e, 0x7a, // c4(v_UV_Others.z
	0x29, 0x29, 0x3b, 0x0a, 0x20, 0x20, 0x20, 0x20, 0x20, 0x20, 0x20, 0x20, 0x7d, 0x0a, 0x20, 0x20, // ));.        }.  
	0x20, 0x20, 0x20, 0x20, 0x20, 0x20, 0x65, 0x6c, 0x73, 0x65, 0x0a, 0x20, 0x20, 0x20, 0x20, 0x20, //       else.     
	0x20, 0x20, 0x20, 0x7b, 0x0a, 0x20, 0x20, 0x20, 0x20, 0x20, 0x20, 0x20, 0x20, 0x20, 0x20, 0x20, //    {.           
	0x20, 0x5f, 0x32, 0x36, 0x34, 0x39, 0x20, 0x3d, 0x20, 0x5f, 0x31, 0x31, 0x38, 0x34, 0x3b, 0x0a, //  _2649 = _1184;.
	0x20, 0x20, 0x20, 0x20, 0x20, 0x20, 0x20, 0x20, 0x7d, 0x0a, 0x20, 0x20, 0x20, 0x20, 0x20, 0x20, //         }.      
	0x20, 0x20, 0x5f, 0x32, 0x36, 0x34, 0x38, 0x20, 0x3d, 0x20, 0x5f, 0x32, 0x36, 0x34, 0x39, 0x3b, //   _2648 = _2649;
	0x0a, 0x20, 0x20, 0x20, 0x20, 0x7d, 0x0a, 0x20, 0x20, 0x20, 0x20, 0x65, 0x6c, 0x73, 0x65, 0x0a, // .    }.    else.
	0x20, 0x20, 0x20, 0x20, 0x7b, 0x0a, 0x20, 0x20, 0x20, 0x20, 0x20, 0x20, 0x20, 0x20, 0x5f, 0x32, //     {.        _2
	0x36, 0x34, 0x38, 0x20, 0x3d, 0x20, 0x5f, 0x31, 0x31, 0x38, 0x34, 0x3b, 0x0a, 0x20, 0x20, 0x20, // 648 = _1184;.   
	0x20, 0x7d, 0x0a, 0x20, 0x20, 0x20, 0x20, 0x68, 0x69, 0x67, 0x68, 0x70, 0x20, 0x76, 0x65, 0x63, //  }.    highp vec
	0x34, 0x20, 0x5f, 0x31, 0x32, 0x30, 0x37, 0x20, 0x3d, 0x20, 0x74, 0x65, 0x78, 0x74, 0x75, 0x72, // 4 _1207 = textur
	0x65, 0x28, 0x73, 0x5f, 0x61, 0x6c, 0x70, 0x68, 0x61, 0x54, 0x65, 0x78, 0x2c, 0x20, 0x76, 0x5f, // e(s_alphaTex, v_
	0x41, 0x6c, 0x70, 0x68, 0x61, 0x5f, 0x44, 0x69, 0x73, 0x74, 0x5f, 0x55, 0x56, 0x2e, 0x78, 0x79, // Alpha_Dist_UV.xy
	0x20, 0x2b, 0x20, 0x5f, 0x31, 0x31, 0x37, 0x30, 0x29, 0x3b, 0x0a, 0x20, 0x20, 0x20, 0x20, 0x68, //  + _1170);.    h
	0x69, 0x67, 0x68, 0x70, 0x20, 0x76, 0x65, 0x63, 0x34, 0x20, 0x5f, 0x32, 0x36, 0x35, 0x30, 0x3b, // ighp vec4 _2650;
	0x0a, 0x20, 0x20, 0x20, 0x20, 0x64, 0x6f, 0x0a, 0x20, 0x20, 0x20, 0x20, 0x7b, 0x0a, 0x20, 0x20, // .    do.    {.  
	0x20, 0x20, 0x20, 0x20, 0x20, 0x20, 0x69, 0x66, 0x20, 0x28, 0x5f, 0x31, 0x36, 0x33, 0x30, 0x29, //       if (_1630)
	0x0a, 0x20, 0x20, 0x20, 0x20, 0x20, 0x20, 0x20, 0x20, 0x7b, 0x0a, 0x20, 0x20, 0x20, 0x20, 0x20, // .        {.     
	0x20, 0x20, 0x20, 0x20, 0x20, 0x20, 0x20, 0x5f, 0x32, 0x36, 0x35, 0x30, 0x20, 0x3d, 0x20, 0x5f, //        _2650 = _
	0x31, 0x32, 0x30, 0x37, 0x3b, 0x0a, 0x20, 0x20, 0x20, 0x20, 0x20, 0x20, 0x20, 0x20, 0x20, 0x20, // 1207;.          
	0x20, 0x20, 0x62, 0x72, 0x65, 0x61, 0x6b, 0x3b, 0x0a, 0x20, 0x20, 0x20, 0x20, 0x20, 0x20, 0x20, //   break;.       
	0x20, 0x7d, 0x0a, 0x20, 0x20, 0x20, 0x20, 0x20, 0x20, 0x20, 0x20, 0x5f, 0x32, 0x36, 0x35, 0x30, //  }.        _2650
	0x20, 0x3d, 0x20, 0x76, 0x65, 0x63, 0x34, 0x28, 0x6d, 0x61, 0x78, 0x28, 0x28, 0x70, 0x6f, 0x77, //  = vec4(max((pow
	0x28, 0x6d, 0x61, 0x78, 0x28, 0x61, 0x62, 0x73, 0x28, 0x5f, 0x31, 0x32, 0x30, 0x37, 0x2e, 0x78, // (max(abs(_1207.x
	0x79, 0x7a, 0x29, 0x2c, 0x20, 0x76, 0x65, 0x63, 0x33, 0x28, 0x31, 0x2e, 0x31, 0x39, 0x32, 0x30, // yz), vec3(1.1920
	0x39, 0x32, 0x38, 0x39, 0x35, 0x35, 0x30, 0x37, 0x38, 0x31, 0x32, 0x35, 0x65, 0x2d, 0x30, 0x37, // 928955078125e-07
	0x29, 0x29, 0x2c, 0x20, 0x76, 0x65, 0x63, 0x33, 0x28, 0x30, 0x2e, 0x34, 0x31, 0x36, 0x36, 0x36, // )), vec3(0.41666
	0x36, 0x36, 0x35, 0x36, 0x37, 0x33, 0x32, 0x35, 0x35, 0x39, 0x32, 0x30, 0x34, 0x31, 0x30, 0x31, // 6656732559204101
	0x35, 0x36, 0x32, 0x35, 0x29, 0x29, 0x20, 0x2a, 0x20, 0x31, 0x2e, 0x30, 0x35, 0x34, 0x39, 0x39, // 5625)) * 1.05499
	0x39, 0x39, 0x34, 0x37, 0x35, 0x34, 0x37, 0x39, 0x31, 0x32, 0x35, 0x39, 0x37, 0x36, 0x35, 0x36, // 9947547912597656
	0x32, 0x35, 0x29, 0x20, 0x2d, 0x20, 0x76, 0x65, 0x63, 0x33, 0x28, 0x30, 0x2e, 0x30, 0x35, 0x34, // 25) - vec3(0.054
	0x39, 0x39, 0x39, 0x39, 0x39, 0x39, 0x37, 0x30, 0x31, 0x39, 0x37, 0x36, 0x37, 0x37, 0x36, 0x31, // 9999997019767761
	0x32, 0x33, 0x30, 0x34, 0x36, 0x38, 0x37, 0x35, 0x29, 0x2c, 0x20, 0x76, 0x65, 0x63, 0x33, 0x28, // 23046875), vec3(
	0x30, 0x2e, 0x30, 0x29, 0x29, 0x2e, 0x78, 0x2c, 0x20, 0x5f, 0x32, 0x36, 0x38, 0x36, 0x2c, 0x20, // 0.0)).x, _2686, 
	0x5f, 0x32, 0x36, 0x38, 0x36, 0x2c, 0x20, 0x5f, 0x31, 0x32, 0x30, 0x37, 0x2e, 0x77, 0x29, 0x3b, // _2686, _1207.w);
	0x0a, 0x20, 0x20, 0x20, 0x20, 0x20, 0x20, 0x20, 0x20, 0x62, 0x72, 0x65, 0x61, 0x6b, 0x3b, 0x0a, // .        break;.
	0x20, 0x20, 0x20, 0x20, 0x7d, 0x20, 0x77, 0x68, 0x69, 0x6c, 0x65, 0x28, 0x66, 0x61, 0x6c, 0x73, //     } while(fals
	0x65, 0x29, 0x3b, 0x0a, 0x20, 0x20, 0x20, 0x20, 0x68, 0x69, 0x67, 0x68, 0x70, 0x20, 0x66, 0x6c, // e);.    highp fl
	0x6f, 0x61, 0x74, 0x20, 0x5f, 0x31, 0x32, 0x31, 0x39, 0x20, 0x3d, 0x20, 0x5f, 0x32, 0x36, 0x34, // oat _1219 = _264
	0x38, 0x2e, 0x77, 0x20, 0x2a, 0x20, 0x28, 0x5f, 0x32, 0x36, 0x35, 0x30, 0x2e, 0x78, 0x20, 0x2a, // 8.w * (_2650.x *
	0x20, 0x5f, 0x32, 0x36, 0x35, 0x30, 0x2e, 0x77, 0x29, 0x3b, 0x0a, 0x20, 0x20, 0x20, 0x20, 0x68, //  _2650.w);.    h
	0x69, 0x67, 0x68, 0x70, 0x20, 0x76, 0x65, 0x63, 0x34, 0x20, 0x5f, 0x32, 0x35, 0x30, 0x37, 0x20, // ighp vec4 _2507 
	0x3d, 0x20, 0x5f, 0x32, 0x36, 0x34, 0x38, 0x3b, 0x0a, 0x20, 0x20, 0x20, 0x20, 0x5f, 0x32, 0x35, // = _2648;.    _25
	0x30, 0x37, 0x2e, 0x77, 0x20, 0x3d, 0x20, 0x5f, 0x31, 0x32, 0x31, 0x39, 0x3b, 0x0a, 0x20, 0x20, // 07.w = _1219;.  
	0x20, 0x20, 0x68, 0x69, 0x67, 0x68, 0x70, 0x20, 0x76, 0x65, 0x63, 0x34, 0x20, 0x5f, 0x31, 0x38, //   highp vec4 _18
	0x39, 0x39, 0x20, 0x3d, 0x20, 0x74, 0x65, 0x78, 0x74, 0x75, 0x72, 0x65, 0x28, 0x73, 0x5f, 0x62, // 99 = texture(s_b
	0x6c, 0x65, 0x6e, 0x64, 0x55, 0x56, 0x44, 0x69, 0x73, 0x74, 0x6f, 0x72, 0x74, 0x69, 0x6f, 0x6e, // lendUVDistortion
	0x54, 0x65, 0x78, 0x2c, 0x20, 0x76, 0x5f, 0x42, 0x6c, 0x65, 0x6e, 0x64, 0x5f, 0x41, 0x6c, 0x70, // Tex, v_Blend_Alp
	0x68, 0x61, 0x5f, 0x44, 0x69, 0x73, 0x74, 0x5f, 0x55, 0x56, 0x2e, 0x7a, 0x77, 0x29, 0x3b, 0x0a, // ha_Dist_UV.zw);.
	0x20, 0x20, 0x20, 0x20, 0x68, 0x69, 0x67, 0x68, 0x70, 0x20, 0x76, 0x65, 0x63, 0x34, 0x20, 0x5f, //     highp vec4 _
	0x32, 0x36, 0x35, 0x33, 0x3b, 0x0a, 0x20, 0x20, 0x20, 0x20, 0x69, 0x66, 0x20, 0x28, 0x5f, 0x31, // 2653;.    if (_1
	0x31, 0x35, 0x34, 0x29, 0x0a, 0x20, 0x20, 0x20, 0x20, 0x7b, 0x0a, 0x20, 0x20, 0x20, 0x20, 0x20, // 154).    {.     
	0x20, 0x20, 0x20, 0x68, 0x69, 0x67, 0x68, 0x70, 0x20, 0x76, 0x65, 0x63, 0x34, 0x20, 0x5f, 0x32, //    highp vec4 _2
	0x36, 0x35, 0x32, 0x3b, 0x0a, 0x20, 0x20, 0x20, 0x20, 0x20, 0x20, 0x20, 0x20, 0x64, 0x6f, 0x0a, // 652;.        do.
	0x20, 0x20, 0x20, 0x20, 0x20, 0x20, 0x20, 0x20, 0x7b, 0x0a, 0x20, 0x20, 0x20, 0x20, 0x20, 0x20, //         {.      
	0x20, 0x20, 0x20, 0x20, 0x20, 0x20, 0x69, 0x66, 0x20, 0x28, 0x5f, 0x31, 0x36, 0x33, 0x30, 0x29, //       if (_1630)
	0x0a, 0x20, 0x20, 0x20, 0x20, 0x20, 0x20, 0x20, 0x20, 0x20, 0x20, 0x20, 0x20, 0x7b, 0x0a, 0x20, // .            {. 
	0x20, 0x20, 0x20, 0x20, 0x20, 0x20, 0x20, 0x20, 0x20, 0x20, 0x20, 0x20, 0x20, 0x20, 0x20, 0x5f, //                _
	0x32, 0x36, 0x35, 0x32, 0x20, 0x3d, 0x20, 0x5f, 0x31, 0x38, 0x39, 0x39, 0x3b, 0x0a, 0x20, 0x20, // 2652 = _1899;.  
	0x20, 0x20, 0x20, 0x20, 0x20, 0x20, 0x20, 0x20, 0x20, 0x20, 0x20, 0x20, 0x20, 0x20, 0x62, 0x72, //               br
	0x65, 0x61, 0x6b, 0x3b, 0x0a, 0x20, 0x20, 0x20, 0x20, 0x20, 0x20, 0x20, 0x20, 0x20, 0x20, 0x20, // eak;.           
	0x20, 0x7d, 0x0a, 0x20, 0x20, 0x20, 0x20, 0x20, 0x20, 0x20, 0x20, 0x20, 0x20, 0x20, 0x20, 0x5f, //  }.            _
	0x32, 0x36, 0x35, 0x32, 0x20, 0x3d, 0x20, 0x76, 0x65, 0x63, 0x34, 0x28, 0x6d, 0x61, 0x78, 0x28, // 2652 = vec4(max(
	0x28, 0x70, 0x6f, 0x77, 0x28, 0x6d, 0x61, 0x78, 0x28, 0x61, 0x62, 0x73, 0x28, 0x5f, 0x31, 0x38, // (pow(max(abs(_18
	0x39, 0x39, 0x2e, 0x78, 0x79, 0x7a, 0x29, 0x2c, 0x20, 0x76, 0x65, 0x63, 0x33, 0x28, 0x31, 0x2e, // 99.xyz), vec3(1.
	0x31, 0x39, 0x32, 0x30, 0x39, 0x32, 0x38, 0x39, 0x35, 0x35, 0x30, 0x37, 0x38, 0x31, 0x32, 0x35, // 1920928955078125
	0x65, 0x2d, 0x30, 0x37, 0x29, 0x29, 0x2c, 0x20, 0x76, 0x65, 0x63, 0x33, 0x28, 0x30, 0x2e, 0x34, // e-07)), vec3(0.4
	0x31, 0x36, 0x36, 0x36, 0x36, 0x36, 0x35, 0x36, 0x37, 0x33, 0x32, 0x35, 0x35, 0x39, 0x32, 0x30, // 1666665673255920
	0x34, 0x31, 0x30, 0x31, 0x35, 0x36, 0x32, 0x35, 0x29, 0x29, 0x20, 0x2a, 0x20, 0x31, 0x2e, 0x30, // 41015625)) * 1.0
	0x35, 0x34, 0x39, 0x39, 0x39, 0x39, 0x34, 0x37, 0x35, 0x34, 0x37, 0x39, 0x31, 0x32, 0x35, 0x39, // 5499994754791259
	0x37, 0x36, 0x35, 0x36, 0x32, 0x35, 0x29, 0x20, 0x2d, 0x20, 0x76, 0x65, 0x63, 0x33, 0x28, 0x30, // 765625) - vec3(0
	0x2e, 0x30, 0x35, 0x34, 0x39, 0x39, 0x39, 0x39, 0x39, 0x39, 0x37, 0x30, 0x31, 0x39, 0x37, 0x36, // .054999999701976
	0x37, 0x37, 0x36, 0x31, 0x32, 0x33, 0x30, 0x34, 0x36, 0x38, 0x37, 0x35, 0x29, 0x2c, 0x20, 0x76, // 776123046875), v
	0x65, 0x63, 0x33, 0x28, 0x30, 0x2e, 0x30, 0x29, 0x29, 0x2e, 0x78, 0x79, 0x2c, 0x20, 0x5f, 0x32, // ec3(0.0)).xy, _2
	0x36, 0x38, 0x36, 0x2c, 0x20, 0x5f, 0x32, 0x36, 0x38, 0x36, 0x29, 0x3b, 0x0a, 0x20, 0x20, 0x20, // 686, _2686);.   
	0x20, 0x20, 0x20, 0x20, 0x20, 0x20, 0x20, 0x20, 0x20, 0x62, 0x72, 0x65, 0x61, 0x6b, 0x3b, 0x0a, //          break;.
	0x20, 0x20, 0x20, 0x20, 0x20, 0x20, 0x20, 0x20, 0x7d, 0x20, 0x77, 0x68, 0x69, 0x6c, 0x65, 0x28, //         } while(
	0x66, 0x61, 0x6c, 0x73, 0x65, 0x29, 0x3b, 0x0a, 0x20, 0x20, 0x20, 0x20, 0x20, 0x20, 0x20, 0x20, // false);.        
	0x5f, 0x32, 0x36, 0x35, 0x33, 0x20, 0x3d, 0x20, 0x5f, 0x32, 0x36, 0x35, 0x32, 0x3b, 0x0a, 0x20, // _2653 = _2652;. 
	0x20, 0x20, 0x20, 0x7d, 0x0a, 0x20, 0x20, 0x20, 0x20, 0x65, 0x6c, 0x73, 0x65, 0x0a, 0x20, 0x20, //    }.    else.  
	0x20, 0x20, 0x7b, 0x0a, 0x20, 0x20, 0x20, 0x20, 0x20, 0x20, 0x20, 0x20, 0x5f, 0x32, 0x36, 0x35, //   {.        _265
	0x33, 0x20, 0x3d, 0x20, 0x5f, 0x31, 0x38, 0x39, 0x39, 0x3b, 0x0a, 0x20, 0x20, 0x20, 0x20, 0x7d, // 3 = _1899;.    }
	0x0a, 0x20, 0x20, 0x20, 0x20, 0x68, 0x69, 0x67, 0x68, 0x70, 0x20, 0x76, 0x65, 0x63, 0x32, 0x20, // .    highp vec2 
	0x5f, 0x31, 0x39, 0x31, 0x32, 0x20, 0x3d, 0x20, 0x28, 0x5f, 0x32, 0x36, 0x35, 0x33, 0x2e, 0x78, // _1912 = (_2653.x
	0x79, 0x20, 0x2a, 0x20, 0x32, 0x2e, 0x30, 0x29, 0x20, 0x2d, 0x20, 0x76, 0x65, 0x63, 0x32, 0x28, // y * 2.0) - vec2(
	0x31, 0x2e, 0x30, 0x29, 0x3b, 0x0a, 0x20, 0x20, 0x20, 0x20, 0x5f, 0x31, 0x39, 0x31, 0x32, 0x2e, // 1.0);.    _1912.
	0x79, 0x20, 0x3d, 0x20, 0x75, 0x5f, 0x66, 0x73, 0x66, 0x55, 0x56, 0x44, 0x69, 0x73, 0x74, 0x6f, // y = u_fsfUVDisto
	0x72, 0x74, 0x69, 0x6f, 0x6e, 0x50, 0x61, 0x72, 0x61, 0x6d, 0x65, 0x74, 0x65, 0x72, 0x2e, 0x7a, // rtionParameter.z
	0x20, 0x2b, 0x20, 0x28, 0x75, 0x5f, 0x66, 0x73, 0x66, 0x55, 0x56, 0x44, 0x69, 0x73, 0x74, 0x6f, //  + (u_fsfUVDisto
	0x72, 0x74, 0x69, 0x6f, 0x6e, 0x50, 0x61, 0x72, 0x61, 0x6d, 0x65, 0x74, 0x65, 0x72, 0x2e, 0x77, // rtionParameter.w
	0x20, 0x2a, 0x20, 0x28, 0x5f, 0x31, 0x39, 0x31, 0x32, 0x2e, 0x79, 0x20, 0x2a, 0x20, 0x28, 0x2d, //  * (_1912.y * (-
	0x31, 0x2e, 0x30, 0x29, 0x29, 0x29, 0x3b, 0x0a, 0x20, 0x20, 0x20, 0x20, 0x68, 0x69, 0x67, 0x68, // 1.0)));.    high
	0x70, 0x20, 0x76, 0x65, 0x63, 0x32, 0x20, 0x5f, 0x31, 0x32, 0x33, 0x33, 0x20, 0x3d, 0x20, 0x5f, // p vec2 _1233 = _
	0x31, 0x39, 0x31, 0x32, 0x20, 0x2a, 0x20, 0x75, 0x5f, 0x66, 0x73, 0x66, 0x55, 0x56, 0x44, 0x69, // 1912 * u_fsfUVDi
	0x73, 0x74, 0x6f, 0x72, 0x74, 0x69, 0x6f, 0x6e, 0x50, 0x61, 0x72, 0x61, 0x6d, 0x65, 0x74, 0x65, // stortionParamete
	0x72, 0x2e, 0x79, 0x3b, 0x0a, 0x20, 0x20, 0x20, 0x20, 0x68, 0x69, 0x67, 0x68, 0x70, 0x20, 0x76, // r.y;.    highp v
	0x65, 0x63, 0x34, 0x20, 0x5f, 0x31, 0x32, 0x33, 0x39, 0x20, 0x3d, 0x20, 0x74, 0x65, 0x78, 0x74, // ec4 _1239 = text
	0x75, 0x72, 0x65, 0x28, 0x73, 0x5f, 0x62, 0x6c, 0x65, 0x6e, 0x64, 0x54, 0x65, 0x78, 0x2c, 0x20, // ure(s_blendTex, 
	0x76, 0x5f, 0x42, 0x6c, 0x65, 0x6e, 0x64, 0x5f, 0x46, 0x42, 0x4e, 0x65, 0x78, 0x74, 0x49, 0x6e, // v_Blend_FBNextIn
	0x64, 0x65, 0x78, 0x5f, 0x55, 0x56, 0x2e, 0x78, 0x79, 0x20, 0x2b, 0x20, 0x5f, 0x31, 0x32, 0x33, // dex_UV.xy + _123
	0x33, 0x29, 0x3b, 0x0a, 0x20, 0x20, 0x20, 0x20, 0x68, 0x69, 0x67, 0x68, 0x70, 0x20, 0x76, 0x65, // 3);.    highp ve
	0x63, 0x34, 0x20, 0x5f, 0x32, 0x36, 0x35, 0x34, 0x3b, 0x0a, 0x20, 0x20, 0x20, 0x20, 0x64, 0x6f, // c4 _2654;.    do
	0x0a, 0x20, 0x20, 0x20, 0x20, 0x7b, 0x0a, 0x20, 0x20, 0x20, 0x20, 0x20, 0x20, 0x20, 0x20, 0x69, // .    {.        i
	0x66, 0x20, 0x28, 0x5f, 0x31, 0x36, 0x33, 0x30, 0x29, 0x0a, 0x20, 0x20, 0x20, 0x20, 0x20, 0x20, // f (_1630).      
	0x20, 0x20, 0x7b, 0x0a, 0x20, 0x20, 0x20, 0x20, 0x20, 0x20, 0x20, 0x20, 0x20, 0x20, 0x20, 0x20, //   {.            
	0x5f, 0x32, 0x36, 0x35, 0x34, 0x20, 0x3d, 0x20, 0x5f, 0x31, 0x32, 0x33, 0x39, 0x3b, 0x0a, 0x20, // _2654 = _1239;. 
	0x20, 0x20, 0x20, 0x20, 0x20, 0x20, 0x20, 0x20, 0x20, 0x20, 0x20, 0x62, 0x72, 0x65, 0x61, 0x6b, //            break
	0x3b, 0x0a, 0x20, 0x20, 0x20, 0x20, 0x20, 0x20, 0x20, 0x20, 0x7d, 0x0a, 0x20, 0x20, 0x20, 0x20, // ;.        }.    
	0x20, 0x20, 0x20, 0x20, 0x5f, 0x32, 0x36, 0x35, 0x34, 0x20, 0x3d, 0x20, 0x76, 0x65, 0x63, 0x34, //     _2654 = vec4
	0x28, 0x6d, 0x61, 0x78, 0x28, 0x28, 0x70, 0x6f, 0x77, 0x28, 0x6d, 0x61, 0x78, 0x28, 0x61, 0x62, // (max((pow(max(ab
	0x73, 0x28, 0x5f, 0x31, 0x32, 0x33, 0x39, 0x2e, 0x78, 0x79, 0x7a, 0x29, 0x2c, 0x20, 0x76, 0x65, // s(_1239.xyz), ve
	0x63, 0x33, 0x28, 0x31, 0x2e, 0x31, 0x39, 0x32, 0x30, 0x39, 0x32, 0x38, 0x39, 0x35, 0x35, 0x30, // c3(1.19209289550
	0x37, 0x38, 0x31, 0x32, 0x35, 0x65, 0x2d, 0x30, 0x37, 0x29, 0x29, 0x2c, 0x20, 0x76, 0x65, 0x63, // 78125e-07)), vec
	0x33, 0x28, 0x30, 0x2e, 0x34, 0x31, 0x36, 0x36, 0x36, 0x36, 0x36, 0x35, 0x36, 0x37, 0x33, 0x32, // 3(0.416666656732
	0x35, 0x35, 0x39, 0x32, 0x30, 0x34, 0x31, 0x30, 0x31, 0x35, 0x36, 0x32, 0x35, 0x29, 0x29, 0x20, // 5592041015625)) 
	0x2a, 0x20, 0x31, 0x2e, 0x30, 0x35, 0x34, 0x39, 0x39, 0x39, 0x39, 0x34, 0x37, 0x35, 0x34, 0x37, // * 1.054999947547
	0x39, 0x31, 0x32, 0x35, 0x39, 0x37, 0x36, 0x35, 0x36, 0x32, 0x35, 0x29, 0x20, 0x2d, 0x20, 0x76, // 91259765625) - v
	0x65, 0x63, 0x33, 0x28, 0x30, 0x2e, 0x30, 0x35, 0x34, 0x39, 0x39, 0x39, 0x39, 0x39, 0x39, 0x37, // ec3(0.0549999997
	0x30, 0x31, 0x39, 0x37, 0x36, 0x37, 0x37, 0x36, 0x31, 0x32, 0x33, 0x30, 0x34, 0x36, 0x38, 0x37, // 0197677612304687
	0x35, 0x29, 0x2c, 0x20, 0x76, 0x65, 0x63, 0x33, 0x28, 0x30, 0x2e, 0x30, 0x29, 0x29, 0x2c, 0x20, // 5), vec3(0.0)), 
	0x5f, 0x31, 0x32, 0x33, 0x39, 0x2e, 0x77, 0x29, 0x3b, 0x0a, 0x20, 0x20, 0x20, 0x20, 0x20, 0x20, // _1239.w);.      
	0x20, 0x20, 0x62, 0x72, 0x65, 0x61, 0x6b, 0x3b, 0x0a, 0x20, 0x20, 0x20, 0x20, 0x7d, 0x20, 0x77, //   break;.    } w
	0x68, 0x69, 0x6c, 0x65, 0x28, 0x66, 0x61, 0x6c, 0x73, 0x65, 0x29, 0x3b, 0x0a, 0x20, 0x20, 0x20, // hile(false);.   
	0x20, 0x68, 0x69, 0x67, 0x68, 0x70, 0x20, 0x76, 0x65, 0x63, 0x34, 0x20, 0x5f, 0x31, 0x32, 0x34, //  highp vec4 _124
	0x39, 0x20, 0x3d, 0x20, 0x74, 0x65, 0x78, 0x74, 0x75, 0x72, 0x65, 0x28, 0x73, 0x5f, 0x62, 0x6c, // 9 = texture(s_bl
	0x65, 0x6e, 0x64, 0x41, 0x6c, 0x70, 0x68, 0x61, 0x54, 0x65, 0x78, 0x2c, 0x20, 0x76, 0x5f, 0x42, // endAlphaTex, v_B
	0x6c, 0x65, 0x6e, 0x64, 0x5f, 0x41, 0x6c, 0x70, 0x68, 0x61, 0x5f, 0x44, 0x69, 0x73, 0x74, 0x5f, // lend_Alpha_Dist_
	0x55, 0x56, 0x2e, 0x78, 0x79, 0x20, 0x2b, 0x20, 0x5f, 0x31, 0x32, 0x33, 0x33, 0x29, 0x3b, 0x0a, // UV.xy + _1233);.
	0x20, 0x20, 0x20, 0x20, 0x68, 0x69, 0x67, 0x68, 0x70, 0x20, 0x76, 0x65, 0x63, 0x34, 0x20, 0x5f, //     highp vec4 _
	0x32, 0x36, 0x35, 0x35, 0x3b, 0x0a, 0x20, 0x20, 0x20, 0x20, 0x64, 0x6f, 0x0a, 0x20, 0x20, 0x20, // 2655;.    do.   
	0x20, 0x7b, 0x0a, 0x20, 0x20, 0x20, 0x20, 0x20, 0x20, 0x20, 0x20, 0x69, 0x66, 0x20, 0x28, 0x5f, //  {.        if (_
	0x31, 0x36, 0x33, 0x30, 0x29, 0x0a, 0x20, 0x20, 0x20, 0x20, 0x20, 0x20, 0x20, 0x20, 0x7b, 0x0a, // 1630).        {.
	0x20, 0x20, 0x20, 0x20, 0x20, 0x20, 0x20, 0x20, 0x20, 0x20, 0x20, 0x20, 0x5f, 0x32, 0x36, 0x35, //             _265
	0x35, 0x20, 0x3d, 0x20, 0x5f, 0x31, 0x32, 0x34, 0x39, 0x3b, 0x0a, 0x20, 0x20, 0x20, 0x20, 0x20, // 5 = _1249;.     
	0x20, 0x20, 0x20, 0x20, 0x20, 0x20, 0x20, 0x62, 0x72, 0x65, 0x61, 0x6b, 0x3b, 0x0a, 0x20, 0x20, //        break;.  
	0x20, 0x20, 0x20, 0x20, 0x20, 0x20, 0x7d, 0x0a, 0x20, 0x20, 0x20, 0x20, 0x20, 0x20, 0x20, 0x20, //       }.        
	0x5f, 0x32, 0x36, 0x35, 0x35, 0x20, 0x3d, 0x20, 0x76, 0x65, 0x63, 0x34, 0x28, 0x6d, 0x61, 0x78, // _2655 = vec4(max
	0x28, 0x28, 0x70, 0x6f, 0x77, 0x28, 0x6d, 0x61, 0x78, 0x28, 0x61, 0x62, 0x73, 0x28, 0x5f, 0x31, // ((pow(max(abs(_1
	0x32, 0x34, 0x39, 0x2e, 0x78, 0x79, 0x7a, 0x29, 0x2c, 0x20, 0x76, 0x65, 0x63, 0x33, 0x28, 0x31, // 249.xyz), vec3(1
	0x2e, 0x31, 0x39, 0x32, 0x30, 0x39, 0x32, 0x38, 0x39, 0x35, 0x35, 0x30, 0x37, 0x38, 0x31, 0x32, // .192092895507812
	0x35, 0x65, 0x2d, 0x30, 0x37, 0x29, 0x29, 0x2c, 0x20, 0x76, 0x65, 0x63, 0x33, 0x28, 0x30, 0x2e, // 5e-07)), vec3(0.
	0x34, 0x31, 0x36, 0x36, 0x36, 0x36, 0x36, 0x35, 0x36, 0x37, 0x33, 0x32, 0x35, 0x35, 0x39, 0x32, // 4166666567325592
	0x30, 0x34, 0x31, 0x30, 0x31, 0x35, 0x36, 0x32, 0x35, 0x29, 0x29, 0x20, 0x2a, 0x20, 0x31, 0x2e, // 041015625)) * 1.
	0x30, 0x35, 0x34, 0x39, 0x39, 0x39, 0x39, 0x34, 0x37, 0x35, 0x34, 0x37, 0x39, 0x31, 0x32, 0x35, // 0549999475479125
	0x39, 0x37, 0x36, 0x35, 0x36, 0x32, 0x35, 0x29, 0x20, 0x2d, 0x20, 0x76, 0x65, 0x63, 0x33, 0x28, // 9765625) - vec3(
	0x30, 0x2e, 0x30, 0x35, 0x34, 0x39, 0x39, 0x39, 0x39, 0x39, 0x39, 0x37, 0x30, 0x31, 0x39, 0x37, // 0.05499999970197
	0x36, 0x37, 0x37, 0x36, 0x31, 0x32, 0x33, 0x30, 0x34, 0x36, 0x38, 0x37, 0x35, 0x29, 0x2c, 0x20, // 6776123046875), 
	0x76, 0x65, 0x63, 0x33, 0x28, 0x30, 0x2e, 0x30, 0x29, 0x29, 0x2e, 0x78, 0x2c, 0x20, 0x5f, 0x32, // vec3(0.0)).x, _2
	0x36, 0x38, 0x36, 0x2c, 0x20, 0x5f, 0x32, 0x36, 0x38, 0x36, 0x2c, 0x20, 0x5f, 0x31, 0x32, 0x34, // 686, _2686, _124
	0x39, 0x2e, 0x77, 0x29, 0x3b, 0x0a, 0x20, 0x20, 0x20, 0x20, 0x20, 0x20, 0x20, 0x20, 0x62, 0x72, // 9.w);.        br
	0x65, 0x61, 0x6b, 0x3b, 0x0a, 0x20, 0x20, 0x20, 0x20, 0x7d, 0x20, 0x77, 0x68, 0x69, 0x6c, 0x65, // eak;.    } while
	0x28, 0x66, 0x61, 0x6c, 0x73, 0x65, 0x29, 0x3b, 0x0a, 0x20, 0x20, 0x20, 0x20, 0x68, 0x69, 0x67, // (false);.    hig
	0x68, 0x70, 0x20, 0x66, 0x6c, 0x6f, 0x61, 0x74, 0x20, 0x5f, 0x31, 0x32, 0x36, 0x31, 0x20, 0x3d, // hp float _1261 =
	0x20, 0x5f, 0x32, 0x36, 0x35, 0x34, 0x2e, 0x77, 0x20, 0x2a, 0x20, 0x28, 0x5f, 0x32, 0x36, 0x35, //  _2654.w * (_265
	0x35, 0x2e, 0x78, 0x20, 0x2a, 0x20, 0x5f, 0x32, 0x36, 0x35, 0x35, 0x2e, 0x77, 0x29, 0x3b, 0x0a, // 5.x * _2655.w);.
	0x20, 0x20, 0x20, 0x20, 0x68, 0x69, 0x67, 0x68, 0x70, 0x20, 0x76, 0x65, 0x63, 0x34, 0x20, 0x5f, //     highp vec4 _
	0x32, 0x36, 0x36, 0x31, 0x3b, 0x0a, 0x20, 0x20, 0x20, 0x20, 0x69, 0x66, 0x20, 0x28, 0x75, 0x5f, // 2661;.    if (u_
	0x66, 0x73, 0x66, 0x42, 0x6c, 0x65, 0x6e, 0x64, 0x54, 0x65, 0x78, 0x74, 0x75, 0x72, 0x65, 0x50, // fsfBlendTextureP
	0x61, 0x72, 0x61, 0x6d, 0x65, 0x74, 0x65, 0x72, 0x2e, 0x78, 0x20, 0x3d, 0x3d, 0x20, 0x30, 0x2e, // arameter.x == 0.
	0x30, 0x29, 0x0a, 0x20, 0x20, 0x20, 0x20, 0x7b, 0x0a, 0x20, 0x20, 0x20, 0x20, 0x20, 0x20, 0x20, // 0).    {.       
	0x20, 0x5f, 0x32, 0x36, 0x36, 0x31, 0x20, 0x3d, 0x20, 0x76, 0x65, 0x63, 0x34, 0x28, 0x28, 0x5f, //  _2661 = vec4((_
	0x32, 0x36, 0x35, 0x34, 0x2e, 0x78, 0x79, 0x7a, 0x20, 0x2a, 0x20, 0x5f, 0x31, 0x32, 0x36, 0x31, // 2654.xyz * _1261
	0x29, 0x20, 0x2b, 0x20, 0x28, 0x5f, 0x32, 0x35, 0x30, 0x37, 0x2e, 0x78, 0x79, 0x7a, 0x20, 0x2a, // ) + (_2507.xyz *
	0x20, 0x28, 0x31, 0x2e, 0x30, 0x20, 0x2d, 0x20, 0x5f, 0x31, 0x32, 0x36, 0x31, 0x29, 0x29, 0x2c, //  (1.0 - _1261)),
	0x20, 0x5f, 0x31, 0x32, 0x31, 0x39, 0x29, 0x3b, 0x0a, 0x20, 0x20, 0x20, 0x20, 0x7d, 0x0a, 0x20, //  _1219);.    }. 
	0x20, 0x20, 0x20, 0x65, 0x6c, 0x73, 0x65, 0x0a, 0x20, 0x20, 0x20, 0x20, 0x7b, 0x0a, 0x20, 0x20, //    else.    {.  
	0x20, 0x20, 0x20, 0x20, 0x20, 0x20, 0x68, 0x69, 0x67, 0x68, 0x70, 0x20, 0x76, 0x65, 0x63, 0x34, //       highp vec4
	0x20, 0x5f, 0x32, 0x36, 0x36, 0x32, 0x3b, 0x0a, 0x20, 0x20, 0x20, 0x20, 0x20, 0x20, 0x20, 0x20, //  _2662;.        
	0x69, 0x66, 0x20, 0x28, 0x75, 0x5f, 0x66, 0x73, 0x66, 0x42, 0x6c, 0x65, 0x6e, 0x64, 0x54, 0x65, // if (u_fsfBlendTe
	0x78, 0x74, 0x75, 0x72, 0x65, 0x50, 0x61, 0x72, 0x61, 0x6d, 0x65, 0x74, 0x65, 0x72, 0x2e, 0x78, // xtureParameter.x
	0x20, 0x3d, 0x3d, 0x20, 0x31, 0x2e, 0x30, 0x29, 0x0a, 0x20, 0x20, 0x20, 0x20, 0x20, 0x20, 0x20, //  == 1.0).       
	0x20, 0x7b, 0x0a, 0x20, 0x20, 0x20, 0x20, 0x20, 0x20, 0x20, 0x20, 0x20, 0x20, 0x20, 0x20, 0x5f, //  {.            _
	0x32, 0x36, 0x36, 0x32, 0x20, 0x3d, 0x20, 0x76, 0x65, 0x63, 0x34, 0x28, 0x5f, 0x32, 0x35, 0x30, // 2662 = vec4(_250
	0x37, 0x2e, 0x78, 0x79, 0x7a, 0x20, 0x2b, 0x20, 0x28, 0x5f, 0x32, 0x36, 0x35, 0x34, 0x2e, 0x78, // 7.xyz + (_2654.x
	0x79, 0x7a, 0x20, 0x2a, 0x20, 0x5f, 0x31, 0x32, 0x36, 0x31, 0x29, 0x2c, 0x20, 0x5f, 0x31, 0x32, // yz * _1261), _12
	0x31, 0x39, 0x29, 0x3b, 0x0a, 0x20, 0x20, 0x20, 0x20, 0x20, 0x20, 0x20, 0x20, 0x7d, 0x0a, 0x20, // 19);.        }. 
	0x20, 0x20, 0x20, 0x20, 0x20, 0x20, 0x20, 0x65, 0x6c, 0x73, 0x65, 0x0a, 0x20, 0x20, 0x20, 0x20, //        else.    
	0x20, 0x20, 0x20, 0x20, 0x7b, 0x0a, 0x20, 0x20, 0x20, 0x20, 0x20, 0x20, 0x20, 0x20, 0x20, 0x20, //     {.          
	0x20, 0x20, 0x68, 0x69, 0x67, 0x68, 0x70, 0x20, 0x76, 0x65, 0x63, 0x34, 0x20, 0x5f, 0x32, 0x36, //   highp vec4 _26
	0x36, 0x33, 0x3b, 0x0a, 0x20, 0x20, 0x20, 0x20, 0x20, 0x20, 0x20, 0x20, 0x20, 0x20, 0x20, 0x20, // 63;.            
	0x69, 0x66, 0x20, 0x28, 0x75, 0x5f, 0x66, 0x73, 0x66, 0x42, 0x6c, 0x65, 0x6e, 0x64, 0x54, 0x65, // if (u_fsfBlendTe
	0x78, 0x74, 0x75, 0x72, 0x65, 0x50, 0x61, 0x72, 0x61, 0x6d, 0x65, 0x74, 0x65, 0x72, 0x2e, 0x78, // xtureParameter.x
	0x20, 0x3d, 0x3d, 0x20, 0x32, 0x2e, 0x30, 0x29, 0x0a, 0x20, 0x20, 0x20, 0x20, 0x20, 0x20, 0x20, //  == 2.0).       
	0x20, 0x20, 0x20, 0x20, 0x20, 0x7b, 0x0a, 0x20, 0x20, 0x20, 0x20, 0x20, 0x20, 0x20, 0x20, 0x20, //      {.         
	0x20, 0x20, 0x20, 0x20, 0x20, 0x20, 0x20, 0x5f, 0x32, 0x36, 0x36, 0x33, 0x20, 0x3d, 0x20, 0x76, //        _2663 = v
	0x65, 0x63, 0x34, 0x28, 0x5f, 0x32, 0x35, 0x30, 0x37, 0x2e, 0x78, 0x79, 0x7a, 0x20, 0x2d, 0x20, // ec4(_2507.xyz - 
	0x28, 0x5f, 0x32, 0x36, 0x35, 0x34, 0x2e, 0x78, 0x79, 0x7a, 0x20, 0x2a, 0x20, 0x5f, 0x31, 0x32, // (_2654.xyz * _12
	0x36, 0x31, 0x29, 0x2c, 0x20, 0x5f, 0x31, 0x32, 0x31, 0x39, 0x29, 0x3b, 0x0a, 0x20, 0x20, 0x20, // 61), _1219);.   
	0x20, 0x20, 0x20, 0x20, 0x20, 0x20, 0x20, 0x20, 0x20, 0x7d, 0x0a, 0x20, 0x20, 0x20, 0x20, 0x20, //          }.     
	0x20, 0x20, 0x20, 0x20, 0x20, 0x20, 0x20, 0x65, 0x6c, 0x73, 0x65, 0x0a, 0x20, 0x20, 0x20, 0x20, //        else.    
	0x20, 0x20, 0x20, 0x20, 0x20, 0x20, 0x20, 0x20, 0x7b, 0x0a, 0x20, 0x20, 0x20, 0x20, 0x20, 0x20, //         {.      
	0x20, 0x20, 0x20, 0x20, 0x20, 0x20, 0x20, 0x20, 0x20, 0x20, 0x68, 0x69, 0x67, 0x68, 0x70, 0x20, //           highp 
	0x76, 0x65, 0x63, 0x34, 0x20, 0x5f, 0x32, 0x36, 0x36, 0x34, 0x3b, 0x0a, 0x20, 0x20, 0x20, 0x20, // vec4 _2664;.    
	0x20, 0x20, 0x20, 0x20, 0x20, 0x20, 0x20, 0x20, 0x20, 0x20, 0x20, 0x20, 0x69, 0x66, 0x20, 0x28, //             if (
	0x75, 0x5f, 0x66, 0x73, 0x66, 0x42, 0x6c, 0x65, 0x6e, 0x64, 0x54, 0x65, 0x78, 0x74, 0x75, 0x72, // u_fsfBlendTextur
	0x65, 0x50, 0x61, 0x72, 0x61, 0x6d, 0x65, 0x74, 0x65, 0x72, 0x2e, 0x78, 0x20, 0x3d, 0x3d, 0x20, // eParameter.x == 
	0x33, 0x2e, 0x30, 0x29, 0x0a, 0x20, 0x20, 0x20, 0x20, 0x20, 0x20, 0x20, 0x20, 0x20, 0x20, 0x20, // 3.0).           
	0x20, 0x20, 0x20, 0x20, 0x20, 0x7b, 0x0a, 0x20, 0x20, 0x20, 0x20, 0x20, 0x20, 0x20, 0x20, 0x20, //      {.         
	0x20, 0x20, 0x20, 0x20, 0x20, 0x20, 0x20, 0x20, 0x20, 0x20, 0x20, 0x5f, 0x32, 0x36, 0x36, 0x34, //            _2664
	0x20, 0x3d, 0x20, 0x76, 0x65, 0x63, 0x34, 0x28, 0x5f, 0x32, 0x35, 0x30, 0x37, 0x2e, 0x78, 0x79, //  = vec4(_2507.xy
	0x7a, 0x20, 0x2a, 0x20, 0x28, 0x5f, 0x32, 0x36, 0x35, 0x34, 0x2e, 0x78, 0x79, 0x7a, 0x20, 0x2a, // z * (_2654.xyz *
	0x20, 0x5f, 0x31, 0x32, 0x36, 0x31, 0x29, 0x2c, 0x20, 0x5f, 0x31, 0x32, 0x31, 0x39, 0x29, 0x3b, //  _1261), _1219);
	0x0a, 0x20, 0x20, 0x20, 0x20, 0x20, 0x20, 0x20, 0x20, 0x20, 0x20, 0x20, 0x20, 0x20, 0x20, 0x20, // .               
	0x20, 0x7d, 0x0a, 0x20, 0x20, 0x20, 0x20, 0x20, 0x20, 0x20, 0x20, 0x20, 0x20, 0x20, 0x20, 0x20, //  }.             
	0x20, 0x20, 0x20, 0x65, 0x6c, 0x73, 0x65, 0x0a, 0x20, 0x20, 0x20, 0x20, 0x20, 0x20, 0x20, 0x20, //    else.        
	0x20, 0x20, 0x20, 0x20, 0x20, 0x20, 0x20, 0x20, 0x7b, 0x0a, 0x20, 0x20, 0x20, 0x20, 0x20, 0x20, //         {.      
	0x20, 0x20, 0x20, 0x20, 0x20, 0x20, 0x20, 0x20, 0x20, 0x20, 0x20, 0x20, 0x20, 0x20, 0x5f, 0x32, //               _2
	0x36, 0x36, 0x34, 0x20, 0x3d, 0x20, 0x5f, 0x32, 0x35, 0x30, 0x37, 0x3b, 0x0a, 0x20, 0x20, 0x20, // 664 = _2507;.   
	0x20, 0x20, 0x20, 0x20, 0x20, 0x20, 0x20, 0x20, 0x20, 0x20, 0x20, 0x20, 0x20, 0x7d, 0x0a, 0x20, //              }. 
	0x20, 0x20, 0x20, 0x20, 0x20, 0x20, 0x20, 0x20, 0x20, 0x20, 0x20, 0x20, 0x20, 0x20, 0x20, 0x5f, //                _
	0x32, 0x36, 0x36, 0x33, 0x20, 0x3d, 0x20, 0x5f, 0x32, 0x36, 0x36, 0x34, 0x3b, 0x0a, 0x20, 0x20, // 2663 = _2664;.  
	0x20, 0x20, 0x20, 0x20, 0x20, 0x20, 0x20, 0x20, 0x20, 0x20, 0x7d, 0x0a, 0x20, 0x20, 0x20, 0x20, //           }.    
	0x20, 0x20, 0x20, 0x20, 0x20, 0x20, 0x20, 0x20, 0x5f, 0x32, 0x36, 0x36, 0x32, 0x20, 0x3d, 0x20, //         _2662 = 
	0x5f, 0x32, 0x36, 0x36, 0x33, 0x3b, 0x0a, 0x20, 0x20, 0x20, 0x20, 0x20, 0x20, 0x20, 0x20, 0x7d, // _2663;.        }
	0x0a, 0x20, 0x20, 0x20, 0x20, 0x20, 0x20, 0x20, 0x20, 0x5f, 0x32, 0x36, 0x36, 0x31, 0x20, 0x3d, // .        _2661 =
	0x20, 0x5f, 0x32, 0x36, 0x36, 0x32, 0x3b, 0x0a, 0x20, 0x20, 0x20, 0x20, 0x7d, 0x0a, 0x20, 0x20, //  _2662;.    }.  
	0x20, 0x20, 0x68, 0x69, 0x67, 0x68, 0x70, 0x20, 0x76, 0x65, 0x63, 0x34, 0x20, 0x5f, 0x32, 0x36, //   highp vec4 _26
	0x36, 0x38, 0x3b, 0x0a, 0x20, 0x20, 0x20, 0x20, 0x69, 0x66, 0x20, 0x28, 0x75, 0x5f, 0x66, 0x73, // 68;.    if (u_fs
	0x66, 0x46, 0x61, 0x6c, 0x6c, 0x6f, 0x66, 0x66, 0x50, 0x61, 0x72, 0x61, 0x6d, 0x65, 0x74, 0x65, // fFalloffParamete
	0x72, 0x2e, 0x78, 0x20, 0x3d, 0x3d, 0x20, 0x31, 0x2e, 0x30, 0x29, 0x0a, 0x20, 0x20, 0x20, 0x20, // r.x == 1.0).    
	0x7b, 0x0a, 0x20, 0x20, 0x20, 0x20, 0x20, 0x20, 0x20, 0x20, 0x68, 0x69, 0x67, 0x68, 0x70, 0x20, // {.        highp 
	0x76, 0x65, 0x63, 0x34, 0x20, 0x5f, 0x31, 0x32, 0x39, 0x32, 0x20, 0x3d, 0x20, 0x6d, 0x69, 0x78, // vec4 _1292 = mix
	0x28, 0x75, 0x5f, 0x66, 0x73, 0x66, 0x46, 0x61, 0x6c, 0x6c, 0x6f, 0x66, 0x66, 0x45, 0x6e, 0x64, // (u_fsfFalloffEnd
	0x43, 0x6f, 0x6c, 0x6f, 0x72, 0x2c, 0x20, 0x75, 0x5f, 0x66, 0x73, 0x66, 0x46, 0x61, 0x6c, 0x6c, // Color, u_fsfFall
	0x6f, 0x66, 0x66, 0x42, 0x65, 0x67, 0x69, 0x6e, 0x43, 0x6f, 0x6c, 0x6f, 0x72, 0x2c, 0x20, 0x76, // offBeginColor, v
	0x65, 0x63, 0x34, 0x28, 0x70, 0x6f, 0x77, 0x28, 0x63, 0x6c, 0x61, 0x6d, 0x70, 0x28, 0x64, 0x6f, // ec4(pow(clamp(do
	0x74, 0x28, 0x6e, 0x6f, 0x72, 0x6d, 0x61, 0x6c, 0x69, 0x7a, 0x65, 0x28, 0x2d, 0x75, 0x5f, 0x66, // t(normalize(-u_f
	0x73, 0x66, 0x43, 0x61, 0x6d, 0x65, 0x72, 0x61, 0x46, 0x72, 0x6f, 0x6e, 0x74, 0x44, 0x69, 0x72, // sfCameraFrontDir
	0x65, 0x63, 0x74, 0x69, 0x6f, 0x6e, 0x2e, 0x78, 0x79, 0x7a, 0x29, 0x2c, 0x20, 0x6e, 0x6f, 0x72, // ection.xyz), nor
	0x6d, 0x61, 0x6c, 0x69, 0x7a, 0x65, 0x28, 0x76, 0x5f, 0x57, 0x6f, 0x72, 0x6c, 0x64, 0x4e, 0x29, // malize(v_WorldN)
	0x29, 0x2c, 0x20, 0x30, 0x2e, 0x30, 0x2c, 0x20, 0x31, 0x2e, 0x30, 0x29, 0x2c, 0x20, 0x75, 0x5f, // ), 0.0, 1.0), u_
	0x66, 0x73, 0x66, 0x46, 0x61, 0x6c, 0x6c, 0x6f, 0x66, 0x66, 0x50, 0x61, 0x72, 0x61, 0x6d, 0x65, // fsfFalloffParame
	0x74, 0x65, 0x72, 0x2e, 0x7a, 0x29, 0x29, 0x29, 0x3b, 0x0a, 0x20, 0x20, 0x20, 0x20, 0x20, 0x20, // ter.z)));.      
	0x20, 0x20, 0x68, 0x69, 0x67, 0x68, 0x70, 0x20, 0x76, 0x65, 0x63, 0x34, 0x20, 0x5f, 0x32, 0x36, //   highp vec4 _26
	0x36, 0x35, 0x3b, 0x0a, 0x20, 0x20, 0x20, 0x20, 0x20, 0x20, 0x20, 0x20, 0x69, 0x66, 0x20, 0x28, // 65;.        if (
	0x75, 0x5f, 0x66, 0x73, 0x66, 0x46, 0x61, 0x6c, 0x6c, 0x6f, 0x66, 0x66, 0x50, 0x61, 0x72, 0x61, // u_fsfFalloffPara
	0x6d, 0x65, 0x74, 0x65, 0x72, 0x2e, 0x79, 0x20, 0x3d, 0x3d, 0x20, 0x30, 0x2e, 0x30, 0x29, 0x0a, // meter.y == 0.0).
	0x20, 0x20, 0x20, 0x20, 0x20, 0x20, 0x20, 0x20, 0x7b, 0x0a, 0x20, 0x20, 0x20, 0x20, 0x20, 0x20, //         {.      
	0x20, 0x20, 0x20, 0x20, 0x20, 0x20, 0x68, 0x69, 0x67, 0x68, 0x70, 0x20, 0x76, 0x65, 0x63, 0x33, //       highp vec3
	0x20, 0x5f, 0x31, 0x33, 0x30, 0x32, 0x20, 0x3d, 0x20, 0x5f, 0x32, 0x36, 0x36, 0x31, 0x2e, 0x78, //  _1302 = _2661.x
	0x79, 0x7a, 0x20, 0x2b, 0x20, 0x5f, 0x31, 0x32, 0x39, 0x32, 0x2e, 0x78, 0x79, 0x7a, 0x3b, 0x0a, // yz + _1292.xyz;.
	0x20, 0x20, 0x20, 0x20, 0x20, 0x20, 0x20, 0x20, 0x20, 0x20, 0x20, 0x20, 0x68, 0x69, 0x67, 0x68, //             high
	0x70, 0x20, 0x76, 0x65, 0x63, 0x34, 0x20, 0x5f, 0x32, 0x35, 0x36, 0x37, 0x20, 0x3d, 0x20, 0x5f, // p vec4 _2567 = _
	0x32, 0x36, 0x36, 0x31, 0x3b, 0x0a, 0x20, 0x20, 0x20, 0x20, 0x20, 0x20, 0x20, 0x20, 0x20, 0x20, // 2661;.          
	0x20, 0x20, 0x5f, 0x32, 0x35, 0x36, 0x37, 0x2e, 0x78, 0x20, 0x3d, 0x20, 0x5f, 0x31, 0x33, 0x30, //   _2567.x = _130
	0x32, 0x2e, 0x78, 0x3b, 0x0a, 0x20, 0x20, 0x20, 0x20, 0x20, 0x20, 0x20, 0x20, 0x20, 0x20, 0x20, // 2.x;.           
	0x20, 0x5f, 0x32, 0x35, 0x36, 0x37, 0x2e, 0x79, 0x20, 0x3d, 0x20, 0x5f, 0x31, 0x33, 0x30, 0x32, //  _2567.y = _1302
	0x2e, 0x79, 0x3b, 0x0a, 0x20, 0x20, 0x20, 0x20, 0x20, 0x20, 0x20, 0x20, 0x20, 0x20, 0x20, 0x20, // .y;.            
	0x5f, 0x32, 0x35, 0x36, 0x37, 0x2e, 0x7a, 0x20, 0x3d, 0x20, 0x5f, 0x31, 0x33, 0x30, 0x32, 0x2e, // _2567.z = _1302.
	0x7a, 0x3b, 0x0a, 0x20, 0x20, 0x20, 0x20, 0x20, 0x20, 0x20, 0x20, 0x20, 0x20, 0x20, 0x20, 0x5f, // z;.            _
	0x32, 0x36, 0x36, 0x35, 0x20, 0x3d, 0x20, 0x5f, 0x32, 0x35, 0x36, 0x37, 0x3b, 0x0a, 0x20, 0x20, // 2665 = _2567;.  
	0x20, 0x20, 0x20, 0x20, 0x20, 0x20, 0x7d, 0x0a, 0x20, 0x20, 0x20, 0x20, 0x20, 0x20, 0x20, 0x20, //       }.        
	0x65, 0x6c, 0x73, 0x65, 0x0a, 0x20, 0x20, 0x20, 0x20, 0x20, 0x20, 0x20, 0x20, 0x7b, 0x0a, 0x20, // else.        {. 
	0x20, 0x20, 0x20, 0x20, 0x20, 0x20, 0x20, 0x20, 0x20, 0x20, 0x20, 0x68, 0x69, 0x67, 0x68, 0x70, //            highp
	0x20, 0x76, 0x65, 0x63, 0x34, 0x20, 0x5f, 0x32, 0x36, 0x36, 0x36, 0x3b, 0x0a, 0x20, 0x20, 0x20, //  vec4 _2666;.   
	0x20, 0x20, 0x20, 0x20, 0x20, 0x20, 0x20, 0x20, 0x20, 0x69, 0x66, 0x20, 0x28, 0x75, 0x5f, 0x66, //          if (u_f
	0x73, 0x66, 0x46, 0x61, 0x6c, 0x6c, 0x6f, 0x66, 0x66, 0x50, 0x61, 0x72, 0x61, 0x6d, 0x65, 0x74, // sfFalloffParamet
	0x65, 0x72, 0x2e, 0x79, 0x20, 0x3d, 0x3d, 0x20, 0x31, 0x2e, 0x30, 0x29, 0x0a, 0x20, 0x20, 0x20, // er.y == 1.0).   
	0x20, 0x20, 0x20, 0x20, 0x20, 0x20, 0x20, 0x20, 0x20, 0x7b, 0x0a, 0x20, 0x20, 0x20, 0x20, 0x20, //          {.     
	0x20, 0x20, 0x20, 0x20, 0x20, 0x20, 0x20, 0x20, 0x20, 0x20, 0x20, 0x68, 0x69, 0x67, 0x68, 0x70, //            highp
	0x20, 0x76, 0x65, 0x63, 0x33, 0x20, 0x5f, 0x31, 0x33, 0x32, 0x32, 0x20, 0x3d, 0x20, 0x5f, 0x32, //  vec3 _1322 = _2
	0x36, 0x36, 0x31, 0x2e, 0x78, 0x79, 0x7a, 0x20, 0x2d, 0x20, 0x5f, 0x31, 0x32, 0x39, 0x32, 0x2e, // 661.xyz - _1292.
	0x78, 0x79, 0x7a, 0x3b, 0x0a, 0x20, 0x20, 0x20, 0x20, 0x20, 0x20, 0x20, 0x20, 0x20, 0x20, 0x20, // xyz;.           
	0x20, 0x20, 0x20, 0x20, 0x20, 0x68, 0x69, 0x67, 0x68, 0x70, 0x20, 0x76, 0x65, 0x63, 0x34, 0x20, //      highp vec4 
	0x5f, 0x32, 0x35, 0x37, 0x36, 0x20, 0x3d, 0x20, 0x5f, 0x32, 0x36, 0x36, 0x31, 0x3b, 0x0a, 0x20, // _2576 = _2661;. 
	0x20, 0x20, 0x20, 0x20, 0x20, 0x20, 0x20, 0x20, 0x20, 0x20, 0x20, 0x20, 0x20, 0x20, 0x20, 0x5f, //                _
	0x32, 0x35, 0x37, 0x36, 0x2e, 0x78, 0x20, 0x3d, 0x20, 0x5f, 0x31, 0x33, 0x32, 0x32, 0x2e, 0x78, // 2576.x = _1322.x
	0x3b, 0x0a, 0x20, 0x20, 0x20, 0x20, 0x20, 0x20, 0x20, 0x20, 0x20, 0x20, 0x20, 0x20, 0x20, 0x20, // ;.              
	0x20, 0x20, 0x5f, 0x32, 0x35, 0x37, 0x36, 0x2e, 0x79, 0x20, 0x3d, 0x20, 0x5f, 0x31, 0x33, 0x32, //   _2576.y = _132
	0x32, 0x2e, 0x79, 0x3b, 0x0a, 0x20, 0x20, 0x20, 0x20, 0x20, 0x20, 0x20, 0x20, 0x20, 0x20, 0x20, // 2.y;.           
	0x20, 0x20, 0x20, 0x20, 0x20, 0x5f, 0x32, 0x35, 0x37, 0x36, 0x2e, 0x7a, 0x20, 0x3d, 0x20, 0x5f, //      _2576.z = _
	0x31, 0x33, 0x32, 0x32, 0x2e, 0x7a, 0x3b, 0x0a, 0x20, 0x20, 0x20, 0x20, 0x20, 0x20, 0x20, 0x20, // 1322.z;.        
	0x20, 0x20, 0x20, 0x20, 0x20, 0x20, 0x20, 0x20, 0x5f, 0x32, 0x36, 0x36, 0x36, 0x20, 0x3d, 0x20, //         _2666 = 
	0x5f, 0x32, 0x35, 0x37, 0x36, 0x3b, 0x0a, 0x20, 0x20, 0x20, 0x20, 0x20, 0x20, 0x20, 0x20, 0x20, // _2576;.         
	0x20, 0x20, 0x20, 0x7d, 0x0a, 0x20, 0x20, 0x20, 0x20, 0x20, 0x20, 0x20, 0x20, 0x20, 0x20, 0x20, //    }.           
	0x20, 0x65, 0x6c, 0x73, 0x65, 0x0a, 0x20, 0x20, 0x20, 0x20, 0x20, 0x20, 0x20, 0x20, 0x20, 0x20, //  else.          
	0x20, 0x20, 0x7b, 0x0a, 0x20, 0x20, 0x20, 0x20, 0x20, 0x20, 0x20, 0x20, 0x20, 0x20, 0x20, 0x20, //   {.            
	0x20, 0x20, 0x20, 0x20, 0x68, 0x69, 0x67, 0x68, 0x70, 0x20, 0x76, 0x65, 0x63, 0x34, 0x20, 0x5f, //     highp vec4 _
	0x32, 0x36, 0x36, 0x37, 0x3b, 0x0a, 0x20, 0x20, 0x20, 0x20, 0x20, 0x20, 0x20, 0x20, 0x20, 0x20, // 2667;.          
	0x20, 0x20, 0x20, 0x20, 0x20, 0x20, 0x69, 0x66, 0x20, 0x28, 0x75, 0x5f, 0x66, 0x73, 0x66, 0x46, //       if (u_fsfF
	0x61, 0x6c, 0x6c, 0x6f, 0x66, 0x66, 0x50, 0x61, 0x72, 0x61, 0x6d, 0x65, 0x74, 0x65, 0x72, 0x2e, // alloffParameter.
	0x79, 0x20, 0x3d, 0x3d, 0x20, 0x32, 0x2e, 0x30, 0x29, 0x0a, 0x20, 0x20, 0x20, 0x20, 0x20, 0x20, // y == 2.0).      
	0x20, 0x20, 0x20, 0x20, 0x20, 0x20, 0x20, 0x20, 0x20, 0x20, 0x7b, 0x0a, 0x20, 0x20, 0x20, 0x20, //           {.    
	0x20, 0x20, 0x20, 0x20, 0x20, 0x20, 0x20, 0x20, 0x20, 0x20, 0x20, 0x20, 0x20, 0x20, 0x20, 0x20, //                 
	0x68, 0x69, 0x67, 0x68, 0x70, 0x20, 0x76, 0x65, 0x63, 0x33, 0x20, 0x5f, 0x31, 0x33, 0x34, 0x32, // highp vec3 _1342
	0x20, 0x3d, 0x20, 0x5f, 0x32, 0x36, 0x36, 0x31, 0x2e, 0x78, 0x79, 0x7a, 0x20, 0x2a, 0x20, 0x5f, //  = _2661.xyz * _
	0x31, 0x32, 0x39, 0x32, 0x2e, 0x78, 0x79, 0x7a, 0x3b, 0x0a, 0x20, 0x20, 0x20, 0x20, 0x20, 0x20, // 1292.xyz;.      
	0x20, 0x20, 0x20, 0x20, 0x20, 0x20, 0x20, 0x20, 0x20, 0x20, 0x20, 0x20, 0x20, 0x20, 0x68, 0x69, //               hi
	0x67, 0x68, 0x70, 0x20, 0x76, 0x65, 0x63, 0x34, 0x20, 0x5f, 0x32, 0x35, 0x38, 0x35, 0x20, 0x3d, // ghp vec4 _2585 =
	0x20, 0x5f, 0x32, 0x36, 0x36, 0x31, 0x3b, 0x0a, 0x20, 0x20, 0x20, 0x20, 0x20, 0x20, 0x20, 0x20, //  _2661;.        
	0x20, 0x20, 0x20, 0x20, 0x20, 0x20, 0x20, 0x20, 0x20, 0x20, 0x20, 0x20, 0x5f, 0x32, 0x35, 0x38, //             _258
	0x35, 0x2e, 0x78, 0x20, 0x3d, 0x20, 0x5f, 0x31, 0x33, 0x34, 0x32, 0x2e, 0x78, 0x3b, 0x0a, 0x20, // 5.x = _1342.x;. 
	0x20, 0x20, 0x20, 0x20, 0x20, 0x20, 0x20, 0x20, 0x20, 0x20, 0x20, 0x20, 0x20, 0x20, 0x20, 0x20, //                 
	0x20, 0x20, 0x20, 0x5f, 0x32, 0x35, 0x38, 0x35, 0x2e, 0x79, 0x20, 0x3d, 0x20, 0x5f, 0x31, 0x33, //    _2585.y = _13
	0x34, 0x32, 0x2e, 0x79, 0x3b, 0x0a, 0x20, 0x20, 0x20, 0x20, 0x20, 0x20, 0x20, 0x20, 0x20, 0x20, // 42.y;.          
	0x20, 0x20, 0x20, 0x20, 0x20, 0x20, 0x20, 0x20, 0x20, 0x20, 0x5f, 0x32, 0x35, 0x38, 0x35, 0x2e, //           _2585.
	0x7a, 0x20, 0x3d, 0x20, 0x5f, 0x31, 0x33, 0x34, 0x32, 0x2e, 0x7a, 0x3b, 0x0a, 0x20, 0x20, 0x20, // z = _1342.z;.   
	0x20, 0x20, 0x20, 0x20, 0x20, 0x20, 0x20, 0x20, 0x20, 0x20, 0x20, 0x20, 0x20, 0x20, 0x20, 0x20, //                 
	0x20, 0x5f, 0x32, 0x36, 0x36, 0x37, 0x20, 0x3d, 0x20, 0x5f, 0x32, 0x35, 0x38, 0x35, 0x3b, 0x0a, //  _2667 = _2585;.
	0x20, 0x20, 0x20, 0x20, 0x20, 0x20, 0x20, 0x20, 0x20, 0x20, 0x20, 0x20, 0x20, 0x20, 0x20, 0x20, //                 
	0x7d, 0x0a, 0x20, 0x20, 0x20, 0x20, 0x20, 0x20, 0x20, 0x20, 0x20, 0x20, 0x20, 0x20, 0x20, 0x20, // }.              
	0x20, 0x20, 0x65, 0x6c, 0x73, 0x65, 0x0a, 0x20, 0x20, 0x20, 0x20, 0x20, 0x20, 0x20, 0x20, 0x20, //   else.         
	0x20, 0x20, 0x20, 0x20, 0x20, 0x20, 0x20, 0x7b, 0x0a, 0x20, 0x20, 0x20, 0x20, 0x20, 0x20, 0x20, //        {.       
	0x20, 0x20, 0x20, 0x20, 0x20, 0x20, 0x20, 0x20, 0x20, 0x20, 0x20, 0x20, 0x20, 0x5f, 0x32, 0x36, //              _26
	0x36, 0x37, 0x20, 0x3d, 0x20, 0x5f, 0x32, 0x36, 0x36, 0x31, 0x3b, 0x0a, 0x20, 0x20, 0x20, 0x20, // 67 = _2661;.    
	0x20, 0x20, 0x20, 0x20, 0x20, 0x20, 0x20, 0x20, 0x20, 0x20, 0x20, 0x20, 0x7d, 0x0a, 0x20, 0x20, //             }.  
	0x20, 0x20, 0x20, 0x20, 0x20, 0x20, 0x20, 0x20, 0x20, 0x20, 0x20, 0x20, 0x20, 0x20, 0x5f, 0x32, //               _2
	0x36, 0x36, 0x36, 0x20, 0x3d, 0x20, 0x5f, 0x32, 0x36, 0x36, 0x37, 0x3b, 0x0a, 0x20, 0x20, 0x20, // 666 = _2667;.   
	0x20, 0x20, 0x20, 0x20, 0x20, 0x20, 0x20, 0x20, 0x20, 0x7d, 0x0a, 0x20, 0x20, 0x20, 0x20, 0x20, //          }.     
	0x20, 0x20, 0x20, 0x20, 0x20, 0x20, 0x20, 0x5f, 0x32, 0x36, 0x36, 0x35, 0x20, 0x3d, 0x20, 0x5f, //        _2665 = _
	0x32, 0x36, 0x36, 0x36, 0x3b, 0x0a, 0x20, 0x20, 0x20, 0x20, 0x20, 0x20, 0x20, 0x20, 0x7d, 0x0a, // 2666;.        }.
	0x20, 0x20, 0x20, 0x20, 0x20, 0x20, 0x20, 0x20, 0x68, 0x69, 0x67, 0x68, 0x70, 0x20, 0x76, 0x65, //         highp ve
	0x63, 0x34, 0x20, 0x5f, 0x32, 0x35, 0x39, 0x35, 0x20, 0x3d, 0x20, 0x5f, 0x32, 0x36, 0x36, 0x35, // c4 _2595 = _2665
	0x3b, 0x0a, 0x20, 0x20, 0x20, 0x20, 0x20, 0x20, 0x20, 0x20, 0x5f, 0x32, 0x35, 0x39, 0x35, 0x2e, // ;.        _2595.
	0x77, 0x20, 0x3d, 0x20, 0x5f, 0x32, 0x36, 0x36, 0x35, 0x2e, 0x77, 0x20, 0x2a, 0x20, 0x5f, 0x31, // w = _2665.w * _1
	0x32, 0x39, 0x32, 0x2e, 0x77, 0x3b, 0x0a, 0x20, 0x20, 0x20, 0x20, 0x20, 0x20, 0x20, 0x20, 0x5f, // 292.w;.        _
	0x32, 0x36, 0x36, 0x38, 0x20, 0x3d, 0x20, 0x5f, 0x32, 0x35, 0x39, 0x35, 0x3b, 0x0a, 0x20, 0x20, // 2668 = _2595;.  
	0x20, 0x20, 0x7d, 0x0a, 0x20, 0x20, 0x20, 0x20, 0x65, 0x6c, 0x73, 0x65, 0x0a, 0x20, 0x20, 0x20, //   }.    else.   
	0x20, 0x7b, 0x0a, 0x20, 0x20, 0x20, 0x20, 0x20, 0x20, 0x20, 0x20, 0x5f, 0x32, 0x36, 0x36, 0x38, //  {.        _2668
	0x20, 0x3d, 0x20, 0x5f, 0x32, 0x36, 0x36, 0x31, 0x3b, 0x0a, 0x20, 0x20, 0x20, 0x20, 0x7d, 0x0a, //  = _2661;.    }.
	0x20, 0x20, 0x20, 0x20, 0x68, 0x69, 0x67, 0x68, 0x70, 0x20, 0x76, 0x65, 0x63, 0x33, 0x20, 0x5f, //     highp vec3 _
	0x31, 0x33, 0x36, 0x37, 0x20, 0x3d, 0x20, 0x5f, 0x32, 0x36, 0x36, 0x38, 0x2e, 0x78, 0x79, 0x7a, // 1367 = _2668.xyz
	0x20, 0x2a, 0x20, 0x75, 0x5f, 0x66, 0x73, 0x66, 0x45, 0x6d, 0x69, 0x73, 0x73, 0x69, 0x76, 0x65, //  * u_fsfEmissive
	0x53, 0x63, 0x61, 0x6c, 0x69, 0x6e, 0x67, 0x2e, 0x78, 0x3b, 0x0a, 0x20, 0x20, 0x20, 0x20, 0x68, // Scaling.x;.    h
	0x69, 0x67, 0x68, 0x70, 0x20, 0x66, 0x6c, 0x6f, 0x61, 0x74, 0x20, 0x5f, 0x31, 0x33, 0x36, 0x39, // ighp float _1369
	0x20, 0x3d, 0x20, 0x5f, 0x31, 0x33, 0x36, 0x37, 0x2e, 0x78, 0x3b, 0x0a, 0x20, 0x20, 0x20, 0x20, //  = _1367.x;.    
	0x68, 0x69, 0x67, 0x68, 0x70, 0x20, 0x76, 0x65, 0x63, 0x34, 0x20, 0x5f, 0x32, 0x35, 0x39, 0x38, // highp vec4 _2598
	0x20, 0x3d, 0x20, 0x5f, 0x32, 0x36, 0x36, 0x38, 0x3b, 0x0a, 0x20, 0x20, 0x20, 0x20, 0x5f, 0x32, //  = _2668;.    _2
	0x35, 0x39, 0x38, 0x2e, 0x78, 0x20, 0x3d, 0x20, 0x5f, 0x31, 0x33, 0x36, 0x39, 0x3b, 0x0a, 0x20, // 598.x = _1369;. 
	0x20, 0x20, 0x20, 0x5f, 0x32, 0x35, 0x39, 0x38, 0x2e, 0x79, 0x20, 0x3d, 0x20, 0x5f, 0x31, 0x33, //    _2598.y = _13
	0x36, 0x37, 0x2e, 0x79, 0x3b, 0x0a, 0x20, 0x20, 0x20, 0x20, 0x5f, 0x32, 0x35, 0x39, 0x38, 0x2e, // 67.y;.    _2598.
	0x7a, 0x20, 0x3d, 0x20, 0x5f, 0x31, 0x33, 0x36, 0x37, 0x2e, 0x7a, 0x3b, 0x0a, 0x20, 0x20, 0x20, // z = _1367.z;.   
	0x20, 0x68, 0x69, 0x67, 0x68, 0x70, 0x20, 0x76, 0x65, 0x63, 0x34, 0x20, 0x5f, 0x31, 0x33, 0x38, //  highp vec4 _138
	0x32, 0x20, 0x3d, 0x20, 0x76, 0x5f, 0x50, 0x6f, 0x73, 0x50, 0x20, 0x2f, 0x20, 0x76, 0x65, 0x63, // 2 = v_PosP / vec
	0x34, 0x28, 0x76, 0x5f, 0x50, 0x6f, 0x73, 0x50, 0x2e, 0x77, 0x29, 0x3b, 0x0a, 0x20, 0x20, 0x20, // 4(v_PosP.w);.   
	0x20, 0x68, 0x69, 0x67, 0x68, 0x70, 0x20, 0x76, 0x65, 0x63, 0x32, 0x20, 0x5f, 0x31, 0x33, 0x38, //  highp vec2 _138
	0x38, 0x20, 0x3d, 0x20, 0x28, 0x5f, 0x31, 0x33, 0x38, 0x32, 0x2e, 0x78, 0x79, 0x20, 0x2b, 0x20, // 8 = (_1382.xy + 
	0x76, 0x65, 0x63, 0x32, 0x28, 0x31, 0x2e, 0x30, 0x29, 0x29, 0x20, 0x2a, 0x20, 0x76, 0x65, 0x63, // vec2(1.0)) * vec
	0x32, 0x28, 0x30, 0x2e, 0x35, 0x29, 0x3b, 0x0a, 0x20, 0x20, 0x20, 0x20, 0x5f, 0x31, 0x33, 0x38, // 2(0.5);.    _138
	0x38, 0x2e, 0x79, 0x20, 0x3d, 0x20, 0x75, 0x5f, 0x66, 0x73, 0x6d, 0x55, 0x56, 0x49, 0x6e, 0x76, // 8.y = u_fsmUVInv
	0x65, 0x72, 0x73, 0x65, 0x64, 0x42, 0x61, 0x63, 0x6b, 0x2e, 0x78, 0x20, 0x2b, 0x20, 0x28, 0x75, // ersedBack.x + (u
	0x5f, 0x66, 0x73, 0x6d, 0x55, 0x56, 0x49, 0x6e, 0x76, 0x65, 0x72, 0x73, 0x65, 0x64, 0x42, 0x61, // _fsmUVInversedBa
	0x63, 0x6b, 0x2e, 0x79, 0x20, 0x2a, 0x20, 0x28, 0x31, 0x2e, 0x30, 0x20, 0x2d, 0x20, 0x5f, 0x31, // ck.y * (1.0 - _1
	0x33, 0x38, 0x38, 0x2e, 0x79, 0x29, 0x29, 0x3b, 0x0a, 0x20, 0x20, 0x20, 0x20, 0x68, 0x69, 0x67, // 388.y));.    hig
	0x68, 0x70, 0x20, 0x76, 0x65, 0x63, 0x34, 0x20, 0x5f, 0x32, 0x36, 0x36, 0x39, 0x3b, 0x0a, 0x20, // hp vec4 _2669;. 
	0x20, 0x20, 0x20, 0x69, 0x66, 0x20, 0x28, 0x75, 0x5f, 0x66, 0x73, 0x73, 0x6f, 0x66, 0x74, 0x50, //    if (u_fssoftP
	0x61, 0x72, 0x74, 0x69, 0x63, 0x6c, 0x65, 0x50, 0x61, 0x72, 0x61, 0x6d, 0x2e, 0x77, 0x20, 0x21, // articleParam.w !
	0x3d, 0x20, 0x30, 0x2e, 0x30, 0x29, 0x0a, 0x20, 0x20, 0x20, 0x20, 0x7b, 0x0a, 0x20, 0x20, 0x20, // = 0.0).    {.   
	0x20, 0x20, 0x20, 0x20, 0x20, 0x68, 0x69, 0x67, 0x68, 0x70, 0x20, 0x76, 0x65, 0x63, 0x32, 0x20, //      highp vec2 
	0x5f, 0x32, 0x33, 0x30, 0x37, 0x20, 0x3d, 0x20, 0x76, 0x65, 0x63, 0x32, 0x28, 0x28, 0x74, 0x65, // _2307 = vec2((te
	0x78, 0x74, 0x75, 0x72, 0x65, 0x28, 0x73, 0x5f, 0x64, 0x65, 0x70, 0x74, 0x68, 0x54, 0x65, 0x78, // xture(s_depthTex
	0x2c, 0x20, 0x5f, 0x31, 0x33, 0x38, 0x38, 0x29, 0x2e, 0x78, 0x20, 0x2a, 0x20, 0x75, 0x5f, 0x66, // , _1388).x * u_f
	0x73, 0x72, 0x65, 0x63, 0x6f, 0x6e, 0x73, 0x74, 0x72, 0x75, 0x63, 0x74, 0x69, 0x6f, 0x6e, 0x50, // sreconstructionP
	0x61, 0x72, 0x61, 0x6d, 0x31, 0x2e, 0x78, 0x29, 0x20, 0x2b, 0x20, 0x75, 0x5f, 0x66, 0x73, 0x72, // aram1.x) + u_fsr
	0x65, 0x63, 0x6f, 0x6e, 0x73, 0x74, 0x72, 0x75, 0x63, 0x74, 0x69, 0x6f, 0x6e, 0x50, 0x61, 0x72, // econstructionPar
	0x61, 0x6d, 0x31, 0x2e, 0x79, 0x2c, 0x20, 0x5f, 0x31, 0x33, 0x38, 0x32, 0x2e, 0x7a, 0x29, 0x3b, // am1.y, _1382.z);
	0x0a, 0x20, 0x20, 0x20, 0x20, 0x20, 0x20, 0x20, 0x20, 0x68, 0x69, 0x67, 0x68, 0x70, 0x20, 0x76, // .        highp v
	0x65, 0x63, 0x32, 0x20, 0x5f, 0x32, 0x33, 0x32, 0x34, 0x20, 0x3d, 0x20, 0x28, 0x28, 0x5f, 0x32, // ec2 _2324 = ((_2
	0x33, 0x30, 0x37, 0x20, 0x2a, 0x20, 0x75, 0x5f, 0x66, 0x73, 0x72, 0x65, 0x63, 0x6f, 0x6e, 0x73, // 307 * u_fsrecons
	0x74, 0x72, 0x75, 0x63, 0x74, 0x69, 0x6f, 0x6e, 0x50, 0x61, 0x72, 0x61, 0x6d, 0x32, 0x2e, 0x77, // tructionParam2.w
	0x29, 0x20, 0x2d, 0x20, 0x76, 0x65, 0x63, 0x32, 0x28, 0x75, 0x5f, 0x66, 0x73, 0x72, 0x65, 0x63, // ) - vec2(u_fsrec
	0x6f, 0x6e, 0x73, 0x74, 0x72, 0x75, 0x63, 0x74, 0x69, 0x6f, 0x6e, 0x50, 0x61, 0x72, 0x61, 0x6d, // onstructionParam
	0x32, 0x2e, 0x79, 0x29, 0x29, 0x20, 0x2f, 0x20, 0x28, 0x76, 0x65, 0x63, 0x32, 0x28, 0x75, 0x5f, // 2.y)) / (vec2(u_
	0x66, 0x73, 0x72, 0x65, 0x63, 0x6f, 0x6e, 0x73, 0x74, 0x72, 0x75, 0x63, 0x74, 0x69, 0x6f, 0x6e, // fsreconstruction
	0x50, 0x61, 0x72, 0x61, 0x6d, 0x32, 0x2e, 0x78, 0x29, 0x20, 0x2d, 0x20, 0x28, 0x5f, 0x32, 0x33, // Param2.x) - (_23
	0x30, 0x37, 0x20, 0x2a, 0x20, 0x75, 0x5f, 0x66, 0x73, 0x72, 0x65, 0x63, 0x6f, 0x6e, 0x73, 0x74, // 07 * u_fsreconst
	0x72, 0x75, 0x63, 0x74, 0x69, 0x6f, 0x6e, 0x50, 0x61, 0x72, 0x61, 0x6d, 0x32, 0x2e, 0x7a, 0x29, // ructionParam2.z)
	0x29, 0x3b, 0x0a, 0x20, 0x20, 0x20, 0x20, 0x20, 0x20, 0x20, 0x20, 0x68, 0x69, 0x67, 0x68, 0x70, // );.        highp
	0x20, 0x76, 0x65, 0x63, 0x32, 0x20, 0x5f, 0x32, 0x33, 0x33, 0x30, 0x20, 0x3d, 0x20, 0x5f, 0x32, //  vec2 _2330 = _2
	0x33, 0x32, 0x34, 0x20, 0x2a, 0x20, 0x73, 0x69, 0x67, 0x6e, 0x28, 0x5f, 0x32, 0x33, 0x32, 0x34, // 324 * sign(_2324
	0x2e, 0x78, 0x29, 0x3b, 0x0a, 0x20, 0x20, 0x20, 0x20, 0x20, 0x20, 0x20, 0x20, 0x68, 0x69, 0x67, // .x);.        hig
	0x68, 0x70, 0x20, 0x66, 0x6c, 0x6f, 0x61, 0x74, 0x20, 0x5f, 0x32, 0x33, 0x33, 0x34, 0x20, 0x3d, // hp float _2334 =
	0x20, 0x5f, 0x32, 0x33, 0x33, 0x30, 0x2e, 0x79, 0x3b, 0x0a, 0x20, 0x20, 0x20, 0x20, 0x20, 0x20, //  _2330.y;.      
	0x20, 0x20, 0x5f, 0x32, 0x36, 0x36, 0x39, 0x20, 0x3d, 0x20, 0x76, 0x65, 0x63, 0x34, 0x28, 0x5f, //   _2669 = vec4(_
	0x31, 0x33, 0x36, 0x39, 0x2c, 0x20, 0x5f, 0x31, 0x33, 0x36, 0x37, 0x2e, 0x79, 0x7a, 0x2c, 0x20, // 1369, _1367.yz, 
	0x5f, 0x32, 0x36, 0x36, 0x38, 0x2e, 0x77, 0x20, 0x2a, 0x20, 0x6d, 0x69, 0x6e, 0x28, 0x6d, 0x61, // _2668.w * min(ma
	0x78, 0x28, 0x6d, 0x69, 0x6e, 0x28, 0x28, 0x5f, 0x32, 0x33, 0x33, 0x30, 0x2e, 0x78, 0x20, 0x2d, // x(min((_2330.x -
	0x20, 0x5f, 0x32, 0x33, 0x33, 0x34, 0x29, 0x20, 0x2f, 0x20, 0x75, 0x5f, 0x66, 0x73, 0x73, 0x6f, //  _2334) / u_fsso
	0x66, 0x74, 0x50, 0x61, 0x72, 0x74, 0x69, 0x63, 0x6c, 0x65, 0x50, 0x61, 0x72, 0x61, 0x6d, 0x2e, // ftParticleParam.
	0x78, 0x2c, 0x20, 0x28, 0x5f, 0x32, 0x33, 0x33, 0x34, 0x20, 0x2d, 0x20, 0x75, 0x5f, 0x66, 0x73, // x, (_2334 - u_fs
	0x73, 0x6f, 0x66, 0x74, 0x50, 0x61, 0x72, 0x74, 0x69, 0x63, 0x6c, 0x65, 0x50, 0x61, 0x72, 0x61, // softParticlePara
	0x6d, 0x2e, 0x7a, 0x29, 0x20, 0x2f, 0x20, 0x75, 0x5f, 0x66, 0x73, 0x73, 0x6f, 0x66, 0x74, 0x50, // m.z) / u_fssoftP
	0x61, 0x72, 0x74, 0x69, 0x63, 0x6c, 0x65, 0x50, 0x61, 0x72, 0x61, 0x6d, 0x2e, 0x79, 0x29, 0x2c, // articleParam.y),
	0x20, 0x30, 0x2e, 0x30, 0x29, 0x2c, 0x20, 0x31, 0x2e, 0x30, 0x29, 0x29, 0x3b, 0x0a, 0x20, 0x20, //  0.0), 1.0));.  
	0x20, 0x20, 0x7d, 0x0a, 0x20, 0x20, 0x20, 0x20, 0x65, 0x6c, 0x73, 0x65, 0x0a, 0x20, 0x20, 0x20, //   }.    else.   
	0x20, 0x7b, 0x0a, 0x20, 0x20, 0x20, 0x20, 0x20, 0x20, 0x20, 0x20, 0x5f, 0x32, 0x36, 0x36, 0x39, //  {.        _2669
	0x20, 0x3d, 0x20, 0x5f, 0x32, 0x35, 0x39, 0x38, 0x3b, 0x0a, 0x20, 0x20, 0x20, 0x20, 0x7d, 0x0a, //  = _2598;.    }.
	0x20, 0x20, 0x20, 0x20, 0x69, 0x66, 0x20, 0x28, 0x5f, 0x32, 0x36, 0x36, 0x39, 0x2e, 0x77, 0x20, //     if (_2669.w 
	0x3c, 0x3d, 0x20, 0x6d, 0x61, 0x78, 0x28, 0x30, 0x2e, 0x30, 0x2c, 0x20, 0x76, 0x5f, 0x55, 0x56, // <= max(0.0, v_UV
	0x5f, 0x4f, 0x74, 0x68, 0x65, 0x72, 0x73, 0x2e, 0x77, 0x29, 0x29, 0x0a, 0x20, 0x20, 0x20, 0x20, // _Others.w)).    
	0x7b, 0x0a, 0x20, 0x20, 0x20, 0x20, 0x20, 0x20, 0x20, 0x20, 0x64, 0x69, 0x73, 0x63, 0x61, 0x72, // {.        discar
	0x64, 0x3b, 0x0a, 0x20, 0x20, 0x20, 0x20, 0x7d, 0x0a, 0x20, 0x20, 0x20, 0x20, 0x68, 0x69, 0x67, // d;.    }.    hig
	0x68, 0x70, 0x20, 0x76, 0x65, 0x63, 0x33, 0x20, 0x5f, 0x31, 0x34, 0x35, 0x34, 0x20, 0x3d, 0x20, // hp vec3 _1454 = 
	0x6d, 0x69, 0x78, 0x28, 0x75, 0x5f, 0x66, 0x73, 0x66, 0x45, 0x64, 0x67, 0x65, 0x43, 0x6f, 0x6c, // mix(u_fsfEdgeCol
	0x6f, 0x72, 0x2e, 0x78, 0x79, 0x7a, 0x20, 0x2a, 0x20, 0x75, 0x5f, 0x66, 0x73, 0x66, 0x45, 0x64, // or.xyz * u_fsfEd
	0x67, 0x65, 0x50, 0x61, 0x72, 0x61, 0x6d, 0x65, 0x74, 0x65, 0x72, 0x2e, 0x79, 0x2c, 0x20, 0x5f, // geParameter.y, _
	0x32, 0x36, 0x36, 0x39, 0x2e, 0x78, 0x79, 0x7a, 0x2c, 0x20, 0x76, 0x65, 0x63, 0x33, 0x28, 0x63, // 2669.xyz, vec3(c
	0x65, 0x69, 0x6c, 0x28, 0x28, 0x5f, 0x32, 0x36, 0x36, 0x39, 0x2e, 0x77, 0x20, 0x2d, 0x20, 0x76, // eil((_2669.w - v
	0x5f, 0x55, 0x56, 0x5f, 0x4f, 0x74, 0x68, 0x65, 0x72, 0x73, 0x2e, 0x77, 0x29, 0x20, 0x2d, 0x20, // _UV_Others.w) - 
	0x75, 0x5f, 0x66, 0x73, 0x66, 0x45, 0x64, 0x67, 0x65, 0x50, 0x61, 0x72, 0x61, 0x6d, 0x65, 0x74, // u_fsfEdgeParamet
	0x65, 0x72, 0x2e, 0x78, 0x29, 0x29, 0x29, 0x3b, 0x0a, 0x20, 0x20, 0x20, 0x20, 0x68, 0x69, 0x67, // er.x)));.    hig
	0x68, 0x70, 0x20, 0x76, 0x65, 0x63, 0x34, 0x20, 0x5f, 0x32, 0x36, 0x33, 0x33, 0x20, 0x3d, 0x20, // hp vec4 _2633 = 
	0x5f, 0x32, 0x36, 0x36, 0x39, 0x3b, 0x0a, 0x20, 0x20, 0x20, 0x20, 0x5f, 0x32, 0x36, 0x33, 0x33, // _2669;.    _2633
	0x2e, 0x78, 0x20, 0x3d, 0x20, 0x5f, 0x31, 0x34, 0x35, 0x34, 0x2e, 0x78, 0x3b, 0x0a, 0x20, 0x20, // .x = _1454.x;.  
	0x20, 0x20, 0x5f, 0x32, 0x36, 0x33, 0x33, 0x2e, 0x79, 0x20, 0x3d, 0x20, 0x5f, 0x31, 0x34, 0x35, //   _2633.y = _145
	0x34, 0x2e, 0x79, 0x3b, 0x0a, 0x20, 0x20, 0x20, 0x20, 0x5f, 0x32, 0x36, 0x33, 0x33, 0x2e, 0x7a, // 4.y;.    _2633.z
	0x20, 0x3d, 0x20, 0x5f, 0x31, 0x34, 0x35, 0x34, 0x2e, 0x7a, 0x3b, 0x0a, 0x20, 0x20, 0x20, 0x20, //  = _1454.z;.    
	0x68, 0x69, 0x67, 0x68, 0x70, 0x20, 0x76, 0x65, 0x63, 0x34, 0x20, 0x5f, 0x32, 0x36, 0x37, 0x30, // highp vec4 _2670
	0x3b, 0x0a, 0x20, 0x20, 0x20, 0x20, 0x64, 0x6f, 0x0a, 0x20, 0x20, 0x20, 0x20, 0x7b, 0x0a, 0x20, // ;.    do.    {. 
	0x20, 0x20, 0x20, 0x20, 0x20, 0x20, 0x20, 0x69, 0x66, 0x20, 0x28, 0x5f, 0x31, 0x36, 0x33, 0x30, //        if (_1630
	0x29, 0x0a, 0x20, 0x20, 0x20, 0x20, 0x20, 0x20, 0x20, 0x20, 0x7b, 0x0a, 0x20, 0x20, 0x20, 0x20, // ).        {.    
	0x20, 0x20, 0x20, 0x20, 0x20, 0x20, 0x20, 0x20, 0x5f, 0x32, 0x36, 0x37, 0x30, 0x20, 0x3d, 0x20, //         _2670 = 
	0x5f, 0x32, 0x36, 0x33, 0x33, 0x3b, 0x0a, 0x20, 0x20, 0x20, 0x20, 0x20, 0x20, 0x20, 0x20, 0x20, // _2633;.         
	0x20, 0x20, 0x20, 0x62, 0x72, 0x65, 0x61, 0x6b, 0x3b, 0x0a, 0x20, 0x20, 0x20, 0x20, 0x20, 0x20, //    break;.      
	0x20, 0x20, 0x7d, 0x0a, 0x20, 0x20, 0x20, 0x20, 0x20, 0x20, 0x20, 0x20, 0x5f, 0x32, 0x36, 0x37, //   }.        _267
	0x30, 0x20, 0x3d, 0x20, 0x76, 0x65, 0x63, 0x34, 0x28, 0x6d, 0x69, 0x6e, 0x28, 0x5f, 0x32, 0x36, // 0 = vec4(min(_26
	0x33, 0x33, 0x2e, 0x78, 0x79, 0x7a, 0x2c, 0x20, 0x5f, 0x32, 0x36, 0x33, 0x33, 0x2e, 0x78, 0x79, // 33.xyz, _2633.xy
	0x7a, 0x20, 0x2a, 0x20, 0x28, 0x28, 0x5f, 0x32, 0x36, 0x33, 0x33, 0x2e, 0x78, 0x79, 0x7a, 0x20, // z * ((_2633.xyz 
	0x2a, 0x20, 0x28, 0x28, 0x5f, 0x32, 0x36, 0x33, 0x33, 0x2e, 0x78, 0x79, 0x7a, 0x20, 0x2a, 0x20, // * ((_2633.xyz * 
	0x30, 0x2e, 0x33, 0x30, 0x35, 0x33, 0x30, 0x36, 0x30, 0x31, 0x37, 0x33, 0x39, 0x38, 0x38, 0x33, // 0.30530601739883
	0x34, 0x32, 0x32, 0x38, 0x35, 0x31, 0x35, 0x36, 0x32, 0x35, 0x29, 0x20, 0x2b, 0x20, 0x76, 0x65, // 4228515625) + ve
	0x63, 0x33, 0x28, 0x30, 0x2e, 0x36, 0x38, 0x32, 0x31, 0x37, 0x31, 0x31, 0x30, 0x36, 0x33, 0x33, // c3(0.68217110633
	0x38, 0x35, 0x30, 0x30, 0x39, 0x37, 0x36, 0x35, 0x36, 0x32, 0x35, 0x29, 0x29, 0x29, 0x20, 0x2b, // 85009765625))) +
	0x20, 0x76, 0x65, 0x63, 0x33, 0x28, 0x30, 0x2e, 0x30, 0x31, 0x32, 0x35, 0x32, 0x32, 0x38, 0x37, //  vec3(0.01252287
	0x38, 0x31, 0x32, 0x35, 0x33, 0x30, 0x39, 0x39, 0x34, 0x34, 0x31, 0x35, 0x32, 0x38, 0x33, 0x32, // 8125309944152832
	0x30, 0x33, 0x31, 0x32, 0x35, 0x29, 0x29, 0x29, 0x2c, 0x20, 0x5f, 0x32, 0x36, 0x36, 0x39, 0x2e, // 03125))), _2669.
	0x77, 0x29, 0x3b, 0x0a, 0x20, 0x20, 0x20, 0x20, 0x20, 0x20, 0x20, 0x20, 0x62, 0x72, 0x65, 0x61, // w);.        brea
	0x6b, 0x3b, 0x0a, 0x20, 0x20, 0x20, 0x20, 0x7d, 0x20, 0x77, 0x68, 0x69, 0x6c, 0x65, 0x28, 0x66, // k;.    } while(f
	0x61, 0x6c, 0x73, 0x65, 0x29, 0x3b, 0x0a, 0x20, 0x20, 0x20, 0x20, 0x62, 0x67, 0x66, 0x78, 0x5f, // alse);.    bgfx_
	0x46, 0x72, 0x61, 0x67, 0x43, 0x6f, 0x6c, 0x6f, 0x72, 0x20, 0x3d, 0x20, 0x5f, 0x32, 0x36, 0x37, // FragColor = _267
	0x30, 0x3b, 0x0a, 0x7d, 0x0a, 0x0a, 0x00,                                                       // 0;.}...
};
static const uint8_t ad_model_unlit_ps_glsl[10501] =
{
	0x46, 0x53, 0x48, 0x0c, 0xf6, 0x96, 0xa7, 0xb8, 0x00, 0x00, 0x00, 0x00, 0x00, 0x00, 0x00, 0x00, // FSH.............
	0x00, 0x00, 0x00, 0x00, 0x16, 0x00, 0x0d, 0x75, 0x5f, 0x66, 0x73, 0x6d, 0x69, 0x73, 0x63, 0x46, // .......u_fsmiscF
	0x6c, 0x61, 0x67, 0x73, 0x02, 0x01, 0x00, 0x00, 0x01, 0x00, 0x00, 0x00, 0x00, 0x00, 0x1a, 0x75, // lags...........u
	0x5f, 0x66, 0x73, 0x66, 0x55, 0x56, 0x44, 0x69, 0x73, 0x74, 0x6f, 0x72, 0x74, 0x69, 0x6f, 0x6e, // _fsfUVDistortion
	0x50, 0x61, 0x72, 0x61, 0x6d, 0x65, 0x74, 0x65, 0x72, 0x02, 0x01, 0x00, 0x00, 0x01, 0x00, 0x00, // Parameter.......
	0x00, 0x00, 0x00, 0x16, 0x75, 0x5f, 0x66, 0x73, 0x66, 0x46, 0x6c, 0x69, 0x70, 0x62, 0x6f, 0x6f, // ....u_fsfFlipboo
	0x6b, 0x50, 0x61, 0x72, 0x61, 0x6d, 0x65, 0x74, 0x65, 0x72, 0x02, 0x01, 0x00, 0x00, 0x01, 0x00, // kParameter......
	0x00, 0x00, 0x00, 0x00, 0x1a, 0x75, 0x5f, 0x66, 0x73, 0x66, 0x42, 0x6c, 0x65, 0x6e, 0x64, 0x54, // .....u_fsfBlendT
	0x65, 0x78, 0x74, 0x75, 0x72, 0x65, 0x50, 0x61, 0x72, 0x61, 0x6d, 0x65, 0x74, 0x65, 0x72, 0x02, // extureParameter.
	0x01, 0x00, 0x00, 0x01, 0x00, 0x00, 0x00, 0x00, 0x00, 0x15, 0x75, 0x5f, 0x66, 0x73, 0x66, 0x46, // ..........u_fsfF
	0x61, 0x6c, 0x6c, 0x6f, 0x66, 0x66, 0x50, 0x61, 0x72, 0x61, 0x6d, 0x65, 0x74, 0x65, 0x72, 0x02, // alloffParameter.
	0x01, 0x00, 0x00, 0x01, 0x00, 0x00, 0x00, 0x00, 0x00, 0x19, 0x75, 0x5f, 0x66, 0x73, 0x66, 0x43, // ..........u_fsfC
	0x61, 0x6d, 0x65, 0x72, 0x61, 0x46, 0x72, 0x6f, 0x6e, 0x74, 0x44, 0x69, 0x72, 0x65, 0x63, 0x74, // ameraFrontDirect
	0x69, 0x6f, 0x6e, 0x02, 0x01, 0x00, 0x00, 0x01, 0x00, 0x00, 0x00, 0x00, 0x00, 0x14, 0x75, 0x5f, // ion...........u_
	0x66, 0x73, 0x66, 0x46, 0x61, 0x6c, 0x6c, 0x6f, 0x66, 0x66, 0x45, 0x6e, 0x64, 0x43, 0x6f, 0x6c, // fsfFalloffEndCol
	0x6f, 0x72, 0x02, 0x01, 0x00, 0x00, 0x01, 0x00, 0x00, 0x00, 0x00, 0x00, 0x16, 0x75, 0x5f, 0x66, // or...........u_f
	0x73, 0x66, 0x46, 0x61, 0x6c, 0x6c, 0x6f, 0x66, 0x66, 0x42, 0x65, 0x67, 0x69, 0x6e, 0x43, 0x6f, // sfFalloffBeginCo
	0x6c, 0x6f, 0x72, 0x02, 0x01, 0x00, 0x00, 0x01, 0x00, 0x00, 0x00, 0x00, 0x00, 0x14, 0x75, 0x5f, // lor...........u_
	0x66, 0x73, 0x66, 0x45, 0x6d, 0x69, 0x73, 0x73, 0x69, 0x76, 0x65, 0x53, 0x63, 0x61, 0x6c, 0x69, // fsfEmissiveScali
	0x6e, 0x67, 0x02, 0x01, 0x00, 0x00, 0x01, 0x00, 0x00, 0x00, 0x00, 0x00, 0x13, 0x75, 0x5f, 0x66, // ng...........u_f
	0x73, 0x6d, 0x55, 0x56, 0x49, 0x6e, 0x76, 0x65, 0x72, 0x73, 0x65, 0x64, 0x42, 0x61, 0x63, 0x6b, // smUVInversedBack
	0x02, 0x01, 0x00, 0x00, 0x01, 0x00, 0x00, 0x00, 0x00, 0x00, 0x15, 0x75, 0x5f, 0x66, 0x73, 0x73, // ...........u_fss
	0x6f, 0x66, 0x74, 0x50, 0x61, 0x72, 0x74, 0x69, 0x63, 0x6c, 0x65, 0x50, 0x61, 0x72, 0x61, 0x6d, // oftParticleParam
	0x02, 0x01, 0x00, 0x00, 0x01, 0x00, 0x00, 0x00, 0x00, 0x00, 0x18, 0x75, 0x5f, 0x66, 0x73, 0x72, // ...........u_fsr
	0x65, 0x63, 0x6f, 0x6e, 0x73, 0x74, 0x72, 0x75, 0x63, 0x74, 0x69, 0x6f, 0x6e, 0x50, 0x61, 0x72, // econstructionPar
	0x61, 0x6d, 0x31, 0x02, 0x01, 0x00, 0x00, 0x01, 0x00, 0x00, 0x00, 0x00, 0x00, 0x18, 0x75, 0x5f, // am1...........u_
	0x66, 0x73, 0x72, 0x65, 0x63, 0x6f, 0x6e, 0x73, 0x74, 0x72, 0x75, 0x63, 0x74, 0x69, 0x6f, 0x6e, // fsreconstruction
	0x50, 0x61, 0x72, 0x61, 0x6d, 0x32, 0x02, 0x01, 0x00, 0x00, 0x01, 0x00, 0x00, 0x00, 0x00, 0x00, // Param2..........
	0x0e, 0x75, 0x5f, 0x66, 0x73, 0x66, 0x45, 0x64, 0x67, 0x65, 0x43, 0x6f, 0x6c, 0x6f, 0x72, 0x02, // .u_fsfEdgeColor.
	0x01, 0x00, 0x00, 0x01, 0x00, 0x00, 0x00, 0x00, 0x00, 0x12, 0x75, 0x5f, 0x66, 0x73, 0x66, 0x45, // ..........u_fsfE
	0x64, 0x67, 0x65, 0x50, 0x61, 0x72, 0x61, 0x6d, 0x65, 0x74, 0x65, 0x72, 0x02, 0x01, 0x00, 0x00, // dgeParameter....
	0x01, 0x00, 0x00, 0x00, 0x00, 0x00, 0x11, 0x73, 0x5f, 0x75, 0x76, 0x44, 0x69, 0x73, 0x74, 0x6f, // .......s_uvDisto
	0x72, 0x74, 0x69, 0x6f, 0x6e, 0x54, 0x65, 0x78, 0x00, 0x01, 0x00, 0x00, 0x01, 0x00, 0x00, 0x02, // rtionTex........
	0x00, 0x00, 0x16, 0x73, 0x5f, 0x62, 0x6c, 0x65, 0x6e, 0x64, 0x55, 0x56, 0x44, 0x69, 0x73, 0x74, // ...s_blendUVDist
	0x6f, 0x72, 0x74, 0x69, 0x6f, 0x6e, 0x54, 0x65, 0x78, 0x00, 0x01, 0x00, 0x00, 0x01, 0x00, 0x00, // ortionTex.......
	0x02, 0x00, 0x00, 0x0a, 0x73, 0x5f, 0x63, 0x6f, 0x6c, 0x6f, 0x72, 0x54, 0x65, 0x78, 0x00, 0x01, // ....s_colorTex..
	0x00, 0x00, 0x01, 0x00, 0x00, 0x02, 0x00, 0x00, 0x0a, 0x73, 0x5f, 0x61, 0x6c, 0x70, 0x68, 0x61, // .........s_alpha
	0x54, 0x65, 0x78, 0x00, 0x01, 0x00, 0x00, 0x01, 0x00, 0x00, 0x02, 0x00, 0x00, 0x0a, 0x73, 0x5f, // Tex...........s_
	0x62, 0x6c, 0x65, 0x6e, 0x64, 0x54, 0x65, 0x78, 0x00, 0x01, 0x00, 0x00, 0x01, 0x00, 0x00, 0x02, // blendTex........
	0x00, 0x00, 0x0f, 0x73, 0x5f, 0x62, 0x6c, 0x65, 0x6e, 0x64, 0x41, 0x6c, 0x70, 0x68, 0x61, 0x54, // ...s_blendAlphaT
	0x65, 0x78, 0x00, 0x01, 0x00, 0x00, 0x01, 0x00, 0x00, 0x02, 0x00, 0x00, 0x0a, 0x73, 0x5f, 0x64, // ex...........s_d
	0x65, 0x70, 0x74, 0x68, 0x54, 0x65, 0x78, 0x00, 0x01, 0x00, 0x00, 0x01, 0x00, 0x00, 0x02, 0x00, // epthTex.........
	0x00, 0x5f, 0x26, 0x00, 0x00, 0x0a, 0x66, 0x6c, 0x6f, 0x61, 0x74, 0x20, 0x5f, 0x32, 0x36, 0x38, // ._&...float _268
	0x36, 0x3b, 0x0a, 0x0a, 0x75, 0x6e, 0x69, 0x66, 0x6f, 0x72, 0x6d, 0x20, 0x73, 0x61, 0x6d, 0x70, // 6;..uniform samp
	0x6c, 0x65, 0x72, 0x32, 0x44, 0x20, 0x73, 0x5f, 0x75, 0x76, 0x44, 0x69, 0x73, 0x74, 0x6f, 0x72, // ler2D s_uvDistor
	0x74, 0x69, 0x6f, 0x6e, 0x54, 0x65, 0x78, 0x3b, 0x0a, 0x75, 0x6e, 0x69, 0x66, 0x6f, 0x72, 0x6d, // tionTex;.uniform
	0x20, 0x73, 0x61, 0x6d, 0x70, 0x6c, 0x65, 0x72, 0x32, 0x44, 0x20, 0x73, 0x5f, 0x62, 0x6c, 0x65, //  sampler2D s_ble
	0x6e, 0x64, 0x55, 0x56, 0x44, 0x69, 0x73, 0x74, 0x6f, 0x72, 0x74, 0x69, 0x6f, 0x6e, 0x54, 0x65, // ndUVDistortionTe
	0x78, 0x3b, 0x0a, 0x75, 0x6e, 0x69, 0x66, 0x6f, 0x72, 0x6d, 0x20, 0x73, 0x61, 0x6d, 0x70, 0x6c, // x;.uniform sampl
	0x65, 0x72, 0x32, 0x44, 0x20, 0x73, 0x5f, 0x63, 0x6f, 0x6c, 0x6f, 0x72, 0x54, 0x65, 0x78, 0x3b, // er2D s_colorTex;
	0x0a, 0x75, 0x6e, 0x69, 0x66, 0x6f, 0x72, 0x6d, 0x20, 0x76, 0x65, 0x63, 0x34, 0x20, 0x75, 0x5f, // .uniform vec4 u_
	0x66, 0x73, 0x6d, 0x69, 0x73, 0x63, 0x46, 0x6c, 0x61, 0x67, 0x73, 0x3b, 0x0a, 0x75, 0x6e, 0x69, // fsmiscFlags;.uni
	0x66, 0x6f, 0x72, 0x6d, 0x20, 0x76, 0x65, 0x63, 0x34, 0x20, 0x75, 0x5f, 0x66, 0x73, 0x66, 0x55, // form vec4 u_fsfU
	0x56, 0x44, 0x69, 0x73, 0x74, 0x6f, 0x72, 0x74, 0x69, 0x6f, 0x6e, 0x50, 0x61, 0x72, 0x61, 0x6d, // VDistortionParam
	0x65, 0x74, 0x65, 0x72, 0x3b, 0x0a, 0x75, 0x6e, 0x69, 0x66, 0x6f, 0x72, 0x6d, 0x20, 0x76, 0x65, // eter;.uniform ve
	0x63, 0x34, 0x20, 0x75, 0x5f, 0x66, 0x73, 0x66, 0x46, 0x6c, 0x69, 0x70, 0x62, 0x6f, 0x6f, 0x6b, // c4 u_fsfFlipbook
	0x50, 0x61, 0x72, 0x61, 0x6d, 0x65, 0x74, 0x65, 0x72, 0x3b, 0x0a, 0x75, 0x6e, 0x69, 0x66, 0x6f, // Parameter;.unifo
	0x72, 0x6d, 0x20, 0x73, 0x61, 0x6d, 0x70, 0x6c, 0x65, 0x72, 0x32, 0x44, 0x20, 0x73, 0x5f, 0x61, // rm sampler2D s_a
	0x6c, 0x70, 0x68, 0x61, 0x54, 0x65, 0x78, 0x3b, 0x0a, 0x75, 0x6e, 0x69, 0x66, 0x6f, 0x72, 0x6d, // lphaTex;.uniform
	0x20, 0x73, 0x61, 0x6d, 0x70, 0x6c, 0x65, 0x72, 0x32, 0x44, 0x20, 0x73, 0x5f, 0x62, 0x6c, 0x65, //  sampler2D s_ble
	0x6e, 0x64, 0x54, 0x65, 0x78, 0x3b, 0x0a, 0x75, 0x6e, 0x69, 0x66, 0x6f, 0x72, 0x6d, 0x20, 0x73, // ndTex;.uniform s
	0x61, 0x6d, 0x70, 0x6c, 0x65, 0x72, 0x32, 0x44, 0x20, 0x73, 0x5f, 0x62, 0x6c, 0x65, 0x6e, 0x64, // ampler2D s_blend
	0x41, 0x6c, 0x70, 0x68, 0x61, 0x54, 0x65, 0x78, 0x3b, 0x0a, 0x75, 0x6e, 0x69, 0x66, 0x6f, 0x72, // AlphaTex;.unifor
	0x6d, 0x20, 0x76, 0x65, 0x63, 0x34, 0x20, 0x75, 0x5f, 0x66, 0x73, 0x66, 0x42, 0x6c, 0x65, 0x6e, // m vec4 u_fsfBlen
	0x64, 0x54, 0x65, 0x78, 0x74, 0x75, 0x72, 0x65, 0x50, 0x61, 0x72, 0x61, 0x6d, 0x65, 0x74, 0x65, // dTextureParamete
	0x72, 0x3b, 0x0a, 0x75, 0x6e, 0x69, 0x66, 0x6f, 0x72, 0x6d, 0x20, 0x76, 0x65, 0x63, 0x34, 0x20, // r;.uniform vec4 
	0x75, 0x5f, 0x66, 0x73, 0x66, 0x46, 0x61, 0x6c, 0x6c, 0x6f, 0x66, 0x66, 0x50, 0x61, 0x72, 0x61, // u_fsfFalloffPara
	0x6d, 0x65, 0x74, 0x65, 0x72, 0x3b, 0x0a, 0x75, 0x6e, 0x69, 0x66, 0x6f, 0x72, 0x6d, 0x20, 0x76, // meter;.uniform v
	0x65, 0x63, 0x34, 0x20, 0x75, 0x5f, 0x66, 0x73, 0x66, 0x43, 0x61, 0x6d, 0x65, 0x72, 0x61, 0x46, // ec4 u_fsfCameraF
	0x72, 0x6f, 0x6e, 0x74, 0x44, 0x69, 0x72, 0x65, 0x63, 0x74, 0x69, 0x6f, 0x6e, 0x3b, 0x0a, 0x75, // rontDirection;.u
	0x6e, 0x69, 0x66, 0x6f, 0x72, 0x6d, 0x20, 0x76, 0x65, 0x63, 0x34, 0x20, 0x75, 0x5f, 0x66, 0x73, // niform vec4 u_fs
	0x66, 0x46, 0x61, 0x6c, 0x6c, 0x6f, 0x66, 0x66, 0x45, 0x6e, 0x64, 0x43, 0x6f, 0x6c, 0x6f, 0x72, // fFalloffEndColor
	0x3b, 0x0a, 0x75, 0x6e, 0x69, 0x66, 0x6f, 0x72, 0x6d, 0x20, 0x76, 0x65, 0x63, 0x34, 0x20, 0x75, // ;.uniform vec4 u
	0x5f, 0x66, 0x73, 0x66, 0x46, 0x61, 0x6c, 0x6c, 0x6f, 0x66, 0x66, 0x42, 0x65, 0x67, 0x69, 0x6e, // _fsfFalloffBegin
	0x43, 0x6f, 0x6c, 0x6f, 0x72, 0x3b, 0x0a, 0x75, 0x6e, 0x69, 0x66, 0x6f, 0x72, 0x6d, 0x20, 0x76, // Color;.uniform v
	0x65, 0x63, 0x34, 0x20, 0x75, 0x5f, 0x66, 0x73, 0x66, 0x45, 0x6d, 0x69, 0x73, 0x73, 0x69, 0x76, // ec4 u_fsfEmissiv
	0x65, 0x53, 0x63, 0x61, 0x6c, 0x69, 0x6e, 0x67, 0x3b, 0x0a, 0x75, 0x6e, 0x69, 0x66, 0x6f, 0x72, // eScaling;.unifor
	0x6d, 0x20, 0x76, 0x65, 0x63, 0x34, 0x20, 0x75, 0x5f, 0x66, 0x73, 0x6d, 0x55, 0x56, 0x49, 0x6e, // m vec4 u_fsmUVIn
	0x76, 0x65, 0x72, 0x73, 0x65, 0x64, 0x42, 0x61, 0x63, 0x6b, 0x3b, 0x0a, 0x75, 0x6e, 0x69, 0x66, // versedBack;.unif
	0x6f, 0x72, 0x6d, 0x20, 0x76, 0x65, 0x63, 0x34, 0x20, 0x75, 0x5f, 0x66, 0x73, 0x73, 0x6f, 0x66, // orm vec4 u_fssof
	0x74, 0x50, 0x61, 0x72, 0x74, 0x69, 0x63, 0x6c, 0x65, 0x50, 0x61, 0x72, 0x61, 0x6d, 0x3b, 0x0a, // tParticleParam;.
	0x75, 0x6e, 0x69, 0x66, 0x6f, 0x72, 0x6d, 0x20, 0x73, 0x61, 0x6d, 0x70, 0x6c, 0x65, 0x72, 0x32, // uniform sampler2
	0x44, 0x20, 0x73, 0x5f, 0x64, 0x65, 0x70, 0x74, 0x68, 0x54, 0x65, 0x78, 0x3b, 0x0a, 0x75, 0x6e, // D s_depthTex;.un
	0x69, 0x66, 0x6f, 0x72, 0x6d, 0x20, 0x76, 0x65, 0x63, 0x34, 0x20, 0x75, 0x5f, 0x66, 0x73, 0x72, // iform vec4 u_fsr
	0x65, 0x63, 0x6f, 0x6e, 0x73, 0x74, 0x72, 0x75, 0x63, 0x74, 0x69, 0x6f, 0x6e, 0x50, 0x61, 0x72, // econstructionPar
	0x61, 0x6d, 0x31, 0x3b, 0x0a, 0x75, 0x6e, 0x69, 0x66, 0x6f, 0x72, 0x6d, 0x20, 0x76, 0x65, 0x63, // am1;.uniform vec
	0x34, 0x20, 0x75, 0x5f, 0x66, 0x73, 0x72, 0x65, 0x63, 0x6f, 0x6e, 0x73, 0x74, 0x72, 0x75, 0x63, // 4 u_fsreconstruc
	0x74, 0x69, 0x6f, 0x6e, 0x50, 0x61, 0x72, 0x61, 0x6d, 0x32, 0x3b, 0x0a, 0x75, 0x6e, 0x69, 0x66, // tionParam2;.unif
	0x6f, 0x72, 0x6d, 0x20, 0x76, 0x65, 0x63, 0x34, 0x20, 0x75, 0x5f, 0x66, 0x73, 0x66, 0x45, 0x64, // orm vec4 u_fsfEd
	0x67, 0x65, 0x43, 0x6f, 0x6c, 0x6f, 0x72, 0x3b, 0x0a, 0x75, 0x6e, 0x69, 0x66, 0x6f, 0x72, 0x6d, // geColor;.uniform
	0x20, 0x76, 0x65, 0x63, 0x34, 0x20, 0x75, 0x5f, 0x66, 0x73, 0x66, 0x45, 0x64, 0x67, 0x65, 0x50, //  vec4 u_fsfEdgeP
	0x61, 0x72, 0x61, 0x6d, 0x65, 0x74, 0x65, 0x72, 0x3b, 0x0a, 0x0a, 0x69, 0x6e, 0x20, 0x76, 0x65, // arameter;..in ve
	0x63, 0x34, 0x20, 0x76, 0x5f, 0x43, 0x6f, 0x6c, 0x6f, 0x72, 0x3b, 0x0a, 0x69, 0x6e, 0x20, 0x76, // c4 v_Color;.in v
	0x65, 0x63, 0x34, 0x20, 0x76, 0x5f, 0x55, 0x56, 0x5f, 0x4f, 0x74, 0x68, 0x65, 0x72, 0x73, 0x3b, // ec4 v_UV_Others;
	0x0a, 0x69, 0x6e, 0x20, 0x76, 0x65, 0x63, 0x33, 0x20, 0x76, 0x5f, 0x57, 0x6f, 0x72, 0x6c, 0x64, // .in vec3 v_World
	0x4e, 0x3b, 0x0a, 0x69, 0x6e, 0x20, 0x76, 0x65, 0x63, 0x34, 0x20, 0x76, 0x5f, 0x41, 0x6c, 0x70, // N;.in vec4 v_Alp
	0x68, 0x61, 0x5f, 0x44, 0x69, 0x73, 0x74, 0x5f, 0x55, 0x56, 0x3b, 0x0a, 0x69, 0x6e, 0x20, 0x76, // ha_Dist_UV;.in v
	0x65, 0x63, 0x34, 0x20, 0x76, 0x5f, 0x42, 0x6c, 0x65, 0x6e, 0x64, 0x5f, 0x41, 0x6c, 0x70, 0x68, // ec4 v_Blend_Alph
	0x61, 0x5f, 0x44, 0x69, 0x73, 0x74, 0x5f, 0x55, 0x56, 0x3b, 0x0a, 0x69, 0x6e, 0x20, 0x76, 0x65, // a_Dist_UV;.in ve
	0x63, 0x34, 0x20, 0x76, 0x5f, 0x42, 0x6c, 0x65, 0x6e, 0x64, 0x5f, 0x46, 0x42, 0x4e, 0x65, 0x78, // c4 v_Blend_FBNex
	0x74, 0x49, 0x6e, 0x64, 0x65, 0x78, 0x5f, 0x55, 0x56, 0x3b, 0x0a, 0x69, 0x6e, 0x20, 0x76, 0x65, // tIndex_UV;.in ve
	0x63, 0x34, 0x20, 0x76, 0x5f, 0x50, 0x6f, 0x73, 0x50, 0x3b, 0x0a, 0x6c, 0x61, 0x79, 0x6f, 0x75, // c4 v_PosP;.layou
	0x74, 0x28, 0x6c, 0x6f, 0x63, 0x61, 0x74, 0x69, 0x6f, 0x6e, 0x20, 0x3d, 0x20, 0x30, 0x29, 0x20, // t(location = 0) 
	0x6f, 0x75, 0x74, 0x20, 0x76, 0x65, 0x63, 0x34, 0x20, 0x62, 0x67, 0x66, 0x78, 0x5f, 0x46, 0x72, // out vec4 bgfx_Fr
	0x61, 0x67, 0x43, 0x6f, 0x6c, 0x6f, 0x72, 0x3b, 0x0a, 0x0a, 0x76, 0x6f, 0x69, 0x64, 0x20, 0x6d, // agColor;..void m
	0x61, 0x69, 0x6e, 0x28, 0x29, 0x0a, 0x7b, 0x0a, 0x20, 0x20, 0x20, 0x20, 0x62, 0x6f, 0x6f, 0x6c, // ain().{.    bool
	0x20, 0x5f, 0x31, 0x31, 0x35, 0x34, 0x20, 0x3d, 0x20, 0x75, 0x5f, 0x66, 0x73, 0x6d, 0x69, 0x73, //  _1154 = u_fsmis
	0x63, 0x46, 0x6c, 0x61, 0x67, 0x73, 0x2e, 0x78, 0x20, 0x21, 0x3d, 0x20, 0x30, 0x2e, 0x30, 0x3b, // cFlags.x != 0.0;
	0x0a, 0x20, 0x20, 0x20, 0x20, 0x76, 0x65, 0x63, 0x34, 0x20, 0x5f, 0x31, 0x35, 0x31, 0x35, 0x20, // .    vec4 _1515 
	0x3d, 0x20, 0x74, 0x65, 0x78, 0x74, 0x75, 0x72, 0x65, 0x28, 0x73, 0x5f, 0x75, 0x76, 0x44, 0x69, // = texture(s_uvDi
	0x73, 0x74, 0x6f, 0x72, 0x74, 0x69, 0x6f, 0x6e, 0x54, 0x65, 0x78, 0x2c, 0x20, 0x76, 0x5f, 0x41, // stortionTex, v_A
	0x6c, 0x70, 0x68, 0x61, 0x5f, 0x44, 0x69, 0x73, 0x74, 0x5f, 0x55, 0x56, 0x2e, 0x7a, 0x77, 0x29, // lpha_Dist_UV.zw)
	0x3b, 0x0a, 0x20, 0x20, 0x20, 0x20, 0x76, 0x65, 0x63, 0x34, 0x20, 0x5f, 0x32, 0x36, 0x34, 0x32, // ;.    vec4 _2642
	0x3b, 0x0a, 0x20, 0x20, 0x20, 0x20, 0x69, 0x66, 0x20, 0x28, 0x5f, 0x31, 0x31, 0x35, 0x34, 0x29, // ;.    if (_1154)
	0x0a, 0x20, 0x20, 0x20, 0x20, 0x7b, 0x0a, 0x20, 0x20, 0x20, 0x20, 0x20, 0x20, 0x20, 0x20, 0x76, // .    {.        v
	0x65, 0x63, 0x34, 0x20, 0x5f, 0x32, 0x36, 0x34, 0x31, 0x3b, 0x0a, 0x20, 0x20, 0x20, 0x20, 0x20, // ec4 _2641;.     
	0x20, 0x20, 0x20, 0x64, 0x6f, 0x0a, 0x20, 0x20, 0x20, 0x20, 0x20, 0x20, 0x20, 0x20, 0x7b, 0x0a, //    do.        {.
	0x20, 0x20, 0x20, 0x20, 0x20, 0x20, 0x20, 0x20, 0x20, 0x20, 0x20, 0x20, 0x69, 0x66, 0x20, 0x28, //             if (
	0x21, 0x5f, 0x31, 0x31, 0x35, 0x34, 0x29, 0x0a, 0x20, 0x20, 0x20, 0x20, 0x20, 0x20, 0x20, 0x20, // !_1154).        
	0x20, 0x20, 0x20, 0x20, 0x7b, 0x0a, 0x20, 0x20, 0x20, 0x20, 0x20, 0x20, 0x20, 0x20, 0x20, 0x20, //     {.          
	0x20, 0x20, 0x20, 0x20, 0x20, 0x20, 0x5f, 0x32, 0x36, 0x34, 0x31, 0x20, 0x3d, 0x20, 0x5f, 0x31, //       _2641 = _1
	0x35, 0x31, 0x35, 0x3b, 0x0a, 0x20, 0x20, 0x20, 0x20, 0x20, 0x20, 0x20, 0x20, 0x20, 0x20, 0x20, // 515;.           
	0x20, 0x20, 0x20, 0x20, 0x20, 0x62, 0x72, 0x65, 0x61, 0x6b, 0x3b, 0x0a, 0x20, 0x20, 0x20, 0x20, //      break;.    
	0x20, 0x20, 0x20, 0x20, 0x20, 0x20, 0x20, 0x20, 0x7d, 0x0a, 0x20, 0x20, 0x20, 0x20, 0x20, 0x20, //         }.      
	0x20, 0x20, 0x20, 0x20, 0x20, 0x20, 0x5f, 0x32, 0x36, 0x34, 0x31, 0x20, 0x3d, 0x20, 0x76, 0x65, //       _2641 = ve
	0x63, 0x34, 0x28, 0x6d, 0x61, 0x78, 0x28, 0x28, 0x70, 0x6f, 0x77, 0x28, 0x6d, 0x61, 0x78, 0x28, // c4(max((pow(max(
	0x61, 0x62, 0x73, 0x28, 0x5f, 0x31, 0x35, 0x31, 0x35, 0x2e, 0x78, 0x79, 0x7a, 0x29, 0x2c, 0x20, // abs(_1515.xyz), 
	0x76, 0x65, 0x63, 0x33, 0x28, 0x31, 0x2e, 0x31, 0x39, 0x32, 0x30, 0x39, 0x32, 0x38, 0x39, 0x35, // vec3(1.192092895
	0x35, 0x30, 0x37, 0x38, 0x31, 0x32, 0x35, 0x65, 0x2d, 0x30, 0x37, 0x29, 0x29, 0x2c, 0x20, 0x76, // 5078125e-07)), v
	0x65, 0x63, 0x33, 0x28, 0x30, 0x2e, 0x34, 0x31, 0x36, 0x36, 0x36, 0x36, 0x36, 0x35, 0x36, 0x37, // ec3(0.4166666567
	0x33, 0x32, 0x35, 0x35, 0x39, 0x32, 0x30, 0x34, 0x31, 0x30, 0x31, 0x35, 0x36, 0x32, 0x35, 0x29, // 325592041015625)
	0x29, 0x20, 0x2a, 0x20, 0x31, 0x2e, 0x30, 0x35, 0x34, 0x39, 0x39, 0x39, 0x39, 0x34, 0x37, 0x35, // ) * 1.0549999475
	0x34, 0x37, 0x39, 0x31, 0x32, 0x35, 0x39, 0x37, 0x36, 0x35, 0x36, 0x32, 0x35, 0x29, 0x20, 0x2d, // 4791259765625) -
	0x20, 0x76, 0x65, 0x63, 0x33, 0x28, 0x30, 0x2e, 0x30, 0x35, 0x34, 0x39, 0x39, 0x39, 0x39, 0x39, //  vec3(0.05499999
	0x39, 0x37, 0x30, 0x31, 0x39, 0x37, 0x36, 0x37, 0x37, 0x36, 0x31, 0x32, 0x33, 0x30, 0x34, 0x36, // 9701976776123046
	0x38, 0x37, 0x35, 0x29, 0x2c, 0x20, 0x76, 0x65, 0x63, 0x33, 0x28, 0x30, 0x2e, 0x30, 0x29, 0x29, // 875), vec3(0.0))
	0x2e, 0x78, 0x79, 0x2c, 0x20, 0x5f, 0x32, 0x36, 0x38, 0x36, 0x2c, 0x20, 0x5f, 0x32, 0x36, 0x38, // .xy, _2686, _268
	0x36, 0x29, 0x3b, 0x0a, 0x20, 0x20, 0x20, 0x20, 0x20, 0x20, 0x20, 0x20, 0x20, 0x20, 0x20, 0x20, // 6);.            
	0x62, 0x72, 0x65, 0x61, 0x6b, 0x3b, 0x0a, 0x20, 0x20, 0x20, 0x20, 0x20, 0x20, 0x20, 0x20, 0x7d, // break;.        }
	0x20, 0x77, 0x68, 0x69, 0x6c, 0x65, 0x28, 0x66, 0x61, 0x6c, 0x73, 0x65, 0x29, 0x3b, 0x0a, 0x20, //  while(false);. 
	0x20, 0x20, 0x20, 0x20, 0x20, 0x20, 0x20, 0x5f, 0x32, 0x36, 0x34, 0x32, 0x20, 0x3d, 0x20, 0x5f, //        _2642 = _
	0x32, 0x36, 0x34, 0x31, 0x3b, 0x0a, 0x20, 0x20, 0x20, 0x20, 0x7d, 0x0a, 0x20, 0x20, 0x20, 0x20, // 2641;.    }.    
	0x65, 0x6c, 0x73, 0x65, 0x0a, 0x20, 0x20, 0x20, 0x20, 0x7b, 0x0a, 0x20, 0x20, 0x20, 0x20, 0x20, // else.    {.     
	0x20, 0x20, 0x20, 0x5f, 0x32, 0x36, 0x34, 0x32, 0x20, 0x3d, 0x20, 0x5f, 0x31, 0x35, 0x31, 0x35, //    _2642 = _1515
	0x3b, 0x0a, 0x20, 0x20, 0x20, 0x20, 0x7d, 0x0a, 0x20, 0x20, 0x20, 0x20, 0x62, 0x6f, 0x6f, 0x6c, // ;.    }.    bool
	0x20, 0x5f, 0x31, 0x36, 0x33, 0x30, 0x3b, 0x0a, 0x20, 0x20, 0x20, 0x20, 0x76, 0x65, 0x63, 0x32, //  _1630;.    vec2
	0x20, 0x5f, 0x31, 0x35, 0x32, 0x38, 0x20, 0x3d, 0x20, 0x28, 0x5f, 0x32, 0x36, 0x34, 0x32, 0x2e, //  _1528 = (_2642.
	0x78, 0x79, 0x20, 0x2a, 0x20, 0x32, 0x2e, 0x30, 0x29, 0x20, 0x2d, 0x20, 0x76, 0x65, 0x63, 0x32, // xy * 2.0) - vec2
	0x28, 0x31, 0x2e, 0x30, 0x29, 0x3b, 0x0a, 0x20, 0x20, 0x20, 0x20, 0x5f, 0x31, 0x35, 0x32, 0x38, // (1.0);.    _1528
	0x2e, 0x79, 0x20, 0x3d, 0x20, 0x75, 0x5f, 0x66, 0x73, 0x66, 0x55, 0x56, 0x44, 0x69, 0x73, 0x74, // .y = u_fsfUVDist
	0x6f, 0x72, 0x74, 0x69, 0x6f, 0x6e, 0x50, 0x61, 0x72, 0x61, 0x6d, 0x65, 0x74, 0x65, 0x72, 0x2e, // ortionParameter.
	0x7a, 0x20, 0x2b, 0x20, 0x28, 0x75, 0x5f, 0x66, 0x73, 0x66, 0x55, 0x56, 0x44, 0x69, 0x73, 0x74, // z + (u_fsfUVDist
	0x6f, 0x72, 0x74, 0x69, 0x6f, 0x6e, 0x50, 0x61, 0x72, 0x61, 0x6d, 0x65, 0x74, 0x65, 0x72, 0x2e, // ortionParameter.
	0x77, 0x20, 0x2a, 0x20, 0x28, 0x5f, 0x31, 0x35, 0x32, 0x38, 0x2e, 0x79, 0x20, 0x2a, 0x20, 0x28, // w * (_1528.y * (
	0x2d, 0x31, 0x2e, 0x30, 0x29, 0x29, 0x29, 0x3b, 0x0a, 0x20, 0x20, 0x20, 0x20, 0x76, 0x65, 0x63, // -1.0)));.    vec
	0x32, 0x20, 0x5f, 0x31, 0x31, 0x37, 0x30, 0x20, 0x3d, 0x20, 0x5f, 0x31, 0x35, 0x32, 0x38, 0x20, // 2 _1170 = _1528 
	0x2a, 0x20, 0x75, 0x5f, 0x66, 0x73, 0x66, 0x55, 0x56, 0x44, 0x69, 0x73, 0x74, 0x6f, 0x72, 0x74, // * u_fsfUVDistort
	0x69, 0x6f, 0x6e, 0x50, 0x61, 0x72, 0x61, 0x6d, 0x65, 0x74, 0x65, 0x72, 0x2e, 0x78, 0x3b, 0x0a, // ionParameter.x;.
	0x20, 0x20, 0x20, 0x20, 0x76, 0x65, 0x63, 0x34, 0x20, 0x5f, 0x31, 0x31, 0x37, 0x37, 0x20, 0x3d, //     vec4 _1177 =
	0x20, 0x74, 0x65, 0x78, 0x74, 0x75, 0x72, 0x65, 0x28, 0x73, 0x5f, 0x63, 0x6f, 0x6c, 0x6f, 0x72, //  texture(s_color
	0x54, 0x65, 0x78, 0x2c, 0x20, 0x76, 0x5f, 0x55, 0x56, 0x5f, 0x4f, 0x74, 0x68, 0x65, 0x72, 0x73, // Tex, v_UV_Others
	0x2e, 0x78, 0x79, 0x20, 0x2b, 0x20, 0x5f, 0x31, 0x31, 0x37, 0x30, 0x29, 0x3b, 0x0a, 0x20, 0x20, // .xy + _1170);.  
	0x20, 0x20, 0x76, 0x65, 0x63, 0x34, 0x20, 0x5f, 0x32, 0x36, 0x34, 0x33, 0x3b, 0x0a, 0x20, 0x20, //   vec4 _2643;.  
	0x20, 0x20, 0x64, 0x6f, 0x0a, 0x20, 0x20, 0x20, 0x20, 0x7b, 0x0a, 0x20, 0x20, 0x20, 0x20, 0x20, //   do.    {.     
	0x20, 0x20, 0x20, 0x5f, 0x31, 0x36, 0x33, 0x30, 0x20, 0x3d, 0x20, 0x21, 0x5f, 0x31, 0x31, 0x35, //    _1630 = !_115
	0x34, 0x3b, 0x0a, 0x20, 0x20, 0x20, 0x20, 0x20, 0x20, 0x20, 0x20, 0x69, 0x66, 0x20, 0x28, 0x5f, // 4;.        if (_
	0x31, 0x36, 0x33, 0x30, 0x29, 0x0a, 0x20, 0x20, 0x20, 0x20, 0x20, 0x20, 0x20, 0x20, 0x7b, 0x0a, // 1630).        {.
	0x20, 0x20, 0x20, 0x20, 0x20, 0x20, 0x20, 0x20, 0x20, 0x20, 0x20, 0x20, 0x5f, 0x32, 0x36, 0x34, //             _264
	0x33, 0x20, 0x3d, 0x20, 0x5f, 0x31, 0x31, 0x37, 0x37, 0x3b, 0x0a, 0x20, 0x20, 0x20, 0x20, 0x20, // 3 = _1177;.     
	0x20, 0x20, 0x20, 0x20, 0x20, 0x20, 0x20, 0x62, 0x72, 0x65, 0x61, 0x6b, 0x3b, 0x0a, 0x20, 0x20, //        break;.  
	0x20, 0x20, 0x20, 0x20, 0x20, 0x20, 0x7d, 0x0a, 0x20, 0x20, 0x20, 0x20, 0x20, 0x20, 0x20, 0x20, //       }.        
	0x5f, 0x32, 0x36, 0x34, 0x33, 0x20, 0x3d, 0x20, 0x76, 0x65, 0x63, 0x34, 0x28, 0x6d, 0x61, 0x78, // _2643 = vec4(max
	0x28, 0x28, 0x70, 0x6f, 0x77, 0x28, 0x6d, 0x61, 0x78, 0x28, 0x61, 0x62, 0x73, 0x28, 0x5f, 0x31, // ((pow(max(abs(_1
	0x31, 0x37, 0x37, 0x2e, 0x78, 0x79, 0x7a, 0x29, 0x2c, 0x20, 0x76, 0x65, 0x63, 0x33, 0x28, 0x31, // 177.xyz), vec3(1
	0x2e, 0x31, 0x39, 0x32, 0x30, 0x39, 0x32, 0x38, 0x39, 0x35, 0x35, 0x30, 0x37, 0x38, 0x31, 0x32, // .192092895507812
	0x35, 0x65, 0x2d, 0x30, 0x37, 0x29, 0x29, 0x2c, 0x20, 0x76, 0x65, 0x63, 0x33, 0x28, 0x30, 0x2e, // 5e-07)), vec3(0.
	0x34, 0x31, 0x36, 0x36, 0x36, 0x36, 0x36, 0x35, 0x36, 0x37, 0x33, 0x32, 0x35, 0x35, 0x39, 0x32, // 4166666567325592
	0x30, 0x34, 0x31, 0x30, 0x31, 0x35, 0x36, 0x32, 0x35, 0x29, 0x29, 0x20, 0x2a, 0x20, 0x31, 0x2e, // 041015625)) * 1.
	0x30, 0x35, 0x34, 0x39, 0x39, 0x39, 0x39, 0x34, 0x37, 0x35, 0x34, 0x37, 0x39, 0x31, 0x32, 0x35, // 0549999475479125
	0x39, 0x37, 0x36, 0x35, 0x36, 0x32, 0x35, 0x29, 0x20, 0x2d, 0x20, 0x76, 0x65, 0x63, 0x33, 0x28, // 9765625) - vec3(
	0x30, 0x2e, 0x30, 0x35, 0x34, 0x39, 0x39, 0x39, 0x39, 0x39, 0x39, 0x37, 0x30, 0x31, 0x39, 0x37, // 0.05499999970197
	0x36, 0x37, 0x37, 0x36, 0x31, 0x32, 0x33, 0x30, 0x34, 0x36, 0x38, 0x37, 0x35, 0x29, 0x2c, 0x20, // 6776123046875), 
	0x76, 0x65, 0x63, 0x33, 0x28, 0x30, 0x2e, 0x30, 0x29, 0x29, 0x2c, 0x20, 0x5f, 0x31, 0x31, 0x37, // vec3(0.0)), _117
	0x37, 0x2e, 0x77, 0x29, 0x3b, 0x0a, 0x20, 0x20, 0x20, 0x20, 0x20, 0x20, 0x20, 0x20, 0x62, 0x72, // 7.w);.        br
	0x65, 0x61, 0x6b, 0x3b, 0x0a, 0x20, 0x20, 0x20, 0x20, 0x7d, 0x20, 0x77, 0x68, 0x69, 0x6c, 0x65, // eak;.    } while
	0x28, 0x66, 0x61, 0x6c, 0x73, 0x65, 0x29, 0x3b, 0x0a, 0x20, 0x20, 0x20, 0x20, 0x76, 0x65, 0x63, // (false);.    vec
	0x34, 0x20, 0x5f, 0x31, 0x31, 0x38, 0x34, 0x20, 0x3d, 0x20, 0x5f, 0x32, 0x36, 0x34, 0x33, 0x20, // 4 _1184 = _2643 
	0x2a, 0x20, 0x76, 0x5f, 0x43, 0x6f, 0x6c, 0x6f, 0x72, 0x3b, 0x0a, 0x20, 0x20, 0x20, 0x20, 0x76, // * v_Color;.    v
	0x65, 0x63, 0x34, 0x20, 0x5f, 0x32, 0x36, 0x34, 0x38, 0x3b, 0x0a, 0x20, 0x20, 0x20, 0x20, 0x69, // ec4 _2648;.    i
	0x66, 0x20, 0x28, 0x75, 0x5f, 0x66, 0x73, 0x66, 0x46, 0x6c, 0x69, 0x70, 0x62, 0x6f, 0x6f, 0x6b, // f (u_fsfFlipbook
	0x50, 0x61, 0x72, 0x61, 0x6d, 0x65, 0x74, 0x65, 0x72, 0x2e, 0x78, 0x20, 0x3e, 0x20, 0x30, 0x2e, // Parameter.x > 0.
	0x30, 0x29, 0x0a, 0x20, 0x20, 0x20, 0x20, 0x7b, 0x0a, 0x20, 0x20, 0x20, 0x20, 0x20, 0x20, 0x20, // 0).    {.       
	0x20, 0x76, 0x65, 0x63, 0x34, 0x20, 0x5f, 0x31, 0x37, 0x31, 0x31, 0x20, 0x3d, 0x20, 0x74, 0x65, //  vec4 _1711 = te
	0x78, 0x74, 0x75, 0x72, 0x65, 0x28, 0x73, 0x5f, 0x63, 0x6f, 0x6c, 0x6f, 0x72, 0x54, 0x65, 0x78, // xture(s_colorTex
	0x2c, 0x20, 0x76, 0x5f, 0x42, 0x6c, 0x65, 0x6e, 0x64, 0x5f, 0x46, 0x42, 0x4e, 0x65, 0x78, 0x74, // , v_Blend_FBNext
	0x49, 0x6e, 0x64, 0x65, 0x78, 0x5f, 0x55, 0x56, 0x2e, 0x7a, 0x77, 0x20, 0x2b, 0x20, 0x5f, 0x31, // Index_UV.zw + _1
	0x31, 0x37, 0x30, 0x29, 0x3b, 0x0a, 0x20, 0x20, 0x20, 0x20, 0x20, 0x20, 0x20, 0x20, 0x76, 0x65, // 170);.        ve
	0x63, 0x34, 0x20, 0x5f, 0x32, 0x36, 0x34, 0x35, 0x3b, 0x0a, 0x20, 0x20, 0x20, 0x20, 0x20, 0x20, // c4 _2645;.      
	0x20, 0x20, 0x69, 0x66, 0x20, 0x28, 0x5f, 0x31, 0x31, 0x35, 0x34, 0x29, 0x0a, 0x20, 0x20, 0x20, //   if (_1154).   
	0x20, 0x20, 0x20, 0x20, 0x20, 0x7b, 0x0a, 0x20, 0x20, 0x20, 0x20, 0x20, 0x20, 0x20, 0x20, 0x20, //      {.         
	0x20, 0x20, 0x20, 0x76, 0x65, 0x63, 0x34, 0x20, 0x5f, 0x32, 0x36, 0x34, 0x34, 0x3b, 0x0a, 0x20, //    vec4 _2644;. 
	0x20, 0x20, 0x20, 0x20, 0x20, 0x20, 0x20, 0x20, 0x20, 0x20, 0x20, 0x64, 0x6f, 0x0a, 0x20, 0x20, //            do.  
	0x20, 0x20, 0x20, 0x20, 0x20, 0x20, 0x20, 0x20, 0x20, 0x20, 0x7b, 0x0a, 0x20, 0x20, 0x20, 0x20, //           {.    
	0x20, 0x20, 0x20, 0x20, 0x20, 0x20, 0x20, 0x20, 0x20, 0x20, 0x20, 0x20, 0x69, 0x66, 0x20, 0x28, //             if (
	0x5f, 0x31, 0x36, 0x33, 0x30, 0x29, 0x0a, 0x20, 0x20, 0x20, 0x20, 0x20, 0x20, 0x20, 0x20, 0x20, // _1630).         
	0x20, 0x20, 0x20, 0x20, 0x20, 0x20, 0x20, 0x7b, 0x0a, 0x20, 0x20, 0x20, 0x20, 0x20, 0x20, 0x20, //        {.       
	0x20, 0x20, 0x20, 0x20, 0x20, 0x20, 0x20, 0x20, 0x20, 0x20, 0x20, 0x20, 0x20, 0x5f, 0x32, 0x36, //              _26
	0x34, 0x34, 0x20, 0x3d, 0x20, 0x5f, 0x31, 0x37, 0x31, 0x31, 0x3b, 0x0a, 0x20, 0x20, 0x20, 0x20, // 44 = _1711;.    
	0x20, 0x20, 0x20, 0x20, 0x20, 0x20, 0x20, 0x20, 0x20, 0x20, 0x20, 0x20, 0x20, 0x20, 0x20, 0x20, //                 
	0x62, 0x72, 0x65, 0x61, 0x6b, 0x3b, 0x0a, 0x20, 0x20, 0x20, 0x20, 0x20, 0x20, 0x20, 0x20, 0x20, // break;.         
	0x20, 0x20, 0x20, 0x20, 0x20, 0x20, 0x20, 0x7d, 0x0a, 0x20, 0x20, 0x20, 0x20, 0x20, 0x20, 0x20, //        }.       
	0x20, 0x20, 0x20, 0x20, 0x20, 0x20, 0x20, 0x20, 0x20, 0x5f, 0x32, 0x36, 0x34, 0x34, 0x20, 0x3d, //          _2644 =
	0x20, 0x76, 0x65, 0x63, 0x34, 0x28, 0x6d, 0x61, 0x78, 0x28, 0x28, 0x70, 0x6f, 0x77, 0x28, 0x6d, //  vec4(max((pow(m
	0x61, 0x78, 0x28, 0x61, 0x62, 0x73, 0x28, 0x5f, 0x31, 0x37, 0x31, 0x31, 0x2e, 0x78, 0x79, 0x7a, // ax(abs(_1711.xyz
	0x29, 0x2c, 0x20, 0x76, 0x65, 0x63, 0x33, 0x28, 0x31, 0x2e, 0x31, 0x39, 0x32, 0x30, 0x39, 0x32, // ), vec3(1.192092
	0x38, 0x39, 0x35, 0x35, 0x30, 0x37, 0x38, 0x31, 0x32, 0x35, 0x65, 0x2d, 0x30, 0x37, 0x29, 0x29, // 8955078125e-07))
	0x2c, 0x20, 0x76, 0x65, 0x63, 0x33, 0x28, 0x30, 0x2e, 0x34, 0x31, 0x36, 0x36, 0x36, 0x36, 0x36, // , vec3(0.4166666
	0x35, 0x36, 0x37, 0x33, 0x32, 0x35, 0x35, 0x39, 0x32, 0x30, 0x34, 0x31, 0x30, 0x31, 0x35, 0x36, // 5673255920410156
	0x32, 0x35, 0x29, 0x29, 0x20, 0x2a, 0x20, 0x31, 0x2e, 0x30, 0x35, 0x34, 0x39, 0x39, 0x39, 0x39, // 25)) * 1.0549999
	0x34, 0x37, 0x35, 0x34, 0x37, 0x39, 0x31, 0x32, 0x35, 0x39, 0x37, 0x36, 0x35, 0x36, 0x32, 0x35, // 4754791259765625
	0x29, 0x20, 0x2d, 0x20, 0x76, 0x65, 0x63, 0x33, 0x28, 0x30, 0x2e, 0x30, 0x35, 0x34, 0x39, 0x39, // ) - vec3(0.05499
	0x39, 0x39, 0x39, 0x39, 0x37, 0x30, 0x31, 0x39, 0x37, 0x36, 0x37, 0x37, 0x36, 0x31, 0x32, 0x33, // 9999701976776123
	0x30, 0x34, 0x36, 0x38, 0x37, 0x35, 0x29, 0x2c, 0x20, 0x76, 0x65, 0x63, 0x33, 0x28, 0x30, 0x2e, // 046875), vec3(0.
	0x30, 0x29, 0x29, 0x2c, 0x20, 0x5f, 0x31, 0x37, 0x31, 0x31, 0x2e, 0x77, 0x29, 0x3b, 0x0a, 0x20, // 0)), _1711.w);. 
	0x20, 0x20, 0x20, 0x20, 0x20, 0x20, 0x20, 0x20, 0x20, 0x20, 0x20, 0x20, 0x20, 0x20, 0x20, 0x62, //                b
	0x72, 0x65, 0x61, 0x6b, 0x3b, 0x0a, 0x20, 0x20, 0x20, 0x20, 0x20, 0x20, 0x20, 0x20, 0x20, 0x20, // reak;.          
	0x20, 0x20, 0x7d, 0x20, 0x77, 0x68, 0x69, 0x6c, 0x65, 0x28, 0x66, 0x61, 0x6c, 0x73, 0x65, 0x29, //   } while(false)
	0x3b, 0x0a, 0x20, 0x20, 0x20, 0x20, 0x20, 0x20, 0x20, 0x20, 0x20, 0x20, 0x20, 0x20, 0x5f, 0x32, // ;.            _2
	0x36, 0x34, 0x35, 0x20, 0x3d, 0x20, 0x5f, 0x32, 0x36, 0x34, 0x34, 0x3b, 0x0a, 0x20, 0x20, 0x20, // 645 = _2644;.   
	0x20, 0x20, 0x20, 0x20, 0x20, 0x7d, 0x0a, 0x20, 0x20, 0x20, 0x20, 0x20, 0x20, 0x20, 0x20, 0x65, //      }.        e
	0x6c, 0x73, 0x65, 0x0a, 0x20, 0x20, 0x20, 0x20, 0x20, 0x20, 0x20, 0x20, 0x7b, 0x0a, 0x20, 0x20, // lse.        {.  
	0x20, 0x20, 0x20, 0x20, 0x20, 0x20, 0x20, 0x20, 0x20, 0x20, 0x5f, 0x32, 0x36, 0x34, 0x35, 0x20, //           _2645 
	0x3d, 0x20, 0x5f, 0x31, 0x37, 0x31, 0x31, 0x3b, 0x0a, 0x20, 0x20, 0x20, 0x20, 0x20, 0x20, 0x20, // = _1711;.       
	0x20, 0x7d, 0x0a, 0x20, 0x20, 0x20, 0x20, 0x20, 0x20, 0x20, 0x20, 0x76, 0x65, 0x63, 0x34, 0x20, //  }.        vec4 
	0x5f, 0x32, 0x36, 0x34, 0x39, 0x3b, 0x0a, 0x20, 0x20, 0x20, 0x20, 0x20, 0x20, 0x20, 0x20, 0x69, // _2649;.        i
	0x66, 0x20, 0x28, 0x75, 0x5f, 0x66, 0x73, 0x66, 0x46, 0x6c, 0x69, 0x70, 0x62, 0x6f, 0x6f, 0x6b, // f (u_fsfFlipbook
	0x50, 0x61, 0x72, 0x61, 0x6d, 0x65, 0x74, 0x65, 0x72, 0x2e, 0x79, 0x20, 0x3d, 0x3d, 0x20, 0x31, // Parameter.y == 1
	0x2e, 0x30, 0x29, 0x0a, 0x20, 0x20, 0x20, 0x20, 0x20, 0x20, 0x20, 0x20, 0x7b, 0x0a, 0x20, 0x20, // .0).        {.  
	0x20, 0x20, 0x20, 0x20, 0x20, 0x20, 0x20, 0x20, 0x20, 0x20, 0x5f, 0x32, 0x36, 0x34, 0x39, 0x20, //           _2649 
	0x3d, 0x20, 0x6d, 0x69, 0x78, 0x28, 0x5f, 0x31, 0x31, 0x38, 0x34, 0x2c, 0x20, 0x5f, 0x32, 0x36, // = mix(_1184, _26
	0x34, 0x35, 0x20, 0x2a, 0x20, 0x76, 0x5f, 0x43, 0x6f, 0x6c, 0x6f, 0x72, 0x2c, 0x20, 0x76, 0x65, // 45 * v_Color, ve
	0x63, 0x34, 0x28, 0x76, 0x5f, 0x55, 0x56, 0x5f, 0x4f, 0x74, 0x68, 0x65, 0x72, 0x73, 0x2e, 0x7a, // c4(v_UV_Others.z
	0x29, 0x29, 0x3b, 0x0a, 0x20, 0x20, 0x20, 0x20, 0x20, 0x20, 0x20, 0x20, 0x7d, 0x0a, 0x20, 0x20, // ));.        }.  
	0x20, 0x20, 0x20, 0x20, 0x20, 0x20, 0x65, 0x6c, 0x73, 0x65, 0x0a, 0x20, 0x20, 0x20, 0x20, 0x20, //       else.     
	0x20, 0x20, 0x20, 0x7b, 0x0a, 0x20, 0x20, 0x20, 0x20, 0x20, 0x20, 0x20, 0x20, 0x20, 0x20, 0x20, //    {.           
	0x20, 0x5f, 0x32, 0x36, 0x34, 0x39, 0x20, 0x3d, 0x20, 0x5f, 0x31, 0x31, 0x38, 0x34, 0x3b, 0x0a, //  _2649 = _1184;.
	0x20, 0x20, 0x20, 0x20, 0x20, 0x20, 0x20, 0x20, 0x7d, 0x0a, 0x20, 0x20, 0x20, 0x20, 0x20, 0x20, //         }.      
	0x20, 0x20, 0x5f, 0x32, 0x36, 0x34, 0x38, 0x20, 0x3d, 0x20, 0x5f, 0x32, 0x36, 0x34, 0x39, 0x3b, //   _2648 = _2649;
	0x0a, 0x20, 0x20, 0x20, 0x20, 0x7d, 0x0a, 0x20, 0x20, 0x20, 0x20, 0x65, 0x6c, 0x73, 0x65, 0x0a, // .    }.    else.
	0x20, 0x20, 0x20, 0x20, 0x7b, 0x0a, 0x20, 0x20, 0x20, 0x20, 0x20, 0x20, 0x20, 0x20, 0x5f, 0x32, //     {.        _2
	0x36, 0x34, 0x38, 0x20, 0x3d, 0x20, 0x5f, 0x31, 0x31, 0x38, 0x34, 0x3b, 0x0a, 0x20, 0x20, 0x20, // 648 = _1184;.   
	0x20, 0x7d, 0x0a, 0x20, 0x20, 0x20, 0x20, 0x76, 0x65, 0x63, 0x34, 0x20, 0x5f, 0x31, 0x32, 0x30, //  }.    vec4 _120
	0x37, 0x20, 0x3d, 0x20, 0x74, 0x65, 0x78, 0x74, 0x75, 0x72, 0x65, 0x28, 0x73, 0x5f, 0x61, 0x6c, // 7 = texture(s_al
	0x70, 0x68, 0x61, 0x54, 0x65, 0x78, 0x2c, 0x20, 0x76, 0x5f, 0x41, 0x6c, 0x70, 0x68, 0x61, 0x5f, // phaTex, v_Alpha_
	0x44, 0x69, 0x73, 0x74, 0x5f, 0x55, 0x56, 0x2e, 0x78, 0x79, 0x20, 0x2b, 0x20, 0x5f, 0x31, 0x31, // Dist_UV.xy + _11
	0x37, 0x30, 0x29, 0x3b, 0x0a, 0x20, 0x20, 0x20, 0x20, 0x76, 0x65, 0x63, 0x34, 0x20, 0x5f, 0x32, // 70);.    vec4 _2
	0x36, 0x35, 0x30, 0x3b, 0x0a, 0x20, 0x20, 0x20, 0x20, 0x64, 0x6f, 0x0a, 0x20, 0x20, 0x20, 0x20, // 650;.    do.    
	0x7b, 0x0a, 0x20, 0x20, 0x20, 0x20, 0x20, 0x20, 0x20, 0x20, 0x69, 0x66, 0x20, 0x28, 0x5f, 0x31, // {.        if (_1
	0x36, 0x33, 0x30, 0x29, 0x0a, 0x20, 0x20, 0x20, 0x20, 0x20, 0x20, 0x20, 0x20, 0x7b, 0x0a, 0x20, // 630).        {. 
	0x20, 0x20, 0x20, 0x20, 0x20, 0x20, 0x20, 0x20, 0x20, 0x20, 0x20, 0x5f, 0x32, 0x36, 0x35, 0x30, //            _2650
	0x20, 0x3d, 0x20, 0x5f, 0x31, 0x32, 0x30, 0x37, 0x3b, 0x0a, 0x20, 0x20, 0x20, 0x20, 0x20, 0x20, //  = _1207;.      
	0x20, 0x20, 0x20, 0x20, 0x20, 0x20, 0x62, 0x72, 0x65, 0x61, 0x6b, 0x3b, 0x0a, 0x20, 0x20, 0x20, //       break;.   
	0x20, 0x20, 0x20, 0x20, 0x20, 0x7d, 0x0a, 0x20, 0x20, 0x20, 0x20, 0x20, 0x20, 0x20, 0x20, 0x5f, //      }.        _
	0x32, 0x36, 0x35, 0x30, 0x20, 0x3d, 0x20, 0x76, 0x65, 0x63, 0x34, 0x28, 0x6d, 0x61, 0x78, 0x28, // 2650 = vec4(max(
	0x28, 0x70, 0x6f, 0x77, 0x28, 0x6d, 0x61, 0x78, 0x28, 0x61, 0x62, 0x73, 0x28, 0x5f, 0x31, 0x32, // (pow(max(abs(_12
	0x30, 0x37, 0x2e, 0x78, 0x79, 0x7a, 0x29, 0x2c, 0x20, 0x76, 0x65, 0x63, 0x33, 0x28, 0x31, 0x2e, // 07.xyz), vec3(1.
	0x31, 0x39, 0x32, 0x30, 0x39, 0x32, 0x38, 0x39, 0x35, 0x35, 0x30, 0x37, 0x38, 0x31, 0x32, 0x35, // 1920928955078125
	0x65, 0x2d, 0x30, 0x37, 0x29, 0x29, 0x2c, 0x20, 0x76, 0x65, 0x63, 0x33, 0x28, 0x30, 0x2e, 0x34, // e-07)), vec3(0.4
	0x31, 0x36, 0x36, 0x36, 0x36, 0x36, 0x35, 0x36, 0x37, 0x33, 0x32, 0x35, 0x35, 0x39, 0x32, 0x30, // 1666665673255920
	0x34, 0x31, 0x30, 0x31, 0x35, 0x36, 0x32, 0x35, 0x29, 0x29, 0x20, 0x2a, 0x20, 0x31, 0x2e, 0x30, // 41015625)) * 1.0
	0x35, 0x34, 0x39, 0x39, 0x39, 0x39, 0x34, 0x37, 0x35, 0x34, 0x37, 0x39, 0x31, 0x32, 0x35, 0x39, // 5499994754791259
	0x37, 0x36, 0x35, 0x36, 0x32, 0x35, 0x29, 0x20, 0x2d, 0x20, 0x76, 0x65, 0x63, 0x33, 0x28, 0x30, // 765625) - vec3(0
	0x2e, 0x30, 0x35, 0x34, 0x39, 0x39, 0x39, 0x39, 0x39, 0x39, 0x37, 0x30, 0x31, 0x39, 0x37, 0x36, // .054999999701976
	0x37, 0x37, 0x36, 0x31, 0x32, 0x33, 0x30, 0x34, 0x36, 0x38, 0x37, 0x35, 0x29, 0x2c, 0x20, 0x76, // 776123046875), v
	0x65, 0x63, 0x33, 0x28, 0x30, 0x2e, 0x30, 0x29, 0x29, 0x2e, 0x78, 0x2c, 0x20, 0x5f, 0x32, 0x36, // ec3(0.0)).x, _26
	0x38, 0x36, 0x2c, 0x20, 0x5f, 0x32, 0x36, 0x38, 0x36, 0x2c, 0x20, 0x5f, 0x31, 0x32, 0x30, 0x37, // 86, _2686, _1207
	0x2e, 0x77, 0x29, 0x3b, 0x0a, 0x20, 0x20, 0x20, 0x20, 0x20, 0x20, 0x20, 0x20, 0x62, 0x72, 0x65, // .w);.        bre
	0x61, 0x6b, 0x3b, 0x0a, 0x20, 0x20, 0x20, 0x20, 0x7d, 0x20, 0x77, 0x68, 0x69, 0x6c, 0x65, 0x28, // ak;.    } while(
	0x66, 0x61, 0x6c, 0x73, 0x65, 0x29, 0x3b, 0x0a, 0x20, 0x20, 0x20, 0x20, 0x66, 0x6c, 0x6f, 0x61, // false);.    floa
	0x74, 0x20, 0x5f, 0x31, 0x32, 0x31, 0x39, 0x20, 0x3d, 0x20, 0x5f, 0x32, 0x36, 0x34, 0x38, 0x2e, // t _1219 = _2648.
	0x77, 0x20, 0x2a, 0x20, 0x28, 0x5f, 0x32, 0x36, 0x35, 0x30, 0x2e, 0x78, 0x20, 0x2a, 0x20, 0x5f, // w * (_2650.x * _
	0x32, 0x36, 0x35, 0x30, 0x2e, 0x77, 0x29, 0x3b, 0x0a, 0x20, 0x20, 0x20, 0x20, 0x76, 0x65, 0x63, // 2650.w);.    vec
	0x34, 0x20, 0x5f, 0x32, 0x35, 0x30, 0x37, 0x20, 0x3d, 0x20, 0x5f, 0x32, 0x36, 0x34, 0x38, 0x3b, // 4 _2507 = _2648;
	0x0a, 0x20, 0x20, 0x20, 0x20, 0x5f, 0x32, 0x35, 0x30, 0x37, 0x2e, 0x77, 0x20, 0x3d, 0x20, 0x5f, // .    _2507.w = _
	0x31, 0x32, 0x31, 0x39, 0x3b, 0x0a, 0x20, 0x20, 0x20, 0x20, 0x76, 0x65, 0x63, 0x34, 0x20, 0x5f, // 1219;.    vec4 _
	0x31, 0x38, 0x39, 0x39, 0x20, 0x3d, 0x20, 0x74, 0x65, 0x78, 0x74, 0x75, 0x72, 0x65, 0x28, 0x73, // 1899 = texture(s
	0x5f, 0x62, 0x6c, 0x65, 0x6e, 0x64, 0x55, 0x56, 0x44, 0x69, 0x73, 0x74, 0x6f, 0x72, 0x74, 0x69, // _blendUVDistorti
	0x6f, 0x6e, 0x54, 0x65, 0x78, 0x2c, 0x20, 0x76, 0x5f, 0x42, 0x6c, 0x65, 0x6e, 0x64, 0x5f, 0x41, // onTex, v_Blend_A
	0x6c, 0x70, 0x68, 0x61, 0x5f, 0x44, 0x69, 0x73, 0x74, 0x5f, 0x55, 0x56, 0x2e, 0x7a, 0x77, 0x29, // lpha_Dist_UV.zw)
	0x3b, 0x0a, 0x20, 0x20, 0x20, 0x20, 0x76, 0x65, 0x63, 0x34, 0x20, 0x5f, 0x32, 0x36, 0x35, 0x33, // ;.    vec4 _2653
	0x3b, 0x0a, 0x20, 0x20, 0x20, 0x20, 0x69, 0x66, 0x20, 0x28, 0x5f, 0x31, 0x31, 0x35, 0x34, 0x29, // ;.    if (_1154)
	0x0a, 0x20, 0x20, 0x20, 0x20, 0x7b, 0x0a, 0x20, 0x20, 0x20, 0x20, 0x20, 0x20, 0x20, 0x20, 0x76, // .    {.        v
	0x65, 0x63, 0x34, 0x20, 0x5f, 0x32, 0x36, 0x35, 0x32, 0x3b, 0x0a, 0x20, 0x20, 0x20, 0x20, 0x20, // ec4 _2652;.     
	0x20, 0x20, 0x20, 0x64, 0x6f, 0x0a, 0x20, 0x20, 0x20, 0x20, 0x20, 0x20, 0x20, 0x20, 0x7b, 0x0a, //    do.        {.
	0x20, 0x20, 0x20, 0x20, 0x20, 0x20, 0x20, 0x20, 0x20, 0x20, 0x20, 0x20, 0x69, 0x66, 0x20, 0x28, //             if (
	0x5f, 0x31, 0x36, 0x33, 0x30, 0x29, 0x0a, 0x20, 0x20, 0x20, 0x20, 0x20, 0x20, 0x20, 0x20, 0x20, // _1630).         
	0x20, 0x20, 0x20, 0x7b, 0x0a, 0x20, 0x20, 0x20, 0x20, 0x20, 0x20, 0x20, 0x20, 0x20, 0x20, 0x20, //    {.           
	0x20, 0x20, 0x20, 0x20, 0x20, 0x5f, 0x32, 0x36, 0x35, 0x32, 0x20, 0x3d, 0x20, 0x5f, 0x31, 0x38, //      _2652 = _18
	0x39, 0x39, 0x3b, 0x0a, 0x20, 0x20, 0x20, 0x20, 0x20, 0x20, 0x20, 0x20, 0x20, 0x20, 0x20, 0x20, // 99;.            
	0x20, 0x20, 0x20, 0x20, 0x62, 0x72, 0x65, 0x61, 0x6b, 0x3b, 0x0a, 0x20, 0x20, 0x20, 0x20, 0x20, //     break;.     
	0x20, 0x20, 0x20, 0x20, 0x20, 0x20, 0x20, 0x7d, 0x0a, 0x20, 0x20, 0x20, 0x20, 0x20, 0x20, 0x20, //        }.       
	0x20, 0x20, 0x20, 0x20, 0x20, 0x5f, 0x32, 0x36, 0x35, 0x32, 0x20, 0x3d, 0x20, 0x76, 0x65, 0x63, //      _2652 = vec
	0x34, 0x28, 0x6d, 0x61, 0x78, 0x28, 0x28, 0x70, 0x6f, 0x77, 0x28, 0x6d, 0x61, 0x78, 0x28, 0x61, // 4(max((pow(max(a
	0x62, 0x73, 0x28, 0x5f, 0x31, 0x38, 0x39, 0x39, 0x2e, 0x78, 0x79, 0x7a, 0x29, 0x2c, 0x20, 0x76, // bs(_1899.xyz), v
	0x65, 0x63, 0x33, 0x28, 0x31, 0x2e, 0x31, 0x39, 0x32, 0x30, 0x39, 0x32, 0x38, 0x39, 0x35, 0x35, // ec3(1.1920928955
	0x30, 0x37, 0x38, 0x31, 0x32, 0x35, 0x65, 0x2d, 0x30, 0x37, 0x29, 0x29, 0x2c, 0x20, 0x76, 0x65, // 078125e-07)), ve
	0x63, 0x33, 0x28, 0x30, 0x2e, 0x34, 0x31, 0x36, 0x36, 0x36, 0x36, 0x36, 0x35, 0x36, 0x37, 0x33, // c3(0.41666665673
	0x32, 0x35, 0x35, 0x39, 0x32, 0x30, 0x34, 0x31, 0x30, 0x31, 0x35, 0x36, 0x32, 0x35, 0x29, 0x29, // 25592041015625))
	0x20, 0x2a, 0x20, 0x31, 0x2e, 0x30, 0x35, 0x34, 0x39, 0x39, 0x39, 0x39, 0x34, 0x37, 0x35, 0x34, //  * 1.05499994754
	0x37, 0x39, 0x31, 0x32, 0x35, 0x39, 0x37, 0x36, 0x35, 0x36, 0x32, 0x35, 0x29, 0x20, 0x2d, 0x20, // 791259765625) - 
	0x76, 0x65, 0x63, 0x33, 0x28, 0x30, 0x2e, 0x30, 0x35, 0x34, 0x39, 0x39, 0x39, 0x39, 0x39, 0x39, // vec3(0.054999999
	0x37, 0x30, 0x31, 0x39, 0x37, 0x36, 0x37, 0x37, 0x36, 0x31, 0x32, 0x33, 0x30, 0x34, 0x36, 0x38, // 7019767761230468
	0x37, 0x35, 0x29, 0x2c, 0x20, 0x76, 0x65, 0x63, 0x33, 0x28, 0x30, 0x2e, 0x30, 0x29, 0x29, 0x2e, // 75), vec3(0.0)).
	0x78, 0x79, 0x2c, 0x20, 0x5f, 0x32, 0x36, 0x38, 0x36, 0x2c, 0x20, 0x5f, 0x32, 0x36, 0x38, 0x36, // xy, _2686, _2686
	0x29, 0x3b, 0x0a, 0x20, 0x20, 0x20, 0x20, 0x20, 0x20, 0x20, 0x20, 0x20, 0x20, 0x20, 0x20, 0x62, // );.            b
	0x72, 0x65, 0x61, 0x6b, 0x3b, 0x0a, 0x20, 0x20, 0x20, 0x20, 0x20, 0x20, 0x20, 0x20, 0x7d, 0x20, // reak;.        } 
	0x77, 0x68, 0x69, 0x6c, 0x65, 0x28, 0x66, 0x61, 0x6c, 0x73, 0x65, 0x29, 0x3b, 0x0a, 0x20, 0x20, // while(false);.  
	0x20, 0x20, 0x20, 0x20, 0x20, 0x20, 0x5f, 0x32, 0x36, 0x35, 0x33, 0x20, 0x3d, 0x20, 0x5f, 0x32, //       _2653 = _2
	0x36, 0x35, 0x32, 0x3b, 0x0a, 0x20, 0x20, 0x20, 0x20, 0x7d, 0x0a, 0x20, 0x20, 0x20, 0x20, 0x65, // 652;.    }.    e
	0x6c, 0x73, 0x65, 0x0a, 0x20, 0x20, 0x20, 0x20, 0x7b, 0x0a, 0x20, 0x20, 0x20, 0x20, 0x20, 0x20, // lse.    {.      
	0x20, 0x20, 0x5f, 0x32, 0x36, 0x35, 0x33, 0x20, 0x3d, 0x20, 0x5f, 0x31, 0x38, 0x39, 0x39, 0x3b, //   _2653 = _1899;
	0x0a, 0x20, 0x20, 0x20, 0x20, 0x7d, 0x0a, 0x20, 0x20, 0x20, 0x20, 0x76, 0x65, 0x63, 0x32, 0x20, // .    }.    vec2 
	0x5f, 0x31, 0x39, 0x31, 0x32, 0x20, 0x3d, 0x20, 0x28, 0x5f, 0x32, 0x36, 0x35, 0x33, 0x2e, 0x78, // _1912 = (_2653.x
	0x79, 0x20, 0x2a, 0x20, 0x32, 0x2e, 0x30, 0x29, 0x20, 0x2d, 0x20, 0x76, 0x65, 0x63, 0x32, 0x28, // y * 2.0) - vec2(
	0x31, 0x2e, 0x30, 0x29, 0x3b, 0x0a, 0x20, 0x20, 0x20, 0x20, 0x5f, 0x31, 0x39, 0x31, 0x32, 0x2e, // 1.0);.    _1912.
	0x79, 0x20, 0x3d, 0x20, 0x75, 0x5f, 0x66, 0x73, 0x66, 0x55, 0x56, 0x44, 0x69, 0x73, 0x74, 0x6f, // y = u_fsfUVDisto
	0x72, 0x74, 0x69, 0x6f, 0x6e, 0x50, 0x61, 0x72, 0x61, 0x6d, 0x65, 0x74, 0x65, 0x72, 0x2e, 0x7a, // rtionParameter.z
	0x20, 0x2b, 0x20, 0x28, 0x75, 0x5f, 0x66, 0x73, 0x66, 0x55, 0x56, 0x44, 0x69, 0x73, 0x74, 0x6f, //  + (u_fsfUVDisto
	0x72, 0x74, 0x69, 0x6f, 0x6e, 0x50, 0x61, 0x72, 0x61, 0x6d, 0x65, 0x74, 0x65, 0x72, 0x2e, 0x77, // rtionParameter.w
	0x20, 0x2a, 0x20, 0x28, 0x5f, 0x31, 0x39, 0x31, 0x32, 0x2e, 0x79, 0x20, 0x2a, 0x20, 0x28, 0x2d, //  * (_1912.y * (-
	0x31, 0x2e, 0x30, 0x29, 0x29, 0x29, 0x3b, 0x0a, 0x20, 0x20, 0x20, 0x20, 0x76, 0x65, 0x63, 0x32, // 1.0)));.    vec2
	0x20, 0x5f, 0x31, 0x32, 0x33, 0x33, 0x20, 0x3d, 0x20, 0x5f, 0x31, 0x39, 0x31, 0x32, 0x20, 0x2a, //  _1233 = _1912 *
	0x20, 0x75, 0x5f, 0x66, 0x73, 0x66, 0x55, 0x56, 0x44, 0x69, 0x73, 0x74, 0x6f, 0x72, 0x74, 0x69, //  u_fsfUVDistorti
	0x6f, 0x6e, 0x50, 0x61, 0x72, 0x61, 0x6d, 0x65, 0x74, 0x65, 0x72, 0x2e, 0x79, 0x3b, 0x0a, 0x20, // onParameter.y;. 
	0x20, 0x20, 0x20, 0x76, 0x65, 0x63, 0x34, 0x20, 0x5f, 0x31, 0x32, 0x33, 0x39, 0x20, 0x3d, 0x20, //    vec4 _1239 = 
	0x74, 0x65, 0x78, 0x74, 0x75, 0x72, 0x65, 0x28, 0x73, 0x5f, 0x62, 0x6c, 0x65, 0x6e, 0x64, 0x54, // texture(s_blendT
	0x65, 0x78, 0x2c, 0x20, 0x76, 0x5f, 0x42, 0x6c, 0x65, 0x6e, 0x64, 0x5f, 0x46, 0x42, 0x4e, 0x65, // ex, v_Blend_FBNe
	0x78, 0x74, 0x49, 0x6e, 0x64, 0x65, 0x78, 0x5f, 0x55, 0x56, 0x2e, 0x78, 0x79, 0x20, 0x2b, 0x20, // xtIndex_UV.xy + 
	0x5f, 0x31, 0x32, 0x33, 0x33, 0x29, 0x3b, 0x0a, 0x20, 0x20, 0x20, 0x20, 0x76, 0x65, 0x63, 0x34, // _1233);.    vec4
	0x20, 0x5f, 0x32, 0x36, 0x35, 0x34, 0x3b, 0x0a, 0x20, 0x20, 0x20, 0x20, 0x64, 0x6f, 0x0a, 0x20, //  _2654;.    do. 
	0x20, 0x20, 0x20, 0x7b, 0x0a, 0x20, 0x20, 0x20, 0x20, 0x20, 0x20, 0x20, 0x20, 0x69, 0x66, 0x20, //    {.        if 
	0x28, 0x5f, 0x31, 0x36, 0x33, 0x30, 0x29, 0x0a, 0x20, 0x20, 0x20, 0x20, 0x20, 0x20, 0x20, 0x20, // (_1630).        
	0x7b, 0x0a, 0x20, 0x20, 0x20, 0x20, 0x20, 0x20, 0x20, 0x20, 0x20, 0x20, 0x20, 0x20, 0x5f, 0x32, // {.            _2
	0x36, 0x35, 0x34, 0x20, 0x3d, 0x20, 0x5f, 0x31, 0x32, 0x33, 0x39, 0x3b, 0x0a, 0x20, 0x20, 0x20, // 654 = _1239;.   
	0x20, 0x20, 0x20, 0x20, 0x20, 0x20, 0x20, 0x20, 0x20, 0x62, 0x72, 0x65, 0x61, 0x6b, 0x3b, 0x0a, //          break;.
	0x20, 0x20, 0x20, 0x20, 0x20, 0x20, 0x20, 0x20, 0x7d, 0x0a, 0x20, 0x20, 0x20, 0x20, 0x20, 0x20, //         }.      
	0x20, 0x20, 0x5f, 0x32, 0x36, 0x35, 0x34, 0x20, 0x3d, 0x20, 0x76, 0x65, 0x63, 0x34, 0x28, 0x6d, //   _2654 = vec4(m
	0x61, 0x78, 0x28, 0x28, 0x70, 0x6f, 0x77, 0x28, 0x6d, 0x61, 0x78, 0x28, 0x61, 0x62, 0x73, 0x28, // ax((pow(max(abs(
	0x5f, 0x31, 0x32, 0x33, 0x39, 0x2e, 0x78, 0x79, 0x7a, 0x29, 0x2c, 0x20, 0x76, 0x65, 0x63, 0x33, // _1239.xyz), vec3
	0x28, 0x31, 0x2e, 0x31, 0x39, 0x32, 0x30, 0x39, 0x32, 0x38, 0x39, 0x35, 0x35, 0x30, 0x37, 0x38, // (1.1920928955078
	0x31, 0x32, 0x35, 0x65, 0x2d, 0x30, 0x37, 0x29, 0x29, 0x2c, 0x20, 0x76, 0x65, 0x63, 0x33, 0x28, // 125e-07)), vec3(
	0x30, 0x2e, 0x34, 0x31, 0x36, 0x36, 0x36, 0x36, 0x36, 0x35, 0x36, 0x37, 0x33, 0x32, 0x35, 0x35, // 0.41666665673255
	0x39, 0x32, 0x30, 0x34, 0x31, 0x30, 0x31, 0x35, 0x36, 0x32, 0x35, 0x29, 0x29, 0x20, 0x2a, 0x20, // 92041015625)) * 
	0x31, 0x2e, 0x30, 0x35, 0x34, 0x39, 0x39, 0x39, 0x39, 0x34, 0x37, 0x35, 0x34, 0x37, 0x39, 0x31, // 1.05499994754791
	0x32, 0x35, 0x39, 0x37, 0x36, 0x35, 0x36, 0x32, 0x35, 0x29, 0x20, 0x2d, 0x20, 0x76, 0x65, 0x63, // 259765625) - vec
	0x33, 0x28, 0x30, 0x2e, 0x30, 0x35, 0x34, 0x39, 0x39, 0x39, 0x39, 0x39, 0x39, 0x37, 0x30, 0x31, // 3(0.054999999701
	0x39, 0x37, 0x36, 0x37, 0x37, 0x36, 0x31, 0x32, 0x33, 0x30, 0x34, 0x36, 0x38, 0x37, 0x35, 0x29, // 976776123046875)
	0x2c, 0x20, 0x76, 0x65, 0x63, 0x33, 0x28, 0x30, 0x2e, 0x30, 0x29, 0x29, 0x2c, 0x20, 0x5f, 0x31, // , vec3(0.0)), _1
	0x32, 0x33, 0x39, 0x2e, 0x77, 0x29, 0x3b, 0x0a, 0x20, 0x20, 0x20, 0x20, 0x20, 0x20, 0x20, 0x20, // 239.w);.        
	0x62, 0x72, 0x65, 0x61, 0x6b, 0x3b, 0x0a, 0x20, 0x20, 0x20, 0x20, 0x7d, 0x20, 0x77, 0x68, 0x69, // break;.    } whi
	0x6c, 0x65, 0x28, 0x66, 0x61, 0x6c, 0x73, 0x65, 0x29, 0x3b, 0x0a, 0x20, 0x20, 0x20, 0x20, 0x76, // le(false);.    v
	0x65, 0x63, 0x34, 0x20, 0x5f, 0x31, 0x32, 0x34, 0x39, 0x20, 0x3d, 0x20, 0x74, 0x65, 0x78, 0x74, // ec4 _1249 = text
	0x75, 0x72, 0x65, 0x28, 0x73, 0x5f, 0x62, 0x6c, 0x65, 0x6e, 0x64, 0x41, 0x6c, 0x70, 0x68, 0x61, // ure(s_blendAlpha
	0x54, 0x65, 0x78, 0x2c, 0x20, 0x76, 0x5f, 0x42, 0x6c, 0x65, 0x6e, 0x64, 0x5f, 0x41, 0x6c, 0x70, // Tex, v_Blend_Alp
	0x68, 0x61, 0x5f, 0x44, 0x69, 0x73, 0x74, 0x5f, 0x55, 0x56, 0x2e, 0x78, 0x79, 0x20, 0x2b, 0x20, // ha_Dist_UV.xy + 
	0x5f, 0x31, 0x32, 0x33, 0x33, 0x29, 0x3b, 0x0a, 0x20, 0x20, 0x20, 0x20, 0x76, 0x65, 0x63, 0x34, // _1233);.    vec4
	0x20, 0x5f, 0x32, 0x36, 0x35, 0x35, 0x3b, 0x0a, 0x20, 0x20, 0x20, 0x20, 0x64, 0x6f, 0x0a, 0x20, //  _2655;.    do. 
	0x20, 0x20, 0x20, 0x7b, 0x0a, 0x20, 0x20, 0x20, 0x20, 0x20, 0x20, 0x20, 0x20, 0x69, 0x66, 0x20, //    {.        if 
	0x28, 0x5f, 0x31, 0x36, 0x33, 0x30, 0x29, 0x0a, 0x20, 0x20, 0x20, 0x20, 0x20, 0x20, 0x20, 0x20, // (_1630).        
	0x7b, 0x0a, 0x20, 0x20, 0x20, 0x20, 0x20, 0x20, 0x20, 0x20, 0x20, 0x20, 0x20, 0x20, 0x5f, 0x32, // {.            _2
	0x36, 0x35, 0x35, 0x20, 0x3d, 0x20, 0x5f, 0x31, 0x32, 0x34, 0x39, 0x3b, 0x0a, 0x20, 0x20, 0x20, // 655 = _1249;.   
	0x20, 0x20, 0x20, 0x20, 0x20, 0x20, 0x20, 0x20, 0x20, 0x62, 0x72, 0x65, 0x61, 0x6b, 0x3b, 0x0a, //          break;.
	0x20, 0x20, 0x20, 0x20, 0x20, 0x20, 0x20, 0x20, 0x7d, 0x0a, 0x20, 0x20, 0x20, 0x20, 0x20, 0x20, //         }.      
	0x20, 0x20, 0x5f, 0x32, 0x36, 0x35, 0x35, 0x20, 0x3d, 0x20, 0x76, 0x65, 0x63, 0x34, 0x28, 0x6d, //   _2655 = vec4(m
	0x61, 0x78, 0x28, 0x28, 0x70, 0x6f, 0x77, 0x28, 0x6d, 0x61, 0x78, 0x28, 0x61, 0x62, 0x73, 0x28, // ax((pow(max(abs(
	0x5f, 0x31, 0x32, 0x34, 0x39, 0x2e, 0x78, 0x79, 0x7a, 0x29, 0x2c, 0x20, 0x76, 0x65, 0x63, 0x33, // _1249.xyz), vec3
	0x28, 0x31, 0x2e, 0x31, 0x39, 0x32, 0x30, 0x39, 0x32, 0x38, 0x39, 0x35, 0x35, 0x30, 0x37, 0x38, // (1.1920928955078
	0x31, 0x32, 0x35, 0x65, 0x2d, 0x30, 0x37, 0x29, 0x29, 0x2c, 0x20, 0x76, 0x65, 0x63, 0x33, 0x28, // 125e-07)), vec3(
	0x30, 0x2e, 0x34, 0x31, 0x36, 0x36, 0x36, 0x36, 0x36, 0x35, 0x36, 0x37, 0x33, 0x32, 0x35, 0x35, // 0.41666665673255
	0x39, 0x32, 0x30, 0x34, 0x31, 0x30, 0x31, 0x35, 0x36, 0x32, 0x35, 0x29, 0x29, 0x20, 0x2a, 0x20, // 92041015625)) * 
	0x31, 0x2e, 0x30, 0x35, 0x34, 0x39, 0x39, 0x39, 0x39, 0x34, 0x37, 0x35, 0x34, 0x37, 0x39, 0x31, // 1.05499994754791
	0x32, 0x35, 0x39, 0x37, 0x36, 0x35, 0x36, 0x32, 0x35, 0x29, 0x20, 0x2d, 0x20, 0x76, 0x65, 0x63, // 259765625) - vec
	0x33, 0x28, 0x30, 0x2e, 0x30, 0x35, 0x34, 0x39, 0x39, 0x39, 0x39, 0x39, 0x39, 0x37, 0x30, 0x31, // 3(0.054999999701
	0x39, 0x37, 0x36, 0x37, 0x37, 0x36, 0x31, 0x32, 0x33, 0x30, 0x34, 0x36, 0x38, 0x37, 0x35, 0x29, // 976776123046875)
	0x2c, 0x20, 0x76, 0x65, 0x63, 0x33, 0x28, 0x30, 0x2e, 0x30, 0x29, 0x29, 0x2e, 0x78, 0x2c, 0x20, // , vec3(0.0)).x, 
	0x5f, 0x32, 0x36, 0x38, 0x36, 0x2c, 0x20, 0x5f, 0x32, 0x36, 0x38, 0x36, 0x2c, 0x20, 0x5f, 0x31, // _2686, _2686, _1
	0x32, 0x34, 0x39, 0x2e, 0x77, 0x29, 0x3b, 0x0a, 0x20, 0x20, 0x20, 0x20, 0x20, 0x20, 0x20, 0x20, // 249.w);.        
	0x62, 0x72, 0x65, 0x61, 0x6b, 0x3b, 0x0a, 0x20, 0x20, 0x20, 0x20, 0x7d, 0x20, 0x77, 0x68, 0x69, // break;.    } whi
	0x6c, 0x65, 0x28, 0x66, 0x61, 0x6c, 0x73, 0x65, 0x29, 0x3b, 0x0a, 0x20, 0x20, 0x20, 0x20, 0x66, // le(false);.    f
	0x6c, 0x6f, 0x61, 0x74, 0x20, 0x5f, 0x31, 0x32, 0x36, 0x31, 0x20, 0x3d, 0x20, 0x5f, 0x32, 0x36, // loat _1261 = _26
	0x35, 0x34, 0x2e, 0x77, 0x20, 0x2a, 0x20, 0x28, 0x5f, 0x32, 0x36, 0x35, 0x35, 0x2e, 0x78, 0x20, // 54.w * (_2655.x 
	0x2a, 0x20, 0x5f, 0x32, 0x36, 0x35, 0x35, 0x2e, 0x77, 0x29, 0x3b, 0x0a, 0x20, 0x20, 0x20, 0x20, // * _2655.w);.    
	0x76, 0x65, 0x63, 0x34, 0x20, 0x5f, 0x32, 0x36, 0x36, 0x31, 0x3b, 0x0a, 0x20, 0x20, 0x20, 0x20, // vec4 _2661;.    
	0x69, 0x66, 0x20, 0x28, 0x75, 0x5f, 0x66, 0x73, 0x66, 0x42, 0x6c, 0x65, 0x6e, 0x64, 0x54, 0x65, // if (u_fsfBlendTe
	0x78, 0x74, 0x75, 0x72, 0x65, 0x50, 0x61, 0x72, 0x61, 0x6d, 0x65, 0x74, 0x65, 0x72, 0x2e, 0x78, // xtureParameter.x
	0x20, 0x3d, 0x3d, 0x20, 0x30, 0x2e, 0x30, 0x29, 0x0a, 0x20, 0x20, 0x20, 0x20, 0x7b, 0x0a, 0x20, //  == 0.0).    {. 
	0x20, 0x20, 0x20, 0x20, 0x20, 0x20, 0x20, 0x5f, 0x32, 0x36, 0x36, 0x31, 0x20, 0x3d, 0x20, 0x76, //        _2661 = v
	0x65, 0x63, 0x34, 0x28, 0x28, 0x5f, 0x32, 0x36, 0x35, 0x34, 0x2e, 0x78, 0x79, 0x7a, 0x20, 0x2a, // ec4((_2654.xyz *
	0x20, 0x5f, 0x31, 0x32, 0x36, 0x31, 0x29, 0x20, 0x2b, 0x20, 0x28, 0x5f, 0x32, 0x35, 0x30, 0x37, //  _1261) + (_2507
	0x2e, 0x78, 0x79, 0x7a, 0x20, 0x2a, 0x20, 0x28, 0x31, 0x2e, 0x30, 0x20, 0x2d, 0x20, 0x5f, 0x31, // .xyz * (1.0 - _1
	0x32, 0x36, 0x31, 0x29, 0x29, 0x2c, 0x20, 0x5f, 0x31, 0x32, 0x31, 0x39, 0x29, 0x3b, 0x0a, 0x20, // 261)), _1219);. 
	0x20, 0x20, 0x20, 0x7d, 0x0a, 0x20, 0x20, 0x20, 0x20, 0x65, 0x6c, 0x73, 0x65, 0x0a, 0x20, 0x20, //    }.    else.  
	0x20, 0x20, 0x7b, 0x0a, 0x20, 0x20, 0x20, 0x20, 0x20, 0x20, 0x20, 0x20, 0x76, 0x65, 0x63, 0x34, //   {.        vec4
	0x20, 0x5f, 0x32, 0x36, 0x36, 0x32, 0x3b, 0x0a, 0x20, 0x20, 0x20, 0x20, 0x20, 0x20, 0x20, 0x20, //  _2662;.        
	0x69, 0x66, 0x20, 0x28, 0x75, 0x5f, 0x66, 0x73, 0x66, 0x42, 0x6c, 0x65, 0x6e, 0x64, 0x54, 0x65, // if (u_fsfBlendTe
	0x78, 0x74, 0x75, 0x72, 0x65, 0x50, 0x61, 0x72, 0x61, 0x6d, 0x65, 0x74, 0x65, 0x72, 0x2e, 0x78, // xtureParameter.x
	0x20, 0x3d, 0x3d, 0x20, 0x31, 0x2e, 0x30, 0x29, 0x0a, 0x20, 0x20, 0x20, 0x20, 0x20, 0x20, 0x20, //  == 1.0).       
	0x20, 0x7b, 0x0a, 0x20, 0x20, 0x20, 0x20, 0x20, 0x20, 0x20, 0x20, 0x20, 0x20, 0x20, 0x20, 0x5f, //  {.            _
	0x32, 0x36, 0x36, 0x32, 0x20, 0x3d, 0x20, 0x76, 0x65, 0x63, 0x34, 0x28, 0x5f, 0x32, 0x35, 0x30, // 2662 = vec4(_250
	0x37, 0x2e, 0x78, 0x79, 0x7a, 0x20, 0x2b, 0x20, 0x28, 0x5f, 0x32, 0x36, 0x35, 0x34, 0x2e, 0x78, // 7.xyz + (_2654.x
	0x79, 0x7a, 0x20, 0x2a, 0x20, 0x5f, 0x31, 0x32, 0x36, 0x31, 0x29, 0x2c, 0x20, 0x5f, 0x31, 0x32, // yz * _1261), _12
	0x31, 0x39, 0x29, 0x3b, 0x0a, 0x20, 0x20, 0x20, 0x20, 0x20, 0x20, 0x20, 0x20, 0x7d, 0x0a, 0x20, // 19);.        }. 
	0x20, 0x20, 0x20, 0x20, 0x20, 0x20, 0x20, 0x65, 0x6c, 0x73, 0x65, 0x0a, 0x20, 0x20, 0x20, 0x20, //        else.    
	0x20, 0x20, 0x20, 0x20, 0x7b, 0x0a, 0x20, 0x20, 0x20, 0x20, 0x20, 0x20, 0x20, 0x20, 0x20, 0x20, //     {.          
	0x20, 0x20, 0x76, 0x65, 0x63, 0x34, 0x20, 0x5f, 0x32, 0x36, 0x36, 0x33, 0x3b, 0x0a, 0x20, 0x20, //   vec4 _2663;.  
	0x20, 0x20, 0x20, 0x20, 0x20, 0x20, 0x20, 0x20, 0x20, 0x20, 0x69, 0x66, 0x20, 0x28, 0x75, 0x5f, //           if (u_
	0x66, 0x73, 0x66, 0x42, 0x6c, 0x65, 0x6e, 0x64, 0x54, 0x65, 0x78, 0x74, 0x75, 0x72, 0x65, 0x50, // fsfBlendTextureP
	0x61, 0x72, 0x61, 0x6d, 0x65, 0x74, 0x65, 0x72, 0x2e, 0x78, 0x20, 0x3d, 0x3d, 0x20, 0x32, 0x2e, // arameter.x == 2.
	0x30, 0x29, 0x0a, 0x20, 0x20, 0x20, 0x20, 0x20, 0x20, 0x20, 0x20, 0x20, 0x20, 0x20, 0x20, 0x7b, // 0).            {
	0x0a, 0x20, 0x20, 0x20, 0x20, 0x20, 0x20, 0x20, 0x20, 0x20, 0x20, 0x20, 0x20, 0x20, 0x20, 0x20, // .               
	0x20, 0x5f, 0x32, 0x36, 0x36, 0x33, 0x20, 0x3d, 0x20, 0x76, 0x65, 0x63, 0x34, 0x28, 0x5f, 0x32, //  _2663 = vec4(_2
	0x35, 0x30, 0x37, 0x2e, 0x78, 0x79, 0x7a, 0x20, 0x2d, 0x20, 0x28, 0x5f, 0x32, 0x36, 0x35, 0x34, // 507.xyz - (_2654
	0x2e, 0x78, 0x79, 0x7a, 0x20, 0x2a, 0x20, 0x5f, 0x31, 0x32, 0x36, 0x31, 0x29, 0x2c, 0x20, 0x5f, // .xyz * _1261), _
	0x31, 0x32, 0x31, 0x39, 0x29, 0x3b, 0x0a, 0x20, 0x20, 0x20, 0x20, 0x20, 0x20, 0x20, 0x20, 0x20, // 1219);.         
	0x20, 0x20, 0x20, 0x7d, 0x0a, 0x20, 0x20, 0x20, 0x20, 0x20, 0x20, 0x20, 0x20, 0x20, 0x20, 0x20, //    }.           
	0x20, 0x65, 0x6c, 0x73, 0x65, 0x0a, 0x20, 0x20, 0x20, 0x20, 0x20, 0x20, 0x20, 0x20, 0x20, 0x20, //  else.          
	0x20, 0x20, 0x7b, 0x0a, 0x20, 0x20, 0x20, 0x20, 0x20, 0x20, 0x20, 0x20, 0x20, 0x20, 0x20, 0x20, //   {.            
	0x20, 0x20, 0x20, 0x20, 0x76, 0x65, 0x63, 0x34, 0x20, 0x5f, 0x32, 0x36, 0x36, 0x34, 0x3b, 0x0a, //     vec4 _2664;.
	0x20, 0x20, 0x20, 0x20, 0x20, 0x20, 0x20, 0x20, 0x20, 0x20, 0x20, 0x20, 0x20, 0x20, 0x20, 0x20, //                 
	0x69, 0x66, 0x20, 0x28, 0x75, 0x5f, 0x66, 0x73, 0x66, 0x42, 0x6c, 0x65, 0x6e, 0x64, 0x54, 0x65, // if (u_fsfBlendTe
	0x78, 0x74, 0x75, 0x72, 0x65, 0x50, 0x61, 0x72, 0x61, 0x6d, 0x65, 0x74, 0x65, 0x72, 0x2e, 0x78, // xtureParameter.x
	0x20, 0x3d, 0x3d, 0x20, 0x33, 0x2e, 0x30, 0x29, 0x0a, 0x20, 0x20, 0x20, 0x20, 0x20, 0x20, 0x20, //  == 3.0).       
	0x20, 0x20, 0x20, 0x20, 0x20, 0x20, 0x20, 0x20, 0x20, 0x7b, 0x0a, 0x20, 0x20, 0x20, 0x20, 0x20, //          {.     
	0x20, 0x20, 0x20, 0x20, 0x20, 0x20, 0x20, 0x20, 0x20, 0x20, 0x20, 0x20, 0x20, 0x20, 0x20, 0x5f, //                _
	0x32, 0x36, 0x36, 0x34, 0x20, 0x3d, 0x20, 0x76, 0x65, 0x63, 0x34, 0x28, 0x5f, 0x32, 0x35, 0x30, // 2664 = vec4(_250
	0x37, 0x2e, 0x78, 0x79, 0x7a, 0x20, 0x2a, 0x20, 0x28, 0x5f, 0x32, 0x36, 0x35, 0x34, 0x2e, 0x78, // 7.xyz * (_2654.x
	0x79, 0x7a, 0x20, 0x2a, 0x20, 0x5f, 0x31, 0x32, 0x36, 0x31, 0x29, 0x2c, 0x20, 0x5f, 0x31, 0x32, // yz * _1261), _12
	0x31, 0x39, 0x29, 0x3b, 0x0a, 0x20, 0x20, 0x20, 0x20, 0x20, 0x20, 0x20, 0x20, 0x20, 0x20, 0x20, // 19);.           
	0x20, 0x20, 0x20, 0x20, 0x20, 0x7d, 0x0a, 0x20, 0x20, 0x20, 0x20, 0x20, 0x20, 0x20, 0x20, 0x20, //      }.         
	0x20, 0x20, 0x20, 0x20, 0x20, 0x20, 0x20, 0x65, 0x6c, 0x73, 0x65, 0x0a, 0x20, 0x20, 0x20, 0x20, //        else.    
	0x20, 0x20, 0x20, 0x20, 0x20, 0x20, 0x20, 0x20, 0x20, 0x20, 0x20, 0x20, 0x7b, 0x0a, 0x20, 0x20, //             {.  
	0x20, 0x20, 0x20, 0x20, 0x20, 0x20, 0x20, 0x20, 0x20, 0x20, 0x20, 0x20, 0x20, 0x20, 0x20, 0x20, //                 
	0x20, 0x20, 0x5f, 0x32, 0x36, 0x36, 0x34, 0x20, 0x3d, 0x20, 0x5f, 0x32, 0x35, 0x30, 0x37, 0x3b, //   _2664 = _2507;
	0x0a, 0x20, 0x20, 0x20, 0x20, 0x20, 0x20, 0x20, 0x20, 0x20, 0x20, 0x20, 0x20, 0x20, 0x20, 0x20, // .               
	0x20, 0x7d, 0x0a, 0x20, 0x20, 0x20, 0x20, 0x20, 0x20, 0x20, 0x20, 0x20, 0x20, 0x20, 0x20, 0x20, //  }.             
	0x20, 0x20, 0x20, 0x5f, 0x32, 0x36, 0x36, 0x33, 0x20, 0x3d, 0x20, 0x5f, 0x32, 0x36, 0x36, 0x34, //    _2663 = _2664
	0x3b, 0x0a, 0x20, 0x20, 0x20, 0x20, 0x20, 0x20, 0x20, 0x20, 0x20, 0x20, 0x20, 0x20, 0x7d, 0x0a, // ;.            }.
	0x20, 0x20, 0x20, 0x20, 0x20, 0x20, 0x20, 0x20, 0x20, 0x20, 0x20, 0x20, 0x5f, 0x32, 0x36, 0x36, //             _266
	0x32, 0x20, 0x3d, 0x20, 0x5f, 0x32, 0x36, 0x36, 0x33, 0x3b, 0x0a, 0x20, 0x20, 0x20, 0x20, 0x20, // 2 = _2663;.     
	0x20, 0x20, 0x20, 0x7d, 0x0a, 0x20, 0x20, 0x20, 0x20, 0x20, 0x20, 0x20, 0x20, 0x5f, 0x32, 0x36, //    }.        _26
	0x36, 0x31, 0x20, 0x3d, 0x20, 0x5f, 0x32, 0x36, 0x36, 0x32, 0x3b, 0x0a, 0x20, 0x20, 0x20, 0x20, // 61 = _2662;.    
	0x7d, 0x0a, 0x20, 0x20, 0x20, 0x20, 0x76, 0x65, 0x63, 0x34, 0x20, 0x5f, 0x32, 0x36, 0x36, 0x38, // }.    vec4 _2668
	0x3b, 0x0a, 0x20, 0x20, 0x20, 0x20, 0x69, 0x66, 0x20, 0x28, 0x75, 0x5f, 0x66, 0x73, 0x66, 0x46, // ;.    if (u_fsfF
	0x61, 0x6c, 0x6c, 0x6f, 0x66, 0x66, 0x50, 0x61, 0x72, 0x61, 0x6d, 0x65, 0x74, 0x65, 0x72, 0x2e, // alloffParameter.
	0x78, 0x20, 0x3d, 0x3d, 0x20, 0x31, 0x2e, 0x30, 0x29, 0x0a, 0x20, 0x20, 0x20, 0x20, 0x7b, 0x0a, // x == 1.0).    {.
	0x20, 0x20, 0x20, 0x20, 0x20, 0x20, 0x20, 0x20, 0x76, 0x65, 0x63, 0x34, 0x20, 0x5f, 0x31, 0x32, //         vec4 _12
	0x39, 0x32, 0x20, 0x3d, 0x20, 0x6d, 0x69, 0x78, 0x28, 0x75, 0x5f, 0x66, 0x73, 0x66, 0x46, 0x61, // 92 = mix(u_fsfFa
	0x6c, 0x6c, 0x6f, 0x66, 0x66, 0x45, 0x6e, 0x64, 0x43, 0x6f, 0x6c, 0x6f, 0x72, 0x2c, 0x20, 0x75, // lloffEndColor, u
	0x5f, 0x66, 0x73, 0x66, 0x46, 0x61, 0x6c, 0x6c, 0x6f, 0x66, 0x66, 0x42, 0x65, 0x67, 0x69, 0x6e, // _fsfFalloffBegin
	0x43, 0x6f, 0x6c, 0x6f, 0x72, 0x2c, 0x20, 0x76, 0x65, 0x63, 0x34, 0x28, 0x70, 0x6f, 0x77, 0x28, // Color, vec4(pow(
	0x63, 0x6c, 0x61, 0x6d, 0x70, 0x28, 0x64, 0x6f, 0x74, 0x28, 0x6e, 0x6f, 0x72, 0x6d, 0x61, 0x6c, // clamp(dot(normal
	0x69, 0x7a, 0x65, 0x28, 0x2d, 0x75, 0x5f, 0x66, 0x73, 0x66, 0x43, 0x61, 0x6d, 0x65, 0x72, 0x61, // ize(-u_fsfCamera
	0x46, 0x72, 0x6f, 0x6e, 0x74, 0x44, 0x69, 0x72, 0x65, 0x63, 0x74, 0x69, 0x6f, 0x6e, 0x2e, 0x78, // FrontDirection.x
	0x79, 0x7a, 0x29, 0x2c, 0x20, 0x6e, 0x6f, 0x72, 0x6d, 0x61, 0x6c, 0x69, 0x7a, 0x65, 0x28, 0x76, // yz), normalize(v
	0x5f, 0x57, 0x6f, 0x72, 0x6c, 0x64, 0x4e, 0x29, 0x29, 0x2c, 0x20, 0x30, 0x2e, 0x30, 0x2c, 0x20, // _WorldN)), 0.0, 
	0x31, 0x2e, 0x30, 0x29, 0x2c, 0x20, 0x75, 0x5f, 0x66, 0x73, 0x66, 0x46, 0x61, 0x6c, 0x6c, 0x6f, // 1.0), u_fsfFallo
	0x66, 0x66, 0x50, 0x61, 0x72, 0x61, 0x6d, 0x65, 0x74, 0x65, 0x72, 0x2e, 0x7a, 0x29, 0x29, 0x29, // ffParameter.z)))
	0x3b, 0x0a, 0x20, 0x20, 0x20, 0x20, 0x20, 0x20, 0x20, 0x20, 0x76, 0x65, 0x63, 0x34, 0x20, 0x5f, // ;.        vec4 _
	0x32, 0x36, 0x36, 0x35, 0x3b, 0x0a, 0x20, 0x20, 0x20, 0x20, 0x20, 0x20, 0x20, 0x20, 0x69, 0x66, // 2665;.        if
	0x20, 0x28, 0x75, 0x5f, 0x66, 0x73, 0x66, 0x46, 0x61, 0x6c, 0x6c, 0x6f, 0x66, 0x66, 0x50, 0x61, //  (u_fsfFalloffPa
	0x72, 0x61, 0x6d, 0x65, 0x74, 0x65, 0x72, 0x2e, 0x79, 0x20, 0x3d, 0x3d, 0x20, 0x30, 0x2e, 0x30, // rameter.y == 0.0
	0x29, 0x0a, 0x20, 0x20, 0x20, 0x20, 0x20, 0x20, 0x20, 0x20, 0x7b, 0x0a, 0x20, 0x20, 0x20, 0x20, // ).        {.    
	0x20, 0x20, 0x20, 0x20, 0x20, 0x20, 0x20, 0x20, 0x76, 0x65, 0x63, 0x33, 0x20, 0x5f, 0x31, 0x33, //         vec3 _13
	0x30, 0x32, 0x20, 0x3d, 0x20, 0x5f, 0x32, 0x36, 0x36, 0x31, 0x2e, 0x78, 0x79, 0x7a, 0x20, 0x2b, // 02 = _2661.xyz +
	0x20, 0x5f, 0x31, 0x32, 0x39, 0x32, 0x2e, 0x78, 0x79, 0x7a, 0x3b, 0x0a, 0x20, 0x20, 0x20, 0x20, //  _1292.xyz;.    
	0x20, 0x20, 0x20, 0x20, 0x20, 0x20, 0x20, 0x20, 0x76, 0x65, 0x63, 0x34, 0x20, 0x5f, 0x32, 0x35, //         vec4 _25
	0x36, 0x37, 0x20, 0x3d, 0x20, 0x5f, 0x32, 0x36, 0x36, 0x31, 0x3b, 0x0a, 0x20, 0x20, 0x20, 0x20, // 67 = _2661;.    
	0x20, 0x20, 0x20, 0x20, 0x20, 0x20, 0x20, 0x20, 0x5f, 0x32, 0x35, 0x36, 0x37, 0x2e, 0x78, 0x20, //         _2567.x 
	0x3d, 0x20, 0x5f, 0x31, 0x33, 0x30, 0x32, 0x2e, 0x78, 0x3b, 0x0a, 0x20, 0x20, 0x20, 0x20, 0x20, // = _1302.x;.     
	0x20, 0x20, 0x20, 0x20, 0x20, 0x20, 0x20, 0x5f, 0x32, 0x35, 0x36, 0x37, 0x2e, 0x79, 0x20, 0x3d, //        _2567.y =
	0x20, 0x5f, 0x31, 0x33, 0x30, 0x32, 0x2e, 0x79, 0x3b, 0x0a, 0x20, 0x20, 0x20, 0x20, 0x20, 0x20, //  _1302.y;.      
	0x20, 0x20, 0x20, 0x20, 0x20, 0x20, 0x5f, 0x32, 0x35, 0x36, 0x37, 0x2e, 0x7a, 0x20, 0x3d, 0x20, //       _2567.z = 
	0x5f, 0x31, 0x33, 0x30, 0x32, 0x2e, 0x7a, 0x3b, 0x0a, 0x20, 0x20, 0x20, 0x20, 0x20, 0x20, 0x20, // _1302.z;.       
	0x20, 0x20, 0x20, 0x20, 0x20, 0x5f, 0x32, 0x36, 0x36, 0x35, 0x20, 0x3d, 0x20, 0x5f, 0x32, 0x35, //      _2665 = _25
	0x36, 0x37, 0x3b, 0x0a, 0x20, 0x20, 0x20, 0x20, 0x20, 0x20, 0x20, 0x20, 0x7d, 0x0a, 0x20, 0x20, // 67;.        }.  
	0x20, 0x20, 0x20, 0x20, 0x20, 0x20, 0x65, 0x6c, 0x73, 0x65, 0x0a, 0x20, 0x20, 0x20, 0x20, 0x20, //       else.     
	0x20, 0x20, 0x20, 0x7b, 0x0a, 0x20, 0x20, 0x20, 0x20, 0x20, 0x20, 0x20, 0x20, 0x20, 0x20, 0x20, //    {.           
	0x20, 0x76, 0x65, 0x63, 0x34, 0x20, 0x5f, 0x32, 0x36, 0x36, 0x36, 0x3b, 0x0a, 0x20, 0x20, 0x20, //  vec4 _2666;.   
	0x20, 0x20, 0x20, 0x20, 0x20, 0x20, 0x20, 0x20, 0x20, 0x69, 0x66, 0x20, 0x28, 0x75, 0x5f, 0x66, //          if (u_f
	0x73, 0x66, 0x46, 0x61, 0x6c, 0x6c, 0x6f, 0x66, 0x66, 0x50, 0x61, 0x72, 0x61, 0x6d, 0x65, 0x74, // sfFalloffParamet
	0x65, 0x72, 0x2e, 0x79, 0x20, 0x3d, 0x3d, 0x20, 0x31, 0x2e, 0x30, 0x29, 0x0a, 0x20, 0x20, 0x20, // er.y == 1.0).   
	0x20, 0x20, 0x20, 0x20, 0x20, 0x20, 0x20, 0x20, 0x20, 0x7b, 0x0a, 0x20, 0x20, 0x20, 0x20, 0x20, //          {.     
	0x20, 0x20, 0x20, 0x20, 0x20, 0x20, 0x20, 0x20, 0x20, 0x20, 0x20, 0x76, 0x65, 0x63, 0x33, 0x20, //            vec3 
	0x5f, 0x31, 0x33, 0x32, 0x32, 0x20, 0x3d, 0x20, 0x5f, 0x32, 0x36, 0x36, 0x31, 0x2e, 0x78, 0x79, // _1322 = _2661.xy
	0x7a, 0x20, 0x2d, 0x20, 0x5f, 0x31, 0x32, 0x39, 0x32, 0x2e, 0x78, 0x79, 0x7a, 0x3b, 0x0a, 0x20, // z - _1292.xyz;. 
	0x20, 0x20, 0x20, 0x20, 0x20, 0x20, 0x20, 0x20, 0x20, 0x20, 0x20, 0x20, 0x20, 0x20, 0x20, 0x76, //                v
	0x65, 0x63, 0x34, 0x20, 0x5f, 0x32, 0x35, 0x37, 0x36, 0x20, 0x3d, 0x20, 0x5f, 0x32, 0x36, 0x36, // ec4 _2576 = _266
	0x31, 0x3b, 0x0a, 0x20, 0x20, 0x20, 0x20, 0x20, 0x20, 0x20, 0x20, 0x20, 0x20, 0x20, 0x20, 0x20, // 1;.             
	0x20, 0x20, 0x20, 0x5f, 0x32, 0x35, 0x37, 0x36, 0x2e, 0x78, 0x20, 0x3d, 0x20, 0x5f, 0x31, 0x33, //    _2576.x = _13
	0x32, 0x32, 0x2e, 0x78, 0x3b, 0x0a, 0x20, 0x20, 0x20, 0x20, 0x20, 0x20, 0x20, 0x20, 0x20, 0x20, // 22.x;.          
	0x20, 0x20, 0x20, 0x20, 0x20, 0x20, 0x5f, 0x32, 0x35, 0x37, 0x36, 0x2e, 0x79, 0x20, 0x3d, 0x20, //       _2576.y = 
	0x5f, 0x31, 0x33, 0x32, 0x32, 0x2e, 0x79, 0x3b, 0x0a, 0x20, 0x20, 0x20, 0x20, 0x20, 0x20, 0x20, // _1322.y;.       
	0x20, 0x20, 0x20, 0x20, 0x20, 0x20, 0x20, 0x20, 0x20, 0x5f, 0x32, 0x35, 0x37, 0x36, 0x2e, 0x7a, //          _2576.z
	0x20, 0x3d, 0x20, 0x5f, 0x31, 0x33, 0x32, 0x32, 0x2e, 0x7a, 0x3b, 0x0a, 0x20, 0x20, 0x20, 0x20, //  = _1322.z;.    
	0x20, 0x20, 0x20, 0x20, 0x20, 0x20, 0x20, 0x20, 0x20, 0x20, 0x20, 0x20, 0x5f, 0x32, 0x36, 0x36, //             _266
	0x36, 0x20, 0x3d, 0x20, 0x5f, 0x32, 0x35, 0x37, 0x36, 0x3b, 0x0a, 0x20, 0x20, 0x20, 0x20, 0x20, // 6 = _2576;.     
	0x20, 0x20, 0x20, 0x20, 0x20, 0x20, 0x20, 0x7d, 0x0a, 0x20, 0x20, 0x20, 0x20, 0x20, 0x20, 0x20, //        }.       
	0x20, 0x20, 0x20, 0x20, 0x20, 0x65, 0x6c, 0x73, 0x65, 0x0a, 0x20, 0x20, 0x20, 0x20, 0x20, 0x20, //      else.      
	0x20, 0x20, 0x20, 0x20, 0x20, 0x20, 0x7b, 0x0a, 0x20, 0x20, 0x20, 0x20, 0x20, 0x20, 0x20, 0x20, //       {.        
	0x20, 0x20, 0x20, 0x20, 0x20, 0x20, 0x20, 0x20, 0x76, 0x65, 0x63, 0x34, 0x20, 0x5f, 0x32, 0x36, //         vec4 _26
	0x36, 0x37, 0x3b, 0x0a, 0x20, 0x20, 0x20, 0x20, 0x20, 0x20, 0x20, 0x20, 0x20, 0x20, 0x20, 0x20, // 67;.            
	0x20, 0x20, 0x20, 0x20, 0x69, 0x66, 0x20, 0x28, 0x75, 0x5f, 0x66, 0x73, 0x66, 0x46, 0x61, 0x6c, //     if (u_fsfFal
	0x6c, 0x6f, 0x66, 0x66, 0x50, 0x61, 0x72, 0x61, 0x6d, 0x65, 0x74, 0x65, 0x72, 0x2e, 0x79, 0x20, // loffParameter.y 
	0x3d, 0x3d, 0x20, 0x32, 0x2e, 0x30, 0x29, 0x0a, 0x20, 0x20, 0x20, 0x20, 0x20, 0x20, 0x20, 0x20, // == 2.0).        
	0x20, 0x20, 0x20, 0x20, 0x20, 0x20, 0x20, 0x20, 0x7b, 0x0a, 0x20, 0x20, 0x20, 0x20, 0x20, 0x20, //         {.      
	0x20, 0x20, 0x20, 0x20, 0x20, 0x20, 0x20, 0x20, 0x20, 0x20, 0x20, 0x20, 0x20, 0x20, 0x76, 0x65, //               ve
	0x63, 0x33, 0x20, 0x5f, 0x31, 0x33, 0x34, 0x32, 0x20, 0x3d, 0x20, 0x5f, 0x32, 0x36, 0x36, 0x31, // c3 _1342 = _2661
	0x2e, 0x78, 0x79, 0x7a, 0x20, 0x2a, 0x20, 0x5f, 0x31, 0x32, 0x39, 0x32, 0x2e, 0x78, 0x79, 0x7a, // .xyz * _1292.xyz
	0x3b, 0x0a, 0x20, 0x20, 0x20, 0x20, 0x20, 0x20, 0x20, 0x20, 0x20, 0x20, 0x20, 0x20, 0x20, 0x20, // ;.              
	0x20, 0x20, 0x20, 0x20, 0x20, 0x20, 0x76, 0x65, 0x63, 0x34, 0x20, 0x5f, 0x32, 0x35, 0x38, 0x35, //       vec4 _2585
	0x20, 0x3d, 0x20, 0x5f, 0x32, 0x36, 0x36, 0x31, 0x3b, 0x0a, 0x20, 0x20, 0x20, 0x20, 0x20, 0x20, //  = _2661;.      
	0x20, 0x20, 0x20, 0x20, 0x20, 0x20, 0x20, 0x20, 0x20, 0x20, 0x20, 0x20, 0x20, 0x20, 0x5f, 0x32, //               _2
	0x35, 0x38, 0x35, 0x2e, 0x78, 0x20, 0x3d, 0x20, 0x5f, 0x31, 0x33, 0x34, 0x32, 0x2e, 0x78, 0x3b, // 585.x = _1342.x;
	0x0a, 0x20, 0x20, 0x20, 0x20, 0x20, 0x20, 0x20, 0x20, 0x20, 0x20, 0x20, 0x20, 0x20, 0x20, 0x20, // .               
	0x20, 0x20, 0x20, 0x20, 0x20, 0x5f, 0x32, 0x35, 0x38, 0x35, 0x2e, 0x79, 0x20, 0x3d, 0x20, 0x5f, //      _2585.y = _
	0x31, 0x33, 0x34, 0x32, 0x2e, 0x79, 0x3b, 0x0a, 0x20, 0x20, 0x20, 0x20, 0x20, 0x20, 0x20, 0x20, // 1342.y;.        
	0x20, 0x20, 0x20, 0x20, 0x20, 0x20, 0x20, 0x20, 0x20, 0x20, 0x20, 0x20, 0x5f, 0x32, 0x35, 0x38, //             _258
	0x35, 0x2e, 0x7a, 0x20, 0x3d, 0x20, 0x5f, 0x31, 0x33, 0x34, 0x32, 0x2e, 0x7a, 0x3b, 0x0a, 0x20, // 5.z = _1342.z;. 
	0x20, 0x20, 0x20, 0x20, 0x20, 0x20, 0x20, 0x20, 0x20, 0x20, 0x20, 0x20, 0x20, 0x20, 0x20, 0x20, //                 
	0x20, 0x20, 0x20, 0x5f, 0x32, 0x36, 0x36, 0x37, 0x20, 0x3d, 0x20, 0x5f, 0x32, 0x35, 0x38, 0x35, //    _2667 = _2585
	0x3b, 0x0a, 0x20, 0x20, 0x20, 0x20, 0x20, 0x20, 0x20, 0x20, 0x20, 0x20, 0x20, 0x20, 0x20, 0x20, // ;.              
	0x20, 0x20, 0x7d, 0x0a, 0x20, 0x20, 0x20, 0x20, 0x20, 0x20, 0x20, 0x20, 0x20, 0x20, 0x20, 0x20, //   }.            
	0x20, 0x20, 0x20, 0x20, 0x65, 0x6c, 0x73, 0x65, 0x0a, 0x20, 0x20, 0x20, 0x20, 0x20, 0x20, 0x20, //     else.       
	0x20, 0x20, 0x20, 0x20, 0x20, 0x20, 0x20, 0x20, 0x20, 0x7b, 0x0a, 0x20, 0x20, 0x20, 0x20, 0x20, //          {.     
	0x20, 0x20, 0x20, 0x20, 0x20, 0x20, 0x20, 0x20, 0x20, 0x20, 0x20, 0x20, 0x20, 0x20, 0x20, 0x5f, //                _
	0x32, 0x36, 0x36, 0x37, 0x20, 0x3d, 0x20, 0x5f, 0x32, 0x36, 0x36, 0x31, 0x3b, 0x0a, 0x20, 0x20, // 2667 = _2661;.  
	0x20, 0x20, 0x20, 0x20, 0x20, 0x20, 0x20, 0x20, 0x20, 0x20, 0x20, 0x20, 0x20, 0x20, 0x7d, 0x0a, //               }.
	0x20, 0x20, 0x20, 0x20, 0x20, 0x20, 0x20, 0x20, 0x20, 0x20, 0x20, 0x20, 0x20, 0x20, 0x20, 0x20, //                 
	0x5f, 0x32, 0x36, 0x36, 0x36, 0x20, 0x3d, 0x20, 0x5f, 0x32, 0x36, 0x36, 0x37, 0x3b, 0x0a, 0x20, // _2666 = _2667;. 
	0x20, 0x20, 0x20, 0x20, 0x20, 0x20, 0x20, 0x20, 0x20, 0x20, 0x20, 0x7d, 0x0a, 0x20, 0x20, 0x20, //            }.   
	0x20, 0x20, 0x20, 0x20, 0x20, 0x20, 0x20, 0x20, 0x20, 0x5f, 0x32, 0x36, 0x36, 0x35, 0x20, 0x3d, //          _2665 =
	0x20, 0x5f, 0x32, 0x36, 0x36, 0x36, 0x3b, 0x0a, 0x20, 0x20, 0x20, 0x20, 0x20, 0x20, 0x20, 0x20, //  _2666;.        
	0x7d, 0x0a, 0x20, 0x20, 0x20, 0x20, 0x20, 0x20, 0x20, 0x20, 0x76, 0x65, 0x63, 0x34, 0x20, 0x5f, // }.        vec4 _
	0x32, 0x35, 0x39, 0x35, 0x20, 0x3d, 0x20, 0x5f, 0x32, 0x36, 0x36, 0x35, 0x3b, 0x0a, 0x20, 0x20, // 2595 = _2665;.  
	0x20, 0x20, 0x20, 0x20, 0x20, 0x20, 0x5f, 0x32, 0x35, 0x39, 0x35, 0x2e, 0x77, 0x20, 0x3d, 0x20, //       _2595.w = 
	0x5f, 0x32, 0x36, 0x36, 0x35, 0x2e, 0x77, 0x20, 0x2a, 0x20, 0x5f, 0x31, 0x32, 0x39, 0x32, 0x2e, // _2665.w * _1292.
	0x77, 0x3b, 0x0a, 0x20, 0x20, 0x20, 0x20, 0x20, 0x20, 0x20, 0x20, 0x5f, 0x32, 0x36, 0x36, 0x38, // w;.        _2668
	0x20, 0x3d, 0x20, 0x5f, 0x32, 0x35, 0x39, 0x35, 0x3b, 0x0a, 0x20, 0x20, 0x20, 0x20, 0x7d, 0x0a, //  = _2595;.    }.
	0x20, 0x20, 0x20, 0x20, 0x65, 0x6c, 0x73, 0x65, 0x0a, 0x20, 0x20, 0x20, 0x20, 0x7b, 0x0a, 0x20, //     else.    {. 
	0x20, 0x20, 0x20, 0x20, 0x20, 0x20, 0x20, 0x5f, 0x32, 0x36, 0x36, 0x38, 0x20, 0x3d, 0x20, 0x5f, //        _2668 = _
	0x32, 0x36, 0x36, 0x31, 0x3b, 0x0a, 0x20, 0x20, 0x20, 0x20, 0x7d, 0x0a, 0x20, 0x20, 0x20, 0x20, // 2661;.    }.    
	0x76, 0x65, 0x63, 0x33, 0x20, 0x5f, 0x31, 0x33, 0x36, 0x37, 0x20, 0x3d, 0x20, 0x5f, 0x32, 0x36, // vec3 _1367 = _26
	0x36, 0x38, 0x2e, 0x78, 0x79, 0x7a, 0x20, 0x2a, 0x20, 0x75, 0x5f, 0x66, 0x73, 0x66, 0x45, 0x6d, // 68.xyz * u_fsfEm
	0x69, 0x73, 0x73, 0x69, 0x76, 0x65, 0x53, 0x63, 0x61, 0x6c, 0x69, 0x6e, 0x67, 0x2e, 0x78, 0x3b, // issiveScaling.x;
	0x0a, 0x20, 0x20, 0x20, 0x20, 0x66, 0x6c, 0x6f, 0x61, 0x74, 0x20, 0x5f, 0x31, 0x33, 0x36, 0x39, // .    float _1369
	0x20, 0x3d, 0x20, 0x5f, 0x31, 0x33, 0x36, 0x37, 0x2e, 0x78, 0x3b, 0x0a, 0x20, 0x20, 0x20, 0x20, //  = _1367.x;.    
	0x76, 0x65, 0x63, 0x34, 0x20, 0x5f, 0x32, 0x35, 0x39, 0x38, 0x20, 0x3d, 0x20, 0x5f, 0x32, 0x36, // vec4 _2598 = _26
	0x36, 0x38, 0x3b, 0x0a, 0x20, 0x20, 0x20, 0x20, 0x5f, 0x32, 0x35, 0x39, 0x38, 0x2e, 0x78, 0x20, // 68;.    _2598.x 
	0x3d, 0x20, 0x5f, 0x31, 0x33, 0x36, 0x39, 0x3b, 0x0a, 0x20, 0x20, 0x20, 0x20, 0x5f, 0x32, 0x35, // = _1369;.    _25
	0x39, 0x38, 0x2e, 0x79, 0x20, 0x3d, 0x20, 0x5f, 0x31, 0x33, 0x36, 0x37, 0x2e, 0x79, 0x3b, 0x0a, // 98.y = _1367.y;.
	0x20, 0x20, 0x20, 0x20, 0x5f, 0x32, 0x35, 0x39, 0x38, 0x2e, 0x7a, 0x20, 0x3d, 0x20, 0x5f, 0x31, //     _2598.z = _1
	0x33, 0x36, 0x37, 0x2e, 0x7a, 0x3b, 0x0a, 0x20, 0x20, 0x20, 0x20, 0x76, 0x65, 0x63, 0x34, 0x20, // 367.z;.    vec4 
	0x5f, 0x31, 0x33, 0x38, 0x32, 0x20, 0x3d, 0x20, 0x76, 0x5f, 0x50, 0x6f, 0x73, 0x50, 0x20, 0x2f, // _1382 = v_PosP /
	0x20, 0x76, 0x65, 0x63, 0x34, 0x28, 0x76, 0x5f, 0x50, 0x6f, 0x73, 0x50, 0x2e, 0x77, 0x29, 0x3b, //  vec4(v_PosP.w);
	0x0a, 0x20, 0x20, 0x20, 0x20, 0x76, 0x65, 0x63, 0x32, 0x20, 0x5f, 0x31, 0x33, 0x38, 0x38, 0x20, // .    vec2 _1388 
	0x3d, 0x20, 0x28, 0x5f, 0x31, 0x33, 0x38, 0x32, 0x2e, 0x78, 0x79, 0x20, 0x2b, 0x20, 0x76, 0x65, // = (_1382.xy + ve
	0x63, 0x32, 0x28, 0x31, 0x2e, 0x30, 0x29, 0x29, 0x20, 0x2a, 0x20, 0x76, 0x65, 0x63, 0x32, 0x28, // c2(1.0)) * vec2(
	0x30, 0x2e, 0x35, 0x29, 0x3b, 0x0a, 0x20, 0x20, 0x20, 0x20, 0x5f, 0x31, 0x33, 0x38, 0x38, 0x2e, // 0.5);.    _1388.
	0x79, 0x20, 0x3d, 0x20, 0x75, 0x5f, 0x66, 0x73, 0x6d, 0x55, 0x56, 0x49, 0x6e, 0x76, 0x65, 0x72, // y = u_fsmUVInver
	0x73, 0x65, 0x64, 0x42, 0x61, 0x63, 0x6b, 0x2e, 0x78, 0x20, 0x2b, 0x20, 0x28, 0x75, 0x5f, 0x66, // sedBack.x + (u_f
	0x73, 0x6d, 0x55, 0x56, 0x49, 0x6e, 0x76, 0x65, 0x72, 0x73, 0x65, 0x64, 0x42, 0x61, 0x63, 0x6b, // smUVInversedBack
	0x2e, 0x79, 0x20, 0x2a, 0x20, 0x28, 0x31, 0x2e, 0x30, 0x20, 0x2d, 0x20, 0x5f, 0x31, 0x33, 0x38, // .y * (1.0 - _138
	0x38, 0x2e, 0x79, 0x29, 0x29, 0x3b, 0x0a, 0x20, 0x20, 0x20, 0x20, 0x76, 0x65, 0x63, 0x34, 0x20, // 8.y));.    vec4 
	0x5f, 0x32, 0x36, 0x36, 0x39, 0x3b, 0x0a, 0x20, 0x20, 0x20, 0x20, 0x69, 0x66, 0x20, 0x28, 0x75, // _2669;.    if (u
	0x5f, 0x66, 0x73, 0x73, 0x6f, 0x66, 0x74, 0x50, 0x61, 0x72, 0x74, 0x69, 0x63, 0x6c, 0x65, 0x50, // _fssoftParticleP
	0x61, 0x72, 0x61, 0x6d, 0x2e, 0x77, 0x20, 0x21, 0x3d, 0x20, 0x30, 0x2e, 0x30, 0x29, 0x0a, 0x20, // aram.w != 0.0). 
	0x20, 0x20, 0x20, 0x7b, 0x0a, 0x20, 0x20, 0x20, 0x20, 0x20, 0x20, 0x20, 0x20, 0x76, 0x65, 0x63, //    {.        vec
	0x32, 0x20, 0x5f, 0x32, 0x33, 0x30, 0x37, 0x20, 0x3d, 0x20, 0x76, 0x65, 0x63, 0x32, 0x28, 0x28, // 2 _2307 = vec2((
	0x74, 0x65, 0x78, 0x74, 0x75, 0x72, 0x65, 0x28, 0x73, 0x5f, 0x64, 0x65, 0x70, 0x74, 0x68, 0x54, // texture(s_depthT
	0x65, 0x78, 0x2c, 0x20, 0x5f, 0x31, 0x33, 0x38, 0x38, 0x29, 0x2e, 0x78, 0x20, 0x2a, 0x20, 0x75, // ex, _1388).x * u
	0x5f, 0x66, 0x73, 0x72, 0x65, 0x63, 0x6f, 0x6e, 0x73, 0x74, 0x72, 0x75, 0x63, 0x74, 0x69, 0x6f, // _fsreconstructio
	0x6e, 0x50, 0x61, 0x72, 0x61, 0x6d, 0x31, 0x2e, 0x78, 0x29, 0x20, 0x2b, 0x20, 0x75, 0x5f, 0x66, // nParam1.x) + u_f
	0x73, 0x72, 0x65, 0x63, 0x6f, 0x6e, 0x73, 0x74, 0x72, 0x75, 0x63, 0x74, 0x69, 0x6f, 0x6e, 0x50, // sreconstructionP
	0x61, 0x72, 0x61, 0x6d, 0x31, 0x2e, 0x79, 0x2c, 0x20, 0x5f, 0x31, 0x33, 0x38, 0x32, 0x2e, 0x7a, // aram1.y, _1382.z
	0x29, 0x3b, 0x0a, 0x20, 0x20, 0x20, 0x20, 0x20, 0x20, 0x20, 0x20, 0x76, 0x65, 0x63, 0x32, 0x20, // );.        vec2 
	0x5f, 0x32, 0x33, 0x32, 0x34, 0x20, 0x3d, 0x20, 0x28, 0x28, 0x5f, 0x32, 0x33, 0x30, 0x37, 0x20, // _2324 = ((_2307 
	0x2a, 0x20, 0x75, 0x5f, 0x66, 0x73, 0x72, 0x65, 0x63, 0x6f, 0x6e, 0x73, 0x74, 0x72, 0x75, 0x63, // * u_fsreconstruc
	0x74, 0x69, 0x6f, 0x6e, 0x50, 0x61, 0x72, 0x61, 0x6d, 0x32, 0x2e, 0x77, 0x29, 0x20, 0x2d, 0x20, // tionParam2.w) - 
	0x76, 0x65, 0x63, 0x32, 0x28, 0x75, 0x5f, 0x66, 0x73, 0x72, 0x65, 0x63, 0x6f, 0x6e, 0x73, 0x74, // vec2(u_fsreconst
	0x72, 0x75, 0x63, 0x74, 0x69, 0x6f, 0x6e, 0x50, 0x61, 0x72, 0x61, 0x6d, 0x32, 0x2e, 0x79, 0x29, // ructionParam2.y)
	0x29, 0x20, 0x2f, 0x20, 0x28, 0x76, 0x65, 0x63, 0x32, 0x28, 0x75, 0x5f, 0x66, 0x73, 0x72, 0x65, // ) / (vec2(u_fsre
	0x63, 0x6f, 0x6e, 0x73, 0x74, 0x72, 0x75, 0x63, 0x74, 0x69, 0x6f, 0x6e, 0x50, 0x61, 0x72, 0x61, // constructionPara
	0x6d, 0x32, 0x2e, 0x78, 0x29, 0x20, 0x2d, 0x20, 0x28, 0x5f, 0x32, 0x33, 0x30, 0x37, 0x20, 0x2a, // m2.x) - (_2307 *
	0x20, 0x75, 0x5f, 0x66, 0x73, 0x72, 0x65, 0x63, 0x6f, 0x6e, 0x73, 0x74, 0x72, 0x75, 0x63, 0x74, //  u_fsreconstruct
	0x69, 0x6f, 0x6e, 0x50, 0x61, 0x72, 0x61, 0x6d, 0x32, 0x2e, 0x7a, 0x29, 0x29, 0x3b, 0x0a, 0x20, // ionParam2.z));. 
	0x20, 0x20, 0x20, 0x20, 0x20, 0x20, 0x20, 0x76, 0x65, 0x63, 0x32, 0x20, 0x5f, 0x32, 0x33, 0x33, //        vec2 _233
	0x30, 0x20, 0x3d, 0x20, 0x5f, 0x32, 0x33, 0x32, 0x34, 0x20, 0x2a, 0x20, 0x73, 0x69, 0x67, 0x6e, // 0 = _2324 * sign
	0x28, 0x5f, 0x32, 0x33, 0x32, 0x34, 0x2e, 0x78, 0x29, 0x3b, 0x0a, 0x20, 0x20, 0x20, 0x20, 0x20, // (_2324.x);.     
	0x20, 0x20, 0x20, 0x66, 0x6c, 0x6f, 0x61, 0x74, 0x20, 0x5f, 0x32, 0x33, 0x33, 0x34, 0x20, 0x3d, //    float _2334 =
	0x20, 0x5f, 0x32, 0x33, 0x33, 0x30, 0x2e, 0x79, 0x3b, 0x0a, 0x20, 0x20, 0x20, 0x20, 0x20, 0x20, //  _2330.y;.      
	0x20, 0x20, 0x5f, 0x32, 0x36, 0x36, 0x39, 0x20, 0x3d, 0x20, 0x76, 0x65, 0x63, 0x34, 0x28, 0x5f, //   _2669 = vec4(_
	0x31, 0x33, 0x36, 0x39, 0x2c, 0x20, 0x5f, 0x31, 0x33, 0x36, 0x37, 0x2e, 0x79, 0x7a, 0x2c, 0x20, // 1369, _1367.yz, 
	0x5f, 0x32, 0x36, 0x36, 0x38, 0x2e, 0x77, 0x20, 0x2a, 0x20, 0x6d, 0x69, 0x6e, 0x28, 0x6d, 0x61, // _2668.w * min(ma
	0x78, 0x28, 0x6d, 0x69, 0x6e, 0x28, 0x28, 0x5f, 0x32, 0x33, 0x33, 0x30, 0x2e, 0x78, 0x20, 0x2d, // x(min((_2330.x -
	0x20, 0x5f, 0x32, 0x33, 0x33, 0x34, 0x29, 0x20, 0x2f, 0x20, 0x75, 0x5f, 0x66, 0x73, 0x73, 0x6f, //  _2334) / u_fsso
	0x66, 0x74, 0x50, 0x61, 0x72, 0x74, 0x69, 0x63, 0x6c, 0x65, 0x50, 0x61, 0x72, 0x61, 0x6d, 0x2e, // ftParticleParam.
	0x78, 0x2c, 0x20, 0x28, 0x5f, 0x32, 0x33, 0x33, 0x34, 0x20, 0x2d, 0x20, 0x75, 0x5f, 0x66, 0x73, // x, (_2334 - u_fs
	0x73, 0x6f, 0x66, 0x74, 0x50, 0x61, 0x72, 0x74, 0x69, 0x63, 0x6c, 0x65, 0x50, 0x61, 0x72, 0x61, // softParticlePara
	0x6d, 0x2e, 0x7a, 0x29, 0x20, 0x2f, 0x20, 0x75, 0x5f, 0x66, 0x73, 0x73, 0x6f, 0x66, 0x74, 0x50, // m.z) / u_fssoftP
	0x61, 0x72, 0x74, 0x69, 0x63, 0x6c, 0x65, 0x50, 0x61, 0x72, 0x61, 0x6d, 0x2e, 0x79, 0x29, 0x2c, // articleParam.y),
	0x20, 0x30, 0x2e, 0x30, 0x29, 0x2c, 0x20, 0x31, 0x2e, 0x30, 0x29, 0x29, 0x3b, 0x0a, 0x20, 0x20, //  0.0), 1.0));.  
	0x20, 0x20, 0x7d, 0x0a, 0x20, 0x20, 0x20, 0x20, 0x65, 0x6c, 0x73, 0x65, 0x0a, 0x20, 0x20, 0x20, //   }.    else.   
	0x20, 0x7b, 0x0a, 0x20, 0x20, 0x20, 0x20, 0x20, 0x20, 0x20, 0x20, 0x5f, 0x32, 0x36, 0x36, 0x39, //  {.        _2669
	0x20, 0x3d, 0x20, 0x5f, 0x32, 0x35, 0x39, 0x38, 0x3b, 0x0a, 0x20, 0x20, 0x20, 0x20, 0x7d, 0x0a, //  = _2598;.    }.
	0x20, 0x20, 0x20, 0x20, 0x69, 0x66, 0x20, 0x28, 0x5f, 0x32, 0x36, 0x36, 0x39, 0x2e, 0x77, 0x20, //     if (_2669.w 
	0x3c, 0x3d, 0x20, 0x6d, 0x61, 0x78, 0x28, 0x30, 0x2e, 0x30, 0x2c, 0x20, 0x76, 0x5f, 0x55, 0x56, // <= max(0.0, v_UV
	0x5f, 0x4f, 0x74, 0x68, 0x65, 0x72, 0x73, 0x2e, 0x77, 0x29, 0x29, 0x0a, 0x20, 0x20, 0x20, 0x20, // _Others.w)).    
	0x7b, 0x0a, 0x20, 0x20, 0x20, 0x20, 0x20, 0x20, 0x20, 0x20, 0x64, 0x69, 0x73, 0x63, 0x61, 0x72, // {.        discar
	0x64, 0x3b, 0x0a, 0x20, 0x20, 0x20, 0x20, 0x7d, 0x0a, 0x20, 0x20, 0x20, 0x20, 0x76, 0x65, 0x63, // d;.    }.    vec
	0x33, 0x20, 0x5f, 0x31, 0x34, 0x35, 0x34, 0x20, 0x3d, 0x20, 0x6d, 0x69, 0x78, 0x28, 0x75, 0x5f, // 3 _1454 = mix(u_
	0x66, 0x73, 0x66, 0x45, 0x64, 0x67, 0x65, 0x43, 0x6f, 0x6c, 0x6f, 0x72, 0x2e, 0x78, 0x79, 0x7a, // fsfEdgeColor.xyz
	0x20, 0x2a, 0x20, 0x75, 0x5f, 0x66, 0x73, 0x66, 0x45, 0x64, 0x67, 0x65, 0x50, 0x61, 0x72, 0x61, //  * u_fsfEdgePara
	0x6d, 0x65, 0x74, 0x65, 0x72, 0x2e, 0x79, 0x2c, 0x20, 0x5f, 0x32, 0x36, 0x36, 0x39, 0x2e, 0x78, // meter.y, _2669.x
	0x79, 0x7a, 0x2c, 0x20, 0x76, 0x65, 0x63, 0x33, 0x28, 0x63, 0x65, 0x69, 0x6c, 0x28, 0x28, 0x5f, // yz, vec3(ceil((_
	0x32, 0x36, 0x36, 0x39, 0x2e, 0x77, 0x20, 0x2d, 0x20, 0x76, 0x5f, 0x55, 0x56, 0x5f, 0x4f, 0x74, // 2669.w - v_UV_Ot
	0x68, 0x65, 0x72, 0x73, 0x2e, 0x77, 0x29, 0x20, 0x2d, 0x20, 0x75, 0x5f, 0x66, 0x73, 0x66, 0x45, // hers.w) - u_fsfE
	0x64, 0x67, 0x65, 0x50, 0x61, 0x72, 0x61, 0x6d, 0x65, 0x74, 0x65, 0x72, 0x2e, 0x78, 0x29, 0x29, // dgeParameter.x))
	0x29, 0x3b, 0x0a, 0x20, 0x20, 0x20, 0x20, 0x76, 0x65, 0x63, 0x34, 0x20, 0x5f, 0x32, 0x36, 0x33, // );.    vec4 _263
	0x33, 0x20, 0x3d, 0x20, 0x5f, 0x32, 0x36, 0x36, 0x39, 0x3b, 0x0a, 0x20, 0x20, 0x20, 0x20, 0x5f, // 3 = _2669;.    _
	0x32, 0x36, 0x33, 0x33, 0x2e, 0x78, 0x20, 0x3d, 0x20, 0x5f, 0x31, 0x34, 0x35, 0x34, 0x2e, 0x78, // 2633.x = _1454.x
	0x3b, 0x0a, 0x20, 0x20, 0x20, 0x20, 0x5f, 0x32, 0x36, 0x33, 0x33, 0x2e, 0x79, 0x20, 0x3d, 0x20, // ;.    _2633.y = 
	0x5f, 0x31, 0x34, 0x35, 0x34, 0x2e, 0x79, 0x3b, 0x0a, 0x20, 0x20, 0x20, 0x20, 0x5f, 0x32, 0x36, // _1454.y;.    _26
	0x33, 0x33, 0x2e, 0x7a, 0x20, 0x3d, 0x20, 0x5f, 0x31, 0x34, 0x35, 0x34, 0x2e, 0x7a, 0x3b, 0x0a, // 33.z = _1454.z;.
	0x20, 0x20, 0x20, 0x20, 0x76, 0x65, 0x63, 0x34, 0x20, 0x5f, 0x32, 0x36, 0x37, 0x30, 0x3b, 0x0a, //     vec4 _2670;.
	0x20, 0x20, 0x20, 0x20, 0x64, 0x6f, 0x0a, 0x20, 0x20, 0x20, 0x20, 0x7b, 0x0a, 0x20, 0x20, 0x20, //     do.    {.   
	0x20, 0x20, 0x20, 0x20, 0x20, 0x69, 0x66, 0x20, 0x28, 0x5f, 0x31, 0x36, 0x33, 0x30, 0x29, 0x0a, //      if (_1630).
	0x20, 0x20, 0x20, 0x20, 0x20, 0x20, 0x20, 0x20, 0x7b, 0x0a, 0x20, 0x20, 0x20, 0x20, 0x20, 0x20, //         {.      
	0x20, 0x20, 0x20, 0x20, 0x20, 0x20, 0x5f, 0x32, 0x36, 0x37, 0x30, 0x20, 0x3d, 0x20, 0x5f, 0x32, //       _2670 = _2
	0x36, 0x33, 0x33, 0x3b, 0x0a, 0x20, 0x20, 0x20, 0x20, 0x20, 0x20, 0x20, 0x20, 0x20, 0x20, 0x20, // 633;.           
	0x20, 0x62, 0x72, 0x65, 0x61, 0x6b, 0x3b, 0x0a, 0x20, 0x20, 0x20, 0x20, 0x20, 0x20, 0x20, 0x20, //  break;.        
	0x7d, 0x0a, 0x20, 0x20, 0x20, 0x20, 0x20, 0x20, 0x20, 0x20, 0x5f, 0x32, 0x36, 0x37, 0x30, 0x20, // }.        _2670 
	0x3d, 0x20, 0x76, 0x65, 0x63, 0x34, 0x28, 0x6d, 0x69, 0x6e, 0x28, 0x5f, 0x32, 0x36, 0x33, 0x33, // = vec4(min(_2633
	0x2e, 0x78, 0x79, 0x7a, 0x2c, 0x20, 0x5f, 0x32, 0x36, 0x33, 0x33, 0x2e, 0x78, 0x79, 0x7a, 0x20, // .xyz, _2633.xyz 
	0x2a, 0x20, 0x28, 0x28, 0x5f, 0x32, 0x36, 0x33, 0x33, 0x2e, 0x78, 0x79, 0x7a, 0x20, 0x2a, 0x20, // * ((_2633.xyz * 
	0x28, 0x28, 0x5f, 0x32, 0x36, 0x33, 0x33, 0x2e, 0x78, 0x79, 0x7a, 0x20, 0x2a, 0x20, 0x30, 0x2e, // ((_2633.xyz * 0.
	0x33, 0x30, 0x35, 0x33, 0x30, 0x36, 0x30, 0x31, 0x37, 0x33, 0x39, 0x38, 0x38, 0x33, 0x34, 0x32, // 3053060173988342
	0x32, 0x38, 0x35, 0x31, 0x35, 0x36, 0x32, 0x35, 0x29, 0x20, 0x2b, 0x20, 0x76, 0x65, 0x63, 0x33, // 28515625) + vec3
	0x28, 0x30, 0x2e, 0x36, 0x38, 0x32, 0x31, 0x37, 0x31, 0x31, 0x30, 0x36, 0x33, 0x33, 0x38, 0x35, // (0.6821711063385
	0x30, 0x30, 0x39, 0x37, 0x36, 0x35, 0x36, 0x32, 0x35, 0x29, 0x29, 0x29, 0x20, 0x2b, 0x20, 0x76, // 009765625))) + v
	0x65, 0x63, 0x33, 0x28, 0x30, 0x2e, 0x30, 0x31, 0x32, 0x35, 0x32, 0x32, 0x38, 0x37, 0x38, 0x31, // ec3(0.0125228781
	0x32, 0x35, 0x33, 0x30, 0x39, 0x39, 0x34, 0x34, 0x31, 0x35, 0x32, 0x38, 0x33, 0x32, 0x30, 0x33, // 2530994415283203
	0x31, 0x32, 0x35, 0x29, 0x29, 0x29, 0x2c, 0x20, 0x5f, 0x32, 0x36, 0x36, 0x39, 0x2e, 0x77, 0x29, // 125))), _2669.w)
	0x3b, 0x0a, 0x20, 0x20, 0x20, 0x20, 0x20, 0x20, 0x20, 0x20, 0x62, 0x72, 0x65, 0x61, 0x6b, 0x3b, // ;.        break;
	0x0a, 0x20, 0x20, 0x20, 0x20, 0x7d, 0x20, 0x77, 0x68, 0x69, 0x6c, 0x65, 0x28, 0x66, 0x61, 0x6c, // .    } while(fal
	0x73, 0x65, 0x29, 0x3b, 0x0a, 0x20, 0x20, 0x20, 0x20, 0x62, 0x67, 0x66, 0x78, 0x5f, 0x46, 0x72, // se);.    bgfx_Fr
	0x61, 0x67, 0x43, 0x6f, 0x6c, 0x6f, 0x72, 0x20, 0x3d, 0x20, 0x5f, 0x32, 0x36, 0x37, 0x30, 0x3b, // agColor = _2670;
	0x0a, 0x7d, 0x0a, 0x0a, 0x00,                                                                   // .}...
};
static const uint8_t ad_model_unlit_ps_spv[15157] =
{
	0x46, 0x53, 0x48, 0x0c, 0xf6, 0x96, 0xa7, 0xb8, 0x00, 0x00, 0x00, 0x00, 0x00, 0x00, 0x00, 0x00, // FSH.............
	0x00, 0x00, 0x00, 0x00, 0x16, 0x00, 0x0d, 0x75, 0x5f, 0x66, 0x73, 0x6d, 0x69, 0x73, 0x63, 0x46, // .......u_fsmiscF
	0x6c, 0x61, 0x67, 0x73, 0x12, 0x01, 0xe0, 0x00, 0x01, 0x00, 0x00, 0x00, 0x00, 0x00, 0x1a, 0x75, // lags...........u
	0x5f, 0x66, 0x73, 0x66, 0x55, 0x56, 0x44, 0x69, 0x73, 0x74, 0x6f, 0x72, 0x74, 0x69, 0x6f, 0x6e, // _fsfUVDistortion
	0x50, 0x61, 0x72, 0x61, 0x6d, 0x65, 0x74, 0x65, 0x72, 0x12, 0x01, 0x10, 0x00, 0x01, 0x00, 0x00, // Parameter.......
	0x00, 0x00, 0x00, 0x16, 0x75, 0x5f, 0x66, 0x73, 0x66, 0x46, 0x6c, 0x69, 0x70, 0x62, 0x6f, 0x6f, // ....u_fsfFlipboo
	0x6b, 0x50, 0x61, 0x72, 0x61, 0x6d, 0x65, 0x74, 0x65, 0x72, 0x12, 0x01, 0x00, 0x00, 0x01, 0x00, // kParameter......
	0x00, 0x00, 0x00, 0x00, 0x1a, 0x75, 0x5f, 0x66, 0x73, 0x66, 0x42, 0x6c, 0x65, 0x6e, 0x64, 0x54, // .....u_fsfBlendT
	0x65, 0x78, 0x74, 0x75, 0x72, 0x65, 0x50, 0x61, 0x72, 0x61, 0x6d, 0x65, 0x74, 0x65, 0x72, 0x12, // extureParameter.
	0x01, 0x20, 0x00, 0x01, 0x00, 0x00, 0x00, 0x00, 0x00, 0x15, 0x75, 0x5f, 0x66, 0x73, 0x66, 0x46, // . ........u_fsfF
	0x61, 0x6c, 0x6c, 0x6f, 0x66, 0x66, 0x50, 0x61, 0x72, 0x61, 0x6d, 0x65, 0x74, 0x65, 0x72, 0x12, // alloffParameter.
	0x01, 0x40, 0x00, 0x01, 0x00, 0x00, 0x00, 0x00, 0x00, 0x19, 0x75, 0x5f, 0x66, 0x73, 0x66, 0x43, // .@........u_fsfC
	0x61, 0x6d, 0x65, 0x72, 0x61, 0x46, 0x72, 0x6f, 0x6e, 0x74, 0x44, 0x69, 0x72, 0x65, 0x63, 0x74, // ameraFrontDirect
	0x69, 0x6f, 0x6e, 0x12, 0x01, 0x30, 0x00, 0x01, 0x00, 0x00, 0x00, 0x00, 0x00, 0x14, 0x75, 0x5f, // ion..0........u_
	0x66, 0x73, 0x66, 0x46, 0x61, 0x6c, 0x6c, 0x6f, 0x66, 0x66, 0x45, 0x6e, 0x64, 0x43, 0x6f, 0x6c, // fsfFalloffEndCol
	0x6f, 0x72, 0x12, 0x01, 0x60, 0x00, 0x01, 0x00, 0x00, 0x00, 0x00, 0x00, 0x16, 0x75, 0x5f, 0x66, // or..`........u_f
	0x73, 0x66, 0x46, 0x61, 0x6c, 0x6c, 0x6f, 0x66, 0x66, 0x42, 0x65, 0x67, 0x69, 0x6e, 0x43, 0x6f, // sfFalloffBeginCo
	0x6c, 0x6f, 0x72, 0x12, 0x01, 0x50, 0x00, 0x01, 0x00, 0x00, 0x00, 0x00, 0x00, 0x14, 0x75, 0x5f, // lor..P........u_
	0x66, 0x73, 0x66, 0x45, 0x6d, 0x69, 0x73, 0x73, 0x69, 0x76, 0x65, 0x53, 0x63, 0x61, 0x6c, 0x69, // fsfEmissiveScali
	0x6e, 0x67, 0x12, 0x01, 0x70, 0x00, 0x01, 0x00, 0x00, 0x00, 0x00, 0x00, 0x13, 0x75, 0x5f, 0x66, // ng..p........u_f
	0x73, 0x6d, 0x55, 0x56, 0x49, 0x6e, 0x76, 0x65, 0x72, 0x73, 0x65, 0x64, 0x42, 0x61, 0x63, 0x6b, // smUVInversedBack
	0x12, 0x01, 0xd0, 0x00, 0x01, 0x00, 0x00, 0x00, 0x00, 0x00, 0x15, 0x75, 0x5f, 0x66, 0x73, 0x73, // ...........u_fss
	0x6f, 0x66, 0x74, 0x50, 0x61, 0x72, 0x74, 0x69, 0x63, 0x6c, 0x65, 0x50, 0x61, 0x72, 0x61, 0x6d, // oftParticleParam
	0x12, 0x01, 0xa0, 0x00, 0x01, 0x00, 0x00, 0x00, 0x00, 0x00, 0x18, 0x75, 0x5f, 0x66, 0x73, 0x72, // ...........u_fsr
	0x65, 0x63, 0x6f, 0x6e, 0x73, 0x74, 0x72, 0x75, 0x63, 0x74, 0x69, 0x6f, 0x6e, 0x50, 0x61, 0x72, // econstructionPar
	0x61, 0x6d, 0x31, 0x12, 0x01, 0xb0, 0x00, 0x01, 0x00, 0x00, 0x00, 0x00, 0x00, 0x18, 0x75, 0x5f, // am1...........u_
	0x66, 0x73, 0x72, 0x65, 0x63, 0x6f, 0x6e, 0x73, 0x74, 0x72, 0x75, 0x63, 0x74, 0x69, 0x6f, 0x6e, // fsreconstruction
	0x50, 0x61, 0x72, 0x61, 0x6d, 0x32, 0x12, 0x01, 0xc0, 0x00, 0x01, 0x00, 0x00, 0x00, 0x00, 0x00, // Param2..........
	0x0e, 0x75, 0x5f, 0x66, 0x73, 0x66, 0x45, 0x64, 0x67, 0x65, 0x43, 0x6f, 0x6c, 0x6f, 0x72, 0x12, // .u_fsfEdgeColor.
	0x01, 0x80, 0x00, 0x01, 0x00, 0x00, 0x00, 0x00, 0x00, 0x12, 0x75, 0x5f, 0x66, 0x73, 0x66, 0x45, // ..........u_fsfE
	0x64, 0x67, 0x65, 0x50, 0x61, 0x72, 0x61, 0x6d, 0x65, 0x74, 0x65, 0x72, 0x12, 0x01, 0x90, 0x00, // dgeParameter....
	0x01, 0x00, 0x00, 0x00, 0x00, 0x00, 0x11, 0x73, 0x5f, 0x75, 0x76, 0x44, 0x69, 0x73, 0x74, 0x6f, // .......s_uvDisto
	0x72, 0x74, 0x69, 0x6f, 0x6e, 0x54, 0x65, 0x78, 0x30, 0x00, 0x04, 0x00, 0x00, 0x00, 0x00, 0x02, // rtionTex0.......
	0x29, 0x00, 0x0a, 0x73, 0x5f, 0x63, 0x6f, 0x6c, 0x6f, 0x72, 0x54, 0x65, 0x78, 0x30, 0x00, 0x02, // )..s_colorTex0..
	0x00, 0x00, 0x00, 0x00, 0x02, 0x29, 0x00, 0x0a, 0x73, 0x5f, 0x61, 0x6c, 0x70, 0x68, 0x61, 0x54, // .....)..s_alphaT
	0x65, 0x78, 0x30, 0x00, 0x03, 0x00, 0x00, 0x00, 0x00, 0x02, 0x29, 0x00, 0x16, 0x73, 0x5f, 0x62, // ex0.......)..s_b
	0x6c, 0x65, 0x6e, 0x64, 0x55, 0x56, 0x44, 0x69, 0x73, 0x74, 0x6f, 0x72, 0x74, 0x69, 0x6f, 0x6e, // lendUVDistortion
	0x54, 0x65, 0x78, 0x30, 0x00, 0x07, 0x00, 0x00, 0x00, 0x00, 0x02, 0x29, 0x00, 0x0a, 0x73, 0x5f, // Tex0.......)..s_
	0x62, 0x6c, 0x65, 0x6e, 0x64, 0x54, 0x65, 0x78, 0x30, 0x00, 0x05, 0x00, 0x00, 0x00, 0x00, 0x02, // blendTex0.......
	0x29, 0x00, 0x0f, 0x73, 0x5f, 0x62, 0x6c, 0x65, 0x6e, 0x64, 0x41, 0x6c, 0x70, 0x68, 0x61, 0x54, // )..s_blendAlphaT
	0x65, 0x78, 0x30, 0x00, 0x06, 0x00, 0x00, 0x00, 0x00, 0x02, 0x29, 0x00, 0x0a, 0x73, 0x5f, 0x64, // ex0.......)..s_d
	0x65, 0x70, 0x74, 0x68, 0x54, 0x65, 0x78, 0x30, 0x00, 0x08, 0x00, 0x00, 0x00, 0x00, 0x02, 0x29, // epthTex0.......)
	0x00, 0x8c, 0x38, 0x00, 0x00, 0x03, 0x02, 0x23, 0x07, 0x00, 0x00, 0x01, 0x00, 0x0b, 0x00, 0x08, // ..8....#........
	0x00, 0xd9, 0x0b, 0x00, 0x00, 0x00, 0x00, 0x00, 0x00, 0x11, 0x00, 0x02, 0x00, 0x01, 0x00, 0x00, // ................
	0x00, 0x0b, 0x00, 0x06, 0x00, 0x01, 0x00, 0x00, 0x00, 0x47, 0x4c, 0x53, 0x4c, 0x2e, 0x73, 0x74, // .........GLSL.st
	0x64, 0x2e, 0x34, 0x35, 0x30, 0x00, 0x00, 0x00, 0x00, 0x0e, 0x00, 0x03, 0x00, 0x00, 0x00, 0x00, // d.450...........
	0x00, 0x01, 0x00, 0x00, 0x00, 0x0f, 0x00, 0x0d, 0x00, 0x04, 0x00, 0x00, 0x00, 0x04, 0x00, 0x00, // ................
	0x00, 0x6d, 0x61, 0x69, 0x6e, 0x00, 0x00, 0x00, 0x00, 0x7c, 0x04, 0x00, 0x00, 0x7f, 0x04, 0x00, // .main....|......
	0x00, 0x82, 0x04, 0x00, 0x00, 0x85, 0x04, 0x00, 0x00, 0x88, 0x04, 0x00, 0x00, 0x8b, 0x04, 0x00, // ................
	0x00, 0x8f, 0x04, 0x00, 0x00, 0xa6, 0x04, 0x00, 0x00, 0x10, 0x00, 0x03, 0x00, 0x04, 0x00, 0x00, // ................
	0x00, 0x07, 0x00, 0x00, 0x00, 0x03, 0x00, 0x03, 0x00, 0x05, 0x00, 0x00, 0x00, 0xf4, 0x01, 0x00, // ................
	0x00, 0x05, 0x00, 0x04, 0x00, 0x04, 0x00, 0x00, 0x00, 0x6d, 0x61, 0x69, 0x6e, 0x00, 0x00, 0x00, // .........main...
	0x00, 0x05, 0x00, 0x09, 0x00, 0x89, 0x00, 0x00, 0x00, 0x73, 0x5f, 0x75, 0x76, 0x44, 0x69, 0x73, // .........s_uvDis
	0x74, 0x6f, 0x72, 0x74, 0x69, 0x6f, 0x6e, 0x54, 0x65, 0x78, 0x53, 0x61, 0x6d, 0x70, 0x6c, 0x65, // tortionTexSample
	0x72, 0x00, 0x00, 0x00, 0x00, 0x05, 0x00, 0x09, 0x00, 0x8c, 0x00, 0x00, 0x00, 0x73, 0x5f, 0x75, // r............s_u
	0x76, 0x44, 0x69, 0x73, 0x74, 0x6f, 0x72, 0x74, 0x69, 0x6f, 0x6e, 0x54, 0x65, 0x78, 0x54, 0x65, // vDistortionTexTe
	0x78, 0x74, 0x75, 0x72, 0x65, 0x00, 0x00, 0x00, 0x00, 0x05, 0x00, 0x07, 0x00, 0x90, 0x00, 0x00, // xture...........
	0x00, 0x73, 0x5f, 0x63, 0x6f, 0x6c, 0x6f, 0x72, 0x54, 0x65, 0x78, 0x53, 0x61, 0x6d, 0x70, 0x6c, // .s_colorTexSampl
	0x65, 0x72, 0x00, 0x00, 0x00, 0x05, 0x00, 0x07, 0x00, 0x92, 0x00, 0x00, 0x00, 0x73, 0x5f, 0x63, // er...........s_c
	0x6f, 0x6c, 0x6f, 0x72, 0x54, 0x65, 0x78, 0x54, 0x65, 0x78, 0x74, 0x75, 0x72, 0x65, 0x00, 0x00, // olorTexTexture..
	0x00, 0x05, 0x00, 0x07, 0x00, 0x96, 0x00, 0x00, 0x00, 0x73, 0x5f, 0x61, 0x6c, 0x70, 0x68, 0x61, // .........s_alpha
	0x54, 0x65, 0x78, 0x53, 0x61, 0x6d, 0x70, 0x6c, 0x65, 0x72, 0x00, 0x00, 0x00, 0x05, 0x00, 0x07, // TexSampler......
	0x00, 0x98, 0x00, 0x00, 0x00, 0x73, 0x5f, 0x61, 0x6c, 0x70, 0x68, 0x61, 0x54, 0x65, 0x78, 0x54, // .....s_alphaTexT
	0x65, 0x78, 0x74, 0x75, 0x72, 0x65, 0x00, 0x00, 0x00, 0x05, 0x00, 0x0a, 0x00, 0x9c, 0x00, 0x00, // exture..........
	0x00, 0x73, 0x5f, 0x62, 0x6c, 0x65, 0x6e, 0x64, 0x55, 0x56, 0x44, 0x69, 0x73, 0x74, 0x6f, 0x72, // .s_blendUVDistor
	0x74, 0x69, 0x6f, 0x6e, 0x54, 0x65, 0x78, 0x53, 0x61, 0x6d, 0x70, 0x6c, 0x65, 0x72, 0x00, 0x00, // tionTexSampler..
	0x00, 0x05, 0x00, 0x0a, 0x00, 0x9e, 0x00, 0x00, 0x00, 0x73, 0x5f, 0x62, 0x6c, 0x65, 0x6e, 0x64, // .........s_blend
	0x55, 0x56, 0x44, 0x69, 0x73, 0x74, 0x6f, 0x72, 0x74, 0x69, 0x6f, 0x6e, 0x54, 0x65, 0x78, 0x54, // UVDistortionTexT
	0x65, 0x78, 0x74, 0x75, 0x72, 0x65, 0x00, 0x00, 0x00, 0x05, 0x00, 0x07, 0x00, 0xa2, 0x00, 0x00, // exture..........
	0x00, 0x73, 0x5f, 0x62, 0x6c, 0x65, 0x6e, 0x64, 0x54, 0x65, 0x78, 0x53, 0x61, 0x6d, 0x70, 0x6c, // .s_blendTexSampl
	0x65, 0x72, 0x00, 0x00, 0x00, 0x05, 0x00, 0x07, 0x00, 0xa4, 0x00, 0x00, 0x00, 0x73, 0x5f, 0x62, // er...........s_b
	0x6c, 0x65, 0x6e, 0x64, 0x54, 0x65, 0x78, 0x54, 0x65, 0x78, 0x74, 0x75, 0x72, 0x65, 0x00, 0x00, // lendTexTexture..
	0x00, 0x05, 0x00, 0x08, 0x00, 0xa8, 0x00, 0x00, 0x00, 0x73, 0x5f, 0x62, 0x6c, 0x65, 0x6e, 0x64, // .........s_blend
	0x41, 0x6c, 0x70, 0x68, 0x61, 0x54, 0x65, 0x78, 0x53, 0x61, 0x6d, 0x70, 0x6c, 0x65, 0x72, 0x00, // AlphaTexSampler.
	0x00, 0x05, 0x00, 0x08, 0x00, 0xaa, 0x00, 0x00, 0x00, 0x73, 0x5f, 0x62, 0x6c, 0x65, 0x6e, 0x64, // .........s_blend
	0x41, 0x6c, 0x70, 0x68, 0x61, 0x54, 0x65, 0x78, 0x54, 0x65, 0x78, 0x74, 0x75, 0x72, 0x65, 0x00, // AlphaTexTexture.
	0x00, 0x05, 0x00, 0x07, 0x00, 0xae, 0x00, 0x00, 0x00, 0x73, 0x5f, 0x64, 0x65, 0x70, 0x74, 0x68, // .........s_depth
	0x54, 0x65, 0x78, 0x53, 0x61, 0x6d, 0x70, 0x6c, 0x65, 0x72, 0x00, 0x00, 0x00, 0x05, 0x00, 0x07, // TexSampler......
	0x00, 0xb0, 0x00, 0x00, 0x00, 0x73, 0x5f, 0x64, 0x65, 0x70, 0x74, 0x68, 0x54, 0x65, 0x78, 0x54, // .....s_depthTexT
	0x65, 0x78, 0x74, 0x75, 0x72, 0x65, 0x00, 0x00, 0x00, 0x05, 0x00, 0x06, 0x00, 0xa2, 0x02, 0x00, // exture..........
	0x00, 0x55, 0x6e, 0x69, 0x66, 0x6f, 0x72, 0x6d, 0x42, 0x6c, 0x6f, 0x63, 0x6b, 0x00, 0x00, 0x00, // .UniformBlock...
	0x00, 0x06, 0x00, 0x09, 0x00, 0xa2, 0x02, 0x00, 0x00, 0x00, 0x00, 0x00, 0x00, 0x75, 0x5f, 0x66, // .............u_f
	0x73, 0x66, 0x46, 0x6c, 0x69, 0x70, 0x62, 0x6f, 0x6f, 0x6b, 0x50, 0x61, 0x72, 0x61, 0x6d, 0x65, // sfFlipbookParame
	0x74, 0x65, 0x72, 0x00, 0x00, 0x06, 0x00, 0x0a, 0x00, 0xa2, 0x02, 0x00, 0x00, 0x01, 0x00, 0x00, // ter.............
	0x00, 0x75, 0x5f, 0x66, 0x73, 0x66, 0x55, 0x56, 0x44, 0x69, 0x73, 0x74, 0x6f, 0x72, 0x74, 0x69, // .u_fsfUVDistorti
	0x6f, 0x6e, 0x50, 0x61, 0x72, 0x61, 0x6d, 0x65, 0x74, 0x65, 0x72, 0x00, 0x00, 0x06, 0x00, 0x0a, // onParameter.....
	0x00, 0xa2, 0x02, 0x00, 0x00, 0x02, 0x00, 0x00, 0x00, 0x75, 0x5f, 0x66, 0x73, 0x66, 0x42, 0x6c, // .........u_fsfBl
	0x65, 0x6e, 0x64, 0x54, 0x65, 0x78, 0x74, 0x75, 0x72, 0x65, 0x50, 0x61, 0x72, 0x61, 0x6d, 0x65, // endTextureParame
	0x74, 0x65, 0x72, 0x00, 0x00, 0x06, 0x00, 0x0a, 0x00, 0xa2, 0x02, 0x00, 0x00, 0x03, 0x00, 0x00, // ter.............
	0x00, 0x75, 0x5f, 0x66, 0x73, 0x66, 0x43, 0x61, 0x6d, 0x65, 0x72, 0x61, 0x46, 0x72, 0x6f, 0x6e, // .u_fsfCameraFron
	0x74, 0x44, 0x69, 0x72, 0x65, 0x63, 0x74, 0x69, 0x6f, 0x6e, 0x00, 0x00, 0x00, 0x06, 0x00, 0x09, // tDirection......
	0x00, 0xa2, 0x02, 0x00, 0x00, 0x04, 0x00, 0x00, 0x00, 0x75, 0x5f, 0x66, 0x73, 0x66, 0x46, 0x61, // .........u_fsfFa
	0x6c, 0x6c, 0x6f, 0x66, 0x66, 0x50, 0x61, 0x72, 0x61, 0x6d, 0x65, 0x74, 0x65, 0x72, 0x00, 0x00, // lloffParameter..
	0x00, 0x06, 0x00, 0x09, 0x00, 0xa2, 0x02, 0x00, 0x00, 0x05, 0x00, 0x00, 0x00, 0x75, 0x5f, 0x66, // .............u_f
	0x73, 0x66, 0x46, 0x61, 0x6c, 0x6c, 0x6f, 0x66, 0x66, 0x42, 0x65, 0x67, 0x69, 0x6e, 0x43, 0x6f, // sfFalloffBeginCo
	0x6c, 0x6f, 0x72, 0x00, 0x00, 0x06, 0x00, 0x09, 0x00, 0xa2, 0x02, 0x00, 0x00, 0x06, 0x00, 0x00, // lor.............
	0x00, 0x75, 0x5f, 0x66, 0x73, 0x66, 0x46, 0x61, 0x6c, 0x6c, 0x6f, 0x66, 0x66, 0x45, 0x6e, 0x64, // .u_fsfFalloffEnd
	0x43, 0x6f, 0x6c, 0x6f, 0x72, 0x00, 0x00, 0x00, 0x00, 0x06, 0x00, 0x09, 0x00, 0xa2, 0x02, 0x00, // Color...........
	0x00, 0x07, 0x00, 0x00, 0x00, 0x75, 0x5f, 0x66, 0x73, 0x66, 0x45, 0x6d, 0x69, 0x73, 0x73, 0x69, // .....u_fsfEmissi
	0x76, 0x65, 0x53, 0x63, 0x61, 0x6c, 0x69, 0x6e, 0x67, 0x00, 0x00, 0x00, 0x00, 0x06, 0x00, 0x07, // veScaling.......
	0x00, 0xa2, 0x02, 0x00, 0x00, 0x08, 0x00, 0x00, 0x00, 0x75, 0x5f, 0x66, 0x73, 0x66, 0x45, 0x64, // .........u_fsfEd
	0x67, 0x65, 0x43, 0x6f, 0x6c, 0x6f, 0x72, 0x00, 0x00, 0x06, 0x00, 0x08, 0x00, 0xa2, 0x02, 0x00, // geColor.........
	0x00, 0x09, 0x00, 0x00, 0x00, 0x75, 0x5f, 0x66, 0x73, 0x66, 0x45, 0x64, 0x67, 0x65, 0x50, 0x61, // .....u_fsfEdgePa
	0x72, 0x61, 0x6d, 0x65, 0x74, 0x65, 0x72, 0x00, 0x00, 0x06, 0x00, 0x09, 0x00, 0xa2, 0x02, 0x00, // rameter.........
	0x00, 0x0a, 0x00, 0x00, 0x00, 0x75, 0x5f, 0x66, 0x73, 0x73, 0x6f, 0x66, 0x74, 0x50, 0x61, 0x72, // .....u_fssoftPar
	0x74, 0x69, 0x63, 0x6c, 0x65, 0x50, 0x61, 0x72, 0x61, 0x6d, 0x00, 0x00, 0x00, 0x06, 0x00, 0x0a, // ticleParam......
	0x00, 0xa2, 0x02, 0x00, 0x00, 0x0b, 0x00, 0x00, 0x00, 0x75, 0x5f, 0x66, 0x73, 0x72, 0x65, 0x63, // .........u_fsrec
	0x6f, 0x6e, 0x73, 0x74, 0x72, 0x75, 0x63, 0x74, 0x69, 0x6f, 0x6e, 0x50, 0x61, 0x72, 0x61, 0x6d, // onstructionParam
	0x31, 0x00, 0x00, 0x00, 0x00, 0x06, 0x00, 0x0a, 0x00, 0xa2, 0x02, 0x00, 0x00, 0x0c, 0x00, 0x00, // 1...............
	0x00, 0x75, 0x5f, 0x66, 0x73, 0x72, 0x65, 0x63, 0x6f, 0x6e, 0x73, 0x74, 0x72, 0x75, 0x63, 0x74, // .u_fsreconstruct
	0x69, 0x6f, 0x6e, 0x50, 0x61, 0x72, 0x61, 0x6d, 0x32, 0x00, 0x00, 0x00, 0x00, 0x06, 0x00, 0x08, // ionParam2.......
	0x00, 0xa2, 0x02, 0x00, 0x00, 0x0d, 0x00, 0x00, 0x00, 0x75, 0x5f, 0x66, 0x73, 0x6d, 0x55, 0x56, // .........u_fsmUV
	0x49, 0x6e, 0x76, 0x65, 0x72, 0x73, 0x65, 0x64, 0x42, 0x61, 0x63, 0x6b, 0x00, 0x06, 0x00, 0x07, // InversedBack....
	0x00, 0xa2, 0x02, 0x00, 0x00, 0x0e, 0x00, 0x00, 0x00, 0x75, 0x5f, 0x66, 0x73, 0x6d, 0x69, 0x73, // .........u_fsmis
	0x63, 0x46, 0x6c, 0x61, 0x67, 0x73, 0x00, 0x00, 0x00, 0x05, 0x00, 0x03, 0x00, 0xa4, 0x02, 0x00, // cFlags..........
	0x00, 0x00, 0x00, 0x00, 0x00, 0x05, 0x00, 0x06, 0x00, 0x7c, 0x04, 0x00, 0x00, 0x76, 0x5f, 0x41, // .........|...v_A
	0x6c, 0x70, 0x68, 0x61, 0x5f, 0x44, 0x69, 0x73, 0x74, 0x5f, 0x55, 0x56, 0x00, 0x05, 0x00, 0x08, // lpha_Dist_UV....
	0x00, 0x7f, 0x04, 0x00, 0x00, 0x76, 0x5f, 0x42, 0x6c, 0x65, 0x6e, 0x64, 0x5f, 0x41, 0x6c, 0x70, // .....v_Blend_Alp
	0x68, 0x61, 0x5f, 0x44, 0x69, 0x73, 0x74, 0x5f, 0x55, 0x56, 0x00, 0x00, 0x00, 0x05, 0x00, 0x08, // ha_Dist_UV......
	0x00, 0x82, 0x04, 0x00, 0x00, 0x76, 0x5f, 0x42, 0x6c, 0x65, 0x6e, 0x64, 0x5f, 0x46, 0x42, 0x4e, // .....v_Blend_FBN
	0x65, 0x78, 0x74, 0x49, 0x6e, 0x64, 0x65, 0x78, 0x5f, 0x55, 0x56, 0x00, 0x00, 0x05, 0x00, 0x04, // extIndex_UV.....
	0x00, 0x85, 0x04, 0x00, 0x00, 0x76, 0x5f, 0x43, 0x6f, 0x6c, 0x6f, 0x72, 0x00, 0x05, 0x00, 0x04, // .....v_Color....
	0x00, 0x88, 0x04, 0x00, 0x00, 0x76, 0x5f, 0x50, 0x6f, 0x73, 0x50, 0x00, 0x00, 0x05, 0x00, 0x05, // .....v_PosP.....
	0x00, 0x8b, 0x04, 0x00, 0x00, 0x76, 0x5f, 0x55, 0x56, 0x5f, 0x4f, 0x74, 0x68, 0x65, 0x72, 0x73, // .....v_UV_Others
	0x00, 0x05, 0x00, 0x05, 0x00, 0x8f, 0x04, 0x00, 0x00, 0x76, 0x5f, 0x57, 0x6f, 0x72, 0x6c, 0x64, // .........v_World
	0x4e, 0x00, 0x00, 0x00, 0x00, 0x05, 0x00, 0x06, 0x00, 0xa6, 0x04, 0x00, 0x00, 0x62, 0x67, 0x66, // N............bgf
	0x78, 0x5f, 0x46, 0x72, 0x61, 0x67, 0x44, 0x61, 0x74, 0x61, 0x30, 0x00, 0x00, 0x47, 0x00, 0x04, // x_FragData0..G..
	0x00, 0x89, 0x00, 0x00, 0x00, 0x21, 0x00, 0x00, 0x00, 0x14, 0x00, 0x00, 0x00, 0x47, 0x00, 0x04, // .....!.......G..
	0x00, 0x89, 0x00, 0x00, 0x00, 0x22, 0x00, 0x00, 0x00, 0x00, 0x00, 0x00, 0x00, 0x47, 0x00, 0x04, // .....".......G..
	0x00, 0x8c, 0x00, 0x00, 0x00, 0x21, 0x00, 0x00, 0x00, 0x04, 0x00, 0x00, 0x00, 0x47, 0x00, 0x04, // .....!.......G..
	0x00, 0x8c, 0x00, 0x00, 0x00, 0x22, 0x00, 0x00, 0x00, 0x00, 0x00, 0x00, 0x00, 0x47, 0x00, 0x04, // .....".......G..
	0x00, 0x90, 0x00, 0x00, 0x00, 0x21, 0x00, 0x00, 0x00, 0x12, 0x00, 0x00, 0x00, 0x47, 0x00, 0x04, // .....!.......G..
	0x00, 0x90, 0x00, 0x00, 0x00, 0x22, 0x00, 0x00, 0x00, 0x00, 0x00, 0x00, 0x00, 0x47, 0x00, 0x04, // .....".......G..
	0x00, 0x92, 0x00, 0x00, 0x00, 0x21, 0x00, 0x00, 0x00, 0x02, 0x00, 0x00, 0x00, 0x47, 0x00, 0x04, // .....!.......G..
	0x00, 0x92, 0x00, 0x00, 0x00, 0x22, 0x00, 0x00, 0x00, 0x00, 0x00, 0x00, 0x00, 0x47, 0x00, 0x04, // .....".......G..
	0x00, 0x96, 0x00, 0x00, 0x00, 0x21, 0x00, 0x00, 0x00, 0x13, 0x00, 0x00, 0x00, 0x47, 0x00, 0x04, // .....!.......G..
	0x00, 0x96, 0x00, 0x00, 0x00, 0x22, 0x00, 0x00, 0x00, 0x00, 0x00, 0x00, 0x00, 0x47, 0x00, 0x04, // .....".......G..
	0x00, 0x98, 0x00, 0x00, 0x00, 0x21, 0x00, 0x00, 0x00, 0x03, 0x00, 0x00, 0x00, 0x47, 0x00, 0x04, // .....!.......G..
	0x00, 0x98, 0x00, 0x00, 0x00, 0x22, 0x00, 0x00, 0x00, 0x00, 0x00, 0x00, 0x00, 0x47, 0x00, 0x04, // .....".......G..
	0x00, 0x9c, 0x00, 0x00, 0x00, 0x21, 0x00, 0x00, 0x00, 0x17, 0x00, 0x00, 0x00, 0x47, 0x00, 0x04, // .....!.......G..
	0x00, 0x9c, 0x00, 0x00, 0x00, 0x22, 0x00, 0x00, 0x00, 0x00, 0x00, 0x00, 0x00, 0x47, 0x00, 0x04, // .....".......G..
	0x00, 0x9e, 0x00, 0x00, 0x00, 0x21, 0x00, 0x00, 0x00, 0x07, 0x00, 0x00, 0x00, 0x47, 0x00, 0x04, // .....!.......G..
	0x00, 0x9e, 0x00, 0x00, 0x00, 0x22, 0x00, 0x00, 0x00, 0x00, 0x00, 0x00, 0x00, 0x47, 0x00, 0x04, // .....".......G..
	0x00, 0xa2, 0x00, 0x00, 0x00, 0x21, 0x00, 0x00, 0x00, 0x15, 0x00, 0x00, 0x00, 0x47, 0x00, 0x04, // .....!.......G..
	0x00, 0xa2, 0x00, 0x00, 0x00, 0x22, 0x00, 0x00, 0x00, 0x00, 0x00, 0x00, 0x00, 0x47, 0x00, 0x04, // .....".......G..
	0x00, 0xa4, 0x00, 0x00, 0x00, 0x21, 0x00, 0x00, 0x00, 0x05, 0x00, 0x00, 0x00, 0x47, 0x00, 0x04, // .....!.......G..
	0x00, 0xa4, 0x00, 0x00, 0x00, 0x22, 0x00, 0x00, 0x00, 0x00, 0x00, 0x00, 0x00, 0x47, 0x00, 0x04, // .....".......G..
	0x00, 0xa8, 0x00, 0x00, 0x00, 0x21, 0x00, 0x00, 0x00, 0x16, 0x00, 0x00, 0x00, 0x47, 0x00, 0x04, // .....!.......G..
	0x00, 0xa8, 0x00, 0x00, 0x00, 0x22, 0x00, 0x00, 0x00, 0x00, 0x00, 0x00, 0x00, 0x47, 0x00, 0x04, // .....".......G..
	0x00, 0xaa, 0x00, 0x00, 0x00, 0x21, 0x00, 0x00, 0x00, 0x06, 0x00, 0x00, 0x00, 0x47, 0x00, 0x04, // .....!.......G..
	0x00, 0xaa, 0x00, 0x00, 0x00, 0x22, 0x00, 0x00, 0x00, 0x00, 0x00, 0x00, 0x00, 0x47, 0x00, 0x04, // .....".......G..
	0x00, 0xae, 0x00, 0x00, 0x00, 0x21, 0x00, 0x00, 0x00, 0x18, 0x00, 0x00, 0x00, 0x47, 0x00, 0x04, // .....!.......G..
	0x00, 0xae, 0x00, 0x00, 0x00, 0x22, 0x00, 0x00, 0x00, 0x00, 0x00, 0x00, 0x00, 0x47, 0x00, 0x04, // .....".......G..
	0x00, 0xb0, 0x00, 0x00, 0x00, 0x21, 0x00, 0x00, 0x00, 0x08, 0x00, 0x00, 0x00, 0x47, 0x00, 0x04, // .....!.......G..
	0x00, 0xb0, 0x00, 0x00, 0x00, 0x22, 0x00, 0x00, 0x00, 0x00, 0x00, 0x00, 0x00, 0x47, 0x00, 0x03, // .....".......G..
	0x00, 0xa2, 0x02, 0x00, 0x00, 0x02, 0x00, 0x00, 0x00, 0x48, 0x00, 0x05, 0x00, 0xa2, 0x02, 0x00, // .........H......
	0x00, 0x00, 0x00, 0x00, 0x00, 0x23, 0x00, 0x00, 0x00, 0x00, 0x00, 0x00, 0x00, 0x48, 0x00, 0x05, // .....#.......H..
	0x00, 0xa2, 0x02, 0x00, 0x00, 0x01, 0x00, 0x00, 0x00, 0x23, 0x00, 0x00, 0x00, 0x10, 0x00, 0x00, // .........#......
	0x00, 0x48, 0x00, 0x05, 0x00, 0xa2, 0x02, 0x00, 0x00, 0x02, 0x00, 0x00, 0x00, 0x23, 0x00, 0x00, // .H...........#..
	0x00, 0x20, 0x00, 0x00, 0x00, 0x48, 0x00, 0x05, 0x00, 0xa2, 0x02, 0x00, 0x00, 0x03, 0x00, 0x00, // . ...H..........
	0x00, 0x23, 0x00, 0x00, 0x00, 0x30, 0x00, 0x00, 0x00, 0x48, 0x00, 0x05, 0x00, 0xa2, 0x02, 0x00, // .#...0...H......
	0x00, 0x04, 0x00, 0x00, 0x00, 0x23, 0x00, 0x00, 0x00, 0x40, 0x00, 0x00, 0x00, 0x48, 0x00, 0x05, // .....#...@...H..
	0x00, 0xa2, 0x02, 0x00, 0x00, 0x05, 0x00, 0x00, 0x00, 0x23, 0x00, 0x00, 0x00, 0x50, 0x00, 0x00, // .........#...P..
	0x00, 0x48, 0x00, 0x05, 0x00, 0xa2, 0x02, 0x00, 0x00, 0x06, 0x00, 0x00, 0x00, 0x23, 0x00, 0x00, // .H...........#..
	0x00, 0x60, 0x00, 0x00, 0x00, 0x48, 0x00, 0x05, 0x00, 0xa2, 0x02, 0x00, 0x00, 0x07, 0x00, 0x00, // .`...H..........
	0x00, 0x23, 0x00, 0x00, 0x00, 0x70, 0x00, 0x00, 0x00, 0x48, 0x00, 0x05, 0x00, 0xa2, 0x02, 0x00, // .#...p...H......
	0x00, 0x08, 0x00, 0x00, 0x00, 0x23, 0x00, 0x00, 0x00, 0x80, 0x00, 0x00, 0x00, 0x48, 0x00, 0x05, // .....#.......H..
	0x00, 0xa2, 0x02, 0x00, 0x00, 0x09, 0x00, 0x00, 0x00, 0x23, 0x00, 0x00, 0x00, 0x90, 0x00, 0x00, // .........#......
	0x00, 0x48, 0x00, 0x05, 0x00, 0xa2, 0x02, 0x00, 0x00, 0x0a, 0x00, 0x00, 0x00, 0x23, 0x00, 0x00, // .H...........#..
	0x00, 0xa0, 0x00, 0x00, 0x00, 0x48, 0x00, 0x05, 0x00, 0xa2, 0x02, 0x00, 0x00, 0x0b, 0x00, 0x00, // .....H..........
	0x00, 0x23, 0x00, 0x00, 0x00, 0xb0, 0x00, 0x00, 0x00, 0x48, 0x00, 0x05, 0x00, 0xa2, 0x02, 0x00, // .#.......H......
	0x00, 0x0c, 0x00, 0x00, 0x00, 0x23, 0x00, 0x00, 0x00, 0xc0, 0x00, 0x00, 0x00, 0x48, 0x00, 0x05, // .....#.......H..
	0x00, 0xa2, 0x02, 0x00, 0x00, 0x0d, 0x00, 0x00, 0x00, 0x23, 0x00, 0x00, 0x00, 0xd0, 0x00, 0x00, // .........#......
	0x00, 0x48, 0x00, 0x05, 0x00, 0xa2, 0x02, 0x00, 0x00, 0x0e, 0x00, 0x00, 0x00, 0x23, 0x00, 0x00, // .H...........#..
	0x00, 0xe0, 0x00, 0x00, 0x00, 0x47, 0x00, 0x04, 0x00, 0xa4, 0x02, 0x00, 0x00, 0x21, 0x00, 0x00, // .....G.......!..
	0x00, 0x01, 0x00, 0x00, 0x00, 0x47, 0x00, 0x04, 0x00, 0xa4, 0x02, 0x00, 0x00, 0x22, 0x00, 0x00, // .....G......."..
	0x00, 0x00, 0x00, 0x00, 0x00, 0x47, 0x00, 0x04, 0x00, 0x7c, 0x04, 0x00, 0x00, 0x1e, 0x00, 0x00, // .....G...|......
	0x00, 0x00, 0x00, 0x00, 0x00, 0x47, 0x00, 0x04, 0x00, 0x7f, 0x04, 0x00, 0x00, 0x1e, 0x00, 0x00, // .....G..........
	0x00, 0x01, 0x00, 0x00, 0x00, 0x47, 0x00, 0x04, 0x00, 0x82, 0x04, 0x00, 0x00, 0x1e, 0x00, 0x00, // .....G..........
	0x00, 0x02, 0x00, 0x00, 0x00, 0x47, 0x00, 0x04, 0x00, 0x85, 0x04, 0x00, 0x00, 0x1e, 0x00, 0x00, // .....G..........
	0x00, 0x03, 0x00, 0x00, 0x00, 0x47, 0x00, 0x04, 0x00, 0x88, 0x04, 0x00, 0x00, 0x1e, 0x00, 0x00, // .....G..........
	0x00, 0x04, 0x00, 0x00, 0x00, 0x47, 0x00, 0x04, 0x00, 0x8b, 0x04, 0x00, 0x00, 0x1e, 0x00, 0x00, // .....G..........
	0x00, 0x05, 0x00, 0x00, 0x00, 0x47, 0x00, 0x04, 0x00, 0x8f, 0x04, 0x00, 0x00, 0x1e, 0x00, 0x00, // .....G..........
	0x00, 0x06, 0x00, 0x00, 0x00, 0x47, 0x00, 0x04, 0x00, 0xa6, 0x04, 0x00, 0x00, 0x1e, 0x00, 0x00, // .....G..........
	0x00, 0x00, 0x00, 0x00, 0x00, 0x13, 0x00, 0x02, 0x00, 0x02, 0x00, 0x00, 0x00, 0x21, 0x00, 0x03, // .............!..
	0x00, 0x03, 0x00, 0x00, 0x00, 0x02, 0x00, 0x00, 0x00, 0x1a, 0x00, 0x02, 0x00, 0x06, 0x00, 0x00, // ................
	0x00, 0x16, 0x00, 0x03, 0x00, 0x07, 0x00, 0x00, 0x00, 0x20, 0x00, 0x00, 0x00, 0x19, 0x00, 0x09, // ......... ......
	0x00, 0x08, 0x00, 0x00, 0x00, 0x07, 0x00, 0x00, 0x00, 0x01, 0x00, 0x00, 0x00, 0x00, 0x00, 0x00, // ................
	0x00, 0x00, 0x00, 0x00, 0x00, 0x00, 0x00, 0x00, 0x00, 0x01, 0x00, 0x00, 0x00, 0x00, 0x00, 0x00, // ................
	0x00, 0x17, 0x00, 0x04, 0x00, 0x0b, 0x00, 0x00, 0x00, 0x07, 0x00, 0x00, 0x00, 0x02, 0x00, 0x00, // ................
	0x00, 0x17, 0x00, 0x04, 0x00, 0x0d, 0x00, 0x00, 0x00, 0x07, 0x00, 0x00, 0x00, 0x04, 0x00, 0x00, // ................
	0x00, 0x17, 0x00, 0x04, 0x00, 0x13, 0x00, 0x00, 0x00, 0x07, 0x00, 0x00, 0x00, 0x03, 0x00, 0x00, // ................
	0x00, 0x14, 0x00, 0x02, 0x00, 0x43, 0x00, 0x00, 0x00, 0x20, 0x00, 0x04, 0x00, 0x88, 0x00, 0x00, // .....C... ......
	0x00, 0x00, 0x00, 0x00, 0x00, 0x06, 0x00, 0x00, 0x00, 0x3b, 0x00, 0x04, 0x00, 0x88, 0x00, 0x00, // .........;......
	0x00, 0x89, 0x00, 0x00, 0x00, 0x00, 0x00, 0x00, 0x00, 0x20, 0x00, 0x04, 0x00, 0x8b, 0x00, 0x00, // ......... ......
	0x00, 0x00, 0x00, 0x00, 0x00, 0x08, 0x00, 0x00, 0x00, 0x3b, 0x00, 0x04, 0x00, 0x8b, 0x00, 0x00, // .........;......
	0x00, 0x8c, 0x00, 0x00, 0x00, 0x00, 0x00, 0x00, 0x00, 0x3b, 0x00, 0x04, 0x00, 0x88, 0x00, 0x00, // .........;......
	0x00, 0x90, 0x00, 0x00, 0x00, 0x00, 0x00, 0x00, 0x00, 0x3b, 0x00, 0x04, 0x00, 0x8b, 0x00, 0x00, // .........;......
	0x00, 0x92, 0x00, 0x00, 0x00, 0x00, 0x00, 0x00, 0x00, 0x3b, 0x00, 0x04, 0x00, 0x88, 0x00, 0x00, // .........;......
	0x00, 0x96, 0x00, 0x00, 0x00, 0x00, 0x00, 0x00, 0x00, 0x3b, 0x00, 0x04, 0x00, 0x8b, 0x00, 0x00, // .........;......
	0x00, 0x98, 0x00, 0x00, 0x00, 0x00, 0x00, 0x00, 0x00, 0x3b, 0x00, 0x04, 0x00, 0x88, 0x00, 0x00, // .........;......
	0x00, 0x9c, 0x00, 0x00, 0x00, 0x00, 0x00, 0x00, 0x00, 0x3b, 0x00, 0x04, 0x00, 0x8b, 0x00, 0x00, // .........;......
	0x00, 0x9e, 0x00, 0x00, 0x00, 0x00, 0x00, 0x00, 0x00, 0x3b, 0x00, 0x04, 0x00, 0x88, 0x00, 0x00, // .........;......
	0x00, 0xa2, 0x00, 0x00, 0x00, 0x00, 0x00, 0x00, 0x00, 0x3b, 0x00, 0x04, 0x00, 0x8b, 0x00, 0x00, // .........;......
	0x00, 0xa4, 0x00, 0x00, 0x00, 0x00, 0x00, 0x00, 0x00, 0x3b, 0x00, 0x04, 0x00, 0x88, 0x00, 0x00, // .........;......
	0x00, 0xa8, 0x00, 0x00, 0x00, 0x00, 0x00, 0x00, 0x00, 0x3b, 0x00, 0x04, 0x00, 0x8b, 0x00, 0x00, // .........;......
	0x00, 0xaa, 0x00, 0x00, 0x00, 0x00, 0x00, 0x00, 0x00, 0x3b, 0x00, 0x04, 0x00, 0x88, 0x00, 0x00, // .........;......
	0x00, 0xae, 0x00, 0x00, 0x00, 0x00, 0x00, 0x00, 0x00, 0x3b, 0x00, 0x04, 0x00, 0x8b, 0x00, 0x00, // .........;......
	0x00, 0xb0, 0x00, 0x00, 0x00, 0x00, 0x00, 0x00, 0x00, 0x15, 0x00, 0x04, 0x00, 0xb3, 0x00, 0x00, // ................
	0x00, 0x20, 0x00, 0x00, 0x00, 0x01, 0x00, 0x00, 0x00, 0x2b, 0x00, 0x04, 0x00, 0xb3, 0x00, 0x00, // . .......+......
	0x00, 0xb4, 0x00, 0x00, 0x00, 0x01, 0x00, 0x00, 0x00, 0x2b, 0x00, 0x04, 0x00, 0xb3, 0x00, 0x00, // .........+......
	0x00, 0xb8, 0x00, 0x00, 0x00, 0x00, 0x00, 0x00, 0x00, 0x1b, 0x00, 0x03, 0x00, 0xbc, 0x00, 0x00, // ................
	0x00, 0x08, 0x00, 0x00, 0x00, 0x2b, 0x00, 0x04, 0x00, 0xb3, 0x00, 0x00, 0x00, 0xdc, 0x00, 0x00, // .....+..........
	0x00, 0x04, 0x00, 0x00, 0x00, 0x2b, 0x00, 0x04, 0x00, 0xb3, 0x00, 0x00, 0x00, 0xe5, 0x00, 0x00, // .....+..........
	0x00, 0x02, 0x00, 0x00, 0x00, 0x2b, 0x00, 0x04, 0x00, 0xb3, 0x00, 0x00, 0x00, 0xe6, 0x00, 0x00, // .....+..........
	0x00, 0x06, 0x00, 0x00, 0x00, 0x2b, 0x00, 0x04, 0x00, 0xb3, 0x00, 0x00, 0x00, 0xeb, 0x00, 0x00, // .....+..........
	0x00, 0x03, 0x00, 0x00, 0x00, 0x2b, 0x00, 0x04, 0x00, 0xb3, 0x00, 0x00, 0x00, 0xec, 0x00, 0x00, // .....+..........
	0x00, 0x05, 0x00, 0x00, 0x00, 0x15, 0x00, 0x04, 0x00, 0xf9, 0x00, 0x00, 0x00, 0x20, 0x00, 0x00, // ............. ..
	0x00, 0x00, 0x00, 0x00, 0x00, 0x2b, 0x00, 0x04, 0x00, 0xf9, 0x00, 0x00, 0x00, 0xfa, 0x00, 0x00, // .....+..........
	0x00, 0x02, 0x00, 0x00, 0x00, 0x2b, 0x00, 0x04, 0x00, 0xb3, 0x00, 0x00, 0x00, 0xfe, 0x00, 0x00, // .....+..........
	0x00, 0x07, 0x00, 0x00, 0x00, 0x2b, 0x00, 0x04, 0x00, 0xf9, 0x00, 0x00, 0x00, 0xff, 0x00, 0x00, // .....+..........
	0x00, 0x03, 0x00, 0x00, 0x00, 0x2b, 0x00, 0x04, 0x00, 0x07, 0x00, 0x00, 0x00, 0x08, 0x01, 0x00, // .....+..........
	0x00, 0x00, 0x00, 0x00, 0x34, 0x2b, 0x00, 0x04, 0x00, 0x07, 0x00, 0x00, 0x00, 0x13, 0x01, 0x00, // ....4+..........
	0x00, 0x55, 0x55, 0xd5, 0x3e, 0x2b, 0x00, 0x04, 0x00, 0x07, 0x00, 0x00, 0x00, 0x1b, 0x01, 0x00, // .UU.>+..........
	0x00, 0x3d, 0x0a, 0x87, 0x3f, 0x2b, 0x00, 0x04, 0x00, 0x07, 0x00, 0x00, 0x00, 0x1d, 0x01, 0x00, // .=..?+..........
	0x00, 0xae, 0x47, 0x61, 0x3d, 0x2b, 0x00, 0x04, 0x00, 0x07, 0x00, 0x00, 0x00, 0x21, 0x01, 0x00, // ..Ga=+.......!..
	0x00, 0x00, 0x00, 0x00, 0x00, 0x2b, 0x00, 0x04, 0x00, 0x07, 0x00, 0x00, 0x00, 0x57, 0x01, 0x00, // .....+.......W..
	0x00, 0x00, 0x00, 0x00, 0x40, 0x2b, 0x00, 0x04, 0x00, 0x07, 0x00, 0x00, 0x00, 0x59, 0x01, 0x00, // ....@+.......Y..
	0x00, 0x00, 0x00, 0x80, 0x3f, 0x2b, 0x00, 0x04, 0x00, 0x07, 0x00, 0x00, 0x00, 0x5d, 0x01, 0x00, // ....?+.......]..
	0x00, 0x00, 0x00, 0x80, 0xbf, 0x2b, 0x00, 0x04, 0x00, 0xf9, 0x00, 0x00, 0x00, 0x5e, 0x01, 0x00, // .....+.......^..
	0x00, 0x01, 0x00, 0x00, 0x00, 0x2b, 0x00, 0x04, 0x00, 0xf9, 0x00, 0x00, 0x00, 0x63, 0x01, 0x00, // .....+.......c..
	0x00, 0x00, 0x00, 0x00, 0x00, 0x2b, 0x00, 0x04, 0x00, 0x07, 0x00, 0x00, 0x00, 0x12, 0x02, 0x00, // .....+..........
	0x00, 0x00, 0x00, 0x40, 0x40, 0x2b, 0x00, 0x04, 0x00, 0x07, 0x00, 0x00, 0x00, 0x77, 0x02, 0x00, // ...@@+.......w..
	0x00, 0x12, 0x51, 0x9c, 0x3e, 0x2b, 0x00, 0x04, 0x00, 0x07, 0x00, 0x00, 0x00, 0x79, 0x02, 0x00, // ..Q.>+.......y..
	0x00, 0xc4, 0xa2, 0x2e, 0x3f, 0x2b, 0x00, 0x04, 0x00, 0x07, 0x00, 0x00, 0x00, 0x7e, 0x02, 0x00, // ....?+.......~..
	0x00, 0xc2, 0x2c, 0x4d, 0x3c, 0x1e, 0x00, 0x11, 0x00, 0xa2, 0x02, 0x00, 0x00, 0x0d, 0x00, 0x00, // ..,M<...........
	0x00, 0x0d, 0x00, 0x00, 0x00, 0x0d, 0x00, 0x00, 0x00, 0x0d, 0x00, 0x00, 0x00, 0x0d, 0x00, 0x00, // ................
	0x00, 0x0d, 0x00, 0x00, 0x00, 0x0d, 0x00, 0x00, 0x00, 0x0d, 0x00, 0x00, 0x00, 0x0d, 0x00, 0x00, // ................
	0x00, 0x0d, 0x00, 0x00, 0x00, 0x0d, 0x00, 0x00, 0x00, 0x0d, 0x00, 0x00, 0x00, 0x0d, 0x00, 0x00, // ................
	0x00, 0x0d, 0x00, 0x00, 0x00, 0x0d, 0x00, 0x00, 0x00, 0x20, 0x00, 0x04, 0x00, 0xa3, 0x02, 0x00, // ......... ......
	0x00, 0x02, 0x00, 0x00, 0x00, 0xa2, 0x02, 0x00, 0x00, 0x3b, 0x00, 0x04, 0x00, 0xa3, 0x02, 0x00, // .........;......
	0x00, 0xa4, 0x02, 0x00, 0x00, 0x02, 0x00, 0x00, 0x00, 0x2b, 0x00, 0x04, 0x00, 0xb3, 0x00, 0x00, // .........+......
	0x00, 0xa5, 0x02, 0x00, 0x00, 0x0e, 0x00, 0x00, 0x00, 0x20, 0x00, 0x04, 0x00, 0xa6, 0x02, 0x00, // ......... ......
	0x00, 0x02, 0x00, 0x00, 0x00, 0x07, 0x00, 0x00, 0x00, 0x20, 0x00, 0x04, 0x00, 0xb4, 0x02, 0x00, // ......... ......
	0x00, 0x02, 0x00, 0x00, 0x00, 0x0d, 0x00, 0x00, 0x00, 0x2b, 0x00, 0x04, 0x00, 0xb3, 0x00, 0x00, // .........+......
	0x00, 0xed, 0x03, 0x00, 0x00, 0x0d, 0x00, 0x00, 0x00, 0x2b, 0x00, 0x04, 0x00, 0xb3, 0x00, 0x00, // .........+......
	0x00, 0xf7, 0x03, 0x00, 0x00, 0x0a, 0x00, 0x00, 0x00, 0x2b, 0x00, 0x04, 0x00, 0xb3, 0x00, 0x00, // .........+......
	0x00, 0x0d, 0x04, 0x00, 0x00, 0x0b, 0x00, 0x00, 0x00, 0x2b, 0x00, 0x04, 0x00, 0xb3, 0x00, 0x00, // .........+......
	0x00, 0x11, 0x04, 0x00, 0x00, 0x0c, 0x00, 0x00, 0x00, 0x2b, 0x00, 0x04, 0x00, 0xb3, 0x00, 0x00, // .........+......
	0x00, 0x32, 0x04, 0x00, 0x00, 0x08, 0x00, 0x00, 0x00, 0x2b, 0x00, 0x04, 0x00, 0xb3, 0x00, 0x00, // .2.......+......
	0x00, 0x36, 0x04, 0x00, 0x00, 0x09, 0x00, 0x00, 0x00, 0x20, 0x00, 0x04, 0x00, 0x78, 0x04, 0x00, // .6....... ...x..
	0x00, 0x01, 0x00, 0x00, 0x00, 0x0d, 0x00, 0x00, 0x00, 0x3b, 0x00, 0x04, 0x00, 0x78, 0x04, 0x00, // .........;...x..
	0x00, 0x7c, 0x04, 0x00, 0x00, 0x01, 0x00, 0x00, 0x00, 0x3b, 0x00, 0x04, 0x00, 0x78, 0x04, 0x00, // .|.......;...x..
	0x00, 0x7f, 0x04, 0x00, 0x00, 0x01, 0x00, 0x00, 0x00, 0x3b, 0x00, 0x04, 0x00, 0x78, 0x04, 0x00, // .........;...x..
	0x00, 0x82, 0x04, 0x00, 0x00, 0x01, 0x00, 0x00, 0x00, 0x3b, 0x00, 0x04, 0x00, 0x78, 0x04, 0x00, // .........;...x..
	0x00, 0x85, 0x04, 0x00, 0x00, 0x01, 0x00, 0x00, 0x00, 0x3b, 0x00, 0x04, 0x00, 0x78, 0x04, 0x00, // .........;...x..
	0x00, 0x88, 0x04, 0x00, 0x00, 0x01, 0x00, 0x00, 0x00, 0x3b, 0x00, 0x04, 0x00, 0x78, 0x04, 0x00, // .........;...x..
	0x00, 0x8b, 0x04, 0x00, 0x00, 0x01, 0x00, 0x00, 0x00, 0x20, 0x00, 0x04, 0x00, 0x8e, 0x04, 0x00, // ......... ......
	0x00, 0x01, 0x00, 0x00, 0x00, 0x13, 0x00, 0x00, 0x00, 0x3b, 0x00, 0x04, 0x00, 0x8e, 0x04, 0x00, // .........;......
	0x00, 0x8f, 0x04, 0x00, 0x00, 0x01, 0x00, 0x00, 0x00, 0x20, 0x00, 0x04, 0x00, 0xa5, 0x04, 0x00, // ......... ......
	0x00, 0x03, 0x00, 0x00, 0x00, 0x0d, 0x00, 0x00, 0x00, 0x3b, 0x00, 0x04, 0x00, 0xa5, 0x04, 0x00, // .........;......
	0x00, 0xa6, 0x04, 0x00, 0x00, 0x03, 0x00, 0x00, 0x00, 0x2c, 0x00, 0x05, 0x00, 0x0b, 0x00, 0x00, // .........,......
	0x00, 0x23, 0x0b, 0x00, 0x00, 0x59, 0x01, 0x00, 0x00, 0x59, 0x01, 0x00, 0x00, 0x2c, 0x00, 0x06, // .#...Y...Y...,..
	0x00, 0x13, 0x00, 0x00, 0x00, 0x24, 0x0b, 0x00, 0x00, 0x13, 0x01, 0x00, 0x00, 0x13, 0x01, 0x00, // .....$..........
	0x00, 0x13, 0x01, 0x00, 0x00, 0x2c, 0x00, 0x06, 0x00, 0x13, 0x00, 0x00, 0x00, 0x25, 0x0b, 0x00, // .....,.......%..
	0x00, 0x08, 0x01, 0x00, 0x00, 0x08, 0x01, 0x00, 0x00, 0x08, 0x01, 0x00, 0x00, 0x2c, 0x00, 0x06, // .............,..
	0x00, 0x13, 0x00, 0x00, 0x00, 0x26, 0x0b, 0x00, 0x00, 0x1d, 0x01, 0x00, 0x00, 0x1d, 0x01, 0x00, // .....&..........
	0x00, 0x1d, 0x01, 0x00, 0x00, 0x2c, 0x00, 0x06, 0x00, 0x13, 0x00, 0x00, 0x00, 0x27, 0x0b, 0x00, // .....,.......'..
	0x00, 0x21, 0x01, 0x00, 0x00, 0x21, 0x01, 0x00, 0x00, 0x21, 0x01, 0x00, 0x00, 0x2c, 0x00, 0x06, // .!...!...!...,..
	0x00, 0x13, 0x00, 0x00, 0x00, 0x29, 0x0b, 0x00, 0x00, 0x79, 0x02, 0x00, 0x00, 0x79, 0x02, 0x00, // .....)...y...y..
	0x00, 0x79, 0x02, 0x00, 0x00, 0x2c, 0x00, 0x06, 0x00, 0x13, 0x00, 0x00, 0x00, 0x2a, 0x0b, 0x00, // .y...,.......*..
	0x00, 0x7e, 0x02, 0x00, 0x00, 0x7e, 0x02, 0x00, 0x00, 0x7e, 0x02, 0x00, 0x00, 0x2b, 0x00, 0x04, // .~...~...~...+..
	0x00, 0x07, 0x00, 0x00, 0x00, 0x2b, 0x0b, 0x00, 0x00, 0x00, 0x00, 0x00, 0x3f, 0x2c, 0x00, 0x05, // .....+......?,..
	0x00, 0x0b, 0x00, 0x00, 0x00, 0x2c, 0x0b, 0x00, 0x00, 0x2b, 0x0b, 0x00, 0x00, 0x2b, 0x0b, 0x00, // .....,...+...+..
	0x00, 0x20, 0x00, 0x04, 0x00, 0x2d, 0x0b, 0x00, 0x00, 0x01, 0x00, 0x00, 0x00, 0x07, 0x00, 0x00, // . ...-..........
	0x00, 0x01, 0x00, 0x03, 0x00, 0x07, 0x00, 0x00, 0x00, 0x2e, 0x0b, 0x00, 0x00, 0x01, 0x00, 0x03, // ................
	0x00, 0x07, 0x00, 0x00, 0x00, 0xd8, 0x0b, 0x00, 0x00, 0x36, 0x00, 0x05, 0x00, 0x02, 0x00, 0x00, // .........6......
	0x00, 0x04, 0x00, 0x00, 0x00, 0x00, 0x00, 0x00, 0x00, 0x03, 0x00, 0x00, 0x00, 0xf8, 0x00, 0x02, // ................
	0x00, 0x05, 0x00, 0x00, 0x00, 0x3d, 0x00, 0x04, 0x00, 0x06, 0x00, 0x00, 0x00, 0x8a, 0x00, 0x00, // .....=..........
	0x00, 0x89, 0x00, 0x00, 0x00, 0x3d, 0x00, 0x04, 0x00, 0x08, 0x00, 0x00, 0x00, 0x8d, 0x00, 0x00, // .....=..........
	0x00, 0x8c, 0x00, 0x00, 0x00, 0x3d, 0x00, 0x04, 0x00, 0x06, 0x00, 0x00, 0x00, 0x91, 0x00, 0x00, // .....=..........
	0x00, 0x90, 0x00, 0x00, 0x00, 0x3d, 0x00, 0x04, 0x00, 0x08, 0x00, 0x00, 0x00, 0x93, 0x00, 0x00, // .....=..........
	0x00, 0x92, 0x00, 0x00, 0x00, 0x3d, 0x00, 0x04, 0x00, 0x06, 0x00, 0x00, 0x00, 0x97, 0x00, 0x00, // .....=..........
	0x00, 0x96, 0x00, 0x00, 0x00, 0x3d, 0x00, 0x04, 0x00, 0x08, 0x00, 0x00, 0x00, 0x99, 0x00, 0x00, // .....=..........
	0x00, 0x98, 0x00, 0x00, 0x00, 0x3d, 0x00, 0x04, 0x00, 0x06, 0x00, 0x00, 0x00, 0x9d, 0x00, 0x00, // .....=..........
	0x00, 0x9c, 0x00, 0x00, 0x00, 0x3d, 0x00, 0x04, 0x00, 0x08, 0x00, 0x00, 0x00, 0x9f, 0x00, 0x00, // .....=..........
	0x00, 0x9e, 0x00, 0x00, 0x00, 0x3d, 0x00, 0x04, 0x00, 0x06, 0x00, 0x00, 0x00, 0xa3, 0x00, 0x00, // .....=..........
	0x00, 0xa2, 0x00, 0x00, 0x00, 0x3d, 0x00, 0x04, 0x00, 0x08, 0x00, 0x00, 0x00, 0xa5, 0x00, 0x00, // .....=..........
	0x00, 0xa4, 0x00, 0x00, 0x00, 0x3d, 0x00, 0x04, 0x00, 0x06, 0x00, 0x00, 0x00, 0xa9, 0x00, 0x00, // .....=..........
	0x00, 0xa8, 0x00, 0x00, 0x00, 0x3d, 0x00, 0x04, 0x00, 0x08, 0x00, 0x00, 0x00, 0xab, 0x00, 0x00, // .....=..........
	0x00, 0xaa, 0x00, 0x00, 0x00, 0x3d, 0x00, 0x04, 0x00, 0x06, 0x00, 0x00, 0x00, 0xaf, 0x00, 0x00, // .....=..........
	0x00, 0xae, 0x00, 0x00, 0x00, 0x3d, 0x00, 0x04, 0x00, 0x08, 0x00, 0x00, 0x00, 0xb1, 0x00, 0x00, // .....=..........
	0x00, 0xb0, 0x00, 0x00, 0x00, 0x3d, 0x00, 0x04, 0x00, 0x0d, 0x00, 0x00, 0x00, 0x7d, 0x04, 0x00, // .....=.......}..
	0x00, 0x7c, 0x04, 0x00, 0x00, 0x3d, 0x00, 0x04, 0x00, 0x0d, 0x00, 0x00, 0x00, 0x80, 0x04, 0x00, // .|...=..........
	0x00, 0x7f, 0x04, 0x00, 0x00, 0x3d, 0x00, 0x04, 0x00, 0x0d, 0x00, 0x00, 0x00, 0x83, 0x04, 0x00, // .....=..........
	0x00, 0x82, 0x04, 0x00, 0x00, 0x3d, 0x00, 0x04, 0x00, 0x0d, 0x00, 0x00, 0x00, 0x86, 0x04, 0x00, // .....=..........
	0x00, 0x85, 0x04, 0x00, 0x00, 0x3d, 0x00, 0x04, 0x00, 0x0d, 0x00, 0x00, 0x00, 0x89, 0x04, 0x00, // .....=..........
	0x00, 0x88, 0x04, 0x00, 0x00, 0x3d, 0x00, 0x04, 0x00, 0x0d, 0x00, 0x00, 0x00, 0x8c, 0x04, 0x00, // .....=..........
	0x00, 0x8b, 0x04, 0x00, 0x00, 0x3d, 0x00, 0x04, 0x00, 0x13, 0x00, 0x00, 0x00, 0x90, 0x04, 0x00, // .....=..........
	0x00, 0x8f, 0x04, 0x00, 0x00, 0x41, 0x00, 0x06, 0x00, 0xa6, 0x02, 0x00, 0x00, 0x50, 0x05, 0x00, // .....A.......P..
	0x00, 0xa4, 0x02, 0x00, 0x00, 0xa5, 0x02, 0x00, 0x00, 0x63, 0x01, 0x00, 0x00, 0x3d, 0x00, 0x04, // .........c...=..
	0x00, 0x07, 0x00, 0x00, 0x00, 0x51, 0x05, 0x00, 0x00, 0x50, 0x05, 0x00, 0x00, 0xb7, 0x00, 0x05, // .....Q...P......
	0x00, 0x43, 0x00, 0x00, 0x00, 0x52, 0x05, 0x00, 0x00, 0x51, 0x05, 0x00, 0x00, 0x21, 0x01, 0x00, // .C...R...Q...!..
	0x00, 0x4f, 0x00, 0x07, 0x00, 0x0b, 0x00, 0x00, 0x00, 0x9d, 0x06, 0x00, 0x00, 0x7d, 0x04, 0x00, // .O...........}..
	0x00, 0x7d, 0x04, 0x00, 0x00, 0x00, 0x00, 0x00, 0x00, 0x01, 0x00, 0x00, 0x00, 0x4f, 0x00, 0x07, // .}...........O..
	0x00, 0x0b, 0x00, 0x00, 0x00, 0xa1, 0x06, 0x00, 0x00, 0x7d, 0x04, 0x00, 0x00, 0x7d, 0x04, 0x00, // .........}...}..
	0x00, 0x02, 0x00, 0x00, 0x00, 0x03, 0x00, 0x00, 0x00, 0x4f, 0x00, 0x07, 0x00, 0x0b, 0x00, 0x00, // .........O......
	0x00, 0xa5, 0x06, 0x00, 0x00, 0x83, 0x04, 0x00, 0x00, 0x83, 0x04, 0x00, 0x00, 0x00, 0x00, 0x00, // ................
	0x00, 0x01, 0x00, 0x00, 0x00, 0x4f, 0x00, 0x07, 0x00, 0x0b, 0x00, 0x00, 0x00, 0xa9, 0x06, 0x00, // .....O..........
	0x00, 0x80, 0x04, 0x00, 0x00, 0x80, 0x04, 0x00, 0x00, 0x00, 0x00, 0x00, 0x00, 0x01, 0x00, 0x00, // ................
	0x00, 0x4f, 0x00, 0x07, 0x00, 0x0b, 0x00, 0x00, 0x00, 0xad, 0x06, 0x00, 0x00, 0x80, 0x04, 0x00, // .O..............
	0x00, 0x80, 0x04, 0x00, 0x00, 0x02, 0x00, 0x00, 0x00, 0x03, 0x00, 0x00, 0x00, 0x4f, 0x00, 0x07, // .............O..
	0x00, 0x0b, 0x00, 0x00, 0x00, 0xb1, 0x06, 0x00, 0x00, 0x83, 0x04, 0x00, 0x00, 0x83, 0x04, 0x00, // ................
	0x00, 0x02, 0x00, 0x00, 0x00, 0x03, 0x00, 0x00, 0x00, 0x41, 0x00, 0x05, 0x00, 0x2d, 0x0b, 0x00, // .........A...-..
	0x00, 0xe4, 0x0a, 0x00, 0x00, 0x8b, 0x04, 0x00, 0x00, 0xfa, 0x00, 0x00, 0x00, 0x3d, 0x00, 0x04, // .............=..
	0x00, 0x07, 0x00, 0x00, 0x00, 0xb4, 0x06, 0x00, 0x00, 0xe4, 0x0a, 0x00, 0x00, 0x41, 0x00, 0x05, // .............A..
	0x00, 0x2d, 0x0b, 0x00, 0x00, 0xe5, 0x0a, 0x00, 0x00, 0x8b, 0x04, 0x00, 0x00, 0xff, 0x00, 0x00, // .-..............
	0x00, 0x3d, 0x00, 0x04, 0x00, 0x07, 0x00, 0x00, 0x00, 0xb7, 0x06, 0x00, 0x00, 0xe5, 0x0a, 0x00, // .=..............
	0x00, 0x41, 0x00, 0x05, 0x00, 0xb4, 0x02, 0x00, 0x00, 0x58, 0x05, 0x00, 0x00, 0xa4, 0x02, 0x00, // .A.......X......
	0x00, 0xb4, 0x00, 0x00, 0x00, 0x3d, 0x00, 0x04, 0x00, 0x0d, 0x00, 0x00, 0x00, 0x59, 0x05, 0x00, // .....=.......Y..
	0x00, 0x58, 0x05, 0x00, 0x00, 0x56, 0x00, 0x05, 0x00, 0xbc, 0x00, 0x00, 0x00, 0xe9, 0x06, 0x00, // .X...V..........
	0x00, 0x8d, 0x00, 0x00, 0x00, 0x8a, 0x00, 0x00, 0x00, 0x57, 0x00, 0x05, 0x00, 0x0d, 0x00, 0x00, // .........W......
	0x00, 0xeb, 0x06, 0x00, 0x00, 0xe9, 0x06, 0x00, 0x00, 0xa1, 0x06, 0x00, 0x00, 0xf7, 0x00, 0x03, // ................
	0x00, 0xcf, 0x06, 0x00, 0x00, 0x00, 0x00, 0x00, 0x00, 0xfa, 0x00, 0x04, 0x00, 0x52, 0x05, 0x00, // .............R..
	0x00, 0xc9, 0x06, 0x00, 0x00, 0xcf, 0x06, 0x00, 0x00, 0xf8, 0x00, 0x02, 0x00, 0xc9, 0x06, 0x00, // ................
	0x00, 0xf7, 0x00, 0x03, 0x00, 0xfb, 0x06, 0x00, 0x00, 0x00, 0x00, 0x00, 0x00, 0xfb, 0x00, 0x03, // ................
	0x00, 0x63, 0x01, 0x00, 0x00, 0xf2, 0x06, 0x00, 0x00, 0xf8, 0x00, 0x02, 0x00, 0xf2, 0x06, 0x00, // .c..............
	0x00, 0xa8, 0x00, 0x04, 0x00, 0x43, 0x00, 0x00, 0x00, 0xf4, 0x06, 0x00, 0x00, 0x52, 0x05, 0x00, // .....C.......R..
	0x00, 0xf7, 0x00, 0x03, 0x00, 0xf7, 0x06, 0x00, 0x00, 0x00, 0x00, 0x00, 0x00, 0xfa, 0x00, 0x04, // ................
	0x00, 0xf4, 0x06, 0x00, 0x00, 0xf5, 0x06, 0x00, 0x00, 0xf7, 0x06, 0x00, 0x00, 0xf8, 0x00, 0x02, // ................
	0x00, 0xf5, 0x06, 0x00, 0x00, 0xf9, 0x00, 0x02, 0x00, 0xfb, 0x06, 0x00, 0x00, 0xf8, 0x00, 0x02, // ................
	0x00, 0xf7, 0x06, 0x00, 0x00, 0x4f, 0x00, 0x08, 0x00, 0x13, 0x00, 0x00, 0x00, 0x02, 0x07, 0x00, // .....O..........
	0x00, 0xeb, 0x06, 0x00, 0x00, 0xeb, 0x06, 0x00, 0x00, 0x00, 0x00, 0x00, 0x00, 0x01, 0x00, 0x00, // ................
	0x00, 0x02, 0x00, 0x00, 0x00, 0x0c, 0x00, 0x06, 0x00, 0x13, 0x00, 0x00, 0x00, 0x26, 0x07, 0x00, // .............&..
	0x00, 0x01, 0x00, 0x00, 0x00, 0x04, 0x00, 0x00, 0x00, 0x02, 0x07, 0x00, 0x00, 0x0c, 0x00, 0x07, // ................
	0x00, 0x13, 0x00, 0x00, 0x00, 0x28, 0x07, 0x00, 0x00, 0x01, 0x00, 0x00, 0x00, 0x28, 0x00, 0x00, // .....(.......(..
	0x00, 0x26, 0x07, 0x00, 0x00, 0x25, 0x0b, 0x00, 0x00, 0x0c, 0x00, 0x07, 0x00, 0x13, 0x00, 0x00, // .&...%..........
	0x00, 0x2a, 0x07, 0x00, 0x00, 0x01, 0x00, 0x00, 0x00, 0x1a, 0x00, 0x00, 0x00, 0x28, 0x07, 0x00, // .*...........(..
	0x00, 0x24, 0x0b, 0x00, 0x00, 0x8e, 0x00, 0x05, 0x00, 0x13, 0x00, 0x00, 0x00, 0x19, 0x07, 0x00, // .$..............
	0x00, 0x2a, 0x07, 0x00, 0x00, 0x1b, 0x01, 0x00, 0x00, 0x83, 0x00, 0x05, 0x00, 0x13, 0x00, 0x00, // .*..............
	0x00, 0x1b, 0x07, 0x00, 0x00, 0x19, 0x07, 0x00, 0x00, 0x26, 0x0b, 0x00, 0x00, 0x0c, 0x00, 0x07, // .........&......
	0x00, 0x13, 0x00, 0x00, 0x00, 0x1d, 0x07, 0x00, 0x00, 0x01, 0x00, 0x00, 0x00, 0x28, 0x00, 0x00, // .............(..
	0x00, 0x1b, 0x07, 0x00, 0x00, 0x27, 0x0b, 0x00, 0x00, 0x51, 0x00, 0x05, 0x00, 0x07, 0x00, 0x00, // .....'...Q......
	0x00, 0x07, 0x07, 0x00, 0x00, 0x1d, 0x07, 0x00, 0x00, 0x00, 0x00, 0x00, 0x00, 0x51, 0x00, 0x05, // .............Q..
	0x00, 0x07, 0x00, 0x00, 0x00, 0x08, 0x07, 0x00, 0x00, 0x1d, 0x07, 0x00, 0x00, 0x01, 0x00, 0x00, // ................
	0x00, 0x50, 0x00, 0x07, 0x00, 0x0d, 0x00, 0x00, 0x00, 0x0a, 0x07, 0x00, 0x00, 0x07, 0x07, 0x00, // .P..............
	0x00, 0x08, 0x07, 0x00, 0x00, 0x2e, 0x0b, 0x00, 0x00, 0x2e, 0x0b, 0x00, 0x00, 0xf9, 0x00, 0x02, // ................
	0x00, 0xfb, 0x06, 0x00, 0x00, 0xf8, 0x00, 0x02, 0x00, 0xfb, 0x06, 0x00, 0x00, 0xf5, 0x00, 0x07, // ................
	0x00, 0x0d, 0x00, 0x00, 0x00, 0x14, 0x0b, 0x00, 0x00, 0xeb, 0x06, 0x00, 0x00, 0xf5, 0x06, 0x00, // ................
	0x00, 0x0a, 0x07, 0x00, 0x00, 0xf7, 0x06, 0x00, 0x00, 0xf9, 0x00, 0x02, 0x00, 0xcf, 0x06, 0x00, // ................
	0x00, 0xf8, 0x00, 0x02, 0x00, 0xcf, 0x06, 0x00, 0x00, 0xf5, 0x00, 0x07, 0x00, 0x0d, 0x00, 0x00, // ................
	0x00, 0x15, 0x0b, 0x00, 0x00, 0xeb, 0x06, 0x00, 0x00, 0x05, 0x00, 0x00, 0x00, 0x14, 0x0b, 0x00, // ................
	0x00, 0xfb, 0x06, 0x00, 0x00, 0x4f, 0x00, 0x07, 0x00, 0x0b, 0x00, 0x00, 0x00, 0xd1, 0x06, 0x00, // .....O..........
	0x00, 0x15, 0x0b, 0x00, 0x00, 0x15, 0x0b, 0x00, 0x00, 0x00, 0x00, 0x00, 0x00, 0x01, 0x00, 0x00, // ................
	0x00, 0x8e, 0x00, 0x05, 0x00, 0x0b, 0x00, 0x00, 0x00, 0xd2, 0x06, 0x00, 0x00, 0xd1, 0x06, 0x00, // ................
	0x00, 0x57, 0x01, 0x00, 0x00, 0x83, 0x00, 0x05, 0x00, 0x0b, 0x00, 0x00, 0x00, 0xd4, 0x06, 0x00, // .W..............
	0x00, 0xd2, 0x06, 0x00, 0x00, 0x23, 0x0b, 0x00, 0x00, 0x51, 0x00, 0x05, 0x00, 0x07, 0x00, 0x00, // .....#...Q......
	0x00, 0xd6, 0x06, 0x00, 0x00, 0xd4, 0x06, 0x00, 0x00, 0x01, 0x00, 0x00, 0x00, 0x85, 0x00, 0x05, // ................
	0x00, 0x07, 0x00, 0x00, 0x00, 0xd7, 0x06, 0x00, 0x00, 0xd6, 0x06, 0x00, 0x00, 0x5d, 0x01, 0x00, // .............]..
	0x00, 0x51, 0x00, 0x05, 0x00, 0x07, 0x00, 0x00, 0x00, 0xda, 0x06, 0x00, 0x00, 0x59, 0x05, 0x00, // .Q...........Y..
	0x00, 0x02, 0x00, 0x00, 0x00, 0x51, 0x00, 0x05, 0x00, 0x07, 0x00, 0x00, 0x00, 0xdc, 0x06, 0x00, // .....Q..........
	0x00, 0x59, 0x05, 0x00, 0x00, 0x03, 0x00, 0x00, 0x00, 0x85, 0x00, 0x05, 0x00, 0x07, 0x00, 0x00, // .Y..............
	0x00, 0xdf, 0x06, 0x00, 0x00, 0xdc, 0x06, 0x00, 0x00, 0xd7, 0x06, 0x00, 0x00, 0x81, 0x00, 0x05, // ................
	0x00, 0x07, 0x00, 0x00, 0x00, 0xe0, 0x06, 0x00, 0x00, 0xda, 0x06, 0x00, 0x00, 0xdf, 0x06, 0x00, // ................
	0x00, 0x52, 0x00, 0x06, 0x00, 0x0b, 0x00, 0x00, 0x00, 0x36, 0x0b, 0x00, 0x00, 0xe0, 0x06, 0x00, // .R.......6......
	0x00, 0xd4, 0x06, 0x00, 0x00, 0x01, 0x00, 0x00, 0x00, 0x41, 0x00, 0x06, 0x00, 0xa6, 0x02, 0x00, // .........A......
	0x00, 0x60, 0x05, 0x00, 0x00, 0xa4, 0x02, 0x00, 0x00, 0xb4, 0x00, 0x00, 0x00, 0x63, 0x01, 0x00, // .`...........c..
	0x00, 0x3d, 0x00, 0x04, 0x00, 0x07, 0x00, 0x00, 0x00, 0x61, 0x05, 0x00, 0x00, 0x60, 0x05, 0x00, // .=.......a...`..
	0x00, 0x8e, 0x00, 0x05, 0x00, 0x0b, 0x00, 0x00, 0x00, 0x63, 0x05, 0x00, 0x00, 0x36, 0x0b, 0x00, // .........c...6..
	0x00, 0x61, 0x05, 0x00, 0x00, 0x4f, 0x00, 0x07, 0x00, 0x0b, 0x00, 0x00, 0x00, 0x66, 0x05, 0x00, // .a...O.......f..
	0x00, 0x8c, 0x04, 0x00, 0x00, 0x8c, 0x04, 0x00, 0x00, 0x00, 0x00, 0x00, 0x00, 0x01, 0x00, 0x00, // ................
	0x00, 0x81, 0x00, 0x05, 0x00, 0x0b, 0x00, 0x00, 0x00, 0x68, 0x05, 0x00, 0x00, 0x66, 0x05, 0x00, // .........h...f..
	0x00, 0x63, 0x05, 0x00, 0x00, 0x56, 0x00, 0x05, 0x00, 0xbc, 0x00, 0x00, 0x00, 0x41, 0x07, 0x00, // .c...V.......A..
	0x00, 0x93, 0x00, 0x00, 0x00, 0x91, 0x00, 0x00, 0x00, 0x57, 0x00, 0x05, 0x00, 0x0d, 0x00, 0x00, // .........W......
	0x00, 0x43, 0x07, 0x00, 0x00, 0x41, 0x07, 0x00, 0x00, 0x68, 0x05, 0x00, 0x00, 0xf7, 0x00, 0x03, // .C...A...h......
	0x00, 0x53, 0x07, 0x00, 0x00, 0x00, 0x00, 0x00, 0x00, 0xfb, 0x00, 0x03, 0x00, 0x63, 0x01, 0x00, // .S...........c..
	0x00, 0x4a, 0x07, 0x00, 0x00, 0xf8, 0x00, 0x02, 0x00, 0x4a, 0x07, 0x00, 0x00, 0xa8, 0x00, 0x04, // .J.......J......
	0x00, 0x43, 0x00, 0x00, 0x00, 0x4c, 0x07, 0x00, 0x00, 0x52, 0x05, 0x00, 0x00, 0xf7, 0x00, 0x03, // .C...L...R......
	0x00, 0x4f, 0x07, 0x00, 0x00, 0x00, 0x00, 0x00, 0x00, 0xfa, 0x00, 0x04, 0x00, 0x4c, 0x07, 0x00, // .O...........L..
	0x00, 0x4d, 0x07, 0x00, 0x00, 0x4f, 0x07, 0x00, 0x00, 0xf8, 0x00, 0x02, 0x00, 0x4d, 0x07, 0x00, // .M...O.......M..
	0x00, 0xf9, 0x00, 0x02, 0x00, 0x53, 0x07, 0x00, 0x00, 0xf8, 0x00, 0x02, 0x00, 0x4f, 0x07, 0x00, // .....S.......O..
	0x00, 0x4f, 0x00, 0x08, 0x00, 0x13, 0x00, 0x00, 0x00, 0x5a, 0x07, 0x00, 0x00, 0x43, 0x07, 0x00, // .O.......Z...C..
	0x00, 0x43, 0x07, 0x00, 0x00, 0x00, 0x00, 0x00, 0x00, 0x01, 0x00, 0x00, 0x00, 0x02, 0x00, 0x00, // .C..............
	0x00, 0x0c, 0x00, 0x06, 0x00, 0x13, 0x00, 0x00, 0x00, 0x7e, 0x07, 0x00, 0x00, 0x01, 0x00, 0x00, // .........~......
	0x00, 0x04, 0x00, 0x00, 0x00, 0x5a, 0x07, 0x00, 0x00, 0x0c, 0x00, 0x07, 0x00, 0x13, 0x00, 0x00, // .....Z..........
	0x00, 0x80, 0x07, 0x00, 0x00, 0x01, 0x00, 0x00, 0x00, 0x28, 0x00, 0x00, 0x00, 0x7e, 0x07, 0x00, // .........(...~..
	0x00, 0x25, 0x0b, 0x00, 0x00, 0x0c, 0x00, 0x07, 0x00, 0x13, 0x00, 0x00, 0x00, 0x82, 0x07, 0x00, // .%..............
	0x00, 0x01, 0x00, 0x00, 0x00, 0x1a, 0x00, 0x00, 0x00, 0x80, 0x07, 0x00, 0x00, 0x24, 0x0b, 0x00, // .............$..
	0x00, 0x8e, 0x00, 0x05, 0x00, 0x13, 0x00, 0x00, 0x00, 0x71, 0x07, 0x00, 0x00, 0x82, 0x07, 0x00, // .........q......
	0x00, 0x1b, 0x01, 0x00, 0x00, 0x83, 0x00, 0x05, 0x00, 0x13, 0x00, 0x00, 0x00, 0x73, 0x07, 0x00, // .............s..
	0x00, 0x71, 0x07, 0x00, 0x00, 0x26, 0x0b, 0x00, 0x00, 0x0c, 0x00, 0x07, 0x00, 0x13, 0x00, 0x00, // .q...&..........
	0x00, 0x75, 0x07, 0x00, 0x00, 0x01, 0x00, 0x00, 0x00, 0x28, 0x00, 0x00, 0x00, 0x73, 0x07, 0x00, // .u.......(...s..
	0x00, 0x27, 0x0b, 0x00, 0x00, 0x51, 0x00, 0x05, 0x00, 0x07, 0x00, 0x00, 0x00, 0x5e, 0x07, 0x00, // .'...Q.......^..
	0x00, 0x43, 0x07, 0x00, 0x00, 0x03, 0x00, 0x00, 0x00, 0x51, 0x00, 0x05, 0x00, 0x07, 0x00, 0x00, // .C.......Q......
	0x00, 0x5f, 0x07, 0x00, 0x00, 0x75, 0x07, 0x00, 0x00, 0x00, 0x00, 0x00, 0x00, 0x51, 0x00, 0x05, // ._...u.......Q..
	0x00, 0x07, 0x00, 0x00, 0x00, 0x60, 0x07, 0x00, 0x00, 0x75, 0x07, 0x00, 0x00, 0x01, 0x00, 0x00, // .....`...u......
	0x00, 0x51, 0x00, 0x05, 0x00, 0x07, 0x00, 0x00, 0x00, 0x61, 0x07, 0x00, 0x00, 0x75, 0x07, 0x00, // .Q.......a...u..
	0x00, 0x02, 0x00, 0x00, 0x00, 0x50, 0x00, 0x07, 0x00, 0x0d, 0x00, 0x00, 0x00, 0x62, 0x07, 0x00, // .....P.......b..
	0x00, 0x5f, 0x07, 0x00, 0x00, 0x60, 0x07, 0x00, 0x00, 0x61, 0x07, 0x00, 0x00, 0x5e, 0x07, 0x00, // ._...`...a...^..
	0x00, 0xf9, 0x00, 0x02, 0x00, 0x53, 0x07, 0x00, 0x00, 0xf8, 0x00, 0x02, 0x00, 0x53, 0x07, 0x00, // .....S.......S..
	0x00, 0xf5, 0x00, 0x07, 0x00, 0x0d, 0x00, 0x00, 0x00, 0x16, 0x0b, 0x00, 0x00, 0x43, 0x07, 0x00, // .............C..
	0x00, 0x4d, 0x07, 0x00, 0x00, 0x62, 0x07, 0x00, 0x00, 0x4f, 0x07, 0x00, 0x00, 0x85, 0x00, 0x05, // .M...b...O......
	0x00, 0x0d, 0x00, 0x00, 0x00, 0x71, 0x05, 0x00, 0x00, 0x16, 0x0b, 0x00, 0x00, 0x86, 0x04, 0x00, // .....q..........
	0x00, 0x81, 0x00, 0x05, 0x00, 0x0b, 0x00, 0x00, 0x00, 0x79, 0x05, 0x00, 0x00, 0xb1, 0x06, 0x00, // .........y......
	0x00, 0x63, 0x05, 0x00, 0x00, 0x41, 0x00, 0x05, 0x00, 0xb4, 0x02, 0x00, 0x00, 0x7b, 0x05, 0x00, // .c...A.......{..
	0x00, 0xa4, 0x02, 0x00, 0x00, 0xb8, 0x00, 0x00, 0x00, 0x3d, 0x00, 0x04, 0x00, 0x0d, 0x00, 0x00, // .........=......
	0x00, 0x7c, 0x05, 0x00, 0x00, 0x7b, 0x05, 0x00, 0x00, 0x51, 0x00, 0x05, 0x00, 0x07, 0x00, 0x00, // .|...{...Q......
	0x00, 0x9d, 0x07, 0x00, 0x00, 0x7c, 0x05, 0x00, 0x00, 0x00, 0x00, 0x00, 0x00, 0xba, 0x00, 0x05, // .....|..........
	0x00, 0x43, 0x00, 0x00, 0x00, 0x9e, 0x07, 0x00, 0x00, 0x9d, 0x07, 0x00, 0x00, 0x21, 0x01, 0x00, // .C...........!..
	0x00, 0xf7, 0x00, 0x03, 0x00, 0xb8, 0x07, 0x00, 0x00, 0x00, 0x00, 0x00, 0x00, 0xfa, 0x00, 0x04, // ................
	0x00, 0x9e, 0x07, 0x00, 0x00, 0x9f, 0x07, 0x00, 0x00, 0xb8, 0x07, 0x00, 0x00, 0xf8, 0x00, 0x02, // ................
	0x00, 0x9f, 0x07, 0x00, 0x00, 0x56, 0x00, 0x05, 0x00, 0xbc, 0x00, 0x00, 0x00, 0xbf, 0x07, 0x00, // .....V..........
	0x00, 0x93, 0x00, 0x00, 0x00, 0x91, 0x00, 0x00, 0x00, 0x57, 0x00, 0x05, 0x00, 0x0d, 0x00, 0x00, // .........W......
	0x00, 0xc1, 0x07, 0x00, 0x00, 0xbf, 0x07, 0x00, 0x00, 0x79, 0x05, 0x00, 0x00, 0xf7, 0x00, 0x03, // .........y......
	0x00, 0xaa, 0x07, 0x00, 0x00, 0x00, 0x00, 0x00, 0x00, 0xfa, 0x00, 0x04, 0x00, 0x52, 0x05, 0x00, // .............R..
	0x00, 0xa4, 0x07, 0x00, 0x00, 0xaa, 0x07, 0x00, 0x00, 0xf8, 0x00, 0x02, 0x00, 0xa4, 0x07, 0x00, // ................
	0x00, 0xf7, 0x00, 0x03, 0x00, 0xd1, 0x07, 0x00, 0x00, 0x00, 0x00, 0x00, 0x00, 0xfb, 0x00, 0x03, // ................
	0x00, 0x63, 0x01, 0x00, 0x00, 0xc8, 0x07, 0x00, 0x00, 0xf8, 0x00, 0x02, 0x00, 0xc8, 0x07, 0x00, // .c..............
	0x00, 0xf7, 0x00, 0x03, 0x00, 0xcd, 0x07, 0x00, 0x00, 0x00, 0x00, 0x00, 0x00, 0xfa, 0x00, 0x04, // ................
	0x00, 0x4c, 0x07, 0x00, 0x00, 0xcb, 0x07, 0x00, 0x00, 0xcd, 0x07, 0x00, 0x00, 0xf8, 0x00, 0x02, // .L..............
	0x00, 0xcb, 0x07, 0x00, 0x00, 0xf9, 0x00, 0x02, 0x00, 0xd1, 0x07, 0x00, 0x00, 0xf8, 0x00, 0x02, // ................
	0x00, 0xcd, 0x07, 0x00, 0x00, 0x4f, 0x00, 0x08, 0x00, 0x13, 0x00, 0x00, 0x00, 0xd8, 0x07, 0x00, // .....O..........
	0x00, 0xc1, 0x07, 0x00, 0x00, 0xc1, 0x07, 0x00, 0x00, 0x00, 0x00, 0x00, 0x00, 0x01, 0x00, 0x00, // ................
	0x00, 0x02, 0x00, 0x00, 0x00, 0x0c, 0x00, 0x06, 0x00, 0x13, 0x00, 0x00, 0x00, 0xfc, 0x07, 0x00, // ................
	0x00, 0x01, 0x00, 0x00, 0x00, 0x04, 0x00, 0x00, 0x00, 0xd8, 0x07, 0x00, 0x00, 0x0c, 0x00, 0x07, // ................
	0x00, 0x13, 0x00, 0x00, 0x00, 0xfe, 0x07, 0x00, 0x00, 0x01, 0x00, 0x00, 0x00, 0x28, 0x00, 0x00, // .............(..
	0x00, 0xfc, 0x07, 0x00, 0x00, 0x25, 0x0b, 0x00, 0x00, 0x0c, 0x00, 0x07, 0x00, 0x13, 0x00, 0x00, // .....%..........
	0x00, 0x00, 0x08, 0x00, 0x00, 0x01, 0x00, 0x00, 0x00, 0x1a, 0x00, 0x00, 0x00, 0xfe, 0x07, 0x00, // ................
	0x00, 0x24, 0x0b, 0x00, 0x00, 0x8e, 0x00, 0x05, 0x00, 0x13, 0x00, 0x00, 0x00, 0xef, 0x07, 0x00, // .$..............
	0x00, 0x00, 0x08, 0x00, 0x00, 0x1b, 0x01, 0x00, 0x00, 0x83, 0x00, 0x05, 0x00, 0x13, 0x00, 0x00, // ................
	0x00, 0xf1, 0x07, 0x00, 0x00, 0xef, 0x07, 0x00, 0x00, 0x26, 0x0b, 0x00, 0x00, 0x0c, 0x00, 0x07, // .........&......
	0x00, 0x13, 0x00, 0x00, 0x00, 0xf3, 0x07, 0x00, 0x00, 0x01, 0x00, 0x00, 0x00, 0x28, 0x00, 0x00, // .............(..
	0x00, 0xf1, 0x07, 0x00, 0x00, 0x27, 0x0b, 0x00, 0x00, 0x51, 0x00, 0x05, 0x00, 0x07, 0x00, 0x00, // .....'...Q......
	0x00, 0xdc, 0x07, 0x00, 0x00, 0xc1, 0x07, 0x00, 0x00, 0x03, 0x00, 0x00, 0x00, 0x51, 0x00, 0x05, // .............Q..
	0x00, 0x07, 0x00, 0x00, 0x00, 0xdd, 0x07, 0x00, 0x00, 0xf3, 0x07, 0x00, 0x00, 0x00, 0x00, 0x00, // ................
	0x00, 0x51, 0x00, 0x05, 0x00, 0x07, 0x00, 0x00, 0x00, 0xde, 0x07, 0x00, 0x00, 0xf3, 0x07, 0x00, // .Q..............
	0x00, 0x01, 0x00, 0x00, 0x00, 0x51, 0x00, 0x05, 0x00, 0x07, 0x00, 0x00, 0x00, 0xdf, 0x07, 0x00, // .....Q..........
	0x00, 0xf3, 0x07, 0x00, 0x00, 0x02, 0x00, 0x00, 0x00, 0x50, 0x00, 0x07, 0x00, 0x0d, 0x00, 0x00, // .........P......
	0x00, 0xe0, 0x07, 0x00, 0x00, 0xdd, 0x07, 0x00, 0x00, 0xde, 0x07, 0x00, 0x00, 0xdf, 0x07, 0x00, // ................
	0x00, 0xdc, 0x07, 0x00, 0x00, 0xf9, 0x00, 0x02, 0x00, 0xd1, 0x07, 0x00, 0x00, 0xf8, 0x00, 0x02, // ................
	0x00, 0xd1, 0x07, 0x00, 0x00, 0xf5, 0x00, 0x07, 0x00, 0x0d, 0x00, 0x00, 0x00, 0x17, 0x0b, 0x00, // ................
	0x00, 0xc1, 0x07, 0x00, 0x00, 0xcb, 0x07, 0x00, 0x00, 0xe0, 0x07, 0x00, 0x00, 0xcd, 0x07, 0x00, // ................
	0x00, 0xf9, 0x00, 0x02, 0x00, 0xaa, 0x07, 0x00, 0x00, 0xf8, 0x00, 0x02, 0x00, 0xaa, 0x07, 0x00, // ................
	0x00, 0xf5, 0x00, 0x07, 0x00, 0x0d, 0x00, 0x00, 0x00, 0x18, 0x0b, 0x00, 0x00, 0xc1, 0x07, 0x00, // ................
	0x00, 0x9f, 0x07, 0x00, 0x00, 0x17, 0x0b, 0x00, 0x00, 0xd1, 0x07, 0x00, 0x00, 0x85, 0x00, 0x05, // ................
	0x00, 0x0d, 0x00, 0x00, 0x00, 0xad, 0x07, 0x00, 0x00, 0x18, 0x0b, 0x00, 0x00, 0x86, 0x04, 0x00, // ................
	0x00, 0x51, 0x00, 0x05, 0x00, 0x07, 0x00, 0x00, 0x00, 0xaf, 0x07, 0x00, 0x00, 0x7c, 0x05, 0x00, // .Q...........|..
	0x00, 0x01, 0x00, 0x00, 0x00, 0xb4, 0x00, 0x05, 0x00, 0x43, 0x00, 0x00, 0x00, 0xb0, 0x07, 0x00, // .........C......
	0x00, 0xaf, 0x07, 0x00, 0x00, 0x59, 0x01, 0x00, 0x00, 0xf7, 0x00, 0x03, 0x00, 0xb7, 0x07, 0x00, // .....Y..........
	0x00, 0x00, 0x00, 0x00, 0x00, 0xfa, 0x00, 0x04, 0x00, 0xb0, 0x07, 0x00, 0x00, 0xb1, 0x07, 0x00, // ................
	0x00, 0xb7, 0x07, 0x00, 0x00, 0xf8, 0x00, 0x02, 0x00, 0xb1, 0x07, 0x00, 0x00, 0x50, 0x00, 0x07, // .............P..
	0x00, 0x0d, 0x00, 0x00, 0x00, 0x10, 0x08, 0x00, 0x00, 0xb4, 0x06, 0x00, 0x00, 0xb4, 0x06, 0x00, // ................
	0x00, 0xb4, 0x06, 0x00, 0x00, 0xb4, 0x06, 0x00, 0x00, 0x0c, 0x00, 0x08, 0x00, 0x0d, 0x00, 0x00, // ................
	0x00, 0x16, 0x08, 0x00, 0x00, 0x01, 0x00, 0x00, 0x00, 0x2e, 0x00, 0x00, 0x00, 0x71, 0x05, 0x00, // .............q..
	0x00, 0xad, 0x07, 0x00, 0x00, 0x10, 0x08, 0x00, 0x00, 0xf9, 0x00, 0x02, 0x00, 0xb7, 0x07, 0x00, // ................
	0x00, 0xf8, 0x00, 0x02, 0x00, 0xb7, 0x07, 0x00, 0x00, 0xf5, 0x00, 0x07, 0x00, 0x0d, 0x00, 0x00, // ................
	0x00, 0x1c, 0x0b, 0x00, 0x00, 0x71, 0x05, 0x00, 0x00, 0xaa, 0x07, 0x00, 0x00, 0x16, 0x08, 0x00, // .....q..........
	0x00, 0xb1, 0x07, 0x00, 0x00, 0xf9, 0x00, 0x02, 0x00, 0xb8, 0x07, 0x00, 0x00, 0xf8, 0x00, 0x02, // ................
	0x00, 0xb8, 0x07, 0x00, 0x00, 0xf5, 0x00, 0x07, 0x00, 0x0d, 0x00, 0x00, 0x00, 0x1b, 0x0b, 0x00, // ................
	0x00, 0x71, 0x05, 0x00, 0x00, 0x53, 0x07, 0x00, 0x00, 0x1c, 0x0b, 0x00, 0x00, 0xb7, 0x07, 0x00, // .q...S..........
	0x00, 0x81, 0x00, 0x05, 0x00, 0x0b, 0x00, 0x00, 0x00, 0x87, 0x05, 0x00, 0x00, 0x9d, 0x06, 0x00, // ................
	0x00, 0x63, 0x05, 0x00, 0x00, 0x56, 0x00, 0x05, 0x00, 0xbc, 0x00, 0x00, 0x00, 0x1d, 0x08, 0x00, // .c...V..........
	0x00, 0x99, 0x00, 0x00, 0x00, 0x97, 0x00, 0x00, 0x00, 0x57, 0x00, 0x05, 0x00, 0x0d, 0x00, 0x00, // .........W......
	0x00, 0x1f, 0x08, 0x00, 0x00, 0x1d, 0x08, 0x00, 0x00, 0x87, 0x05, 0x00, 0x00, 0xf7, 0x00, 0x03, // ................
	0x00, 0x2f, 0x08, 0x00, 0x00, 0x00, 0x00, 0x00, 0x00, 0xfb, 0x00, 0x03, 0x00, 0x63, 0x01, 0x00, // ./...........c..
	0x00, 0x26, 0x08, 0x00, 0x00, 0xf8, 0x00, 0x02, 0x00, 0x26, 0x08, 0x00, 0x00, 0xf7, 0x00, 0x03, // .&.......&......
	0x00, 0x2b, 0x08, 0x00, 0x00, 0x00, 0x00, 0x00, 0x00, 0xfa, 0x00, 0x04, 0x00, 0x4c, 0x07, 0x00, // .+...........L..
	0x00, 0x29, 0x08, 0x00, 0x00, 0x2b, 0x08, 0x00, 0x00, 0xf8, 0x00, 0x02, 0x00, 0x29, 0x08, 0x00, // .)...+.......)..
	0x00, 0xf9, 0x00, 0x02, 0x00, 0x2f, 0x08, 0x00, 0x00, 0xf8, 0x00, 0x02, 0x00, 0x2b, 0x08, 0x00, // ...../.......+..
	0x00, 0x4f, 0x00, 0x08, 0x00, 0x13, 0x00, 0x00, 0x00, 0x36, 0x08, 0x00, 0x00, 0x1f, 0x08, 0x00, // .O.......6......
	0x00, 0x1f, 0x08, 0x00, 0x00, 0x00, 0x00, 0x00, 0x00, 0x01, 0x00, 0x00, 0x00, 0x02, 0x00, 0x00, // ................
	0x00, 0x0c, 0x00, 0x06, 0x00, 0x13, 0x00, 0x00, 0x00, 0x5a, 0x08, 0x00, 0x00, 0x01, 0x00, 0x00, // .........Z......
	0x00, 0x04, 0x00, 0x00, 0x00, 0x36, 0x08, 0x00, 0x00, 0x0c, 0x00, 0x07, 0x00, 0x13, 0x00, 0x00, // .....6..........
	0x00, 0x5c, 0x08, 0x00, 0x00, 0x01, 0x00, 0x00, 0x00, 0x28, 0x00, 0x00, 0x00, 0x5a, 0x08, 0x00, // .........(...Z..
	0x00, 0x25, 0x0b, 0x00, 0x00, 0x0c, 0x00, 0x07, 0x00, 0x13, 0x00, 0x00, 0x00, 0x5e, 0x08, 0x00, // .%...........^..
	0x00, 0x01, 0x00, 0x00, 0x00, 0x1a, 0x00, 0x00, 0x00, 0x5c, 0x08, 0x00, 0x00, 0x24, 0x0b, 0x00, // .............$..
	0x00, 0x8e, 0x00, 0x05, 0x00, 0x13, 0x00, 0x00, 0x00, 0x4d, 0x08, 0x00, 0x00, 0x5e, 0x08, 0x00, // .........M...^..
	0x00, 0x1b, 0x01, 0x00, 0x00, 0x83, 0x00, 0x05, 0x00, 0x13, 0x00, 0x00, 0x00, 0x4f, 0x08, 0x00, // .............O..
	0x00, 0x4d, 0x08, 0x00, 0x00, 0x26, 0x0b, 0x00, 0x00, 0x0c, 0x00, 0x07, 0x00, 0x13, 0x00, 0x00, // .M...&..........
	0x00, 0x51, 0x08, 0x00, 0x00, 0x01, 0x00, 0x00, 0x00, 0x28, 0x00, 0x00, 0x00, 0x4f, 0x08, 0x00, // .Q.......(...O..
	0x00, 0x27, 0x0b, 0x00, 0x00, 0x51, 0x00, 0x05, 0x00, 0x07, 0x00, 0x00, 0x00, 0x3a, 0x08, 0x00, // .'...Q.......:..
	0x00, 0x1f, 0x08, 0x00, 0x00, 0x03, 0x00, 0x00, 0x00, 0x51, 0x00, 0x05, 0x00, 0x07, 0x00, 0x00, // .........Q......
	0x00, 0x3b, 0x08, 0x00, 0x00, 0x51, 0x08, 0x00, 0x00, 0x00, 0x00, 0x00, 0x00, 0x50, 0x00, 0x07, // .;...Q.......P..
	0x00, 0x0d, 0x00, 0x00, 0x00, 0x3e, 0x08, 0x00, 0x00, 0x3b, 0x08, 0x00, 0x00, 0xd8, 0x0b, 0x00, // .....>...;......
	0x00, 0xd8, 0x0b, 0x00, 0x00, 0x3a, 0x08, 0x00, 0x00, 0xf9, 0x00, 0x02, 0x00, 0x2f, 0x08, 0x00, // .....:......./..
	0x00, 0xf8, 0x00, 0x02, 0x00, 0x2f, 0x08, 0x00, 0x00, 0xf5, 0x00, 0x07, 0x00, 0x0d, 0x00, 0x00, // ...../..........
	0x00, 0x1d, 0x0b, 0x00, 0x00, 0x1f, 0x08, 0x00, 0x00, 0x29, 0x08, 0x00, 0x00, 0x3e, 0x08, 0x00, // .........)...>..
	0x00, 0x2b, 0x08, 0x00, 0x00, 0x51, 0x00, 0x05, 0x00, 0x07, 0x00, 0x00, 0x00, 0x8f, 0x05, 0x00, // .+...Q..........
	0x00, 0x1d, 0x0b, 0x00, 0x00, 0x00, 0x00, 0x00, 0x00, 0x51, 0x00, 0x05, 0x00, 0x07, 0x00, 0x00, // .........Q......
	0x00, 0x91, 0x05, 0x00, 0x00, 0x1d, 0x0b, 0x00, 0x00, 0x03, 0x00, 0x00, 0x00, 0x85, 0x00, 0x05, // ................
	0x00, 0x07, 0x00, 0x00, 0x00, 0x92, 0x05, 0x00, 0x00, 0x8f, 0x05, 0x00, 0x00, 0x91, 0x05, 0x00, // ................
	0x00, 0x51, 0x00, 0x05, 0x00, 0x07, 0x00, 0x00, 0x00, 0x94, 0x05, 0x00, 0x00, 0x1b, 0x0b, 0x00, // .Q..............
	0x00, 0x03, 0x00, 0x00, 0x00, 0x85, 0x00, 0x05, 0x00, 0x07, 0x00, 0x00, 0x00, 0x95, 0x05, 0x00, // ................
	0x00, 0x94, 0x05, 0x00, 0x00, 0x92, 0x05, 0x00, 0x00, 0x52, 0x00, 0x06, 0x00, 0x0d, 0x00, 0x00, // .........R......
	0x00, 0x40, 0x0b, 0x00, 0x00, 0x95, 0x05, 0x00, 0x00, 0x1b, 0x0b, 0x00, 0x00, 0x03, 0x00, 0x00, // .@..............
	0x00, 0x56, 0x00, 0x05, 0x00, 0xbc, 0x00, 0x00, 0x00, 0x9a, 0x08, 0x00, 0x00, 0x9f, 0x00, 0x00, // .V..............
	0x00, 0x9d, 0x00, 0x00, 0x00, 0x57, 0x00, 0x05, 0x00, 0x0d, 0x00, 0x00, 0x00, 0x9c, 0x08, 0x00, // .....W..........
	0x00, 0x9a, 0x08, 0x00, 0x00, 0xad, 0x06, 0x00, 0x00, 0xf7, 0x00, 0x03, 0x00, 0x80, 0x08, 0x00, // ................
	0x00, 0x00, 0x00, 0x00, 0x00, 0xfa, 0x00, 0x04, 0x00, 0x52, 0x05, 0x00, 0x00, 0x7a, 0x08, 0x00, // .........R...z..
	0x00, 0x80, 0x08, 0x00, 0x00, 0xf8, 0x00, 0x02, 0x00, 0x7a, 0x08, 0x00, 0x00, 0xf7, 0x00, 0x03, // .........z......
	0x00, 0xac, 0x08, 0x00, 0x00, 0x00, 0x00, 0x00, 0x00, 0xfb, 0x00, 0x03, 0x00, 0x63, 0x01, 0x00, // .............c..
	0x00, 0xa3, 0x08, 0x00, 0x00, 0xf8, 0x00, 0x02, 0x00, 0xa3, 0x08, 0x00, 0x00, 0xf7, 0x00, 0x03, // ................
	0x00, 0xa8, 0x08, 0x00, 0x00, 0x00, 0x00, 0x00, 0x00, 0xfa, 0x00, 0x04, 0x00, 0x4c, 0x07, 0x00, // .............L..
	0x00, 0xa6, 0x08, 0x00, 0x00, 0xa8, 0x08, 0x00, 0x00, 0xf8, 0x00, 0x02, 0x00, 0xa6, 0x08, 0x00, // ................
	0x00, 0xf9, 0x00, 0x02, 0x00, 0xac, 0x08, 0x00, 0x00, 0xf8, 0x00, 0x02, 0x00, 0xa8, 0x08, 0x00, // ................
	0x00, 0x4f, 0x00, 0x08, 0x00, 0x13, 0x00, 0x00, 0x00, 0xb3, 0x08, 0x00, 0x00, 0x9c, 0x08, 0x00, // .O..............
	0x00, 0x9c, 0x08, 0x00, 0x00, 0x00, 0x00, 0x00, 0x00, 0x01, 0x00, 0x00, 0x00, 0x02, 0x00, 0x00, // ................
	0x00, 0x0c, 0x00, 0x06, 0x00, 0x13, 0x00, 0x00, 0x00, 0xd7, 0x08, 0x00, 0x00, 0x01, 0x00, 0x00, // ................
	0x00, 0x04, 0x00, 0x00, 0x00, 0xb3, 0x08, 0x00, 0x00, 0x0c, 0x00, 0x07, 0x00, 0x13, 0x00, 0x00, // ................
	0x00, 0xd9, 0x08, 0x00, 0x00, 0x01, 0x00, 0x00, 0x00, 0x28, 0x00, 0x00, 0x00, 0xd7, 0x08, 0x00, // .........(......
	0x00, 0x25, 0x0b, 0x00, 0x00, 0x0c, 0x00, 0x07, 0x00, 0x13, 0x00, 0x00, 0x00, 0xdb, 0x08, 0x00, // .%..............
	0x00, 0x01, 0x00, 0x00, 0x00, 0x1a, 0x00, 0x00, 0x00, 0xd9, 0x08, 0x00, 0x00, 0x24, 0x0b, 0x00, // .............$..
	0x00, 0x8e, 0x00, 0x05, 0x00, 0x13, 0x00, 0x00, 0x00, 0xca, 0x08, 0x00, 0x00, 0xdb, 0x08, 0x00, // ................
	0x00, 0x1b, 0x01, 0x00, 0x00, 0x83, 0x00, 0x05, 0x00, 0x13, 0x00, 0x00, 0x00, 0xcc, 0x08, 0x00, // ................
	0x00, 0xca, 0x08, 0x00, 0x00, 0x26, 0x0b, 0x00, 0x00, 0x0c, 0x00, 0x07, 0x00, 0x13, 0x00, 0x00, // .....&..........
	0x00, 0xce, 0x08, 0x00, 0x00, 0x01, 0x00, 0x00, 0x00, 0x28, 0x00, 0x00, 0x00, 0xcc, 0x08, 0x00, // .........(......
	0x00, 0x27, 0x0b, 0x00, 0x00, 0x51, 0x00, 0x05, 0x00, 0x07, 0x00, 0x00, 0x00, 0xb8, 0x08, 0x00, // .'...Q..........
	0x00, 0xce, 0x08, 0x00, 0x00, 0x00, 0x00, 0x00, 0x00, 0x51, 0x00, 0x05, 0x00, 0x07, 0x00, 0x00, // .........Q......
	0x00, 0xb9, 0x08, 0x00, 0x00, 0xce, 0x08, 0x00, 0x00, 0x01, 0x00, 0x00, 0x00, 0x50, 0x00, 0x07, // .............P..
	0x00, 0x0d, 0x00, 0x00, 0x00, 0xbb, 0x08, 0x00, 0x00, 0xb8, 0x08, 0x00, 0x00, 0xb9, 0x08, 0x00, // ................
	0x00, 0x2e, 0x0b, 0x00, 0x00, 0x2e, 0x0b, 0x00, 0x00, 0xf9, 0x00, 0x02, 0x00, 0xac, 0x08, 0x00, // ................
	0x00, 0xf8, 0x00, 0x02, 0x00, 0xac, 0x08, 0x00, 0x00, 0xf5, 0x00, 0x07, 0x00, 0x0d, 0x00, 0x00, // ................
	0x00, 0x1e, 0x0b, 0x00, 0x00, 0x9c, 0x08, 0x00, 0x00, 0xa6, 0x08, 0x00, 0x00, 0xbb, 0x08, 0x00, // ................
	0x00, 0xa8, 0x08, 0x00, 0x00, 0xf9, 0x00, 0x02, 0x00, 0x80, 0x08, 0x00, 0x00, 0xf8, 0x00, 0x02, // ................
	0x00, 0x80, 0x08, 0x00, 0x00, 0xf5, 0x00, 0x07, 0x00, 0x0d, 0x00, 0x00, 0x00, 0x1f, 0x0b, 0x00, // ................
	0x00, 0x9c, 0x08, 0x00, 0x00, 0x2f, 0x08, 0x00, 0x00, 0x1e, 0x0b, 0x00, 0x00, 0xac, 0x08, 0x00, // ...../..........
	0x00, 0x4f, 0x00, 0x07, 0x00, 0x0b, 0x00, 0x00, 0x00, 0x82, 0x08, 0x00, 0x00, 0x1f, 0x0b, 0x00, // .O..............
	0x00, 0x1f, 0x0b, 0x00, 0x00, 0x00, 0x00, 0x00, 0x00, 0x01, 0x00, 0x00, 0x00, 0x8e, 0x00, 0x05, // ................
	0x00, 0x0b, 0x00, 0x00, 0x00, 0x83, 0x08, 0x00, 0x00, 0x82, 0x08, 0x00, 0x00, 0x57, 0x01, 0x00, // .............W..
	0x00, 0x83, 0x00, 0x05, 0x00, 0x0b, 0x00, 0x00, 0x00, 0x85, 0x08, 0x00, 0x00, 0x83, 0x08, 0x00, // ................
	0x00, 0x23, 0x0b, 0x00, 0x00, 0x51, 0x00, 0x05, 0x00, 0x07, 0x00, 0x00, 0x00, 0x87, 0x08, 0x00, // .#...Q..........
	0x00, 0x85, 0x08, 0x00, 0x00, 0x01, 0x00, 0x00, 0x00, 0x85, 0x00, 0x05, 0x00, 0x07, 0x00, 0x00, // ................
	0x00, 0x88, 0x08, 0x00, 0x00, 0x87, 0x08, 0x00, 0x00, 0x5d, 0x01, 0x00, 0x00, 0x85, 0x00, 0x05, // .........]......
	0x00, 0x07, 0x00, 0x00, 0x00, 0x90, 0x08, 0x00, 0x00, 0xdc, 0x06, 0x00, 0x00, 0x88, 0x08, 0x00, // ................
	0x00, 0x81, 0x00, 0x05, 0x00, 0x07, 0x00, 0x00, 0x00, 0x91, 0x08, 0x00, 0x00, 0xda, 0x06, 0x00, // ................
	0x00, 0x90, 0x08, 0x00, 0x00, 0x52, 0x00, 0x06, 0x00, 0x0b, 0x00, 0x00, 0x00, 0x48, 0x0b, 0x00, // .....R.......H..
	0x00, 0x91, 0x08, 0x00, 0x00, 0x85, 0x08, 0x00, 0x00, 0x01, 0x00, 0x00, 0x00, 0x41, 0x00, 0x06, // .............A..
	0x00, 0xa6, 0x02, 0x00, 0x00, 0xa1, 0x05, 0x00, 0x00, 0xa4, 0x02, 0x00, 0x00, 0xb4, 0x00, 0x00, // ................
	0x00, 0x5e, 0x01, 0x00, 0x00, 0x3d, 0x00, 0x04, 0x00, 0x07, 0x00, 0x00, 0x00, 0xa2, 0x05, 0x00, // .^...=..........
	0x00, 0xa1, 0x05, 0x00, 0x00, 0x8e, 0x00, 0x05, 0x00, 0x0b, 0x00, 0x00, 0x00, 0xa4, 0x05, 0x00, // ................
	0x00, 0x48, 0x0b, 0x00, 0x00, 0xa2, 0x05, 0x00, 0x00, 0x81, 0x00, 0x05, 0x00, 0x0b, 0x00, 0x00, // .H..............
	0x00, 0xa8, 0x05, 0x00, 0x00, 0xa5, 0x06, 0x00, 0x00, 0xa4, 0x05, 0x00, 0x00, 0x56, 0x00, 0x05, // .............V..
	0x00, 0xbc, 0x00, 0x00, 0x00, 0xf2, 0x08, 0x00, 0x00, 0xa5, 0x00, 0x00, 0x00, 0xa3, 0x00, 0x00, // ................
	0x00, 0x57, 0x00, 0x05, 0x00, 0x0d, 0x00, 0x00, 0x00, 0xf4, 0x08, 0x00, 0x00, 0xf2, 0x08, 0x00, // .W..............
	0x00, 0xa8, 0x05, 0x00, 0x00, 0xf7, 0x00, 0x03, 0x00, 0x04, 0x09, 0x00, 0x00, 0x00, 0x00, 0x00, // ................
	0x00, 0xfb, 0x00, 0x03, 0x00, 0x63, 0x01, 0x00, 0x00, 0xfb, 0x08, 0x00, 0x00, 0xf8, 0x00, 0x02, // .....c..........
	0x00, 0xfb, 0x08, 0x00, 0x00, 0xf7, 0x00, 0x03, 0x00, 0x00, 0x09, 0x00, 0x00, 0x00, 0x00, 0x00, // ................
	0x00, 0xfa, 0x00, 0x04, 0x00, 0x4c, 0x07, 0x00, 0x00, 0xfe, 0x08, 0x00, 0x00, 0x00, 0x09, 0x00, // .....L..........
	0x00, 0xf8, 0x00, 0x02, 0x00, 0xfe, 0x08, 0x00, 0x00, 0xf9, 0x00, 0x02, 0x00, 0x04, 0x09, 0x00, // ................
	0x00, 0xf8, 0x00, 0x02, 0x00, 0x00, 0x09, 0x00, 0x00, 0x4f, 0x00, 0x08, 0x00, 0x13, 0x00, 0x00, // .........O......
	0x00, 0x0b, 0x09, 0x00, 0x00, 0xf4, 0x08, 0x00, 0x00, 0xf4, 0x08, 0x00, 0x00, 0x00, 0x00, 0x00, // ................
	0x00, 0x01, 0x00, 0x00, 0x00, 0x02, 0x00, 0x00, 0x00, 0x0c, 0x00, 0x06, 0x00, 0x13, 0x00, 0x00, // ................
	0x00, 0x2f, 0x09, 0x00, 0x00, 0x01, 0x00, 0x00, 0x00, 0x04, 0x00, 0x00, 0x00, 0x0b, 0x09, 0x00, // ./..............
	0x00, 0x0c, 0x00, 0x07, 0x00, 0x13, 0x00, 0x00, 0x00, 0x31, 0x09, 0x00, 0x00, 0x01, 0x00, 0x00, // .........1......
	0x00, 0x28, 0x00, 0x00, 0x00, 0x2f, 0x09, 0x00, 0x00, 0x25, 0x0b, 0x00, 0x00, 0x0c, 0x00, 0x07, // .(.../...%......
	0x00, 0x13, 0x00, 0x00, 0x00, 0x33, 0x09, 0x00, 0x00, 0x01, 0x00, 0x00, 0x00, 0x1a, 0x00, 0x00, // .....3..........
	0x00, 0x31, 0x09, 0x00, 0x00, 0x24, 0x0b, 0x00, 0x00, 0x8e, 0x00, 0x05, 0x00, 0x13, 0x00, 0x00, // .1...$..........
	0x00, 0x22, 0x09, 0x00, 0x00, 0x33, 0x09, 0x00, 0x00, 0x1b, 0x01, 0x00, 0x00, 0x83, 0x00, 0x05, // ."...3..........
	0x00, 0x13, 0x00, 0x00, 0x00, 0x24, 0x09, 0x00, 0x00, 0x22, 0x09, 0x00, 0x00, 0x26, 0x0b, 0x00, // .....$..."...&..
	0x00, 0x0c, 0x00, 0x07, 0x00, 0x13, 0x00, 0x00, 0x00, 0x26, 0x09, 0x00, 0x00, 0x01, 0x00, 0x00, // .........&......
	0x00, 0x28, 0x00, 0x00, 0x00, 0x24, 0x09, 0x00, 0x00, 0x27, 0x0b, 0x00, 0x00, 0x51, 0x00, 0x05, // .(...$...'...Q..
	0x00, 0x07, 0x00, 0x00, 0x00, 0x0f, 0x09, 0x00, 0x00, 0xf4, 0x08, 0x00, 0x00, 0x03, 0x00, 0x00, // ................
	0x00, 0x51, 0x00, 0x05, 0x00, 0x07, 0x00, 0x00, 0x00, 0x10, 0x09, 0x00, 0x00, 0x26, 0x09, 0x00, // .Q...........&..
	0x00, 0x00, 0x00, 0x00, 0x00, 0x51, 0x00, 0x05, 0x00, 0x07, 0x00, 0x00, 0x00, 0x11, 0x09, 0x00, // .....Q..........
	0x00, 0x26, 0x09, 0x00, 0x00, 0x01, 0x00, 0x00, 0x00, 0x51, 0x00, 0x05, 0x00, 0x07, 0x00, 0x00, // .&.......Q......
	0x00, 0x12, 0x09, 0x00, 0x00, 0x26, 0x09, 0x00, 0x00, 0x02, 0x00, 0x00, 0x00, 0x50, 0x00, 0x07, // .....&.......P..
	0x00, 0x0d, 0x00, 0x00, 0x00, 0x13, 0x09, 0x00, 0x00, 0x10, 0x09, 0x00, 0x00, 0x11, 0x09, 0x00, // ................
	0x00, 0x12, 0x09, 0x00, 0x00, 0x0f, 0x09, 0x00, 0x00, 0xf9, 0x00, 0x02, 0x00, 0x04, 0x09, 0x00, // ................
	0x00, 0xf8, 0x00, 0x02, 0x00, 0x04, 0x09, 0x00, 0x00, 0xf5, 0x00, 0x07, 0x00, 0x0d, 0x00, 0x00, // ................
	0x00, 0x20, 0x0b, 0x00, 0x00, 0xf4, 0x08, 0x00, 0x00, 0xfe, 0x08, 0x00, 0x00, 0x13, 0x09, 0x00, // . ..............
	0x00, 0x00, 0x09, 0x00, 0x00, 0x81, 0x00, 0x05, 0x00, 0x0b, 0x00, 0x00, 0x00, 0xb2, 0x05, 0x00, // ................
	0x00, 0xa9, 0x06, 0x00, 0x00, 0xa4, 0x05, 0x00, 0x00, 0x56, 0x00, 0x05, 0x00, 0xbc, 0x00, 0x00, // .........V......
	0x00, 0x46, 0x09, 0x00, 0x00, 0xab, 0x00, 0x00, 0x00, 0xa9, 0x00, 0x00, 0x00, 0x57, 0x00, 0x05, // .F...........W..
	0x00, 0x0d, 0x00, 0x00, 0x00, 0x48, 0x09, 0x00, 0x00, 0x46, 0x09, 0x00, 0x00, 0xb2, 0x05, 0x00, // .....H...F......
	0x00, 0xf7, 0x00, 0x03, 0x00, 0x58, 0x09, 0x00, 0x00, 0x00, 0x00, 0x00, 0x00, 0xfb, 0x00, 0x03, // .....X..........
	0x00, 0x63, 0x01, 0x00, 0x00, 0x4f, 0x09, 0x00, 0x00, 0xf8, 0x00, 0x02, 0x00, 0x4f, 0x09, 0x00, // .c...O.......O..
	0x00, 0xf7, 0x00, 0x03, 0x00, 0x54, 0x09, 0x00, 0x00, 0x00, 0x00, 0x00, 0x00, 0xfa, 0x00, 0x04, // .....T..........
	0x00, 0x4c, 0x07, 0x00, 0x00, 0x52, 0x09, 0x00, 0x00, 0x54, 0x09, 0x00, 0x00, 0xf8, 0x00, 0x02, // .L...R...T......
	0x00, 0x52, 0x09, 0x00, 0x00, 0xf9, 0x00, 0x02, 0x00, 0x58, 0x09, 0x00, 0x00, 0xf8, 0x00, 0x02, // .R.......X......
	0x00, 0x54, 0x09, 0x00, 0x00, 0x4f, 0x00, 0x08, 0x00, 0x13, 0x00, 0x00, 0x00, 0x5f, 0x09, 0x00, // .T...O......._..
	0x00, 0x48, 0x09, 0x00, 0x00, 0x48, 0x09, 0x00, 0x00, 0x00, 0x00, 0x00, 0x00, 0x01, 0x00, 0x00, // .H...H..........
	0x00, 0x02, 0x00, 0x00, 0x00, 0x0c, 0x00, 0x06, 0x00, 0x13, 0x00, 0x00, 0x00, 0x83, 0x09, 0x00, // ................
	0x00, 0x01, 0x00, 0x00, 0x00, 0x04, 0x00, 0x00, 0x00, 0x5f, 0x09, 0x00, 0x00, 0x0c, 0x00, 0x07, // ........._......
	0x00, 0x13, 0x00, 0x00, 0x00, 0x85, 0x09, 0x00, 0x00, 0x01, 0x00, 0x00, 0x00, 0x28, 0x00, 0x00, // .............(..
	0x00, 0x83, 0x09, 0x00, 0x00, 0x25, 0x0b, 0x00, 0x00, 0x0c, 0x00, 0x07, 0x00, 0x13, 0x00, 0x00, // .....%..........
	0x00, 0x87, 0x09, 0x00, 0x00, 0x01, 0x00, 0x00, 0x00, 0x1a, 0x00, 0x00, 0x00, 0x85, 0x09, 0x00, // ................
	0x00, 0x24, 0x0b, 0x00, 0x00, 0x8e, 0x00, 0x05, 0x00, 0x13, 0x00, 0x00, 0x00, 0x76, 0x09, 0x00, // .$...........v..
	0x00, 0x87, 0x09, 0x00, 0x00, 0x1b, 0x01, 0x00, 0x00, 0x83, 0x00, 0x05, 0x00, 0x13, 0x00, 0x00, // ................
	0x00, 0x78, 0x09, 0x00, 0x00, 0x76, 0x09, 0x00, 0x00, 0x26, 0x0b, 0x00, 0x00, 0x0c, 0x00, 0x07, // .x...v...&......
	0x00, 0x13, 0x00, 0x00, 0x00, 0x7a, 0x09, 0x00, 0x00, 0x01, 0x00, 0x00, 0x00, 0x28, 0x00, 0x00, // .....z.......(..
	0x00, 0x78, 0x09, 0x00, 0x00, 0x27, 0x0b, 0x00, 0x00, 0x51, 0x00, 0x05, 0x00, 0x07, 0x00, 0x00, // .x...'...Q......
	0x00, 0x63, 0x09, 0x00, 0x00, 0x48, 0x09, 0x00, 0x00, 0x03, 0x00, 0x00, 0x00, 0x51, 0x00, 0x05, // .c...H.......Q..
	0x00, 0x07, 0x00, 0x00, 0x00, 0x64, 0x09, 0x00, 0x00, 0x7a, 0x09, 0x00, 0x00, 0x00, 0x00, 0x00, // .....d...z......
	0x00, 0x50, 0x00, 0x07, 0x00, 0x0d, 0x00, 0x00, 0x00, 0x67, 0x09, 0x00, 0x00, 0x64, 0x09, 0x00, // .P.......g...d..
	0x00, 0xd8, 0x0b, 0x00, 0x00, 0xd8, 0x0b, 0x00, 0x00, 0x63, 0x09, 0x00, 0x00, 0xf9, 0x00, 0x02, // .........c......
	0x00, 0x58, 0x09, 0x00, 0x00, 0xf8, 0x00, 0x02, 0x00, 0x58, 0x09, 0x00, 0x00, 0xf5, 0x00, 0x07, // .X.......X......
	0x00, 0x0d, 0x00, 0x00, 0x00, 0x21, 0x0b, 0x00, 0x00, 0x48, 0x09, 0x00, 0x00, 0x52, 0x09, 0x00, // .....!...H...R..
	0x00, 0x67, 0x09, 0x00, 0x00, 0x54, 0x09, 0x00, 0x00, 0x51, 0x00, 0x05, 0x00, 0x07, 0x00, 0x00, // .g...T...Q......
	0x00, 0xba, 0x05, 0x00, 0x00, 0x21, 0x0b, 0x00, 0x00, 0x00, 0x00, 0x00, 0x00, 0x51, 0x00, 0x05, // .....!.......Q..
	0x00, 0x07, 0x00, 0x00, 0x00, 0xbc, 0x05, 0x00, 0x00, 0x21, 0x0b, 0x00, 0x00, 0x03, 0x00, 0x00, // .........!......
	0x00, 0x85, 0x00, 0x05, 0x00, 0x07, 0x00, 0x00, 0x00, 0xbd, 0x05, 0x00, 0x00, 0xba, 0x05, 0x00, // ................
	0x00, 0xbc, 0x05, 0x00, 0x00, 0x51, 0x00, 0x05, 0x00, 0x07, 0x00, 0x00, 0x00, 0xbf, 0x05, 0x00, // .....Q..........
	0x00, 0x20, 0x0b, 0x00, 0x00, 0x03, 0x00, 0x00, 0x00, 0x85, 0x00, 0x05, 0x00, 0x07, 0x00, 0x00, // . ..............
	0x00, 0xc0, 0x05, 0x00, 0x00, 0xbf, 0x05, 0x00, 0x00, 0xbd, 0x05, 0x00, 0x00, 0x41, 0x00, 0x06, // .............A..
	0x00, 0xa6, 0x02, 0x00, 0x00, 0xc5, 0x05, 0x00, 0x00, 0xa4, 0x02, 0x00, 0x00, 0xe5, 0x00, 0x00, // ................
	0x00, 0x63, 0x01, 0x00, 0x00, 0x3d, 0x00, 0x04, 0x00, 0x07, 0x00, 0x00, 0x00, 0xc6, 0x05, 0x00, // .c...=..........
	0x00, 0xc5, 0x05, 0x00, 0x00, 0xb4, 0x00, 0x05, 0x00, 0x43, 0x00, 0x00, 0x00, 0x9e, 0x09, 0x00, // .........C......
	0x00, 0xc6, 0x05, 0x00, 0x00, 0x21, 0x01, 0x00, 0x00, 0xf7, 0x00, 0x03, 0x00, 0xfb, 0x09, 0x00, // .....!..........
	0x00, 0x00, 0x00, 0x00, 0x00, 0xfa, 0x00, 0x04, 0x00, 0x9e, 0x09, 0x00, 0x00, 0x9f, 0x09, 0x00, // ................
	0x00, 0xb6, 0x09, 0x00, 0x00, 0xf8, 0x00, 0x02, 0x00, 0x9f, 0x09, 0x00, 0x00, 0x4f, 0x00, 0x08, // .............O..
	0x00, 0x13, 0x00, 0x00, 0x00, 0xa2, 0x09, 0x00, 0x00, 0x20, 0x0b, 0x00, 0x00, 0x20, 0x0b, 0x00, // ......... ... ..
	0x00, 0x00, 0x00, 0x00, 0x00, 0x01, 0x00, 0x00, 0x00, 0x02, 0x00, 0x00, 0x00, 0x8e, 0x00, 0x05, // ................
	0x00, 0x13, 0x00, 0x00, 0x00, 0xa5, 0x09, 0x00, 0x00, 0xa2, 0x09, 0x00, 0x00, 0xc0, 0x05, 0x00, // ................
	0x00, 0x4f, 0x00, 0x08, 0x00, 0x13, 0x00, 0x00, 0x00, 0xa7, 0x09, 0x00, 0x00, 0x40, 0x0b, 0x00, // .O...........@..
	0x00, 0x40, 0x0b, 0x00, 0x00, 0x00, 0x00, 0x00, 0x00, 0x01, 0x00, 0x00, 0x00, 0x02, 0x00, 0x00, // .@..............
	0x00, 0x83, 0x00, 0x05, 0x00, 0x07, 0x00, 0x00, 0x00, 0xaa, 0x09, 0x00, 0x00, 0x59, 0x01, 0x00, // .............Y..
	0x00, 0xc0, 0x05, 0x00, 0x00, 0x8e, 0x00, 0x05, 0x00, 0x13, 0x00, 0x00, 0x00, 0xab, 0x09, 0x00, // ................
	0x00, 0xa7, 0x09, 0x00, 0x00, 0xaa, 0x09, 0x00, 0x00, 0x81, 0x00, 0x05, 0x00, 0x13, 0x00, 0x00, // ................
	0x00, 0xac, 0x09, 0x00, 0x00, 0xa5, 0x09, 0x00, 0x00, 0xab, 0x09, 0x00, 0x00, 0x51, 0x00, 0x05, // .............Q..
	0x00, 0x07, 0x00, 0x00, 0x00, 0xae, 0x09, 0x00, 0x00, 0xac, 0x09, 0x00, 0x00, 0x00, 0x00, 0x00, // ................
	0x00, 0x51, 0x00, 0x05, 0x00, 0x07, 0x00, 0x00, 0x00, 0xb1, 0x09, 0x00, 0x00, 0xac, 0x09, 0x00, // .Q..............
	0x00, 0x01, 0x00, 0x00, 0x00, 0x51, 0x00, 0x05, 0x00, 0x07, 0x00, 0x00, 0x00, 0xb4, 0x09, 0x00, // .....Q..........
	0x00, 0xac, 0x09, 0x00, 0x00, 0x02, 0x00, 0x00, 0x00, 0x50, 0x00, 0x07, 0x00, 0x0d, 0x00, 0x00, // .........P......
	0x00, 0xd6, 0x0b, 0x00, 0x00, 0xae, 0x09, 0x00, 0x00, 0xb1, 0x09, 0x00, 0x00, 0xb4, 0x09, 0x00, // ................
	0x00, 0x95, 0x05, 0x00, 0x00, 0xf9, 0x00, 0x02, 0x00, 0xfb, 0x09, 0x00, 0x00, 0xf8, 0x00, 0x02, // ................
	0x00, 0xb6, 0x09, 0x00, 0x00, 0xb4, 0x00, 0x05, 0x00, 0x43, 0x00, 0x00, 0x00, 0xb8, 0x09, 0x00, // .........C......
	0x00, 0xc6, 0x05, 0x00, 0x00, 0x59, 0x01, 0x00, 0x00, 0xf7, 0x00, 0x03, 0x00, 0xfa, 0x09, 0x00, // .....Y..........
	0x00, 0x00, 0x00, 0x00, 0x00, 0xfa, 0x00, 0x04, 0x00, 0xb8, 0x09, 0x00, 0x00, 0xb9, 0x09, 0x00, // ................
	0x00, 0xcc, 0x09, 0x00, 0x00, 0xf8, 0x00, 0x02, 0x00, 0xb9, 0x09, 0x00, 0x00, 0x4f, 0x00, 0x08, // .............O..
	0x00, 0x13, 0x00, 0x00, 0x00, 0xbc, 0x09, 0x00, 0x00, 0x40, 0x0b, 0x00, 0x00, 0x40, 0x0b, 0x00, // .........@...@..
	0x00, 0x00, 0x00, 0x00, 0x00, 0x01, 0x00, 0x00, 0x00, 0x02, 0x00, 0x00, 0x00, 0x4f, 0x00, 0x08, // .............O..
	0x00, 0x13, 0x00, 0x00, 0x00, 0xbe, 0x09, 0x00, 0x00, 0x20, 0x0b, 0x00, 0x00, 0x20, 0x0b, 0x00, // ......... ... ..
	0x00, 0x00, 0x00, 0x00, 0x00, 0x01, 0x00, 0x00, 0x00, 0x02, 0x00, 0x00, 0x00, 0x8e, 0x00, 0x05, // ................
	0x00, 0x13, 0x00, 0x00, 0x00, 0xc1, 0x09, 0x00, 0x00, 0xbe, 0x09, 0x00, 0x00, 0xc0, 0x05, 0x00, // ................
	0x00, 0x81, 0x00, 0x05, 0x00, 0x13, 0x00, 0x00, 0x00, 0xc2, 0x09, 0x00, 0x00, 0xbc, 0x09, 0x00, // ................
	0x00, 0xc1, 0x09, 0x00, 0x00, 0x51, 0x00, 0x05, 0x00, 0x07, 0x00, 0x00, 0x00, 0xc4, 0x09, 0x00, // .....Q..........
	0x00, 0xc2, 0x09, 0x00, 0x00, 0x00, 0x00, 0x00, 0x00, 0x51, 0x00, 0x05, 0x00, 0x07, 0x00, 0x00, // .........Q......
	0x00, 0xc7, 0x09, 0x00, 0x00, 0xc2, 0x09, 0x00, 0x00, 0x01, 0x00, 0x00, 0x00, 0x51, 0x00, 0x05, // .............Q..
	0x00, 0x07, 0x00, 0x00, 0x00, 0xca, 0x09, 0x00, 0x00, 0xc2, 0x09, 0x00, 0x00, 0x02, 0x00, 0x00, // ................
	0x00, 0x50, 0x00, 0x07, 0x00, 0x0d, 0x00, 0x00, 0x00, 0xd5, 0x0b, 0x00, 0x00, 0xc4, 0x09, 0x00, // .P..............
	0x00, 0xc7, 0x09, 0x00, 0x00, 0xca, 0x09, 0x00, 0x00, 0x95, 0x05, 0x00, 0x00, 0xf9, 0x00, 0x02, // ................
	0x00, 0xfa, 0x09, 0x00, 0x00, 0xf8, 0x00, 0x02, 0x00, 0xcc, 0x09, 0x00, 0x00, 0xb4, 0x00, 0x05, // ................
	0x00, 0x43, 0x00, 0x00, 0x00, 0xce, 0x09, 0x00, 0x00, 0xc6, 0x05, 0x00, 0x00, 0x57, 0x01, 0x00, // .C...........W..
	0x00, 0xf7, 0x00, 0x03, 0x00, 0xf9, 0x09, 0x00, 0x00, 0x00, 0x00, 0x00, 0x00, 0xfa, 0x00, 0x04, // ................
	0x00, 0xce, 0x09, 0x00, 0x00, 0xcf, 0x09, 0x00, 0x00, 0xe2, 0x09, 0x00, 0x00, 0xf8, 0x00, 0x02, // ................
	0x00, 0xcf, 0x09, 0x00, 0x00, 0x4f, 0x00, 0x08, 0x00, 0x13, 0x00, 0x00, 0x00, 0xd2, 0x09, 0x00, // .....O..........
	0x00, 0x40, 0x0b, 0x00, 0x00, 0x40, 0x0b, 0x00, 0x00, 0x00, 0x00, 0x00, 0x00, 0x01, 0x00, 0x00, // .@...@..........
	0x00, 0x02, 0x00, 0x00, 0x00, 0x4f, 0x00, 0x08, 0x00, 0x13, 0x00, 0x00, 0x00, 0xd4, 0x09, 0x00, // .....O..........
	0x00, 0x20, 0x0b, 0x00, 0x00, 0x20, 0x0b, 0x00, 0x00, 0x00, 0x00, 0x00, 0x00, 0x01, 0x00, 0x00, // . ... ..........
	0x00, 0x02, 0x00, 0x00, 0x00, 0x8e, 0x00, 0x05, 0x00, 0x13, 0x00, 0x00, 0x00, 0xd7, 0x09, 0x00, // ................
	0x00, 0xd4, 0x09, 0x00, 0x00, 0xc0, 0x05, 0x00, 0x00, 0x83, 0x00, 0x05, 0x00, 0x13, 0x00, 0x00, // ................
	0x00, 0xd8, 0x09, 0x00, 0x00, 0xd2, 0x09, 0x00, 0x00, 0xd7, 0x09, 0x00, 0x00, 0x51, 0x00, 0x05, // .............Q..
	0x00, 0x07, 0x00, 0x00, 0x00, 0xda, 0x09, 0x00, 0x00, 0xd8, 0x09, 0x00, 0x00, 0x00, 0x00, 0x00, // ................
	0x00, 0x51, 0x00, 0x05, 0x00, 0x07, 0x00, 0x00, 0x00, 0xdd, 0x09, 0x00, 0x00, 0xd8, 0x09, 0x00, // .Q..............
	0x00, 0x01, 0x00, 0x00, 0x00, 0x51, 0x00, 0x05, 0x00, 0x07, 0x00, 0x00, 0x00, 0xe0, 0x09, 0x00, // .....Q..........
	0x00, 0xd8, 0x09, 0x00, 0x00, 0x02, 0x00, 0x00, 0x00, 0x50, 0x00, 0x07, 0x00, 0x0d, 0x00, 0x00, // .........P......
	0x00, 0xd4, 0x0b, 0x00, 0x00, 0xda, 0x09, 0x00, 0x00, 0xdd, 0x09, 0x00, 0x00, 0xe0, 0x09, 0x00, // ................
	0x00, 0x95, 0x05, 0x00, 0x00, 0xf9, 0x00, 0x02, 0x00, 0xf9, 0x09, 0x00, 0x00, 0xf8, 0x00, 0x02, // ................
	0x00, 0xe2, 0x09, 0x00, 0x00, 0xb4, 0x00, 0x05, 0x00, 0x43, 0x00, 0x00, 0x00, 0xe4, 0x09, 0x00, // .........C......
	0x00, 0xc6, 0x05, 0x00, 0x00, 0x12, 0x02, 0x00, 0x00, 0xf7, 0x00, 0x03, 0x00, 0xf8, 0x09, 0x00, // ................
	0x00, 0x00, 0x00, 0x00, 0x00, 0xfa, 0x00, 0x04, 0x00, 0xe4, 0x09, 0x00, 0x00, 0xe5, 0x09, 0x00, // ................
	0x00, 0xf8, 0x09, 0x00, 0x00, 0xf8, 0x00, 0x02, 0x00, 0xe5, 0x09, 0x00, 0x00, 0x4f, 0x00, 0x08, // .............O..
	0x00, 0x13, 0x00, 0x00, 0x00, 0xe8, 0x09, 0x00, 0x00, 0x40, 0x0b, 0x00, 0x00, 0x40, 0x0b, 0x00, // .........@...@..
	0x00, 0x00, 0x00, 0x00, 0x00, 0x01, 0x00, 0x00, 0x00, 0x02, 0x00, 0x00, 0x00, 0x4f, 0x00, 0x08, // .............O..
	0x00, 0x13, 0x00, 0x00, 0x00, 0xea, 0x09, 0x00, 0x00, 0x20, 0x0b, 0x00, 0x00, 0x20, 0x0b, 0x00, // ......... ... ..
	0x00, 0x00, 0x00, 0x00, 0x00, 0x01, 0x00, 0x00, 0x00, 0x02, 0x00, 0x00, 0x00, 0x8e, 0x00, 0x05, // ................
	0x00, 0x13, 0x00, 0x00, 0x00, 0xed, 0x09, 0x00, 0x00, 0xea, 0x09, 0x00, 0x00, 0xc0, 0x05, 0x00, // ................
	0x00, 0x85, 0x00, 0x05, 0x00, 0x13, 0x00, 0x00, 0x00, 0xee, 0x09, 0x00, 0x00, 0xe8, 0x09, 0x00, // ................
	0x00, 0xed, 0x09, 0x00, 0x00, 0x51, 0x00, 0x05, 0x00, 0x07, 0x00, 0x00, 0x00, 0xf0, 0x09, 0x00, // .....Q..........
	0x00, 0xee, 0x09, 0x00, 0x00, 0x00, 0x00, 0x00, 0x00, 0x51, 0x00, 0x05, 0x00, 0x07, 0x00, 0x00, // .........Q......
	0x00, 0xf3, 0x09, 0x00, 0x00, 0xee, 0x09, 0x00, 0x00, 0x01, 0x00, 0x00, 0x00, 0x51, 0x00, 0x05, // .............Q..
	0x00, 0x07, 0x00, 0x00, 0x00, 0xf6, 0x09, 0x00, 0x00, 0xee, 0x09, 0x00, 0x00, 0x02, 0x00, 0x00, // ................
	0x00, 0x50, 0x00, 0x07, 0x00, 0x0d, 0x00, 0x00, 0x00, 0xd3, 0x0b, 0x00, 0x00, 0xf0, 0x09, 0x00, // .P..............
	0x00, 0xf3, 0x09, 0x00, 0x00, 0xf6, 0x09, 0x00, 0x00, 0x95, 0x05, 0x00, 0x00, 0xf9, 0x00, 0x02, // ................
	0x00, 0xf8, 0x09, 0x00, 0x00, 0xf8, 0x00, 0x02, 0x00, 0xf8, 0x09, 0x00, 0x00, 0xf5, 0x00, 0x07, // ................
	0x00, 0x0d, 0x00, 0x00, 0x00, 0xcd, 0x0b, 0x00, 0x00, 0x40, 0x0b, 0x00, 0x00, 0xe2, 0x09, 0x00, // .........@......
	0x00, 0xd3, 0x0b, 0x00, 0x00, 0xe5, 0x09, 0x00, 0x00, 0xf9, 0x00, 0x02, 0x00, 0xf9, 0x09, 0x00, // ................
	0x00, 0xf8, 0x00, 0x02, 0x00, 0xf9, 0x09, 0x00, 0x00, 0xf5, 0x00, 0x07, 0x00, 0x0d, 0x00, 0x00, // ................
	0x00, 0xcc, 0x0b, 0x00, 0x00, 0xd4, 0x0b, 0x00, 0x00, 0xcf, 0x09, 0x00, 0x00, 0xcd, 0x0b, 0x00, // ................
	0x00, 0xf8, 0x09, 0x00, 0x00, 0xf9, 0x00, 0x02, 0x00, 0xfa, 0x09, 0x00, 0x00, 0xf8, 0x00, 0x02, // ................
	0x00, 0xfa, 0x09, 0x00, 0x00, 0xf5, 0x00, 0x07, 0x00, 0x0d, 0x00, 0x00, 0x00, 0xcb, 0x0b, 0x00, // ................
	0x00, 0xd5, 0x0b, 0x00, 0x00, 0xb9, 0x09, 0x00, 0x00, 0xcc, 0x0b, 0x00, 0x00, 0xf9, 0x09, 0x00, // ................
	0x00, 0xf9, 0x00, 0x02, 0x00, 0xfb, 0x09, 0x00, 0x00, 0xf8, 0x00, 0x02, 0x00, 0xfb, 0x09, 0x00, // ................
	0x00, 0xf5, 0x00, 0x07, 0x00, 0x0d, 0x00, 0x00, 0x00, 0xca, 0x0b, 0x00, 0x00, 0xd6, 0x0b, 0x00, // ................
	0x00, 0x9f, 0x09, 0x00, 0x00, 0xcb, 0x0b, 0x00, 0x00, 0xfa, 0x09, 0x00, 0x00, 0x41, 0x00, 0x06, // .............A..
	0x00, 0xa6, 0x02, 0x00, 0x00, 0xca, 0x05, 0x00, 0x00, 0xa4, 0x02, 0x00, 0x00, 0xdc, 0x00, 0x00, // ................
	0x00, 0x63, 0x01, 0x00, 0x00, 0x3d, 0x00, 0x04, 0x00, 0x07, 0x00, 0x00, 0x00, 0xcb, 0x05, 0x00, // .c...=..........
	0x00, 0xca, 0x05, 0x00, 0x00, 0xb4, 0x00, 0x05, 0x00, 0x43, 0x00, 0x00, 0x00, 0xcc, 0x05, 0x00, // .........C......
	0x00, 0xcb, 0x05, 0x00, 0x00, 0x59, 0x01, 0x00, 0x00, 0xf7, 0x00, 0x03, 0x00, 0x27, 0x06, 0x00, // .....Y.......'..
	0x00, 0x00, 0x00, 0x00, 0x00, 0xfa, 0x00, 0x04, 0x00, 0xcc, 0x05, 0x00, 0x00, 0xcd, 0x05, 0x00, // ................
	0x00, 0x27, 0x06, 0x00, 0x00, 0xf8, 0x00, 0x02, 0x00, 0xcd, 0x05, 0x00, 0x00, 0x41, 0x00, 0x05, // .'...........A..
	0x00, 0xb4, 0x02, 0x00, 0x00, 0xce, 0x05, 0x00, 0x00, 0xa4, 0x02, 0x00, 0x00, 0xeb, 0x00, 0x00, // ................
	0x00, 0x3d, 0x00, 0x04, 0x00, 0x0d, 0x00, 0x00, 0x00, 0xcf, 0x05, 0x00, 0x00, 0xce, 0x05, 0x00, // .=..............
	0x00, 0x4f, 0x00, 0x08, 0x00, 0x13, 0x00, 0x00, 0x00, 0xd0, 0x05, 0x00, 0x00, 0xcf, 0x05, 0x00, // .O..............
	0x00, 0xcf, 0x05, 0x00, 0x00, 0x00, 0x00, 0x00, 0x00, 0x01, 0x00, 0x00, 0x00, 0x02, 0x00, 0x00, // ................
	0x00, 0x7f, 0x00, 0x04, 0x00, 0x13, 0x00, 0x00, 0x00, 0xd1, 0x05, 0x00, 0x00, 0xd0, 0x05, 0x00, // ................
	0x00, 0x0c, 0x00, 0x06, 0x00, 0x13, 0x00, 0x00, 0x00, 0xd2, 0x05, 0x00, 0x00, 0x01, 0x00, 0x00, // ................
	0x00, 0x45, 0x00, 0x00, 0x00, 0xd1, 0x05, 0x00, 0x00, 0x0c, 0x00, 0x06, 0x00, 0x13, 0x00, 0x00, // .E..............
	0x00, 0xd6, 0x05, 0x00, 0x00, 0x01, 0x00, 0x00, 0x00, 0x45, 0x00, 0x00, 0x00, 0x90, 0x04, 0x00, // .........E......
	0x00, 0x94, 0x00, 0x05, 0x00, 0x07, 0x00, 0x00, 0x00, 0xd7, 0x05, 0x00, 0x00, 0xd2, 0x05, 0x00, // ................
	0x00, 0xd6, 0x05, 0x00, 0x00, 0x0c, 0x00, 0x08, 0x00, 0x07, 0x00, 0x00, 0x00, 0xd8, 0x05, 0x00, // ................
	0x00, 0x01, 0x00, 0x00, 0x00, 0x2b, 0x00, 0x00, 0x00, 0xd7, 0x05, 0x00, 0x00, 0x21, 0x01, 0x00, // .....+.......!..
	0x00, 0x59, 0x01, 0x00, 0x00, 0x41, 0x00, 0x06, 0x00, 0xa6, 0x02, 0x00, 0x00, 0xda, 0x05, 0x00, // .Y...A..........
	0x00, 0xa4, 0x02, 0x00, 0x00, 0xdc, 0x00, 0x00, 0x00, 0xfa, 0x00, 0x00, 0x00, 0x3d, 0x00, 0x04, // .............=..
	0x00, 0x07, 0x00, 0x00, 0x00, 0xdb, 0x05, 0x00, 0x00, 0xda, 0x05, 0x00, 0x00, 0x0c, 0x00, 0x07, // ................
	0x00, 0x07, 0x00, 0x00, 0x00, 0xdc, 0x05, 0x00, 0x00, 0x01, 0x00, 0x00, 0x00, 0x1a, 0x00, 0x00, // ................
	0x00, 0xd8, 0x05, 0x00, 0x00, 0xdb, 0x05, 0x00, 0x00, 0x50, 0x00, 0x07, 0x00, 0x0d, 0x00, 0x00, // .........P......
	0x00, 0xff, 0x09, 0x00, 0x00, 0xdc, 0x05, 0x00, 0x00, 0xdc, 0x05, 0x00, 0x00, 0xdc, 0x05, 0x00, // ................
	0x00, 0xdc, 0x05, 0x00, 0x00, 0x41, 0x00, 0x05, 0x00, 0xb4, 0x02, 0x00, 0x00, 0xde, 0x05, 0x00, // .....A..........
	0x00, 0xa4, 0x02, 0x00, 0x00, 0xe6, 0x00, 0x00, 0x00, 0x3d, 0x00, 0x04, 0x00, 0x0d, 0x00, 0x00, // .........=......
	0x00, 0xdf, 0x05, 0x00, 0x00, 0xde, 0x05, 0x00, 0x00, 0x41, 0x00, 0x05, 0x00, 0xb4, 0x02, 0x00, // .........A......
	0x00, 0xe0, 0x05, 0x00, 0x00, 0xa4, 0x02, 0x00, 0x00, 0xec, 0x00, 0x00, 0x00, 0x3d, 0x00, 0x04, // .............=..
	0x00, 0x0d, 0x00, 0x00, 0x00, 0xe1, 0x05, 0x00, 0x00, 0xe0, 0x05, 0x00, 0x00, 0x0c, 0x00, 0x08, // ................
	0x00, 0x0d, 0x00, 0x00, 0x00, 0x05, 0x0a, 0x00, 0x00, 0x01, 0x00, 0x00, 0x00, 0x2e, 0x00, 0x00, // ................
	0x00, 0xdf, 0x05, 0x00, 0x00, 0xe1, 0x05, 0x00, 0x00, 0xff, 0x09, 0x00, 0x00, 0x41, 0x00, 0x06, // .............A..
	0x00, 0xa6, 0x02, 0x00, 0x00, 0xe3, 0x05, 0x00, 0x00, 0xa4, 0x02, 0x00, 0x00, 0xdc, 0x00, 0x00, // ................
	0x00, 0x5e, 0x01, 0x00, 0x00, 0x3d, 0x00, 0x04, 0x00, 0x07, 0x00, 0x00, 0x00, 0xe4, 0x05, 0x00, // .^...=..........
	0x00, 0xe3, 0x05, 0x00, 0x00, 0xb4, 0x00, 0x05, 0x00, 0x43, 0x00, 0x00, 0x00, 0xe5, 0x05, 0x00, // .........C......
	0x00, 0xe4, 0x05, 0x00, 0x00, 0x21, 0x01, 0x00, 0x00, 0xf7, 0x00, 0x03, 0x00, 0x20, 0x06, 0x00, // .....!....... ..
	0x00, 0x00, 0x00, 0x00, 0x00, 0xfa, 0x00, 0x04, 0x00, 0xe5, 0x05, 0x00, 0x00, 0xe6, 0x05, 0x00, // ................
	0x00, 0xf6, 0x05, 0x00, 0x00, 0xf8, 0x00, 0x02, 0x00, 0xe6, 0x05, 0x00, 0x00, 0x4f, 0x00, 0x08, // .............O..
	0x00, 0x13, 0x00, 0x00, 0x00, 0xe9, 0x05, 0x00, 0x00, 0xca, 0x0b, 0x00, 0x00, 0xca, 0x0b, 0x00, // ................
	0x00, 0x00, 0x00, 0x00, 0x00, 0x01, 0x00, 0x00, 0x00, 0x02, 0x00, 0x00, 0x00, 0x4f, 0x00, 0x08, // .............O..
	0x00, 0x13, 0x00, 0x00, 0x00, 0xeb, 0x05, 0x00, 0x00, 0x05, 0x0a, 0x00, 0x00, 0x05, 0x0a, 0x00, // ................
	0x00, 0x00, 0x00, 0x00, 0x00, 0x01, 0x00, 0x00, 0x00, 0x02, 0x00, 0x00, 0x00, 0x81, 0x00, 0x05, // ................
	0x00, 0x13, 0x00, 0x00, 0x00, 0xec, 0x05, 0x00, 0x00, 0xe9, 0x05, 0x00, 0x00, 0xeb, 0x05, 0x00, // ................
	0x00, 0x51, 0x00, 0x05, 0x00, 0x07, 0x00, 0x00, 0x00, 0xee, 0x05, 0x00, 0x00, 0xec, 0x05, 0x00, // .Q..............
	0x00, 0x00, 0x00, 0x00, 0x00, 0x52, 0x00, 0x06, 0x00, 0x0d, 0x00, 0x00, 0x00, 0x7b, 0x0b, 0x00, // .....R.......{..
	0x00, 0xee, 0x05, 0x00, 0x00, 0xca, 0x0b, 0x00, 0x00, 0x00, 0x00, 0x00, 0x00, 0x51, 0x00, 0x05, // .............Q..
	0x00, 0x07, 0x00, 0x00, 0x00, 0xf1, 0x05, 0x00, 0x00, 0xec, 0x05, 0x00, 0x00, 0x01, 0x00, 0x00, // ................
	0x00, 0x52, 0x00, 0x06, 0x00, 0x0d, 0x00, 0x00, 0x00, 0x7e, 0x0b, 0x00, 0x00, 0xf1, 0x05, 0x00, // .R.......~......
	0x00, 0x7b, 0x0b, 0x00, 0x00, 0x01, 0x00, 0x00, 0x00, 0x51, 0x00, 0x05, 0x00, 0x07, 0x00, 0x00, // .{.......Q......
	0x00, 0xf4, 0x05, 0x00, 0x00, 0xec, 0x05, 0x00, 0x00, 0x02, 0x00, 0x00, 0x00, 0x52, 0x00, 0x06, // .............R..
	0x00, 0x0d, 0x00, 0x00, 0x00, 0x81, 0x0b, 0x00, 0x00, 0xf4, 0x05, 0x00, 0x00, 0x7e, 0x0b, 0x00, // .............~..
	0x00, 0x02, 0x00, 0x00, 0x00, 0xf9, 0x00, 0x02, 0x00, 0x20, 0x06, 0x00, 0x00, 0xf8, 0x00, 0x02, // ......... ......
	0x00, 0xf6, 0x05, 0x00, 0x00, 0xb4, 0x00, 0x05, 0x00, 0x43, 0x00, 0x00, 0x00, 0xf9, 0x05, 0x00, // .........C......
	0x00, 0xe4, 0x05, 0x00, 0x00, 0x59, 0x01, 0x00, 0x00, 0xf7, 0x00, 0x03, 0x00, 0x1f, 0x06, 0x00, // .....Y..........
	0x00, 0x00, 0x00, 0x00, 0x00, 0xfa, 0x00, 0x04, 0x00, 0xf9, 0x05, 0x00, 0x00, 0xfa, 0x05, 0x00, // ................
	0x00, 0x0a, 0x06, 0x00, 0x00, 0xf8, 0x00, 0x02, 0x00, 0xfa, 0x05, 0x00, 0x00, 0x4f, 0x00, 0x08, // .............O..
	0x00, 0x13, 0x00, 0x00, 0x00, 0xfd, 0x05, 0x00, 0x00, 0xca, 0x0b, 0x00, 0x00, 0xca, 0x0b, 0x00, // ................
	0x00, 0x00, 0x00, 0x00, 0x00, 0x01, 0x00, 0x00, 0x00, 0x02, 0x00, 0x00, 0x00, 0x4f, 0x00, 0x08, // .............O..
	0x00, 0x13, 0x00, 0x00, 0x00, 0xff, 0x05, 0x00, 0x00, 0x05, 0x0a, 0x00, 0x00, 0x05, 0x0a, 0x00, // ................
	0x00, 0x00, 0x00, 0x00, 0x00, 0x01, 0x00, 0x00, 0x00, 0x02, 0x00, 0x00, 0x00, 0x83, 0x00, 0x05, // ................
	0x00, 0x13, 0x00, 0x00, 0x00, 0x00, 0x06, 0x00, 0x00, 0xfd, 0x05, 0x00, 0x00, 0xff, 0x05, 0x00, // ................
	0x00, 0x51, 0x00, 0x05, 0x00, 0x07, 0x00, 0x00, 0x00, 0x02, 0x06, 0x00, 0x00, 0x00, 0x06, 0x00, // .Q..............
	0x00, 0x00, 0x00, 0x00, 0x00, 0x52, 0x00, 0x06, 0x00, 0x0d, 0x00, 0x00, 0x00, 0x84, 0x0b, 0x00, // .....R..........
	0x00, 0x02, 0x06, 0x00, 0x00, 0xca, 0x0b, 0x00, 0x00, 0x00, 0x00, 0x00, 0x00, 0x51, 0x00, 0x05, // .............Q..
	0x00, 0x07, 0x00, 0x00, 0x00, 0x05, 0x06, 0x00, 0x00, 0x00, 0x06, 0x00, 0x00, 0x01, 0x00, 0x00, // ................
	0x00, 0x52, 0x00, 0x06, 0x00, 0x0d, 0x00, 0x00, 0x00, 0x87, 0x0b, 0x00, 0x00, 0x05, 0x06, 0x00, // .R..............
	0x00, 0x84, 0x0b, 0x00, 0x00, 0x01, 0x00, 0x00, 0x00, 0x51, 0x00, 0x05, 0x00, 0x07, 0x00, 0x00, // .........Q......
	0x00, 0x08, 0x06, 0x00, 0x00, 0x00, 0x06, 0x00, 0x00, 0x02, 0x00, 0x00, 0x00, 0x52, 0x00, 0x06, // .............R..
	0x00, 0x0d, 0x00, 0x00, 0x00, 0x8a, 0x0b, 0x00, 0x00, 0x08, 0x06, 0x00, 0x00, 0x87, 0x0b, 0x00, // ................
	0x00, 0x02, 0x00, 0x00, 0x00, 0xf9, 0x00, 0x02, 0x00, 0x1f, 0x06, 0x00, 0x00, 0xf8, 0x00, 0x02, // ................
	0x00, 0x0a, 0x06, 0x00, 0x00, 0xb4, 0x00, 0x05, 0x00, 0x43, 0x00, 0x00, 0x00, 0x0d, 0x06, 0x00, // .........C......
	0x00, 0xe4, 0x05, 0x00, 0x00, 0x57, 0x01, 0x00, 0x00, 0xf7, 0x00, 0x03, 0x00, 0x1e, 0x06, 0x00, // .....W..........
	0x00, 0x00, 0x00, 0x00, 0x00, 0xfa, 0x00, 0x04, 0x00, 0x0d, 0x06, 0x00, 0x00, 0x0e, 0x06, 0x00, // ................
	0x00, 0x1e, 0x06, 0x00, 0x00, 0xf8, 0x00, 0x02, 0x00, 0x0e, 0x06, 0x00, 0x00, 0x4f, 0x00, 0x08, // .............O..
	0x00, 0x13, 0x00, 0x00, 0x00, 0x11, 0x06, 0x00, 0x00, 0xca, 0x0b, 0x00, 0x00, 0xca, 0x0b, 0x00, // ................
	0x00, 0x00, 0x00, 0x00, 0x00, 0x01, 0x00, 0x00, 0x00, 0x02, 0x00, 0x00, 0x00, 0x4f, 0x00, 0x08, // .............O..
	0x00, 0x13, 0x00, 0x00, 0x00, 0x13, 0x06, 0x00, 0x00, 0x05, 0x0a, 0x00, 0x00, 0x05, 0x0a, 0x00, // ................
	0x00, 0x00, 0x00, 0x00, 0x00, 0x01, 0x00, 0x00, 0x00, 0x02, 0x00, 0x00, 0x00, 0x85, 0x00, 0x05, // ................
	0x00, 0x13, 0x00, 0x00, 0x00, 0x14, 0x06, 0x00, 0x00, 0x11, 0x06, 0x00, 0x00, 0x13, 0x06, 0x00, // ................
	0x00, 0x51, 0x00, 0x05, 0x00, 0x07, 0x00, 0x00, 0x00, 0x16, 0x06, 0x00, 0x00, 0x14, 0x06, 0x00, // .Q..............
	0x00, 0x00, 0x00, 0x00, 0x00, 0x52, 0x00, 0x06, 0x00, 0x0d, 0x00, 0x00, 0x00, 0x8d, 0x0b, 0x00, // .....R..........
	0x00, 0x16, 0x06, 0x00, 0x00, 0xca, 0x0b, 0x00, 0x00, 0x00, 0x00, 0x00, 0x00, 0x51, 0x00, 0x05, // .............Q..
	0x00, 0x07, 0x00, 0x00, 0x00, 0x19, 0x06, 0x00, 0x00, 0x14, 0x06, 0x00, 0x00, 0x01, 0x00, 0x00, // ................
	0x00, 0x52, 0x00, 0x06, 0x00, 0x0d, 0x00, 0x00, 0x00, 0x90, 0x0b, 0x00, 0x00, 0x19, 0x06, 0x00, // .R..............
	0x00, 0x8d, 0x0b, 0x00, 0x00, 0x01, 0x00, 0x00, 0x00, 0x51, 0x00, 0x05, 0x00, 0x07, 0x00, 0x00, // .........Q......
	0x00, 0x1c, 0x06, 0x00, 0x00, 0x14, 0x06, 0x00, 0x00, 0x02, 0x00, 0x00, 0x00, 0x52, 0x00, 0x06, // .............R..
	0x00, 0x0d, 0x00, 0x00, 0x00, 0x93, 0x0b, 0x00, 0x00, 0x1c, 0x06, 0x00, 0x00, 0x90, 0x0b, 0x00, // ................
	0x00, 0x02, 0x00, 0x00, 0x00, 0xf9, 0x00, 0x02, 0x00, 0x1e, 0x06, 0x00, 0x00, 0xf8, 0x00, 0x02, // ................
	0x00, 0x1e, 0x06, 0x00, 0x00, 0xf5, 0x00, 0x07, 0x00, 0x0d, 0x00, 0x00, 0x00, 0xd0, 0x0b, 0x00, // ................
	0x00, 0xca, 0x0b, 0x00, 0x00, 0x0a, 0x06, 0x00, 0x00, 0x93, 0x0b, 0x00, 0x00, 0x0e, 0x06, 0x00, // ................
	0x00, 0xf9, 0x00, 0x02, 0x00, 0x1f, 0x06, 0x00, 0x00, 0xf8, 0x00, 0x02, 0x00, 0x1f, 0x06, 0x00, // ................
	0x00, 0xf5, 0x00, 0x07, 0x00, 0x0d, 0x00, 0x00, 0x00, 0xcf, 0x0b, 0x00, 0x00, 0x8a, 0x0b, 0x00, // ................
	0x00, 0xfa, 0x05, 0x00, 0x00, 0xd0, 0x0b, 0x00, 0x00, 0x1e, 0x06, 0x00, 0x00, 0xf9, 0x00, 0x02, // ................
	0x00, 0x20, 0x06, 0x00, 0x00, 0xf8, 0x00, 0x02, 0x00, 0x20, 0x06, 0x00, 0x00, 0xf5, 0x00, 0x07, // . ....... ......
	0x00, 0x0d, 0x00, 0x00, 0x00, 0xce, 0x0b, 0x00, 0x00, 0x81, 0x0b, 0x00, 0x00, 0xe6, 0x05, 0x00, // ................
	0x00, 0xcf, 0x0b, 0x00, 0x00, 0x1f, 0x06, 0x00, 0x00, 0x51, 0x00, 0x05, 0x00, 0x07, 0x00, 0x00, // .........Q......
	0x00, 0x22, 0x06, 0x00, 0x00, 0x05, 0x0a, 0x00, 0x00, 0x03, 0x00, 0x00, 0x00, 0x51, 0x00, 0x05, // ."...........Q..
	0x00, 0x07, 0x00, 0x00, 0x00, 0x24, 0x06, 0x00, 0x00, 0xce, 0x0b, 0x00, 0x00, 0x03, 0x00, 0x00, // .....$..........
	0x00, 0x85, 0x00, 0x05, 0x00, 0x07, 0x00, 0x00, 0x00, 0x25, 0x06, 0x00, 0x00, 0x24, 0x06, 0x00, // .........%...$..
	0x00, 0x22, 0x06, 0x00, 0x00, 0x52, 0x00, 0x06, 0x00, 0x0d, 0x00, 0x00, 0x00, 0x97, 0x0b, 0x00, // ."...R..........
	0x00, 0x25, 0x06, 0x00, 0x00, 0xce, 0x0b, 0x00, 0x00, 0x03, 0x00, 0x00, 0x00, 0xf9, 0x00, 0x02, // .%..............
	0x00, 0x27, 0x06, 0x00, 0x00, 0xf8, 0x00, 0x02, 0x00, 0x27, 0x06, 0x00, 0x00, 0xf5, 0x00, 0x07, // .'.......'......
	0x00, 0x0d, 0x00, 0x00, 0x00, 0xd1, 0x0b, 0x00, 0x00, 0xca, 0x0b, 0x00, 0x00, 0xfb, 0x09, 0x00, // ................
	0x00, 0x97, 0x0b, 0x00, 0x00, 0x20, 0x06, 0x00, 0x00, 0x4f, 0x00, 0x08, 0x00, 0x13, 0x00, 0x00, // ..... ...O......
	0x00, 0x2a, 0x06, 0x00, 0x00, 0xd1, 0x0b, 0x00, 0x00, 0xd1, 0x0b, 0x00, 0x00, 0x00, 0x00, 0x00, // .*..............
	0x00, 0x01, 0x00, 0x00, 0x00, 0x02, 0x00, 0x00, 0x00, 0x41, 0x00, 0x06, 0x00, 0xa6, 0x02, 0x00, // .........A......
	0x00, 0x2b, 0x06, 0x00, 0x00, 0xa4, 0x02, 0x00, 0x00, 0xfe, 0x00, 0x00, 0x00, 0x63, 0x01, 0x00, // .+...........c..
	0x00, 0x3d, 0x00, 0x04, 0x00, 0x07, 0x00, 0x00, 0x00, 0x2c, 0x06, 0x00, 0x00, 0x2b, 0x06, 0x00, // .=.......,...+..
	0x00, 0x8e, 0x00, 0x05, 0x00, 0x13, 0x00, 0x00, 0x00, 0x2d, 0x06, 0x00, 0x00, 0x2a, 0x06, 0x00, // .........-...*..
	0x00, 0x2c, 0x06, 0x00, 0x00, 0x51, 0x00, 0x05, 0x00, 0x07, 0x00, 0x00, 0x00, 0x2f, 0x06, 0x00, // .,...Q......./..
	0x00, 0x2d, 0x06, 0x00, 0x00, 0x00, 0x00, 0x00, 0x00, 0x52, 0x00, 0x06, 0x00, 0x0d, 0x00, 0x00, // .-.......R......
	0x00, 0x9a, 0x0b, 0x00, 0x00, 0x2f, 0x06, 0x00, 0x00, 0xd1, 0x0b, 0x00, 0x00, 0x00, 0x00, 0x00, // ...../..........
	0x00, 0x51, 0x00, 0x05, 0x00, 0x07, 0x00, 0x00, 0x00, 0x32, 0x06, 0x00, 0x00, 0x2d, 0x06, 0x00, // .Q.......2...-..
	0x00, 0x01, 0x00, 0x00, 0x00, 0x52, 0x00, 0x06, 0x00, 0x0d, 0x00, 0x00, 0x00, 0x9d, 0x0b, 0x00, // .....R..........
	0x00, 0x32, 0x06, 0x00, 0x00, 0x9a, 0x0b, 0x00, 0x00, 0x01, 0x00, 0x00, 0x00, 0x51, 0x00, 0x05, // .2...........Q..
	0x00, 0x07, 0x00, 0x00, 0x00, 0x35, 0x06, 0x00, 0x00, 0x2d, 0x06, 0x00, 0x00, 0x02, 0x00, 0x00, // .....5...-......
	0x00, 0x52, 0x00, 0x06, 0x00, 0x0d, 0x00, 0x00, 0x00, 0xa0, 0x0b, 0x00, 0x00, 0x35, 0x06, 0x00, // .R...........5..
	0x00, 0x9d, 0x0b, 0x00, 0x00, 0x02, 0x00, 0x00, 0x00, 0x41, 0x00, 0x05, 0x00, 0x2d, 0x0b, 0x00, // .........A...-..
	0x00, 0x13, 0x0b, 0x00, 0x00, 0x88, 0x04, 0x00, 0x00, 0xff, 0x00, 0x00, 0x00, 0x3d, 0x00, 0x04, // .............=..
	0x00, 0x07, 0x00, 0x00, 0x00, 0x3a, 0x06, 0x00, 0x00, 0x13, 0x0b, 0x00, 0x00, 0x50, 0x00, 0x07, // .....:.......P..
	0x00, 0x0d, 0x00, 0x00, 0x00, 0x09, 0x0a, 0x00, 0x00, 0x3a, 0x06, 0x00, 0x00, 0x3a, 0x06, 0x00, // .........:...:..
	0x00, 0x3a, 0x06, 0x00, 0x00, 0x3a, 0x06, 0x00, 0x00, 0x88, 0x00, 0x05, 0x00, 0x0d, 0x00, 0x00, // .:...:..........
	0x00, 0x3c, 0x06, 0x00, 0x00, 0x89, 0x04, 0x00, 0x00, 0x09, 0x0a, 0x00, 0x00, 0x4f, 0x00, 0x07, // .<...........O..
	0x00, 0x0b, 0x00, 0x00, 0x00, 0x3e, 0x06, 0x00, 0x00, 0x3c, 0x06, 0x00, 0x00, 0x3c, 0x06, 0x00, // .....>...<...<..
	0x00, 0x00, 0x00, 0x00, 0x00, 0x01, 0x00, 0x00, 0x00, 0x81, 0x00, 0x05, 0x00, 0x0b, 0x00, 0x00, // ................
	0x00, 0x40, 0x06, 0x00, 0x00, 0x3e, 0x06, 0x00, 0x00, 0x23, 0x0b, 0x00, 0x00, 0x85, 0x00, 0x05, // .@...>...#......
	0x00, 0x0b, 0x00, 0x00, 0x00, 0x42, 0x06, 0x00, 0x00, 0x40, 0x06, 0x00, 0x00, 0x2c, 0x0b, 0x00, // .....B...@...,..
	0x00, 0x51, 0x00, 0x05, 0x00, 0x07, 0x00, 0x00, 0x00, 0x44, 0x06, 0x00, 0x00, 0x42, 0x06, 0x00, // .Q.......D...B..
	0x00, 0x01, 0x00, 0x00, 0x00, 0x83, 0x00, 0x05, 0x00, 0x07, 0x00, 0x00, 0x00, 0x45, 0x06, 0x00, // .............E..
	0x00, 0x59, 0x01, 0x00, 0x00, 0x44, 0x06, 0x00, 0x00, 0x41, 0x00, 0x06, 0x00, 0xa6, 0x02, 0x00, // .Y...D...A......
	0x00, 0x47, 0x06, 0x00, 0x00, 0xa4, 0x02, 0x00, 0x00, 0xed, 0x03, 0x00, 0x00, 0x63, 0x01, 0x00, // .G...........c..
	0x00, 0x3d, 0x00, 0x04, 0x00, 0x07, 0x00, 0x00, 0x00, 0x48, 0x06, 0x00, 0x00, 0x47, 0x06, 0x00, // .=.......H...G..
	0x00, 0x41, 0x00, 0x06, 0x00, 0xa6, 0x02, 0x00, 0x00, 0x49, 0x06, 0x00, 0x00, 0xa4, 0x02, 0x00, // .A.......I......
	0x00, 0xed, 0x03, 0x00, 0x00, 0x5e, 0x01, 0x00, 0x00, 0x3d, 0x00, 0x04, 0x00, 0x07, 0x00, 0x00, // .....^...=......
	0x00, 0x4a, 0x06, 0x00, 0x00, 0x49, 0x06, 0x00, 0x00, 0x85, 0x00, 0x05, 0x00, 0x07, 0x00, 0x00, // .J...I..........
	0x00, 0x4d, 0x06, 0x00, 0x00, 0x4a, 0x06, 0x00, 0x00, 0x45, 0x06, 0x00, 0x00, 0x81, 0x00, 0x05, // .M...J...E......
	0x00, 0x07, 0x00, 0x00, 0x00, 0x4e, 0x06, 0x00, 0x00, 0x48, 0x06, 0x00, 0x00, 0x4d, 0x06, 0x00, // .....N...H...M..
	0x00, 0x52, 0x00, 0x06, 0x00, 0x0b, 0x00, 0x00, 0x00, 0xa6, 0x0b, 0x00, 0x00, 0x4e, 0x06, 0x00, // .R...........N..
	0x00, 0x42, 0x06, 0x00, 0x00, 0x01, 0x00, 0x00, 0x00, 0x41, 0x00, 0x06, 0x00, 0xa6, 0x02, 0x00, // .B.......A......
	0x00, 0x50, 0x06, 0x00, 0x00, 0xa4, 0x02, 0x00, 0x00, 0xf7, 0x03, 0x00, 0x00, 0xff, 0x00, 0x00, // .P..............
	0x00, 0x3d, 0x00, 0x04, 0x00, 0x07, 0x00, 0x00, 0x00, 0x51, 0x06, 0x00, 0x00, 0x50, 0x06, 0x00, // .=.......Q...P..
	0x00, 0xb7, 0x00, 0x05, 0x00, 0x43, 0x00, 0x00, 0x00, 0x52, 0x06, 0x00, 0x00, 0x51, 0x06, 0x00, // .....C...R...Q..
	0x00, 0x21, 0x01, 0x00, 0x00, 0xf7, 0x00, 0x03, 0x00, 0x6b, 0x06, 0x00, 0x00, 0x00, 0x00, 0x00, // .!.......k......
	0x00, 0xfa, 0x00, 0x04, 0x00, 0x52, 0x06, 0x00, 0x00, 0x53, 0x06, 0x00, 0x00, 0x6b, 0x06, 0x00, // .....R...S...k..
	0x00, 0xf8, 0x00, 0x02, 0x00, 0x53, 0x06, 0x00, 0x00, 0x56, 0x00, 0x05, 0x00, 0xbc, 0x00, 0x00, // .....S...V......
	0x00, 0x18, 0x0a, 0x00, 0x00, 0xb1, 0x00, 0x00, 0x00, 0xaf, 0x00, 0x00, 0x00, 0x57, 0x00, 0x05, // .............W..
	0x00, 0x0d, 0x00, 0x00, 0x00, 0x1a, 0x0a, 0x00, 0x00, 0x18, 0x0a, 0x00, 0x00, 0xa6, 0x0b, 0x00, // ................
	0x00, 0x51, 0x00, 0x05, 0x00, 0x07, 0x00, 0x00, 0x00, 0x57, 0x06, 0x00, 0x00, 0x1a, 0x0a, 0x00, // .Q.......W......
	0x00, 0x00, 0x00, 0x00, 0x00, 0x51, 0x00, 0x05, 0x00, 0x07, 0x00, 0x00, 0x00, 0x5a, 0x06, 0x00, // .....Q.......Z..
	0x00, 0x3c, 0x06, 0x00, 0x00, 0x02, 0x00, 0x00, 0x00, 0x41, 0x00, 0x05, 0x00, 0xb4, 0x02, 0x00, // .<.......A......
	0x00, 0x5b, 0x06, 0x00, 0x00, 0xa4, 0x02, 0x00, 0x00, 0xf7, 0x03, 0x00, 0x00, 0x3d, 0x00, 0x04, // .[...........=..
	0x00, 0x0d, 0x00, 0x00, 0x00, 0x5c, 0x06, 0x00, 0x00, 0x5b, 0x06, 0x00, 0x00, 0x41, 0x00, 0x05, // .........[...A..
	0x00, 0xb4, 0x02, 0x00, 0x00, 0x5d, 0x06, 0x00, 0x00, 0xa4, 0x02, 0x00, 0x00, 0x0d, 0x04, 0x00, // .....]..........
	0x00, 0x3d, 0x00, 0x04, 0x00, 0x0d, 0x00, 0x00, 0x00, 0x5e, 0x06, 0x00, 0x00, 0x5d, 0x06, 0x00, // .=.......^...]..
	0x00, 0x41, 0x00, 0x05, 0x00, 0xb4, 0x02, 0x00, 0x00, 0x5f, 0x06, 0x00, 0x00, 0xa4, 0x02, 0x00, // .A......._......
	0x00, 0x11, 0x04, 0x00, 0x00, 0x3d, 0x00, 0x04, 0x00, 0x0d, 0x00, 0x00, 0x00, 0x60, 0x06, 0x00, // .....=.......`..
	0x00, 0x5f, 0x06, 0x00, 0x00, 0x51, 0x00, 0x05, 0x00, 0x07, 0x00, 0x00, 0x00, 0x2a, 0x0a, 0x00, // ._...Q.......*..
	0x00, 0x5c, 0x06, 0x00, 0x00, 0x00, 0x00, 0x00, 0x00, 0x51, 0x00, 0x05, 0x00, 0x07, 0x00, 0x00, // .........Q......
	0x00, 0x2c, 0x0a, 0x00, 0x00, 0x5c, 0x06, 0x00, 0x00, 0x01, 0x00, 0x00, 0x00, 0x51, 0x00, 0x05, // .,...........Q..
	0x00, 0x07, 0x00, 0x00, 0x00, 0x2e, 0x0a, 0x00, 0x00, 0x5c, 0x06, 0x00, 0x00, 0x02, 0x00, 0x00, // ................
	0x00, 0x51, 0x00, 0x05, 0x00, 0x07, 0x00, 0x00, 0x00, 0x34, 0x0a, 0x00, 0x00, 0x5e, 0x06, 0x00, // .Q.......4...^..
	0x00, 0x00, 0x00, 0x00, 0x00, 0x85, 0x00, 0x05, 0x00, 0x07, 0x00, 0x00, 0x00, 0x35, 0x0a, 0x00, // .............5..
	0x00, 0x57, 0x06, 0x00, 0x00, 0x34, 0x0a, 0x00, 0x00, 0x51, 0x00, 0x05, 0x00, 0x07, 0x00, 0x00, // .W...4...Q......
	0x00, 0x37, 0x0a, 0x00, 0x00, 0x5e, 0x06, 0x00, 0x00, 0x01, 0x00, 0x00, 0x00, 0x81, 0x00, 0x05, // .7...^..........
	0x00, 0x07, 0x00, 0x00, 0x00, 0x38, 0x0a, 0x00, 0x00, 0x35, 0x0a, 0x00, 0x00, 0x37, 0x0a, 0x00, // .....8...5...7..
	0x00, 0x50, 0x00, 0x05, 0x00, 0x0b, 0x00, 0x00, 0x00, 0x3a, 0x0a, 0x00, 0x00, 0x38, 0x0a, 0x00, // .P.......:...8..
	0x00, 0x5a, 0x06, 0x00, 0x00, 0x51, 0x00, 0x05, 0x00, 0x07, 0x00, 0x00, 0x00, 0x3d, 0x0a, 0x00, // .Z...Q.......=..
	0x00, 0x60, 0x06, 0x00, 0x00, 0x03, 0x00, 0x00, 0x00, 0x8e, 0x00, 0x05, 0x00, 0x0b, 0x00, 0x00, // .`..............
	0x00, 0x3e, 0x0a, 0x00, 0x00, 0x3a, 0x0a, 0x00, 0x00, 0x3d, 0x0a, 0x00, 0x00, 0x51, 0x00, 0x05, // .>...:...=...Q..
	0x00, 0x07, 0x00, 0x00, 0x00, 0x40, 0x0a, 0x00, 0x00, 0x60, 0x06, 0x00, 0x00, 0x01, 0x00, 0x00, // .....@...`......
	0x00, 0x50, 0x00, 0x05, 0x00, 0x0b, 0x00, 0x00, 0x00, 0x67, 0x0a, 0x00, 0x00, 0x40, 0x0a, 0x00, // .P.......g...@..
	0x00, 0x40, 0x0a, 0x00, 0x00, 0x83, 0x00, 0x05, 0x00, 0x0b, 0x00, 0x00, 0x00, 0x42, 0x0a, 0x00, // .@...........B..
	0x00, 0x3e, 0x0a, 0x00, 0x00, 0x67, 0x0a, 0x00, 0x00, 0x51, 0x00, 0x05, 0x00, 0x07, 0x00, 0x00, // .>...g...Q......
	0x00, 0x44, 0x0a, 0x00, 0x00, 0x60, 0x06, 0x00, 0x00, 0x00, 0x00, 0x00, 0x00, 0x50, 0x00, 0x05, // .D...`.......P..
	0x00, 0x0b, 0x00, 0x00, 0x00, 0x6b, 0x0a, 0x00, 0x00, 0x44, 0x0a, 0x00, 0x00, 0x44, 0x0a, 0x00, // .....k...D...D..
	0x00, 0x51, 0x00, 0x05, 0x00, 0x07, 0x00, 0x00, 0x00, 0x48, 0x0a, 0x00, 0x00, 0x60, 0x06, 0x00, // .Q.......H...`..
	0x00, 0x02, 0x00, 0x00, 0x00, 0x8e, 0x00, 0x05, 0x00, 0x0b, 0x00, 0x00, 0x00, 0x49, 0x0a, 0x00, // .............I..
	0x00, 0x3a, 0x0a, 0x00, 0x00, 0x48, 0x0a, 0x00, 0x00, 0x83, 0x00, 0x05, 0x00, 0x0b, 0x00, 0x00, // .:...H..........
	0x00, 0x4a, 0x0a, 0x00, 0x00, 0x6b, 0x0a, 0x00, 0x00, 0x49, 0x0a, 0x00, 0x00, 0x88, 0x00, 0x05, // .J...k...I......
	0x00, 0x0b, 0x00, 0x00, 0x00, 0x4b, 0x0a, 0x00, 0x00, 0x42, 0x0a, 0x00, 0x00, 0x4a, 0x0a, 0x00, // .....K...B...J..
	0x00, 0x51, 0x00, 0x05, 0x00, 0x07, 0x00, 0x00, 0x00, 0x4d, 0x0a, 0x00, 0x00, 0x4b, 0x0a, 0x00, // .Q.......M...K..
	0x00, 0x00, 0x00, 0x00, 0x00, 0x0c, 0x00, 0x06, 0x00, 0x07, 0x00, 0x00, 0x00, 0x4e, 0x0a, 0x00, // .............N..
	0x00, 0x01, 0x00, 0x00, 0x00, 0x06, 0x00, 0x00, 0x00, 0x4d, 0x0a, 0x00, 0x00, 0x8e, 0x00, 0x05, // .........M......
	0x00, 0x0b, 0x00, 0x00, 0x00, 0x51, 0x0a, 0x00, 0x00, 0x4b, 0x0a, 0x00, 0x00, 0x4e, 0x0a, 0x00, // .....Q...K...N..
	0x00, 0x51, 0x00, 0x05, 0x00, 0x07, 0x00, 0x00, 0x00, 0x53, 0x0a, 0x00, 0x00, 0x51, 0x0a, 0x00, // .Q.......S...Q..
	0x00, 0x00, 0x00, 0x00, 0x00, 0x51, 0x00, 0x05, 0x00, 0x07, 0x00, 0x00, 0x00, 0x55, 0x0a, 0x00, // .....Q.......U..
	0x00, 0x51, 0x0a, 0x00, 0x00, 0x01, 0x00, 0x00, 0x00, 0x83, 0x00, 0x05, 0x00, 0x07, 0x00, 0x00, // .Q..............
	0x00, 0x56, 0x0a, 0x00, 0x00, 0x53, 0x0a, 0x00, 0x00, 0x55, 0x0a, 0x00, 0x00, 0x88, 0x00, 0x05, // .V...S...U......
	0x00, 0x07, 0x00, 0x00, 0x00, 0x58, 0x0a, 0x00, 0x00, 0x56, 0x0a, 0x00, 0x00, 0x2a, 0x0a, 0x00, // .....X...V...*..
	0x00, 0x83, 0x00, 0x05, 0x00, 0x07, 0x00, 0x00, 0x00, 0x5c, 0x0a, 0x00, 0x00, 0x55, 0x0a, 0x00, // .............U..
	0x00, 0x2e, 0x0a, 0x00, 0x00, 0x88, 0x00, 0x05, 0x00, 0x07, 0x00, 0x00, 0x00, 0x5e, 0x0a, 0x00, // .............^..
	0x00, 0x5c, 0x0a, 0x00, 0x00, 0x2c, 0x0a, 0x00, 0x00, 0x0c, 0x00, 0x07, 0x00, 0x07, 0x00, 0x00, // .....,..........
	0x00, 0x61, 0x0a, 0x00, 0x00, 0x01, 0x00, 0x00, 0x00, 0x25, 0x00, 0x00, 0x00, 0x58, 0x0a, 0x00, // .a.......%...X..
	0x00, 0x5e, 0x0a, 0x00, 0x00, 0x0c, 0x00, 0x07, 0x00, 0x07, 0x00, 0x00, 0x00, 0x62, 0x0a, 0x00, // .^...........b..
	0x00, 0x01, 0x00, 0x00, 0x00, 0x28, 0x00, 0x00, 0x00, 0x61, 0x0a, 0x00, 0x00, 0x21, 0x01, 0x00, // .....(...a...!..
	0x00, 0x0c, 0x00, 0x07, 0x00, 0x07, 0x00, 0x00, 0x00, 0x63, 0x0a, 0x00, 0x00, 0x01, 0x00, 0x00, // .........c......
	0x00, 0x25, 0x00, 0x00, 0x00, 0x62, 0x0a, 0x00, 0x00, 0x59, 0x01, 0x00, 0x00, 0x51, 0x00, 0x05, // .%...b...Y...Q..
	0x00, 0x07, 0x00, 0x00, 0x00, 0x68, 0x06, 0x00, 0x00, 0xd1, 0x0b, 0x00, 0x00, 0x03, 0x00, 0x00, // .....h..........
	0x00, 0x85, 0x00, 0x05, 0x00, 0x07, 0x00, 0x00, 0x00, 0x69, 0x06, 0x00, 0x00, 0x68, 0x06, 0x00, // .........i...h..
	0x00, 0x63, 0x0a, 0x00, 0x00, 0x50, 0x00, 0x07, 0x00, 0x0d, 0x00, 0x00, 0x00, 0xd7, 0x0b, 0x00, // .c...P..........
	0x00, 0x2f, 0x06, 0x00, 0x00, 0x32, 0x06, 0x00, 0x00, 0x35, 0x06, 0x00, 0x00, 0x69, 0x06, 0x00, // ./...2...5...i..
	0x00, 0xf9, 0x00, 0x02, 0x00, 0x6b, 0x06, 0x00, 0x00, 0xf8, 0x00, 0x02, 0x00, 0x6b, 0x06, 0x00, // .....k.......k..
	0x00, 0xf5, 0x00, 0x07, 0x00, 0x0d, 0x00, 0x00, 0x00, 0xd2, 0x0b, 0x00, 0x00, 0xa0, 0x0b, 0x00, // ................
	0x00, 0x27, 0x06, 0x00, 0x00, 0xd7, 0x0b, 0x00, 0x00, 0x53, 0x06, 0x00, 0x00, 0x51, 0x00, 0x05, // .'.......S...Q..
	0x00, 0x07, 0x00, 0x00, 0x00, 0x6d, 0x06, 0x00, 0x00, 0xd2, 0x0b, 0x00, 0x00, 0x03, 0x00, 0x00, // .....m..........
	0x00, 0x0c, 0x00, 0x07, 0x00, 0x07, 0x00, 0x00, 0x00, 0x70, 0x06, 0x00, 0x00, 0x01, 0x00, 0x00, // .........p......
	0x00, 0x28, 0x00, 0x00, 0x00, 0x21, 0x01, 0x00, 0x00, 0xb7, 0x06, 0x00, 0x00, 0xbc, 0x00, 0x05, // .(...!..........
	0x00, 0x43, 0x00, 0x00, 0x00, 0x71, 0x06, 0x00, 0x00, 0x6d, 0x06, 0x00, 0x00, 0x70, 0x06, 0x00, // .C...q...m...p..
	0x00, 0xf7, 0x00, 0x03, 0x00, 0x73, 0x06, 0x00, 0x00, 0x00, 0x00, 0x00, 0x00, 0xfa, 0x00, 0x04, // .....s..........
	0x00, 0x71, 0x06, 0x00, 0x00, 0x72, 0x06, 0x00, 0x00, 0x73, 0x06, 0x00, 0x00, 0xf8, 0x00, 0x02, // .q...r...s......
	0x00, 0x72, 0x06, 0x00, 0x00, 0xfc, 0x00, 0x01, 0x00, 0xf8, 0x00, 0x02, 0x00, 0x73, 0x06, 0x00, // .r...........s..
	0x00, 0x41, 0x00, 0x05, 0x00, 0xb4, 0x02, 0x00, 0x00, 0x77, 0x06, 0x00, 0x00, 0xa4, 0x02, 0x00, // .A.......w......
	0x00, 0x32, 0x04, 0x00, 0x00, 0x3d, 0x00, 0x04, 0x00, 0x0d, 0x00, 0x00, 0x00, 0x78, 0x06, 0x00, // .2...=.......x..
	0x00, 0x77, 0x06, 0x00, 0x00, 0x4f, 0x00, 0x08, 0x00, 0x13, 0x00, 0x00, 0x00, 0x79, 0x06, 0x00, // .w...O.......y..
	0x00, 0x78, 0x06, 0x00, 0x00, 0x78, 0x06, 0x00, 0x00, 0x00, 0x00, 0x00, 0x00, 0x01, 0x00, 0x00, // .x...x..........
	0x00, 0x02, 0x00, 0x00, 0x00, 0x41, 0x00, 0x06, 0x00, 0xa6, 0x02, 0x00, 0x00, 0x7a, 0x06, 0x00, // .....A.......z..
	0x00, 0xa4, 0x02, 0x00, 0x00, 0x36, 0x04, 0x00, 0x00, 0x5e, 0x01, 0x00, 0x00, 0x3d, 0x00, 0x04, // .....6...^...=..
	0x00, 0x07, 0x00, 0x00, 0x00, 0x7b, 0x06, 0x00, 0x00, 0x7a, 0x06, 0x00, 0x00, 0x8e, 0x00, 0x05, // .....{...z......
	0x00, 0x13, 0x00, 0x00, 0x00, 0x7c, 0x06, 0x00, 0x00, 0x79, 0x06, 0x00, 0x00, 0x7b, 0x06, 0x00, // .....|...y...{..
	0x00, 0x83, 0x00, 0x05, 0x00, 0x07, 0x00, 0x00, 0x00, 0x80, 0x06, 0x00, 0x00, 0x6d, 0x06, 0x00, // .............m..
	0x00, 0xb7, 0x06, 0x00, 0x00, 0x41, 0x00, 0x06, 0x00, 0xa6, 0x02, 0x00, 0x00, 0x81, 0x06, 0x00, // .....A..........
	0x00, 0xa4, 0x02, 0x00, 0x00, 0x36, 0x04, 0x00, 0x00, 0x63, 0x01, 0x00, 0x00, 0x3d, 0x00, 0x04, // .....6...c...=..
	0x00, 0x07, 0x00, 0x00, 0x00, 0x82, 0x06, 0x00, 0x00, 0x81, 0x06, 0x00, 0x00, 0x83, 0x00, 0x05, // ................
	0x00, 0x07, 0x00, 0x00, 0x00, 0x83, 0x06, 0x00, 0x00, 0x80, 0x06, 0x00, 0x00, 0x82, 0x06, 0x00, // ................
	0x00, 0x0c, 0x00, 0x06, 0x00, 0x07, 0x00, 0x00, 0x00, 0x84, 0x06, 0x00, 0x00, 0x01, 0x00, 0x00, // ................
	0x00, 0x09, 0x00, 0x00, 0x00, 0x83, 0x06, 0x00, 0x00, 0x50, 0x00, 0x06, 0x00, 0x13, 0x00, 0x00, // .........P......
	0x00, 0x6f, 0x0a, 0x00, 0x00, 0x84, 0x06, 0x00, 0x00, 0x84, 0x06, 0x00, 0x00, 0x84, 0x06, 0x00, // .o..............
	0x00, 0x4f, 0x00, 0x08, 0x00, 0x13, 0x00, 0x00, 0x00, 0x87, 0x06, 0x00, 0x00, 0xd2, 0x0b, 0x00, // .O..............
	0x00, 0xd2, 0x0b, 0x00, 0x00, 0x00, 0x00, 0x00, 0x00, 0x01, 0x00, 0x00, 0x00, 0x02, 0x00, 0x00, // ................
	0x00, 0x0c, 0x00, 0x08, 0x00, 0x13, 0x00, 0x00, 0x00, 0x75, 0x0a, 0x00, 0x00, 0x01, 0x00, 0x00, // .........u......
	0x00, 0x2e, 0x00, 0x00, 0x00, 0x7c, 0x06, 0x00, 0x00, 0x87, 0x06, 0x00, 0x00, 0x6f, 0x0a, 0x00, // .....|.......o..
	0x00, 0x51, 0x00, 0x05, 0x00, 0x07, 0x00, 0x00, 0x00, 0x8a, 0x06, 0x00, 0x00, 0x75, 0x0a, 0x00, // .Q...........u..
	0x00, 0x00, 0x00, 0x00, 0x00, 0x52, 0x00, 0x06, 0x00, 0x0d, 0x00, 0x00, 0x00, 0xbc, 0x0b, 0x00, // .....R..........
	0x00, 0x8a, 0x06, 0x00, 0x00, 0xd2, 0x0b, 0x00, 0x00, 0x00, 0x00, 0x00, 0x00, 0x51, 0x00, 0x05, // .............Q..
	0x00, 0x07, 0x00, 0x00, 0x00, 0x8d, 0x06, 0x00, 0x00, 0x75, 0x0a, 0x00, 0x00, 0x01, 0x00, 0x00, // .........u......
	0x00, 0x52, 0x00, 0x06, 0x00, 0x0d, 0x00, 0x00, 0x00, 0xbf, 0x0b, 0x00, 0x00, 0x8d, 0x06, 0x00, // .R..............
	0x00, 0xbc, 0x0b, 0x00, 0x00, 0x01, 0x00, 0x00, 0x00, 0x51, 0x00, 0x05, 0x00, 0x07, 0x00, 0x00, // .........Q......
	0x00, 0x90, 0x06, 0x00, 0x00, 0x75, 0x0a, 0x00, 0x00, 0x02, 0x00, 0x00, 0x00, 0x52, 0x00, 0x06, // .....u.......R..
	0x00, 0x0d, 0x00, 0x00, 0x00, 0xc2, 0x0b, 0x00, 0x00, 0x90, 0x06, 0x00, 0x00, 0xbf, 0x0b, 0x00, // ................
	0x00, 0x02, 0x00, 0x00, 0x00, 0xf7, 0x00, 0x03, 0x00, 0x85, 0x0a, 0x00, 0x00, 0x00, 0x00, 0x00, // ................
	0x00, 0xfb, 0x00, 0x03, 0x00, 0x63, 0x01, 0x00, 0x00, 0x7c, 0x0a, 0x00, 0x00, 0xf8, 0x00, 0x02, // .....c...|......
	0x00, 0x7c, 0x0a, 0x00, 0x00, 0xf7, 0x00, 0x03, 0x00, 0x81, 0x0a, 0x00, 0x00, 0x00, 0x00, 0x00, // .|..............
	0x00, 0xfa, 0x00, 0x04, 0x00, 0x4c, 0x07, 0x00, 0x00, 0x7f, 0x0a, 0x00, 0x00, 0x81, 0x0a, 0x00, // .....L..........
	0x00, 0xf8, 0x00, 0x02, 0x00, 0x7f, 0x0a, 0x00, 0x00, 0xf9, 0x00, 0x02, 0x00, 0x85, 0x0a, 0x00, // ................
	0x00, 0xf8, 0x00, 0x02, 0x00, 0x81, 0x0a, 0x00, 0x00, 0x4f, 0x00, 0x08, 0x00, 0x13, 0x00, 0x00, // .........O......
	0x00, 0x8c, 0x0a, 0x00, 0x00, 0xc2, 0x0b, 0x00, 0x00, 0xc2, 0x0b, 0x00, 0x00, 0x00, 0x00, 0x00, // ................
	0x00, 0x01, 0x00, 0x00, 0x00, 0x02, 0x00, 0x00, 0x00, 0x8e, 0x00, 0x05, 0x00, 0x13, 0x00, 0x00, // ................
	0x00, 0x9d, 0x0a, 0x00, 0x00, 0x8c, 0x0a, 0x00, 0x00, 0x77, 0x02, 0x00, 0x00, 0x81, 0x00, 0x05, // .........w......
	0x00, 0x13, 0x00, 0x00, 0x00, 0x9f, 0x0a, 0x00, 0x00, 0x9d, 0x0a, 0x00, 0x00, 0x29, 0x0b, 0x00, // .............)..
	0x00, 0x85, 0x00, 0x05, 0x00, 0x13, 0x00, 0x00, 0x00, 0xa0, 0x0a, 0x00, 0x00, 0x8c, 0x0a, 0x00, // ................
	0x00, 0x9f, 0x0a, 0x00, 0x00, 0x81, 0x00, 0x05, 0x00, 0x13, 0x00, 0x00, 0x00, 0xa2, 0x0a, 0x00, // ................
	0x00, 0xa0, 0x0a, 0x00, 0x00, 0x2a, 0x0b, 0x00, 0x00, 0x85, 0x00, 0x05, 0x00, 0x13, 0x00, 0x00, // .....*..........
	0x00, 0xa3, 0x0a, 0x00, 0x00, 0x8c, 0x0a, 0x00, 0x00, 0xa2, 0x0a, 0x00, 0x00, 0x0c, 0x00, 0x07, // ................
	0x00, 0x13, 0x00, 0x00, 0x00, 0xa4, 0x0a, 0x00, 0x00, 0x01, 0x00, 0x00, 0x00, 0x25, 0x00, 0x00, // .............%..
	0x00, 0x8c, 0x0a, 0x00, 0x00, 0xa3, 0x0a, 0x00, 0x00, 0x51, 0x00, 0x05, 0x00, 0x07, 0x00, 0x00, // .........Q......
	0x00, 0x91, 0x0a, 0x00, 0x00, 0xa4, 0x0a, 0x00, 0x00, 0x00, 0x00, 0x00, 0x00, 0x51, 0x00, 0x05, // .............Q..
	0x00, 0x07, 0x00, 0x00, 0x00, 0x92, 0x0a, 0x00, 0x00, 0xa4, 0x0a, 0x00, 0x00, 0x01, 0x00, 0x00, // ................
	0x00, 0x51, 0x00, 0x05, 0x00, 0x07, 0x00, 0x00, 0x00, 0x93, 0x0a, 0x00, 0x00, 0xa4, 0x0a, 0x00, // .Q..............
	0x00, 0x02, 0x00, 0x00, 0x00, 0x50, 0x00, 0x07, 0x00, 0x0d, 0x00, 0x00, 0x00, 0x94, 0x0a, 0x00, // .....P..........
	0x00, 0x91, 0x0a, 0x00, 0x00, 0x92, 0x0a, 0x00, 0x00, 0x93, 0x0a, 0x00, 0x00, 0x6d, 0x06, 0x00, // .............m..
	0x00, 0xf9, 0x00, 0x02, 0x00, 0x85, 0x0a, 0x00, 0x00, 0xf8, 0x00, 0x02, 0x00, 0x85, 0x0a, 0x00, // ................
	0x00, 0xf5, 0x00, 0x07, 0x00, 0x0d, 0x00, 0x00, 0x00, 0x22, 0x0b, 0x00, 0x00, 0xc2, 0x0b, 0x00, // ........."......
	0x00, 0x7f, 0x0a, 0x00, 0x00, 0x94, 0x0a, 0x00, 0x00, 0x81, 0x0a, 0x00, 0x00, 0x3e, 0x00, 0x03, // .............>..
	0x00, 0xa6, 0x04, 0x00, 0x00, 0x22, 0x0b, 0x00, 0x00, 0xfd, 0x00, 0x01, 0x00, 0x38, 0x00, 0x01, // .....".......8..
	0x00, 0x00, 0x00, 0xf0, 0x00,                                                                   // .....
};
static const uint8_t ad_model_unlit_ps_mtl[12938] =
{
	0x46, 0x53, 0x48, 0x0c, 0xf6, 0x96, 0xa7, 0xb8, 0x00, 0x00, 0x00, 0x00, 0x00, 0x00, 0x00, 0x00, // FSH.............
	0x00, 0x00, 0x00, 0x00, 0x24, 0x00, 0x18, 0x73, 0x5f, 0x75, 0x76, 0x44, 0x69, 0x73, 0x74, 0x6f, // ....$..s_uvDisto
	0x72, 0x74, 0x69, 0x6f, 0x6e, 0x54, 0x65, 0x78, 0x53, 0x61, 0x6d, 0x70, 0x6c, 0x65, 0x72, 0x11, // rtionTexSampler.
	0x01, 0xff, 0xff, 0x01, 0x00, 0x00, 0x00, 0x00, 0x00, 0x18, 0x73, 0x5f, 0x75, 0x76, 0x44, 0x69, // ..........s_uvDi
	0x73, 0x74, 0x6f, 0x72, 0x74, 0x69, 0x6f, 0x6e, 0x54, 0x65, 0x78, 0x54, 0x65, 0x78, 0x74, 0x75, // stortionTexTextu
	0x72, 0x65, 0x11, 0x01, 0xff, 0xff, 0x01, 0x00, 0x00, 0x00, 0x00, 0x00, 0x11, 0x73, 0x5f, 0x63, // re...........s_c
	0x6f, 0x6c, 0x6f, 0x72, 0x54, 0x65, 0x78, 0x53, 0x61, 0x6d, 0x70, 0x6c, 0x65, 0x72, 0x11, 0x01, // olorTexSampler..
	0xff, 0xff, 0x01, 0x00, 0x00, 0x00, 0x00, 0x00, 0x11, 0x73, 0x5f, 0x63, 0x6f, 0x6c, 0x6f, 0x72, // .........s_color
	0x54, 0x65, 0x78, 0x54, 0x65, 0x78, 0x74, 0x75, 0x72, 0x65, 0x11, 0x01, 0xff, 0xff, 0x01, 0x00, // TexTexture......
	0x00, 0x00, 0x00, 0x00, 0x11, 0x73, 0x5f, 0x61, 0x6c, 0x70, 0x68, 0x61, 0x54, 0x65, 0x78, 0x53, // .....s_alphaTexS
	0x61, 0x6d, 0x70, 0x6c, 0x65, 0x72, 0x11, 0x01, 0xff, 0xff, 0x01, 0x00, 0x00, 0x00, 0x00, 0x00, // ampler..........
	0x11, 0x73, 0x5f, 0x61, 0x6c, 0x70, 0x68, 0x61, 0x54, 0x65, 0x78, 0x54, 0x65, 0x78, 0x74, 0x75, // .s_alphaTexTextu
	0x72, 0x65, 0x11, 0x01, 0xff, 0xff, 0x01, 0x00, 0x00, 0x00, 0x00, 0x00, 0x1d, 0x73, 0x5f, 0x62, // re...........s_b
	0x6c, 0x65, 0x6e, 0x64, 0x55, 0x56, 0x44, 0x69, 0x73, 0x74, 0x6f, 0x72, 0x74, 0x69, 0x6f, 0x6e, // lendUVDistortion
	0x54, 0x65, 0x78, 0x53, 0x61, 0x6d, 0x70, 0x6c, 0x65, 0x72, 0x11, 0x01, 0xff, 0xff, 0x01, 0x00, // TexSampler......
	0x00, 0x00, 0x00, 0x00, 0x1d, 0x73, 0x5f, 0x62, 0x6c, 0x65, 0x6e, 0x64, 0x55, 0x56, 0x44, 0x69, // .....s_blendUVDi
	0x73, 0x74, 0x6f, 0x72, 0x74, 0x69, 0x6f, 0x6e, 0x54, 0x65, 0x78, 0x54, 0x65, 0x78, 0x74, 0x75, // stortionTexTextu
	0x72, 0x65, 0x11, 0x01, 0xff, 0xff, 0x01, 0x00, 0x00, 0x00, 0x00, 0x00, 0x11, 0x73, 0x5f, 0x62, // re...........s_b
	0x6c, 0x65, 0x6e, 0x64, 0x54, 0x65, 0x78, 0x53, 0x61, 0x6d, 0x70, 0x6c, 0x65, 0x72, 0x11, 0x01, // lendTexSampler..
	0xff, 0xff, 0x01, 0x00, 0x00, 0x00, 0x00, 0x00, 0x11, 0x73, 0x5f, 0x62, 0x6c, 0x65, 0x6e, 0x64, // .........s_blend
	0x54, 0x65, 0x78, 0x54, 0x65, 0x78, 0x74, 0x75, 0x72, 0x65, 0x11, 0x01, 0xff, 0xff, 0x01, 0x00, // TexTexture......
	0x00, 0x00, 0x00, 0x00, 0x16, 0x73, 0x5f, 0x62, 0x6c, 0x65, 0x6e, 0x64, 0x41, 0x6c, 0x70, 0x68, // .....s_blendAlph
	0x61, 0x54, 0x65, 0x78, 0x53, 0x61, 0x6d, 0x70, 0x6c, 0x65, 0x72, 0x11, 0x01, 0xff, 0xff, 0x01, // aTexSampler.....
	0x00, 0x00, 0x00, 0x00, 0x00, 0x16, 0x73, 0x5f, 0x62, 0x6c, 0x65, 0x6e, 0x64, 0x41, 0x6c, 0x70, // ......s_blendAlp
	0x68, 0x61, 0x54, 0x65, 0x78, 0x54, 0x65, 0x78, 0x74, 0x75, 0x72, 0x65, 0x11, 0x01, 0xff, 0xff, // haTexTexture....
	0x01, 0x00, 0x00, 0x00, 0x00, 0x00, 0x11, 0x73, 0x5f, 0x64, 0x65, 0x70, 0x74, 0x68, 0x54, 0x65, // .......s_depthTe
	0x78, 0x53, 0x61, 0x6d, 0x70, 0x6c, 0x65, 0x72, 0x11, 0x01, 0xff, 0xff, 0x01, 0x00, 0x00, 0x00, // xSampler........
	0x00, 0x00, 0x11, 0x73, 0x5f, 0x64, 0x65, 0x70, 0x74, 0x68, 0x54, 0x65, 0x78, 0x54, 0x65, 0x78, // ...s_depthTexTex
	0x74, 0x75, 0x72, 0x65, 0x11, 0x01, 0xff, 0xff, 0x01, 0x00, 0x00, 0x00, 0x00, 0x00, 0x0d, 0x75, // ture...........u
	0x5f, 0x66, 0x73, 0x6d, 0x69, 0x73, 0x63, 0x46, 0x6c, 0x61, 0x67, 0x73, 0x12, 0x01, 0xe0, 0x00, // _fsmiscFlags....
	0x01, 0x00, 0x00, 0x00, 0x00, 0x00, 0x1a, 0x75, 0x5f, 0x66, 0x73, 0x66, 0x55, 0x56, 0x44, 0x69, // .......u_fsfUVDi
	0x73, 0x74, 0x6f, 0x72, 0x74, 0x69, 0x6f, 0x6e, 0x50, 0x61, 0x72, 0x61, 0x6d, 0x65, 0x74, 0x65, // stortionParamete
	0x72, 0x12, 0x01, 0x10, 0x00, 0x01, 0x00, 0x00, 0x00, 0x00, 0x00, 0x16, 0x75, 0x5f, 0x66, 0x73, // r...........u_fs
	0x66, 0x46, 0x6c, 0x69, 0x70, 0x62, 0x6f, 0x6f, 0x6b, 0x50, 0x61, 0x72, 0x61, 0x6d, 0x65, 0x74, // fFlipbookParamet
	0x65, 0x72, 0x12, 0x01, 0x00, 0x00, 0x01, 0x00, 0x00, 0x00, 0x00, 0x00, 0x1a, 0x75, 0x5f, 0x66, // er...........u_f
	0x73, 0x66, 0x42, 0x6c, 0x65, 0x6e, 0x64, 0x54, 0x65, 0x78, 0x74, 0x75, 0x72, 0x65, 0x50, 0x61, // sfBlendTexturePa
	0x72, 0x61, 0x6d, 0x65, 0x74, 0x65, 0x72, 0x12, 0x01, 0x20, 0x00, 0x01, 0x00, 0x00, 0x00, 0x00, // rameter.. ......
	0x00, 0x15, 0x75, 0x5f, 0x66, 0x73, 0x66, 0x46, 0x61, 0x6c, 0x6c, 0x6f, 0x66, 0x66, 0x50, 0x61, // ..u_fsfFalloffPa
	0x72, 0x61, 0x6d, 0x65, 0x74, 0x65, 0x72, 0x12, 0x01, 0x40, 0x00, 0x01, 0x00, 0x00, 0x00, 0x00, // rameter..@......
	0x00, 0x19, 0x75, 0x5f, 0x66, 0x73, 0x66, 0x43, 0x61, 0x6d, 0x65, 0x72, 0x61, 0x46, 0x72, 0x6f, // ..u_fsfCameraFro
	0x6e, 0x74, 0x44, 0x69, 0x72, 0x65, 0x63, 0x74, 0x69, 0x6f, 0x6e, 0x12, 0x01, 0x30, 0x00, 0x01, // ntDirection..0..
	0x00, 0x00, 0x00, 0x00, 0x00, 0x14, 0x75, 0x5f, 0x66, 0x73, 0x66, 0x46, 0x61, 0x6c, 0x6c, 0x6f, // ......u_fsfFallo
	0x66, 0x66, 0x45, 0x6e, 0x64, 0x43, 0x6f, 0x6c, 0x6f, 0x72, 0x12, 0x01, 0x60, 0x00, 0x01, 0x00, // ffEndColor..`...
	0x00, 0x00, 0x00, 0x00, 0x16, 0x75, 0x5f, 0x66, 0x73, 0x66, 0x46, 0x61, 0x6c, 0x6c, 0x6f, 0x66, // .....u_fsfFallof
	0x66, 0x42, 0x65, 0x67, 0x69, 0x6e, 0x43, 0x6f, 0x6c, 0x6f, 0x72, 0x12, 0x01, 0x50, 0x00, 0x01, // fBeginColor..P..
	0x00, 0x00, 0x00, 0x00, 0x00, 0x14, 0x75, 0x5f, 0x66, 0x73, 0x66, 0x45, 0x6d, 0x69, 0x73, 0x73, // ......u_fsfEmiss
	0x69, 0x76, 0x65, 0x53, 0x63, 0x61, 0x6c, 0x69, 0x6e, 0x67, 0x12, 0x01, 0x70, 0x00, 0x01, 0x00, // iveScaling..p...
	0x00, 0x00, 0x00, 0x00, 0x13, 0x75, 0x5f, 0x66, 0x73, 0x6d, 0x55, 0x56, 0x49, 0x6e, 0x76, 0x65, // .....u_fsmUVInve
	0x72, 0x73, 0x65, 0x64, 0x42, 0x61, 0x63, 0x6b, 0x12, 0x01, 0xd0, 0x00, 0x01, 0x00, 0x00, 0x00, // rsedBack........
	0x00, 0x00, 0x15, 0x75, 0x5f, 0x66, 0x73, 0x73, 0x6f, 0x66, 0x74, 0x50, 0x61, 0x72, 0x74, 0x69, // ...u_fssoftParti
	0x63, 0x6c, 0x65, 0x50, 0x61, 0x72, 0x61, 0x6d, 0x12, 0x01, 0xa0, 0x00, 0x01, 0x00, 0x00, 0x00, // cleParam........
	0x00, 0x00, 0x18, 0x75, 0x5f, 0x66, 0x73, 0x72, 0x65, 0x63, 0x6f, 0x6e, 0x73, 0x74, 0x72, 0x75, // ...u_fsreconstru
	0x63, 0x74, 0x69, 0x6f, 0x6e, 0x50, 0x61, 0x72, 0x61, 0x6d, 0x31, 0x12, 0x01, 0xb0, 0x00, 0x01, // ctionParam1.....
	0x00, 0x00, 0x00, 0x00, 0x00, 0x18, 0x75, 0x5f, 0x66, 0x73, 0x72, 0x65, 0x63, 0x6f, 0x6e, 0x73, // ......u_fsrecons
	0x74, 0x72, 0x75, 0x63, 0x74, 0x69, 0x6f, 0x6e, 0x50, 0x61, 0x72, 0x61, 0x6d, 0x32, 0x12, 0x01, // tructionParam2..
	0xc0, 0x00, 0x01, 0x00, 0x00, 0x00, 0x00, 0x00, 0x0e, 0x75, 0x5f, 0x66, 0x73, 0x66, 0x45, 0x64, // .........u_fsfEd
	0x67, 0x65, 0x43, 0x6f, 0x6c, 0x6f, 0x72, 0x12, 0x01, 0x80, 0x00, 0x01, 0x00, 0x00, 0x00, 0x00, // geColor.........
	0x00, 0x12, 0x75, 0x5f, 0x66, 0x73, 0x66, 0x45, 0x64, 0x67, 0x65, 0x50, 0x61, 0x72, 0x61, 0x6d, // ..u_fsfEdgeParam
	0x65, 0x74, 0x65, 0x72, 0x12, 0x01, 0x90, 0x00, 0x01, 0x00, 0x00, 0x00, 0x00, 0x00, 0x11, 0x73, // eter...........s
	0x5f, 0x75, 0x76, 0x44, 0x69, 0x73, 0x74, 0x6f, 0x72, 0x74, 0x69, 0x6f, 0x6e, 0x54, 0x65, 0x78, // _uvDistortionTex
	0x10, 0x00, 0x00, 0x00, 0x00, 0x00, 0x00, 0x02, 0x00, 0x00, 0x0a, 0x73, 0x5f, 0x63, 0x6f, 0x6c, // ...........s_col
	0x6f, 0x72, 0x54, 0x65, 0x78, 0x10, 0x00, 0x00, 0x00, 0x00, 0x00, 0x00, 0x02, 0x00, 0x00, 0x0a, // orTex...........
	0x73, 0x5f, 0x61, 0x6c, 0x70, 0x68, 0x61, 0x54, 0x65, 0x78, 0x10, 0x00, 0x00, 0x00, 0x00, 0x00, // s_alphaTex......
	0x00, 0x02, 0x00, 0x00, 0x16, 0x73, 0x5f, 0x62, 0x6c, 0x65, 0x6e, 0x64, 0x55, 0x56, 0x44, 0x69, // .....s_blendUVDi
	0x73, 0x74, 0x6f, 0x72, 0x74, 0x69, 0x6f, 0x6e, 0x54, 0x65, 0x78, 0x10, 0x00, 0x00, 0x00, 0x00, // stortionTex.....
	0x00, 0x00, 0x02, 0x00, 0x00, 0x0a, 0x73, 0x5f, 0x62, 0x6c, 0x65, 0x6e, 0x64, 0x54, 0x65, 0x78, // ......s_blendTex
	0x10, 0x00, 0x00, 0x00, 0x00, 0x00, 0x00, 0x02, 0x00, 0x00, 0x0f, 0x73, 0x5f, 0x62, 0x6c, 0x65, // ...........s_ble
	0x6e, 0x64, 0x41, 0x6c, 0x70, 0x68, 0x61, 0x54, 0x65, 0x78, 0x10, 0x00, 0x00, 0x00, 0x00, 0x00, // ndAlphaTex......
	0x00, 0x02, 0x00, 0x00, 0x0a, 0x73, 0x5f, 0x64, 0x65, 0x70, 0x74, 0x68, 0x54, 0x65, 0x78, 0x10, // .....s_depthTex.
	0x00, 0x00, 0x00, 0x00, 0x00, 0x00, 0x02, 0x00, 0x00, 0x29, 0x2e, 0x00, 0x00, 0x23, 0x69, 0x6e, // .........)...#in
	0x63, 0x6c, 0x75, 0x64, 0x65, 0x20, 0x3c, 0x6d, 0x65, 0x74, 0x61, 0x6c, 0x5f, 0x73, 0x74, 0x64, // clude <metal_std
	0x6c, 0x69, 0x62, 0x3e, 0x0a, 0x23, 0x69, 0x6e, 0x63, 0x6c, 0x75, 0x64, 0x65, 0x20, 0x3c, 0x73, // lib>.#include <s
	0x69, 0x6d, 0x64, 0x2f, 0x73, 0x69, 0x6d, 0x64, 0x2e, 0x68, 0x3e, 0x0a, 0x0a, 0x75, 0x73, 0x69, // imd/simd.h>..usi
	0x6e, 0x67, 0x20, 0x6e, 0x61, 0x6d, 0x65, 0x73, 0x70, 0x61, 0x63, 0x65, 0x20, 0x6d, 0x65, 0x74, // ng namespace met
	0x61, 0x6c, 0x3b, 0x0a, 0x0a, 0x73, 0x74, 0x72, 0x75, 0x63, 0x74, 0x20, 0x5f, 0x47, 0x6c, 0x6f, // al;..struct _Glo
	0x62, 0x61, 0x6c, 0x0a, 0x7b, 0x0a, 0x20, 0x20, 0x20, 0x20, 0x66, 0x6c, 0x6f, 0x61, 0x74, 0x34, // bal.{.    float4
	0x20, 0x75, 0x5f, 0x66, 0x73, 0x66, 0x46, 0x6c, 0x69, 0x70, 0x62, 0x6f, 0x6f, 0x6b, 0x50, 0x61, //  u_fsfFlipbookPa
	0x72, 0x61, 0x6d, 0x65, 0x74, 0x65, 0x72, 0x3b, 0x0a, 0x20, 0x20, 0x20, 0x20, 0x66, 0x6c, 0x6f, // rameter;.    flo
	0x61, 0x74, 0x34, 0x20, 0x75, 0x5f, 0x66, 0x73, 0x66, 0x55, 0x56, 0x44, 0x69, 0x73, 0x74, 0x6f, // at4 u_fsfUVDisto
	0x72, 0x74, 0x69, 0x6f, 0x6e, 0x50, 0x61, 0x72, 0x61, 0x6d, 0x65, 0x74, 0x65, 0x72, 0x3b, 0x0a, // rtionParameter;.
	0x20, 0x20, 0x20, 0x20, 0x66, 0x6c, 0x6f, 0x61, 0x74, 0x34, 0x20, 0x75, 0x5f, 0x66, 0x73, 0x66, //     float4 u_fsf
	0x42, 0x6c, 0x65, 0x6e, 0x64, 0x54, 0x65, 0x78, 0x74, 0x75, 0x72, 0x65, 0x50, 0x61, 0x72, 0x61, // BlendTexturePara
	0x6d, 0x65, 0x74, 0x65, 0x72, 0x3b, 0x0a, 0x20, 0x20, 0x20, 0x20, 0x66, 0x6c, 0x6f, 0x61, 0x74, // meter;.    float
	0x34, 0x20, 0x75, 0x5f, 0x66, 0x73, 0x66, 0x43, 0x61, 0x6d, 0x65, 0x72, 0x61, 0x46, 0x72, 0x6f, // 4 u_fsfCameraFro
	0x6e, 0x74, 0x44, 0x69, 0x72, 0x65, 0x63, 0x74, 0x69, 0x6f, 0x6e, 0x3b, 0x0a, 0x20, 0x20, 0x20, // ntDirection;.   
	0x20, 0x66, 0x6c, 0x6f, 0x61, 0x74, 0x34, 0x20, 0x75, 0x5f, 0x66, 0x73, 0x66, 0x46, 0x61, 0x6c, //  float4 u_fsfFal
	0x6c, 0x6f, 0x66, 0x66, 0x50, 0x61, 0x72, 0x61, 0x6d, 0x65, 0x74, 0x65, 0x72, 0x3b, 0x0a, 0x20, // loffParameter;. 
	0x20, 0x20, 0x20, 0x66, 0x6c, 0x6f, 0x61, 0x74, 0x34, 0x20, 0x75, 0x5f, 0x66, 0x73, 0x66, 0x46, //    float4 u_fsfF
	0x61, 0x6c, 0x6c, 0x6f, 0x66, 0x66, 0x42, 0x65, 0x67, 0x69, 0x6e, 0x43, 0x6f, 0x6c, 0x6f, 0x72, // alloffBeginColor
	0x3b, 0x0a, 0x20, 0x20, 0x20, 0x20, 0x66, 0x6c, 0x6f, 0x61, 0x74, 0x34, 0x20, 0x75, 0x5f, 0x66, // ;.    float4 u_f
	0x73, 0x66, 0x46, 0x61, 0x6c, 0x6c, 0x6f, 0x66, 0x66, 0x45, 0x6e, 0x64, 0x43, 0x6f, 0x6c, 0x6f, // sfFalloffEndColo
	0x72, 0x3b, 0x0a, 0x20, 0x20, 0x20, 0x20, 0x66, 0x6c, 0x6f, 0x61, 0x74, 0x34, 0x20, 0x75, 0x5f, // r;.    float4 u_
	0x66, 0x73, 0x66, 0x45, 0x6d, 0x69, 0x73, 0x73, 0x69, 0x76, 0x65, 0x53, 0x63, 0x61, 0x6c, 0x69, // fsfEmissiveScali
	0x6e, 0x67, 0x3b, 0x0a, 0x20, 0x20, 0x20, 0x20, 0x66, 0x6c, 0x6f, 0x61, 0x74, 0x34, 0x20, 0x75, // ng;.    float4 u
	0x5f, 0x66, 0x73, 0x66, 0x45, 0x64, 0x67, 0x65, 0x43, 0x6f, 0x6c, 0x6f, 0x72, 0x3b, 0x0a, 0x20, // _fsfEdgeColor;. 
	0x20, 0x20, 0x20, 0x66, 0x6c, 0x6f, 0x61, 0x74, 0x34, 0x20, 0x75, 0x5f, 0x66, 0x73, 0x66, 0x45, //    float4 u_fsfE
	0x64, 0x67, 0x65, 0x50, 0x61, 0x72, 0x61, 0x6d, 0x65, 0x74, 0x65, 0x72, 0x3b, 0x0a, 0x20, 0x20, // dgeParameter;.  
	0x20, 0x20, 0x66, 0x6c, 0x6f, 0x61, 0x74, 0x34, 0x20, 0x75, 0x5f, 0x66, 0x73, 0x73, 0x6f, 0x66, //   float4 u_fssof
	0x74, 0x50, 0x61, 0x72, 0x74, 0x69, 0x63, 0x6c, 0x65, 0x50, 0x61, 0x72, 0x61, 0x6d, 0x3b, 0x0a, // tParticleParam;.
	0x20, 0x20, 0x20, 0x20, 0x66, 0x6c, 0x6f, 0x61, 0x74, 0x34, 0x20, 0x75, 0x5f, 0x66, 0x73, 0x72, //     float4 u_fsr
	0x65, 0x63, 0x6f, 0x6e, 0x73, 0x74, 0x72, 0x75, 0x63, 0x74, 0x69, 0x6f, 0x6e, 0x50, 0x61, 0x72, // econstructionPar
	0x61, 0x6d, 0x31, 0x3b, 0x0a, 0x20, 0x20, 0x20, 0x20, 0x66, 0x6c, 0x6f, 0x61, 0x74, 0x34, 0x20, // am1;.    float4 
	0x75, 0x5f, 0x66, 0x73, 0x72, 0x65, 0x63, 0x6f, 0x6e, 0x73, 0x74, 0x72, 0x75, 0x63, 0x74, 0x69, // u_fsreconstructi
	0x6f, 0x6e, 0x50, 0x61, 0x72, 0x61, 0x6d, 0x32, 0x3b, 0x0a, 0x20, 0x20, 0x20, 0x20, 0x66, 0x6c, // onParam2;.    fl
	0x6f, 0x61, 0x74, 0x34, 0x20, 0x75, 0x5f, 0x66, 0x73, 0x6d, 0x55, 0x56, 0x49, 0x6e, 0x76, 0x65, // oat4 u_fsmUVInve
	0x72, 0x73, 0x65, 0x64, 0x42, 0x61, 0x63, 0x6b, 0x3b, 0x0a, 0x20, 0x20, 0x20, 0x20, 0x66, 0x6c, // rsedBack;.    fl
	0x6f, 0x61, 0x74, 0x34, 0x20, 0x75, 0x5f, 0x66, 0x73, 0x6d, 0x69, 0x73, 0x63, 0x46, 0x6c, 0x61, // oat4 u_fsmiscFla
	0x67, 0x73, 0x3b, 0x0a, 0x7d, 0x3b, 0x0a, 0x0a, 0x63, 0x6f, 0x6e, 0x73, 0x74, 0x61, 0x6e, 0x74, // gs;.};..constant
	0x20, 0x66, 0x6c, 0x6f, 0x61, 0x74, 0x20, 0x5f, 0x32, 0x38, 0x36, 0x32, 0x20, 0x3d, 0x20, 0x7b, //  float _2862 = {
	0x7d, 0x3b, 0x0a, 0x63, 0x6f, 0x6e, 0x73, 0x74, 0x61, 0x6e, 0x74, 0x20, 0x66, 0x6c, 0x6f, 0x61, // };.constant floa
	0x74, 0x20, 0x5f, 0x33, 0x30, 0x33, 0x32, 0x20, 0x3d, 0x20, 0x7b, 0x7d, 0x3b, 0x0a, 0x0a, 0x63, // t _3032 = {};..c
	0x6f, 0x6e, 0x73, 0x74, 0x61, 0x6e, 0x74, 0x20, 0x75, 0x69, 0x6e, 0x74, 0x20, 0x62, 0x67, 0x66, // onstant uint bgf
	0x78, 0x5f, 0x73, 0x61, 0x6d, 0x70, 0x6c, 0x65, 0x4d, 0x61, 0x73, 0x6b, 0x20, 0x5b, 0x5b, 0x66, // x_sampleMask [[f
	0x75, 0x6e, 0x63, 0x74, 0x69, 0x6f, 0x6e, 0x5f, 0x63, 0x6f, 0x6e, 0x73, 0x74, 0x61, 0x6e, 0x74, // unction_constant
	0x28, 0x30, 0x29, 0x5d, 0x5d, 0x3b, 0x0a, 0x63, 0x6f, 0x6e, 0x73, 0x74, 0x61, 0x6e, 0x74, 0x20, // (0)]];.constant 
	0x62, 0x6f, 0x6f, 0x6c, 0x20, 0x62, 0x67, 0x66, 0x78, 0x5f, 0x73, 0x61, 0x6d, 0x70, 0x6c, 0x65, // bool bgfx_sample
	0x4d, 0x61, 0x73, 0x6b, 0x45, 0x6e, 0x61, 0x62, 0x6c, 0x65, 0x64, 0x20, 0x3d, 0x20, 0x69, 0x73, // MaskEnabled = is
	0x5f, 0x66, 0x75, 0x6e, 0x63, 0x74, 0x69, 0x6f, 0x6e, 0x5f, 0x63, 0x6f, 0x6e, 0x73, 0x74, 0x61, // _function_consta
	0x6e, 0x74, 0x5f, 0x64, 0x65, 0x66, 0x69, 0x6e, 0x65, 0x64, 0x28, 0x62, 0x67, 0x66, 0x78, 0x5f, // nt_defined(bgfx_
	0x73, 0x61, 0x6d, 0x70, 0x6c, 0x65, 0x4d, 0x61, 0x73, 0x6b, 0x29, 0x3b, 0x0a, 0x0a, 0x73, 0x74, // sampleMask);..st
	0x72, 0x75, 0x63, 0x74, 0x20, 0x78, 0x6c, 0x61, 0x74, 0x4d, 0x74, 0x6c, 0x4d, 0x61, 0x69, 0x6e, // ruct xlatMtlMain
	0x5f, 0x6f, 0x75, 0x74, 0x0a, 0x7b, 0x0a, 0x09, 0x75, 0x69, 0x6e, 0x74, 0x20, 0x62, 0x67, 0x66, // _out.{..uint bgf
	0x78, 0x5f, 0x6d, 0x65, 0x74, 0x61, 0x6c, 0x5f, 0x73, 0x61, 0x6d, 0x70, 0x6c, 0x65, 0x4d, 0x61, // x_metal_sampleMa
	0x73, 0x6b, 0x20, 0x5b, 0x5b, 0x73, 0x61, 0x6d, 0x70, 0x6c, 0x65, 0x5f, 0x6d, 0x61, 0x73, 0x6b, // sk [[sample_mask
	0x2c, 0x20, 0x66, 0x75, 0x6e, 0x63, 0x74, 0x69, 0x6f, 0x6e, 0x5f, 0x63, 0x6f, 0x6e, 0x73, 0x74, // , function_const
	0x61, 0x6e, 0x74, 0x28, 0x62, 0x67, 0x66, 0x78, 0x5f, 0x73, 0x61, 0x6d, 0x70, 0x6c, 0x65, 0x4d, // ant(bgfx_sampleM
	0x61, 0x73, 0x6b, 0x45, 0x6e, 0x61, 0x62, 0x6c, 0x65, 0x64, 0x29, 0x5d, 0x5d, 0x3b, 0x0a, 0x20, // askEnabled)]];. 
	0x20, 0x20, 0x20, 0x66, 0x6c, 0x6f, 0x61, 0x74, 0x34, 0x20, 0x62, 0x67, 0x66, 0x78, 0x5f, 0x46, //    float4 bgfx_F
	0x72, 0x61, 0x67, 0x44, 0x61, 0x74, 0x61, 0x30, 0x20, 0x5b, 0x5b, 0x63, 0x6f, 0x6c, 0x6f, 0x72, // ragData0 [[color
	0x28, 0x30, 0x29, 0x5d, 0x5d, 0x3b, 0x0a, 0x7d, 0x3b, 0x0a, 0x0a, 0x73, 0x74, 0x72, 0x75, 0x63, // (0)]];.};..struc
	0x74, 0x20, 0x78, 0x6c, 0x61, 0x74, 0x4d, 0x74, 0x6c, 0x4d, 0x61, 0x69, 0x6e, 0x5f, 0x69, 0x6e, // t xlatMtlMain_in
	0x0a, 0x7b, 0x0a, 0x20, 0x20, 0x20, 0x20, 0x66, 0x6c, 0x6f, 0x61, 0x74, 0x34, 0x20, 0x76, 0x5f, // .{.    float4 v_
	0x41, 0x6c, 0x70, 0x68, 0x61, 0x5f, 0x44, 0x69, 0x73, 0x74, 0x5f, 0x55, 0x56, 0x20, 0x5b, 0x5b, // Alpha_Dist_UV [[
	0x75, 0x73, 0x65, 0x72, 0x28, 0x6c, 0x6f, 0x63, 0x6e, 0x30, 0x29, 0x5d, 0x5d, 0x3b, 0x0a, 0x20, // user(locn0)]];. 
	0x20, 0x20, 0x20, 0x66, 0x6c, 0x6f, 0x61, 0x74, 0x34, 0x20, 0x76, 0x5f, 0x42, 0x6c, 0x65, 0x6e, //    float4 v_Blen
	0x64, 0x5f, 0x41, 0x6c, 0x70, 0x68, 0x61, 0x5f, 0x44, 0x69, 0x73, 0x74, 0x5f, 0x55, 0x56, 0x20, // d_Alpha_Dist_UV 
	0x5b, 0x5b, 0x75, 0x73, 0x65, 0x72, 0x28, 0x6c, 0x6f, 0x63, 0x6e, 0x31, 0x29, 0x5d, 0x5d, 0x3b, // [[user(locn1)]];
	0x0a, 0x20, 0x20, 0x20, 0x20, 0x66, 0x6c, 0x6f, 0x61, 0x74, 0x34, 0x20, 0x76, 0x5f, 0x42, 0x6c, // .    float4 v_Bl
	0x65, 0x6e, 0x64, 0x5f, 0x46, 0x42, 0x4e, 0x65, 0x78, 0x74, 0x49, 0x6e, 0x64, 0x65, 0x78, 0x5f, // end_FBNextIndex_
	0x55, 0x56, 0x20, 0x5b, 0x5b, 0x75, 0x73, 0x65, 0x72, 0x28, 0x6c, 0x6f, 0x63, 0x6e, 0x32, 0x29, // UV [[user(locn2)
	0x5d, 0x5d, 0x3b, 0x0a, 0x20, 0x20, 0x20, 0x20, 0x66, 0x6c, 0x6f, 0x61, 0x74, 0x34, 0x20, 0x76, // ]];.    float4 v
	0x5f, 0x43, 0x6f, 0x6c, 0x6f, 0x72, 0x20, 0x5b, 0x5b, 0x75, 0x73, 0x65, 0x72, 0x28, 0x6c, 0x6f, // _Color [[user(lo
	0x63, 0x6e, 0x33, 0x29, 0x5d, 0x5d, 0x3b, 0x0a, 0x20, 0x20, 0x20, 0x20, 0x66, 0x6c, 0x6f, 0x61, // cn3)]];.    floa
	0x74, 0x34, 0x20, 0x76, 0x5f, 0x50, 0x6f, 0x73, 0x50, 0x20, 0x5b, 0x5b, 0x75, 0x73, 0x65, 0x72, // t4 v_PosP [[user
	0x28, 0x6c, 0x6f, 0x63, 0x6e, 0x34, 0x29, 0x5d, 0x5d, 0x3b, 0x0a, 0x20, 0x20, 0x20, 0x20, 0x66, // (locn4)]];.    f
	0x6c, 0x6f, 0x61, 0x74, 0x34, 0x20, 0x76, 0x5f, 0x55, 0x56, 0x5f, 0x4f, 0x74, 0x68, 0x65, 0x72, // loat4 v_UV_Other
	0x73, 0x20, 0x5b, 0x5b, 0x75, 0x73, 0x65, 0x72, 0x28, 0x6c, 0x6f, 0x63, 0x6e, 0x35, 0x29, 0x5d, // s [[user(locn5)]
	0x5d, 0x3b, 0x0a, 0x20, 0x20, 0x20, 0x20, 0x66, 0x6c, 0x6f, 0x61, 0x74, 0x33, 0x20, 0x76, 0x5f, // ];.    float3 v_
	0x57, 0x6f, 0x72, 0x6c, 0x64, 0x4e, 0x20, 0x5b, 0x5b, 0x75, 0x73, 0x65, 0x72, 0x28, 0x6c, 0x6f, // WorldN [[user(lo
	0x63, 0x6e, 0x36, 0x29, 0x5d, 0x5d, 0x3b, 0x0a, 0x7d, 0x3b, 0x0a, 0x0a, 0x66, 0x72, 0x61, 0x67, // cn6)]];.};..frag
	0x6d, 0x65, 0x6e, 0x74, 0x20, 0x78, 0x6c, 0x61, 0x74, 0x4d, 0x74, 0x6c, 0x4d, 0x61, 0x69, 0x6e, // ment xlatMtlMain
	0x5f, 0x6f, 0x75, 0x74, 0x20, 0x78, 0x6c, 0x61, 0x74, 0x4d, 0x74, 0x6c, 0x4d, 0x61, 0x69, 0x6e, // _out xlatMtlMain
	0x28, 0x78, 0x6c, 0x61, 0x74, 0x4d, 0x74, 0x6c, 0x4d, 0x61, 0x69, 0x6e, 0x5f, 0x69, 0x6e, 0x20, // (xlatMtlMain_in 
	0x69, 0x6e, 0x20, 0x5b, 0x5b, 0x73, 0x74, 0x61, 0x67, 0x65, 0x5f, 0x69, 0x6e, 0x5d, 0x5d, 0x2c, // in [[stage_in]],
	0x20, 0x63, 0x6f, 0x6e, 0x73, 0x74, 0x61, 0x6e, 0x74, 0x20, 0x5f, 0x47, 0x6c, 0x6f, 0x62, 0x61, //  constant _Globa
	0x6c, 0x26, 0x20, 0x5f, 0x6d, 0x74, 0x6c, 0x5f, 0x75, 0x20, 0x5b, 0x5b, 0x62, 0x75, 0x66, 0x66, // l& _mtl_u [[buff
	0x65, 0x72, 0x28, 0x30, 0x29, 0x5d, 0x5d, 0x2c, 0x20, 0x74, 0x65, 0x78, 0x74, 0x75, 0x72, 0x65, // er(0)]], texture
	0x32, 0x64, 0x3c, 0x66, 0x6c, 0x6f, 0x61, 0x74, 0x3e, 0x20, 0x73, 0x5f, 0x63, 0x6f, 0x6c, 0x6f, // 2d<float> s_colo
	0x72, 0x54, 0x65, 0x78, 0x20, 0x5b, 0x5b, 0x74, 0x65, 0x78, 0x74, 0x75, 0x72, 0x65, 0x28, 0x30, // rTex [[texture(0
	0x29, 0x5d, 0x5d, 0x2c, 0x20, 0x74, 0x65, 0x78, 0x74, 0x75, 0x72, 0x65, 0x32, 0x64, 0x3c, 0x66, // )]], texture2d<f
	0x6c, 0x6f, 0x61, 0x74, 0x3e, 0x20, 0x73, 0x5f, 0x61, 0x6c, 0x70, 0x68, 0x61, 0x54, 0x65, 0x78, // loat> s_alphaTex
	0x20, 0x5b, 0x5b, 0x74, 0x65, 0x78, 0x74, 0x75, 0x72, 0x65, 0x28, 0x31, 0x29, 0x5d, 0x5d, 0x2c, //  [[texture(1)]],
	0x20, 0x74, 0x65, 0x78, 0x74, 0x75, 0x72, 0x65, 0x32, 0x64, 0x3c, 0x66, 0x6c, 0x6f, 0x61, 0x74, //  texture2d<float
	0x3e, 0x20, 0x73, 0x5f, 0x75, 0x76, 0x44, 0x69, 0x73, 0x74, 0x6f, 0x72, 0x74, 0x69, 0x6f, 0x6e, // > s_uvDistortion
	0x54, 0x65, 0x78, 0x20, 0x5b, 0x5b, 0x74, 0x65, 0x78, 0x74, 0x75, 0x72, 0x65, 0x28, 0x32, 0x29, // Tex [[texture(2)
	0x5d, 0x5d, 0x2c, 0x20, 0x74, 0x65, 0x78, 0x74, 0x75, 0x72, 0x65, 0x32, 0x64, 0x3c, 0x66, 0x6c, // ]], texture2d<fl
	0x6f, 0x61, 0x74, 0x3e, 0x20, 0x73, 0x5f, 0x62, 0x6c, 0x65, 0x6e, 0x64, 0x54, 0x65, 0x78, 0x20, // oat> s_blendTex 
	0x5b, 0x5b, 0x74, 0x65, 0x78, 0x74, 0x75, 0x72, 0x65, 0x28, 0x33, 0x29, 0x5d, 0x5d, 0x2c, 0x20, // [[texture(3)]], 
	0x74, 0x65, 0x78, 0x74, 0x75, 0x72, 0x65, 0x32, 0x64, 0x3c, 0x66, 0x6c, 0x6f, 0x61, 0x74, 0x3e, // texture2d<float>
	0x20, 0x73, 0x5f, 0x62, 0x6c, 0x65, 0x6e, 0x64, 0x41, 0x6c, 0x70, 0x68, 0x61, 0x54, 0x65, 0x78, //  s_blendAlphaTex
	0x20, 0x5b, 0x5b, 0x74, 0x65, 0x78, 0x74, 0x75, 0x72, 0x65, 0x28, 0x34, 0x29, 0x5d, 0x5d, 0x2c, //  [[texture(4)]],
	0x20, 0x74, 0x65, 0x78, 0x74, 0x75, 0x72, 0x65, 0x32, 0x64, 0x3c, 0x66, 0x6c, 0x6f, 0x61, 0x74, //  texture2d<float
	0x3e, 0x20, 0x73, 0x5f, 0x62, 0x6c, 0x65, 0x6e, 0x64, 0x55, 0x56, 0x44, 0x69, 0x73, 0x74, 0x6f, // > s_blendUVDisto
	0x72, 0x74, 0x69, 0x6f, 0x6e, 0x54, 0x65, 0x78, 0x20, 0x5b, 0x5b, 0x74, 0x65, 0x78, 0x74, 0x75, // rtionTex [[textu
	0x72, 0x65, 0x28, 0x35, 0x29, 0x5d, 0x5d, 0x2c, 0x20, 0x74, 0x65, 0x78, 0x74, 0x75, 0x72, 0x65, // re(5)]], texture
	0x32, 0x64, 0x3c, 0x66, 0x6c, 0x6f, 0x61, 0x74, 0x3e, 0x20, 0x73, 0x5f, 0x64, 0x65, 0x70, 0x74, // 2d<float> s_dept
	0x68, 0x54, 0x65, 0x78, 0x20, 0x5b, 0x5b, 0x74, 0x65, 0x78, 0x74, 0x75, 0x72, 0x65, 0x28, 0x36, // hTex [[texture(6
	0x29, 0x5d, 0x5d, 0x2c, 0x20, 0x73, 0x61, 0x6d, 0x70, 0x6c, 0x65, 0x72, 0x20, 0x73, 0x5f, 0x63, // )]], sampler s_c
	0x6f, 0x6c, 0x6f, 0x72, 0x54, 0x65, 0x78, 0x53, 0x61, 0x6d, 0x70, 0x6c, 0x65, 0x72, 0x20, 0x5b, // olorTexSampler [
	0x5b, 0x73, 0x61, 0x6d, 0x70, 0x6c, 0x65, 0x72, 0x28, 0x30, 0x29, 0x5d, 0x5d, 0x2c, 0x20, 0x73, // [sampler(0)]], s
	0x61, 0x6d, 0x70, 0x6c, 0x65, 0x72, 0x20, 0x73, 0x5f, 0x61, 0x6c, 0x70, 0x68, 0x61, 0x54, 0x65, // ampler s_alphaTe
	0x78, 0x53, 0x61, 0x6d, 0x70, 0x6c, 0x65, 0x72, 0x20, 0x5b, 0x5b, 0x73, 0x61, 0x6d, 0x70, 0x6c, // xSampler [[sampl
	0x65, 0x72, 0x28, 0x31, 0x29, 0x5d, 0x5d, 0x2c, 0x20, 0x73, 0x61, 0x6d, 0x70, 0x6c, 0x65, 0x72, // er(1)]], sampler
	0x20, 0x73, 0x5f, 0x75, 0x76, 0x44, 0x69, 0x73, 0x74, 0x6f, 0x72, 0x74, 0x69, 0x6f, 0x6e, 0x54, //  s_uvDistortionT
	0x65, 0x78, 0x53, 0x61, 0x6d, 0x70, 0x6c, 0x65, 0x72, 0x20, 0x5b, 0x5b, 0x73, 0x61, 0x6d, 0x70, // exSampler [[samp
	0x6c, 0x65, 0x72, 0x28, 0x32, 0x29, 0x5d, 0x5d, 0x2c, 0x20, 0x73, 0x61, 0x6d, 0x70, 0x6c, 0x65, // ler(2)]], sample
	0x72, 0x20, 0x73, 0x5f, 0x62, 0x6c, 0x65, 0x6e, 0x64, 0x54, 0x65, 0x78, 0x53, 0x61, 0x6d, 0x70, // r s_blendTexSamp
	0x6c, 0x65, 0x72, 0x20, 0x5b, 0x5b, 0x73, 0x61, 0x6d, 0x70, 0x6c, 0x65, 0x72, 0x28, 0x33, 0x29, // ler [[sampler(3)
	0x5d, 0x5d, 0x2c, 0x20, 0x73, 0x61, 0x6d, 0x70, 0x6c, 0x65, 0x72, 0x20, 0x73, 0x5f, 0x62, 0x6c, // ]], sampler s_bl
	0x65, 0x6e, 0x64, 0x41, 0x6c, 0x70, 0x68, 0x61, 0x54, 0x65, 0x78, 0x53, 0x61, 0x6d, 0x70, 0x6c, // endAlphaTexSampl
	0x65, 0x72, 0x20, 0x5b, 0x5b, 0x73, 0x61, 0x6d, 0x70, 0x6c, 0x65, 0x72, 0x28, 0x34, 0x29, 0x5d, // er [[sampler(4)]
	0x5d, 0x2c, 0x20, 0x73, 0x61, 0x6d, 0x70, 0x6c, 0x65, 0x72, 0x20, 0x73, 0x5f, 0x62, 0x6c, 0x65, // ], sampler s_ble
	0x6e, 0x64, 0x55, 0x56, 0x44, 0x69, 0x73, 0x74, 0x6f, 0x72, 0x74, 0x69, 0x6f, 0x6e, 0x54, 0x65, // ndUVDistortionTe
	0x78, 0x53, 0x61, 0x6d, 0x70, 0x6c, 0x65, 0x72, 0x20, 0x5b, 0x5b, 0x73, 0x61, 0x6d, 0x70, 0x6c, // xSampler [[sampl
	0x65, 0x72, 0x28, 0x35, 0x29, 0x5d, 0x5d, 0x2c, 0x20, 0x73, 0x61, 0x6d, 0x70, 0x6c, 0x65, 0x72, // er(5)]], sampler
	0x20, 0x73, 0x5f, 0x64, 0x65, 0x70, 0x74, 0x68, 0x54, 0x65, 0x78, 0x53, 0x61, 0x6d, 0x70, 0x6c, //  s_depthTexSampl
	0x65, 0x72, 0x20, 0x5b, 0x5b, 0x73, 0x61, 0x6d, 0x70, 0x6c, 0x65, 0x72, 0x28, 0x36, 0x29, 0x5d, // er [[sampler(6)]
	0x5d, 0x29, 0x0a, 0x7b, 0x0a, 0x20, 0x20, 0x20, 0x20, 0x78, 0x6c, 0x61, 0x74, 0x4d, 0x74, 0x6c, // ]).{.    xlatMtl
	0x4d, 0x61, 0x69, 0x6e, 0x5f, 0x6f, 0x75, 0x74, 0x20, 0x6f, 0x75, 0x74, 0x20, 0x3d, 0x20, 0x7b, // Main_out out = {
	0x7d, 0x3b, 0x0a, 0x09, 0x69, 0x66, 0x20, 0x28, 0x62, 0x67, 0x66, 0x78, 0x5f, 0x73, 0x61, 0x6d, // };..if (bgfx_sam
	0x70, 0x6c, 0x65, 0x4d, 0x61, 0x73, 0x6b, 0x45, 0x6e, 0x61, 0x62, 0x6c, 0x65, 0x64, 0x29, 0x20, // pleMaskEnabled) 
	0x7b, 0x20, 0x6f, 0x75, 0x74, 0x2e, 0x62, 0x67, 0x66, 0x78, 0x5f, 0x6d, 0x65, 0x74, 0x61, 0x6c, // { out.bgfx_metal
	0x5f, 0x73, 0x61, 0x6d, 0x70, 0x6c, 0x65, 0x4d, 0x61, 0x73, 0x6b, 0x20, 0x3d, 0x20, 0x62, 0x67, // _sampleMask = bg
	0x66, 0x78, 0x5f, 0x73, 0x61, 0x6d, 0x70, 0x6c, 0x65, 0x4d, 0x61, 0x73, 0x6b, 0x3b, 0x20, 0x7d, // fx_sampleMask; }
	0x0a, 0x20, 0x20, 0x20, 0x20, 0x62, 0x6f, 0x6f, 0x6c, 0x20, 0x5f, 0x31, 0x33, 0x36, 0x32, 0x20, // .    bool _1362 
	0x3d, 0x20, 0x5f, 0x6d, 0x74, 0x6c, 0x5f, 0x75, 0x2e, 0x75, 0x5f, 0x66, 0x73, 0x6d, 0x69, 0x73, // = _mtl_u.u_fsmis
	0x63, 0x46, 0x6c, 0x61, 0x67, 0x73, 0x2e, 0x78, 0x20, 0x21, 0x3d, 0x20, 0x30, 0x2e, 0x30, 0x3b, // cFlags.x != 0.0;
	0x0a, 0x20, 0x20, 0x20, 0x20, 0x66, 0x6c, 0x6f, 0x61, 0x74, 0x34, 0x20, 0x5f, 0x31, 0x37, 0x37, // .    float4 _177
	0x31, 0x20, 0x3d, 0x20, 0x73, 0x5f, 0x75, 0x76, 0x44, 0x69, 0x73, 0x74, 0x6f, 0x72, 0x74, 0x69, // 1 = s_uvDistorti
	0x6f, 0x6e, 0x54, 0x65, 0x78, 0x2e, 0x73, 0x61, 0x6d, 0x70, 0x6c, 0x65, 0x28, 0x73, 0x5f, 0x75, // onTex.sample(s_u
	0x76, 0x44, 0x69, 0x73, 0x74, 0x6f, 0x72, 0x74, 0x69, 0x6f, 0x6e, 0x54, 0x65, 0x78, 0x53, 0x61, // vDistortionTexSa
	0x6d, 0x70, 0x6c, 0x65, 0x72, 0x2c, 0x20, 0x69, 0x6e, 0x2e, 0x76, 0x5f, 0x41, 0x6c, 0x70, 0x68, // mpler, in.v_Alph
	0x61, 0x5f, 0x44, 0x69, 0x73, 0x74, 0x5f, 0x55, 0x56, 0x2e, 0x7a, 0x77, 0x29, 0x3b, 0x0a, 0x20, // a_Dist_UV.zw);. 
	0x20, 0x20, 0x20, 0x66, 0x6c, 0x6f, 0x61, 0x74, 0x34, 0x20, 0x5f, 0x32, 0x38, 0x33, 0x37, 0x3b, //    float4 _2837;
	0x0a, 0x20, 0x20, 0x20, 0x20, 0x69, 0x66, 0x20, 0x28, 0x5f, 0x31, 0x33, 0x36, 0x32, 0x29, 0x0a, // .    if (_1362).
	0x20, 0x20, 0x20, 0x20, 0x7b, 0x0a, 0x20, 0x20, 0x20, 0x20, 0x20, 0x20, 0x20, 0x20, 0x66, 0x6c, //     {.        fl
	0x6f, 0x61, 0x74, 0x34, 0x20, 0x5f, 0x32, 0x38, 0x33, 0x36, 0x3b, 0x0a, 0x20, 0x20, 0x20, 0x20, // oat4 _2836;.    
	0x20, 0x20, 0x20, 0x20, 0x64, 0x6f, 0x0a, 0x20, 0x20, 0x20, 0x20, 0x20, 0x20, 0x20, 0x20, 0x7b, //     do.        {
	0x0a, 0x20, 0x20, 0x20, 0x20, 0x20, 0x20, 0x20, 0x20, 0x20, 0x20, 0x20, 0x20, 0x69, 0x66, 0x20, // .            if 
	0x28, 0x21, 0x5f, 0x31, 0x33, 0x36, 0x32, 0x29, 0x0a, 0x20, 0x20, 0x20, 0x20, 0x20, 0x20, 0x20, // (!_1362).       
	0x20, 0x20, 0x20, 0x20, 0x20, 0x7b, 0x0a, 0x20, 0x20, 0x20, 0x20, 0x20, 0x20, 0x20, 0x20, 0x20, //      {.         
	0x20, 0x20, 0x20, 0x20, 0x20, 0x20, 0x20, 0x5f, 0x32, 0x38, 0x33, 0x36, 0x20, 0x3d, 0x20, 0x5f, //        _2836 = _
	0x31, 0x37, 0x37, 0x31, 0x3b, 0x0a, 0x20, 0x20, 0x20, 0x20, 0x20, 0x20, 0x20, 0x20, 0x20, 0x20, // 1771;.          
	0x20, 0x20, 0x20, 0x20, 0x20, 0x20, 0x62, 0x72, 0x65, 0x61, 0x6b, 0x3b, 0x0a, 0x20, 0x20, 0x20, //       break;.   
	0x20, 0x20, 0x20, 0x20, 0x20, 0x20, 0x20, 0x20, 0x20, 0x7d, 0x0a, 0x20, 0x20, 0x20, 0x20, 0x20, //          }.     
	0x20, 0x20, 0x20, 0x20, 0x20, 0x20, 0x20, 0x5f, 0x32, 0x38, 0x33, 0x36, 0x20, 0x3d, 0x20, 0x66, //        _2836 = f
	0x6c, 0x6f, 0x61, 0x74, 0x34, 0x28, 0x66, 0x61, 0x73, 0x74, 0x3a, 0x3a, 0x6d, 0x61, 0x78, 0x28, // loat4(fast::max(
	0x28, 0x70, 0x6f, 0x77, 0x72, 0x28, 0x66, 0x61, 0x73, 0x74, 0x3a, 0x3a, 0x6d, 0x61, 0x78, 0x28, // (powr(fast::max(
	0x61, 0x62, 0x73, 0x28, 0x5f, 0x31, 0x37, 0x37, 0x31, 0x2e, 0x78, 0x79, 0x7a, 0x29, 0x2c, 0x20, // abs(_1771.xyz), 
	0x66, 0x6c, 0x6f, 0x61, 0x74, 0x33, 0x28, 0x31, 0x2e, 0x31, 0x39, 0x32, 0x30, 0x39, 0x32, 0x38, // float3(1.1920928
	0x39, 0x35, 0x35, 0x30, 0x37, 0x38, 0x31, 0x32, 0x35, 0x65, 0x2d, 0x30, 0x37, 0x29, 0x29, 0x2c, // 955078125e-07)),
	0x20, 0x66, 0x6c, 0x6f, 0x61, 0x74, 0x33, 0x28, 0x30, 0x2e, 0x34, 0x31, 0x36, 0x36, 0x36, 0x36, //  float3(0.416666
	0x36, 0x35, 0x36, 0x37, 0x33, 0x32, 0x35, 0x35, 0x39, 0x32, 0x30, 0x34, 0x31, 0x30, 0x31, 0x35, // 6567325592041015
	0x36, 0x32, 0x35, 0x29, 0x29, 0x20, 0x2a, 0x20, 0x31, 0x2e, 0x30, 0x35, 0x34, 0x39, 0x39, 0x39, // 625)) * 1.054999
	0x39, 0x34, 0x37, 0x35, 0x34, 0x37, 0x39, 0x31, 0x32, 0x35, 0x39, 0x37, 0x36, 0x35, 0x36, 0x32, // 9475479125976562
	0x35, 0x29, 0x20, 0x2d, 0x20, 0x66, 0x6c, 0x6f, 0x61, 0x74, 0x33, 0x28, 0x30, 0x2e, 0x30, 0x35, // 5) - float3(0.05
	0x34, 0x39, 0x39, 0x39, 0x39, 0x39, 0x39, 0x37, 0x30, 0x31, 0x39, 0x37, 0x36, 0x37, 0x37, 0x36, // 4999999701976776
	0x31, 0x32, 0x33, 0x30, 0x34, 0x36, 0x38, 0x37, 0x35, 0x29, 0x2c, 0x20, 0x66, 0x6c, 0x6f, 0x61, // 123046875), floa
	0x74, 0x33, 0x28, 0x30, 0x2e, 0x30, 0x29, 0x29, 0x2e, 0x78, 0x79, 0x2c, 0x20, 0x5f, 0x32, 0x38, // t3(0.0)).xy, _28
	0x36, 0x32, 0x2c, 0x20, 0x5f, 0x32, 0x38, 0x36, 0x32, 0x29, 0x3b, 0x0a, 0x20, 0x20, 0x20, 0x20, // 62, _2862);.    
	0x20, 0x20, 0x20, 0x20, 0x20, 0x20, 0x20, 0x20, 0x62, 0x72, 0x65, 0x61, 0x6b, 0x3b, 0x0a, 0x20, //         break;. 
	0x20, 0x20, 0x20, 0x20, 0x20, 0x20, 0x20, 0x7d, 0x20, 0x77, 0x68, 0x69, 0x6c, 0x65, 0x28, 0x66, //        } while(f
	0x61, 0x6c, 0x73, 0x65, 0x29, 0x3b, 0x0a, 0x20, 0x20, 0x20, 0x20, 0x20, 0x20, 0x20, 0x20, 0x5f, // alse);.        _
	0x32, 0x38, 0x33, 0x37, 0x20, 0x3d, 0x20, 0x5f, 0x32, 0x38, 0x33, 0x36, 0x3b, 0x0a, 0x20, 0x20, // 2837 = _2836;.  
	0x20, 0x20, 0x7d, 0x0a, 0x20, 0x20, 0x20, 0x20, 0x65, 0x6c, 0x73, 0x65, 0x0a, 0x20, 0x20, 0x20, //   }.    else.   
	0x20, 0x7b, 0x0a, 0x20, 0x20, 0x20, 0x20, 0x20, 0x20, 0x20, 0x20, 0x5f, 0x32, 0x38, 0x33, 0x37, //  {.        _2837
	0x20, 0x3d, 0x20, 0x5f, 0x31, 0x37, 0x37, 0x31, 0x3b, 0x0a, 0x20, 0x20, 0x20, 0x20, 0x7d, 0x0a, //  = _1771;.    }.
	0x20, 0x20, 0x20, 0x20, 0x62, 0x6f, 0x6f, 0x6c, 0x20, 0x5f, 0x31, 0x38, 0x36, 0x38, 0x3b, 0x0a, //     bool _1868;.
	0x20, 0x20, 0x20, 0x20, 0x66, 0x6c, 0x6f, 0x61, 0x74, 0x32, 0x20, 0x5f, 0x31, 0x37, 0x34, 0x38, //     float2 _1748
	0x20, 0x3d, 0x20, 0x28, 0x5f, 0x32, 0x38, 0x33, 0x37, 0x2e, 0x78, 0x79, 0x20, 0x2a, 0x20, 0x32, //  = (_2837.xy * 2
	0x2e, 0x30, 0x29, 0x20, 0x2d, 0x20, 0x66, 0x6c, 0x6f, 0x61, 0x74, 0x32, 0x28, 0x31, 0x2e, 0x30, // .0) - float2(1.0
	0x29, 0x3b, 0x0a, 0x20, 0x20, 0x20, 0x20, 0x5f, 0x31, 0x37, 0x34, 0x38, 0x2e, 0x79, 0x20, 0x3d, // );.    _1748.y =
	0x20, 0x5f, 0x6d, 0x74, 0x6c, 0x5f, 0x75, 0x2e, 0x75, 0x5f, 0x66, 0x73, 0x66, 0x55, 0x56, 0x44, //  _mtl_u.u_fsfUVD
	0x69, 0x73, 0x74, 0x6f, 0x72, 0x74, 0x69, 0x6f, 0x6e, 0x50, 0x61, 0x72, 0x61, 0x6d, 0x65, 0x74, // istortionParamet
	0x65, 0x72, 0x2e, 0x7a, 0x20, 0x2b, 0x20, 0x28, 0x5f, 0x6d, 0x74, 0x6c, 0x5f, 0x75, 0x2e, 0x75, // er.z + (_mtl_u.u
	0x5f, 0x66, 0x73, 0x66, 0x55, 0x56, 0x44, 0x69, 0x73, 0x74, 0x6f, 0x72, 0x74, 0x69, 0x6f, 0x6e, // _fsfUVDistortion
	0x50, 0x61, 0x72, 0x61, 0x6d, 0x65, 0x74, 0x65, 0x72, 0x2e, 0x77, 0x20, 0x2a, 0x20, 0x28, 0x5f, // Parameter.w * (_
	0x31, 0x37, 0x34, 0x38, 0x2e, 0x79, 0x20, 0x2a, 0x20, 0x28, 0x2d, 0x31, 0x2e, 0x30, 0x29, 0x29, // 1748.y * (-1.0))
	0x29, 0x3b, 0x0a, 0x20, 0x20, 0x20, 0x20, 0x66, 0x6c, 0x6f, 0x61, 0x74, 0x32, 0x20, 0x5f, 0x31, // );.    float2 _1
	0x33, 0x37, 0x39, 0x20, 0x3d, 0x20, 0x5f, 0x31, 0x37, 0x34, 0x38, 0x20, 0x2a, 0x20, 0x5f, 0x6d, // 379 = _1748 * _m
	0x74, 0x6c, 0x5f, 0x75, 0x2e, 0x75, 0x5f, 0x66, 0x73, 0x66, 0x55, 0x56, 0x44, 0x69, 0x73, 0x74, // tl_u.u_fsfUVDist
	0x6f, 0x72, 0x74, 0x69, 0x6f, 0x6e, 0x50, 0x61, 0x72, 0x61, 0x6d, 0x65, 0x74, 0x65, 0x72, 0x2e, // ortionParameter.
	0x78, 0x3b, 0x0a, 0x20, 0x20, 0x20, 0x20, 0x66, 0x6c, 0x6f, 0x61, 0x74, 0x34, 0x20, 0x5f, 0x31, // x;.    float4 _1
	0x38, 0x35, 0x39, 0x20, 0x3d, 0x20, 0x73, 0x5f, 0x63, 0x6f, 0x6c, 0x6f, 0x72, 0x54, 0x65, 0x78, // 859 = s_colorTex
	0x2e, 0x73, 0x61, 0x6d, 0x70, 0x6c, 0x65, 0x28, 0x73, 0x5f, 0x63, 0x6f, 0x6c, 0x6f, 0x72, 0x54, // .sample(s_colorT
	0x65, 0x78, 0x53, 0x61, 0x6d, 0x70, 0x6c, 0x65, 0x72, 0x2c, 0x20, 0x28, 0x69, 0x6e, 0x2e, 0x76, // exSampler, (in.v
	0x5f, 0x55, 0x56, 0x5f, 0x4f, 0x74, 0x68, 0x65, 0x72, 0x73, 0x2e, 0x78, 0x79, 0x20, 0x2b, 0x20, // _UV_Others.xy + 
	0x5f, 0x31, 0x33, 0x37, 0x39, 0x29, 0x29, 0x3b, 0x0a, 0x20, 0x20, 0x20, 0x20, 0x66, 0x6c, 0x6f, // _1379));.    flo
	0x61, 0x74, 0x34, 0x20, 0x5f, 0x32, 0x38, 0x33, 0x38, 0x3b, 0x0a, 0x20, 0x20, 0x20, 0x20, 0x64, // at4 _2838;.    d
	0x6f, 0x0a, 0x20, 0x20, 0x20, 0x20, 0x7b, 0x0a, 0x20, 0x20, 0x20, 0x20, 0x20, 0x20, 0x20, 0x20, // o.    {.        
	0x5f, 0x31, 0x38, 0x36, 0x38, 0x20, 0x3d, 0x20, 0x21, 0x5f, 0x31, 0x33, 0x36, 0x32, 0x3b, 0x0a, // _1868 = !_1362;.
	0x20, 0x20, 0x20, 0x20, 0x20, 0x20, 0x20, 0x20, 0x69, 0x66, 0x20, 0x28, 0x5f, 0x31, 0x38, 0x36, //         if (_186
	0x38, 0x29, 0x0a, 0x20, 0x20, 0x20, 0x20, 0x20, 0x20, 0x20, 0x20, 0x7b, 0x0a, 0x20, 0x20, 0x20, // 8).        {.   
	0x20, 0x20, 0x20, 0x20, 0x20, 0x20, 0x20, 0x20, 0x20, 0x5f, 0x32, 0x38, 0x33, 0x38, 0x20, 0x3d, //          _2838 =
	0x20, 0x5f, 0x31, 0x38, 0x35, 0x39, 0x3b, 0x0a, 0x20, 0x20, 0x20, 0x20, 0x20, 0x20, 0x20, 0x20, //  _1859;.        
	0x20, 0x20, 0x20, 0x20, 0x62, 0x72, 0x65, 0x61, 0x6b, 0x3b, 0x0a, 0x20, 0x20, 0x20, 0x20, 0x20, //     break;.     
	0x20, 0x20, 0x20, 0x7d, 0x0a, 0x20, 0x20, 0x20, 0x20, 0x20, 0x20, 0x20, 0x20, 0x5f, 0x32, 0x38, //    }.        _28
	0x33, 0x38, 0x20, 0x3d, 0x20, 0x66, 0x6c, 0x6f, 0x61, 0x74, 0x34, 0x28, 0x66, 0x61, 0x73, 0x74, // 38 = float4(fast
	0x3a, 0x3a, 0x6d, 0x61, 0x78, 0x28, 0x28, 0x70, 0x6f, 0x77, 0x72, 0x28, 0x66, 0x61, 0x73, 0x74, // ::max((powr(fast
	0x3a, 0x3a, 0x6d, 0x61, 0x78, 0x28, 0x61, 0x62, 0x73, 0x28, 0x5f, 0x31, 0x38, 0x35, 0x39, 0x2e, // ::max(abs(_1859.
	0x78, 0x79, 0x7a, 0x29, 0x2c, 0x20, 0x66, 0x6c, 0x6f, 0x61, 0x74, 0x33, 0x28, 0x31, 0x2e, 0x31, // xyz), float3(1.1
	0x39, 0x32, 0x30, 0x39, 0x32, 0x38, 0x39, 0x35, 0x35, 0x30, 0x37, 0x38, 0x31, 0x32, 0x35, 0x65, // 920928955078125e
	0x2d, 0x30, 0x37, 0x29, 0x29, 0x2c, 0x20, 0x66, 0x6c, 0x6f, 0x61, 0x74, 0x33, 0x28, 0x30, 0x2e, // -07)), float3(0.
	0x34, 0x31, 0x36, 0x36, 0x36, 0x36, 0x36, 0x35, 0x36, 0x37, 0x33, 0x32, 0x35, 0x35, 0x39, 0x32, // 4166666567325592
	0x30, 0x34, 0x31, 0x30, 0x31, 0x35, 0x36, 0x32, 0x35, 0x29, 0x29, 0x20, 0x2a, 0x20, 0x31, 0x2e, // 041015625)) * 1.
	0x30, 0x35, 0x34, 0x39, 0x39, 0x39, 0x39, 0x34, 0x37, 0x35, 0x34, 0x37, 0x39, 0x31, 0x32, 0x35, // 0549999475479125
	0x39, 0x37, 0x36, 0x35, 0x36, 0x32, 0x35, 0x29, 0x20, 0x2d, 0x20, 0x66, 0x6c, 0x6f, 0x61, 0x74, // 9765625) - float
	0x33, 0x28, 0x30, 0x2e, 0x30, 0x35, 0x34, 0x39, 0x39, 0x39, 0x39, 0x39, 0x39, 0x37, 0x30, 0x31, // 3(0.054999999701
	0x39, 0x37, 0x36, 0x37, 0x37, 0x36, 0x31, 0x32, 0x33, 0x30, 0x34, 0x36, 0x38, 0x37, 0x35, 0x29, // 976776123046875)
	0x2c, 0x20, 0x66, 0x6c, 0x6f, 0x61, 0x74, 0x33, 0x28, 0x30, 0x2e, 0x30, 0x29, 0x29, 0x2c, 0x20, // , float3(0.0)), 
	0x5f, 0x31, 0x38, 0x35, 0x39, 0x2e, 0x77, 0x29, 0x3b, 0x0a, 0x20, 0x20, 0x20, 0x20, 0x20, 0x20, // _1859.w);.      
	0x20, 0x20, 0x62, 0x72, 0x65, 0x61, 0x6b, 0x3b, 0x0a, 0x20, 0x20, 0x20, 0x20, 0x7d, 0x20, 0x77, //   break;.    } w
	0x68, 0x69, 0x6c, 0x65, 0x28, 0x66, 0x61, 0x6c, 0x73, 0x65, 0x29, 0x3b, 0x0a, 0x20, 0x20, 0x20, // hile(false);.   
	0x20, 0x66, 0x6c, 0x6f, 0x61, 0x74, 0x34, 0x20, 0x5f, 0x31, 0x33, 0x39, 0x33, 0x20, 0x3d, 0x20, //  float4 _1393 = 
	0x5f, 0x32, 0x38, 0x33, 0x38, 0x20, 0x2a, 0x20, 0x69, 0x6e, 0x2e, 0x76, 0x5f, 0x43, 0x6f, 0x6c, // _2838 * in.v_Col
	0x6f, 0x72, 0x3b, 0x0a, 0x20, 0x20, 0x20, 0x20, 0x66, 0x6c, 0x6f, 0x61, 0x74, 0x34, 0x20, 0x5f, // or;.    float4 _
	0x32, 0x38, 0x34, 0x33, 0x3b, 0x0a, 0x20, 0x20, 0x20, 0x20, 0x69, 0x66, 0x20, 0x28, 0x5f, 0x6d, // 2843;.    if (_m
	0x74, 0x6c, 0x5f, 0x75, 0x2e, 0x75, 0x5f, 0x66, 0x73, 0x66, 0x46, 0x6c, 0x69, 0x70, 0x62, 0x6f, // tl_u.u_fsfFlipbo
	0x6f, 0x6b, 0x50, 0x61, 0x72, 0x61, 0x6d, 0x65, 0x74, 0x65, 0x72, 0x2e, 0x78, 0x20, 0x3e, 0x20, // okParameter.x > 
	0x30, 0x2e, 0x30, 0x29, 0x0a, 0x20, 0x20, 0x20, 0x20, 0x7b, 0x0a, 0x20, 0x20, 0x20, 0x20, 0x20, // 0.0).    {.     
	0x20, 0x20, 0x20, 0x66, 0x6c, 0x6f, 0x61, 0x74, 0x34, 0x20, 0x5f, 0x31, 0x39, 0x38, 0x35, 0x20, //    float4 _1985 
	0x3d, 0x20, 0x73, 0x5f, 0x63, 0x6f, 0x6c, 0x6f, 0x72, 0x54, 0x65, 0x78, 0x2e, 0x73, 0x61, 0x6d, // = s_colorTex.sam
	0x70, 0x6c, 0x65, 0x28, 0x73, 0x5f, 0x63, 0x6f, 0x6c, 0x6f, 0x72, 0x54, 0x65, 0x78, 0x53, 0x61, // ple(s_colorTexSa
	0x6d, 0x70, 0x6c, 0x65, 0x72, 0x2c, 0x20, 0x28, 0x69, 0x6e, 0x2e, 0x76, 0x5f, 0x42, 0x6c, 0x65, // mpler, (in.v_Ble
	0x6e, 0x64, 0x5f, 0x46, 0x42, 0x4e, 0x65, 0x78, 0x74, 0x49, 0x6e, 0x64, 0x65, 0x78, 0x5f, 0x55, // nd_FBNextIndex_U
	0x56, 0x2e, 0x7a, 0x77, 0x20, 0x2b, 0x20, 0x5f, 0x31, 0x33, 0x37, 0x39, 0x29, 0x29, 0x3b, 0x0a, // V.zw + _1379));.
	0x20, 0x20, 0x20, 0x20, 0x20, 0x20, 0x20, 0x20, 0x66, 0x6c, 0x6f, 0x61, 0x74, 0x34, 0x20, 0x5f, //         float4 _
	0x32, 0x38, 0x34, 0x30, 0x3b, 0x0a, 0x20, 0x20, 0x20, 0x20, 0x20, 0x20, 0x20, 0x20, 0x69, 0x66, // 2840;.        if
	0x20, 0x28, 0x5f, 0x31, 0x33, 0x36, 0x32, 0x29, 0x0a, 0x20, 0x20, 0x20, 0x20, 0x20, 0x20, 0x20, //  (_1362).       
	0x20, 0x7b, 0x0a, 0x20, 0x20, 0x20, 0x20, 0x20, 0x20, 0x20, 0x20, 0x20, 0x20, 0x20, 0x20, 0x66, //  {.            f
	0x6c, 0x6f, 0x61, 0x74, 0x34, 0x20, 0x5f, 0x32, 0x38, 0x33, 0x39, 0x3b, 0x0a, 0x20, 0x20, 0x20, // loat4 _2839;.   
	0x20, 0x20, 0x20, 0x20, 0x20, 0x20, 0x20, 0x20, 0x20, 0x64, 0x6f, 0x0a, 0x20, 0x20, 0x20, 0x20, //          do.    
	0x20, 0x20, 0x20, 0x20, 0x20, 0x20, 0x20, 0x20, 0x7b, 0x0a, 0x20, 0x20, 0x20, 0x20, 0x20, 0x20, //         {.      
	0x20, 0x20, 0x20, 0x20, 0x20, 0x20, 0x20, 0x20, 0x20, 0x20, 0x69, 0x66, 0x20, 0x28, 0x5f, 0x31, //           if (_1
	0x38, 0x36, 0x38, 0x29, 0x0a, 0x20, 0x20, 0x20, 0x20, 0x20, 0x20, 0x20, 0x20, 0x20, 0x20, 0x20, // 868).           
	0x20, 0x20, 0x20, 0x20, 0x20, 0x7b, 0x0a, 0x20, 0x20, 0x20, 0x20, 0x20, 0x20, 0x20, 0x20, 0x20, //      {.         
	0x20, 0x20, 0x20, 0x20, 0x20, 0x20, 0x20, 0x20, 0x20, 0x20, 0x20, 0x5f, 0x32, 0x38, 0x33, 0x39, //            _2839
	0x20, 0x3d, 0x20, 0x5f, 0x31, 0x39, 0x38, 0x35, 0x3b, 0x0a, 0x20, 0x20, 0x20, 0x20, 0x20, 0x20, //  = _1985;.      
	0x20, 0x20, 0x20, 0x20, 0x20, 0x20, 0x20, 0x20, 0x20, 0x20, 0x20, 0x20, 0x20, 0x20, 0x62, 0x72, //               br
	0x65, 0x61, 0x6b, 0x3b, 0x0a, 0x20, 0x20, 0x20, 0x20, 0x20, 0x20, 0x20, 0x20, 0x20, 0x20, 0x20, // eak;.           
	0x20, 0x20, 0x20, 0x20, 0x20, 0x7d, 0x0a, 0x20, 0x20, 0x20, 0x20, 0x20, 0x20, 0x20, 0x20, 0x20, //      }.         
	0x20, 0x20, 0x20, 0x20, 0x20, 0x20, 0x20, 0x5f, 0x32, 0x38, 0x33, 0x39, 0x20, 0x3d, 0x20, 0x66, //        _2839 = f
	0x6c, 0x6f, 0x61, 0x74, 0x34, 0x28, 0x66, 0x61, 0x73, 0x74, 0x3a, 0x3a, 0x6d, 0x61, 0x78, 0x28, // loat4(fast::max(
	0x28, 0x70, 0x6f, 0x77, 0x72, 0x28, 0x66, 0x61, 0x73, 0x74, 0x3a, 0x3a, 0x6d, 0x61, 0x78, 0x28, // (powr(fast::max(
	0x61, 0x62, 0x73, 0x28, 0x5f, 0x31, 0x39, 0x38, 0x35, 0x2e, 0x78, 0x79, 0x7a, 0x29, 0x2c, 0x20, // abs(_1985.xyz), 
	0x66, 0x6c, 0x6f, 0x61, 0x74, 0x33, 0x28, 0x31, 0x2e, 0x31, 0x39, 0x32, 0x30, 0x39, 0x32, 0x38, // float3(1.1920928
	0x39, 0x35, 0x35, 0x30, 0x37, 0x38, 0x31, 0x32, 0x35, 0x65, 0x2d, 0x30, 0x37, 0x29, 0x29, 0x2c, // 955078125e-07)),
	0x20, 0x66, 0x6c, 0x6f, 0x61, 0x74, 0x33, 0x28, 0x30, 0x2e, 0x34, 0x31, 0x36, 0x36, 0x36, 0x36, //  float3(0.416666
	0x36, 0x35, 0x36, 0x37, 0x33, 0x32, 0x35, 0x35, 0x39, 0x32, 0x30, 0x34, 0x31, 0x30, 0x31, 0x35, // 6567325592041015
	0x36, 0x32, 0x35, 0x29, 0x29, 0x20, 0x2a, 0x20, 0x31, 0x2e, 0x30, 0x35, 0x34, 0x39, 0x39, 0x39, // 625)) * 1.054999
	0x39, 0x34, 0x37, 0x35, 0x34, 0x37, 0x39, 0x31, 0x32, 0x35, 0x39, 0x37, 0x36, 0x35, 0x36, 0x32, // 9475479125976562
	0x35, 0x29, 0x20, 0x2d, 0x20, 0x66, 0x6c, 0x6f, 0x61, 0x74, 0x33, 0x28, 0x30, 0x2e, 0x30, 0x35, // 5) - float3(0.05
	0x34, 0x39, 0x39, 0x39, 0x39, 0x39, 0x39, 0x37, 0x30, 0x31, 0x39, 0x37, 0x36, 0x37, 0x37, 0x36, // 4999999701976776
	0x31, 0x32, 0x33, 0x30, 0x34, 0x36, 0x38, 0x37, 0x35, 0x29, 0x2c, 0x20, 0x66, 0x6c, 0x6f, 0x61, // 123046875), floa
	0x74, 0x33, 0x28, 0x30, 0x2e, 0x30, 0x29, 0x29, 0x2c, 0x20, 0x5f, 0x31, 0x39, 0x38, 0x35, 0x2e, // t3(0.0)), _1985.
	0x77, 0x29, 0x3b, 0x0a, 0x20, 0x20, 0x20, 0x20, 0x20, 0x20, 0x20, 0x20, 0x20, 0x20, 0x20, 0x20, // w);.            
	0x20, 0x20, 0x20, 0x20, 0x62, 0x72, 0x65, 0x61, 0x6b, 0x3b, 0x0a, 0x20, 0x20, 0x20, 0x20, 0x20, //     break;.     
	0x20, 0x20, 0x20, 0x20, 0x20, 0x20, 0x20, 0x7d, 0x20, 0x77, 0x68, 0x69, 0x6c, 0x65, 0x28, 0x66, //        } while(f
	0x61, 0x6c, 0x73, 0x65, 0x29, 0x3b, 0x0a, 0x20, 0x20, 0x20, 0x20, 0x20, 0x20, 0x20, 0x20, 0x20, // alse);.         
	0x20, 0x20, 0x20, 0x5f, 0x32, 0x38, 0x34, 0x30, 0x20, 0x3d, 0x20, 0x5f, 0x32, 0x38, 0x33, 0x39, //    _2840 = _2839
	0x3b, 0x0a, 0x20, 0x20, 0x20, 0x20, 0x20, 0x20, 0x20, 0x20, 0x7d, 0x0a, 0x20, 0x20, 0x20, 0x20, // ;.        }.    
	0x20, 0x20, 0x20, 0x20, 0x65, 0x6c, 0x73, 0x65, 0x0a, 0x20, 0x20, 0x20, 0x20, 0x20, 0x20, 0x20, //     else.       
	0x20, 0x7b, 0x0a, 0x20, 0x20, 0x20, 0x20, 0x20, 0x20, 0x20, 0x20, 0x20, 0x20, 0x20, 0x20, 0x5f, //  {.            _
	0x32, 0x38, 0x34, 0x30, 0x20, 0x3d, 0x20, 0x5f, 0x31, 0x39, 0x38, 0x35, 0x3b, 0x0a, 0x20, 0x20, // 2840 = _1985;.  
	0x20, 0x20, 0x20, 0x20, 0x20, 0x20, 0x7d, 0x0a, 0x20, 0x20, 0x20, 0x20, 0x20, 0x20, 0x20, 0x20, //       }.        
	0x66, 0x6c, 0x6f, 0x61, 0x74, 0x34, 0x20, 0x5f, 0x32, 0x38, 0x34, 0x34, 0x3b, 0x0a, 0x20, 0x20, // float4 _2844;.  
	0x20, 0x20, 0x20, 0x20, 0x20, 0x20, 0x69, 0x66, 0x20, 0x28, 0x5f, 0x6d, 0x74, 0x6c, 0x5f, 0x75, //       if (_mtl_u
	0x2e, 0x75, 0x5f, 0x66, 0x73, 0x66, 0x46, 0x6c, 0x69, 0x70, 0x62, 0x6f, 0x6f, 0x6b, 0x50, 0x61, // .u_fsfFlipbookPa
	0x72, 0x61, 0x6d, 0x65, 0x74, 0x65, 0x72, 0x2e, 0x79, 0x20, 0x3d, 0x3d, 0x20, 0x31, 0x2e, 0x30, // rameter.y == 1.0
	0x29, 0x0a, 0x20, 0x20, 0x20, 0x20, 0x20, 0x20, 0x20, 0x20, 0x7b, 0x0a, 0x20, 0x20, 0x20, 0x20, // ).        {.    
	0x20, 0x20, 0x20, 0x20, 0x20, 0x20, 0x20, 0x20, 0x5f, 0x32, 0x38, 0x34, 0x34, 0x20, 0x3d, 0x20, //         _2844 = 
	0x6d, 0x69, 0x78, 0x28, 0x5f, 0x31, 0x33, 0x39, 0x33, 0x2c, 0x20, 0x5f, 0x32, 0x38, 0x34, 0x30, // mix(_1393, _2840
	0x20, 0x2a, 0x20, 0x69, 0x6e, 0x2e, 0x76, 0x5f, 0x43, 0x6f, 0x6c, 0x6f, 0x72, 0x2c, 0x20, 0x66, //  * in.v_Color, f
	0x6c, 0x6f, 0x61, 0x74, 0x34, 0x28, 0x69, 0x6e, 0x2e, 0x76, 0x5f, 0x55, 0x56, 0x5f, 0x4f, 0x74, // loat4(in.v_UV_Ot
	0x68, 0x65, 0x72, 0x73, 0x2e, 0x7a, 0x29, 0x29, 0x3b, 0x0a, 0x20, 0x20, 0x20, 0x20, 0x20, 0x20, // hers.z));.      
	0x20, 0x20, 0x7d, 0x0a, 0x20, 0x20, 0x20, 0x20, 0x20, 0x20, 0x20, 0x20, 0x65, 0x6c, 0x73, 0x65, //   }.        else
	0x0a, 0x20, 0x20, 0x20, 0x20, 0x20, 0x20, 0x20, 0x20, 0x7b, 0x0a, 0x20, 0x20, 0x20, 0x20, 0x20, // .        {.     
	0x20, 0x20, 0x20, 0x20, 0x20, 0x20, 0x20, 0x5f, 0x32, 0x38, 0x34, 0x34, 0x20, 0x3d, 0x20, 0x5f, //        _2844 = _
	0x31, 0x33, 0x39, 0x33, 0x3b, 0x0a, 0x20, 0x20, 0x20, 0x20, 0x20, 0x20, 0x20, 0x20, 0x7d, 0x0a, // 1393;.        }.
	0x20, 0x20, 0x20, 0x20, 0x20, 0x20, 0x20, 0x20, 0x5f, 0x32, 0x38, 0x34, 0x33, 0x20, 0x3d, 0x20, //         _2843 = 
	0x5f, 0x32, 0x38, 0x34, 0x34, 0x3b, 0x0a, 0x20, 0x20, 0x20, 0x20, 0x7d, 0x0a, 0x20, 0x20, 0x20, // _2844;.    }.   
	0x20, 0x65, 0x6c, 0x73, 0x65, 0x0a, 0x20, 0x20, 0x20, 0x20, 0x7b, 0x0a, 0x20, 0x20, 0x20, 0x20, //  else.    {.    
	0x20, 0x20, 0x20, 0x20, 0x5f, 0x32, 0x38, 0x34, 0x33, 0x20, 0x3d, 0x20, 0x5f, 0x31, 0x33, 0x39, //     _2843 = _139
	0x33, 0x3b, 0x0a, 0x20, 0x20, 0x20, 0x20, 0x7d, 0x0a, 0x20, 0x20, 0x20, 0x20, 0x66, 0x6c, 0x6f, // 3;.    }.    flo
	0x61, 0x74, 0x34, 0x20, 0x5f, 0x32, 0x30, 0x37, 0x39, 0x20, 0x3d, 0x20, 0x73, 0x5f, 0x61, 0x6c, // at4 _2079 = s_al
	0x70, 0x68, 0x61, 0x54, 0x65, 0x78, 0x2e, 0x73, 0x61, 0x6d, 0x70, 0x6c, 0x65, 0x28, 0x73, 0x5f, // phaTex.sample(s_
	0x61, 0x6c, 0x70, 0x68, 0x61, 0x54, 0x65, 0x78, 0x53, 0x61, 0x6d, 0x70, 0x6c, 0x65, 0x72, 0x2c, // alphaTexSampler,
	0x20, 0x28, 0x69, 0x6e, 0x2e, 0x76, 0x5f, 0x41, 0x6c, 0x70, 0x68, 0x61, 0x5f, 0x44, 0x69, 0x73, //  (in.v_Alpha_Dis
	0x74, 0x5f, 0x55, 0x56, 0x2e, 0x78, 0x79, 0x20, 0x2b, 0x20, 0x5f, 0x31, 0x33, 0x37, 0x39, 0x29, // t_UV.xy + _1379)
	0x29, 0x3b, 0x0a, 0x20, 0x20, 0x20, 0x20, 0x66, 0x6c, 0x6f, 0x61, 0x74, 0x34, 0x20, 0x5f, 0x32, // );.    float4 _2
	0x38, 0x34, 0x35, 0x3b, 0x0a, 0x20, 0x20, 0x20, 0x20, 0x64, 0x6f, 0x0a, 0x20, 0x20, 0x20, 0x20, // 845;.    do.    
	0x7b, 0x0a, 0x20, 0x20, 0x20, 0x20, 0x20, 0x20, 0x20, 0x20, 0x69, 0x66, 0x20, 0x28, 0x5f, 0x31, // {.        if (_1
	0x38, 0x36, 0x38, 0x29, 0x0a, 0x20, 0x20, 0x20, 0x20, 0x20, 0x20, 0x20, 0x20, 0x7b, 0x0a, 0x20, // 868).        {. 
	0x20, 0x20, 0x20, 0x20, 0x20, 0x20, 0x20, 0x20, 0x20, 0x20, 0x20, 0x5f, 0x32, 0x38, 0x34, 0x35, //            _2845
	0x20, 0x3d, 0x20, 0x5f, 0x32, 0x30, 0x37, 0x39, 0x3b, 0x0a, 0x20, 0x20, 0x20, 0x20, 0x20, 0x20, //  = _2079;.      
	0x20, 0x20, 0x20, 0x20, 0x20, 0x20, 0x62, 0x72, 0x65, 0x61, 0x6b, 0x3b, 0x0a, 0x20, 0x20, 0x20, //       break;.   
	0x20, 0x20, 0x20, 0x20, 0x20, 0x7d, 0x0a, 0x20, 0x20, 0x20, 0x20, 0x20, 0x20, 0x20, 0x20, 0x5f, //      }.        _
	0x32, 0x38, 0x34, 0x35, 0x20, 0x3d, 0x20, 0x66, 0x6c, 0x6f, 0x61, 0x74, 0x34, 0x28, 0x66, 0x61, // 2845 = float4(fa
	0x73, 0x74, 0x3a, 0x3a, 0x6d, 0x61, 0x78, 0x28, 0x28, 0x70, 0x6f, 0x77, 0x72, 0x28, 0x66, 0x61, // st::max((powr(fa
	0x73, 0x74, 0x3a, 0x3a, 0x6d, 0x61, 0x78, 0x28, 0x61, 0x62, 0x73, 0x28, 0x5f, 0x32, 0x30, 0x37, // st::max(abs(_207
	0x39, 0x2e, 0x78, 0x79, 0x7a, 0x29, 0x2c, 0x20, 0x66, 0x6c, 0x6f, 0x61, 0x74, 0x33, 0x28, 0x31, // 9.xyz), float3(1
	0x2e, 0x31, 0x39, 0x32, 0x30, 0x39, 0x32, 0x38, 0x39, 0x35, 0x35, 0x30, 0x37, 0x38, 0x31, 0x32, // .192092895507812
	0x35, 0x65, 0x2d, 0x30, 0x37, 0x29, 0x29, 0x2c, 0x20, 0x66, 0x6c, 0x6f, 0x61, 0x74, 0x33, 0x28, // 5e-07)), float3(
	0x30, 0x2e, 0x34, 0x31, 0x36, 0x36, 0x36, 0x36, 0x36, 0x35, 0x36, 0x37, 0x33, 0x32, 0x35, 0x35, // 0.41666665673255
	0x39, 0x32, 0x30, 0x34, 0x31, 0x30, 0x31, 0x35, 0x36, 0x32, 0x35, 0x29, 0x29, 0x20, 0x2a, 0x20, // 92041015625)) * 
	0x31, 0x2e, 0x30, 0x35, 0x34, 0x39, 0x39, 0x39, 0x39, 0x34, 0x37, 0x35, 0x34, 0x37, 0x39, 0x31, // 1.05499994754791
	0x32, 0x35, 0x39, 0x37, 0x36, 0x35, 0x36, 0x32, 0x35, 0x29, 0x20, 0x2d, 0x20, 0x66, 0x6c, 0x6f, // 259765625) - flo
	0x61, 0x74, 0x33, 0x28, 0x30, 0x2e, 0x30, 0x35, 0x34, 0x39, 0x39, 0x39, 0x39, 0x39, 0x39, 0x37, // at3(0.0549999997
	0x30, 0x31, 0x39, 0x37, 0x36, 0x37, 0x37, 0x36, 0x31, 0x32, 0x33, 0x30, 0x34, 0x36, 0x38, 0x37, // 0197677612304687
	0x35, 0x29, 0x2c, 0x20, 0x66, 0x6c, 0x6f, 0x61, 0x74, 0x33, 0x28, 0x30, 0x2e, 0x30, 0x29, 0x29, // 5), float3(0.0))
	0x2e, 0x78, 0x2c, 0x20, 0x5f, 0x33, 0x30, 0x33, 0x32, 0x2c, 0x20, 0x5f, 0x33, 0x30, 0x33, 0x32, // .x, _3032, _3032
	0x2c, 0x20, 0x5f, 0x32, 0x30, 0x37, 0x39, 0x2e, 0x77, 0x29, 0x3b, 0x0a, 0x20, 0x20, 0x20, 0x20, // , _2079.w);.    
	0x20, 0x20, 0x20, 0x20, 0x62, 0x72, 0x65, 0x61, 0x6b, 0x3b, 0x0a, 0x20, 0x20, 0x20, 0x20, 0x7d, //     break;.    }
	0x20, 0x77, 0x68, 0x69, 0x6c, 0x65, 0x28, 0x66, 0x61, 0x6c, 0x73, 0x65, 0x29, 0x3b, 0x0a, 0x20, //  while(false);. 
	0x20, 0x20, 0x20, 0x66, 0x6c, 0x6f, 0x61, 0x74, 0x20, 0x5f, 0x31, 0x34, 0x32, 0x39, 0x20, 0x3d, //    float _1429 =
	0x20, 0x5f, 0x32, 0x38, 0x34, 0x33, 0x2e, 0x77, 0x20, 0x2a, 0x20, 0x28, 0x5f, 0x32, 0x38, 0x34, //  _2843.w * (_284
	0x35, 0x2e, 0x78, 0x20, 0x2a, 0x20, 0x5f, 0x32, 0x38, 0x34, 0x35, 0x2e, 0x77, 0x29, 0x3b, 0x0a, // 5.x * _2845.w);.
	0x20, 0x20, 0x20, 0x20, 0x66, 0x6c, 0x6f, 0x61, 0x74, 0x34, 0x20, 0x5f, 0x32, 0x38, 0x38, 0x30, //     float4 _2880
	0x20, 0x3d, 0x20, 0x5f, 0x32, 0x38, 0x34, 0x33, 0x3b, 0x0a, 0x20, 0x20, 0x20, 0x20, 0x5f, 0x32, //  = _2843;.    _2
	0x38, 0x38, 0x30, 0x2e, 0x77, 0x20, 0x3d, 0x20, 0x5f, 0x31, 0x34, 0x32, 0x39, 0x3b, 0x0a, 0x20, // 880.w = _1429;. 
	0x20, 0x20, 0x20, 0x66, 0x6c, 0x6f, 0x61, 0x74, 0x34, 0x20, 0x5f, 0x32, 0x32, 0x30, 0x34, 0x20, //    float4 _2204 
	0x3d, 0x20, 0x73, 0x5f, 0x62, 0x6c, 0x65, 0x6e, 0x64, 0x55, 0x56, 0x44, 0x69, 0x73, 0x74, 0x6f, // = s_blendUVDisto
	0x72, 0x74, 0x69, 0x6f, 0x6e, 0x54, 0x65, 0x78, 0x2e, 0x73, 0x61, 0x6d, 0x70, 0x6c, 0x65, 0x28, // rtionTex.sample(
	0x73, 0x5f, 0x62, 0x6c, 0x65, 0x6e, 0x64, 0x55, 0x56, 0x44, 0x69, 0x73, 0x74, 0x6f, 0x72, 0x74, // s_blendUVDistort
	0x69, 0x6f, 0x6e, 0x54, 0x65, 0x78, 0x53, 0x61, 0x6d, 0x70, 0x6c, 0x65, 0x72, 0x2c, 0x20, 0x69, // ionTexSampler, i
	0x6e, 0x2e, 0x76, 0x5f, 0x42, 0x6c, 0x65, 0x6e, 0x64, 0x5f, 0x41, 0x6c, 0x70, 0x68, 0x61, 0x5f, // n.v_Blend_Alpha_
	0x44, 0x69, 0x73, 0x74, 0x5f, 0x55, 0x56, 0x2e, 0x7a, 0x77, 0x29, 0x3b, 0x0a, 0x20, 0x20, 0x20, // Dist_UV.zw);.   
	0x20, 0x66, 0x6c, 0x6f, 0x61, 0x74, 0x34, 0x20, 0x5f, 0x32, 0x38, 0x34, 0x37, 0x3b, 0x0a, 0x20, //  float4 _2847;. 
	0x20, 0x20, 0x20, 0x69, 0x66, 0x20, 0x28, 0x5f, 0x31, 0x33, 0x36, 0x32, 0x29, 0x0a, 0x20, 0x20, //    if (_1362).  
	0x20, 0x20, 0x7b, 0x0a, 0x20, 0x20, 0x20, 0x20, 0x20, 0x20, 0x20, 0x20, 0x66, 0x6c, 0x6f, 0x61, //   {.        floa
	0x74, 0x34, 0x20, 0x5f, 0x32, 0x38, 0x34, 0x36, 0x3b, 0x0a, 0x20, 0x20, 0x20, 0x20, 0x20, 0x20, // t4 _2846;.      
	0x20, 0x20, 0x64, 0x6f, 0x0a, 0x20, 0x20, 0x20, 0x20, 0x20, 0x20, 0x20, 0x20, 0x7b, 0x0a, 0x20, //   do.        {. 
	0x20, 0x20, 0x20, 0x20, 0x20, 0x20, 0x20, 0x20, 0x20, 0x20, 0x20, 0x69, 0x66, 0x20, 0x28, 0x5f, //            if (_
	0x31, 0x38, 0x36, 0x38, 0x29, 0x0a, 0x20, 0x20, 0x20, 0x20, 0x20, 0x20, 0x20, 0x20, 0x20, 0x20, // 1868).          
	0x20, 0x20, 0x7b, 0x0a, 0x20, 0x20, 0x20, 0x20, 0x20, 0x20, 0x20, 0x20, 0x20, 0x20, 0x20, 0x20, //   {.            
	0x20, 0x20, 0x20, 0x20, 0x5f, 0x32, 0x38, 0x34, 0x36, 0x20, 0x3d, 0x20, 0x5f, 0x32, 0x32, 0x30, //     _2846 = _220
	0x34, 0x3b, 0x0a, 0x20, 0x20, 0x20, 0x20, 0x20, 0x20, 0x20, 0x20, 0x20, 0x20, 0x20, 0x20, 0x20, // 4;.             
	0x20, 0x20, 0x20, 0x62, 0x72, 0x65, 0x61, 0x6b, 0x3b, 0x0a, 0x20, 0x20, 0x20, 0x20, 0x20, 0x20, //    break;.      
	0x20, 0x20, 0x20, 0x20, 0x20, 0x20, 0x7d, 0x0a, 0x20, 0x20, 0x20, 0x20, 0x20, 0x20, 0x20, 0x20, //       }.        
	0x20, 0x20, 0x20, 0x20, 0x5f, 0x32, 0x38, 0x34, 0x36, 0x20, 0x3d, 0x20, 0x66, 0x6c, 0x6f, 0x61, //     _2846 = floa
	0x74, 0x34, 0x28, 0x66, 0x61, 0x73, 0x74, 0x3a, 0x3a, 0x6d, 0x61, 0x78, 0x28, 0x28, 0x70, 0x6f, // t4(fast::max((po
	0x77, 0x72, 0x28, 0x66, 0x61, 0x73, 0x74, 0x3a, 0x3a, 0x6d, 0x61, 0x78, 0x28, 0x61, 0x62, 0x73, // wr(fast::max(abs
	0x28, 0x5f, 0x32, 0x32, 0x30, 0x34, 0x2e, 0x78, 0x79, 0x7a, 0x29, 0x2c, 0x20, 0x66, 0x6c, 0x6f, // (_2204.xyz), flo
	0x61, 0x74, 0x33, 0x28, 0x31, 0x2e, 0x31, 0x39, 0x32, 0x30, 0x39, 0x32, 0x38, 0x39, 0x35, 0x35, // at3(1.1920928955
	0x30, 0x37, 0x38, 0x31, 0x32, 0x35, 0x65, 0x2d, 0x30, 0x37, 0x29, 0x29, 0x2c, 0x20, 0x66, 0x6c, // 078125e-07)), fl
	0x6f, 0x61, 0x74, 0x33, 0x28, 0x30, 0x2e, 0x34, 0x31, 0x36, 0x36, 0x36, 0x36, 0x36, 0x35, 0x36, // oat3(0.416666656
	0x37, 0x33, 0x32, 0x35, 0x35, 0x39, 0x32, 0x30, 0x34, 0x31, 0x30, 0x31, 0x35, 0x36, 0x32, 0x35, // 7325592041015625
	0x29, 0x29, 0x20, 0x2a, 0x20, 0x31, 0x2e, 0x30, 0x35, 0x34, 0x39, 0x39, 0x39, 0x39, 0x34, 0x37, // )) * 1.054999947
	0x35, 0x34, 0x37, 0x39, 0x31, 0x32, 0x35, 0x39, 0x37, 0x36, 0x35, 0x36, 0x32, 0x35, 0x29, 0x20, // 54791259765625) 
	0x2d, 0x20, 0x66, 0x6c, 0x6f, 0x61, 0x74, 0x33, 0x28, 0x30, 0x2e, 0x30, 0x35, 0x34, 0x39, 0x39, // - float3(0.05499
	0x39, 0x39, 0x39, 0x39, 0x37, 0x30, 0x31, 0x39, 0x37, 0x36, 0x37, 0x37, 0x36, 0x31, 0x32, 0x33, // 9999701976776123
	0x30, 0x34, 0x36, 0x38, 0x37, 0x35, 0x29, 0x2c, 0x20, 0x66, 0x6c, 0x6f, 0x61, 0x74, 0x33, 0x28, // 046875), float3(
	0x30, 0x2e, 0x30, 0x29, 0x29, 0x2e, 0x78, 0x79, 0x2c, 0x20, 0x5f, 0x32, 0x38, 0x36, 0x32, 0x2c, // 0.0)).xy, _2862,
	0x20, 0x5f, 0x32, 0x38, 0x36, 0x32, 0x29, 0x3b, 0x0a, 0x20, 0x20, 0x20, 0x20, 0x20, 0x20, 0x20, //  _2862);.       
	0x20, 0x20, 0x20, 0x20, 0x20, 0x62, 0x72, 0x65, 0x61, 0x6b, 0x3b, 0x0a, 0x20, 0x20, 0x20, 0x20, //      break;.    
	0x20, 0x20, 0x20, 0x20, 0x7d, 0x20, 0x77, 0x68, 0x69, 0x6c, 0x65, 0x28, 0x66, 0x61, 0x6c, 0x73, //     } while(fals
	0x65, 0x29, 0x3b, 0x0a, 0x20, 0x20, 0x20, 0x20, 0x20, 0x20, 0x20, 0x20, 0x5f, 0x32, 0x38, 0x34, // e);.        _284
	0x37, 0x20, 0x3d, 0x20, 0x5f, 0x32, 0x38, 0x34, 0x36, 0x3b, 0x0a, 0x20, 0x20, 0x20, 0x20, 0x7d, // 7 = _2846;.    }
	0x0a, 0x20, 0x20, 0x20, 0x20, 0x65, 0x6c, 0x73, 0x65, 0x0a, 0x20, 0x20, 0x20, 0x20, 0x7b, 0x0a, // .    else.    {.
	0x20, 0x20, 0x20, 0x20, 0x20, 0x20, 0x20, 0x20, 0x5f, 0x32, 0x38, 0x34, 0x37, 0x20, 0x3d, 0x20, //         _2847 = 
	0x5f, 0x32, 0x32, 0x30, 0x34, 0x3b, 0x0a, 0x20, 0x20, 0x20, 0x20, 0x7d, 0x0a, 0x20, 0x20, 0x20, // _2204;.    }.   
	0x20, 0x66, 0x6c, 0x6f, 0x61, 0x74, 0x32, 0x20, 0x5f, 0x32, 0x31, 0x38, 0x31, 0x20, 0x3d, 0x20, //  float2 _2181 = 
	0x28, 0x5f, 0x32, 0x38, 0x34, 0x37, 0x2e, 0x78, 0x79, 0x20, 0x2a, 0x20, 0x32, 0x2e, 0x30, 0x29, // (_2847.xy * 2.0)
	0x20, 0x2d, 0x20, 0x66, 0x6c, 0x6f, 0x61, 0x74, 0x32, 0x28, 0x31, 0x2e, 0x30, 0x29, 0x3b, 0x0a, //  - float2(1.0);.
	0x20, 0x20, 0x20, 0x20, 0x5f, 0x32, 0x31, 0x38, 0x31, 0x2e, 0x79, 0x20, 0x3d, 0x20, 0x5f, 0x6d, //     _2181.y = _m
	0x74, 0x6c, 0x5f, 0x75, 0x2e, 0x75, 0x5f, 0x66, 0x73, 0x66, 0x55, 0x56, 0x44, 0x69, 0x73, 0x74, // tl_u.u_fsfUVDist
	0x6f, 0x72, 0x74, 0x69, 0x6f, 0x6e, 0x50, 0x61, 0x72, 0x61, 0x6d, 0x65, 0x74, 0x65, 0x72, 0x2e, // ortionParameter.
	0x7a, 0x20, 0x2b, 0x20, 0x28, 0x5f, 0x6d, 0x74, 0x6c, 0x5f, 0x75, 0x2e, 0x75, 0x5f, 0x66, 0x73, // z + (_mtl_u.u_fs
	0x66, 0x55, 0x56, 0x44, 0x69, 0x73, 0x74, 0x6f, 0x72, 0x74, 0x69, 0x6f, 0x6e, 0x50, 0x61, 0x72, // fUVDistortionPar
	0x61, 0x6d, 0x65, 0x74, 0x65, 0x72, 0x2e, 0x77, 0x20, 0x2a, 0x20, 0x28, 0x5f, 0x32, 0x31, 0x38, // ameter.w * (_218
	0x31, 0x2e, 0x79, 0x20, 0x2a, 0x20, 0x28, 0x2d, 0x31, 0x2e, 0x30, 0x29, 0x29, 0x29, 0x3b, 0x0a, // 1.y * (-1.0)));.
	0x20, 0x20, 0x20, 0x20, 0x66, 0x6c, 0x6f, 0x61, 0x74, 0x32, 0x20, 0x5f, 0x31, 0x34, 0x34, 0x34, //     float2 _1444
	0x20, 0x3d, 0x20, 0x5f, 0x32, 0x31, 0x38, 0x31, 0x20, 0x2a, 0x20, 0x5f, 0x6d, 0x74, 0x6c, 0x5f, //  = _2181 * _mtl_
	0x75, 0x2e, 0x75, 0x5f, 0x66, 0x73, 0x66, 0x55, 0x56, 0x44, 0x69, 0x73, 0x74, 0x6f, 0x72, 0x74, // u.u_fsfUVDistort
	0x69, 0x6f, 0x6e, 0x50, 0x61, 0x72, 0x61, 0x6d, 0x65, 0x74, 0x65, 0x72, 0x2e, 0x79, 0x3b, 0x0a, // ionParameter.y;.
	0x20, 0x20, 0x20, 0x20, 0x66, 0x6c, 0x6f, 0x61, 0x74, 0x34, 0x20, 0x5f, 0x32, 0x32, 0x39, 0x32, //     float4 _2292
	0x20, 0x3d, 0x20, 0x73, 0x5f, 0x62, 0x6c, 0x65, 0x6e, 0x64, 0x54, 0x65, 0x78, 0x2e, 0x73, 0x61, //  = s_blendTex.sa
	0x6d, 0x70, 0x6c, 0x65, 0x28, 0x73, 0x5f, 0x62, 0x6c, 0x65, 0x6e, 0x64, 0x54, 0x65, 0x78, 0x53, // mple(s_blendTexS
	0x61, 0x6d, 0x70, 0x6c, 0x65, 0x72, 0x2c, 0x20, 0x28, 0x69, 0x6e, 0x2e, 0x76, 0x5f, 0x42, 0x6c, // ampler, (in.v_Bl
	0x65, 0x6e, 0x64, 0x5f, 0x46, 0x42, 0x4e, 0x65, 0x78, 0x74, 0x49, 0x6e, 0x64, 0x65, 0x78, 0x5f, // end_FBNextIndex_
	0x55, 0x56, 0x2e, 0x78, 0x79, 0x20, 0x2b, 0x20, 0x5f, 0x31, 0x34, 0x34, 0x34, 0x29, 0x29, 0x3b, // UV.xy + _1444));
	0x0a, 0x20, 0x20, 0x20, 0x20, 0x66, 0x6c, 0x6f, 0x61, 0x74, 0x34, 0x20, 0x5f, 0x32, 0x38, 0x34, // .    float4 _284
	0x38, 0x3b, 0x0a, 0x20, 0x20, 0x20, 0x20, 0x64, 0x6f, 0x0a, 0x20, 0x20, 0x20, 0x20, 0x7b, 0x0a, // 8;.    do.    {.
	0x20, 0x20, 0x20, 0x20, 0x20, 0x20, 0x20, 0x20, 0x69, 0x66, 0x20, 0x28, 0x5f, 0x31, 0x38, 0x36, //         if (_186
	0x38, 0x29, 0x0a, 0x20, 0x20, 0x20, 0x20, 0x20, 0x20, 0x20, 0x20, 0x7b, 0x0a, 0x20, 0x20, 0x20, // 8).        {.   
	0x20, 0x20, 0x20, 0x20, 0x20, 0x20, 0x20, 0x20, 0x20, 0x5f, 0x32, 0x38, 0x34, 0x38, 0x20, 0x3d, //          _2848 =
	0x20, 0x5f, 0x32, 0x32, 0x39, 0x32, 0x3b, 0x0a, 0x20, 0x20, 0x20, 0x20, 0x20, 0x20, 0x20, 0x20, //  _2292;.        
	0x20, 0x20, 0x20, 0x20, 0x62, 0x72, 0x65, 0x61, 0x6b, 0x3b, 0x0a, 0x20, 0x20, 0x20, 0x20, 0x20, //     break;.     
	0x20, 0x20, 0x20, 0x7d, 0x0a, 0x20, 0x20, 0x20, 0x20, 0x20, 0x20, 0x20, 0x20, 0x5f, 0x32, 0x38, //    }.        _28
	0x34, 0x38, 0x20, 0x3d, 0x20, 0x66, 0x6c, 0x6f, 0x61, 0x74, 0x34, 0x28, 0x66, 0x61, 0x73, 0x74, // 48 = float4(fast
	0x3a, 0x3a, 0x6d, 0x61, 0x78, 0x28, 0x28, 0x70, 0x6f, 0x77, 0x72, 0x28, 0x66, 0x61, 0x73, 0x74, // ::max((powr(fast
	0x3a, 0x3a, 0x6d, 0x61, 0x78, 0x28, 0x61, 0x62, 0x73, 0x28, 0x5f, 0x32, 0x32, 0x39, 0x32, 0x2e, // ::max(abs(_2292.
	0x78, 0x79, 0x7a, 0x29, 0x2c, 0x20, 0x66, 0x6c, 0x6f, 0x61, 0x74, 0x33, 0x28, 0x31, 0x2e, 0x31, // xyz), float3(1.1
	0x39, 0x32, 0x30, 0x39, 0x32, 0x38, 0x39, 0x35, 0x35, 0x30, 0x37, 0x38, 0x31, 0x32, 0x35, 0x65, // 920928955078125e
	0x2d, 0x30, 0x37, 0x29, 0x29, 0x2c, 0x20, 0x66, 0x6c, 0x6f, 0x61, 0x74, 0x33, 0x28, 0x30, 0x2e, // -07)), float3(0.
	0x34, 0x31, 0x36, 0x36, 0x36, 0x36, 0x36, 0x35, 0x36, 0x37, 0x33, 0x32, 0x35, 0x35, 0x39, 0x32, // 4166666567325592
	0x30, 0x34, 0x31, 0x30, 0x31, 0x35, 0x36, 0x32, 0x35, 0x29, 0x29, 0x20, 0x2a, 0x20, 0x31, 0x2e, // 041015625)) * 1.
	0x30, 0x35, 0x34, 0x39, 0x39, 0x39, 0x39, 0x34, 0x37, 0x35, 0x34, 0x37, 0x39, 0x31, 0x32, 0x35, // 0549999475479125
	0x39, 0x37, 0x36, 0x35, 0x36, 0x32, 0x35, 0x29, 0x20, 0x2d, 0x20, 0x66, 0x6c, 0x6f, 0x61, 0x74, // 9765625) - float
	0x33, 0x28, 0x30, 0x2e, 0x30, 0x35, 0x34, 0x39, 0x39, 0x39, 0x39, 0x39, 0x39, 0x37, 0x30, 0x31, // 3(0.054999999701
	0x39, 0x37, 0x36, 0x37, 0x37, 0x36, 0x31, 0x32, 0x33, 0x30, 0x34, 0x36, 0x38, 0x37, 0x35, 0x29, // 976776123046875)
	0x2c, 0x20, 0x66, 0x6c, 0x6f, 0x61, 0x74, 0x33, 0x28, 0x30, 0x2e, 0x30, 0x29, 0x29, 0x2c, 0x20, // , float3(0.0)), 
	0x5f, 0x32, 0x32, 0x39, 0x32, 0x2e, 0x77, 0x29, 0x3b, 0x0a, 0x20, 0x20, 0x20, 0x20, 0x20, 0x20, // _2292.w);.      
	0x20, 0x20, 0x62, 0x72, 0x65, 0x61, 0x6b, 0x3b, 0x0a, 0x20, 0x20, 0x20, 0x20, 0x7d, 0x20, 0x77, //   break;.    } w
	0x68, 0x69, 0x6c, 0x65, 0x28, 0x66, 0x61, 0x6c, 0x73, 0x65, 0x29, 0x3b, 0x0a, 0x20, 0x20, 0x20, // hile(false);.   
	0x20, 0x66, 0x6c, 0x6f, 0x61, 0x74, 0x34, 0x20, 0x5f, 0x32, 0x33, 0x37, 0x36, 0x20, 0x3d, 0x20, //  float4 _2376 = 
	0x73, 0x5f, 0x62, 0x6c, 0x65, 0x6e, 0x64, 0x41, 0x6c, 0x70, 0x68, 0x61, 0x54, 0x65, 0x78, 0x2e, // s_blendAlphaTex.
	0x73, 0x61, 0x6d, 0x70, 0x6c, 0x65, 0x28, 0x73, 0x5f, 0x62, 0x6c, 0x65, 0x6e, 0x64, 0x41, 0x6c, // sample(s_blendAl
	0x70, 0x68, 0x61, 0x54, 0x65, 0x78, 0x53, 0x61, 0x6d, 0x70, 0x6c, 0x65, 0x72, 0x2c, 0x20, 0x28, // phaTexSampler, (
	0x69, 0x6e, 0x2e, 0x76, 0x5f, 0x42, 0x6c, 0x65, 0x6e, 0x64, 0x5f, 0x41, 0x6c, 0x70, 0x68, 0x61, // in.v_Blend_Alpha
	0x5f, 0x44, 0x69, 0x73, 0x74, 0x5f, 0x55, 0x56, 0x2e, 0x78, 0x79, 0x20, 0x2b, 0x20, 0x5f, 0x31, // _Dist_UV.xy + _1
	0x34, 0x34, 0x34, 0x29, 0x29, 0x3b, 0x0a, 0x20, 0x20, 0x20, 0x20, 0x66, 0x6c, 0x6f, 0x61, 0x74, // 444));.    float
	0x34, 0x20, 0x5f, 0x32, 0x38, 0x34, 0x39, 0x3b, 0x0a, 0x20, 0x20, 0x20, 0x20, 0x64, 0x6f, 0x0a, // 4 _2849;.    do.
	0x20, 0x20, 0x20, 0x20, 0x7b, 0x0a, 0x20, 0x20, 0x20, 0x20, 0x20, 0x20, 0x20, 0x20, 0x69, 0x66, //     {.        if
	0x20, 0x28, 0x5f, 0x31, 0x38, 0x36, 0x38, 0x29, 0x0a, 0x20, 0x20, 0x20, 0x20, 0x20, 0x20, 0x20, //  (_1868).       
	0x20, 0x7b, 0x0a, 0x20, 0x20, 0x20, 0x20, 0x20, 0x20, 0x20, 0x20, 0x20, 0x20, 0x20, 0x20, 0x5f, //  {.            _
	0x32, 0x38, 0x34, 0x39, 0x20, 0x3d, 0x20, 0x5f, 0x32, 0x33, 0x37, 0x36, 0x3b, 0x0a, 0x20, 0x20, // 2849 = _2376;.  
	0x20, 0x20, 0x20, 0x20, 0x20, 0x20, 0x20, 0x20, 0x20, 0x20, 0x62, 0x72, 0x65, 0x61, 0x6b, 0x3b, //           break;
	0x0a, 0x20, 0x20, 0x20, 0x20, 0x20, 0x20, 0x20, 0x20, 0x7d, 0x0a, 0x20, 0x20, 0x20, 0x20, 0x20, // .        }.     
	0x20, 0x20, 0x20, 0x5f, 0x32, 0x38, 0x34, 0x39, 0x20, 0x3d, 0x20, 0x66, 0x6c, 0x6f, 0x61, 0x74, //    _2849 = float
	0x34, 0x28, 0x66, 0x61, 0x73, 0x74, 0x3a, 0x3a, 0x6d, 0x61, 0x78, 0x28, 0x28, 0x70, 0x6f, 0x77, // 4(fast::max((pow
	0x72, 0x28, 0x66, 0x61, 0x73, 0x74, 0x3a, 0x3a, 0x6d, 0x61, 0x78, 0x28, 0x61, 0x62, 0x73, 0x28, // r(fast::max(abs(
	0x5f, 0x32, 0x33, 0x37, 0x36, 0x2e, 0x78, 0x79, 0x7a, 0x29, 0x2c, 0x20, 0x66, 0x6c, 0x6f, 0x61, // _2376.xyz), floa
	0x74, 0x33, 0x28, 0x31, 0x2e, 0x31, 0x39, 0x32, 0x30, 0x39, 0x32, 0x38, 0x39, 0x35, 0x35, 0x30, // t3(1.19209289550
	0x37, 0x38, 0x31, 0x32, 0x35, 0x65, 0x2d, 0x30, 0x37, 0x29, 0x29, 0x2c, 0x20, 0x66, 0x6c, 0x6f, // 78125e-07)), flo
	0x61, 0x74, 0x33, 0x28, 0x30, 0x2e, 0x34, 0x31, 0x36, 0x36, 0x36, 0x36, 0x36, 0x35, 0x36, 0x37, // at3(0.4166666567
	0x33, 0x32, 0x35, 0x35, 0x39, 0x32, 0x30, 0x34, 0x31, 0x30, 0x31, 0x35, 0x36, 0x32, 0x35, 0x29, // 325592041015625)
	0x29, 0x20, 0x2a, 0x20, 0x31, 0x2e, 0x30, 0x35, 0x34, 0x39, 0x39, 0x39, 0x39, 0x34, 0x37, 0x35, // ) * 1.0549999475
	0x34, 0x37, 0x39, 0x31, 0x32, 0x35, 0x39, 0x37, 0x36, 0x35, 0x36, 0x32, 0x35, 0x29, 0x20, 0x2d, // 4791259765625) -
	0x20, 0x66, 0x6c, 0x6f, 0x61, 0x74, 0x33, 0x28, 0x30, 0x2e, 0x30, 0x35, 0x34, 0x39, 0x39, 0x39, //  float3(0.054999
	0x39, 0x39, 0x39, 0x37, 0x30, 0x31, 0x39, 0x37, 0x36, 0x37, 0x37, 0x36, 0x31, 0x32, 0x33, 0x30, // 9997019767761230
	0x34, 0x36, 0x38, 0x37, 0x35, 0x29, 0x2c, 0x20, 0x66, 0x6c, 0x6f, 0x61, 0x74, 0x33, 0x28, 0x30, // 46875), float3(0
	0x2e, 0x30, 0x29, 0x29, 0x2e, 0x78, 0x2c, 0x20, 0x5f, 0x33, 0x30, 0x33, 0x32, 0x2c, 0x20, 0x5f, // .0)).x, _3032, _
	0x33, 0x30, 0x33, 0x32, 0x2c, 0x20, 0x5f, 0x32, 0x33, 0x37, 0x36, 0x2e, 0x77, 0x29, 0x3b, 0x0a, // 3032, _2376.w);.
	0x20, 0x20, 0x20, 0x20, 0x20, 0x20, 0x20, 0x20, 0x62, 0x72, 0x65, 0x61, 0x6b, 0x3b, 0x0a, 0x20, //         break;. 
	0x20, 0x20, 0x20, 0x7d, 0x20, 0x77, 0x68, 0x69, 0x6c, 0x65, 0x28, 0x66, 0x61, 0x6c, 0x73, 0x65, //    } while(false
	0x29, 0x3b, 0x0a, 0x20, 0x20, 0x20, 0x20, 0x66, 0x6c, 0x6f, 0x61, 0x74, 0x20, 0x5f, 0x31, 0x34, // );.    float _14
	0x37, 0x32, 0x20, 0x3d, 0x20, 0x5f, 0x32, 0x38, 0x34, 0x38, 0x2e, 0x77, 0x20, 0x2a, 0x20, 0x28, // 72 = _2848.w * (
	0x5f, 0x32, 0x38, 0x34, 0x39, 0x2e, 0x78, 0x20, 0x2a, 0x20, 0x5f, 0x32, 0x38, 0x34, 0x39, 0x2e, // _2849.x * _2849.
	0x77, 0x29, 0x3b, 0x0a, 0x20, 0x20, 0x20, 0x20, 0x66, 0x6c, 0x6f, 0x61, 0x74, 0x34, 0x20, 0x5f, // w);.    float4 _
	0x33, 0x30, 0x31, 0x38, 0x3b, 0x0a, 0x20, 0x20, 0x20, 0x20, 0x69, 0x66, 0x20, 0x28, 0x5f, 0x6d, // 3018;.    if (_m
	0x74, 0x6c, 0x5f, 0x75, 0x2e, 0x75, 0x5f, 0x66, 0x73, 0x66, 0x42, 0x6c, 0x65, 0x6e, 0x64, 0x54, // tl_u.u_fsfBlendT
	0x65, 0x78, 0x74, 0x75, 0x72, 0x65, 0x50, 0x61, 0x72, 0x61, 0x6d, 0x65, 0x74, 0x65, 0x72, 0x2e, // extureParameter.
	0x78, 0x20, 0x3d, 0x3d, 0x20, 0x30, 0x2e, 0x30, 0x29, 0x0a, 0x20, 0x20, 0x20, 0x20, 0x7b, 0x0a, // x == 0.0).    {.
	0x20, 0x20, 0x20, 0x20, 0x20, 0x20, 0x20, 0x20, 0x5f, 0x33, 0x30, 0x31, 0x38, 0x20, 0x3d, 0x20, //         _3018 = 
	0x66, 0x6c, 0x6f, 0x61, 0x74, 0x34, 0x28, 0x28, 0x5f, 0x32, 0x38, 0x34, 0x38, 0x2e, 0x78, 0x79, // float4((_2848.xy
	0x7a, 0x20, 0x2a, 0x20, 0x5f, 0x31, 0x34, 0x37, 0x32, 0x29, 0x20, 0x2b, 0x20, 0x28, 0x5f, 0x32, // z * _1472) + (_2
	0x38, 0x38, 0x30, 0x2e, 0x78, 0x79, 0x7a, 0x20, 0x2a, 0x20, 0x28, 0x31, 0x2e, 0x30, 0x20, 0x2d, // 880.xyz * (1.0 -
	0x20, 0x5f, 0x31, 0x34, 0x37, 0x32, 0x29, 0x29, 0x2c, 0x20, 0x5f, 0x31, 0x34, 0x32, 0x39, 0x29, //  _1472)), _1429)
	0x3b, 0x0a, 0x20, 0x20, 0x20, 0x20, 0x7d, 0x0a, 0x20, 0x20, 0x20, 0x20, 0x65, 0x6c, 0x73, 0x65, // ;.    }.    else
	0x0a, 0x20, 0x20, 0x20, 0x20, 0x7b, 0x0a, 0x20, 0x20, 0x20, 0x20, 0x20, 0x20, 0x20, 0x20, 0x66, // .    {.        f
	0x6c, 0x6f, 0x61, 0x74, 0x34, 0x20, 0x5f, 0x33, 0x30, 0x31, 0x39, 0x3b, 0x0a, 0x20, 0x20, 0x20, // loat4 _3019;.   
	0x20, 0x20, 0x20, 0x20, 0x20, 0x69, 0x66, 0x20, 0x28, 0x5f, 0x6d, 0x74, 0x6c, 0x5f, 0x75, 0x2e, //      if (_mtl_u.
	0x75, 0x5f, 0x66, 0x73, 0x66, 0x42, 0x6c, 0x65, 0x6e, 0x64, 0x54, 0x65, 0x78, 0x74, 0x75, 0x72, // u_fsfBlendTextur
	0x65, 0x50, 0x61, 0x72, 0x61, 0x6d, 0x65, 0x74, 0x65, 0x72, 0x2e, 0x78, 0x20, 0x3d, 0x3d, 0x20, // eParameter.x == 
	0x31, 0x2e, 0x30, 0x29, 0x0a, 0x20, 0x20, 0x20, 0x20, 0x20, 0x20, 0x20, 0x20, 0x7b, 0x0a, 0x20, // 1.0).        {. 
	0x20, 0x20, 0x20, 0x20, 0x20, 0x20, 0x20, 0x20, 0x20, 0x20, 0x20, 0x5f, 0x33, 0x30, 0x31, 0x39, //            _3019
	0x20, 0x3d, 0x20, 0x66, 0x6c, 0x6f, 0x61, 0x74, 0x34, 0x28, 0x5f, 0x32, 0x38, 0x38, 0x30, 0x2e, //  = float4(_2880.
	0x78, 0x79, 0x7a, 0x20, 0x2b, 0x20, 0x28, 0x5f, 0x32, 0x38, 0x34, 0x38, 0x2e, 0x78, 0x79, 0x7a, // xyz + (_2848.xyz
	0x20, 0x2a, 0x20, 0x5f, 0x31, 0x34, 0x37, 0x32, 0x29, 0x2c, 0x20, 0x5f, 0x31, 0x34, 0x32, 0x39, //  * _1472), _1429
	0x29, 0x3b, 0x0a, 0x20, 0x20, 0x20, 0x20, 0x20, 0x20, 0x20, 0x20, 0x7d, 0x0a, 0x20, 0x20, 0x20, // );.        }.   
	0x20, 0x20, 0x20, 0x20, 0x20, 0x65, 0x6c, 0x73, 0x65, 0x0a, 0x20, 0x20, 0x20, 0x20, 0x20, 0x20, //      else.      
	0x20, 0x20, 0x7b, 0x0a, 0x20, 0x20, 0x20, 0x20, 0x20, 0x20, 0x20, 0x20, 0x20, 0x20, 0x20, 0x20, //   {.            
	0x66, 0x6c, 0x6f, 0x61, 0x74, 0x34, 0x20, 0x5f, 0x33, 0x30, 0x32, 0x30, 0x3b, 0x0a, 0x20, 0x20, // float4 _3020;.  
	0x20, 0x20, 0x20, 0x20, 0x20, 0x20, 0x20, 0x20, 0x20, 0x20, 0x69, 0x66, 0x20, 0x28, 0x5f, 0x6d, //           if (_m
	0x74, 0x6c, 0x5f, 0x75, 0x2e, 0x75, 0x5f, 0x66, 0x73, 0x66, 0x42, 0x6c, 0x65, 0x6e, 0x64, 0x54, // tl_u.u_fsfBlendT
	0x65, 0x78, 0x74, 0x75, 0x72, 0x65, 0x50, 0x61, 0x72, 0x61, 0x6d, 0x65, 0x74, 0x65, 0x72, 0x2e, // extureParameter.
	0x78, 0x20, 0x3d, 0x3d, 0x20, 0x32, 0x2e, 0x30, 0x29, 0x0a, 0x20, 0x20, 0x20, 0x20, 0x20, 0x20, // x == 2.0).      
	0x20, 0x20, 0x20, 0x20, 0x20, 0x20, 0x7b, 0x0a, 0x20, 0x20, 0x20, 0x20, 0x20, 0x20, 0x20, 0x20, //       {.        
	0x20, 0x20, 0x20, 0x20, 0x20, 0x20, 0x20, 0x20, 0x5f, 0x33, 0x30, 0x32, 0x30, 0x20, 0x3d, 0x20, //         _3020 = 
	0x66, 0x6c, 0x6f, 0x61, 0x74, 0x34, 0x28, 0x5f, 0x32, 0x38, 0x38, 0x30, 0x2e, 0x78, 0x79, 0x7a, // float4(_2880.xyz
	0x20, 0x2d, 0x20, 0x28, 0x5f, 0x32, 0x38, 0x34, 0x38, 0x2e, 0x78, 0x79, 0x7a, 0x20, 0x2a, 0x20, //  - (_2848.xyz * 
	0x5f, 0x31, 0x34, 0x37, 0x32, 0x29, 0x2c, 0x20, 0x5f, 0x31, 0x34, 0x32, 0x39, 0x29, 0x3b, 0x0a, // _1472), _1429);.
	0x20, 0x20, 0x20, 0x20, 0x20, 0x20, 0x20, 0x20, 0x20, 0x20, 0x20, 0x20, 0x7d, 0x0a, 0x20, 0x20, //             }.  
	0x20, 0x20, 0x20, 0x20, 0x20, 0x20, 0x20, 0x20, 0x20, 0x20, 0x65, 0x6c, 0x73, 0x65, 0x0a, 0x20, //           else. 
	0x20, 0x20, 0x20, 0x20, 0x20, 0x20, 0x20, 0x20, 0x20, 0x20, 0x20, 0x7b, 0x0a, 0x20, 0x20, 0x20, //            {.   
	0x20, 0x20, 0x20, 0x20, 0x20, 0x20, 0x20, 0x20, 0x20, 0x20, 0x20, 0x20, 0x20, 0x66, 0x6c, 0x6f, //              flo
	0x61, 0x74, 0x34, 0x20, 0x5f, 0x33, 0x30, 0x32, 0x31, 0x3b, 0x0a, 0x20, 0x20, 0x20, 0x20, 0x20, // at4 _3021;.     
	0x20, 0x20, 0x20, 0x20, 0x20, 0x20, 0x20, 0x20, 0x20, 0x20, 0x20, 0x69, 0x66, 0x20, 0x28, 0x5f, //            if (_
	0x6d, 0x74, 0x6c, 0x5f, 0x75, 0x2e, 0x75, 0x5f, 0x66, 0x73, 0x66, 0x42, 0x6c, 0x65, 0x6e, 0x64, // mtl_u.u_fsfBlend
	0x54, 0x65, 0x78, 0x74, 0x75, 0x72, 0x65, 0x50, 0x61, 0x72, 0x61, 0x6d, 0x65, 0x74, 0x65, 0x72, // TextureParameter
	0x2e, 0x78, 0x20, 0x3d, 0x3d, 0x20, 0x33, 0x2e, 0x30, 0x29, 0x0a, 0x20, 0x20, 0x20, 0x20, 0x20, // .x == 3.0).     
	0x20, 0x20, 0x20, 0x20, 0x20, 0x20, 0x20, 0x20, 0x20, 0x20, 0x20, 0x7b, 0x0a, 0x20, 0x20, 0x20, //            {.   
	0x20, 0x20, 0x20, 0x20, 0x20, 0x20, 0x20, 0x20, 0x20, 0x20, 0x20, 0x20, 0x20, 0x20, 0x20, 0x20, //                 
	0x20, 0x5f, 0x33, 0x30, 0x32, 0x31, 0x20, 0x3d, 0x20, 0x66, 0x6c, 0x6f, 0x61, 0x74, 0x34, 0x28, //  _3021 = float4(
	0x5f, 0x32, 0x38, 0x38, 0x30, 0x2e, 0x78, 0x79, 0x7a, 0x20, 0x2a, 0x20, 0x28, 0x5f, 0x32, 0x38, // _2880.xyz * (_28
	0x34, 0x38, 0x2e, 0x78, 0x79, 0x7a, 0x20, 0x2a, 0x20, 0x5f, 0x31, 0x34, 0x37, 0x32, 0x29, 0x2c, // 48.xyz * _1472),
	0x20, 0x5f, 0x31, 0x34, 0x32, 0x39, 0x29, 0x3b, 0x0a, 0x20, 0x20, 0x20, 0x20, 0x20, 0x20, 0x20, //  _1429);.       
	0x20, 0x20, 0x20, 0x20, 0x20, 0x20, 0x20, 0x20, 0x20, 0x7d, 0x0a, 0x20, 0x20, 0x20, 0x20, 0x20, //          }.     
	0x20, 0x20, 0x20, 0x20, 0x20, 0x20, 0x20, 0x20, 0x20, 0x20, 0x20, 0x65, 0x6c, 0x73, 0x65, 0x0a, //            else.
	0x20, 0x20, 0x20, 0x20, 0x20, 0x20, 0x20, 0x20, 0x20, 0x20, 0x20, 0x20, 0x20, 0x20, 0x20, 0x20, //                 
	0x7b, 0x0a, 0x20, 0x20, 0x20, 0x20, 0x20, 0x20, 0x20, 0x20, 0x20, 0x20, 0x20, 0x20, 0x20, 0x20, // {.              
	0x20, 0x20, 0x20, 0x20, 0x20, 0x20, 0x5f, 0x33, 0x30, 0x32, 0x31, 0x20, 0x3d, 0x20, 0x5f, 0x32, //       _3021 = _2
	0x38, 0x38, 0x30, 0x3b, 0x0a, 0x20, 0x20, 0x20, 0x20, 0x20, 0x20, 0x20, 0x20, 0x20, 0x20, 0x20, // 880;.           
	0x20, 0x20, 0x20, 0x20, 0x20, 0x7d, 0x0a, 0x20, 0x20, 0x20, 0x20, 0x20, 0x20, 0x20, 0x20, 0x20, //      }.         
	0x20, 0x20, 0x20, 0x20, 0x20, 0x20, 0x20, 0x5f, 0x33, 0x30, 0x32, 0x30, 0x20, 0x3d, 0x20, 0x5f, //        _3020 = _
	0x33, 0x30, 0x32, 0x31, 0x3b, 0x0a, 0x20, 0x20, 0x20, 0x20, 0x20, 0x20, 0x20, 0x20, 0x20, 0x20, // 3021;.          
	0x20, 0x20, 0x7d, 0x0a, 0x20, 0x20, 0x20, 0x20, 0x20, 0x20, 0x20, 0x20, 0x20, 0x20, 0x20, 0x20, //   }.            
	0x5f, 0x33, 0x30, 0x31, 0x39, 0x20, 0x3d, 0x20, 0x5f, 0x33, 0x30, 0x32, 0x30, 0x3b, 0x0a, 0x20, // _3019 = _3020;. 
	0x20, 0x20, 0x20, 0x20, 0x20, 0x20, 0x20, 0x7d, 0x0a, 0x20, 0x20, 0x20, 0x20, 0x20, 0x20, 0x20, //        }.       
	0x20, 0x5f, 0x33, 0x30, 0x31, 0x38, 0x20, 0x3d, 0x20, 0x5f, 0x33, 0x30, 0x31, 0x39, 0x3b, 0x0a, //  _3018 = _3019;.
	0x20, 0x20, 0x20, 0x20, 0x7d, 0x0a, 0x20, 0x20, 0x20, 0x20, 0x66, 0x6c, 0x6f, 0x61, 0x74, 0x34, //     }.    float4
	0x20, 0x5f, 0x33, 0x30, 0x32, 0x35, 0x3b, 0x0a, 0x20, 0x20, 0x20, 0x20, 0x69, 0x66, 0x20, 0x28, //  _3025;.    if (
	0x5f, 0x6d, 0x74, 0x6c, 0x5f, 0x75, 0x2e, 0x75, 0x5f, 0x66, 0x73, 0x66, 0x46, 0x61, 0x6c, 0x6c, // _mtl_u.u_fsfFall
	0x6f, 0x66, 0x66, 0x50, 0x61, 0x72, 0x61, 0x6d, 0x65, 0x74, 0x65, 0x72, 0x2e, 0x78, 0x20, 0x3d, // offParameter.x =
	0x3d, 0x20, 0x31, 0x2e, 0x30, 0x29, 0x0a, 0x20, 0x20, 0x20, 0x20, 0x7b, 0x0a, 0x20, 0x20, 0x20, // = 1.0).    {.   
	0x20, 0x20, 0x20, 0x20, 0x20, 0x66, 0x6c, 0x6f, 0x61, 0x74, 0x34, 0x20, 0x5f, 0x32, 0x35, 0x36, //      float4 _256
	0x35, 0x20, 0x3d, 0x20, 0x6d, 0x69, 0x78, 0x28, 0x5f, 0x6d, 0x74, 0x6c, 0x5f, 0x75, 0x2e, 0x75, // 5 = mix(_mtl_u.u
	0x5f, 0x66, 0x73, 0x66, 0x46, 0x61, 0x6c, 0x6c, 0x6f, 0x66, 0x66, 0x45, 0x6e, 0x64, 0x43, 0x6f, // _fsfFalloffEndCo
	0x6c, 0x6f, 0x72, 0x2c, 0x20, 0x5f, 0x6d, 0x74, 0x6c, 0x5f, 0x75, 0x2e, 0x75, 0x5f, 0x66, 0x73, // lor, _mtl_u.u_fs
	0x66, 0x46, 0x61, 0x6c, 0x6c, 0x6f, 0x66, 0x66, 0x42, 0x65, 0x67, 0x69, 0x6e, 0x43, 0x6f, 0x6c, // fFalloffBeginCol
	0x6f, 0x72, 0x2c, 0x20, 0x66, 0x6c, 0x6f, 0x61, 0x74, 0x34, 0x28, 0x70, 0x6f, 0x77, 0x72, 0x28, // or, float4(powr(
	0x66, 0x61, 0x73, 0x74, 0x3a, 0x3a, 0x63, 0x6c, 0x61, 0x6d, 0x70, 0x28, 0x64, 0x6f, 0x74, 0x28, // fast::clamp(dot(
	0x66, 0x61, 0x73, 0x74, 0x3a, 0x3a, 0x6e, 0x6f, 0x72, 0x6d, 0x61, 0x6c, 0x69, 0x7a, 0x65, 0x28, // fast::normalize(
	0x2d, 0x5f, 0x6d, 0x74, 0x6c, 0x5f, 0x75, 0x2e, 0x75, 0x5f, 0x66, 0x73, 0x66, 0x43, 0x61, 0x6d, // -_mtl_u.u_fsfCam
	0x65, 0x72, 0x61, 0x46, 0x72, 0x6f, 0x6e, 0x74, 0x44, 0x69, 0x72, 0x65, 0x63, 0x74, 0x69, 0x6f, // eraFrontDirectio
	0x6e, 0x2e, 0x78, 0x79, 0x7a, 0x29, 0x2c, 0x20, 0x66, 0x61, 0x73, 0x74, 0x3a, 0x3a, 0x6e, 0x6f, // n.xyz), fast::no
	0x72, 0x6d, 0x61, 0x6c, 0x69, 0x7a, 0x65, 0x28, 0x69, 0x6e, 0x2e, 0x76, 0x5f, 0x57, 0x6f, 0x72, // rmalize(in.v_Wor
	0x6c, 0x64, 0x4e, 0x29, 0x29, 0x2c, 0x20, 0x30, 0x2e, 0x30, 0x2c, 0x20, 0x31, 0x2e, 0x30, 0x29, // ldN)), 0.0, 1.0)
	0x2c, 0x20, 0x5f, 0x6d, 0x74, 0x6c, 0x5f, 0x75, 0x2e, 0x75, 0x5f, 0x66, 0x73, 0x66, 0x46, 0x61, // , _mtl_u.u_fsfFa
	0x6c, 0x6c, 0x6f, 0x66, 0x66, 0x50, 0x61, 0x72, 0x61, 0x6d, 0x65, 0x74, 0x65, 0x72, 0x2e, 0x7a, // lloffParameter.z
	0x29, 0x29, 0x29, 0x3b, 0x0a, 0x20, 0x20, 0x20, 0x20, 0x20, 0x20, 0x20, 0x20, 0x66, 0x6c, 0x6f, // )));.        flo
	0x61, 0x74, 0x34, 0x20, 0x5f, 0x33, 0x30, 0x32, 0x32, 0x3b, 0x0a, 0x20, 0x20, 0x20, 0x20, 0x20, // at4 _3022;.     
	0x20, 0x20, 0x20, 0x69, 0x66, 0x20, 0x28, 0x5f, 0x6d, 0x74, 0x6c, 0x5f, 0x75, 0x2e, 0x75, 0x5f, //    if (_mtl_u.u_
	0x66, 0x73, 0x66, 0x46, 0x61, 0x6c, 0x6c, 0x6f, 0x66, 0x66, 0x50, 0x61, 0x72, 0x61, 0x6d, 0x65, // fsfFalloffParame
	0x74, 0x65, 0x72, 0x2e, 0x79, 0x20, 0x3d, 0x3d, 0x20, 0x30, 0x2e, 0x30, 0x29, 0x0a, 0x20, 0x20, // ter.y == 0.0).  
	0x20, 0x20, 0x20, 0x20, 0x20, 0x20, 0x7b, 0x0a, 0x20, 0x20, 0x20, 0x20, 0x20, 0x20, 0x20, 0x20, //       {.        
	0x20, 0x20, 0x20, 0x20, 0x66, 0x6c, 0x6f, 0x61, 0x74, 0x33, 0x20, 0x5f, 0x31, 0x35, 0x31, 0x36, //     float3 _1516
	0x20, 0x3d, 0x20, 0x5f, 0x33, 0x30, 0x31, 0x38, 0x2e, 0x78, 0x79, 0x7a, 0x20, 0x2b, 0x20, 0x5f, //  = _3018.xyz + _
	0x32, 0x35, 0x36, 0x35, 0x2e, 0x78, 0x79, 0x7a, 0x3b, 0x0a, 0x20, 0x20, 0x20, 0x20, 0x20, 0x20, // 2565.xyz;.      
	0x20, 0x20, 0x20, 0x20, 0x20, 0x20, 0x66, 0x6c, 0x6f, 0x61, 0x74, 0x34, 0x20, 0x5f, 0x32, 0x39, //       float4 _29
	0x33, 0x39, 0x20, 0x3d, 0x20, 0x5f, 0x33, 0x30, 0x31, 0x38, 0x3b, 0x0a, 0x20, 0x20, 0x20, 0x20, // 39 = _3018;.    
	0x20, 0x20, 0x20, 0x20, 0x20, 0x20, 0x20, 0x20, 0x5f, 0x32, 0x39, 0x33, 0x39, 0x2e, 0x78, 0x20, //         _2939.x 
	0x3d, 0x20, 0x5f, 0x31, 0x35, 0x31, 0x36, 0x2e, 0x78, 0x3b, 0x0a, 0x20, 0x20, 0x20, 0x20, 0x20, // = _1516.x;.     
	0x20, 0x20, 0x20, 0x20, 0x20, 0x20, 0x20, 0x5f, 0x32, 0x39, 0x33, 0x39, 0x2e, 0x79, 0x20, 0x3d, //        _2939.y =
	0x20, 0x5f, 0x31, 0x35, 0x31, 0x36, 0x2e, 0x79, 0x3b, 0x0a, 0x20, 0x20, 0x20, 0x20, 0x20, 0x20, //  _1516.y;.      
	0x20, 0x20, 0x20, 0x20, 0x20, 0x20, 0x5f, 0x32, 0x39, 0x33, 0x39, 0x2e, 0x7a, 0x20, 0x3d, 0x20, //       _2939.z = 
	0x5f, 0x31, 0x35, 0x31, 0x36, 0x2e, 0x7a, 0x3b, 0x0a, 0x20, 0x20, 0x20, 0x20, 0x20, 0x20, 0x20, // _1516.z;.       
	0x20, 0x20, 0x20, 0x20, 0x20, 0x5f, 0x33, 0x30, 0x32, 0x32, 0x20, 0x3d, 0x20, 0x5f, 0x32, 0x39, //      _3022 = _29
	0x33, 0x39, 0x3b, 0x0a, 0x20, 0x20, 0x20, 0x20, 0x20, 0x20, 0x20, 0x20, 0x7d, 0x0a, 0x20, 0x20, // 39;.        }.  
	0x20, 0x20, 0x20, 0x20, 0x20, 0x20, 0x65, 0x6c, 0x73, 0x65, 0x0a, 0x20, 0x20, 0x20, 0x20, 0x20, //       else.     
	0x20, 0x20, 0x20, 0x7b, 0x0a, 0x20, 0x20, 0x20, 0x20, 0x20, 0x20, 0x20, 0x20, 0x20, 0x20, 0x20, //    {.           
	0x20, 0x66, 0x6c, 0x6f, 0x61, 0x74, 0x34, 0x20, 0x5f, 0x33, 0x30, 0x32, 0x33, 0x3b, 0x0a, 0x20, //  float4 _3023;. 
	0x20, 0x20, 0x20, 0x20, 0x20, 0x20, 0x20, 0x20, 0x20, 0x20, 0x20, 0x69, 0x66, 0x20, 0x28, 0x5f, //            if (_
	0x6d, 0x74, 0x6c, 0x5f, 0x75, 0x2e, 0x75, 0x5f, 0x66, 0x73, 0x66, 0x46, 0x61, 0x6c, 0x6c, 0x6f, // mtl_u.u_fsfFallo
	0x66, 0x66, 0x50, 0x61, 0x72, 0x61, 0x6d, 0x65, 0x74, 0x65, 0x72, 0x2e, 0x79, 0x20, 0x3d, 0x3d, // ffParameter.y ==
	0x20, 0x31, 0x2e, 0x30, 0x29, 0x0a, 0x20, 0x20, 0x20, 0x20, 0x20, 0x20, 0x20, 0x20, 0x20, 0x20, //  1.0).          
	0x20, 0x20, 0x7b, 0x0a, 0x20, 0x20, 0x20, 0x20, 0x20, 0x20, 0x20, 0x20, 0x20, 0x20, 0x20, 0x20, //   {.            
	0x20, 0x20, 0x20, 0x20, 0x66, 0x6c, 0x6f, 0x61, 0x74, 0x33, 0x20, 0x5f, 0x31, 0x35, 0x33, 0x36, //     float3 _1536
	0x20, 0x3d, 0x20, 0x5f, 0x33, 0x30, 0x31, 0x38, 0x2e, 0x78, 0x79, 0x7a, 0x20, 0x2d, 0x20, 0x5f, //  = _3018.xyz - _
	0x32, 0x35, 0x36, 0x35, 0x2e, 0x78, 0x79, 0x7a, 0x3b, 0x0a, 0x20, 0x20, 0x20, 0x20, 0x20, 0x20, // 2565.xyz;.      
	0x20, 0x20, 0x20, 0x20, 0x20, 0x20, 0x20, 0x20, 0x20, 0x20, 0x66, 0x6c, 0x6f, 0x61, 0x74, 0x34, //           float4
	0x20, 0x5f, 0x32, 0x39, 0x34, 0x38, 0x20, 0x3d, 0x20, 0x5f, 0x33, 0x30, 0x31, 0x38, 0x3b, 0x0a, //  _2948 = _3018;.
	0x20, 0x20, 0x20, 0x20, 0x20, 0x20, 0x20, 0x20, 0x20, 0x20, 0x20, 0x20, 0x20, 0x20, 0x20, 0x20, //                 
	0x5f, 0x32, 0x39, 0x34, 0x38, 0x2e, 0x78, 0x20, 0x3d, 0x20, 0x5f, 0x31, 0x35, 0x33, 0x36, 0x2e, // _2948.x = _1536.
	0x78, 0x3b, 0x0a, 0x20, 0x20, 0x20, 0x20, 0x20, 0x20, 0x20, 0x20, 0x20, 0x20, 0x20, 0x20, 0x20, // x;.             
	0x20, 0x20, 0x20, 0x5f, 0x32, 0x39, 0x34, 0x38, 0x2e, 0x79, 0x20, 0x3d, 0x20, 0x5f, 0x31, 0x35, //    _2948.y = _15
	0x33, 0x36, 0x2e, 0x79, 0x3b, 0x0a, 0x20, 0x20, 0x20, 0x20, 0x20, 0x20, 0x20, 0x20, 0x20, 0x20, // 36.y;.          
	0x20, 0x20, 0x20, 0x20, 0x20, 0x20, 0x5f, 0x32, 0x39, 0x34, 0x38, 0x2e, 0x7a, 0x20, 0x3d, 0x20, //       _2948.z = 
	0x5f, 0x31, 0x35, 0x33, 0x36, 0x2e, 0x7a, 0x3b, 0x0a, 0x20, 0x20, 0x20, 0x20, 0x20, 0x20, 0x20, // _1536.z;.       
	0x20, 0x20, 0x20, 0x20, 0x20, 0x20, 0x20, 0x20, 0x20, 0x5f, 0x33, 0x30, 0x32, 0x33, 0x20, 0x3d, //          _3023 =
	0x20, 0x5f, 0x32, 0x39, 0x34, 0x38, 0x3b, 0x0a, 0x20, 0x20, 0x20, 0x20, 0x20, 0x20, 0x20, 0x20, //  _2948;.        
	0x20, 0x20, 0x20, 0x20, 0x7d, 0x0a, 0x20, 0x20, 0x20, 0x20, 0x20, 0x20, 0x20, 0x20, 0x20, 0x20, //     }.          
	0x20, 0x20, 0x65, 0x6c, 0x73, 0x65, 0x0a, 0x20, 0x20, 0x20, 0x20, 0x20, 0x20, 0x20, 0x20, 0x20, //   else.         
	0x20, 0x20, 0x20, 0x7b, 0x0a, 0x20, 0x20, 0x20, 0x20, 0x20, 0x20, 0x20, 0x20, 0x20, 0x20, 0x20, //    {.           
	0x20, 0x20, 0x20, 0x20, 0x20, 0x66, 0x6c, 0x6f, 0x61, 0x74, 0x34, 0x20, 0x5f, 0x33, 0x30, 0x32, //      float4 _302
	0x34, 0x3b, 0x0a, 0x20, 0x20, 0x20, 0x20, 0x20, 0x20, 0x20, 0x20, 0x20, 0x20, 0x20, 0x20, 0x20, // 4;.             
	0x20, 0x20, 0x20, 0x69, 0x66, 0x20, 0x28, 0x5f, 0x6d, 0x74, 0x6c, 0x5f, 0x75, 0x2e, 0x75, 0x5f, //    if (_mtl_u.u_
	0x66, 0x73, 0x66, 0x46, 0x61, 0x6c, 0x6c, 0x6f, 0x66, 0x66, 0x50, 0x61, 0x72, 0x61, 0x6d, 0x65, // fsfFalloffParame
	0x74, 0x65, 0x72, 0x2e, 0x79, 0x20, 0x3d, 0x3d, 0x20, 0x32, 0x2e, 0x30, 0x29, 0x0a, 0x20, 0x20, // ter.y == 2.0).  
	0x20, 0x20, 0x20, 0x20, 0x20, 0x20, 0x20, 0x20, 0x20, 0x20, 0x20, 0x20, 0x20, 0x20, 0x7b, 0x0a, //               {.
	0x20, 0x20, 0x20, 0x20, 0x20, 0x20, 0x20, 0x20, 0x20, 0x20, 0x20, 0x20, 0x20, 0x20, 0x20, 0x20, //                 
	0x20, 0x20, 0x20, 0x20, 0x66, 0x6c, 0x6f, 0x61, 0x74, 0x33, 0x20, 0x5f, 0x31, 0x35, 0x35, 0x36, //     float3 _1556
	0x20, 0x3d, 0x20, 0x5f, 0x33, 0x30, 0x31, 0x38, 0x2e, 0x78, 0x79, 0x7a, 0x20, 0x2a, 0x20, 0x5f, //  = _3018.xyz * _
	0x32, 0x35, 0x36, 0x35, 0x2e, 0x78, 0x79, 0x7a, 0x3b, 0x0a, 0x20, 0x20, 0x20, 0x20, 0x20, 0x20, // 2565.xyz;.      
	0x20, 0x20, 0x20, 0x20, 0x20, 0x20, 0x20, 0x20, 0x20, 0x20, 0x20, 0x20, 0x20, 0x20, 0x66, 0x6c, //               fl
	0x6f, 0x61, 0x74, 0x34, 0x20, 0x5f, 0x32, 0x39, 0x35, 0x37, 0x20, 0x3d, 0x20, 0x5f, 0x33, 0x30, // oat4 _2957 = _30
	0x31, 0x38, 0x3b, 0x0a, 0x20, 0x20, 0x20, 0x20, 0x20, 0x20, 0x20, 0x20, 0x20, 0x20, 0x20, 0x20, // 18;.            
	0x20, 0x20, 0x20, 0x20, 0x20, 0x20, 0x20, 0x20, 0x5f, 0x32, 0x39, 0x35, 0x37, 0x2e, 0x78, 0x20, //         _2957.x 
	0x3d, 0x20, 0x5f, 0x31, 0x35, 0x35, 0x36, 0x2e, 0x78, 0x3b, 0x0a, 0x20, 0x20, 0x20, 0x20, 0x20, // = _1556.x;.     
	0x20, 0x20, 0x20, 0x20, 0x20, 0x20, 0x20, 0x20, 0x20, 0x20, 0x20, 0x20, 0x20, 0x20, 0x20, 0x5f, //                _
	0x32, 0x39, 0x35, 0x37, 0x2e, 0x79, 0x20, 0x3d, 0x20, 0x5f, 0x31, 0x35, 0x35, 0x36, 0x2e, 0x79, // 2957.y = _1556.y
	0x3b, 0x0a, 0x20, 0x20, 0x20, 0x20, 0x20, 0x20, 0x20, 0x20, 0x20, 0x20, 0x20, 0x20, 0x20, 0x20, // ;.              
	0x20, 0x20, 0x20, 0x20, 0x20, 0x20, 0x5f, 0x32, 0x39, 0x35, 0x37, 0x2e, 0x7a, 0x20, 0x3d, 0x20, //       _2957.z = 
	0x5f, 0x31, 0x35, 0x35, 0x36, 0x2e, 0x7a, 0x3b, 0x0a, 0x20, 0x20, 0x20, 0x20, 0x20, 0x20, 0x20, // _1556.z;.       
	0x20, 0x20, 0x20, 0x20, 0x20, 0x20, 0x20, 0x20, 0x20, 0x20, 0x20, 0x20, 0x20, 0x5f, 0x33, 0x30, //              _30
	0x32, 0x34, 0x20, 0x3d, 0x20, 0x5f, 0x32, 0x39, 0x35, 0x37, 0x3b, 0x0a, 0x20, 0x20, 0x20, 0x20, // 24 = _2957;.    
	0x20, 0x20, 0x20, 0x20, 0x20, 0x20, 0x20, 0x20, 0x20, 0x20, 0x20, 0x20, 0x7d, 0x0a, 0x20, 0x20, //             }.  
	0x20, 0x20, 0x20, 0x20, 0x20, 0x20, 0x20, 0x20, 0x20, 0x20, 0x20, 0x20, 0x20, 0x20, 0x65, 0x6c, //               el
	0x73, 0x65, 0x0a, 0x20, 0x20, 0x20, 0x20, 0x20, 0x20, 0x20, 0x20, 0x20, 0x20, 0x20, 0x20, 0x20, // se.             
	0x20, 0x20, 0x20, 0x7b, 0x0a, 0x20, 0x20, 0x20, 0x20, 0x20, 0x20, 0x20, 0x20, 0x20, 0x20, 0x20, //    {.           
	0x20, 0x20, 0x20, 0x20, 0x20, 0x20, 0x20, 0x20, 0x20, 0x5f, 0x33, 0x30, 0x32, 0x34, 0x20, 0x3d, //          _3024 =
	0x20, 0x5f, 0x33, 0x30, 0x31, 0x38, 0x3b, 0x0a, 0x20, 0x20, 0x20, 0x20, 0x20, 0x20, 0x20, 0x20, //  _3018;.        
	0x20, 0x20, 0x20, 0x20, 0x20, 0x20, 0x20, 0x20, 0x7d, 0x0a, 0x20, 0x20, 0x20, 0x20, 0x20, 0x20, //         }.      
	0x20, 0x20, 0x20, 0x20, 0x20, 0x20, 0x20, 0x20, 0x20, 0x20, 0x5f, 0x33, 0x30, 0x32, 0x33, 0x20, //           _3023 
	0x3d, 0x20, 0x5f, 0x33, 0x30, 0x32, 0x34, 0x3b, 0x0a, 0x20, 0x20, 0x20, 0x20, 0x20, 0x20, 0x20, // = _3024;.       
	0x20, 0x20, 0x20, 0x20, 0x20, 0x7d, 0x0a, 0x20, 0x20, 0x20, 0x20, 0x20, 0x20, 0x20, 0x20, 0x20, //      }.         
	0x20, 0x20, 0x20, 0x5f, 0x33, 0x30, 0x32, 0x32, 0x20, 0x3d, 0x20, 0x5f, 0x33, 0x30, 0x32, 0x33, //    _3022 = _3023
	0x3b, 0x0a, 0x20, 0x20, 0x20, 0x20, 0x20, 0x20, 0x20, 0x20, 0x7d, 0x0a, 0x20, 0x20, 0x20, 0x20, // ;.        }.    
	0x20, 0x20, 0x20, 0x20, 0x66, 0x6c, 0x6f, 0x61, 0x74, 0x34, 0x20, 0x5f, 0x32, 0x39, 0x36, 0x37, //     float4 _2967
	0x20, 0x3d, 0x20, 0x5f, 0x33, 0x30, 0x32, 0x32, 0x3b, 0x0a, 0x20, 0x20, 0x20, 0x20, 0x20, 0x20, //  = _3022;.      
	0x20, 0x20, 0x5f, 0x32, 0x39, 0x36, 0x37, 0x2e, 0x77, 0x20, 0x3d, 0x20, 0x5f, 0x33, 0x30, 0x32, //   _2967.w = _302
	0x32, 0x2e, 0x77, 0x20, 0x2a, 0x20, 0x5f, 0x32, 0x35, 0x36, 0x35, 0x2e, 0x77, 0x3b, 0x0a, 0x20, // 2.w * _2565.w;. 
	0x20, 0x20, 0x20, 0x20, 0x20, 0x20, 0x20, 0x5f, 0x33, 0x30, 0x32, 0x35, 0x20, 0x3d, 0x20, 0x5f, //        _3025 = _
	0x32, 0x39, 0x36, 0x37, 0x3b, 0x0a, 0x20, 0x20, 0x20, 0x20, 0x7d, 0x0a, 0x20, 0x20, 0x20, 0x20, // 2967;.    }.    
	0x65, 0x6c, 0x73, 0x65, 0x0a, 0x20, 0x20, 0x20, 0x20, 0x7b, 0x0a, 0x20, 0x20, 0x20, 0x20, 0x20, // else.    {.     
	0x20, 0x20, 0x20, 0x5f, 0x33, 0x30, 0x32, 0x35, 0x20, 0x3d, 0x20, 0x5f, 0x33, 0x30, 0x31, 0x38, //    _3025 = _3018
	0x3b, 0x0a, 0x20, 0x20, 0x20, 0x20, 0x7d, 0x0a, 0x20, 0x20, 0x20, 0x20, 0x66, 0x6c, 0x6f, 0x61, // ;.    }.    floa
	0x74, 0x33, 0x20, 0x5f, 0x31, 0x35, 0x38, 0x31, 0x20, 0x3d, 0x20, 0x5f, 0x33, 0x30, 0x32, 0x35, // t3 _1581 = _3025
	0x2e, 0x78, 0x79, 0x7a, 0x20, 0x2a, 0x20, 0x5f, 0x6d, 0x74, 0x6c, 0x5f, 0x75, 0x2e, 0x75, 0x5f, // .xyz * _mtl_u.u_
	0x66, 0x73, 0x66, 0x45, 0x6d, 0x69, 0x73, 0x73, 0x69, 0x76, 0x65, 0x53, 0x63, 0x61, 0x6c, 0x69, // fsfEmissiveScali
	0x6e, 0x67, 0x2e, 0x78, 0x3b, 0x0a, 0x20, 0x20, 0x20, 0x20, 0x66, 0x6c, 0x6f, 0x61, 0x74, 0x20, // ng.x;.    float 
	0x5f, 0x31, 0x35, 0x38, 0x33, 0x20, 0x3d, 0x20, 0x5f, 0x31, 0x35, 0x38, 0x31, 0x2e, 0x78, 0x3b, // _1583 = _1581.x;
	0x0a, 0x20, 0x20, 0x20, 0x20, 0x66, 0x6c, 0x6f, 0x61, 0x74, 0x34, 0x20, 0x5f, 0x32, 0x39, 0x37, // .    float4 _297
	0x30, 0x20, 0x3d, 0x20, 0x5f, 0x33, 0x30, 0x32, 0x35, 0x3b, 0x0a, 0x20, 0x20, 0x20, 0x20, 0x5f, // 0 = _3025;.    _
	0x32, 0x39, 0x37, 0x30, 0x2e, 0x78, 0x20, 0x3d, 0x20, 0x5f, 0x31, 0x35, 0x38, 0x33, 0x3b, 0x0a, // 2970.x = _1583;.
	0x20, 0x20, 0x20, 0x20, 0x5f, 0x32, 0x39, 0x37, 0x30, 0x2e, 0x79, 0x20, 0x3d, 0x20, 0x5f, 0x31, //     _2970.y = _1
	0x35, 0x38, 0x31, 0x2e, 0x79, 0x3b, 0x0a, 0x20, 0x20, 0x20, 0x20, 0x5f, 0x32, 0x39, 0x37, 0x30, // 581.y;.    _2970
	0x2e, 0x7a, 0x20, 0x3d, 0x20, 0x5f, 0x31, 0x35, 0x38, 0x31, 0x2e, 0x7a, 0x3b, 0x0a, 0x20, 0x20, // .z = _1581.z;.  
	0x20, 0x20, 0x66, 0x6c, 0x6f, 0x61, 0x74, 0x34, 0x20, 0x5f, 0x31, 0x35, 0x39, 0x36, 0x20, 0x3d, //   float4 _1596 =
	0x20, 0x69, 0x6e, 0x2e, 0x76, 0x5f, 0x50, 0x6f, 0x73, 0x50, 0x20, 0x2f, 0x20, 0x66, 0x6c, 0x6f, //  in.v_PosP / flo
	0x61, 0x74, 0x34, 0x28, 0x69, 0x6e, 0x2e, 0x76, 0x5f, 0x50, 0x6f, 0x73, 0x50, 0x2e, 0x77, 0x29, // at4(in.v_PosP.w)
	0x3b, 0x0a, 0x20, 0x20, 0x20, 0x20, 0x66, 0x6c, 0x6f, 0x61, 0x74, 0x32, 0x20, 0x5f, 0x31, 0x36, // ;.    float2 _16
	0x30, 0x32, 0x20, 0x3d, 0x20, 0x28, 0x5f, 0x31, 0x35, 0x39, 0x36, 0x2e, 0x78, 0x79, 0x20, 0x2b, // 02 = (_1596.xy +
	0x20, 0x66, 0x6c, 0x6f, 0x61, 0x74, 0x32, 0x28, 0x31, 0x2e, 0x30, 0x29, 0x29, 0x20, 0x2a, 0x20, //  float2(1.0)) * 
	0x66, 0x6c, 0x6f, 0x61, 0x74, 0x32, 0x28, 0x30, 0x2e, 0x35, 0x29, 0x3b, 0x0a, 0x20, 0x20, 0x20, // float2(0.5);.   
	0x20, 0x5f, 0x31, 0x36, 0x30, 0x32, 0x2e, 0x79, 0x20, 0x3d, 0x20, 0x5f, 0x6d, 0x74, 0x6c, 0x5f, //  _1602.y = _mtl_
	0x75, 0x2e, 0x75, 0x5f, 0x66, 0x73, 0x6d, 0x55, 0x56, 0x49, 0x6e, 0x76, 0x65, 0x72, 0x73, 0x65, // u.u_fsmUVInverse
	0x64, 0x42, 0x61, 0x63, 0x6b, 0x2e, 0x78, 0x20, 0x2b, 0x20, 0x28, 0x5f, 0x6d, 0x74, 0x6c, 0x5f, // dBack.x + (_mtl_
	0x75, 0x2e, 0x75, 0x5f, 0x66, 0x73, 0x6d, 0x55, 0x56, 0x49, 0x6e, 0x76, 0x65, 0x72, 0x73, 0x65, // u.u_fsmUVInverse
	0x64, 0x42, 0x61, 0x63, 0x6b, 0x2e, 0x79, 0x20, 0x2a, 0x20, 0x28, 0x31, 0x2e, 0x30, 0x20, 0x2d, // dBack.y * (1.0 -
	0x20, 0x5f, 0x31, 0x36, 0x30, 0x32, 0x2e, 0x79, 0x29, 0x29, 0x3b, 0x0a, 0x20, 0x20, 0x20, 0x20, //  _1602.y));.    
	0x66, 0x6c, 0x6f, 0x61, 0x74, 0x34, 0x20, 0x5f, 0x33, 0x30, 0x32, 0x36, 0x3b, 0x0a, 0x20, 0x20, // float4 _3026;.  
	0x20, 0x20, 0x69, 0x66, 0x20, 0x28, 0x5f, 0x6d, 0x74, 0x6c, 0x5f, 0x75, 0x2e, 0x75, 0x5f, 0x66, //   if (_mtl_u.u_f
	0x73, 0x73, 0x6f, 0x66, 0x74, 0x50, 0x61, 0x72, 0x74, 0x69, 0x63, 0x6c, 0x65, 0x50, 0x61, 0x72, // ssoftParticlePar
	0x61, 0x6d, 0x2e, 0x77, 0x20, 0x21, 0x3d, 0x20, 0x30, 0x2e, 0x30, 0x29, 0x0a, 0x20, 0x20, 0x20, // am.w != 0.0).   
	0x20, 0x7b, 0x0a, 0x20, 0x20, 0x20, 0x20, 0x20, 0x20, 0x20, 0x20, 0x66, 0x6c, 0x6f, 0x61, 0x74, //  {.        float
	0x32, 0x20, 0x5f, 0x32, 0x36, 0x31, 0x38, 0x20, 0x3d, 0x20, 0x66, 0x6c, 0x6f, 0x61, 0x74, 0x32, // 2 _2618 = float2
	0x28, 0x28, 0x73, 0x5f, 0x64, 0x65, 0x70, 0x74, 0x68, 0x54, 0x65, 0x78, 0x2e, 0x73, 0x61, 0x6d, // ((s_depthTex.sam
	0x70, 0x6c, 0x65, 0x28, 0x73, 0x5f, 0x64, 0x65, 0x70, 0x74, 0x68, 0x54, 0x65, 0x78, 0x53, 0x61, // ple(s_depthTexSa
	0x6d, 0x70, 0x6c, 0x65, 0x72, 0x2c, 0x20, 0x5f, 0x31, 0x36, 0x30, 0x32, 0x29, 0x2e, 0x78, 0x20, // mpler, _1602).x 
	0x2a, 0x20, 0x5f, 0x6d, 0x74, 0x6c, 0x5f, 0x75, 0x2e, 0x75, 0x5f, 0x66, 0x73, 0x72, 0x65, 0x63, // * _mtl_u.u_fsrec
	0x6f, 0x6e, 0x73, 0x74, 0x72, 0x75, 0x63, 0x74, 0x69, 0x6f, 0x6e, 0x50, 0x61, 0x72, 0x61, 0x6d, // onstructionParam
	0x31, 0x2e, 0x78, 0x29, 0x20, 0x2b, 0x20, 0x5f, 0x6d, 0x74, 0x6c, 0x5f, 0x75, 0x2e, 0x75, 0x5f, // 1.x) + _mtl_u.u_
	0x66, 0x73, 0x72, 0x65, 0x63, 0x6f, 0x6e, 0x73, 0x74, 0x72, 0x75, 0x63, 0x74, 0x69, 0x6f, 0x6e, // fsreconstruction
	0x50, 0x61, 0x72, 0x61, 0x6d, 0x31, 0x2e, 0x79, 0x2c, 0x20, 0x5f, 0x31, 0x35, 0x39, 0x36, 0x2e, // Param1.y, _1596.
	0x7a, 0x29, 0x3b, 0x0a, 0x20, 0x20, 0x20, 0x20, 0x20, 0x20, 0x20, 0x20, 0x66, 0x6c, 0x6f, 0x61, // z);.        floa
	0x74, 0x32, 0x20, 0x5f, 0x32, 0x36, 0x33, 0x35, 0x20, 0x3d, 0x20, 0x28, 0x28, 0x5f, 0x32, 0x36, // t2 _2635 = ((_26
	0x31, 0x38, 0x20, 0x2a, 0x20, 0x5f, 0x6d, 0x74, 0x6c, 0x5f, 0x75, 0x2e, 0x75, 0x5f, 0x66, 0x73, // 18 * _mtl_u.u_fs
	0x72, 0x65, 0x63, 0x6f, 0x6e, 0x73, 0x74, 0x72, 0x75, 0x63, 0x74, 0x69, 0x6f, 0x6e, 0x50, 0x61, // reconstructionPa
	0x72, 0x61, 0x6d, 0x32, 0x2e, 0x77, 0x29, 0x20, 0x2d, 0x20, 0x66, 0x6c, 0x6f, 0x61, 0x74, 0x32, // ram2.w) - float2
	0x28, 0x5f, 0x6d, 0x74, 0x6c, 0x5f, 0x75, 0x2e, 0x75, 0x5f, 0x66, 0x73, 0x72, 0x65, 0x63, 0x6f, // (_mtl_u.u_fsreco
	0x6e, 0x73, 0x74, 0x72, 0x75, 0x63, 0x74, 0x69, 0x6f, 0x6e, 0x50, 0x61, 0x72, 0x61, 0x6d, 0x32, // nstructionParam2
	0x2e, 0x79, 0x29, 0x29, 0x20, 0x2f, 0x20, 0x28, 0x66, 0x6c, 0x6f, 0x61, 0x74, 0x32, 0x28, 0x5f, // .y)) / (float2(_
	0x6d, 0x74, 0x6c, 0x5f, 0x75, 0x2e, 0x75, 0x5f, 0x66, 0x73, 0x72, 0x65, 0x63, 0x6f, 0x6e, 0x73, // mtl_u.u_fsrecons
	0x74, 0x72, 0x75, 0x63, 0x74, 0x69, 0x6f, 0x6e, 0x50, 0x61, 0x72, 0x61, 0x6d, 0x32, 0x2e, 0x78, // tructionParam2.x
	0x29, 0x20, 0x2d, 0x20, 0x28, 0x5f, 0x32, 0x36, 0x31, 0x38, 0x20, 0x2a, 0x20, 0x5f, 0x6d, 0x74, // ) - (_2618 * _mt
	0x6c, 0x5f, 0x75, 0x2e, 0x75, 0x5f, 0x66, 0x73, 0x72, 0x65, 0x63, 0x6f, 0x6e, 0x73, 0x74, 0x72, // l_u.u_fsreconstr
	0x75, 0x63, 0x74, 0x69, 0x6f, 0x6e, 0x50, 0x61, 0x72, 0x61, 0x6d, 0x32, 0x2e, 0x7a, 0x29, 0x29, // uctionParam2.z))
	0x3b, 0x0a, 0x20, 0x20, 0x20, 0x20, 0x20, 0x20, 0x20, 0x20, 0x66, 0x6c, 0x6f, 0x61, 0x74, 0x32, // ;.        float2
	0x20, 0x5f, 0x32, 0x36, 0x34, 0x31, 0x20, 0x3d, 0x20, 0x5f, 0x32, 0x36, 0x33, 0x35, 0x20, 0x2a, //  _2641 = _2635 *
	0x20, 0x73, 0x69, 0x67, 0x6e, 0x28, 0x5f, 0x32, 0x36, 0x33, 0x35, 0x2e, 0x78, 0x29, 0x3b, 0x0a, //  sign(_2635.x);.
	0x20, 0x20, 0x20, 0x20, 0x20, 0x20, 0x20, 0x20, 0x66, 0x6c, 0x6f, 0x61, 0x74, 0x20, 0x5f, 0x32, //         float _2
	0x36, 0x34, 0x35, 0x20, 0x3d, 0x20, 0x5f, 0x32, 0x36, 0x34, 0x31, 0x2e, 0x79, 0x3b, 0x0a, 0x20, // 645 = _2641.y;. 
	0x20, 0x20, 0x20, 0x20, 0x20, 0x20, 0x20, 0x5f, 0x33, 0x30, 0x32, 0x36, 0x20, 0x3d, 0x20, 0x66, //        _3026 = f
	0x6c, 0x6f, 0x61, 0x74, 0x34, 0x28, 0x5f, 0x31, 0x35, 0x38, 0x33, 0x2c, 0x20, 0x5f, 0x31, 0x35, // loat4(_1583, _15
	0x38, 0x31, 0x2e, 0x79, 0x7a, 0x2c, 0x20, 0x5f, 0x33, 0x30, 0x32, 0x35, 0x2e, 0x77, 0x20, 0x2a, // 81.yz, _3025.w *
	0x20, 0x66, 0x61, 0x73, 0x74, 0x3a, 0x3a, 0x6d, 0x69, 0x6e, 0x28, 0x66, 0x61, 0x73, 0x74, 0x3a, //  fast::min(fast:
	0x3a, 0x6d, 0x61, 0x78, 0x28, 0x66, 0x61, 0x73, 0x74, 0x3a, 0x3a, 0x6d, 0x69, 0x6e, 0x28, 0x28, // :max(fast::min((
	0x5f, 0x32, 0x36, 0x34, 0x31, 0x2e, 0x78, 0x20, 0x2d, 0x20, 0x5f, 0x32, 0x36, 0x34, 0x35, 0x29, // _2641.x - _2645)
	0x20, 0x2f, 0x20, 0x5f, 0x6d, 0x74, 0x6c, 0x5f, 0x75, 0x2e, 0x75, 0x5f, 0x66, 0x73, 0x73, 0x6f, //  / _mtl_u.u_fsso
	0x66, 0x74, 0x50, 0x61, 0x72, 0x74, 0x69, 0x63, 0x6c, 0x65, 0x50, 0x61, 0x72, 0x61, 0x6d, 0x2e, // ftParticleParam.
	0x78, 0x2c, 0x20, 0x28, 0x5f, 0x32, 0x36, 0x34, 0x35, 0x20, 0x2d, 0x20, 0x5f, 0x6d, 0x74, 0x6c, // x, (_2645 - _mtl
	0x5f, 0x75, 0x2e, 0x75, 0x5f, 0x66, 0x73, 0x73, 0x6f, 0x66, 0x74, 0x50, 0x61, 0x72, 0x74, 0x69, // _u.u_fssoftParti
	0x63, 0x6c, 0x65, 0x50, 0x61, 0x72, 0x61, 0x6d, 0x2e, 0x7a, 0x29, 0x20, 0x2f, 0x20, 0x5f, 0x6d, // cleParam.z) / _m
	0x74, 0x6c, 0x5f, 0x75, 0x2e, 0x75, 0x5f, 0x66, 0x73, 0x73, 0x6f, 0x66, 0x74, 0x50, 0x61, 0x72, // tl_u.u_fssoftPar
	0x74, 0x69, 0x63, 0x6c, 0x65, 0x50, 0x61, 0x72, 0x61, 0x6d, 0x2e, 0x79, 0x29, 0x2c, 0x20, 0x30, // ticleParam.y), 0
	0x2e, 0x30, 0x29, 0x2c, 0x20, 0x31, 0x2e, 0x30, 0x29, 0x29, 0x3b, 0x0a, 0x20, 0x20, 0x20, 0x20, // .0), 1.0));.    
	0x7d, 0x0a, 0x20, 0x20, 0x20, 0x20, 0x65, 0x6c, 0x73, 0x65, 0x0a, 0x20, 0x20, 0x20, 0x20, 0x7b, // }.    else.    {
	0x0a, 0x20, 0x20, 0x20, 0x20, 0x20, 0x20, 0x20, 0x20, 0x5f, 0x33, 0x30, 0x32, 0x36, 0x20, 0x3d, // .        _3026 =
	0x20, 0x5f, 0x32, 0x39, 0x37, 0x30, 0x3b, 0x0a, 0x20, 0x20, 0x20, 0x20, 0x7d, 0x0a, 0x20, 0x20, //  _2970;.    }.  
	0x20, 0x20, 0x69, 0x66, 0x20, 0x28, 0x5f, 0x33, 0x30, 0x32, 0x36, 0x2e, 0x77, 0x20, 0x3c, 0x3d, //   if (_3026.w <=
	0x20, 0x66, 0x61, 0x73, 0x74, 0x3a, 0x3a, 0x6d, 0x61, 0x78, 0x28, 0x30, 0x2e, 0x30, 0x2c, 0x20, //  fast::max(0.0, 
	0x69, 0x6e, 0x2e, 0x76, 0x5f, 0x55, 0x56, 0x5f, 0x4f, 0x74, 0x68, 0x65, 0x72, 0x73, 0x2e, 0x77, // in.v_UV_Others.w
	0x29, 0x29, 0x0a, 0x20, 0x20, 0x20, 0x20, 0x7b, 0x0a, 0x20, 0x20, 0x20, 0x20, 0x20, 0x20, 0x20, // )).    {.       
	0x20, 0x64, 0x69, 0x73, 0x63, 0x61, 0x72, 0x64, 0x5f, 0x66, 0x72, 0x61, 0x67, 0x6d, 0x65, 0x6e, //  discard_fragmen
	0x74, 0x28, 0x29, 0x3b, 0x0a, 0x20, 0x20, 0x20, 0x20, 0x7d, 0x0a, 0x20, 0x20, 0x20, 0x20, 0x66, // t();.    }.    f
	0x6c, 0x6f, 0x61, 0x74, 0x33, 0x20, 0x5f, 0x32, 0x36, 0x37, 0x37, 0x20, 0x3d, 0x20, 0x6d, 0x69, // loat3 _2677 = mi
	0x78, 0x28, 0x5f, 0x6d, 0x74, 0x6c, 0x5f, 0x75, 0x2e, 0x75, 0x5f, 0x66, 0x73, 0x66, 0x45, 0x64, // x(_mtl_u.u_fsfEd
	0x67, 0x65, 0x43, 0x6f, 0x6c, 0x6f, 0x72, 0x2e, 0x78, 0x79, 0x7a, 0x20, 0x2a, 0x20, 0x5f, 0x6d, // geColor.xyz * _m
	0x74, 0x6c, 0x5f, 0x75, 0x2e, 0x75, 0x5f, 0x66, 0x73, 0x66, 0x45, 0x64, 0x67, 0x65, 0x50, 0x61, // tl_u.u_fsfEdgePa
	0x72, 0x61, 0x6d, 0x65, 0x74, 0x65, 0x72, 0x2e, 0x79, 0x2c, 0x20, 0x5f, 0x33, 0x30, 0x32, 0x36, // rameter.y, _3026
	0x2e, 0x78, 0x79, 0x7a, 0x2c, 0x20, 0x66, 0x6c, 0x6f, 0x61, 0x74, 0x33, 0x28, 0x63, 0x65, 0x69, // .xyz, float3(cei
	0x6c, 0x28, 0x28, 0x5f, 0x33, 0x30, 0x32, 0x36, 0x2e, 0x77, 0x20, 0x2d, 0x20, 0x69, 0x6e, 0x2e, // l((_3026.w - in.
	0x76, 0x5f, 0x55, 0x56, 0x5f, 0x4f, 0x74, 0x68, 0x65, 0x72, 0x73, 0x2e, 0x77, 0x29, 0x20, 0x2d, // v_UV_Others.w) -
	0x20, 0x5f, 0x6d, 0x74, 0x6c, 0x5f, 0x75, 0x2e, 0x75, 0x5f, 0x66, 0x73, 0x66, 0x45, 0x64, 0x67, //  _mtl_u.u_fsfEdg
	0x65, 0x50, 0x61, 0x72, 0x61, 0x6d, 0x65, 0x74, 0x65, 0x72, 0x2e, 0x78, 0x29, 0x29, 0x29, 0x3b, // eParameter.x)));
	0x0a, 0x20, 0x20, 0x20, 0x20, 0x66, 0x6c, 0x6f, 0x61, 0x74, 0x34, 0x20, 0x5f, 0x33, 0x30, 0x30, // .    float4 _300
	0x34, 0x20, 0x3d, 0x20, 0x5f, 0x33, 0x30, 0x32, 0x36, 0x3b, 0x0a, 0x20, 0x20, 0x20, 0x20, 0x5f, // 4 = _3026;.    _
	0x33, 0x30, 0x30, 0x34, 0x2e, 0x78, 0x20, 0x3d, 0x20, 0x5f, 0x32, 0x36, 0x37, 0x37, 0x2e, 0x78, // 3004.x = _2677.x
	0x3b, 0x0a, 0x20, 0x20, 0x20, 0x20, 0x5f, 0x33, 0x30, 0x30, 0x34, 0x2e, 0x79, 0x20, 0x3d, 0x20, // ;.    _3004.y = 
	0x5f, 0x32, 0x36, 0x37, 0x37, 0x2e, 0x79, 0x3b, 0x0a, 0x20, 0x20, 0x20, 0x20, 0x5f, 0x33, 0x30, // _2677.y;.    _30
	0x30, 0x34, 0x2e, 0x7a, 0x20, 0x3d, 0x20, 0x5f, 0x32, 0x36, 0x37, 0x37, 0x2e, 0x7a, 0x3b, 0x0a, // 04.z = _2677.z;.
	0x20, 0x20, 0x20, 0x20, 0x66, 0x6c, 0x6f, 0x61, 0x74, 0x34, 0x20, 0x5f, 0x32, 0x38, 0x35, 0x30, //     float4 _2850
	0x3b, 0x0a, 0x20, 0x20, 0x20, 0x20, 0x64, 0x6f, 0x0a, 0x20, 0x20, 0x20, 0x20, 0x7b, 0x0a, 0x20, // ;.    do.    {. 
	0x20, 0x20, 0x20, 0x20, 0x20, 0x20, 0x20, 0x69, 0x66, 0x20, 0x28, 0x5f, 0x31, 0x38, 0x36, 0x38, //        if (_1868
	0x29, 0x0a, 0x20, 0x20, 0x20, 0x20, 0x20, 0x20, 0x20, 0x20, 0x7b, 0x0a, 0x20, 0x20, 0x20, 0x20, // ).        {.    
	0x20, 0x20, 0x20, 0x20, 0x20, 0x20, 0x20, 0x20, 0x5f, 0x32, 0x38, 0x35, 0x30, 0x20, 0x3d, 0x20, //         _2850 = 
	0x5f, 0x33, 0x30, 0x30, 0x34, 0x3b, 0x0a, 0x20, 0x20, 0x20, 0x20, 0x20, 0x20, 0x20, 0x20, 0x20, // _3004;.         
	0x20, 0x20, 0x20, 0x62, 0x72, 0x65, 0x61, 0x6b, 0x3b, 0x0a, 0x20, 0x20, 0x20, 0x20, 0x20, 0x20, //    break;.      
	0x20, 0x20, 0x7d, 0x0a, 0x20, 0x20, 0x20, 0x20, 0x20, 0x20, 0x20, 0x20, 0x5f, 0x32, 0x38, 0x35, //   }.        _285
	0x30, 0x20, 0x3d, 0x20, 0x66, 0x6c, 0x6f, 0x61, 0x74, 0x34, 0x28, 0x66, 0x61, 0x73, 0x74, 0x3a, // 0 = float4(fast:
	0x3a, 0x6d, 0x69, 0x6e, 0x28, 0x5f, 0x33, 0x30, 0x30, 0x34, 0x2e, 0x78, 0x79, 0x7a, 0x2c, 0x20, // :min(_3004.xyz, 
	0x5f, 0x33, 0x30, 0x30, 0x34, 0x2e, 0x78, 0x79, 0x7a, 0x20, 0x2a, 0x20, 0x28, 0x28, 0x5f, 0x33, // _3004.xyz * ((_3
	0x30, 0x30, 0x34, 0x2e, 0x78, 0x79, 0x7a, 0x20, 0x2a, 0x20, 0x28, 0x28, 0x5f, 0x33, 0x30, 0x30, // 004.xyz * ((_300
	0x34, 0x2e, 0x78, 0x79, 0x7a, 0x20, 0x2a, 0x20, 0x30, 0x2e, 0x33, 0x30, 0x35, 0x33, 0x30, 0x36, // 4.xyz * 0.305306
	0x30, 0x31, 0x37, 0x33, 0x39, 0x38, 0x38, 0x33, 0x34, 0x32, 0x32, 0x38, 0x35, 0x31, 0x35, 0x36, // 0173988342285156
	0x32, 0x35, 0x29, 0x20, 0x2b, 0x20, 0x66, 0x6c, 0x6f, 0x61, 0x74, 0x33, 0x28, 0x30, 0x2e, 0x36, // 25) + float3(0.6
	0x38, 0x32, 0x31, 0x37, 0x31, 0x31, 0x30, 0x36, 0x33, 0x33, 0x38, 0x35, 0x30, 0x30, 0x39, 0x37, // 8217110633850097
	0x36, 0x35, 0x36, 0x32, 0x35, 0x29, 0x29, 0x29, 0x20, 0x2b, 0x20, 0x66, 0x6c, 0x6f, 0x61, 0x74, // 65625))) + float
	0x33, 0x28, 0x30, 0x2e, 0x30, 0x31, 0x32, 0x35, 0x32, 0x32, 0x38, 0x37, 0x38, 0x31, 0x32, 0x35, // 3(0.012522878125
	0x33, 0x30, 0x39, 0x39, 0x34, 0x34, 0x31, 0x35, 0x32, 0x38, 0x33, 0x32, 0x30, 0x33, 0x31, 0x32, // 3099441528320312
	0x35, 0x29, 0x29, 0x29, 0x2c, 0x20, 0x5f, 0x33, 0x30, 0x32, 0x36, 0x2e, 0x77, 0x29, 0x3b, 0x0a, // 5))), _3026.w);.
	0x20, 0x20, 0x20, 0x20, 0x20, 0x20, 0x20, 0x20, 0x62, 0x72, 0x65, 0x61, 0x6b, 0x3b, 0x0a, 0x20, //         break;. 
	0x20, 0x20, 0x20, 0x7d, 0x20, 0x77, 0x68, 0x69, 0x6c, 0x65, 0x28, 0x66, 0x61, 0x6c, 0x73, 0x65, //    } while(false
	0x29, 0x3b, 0x0a, 0x20, 0x20, 0x20, 0x20, 0x6f, 0x75, 0x74, 0x2e, 0x62, 0x67, 0x66, 0x78, 0x5f, // );.    out.bgfx_
	0x46, 0x72, 0x61, 0x67, 0x44, 0x61, 0x74, 0x61, 0x30, 0x20, 0x3d, 0x20, 0x5f, 0x32, 0x38, 0x35, // FragData0 = _285
	0x30, 0x3b, 0x0a, 0x20, 0x20, 0x20, 0x20, 0x72, 0x65, 0x74, 0x75, 0x72, 0x6e, 0x20, 0x6f, 0x75, // 0;.    return ou
	0x74, 0x3b, 0x0a, 0x7d, 0x0a, 0x0a, 0x00, 0x00, 0xd0, 0x01,                                     // t;.}......
};
