static const uint8_t ad_model_distortion_vs_essl[6453] =
{
	0x56, 0x53, 0x48, 0x0c, 0x00, 0x00, 0x00, 0x00, 0x0d, 0x11, 0x5f, 0xc2, 0x00, 0x00, 0x00, 0x00, // VSH......._.....
	0x00, 0x00, 0x00, 0x00, 0x0e, 0x00, 0x14, 0x75, 0x5f, 0x66, 0x6c, 0x69, 0x70, 0x62, 0x6f, 0x6f, // .......u_flipboo
	0x6b, 0x50, 0x61, 0x72, 0x61, 0x6d, 0x65, 0x74, 0x65, 0x72, 0x31, 0x02, 0x01, 0x00, 0x00, 0x01, // kParameter1.....
	0x00, 0x00, 0x00, 0x00, 0x00, 0x14, 0x75, 0x5f, 0x66, 0x6c, 0x69, 0x70, 0x62, 0x6f, 0x6f, 0x6b, // ......u_flipbook
	0x50, 0x61, 0x72, 0x61, 0x6d, 0x65, 0x74, 0x65, 0x72, 0x32, 0x02, 0x01, 0x00, 0x00, 0x01, 0x00, // Parameter2......
	0x00, 0x00, 0x00, 0x00, 0x0d, 0x75, 0x5f, 0x6d, 0x55, 0x56, 0x49, 0x6e, 0x76, 0x65, 0x72, 0x73, // .....u_mUVInvers
	0x65, 0x64, 0x02, 0x01, 0x00, 0x00, 0x01, 0x00, 0x00, 0x00, 0x00, 0x00, 0x0d, 0x75, 0x5f, 0x6d, // ed...........u_m
	0x4d, 0x6f, 0x64, 0x65, 0x6c, 0x5f, 0x49, 0x6e, 0x73, 0x74, 0x04, 0x28, 0x00, 0x00, 0xa0, 0x00, // Model_Inst.(....
	0x00, 0x00, 0x00, 0x00, 0x05, 0x75, 0x5f, 0x66, 0x55, 0x56, 0x02, 0x28, 0x00, 0x00, 0x28, 0x00, // .....u_fUV.(..(.
	0x00, 0x00, 0x00, 0x00, 0x0a, 0x75, 0x5f, 0x66, 0x41, 0x6c, 0x70, 0x68, 0x61, 0x55, 0x56, 0x02, // .....u_fAlphaUV.
	0x28, 0x00, 0x00, 0x28, 0x00, 0x00, 0x00, 0x00, 0x00, 0x11, 0x75, 0x5f, 0x66, 0x55, 0x56, 0x44, // (..(......u_fUVD
	0x69, 0x73, 0x74, 0x6f, 0x72, 0x74, 0x69, 0x6f, 0x6e, 0x55, 0x56, 0x02, 0x28, 0x00, 0x00, 0x28, // istortionUV.(..(
	0x00, 0x00, 0x00, 0x00, 0x00, 0x0a, 0x75, 0x5f, 0x66, 0x42, 0x6c, 0x65, 0x6e, 0x64, 0x55, 0x56, // ......u_fBlendUV
	0x02, 0x28, 0x00, 0x00, 0x28, 0x00, 0x00, 0x00, 0x00, 0x00, 0x0f, 0x75, 0x5f, 0x66, 0x42, 0x6c, // .(..(......u_fBl
	0x65, 0x6e, 0x64, 0x41, 0x6c, 0x70, 0x68, 0x61, 0x55, 0x56, 0x02, 0x28, 0x00, 0x00, 0x28, 0x00, // endAlphaUV.(..(.
	0x00, 0x00, 0x00, 0x00, 0x16, 0x75, 0x5f, 0x66, 0x42, 0x6c, 0x65, 0x6e, 0x64, 0x55, 0x56, 0x44, // .....u_fBlendUVD
	0x69, 0x73, 0x74, 0x6f, 0x72, 0x74, 0x69, 0x6f, 0x6e, 0x55, 0x56, 0x02, 0x28, 0x00, 0x00, 0x28, // istortionUV.(..(
	0x00, 0x00, 0x00, 0x00, 0x00, 0x0d, 0x75, 0x5f, 0x66, 0x4d, 0x6f, 0x64, 0x65, 0x6c, 0x43, 0x6f, // ......u_fModelCo
	0x6c, 0x6f, 0x72, 0x02, 0x28, 0x00, 0x00, 0x28, 0x00, 0x00, 0x00, 0x00, 0x00, 0x1b, 0x75, 0x5f, // lor.(..(......u_
	0x66, 0x46, 0x6c, 0x69, 0x70, 0x62, 0x6f, 0x6f, 0x6b, 0x49, 0x6e, 0x64, 0x65, 0x78, 0x41, 0x6e, // fFlipbookIndexAn
	0x64, 0x4e, 0x65, 0x78, 0x74, 0x52, 0x61, 0x74, 0x65, 0x02, 0x28, 0x00, 0x00, 0x28, 0x00, 0x00, // dNextRate.(..(..
	0x00, 0x00, 0x00, 0x16, 0x75, 0x5f, 0x66, 0x4d, 0x6f, 0x64, 0x65, 0x6c, 0x41, 0x6c, 0x70, 0x68, // ....u_fModelAlph
	0x61, 0x54, 0x68, 0x72, 0x65, 0x73, 0x68, 0x6f, 0x6c, 0x64, 0x02, 0x28, 0x00, 0x00, 0x28, 0x00, // aThreshold.(..(.
	0x00, 0x00, 0x00, 0x00, 0x0d, 0x75, 0x5f, 0x6d, 0x43, 0x61, 0x6d, 0x65, 0x72, 0x61, 0x50, 0x72, // .....u_mCameraPr
	0x6f, 0x6a, 0x04, 0x01, 0x00, 0x00, 0x04, 0x00, 0x00, 0x00, 0x00, 0x00, 0xa4, 0x17, 0x00, 0x00, // oj..............
	0x0a, 0x76, 0x65, 0x63, 0x34, 0x20, 0x5f, 0x31, 0x37, 0x37, 0x39, 0x3b, 0x0a, 0x0a, 0x75, 0x6e, // .vec4 _1779;..un
	0x69, 0x66, 0x6f, 0x72, 0x6d, 0x20, 0x76, 0x65, 0x63, 0x34, 0x20, 0x75, 0x5f, 0x66, 0x6c, 0x69, // iform vec4 u_fli
	0x70, 0x62, 0x6f, 0x6f, 0x6b, 0x50, 0x61, 0x72, 0x61, 0x6d, 0x65, 0x74, 0x65, 0x72, 0x31, 0x3b, // pbookParameter1;
	0x0a, 0x75, 0x6e, 0x69, 0x66, 0x6f, 0x72, 0x6d, 0x20, 0x76, 0x65, 0x63, 0x34, 0x20, 0x75, 0x5f, // .uniform vec4 u_
	0x66, 0x6c, 0x69, 0x70, 0x62, 0x6f, 0x6f, 0x6b, 0x50, 0x61, 0x72, 0x61, 0x6d, 0x65, 0x74, 0x65, // flipbookParamete
	0x72, 0x32, 0x3b, 0x0a, 0x75, 0x6e, 0x69, 0x66, 0x6f, 0x72, 0x6d, 0x20, 0x76, 0x65, 0x63, 0x34, // r2;.uniform vec4
	0x20, 0x75, 0x5f, 0x6d, 0x55, 0x56, 0x49, 0x6e, 0x76, 0x65, 0x72, 0x73, 0x65, 0x64, 0x3b, 0x0a, //  u_mUVInversed;.
	0x75, 0x6e, 0x69, 0x66, 0x6f, 0x72, 0x6d, 0x20, 0x6d, 0x61, 0x74, 0x34, 0x20, 0x75, 0x5f, 0x6d, // uniform mat4 u_m
	0x4d, 0x6f, 0x64, 0x65, 0x6c, 0x5f, 0x49, 0x6e, 0x73, 0x74, 0x5b, 0x34, 0x30, 0x5d, 0x3b, 0x0a, // Model_Inst[40];.
	0x75, 0x6e, 0x69, 0x66, 0x6f, 0x72, 0x6d, 0x20, 0x76, 0x65, 0x63, 0x34, 0x20, 0x75, 0x5f, 0x66, // uniform vec4 u_f
	0x55, 0x56, 0x5b, 0x34, 0x30, 0x5d, 0x3b, 0x0a, 0x75, 0x6e, 0x69, 0x66, 0x6f, 0x72, 0x6d, 0x20, // UV[40];.uniform 
	0x76, 0x65, 0x63, 0x34, 0x20, 0x75, 0x5f, 0x66, 0x41, 0x6c, 0x70, 0x68, 0x61, 0x55, 0x56, 0x5b, // vec4 u_fAlphaUV[
	0x34, 0x30, 0x5d, 0x3b, 0x0a, 0x75, 0x6e, 0x69, 0x66, 0x6f, 0x72, 0x6d, 0x20, 0x76, 0x65, 0x63, // 40];.uniform vec
	0x34, 0x20, 0x75, 0x5f, 0x66, 0x55, 0x56, 0x44, 0x69, 0x73, 0x74, 0x6f, 0x72, 0x74, 0x69, 0x6f, // 4 u_fUVDistortio
	0x6e, 0x55, 0x56, 0x5b, 0x34, 0x30, 0x5d, 0x3b, 0x0a, 0x75, 0x6e, 0x69, 0x66, 0x6f, 0x72, 0x6d, // nUV[40];.uniform
	0x20, 0x76, 0x65, 0x63, 0x34, 0x20, 0x75, 0x5f, 0x66, 0x42, 0x6c, 0x65, 0x6e, 0x64, 0x55, 0x56, //  vec4 u_fBlendUV
	0x5b, 0x34, 0x30, 0x5d, 0x3b, 0x0a, 0x75, 0x6e, 0x69, 0x66, 0x6f, 0x72, 0x6d, 0x20, 0x76, 0x65, // [40];.uniform ve
	0x63, 0x34, 0x20, 0x75, 0x5f, 0x66, 0x42, 0x6c, 0x65, 0x6e, 0x64, 0x41, 0x6c, 0x70, 0x68, 0x61, // c4 u_fBlendAlpha
	0x55, 0x56, 0x5b, 0x34, 0x30, 0x5d, 0x3b, 0x0a, 0x75, 0x6e, 0x69, 0x66, 0x6f, 0x72, 0x6d, 0x20, // UV[40];.uniform 
	0x76, 0x65, 0x63, 0x34, 0x20, 0x75, 0x5f, 0x66, 0x42, 0x6c, 0x65, 0x6e, 0x64, 0x55, 0x56, 0x44, // vec4 u_fBlendUVD
	0x69, 0x73, 0x74, 0x6f, 0x72, 0x74, 0x69, 0x6f, 0x6e, 0x55, 0x56, 0x5b, 0x34, 0x30, 0x5d, 0x3b, // istortionUV[40];
	0x0a, 0x75, 0x6e, 0x69, 0x66, 0x6f, 0x72, 0x6d, 0x20, 0x76, 0x65, 0x63, 0x34, 0x20, 0x75, 0x5f, // .uniform vec4 u_
	0x66, 0x4d, 0x6f, 0x64, 0x65, 0x6c, 0x43, 0x6f, 0x6c, 0x6f, 0x72, 0x5b, 0x34, 0x30, 0x5d, 0x3b, // fModelColor[40];
	0x0a, 0x75, 0x6e, 0x69, 0x66, 0x6f, 0x72, 0x6d, 0x20, 0x76, 0x65, 0x63, 0x34, 0x20, 0x75, 0x5f, // .uniform vec4 u_
	0x66, 0x46, 0x6c, 0x69, 0x70, 0x62, 0x6f, 0x6f, 0x6b, 0x49, 0x6e, 0x64, 0x65, 0x78, 0x41, 0x6e, // fFlipbookIndexAn
	0x64, 0x4e, 0x65, 0x78, 0x74, 0x52, 0x61, 0x74, 0x65, 0x5b, 0x34, 0x30, 0x5d, 0x3b, 0x0a, 0x75, // dNextRate[40];.u
	0x6e, 0x69, 0x66, 0x6f, 0x72, 0x6d, 0x20, 0x76, 0x65, 0x63, 0x34, 0x20, 0x75, 0x5f, 0x66, 0x4d, // niform vec4 u_fM
	0x6f, 0x64, 0x65, 0x6c, 0x41, 0x6c, 0x70, 0x68, 0x61, 0x54, 0x68, 0x72, 0x65, 0x73, 0x68, 0x6f, // odelAlphaThresho
	0x6c, 0x64, 0x5b, 0x34, 0x30, 0x5d, 0x3b, 0x0a, 0x75, 0x6e, 0x69, 0x66, 0x6f, 0x72, 0x6d, 0x20, // ld[40];.uniform 
	0x6d, 0x61, 0x74, 0x34, 0x20, 0x75, 0x5f, 0x6d, 0x43, 0x61, 0x6d, 0x65, 0x72, 0x61, 0x50, 0x72, // mat4 u_mCameraPr
	0x6f, 0x6a, 0x3b, 0x0a, 0x0a, 0x6c, 0x61, 0x79, 0x6f, 0x75, 0x74, 0x28, 0x6c, 0x6f, 0x63, 0x61, // oj;..layout(loca
	0x74, 0x69, 0x6f, 0x6e, 0x20, 0x3d, 0x20, 0x33, 0x29, 0x20, 0x69, 0x6e, 0x20, 0x76, 0x65, 0x63, // tion = 3) in vec
	0x33, 0x20, 0x61, 0x5f, 0x70, 0x6f, 0x73, 0x69, 0x74, 0x69, 0x6f, 0x6e, 0x3b, 0x0a, 0x6c, 0x61, // 3 a_position;.la
	0x79, 0x6f, 0x75, 0x74, 0x28, 0x6c, 0x6f, 0x63, 0x61, 0x74, 0x69, 0x6f, 0x6e, 0x20, 0x3d, 0x20, // yout(location = 
	0x30, 0x29, 0x20, 0x69, 0x6e, 0x20, 0x76, 0x65, 0x63, 0x33, 0x20, 0x61, 0x5f, 0x62, 0x69, 0x74, // 0) in vec3 a_bit
	0x61, 0x6e, 0x67, 0x65, 0x6e, 0x74, 0x3b, 0x0a, 0x6c, 0x61, 0x79, 0x6f, 0x75, 0x74, 0x28, 0x6c, // angent;.layout(l
	0x6f, 0x63, 0x61, 0x74, 0x69, 0x6f, 0x6e, 0x20, 0x3d, 0x20, 0x34, 0x29, 0x20, 0x69, 0x6e, 0x20, // ocation = 4) in 
	0x76, 0x65, 0x63, 0x33, 0x20, 0x61, 0x5f, 0x74, 0x61, 0x6e, 0x67, 0x65, 0x6e, 0x74, 0x3b, 0x0a, // vec3 a_tangent;.
	0x6c, 0x61, 0x79, 0x6f, 0x75, 0x74, 0x28, 0x6c, 0x6f, 0x63, 0x61, 0x74, 0x69, 0x6f, 0x6e, 0x20, // layout(location 
	0x3d, 0x20, 0x35, 0x29, 0x20, 0x69, 0x6e, 0x20, 0x76, 0x65, 0x63, 0x32, 0x20, 0x61, 0x5f, 0x74, // = 5) in vec2 a_t
	0x65, 0x78, 0x63, 0x6f, 0x6f, 0x72, 0x64, 0x30, 0x3b, 0x0a, 0x6c, 0x61, 0x79, 0x6f, 0x75, 0x74, // excoord0;.layout
	0x28, 0x6c, 0x6f, 0x63, 0x61, 0x74, 0x69, 0x6f, 0x6e, 0x20, 0x3d, 0x20, 0x31, 0x29, 0x20, 0x69, // (location = 1) i
	0x6e, 0x20, 0x76, 0x65, 0x63, 0x34, 0x20, 0x61, 0x5f, 0x63, 0x6f, 0x6c, 0x6f, 0x72, 0x30, 0x3b, // n vec4 a_color0;
	0x0a, 0x6f, 0x75, 0x74, 0x20, 0x76, 0x65, 0x63, 0x34, 0x20, 0x76, 0x5f, 0x55, 0x56, 0x5f, 0x4f, // .out vec4 v_UV_O
	0x74, 0x68, 0x65, 0x72, 0x73, 0x3b, 0x0a, 0x6f, 0x75, 0x74, 0x20, 0x76, 0x65, 0x63, 0x34, 0x20, // thers;.out vec4 
	0x76, 0x5f, 0x50, 0x72, 0x6f, 0x6a, 0x42, 0x69, 0x6e, 0x6f, 0x72, 0x6d, 0x61, 0x6c, 0x3b, 0x0a, // v_ProjBinormal;.
	0x6f, 0x75, 0x74, 0x20, 0x76, 0x65, 0x63, 0x34, 0x20, 0x76, 0x5f, 0x50, 0x72, 0x6f, 0x6a, 0x54, // out vec4 v_ProjT
	0x61, 0x6e, 0x67, 0x65, 0x6e, 0x74, 0x3b, 0x0a, 0x6f, 0x75, 0x74, 0x20, 0x76, 0x65, 0x63, 0x34, // angent;.out vec4
	0x20, 0x76, 0x5f, 0x50, 0x6f, 0x73, 0x50, 0x3b, 0x0a, 0x6f, 0x75, 0x74, 0x20, 0x76, 0x65, 0x63, //  v_PosP;.out vec
	0x34, 0x20, 0x76, 0x5f, 0x43, 0x6f, 0x6c, 0x6f, 0x72, 0x3b, 0x0a, 0x6f, 0x75, 0x74, 0x20, 0x76, // 4 v_Color;.out v
	0x65, 0x63, 0x34, 0x20, 0x76, 0x5f, 0x41, 0x6c, 0x70, 0x68, 0x61, 0x5f, 0x44, 0x69, 0x73, 0x74, // ec4 v_Alpha_Dist
	0x5f, 0x55, 0x56, 0x3b, 0x0a, 0x6f, 0x75, 0x74, 0x20, 0x76, 0x65, 0x63, 0x34, 0x20, 0x76, 0x5f, // _UV;.out vec4 v_
	0x42, 0x6c, 0x65, 0x6e, 0x64, 0x5f, 0x41, 0x6c, 0x70, 0x68, 0x61, 0x5f, 0x44, 0x69, 0x73, 0x74, // Blend_Alpha_Dist
	0x5f, 0x55, 0x56, 0x3b, 0x0a, 0x6f, 0x75, 0x74, 0x20, 0x76, 0x65, 0x63, 0x34, 0x20, 0x76, 0x5f, // _UV;.out vec4 v_
	0x42, 0x6c, 0x65, 0x6e, 0x64, 0x5f, 0x46, 0x42, 0x4e, 0x65, 0x78, 0x74, 0x49, 0x6e, 0x64, 0x65, // Blend_FBNextInde
	0x78, 0x5f, 0x55, 0x56, 0x3b, 0x0a, 0x0a, 0x76, 0x6f, 0x69, 0x64, 0x20, 0x6d, 0x61, 0x69, 0x6e, // x_UV;..void main
	0x28, 0x29, 0x0a, 0x7b, 0x0a, 0x20, 0x20, 0x20, 0x20, 0x76, 0x65, 0x63, 0x34, 0x20, 0x5f, 0x39, // ().{.    vec4 _9
	0x30, 0x30, 0x20, 0x3d, 0x20, 0x75, 0x5f, 0x6d, 0x4d, 0x6f, 0x64, 0x65, 0x6c, 0x5f, 0x49, 0x6e, // 00 = u_mModel_In
	0x73, 0x74, 0x5b, 0x67, 0x6c, 0x5f, 0x49, 0x6e, 0x73, 0x74, 0x61, 0x6e, 0x63, 0x65, 0x49, 0x44, // st[gl_InstanceID
	0x5d, 0x20, 0x2a, 0x20, 0x76, 0x65, 0x63, 0x34, 0x28, 0x61, 0x5f, 0x70, 0x6f, 0x73, 0x69, 0x74, // ] * vec4(a_posit
	0x69, 0x6f, 0x6e, 0x2c, 0x20, 0x31, 0x2e, 0x30, 0x29, 0x3b, 0x0a, 0x20, 0x20, 0x20, 0x20, 0x76, // ion, 1.0);.    v
	0x65, 0x63, 0x34, 0x20, 0x5f, 0x39, 0x30, 0x33, 0x20, 0x3d, 0x20, 0x75, 0x5f, 0x6d, 0x43, 0x61, // ec4 _903 = u_mCa
	0x6d, 0x65, 0x72, 0x61, 0x50, 0x72, 0x6f, 0x6a, 0x20, 0x2a, 0x20, 0x5f, 0x39, 0x30, 0x30, 0x3b, // meraProj * _900;
	0x0a, 0x20, 0x20, 0x20, 0x20, 0x66, 0x6c, 0x6f, 0x61, 0x74, 0x20, 0x5f, 0x39, 0x31, 0x34, 0x20, // .    float _914 
	0x3d, 0x20, 0x28, 0x61, 0x5f, 0x74, 0x65, 0x78, 0x63, 0x6f, 0x6f, 0x72, 0x64, 0x30, 0x2e, 0x78, // = (a_texcoord0.x
	0x20, 0x2a, 0x20, 0x75, 0x5f, 0x66, 0x55, 0x56, 0x5b, 0x67, 0x6c, 0x5f, 0x49, 0x6e, 0x73, 0x74, //  * u_fUV[gl_Inst
	0x61, 0x6e, 0x63, 0x65, 0x49, 0x44, 0x5d, 0x2e, 0x7a, 0x29, 0x20, 0x2b, 0x20, 0x75, 0x5f, 0x66, // anceID].z) + u_f
	0x55, 0x56, 0x5b, 0x67, 0x6c, 0x5f, 0x49, 0x6e, 0x73, 0x74, 0x61, 0x6e, 0x63, 0x65, 0x49, 0x44, // UV[gl_InstanceID
	0x5d, 0x2e, 0x78, 0x3b, 0x0a, 0x20, 0x20, 0x20, 0x20, 0x66, 0x6c, 0x6f, 0x61, 0x74, 0x20, 0x5f, // ].x;.    float _
	0x39, 0x33, 0x32, 0x20, 0x3d, 0x20, 0x75, 0x5f, 0x6d, 0x55, 0x56, 0x49, 0x6e, 0x76, 0x65, 0x72, // 932 = u_mUVInver
	0x73, 0x65, 0x64, 0x2e, 0x78, 0x20, 0x2b, 0x20, 0x28, 0x75, 0x5f, 0x6d, 0x55, 0x56, 0x49, 0x6e, // sed.x + (u_mUVIn
	0x76, 0x65, 0x72, 0x73, 0x65, 0x64, 0x2e, 0x79, 0x20, 0x2a, 0x20, 0x28, 0x28, 0x61, 0x5f, 0x74, // versed.y * ((a_t
	0x65, 0x78, 0x63, 0x6f, 0x6f, 0x72, 0x64, 0x30, 0x2e, 0x79, 0x20, 0x2a, 0x20, 0x75, 0x5f, 0x66, // excoord0.y * u_f
	0x55, 0x56, 0x5b, 0x67, 0x6c, 0x5f, 0x49, 0x6e, 0x73, 0x74, 0x61, 0x6e, 0x63, 0x65, 0x49, 0x44, // UV[gl_InstanceID
	0x5d, 0x2e, 0x77, 0x29, 0x20, 0x2b, 0x20, 0x75, 0x5f, 0x66, 0x55, 0x56, 0x5b, 0x67, 0x6c, 0x5f, // ].w) + u_fUV[gl_
	0x49, 0x6e, 0x73, 0x74, 0x61, 0x6e, 0x63, 0x65, 0x49, 0x44, 0x5d, 0x2e, 0x79, 0x29, 0x29, 0x3b, // InstanceID].y));
	0x0a, 0x20, 0x20, 0x20, 0x20, 0x76, 0x65, 0x63, 0x34, 0x20, 0x5f, 0x31, 0x36, 0x30, 0x33, 0x3b, // .    vec4 _1603;
	0x0a, 0x20, 0x20, 0x20, 0x20, 0x5f, 0x31, 0x36, 0x30, 0x33, 0x2e, 0x78, 0x20, 0x3d, 0x20, 0x5f, // .    _1603.x = _
	0x39, 0x31, 0x34, 0x3b, 0x0a, 0x20, 0x20, 0x20, 0x20, 0x76, 0x65, 0x63, 0x32, 0x20, 0x5f, 0x39, // 914;.    vec2 _9
	0x39, 0x34, 0x20, 0x3d, 0x20, 0x5f, 0x31, 0x36, 0x30, 0x33, 0x2e, 0x78, 0x79, 0x3b, 0x0a, 0x20, // 94 = _1603.xy;. 
	0x20, 0x20, 0x20, 0x66, 0x6c, 0x6f, 0x61, 0x74, 0x20, 0x5f, 0x31, 0x30, 0x35, 0x35, 0x20, 0x3d, //    float _1055 =
	0x20, 0x28, 0x61, 0x5f, 0x74, 0x65, 0x78, 0x63, 0x6f, 0x6f, 0x72, 0x64, 0x30, 0x2e, 0x79, 0x20, //  (a_texcoord0.y 
	0x2a, 0x20, 0x75, 0x5f, 0x66, 0x41, 0x6c, 0x70, 0x68, 0x61, 0x55, 0x56, 0x5b, 0x67, 0x6c, 0x5f, // * u_fAlphaUV[gl_
	0x49, 0x6e, 0x73, 0x74, 0x61, 0x6e, 0x63, 0x65, 0x49, 0x44, 0x5d, 0x2e, 0x77, 0x29, 0x20, 0x2b, // InstanceID].w) +
	0x20, 0x75, 0x5f, 0x66, 0x41, 0x6c, 0x70, 0x68, 0x61, 0x55, 0x56, 0x5b, 0x67, 0x6c, 0x5f, 0x49, //  u_fAlphaUV[gl_I
	0x6e, 0x73, 0x74, 0x61, 0x6e, 0x63, 0x65, 0x49, 0x44, 0x5d, 0x2e, 0x79, 0x3b, 0x0a, 0x20, 0x20, // nstanceID].y;.  
	0x20, 0x20, 0x66, 0x6c, 0x6f, 0x61, 0x74, 0x20, 0x5f, 0x31, 0x30, 0x37, 0x33, 0x20, 0x3d, 0x20, //   float _1073 = 
	0x28, 0x61, 0x5f, 0x74, 0x65, 0x78, 0x63, 0x6f, 0x6f, 0x72, 0x64, 0x30, 0x2e, 0x79, 0x20, 0x2a, // (a_texcoord0.y *
	0x20, 0x75, 0x5f, 0x66, 0x55, 0x56, 0x44, 0x69, 0x73, 0x74, 0x6f, 0x72, 0x74, 0x69, 0x6f, 0x6e, //  u_fUVDistortion
	0x55, 0x56, 0x5b, 0x67, 0x6c, 0x5f, 0x49, 0x6e, 0x73, 0x74, 0x61, 0x6e, 0x63, 0x65, 0x49, 0x44, // UV[gl_InstanceID
	0x5d, 0x2e, 0x77, 0x29, 0x20, 0x2b, 0x20, 0x75, 0x5f, 0x66, 0x55, 0x56, 0x44, 0x69, 0x73, 0x74, // ].w) + u_fUVDist
	0x6f, 0x72, 0x74, 0x69, 0x6f, 0x6e, 0x55, 0x56, 0x5b, 0x67, 0x6c, 0x5f, 0x49, 0x6e, 0x73, 0x74, // ortionUV[gl_Inst
	0x61, 0x6e, 0x63, 0x65, 0x49, 0x44, 0x5d, 0x2e, 0x79, 0x3b, 0x0a, 0x20, 0x20, 0x20, 0x20, 0x76, // anceID].y;.    v
	0x65, 0x63, 0x34, 0x20, 0x5f, 0x31, 0x37, 0x37, 0x33, 0x20, 0x3d, 0x20, 0x76, 0x65, 0x63, 0x34, // ec4 _1773 = vec4
	0x28, 0x28, 0x61, 0x5f, 0x74, 0x65, 0x78, 0x63, 0x6f, 0x6f, 0x72, 0x64, 0x30, 0x2e, 0x78, 0x20, // ((a_texcoord0.x 
	0x2a, 0x20, 0x75, 0x5f, 0x66, 0x41, 0x6c, 0x70, 0x68, 0x61, 0x55, 0x56, 0x5b, 0x67, 0x6c, 0x5f, // * u_fAlphaUV[gl_
	0x49, 0x6e, 0x73, 0x74, 0x61, 0x6e, 0x63, 0x65, 0x49, 0x44, 0x5d, 0x2e, 0x7a, 0x29, 0x20, 0x2b, // InstanceID].z) +
	0x20, 0x75, 0x5f, 0x66, 0x41, 0x6c, 0x70, 0x68, 0x61, 0x55, 0x56, 0x5b, 0x67, 0x6c, 0x5f, 0x49, //  u_fAlphaUV[gl_I
	0x6e, 0x73, 0x74, 0x61, 0x6e, 0x63, 0x65, 0x49, 0x44, 0x5d, 0x2e, 0x78, 0x2c, 0x20, 0x5f, 0x31, // nstanceID].x, _1
	0x30, 0x35, 0x35, 0x2c, 0x20, 0x28, 0x61, 0x5f, 0x74, 0x65, 0x78, 0x63, 0x6f, 0x6f, 0x72, 0x64, // 055, (a_texcoord
	0x30, 0x2e, 0x78, 0x20, 0x2a, 0x20, 0x75, 0x5f, 0x66, 0x55, 0x56, 0x44, 0x69, 0x73, 0x74, 0x6f, // 0.x * u_fUVDisto
	0x72, 0x74, 0x69, 0x6f, 0x6e, 0x55, 0x56, 0x5b, 0x67, 0x6c, 0x5f, 0x49, 0x6e, 0x73, 0x74, 0x61, // rtionUV[gl_Insta
	0x6e, 0x63, 0x65, 0x49, 0x44, 0x5d, 0x2e, 0x7a, 0x29, 0x20, 0x2b, 0x20, 0x75, 0x5f, 0x66, 0x55, // nceID].z) + u_fU
	0x56, 0x44, 0x69, 0x73, 0x74, 0x6f, 0x72, 0x74, 0x69, 0x6f, 0x6e, 0x55, 0x56, 0x5b, 0x67, 0x6c, // VDistortionUV[gl
	0x5f, 0x49, 0x6e, 0x73, 0x74, 0x61, 0x6e, 0x63, 0x65, 0x49, 0x44, 0x5d, 0x2e, 0x78, 0x2c, 0x20, // _InstanceID].x, 
	0x5f, 0x31, 0x30, 0x37, 0x33, 0x29, 0x3b, 0x0a, 0x20, 0x20, 0x20, 0x20, 0x66, 0x6c, 0x6f, 0x61, // _1073);.    floa
	0x74, 0x20, 0x5f, 0x31, 0x30, 0x39, 0x31, 0x20, 0x3d, 0x20, 0x28, 0x61, 0x5f, 0x74, 0x65, 0x78, // t _1091 = (a_tex
	0x63, 0x6f, 0x6f, 0x72, 0x64, 0x30, 0x2e, 0x79, 0x20, 0x2a, 0x20, 0x75, 0x5f, 0x66, 0x42, 0x6c, // coord0.y * u_fBl
	0x65, 0x6e, 0x64, 0x55, 0x56, 0x5b, 0x67, 0x6c, 0x5f, 0x49, 0x6e, 0x73, 0x74, 0x61, 0x6e, 0x63, // endUV[gl_Instanc
	0x65, 0x49, 0x44, 0x5d, 0x2e, 0x77, 0x29, 0x20, 0x2b, 0x20, 0x75, 0x5f, 0x66, 0x42, 0x6c, 0x65, // eID].w) + u_fBle
	0x6e, 0x64, 0x55, 0x56, 0x5b, 0x67, 0x6c, 0x5f, 0x49, 0x6e, 0x73, 0x74, 0x61, 0x6e, 0x63, 0x65, // ndUV[gl_Instance
	0x49, 0x44, 0x5d, 0x2e, 0x79, 0x3b, 0x0a, 0x20, 0x20, 0x20, 0x20, 0x66, 0x6c, 0x6f, 0x61, 0x74, // ID].y;.    float
	0x20, 0x5f, 0x31, 0x31, 0x30, 0x39, 0x20, 0x3d, 0x20, 0x28, 0x61, 0x5f, 0x74, 0x65, 0x78, 0x63, //  _1109 = (a_texc
	0x6f, 0x6f, 0x72, 0x64, 0x30, 0x2e, 0x79, 0x20, 0x2a, 0x20, 0x75, 0x5f, 0x66, 0x42, 0x6c, 0x65, // oord0.y * u_fBle
	0x6e, 0x64, 0x41, 0x6c, 0x70, 0x68, 0x61, 0x55, 0x56, 0x5b, 0x67, 0x6c, 0x5f, 0x49, 0x6e, 0x73, // ndAlphaUV[gl_Ins
	0x74, 0x61, 0x6e, 0x63, 0x65, 0x49, 0x44, 0x5d, 0x2e, 0x77, 0x29, 0x20, 0x2b, 0x20, 0x75, 0x5f, // tanceID].w) + u_
	0x66, 0x42, 0x6c, 0x65, 0x6e, 0x64, 0x41, 0x6c, 0x70, 0x68, 0x61, 0x55, 0x56, 0x5b, 0x67, 0x6c, // fBlendAlphaUV[gl
	0x5f, 0x49, 0x6e, 0x73, 0x74, 0x61, 0x6e, 0x63, 0x65, 0x49, 0x44, 0x5d, 0x2e, 0x79, 0x3b, 0x0a, // _InstanceID].y;.
	0x20, 0x20, 0x20, 0x20, 0x66, 0x6c, 0x6f, 0x61, 0x74, 0x20, 0x5f, 0x31, 0x31, 0x32, 0x37, 0x20, //     float _1127 
	0x3d, 0x20, 0x28, 0x61, 0x5f, 0x74, 0x65, 0x78, 0x63, 0x6f, 0x6f, 0x72, 0x64, 0x30, 0x2e, 0x79, // = (a_texcoord0.y
	0x20, 0x2a, 0x20, 0x75, 0x5f, 0x66, 0x42, 0x6c, 0x65, 0x6e, 0x64, 0x55, 0x56, 0x44, 0x69, 0x73, //  * u_fBlendUVDis
	0x74, 0x6f, 0x72, 0x74, 0x69, 0x6f, 0x6e, 0x55, 0x56, 0x5b, 0x67, 0x6c, 0x5f, 0x49, 0x6e, 0x73, // tortionUV[gl_Ins
	0x74, 0x61, 0x6e, 0x63, 0x65, 0x49, 0x44, 0x5d, 0x2e, 0x77, 0x29, 0x20, 0x2b, 0x20, 0x75, 0x5f, // tanceID].w) + u_
	0x66, 0x42, 0x6c, 0x65, 0x6e, 0x64, 0x55, 0x56, 0x44, 0x69, 0x73, 0x74, 0x6f, 0x72, 0x74, 0x69, // fBlendUVDistorti
	0x6f, 0x6e, 0x55, 0x56, 0x5b, 0x67, 0x6c, 0x5f, 0x49, 0x6e, 0x73, 0x74, 0x61, 0x6e, 0x63, 0x65, // onUV[gl_Instance
	0x49, 0x44, 0x5d, 0x2e, 0x79, 0x3b, 0x0a, 0x20, 0x20, 0x20, 0x20, 0x76, 0x65, 0x63, 0x34, 0x20, // ID].y;.    vec4 
	0x5f, 0x31, 0x37, 0x37, 0x34, 0x20, 0x3d, 0x20, 0x76, 0x65, 0x63, 0x34, 0x28, 0x28, 0x61, 0x5f, // _1774 = vec4((a_
	0x74, 0x65, 0x78, 0x63, 0x6f, 0x6f, 0x72, 0x64, 0x30, 0x2e, 0x78, 0x20, 0x2a, 0x20, 0x75, 0x5f, // texcoord0.x * u_
	0x66, 0x42, 0x6c, 0x65, 0x6e, 0x64, 0x41, 0x6c, 0x70, 0x68, 0x61, 0x55, 0x56, 0x5b, 0x67, 0x6c, // fBlendAlphaUV[gl
	0x5f, 0x49, 0x6e, 0x73, 0x74, 0x61, 0x6e, 0x63, 0x65, 0x49, 0x44, 0x5d, 0x2e, 0x7a, 0x29, 0x20, // _InstanceID].z) 
	0x2b, 0x20, 0x75, 0x5f, 0x66, 0x42, 0x6c, 0x65, 0x6e, 0x64, 0x41, 0x6c, 0x70, 0x68, 0x61, 0x55, // + u_fBlendAlphaU
	0x56, 0x5b, 0x67, 0x6c, 0x5f, 0x49, 0x6e, 0x73, 0x74, 0x61, 0x6e, 0x63, 0x65, 0x49, 0x44, 0x5d, // V[gl_InstanceID]
	0x2e, 0x78, 0x2c, 0x20, 0x5f, 0x31, 0x31, 0x30, 0x39, 0x2c, 0x20, 0x28, 0x61, 0x5f, 0x74, 0x65, // .x, _1109, (a_te
	0x78, 0x63, 0x6f, 0x6f, 0x72, 0x64, 0x30, 0x2e, 0x78, 0x20, 0x2a, 0x20, 0x75, 0x5f, 0x66, 0x42, // xcoord0.x * u_fB
	0x6c, 0x65, 0x6e, 0x64, 0x55, 0x56, 0x44, 0x69, 0x73, 0x74, 0x6f, 0x72, 0x74, 0x69, 0x6f, 0x6e, // lendUVDistortion
	0x55, 0x56, 0x5b, 0x67, 0x6c, 0x5f, 0x49, 0x6e, 0x73, 0x74, 0x61, 0x6e, 0x63, 0x65, 0x49, 0x44, // UV[gl_InstanceID
	0x5d, 0x2e, 0x7a, 0x29, 0x20, 0x2b, 0x20, 0x75, 0x5f, 0x66, 0x42, 0x6c, 0x65, 0x6e, 0x64, 0x55, // ].z) + u_fBlendU
	0x56, 0x44, 0x69, 0x73, 0x74, 0x6f, 0x72, 0x74, 0x69, 0x6f, 0x6e, 0x55, 0x56, 0x5b, 0x67, 0x6c, // VDistortionUV[gl
	0x5f, 0x49, 0x6e, 0x73, 0x74, 0x61, 0x6e, 0x63, 0x65, 0x49, 0x44, 0x5d, 0x2e, 0x78, 0x2c, 0x20, // _InstanceID].x, 
	0x5f, 0x31, 0x31, 0x32, 0x37, 0x29, 0x3b, 0x0a, 0x20, 0x20, 0x20, 0x20, 0x66, 0x6c, 0x6f, 0x61, // _1127);.    floa
	0x74, 0x20, 0x5f, 0x31, 0x37, 0x33, 0x35, 0x3b, 0x0a, 0x20, 0x20, 0x20, 0x20, 0x76, 0x65, 0x63, // t _1735;.    vec
	0x32, 0x20, 0x5f, 0x31, 0x37, 0x34, 0x32, 0x3b, 0x0a, 0x20, 0x20, 0x20, 0x20, 0x69, 0x66, 0x20, // 2 _1742;.    if 
	0x28, 0x75, 0x5f, 0x66, 0x6c, 0x69, 0x70, 0x62, 0x6f, 0x6f, 0x6b, 0x50, 0x61, 0x72, 0x61, 0x6d, // (u_flipbookParam
	0x65, 0x74, 0x65, 0x72, 0x31, 0x2e, 0x78, 0x20, 0x3e, 0x20, 0x30, 0x2e, 0x30, 0x29, 0x0a, 0x20, // eter1.x > 0.0). 
	0x20, 0x20, 0x20, 0x7b, 0x0a, 0x20, 0x20, 0x20, 0x20, 0x20, 0x20, 0x20, 0x20, 0x66, 0x6c, 0x6f, //    {.        flo
	0x61, 0x74, 0x20, 0x5f, 0x31, 0x32, 0x36, 0x35, 0x20, 0x3d, 0x20, 0x66, 0x6c, 0x6f, 0x6f, 0x72, // at _1265 = floor
	0x28, 0x75, 0x5f, 0x66, 0x46, 0x6c, 0x69, 0x70, 0x62, 0x6f, 0x6f, 0x6b, 0x49, 0x6e, 0x64, 0x65, // (u_fFlipbookInde
	0x78, 0x41, 0x6e, 0x64, 0x4e, 0x65, 0x78, 0x74, 0x52, 0x61, 0x74, 0x65, 0x5b, 0x67, 0x6c, 0x5f, // xAndNextRate[gl_
	0x49, 0x6e, 0x73, 0x74, 0x61, 0x6e, 0x63, 0x65, 0x49, 0x44, 0x5d, 0x2e, 0x78, 0x29, 0x3b, 0x0a, // InstanceID].x);.
	0x20, 0x20, 0x20, 0x20, 0x20, 0x20, 0x20, 0x20, 0x66, 0x6c, 0x6f, 0x61, 0x74, 0x20, 0x5f, 0x31, //         float _1
	0x32, 0x36, 0x38, 0x20, 0x3d, 0x20, 0x5f, 0x31, 0x32, 0x36, 0x35, 0x20, 0x2b, 0x20, 0x31, 0x2e, // 268 = _1265 + 1.
	0x30, 0x3b, 0x0a, 0x20, 0x20, 0x20, 0x20, 0x20, 0x20, 0x20, 0x20, 0x66, 0x6c, 0x6f, 0x61, 0x74, // 0;.        float
	0x20, 0x5f, 0x31, 0x32, 0x37, 0x31, 0x20, 0x3d, 0x20, 0x75, 0x5f, 0x66, 0x6c, 0x69, 0x70, 0x62, //  _1271 = u_flipb
	0x6f, 0x6f, 0x6b, 0x50, 0x61, 0x72, 0x61, 0x6d, 0x65, 0x74, 0x65, 0x72, 0x31, 0x2e, 0x7a, 0x20, // ookParameter1.z 
	0x2a, 0x20, 0x75, 0x5f, 0x66, 0x6c, 0x69, 0x70, 0x62, 0x6f, 0x6f, 0x6b, 0x50, 0x61, 0x72, 0x61, // * u_flipbookPara
	0x6d, 0x65, 0x74, 0x65, 0x72, 0x31, 0x2e, 0x77, 0x3b, 0x0a, 0x20, 0x20, 0x20, 0x20, 0x20, 0x20, // meter1.w;.      
	0x20, 0x20, 0x66, 0x6c, 0x6f, 0x61, 0x74, 0x20, 0x5f, 0x31, 0x37, 0x31, 0x31, 0x3b, 0x0a, 0x20, //   float _1711;. 
	0x20, 0x20, 0x20, 0x20, 0x20, 0x20, 0x20, 0x66, 0x6c, 0x6f, 0x61, 0x74, 0x20, 0x5f, 0x31, 0x37, //        float _17
	0x32, 0x34, 0x3b, 0x0a, 0x20, 0x20, 0x20, 0x20, 0x20, 0x20, 0x20, 0x20, 0x69, 0x66, 0x20, 0x28, // 24;.        if (
	0x75, 0x5f, 0x66, 0x6c, 0x69, 0x70, 0x62, 0x6f, 0x6f, 0x6b, 0x50, 0x61, 0x72, 0x61, 0x6d, 0x65, // u_flipbookParame
	0x74, 0x65, 0x72, 0x31, 0x2e, 0x79, 0x20, 0x3d, 0x3d, 0x20, 0x30, 0x2e, 0x30, 0x29, 0x0a, 0x20, // ter1.y == 0.0). 
	0x20, 0x20, 0x20, 0x20, 0x20, 0x20, 0x20, 0x7b, 0x0a, 0x20, 0x20, 0x20, 0x20, 0x20, 0x20, 0x20, //        {.       
	0x20, 0x20, 0x20, 0x20, 0x20, 0x66, 0x6c, 0x6f, 0x61, 0x74, 0x20, 0x5f, 0x31, 0x37, 0x31, 0x32, //      float _1712
	0x3b, 0x0a, 0x20, 0x20, 0x20, 0x20, 0x20, 0x20, 0x20, 0x20, 0x20, 0x20, 0x20, 0x20, 0x66, 0x6c, // ;.            fl
	0x6f, 0x61, 0x74, 0x20, 0x5f, 0x31, 0x37, 0x32, 0x35, 0x3b, 0x0a, 0x20, 0x20, 0x20, 0x20, 0x20, // oat _1725;.     
	0x20, 0x20, 0x20, 0x20, 0x20, 0x20, 0x20, 0x69, 0x66, 0x20, 0x28, 0x5f, 0x31, 0x32, 0x36, 0x38, //        if (_1268
	0x20, 0x3e, 0x3d, 0x20, 0x5f, 0x31, 0x32, 0x37, 0x31, 0x29, 0x0a, 0x20, 0x20, 0x20, 0x20, 0x20, //  >= _1271).     
	0x20, 0x20, 0x20, 0x20, 0x20, 0x20, 0x20, 0x7b, 0x0a, 0x20, 0x20, 0x20, 0x20, 0x20, 0x20, 0x20, //        {.       
	0x20, 0x20, 0x20, 0x20, 0x20, 0x20, 0x20, 0x20, 0x20, 0x66, 0x6c, 0x6f, 0x61, 0x74, 0x20, 0x5f, //          float _
	0x31, 0x32, 0x38, 0x30, 0x20, 0x3d, 0x20, 0x5f, 0x31, 0x32, 0x37, 0x31, 0x20, 0x2d, 0x20, 0x31, // 1280 = _1271 - 1
	0x2e, 0x30, 0x3b, 0x0a, 0x20, 0x20, 0x20, 0x20, 0x20, 0x20, 0x20, 0x20, 0x20, 0x20, 0x20, 0x20, // .0;.            
	0x20, 0x20, 0x20, 0x20, 0x5f, 0x31, 0x37, 0x32, 0x35, 0x20, 0x3d, 0x20, 0x5f, 0x31, 0x32, 0x38, //     _1725 = _128
	0x30, 0x3b, 0x0a, 0x20, 0x20, 0x20, 0x20, 0x20, 0x20, 0x20, 0x20, 0x20, 0x20, 0x20, 0x20, 0x20, // 0;.             
	0x20, 0x20, 0x20, 0x5f, 0x31, 0x37, 0x31, 0x32, 0x20, 0x3d, 0x20, 0x5f, 0x31, 0x32, 0x38, 0x30, //    _1712 = _1280
	0x3b, 0x0a, 0x20, 0x20, 0x20, 0x20, 0x20, 0x20, 0x20, 0x20, 0x20, 0x20, 0x20, 0x20, 0x7d, 0x0a, // ;.            }.
	0x20, 0x20, 0x20, 0x20, 0x20, 0x20, 0x20, 0x20, 0x20, 0x20, 0x20, 0x20, 0x65, 0x6c, 0x73, 0x65, //             else
	0x0a, 0x20, 0x20, 0x20, 0x20, 0x20, 0x20, 0x20, 0x20, 0x20, 0x20, 0x20, 0x20, 0x7b, 0x0a, 0x20, // .            {. 
	0x20, 0x20, 0x20, 0x20, 0x20, 0x20, 0x20, 0x20, 0x20, 0x20, 0x20, 0x20, 0x20, 0x20, 0x20, 0x5f, //                _
	0x31, 0x37, 0x32, 0x35, 0x20, 0x3d, 0x20, 0x5f, 0x31, 0x32, 0x36, 0x38, 0x3b, 0x0a, 0x20, 0x20, // 1725 = _1268;.  
	0x20, 0x20, 0x20, 0x20, 0x20, 0x20, 0x20, 0x20, 0x20, 0x20, 0x20, 0x20, 0x20, 0x20, 0x5f, 0x31, //               _1
	0x37, 0x31, 0x32, 0x20, 0x3d, 0x20, 0x5f, 0x31, 0x32, 0x36, 0x35, 0x3b, 0x0a, 0x20, 0x20, 0x20, // 712 = _1265;.   
	0x20, 0x20, 0x20, 0x20, 0x20, 0x20, 0x20, 0x20, 0x20, 0x7d, 0x0a, 0x20, 0x20, 0x20, 0x20, 0x20, //          }.     
	0x20, 0x20, 0x20, 0x20, 0x20, 0x20, 0x20, 0x5f, 0x31, 0x37, 0x32, 0x34, 0x20, 0x3d, 0x20, 0x5f, //        _1724 = _
	0x31, 0x37, 0x32, 0x35, 0x3b, 0x0a, 0x20, 0x20, 0x20, 0x20, 0x20, 0x20, 0x20, 0x20, 0x20, 0x20, // 1725;.          
	0x20, 0x20, 0x5f, 0x31, 0x37, 0x31, 0x31, 0x20, 0x3d, 0x20, 0x5f, 0x31, 0x37, 0x31, 0x32, 0x3b, //   _1711 = _1712;
	0x0a, 0x20, 0x20, 0x20, 0x20, 0x20, 0x20, 0x20, 0x20, 0x7d, 0x0a, 0x20, 0x20, 0x20, 0x20, 0x20, // .        }.     
	0x20, 0x20, 0x20, 0x65, 0x6c, 0x73, 0x65, 0x0a, 0x20, 0x20, 0x20, 0x20, 0x20, 0x20, 0x20, 0x20, //    else.        
	0x7b, 0x0a, 0x20, 0x20, 0x20, 0x20, 0x20, 0x20, 0x20, 0x20, 0x20, 0x20, 0x20, 0x20, 0x66, 0x6c, // {.            fl
	0x6f, 0x61, 0x74, 0x20, 0x5f, 0x31, 0x37, 0x31, 0x33, 0x3b, 0x0a, 0x20, 0x20, 0x20, 0x20, 0x20, // oat _1713;.     
	0x20, 0x20, 0x20, 0x20, 0x20, 0x20, 0x20, 0x66, 0x6c, 0x6f, 0x61, 0x74, 0x20, 0x5f, 0x31, 0x37, //        float _17
	0x32, 0x36, 0x3b, 0x0a, 0x20, 0x20, 0x20, 0x20, 0x20, 0x20, 0x20, 0x20, 0x20, 0x20, 0x20, 0x20, // 26;.            
	0x69, 0x66, 0x20, 0x28, 0x75, 0x5f, 0x66, 0x6c, 0x69, 0x70, 0x62, 0x6f, 0x6f, 0x6b, 0x50, 0x61, // if (u_flipbookPa
	0x72, 0x61, 0x6d, 0x65, 0x74, 0x65, 0x72, 0x31, 0x2e, 0x79, 0x20, 0x3d, 0x3d, 0x20, 0x31, 0x2e, // rameter1.y == 1.
	0x30, 0x29, 0x0a, 0x20, 0x20, 0x20, 0x20, 0x20, 0x20, 0x20, 0x20, 0x20, 0x20, 0x20, 0x20, 0x7b, // 0).            {
	0x0a, 0x20, 0x20, 0x20, 0x20, 0x20, 0x20, 0x20, 0x20, 0x20, 0x20, 0x20, 0x20, 0x20, 0x20, 0x20, // .               
	0x20, 0x5f, 0x31, 0x37, 0x32, 0x36, 0x20, 0x3d, 0x20, 0x6d, 0x6f, 0x64, 0x28, 0x5f, 0x31, 0x32, //  _1726 = mod(_12
	0x36, 0x38, 0x2c, 0x20, 0x5f, 0x31, 0x32, 0x37, 0x31, 0x29, 0x3b, 0x0a, 0x20, 0x20, 0x20, 0x20, // 68, _1271);.    
	0x20, 0x20, 0x20, 0x20, 0x20, 0x20, 0x20, 0x20, 0x20, 0x20, 0x20, 0x20, 0x5f, 0x31, 0x37, 0x31, //             _171
	0x33, 0x20, 0x3d, 0x20, 0x6d, 0x6f, 0x64, 0x28, 0x5f, 0x31, 0x32, 0x36, 0x35, 0x2c, 0x20, 0x5f, // 3 = mod(_1265, _
	0x31, 0x32, 0x37, 0x31, 0x29, 0x3b, 0x0a, 0x20, 0x20, 0x20, 0x20, 0x20, 0x20, 0x20, 0x20, 0x20, // 1271);.         
	0x20, 0x20, 0x20, 0x7d, 0x0a, 0x20, 0x20, 0x20, 0x20, 0x20, 0x20, 0x20, 0x20, 0x20, 0x20, 0x20, //    }.           
	0x20, 0x65, 0x6c, 0x73, 0x65, 0x0a, 0x20, 0x20, 0x20, 0x20, 0x20, 0x20, 0x20, 0x20, 0x20, 0x20, //  else.          
	0x20, 0x20, 0x7b, 0x0a, 0x20, 0x20, 0x20, 0x20, 0x20, 0x20, 0x20, 0x20, 0x20, 0x20, 0x20, 0x20, //   {.            
	0x20, 0x20, 0x20, 0x20, 0x66, 0x6c, 0x6f, 0x61, 0x74, 0x20, 0x5f, 0x31, 0x37, 0x31, 0x34, 0x3b, //     float _1714;
	0x0a, 0x20, 0x20, 0x20, 0x20, 0x20, 0x20, 0x20, 0x20, 0x20, 0x20, 0x20, 0x20, 0x20, 0x20, 0x20, // .               
	0x20, 0x66, 0x6c, 0x6f, 0x61, 0x74, 0x20, 0x5f, 0x31, 0x37, 0x32, 0x37, 0x3b, 0x0a, 0x20, 0x20, //  float _1727;.  
	0x20, 0x20, 0x20, 0x20, 0x20, 0x20, 0x20, 0x20, 0x20, 0x20, 0x20, 0x20, 0x20, 0x20, 0x69, 0x66, //               if
	0x20, 0x28, 0x75, 0x5f, 0x66, 0x6c, 0x69, 0x70, 0x62, 0x6f, 0x6f, 0x6b, 0x50, 0x61, 0x72, 0x61, //  (u_flipbookPara
	0x6d, 0x65, 0x74, 0x65, 0x72, 0x31, 0x2e, 0x79, 0x20, 0x3d, 0x3d, 0x20, 0x32, 0x2e, 0x30, 0x29, // meter1.y == 2.0)
	0x0a, 0x20, 0x20, 0x20, 0x20, 0x20, 0x20, 0x20, 0x20, 0x20, 0x20, 0x20, 0x20, 0x20, 0x20, 0x20, // .               
	0x20, 0x7b, 0x0a, 0x20, 0x20, 0x20, 0x20, 0x20, 0x20, 0x20, 0x20, 0x20, 0x20, 0x20, 0x20, 0x20, //  {.             
	0x20, 0x20, 0x20, 0x20, 0x20, 0x20, 0x20, 0x66, 0x6c, 0x6f, 0x61, 0x74, 0x20, 0x5f, 0x31, 0x33, //        float _13
	0x30, 0x36, 0x20, 0x3d, 0x20, 0x6d, 0x6f, 0x64, 0x28, 0x5f, 0x31, 0x32, 0x36, 0x35, 0x2c, 0x20, // 06 = mod(_1265, 
	0x5f, 0x31, 0x32, 0x37, 0x31, 0x29, 0x3b, 0x0a, 0x20, 0x20, 0x20, 0x20, 0x20, 0x20, 0x20, 0x20, // _1271);.        
	0x20, 0x20, 0x20, 0x20, 0x20, 0x20, 0x20, 0x20, 0x20, 0x20, 0x20, 0x20, 0x66, 0x6c, 0x6f, 0x61, //             floa
	0x74, 0x20, 0x5f, 0x31, 0x37, 0x31, 0x36, 0x3b, 0x0a, 0x20, 0x20, 0x20, 0x20, 0x20, 0x20, 0x20, // t _1716;.       
	0x20, 0x20, 0x20, 0x20, 0x20, 0x20, 0x20, 0x20, 0x20, 0x20, 0x20, 0x20, 0x20, 0x69, 0x66, 0x20, //              if 
	0x28, 0x6d, 0x6f, 0x64, 0x28, 0x66, 0x6c, 0x6f, 0x6f, 0x72, 0x28, 0x5f, 0x31, 0x32, 0x36, 0x35, // (mod(floor(_1265
	0x20, 0x2f, 0x20, 0x5f, 0x31, 0x32, 0x37, 0x31, 0x29, 0x2c, 0x20, 0x32, 0x2e, 0x30, 0x29, 0x20, //  / _1271), 2.0) 
	0x3d, 0x3d, 0x20, 0x31, 0x2e, 0x30, 0x29, 0x0a, 0x20, 0x20, 0x20, 0x20, 0x20, 0x20, 0x20, 0x20, // == 1.0).        
	0x20, 0x20, 0x20, 0x20, 0x20, 0x20, 0x20, 0x20, 0x20, 0x20, 0x20, 0x20, 0x7b, 0x0a, 0x20, 0x20, //             {.  
	0x20, 0x20, 0x20, 0x20, 0x20, 0x20, 0x20, 0x20, 0x20, 0x20, 0x20, 0x20, 0x20, 0x20, 0x20, 0x20, //                 
	0x20, 0x20, 0x20, 0x20, 0x20, 0x20, 0x5f, 0x31, 0x37, 0x31, 0x36, 0x20, 0x3d, 0x20, 0x28, 0x5f, //       _1716 = (_
	0x31, 0x32, 0x37, 0x31, 0x20, 0x2d, 0x20, 0x31, 0x2e, 0x30, 0x29, 0x20, 0x2d, 0x20, 0x66, 0x6c, // 1271 - 1.0) - fl
	0x6f, 0x6f, 0x72, 0x28, 0x5f, 0x31, 0x33, 0x30, 0x36, 0x29, 0x3b, 0x0a, 0x20, 0x20, 0x20, 0x20, // oor(_1306);.    
	0x20, 0x20, 0x20, 0x20, 0x20, 0x20, 0x20, 0x20, 0x20, 0x20, 0x20, 0x20, 0x20, 0x20, 0x20, 0x20, //                 
	0x7d, 0x0a, 0x20, 0x20, 0x20, 0x20, 0x20, 0x20, 0x20, 0x20, 0x20, 0x20, 0x20, 0x20, 0x20, 0x20, // }.              
	0x20, 0x20, 0x20, 0x20, 0x20, 0x20, 0x65, 0x6c, 0x73, 0x65, 0x0a, 0x20, 0x20, 0x20, 0x20, 0x20, //       else.     
	0x20, 0x20, 0x20, 0x20, 0x20, 0x20, 0x20, 0x20, 0x20, 0x20, 0x20, 0x20, 0x20, 0x20, 0x20, 0x7b, //                {
	0x0a, 0x20, 0x20, 0x20, 0x20, 0x20, 0x20, 0x20, 0x20, 0x20, 0x20, 0x20, 0x20, 0x20, 0x20, 0x20, // .               
	0x20, 0x20, 0x20, 0x20, 0x20, 0x20, 0x20, 0x20, 0x20, 0x5f, 0x31, 0x37, 0x31, 0x36, 0x20, 0x3d, //          _1716 =
	0x20, 0x5f, 0x31, 0x33, 0x30, 0x36, 0x3b, 0x0a, 0x20, 0x20, 0x20, 0x20, 0x20, 0x20, 0x20, 0x20, //  _1306;.        
	0x20, 0x20, 0x20, 0x20, 0x20, 0x20, 0x20, 0x20, 0x20, 0x20, 0x20, 0x20, 0x7d, 0x0a, 0x20, 0x20, //             }.  
	0x20, 0x20, 0x20, 0x20, 0x20, 0x20, 0x20, 0x20, 0x20, 0x20, 0x20, 0x20, 0x20, 0x20, 0x20, 0x20, //                 
	0x20, 0x20, 0x66, 0x6c, 0x6f, 0x61, 0x74, 0x20, 0x5f, 0x31, 0x33, 0x32, 0x33, 0x20, 0x3d, 0x20, //   float _1323 = 
	0x6d, 0x6f, 0x64, 0x28, 0x5f, 0x31, 0x32, 0x36, 0x38, 0x2c, 0x20, 0x5f, 0x31, 0x32, 0x37, 0x31, // mod(_1268, _1271
	0x29, 0x3b, 0x0a, 0x20, 0x20, 0x20, 0x20, 0x20, 0x20, 0x20, 0x20, 0x20, 0x20, 0x20, 0x20, 0x20, // );.             
	0x20, 0x20, 0x20, 0x20, 0x20, 0x20, 0x20, 0x66, 0x6c, 0x6f, 0x61, 0x74, 0x20, 0x5f, 0x31, 0x37, //        float _17
	0x32, 0x38, 0x3b, 0x0a, 0x20, 0x20, 0x20, 0x20, 0x20, 0x20, 0x20, 0x20, 0x20, 0x20, 0x20, 0x20, // 28;.            
	0x20, 0x20, 0x20, 0x20, 0x20, 0x20, 0x20, 0x20, 0x69, 0x66, 0x20, 0x28, 0x6d, 0x6f, 0x64, 0x28, //         if (mod(
	0x66, 0x6c, 0x6f, 0x6f, 0x72, 0x28, 0x5f, 0x31, 0x32, 0x36, 0x38, 0x20, 0x2f, 0x20, 0x5f, 0x31, // floor(_1268 / _1
	0x32, 0x37, 0x31, 0x29, 0x2c, 0x20, 0x32, 0x2e, 0x30, 0x29, 0x20, 0x3d, 0x3d, 0x20, 0x31, 0x2e, // 271), 2.0) == 1.
	0x30, 0x29, 0x0a, 0x20, 0x20, 0x20, 0x20, 0x20, 0x20, 0x20, 0x20, 0x20, 0x20, 0x20, 0x20, 0x20, // 0).             
	0x20, 0x20, 0x20, 0x20, 0x20, 0x20, 0x20, 0x7b, 0x0a, 0x20, 0x20, 0x20, 0x20, 0x20, 0x20, 0x20, //        {.       
	0x20, 0x20, 0x20, 0x20, 0x20, 0x20, 0x20, 0x20, 0x20, 0x20, 0x20, 0x20, 0x20, 0x20, 0x20, 0x20, //                 
	0x20, 0x5f, 0x31, 0x37, 0x32, 0x38, 0x20, 0x3d, 0x20, 0x28, 0x5f, 0x31, 0x32, 0x37, 0x31, 0x20, //  _1728 = (_1271 
	0x2d, 0x20, 0x31, 0x2e, 0x30, 0x29, 0x20, 0x2d, 0x20, 0x66, 0x6c, 0x6f, 0x6f, 0x72, 0x28, 0x5f, // - 1.0) - floor(_
	0x31, 0x33, 0x32, 0x33, 0x29, 0x3b, 0x0a, 0x20, 0x20, 0x20, 0x20, 0x20, 0x20, 0x20, 0x20, 0x20, // 1323);.         
	0x20, 0x20, 0x20, 0x20, 0x20, 0x20, 0x20, 0x20, 0x20, 0x20, 0x20, 0x7d, 0x0a, 0x20, 0x20, 0x20, //            }.   
	0x20, 0x20, 0x20, 0x20, 0x20, 0x20, 0x20, 0x20, 0x20, 0x20, 0x20, 0x20, 0x20, 0x20, 0x20, 0x20, //                 
	0x20, 0x65, 0x6c, 0x73, 0x65, 0x0a, 0x20, 0x20, 0x20, 0x20, 0x20, 0x20, 0x20, 0x20, 0x20, 0x20, //  else.          
	0x20, 0x20, 0x20, 0x20, 0x20, 0x20, 0x20, 0x20, 0x20, 0x20, 0x7b, 0x0a, 0x20, 0x20, 0x20, 0x20, //           {.    
	0x20, 0x20, 0x20, 0x20, 0x20, 0x20, 0x20, 0x20, 0x20, 0x20, 0x20, 0x20, 0x20, 0x20, 0x20, 0x20, //                 
	0x20, 0x20, 0x20, 0x20, 0x5f, 0x31, 0x37, 0x32, 0x38, 0x20, 0x3d, 0x20, 0x5f, 0x31, 0x33, 0x32, //     _1728 = _132
	0x33, 0x3b, 0x0a, 0x20, 0x20, 0x20, 0x20, 0x20, 0x20, 0x20, 0x20, 0x20, 0x20, 0x20, 0x20, 0x20, // 3;.             
	0x20, 0x20, 0x20, 0x20, 0x20, 0x20, 0x20, 0x7d, 0x0a, 0x20, 0x20, 0x20, 0x20, 0x20, 0x20, 0x20, //        }.       
	0x20, 0x20, 0x20, 0x20, 0x20, 0x20, 0x20, 0x20, 0x20, 0x20, 0x20, 0x20, 0x20, 0x5f, 0x31, 0x37, //              _17
	0x32, 0x37, 0x20, 0x3d, 0x20, 0x5f, 0x31, 0x37, 0x32, 0x38, 0x3b, 0x0a, 0x20, 0x20, 0x20, 0x20, // 27 = _1728;.    
	0x20, 0x20, 0x20, 0x20, 0x20, 0x20, 0x20, 0x20, 0x20, 0x20, 0x20, 0x20, 0x20, 0x20, 0x20, 0x20, //                 
	0x5f, 0x31, 0x37, 0x31, 0x34, 0x20, 0x3d, 0x20, 0x5f, 0x31, 0x37, 0x31, 0x36, 0x3b, 0x0a, 0x20, // _1714 = _1716;. 
	0x20, 0x20, 0x20, 0x20, 0x20, 0x20, 0x20, 0x20, 0x20, 0x20, 0x20, 0x20, 0x20, 0x20, 0x20, 0x7d, //                }
	0x0a, 0x20, 0x20, 0x20, 0x20, 0x20, 0x20, 0x20, 0x20, 0x20, 0x20, 0x20, 0x20, 0x20, 0x20, 0x20, // .               
	0x20, 0x65, 0x6c, 0x73, 0x65, 0x0a, 0x20, 0x20, 0x20, 0x20, 0x20, 0x20, 0x20, 0x20, 0x20, 0x20, //  else.          
	0x20, 0x20, 0x20, 0x20, 0x20, 0x20, 0x7b, 0x0a, 0x20, 0x20, 0x20, 0x20, 0x20, 0x20, 0x20, 0x20, //       {.        
	0x20, 0x20, 0x20, 0x20, 0x20, 0x20, 0x20, 0x20, 0x20, 0x20, 0x20, 0x20, 0x5f, 0x31, 0x37, 0x32, //             _172
	0x37, 0x20, 0x3d, 0x20, 0x5f, 0x31, 0x32, 0x36, 0x38, 0x3b, 0x0a, 0x20, 0x20, 0x20, 0x20, 0x20, // 7 = _1268;.     
	0x20, 0x20, 0x20, 0x20, 0x20, 0x20, 0x20, 0x20, 0x20, 0x20, 0x20, 0x20, 0x20, 0x20, 0x20, 0x5f, //                _
	0x31, 0x37, 0x31, 0x34, 0x20, 0x3d, 0x20, 0x5f, 0x31, 0x32, 0x36, 0x35, 0x3b, 0x0a, 0x20, 0x20, // 1714 = _1265;.  
	0x20, 0x20, 0x20, 0x20, 0x20, 0x20, 0x20, 0x20, 0x20, 0x20, 0x20, 0x20, 0x20, 0x20, 0x7d, 0x0a, //               }.
	0x20, 0x20, 0x20, 0x20, 0x20, 0x20, 0x20, 0x20, 0x20, 0x20, 0x20, 0x20, 0x20, 0x20, 0x20, 0x20, //                 
	0x5f, 0x31, 0x37, 0x32, 0x36, 0x20, 0x3d, 0x20, 0x5f, 0x31, 0x37, 0x32, 0x37, 0x3b, 0x0a, 0x20, // _1726 = _1727;. 
	0x20, 0x20, 0x20, 0x20, 0x20, 0x20, 0x20, 0x20, 0x20, 0x20, 0x20, 0x20, 0x20, 0x20, 0x20, 0x5f, //                _
	0x31, 0x37, 0x31, 0x33, 0x20, 0x3d, 0x20, 0x5f, 0x31, 0x37, 0x31, 0x34, 0x3b, 0x0a, 0x20, 0x20, // 1713 = _1714;.  
	0x20, 0x20, 0x20, 0x20, 0x20, 0x20, 0x20, 0x20, 0x20, 0x20, 0x7d, 0x0a, 0x20, 0x20, 0x20, 0x20, //           }.    
	0x20, 0x20, 0x20, 0x20, 0x20, 0x20, 0x20, 0x20, 0x5f, 0x31, 0x37, 0x32, 0x34, 0x20, 0x3d, 0x20, //         _1724 = 
	0x5f, 0x31, 0x37, 0x32, 0x36, 0x3b, 0x0a, 0x20, 0x20, 0x20, 0x20, 0x20, 0x20, 0x20, 0x20, 0x20, // _1726;.         
	0x20, 0x20, 0x20, 0x5f, 0x31, 0x37, 0x31, 0x31, 0x20, 0x3d, 0x20, 0x5f, 0x31, 0x37, 0x31, 0x33, //    _1711 = _1713
	0x3b, 0x0a, 0x20, 0x20, 0x20, 0x20, 0x20, 0x20, 0x20, 0x20, 0x7d, 0x0a, 0x20, 0x20, 0x20, 0x20, // ;.        }.    
	0x20, 0x20, 0x20, 0x20, 0x5f, 0x39, 0x39, 0x34, 0x2e, 0x79, 0x20, 0x3d, 0x20, 0x75, 0x5f, 0x6d, //     _994.y = u_m
	0x55, 0x56, 0x49, 0x6e, 0x76, 0x65, 0x72, 0x73, 0x65, 0x64, 0x2e, 0x78, 0x20, 0x2b, 0x20, 0x28, // UVInversed.x + (
	0x75, 0x5f, 0x6d, 0x55, 0x56, 0x49, 0x6e, 0x76, 0x65, 0x72, 0x73, 0x65, 0x64, 0x2e, 0x79, 0x20, // u_mUVInversed.y 
	0x2a, 0x20, 0x5f, 0x39, 0x33, 0x32, 0x29, 0x3b, 0x0a, 0x20, 0x20, 0x20, 0x20, 0x20, 0x20, 0x20, // * _932);.       
	0x20, 0x69, 0x6e, 0x74, 0x20, 0x5f, 0x31, 0x33, 0x38, 0x32, 0x20, 0x3d, 0x20, 0x69, 0x6e, 0x74, //  int _1382 = int
	0x28, 0x5f, 0x31, 0x37, 0x31, 0x31, 0x29, 0x3b, 0x0a, 0x20, 0x20, 0x20, 0x20, 0x20, 0x20, 0x20, // (_1711);.       
	0x20, 0x69, 0x6e, 0x74, 0x20, 0x5f, 0x31, 0x33, 0x38, 0x35, 0x20, 0x3d, 0x20, 0x69, 0x6e, 0x74, //  int _1385 = int
	0x28, 0x75, 0x5f, 0x66, 0x6c, 0x69, 0x70, 0x62, 0x6f, 0x6f, 0x6b, 0x50, 0x61, 0x72, 0x61, 0x6d, // (u_flipbookParam
	0x65, 0x74, 0x65, 0x72, 0x31, 0x2e, 0x7a, 0x29, 0x3b, 0x0a, 0x20, 0x20, 0x20, 0x20, 0x20, 0x20, // eter1.z);.      
	0x20, 0x20, 0x66, 0x6c, 0x6f, 0x61, 0x74, 0x20, 0x5f, 0x31, 0x33, 0x38, 0x36, 0x20, 0x3d, 0x20, //   float _1386 = 
	0x66, 0x6c, 0x6f, 0x61, 0x74, 0x28, 0x5f, 0x31, 0x33, 0x38, 0x35, 0x29, 0x3b, 0x0a, 0x20, 0x20, // float(_1385);.  
	0x20, 0x20, 0x20, 0x20, 0x20, 0x20, 0x69, 0x6e, 0x74, 0x20, 0x5f, 0x31, 0x34, 0x30, 0x38, 0x20, //       int _1408 
	0x3d, 0x20, 0x69, 0x6e, 0x74, 0x28, 0x5f, 0x31, 0x37, 0x32, 0x34, 0x29, 0x3b, 0x0a, 0x20, 0x20, // = int(_1724);.  
	0x20, 0x20, 0x20, 0x20, 0x20, 0x20, 0x76, 0x65, 0x63, 0x32, 0x20, 0x5f, 0x31, 0x34, 0x32, 0x38, //       vec2 _1428
	0x20, 0x3d, 0x20, 0x28, 0x28, 0x5f, 0x39, 0x39, 0x34, 0x20, 0x2d, 0x20, 0x28, 0x28, 0x76, 0x65, //  = ((_994 - ((ve
	0x63, 0x32, 0x28, 0x6d, 0x6f, 0x64, 0x28, 0x66, 0x6c, 0x6f, 0x61, 0x74, 0x28, 0x5f, 0x31, 0x33, // c2(mod(float(_13
	0x38, 0x32, 0x29, 0x2c, 0x20, 0x5f, 0x31, 0x33, 0x38, 0x36, 0x29, 0x2c, 0x20, 0x66, 0x6c, 0x6f, // 82), _1386), flo
	0x61, 0x74, 0x28, 0x5f, 0x31, 0x33, 0x38, 0x32, 0x20, 0x2f, 0x20, 0x5f, 0x31, 0x33, 0x38, 0x35, // at(_1382 / _1385
	0x29, 0x29, 0x20, 0x2a, 0x20, 0x75, 0x5f, 0x66, 0x6c, 0x69, 0x70, 0x62, 0x6f, 0x6f, 0x6b, 0x50, // )) * u_flipbookP
	0x61, 0x72, 0x61, 0x6d, 0x65, 0x74, 0x65, 0x72, 0x32, 0x2e, 0x78, 0x79, 0x29, 0x20, 0x2b, 0x20, // arameter2.xy) + 
	0x75, 0x5f, 0x66, 0x6c, 0x69, 0x70, 0x62, 0x6f, 0x6f, 0x6b, 0x50, 0x61, 0x72, 0x61, 0x6d, 0x65, // u_flipbookParame
	0x74, 0x65, 0x72, 0x32, 0x2e, 0x7a, 0x77, 0x29, 0x29, 0x20, 0x2b, 0x20, 0x28, 0x76, 0x65, 0x63, // ter2.zw)) + (vec
	0x32, 0x28, 0x6d, 0x6f, 0x64, 0x28, 0x66, 0x6c, 0x6f, 0x61, 0x74, 0x28, 0x5f, 0x31, 0x34, 0x30, // 2(mod(float(_140
	0x38, 0x29, 0x2c, 0x20, 0x5f, 0x31, 0x33, 0x38, 0x36, 0x29, 0x2c, 0x20, 0x66, 0x6c, 0x6f, 0x61, // 8), _1386), floa
	0x74, 0x28, 0x5f, 0x31, 0x34, 0x30, 0x38, 0x20, 0x2f, 0x20, 0x5f, 0x31, 0x33, 0x38, 0x35, 0x29, // t(_1408 / _1385)
	0x29, 0x20, 0x2a, 0x20, 0x75, 0x5f, 0x66, 0x6c, 0x69, 0x70, 0x62, 0x6f, 0x6f, 0x6b, 0x50, 0x61, // ) * u_flipbookPa
	0x72, 0x61, 0x6d, 0x65, 0x74, 0x65, 0x72, 0x32, 0x2e, 0x78, 0x79, 0x29, 0x29, 0x20, 0x2b, 0x20, // rameter2.xy)) + 
	0x75, 0x5f, 0x66, 0x6c, 0x69, 0x70, 0x62, 0x6f, 0x6f, 0x6b, 0x50, 0x61, 0x72, 0x61, 0x6d, 0x65, // u_flipbookParame
	0x74, 0x65, 0x72, 0x32, 0x2e, 0x7a, 0x77, 0x3b, 0x0a, 0x20, 0x20, 0x20, 0x20, 0x20, 0x20, 0x20, // ter2.zw;.       
	0x20, 0x5f, 0x31, 0x34, 0x32, 0x38, 0x2e, 0x79, 0x20, 0x3d, 0x20, 0x75, 0x5f, 0x6d, 0x55, 0x56, //  _1428.y = u_mUV
	0x49, 0x6e, 0x76, 0x65, 0x72, 0x73, 0x65, 0x64, 0x2e, 0x78, 0x20, 0x2b, 0x20, 0x28, 0x75, 0x5f, // Inversed.x + (u_
	0x6d, 0x55, 0x56, 0x49, 0x6e, 0x76, 0x65, 0x72, 0x73, 0x65, 0x64, 0x2e, 0x79, 0x20, 0x2a, 0x20, // mUVInversed.y * 
	0x5f, 0x31, 0x34, 0x32, 0x38, 0x2e, 0x79, 0x29, 0x3b, 0x0a, 0x20, 0x20, 0x20, 0x20, 0x20, 0x20, // _1428.y);.      
	0x20, 0x20, 0x5f, 0x31, 0x37, 0x34, 0x32, 0x20, 0x3d, 0x20, 0x5f, 0x31, 0x34, 0x32, 0x38, 0x3b, //   _1742 = _1428;
	0x0a, 0x20, 0x20, 0x20, 0x20, 0x20, 0x20, 0x20, 0x20, 0x5f, 0x31, 0x37, 0x33, 0x35, 0x20, 0x3d, // .        _1735 =
	0x20, 0x66, 0x72, 0x61, 0x63, 0x74, 0x28, 0x75, 0x5f, 0x66, 0x46, 0x6c, 0x69, 0x70, 0x62, 0x6f, //  fract(u_fFlipbo
	0x6f, 0x6b, 0x49, 0x6e, 0x64, 0x65, 0x78, 0x41, 0x6e, 0x64, 0x4e, 0x65, 0x78, 0x74, 0x52, 0x61, // okIndexAndNextRa
	0x74, 0x65, 0x5b, 0x67, 0x6c, 0x5f, 0x49, 0x6e, 0x73, 0x74, 0x61, 0x6e, 0x63, 0x65, 0x49, 0x44, // te[gl_InstanceID
	0x5d, 0x2e, 0x78, 0x29, 0x3b, 0x0a, 0x20, 0x20, 0x20, 0x20, 0x7d, 0x0a, 0x20, 0x20, 0x20, 0x20, // ].x);.    }.    
	0x65, 0x6c, 0x73, 0x65, 0x0a, 0x20, 0x20, 0x20, 0x20, 0x7b, 0x0a, 0x20, 0x20, 0x20, 0x20, 0x20, // else.    {.     
	0x20, 0x20, 0x20, 0x5f, 0x31, 0x37, 0x34, 0x32, 0x20, 0x3d, 0x20, 0x76, 0x65, 0x63, 0x32, 0x28, //    _1742 = vec2(
	0x30, 0x2e, 0x30, 0x29, 0x3b, 0x0a, 0x20, 0x20, 0x20, 0x20, 0x20, 0x20, 0x20, 0x20, 0x5f, 0x31, // 0.0);.        _1
	0x37, 0x33, 0x35, 0x20, 0x3d, 0x20, 0x30, 0x2e, 0x30, 0x3b, 0x0a, 0x20, 0x20, 0x20, 0x20, 0x7d, // 735 = 0.0;.    }
	0x0a, 0x20, 0x20, 0x20, 0x20, 0x76, 0x65, 0x63, 0x34, 0x20, 0x5f, 0x31, 0x37, 0x37, 0x37, 0x20, // .    vec4 _1777 
	0x3d, 0x20, 0x76, 0x65, 0x63, 0x34, 0x28, 0x28, 0x61, 0x5f, 0x74, 0x65, 0x78, 0x63, 0x6f, 0x6f, // = vec4((a_texcoo
	0x72, 0x64, 0x30, 0x2e, 0x78, 0x20, 0x2a, 0x20, 0x75, 0x5f, 0x66, 0x42, 0x6c, 0x65, 0x6e, 0x64, // rd0.x * u_fBlend
	0x55, 0x56, 0x5b, 0x67, 0x6c, 0x5f, 0x49, 0x6e, 0x73, 0x74, 0x61, 0x6e, 0x63, 0x65, 0x49, 0x44, // UV[gl_InstanceID
	0x5d, 0x2e, 0x7a, 0x29, 0x20, 0x2b, 0x20, 0x75, 0x5f, 0x66, 0x42, 0x6c, 0x65, 0x6e, 0x64, 0x55, // ].z) + u_fBlendU
	0x56, 0x5b, 0x67, 0x6c, 0x5f, 0x49, 0x6e, 0x73, 0x74, 0x61, 0x6e, 0x63, 0x65, 0x49, 0x44, 0x5d, // V[gl_InstanceID]
	0x2e, 0x78, 0x2c, 0x20, 0x5f, 0x31, 0x30, 0x39, 0x31, 0x2c, 0x20, 0x5f, 0x31, 0x37, 0x34, 0x32, // .x, _1091, _1742
	0x29, 0x3b, 0x0a, 0x20, 0x20, 0x20, 0x20, 0x5f, 0x31, 0x37, 0x37, 0x33, 0x2e, 0x79, 0x20, 0x3d, // );.    _1773.y =
	0x20, 0x75, 0x5f, 0x6d, 0x55, 0x56, 0x49, 0x6e, 0x76, 0x65, 0x72, 0x73, 0x65, 0x64, 0x2e, 0x78, //  u_mUVInversed.x
	0x20, 0x2b, 0x20, 0x28, 0x75, 0x5f, 0x6d, 0x55, 0x56, 0x49, 0x6e, 0x76, 0x65, 0x72, 0x73, 0x65, //  + (u_mUVInverse
	0x64, 0x2e, 0x79, 0x20, 0x2a, 0x20, 0x5f, 0x31, 0x30, 0x35, 0x35, 0x29, 0x3b, 0x0a, 0x20, 0x20, // d.y * _1055);.  
	0x20, 0x20, 0x5f, 0x31, 0x37, 0x37, 0x33, 0x2e, 0x77, 0x20, 0x3d, 0x20, 0x75, 0x5f, 0x6d, 0x55, //   _1773.w = u_mU
	0x56, 0x49, 0x6e, 0x76, 0x65, 0x72, 0x73, 0x65, 0x64, 0x2e, 0x78, 0x20, 0x2b, 0x20, 0x28, 0x75, // VInversed.x + (u
	0x5f, 0x6d, 0x55, 0x56, 0x49, 0x6e, 0x76, 0x65, 0x72, 0x73, 0x65, 0x64, 0x2e, 0x79, 0x20, 0x2a, // _mUVInversed.y *
	0x20, 0x5f, 0x31, 0x30, 0x37, 0x33, 0x29, 0x3b, 0x0a, 0x20, 0x20, 0x20, 0x20, 0x5f, 0x31, 0x37, //  _1073);.    _17
	0x37, 0x37, 0x2e, 0x79, 0x20, 0x3d, 0x20, 0x75, 0x5f, 0x6d, 0x55, 0x56, 0x49, 0x6e, 0x76, 0x65, // 77.y = u_mUVInve
	0x72, 0x73, 0x65, 0x64, 0x2e, 0x78, 0x20, 0x2b, 0x20, 0x28, 0x75, 0x5f, 0x6d, 0x55, 0x56, 0x49, // rsed.x + (u_mUVI
	0x6e, 0x76, 0x65, 0x72, 0x73, 0x65, 0x64, 0x2e, 0x79, 0x20, 0x2a, 0x20, 0x5f, 0x31, 0x30, 0x39, // nversed.y * _109
	0x31, 0x29, 0x3b, 0x0a, 0x20, 0x20, 0x20, 0x20, 0x5f, 0x31, 0x37, 0x37, 0x34, 0x2e, 0x79, 0x20, // 1);.    _1774.y 
	0x3d, 0x20, 0x75, 0x5f, 0x6d, 0x55, 0x56, 0x49, 0x6e, 0x76, 0x65, 0x72, 0x73, 0x65, 0x64, 0x2e, // = u_mUVInversed.
	0x78, 0x20, 0x2b, 0x20, 0x28, 0x75, 0x5f, 0x6d, 0x55, 0x56, 0x49, 0x6e, 0x76, 0x65, 0x72, 0x73, // x + (u_mUVInvers
	0x65, 0x64, 0x2e, 0x79, 0x20, 0x2a, 0x20, 0x5f, 0x31, 0x31, 0x30, 0x39, 0x29, 0x3b, 0x0a, 0x20, // ed.y * _1109);. 
	0x20, 0x20, 0x20, 0x5f, 0x31, 0x37, 0x37, 0x34, 0x2e, 0x77, 0x20, 0x3d, 0x20, 0x75, 0x5f, 0x6d, //    _1774.w = u_m
	0x55, 0x56, 0x49, 0x6e, 0x76, 0x65, 0x72, 0x73, 0x65, 0x64, 0x2e, 0x78, 0x20, 0x2b, 0x20, 0x28, // UVInversed.x + (
	0x75, 0x5f, 0x6d, 0x55, 0x56, 0x49, 0x6e, 0x76, 0x65, 0x72, 0x73, 0x65, 0x64, 0x2e, 0x79, 0x20, // u_mUVInversed.y 
	0x2a, 0x20, 0x5f, 0x31, 0x31, 0x32, 0x37, 0x29, 0x3b, 0x0a, 0x20, 0x20, 0x20, 0x20, 0x67, 0x6c, // * _1127);.    gl
	0x5f, 0x50, 0x6f, 0x73, 0x69, 0x74, 0x69, 0x6f, 0x6e, 0x20, 0x3d, 0x20, 0x5f, 0x39, 0x30, 0x33, // _Position = _903
	0x3b, 0x0a, 0x20, 0x20, 0x20, 0x20, 0x76, 0x5f, 0x55, 0x56, 0x5f, 0x4f, 0x74, 0x68, 0x65, 0x72, // ;.    v_UV_Other
	0x73, 0x20, 0x3d, 0x20, 0x76, 0x65, 0x63, 0x34, 0x28, 0x5f, 0x39, 0x31, 0x34, 0x2c, 0x20, 0x5f, // s = vec4(_914, _
	0x39, 0x33, 0x32, 0x2c, 0x20, 0x5f, 0x31, 0x37, 0x33, 0x35, 0x2c, 0x20, 0x75, 0x5f, 0x66, 0x4d, // 932, _1735, u_fM
	0x6f, 0x64, 0x65, 0x6c, 0x41, 0x6c, 0x70, 0x68, 0x61, 0x54, 0x68, 0x72, 0x65, 0x73, 0x68, 0x6f, // odelAlphaThresho
	0x6c, 0x64, 0x5b, 0x67, 0x6c, 0x5f, 0x49, 0x6e, 0x73, 0x74, 0x61, 0x6e, 0x63, 0x65, 0x49, 0x44, // ld[gl_InstanceID
	0x5d, 0x2e, 0x78, 0x29, 0x3b, 0x0a, 0x20, 0x20, 0x20, 0x20, 0x76, 0x5f, 0x50, 0x72, 0x6f, 0x6a, // ].x);.    v_Proj
	0x42, 0x69, 0x6e, 0x6f, 0x72, 0x6d, 0x61, 0x6c, 0x20, 0x3d, 0x20, 0x75, 0x5f, 0x6d, 0x43, 0x61, // Binormal = u_mCa
	0x6d, 0x65, 0x72, 0x61, 0x50, 0x72, 0x6f, 0x6a, 0x20, 0x2a, 0x20, 0x28, 0x5f, 0x39, 0x30, 0x30, // meraProj * (_900
	0x20, 0x2b, 0x20, 0x6e, 0x6f, 0x72, 0x6d, 0x61, 0x6c, 0x69, 0x7a, 0x65, 0x28, 0x75, 0x5f, 0x6d, //  + normalize(u_m
	0x4d, 0x6f, 0x64, 0x65, 0x6c, 0x5f, 0x49, 0x6e, 0x73, 0x74, 0x5b, 0x67, 0x6c, 0x5f, 0x49, 0x6e, // Model_Inst[gl_In
	0x73, 0x74, 0x61, 0x6e, 0x63, 0x65, 0x49, 0x44, 0x5d, 0x20, 0x2a, 0x20, 0x76, 0x65, 0x63, 0x34, // stanceID] * vec4
	0x28, 0x61, 0x5f, 0x62, 0x69, 0x74, 0x61, 0x6e, 0x67, 0x65, 0x6e, 0x74, 0x2c, 0x20, 0x30, 0x2e, // (a_bitangent, 0.
	0x30, 0x29, 0x29, 0x29, 0x3b, 0x0a, 0x20, 0x20, 0x20, 0x20, 0x76, 0x5f, 0x50, 0x72, 0x6f, 0x6a, // 0)));.    v_Proj
	0x54, 0x61, 0x6e, 0x67, 0x65, 0x6e, 0x74, 0x20, 0x3d, 0x20, 0x75, 0x5f, 0x6d, 0x43, 0x61, 0x6d, // Tangent = u_mCam
	0x65, 0x72, 0x61, 0x50, 0x72, 0x6f, 0x6a, 0x20, 0x2a, 0x20, 0x28, 0x5f, 0x39, 0x30, 0x30, 0x20, // eraProj * (_900 
	0x2b, 0x20, 0x6e, 0x6f, 0x72, 0x6d, 0x61, 0x6c, 0x69, 0x7a, 0x65, 0x28, 0x75, 0x5f, 0x6d, 0x4d, // + normalize(u_mM
	0x6f, 0x64, 0x65, 0x6c, 0x5f, 0x49, 0x6e, 0x73, 0x74, 0x5b, 0x67, 0x6c, 0x5f, 0x49, 0x6e, 0x73, // odel_Inst[gl_Ins
	0x74, 0x61, 0x6e, 0x63, 0x65, 0x49, 0x44, 0x5d, 0x20, 0x2a, 0x20, 0x76, 0x65, 0x63, 0x34, 0x28, // tanceID] * vec4(
	0x61, 0x5f, 0x74, 0x61, 0x6e, 0x67, 0x65, 0x6e, 0x74, 0x2c, 0x20, 0x30, 0x2e, 0x30, 0x29, 0x29, // a_tangent, 0.0))
	0x29, 0x3b, 0x0a, 0x20, 0x20, 0x20, 0x20, 0x76, 0x5f, 0x50, 0x6f, 0x73, 0x50, 0x20, 0x3d, 0x20, // );.    v_PosP = 
	0x5f, 0x39, 0x30, 0x33, 0x3b, 0x0a, 0x20, 0x20, 0x20, 0x20, 0x76, 0x5f, 0x43, 0x6f, 0x6c, 0x6f, // _903;.    v_Colo
	0x72, 0x20, 0x3d, 0x20, 0x75, 0x5f, 0x66, 0x4d, 0x6f, 0x64, 0x65, 0x6c, 0x43, 0x6f, 0x6c, 0x6f, // r = u_fModelColo
	0x72, 0x5b, 0x67, 0x6c, 0x5f, 0x49, 0x6e, 0x73, 0x74, 0x61, 0x6e, 0x63, 0x65, 0x49, 0x44, 0x5d, // r[gl_InstanceID]
	0x20, 0x2a, 0x20, 0x61, 0x5f, 0x63, 0x6f, 0x6c, 0x6f, 0x72, 0x30, 0x3b, 0x0a, 0x20, 0x20, 0x20, //  * a_color0;.   
	0x20, 0x76, 0x5f, 0x41, 0x6c, 0x70, 0x68, 0x61, 0x5f, 0x44, 0x69, 0x73, 0x74, 0x5f, 0x55, 0x56, //  v_Alpha_Dist_UV
	0x20, 0x3d, 0x20, 0x5f, 0x31, 0x37, 0x37, 0x33, 0x3b, 0x0a, 0x20, 0x20, 0x20, 0x20, 0x76, 0x5f, //  = _1773;.    v_
	0x42, 0x6c, 0x65, 0x6e, 0x64, 0x5f, 0x41, 0x6c, 0x70, 0x68, 0x61, 0x5f, 0x44, 0x69, 0x73, 0x74, // Blend_Alpha_Dist
	0x5f, 0x55, 0x56, 0x20, 0x3d, 0x20, 0x5f, 0x31, 0x37, 0x37, 0x34, 0x3b, 0x0a, 0x20, 0x20, 0x20, // _UV = _1774;.   
	0x20, 0x76, 0x5f, 0x42, 0x6c, 0x65, 0x6e, 0x64, 0x5f, 0x46, 0x42, 0x4e, 0x65, 0x78, 0x74, 0x49, //  v_Blend_FBNextI
	0x6e, 0x64, 0x65, 0x78, 0x5f, 0x55, 0x56, 0x20, 0x3d, 0x20, 0x5f, 0x31, 0x37, 0x37, 0x37, 0x3b, // ndex_UV = _1777;
	0x0a, 0x7d, 0x0a, 0x0a, 0x00,                                                                   // .}...
};
static const uint8_t ad_model_distortion_vs_glsl[6453] =
{
	0x56, 0x53, 0x48, 0x0c, 0x00, 0x00, 0x00, 0x00, 0x0d, 0x11, 0x5f, 0xc2, 0x00, 0x00, 0x00, 0x00, // VSH......._.....
	0x00, 0x00, 0x00, 0x00, 0x0e, 0x00, 0x14, 0x75, 0x5f, 0x66, 0x6c, 0x69, 0x70, 0x62, 0x6f, 0x6f, // .......u_flipboo
	0x6b, 0x50, 0x61, 0x72, 0x61, 0x6d, 0x65, 0x74, 0x65, 0x72, 0x31, 0x02, 0x01, 0x00, 0x00, 0x01, // kParameter1.....
	0x00, 0x00, 0x00, 0x00, 0x00, 0x14, 0x75, 0x5f, 0x66, 0x6c, 0x69, 0x70, 0x62, 0x6f, 0x6f, 0x6b, // ......u_flipbook
	0x50, 0x61, 0x72, 0x61, 0x6d, 0x65, 0x74, 0x65, 0x72, 0x32, 0x02, 0x01, 0x00, 0x00, 0x01, 0x00, // Parameter2......
	0x00, 0x00, 0x00, 0x00, 0x0d, 0x75, 0x5f, 0x6d, 0x55, 0x56, 0x49, 0x6e, 0x76, 0x65, 0x72, 0x73, // .....u_mUVInvers
	0x65, 0x64, 0x02, 0x01, 0x00, 0x00, 0x01, 0x00, 0x00, 0x00, 0x00, 0x00, 0x0d, 0x75, 0x5f, 0x6d, // ed...........u_m
	0x4d, 0x6f, 0x64, 0x65, 0x6c, 0x5f, 0x49, 0x6e, 0x73, 0x74, 0x04, 0x28, 0x00, 0x00, 0xa0, 0x00, // Model_Inst.(....
	0x00, 0x00, 0x00, 0x00, 0x05, 0x75, 0x5f, 0x66, 0x55, 0x56, 0x02, 0x28, 0x00, 0x00, 0x28, 0x00, // .....u_fUV.(..(.
	0x00, 0x00, 0x00, 0x00, 0x0a, 0x75, 0x5f, 0x66, 0x41, 0x6c, 0x70, 0x68, 0x61, 0x55, 0x56, 0x02, // .....u_fAlphaUV.
	0x28, 0x00, 0x00, 0x28, 0x00, 0x00, 0x00, 0x00, 0x00, 0x11, 0x75, 0x5f, 0x66, 0x55, 0x56, 0x44, // (..(......u_fUVD
	0x69, 0x73, 0x74, 0x6f, 0x72, 0x74, 0x69, 0x6f, 0x6e, 0x55, 0x56, 0x02, 0x28, 0x00, 0x00, 0x28, // istortionUV.(..(
	0x00, 0x00, 0x00, 0x00, 0x00, 0x0a, 0x75, 0x5f, 0x66, 0x42, 0x6c, 0x65, 0x6e, 0x64, 0x55, 0x56, // ......u_fBlendUV
	0x02, 0x28, 0x00, 0x00, 0x28, 0x00, 0x00, 0x00, 0x00, 0x00, 0x0f, 0x75, 0x5f, 0x66, 0x42, 0x6c, // .(..(......u_fBl
	0x65, 0x6e, 0x64, 0x41, 0x6c, 0x70, 0x68, 0x61, 0x55, 0x56, 0x02, 0x28, 0x00, 0x00, 0x28, 0x00, // endAlphaUV.(..(.
	0x00, 0x00, 0x00, 0x00, 0x16, 0x75, 0x5f, 0x66, 0x42, 0x6c, 0x65, 0x6e, 0x64, 0x55, 0x56, 0x44, // .....u_fBlendUVD
	0x69, 0x73, 0x74, 0x6f, 0x72, 0x74, 0x69, 0x6f, 0x6e, 0x55, 0x56, 0x02, 0x28, 0x00, 0x00, 0x28, // istortionUV.(..(
	0x00, 0x00, 0x00, 0x00, 0x00, 0x0d, 0x75, 0x5f, 0x66, 0x4d, 0x6f, 0x64, 0x65, 0x6c, 0x43, 0x6f, // ......u_fModelCo
	0x6c, 0x6f, 0x72, 0x02, 0x28, 0x00, 0x00, 0x28, 0x00, 0x00, 0x00, 0x00, 0x00, 0x1b, 0x75, 0x5f, // lor.(..(......u_
	0x66, 0x46, 0x6c, 0x69, 0x70, 0x62, 0x6f, 0x6f, 0x6b, 0x49, 0x6e, 0x64, 0x65, 0x78, 0x41, 0x6e, // fFlipbookIndexAn
	0x64, 0x4e, 0x65, 0x78, 0x74, 0x52, 0x61, 0x74, 0x65, 0x02, 0x28, 0x00, 0x00, 0x28, 0x00, 0x00, // dNextRate.(..(..
	0x00, 0x00, 0x00, 0x16, 0x75, 0x5f, 0x66, 0x4d, 0x6f, 0x64, 0x65, 0x6c, 0x41, 0x6c, 0x70, 0x68, // ....u_fModelAlph
	0x61, 0x54, 0x68, 0x72, 0x65, 0x73, 0x68, 0x6f, 0x6c, 0x64, 0x02, 0x28, 0x00, 0x00, 0x28, 0x00, // aThreshold.(..(.
	0x00, 0x00, 0x00, 0x00, 0x0d, 0x75, 0x5f, 0x6d, 0x43, 0x61, 0x6d, 0x65, 0x72, 0x61, 0x50, 0x72, // .....u_mCameraPr
	0x6f, 0x6a, 0x04, 0x01, 0x00, 0x00, 0x04, 0x00, 0x00, 0x00, 0x00, 0x00, 0xa4, 0x17, 0x00, 0x00, // oj..............
	0x0a, 0x76, 0x65, 0x63, 0x34, 0x20, 0x5f, 0x31, 0x37, 0x37, 0x39, 0x3b, 0x0a, 0x0a, 0x75, 0x6e, // .vec4 _1779;..un
	0x69, 0x66, 0x6f, 0x72, 0x6d, 0x20, 0x76, 0x65, 0x63, 0x34, 0x20, 0x75, 0x5f, 0x66, 0x6c, 0x69, // iform vec4 u_fli
	0x70, 0x62, 0x6f, 0x6f, 0x6b, 0x50, 0x61, 0x72, 0x61, 0x6d, 0x65, 0x74, 0x65, 0x72, 0x31, 0x3b, // pbookParameter1;
	0x0a, 0x75, 0x6e, 0x69, 0x66, 0x6f, 0x72, 0x6d, 0x20, 0x76, 0x65, 0x63, 0x34, 0x20, 0x75, 0x5f, // .uniform vec4 u_
	0x66, 0x6c, 0x69, 0x70, 0x62, 0x6f, 0x6f, 0x6b, 0x50, 0x61, 0x72, 0x61, 0x6d, 0x65, 0x74, 0x65, // flipbookParamete
	0x72, 0x32, 0x3b, 0x0a, 0x75, 0x6e, 0x69, 0x66, 0x6f, 0x72, 0x6d, 0x20, 0x76, 0x65, 0x63, 0x34, // r2;.uniform vec4
	0x20, 0x75, 0x5f, 0x6d, 0x55, 0x56, 0x49, 0x6e, 0x76, 0x65, 0x72, 0x73, 0x65, 0x64, 0x3b, 0x0a, //  u_mUVInversed;.
	0x75, 0x6e, 0x69, 0x66, 0x6f, 0x72, 0x6d, 0x20, 0x6d, 0x61, 0x74, 0x34, 0x20, 0x75, 0x5f, 0x6d, // uniform mat4 u_m
	0x4d, 0x6f, 0x64, 0x65, 0x6c, 0x5f, 0x49, 0x6e, 0x73, 0x74, 0x5b, 0x34, 0x30, 0x5d, 0x3b, 0x0a, // Model_Inst[40];.
	0x75, 0x6e, 0x69, 0x66, 0x6f, 0x72, 0x6d, 0x20, 0x76, 0x65, 0x63, 0x34, 0x20, 0x75, 0x5f, 0x66, // uniform vec4 u_f
	0x55, 0x56, 0x5b, 0x34, 0x30, 0x5d, 0x3b, 0x0a, 0x75, 0x6e, 0x69, 0x66, 0x6f, 0x72, 0x6d, 0x20, // UV[40];.uniform 
	0x76, 0x65, 0x63, 0x34, 0x20, 0x75, 0x5f, 0x66, 0x41, 0x6c, 0x70, 0x68, 0x61, 0x55, 0x56, 0x5b, // vec4 u_fAlphaUV[
	0x34, 0x30, 0x5d, 0x3b, 0x0a, 0x75, 0x6e, 0x69, 0x66, 0x6f, 0x72, 0x6d, 0x20, 0x76, 0x65, 0x63, // 40];.uniform vec
	0x34, 0x20, 0x75, 0x5f, 0x66, 0x55, 0x56, 0x44, 0x69, 0x73, 0x74, 0x6f, 0x72, 0x74, 0x69, 0x6f, // 4 u_fUVDistortio
	0x6e, 0x55, 0x56, 0x5b, 0x34, 0x30, 0x5d, 0x3b, 0x0a, 0x75, 0x6e, 0x69, 0x66, 0x6f, 0x72, 0x6d, // nUV[40];.uniform
	0x20, 0x76, 0x65, 0x63, 0x34, 0x20, 0x75, 0x5f, 0x66, 0x42, 0x6c, 0x65, 0x6e, 0x64, 0x55, 0x56, //  vec4 u_fBlendUV
	0x5b, 0x34, 0x30, 0x5d, 0x3b, 0x0a, 0x75, 0x6e, 0x69, 0x66, 0x6f, 0x72, 0x6d, 0x20, 0x76, 0x65, // [40];.uniform ve
	0x63, 0x34, 0x20, 0x75, 0x5f, 0x66, 0x42, 0x6c, 0x65, 0x6e, 0x64, 0x41, 0x6c, 0x70, 0x68, 0x61, // c4 u_fBlendAlpha
	0x55, 0x56, 0x5b, 0x34, 0x30, 0x5d, 0x3b, 0x0a, 0x75, 0x6e, 0x69, 0x66, 0x6f, 0x72, 0x6d, 0x20, // UV[40];.uniform 
	0x76, 0x65, 0x63, 0x34, 0x20, 0x75, 0x5f, 0x66, 0x42, 0x6c, 0x65, 0x6e, 0x64, 0x55, 0x56, 0x44, // vec4 u_fBlendUVD
	0x69, 0x73, 0x74, 0x6f, 0x72, 0x74, 0x69, 0x6f, 0x6e, 0x55, 0x56, 0x5b, 0x34, 0x30, 0x5d, 0x3b, // istortionUV[40];
	0x0a, 0x75, 0x6e, 0x69, 0x66, 0x6f, 0x72, 0x6d, 0x20, 0x76, 0x65, 0x63, 0x34, 0x20, 0x75, 0x5f, // .uniform vec4 u_
	0x66, 0x4d, 0x6f, 0x64, 0x65, 0x6c, 0x43, 0x6f, 0x6c, 0x6f, 0x72, 0x5b, 0x34, 0x30, 0x5d, 0x3b, // fModelColor[40];
	0x0a, 0x75, 0x6e, 0x69, 0x66, 0x6f, 0x72, 0x6d, 0x20, 0x76, 0x65, 0x63, 0x34, 0x20, 0x75, 0x5f, // .uniform vec4 u_
	0x66, 0x46, 0x6c, 0x69, 0x70, 0x62, 0x6f, 0x6f, 0x6b, 0x49, 0x6e, 0x64, 0x65, 0x78, 0x41, 0x6e, // fFlipbookIndexAn
	0x64, 0x4e, 0x65, 0x78, 0x74, 0x52, 0x61, 0x74, 0x65, 0x5b, 0x34, 0x30, 0x5d, 0x3b, 0x0a, 0x75, // dNextRate[40];.u
	0x6e, 0x69, 0x66, 0x6f, 0x72, 0x6d, 0x20, 0x76, 0x65, 0x63, 0x34, 0x20, 0x75, 0x5f, 0x66, 0x4d, // niform vec4 u_fM
	0x6f, 0x64, 0x65, 0x6c, 0x41, 0x6c, 0x70, 0x68, 0x61, 0x54, 0x68, 0x72, 0x65, 0x73, 0x68, 0x6f, // odelAlphaThresho
	0x6c, 0x64, 0x5b, 0x34, 0x30, 0x5d, 0x3b, 0x0a, 0x75, 0x6e, 0x69, 0x66, 0x6f, 0x72, 0x6d, 0x20, // ld[40];.uniform 
	0x6d, 0x61, 0x74, 0x34, 0x20, 0x75, 0x5f, 0x6d, 0x43, 0x61, 0x6d, 0x65, 0x72, 0x61, 0x50, 0x72, // mat4 u_mCameraPr
	0x6f, 0x6a, 0x3b, 0x0a, 0x0a, 0x6c, 0x61, 0x79, 0x6f, 0x75, 0x74, 0x28, 0x6c, 0x6f, 0x63, 0x61, // oj;..layout(loca
	0x74, 0x69, 0x6f, 0x6e, 0x20, 0x3d, 0x20, 0x33, 0x29, 0x20, 0x69, 0x6e, 0x20, 0x76, 0x65, 0x63, // tion = 3) in vec
	0x33, 0x20, 0x61, 0x5f, 0x70, 0x6f, 0x73, 0x69, 0x74, 0x69, 0x6f, 0x6e, 0x3b, 0x0a, 0x6c, 0x61, // 3 a_position;.la
	0x79, 0x6f, 0x75, 0x74, 0x28, 0x6c, 0x6f, 0x63, 0x61, 0x74, 0x69, 0x6f, 0x6e, 0x20, 0x3d, 0x20, // yout(location = 
	0x30, 0x29, 0x20, 0x69, 0x6e, 0x20, 0x76, 0x65, 0x63, 0x33, 0x20, 0x61, 0x5f, 0x62, 0x69, 0x74, // 0) in vec3 a_bit
	0x61, 0x6e, 0x67, 0x65, 0x6e, 0x74, 0x3b, 0x0a, 0x6c, 0x61, 0x79, 0x6f, 0x75, 0x74, 0x28, 0x6c, // angent;.layout(l
	0x6f, 0x63, 0x61, 0x74, 0x69, 0x6f, 0x6e, 0x20, 0x3d, 0x20, 0x34, 0x29, 0x20, 0x69, 0x6e, 0x20, // ocation = 4) in 
	0x76, 0x65, 0x63, 0x33, 0x20, 0x61, 0x5f, 0x74, 0x61, 0x6e, 0x67, 0x65, 0x6e, 0x74, 0x3b, 0x0a, // vec3 a_tangent;.
	0x6c, 0x61, 0x79, 0x6f, 0x75, 0x74, 0x28, 0x6c, 0x6f, 0x63, 0x61, 0x74, 0x69, 0x6f, 0x6e, 0x20, // layout(location 
	0x3d, 0x20, 0x35, 0x29, 0x20, 0x69, 0x6e, 0x20, 0x76, 0x65, 0x63, 0x32, 0x20, 0x61, 0x5f, 0x74, // = 5) in vec2 a_t
	0x65, 0x78, 0x63, 0x6f, 0x6f, 0x72, 0x64, 0x30, 0x3b, 0x0a, 0x6c, 0x61, 0x79, 0x6f, 0x75, 0x74, // excoord0;.layout
	0x28, 0x6c, 0x6f, 0x63, 0x61, 0x74, 0x69, 0x6f, 0x6e, 0x20, 0x3d, 0x20, 0x31, 0x29, 0x20, 0x69, // (location = 1) i
	0x6e, 0x20, 0x76, 0x65, 0x63, 0x34, 0x20, 0x61, 0x5f, 0x63, 0x6f, 0x6c, 0x6f, 0x72, 0x30, 0x3b, // n vec4 a_color0;
	0x0a, 0x6f, 0x75, 0x74, 0x20, 0x76, 0x65, 0x63, 0x34, 0x20, 0x76, 0x5f, 0x55, 0x56, 0x5f, 0x4f, // .out vec4 v_UV_O
	0x74, 0x68, 0x65, 0x72, 0x73, 0x3b, 0x0a, 0x6f, 0x75, 0x74, 0x20, 0x76, 0x65, 0x63, 0x34, 0x20, // thers;.out vec4 
	0x76, 0x5f, 0x50, 0x72, 0x6f, 0x6a, 0x42, 0x69, 0x6e, 0x6f, 0x72, 0x6d, 0x61, 0x6c, 0x3b, 0x0a, // v_ProjBinormal;.
	0x6f, 0x75, 0x74, 0x20, 0x76, 0x65, 0x63, 0x34, 0x20, 0x76, 0x5f, 0x50, 0x72, 0x6f, 0x6a, 0x54, // out vec4 v_ProjT
	0x61, 0x6e, 0x67, 0x65, 0x6e, 0x74, 0x3b, 0x0a, 0x6f, 0x75, 0x74, 0x20, 0x76, 0x65, 0x63, 0x34, // angent;.out vec4
	0x20, 0x76, 0x5f, 0x50, 0x6f, 0x73, 0x50, 0x3b, 0x0a, 0x6f, 0x75, 0x74, 0x20, 0x76, 0x65, 0x63, //  v_PosP;.out vec
	0x34, 0x20, 0x76, 0x5f, 0x43, 0x6f, 0x6c, 0x6f, 0x72, 0x3b, 0x0a, 0x6f, 0x75, 0x74, 0x20, 0x76, // 4 v_Color;.out v
	0x65, 0x63, 0x34, 0x20, 0x76, 0x5f, 0x41, 0x6c, 0x70, 0x68, 0x61, 0x5f, 0x44, 0x69, 0x73, 0x74, // ec4 v_Alpha_Dist
	0x5f, 0x55, 0x56, 0x3b, 0x0a, 0x6f, 0x75, 0x74, 0x20, 0x76, 0x65, 0x63, 0x34, 0x20, 0x76, 0x5f, // _UV;.out vec4 v_
	0x42, 0x6c, 0x65, 0x6e, 0x64, 0x5f, 0x41, 0x6c, 0x70, 0x68, 0x61, 0x5f, 0x44, 0x69, 0x73, 0x74, // Blend_Alpha_Dist
	0x5f, 0x55, 0x56, 0x3b, 0x0a, 0x6f, 0x75, 0x74, 0x20, 0x76, 0x65, 0x63, 0x34, 0x20, 0x76, 0x5f, // _UV;.out vec4 v_
	0x42, 0x6c, 0x65, 0x6e, 0x64, 0x5f, 0x46, 0x42, 0x4e, 0x65, 0x78, 0x74, 0x49, 0x6e, 0x64, 0x65, // Blend_FBNextInde
	0x78, 0x5f, 0x55, 0x56, 0x3b, 0x0a, 0x0a, 0x76, 0x6f, 0x69, 0x64, 0x20, 0x6d, 0x61, 0x69, 0x6e, // x_UV;..void main
	0x28, 0x29, 0x0a, 0x7b, 0x0a, 0x20, 0x20, 0x20, 0x20, 0x76, 0x65, 0x63, 0x34, 0x20, 0x5f, 0x39, // ().{.    vec4 _9
	0x30, 0x30, 0x20, 0x3d, 0x20, 0x75, 0x5f, 0x6d, 0x4d, 0x6f, 0x64, 0x65, 0x6c, 0x5f, 0x49, 0x6e, // 00 = u_mModel_In
	0x73, 0x74, 0x5b, 0x67, 0x6c, 0x5f, 0x49, 0x6e, 0x73, 0x74, 0x61, 0x6e, 0x63, 0x65, 0x49, 0x44, // st[gl_InstanceID
	0x5d, 0x20, 0x2a, 0x20, 0x76, 0x65, 0x63, 0x34, 0x28, 0x61, 0x5f, 0x70, 0x6f, 0x73, 0x69, 0x74, // ] * vec4(a_posit
	0x69, 0x6f, 0x6e, 0x2c, 0x20, 0x31, 0x2e, 0x30, 0x29, 0x3b, 0x0a, 0x20, 0x20, 0x20, 0x20, 0x76, // ion, 1.0);.    v
	0x65, 0x63, 0x34, 0x20, 0x5f, 0x39, 0x30, 0x33, 0x20, 0x3d, 0x20, 0x75, 0x5f, 0x6d, 0x43, 0x61, // ec4 _903 = u_mCa
	0x6d, 0x65, 0x72, 0x61, 0x50, 0x72, 0x6f, 0x6a, 0x20, 0x2a, 0x20, 0x5f, 0x39, 0x30, 0x30, 0x3b, // meraProj * _900;
	0x0a, 0x20, 0x20, 0x20, 0x20, 0x66, 0x6c, 0x6f, 0x61, 0x74, 0x20, 0x5f, 0x39, 0x31, 0x34, 0x20, // .    float _914 
	0x3d, 0x20, 0x28, 0x61, 0x5f, 0x74, 0x65, 0x78, 0x63, 0x6f, 0x6f, 0x72, 0x64, 0x30, 0x2e, 0x78, // = (a_texcoord0.x
	0x20, 0x2a, 0x20, 0x75, 0x5f, 0x66, 0x55, 0x56, 0x5b, 0x67, 0x6c, 0x5f, 0x49, 0x6e, 0x73, 0x74, //  * u_fUV[gl_Inst
	0x61, 0x6e, 0x63, 0x65, 0x49, 0x44, 0x5d, 0x2e, 0x7a, 0x29, 0x20, 0x2b, 0x20, 0x75, 0x5f, 0x66, // anceID].z) + u_f
	0x55, 0x56, 0x5b, 0x67, 0x6c, 0x5f, 0x49, 0x6e, 0x73, 0x74, 0x61, 0x6e, 0x63, 0x65, 0x49, 0x44, // UV[gl_InstanceID
	0x5d, 0x2e, 0x78, 0x3b, 0x0a, 0x20, 0x20, 0x20, 0x20, 0x66, 0x6c, 0x6f, 0x61, 0x74, 0x20, 0x5f, // ].x;.    float _
	0x39, 0x33, 0x32, 0x20, 0x3d, 0x20, 0x75, 0x5f, 0x6d, 0x55, 0x56, 0x49, 0x6e, 0x76, 0x65, 0x72, // 932 = u_mUVInver
	0x73, 0x65, 0x64, 0x2e, 0x78, 0x20, 0x2b, 0x20, 0x28, 0x75, 0x5f, 0x6d, 0x55, 0x56, 0x49, 0x6e, // sed.x + (u_mUVIn
	0x76, 0x65, 0x72, 0x73, 0x65, 0x64, 0x2e, 0x79, 0x20, 0x2a, 0x20, 0x28, 0x28, 0x61, 0x5f, 0x74, // versed.y * ((a_t
	0x65, 0x78, 0x63, 0x6f, 0x6f, 0x72, 0x64, 0x30, 0x2e, 0x79, 0x20, 0x2a, 0x20, 0x75, 0x5f, 0x66, // excoord0.y * u_f
	0x55, 0x56, 0x5b, 0x67, 0x6c, 0x5f, 0x49, 0x6e, 0x73, 0x74, 0x61, 0x6e, 0x63, 0x65, 0x49, 0x44, // UV[gl_InstanceID
	0x5d, 0x2e, 0x77, 0x29, 0x20, 0x2b, 0x20, 0x75, 0x5f, 0x66, 0x55, 0x56, 0x5b, 0x67, 0x6c, 0x5f, // ].w) + u_fUV[gl_
	0x49, 0x6e, 0x73, 0x74, 0x61, 0x6e, 0x63, 0x65, 0x49, 0x44, 0x5d, 0x2e, 0x79, 0x29, 0x29, 0x3b, // InstanceID].y));
	0x0a, 0x20, 0x20, 0x20, 0x20, 0x76, 0x65, 0x63, 0x34, 0x20, 0x5f, 0x31, 0x36, 0x30, 0x33, 0x3b, // .    vec4 _1603;
	0x0a, 0x20, 0x20, 0x20, 0x20, 0x5f, 0x31, 0x36, 0x30, 0x33, 0x2e, 0x78, 0x20, 0x3d, 0x20, 0x5f, // .    _1603.x = _
	0x39, 0x31, 0x34, 0x3b, 0x0a, 0x20, 0x20, 0x20, 0x20, 0x76, 0x65, 0x63, 0x32, 0x20, 0x5f, 0x39, // 914;.    vec2 _9
	0x39, 0x34, 0x20, 0x3d, 0x20, 0x5f, 0x31, 0x36, 0x30, 0x33, 0x2e, 0x78, 0x79, 0x3b, 0x0a, 0x20, // 94 = _1603.xy;. 
	0x20, 0x20, 0x20, 0x66, 0x6c, 0x6f, 0x61, 0x74, 0x20, 0x5f, 0x31, 0x30, 0x35, 0x35, 0x20, 0x3d, //    float _1055 =
	0x20, 0x28, 0x61, 0x5f, 0x74, 0x65, 0x78, 0x63, 0x6f, 0x6f, 0x72, 0x64, 0x30, 0x2e, 0x79, 0x20, //  (a_texcoord0.y 
	0x2a, 0x20, 0x75, 0x5f, 0x66, 0x41, 0x6c, 0x70, 0x68, 0x61, 0x55, 0x56, 0x5b, 0x67, 0x6c, 0x5f, // * u_fAlphaUV[gl_
	0x49, 0x6e, 0x73, 0x74, 0x61, 0x6e, 0x63, 0x65, 0x49, 0x44, 0x5d, 0x2e, 0x77, 0x29, 0x20, 0x2b, // InstanceID].w) +
	0x20, 0x75, 0x5f, 0x66, 0x41, 0x6c, 0x70, 0x68, 0x61, 0x55, 0x56, 0x5b, 0x67, 0x6c, 0x5f, 0x49, //  u_fAlphaUV[gl_I
	0x6e, 0x73, 0x74, 0x61, 0x6e, 0x63, 0x65, 0x49, 0x44, 0x5d, 0x2e, 0x79, 0x3b, 0x0a, 0x20, 0x20, // nstanceID].y;.  
	0x20, 0x20, 0x66, 0x6c, 0x6f, 0x61, 0x74, 0x20, 0x5f, 0x31, 0x30, 0x37, 0x33, 0x20, 0x3d, 0x20, //   float _1073 = 
	0x28, 0x61, 0x5f, 0x74, 0x65, 0x78, 0x63, 0x6f, 0x6f, 0x72, 0x64, 0x30, 0x2e, 0x79, 0x20, 0x2a, // (a_texcoord0.y *
	0x20, 0x75, 0x5f, 0x66, 0x55, 0x56, 0x44, 0x69, 0x73, 0x74, 0x6f, 0x72, 0x74, 0x69, 0x6f, 0x6e, //  u_fUVDistortion
	0x55, 0x56, 0x5b, 0x67, 0x6c, 0x5f, 0x49, 0x6e, 0x73, 0x74, 0x61, 0x6e, 0x63, 0x65, 0x49, 0x44, // UV[gl_InstanceID
	0x5d, 0x2e, 0x77, 0x29, 0x20, 0x2b, 0x20, 0x75, 0x5f, 0x66, 0x55, 0x56, 0x44, 0x69, 0x73, 0x74, // ].w) + u_fUVDist
	0x6f, 0x72, 0x74, 0x69, 0x6f, 0x6e, 0x55, 0x56, 0x5b, 0x67, 0x6c, 0x5f, 0x49, 0x6e, 0x73, 0x74, // ortionUV[gl_Inst
	0x61, 0x6e, 0x63, 0x65, 0x49, 0x44, 0x5d, 0x2e, 0x79, 0x3b, 0x0a, 0x20, 0x20, 0x20, 0x20, 0x76, // anceID].y;.    v
	0x65, 0x63, 0x34, 0x20, 0x5f, 0x31, 0x37, 0x37, 0x33, 0x20, 0x3d, 0x20, 0x76, 0x65, 0x63, 0x34, // ec4 _1773 = vec4
	0x28, 0x28, 0x61, 0x5f, 0x74, 0x65, 0x78, 0x63, 0x6f, 0x6f, 0x72, 0x64, 0x30, 0x2e, 0x78, 0x20, // ((a_texcoord0.x 
	0x2a, 0x20, 0x75, 0x5f, 0x66, 0x41, 0x6c, 0x70, 0x68, 0x61, 0x55, 0x56, 0x5b, 0x67, 0x6c, 0x5f, // * u_fAlphaUV[gl_
	0x49, 0x6e, 0x73, 0x74, 0x61, 0x6e, 0x63, 0x65, 0x49, 0x44, 0x5d, 0x2e, 0x7a, 0x29, 0x20, 0x2b, // InstanceID].z) +
	0x20, 0x75, 0x5f, 0x66, 0x41, 0x6c, 0x70, 0x68, 0x61, 0x55, 0x56, 0x5b, 0x67, 0x6c, 0x5f, 0x49, //  u_fAlphaUV[gl_I
	0x6e, 0x73, 0x74, 0x61, 0x6e, 0x63, 0x65, 0x49, 0x44, 0x5d, 0x2e, 0x78, 0x2c, 0x20, 0x5f, 0x31, // nstanceID].x, _1
	0x30, 0x35, 0x35, 0x2c, 0x20, 0x28, 0x61, 0x5f, 0x74, 0x65, 0x78, 0x63, 0x6f, 0x6f, 0x72, 0x64, // 055, (a_texcoord
	0x30, 0x2e, 0x78, 0x20, 0x2a, 0x20, 0x75, 0x5f, 0x66, 0x55, 0x56, 0x44, 0x69, 0x73, 0x74, 0x6f, // 0.x * u_fUVDisto
	0x72, 0x74, 0x69, 0x6f, 0x6e, 0x55, 0x56, 0x5b, 0x67, 0x6c, 0x5f, 0x49, 0x6e, 0x73, 0x74, 0x61, // rtionUV[gl_Insta
	0x6e, 0x63, 0x65, 0x49, 0x44, 0x5d, 0x2e, 0x7a, 0x29, 0x20, 0x2b, 0x20, 0x75, 0x5f, 0x66, 0x55, // nceID].z) + u_fU
	0x56, 0x44, 0x69, 0x73, 0x74, 0x6f, 0x72, 0x74, 0x69, 0x6f, 0x6e, 0x55, 0x56, 0x5b, 0x67, 0x6c, // VDistortionUV[gl
	0x5f, 0x49, 0x6e, 0x73, 0x74, 0x61, 0x6e, 0x63, 0x65, 0x49, 0x44, 0x5d, 0x2e, 0x78, 0x2c, 0x20, // _InstanceID].x, 
	0x5f, 0x31, 0x30, 0x37, 0x33, 0x29, 0x3b, 0x0a, 0x20, 0x20, 0x20, 0x20, 0x66, 0x6c, 0x6f, 0x61, // _1073);.    floa
	0x74, 0x20, 0x5f, 0x31, 0x30, 0x39, 0x31, 0x20, 0x3d, 0x20, 0x28, 0x61, 0x5f, 0x74, 0x65, 0x78, // t _1091 = (a_tex
	0x63, 0x6f, 0x6f, 0x72, 0x64, 0x30, 0x2e, 0x79, 0x20, 0x2a, 0x20, 0x75, 0x5f, 0x66, 0x42, 0x6c, // coord0.y * u_fBl
	0x65, 0x6e, 0x64, 0x55, 0x56, 0x5b, 0x67, 0x6c, 0x5f, 0x49, 0x6e, 0x73, 0x74, 0x61, 0x6e, 0x63, // endUV[gl_Instanc
	0x65, 0x49, 0x44, 0x5d, 0x2e, 0x77, 0x29, 0x20, 0x2b, 0x20, 0x75, 0x5f, 0x66, 0x42, 0x6c, 0x65, // eID].w) + u_fBle
	0x6e, 0x64, 0x55, 0x56, 0x5b, 0x67, 0x6c, 0x5f, 0x49, 0x6e, 0x73, 0x74, 0x61, 0x6e, 0x63, 0x65, // ndUV[gl_Instance
	0x49, 0x44, 0x5d, 0x2e, 0x79, 0x3b, 0x0a, 0x20, 0x20, 0x20, 0x20, 0x66, 0x6c, 0x6f, 0x61, 0x74, // ID].y;.    float
	0x20, 0x5f, 0x31, 0x31, 0x30, 0x39, 0x20, 0x3d, 0x20, 0x28, 0x61, 0x5f, 0x74, 0x65, 0x78, 0x63, //  _1109 = (a_texc
	0x6f, 0x6f, 0x72, 0x64, 0x30, 0x2e, 0x79, 0x20, 0x2a, 0x20, 0x75, 0x5f, 0x66, 0x42, 0x6c, 0x65, // oord0.y * u_fBle
	0x6e, 0x64, 0x41, 0x6c, 0x70, 0x68, 0x61, 0x55, 0x56, 0x5b, 0x67, 0x6c, 0x5f, 0x49, 0x6e, 0x73, // ndAlphaUV[gl_Ins
	0x74, 0x61, 0x6e, 0x63, 0x65, 0x49, 0x44, 0x5d, 0x2e, 0x77, 0x29, 0x20, 0x2b, 0x20, 0x75, 0x5f, // tanceID].w) + u_
	0x66, 0x42, 0x6c, 0x65, 0x6e, 0x64, 0x41, 0x6c, 0x70, 0x68, 0x61, 0x55, 0x56, 0x5b, 0x67, 0x6c, // fBlendAlphaUV[gl
	0x5f, 0x49, 0x6e, 0x73, 0x74, 0x61, 0x6e, 0x63, 0x65, 0x49, 0x44, 0x5d, 0x2e, 0x79, 0x3b, 0x0a, // _InstanceID].y;.
	0x20, 0x20, 0x20, 0x20, 0x66, 0x6c, 0x6f, 0x61, 0x74, 0x20, 0x5f, 0x31, 0x31, 0x32, 0x37, 0x20, //     float _1127 
	0x3d, 0x20, 0x28, 0x61, 0x5f, 0x74, 0x65, 0x78, 0x63, 0x6f, 0x6f, 0x72, 0x64, 0x30, 0x2e, 0x79, // = (a_texcoord0.y
	0x20, 0x2a, 0x20, 0x75, 0x5f, 0x66, 0x42, 0x6c, 0x65, 0x6e, 0x64, 0x55, 0x56, 0x44, 0x69, 0x73, //  * u_fBlendUVDis
	0x74, 0x6f, 0x72, 0x74, 0x69, 0x6f, 0x6e, 0x55, 0x56, 0x5b, 0x67, 0x6c, 0x5f, 0x49, 0x6e, 0x73, // tortionUV[gl_Ins
	0x74, 0x61, 0x6e, 0x63, 0x65, 0x49, 0x44, 0x5d, 0x2e, 0x77, 0x29, 0x20, 0x2b, 0x20, 0x75, 0x5f, // tanceID].w) + u_
	0x66, 0x42, 0x6c, 0x65, 0x6e, 0x64, 0x55, 0x56, 0x44, 0x69, 0x73, 0x74, 0x6f, 0x72, 0x74, 0x69, // fBlendUVDistorti
	0x6f, 0x6e, 0x55, 0x56, 0x5b, 0x67, 0x6c, 0x5f, 0x49, 0x6e, 0x73, 0x74, 0x61, 0x6e, 0x63, 0x65, // onUV[gl_Instance
	0x49, 0x44, 0x5d, 0x2e, 0x79, 0x3b, 0x0a, 0x20, 0x20, 0x20, 0x20, 0x76, 0x65, 0x63, 0x34, 0x20, // ID].y;.    vec4 
	0x5f, 0x31, 0x37, 0x37, 0x34, 0x20, 0x3d, 0x20, 0x76, 0x65, 0x63, 0x34, 0x28, 0x28, 0x61, 0x5f, // _1774 = vec4((a_
	0x74, 0x65, 0x78, 0x63, 0x6f, 0x6f, 0x72, 0x64, 0x30, 0x2e, 0x78, 0x20, 0x2a, 0x20, 0x75, 0x5f, // texcoord0.x * u_
	0x66, 0x42, 0x6c, 0x65, 0x6e, 0x64, 0x41, 0x6c, 0x70, 0x68, 0x61, 0x55, 0x56, 0x5b, 0x67, 0x6c, // fBlendAlphaUV[gl
	0x5f, 0x49, 0x6e, 0x73, 0x74, 0x61, 0x6e, 0x63, 0x65, 0x49, 0x44, 0x5d, 0x2e, 0x7a, 0x29, 0x20, // _InstanceID].z) 
	0x2b, 0x20, 0x75, 0x5f, 0x66, 0x42, 0x6c, 0x65, 0x6e, 0x64, 0x41, 0x6c, 0x70, 0x68, 0x61, 0x55, // + u_fBlendAlphaU
	0x56, 0x5b, 0x67, 0x6c, 0x5f, 0x49, 0x6e, 0x73, 0x74, 0x61, 0x6e, 0x63, 0x65, 0x49, 0x44, 0x5d, // V[gl_InstanceID]
	0x2e, 0x78, 0x2c, 0x20, 0x5f, 0x31, 0x31, 0x30, 0x39, 0x2c, 0x20, 0x28, 0x61, 0x5f, 0x74, 0x65, // .x, _1109, (a_te
	0x78, 0x63, 0x6f, 0x6f, 0x72, 0x64, 0x30, 0x2e, 0x78, 0x20, 0x2a, 0x20, 0x75, 0x5f, 0x66, 0x42, // xcoord0.x * u_fB
	0x6c, 0x65, 0x6e, 0x64, 0x55, 0x56, 0x44, 0x69, 0x73, 0x74, 0x6f, 0x72, 0x74, 0x69, 0x6f, 0x6e, // lendUVDistortion
	0x55, 0x56, 0x5b, 0x67, 0x6c, 0x5f, 0x49, 0x6e, 0x73, 0x74, 0x61, 0x6e, 0x63, 0x65, 0x49, 0x44, // UV[gl_InstanceID
	0x5d, 0x2e, 0x7a, 0x29, 0x20, 0x2b, 0x20, 0x75, 0x5f, 0x66, 0x42, 0x6c, 0x65, 0x6e, 0x64, 0x55, // ].z) + u_fBlendU
	0x56, 0x44, 0x69, 0x73, 0x74, 0x6f, 0x72, 0x74, 0x69, 0x6f, 0x6e, 0x55, 0x56, 0x5b, 0x67, 0x6c, // VDistortionUV[gl
	0x5f, 0x49, 0x6e, 0x73, 0x74, 0x61, 0x6e, 0x63, 0x65, 0x49, 0x44, 0x5d, 0x2e, 0x78, 0x2c, 0x20, // _InstanceID].x, 
	0x5f, 0x31, 0x31, 0x32, 0x37, 0x29, 0x3b, 0x0a, 0x20, 0x20, 0x20, 0x20, 0x66, 0x6c, 0x6f, 0x61, // _1127);.    floa
	0x74, 0x20, 0x5f, 0x31, 0x37, 0x33, 0x35, 0x3b, 0x0a, 0x20, 0x20, 0x20, 0x20, 0x76, 0x65, 0x63, // t _1735;.    vec
	0x32, 0x20, 0x5f, 0x31, 0x37, 0x34, 0x32, 0x3b, 0x0a, 0x20, 0x20, 0x20, 0x20, 0x69, 0x66, 0x20, // 2 _1742;.    if 
	0x28, 0x75, 0x5f, 0x66, 0x6c, 0x69, 0x70, 0x62, 0x6f, 0x6f, 0x6b, 0x50, 0x61, 0x72, 0x61, 0x6d, // (u_flipbookParam
	0x65, 0x74, 0x65, 0x72, 0x31, 0x2e, 0x78, 0x20, 0x3e, 0x20, 0x30, 0x2e, 0x30, 0x29, 0x0a, 0x20, // eter1.x > 0.0). 
	0x20, 0x20, 0x20, 0x7b, 0x0a, 0x20, 0x20, 0x20, 0x20, 0x20, 0x20, 0x20, 0x20, 0x66, 0x6c, 0x6f, //    {.        flo
	0x61, 0x74, 0x20, 0x5f, 0x31, 0x32, 0x36, 0x35, 0x20, 0x3d, 0x20, 0x66, 0x6c, 0x6f, 0x6f, 0x72, // at _1265 = floor
	0x28, 0x75, 0x5f, 0x66, 0x46, 0x6c, 0x69, 0x70, 0x62, 0x6f, 0x6f, 0x6b, 0x49, 0x6e, 0x64, 0x65, // (u_fFlipbookInde
	0x78, 0x41, 0x6e, 0x64, 0x4e, 0x65, 0x78, 0x74, 0x52, 0x61, 0x74, 0x65, 0x5b, 0x67, 0x6c, 0x5f, // xAndNextRate[gl_
	0x49, 0x6e, 0x73, 0x74, 0x61, 0x6e, 0x63, 0x65, 0x49, 0x44, 0x5d, 0x2e, 0x78, 0x29, 0x3b, 0x0a, // InstanceID].x);.
	0x20, 0x20, 0x20, 0x20, 0x20, 0x20, 0x20, 0x20, 0x66, 0x6c, 0x6f, 0x61, 0x74, 0x20, 0x5f, 0x31, //         float _1
	0x32, 0x36, 0x38, 0x20, 0x3d, 0x20, 0x5f, 0x31, 0x32, 0x36, 0x35, 0x20, 0x2b, 0x20, 0x31, 0x2e, // 268 = _1265 + 1.
	0x30, 0x3b, 0x0a, 0x20, 0x20, 0x20, 0x20, 0x20, 0x20, 0x20, 0x20, 0x66, 0x6c, 0x6f, 0x61, 0x74, // 0;.        float
	0x20, 0x5f, 0x31, 0x32, 0x37, 0x31, 0x20, 0x3d, 0x20, 0x75, 0x5f, 0x66, 0x6c, 0x69, 0x70, 0x62, //  _1271 = u_flipb
	0x6f, 0x6f, 0x6b, 0x50, 0x61, 0x72, 0x61, 0x6d, 0x65, 0x74, 0x65, 0x72, 0x31, 0x2e, 0x7a, 0x20, // ookParameter1.z 
	0x2a, 0x20, 0x75, 0x5f, 0x66, 0x6c, 0x69, 0x70, 0x62, 0x6f, 0x6f, 0x6b, 0x50, 0x61, 0x72, 0x61, // * u_flipbookPara
	0x6d, 0x65, 0x74, 0x65, 0x72, 0x31, 0x2e, 0x77, 0x3b, 0x0a, 0x20, 0x20, 0x20, 0x20, 0x20, 0x20, // meter1.w;.      
	0x20, 0x20, 0x66, 0x6c, 0x6f, 0x61, 0x74, 0x20, 0x5f, 0x31, 0x37, 0x31, 0x31, 0x3b, 0x0a, 0x20, //   float _1711;. 
	0x20, 0x20, 0x20, 0x20, 0x20, 0x20, 0x20, 0x66, 0x6c, 0x6f, 0x61, 0x74, 0x20, 0x5f, 0x31, 0x37, //        float _17
	0x32, 0x34, 0x3b, 0x0a, 0x20, 0x20, 0x20, 0x20, 0x20, 0x20, 0x20, 0x20, 0x69, 0x66, 0x20, 0x28, // 24;.        if (
	0x75, 0x5f, 0x66, 0x6c, 0x69, 0x70, 0x62, 0x6f, 0x6f, 0x6b, 0x50, 0x61, 0x72, 0x61, 0x6d, 0x65, // u_flipbookParame
	0x74, 0x65, 0x72, 0x31, 0x2e, 0x79, 0x20, 0x3d, 0x3d, 0x20, 0x30, 0x2e, 0x30, 0x29, 0x0a, 0x20, // ter1.y == 0.0). 
	0x20, 0x20, 0x20, 0x20, 0x20, 0x20, 0x20, 0x7b, 0x0a, 0x20, 0x20, 0x20, 0x20, 0x20, 0x20, 0x20, //        {.       
	0x20, 0x20, 0x20, 0x20, 0x20, 0x66, 0x6c, 0x6f, 0x61, 0x74, 0x20, 0x5f, 0x31, 0x37, 0x31, 0x32, //      float _1712
	0x3b, 0x0a, 0x20, 0x20, 0x20, 0x20, 0x20, 0x20, 0x20, 0x20, 0x20, 0x20, 0x20, 0x20, 0x66, 0x6c, // ;.            fl
	0x6f, 0x61, 0x74, 0x20, 0x5f, 0x31, 0x37, 0x32, 0x35, 0x3b, 0x0a, 0x20, 0x20, 0x20, 0x20, 0x20, // oat _1725;.     
	0x20, 0x20, 0x20, 0x20, 0x20, 0x20, 0x20, 0x69, 0x66, 0x20, 0x28, 0x5f, 0x31, 0x32, 0x36, 0x38, //        if (_1268
	0x20, 0x3e, 0x3d, 0x20, 0x5f, 0x31, 0x32, 0x37, 0x31, 0x29, 0x0a, 0x20, 0x20, 0x20, 0x20, 0x20, //  >= _1271).     
	0x20, 0x20, 0x20, 0x20, 0x20, 0x20, 0x20, 0x7b, 0x0a, 0x20, 0x20, 0x20, 0x20, 0x20, 0x20, 0x20, //        {.       
	0x20, 0x20, 0x20, 0x20, 0x20, 0x20, 0x20, 0x20, 0x20, 0x66, 0x6c, 0x6f, 0x61, 0x74, 0x20, 0x5f, //          float _
	0x31, 0x32, 0x38, 0x30, 0x20, 0x3d, 0x20, 0x5f, 0x31, 0x32, 0x37, 0x31, 0x20, 0x2d, 0x20, 0x31, // 1280 = _1271 - 1
	0x2e, 0x30, 0x3b, 0x0a, 0x20, 0x20, 0x20, 0x20, 0x20, 0x20, 0x20, 0x20, 0x20, 0x20, 0x20, 0x20, // .0;.            
	0x20, 0x20, 0x20, 0x20, 0x5f, 0x31, 0x37, 0x32, 0x35, 0x20, 0x3d, 0x20, 0x5f, 0x31, 0x32, 0x38, //     _1725 = _128
	0x30, 0x3b, 0x0a, 0x20, 0x20, 0x20, 0x20, 0x20, 0x20, 0x20, 0x20, 0x20, 0x20, 0x20, 0x20, 0x20, // 0;.             
	0x20, 0x20, 0x20, 0x5f, 0x31, 0x37, 0x31, 0x32, 0x20, 0x3d, 0x20, 0x5f, 0x31, 0x32, 0x38, 0x30, //    _1712 = _1280
	0x3b, 0x0a, 0x20, 0x20, 0x20, 0x20, 0x20, 0x20, 0x20, 0x20, 0x20, 0x20, 0x20, 0x20, 0x7d, 0x0a, // ;.            }.
	0x20, 0x20, 0x20, 0x20, 0x20, 0x20, 0x20, 0x20, 0x20, 0x20, 0x20, 0x20, 0x65, 0x6c, 0x73, 0x65, //             else
	0x0a, 0x20, 0x20, 0x20, 0x20, 0x20, 0x20, 0x20, 0x20, 0x20, 0x20, 0x20, 0x20, 0x7b, 0x0a, 0x20, // .            {. 
	0x20, 0x20, 0x20, 0x20, 0x20, 0x20, 0x20, 0x20, 0x20, 0x20, 0x20, 0x20, 0x20, 0x20, 0x20, 0x5f, //                _
	0x31, 0x37, 0x32, 0x35, 0x20, 0x3d, 0x20, 0x5f, 0x31, 0x32, 0x36, 0x38, 0x3b, 0x0a, 0x20, 0x20, // 1725 = _1268;.  
	0x20, 0x20, 0x20, 0x20, 0x20, 0x20, 0x20, 0x20, 0x20, 0x20, 0x20, 0x20, 0x20, 0x20, 0x5f, 0x31, //               _1
	0x37, 0x31, 0x32, 0x20, 0x3d, 0x20, 0x5f, 0x31, 0x32, 0x36, 0x35, 0x3b, 0x0a, 0x20, 0x20, 0x20, // 712 = _1265;.   
	0x20, 0x20, 0x20, 0x20, 0x20, 0x20, 0x20, 0x20, 0x20, 0x7d, 0x0a, 0x20, 0x20, 0x20, 0x20, 0x20, //          }.     
	0x20, 0x20, 0x20, 0x20, 0x20, 0x20, 0x20, 0x5f, 0x31, 0x37, 0x32, 0x34, 0x20, 0x3d, 0x20, 0x5f, //        _1724 = _
	0x31, 0x37, 0x32, 0x35, 0x3b, 0x0a, 0x20, 0x20, 0x20, 0x20, 0x20, 0x20, 0x20, 0x20, 0x20, 0x20, // 1725;.          
	0x20, 0x20, 0x5f, 0x31, 0x37, 0x31, 0x31, 0x20, 0x3d, 0x20, 0x5f, 0x31, 0x37, 0x31, 0x32, 0x3b, //   _1711 = _1712;
	0x0a, 0x20, 0x20, 0x20, 0x20, 0x20, 0x20, 0x20, 0x20, 0x7d, 0x0a, 0x20, 0x20, 0x20, 0x20, 0x20, // .        }.     
	0x20, 0x20, 0x20, 0x65, 0x6c, 0x73, 0x65, 0x0a, 0x20, 0x20, 0x20, 0x20, 0x20, 0x20, 0x20, 0x20, //    else.        
	0x7b, 0x0a, 0x20, 0x20, 0x20, 0x20, 0x20, 0x20, 0x20, 0x20, 0x20, 0x20, 0x20, 0x20, 0x66, 0x6c, // {.            fl
	0x6f, 0x61, 0x74, 0x20, 0x5f, 0x31, 0x37, 0x31, 0x33, 0x3b, 0x0a, 0x20, 0x20, 0x20, 0x20, 0x20, // oat _1713;.     
	0x20, 0x20, 0x20, 0x20, 0x20, 0x20, 0x20, 0x66, 0x6c, 0x6f, 0x61, 0x74, 0x20, 0x5f, 0x31, 0x37, //        float _17
	0x32, 0x36, 0x3b, 0x0a, 0x20, 0x20, 0x20, 0x20, 0x20, 0x20, 0x20, 0x20, 0x20, 0x20, 0x20, 0x20, // 26;.            
	0x69, 0x66, 0x20, 0x28, 0x75, 0x5f, 0x66, 0x6c, 0x69, 0x70, 0x62, 0x6f, 0x6f, 0x6b, 0x50, 0x61, // if (u_flipbookPa
	0x72, 0x61, 0x6d, 0x65, 0x74, 0x65, 0x72, 0x31, 0x2e, 0x79, 0x20, 0x3d, 0x3d, 0x20, 0x31, 0x2e, // rameter1.y == 1.
	0x30, 0x29, 0x0a, 0x20, 0x20, 0x20, 0x20, 0x20, 0x20, 0x20, 0x20, 0x20, 0x20, 0x20, 0x20, 0x7b, // 0).            {
	0x0a, 0x20, 0x20, 0x20, 0x20, 0x20, 0x20, 0x20, 0x20, 0x20, 0x20, 0x20, 0x20, 0x20, 0x20, 0x20, // .               
	0x20, 0x5f, 0x31, 0x37, 0x32, 0x36, 0x20, 0x3d, 0x20, 0x6d, 0x6f, 0x64, 0x28, 0x5f, 0x31, 0x32, //  _1726 = mod(_12
	0x36, 0x38, 0x2c, 0x20, 0x5f, 0x31, 0x32, 0x37, 0x31, 0x29, 0x3b, 0x0a, 0x20, 0x20, 0x20, 0x20, // 68, _1271);.    
	0x20, 0x20, 0x20, 0x20, 0x20, 0x20, 0x20, 0x20, 0x20, 0x20, 0x20, 0x20, 0x5f, 0x31, 0x37, 0x31, //             _171
	0x33, 0x20, 0x3d, 0x20, 0x6d, 0x6f, 0x64, 0x28, 0x5f, 0x31, 0x32, 0x36, 0x35, 0x2c, 0x20, 0x5f, // 3 = mod(_1265, _
	0x31, 0x32, 0x37, 0x31, 0x29, 0x3b, 0x0a, 0x20, 0x20, 0x20, 0x20, 0x20, 0x20, 0x20, 0x20, 0x20, // 1271);.         
	0x20, 0x20, 0x20, 0x7d, 0x0a, 0x20, 0x20, 0x20, 0x20, 0x20, 0x20, 0x20, 0x20, 0x20, 0x20, 0x20, //    }.           
	0x20, 0x65, 0x6c, 0x73, 0x65, 0x0a, 0x20, 0x20, 0x20, 0x20, 0x20, 0x20, 0x20, 0x20, 0x20, 0x20, //  else.          
	0x20, 0x20, 0x7b, 0x0a, 0x20, 0x20, 0x20, 0x20, 0x20, 0x20, 0x20, 0x20, 0x20, 0x20, 0x20, 0x20, //   {.            
	0x20, 0x20, 0x20, 0x20, 0x66, 0x6c, 0x6f, 0x61, 0x74, 0x20, 0x5f, 0x31, 0x37, 0x31, 0x34, 0x3b, //     float _1714;
	0x0a, 0x20, 0x20, 0x20, 0x20, 0x20, 0x20, 0x20, 0x20, 0x20, 0x20, 0x20, 0x20, 0x20, 0x20, 0x20, // .               
	0x20, 0x66, 0x6c, 0x6f, 0x61, 0x74, 0x20, 0x5f, 0x31, 0x37, 0x32, 0x37, 0x3b, 0x0a, 0x20, 0x20, //  float _1727;.  
	0x20, 0x20, 0x20, 0x20, 0x20, 0x20, 0x20, 0x20, 0x20, 0x20, 0x20, 0x20, 0x20, 0x20, 0x69, 0x66, //               if
	0x20, 0x28, 0x75, 0x5f, 0x66, 0x6c, 0x69, 0x70, 0x62, 0x6f, 0x6f, 0x6b, 0x50, 0x61, 0x72, 0x61, //  (u_flipbookPara
	0x6d, 0x65, 0x74, 0x65, 0x72, 0x31, 0x2e, 0x79, 0x20, 0x3d, 0x3d, 0x20, 0x32, 0x2e, 0x30, 0x29, // meter1.y == 2.0)
	0x0a, 0x20, 0x20, 0x20, 0x20, 0x20, 0x20, 0x20, 0x20, 0x20, 0x20, 0x20, 0x20, 0x20, 0x20, 0x20, // .               
	0x20, 0x7b, 0x0a, 0x20, 0x20, 0x20, 0x20, 0x20, 0x20, 0x20, 0x20, 0x20, 0x20, 0x20, 0x20, 0x20, //  {.             
	0x20, 0x20, 0x20, 0x20, 0x20, 0x20, 0x20, 0x66, 0x6c, 0x6f, 0x61, 0x74, 0x20, 0x5f, 0x31, 0x33, //        float _13
	0x30, 0x36, 0x20, 0x3d, 0x20, 0x6d, 0x6f, 0x64, 0x28, 0x5f, 0x31, 0x32, 0x36, 0x35, 0x2c, 0x20, // 06 = mod(_1265, 
	0x5f, 0x31, 0x32, 0x37, 0x31, 0x29, 0x3b, 0x0a, 0x20, 0x20, 0x20, 0x20, 0x20, 0x20, 0x20, 0x20, // _1271);.        
	0x20, 0x20, 0x20, 0x20, 0x20, 0x20, 0x20, 0x20, 0x20, 0x20, 0x20, 0x20, 0x66, 0x6c, 0x6f, 0x61, //             floa
	0x74, 0x20, 0x5f, 0x31, 0x37, 0x31, 0x36, 0x3b, 0x0a, 0x20, 0x20, 0x20, 0x20, 0x20, 0x20, 0x20, // t _1716;.       
	0x20, 0x20, 0x20, 0x20, 0x20, 0x20, 0x20, 0x20, 0x20, 0x20, 0x20, 0x20, 0x20, 0x69, 0x66, 0x20, //              if 
	0x28, 0x6d, 0x6f, 0x64, 0x28, 0x66, 0x6c, 0x6f, 0x6f, 0x72, 0x28, 0x5f, 0x31, 0x32, 0x36, 0x35, // (mod(floor(_1265
	0x20, 0x2f, 0x20, 0x5f, 0x31, 0x32, 0x37, 0x31, 0x29, 0x2c, 0x20, 0x32, 0x2e, 0x30, 0x29, 0x20, //  / _1271), 2.0) 
	0x3d, 0x3d, 0x20, 0x31, 0x2e, 0x30, 0x29, 0x0a, 0x20, 0x20, 0x20, 0x20, 0x20, 0x20, 0x20, 0x20, // == 1.0).        
	0x20, 0x20, 0x20, 0x20, 0x20, 0x20, 0x20, 0x20, 0x20, 0x20, 0x20, 0x20, 0x7b, 0x0a, 0x20, 0x20, //             {.  
	0x20, 0x20, 0x20, 0x20, 0x20, 0x20, 0x20, 0x20, 0x20, 0x20, 0x20, 0x20, 0x20, 0x20, 0x20, 0x20, //                 
	0x20, 0x20, 0x20, 0x20, 0x20, 0x20, 0x5f, 0x31, 0x37, 0x31, 0x36, 0x20, 0x3d, 0x20, 0x28, 0x5f, //       _1716 = (_
	0x31, 0x32, 0x37, 0x31, 0x20, 0x2d, 0x20, 0x31, 0x2e, 0x30, 0x29, 0x20, 0x2d, 0x20, 0x66, 0x6c, // 1271 - 1.0) - fl
	0x6f, 0x6f, 0x72, 0x28, 0x5f, 0x31, 0x33, 0x30, 0x36, 0x29, 0x3b, 0x0a, 0x20, 0x20, 0x20, 0x20, // oor(_1306);.    
	0x20, 0x20, 0x20, 0x20, 0x20, 0x20, 0x20, 0x20, 0x20, 0x20, 0x20, 0x20, 0x20, 0x20, 0x20, 0x20, //                 
	0x7d, 0x0a, 0x20, 0x20, 0x20, 0x20, 0x20, 0x20, 0x20, 0x20, 0x20, 0x20, 0x20, 0x20, 0x20, 0x20, // }.              
	0x20, 0x20, 0x20, 0x20, 0x20, 0x20, 0x65, 0x6c, 0x73, 0x65, 0x0a, 0x20, 0x20, 0x20, 0x20, 0x20, //       else.     
	0x20, 0x20, 0x20, 0x20, 0x20, 0x20, 0x20, 0x20, 0x20, 0x20, 0x20, 0x20, 0x20, 0x20, 0x20, 0x7b, //                {
	0x0a, 0x20, 0x20, 0x20, 0x20, 0x20, 0x20, 0x20, 0x20, 0x20, 0x20, 0x20, 0x20, 0x20, 0x20, 0x20, // .               
	0x20, 0x20, 0x20, 0x20, 0x20, 0x20, 0x20, 0x20, 0x20, 0x5f, 0x31, 0x37, 0x31, 0x36, 0x20, 0x3d, //          _1716 =
	0x20, 0x5f, 0x31, 0x33, 0x30, 0x36, 0x3b, 0x0a, 0x20, 0x20, 0x20, 0x20, 0x20, 0x20, 0x20, 0x20, //  _1306;.        
	0x20, 0x20, 0x20, 0x20, 0x20, 0x20, 0x20, 0x20, 0x20, 0x20, 0x20, 0x20, 0x7d, 0x0a, 0x20, 0x20, //             }.  
	0x20, 0x20, 0x20, 0x20, 0x20, 0x20, 0x20, 0x20, 0x20, 0x20, 0x20, 0x20, 0x20, 0x20, 0x20, 0x20, //                 
	0x20, 0x20, 0x66, 0x6c, 0x6f, 0x61, 0x74, 0x20, 0x5f, 0x31, 0x33, 0x32, 0x33, 0x20, 0x3d, 0x20, //   float _1323 = 
	0x6d, 0x6f, 0x64, 0x28, 0x5f, 0x31, 0x32, 0x36, 0x38, 0x2c, 0x20, 0x5f, 0x31, 0x32, 0x37, 0x31, // mod(_1268, _1271
	0x29, 0x3b, 0x0a, 0x20, 0x20, 0x20, 0x20, 0x20, 0x20, 0x20, 0x20, 0x20, 0x20, 0x20, 0x20, 0x20, // );.             
	0x20, 0x20, 0x20, 0x20, 0x20, 0x20, 0x20, 0x66, 0x6c, 0x6f, 0x61, 0x74, 0x20, 0x5f, 0x31, 0x37, //        float _17
	0x32, 0x38, 0x3b, 0x0a, 0x20, 0x20, 0x20, 0x20, 0x20, 0x20, 0x20, 0x20, 0x20, 0x20, 0x20, 0x20, // 28;.            
	0x20, 0x20, 0x20, 0x20, 0x20, 0x20, 0x20, 0x20, 0x69, 0x66, 0x20, 0x28, 0x6d, 0x6f, 0x64, 0x28, //         if (mod(
	0x66, 0x6c, 0x6f, 0x6f, 0x72, 0x28, 0x5f, 0x31, 0x32, 0x36, 0x38, 0x20, 0x2f, 0x20, 0x5f, 0x31, // floor(_1268 / _1
	0x32, 0x37, 0x31, 0x29, 0x2c, 0x20, 0x32, 0x2e, 0x30, 0x29, 0x20, 0x3d, 0x3d, 0x20, 0x31, 0x2e, // 271), 2.0) == 1.
	0x30, 0x29, 0x0a, 0x20, 0x20, 0x20, 0x20, 0x20, 0x20, 0x20, 0x20, 0x20, 0x20, 0x20, 0x20, 0x20, // 0).             
	0x20, 0x20, 0x20, 0x20, 0x20, 0x20, 0x20, 0x7b, 0x0a, 0x20, 0x20, 0x20, 0x20, 0x20, 0x20, 0x20, //        {.       
	0x20, 0x20, 0x20, 0x20, 0x20, 0x20, 0x20, 0x20, 0x20, 0x20, 0x20, 0x20, 0x20, 0x20, 0x20, 0x20, //                 
	0x20, 0x5f, 0x31, 0x37, 0x32, 0x38, 0x20, 0x3d, 0x20, 0x28, 0x5f, 0x31, 0x32, 0x37, 0x31, 0x20, //  _1728 = (_1271 
	0x2d, 0x20, 0x31, 0x2e, 0x30, 0x29, 0x20, 0x2d, 0x20, 0x66, 0x6c, 0x6f, 0x6f, 0x72, 0x28, 0x5f, // - 1.0) - floor(_
	0x31, 0x33, 0x32, 0x33, 0x29, 0x3b, 0x0a, 0x20, 0x20, 0x20, 0x20, 0x20, 0x20, 0x20, 0x20, 0x20, // 1323);.         
	0x20, 0x20, 0x20, 0x20, 0x20, 0x20, 0x20, 0x20, 0x20, 0x20, 0x20, 0x7d, 0x0a, 0x20, 0x20, 0x20, //            }.   
	0x20, 0x20, 0x20, 0x20, 0x20, 0x20, 0x20, 0x20, 0x20, 0x20, 0x20, 0x20, 0x20, 0x20, 0x20, 0x20, //                 
	0x20, 0x65, 0x6c, 0x73, 0x65, 0x0a, 0x20, 0x20, 0x20, 0x20, 0x20, 0x20, 0x20, 0x20, 0x20, 0x20, //  else.          
	0x20, 0x20, 0x20, 0x20, 0x20, 0x20, 0x20, 0x20, 0x20, 0x20, 0x7b, 0x0a, 0x20, 0x20, 0x20, 0x20, //           {.    
	0x20, 0x20, 0x20, 0x20, 0x20, 0x20, 0x20, 0x20, 0x20, 0x20, 0x20, 0x20, 0x20, 0x20, 0x20, 0x20, //                 
	0x20, 0x20, 0x20, 0x20, 0x5f, 0x31, 0x37, 0x32, 0x38, 0x20, 0x3d, 0x20, 0x5f, 0x31, 0x33, 0x32, //     _1728 = _132
	0x33, 0x3b, 0x0a, 0x20, 0x20, 0x20, 0x20, 0x20, 0x20, 0x20, 0x20, 0x20, 0x20, 0x20, 0x20, 0x20, // 3;.             
	0x20, 0x20, 0x20, 0x20, 0x20, 0x20, 0x20, 0x7d, 0x0a, 0x20, 0x20, 0x20, 0x20, 0x20, 0x20, 0x20, //        }.       
	0x20, 0x20, 0x20, 0x20, 0x20, 0x20, 0x20, 0x20, 0x20, 0x20, 0x20, 0x20, 0x20, 0x5f, 0x31, 0x37, //              _17
	0x32, 0x37, 0x20, 0x3d, 0x20, 0x5f, 0x31, 0x37, 0x32, 0x38, 0x3b, 0x0a, 0x20, 0x20, 0x20, 0x20, // 27 = _1728;.    
	0x20, 0x20, 0x20, 0x20, 0x20, 0x20, 0x20, 0x20, 0x20, 0x20, 0x20, 0x20, 0x20, 0x20, 0x20, 0x20, //                 
	0x5f, 0x31, 0x37, 0x31, 0x34, 0x20, 0x3d, 0x20, 0x5f, 0x31, 0x37, 0x31, 0x36, 0x3b, 0x0a, 0x20, // _1714 = _1716;. 
	0x20, 0x20, 0x20, 0x20, 0x20, 0x20, 0x20, 0x20, 0x20, 0x20, 0x20, 0x20, 0x20, 0x20, 0x20, 0x7d, //                }
	0x0a, 0x20, 0x20, 0x20, 0x20, 0x20, 0x20, 0x20, 0x20, 0x20, 0x20, 0x20, 0x20, 0x20, 0x20, 0x20, // .               
	0x20, 0x65, 0x6c, 0x73, 0x65, 0x0a, 0x20, 0x20, 0x20, 0x20, 0x20, 0x20, 0x20, 0x20, 0x20, 0x20, //  else.          
	0x20, 0x20, 0x20, 0x20, 0x20, 0x20, 0x7b, 0x0a, 0x20, 0x20, 0x20, 0x20, 0x20, 0x20, 0x20, 0x20, //       {.        
	0x20, 0x20, 0x20, 0x20, 0x20, 0x20, 0x20, 0x20, 0x20, 0x20, 0x20, 0x20, 0x5f, 0x31, 0x37, 0x32, //             _172
	0x37, 0x20, 0x3d, 0x20, 0x5f, 0x31, 0x32, 0x36, 0x38, 0x3b, 0x0a, 0x20, 0x20, 0x20, 0x20, 0x20, // 7 = _1268;.     
	0x20, 0x20, 0x20, 0x20, 0x20, 0x20, 0x20, 0x20, 0x20, 0x20, 0x20, 0x20, 0x20, 0x20, 0x20, 0x5f, //                _
	0x31, 0x37, 0x31, 0x34, 0x20, 0x3d, 0x20, 0x5f, 0x31, 0x32, 0x36, 0x35, 0x3b, 0x0a, 0x20, 0x20, // 1714 = _1265;.  
	0x20, 0x20, 0x20, 0x20, 0x20, 0x20, 0x20, 0x20, 0x20, 0x20, 0x20, 0x20, 0x20, 0x20, 0x7d, 0x0a, //               }.
	0x20, 0x20, 0x20, 0x20, 0x20, 0x20, 0x20, 0x20, 0x20, 0x20, 0x20, 0x20, 0x20, 0x20, 0x20, 0x20, //                 
	0x5f, 0x31, 0x37, 0x32, 0x36, 0x20, 0x3d, 0x20, 0x5f, 0x31, 0x37, 0x32, 0x37, 0x3b, 0x0a, 0x20, // _1726 = _1727;. 
	0x20, 0x20, 0x20, 0x20, 0x20, 0x20, 0x20, 0x20, 0x20, 0x20, 0x20, 0x20, 0x20, 0x20, 0x20, 0x5f, //                _
	0x31, 0x37, 0x31, 0x33, 0x20, 0x3d, 0x20, 0x5f, 0x31, 0x37, 0x31, 0x34, 0x3b, 0x0a, 0x20, 0x20, // 1713 = _1714;.  
	0x20, 0x20, 0x20, 0x20, 0x20, 0x20, 0x20, 0x20, 0x20, 0x20, 0x7d, 0x0a, 0x20, 0x20, 0x20, 0x20, //           }.    
	0x20, 0x20, 0x20, 0x20, 0x20, 0x20, 0x20, 0x20, 0x5f, 0x31, 0x37, 0x32, 0x34, 0x20, 0x3d, 0x20, //         _1724 = 
	0x5f, 0x31, 0x37, 0x32, 0x36, 0x3b, 0x0a, 0x20, 0x20, 0x20, 0x20, 0x20, 0x20, 0x20, 0x20, 0x20, // _1726;.         
	0x20, 0x20, 0x20, 0x5f, 0x31, 0x37, 0x31, 0x31, 0x20, 0x3d, 0x20, 0x5f, 0x31, 0x37, 0x31, 0x33, //    _1711 = _1713
	0x3b, 0x0a, 0x20, 0x20, 0x20, 0x20, 0x20, 0x20, 0x20, 0x20, 0x7d, 0x0a, 0x20, 0x20, 0x20, 0x20, // ;.        }.    
	0x20, 0x20, 0x20, 0x20, 0x5f, 0x39, 0x39, 0x34, 0x2e, 0x79, 0x20, 0x3d, 0x20, 0x75, 0x5f, 0x6d, //     _994.y = u_m
	0x55, 0x56, 0x49, 0x6e, 0x76, 0x65, 0x72, 0x73, 0x65, 0x64, 0x2e, 0x78, 0x20, 0x2b, 0x20, 0x28, // UVInversed.x + (
	0x75, 0x5f, 0x6d, 0x55, 0x56, 0x49, 0x6e, 0x76, 0x65, 0x72, 0x73, 0x65, 0x64, 0x2e, 0x79, 0x20, // u_mUVInversed.y 
	0x2a, 0x20, 0x5f, 0x39, 0x33, 0x32, 0x29, 0x3b, 0x0a, 0x20, 0x20, 0x20, 0x20, 0x20, 0x20, 0x20, // * _932);.       
	0x20, 0x69, 0x6e, 0x74, 0x20, 0x5f, 0x31, 0x33, 0x38, 0x32, 0x20, 0x3d, 0x20, 0x69, 0x6e, 0x74, //  int _1382 = int
	0x28, 0x5f, 0x31, 0x37, 0x31, 0x31, 0x29, 0x3b, 0x0a, 0x20, 0x20, 0x20, 0x20, 0x20, 0x20, 0x20, // (_1711);.       
	0x20, 0x69, 0x6e, 0x74, 0x20, 0x5f, 0x31, 0x33, 0x38, 0x35, 0x20, 0x3d, 0x20, 0x69, 0x6e, 0x74, //  int _1385 = int
	0x28, 0x75, 0x5f, 0x66, 0x6c, 0x69, 0x70, 0x62, 0x6f, 0x6f, 0x6b, 0x50, 0x61, 0x72, 0x61, 0x6d, // (u_flipbookParam
	0x65, 0x74, 0x65, 0x72, 0x31, 0x2e, 0x7a, 0x29, 0x3b, 0x0a, 0x20, 0x20, 0x20, 0x20, 0x20, 0x20, // eter1.z);.      
	0x20, 0x20, 0x66, 0x6c, 0x6f, 0x61, 0x74, 0x20, 0x5f, 0x31, 0x33, 0x38, 0x36, 0x20, 0x3d, 0x20, //   float _1386 = 
	0x66, 0x6c, 0x6f, 0x61, 0x74, 0x28, 0x5f, 0x31, 0x33, 0x38, 0x35, 0x29, 0x3b, 0x0a, 0x20, 0x20, // float(_1385);.  
	0x20, 0x20, 0x20, 0x20, 0x20, 0x20, 0x69, 0x6e, 0x74, 0x20, 0x5f, 0x31, 0x34, 0x30, 0x38, 0x20, //       int _1408 
	0x3d, 0x20, 0x69, 0x6e, 0x74, 0x28, 0x5f, 0x31, 0x37, 0x32, 0x34, 0x29, 0x3b, 0x0a, 0x20, 0x20, // = int(_1724);.  
	0x20, 0x20, 0x20, 0x20, 0x20, 0x20, 0x76, 0x65, 0x63, 0x32, 0x20, 0x5f, 0x31, 0x34, 0x32, 0x38, //       vec2 _1428
	0x20, 0x3d, 0x20, 0x28, 0x28, 0x5f, 0x39, 0x39, 0x34, 0x20, 0x2d, 0x20, 0x28, 0x28, 0x76, 0x65, //  = ((_994 - ((ve
	0x63, 0x32, 0x28, 0x6d, 0x6f, 0x64, 0x28, 0x66, 0x6c, 0x6f, 0x61, 0x74, 0x28, 0x5f, 0x31, 0x33, // c2(mod(float(_13
	0x38, 0x32, 0x29, 0x2c, 0x20, 0x5f, 0x31, 0x33, 0x38, 0x36, 0x29, 0x2c, 0x20, 0x66, 0x6c, 0x6f, // 82), _1386), flo
	0x61, 0x74, 0x28, 0x5f, 0x31, 0x33, 0x38, 0x32, 0x20, 0x2f, 0x20, 0x5f, 0x31, 0x33, 0x38, 0x35, // at(_1382 / _1385
	0x29, 0x29, 0x20, 0x2a, 0x20, 0x75, 0x5f, 0x66, 0x6c, 0x69, 0x70, 0x62, 0x6f, 0x6f, 0x6b, 0x50, // )) * u_flipbookP
	0x61, 0x72, 0x61, 0x6d, 0x65, 0x74, 0x65, 0x72, 0x32, 0x2e, 0x78, 0x79, 0x29, 0x20, 0x2b, 0x20, // arameter2.xy) + 
	0x75, 0x5f, 0x66, 0x6c, 0x69, 0x70, 0x62, 0x6f, 0x6f, 0x6b, 0x50, 0x61, 0x72, 0x61, 0x6d, 0x65, // u_flipbookParame
	0x74, 0x65, 0x72, 0x32, 0x2e, 0x7a, 0x77, 0x29, 0x29, 0x20, 0x2b, 0x20, 0x28, 0x76, 0x65, 0x63, // ter2.zw)) + (vec
	0x32, 0x28, 0x6d, 0x6f, 0x64, 0x28, 0x66, 0x6c, 0x6f, 0x61, 0x74, 0x28, 0x5f, 0x31, 0x34, 0x30, // 2(mod(float(_140
	0x38, 0x29, 0x2c, 0x20, 0x5f, 0x31, 0x33, 0x38, 0x36, 0x29, 0x2c, 0x20, 0x66, 0x6c, 0x6f, 0x61, // 8), _1386), floa
	0x74, 0x28, 0x5f, 0x31, 0x34, 0x30, 0x38, 0x20, 0x2f, 0x20, 0x5f, 0x31, 0x33, 0x38, 0x35, 0x29, // t(_1408 / _1385)
	0x29, 0x20, 0x2a, 0x20, 0x75, 0x5f, 0x66, 0x6c, 0x69, 0x70, 0x62, 0x6f, 0x6f, 0x6b, 0x50, 0x61, // ) * u_flipbookPa
	0x72, 0x61, 0x6d, 0x65, 0x74, 0x65, 0x72, 0x32, 0x2e, 0x78, 0x79, 0x29, 0x29, 0x20, 0x2b, 0x20, // rameter2.xy)) + 
	0x75, 0x5f, 0x66, 0x6c, 0x69, 0x70, 0x62, 0x6f, 0x6f, 0x6b, 0x50, 0x61, 0x72, 0x61, 0x6d, 0x65, // u_flipbookParame
	0x74, 0x65, 0x72, 0x32, 0x2e, 0x7a, 0x77, 0x3b, 0x0a, 0x20, 0x20, 0x20, 0x20, 0x20, 0x20, 0x20, // ter2.zw;.       
	0x20, 0x5f, 0x31, 0x34, 0x32, 0x38, 0x2e, 0x79, 0x20, 0x3d, 0x20, 0x75, 0x5f, 0x6d, 0x55, 0x56, //  _1428.y = u_mUV
	0x49, 0x6e, 0x76, 0x65, 0x72, 0x73, 0x65, 0x64, 0x2e, 0x78, 0x20, 0x2b, 0x20, 0x28, 0x75, 0x5f, // Inversed.x + (u_
	0x6d, 0x55, 0x56, 0x49, 0x6e, 0x76, 0x65, 0x72, 0x73, 0x65, 0x64, 0x2e, 0x79, 0x20, 0x2a, 0x20, // mUVInversed.y * 
	0x5f, 0x31, 0x34, 0x32, 0x38, 0x2e, 0x79, 0x29, 0x3b, 0x0a, 0x20, 0x20, 0x20, 0x20, 0x20, 0x20, // _1428.y);.      
	0x20, 0x20, 0x5f, 0x31, 0x37, 0x34, 0x32, 0x20, 0x3d, 0x20, 0x5f, 0x31, 0x34, 0x32, 0x38, 0x3b, //   _1742 = _1428;
	0x0a, 0x20, 0x20, 0x20, 0x20, 0x20, 0x20, 0x20, 0x20, 0x5f, 0x31, 0x37, 0x33, 0x35, 0x20, 0x3d, // .        _1735 =
	0x20, 0x66, 0x72, 0x61, 0x63, 0x74, 0x28, 0x75, 0x5f, 0x66, 0x46, 0x6c, 0x69, 0x70, 0x62, 0x6f, //  fract(u_fFlipbo
	0x6f, 0x6b, 0x49, 0x6e, 0x64, 0x65, 0x78, 0x41, 0x6e, 0x64, 0x4e, 0x65, 0x78, 0x74, 0x52, 0x61, // okIndexAndNextRa
	0x74, 0x65, 0x5b, 0x67, 0x6c, 0x5f, 0x49, 0x6e, 0x73, 0x74, 0x61, 0x6e, 0x63, 0x65, 0x49, 0x44, // te[gl_InstanceID
	0x5d, 0x2e, 0x78, 0x29, 0x3b, 0x0a, 0x20, 0x20, 0x20, 0x20, 0x7d, 0x0a, 0x20, 0x20, 0x20, 0x20, // ].x);.    }.    
	0x65, 0x6c, 0x73, 0x65, 0x0a, 0x20, 0x20, 0x20, 0x20, 0x7b, 0x0a, 0x20, 0x20, 0x20, 0x20, 0x20, // else.    {.     
	0x20, 0x20, 0x20, 0x5f, 0x31, 0x37, 0x34, 0x32, 0x20, 0x3d, 0x20, 0x76, 0x65, 0x63, 0x32, 0x28, //    _1742 = vec2(
	0x30, 0x2e, 0x30, 0x29, 0x3b, 0x0a, 0x20, 0x20, 0x20, 0x20, 0x20, 0x20, 0x20, 0x20, 0x5f, 0x31, // 0.0);.        _1
	0x37, 0x33, 0x35, 0x20, 0x3d, 0x20, 0x30, 0x2e, 0x30, 0x3b, 0x0a, 0x20, 0x20, 0x20, 0x20, 0x7d, // 735 = 0.0;.    }
	0x0a, 0x20, 0x20, 0x20, 0x20, 0x76, 0x65, 0x63, 0x34, 0x20, 0x5f, 0x31, 0x37, 0x37, 0x37, 0x20, // .    vec4 _1777 
	0x3d, 0x20, 0x76, 0x65, 0x63, 0x34, 0x28, 0x28, 0x61, 0x5f, 0x74, 0x65, 0x78, 0x63, 0x6f, 0x6f, // = vec4((a_texcoo
	0x72, 0x64, 0x30, 0x2e, 0x78, 0x20, 0x2a, 0x20, 0x75, 0x5f, 0x66, 0x42, 0x6c, 0x65, 0x6e, 0x64, // rd0.x * u_fBlend
	0x55, 0x56, 0x5b, 0x67, 0x6c, 0x5f, 0x49, 0x6e, 0x73, 0x74, 0x61, 0x6e, 0x63, 0x65, 0x49, 0x44, // UV[gl_InstanceID
	0x5d, 0x2e, 0x7a, 0x29, 0x20, 0x2b, 0x20, 0x75, 0x5f, 0x66, 0x42, 0x6c, 0x65, 0x6e, 0x64, 0x55, // ].z) + u_fBlendU
	0x56, 0x5b, 0x67, 0x6c, 0x5f, 0x49, 0x6e, 0x73, 0x74, 0x61, 0x6e, 0x63, 0x65, 0x49, 0x44, 0x5d, // V[gl_InstanceID]
	0x2e, 0x78, 0x2c, 0x20, 0x5f, 0x31, 0x30, 0x39, 0x31, 0x2c, 0x20, 0x5f, 0x31, 0x37, 0x34, 0x32, // .x, _1091, _1742
	0x29, 0x3b, 0x0a, 0x20, 0x20, 0x20, 0x20, 0x5f, 0x31, 0x37, 0x37, 0x33, 0x2e, 0x79, 0x20, 0x3d, // );.    _1773.y =
	0x20, 0x75, 0x5f, 0x6d, 0x55, 0x56, 0x49, 0x6e, 0x76, 0x65, 0x72, 0x73, 0x65, 0x64, 0x2e, 0x78, //  u_mUVInversed.x
	0x20, 0x2b, 0x20, 0x28, 0x75, 0x5f, 0x6d, 0x55, 0x56, 0x49, 0x6e, 0x76, 0x65, 0x72, 0x73, 0x65, //  + (u_mUVInverse
	0x64, 0x2e, 0x79, 0x20, 0x2a, 0x20, 0x5f, 0x31, 0x30, 0x35, 0x35, 0x29, 0x3b, 0x0a, 0x20, 0x20, // d.y * _1055);.  
	0x20, 0x20, 0x5f, 0x31, 0x37, 0x37, 0x33, 0x2e, 0x77, 0x20, 0x3d, 0x20, 0x75, 0x5f, 0x6d, 0x55, //   _1773.w = u_mU
	0x56, 0x49, 0x6e, 0x76, 0x65, 0x72, 0x73, 0x65, 0x64, 0x2e, 0x78, 0x20, 0x2b, 0x20, 0x28, 0x75, // VInversed.x + (u
	0x5f, 0x6d, 0x55, 0x56, 0x49, 0x6e, 0x76, 0x65, 0x72, 0x73, 0x65, 0x64, 0x2e, 0x79, 0x20, 0x2a, // _mUVInversed.y *
	0x20, 0x5f, 0x31, 0x30, 0x37, 0x33, 0x29, 0x3b, 0x0a, 0x20, 0x20, 0x20, 0x20, 0x5f, 0x31, 0x37, //  _1073);.    _17
	0x37, 0x37, 0x2e, 0x79, 0x20, 0x3d, 0x20, 0x75, 0x5f, 0x6d, 0x55, 0x56, 0x49, 0x6e, 0x76, 0x65, // 77.y = u_mUVInve
	0x72, 0x73, 0x65, 0x64, 0x2e, 0x78, 0x20, 0x2b, 0x20, 0x28, 0x75, 0x5f, 0x6d, 0x55, 0x56, 0x49, // rsed.x + (u_mUVI
	0x6e, 0x76, 0x65, 0x72, 0x73, 0x65, 0x64, 0x2e, 0x79, 0x20, 0x2a, 0x20, 0x5f, 0x31, 0x30, 0x39, // nversed.y * _109
	0x31, 0x29, 0x3b, 0x0a, 0x20, 0x20, 0x20, 0x20, 0x5f, 0x31, 0x37, 0x37, 0x34, 0x2e, 0x79, 0x20, // 1);.    _1774.y 
	0x3d, 0x20, 0x75, 0x5f, 0x6d, 0x55, 0x56, 0x49, 0x6e, 0x76, 0x65, 0x72, 0x73, 0x65, 0x64, 0x2e, // = u_mUVInversed.
	0x78, 0x20, 0x2b, 0x20, 0x28, 0x75, 0x5f, 0x6d, 0x55, 0x56, 0x49, 0x6e, 0x76, 0x65, 0x72, 0x73, // x + (u_mUVInvers
	0x65, 0x64, 0x2e, 0x79, 0x20, 0x2a, 0x20, 0x5f, 0x31, 0x31, 0x30, 0x39, 0x29, 0x3b, 0x0a, 0x20, // ed.y * _1109);. 
	0x20, 0x20, 0x20, 0x5f, 0x31, 0x37, 0x37, 0x34, 0x2e, 0x77, 0x20, 0x3d, 0x20, 0x75, 0x5f, 0x6d, //    _1774.w = u_m
	0x55, 0x56, 0x49, 0x6e, 0x76, 0x65, 0x72, 0x73, 0x65, 0x64, 0x2e, 0x78, 0x20, 0x2b, 0x20, 0x28, // UVInversed.x + (
	0x75, 0x5f, 0x6d, 0x55, 0x56, 0x49, 0x6e, 0x76, 0x65, 0x72, 0x73, 0x65, 0x64, 0x2e, 0x79, 0x20, // u_mUVInversed.y 
	0x2a, 0x20, 0x5f, 0x31, 0x31, 0x32, 0x37, 0x29, 0x3b, 0x0a, 0x20, 0x20, 0x20, 0x20, 0x67, 0x6c, // * _1127);.    gl
	0x5f, 0x50, 0x6f, 0x73, 0x69, 0x74, 0x69, 0x6f, 0x6e, 0x20, 0x3d, 0x20, 0x5f, 0x39, 0x30, 0x33, // _Position = _903
	0x3b, 0x0a, 0x20, 0x20, 0x20, 0x20, 0x76, 0x5f, 0x55, 0x56, 0x5f, 0x4f, 0x74, 0x68, 0x65, 0x72, // ;.    v_UV_Other
	0x73, 0x20, 0x3d, 0x20, 0x76, 0x65, 0x63, 0x34, 0x28, 0x5f, 0x39, 0x31, 0x34, 0x2c, 0x20, 0x5f, // s = vec4(_914, _
	0x39, 0x33, 0x32, 0x2c, 0x20, 0x5f, 0x31, 0x37, 0x33, 0x35, 0x2c, 0x20, 0x75, 0x5f, 0x66, 0x4d, // 932, _1735, u_fM
	0x6f, 0x64, 0x65, 0x6c, 0x41, 0x6c, 0x70, 0x68, 0x61, 0x54, 0x68, 0x72, 0x65, 0x73, 0x68, 0x6f, // odelAlphaThresho
	0x6c, 0x64, 0x5b, 0x67, 0x6c, 0x5f, 0x49, 0x6e, 0x73, 0x74, 0x61, 0x6e, 0x63, 0x65, 0x49, 0x44, // ld[gl_InstanceID
	0x5d, 0x2e, 0x78, 0x29, 0x3b, 0x0a, 0x20, 0x20, 0x20, 0x20, 0x76, 0x5f, 0x50, 0x72, 0x6f, 0x6a, // ].x);.    v_Proj
	0x42, 0x69, 0x6e, 0x6f, 0x72, 0x6d, 0x61, 0x6c, 0x20, 0x3d, 0x20, 0x75, 0x5f, 0x6d, 0x43, 0x61, // Binormal = u_mCa
	0x6d, 0x65, 0x72, 0x61, 0x50, 0x72, 0x6f, 0x6a, 0x20, 0x2a, 0x20, 0x28, 0x5f, 0x39, 0x30, 0x30, // meraProj * (_900
	0x20, 0x2b, 0x20, 0x6e, 0x6f, 0x72, 0x6d, 0x61, 0x6c, 0x69, 0x7a, 0x65, 0x28, 0x75, 0x5f, 0x6d, //  + normalize(u_m
	0x4d, 0x6f, 0x64, 0x65, 0x6c, 0x5f, 0x49, 0x6e, 0x73, 0x74, 0x5b, 0x67, 0x6c, 0x5f, 0x49, 0x6e, // Model_Inst[gl_In
	0x73, 0x74, 0x61, 0x6e, 0x63, 0x65, 0x49, 0x44, 0x5d, 0x20, 0x2a, 0x20, 0x76, 0x65, 0x63, 0x34, // stanceID] * vec4
	0x28, 0x61, 0x5f, 0x62, 0x69, 0x74, 0x61, 0x6e, 0x67, 0x65, 0x6e, 0x74, 0x2c, 0x20, 0x30, 0x2e, // (a_bitangent, 0.
	0x30, 0x29, 0x29, 0x29, 0x3b, 0x0a, 0x20, 0x20, 0x20, 0x20, 0x76, 0x5f, 0x50, 0x72, 0x6f, 0x6a, // 0)));.    v_Proj
	0x54, 0x61, 0x6e, 0x67, 0x65, 0x6e, 0x74, 0x20, 0x3d, 0x20, 0x75, 0x5f, 0x6d, 0x43, 0x61, 0x6d, // Tangent = u_mCam
	0x65, 0x72, 0x61, 0x50, 0x72, 0x6f, 0x6a, 0x20, 0x2a, 0x20, 0x28, 0x5f, 0x39, 0x30, 0x30, 0x20, // eraProj * (_900 
	0x2b, 0x20, 0x6e, 0x6f, 0x72, 0x6d, 0x61, 0x6c, 0x69, 0x7a, 0x65, 0x28, 0x75, 0x5f, 0x6d, 0x4d, // + normalize(u_mM
	0x6f, 0x64, 0x65, 0x6c, 0x5f, 0x49, 0x6e, 0x73, 0x74, 0x5b, 0x67, 0x6c, 0x5f, 0x49, 0x6e, 0x73, // odel_Inst[gl_Ins
	0x74, 0x61, 0x6e, 0x63, 0x65, 0x49, 0x44, 0x5d, 0x20, 0x2a, 0x20, 0x76, 0x65, 0x63, 0x34, 0x28, // tanceID] * vec4(
	0x61, 0x5f, 0x74, 0x61, 0x6e, 0x67, 0x65, 0x6e, 0x74, 0x2c, 0x20, 0x30, 0x2e, 0x30, 0x29, 0x29, // a_tangent, 0.0))
	0x29, 0x3b, 0x0a, 0x20, 0x20, 0x20, 0x20, 0x76, 0x5f, 0x50, 0x6f, 0x73, 0x50, 0x20, 0x3d, 0x20, // );.    v_PosP = 
	0x5f, 0x39, 0x30, 0x33, 0x3b, 0x0a, 0x20, 0x20, 0x20, 0x20, 0x76, 0x5f, 0x43, 0x6f, 0x6c, 0x6f, // _903;.    v_Colo
	0x72, 0x20, 0x3d, 0x20, 0x75, 0x5f, 0x66, 0x4d, 0x6f, 0x64, 0x65, 0x6c, 0x43, 0x6f, 0x6c, 0x6f, // r = u_fModelColo
	0x72, 0x5b, 0x67, 0x6c, 0x5f, 0x49, 0x6e, 0x73, 0x74, 0x61, 0x6e, 0x63, 0x65, 0x49, 0x44, 0x5d, // r[gl_InstanceID]
	0x20, 0x2a, 0x20, 0x61, 0x5f, 0x63, 0x6f, 0x6c, 0x6f, 0x72, 0x30, 0x3b, 0x0a, 0x20, 0x20, 0x20, //  * a_color0;.   
	0x20, 0x76, 0x5f, 0x41, 0x6c, 0x70, 0x68, 0x61, 0x5f, 0x44, 0x69, 0x73, 0x74, 0x5f, 0x55, 0x56, //  v_Alpha_Dist_UV
	0x20, 0x3d, 0x20, 0x5f, 0x31, 0x37, 0x37, 0x33, 0x3b, 0x0a, 0x20, 0x20, 0x20, 0x20, 0x76, 0x5f, //  = _1773;.    v_
	0x42, 0x6c, 0x65, 0x6e, 0x64, 0x5f, 0x41, 0x6c, 0x70, 0x68, 0x61, 0x5f, 0x44, 0x69, 0x73, 0x74, // Blend_Alpha_Dist
	0x5f, 0x55, 0x56, 0x20, 0x3d, 0x20, 0x5f, 0x31, 0x37, 0x37, 0x34, 0x3b, 0x0a, 0x20, 0x20, 0x20, // _UV = _1774;.   
	0x20, 0x76, 0x5f, 0x42, 0x6c, 0x65, 0x6e, 0x64, 0x5f, 0x46, 0x42, 0x4e, 0x65, 0x78, 0x74, 0x49, //  v_Blend_FBNextI
	0x6e, 0x64, 0x65, 0x78, 0x5f, 0x55, 0x56, 0x20, 0x3d, 0x20, 0x5f, 0x31, 0x37, 0x37, 0x37, 0x3b, // ndex_UV = _1777;
	0x0a, 0x7d, 0x0a, 0x0a, 0x00,                                                                   // .}...
};
static const uint8_t ad_model_distortion_vs_spv[9054] =
{
	0x56, 0x53, 0x48, 0x0c, 0x00, 0x00, 0x00, 0x00, 0x0d, 0x11, 0x5f, 0xc2, 0x00, 0x00, 0x00, 0x00, // VSH......._.....
	0x00, 0x00, 0x00, 0x00, 0x0e, 0x00, 0x14, 0x75, 0x5f, 0x66, 0x6c, 0x69, 0x70, 0x62, 0x6f, 0x6f, // .......u_flipboo
	0x6b, 0x50, 0x61, 0x72, 0x61, 0x6d, 0x65, 0x74, 0x65, 0x72, 0x31, 0x02, 0x01, 0x40, 0x19, 0x01, // kParameter1..@..
	0x00, 0x00, 0x00, 0x00, 0x00, 0x14, 0x75, 0x5f, 0x66, 0x6c, 0x69, 0x70, 0x62, 0x6f, 0x6f, 0x6b, // ......u_flipbook
	0x50, 0x61, 0x72, 0x61, 0x6d, 0x65, 0x74, 0x65, 0x72, 0x32, 0x02, 0x01, 0x50, 0x19, 0x01, 0x00, // Parameter2..P...
	0x00, 0x00, 0x00, 0x00, 0x0d, 0x75, 0x5f, 0x6d, 0x55, 0x56, 0x49, 0x6e, 0x76, 0x65, 0x72, 0x73, // .....u_mUVInvers
	0x65, 0x64, 0x02, 0x01, 0xe0, 0x20, 0x01, 0x00, 0x00, 0x00, 0x00, 0x00, 0x0d, 0x75, 0x5f, 0x6d, // ed... .......u_m
	0x4d, 0x6f, 0x64, 0x65, 0x6c, 0x5f, 0x49, 0x6e, 0x73, 0x74, 0x04, 0x28, 0x40, 0x00, 0xa0, 0x00, // Model_Inst.(@...
	0x00, 0x00, 0x00, 0x00, 0x05, 0x75, 0x5f, 0x66, 0x55, 0x56, 0x02, 0x28, 0x40, 0x0a, 0x28, 0x00, // .....u_fUV.(@.(.
	0x00, 0x00, 0x00, 0x00, 0x0a, 0x75, 0x5f, 0x66, 0x41, 0x6c, 0x70, 0x68, 0x61, 0x55, 0x56, 0x02, // .....u_fAlphaUV.
	0x28, 0xc0, 0x0c, 0x28, 0x00, 0x00, 0x00, 0x00, 0x00, 0x11, 0x75, 0x5f, 0x66, 0x55, 0x56, 0x44, // (..(......u_fUVD
	0x69, 0x73, 0x74, 0x6f, 0x72, 0x74, 0x69, 0x6f, 0x6e, 0x55, 0x56, 0x02, 0x28, 0x40, 0x0f, 0x28, // istortionUV.(@.(
	0x00, 0x00, 0x00, 0x00, 0x00, 0x0a, 0x75, 0x5f, 0x66, 0x42, 0x6c, 0x65, 0x6e, 0x64, 0x55, 0x56, // ......u_fBlendUV
	0x02, 0x28, 0xc0, 0x11, 0x28, 0x00, 0x00, 0x00, 0x00, 0x00, 0x0f, 0x75, 0x5f, 0x66, 0x42, 0x6c, // .(..(......u_fBl
	0x65, 0x6e, 0x64, 0x41, 0x6c, 0x70, 0x68, 0x61, 0x55, 0x56, 0x02, 0x28, 0x40, 0x14, 0x28, 0x00, // endAlphaUV.(@.(.
	0x00, 0x00, 0x00, 0x00, 0x16, 0x75, 0x5f, 0x66, 0x42, 0x6c, 0x65, 0x6e, 0x64, 0x55, 0x56, 0x44, // .....u_fBlendUVD
	0x69, 0x73, 0x74, 0x6f, 0x72, 0x74, 0x69, 0x6f, 0x6e, 0x55, 0x56, 0x02, 0x28, 0xc0, 0x16, 0x28, // istortionUV.(..(
	0x00, 0x00, 0x00, 0x00, 0x00, 0x0d, 0x75, 0x5f, 0x66, 0x4d, 0x6f, 0x64, 0x65, 0x6c, 0x43, 0x6f, // ......u_fModelCo
	0x6c, 0x6f, 0x72, 0x02, 0x28, 0x60, 0x1e, 0x28, 0x00, 0x00, 0x00, 0x00, 0x00, 0x1b, 0x75, 0x5f, // lor.(`.(......u_
	0x66, 0x46, 0x6c, 0x69, 0x70, 0x62, 0x6f, 0x6f, 0x6b, 0x49, 0x6e, 0x64, 0x65, 0x78, 0x41, 0x6e, // fFlipbookIndexAn
	0x64, 0x4e, 0x65, 0x78, 0x74, 0x52, 0x61, 0x74, 0x65, 0x02, 0x28, 0x60, 0x19, 0x28, 0x00, 0x00, // dNextRate.(`.(..
	0x00, 0x00, 0x00, 0x16, 0x75, 0x5f, 0x66, 0x4d, 0x6f, 0x64, 0x65, 0x6c, 0x41, 0x6c, 0x70, 0x68, // ....u_fModelAlph
	0x61, 0x54, 0x68, 0x72, 0x65, 0x73, 0x68, 0x6f, 0x6c, 0x64, 0x02, 0x28, 0xe0, 0x1b, 0x28, 0x00, // aThreshold.(..(.
	0x00, 0x00, 0x00, 0x00, 0x0d, 0x75, 0x5f, 0x6d, 0x43, 0x61, 0x6d, 0x65, 0x72, 0x61, 0x50, 0x72, // .....u_mCameraPr
	0x6f, 0x6a, 0x04, 0x01, 0x00, 0x00, 0x04, 0x00, 0x00, 0x00, 0x00, 0x00, 0xbc, 0x21, 0x00, 0x00, // oj...........!..
	0x03, 0x02, 0x23, 0x07, 0x00, 0x00, 0x01, 0x00, 0x0b, 0x00, 0x08, 0x00, 0x0f, 0x08, 0x00, 0x00, // ..#.............
	0x00, 0x00, 0x00, 0x00, 0x11, 0x00, 0x02, 0x00, 0x01, 0x00, 0x00, 0x00, 0x0b, 0x00, 0x06, 0x00, // ................
	0x01, 0x00, 0x00, 0x00, 0x47, 0x4c, 0x53, 0x4c, 0x2e, 0x73, 0x74, 0x64, 0x2e, 0x34, 0x35, 0x30, // ....GLSL.std.450
	0x00, 0x00, 0x00, 0x00, 0x0e, 0x00, 0x03, 0x00, 0x00, 0x00, 0x00, 0x00, 0x01, 0x00, 0x00, 0x00, // ................
	0x0f, 0x00, 0x14, 0x00, 0x00, 0x00, 0x00, 0x00, 0x04, 0x00, 0x00, 0x00, 0x6d, 0x61, 0x69, 0x6e, // ............main
	0x00, 0x00, 0x00, 0x00, 0x42, 0x03, 0x00, 0x00, 0x46, 0x03, 0x00, 0x00, 0x4c, 0x03, 0x00, 0x00, // ....B...F...L...
	0x4f, 0x03, 0x00, 0x00, 0x53, 0x03, 0x00, 0x00, 0x57, 0x03, 0x00, 0x00, 0x6a, 0x03, 0x00, 0x00, // O...S...W...j...
	0x6d, 0x03, 0x00, 0x00, 0x70, 0x03, 0x00, 0x00, 0x73, 0x03, 0x00, 0x00, 0x76, 0x03, 0x00, 0x00, // m...p...s...v...
	0x79, 0x03, 0x00, 0x00, 0x7c, 0x03, 0x00, 0x00, 0x7f, 0x03, 0x00, 0x00, 0x82, 0x03, 0x00, 0x00, // y...|...........
	0x03, 0x00, 0x03, 0x00, 0x05, 0x00, 0x00, 0x00, 0xf4, 0x01, 0x00, 0x00, 0x05, 0x00, 0x04, 0x00, // ................
	0x04, 0x00, 0x00, 0x00, 0x6d, 0x61, 0x69, 0x6e, 0x00, 0x00, 0x00, 0x00, 0x05, 0x00, 0x06, 0x00, // ....main........
	0xca, 0x01, 0x00, 0x00, 0x55, 0x6e, 0x69, 0x66, 0x6f, 0x72, 0x6d, 0x42, 0x6c, 0x6f, 0x63, 0x6b, // ....UniformBlock
	0x00, 0x00, 0x00, 0x00, 0x06, 0x00, 0x07, 0x00, 0xca, 0x01, 0x00, 0x00, 0x00, 0x00, 0x00, 0x00, // ................
	0x75, 0x5f, 0x6d, 0x43, 0x61, 0x6d, 0x65, 0x72, 0x61, 0x50, 0x72, 0x6f, 0x6a, 0x00, 0x00, 0x00, // u_mCameraProj...
	0x06, 0x00, 0x07, 0x00, 0xca, 0x01, 0x00, 0x00, 0x01, 0x00, 0x00, 0x00, 0x75, 0x5f, 0x6d, 0x4d, // ............u_mM
	0x6f, 0x64, 0x65, 0x6c, 0x5f, 0x49, 0x6e, 0x73, 0x74, 0x00, 0x00, 0x00, 0x06, 0x00, 0x05, 0x00, // odel_Inst.......
	0xca, 0x01, 0x00, 0x00, 0x02, 0x00, 0x00, 0x00, 0x75, 0x5f, 0x66, 0x55, 0x56, 0x00, 0x00, 0x00, // ........u_fUV...
	0x06, 0x00, 0x06, 0x00, 0xca, 0x01, 0x00, 0x00, 0x03, 0x00, 0x00, 0x00, 0x75, 0x5f, 0x66, 0x41, // ............u_fA
	0x6c, 0x70, 0x68, 0x61, 0x55, 0x56, 0x00, 0x00, 0x06, 0x00, 0x08, 0x00, 0xca, 0x01, 0x00, 0x00, // lphaUV..........
	0x04, 0x00, 0x00, 0x00, 0x75, 0x5f, 0x66, 0x55, 0x56, 0x44, 0x69, 0x73, 0x74, 0x6f, 0x72, 0x74, // ....u_fUVDistort
	0x69, 0x6f, 0x6e, 0x55, 0x56, 0x00, 0x00, 0x00, 0x06, 0x00, 0x06, 0x00, 0xca, 0x01, 0x00, 0x00, // ionUV...........
	0x05, 0x00, 0x00, 0x00, 0x75, 0x5f, 0x66, 0x42, 0x6c, 0x65, 0x6e, 0x64, 0x55, 0x56, 0x00, 0x00, // ....u_fBlendUV..
	0x06, 0x00, 0x07, 0x00, 0xca, 0x01, 0x00, 0x00, 0x06, 0x00, 0x00, 0x00, 0x75, 0x5f, 0x66, 0x42, // ............u_fB
	0x6c, 0x65, 0x6e, 0x64, 0x41, 0x6c, 0x70, 0x68, 0x61, 0x55, 0x56, 0x00, 0x06, 0x00, 0x09, 0x00, // lendAlphaUV.....
	0xca, 0x01, 0x00, 0x00, 0x07, 0x00, 0x00, 0x00, 0x75, 0x5f, 0x66, 0x42, 0x6c, 0x65, 0x6e, 0x64, // ........u_fBlend
	0x55, 0x56, 0x44, 0x69, 0x73, 0x74, 0x6f, 0x72, 0x74, 0x69, 0x6f, 0x6e, 0x55, 0x56, 0x00, 0x00, // UVDistortionUV..
	0x06, 0x00, 0x09, 0x00, 0xca, 0x01, 0x00, 0x00, 0x08, 0x00, 0x00, 0x00, 0x75, 0x5f, 0x66, 0x6c, // ............u_fl
	0x69, 0x70, 0x62, 0x6f, 0x6f, 0x6b, 0x50, 0x61, 0x72, 0x61, 0x6d, 0x65, 0x74, 0x65, 0x72, 0x31, // ipbookParameter1
	0x00, 0x00, 0x00, 0x00, 0x06, 0x00, 0x09, 0x00, 0xca, 0x01, 0x00, 0x00, 0x09, 0x00, 0x00, 0x00, // ................
	0x75, 0x5f, 0x66, 0x6c, 0x69, 0x70, 0x62, 0x6f, 0x6f, 0x6b, 0x50, 0x61, 0x72, 0x61, 0x6d, 0x65, // u_flipbookParame
	0x74, 0x65, 0x72, 0x32, 0x00, 0x00, 0x00, 0x00, 0x06, 0x00, 0x0a, 0x00, 0xca, 0x01, 0x00, 0x00, // ter2............
	0x0a, 0x00, 0x00, 0x00, 0x75, 0x5f, 0x66, 0x46, 0x6c, 0x69, 0x70, 0x62, 0x6f, 0x6f, 0x6b, 0x49, // ....u_fFlipbookI
	0x6e, 0x64, 0x65, 0x78, 0x41, 0x6e, 0x64, 0x4e, 0x65, 0x78, 0x74, 0x52, 0x61, 0x74, 0x65, 0x00, // ndexAndNextRate.
	0x06, 0x00, 0x09, 0x00, 0xca, 0x01, 0x00, 0x00, 0x0b, 0x00, 0x00, 0x00, 0x75, 0x5f, 0x66, 0x4d, // ............u_fM
	0x6f, 0x64, 0x65, 0x6c, 0x41, 0x6c, 0x70, 0x68, 0x61, 0x54, 0x68, 0x72, 0x65, 0x73, 0x68, 0x6f, // odelAlphaThresho
	0x6c, 0x64, 0x00, 0x00, 0x06, 0x00, 0x07, 0x00, 0xca, 0x01, 0x00, 0x00, 0x0c, 0x00, 0x00, 0x00, // ld..............
	0x75, 0x5f, 0x66, 0x4d, 0x6f, 0x64, 0x65, 0x6c, 0x43, 0x6f, 0x6c, 0x6f, 0x72, 0x00, 0x00, 0x00, // u_fModelColor...
	0x06, 0x00, 0x07, 0x00, 0xca, 0x01, 0x00, 0x00, 0x0d, 0x00, 0x00, 0x00, 0x75, 0x5f, 0x6d, 0x55, // ............u_mU
	0x56, 0x49, 0x6e, 0x76, 0x65, 0x72, 0x73, 0x65, 0x64, 0x00, 0x00, 0x00, 0x05, 0x00, 0x03, 0x00, // VInversed.......
	0xcc, 0x01, 0x00, 0x00, 0x00, 0x00, 0x00, 0x00, 0x05, 0x00, 0x05, 0x00, 0x42, 0x03, 0x00, 0x00, // ............B...
	0x61, 0x5f, 0x62, 0x69, 0x74, 0x61, 0x6e, 0x67, 0x65, 0x6e, 0x74, 0x00, 0x05, 0x00, 0x05, 0x00, // a_bitangent.....
	0x46, 0x03, 0x00, 0x00, 0x61, 0x5f, 0x63, 0x6f, 0x6c, 0x6f, 0x72, 0x30, 0x00, 0x00, 0x00, 0x00, // F...a_color0....
	0x05, 0x00, 0x05, 0x00, 0x4c, 0x03, 0x00, 0x00, 0x61, 0x5f, 0x70, 0x6f, 0x73, 0x69, 0x74, 0x69, // ....L...a_positi
	0x6f, 0x6e, 0x00, 0x00, 0x05, 0x00, 0x05, 0x00, 0x4f, 0x03, 0x00, 0x00, 0x61, 0x5f, 0x74, 0x61, // on......O...a_ta
	0x6e, 0x67, 0x65, 0x6e, 0x74, 0x00, 0x00, 0x00, 0x05, 0x00, 0x05, 0x00, 0x53, 0x03, 0x00, 0x00, // ngent.......S...
	0x61, 0x5f, 0x74, 0x65, 0x78, 0x63, 0x6f, 0x6f, 0x72, 0x64, 0x30, 0x00, 0x05, 0x00, 0x06, 0x00, // a_texcoord0.....
	0x57, 0x03, 0x00, 0x00, 0x67, 0x6c, 0x5f, 0x49, 0x6e, 0x73, 0x74, 0x61, 0x6e, 0x63, 0x65, 0x49, // W...gl_InstanceI
	0x44, 0x00, 0x00, 0x00, 0x05, 0x00, 0x0a, 0x00, 0x6a, 0x03, 0x00, 0x00, 0x40, 0x65, 0x6e, 0x74, // D.......j...@ent
	0x72, 0x79, 0x50, 0x6f, 0x69, 0x6e, 0x74, 0x4f, 0x75, 0x74, 0x70, 0x75, 0x74, 0x2e, 0x67, 0x6c, // ryPointOutput.gl
	0x5f, 0x50, 0x6f, 0x73, 0x69, 0x74, 0x69, 0x6f, 0x6e, 0x00, 0x00, 0x00, 0x05, 0x00, 0x0b, 0x00, // _Position.......
	0x6d, 0x03, 0x00, 0x00, 0x40, 0x65, 0x6e, 0x74, 0x72, 0x79, 0x50, 0x6f, 0x69, 0x6e, 0x74, 0x4f, // m...@entryPointO
	0x75, 0x74, 0x70, 0x75, 0x74, 0x2e, 0x76, 0x5f, 0x41, 0x6c, 0x70, 0x68, 0x61, 0x5f, 0x44, 0x69, // utput.v_Alpha_Di
	0x73, 0x74, 0x5f, 0x55, 0x56, 0x00, 0x00, 0x00, 0x05, 0x00, 0x0c, 0x00, 0x70, 0x03, 0x00, 0x00, // st_UV.......p...
	0x40, 0x65, 0x6e, 0x74, 0x72, 0x79, 0x50, 0x6f, 0x69, 0x6e, 0x74, 0x4f, 0x75, 0x74, 0x70, 0x75, // @entryPointOutpu
	0x74, 0x2e, 0x76, 0x5f, 0x42, 0x6c, 0x65, 0x6e, 0x64, 0x5f, 0x41, 0x6c, 0x70, 0x68, 0x61, 0x5f, // t.v_Blend_Alpha_
	0x44, 0x69, 0x73, 0x74, 0x5f, 0x55, 0x56, 0x00, 0x05, 0x00, 0x0d, 0x00, 0x73, 0x03, 0x00, 0x00, // Dist_UV.....s...
	0x40, 0x65, 0x6e, 0x74, 0x72, 0x79, 0x50, 0x6f, 0x69, 0x6e, 0x74, 0x4f, 0x75, 0x74, 0x70, 0x75, // @entryPointOutpu
	0x74, 0x2e, 0x76, 0x5f, 0x42, 0x6c, 0x65, 0x6e, 0x64, 0x5f, 0x46, 0x42, 0x4e, 0x65, 0x78, 0x74, // t.v_Blend_FBNext
	0x49, 0x6e, 0x64, 0x65, 0x78, 0x5f, 0x55, 0x56, 0x00, 0x00, 0x00, 0x00, 0x05, 0x00, 0x09, 0x00, // Index_UV........
	0x76, 0x03, 0x00, 0x00, 0x40, 0x65, 0x6e, 0x74, 0x72, 0x79, 0x50, 0x6f, 0x69, 0x6e, 0x74, 0x4f, // v...@entryPointO
	0x75, 0x74, 0x70, 0x75, 0x74, 0x2e, 0x76, 0x5f, 0x43, 0x6f, 0x6c, 0x6f, 0x72, 0x00, 0x00, 0x00, // utput.v_Color...
	0x05, 0x00, 0x09, 0x00, 0x79, 0x03, 0x00, 0x00, 0x40, 0x65, 0x6e, 0x74, 0x72, 0x79, 0x50, 0x6f, // ....y...@entryPo
	0x69, 0x6e, 0x74, 0x4f, 0x75, 0x74, 0x70, 0x75, 0x74, 0x2e, 0x76, 0x5f, 0x50, 0x6f, 0x73, 0x50, // intOutput.v_PosP
	0x00, 0x00, 0x00, 0x00, 0x05, 0x00, 0x0b, 0x00, 0x7c, 0x03, 0x00, 0x00, 0x40, 0x65, 0x6e, 0x74, // ........|...@ent
	0x72, 0x79, 0x50, 0x6f, 0x69, 0x6e, 0x74, 0x4f, 0x75, 0x74, 0x70, 0x75, 0x74, 0x2e, 0x76, 0x5f, // ryPointOutput.v_
	0x50, 0x72, 0x6f, 0x6a, 0x42, 0x69, 0x6e, 0x6f, 0x72, 0x6d, 0x61, 0x6c, 0x00, 0x00, 0x00, 0x00, // ProjBinormal....
	0x05, 0x00, 0x0a, 0x00, 0x7f, 0x03, 0x00, 0x00, 0x40, 0x65, 0x6e, 0x74, 0x72, 0x79, 0x50, 0x6f, // ........@entryPo
	0x69, 0x6e, 0x74, 0x4f, 0x75, 0x74, 0x70, 0x75, 0x74, 0x2e, 0x76, 0x5f, 0x50, 0x72, 0x6f, 0x6a, // intOutput.v_Proj
	0x54, 0x61, 0x6e, 0x67, 0x65, 0x6e, 0x74, 0x00, 0x05, 0x00, 0x0a, 0x00, 0x82, 0x03, 0x00, 0x00, // Tangent.........
	0x40, 0x65, 0x6e, 0x74, 0x72, 0x79, 0x50, 0x6f, 0x69, 0x6e, 0x74, 0x4f, 0x75, 0x74, 0x70, 0x75, // @entryPointOutpu
	0x74, 0x2e, 0x76, 0x5f, 0x55, 0x56, 0x5f, 0x4f, 0x74, 0x68, 0x65, 0x72, 0x73, 0x00, 0x00, 0x00, // t.v_UV_Others...
	0x47, 0x00, 0x04, 0x00, 0xc0, 0x01, 0x00, 0x00, 0x06, 0x00, 0x00, 0x00, 0x40, 0x00, 0x00, 0x00, // G...........@...
	0x47, 0x00, 0x04, 0x00, 0xc1, 0x01, 0x00, 0x00, 0x06, 0x00, 0x00, 0x00, 0x10, 0x00, 0x00, 0x00, // G...............
	0x47, 0x00, 0x04, 0x00, 0xc2, 0x01, 0x00, 0x00, 0x06, 0x00, 0x00, 0x00, 0x10, 0x00, 0x00, 0x00, // G...............
	0x47, 0x00, 0x04, 0x00, 0xc3, 0x01, 0x00, 0x00, 0x06, 0x00, 0x00, 0x00, 0x10, 0x00, 0x00, 0x00, // G...............
	0x47, 0x00, 0x04, 0x00, 0xc4, 0x01, 0x00, 0x00, 0x06, 0x00, 0x00, 0x00, 0x10, 0x00, 0x00, 0x00, // G...............
	0x47, 0x00, 0x04, 0x00, 0xc5, 0x01, 0x00, 0x00, 0x06, 0x00, 0x00, 0x00, 0x10, 0x00, 0x00, 0x00, // G...............
	0x47, 0x00, 0x04, 0x00, 0xc6, 0x01, 0x00, 0x00, 0x06, 0x00, 0x00, 0x00, 0x10, 0x00, 0x00, 0x00, // G...............
	0x47, 0x00, 0x04, 0x00, 0xc7, 0x01, 0x00, 0x00, 0x06, 0x00, 0x00, 0x00, 0x10, 0x00, 0x00, 0x00, // G...............
	0x47, 0x00, 0x04, 0x00, 0xc8, 0x01, 0x00, 0x00, 0x06, 0x00, 0x00, 0x00, 0x10, 0x00, 0x00, 0x00, // G...............
	0x47, 0x00, 0x04, 0x00, 0xc9, 0x01, 0x00, 0x00, 0x06, 0x00, 0x00, 0x00, 0x10, 0x00, 0x00, 0x00, // G...............
	0x47, 0x00, 0x03, 0x00, 0xca, 0x01, 0x00, 0x00, 0x02, 0x00, 0x00, 0x00, 0x48, 0x00, 0x04, 0x00, // G...........H...
	0xca, 0x01, 0x00, 0x00, 0x00, 0x00, 0x00, 0x00, 0x04, 0x00, 0x00, 0x00, 0x48, 0x00, 0x05, 0x00, // ............H...
	0xca, 0x01, 0x00, 0x00, 0x00, 0x00, 0x00, 0x00, 0x07, 0x00, 0x00, 0x00, 0x10, 0x00, 0x00, 0x00, // ................
	0x48, 0x00, 0x05, 0x00, 0xca, 0x01, 0x00, 0x00, 0x00, 0x00, 0x00, 0x00, 0x23, 0x00, 0x00, 0x00, // H...........#...
	0x00, 0x00, 0x00, 0x00, 0x48, 0x00, 0x04, 0x00, 0xca, 0x01, 0x00, 0x00, 0x01, 0x00, 0x00, 0x00, // ....H...........
	0x04, 0x00, 0x00, 0x00, 0x48, 0x00, 0x05, 0x00, 0xca, 0x01, 0x00, 0x00, 0x01, 0x00, 0x00, 0x00, // ....H...........
	0x07, 0x00, 0x00, 0x00, 0x10, 0x00, 0x00, 0x00, 0x48, 0x00, 0x05, 0x00, 0xca, 0x01, 0x00, 0x00, // ........H.......
	0x01, 0x00, 0x00, 0x00, 0x23, 0x00, 0x00, 0x00, 0x40, 0x00, 0x00, 0x00, 0x48, 0x00, 0x05, 0x00, // ....#...@...H...
	0xca, 0x01, 0x00, 0x00, 0x02, 0x00, 0x00, 0x00, 0x23, 0x00, 0x00, 0x00, 0x40, 0x0a, 0x00, 0x00, // ........#...@...
	0x48, 0x00, 0x05, 0x00, 0xca, 0x01, 0x00, 0x00, 0x03, 0x00, 0x00, 0x00, 0x23, 0x00, 0x00, 0x00, // H...........#...
	0xc0, 0x0c, 0x00, 0x00, 0x48, 0x00, 0x05, 0x00, 0xca, 0x01, 0x00, 0x00, 0x04, 0x00, 0x00, 0x00, // ....H...........
	0x23, 0x00, 0x00, 0x00, 0x40, 0x0f, 0x00, 0x00, 0x48, 0x00, 0x05, 0x00, 0xca, 0x01, 0x00, 0x00, // #...@...H.......
	0x05, 0x00, 0x00, 0x00, 0x23, 0x00, 0x00, 0x00, 0xc0, 0x11, 0x00, 0x00, 0x48, 0x00, 0x05, 0x00, // ....#.......H...
	0xca, 0x01, 0x00, 0x00, 0x06, 0x00, 0x00, 0x00, 0x23, 0x00, 0x00, 0x00, 0x40, 0x14, 0x00, 0x00, // ........#...@...
	0x48, 0x00, 0x05, 0x00, 0xca, 0x01, 0x00, 0x00, 0x07, 0x00, 0x00, 0x00, 0x23, 0x00, 0x00, 0x00, // H...........#...
	0xc0, 0x16, 0x00, 0x00, 0x48, 0x00, 0x05, 0x00, 0xca, 0x01, 0x00, 0x00, 0x08, 0x00, 0x00, 0x00, // ....H...........
	0x23, 0x00, 0x00, 0x00, 0x40, 0x19, 0x00, 0x00, 0x48, 0x00, 0x05, 0x00, 0xca, 0x01, 0x00, 0x00, // #...@...H.......
	0x09, 0x00, 0x00, 0x00, 0x23, 0x00, 0x00, 0x00, 0x50, 0x19, 0x00, 0x00, 0x48, 0x00, 0x05, 0x00, // ....#...P...H...
	0xca, 0x01, 0x00, 0x00, 0x0a, 0x00, 0x00, 0x00, 0x23, 0x00, 0x00, 0x00, 0x60, 0x19, 0x00, 0x00, // ........#...`...
	0x48, 0x00, 0x05, 0x00, 0xca, 0x01, 0x00, 0x00, 0x0b, 0x00, 0x00, 0x00, 0x23, 0x00, 0x00, 0x00, // H...........#...
	0xe0, 0x1b, 0x00, 0x00, 0x48, 0x00, 0x05, 0x00, 0xca, 0x01, 0x00, 0x00, 0x0c, 0x00, 0x00, 0x00, // ....H...........
	0x23, 0x00, 0x00, 0x00, 0x60, 0x1e, 0x00, 0x00, 0x48, 0x00, 0x05, 0x00, 0xca, 0x01, 0x00, 0x00, // #...`...H.......
	0x0d, 0x00, 0x00, 0x00, 0x23, 0x00, 0x00, 0x00, 0xe0, 0x20, 0x00, 0x00, 0x47, 0x00, 0x04, 0x00, // ....#.... ..G...
	0xcc, 0x01, 0x00, 0x00, 0x21, 0x00, 0x00, 0x00, 0x00, 0x00, 0x00, 0x00, 0x47, 0x00, 0x04, 0x00, // ....!.......G...
	0xcc, 0x01, 0x00, 0x00, 0x22, 0x00, 0x00, 0x00, 0x00, 0x00, 0x00, 0x00, 0x47, 0x00, 0x04, 0x00, // ....".......G...
	0x42, 0x03, 0x00, 0x00, 0x1e, 0x00, 0x00, 0x00, 0x00, 0x00, 0x00, 0x00, 0x47, 0x00, 0x04, 0x00, // B...........G...
	0x46, 0x03, 0x00, 0x00, 0x1e, 0x00, 0x00, 0x00, 0x01, 0x00, 0x00, 0x00, 0x47, 0x00, 0x04, 0x00, // F...........G...
	0x4c, 0x03, 0x00, 0x00, 0x1e, 0x00, 0x00, 0x00, 0x03, 0x00, 0x00, 0x00, 0x47, 0x00, 0x04, 0x00, // L...........G...
	0x4f, 0x03, 0x00, 0x00, 0x1e, 0x00, 0x00, 0x00, 0x04, 0x00, 0x00, 0x00, 0x47, 0x00, 0x04, 0x00, // O...........G...
	0x53, 0x03, 0x00, 0x00, 0x1e, 0x00, 0x00, 0x00, 0x05, 0x00, 0x00, 0x00, 0x47, 0x00, 0x04, 0x00, // S...........G...
	0x57, 0x03, 0x00, 0x00, 0x0b, 0x00, 0x00, 0x00, 0x2b, 0x00, 0x00, 0x00, 0x47, 0x00, 0x04, 0x00, // W.......+...G...
	0x6a, 0x03, 0x00, 0x00, 0x0b, 0x00, 0x00, 0x00, 0x00, 0x00, 0x00, 0x00, 0x47, 0x00, 0x04, 0x00, // j...........G...
	0x6d, 0x03, 0x00, 0x00, 0x1e, 0x00, 0x00, 0x00, 0x00, 0x00, 0x00, 0x00, 0x47, 0x00, 0x04, 0x00, // m...........G...
	0x70, 0x03, 0x00, 0x00, 0x1e, 0x00, 0x00, 0x00, 0x01, 0x00, 0x00, 0x00, 0x47, 0x00, 0x04, 0x00, // p...........G...
	0x73, 0x03, 0x00, 0x00, 0x1e, 0x00, 0x00, 0x00, 0x02, 0x00, 0x00, 0x00, 0x47, 0x00, 0x04, 0x00, // s...........G...
	0x76, 0x03, 0x00, 0x00, 0x1e, 0x00, 0x00, 0x00, 0x03, 0x00, 0x00, 0x00, 0x47, 0x00, 0x04, 0x00, // v...........G...
	0x79, 0x03, 0x00, 0x00, 0x1e, 0x00, 0x00, 0x00, 0x04, 0x00, 0x00, 0x00, 0x47, 0x00, 0x04, 0x00, // y...........G...
	0x7c, 0x03, 0x00, 0x00, 0x1e, 0x00, 0x00, 0x00, 0x05, 0x00, 0x00, 0x00, 0x47, 0x00, 0x04, 0x00, // |...........G...
	0x7f, 0x03, 0x00, 0x00, 0x1e, 0x00, 0x00, 0x00, 0x06, 0x00, 0x00, 0x00, 0x47, 0x00, 0x04, 0x00, // ............G...
	0x82, 0x03, 0x00, 0x00, 0x1e, 0x00, 0x00, 0x00, 0x07, 0x00, 0x00, 0x00, 0x13, 0x00, 0x02, 0x00, // ................
	0x02, 0x00, 0x00, 0x00, 0x21, 0x00, 0x03, 0x00, 0x03, 0x00, 0x00, 0x00, 0x02, 0x00, 0x00, 0x00, // ....!...........
	0x16, 0x00, 0x03, 0x00, 0x06, 0x00, 0x00, 0x00, 0x20, 0x00, 0x00, 0x00, 0x17, 0x00, 0x04, 0x00, // ........ .......
	0x0d, 0x00, 0x00, 0x00, 0x06, 0x00, 0x00, 0x00, 0x02, 0x00, 0x00, 0x00, 0x17, 0x00, 0x04, 0x00, // ................
	0x26, 0x00, 0x00, 0x00, 0x06, 0x00, 0x00, 0x00, 0x04, 0x00, 0x00, 0x00, 0x17, 0x00, 0x04, 0x00, // &...............
	0x41, 0x00, 0x00, 0x00, 0x06, 0x00, 0x00, 0x00, 0x03, 0x00, 0x00, 0x00, 0x15, 0x00, 0x04, 0x00, // A...............
	0x42, 0x00, 0x00, 0x00, 0x20, 0x00, 0x00, 0x00, 0x01, 0x00, 0x00, 0x00, 0x15, 0x00, 0x04, 0x00, // B... ...........
	0x4a, 0x00, 0x00, 0x00, 0x20, 0x00, 0x00, 0x00, 0x00, 0x00, 0x00, 0x00, 0x2b, 0x00, 0x04, 0x00, // J... .......+...
	0x4a, 0x00, 0x00, 0x00, 0x72, 0x00, 0x00, 0x00, 0x00, 0x00, 0x00, 0x00, 0x2b, 0x00, 0x04, 0x00, // J...r.......+...
	0x4a, 0x00, 0x00, 0x00, 0x7a, 0x00, 0x00, 0x00, 0x01, 0x00, 0x00, 0x00, 0x2b, 0x00, 0x04, 0x00, // J...z.......+...
	0x4a, 0x00, 0x00, 0x00, 0xa9, 0x00, 0x00, 0x00, 0x02, 0x00, 0x00, 0x00, 0x2b, 0x00, 0x04, 0x00, // J...........+...
	0x06, 0x00, 0x00, 0x00, 0xb7, 0x00, 0x00, 0x00, 0x00, 0x00, 0x00, 0x00, 0x14, 0x00, 0x02, 0x00, // ................
	0xb8, 0x00, 0x00, 0x00, 0x2b, 0x00, 0x04, 0x00, 0x06, 0x00, 0x00, 0x00, 0xc2, 0x00, 0x00, 0x00, // ....+...........
	0x00, 0x00, 0x80, 0x3f, 0x2b, 0x00, 0x04, 0x00, 0x06, 0x00, 0x00, 0x00, 0xe9, 0x00, 0x00, 0x00, // ...?+...........
	0x00, 0x00, 0x00, 0x40, 0x2b, 0x00, 0x04, 0x00, 0x42, 0x00, 0x00, 0x00, 0x58, 0x01, 0x00, 0x00, // ...@+...B...X...
	0x06, 0x00, 0x00, 0x00, 0x2b, 0x00, 0x04, 0x00, 0x42, 0x00, 0x00, 0x00, 0x7d, 0x01, 0x00, 0x00, // ....+...B...}...
	0x08, 0x00, 0x00, 0x00, 0x2b, 0x00, 0x04, 0x00, 0x42, 0x00, 0x00, 0x00, 0x90, 0x01, 0x00, 0x00, // ....+...B.......
	0x07, 0x00, 0x00, 0x00, 0x18, 0x00, 0x04, 0x00, 0xbe, 0x01, 0x00, 0x00, 0x26, 0x00, 0x00, 0x00, // ............&...
	0x04, 0x00, 0x00, 0x00, 0x2b, 0x00, 0x04, 0x00, 0x4a, 0x00, 0x00, 0x00, 0xbf, 0x01, 0x00, 0x00, // ....+...J.......
	0x28, 0x00, 0x00, 0x00, 0x1c, 0x00, 0x04, 0x00, 0xc0, 0x01, 0x00, 0x00, 0xbe, 0x01, 0x00, 0x00, // (...............
	0xbf, 0x01, 0x00, 0x00, 0x1c, 0x00, 0x04, 0x00, 0xc1, 0x01, 0x00, 0x00, 0x26, 0x00, 0x00, 0x00, // ............&...
	0xbf, 0x01, 0x00, 0x00, 0x1c, 0x00, 0x04, 0x00, 0xc2, 0x01, 0x00, 0x00, 0x26, 0x00, 0x00, 0x00, // ............&...
	0xbf, 0x01, 0x00, 0x00, 0x1c, 0x00, 0x04, 0x00, 0xc3, 0x01, 0x00, 0x00, 0x26, 0x00, 0x00, 0x00, // ............&...
	0xbf, 0x01, 0x00, 0x00, 0x1c, 0x00, 0x04, 0x00, 0xc4, 0x01, 0x00, 0x00, 0x26, 0x00, 0x00, 0x00, // ............&...
	0xbf, 0x01, 0x00, 0x00, 0x1c, 0x00, 0x04, 0x00, 0xc5, 0x01, 0x00, 0x00, 0x26, 0x00, 0x00, 0x00, // ............&...
	0xbf, 0x01, 0x00, 0x00, 0x1c, 0x00, 0x04, 0x00, 0xc6, 0x01, 0x00, 0x00, 0x26, 0x00, 0x00, 0x00, // ............&...
	0xbf, 0x01, 0x00, 0x00, 0x1c, 0x00, 0x04, 0x00, 0xc7, 0x01, 0x00, 0x00, 0x26, 0x00, 0x00, 0x00, // ............&...
	0xbf, 0x01, 0x00, 0x00, 0x1c, 0x00, 0x04, 0x00, 0xc8, 0x01, 0x00, 0x00, 0x26, 0x00, 0x00, 0x00, // ............&...
	0xbf, 0x01, 0x00, 0x00, 0x1c, 0x00, 0x04, 0x00, 0xc9, 0x01, 0x00, 0x00, 0x26, 0x00, 0x00, 0x00, // ............&...
	0xbf, 0x01, 0x00, 0x00, 0x1e, 0x00, 0x10, 0x00, 0xca, 0x01, 0x00, 0x00, 0xbe, 0x01, 0x00, 0x00, // ................
	0xc0, 0x01, 0x00, 0x00, 0xc1, 0x01, 0x00, 0x00, 0xc2, 0x01, 0x00, 0x00, 0xc3, 0x01, 0x00, 0x00, // ................
	0xc4, 0x01, 0x00, 0x00, 0xc5, 0x01, 0x00, 0x00, 0xc6, 0x01, 0x00, 0x00, 0x26, 0x00, 0x00, 0x00, // ............&...
	0x26, 0x00, 0x00, 0x00, 0xc7, 0x01, 0x00, 0x00, 0xc8, 0x01, 0x00, 0x00, 0xc9, 0x01, 0x00, 0x00, // &...............
	0x26, 0x00, 0x00, 0x00, 0x20, 0x00, 0x04, 0x00, 0xcb, 0x01, 0x00, 0x00, 0x02, 0x00, 0x00, 0x00, // &... ...........
	0xca, 0x01, 0x00, 0x00, 0x3b, 0x00, 0x04, 0x00, 0xcb, 0x01, 0x00, 0x00, 0xcc, 0x01, 0x00, 0x00, // ....;...........
	0x02, 0x00, 0x00, 0x00, 0x20, 0x00, 0x04, 0x00, 0xcd, 0x01, 0x00, 0x00, 0x02, 0x00, 0x00, 0x00, // .... ...........
	0x26, 0x00, 0x00, 0x00, 0x2b, 0x00, 0x04, 0x00, 0x42, 0x00, 0x00, 0x00, 0xd1, 0x01, 0x00, 0x00, // &...+...B.......
	0x09, 0x00, 0x00, 0x00, 0x2b, 0x00, 0x04, 0x00, 0x42, 0x00, 0x00, 0x00, 0xd9, 0x01, 0x00, 0x00, // ....+...B.......
	0x0d, 0x00, 0x00, 0x00, 0x2b, 0x00, 0x04, 0x00, 0x42, 0x00, 0x00, 0x00, 0xf8, 0x01, 0x00, 0x00, // ....+...B.......
	0x01, 0x00, 0x00, 0x00, 0x20, 0x00, 0x04, 0x00, 0xfd, 0x01, 0x00, 0x00, 0x02, 0x00, 0x00, 0x00, // .... ...........
	0x06, 0x00, 0x00, 0x00, 0x20, 0x00, 0x04, 0x00, 0x32, 0x02, 0x00, 0x00, 0x02, 0x00, 0x00, 0x00, // .... ...2.......
	0xbe, 0x01, 0x00, 0x00, 0x2b, 0x00, 0x04, 0x00, 0x42, 0x00, 0x00, 0x00, 0x36, 0x02, 0x00, 0x00, // ....+...B...6...
	0x02, 0x00, 0x00, 0x00, 0x2b, 0x00, 0x04, 0x00, 0x42, 0x00, 0x00, 0x00, 0x3b, 0x02, 0x00, 0x00, // ....+...B...;...
	0x03, 0x00, 0x00, 0x00, 0x2b, 0x00, 0x04, 0x00, 0x42, 0x00, 0x00, 0x00, 0x40, 0x02, 0x00, 0x00, // ....+...B...@...
	0x04, 0x00, 0x00, 0x00, 0x2b, 0x00, 0x04, 0x00, 0x42, 0x00, 0x00, 0x00, 0x45, 0x02, 0x00, 0x00, // ....+...B...E...
	0x05, 0x00, 0x00, 0x00, 0x2b, 0x00, 0x04, 0x00, 0x42, 0x00, 0x00, 0x00, 0x52, 0x02, 0x00, 0x00, // ....+...B...R...
	0x0c, 0x00, 0x00, 0x00, 0x2b, 0x00, 0x04, 0x00, 0x42, 0x00, 0x00, 0x00, 0x5a, 0x02, 0x00, 0x00, // ....+...B...Z...
	0x0a, 0x00, 0x00, 0x00, 0x2b, 0x00, 0x04, 0x00, 0x42, 0x00, 0x00, 0x00, 0x5f, 0x02, 0x00, 0x00, // ....+...B..._...
	0x0b, 0x00, 0x00, 0x00, 0x2b, 0x00, 0x04, 0x00, 0x42, 0x00, 0x00, 0x00, 0x67, 0x02, 0x00, 0x00, // ....+...B...g...
	0x00, 0x00, 0x00, 0x00, 0x20, 0x00, 0x04, 0x00, 0x41, 0x03, 0x00, 0x00, 0x01, 0x00, 0x00, 0x00, // .... ...A.......
	0x41, 0x00, 0x00, 0x00, 0x3b, 0x00, 0x04, 0x00, 0x41, 0x03, 0x00, 0x00, 0x42, 0x03, 0x00, 0x00, // A...;...A...B...
	0x01, 0x00, 0x00, 0x00, 0x20, 0x00, 0x04, 0x00, 0x45, 0x03, 0x00, 0x00, 0x01, 0x00, 0x00, 0x00, // .... ...E.......
	0x26, 0x00, 0x00, 0x00, 0x3b, 0x00, 0x04, 0x00, 0x45, 0x03, 0x00, 0x00, 0x46, 0x03, 0x00, 0x00, // &...;...E...F...
	0x01, 0x00, 0x00, 0x00, 0x3b, 0x00, 0x04, 0x00, 0x41, 0x03, 0x00, 0x00, 0x4c, 0x03, 0x00, 0x00, // ....;...A...L...
	0x01, 0x00, 0x00, 0x00, 0x3b, 0x00, 0x04, 0x00, 0x41, 0x03, 0x00, 0x00, 0x4f, 0x03, 0x00, 0x00, // ....;...A...O...
	0x01, 0x00, 0x00, 0x00, 0x20, 0x00, 0x04, 0x00, 0x52, 0x03, 0x00, 0x00, 0x01, 0x00, 0x00, 0x00, // .... ...R.......
	0x0d, 0x00, 0x00, 0x00, 0x3b, 0x00, 0x04, 0x00, 0x52, 0x03, 0x00, 0x00, 0x53, 0x03, 0x00, 0x00, // ....;...R...S...
	0x01, 0x00, 0x00, 0x00, 0x20, 0x00, 0x04, 0x00, 0x56, 0x03, 0x00, 0x00, 0x01, 0x00, 0x00, 0x00, // .... ...V.......
	0x4a, 0x00, 0x00, 0x00, 0x3b, 0x00, 0x04, 0x00, 0x56, 0x03, 0x00, 0x00, 0x57, 0x03, 0x00, 0x00, // J...;...V...W...
	0x01, 0x00, 0x00, 0x00, 0x20, 0x00, 0x04, 0x00, 0x69, 0x03, 0x00, 0x00, 0x03, 0x00, 0x00, 0x00, // .... ...i.......
	0x26, 0x00, 0x00, 0x00, 0x3b, 0x00, 0x04, 0x00, 0x69, 0x03, 0x00, 0x00, 0x6a, 0x03, 0x00, 0x00, // &...;...i...j...
	0x03, 0x00, 0x00, 0x00, 0x3b, 0x00, 0x04, 0x00, 0x69, 0x03, 0x00, 0x00, 0x6d, 0x03, 0x00, 0x00, // ....;...i...m...
	0x03, 0x00, 0x00, 0x00, 0x3b, 0x00, 0x04, 0x00, 0x69, 0x03, 0x00, 0x00, 0x70, 0x03, 0x00, 0x00, // ....;...i...p...
	0x03, 0x00, 0x00, 0x00, 0x3b, 0x00, 0x04, 0x00, 0x69, 0x03, 0x00, 0x00, 0x73, 0x03, 0x00, 0x00, // ....;...i...s...
	0x03, 0x00, 0x00, 0x00, 0x3b, 0x00, 0x04, 0x00, 0x69, 0x03, 0x00, 0x00, 0x76, 0x03, 0x00, 0x00, // ....;...i...v...
	0x03, 0x00, 0x00, 0x00, 0x3b, 0x00, 0x04, 0x00, 0x69, 0x03, 0x00, 0x00, 0x79, 0x03, 0x00, 0x00, // ....;...i...y...
	0x03, 0x00, 0x00, 0x00, 0x3b, 0x00, 0x04, 0x00, 0x69, 0x03, 0x00, 0x00, 0x7c, 0x03, 0x00, 0x00, // ....;...i...|...
	0x03, 0x00, 0x00, 0x00, 0x3b, 0x00, 0x04, 0x00, 0x69, 0x03, 0x00, 0x00, 0x7f, 0x03, 0x00, 0x00, // ....;...i.......
	0x03, 0x00, 0x00, 0x00, 0x3b, 0x00, 0x04, 0x00, 0x69, 0x03, 0x00, 0x00, 0x82, 0x03, 0x00, 0x00, // ....;...i.......
	0x03, 0x00, 0x00, 0x00, 0x2c, 0x00, 0x05, 0x00, 0x0d, 0x00, 0x00, 0x00, 0x70, 0x07, 0x00, 0x00, // ....,.......p...
	0xb7, 0x00, 0x00, 0x00, 0xb7, 0x00, 0x00, 0x00, 0x2b, 0x00, 0x04, 0x00, 0x06, 0x00, 0x00, 0x00, // ........+.......
	0x71, 0x07, 0x00, 0x00, 0x00, 0x00, 0x00, 0x3f, 0x20, 0x00, 0x04, 0x00, 0x72, 0x07, 0x00, 0x00, // q......? ...r...
	0x01, 0x00, 0x00, 0x00, 0x06, 0x00, 0x00, 0x00, 0x01, 0x00, 0x03, 0x00, 0x26, 0x00, 0x00, 0x00, // ............&...
	0x0e, 0x08, 0x00, 0x00, 0x36, 0x00, 0x05, 0x00, 0x02, 0x00, 0x00, 0x00, 0x04, 0x00, 0x00, 0x00, // ....6...........
	0x00, 0x00, 0x00, 0x00, 0x03, 0x00, 0x00, 0x00, 0xf8, 0x00, 0x02, 0x00, 0x05, 0x00, 0x00, 0x00, // ................
	0x3d, 0x00, 0x04, 0x00, 0x26, 0x00, 0x00, 0x00, 0x47, 0x03, 0x00, 0x00, 0x46, 0x03, 0x00, 0x00, // =...&...G...F...
	0x3d, 0x00, 0x04, 0x00, 0x0d, 0x00, 0x00, 0x00, 0x54, 0x03, 0x00, 0x00, 0x53, 0x03, 0x00, 0x00, // =.......T...S...
	0x3d, 0x00, 0x04, 0x00, 0x4a, 0x00, 0x00, 0x00, 0x58, 0x03, 0x00, 0x00, 0x57, 0x03, 0x00, 0x00, // =...J...X...W...
	0x7c, 0x00, 0x04, 0x00, 0x42, 0x00, 0x00, 0x00, 0xad, 0x03, 0x00, 0x00, 0x58, 0x03, 0x00, 0x00, // |...B.......X...
	0x41, 0x00, 0x06, 0x00, 0x32, 0x02, 0x00, 0x00, 0xfc, 0x03, 0x00, 0x00, 0xcc, 0x01, 0x00, 0x00, // A...2...........
	0xf8, 0x01, 0x00, 0x00, 0xad, 0x03, 0x00, 0x00, 0x3d, 0x00, 0x04, 0x00, 0xbe, 0x01, 0x00, 0x00, // ........=.......
	0xfd, 0x03, 0x00, 0x00, 0xfc, 0x03, 0x00, 0x00, 0x41, 0x00, 0x06, 0x00, 0xcd, 0x01, 0x00, 0x00, // ........A.......
	0xff, 0x03, 0x00, 0x00, 0xcc, 0x01, 0x00, 0x00, 0x36, 0x02, 0x00, 0x00, 0xad, 0x03, 0x00, 0x00, // ........6.......
	0x3d, 0x00, 0x04, 0x00, 0x26, 0x00, 0x00, 0x00, 0x00, 0x04, 0x00, 0x00, 0xff, 0x03, 0x00, 0x00, // =...&...........
	0x41, 0x00, 0x06, 0x00, 0xcd, 0x01, 0x00, 0x00, 0x02, 0x04, 0x00, 0x00, 0xcc, 0x01, 0x00, 0x00, // A...............
	0x3b, 0x02, 0x00, 0x00, 0xad, 0x03, 0x00, 0x00, 0x3d, 0x00, 0x04, 0x00, 0x26, 0x00, 0x00, 0x00, // ;.......=...&...
	0x03, 0x04, 0x00, 0x00, 0x02, 0x04, 0x00, 0x00, 0x41, 0x00, 0x06, 0x00, 0xcd, 0x01, 0x00, 0x00, // ........A.......
	0x05, 0x04, 0x00, 0x00, 0xcc, 0x01, 0x00, 0x00, 0x40, 0x02, 0x00, 0x00, 0xad, 0x03, 0x00, 0x00, // ........@.......
	0x3d, 0x00, 0x04, 0x00, 0x26, 0x00, 0x00, 0x00, 0x06, 0x04, 0x00, 0x00, 0x05, 0x04, 0x00, 0x00, // =...&...........
	0x41, 0x00, 0x06, 0x00, 0xcd, 0x01, 0x00, 0x00, 0x08, 0x04, 0x00, 0x00, 0xcc, 0x01, 0x00, 0x00, // A...............
	0x45, 0x02, 0x00, 0x00, 0xad, 0x03, 0x00, 0x00, 0x3d, 0x00, 0x04, 0x00, 0x26, 0x00, 0x00, 0x00, // E.......=...&...
	0x09, 0x04, 0x00, 0x00, 0x08, 0x04, 0x00, 0x00, 0x41, 0x00, 0x06, 0x00, 0xcd, 0x01, 0x00, 0x00, // ........A.......
	0x0b, 0x04, 0x00, 0x00, 0xcc, 0x01, 0x00, 0x00, 0x58, 0x01, 0x00, 0x00, 0xad, 0x03, 0x00, 0x00, // ........X.......
	0x3d, 0x00, 0x04, 0x00, 0x26, 0x00, 0x00, 0x00, 0x0c, 0x04, 0x00, 0x00, 0x0b, 0x04, 0x00, 0x00, // =...&...........
	0x41, 0x00, 0x06, 0x00, 0xcd, 0x01, 0x00, 0x00, 0x0e, 0x04, 0x00, 0x00, 0xcc, 0x01, 0x00, 0x00, // A...............
	0x90, 0x01, 0x00, 0x00, 0xad, 0x03, 0x00, 0x00, 0x3d, 0x00, 0x04, 0x00, 0x26, 0x00, 0x00, 0x00, // ........=...&...
	0x0f, 0x04, 0x00, 0x00, 0x0e, 0x04, 0x00, 0x00, 0x41, 0x00, 0x06, 0x00, 0xcd, 0x01, 0x00, 0x00, // ........A.......
	0x11, 0x04, 0x00, 0x00, 0xcc, 0x01, 0x00, 0x00, 0x52, 0x02, 0x00, 0x00, 0xad, 0x03, 0x00, 0x00, // ........R.......
	0x3d, 0x00, 0x04, 0x00, 0x26, 0x00, 0x00, 0x00, 0x12, 0x04, 0x00, 0x00, 0x11, 0x04, 0x00, 0x00, // =...&...........
	0x85, 0x00, 0x05, 0x00, 0x26, 0x00, 0x00, 0x00, 0x15, 0x04, 0x00, 0x00, 0x12, 0x04, 0x00, 0x00, // ....&...........
	0x47, 0x03, 0x00, 0x00, 0x41, 0x00, 0x07, 0x00, 0xfd, 0x01, 0x00, 0x00, 0x17, 0x04, 0x00, 0x00, // G...A...........
	0xcc, 0x01, 0x00, 0x00, 0x5a, 0x02, 0x00, 0x00, 0xad, 0x03, 0x00, 0x00, 0x72, 0x00, 0x00, 0x00, // ....Z.......r...
	0x3d, 0x00, 0x04, 0x00, 0x06, 0x00, 0x00, 0x00, 0x18, 0x04, 0x00, 0x00, 0x17, 0x04, 0x00, 0x00, // =...............
	0x41, 0x00, 0x07, 0x00, 0xfd, 0x01, 0x00, 0x00, 0x1a, 0x04, 0x00, 0x00, 0xcc, 0x01, 0x00, 0x00, // A...............
	0x5f, 0x02, 0x00, 0x00, 0xad, 0x03, 0x00, 0x00, 0x72, 0x00, 0x00, 0x00, 0x3d, 0x00, 0x04, 0x00, // _.......r...=...
	0x06, 0x00, 0x00, 0x00, 0x1b, 0x04, 0x00, 0x00, 0x1a, 0x04, 0x00, 0x00, 0x41, 0x00, 0x05, 0x00, // ............A...
	0x72, 0x07, 0x00, 0x00, 0x42, 0x07, 0x00, 0x00, 0x4c, 0x03, 0x00, 0x00, 0x72, 0x00, 0x00, 0x00, // r...B...L...r...
	0x3d, 0x00, 0x04, 0x00, 0x06, 0x00, 0x00, 0x00, 0x1d, 0x04, 0x00, 0x00, 0x42, 0x07, 0x00, 0x00, // =...........B...
	0x41, 0x00, 0x05, 0x00, 0x72, 0x07, 0x00, 0x00, 0x43, 0x07, 0x00, 0x00, 0x4c, 0x03, 0x00, 0x00, // A...r...C...L...
	0x7a, 0x00, 0x00, 0x00, 0x3d, 0x00, 0x04, 0x00, 0x06, 0x00, 0x00, 0x00, 0x1f, 0x04, 0x00, 0x00, // z...=...........
	0x43, 0x07, 0x00, 0x00, 0x41, 0x00, 0x05, 0x00, 0x72, 0x07, 0x00, 0x00, 0x44, 0x07, 0x00, 0x00, // C...A...r...D...
	0x4c, 0x03, 0x00, 0x00, 0xa9, 0x00, 0x00, 0x00, 0x3d, 0x00, 0x04, 0x00, 0x06, 0x00, 0x00, 0x00, // L.......=.......
	0x21, 0x04, 0x00, 0x00, 0x44, 0x07, 0x00, 0x00, 0x50, 0x00, 0x07, 0x00, 0x26, 0x00, 0x00, 0x00, // !...D...P...&...
	0x22, 0x04, 0x00, 0x00, 0x1d, 0x04, 0x00, 0x00, 0x1f, 0x04, 0x00, 0x00, 0x21, 0x04, 0x00, 0x00, // "...........!...
	0xc2, 0x00, 0x00, 0x00, 0x90, 0x00, 0x05, 0x00, 0x26, 0x00, 0x00, 0x00, 0x25, 0x04, 0x00, 0x00, // ........&...%...
	0x22, 0x04, 0x00, 0x00, 0xfd, 0x03, 0x00, 0x00, 0x41, 0x00, 0x05, 0x00, 0x32, 0x02, 0x00, 0x00, // ".......A...2...
	0x27, 0x04, 0x00, 0x00, 0xcc, 0x01, 0x00, 0x00, 0x67, 0x02, 0x00, 0x00, 0x3d, 0x00, 0x04, 0x00, // '.......g...=...
	0xbe, 0x01, 0x00, 0x00, 0x28, 0x04, 0x00, 0x00, 0x27, 0x04, 0x00, 0x00, 0x90, 0x00, 0x05, 0x00, // ....(...'.......
	0x26, 0x00, 0x00, 0x00, 0x29, 0x04, 0x00, 0x00, 0x25, 0x04, 0x00, 0x00, 0x28, 0x04, 0x00, 0x00, // &...)...%...(...
	0x51, 0x00, 0x05, 0x00, 0x06, 0x00, 0x00, 0x00, 0x2e, 0x04, 0x00, 0x00, 0x54, 0x03, 0x00, 0x00, // Q...........T...
	0x00, 0x00, 0x00, 0x00, 0x51, 0x00, 0x05, 0x00, 0x06, 0x00, 0x00, 0x00, 0x30, 0x04, 0x00, 0x00, // ....Q.......0...
	0x00, 0x04, 0x00, 0x00, 0x02, 0x00, 0x00, 0x00, 0x85, 0x00, 0x05, 0x00, 0x06, 0x00, 0x00, 0x00, // ................
	0x31, 0x04, 0x00, 0x00, 0x2e, 0x04, 0x00, 0x00, 0x30, 0x04, 0x00, 0x00, 0x51, 0x00, 0x05, 0x00, // 1.......0...Q...
	0x06, 0x00, 0x00, 0x00, 0x33, 0x04, 0x00, 0x00, 0x00, 0x04, 0x00, 0x00, 0x00, 0x00, 0x00, 0x00, // ....3...........
	0x81, 0x00, 0x05, 0x00, 0x06, 0x00, 0x00, 0x00, 0x34, 0x04, 0x00, 0x00, 0x31, 0x04, 0x00, 0x00, // ........4...1...
	0x33, 0x04, 0x00, 0x00, 0x51, 0x00, 0x05, 0x00, 0x06, 0x00, 0x00, 0x00, 0x37, 0x04, 0x00, 0x00, // 3...Q.......7...
	0x54, 0x03, 0x00, 0x00, 0x01, 0x00, 0x00, 0x00, 0x51, 0x00, 0x05, 0x00, 0x06, 0x00, 0x00, 0x00, // T.......Q.......
	0x39, 0x04, 0x00, 0x00, 0x00, 0x04, 0x00, 0x00, 0x03, 0x00, 0x00, 0x00, 0x85, 0x00, 0x05, 0x00, // 9...............
	0x06, 0x00, 0x00, 0x00, 0x3a, 0x04, 0x00, 0x00, 0x37, 0x04, 0x00, 0x00, 0x39, 0x04, 0x00, 0x00, // ....:...7...9...
	0x51, 0x00, 0x05, 0x00, 0x06, 0x00, 0x00, 0x00, 0x3c, 0x04, 0x00, 0x00, 0x00, 0x04, 0x00, 0x00, // Q.......<.......
	0x01, 0x00, 0x00, 0x00, 0x81, 0x00, 0x05, 0x00, 0x06, 0x00, 0x00, 0x00, 0x3d, 0x04, 0x00, 0x00, // ............=...
	0x3a, 0x04, 0x00, 0x00, 0x3c, 0x04, 0x00, 0x00, 0x41, 0x00, 0x06, 0x00, 0xfd, 0x01, 0x00, 0x00, // :...<...A.......
	0x3f, 0x04, 0x00, 0x00, 0xcc, 0x01, 0x00, 0x00, 0xd9, 0x01, 0x00, 0x00, 0x72, 0x00, 0x00, 0x00, // ?...........r...
	0x3d, 0x00, 0x04, 0x00, 0x06, 0x00, 0x00, 0x00, 0x40, 0x04, 0x00, 0x00, 0x3f, 0x04, 0x00, 0x00, // =.......@...?...
	0x41, 0x00, 0x06, 0x00, 0xfd, 0x01, 0x00, 0x00, 0x41, 0x04, 0x00, 0x00, 0xcc, 0x01, 0x00, 0x00, // A.......A.......
	0xd9, 0x01, 0x00, 0x00, 0x7a, 0x00, 0x00, 0x00, 0x3d, 0x00, 0x04, 0x00, 0x06, 0x00, 0x00, 0x00, // ....z...=.......
	0x42, 0x04, 0x00, 0x00, 0x41, 0x04, 0x00, 0x00, 0x85, 0x00, 0x05, 0x00, 0x06, 0x00, 0x00, 0x00, // B...A...........
	0x45, 0x04, 0x00, 0x00, 0x42, 0x04, 0x00, 0x00, 0x3d, 0x04, 0x00, 0x00, 0x81, 0x00, 0x05, 0x00, // E...B...=.......
	0x06, 0x00, 0x00, 0x00, 0x46, 0x04, 0x00, 0x00, 0x40, 0x04, 0x00, 0x00, 0x45, 0x04, 0x00, 0x00, // ....F...@...E...
	0x52, 0x00, 0x06, 0x00, 0x26, 0x00, 0x00, 0x00, 0x82, 0x07, 0x00, 0x00, 0x34, 0x04, 0x00, 0x00, // R...&.......4...
	0x0e, 0x08, 0x00, 0x00, 0x00, 0x00, 0x00, 0x00, 0x41, 0x00, 0x05, 0x00, 0x72, 0x07, 0x00, 0x00, // ........A...r...
	0x45, 0x07, 0x00, 0x00, 0x42, 0x03, 0x00, 0x00, 0x72, 0x00, 0x00, 0x00, 0x3d, 0x00, 0x04, 0x00, // E...B...r...=...
	0x06, 0x00, 0x00, 0x00, 0x56, 0x04, 0x00, 0x00, 0x45, 0x07, 0x00, 0x00, 0x41, 0x00, 0x05, 0x00, // ....V...E...A...
	0x72, 0x07, 0x00, 0x00, 0x46, 0x07, 0x00, 0x00, 0x42, 0x03, 0x00, 0x00, 0x7a, 0x00, 0x00, 0x00, // r...F...B...z...
	0x3d, 0x00, 0x04, 0x00, 0x06, 0x00, 0x00, 0x00, 0x58, 0x04, 0x00, 0x00, 0x46, 0x07, 0x00, 0x00, // =.......X...F...
	0x41, 0x00, 0x05, 0x00, 0x72, 0x07, 0x00, 0x00, 0x47, 0x07, 0x00, 0x00, 0x42, 0x03, 0x00, 0x00, // A...r...G...B...
	0xa9, 0x00, 0x00, 0x00, 0x3d, 0x00, 0x04, 0x00, 0x06, 0x00, 0x00, 0x00, 0x5a, 0x04, 0x00, 0x00, // ....=.......Z...
	0x47, 0x07, 0x00, 0x00, 0x50, 0x00, 0x07, 0x00, 0x26, 0x00, 0x00, 0x00, 0x5b, 0x04, 0x00, 0x00, // G...P...&...[...
	0x56, 0x04, 0x00, 0x00, 0x58, 0x04, 0x00, 0x00, 0x5a, 0x04, 0x00, 0x00, 0xb7, 0x00, 0x00, 0x00, // V...X...Z.......
	0x41, 0x00, 0x05, 0x00, 0x72, 0x07, 0x00, 0x00, 0x48, 0x07, 0x00, 0x00, 0x4f, 0x03, 0x00, 0x00, // A...r...H...O...
	0x72, 0x00, 0x00, 0x00, 0x3d, 0x00, 0x04, 0x00, 0x06, 0x00, 0x00, 0x00, 0x5d, 0x04, 0x00, 0x00, // r...=.......]...
	0x48, 0x07, 0x00, 0x00, 0x41, 0x00, 0x05, 0x00, 0x72, 0x07, 0x00, 0x00, 0x49, 0x07, 0x00, 0x00, // H...A...r...I...
	0x4f, 0x03, 0x00, 0x00, 0x7a, 0x00, 0x00, 0x00, 0x3d, 0x00, 0x04, 0x00, 0x06, 0x00, 0x00, 0x00, // O...z...=.......
	0x5f, 0x04, 0x00, 0x00, 0x49, 0x07, 0x00, 0x00, 0x41, 0x00, 0x05, 0x00, 0x72, 0x07, 0x00, 0x00, // _...I...A...r...
	0x4a, 0x07, 0x00, 0x00, 0x4f, 0x03, 0x00, 0x00, 0xa9, 0x00, 0x00, 0x00, 0x3d, 0x00, 0x04, 0x00, // J...O.......=...
	0x06, 0x00, 0x00, 0x00, 0x61, 0x04, 0x00, 0x00, 0x4a, 0x07, 0x00, 0x00, 0x50, 0x00, 0x07, 0x00, // ....a...J...P...
	0x26, 0x00, 0x00, 0x00, 0x62, 0x04, 0x00, 0x00, 0x5d, 0x04, 0x00, 0x00, 0x5f, 0x04, 0x00, 0x00, // &...b...]..._...
	0x61, 0x04, 0x00, 0x00, 0xb7, 0x00, 0x00, 0x00, 0x90, 0x00, 0x05, 0x00, 0x26, 0x00, 0x00, 0x00, // a...........&...
	0x68, 0x04, 0x00, 0x00, 0x5b, 0x04, 0x00, 0x00, 0xfd, 0x03, 0x00, 0x00, 0x90, 0x00, 0x05, 0x00, // h...[...........
	0x26, 0x00, 0x00, 0x00, 0x6b, 0x04, 0x00, 0x00, 0x62, 0x04, 0x00, 0x00, 0xfd, 0x03, 0x00, 0x00, // &...k...b.......
	0x0c, 0x00, 0x06, 0x00, 0x26, 0x00, 0x00, 0x00, 0x6f, 0x04, 0x00, 0x00, 0x01, 0x00, 0x00, 0x00, // ....&...o.......
	0x45, 0x00, 0x00, 0x00, 0x68, 0x04, 0x00, 0x00, 0x0c, 0x00, 0x06, 0x00, 0x26, 0x00, 0x00, 0x00, // E...h.......&...
	0x71, 0x04, 0x00, 0x00, 0x01, 0x00, 0x00, 0x00, 0x45, 0x00, 0x00, 0x00, 0x6b, 0x04, 0x00, 0x00, // q.......E...k...
	0x81, 0x00, 0x05, 0x00, 0x26, 0x00, 0x00, 0x00, 0x74, 0x04, 0x00, 0x00, 0x25, 0x04, 0x00, 0x00, // ....&...t...%...
	0x71, 0x04, 0x00, 0x00, 0x90, 0x00, 0x05, 0x00, 0x26, 0x00, 0x00, 0x00, 0x77, 0x04, 0x00, 0x00, // q.......&...w...
	0x74, 0x04, 0x00, 0x00, 0x28, 0x04, 0x00, 0x00, 0x81, 0x00, 0x05, 0x00, 0x26, 0x00, 0x00, 0x00, // t...(.......&...
	0x7b, 0x04, 0x00, 0x00, 0x25, 0x04, 0x00, 0x00, 0x6f, 0x04, 0x00, 0x00, 0x90, 0x00, 0x05, 0x00, // {...%...o.......
	0x26, 0x00, 0x00, 0x00, 0x7e, 0x04, 0x00, 0x00, 0x7b, 0x04, 0x00, 0x00, 0x28, 0x04, 0x00, 0x00, // &...~...{...(...
	0x4f, 0x00, 0x07, 0x00, 0x0d, 0x00, 0x00, 0x00, 0x86, 0x04, 0x00, 0x00, 0x82, 0x07, 0x00, 0x00, // O...............
	0x82, 0x07, 0x00, 0x00, 0x00, 0x00, 0x00, 0x00, 0x01, 0x00, 0x00, 0x00, 0x41, 0x00, 0x05, 0x00, // ............A...
	0x72, 0x07, 0x00, 0x00, 0xb3, 0x04, 0x00, 0x00, 0x53, 0x03, 0x00, 0x00, 0x72, 0x00, 0x00, 0x00, // r.......S...r...
	0x3d, 0x00, 0x04, 0x00, 0x06, 0x00, 0x00, 0x00, 0xb4, 0x04, 0x00, 0x00, 0xb3, 0x04, 0x00, 0x00, // =...............
	0x51, 0x00, 0x05, 0x00, 0x06, 0x00, 0x00, 0x00, 0xb6, 0x04, 0x00, 0x00, 0x03, 0x04, 0x00, 0x00, // Q...............
	0x02, 0x00, 0x00, 0x00, 0x85, 0x00, 0x05, 0x00, 0x06, 0x00, 0x00, 0x00, 0xb7, 0x04, 0x00, 0x00, // ................
	0xb4, 0x04, 0x00, 0x00, 0xb6, 0x04, 0x00, 0x00, 0x51, 0x00, 0x05, 0x00, 0x06, 0x00, 0x00, 0x00, // ........Q.......
	0xb9, 0x04, 0x00, 0x00, 0x03, 0x04, 0x00, 0x00, 0x00, 0x00, 0x00, 0x00, 0x81, 0x00, 0x05, 0x00, // ................
	0x06, 0x00, 0x00, 0x00, 0xba, 0x04, 0x00, 0x00, 0xb7, 0x04, 0x00, 0x00, 0xb9, 0x04, 0x00, 0x00, // ................
	0x41, 0x00, 0x05, 0x00, 0x72, 0x07, 0x00, 0x00, 0xbc, 0x04, 0x00, 0x00, 0x53, 0x03, 0x00, 0x00, // A...r.......S...
	0x7a, 0x00, 0x00, 0x00, 0x3d, 0x00, 0x04, 0x00, 0x06, 0x00, 0x00, 0x00, 0xbd, 0x04, 0x00, 0x00, // z...=...........
	0xbc, 0x04, 0x00, 0x00, 0x51, 0x00, 0x05, 0x00, 0x06, 0x00, 0x00, 0x00, 0xbf, 0x04, 0x00, 0x00, // ....Q...........
	0x03, 0x04, 0x00, 0x00, 0x03, 0x00, 0x00, 0x00, 0x85, 0x00, 0x05, 0x00, 0x06, 0x00, 0x00, 0x00, // ................
	0xc0, 0x04, 0x00, 0x00, 0xbd, 0x04, 0x00, 0x00, 0xbf, 0x04, 0x00, 0x00, 0x51, 0x00, 0x05, 0x00, // ............Q...
	0x06, 0x00, 0x00, 0x00, 0xc2, 0x04, 0x00, 0x00, 0x03, 0x04, 0x00, 0x00, 0x01, 0x00, 0x00, 0x00, // ................
	0x81, 0x00, 0x05, 0x00, 0x06, 0x00, 0x00, 0x00, 0xc3, 0x04, 0x00, 0x00, 0xc0, 0x04, 0x00, 0x00, // ................
	0xc2, 0x04, 0x00, 0x00, 0x51, 0x00, 0x05, 0x00, 0x06, 0x00, 0x00, 0x00, 0xc8, 0x04, 0x00, 0x00, // ....Q...........
	0x06, 0x04, 0x00, 0x00, 0x02, 0x00, 0x00, 0x00, 0x85, 0x00, 0x05, 0x00, 0x06, 0x00, 0x00, 0x00, // ................
	0xc9, 0x04, 0x00, 0x00, 0xb4, 0x04, 0x00, 0x00, 0xc8, 0x04, 0x00, 0x00, 0x51, 0x00, 0x05, 0x00, // ............Q...
	0x06, 0x00, 0x00, 0x00, 0xcb, 0x04, 0x00, 0x00, 0x06, 0x04, 0x00, 0x00, 0x00, 0x00, 0x00, 0x00, // ................
	0x81, 0x00, 0x05, 0x00, 0x06, 0x00, 0x00, 0x00, 0xcc, 0x04, 0x00, 0x00, 0xc9, 0x04, 0x00, 0x00, // ................
	0xcb, 0x04, 0x00, 0x00, 0x51, 0x00, 0x05, 0x00, 0x06, 0x00, 0x00, 0x00, 0xd1, 0x04, 0x00, 0x00, // ....Q...........
	0x06, 0x04, 0x00, 0x00, 0x03, 0x00, 0x00, 0x00, 0x85, 0x00, 0x05, 0x00, 0x06, 0x00, 0x00, 0x00, // ................
	0xd2, 0x04, 0x00, 0x00, 0xbd, 0x04, 0x00, 0x00, 0xd1, 0x04, 0x00, 0x00, 0x51, 0x00, 0x05, 0x00, // ............Q...
	0x06, 0x00, 0x00, 0x00, 0xd4, 0x04, 0x00, 0x00, 0x06, 0x04, 0x00, 0x00, 0x01, 0x00, 0x00, 0x00, // ................
	0x81, 0x00, 0x05, 0x00, 0x06, 0x00, 0x00, 0x00, 0xd5, 0x04, 0x00, 0x00, 0xd2, 0x04, 0x00, 0x00, // ................
	0xd4, 0x04, 0x00, 0x00, 0x50, 0x00, 0x07, 0x00, 0x26, 0x00, 0x00, 0x00, 0x08, 0x08, 0x00, 0x00, // ....P...&.......
	0xba, 0x04, 0x00, 0x00, 0xc3, 0x04, 0x00, 0x00, 0xcc, 0x04, 0x00, 0x00, 0xd5, 0x04, 0x00, 0x00, // ................
	0x51, 0x00, 0x05, 0x00, 0x06, 0x00, 0x00, 0x00, 0xda, 0x04, 0x00, 0x00, 0x09, 0x04, 0x00, 0x00, // Q...............
	0x02, 0x00, 0x00, 0x00, 0x85, 0x00, 0x05, 0x00, 0x06, 0x00, 0x00, 0x00, 0xdb, 0x04, 0x00, 0x00, // ................
	0xb4, 0x04, 0x00, 0x00, 0xda, 0x04, 0x00, 0x00, 0x51, 0x00, 0x05, 0x00, 0x06, 0x00, 0x00, 0x00, // ........Q.......
	0xdd, 0x04, 0x00, 0x00, 0x09, 0x04, 0x00, 0x00, 0x00, 0x00, 0x00, 0x00, 0x81, 0x00, 0x05, 0x00, // ................
	0x06, 0x00, 0x00, 0x00, 0xde, 0x04, 0x00, 0x00, 0xdb, 0x04, 0x00, 0x00, 0xdd, 0x04, 0x00, 0x00, // ................
	0x51, 0x00, 0x05, 0x00, 0x06, 0x00, 0x00, 0x00, 0xe3, 0x04, 0x00, 0x00, 0x09, 0x04, 0x00, 0x00, // Q...............
	0x03, 0x00, 0x00, 0x00, 0x85, 0x00, 0x05, 0x00, 0x06, 0x00, 0x00, 0x00, 0xe4, 0x04, 0x00, 0x00, // ................
	0xbd, 0x04, 0x00, 0x00, 0xe3, 0x04, 0x00, 0x00, 0x51, 0x00, 0x05, 0x00, 0x06, 0x00, 0x00, 0x00, // ........Q.......
	0xe6, 0x04, 0x00, 0x00, 0x09, 0x04, 0x00, 0x00, 0x01, 0x00, 0x00, 0x00, 0x81, 0x00, 0x05, 0x00, // ................
	0x06, 0x00, 0x00, 0x00, 0xe7, 0x04, 0x00, 0x00, 0xe4, 0x04, 0x00, 0x00, 0xe6, 0x04, 0x00, 0x00, // ................
	0x51, 0x00, 0x05, 0x00, 0x06, 0x00, 0x00, 0x00, 0xec, 0x04, 0x00, 0x00, 0x0c, 0x04, 0x00, 0x00, // Q...............
	0x02, 0x00, 0x00, 0x00, 0x85, 0x00, 0x05, 0x00, 0x06, 0x00, 0x00, 0x00, 0xed, 0x04, 0x00, 0x00, // ................
	0xb4, 0x04, 0x00, 0x00, 0xec, 0x04, 0x00, 0x00, 0x51, 0x00, 0x05, 0x00, 0x06, 0x00, 0x00, 0x00, // ........Q.......
	0xef, 0x04, 0x00, 0x00, 0x0c, 0x04, 0x00, 0x00, 0x00, 0x00, 0x00, 0x00, 0x81, 0x00, 0x05, 0x00, // ................
	0x06, 0x00, 0x00, 0x00, 0xf0, 0x04, 0x00, 0x00, 0xed, 0x04, 0x00, 0x00, 0xef, 0x04, 0x00, 0x00, // ................
	0x51, 0x00, 0x05, 0x00, 0x06, 0x00, 0x00, 0x00, 0xf5, 0x04, 0x00, 0x00, 0x0c, 0x04, 0x00, 0x00, // Q...............
	0x03, 0x00, 0x00, 0x00, 0x85, 0x00, 0x05, 0x00, 0x06, 0x00, 0x00, 0x00, 0xf6, 0x04, 0x00, 0x00, // ................
	0xbd, 0x04, 0x00, 0x00, 0xf5, 0x04, 0x00, 0x00, 0x51, 0x00, 0x05, 0x00, 0x06, 0x00, 0x00, 0x00, // ........Q.......
	0xf8, 0x04, 0x00, 0x00, 0x0c, 0x04, 0x00, 0x00, 0x01, 0x00, 0x00, 0x00, 0x81, 0x00, 0x05, 0x00, // ................
	0x06, 0x00, 0x00, 0x00, 0xf9, 0x04, 0x00, 0x00, 0xf6, 0x04, 0x00, 0x00, 0xf8, 0x04, 0x00, 0x00, // ................
	0x51, 0x00, 0x05, 0x00, 0x06, 0x00, 0x00, 0x00, 0xfe, 0x04, 0x00, 0x00, 0x0f, 0x04, 0x00, 0x00, // Q...............
	0x02, 0x00, 0x00, 0x00, 0x85, 0x00, 0x05, 0x00, 0x06, 0x00, 0x00, 0x00, 0xff, 0x04, 0x00, 0x00, // ................
	0xb4, 0x04, 0x00, 0x00, 0xfe, 0x04, 0x00, 0x00, 0x51, 0x00, 0x05, 0x00, 0x06, 0x00, 0x00, 0x00, // ........Q.......
	0x01, 0x05, 0x00, 0x00, 0x0f, 0x04, 0x00, 0x00, 0x00, 0x00, 0x00, 0x00, 0x81, 0x00, 0x05, 0x00, // ................
	0x06, 0x00, 0x00, 0x00, 0x02, 0x05, 0x00, 0x00, 0xff, 0x04, 0x00, 0x00, 0x01, 0x05, 0x00, 0x00, // ................
	0x51, 0x00, 0x05, 0x00, 0x06, 0x00, 0x00, 0x00, 0x07, 0x05, 0x00, 0x00, 0x0f, 0x04, 0x00, 0x00, // Q...............
	0x03, 0x00, 0x00, 0x00, 0x85, 0x00, 0x05, 0x00, 0x06, 0x00, 0x00, 0x00, 0x08, 0x05, 0x00, 0x00, // ................
	0xbd, 0x04, 0x00, 0x00, 0x07, 0x05, 0x00, 0x00, 0x51, 0x00, 0x05, 0x00, 0x06, 0x00, 0x00, 0x00, // ........Q.......
	0x0a, 0x05, 0x00, 0x00, 0x0f, 0x04, 0x00, 0x00, 0x01, 0x00, 0x00, 0x00, 0x81, 0x00, 0x05, 0x00, // ................
	0x06, 0x00, 0x00, 0x00, 0x0b, 0x05, 0x00, 0x00, 0x08, 0x05, 0x00, 0x00, 0x0a, 0x05, 0x00, 0x00, // ................
	0x50, 0x00, 0x07, 0x00, 0x26, 0x00, 0x00, 0x00, 0x09, 0x08, 0x00, 0x00, 0xf0, 0x04, 0x00, 0x00, // P...&...........
	0xf9, 0x04, 0x00, 0x00, 0x02, 0x05, 0x00, 0x00, 0x0b, 0x05, 0x00, 0x00, 0x41, 0x00, 0x05, 0x00, // ............A...
	0xcd, 0x01, 0x00, 0x00, 0x10, 0x05, 0x00, 0x00, 0xcc, 0x01, 0x00, 0x00, 0x7d, 0x01, 0x00, 0x00, // ............}...
	0x3d, 0x00, 0x04, 0x00, 0x26, 0x00, 0x00, 0x00, 0x11, 0x05, 0x00, 0x00, 0x10, 0x05, 0x00, 0x00, // =...&...........
	0x41, 0x00, 0x05, 0x00, 0xcd, 0x01, 0x00, 0x00, 0x12, 0x05, 0x00, 0x00, 0xcc, 0x01, 0x00, 0x00, // A...............
	0xd1, 0x01, 0x00, 0x00, 0x3d, 0x00, 0x04, 0x00, 0x26, 0x00, 0x00, 0x00, 0x13, 0x05, 0x00, 0x00, // ....=...&.......
	0x12, 0x05, 0x00, 0x00, 0x41, 0x00, 0x05, 0x00, 0xcd, 0x01, 0x00, 0x00, 0x16, 0x05, 0x00, 0x00, // ....A...........
	0xcc, 0x01, 0x00, 0x00, 0xd9, 0x01, 0x00, 0x00, 0x3d, 0x00, 0x04, 0x00, 0x26, 0x00, 0x00, 0x00, // ........=...&...
	0x17, 0x05, 0x00, 0x00, 0x16, 0x05, 0x00, 0x00, 0x51, 0x00, 0x05, 0x00, 0x06, 0x00, 0x00, 0x00, // ........Q.......
	0x93, 0x05, 0x00, 0x00, 0x11, 0x05, 0x00, 0x00, 0x00, 0x00, 0x00, 0x00, 0x51, 0x00, 0x05, 0x00, // ............Q...
	0x06, 0x00, 0x00, 0x00, 0x95, 0x05, 0x00, 0x00, 0x11, 0x05, 0x00, 0x00, 0x01, 0x00, 0x00, 0x00, // ................
	0x51, 0x00, 0x05, 0x00, 0x06, 0x00, 0x00, 0x00, 0x97, 0x05, 0x00, 0x00, 0x11, 0x05, 0x00, 0x00, // Q...............
	0x02, 0x00, 0x00, 0x00, 0x51, 0x00, 0x05, 0x00, 0x06, 0x00, 0x00, 0x00, 0x99, 0x05, 0x00, 0x00, // ....Q...........
	0x11, 0x05, 0x00, 0x00, 0x03, 0x00, 0x00, 0x00, 0x4f, 0x00, 0x07, 0x00, 0x0d, 0x00, 0x00, 0x00, // ........O.......
	0x9b, 0x05, 0x00, 0x00, 0x13, 0x05, 0x00, 0x00, 0x13, 0x05, 0x00, 0x00, 0x00, 0x00, 0x00, 0x00, // ................
	0x01, 0x00, 0x00, 0x00, 0x4f, 0x00, 0x07, 0x00, 0x0d, 0x00, 0x00, 0x00, 0x9d, 0x05, 0x00, 0x00, // ....O...........
	0x13, 0x05, 0x00, 0x00, 0x13, 0x05, 0x00, 0x00, 0x02, 0x00, 0x00, 0x00, 0x03, 0x00, 0x00, 0x00, // ................
	0xba, 0x00, 0x05, 0x00, 0xb8, 0x00, 0x00, 0x00, 0x9f, 0x05, 0x00, 0x00, 0x93, 0x05, 0x00, 0x00, // ................
	0xb7, 0x00, 0x00, 0x00, 0xf7, 0x00, 0x03, 0x00, 0x13, 0x06, 0x00, 0x00, 0x00, 0x00, 0x00, 0x00, // ................
	0xfa, 0x00, 0x04, 0x00, 0x9f, 0x05, 0x00, 0x00, 0xa0, 0x05, 0x00, 0x00, 0x13, 0x06, 0x00, 0x00, // ................
	0xf8, 0x00, 0x02, 0x00, 0xa0, 0x05, 0x00, 0x00, 0x0c, 0x00, 0x06, 0x00, 0x06, 0x00, 0x00, 0x00, // ................
	0xa2, 0x05, 0x00, 0x00, 0x01, 0x00, 0x00, 0x00, 0x0a, 0x00, 0x00, 0x00, 0x18, 0x04, 0x00, 0x00, // ................
	0x0c, 0x00, 0x06, 0x00, 0x06, 0x00, 0x00, 0x00, 0xa4, 0x05, 0x00, 0x00, 0x01, 0x00, 0x00, 0x00, // ................
	0x08, 0x00, 0x00, 0x00, 0x18, 0x04, 0x00, 0x00, 0x81, 0x00, 0x05, 0x00, 0x06, 0x00, 0x00, 0x00, // ................
	0xa7, 0x05, 0x00, 0x00, 0xa4, 0x05, 0x00, 0x00, 0xc2, 0x00, 0x00, 0x00, 0x85, 0x00, 0x05, 0x00, // ................
	0x06, 0x00, 0x00, 0x00, 0xaa, 0x05, 0x00, 0x00, 0x97, 0x05, 0x00, 0x00, 0x99, 0x05, 0x00, 0x00, // ................
	0xb4, 0x00, 0x05, 0x00, 0xb8, 0x00, 0x00, 0x00, 0xac, 0x05, 0x00, 0x00, 0x95, 0x05, 0x00, 0x00, // ................
	0xb7, 0x00, 0x00, 0x00, 0xf7, 0x00, 0x03, 0x00, 0xe9, 0x05, 0x00, 0x00, 0x00, 0x00, 0x00, 0x00, // ................
	0xfa, 0x00, 0x04, 0x00, 0xac, 0x05, 0x00, 0x00, 0xad, 0x05, 0x00, 0x00, 0xb7, 0x05, 0x00, 0x00, // ................
	0xf8, 0x00, 0x02, 0x00, 0xad, 0x05, 0x00, 0x00, 0xbe, 0x00, 0x05, 0x00, 0xb8, 0x00, 0x00, 0x00, // ................
	0xb0, 0x05, 0x00, 0x00, 0xa7, 0x05, 0x00, 0x00, 0xaa, 0x05, 0x00, 0x00, 0xf7, 0x00, 0x03, 0x00, // ................
	0xb6, 0x05, 0x00, 0x00, 0x00, 0x00, 0x00, 0x00, 0xfa, 0x00, 0x04, 0x00, 0xb0, 0x05, 0x00, 0x00, // ................
	0xb1, 0x05, 0x00, 0x00, 0xb6, 0x05, 0x00, 0x00, 0xf8, 0x00, 0x02, 0x00, 0xb1, 0x05, 0x00, 0x00, // ................
	0x83, 0x00, 0x05, 0x00, 0x06, 0x00, 0x00, 0x00, 0xb3, 0x05, 0x00, 0x00, 0xaa, 0x05, 0x00, 0x00, // ................
	0xc2, 0x00, 0x00, 0x00, 0xf9, 0x00, 0x02, 0x00, 0xb6, 0x05, 0x00, 0x00, 0xf8, 0x00, 0x02, 0x00, // ................
	0xb6, 0x05, 0x00, 0x00, 0xf5, 0x00, 0x07, 0x00, 0x06, 0x00, 0x00, 0x00, 0x65, 0x07, 0x00, 0x00, // ............e...
	0xa7, 0x05, 0x00, 0x00, 0xad, 0x05, 0x00, 0x00, 0xb3, 0x05, 0x00, 0x00, 0xb1, 0x05, 0x00, 0x00, // ................
	0xf5, 0x00, 0x07, 0x00, 0x06, 0x00, 0x00, 0x00, 0x5f, 0x07, 0x00, 0x00, 0xa4, 0x05, 0x00, 0x00, // ........_.......
	0xad, 0x05, 0x00, 0x00, 0xb3, 0x05, 0x00, 0x00, 0xb1, 0x05, 0x00, 0x00, 0xf9, 0x00, 0x02, 0x00, // ................
	0xe9, 0x05, 0x00, 0x00, 0xf8, 0x00, 0x02, 0x00, 0xb7, 0x05, 0x00, 0x00, 0xb4, 0x00, 0x05, 0x00, // ................
	0xb8, 0x00, 0x00, 0x00, 0xb9, 0x05, 0x00, 0x00, 0x95, 0x05, 0x00, 0x00, 0xc2, 0x00, 0x00, 0x00, // ................
	0xf7, 0x00, 0x03, 0x00, 0xe8, 0x05, 0x00, 0x00, 0x00, 0x00, 0x00, 0x00, 0xfa, 0x00, 0x04, 0x00, // ................
	0xb9, 0x05, 0x00, 0x00, 0xba, 0x05, 0x00, 0x00, 0xc1, 0x05, 0x00, 0x00, 0xf8, 0x00, 0x02, 0x00, // ................
	0xba, 0x05, 0x00, 0x00, 0x88, 0x00, 0x05, 0x00, 0x06, 0x00, 0x00, 0x00, 0x1a, 0x06, 0x00, 0x00, // ................
	0xa4, 0x05, 0x00, 0x00, 0xaa, 0x05, 0x00, 0x00, 0x0c, 0x00, 0x06, 0x00, 0x06, 0x00, 0x00, 0x00, // ................
	0x1b, 0x06, 0x00, 0x00, 0x01, 0x00, 0x00, 0x00, 0x08, 0x00, 0x00, 0x00, 0x1a, 0x06, 0x00, 0x00, // ................
	0x85, 0x00, 0x05, 0x00, 0x06, 0x00, 0x00, 0x00, 0x1c, 0x06, 0x00, 0x00, 0xaa, 0x05, 0x00, 0x00, // ................
	0x1b, 0x06, 0x00, 0x00, 0x83, 0x00, 0x05, 0x00, 0x06, 0x00, 0x00, 0x00, 0x1d, 0x06, 0x00, 0x00, // ................
	0xa4, 0x05, 0x00, 0x00, 0x1c, 0x06, 0x00, 0x00, 0x88, 0x00, 0x05, 0x00, 0x06, 0x00, 0x00, 0x00, // ................
	0x24, 0x06, 0x00, 0x00, 0xa7, 0x05, 0x00, 0x00, 0xaa, 0x05, 0x00, 0x00, 0x0c, 0x00, 0x06, 0x00, // $...............
	0x06, 0x00, 0x00, 0x00, 0x25, 0x06, 0x00, 0x00, 0x01, 0x00, 0x00, 0x00, 0x08, 0x00, 0x00, 0x00, // ....%...........
	0x24, 0x06, 0x00, 0x00, 0x85, 0x00, 0x05, 0x00, 0x06, 0x00, 0x00, 0x00, 0x26, 0x06, 0x00, 0x00, // $...........&...
	0xaa, 0x05, 0x00, 0x00, 0x25, 0x06, 0x00, 0x00, 0x83, 0x00, 0x05, 0x00, 0x06, 0x00, 0x00, 0x00, // ....%...........
	0x27, 0x06, 0x00, 0x00, 0xa7, 0x05, 0x00, 0x00, 0x26, 0x06, 0x00, 0x00, 0xf9, 0x00, 0x02, 0x00, // '.......&.......
	0xe8, 0x05, 0x00, 0x00, 0xf8, 0x00, 0x02, 0x00, 0xc1, 0x05, 0x00, 0x00, 0xb4, 0x00, 0x05, 0x00, // ................
	0xb8, 0x00, 0x00, 0x00, 0xc3, 0x05, 0x00, 0x00, 0x95, 0x05, 0x00, 0x00, 0xe9, 0x00, 0x00, 0x00, // ................
	0xf7, 0x00, 0x03, 0x00, 0xe7, 0x05, 0x00, 0x00, 0x00, 0x00, 0x00, 0x00, 0xfa, 0x00, 0x04, 0x00, // ................
	0xc3, 0x05, 0x00, 0x00, 0xc4, 0x05, 0x00, 0x00, 0xe7, 0x05, 0x00, 0x00, 0xf8, 0x00, 0x02, 0x00, // ................
	0xc4, 0x05, 0x00, 0x00, 0x88, 0x00, 0x05, 0x00, 0x06, 0x00, 0x00, 0x00, 0xc7, 0x05, 0x00, 0x00, // ................
	0xa4, 0x05, 0x00, 0x00, 0xaa, 0x05, 0x00, 0x00, 0x0c, 0x00, 0x06, 0x00, 0x06, 0x00, 0x00, 0x00, // ................
	0xc8, 0x05, 0x00, 0x00, 0x01, 0x00, 0x00, 0x00, 0x08, 0x00, 0x00, 0x00, 0xc7, 0x05, 0x00, 0x00, // ................
	0x85, 0x00, 0x05, 0x00, 0x06, 0x00, 0x00, 0x00, 0x2e, 0x06, 0x00, 0x00, 0xc8, 0x05, 0x00, 0x00, // ................
	0x71, 0x07, 0x00, 0x00, 0x0c, 0x00, 0x06, 0x00, 0x06, 0x00, 0x00, 0x00, 0x2f, 0x06, 0x00, 0x00, // q.........../...
	0x01, 0x00, 0x00, 0x00, 0x08, 0x00, 0x00, 0x00, 0x2e, 0x06, 0x00, 0x00, 0x85, 0x00, 0x05, 0x00, // ................
	0x06, 0x00, 0x00, 0x00, 0x30, 0x06, 0x00, 0x00, 0xe9, 0x00, 0x00, 0x00, 0x2f, 0x06, 0x00, 0x00, // ....0......./...
	0x83, 0x00, 0x05, 0x00, 0x06, 0x00, 0x00, 0x00, 0x31, 0x06, 0x00, 0x00, 0xc8, 0x05, 0x00, 0x00, // ........1.......
	0x30, 0x06, 0x00, 0x00, 0xb4, 0x00, 0x05, 0x00, 0xb8, 0x00, 0x00, 0x00, 0xca, 0x05, 0x00, 0x00, // 0...............
	0x31, 0x06, 0x00, 0x00, 0xc2, 0x00, 0x00, 0x00, 0x85, 0x00, 0x05, 0x00, 0x06, 0x00, 0x00, 0x00, // 1...............
	0x3a, 0x06, 0x00, 0x00, 0xaa, 0x05, 0x00, 0x00, 0xc8, 0x05, 0x00, 0x00, 0x83, 0x00, 0x05, 0x00, // :...............
	0x06, 0x00, 0x00, 0x00, 0x3b, 0x06, 0x00, 0x00, 0xa4, 0x05, 0x00, 0x00, 0x3a, 0x06, 0x00, 0x00, // ....;.......:...
	0xf7, 0x00, 0x03, 0x00, 0xd5, 0x05, 0x00, 0x00, 0x00, 0x00, 0x00, 0x00, 0xfa, 0x00, 0x04, 0x00, // ................
	0xca, 0x05, 0x00, 0x00, 0xcf, 0x05, 0x00, 0x00, 0xd5, 0x05, 0x00, 0x00, 0xf8, 0x00, 0x02, 0x00, // ................
	0xcf, 0x05, 0x00, 0x00, 0x83, 0x00, 0x05, 0x00, 0x06, 0x00, 0x00, 0x00, 0xd1, 0x05, 0x00, 0x00, // ................
	0xaa, 0x05, 0x00, 0x00, 0xc2, 0x00, 0x00, 0x00, 0x0c, 0x00, 0x06, 0x00, 0x06, 0x00, 0x00, 0x00, // ................
	0xd3, 0x05, 0x00, 0x00, 0x01, 0x00, 0x00, 0x00, 0x08, 0x00, 0x00, 0x00, 0x3b, 0x06, 0x00, 0x00, // ............;...
	0x83, 0x00, 0x05, 0x00, 0x06, 0x00, 0x00, 0x00, 0xd4, 0x05, 0x00, 0x00, 0xd1, 0x05, 0x00, 0x00, // ................
	0xd3, 0x05, 0x00, 0x00, 0xf9, 0x00, 0x02, 0x00, 0xd5, 0x05, 0x00, 0x00, 0xf8, 0x00, 0x02, 0x00, // ................
	0xd5, 0x05, 0x00, 0x00, 0xf5, 0x00, 0x07, 0x00, 0x06, 0x00, 0x00, 0x00, 0x63, 0x07, 0x00, 0x00, // ............c...
	0x3b, 0x06, 0x00, 0x00, 0xc4, 0x05, 0x00, 0x00, 0xd4, 0x05, 0x00, 0x00, 0xcf, 0x05, 0x00, 0x00, // ;...............
	0x88, 0x00, 0x05, 0x00, 0x06, 0x00, 0x00, 0x00, 0xd8, 0x05, 0x00, 0x00, 0xa7, 0x05, 0x00, 0x00, // ................
	0xaa, 0x05, 0x00, 0x00, 0x0c, 0x00, 0x06, 0x00, 0x06, 0x00, 0x00, 0x00, 0xd9, 0x05, 0x00, 0x00, // ................
	0x01, 0x00, 0x00, 0x00, 0x08, 0x00, 0x00, 0x00, 0xd8, 0x05, 0x00, 0x00, 0x85, 0x00, 0x05, 0x00, // ................
	0x06, 0x00, 0x00, 0x00, 0x42, 0x06, 0x00, 0x00, 0xd9, 0x05, 0x00, 0x00, 0x71, 0x07, 0x00, 0x00, // ....B.......q...
	0x0c, 0x00, 0x06, 0x00, 0x06, 0x00, 0x00, 0x00, 0x43, 0x06, 0x00, 0x00, 0x01, 0x00, 0x00, 0x00, // ........C.......
	0x08, 0x00, 0x00, 0x00, 0x42, 0x06, 0x00, 0x00, 0x85, 0x00, 0x05, 0x00, 0x06, 0x00, 0x00, 0x00, // ....B...........
	0x44, 0x06, 0x00, 0x00, 0xe9, 0x00, 0x00, 0x00, 0x43, 0x06, 0x00, 0x00, 0x83, 0x00, 0x05, 0x00, // D.......C.......
	0x06, 0x00, 0x00, 0x00, 0x45, 0x06, 0x00, 0x00, 0xd9, 0x05, 0x00, 0x00, 0x44, 0x06, 0x00, 0x00, // ....E.......D...
	0xb4, 0x00, 0x05, 0x00, 0xb8, 0x00, 0x00, 0x00, 0xdb, 0x05, 0x00, 0x00, 0x45, 0x06, 0x00, 0x00, // ............E...
	0xc2, 0x00, 0x00, 0x00, 0x85, 0x00, 0x05, 0x00, 0x06, 0x00, 0x00, 0x00, 0x4e, 0x06, 0x00, 0x00, // ............N...
	0xaa, 0x05, 0x00, 0x00, 0xd9, 0x05, 0x00, 0x00, 0x83, 0x00, 0x05, 0x00, 0x06, 0x00, 0x00, 0x00, // ................
	0x4f, 0x06, 0x00, 0x00, 0xa7, 0x05, 0x00, 0x00, 0x4e, 0x06, 0x00, 0x00, 0xf7, 0x00, 0x03, 0x00, // O.......N.......
	0xe6, 0x05, 0x00, 0x00, 0x00, 0x00, 0x00, 0x00, 0xfa, 0x00, 0x04, 0x00, 0xdb, 0x05, 0x00, 0x00, // ................
	0xe0, 0x05, 0x00, 0x00, 0xe6, 0x05, 0x00, 0x00, 0xf8, 0x00, 0x02, 0x00, 0xe0, 0x05, 0x00, 0x00, // ................
	0x83, 0x00, 0x05, 0x00, 0x06, 0x00, 0x00, 0x00, 0xe2, 0x05, 0x00, 0x00, 0xaa, 0x05, 0x00, 0x00, // ................
	0xc2, 0x00, 0x00, 0x00, 0x0c, 0x00, 0x06, 0x00, 0x06, 0x00, 0x00, 0x00, 0xe4, 0x05, 0x00, 0x00, // ................
	0x01, 0x00, 0x00, 0x00, 0x08, 0x00, 0x00, 0x00, 0x4f, 0x06, 0x00, 0x00, 0x83, 0x00, 0x05, 0x00, // ........O.......
	0x06, 0x00, 0x00, 0x00, 0xe5, 0x05, 0x00, 0x00, 0xe2, 0x05, 0x00, 0x00, 0xe4, 0x05, 0x00, 0x00, // ................
	0xf9, 0x00, 0x02, 0x00, 0xe6, 0x05, 0x00, 0x00, 0xf8, 0x00, 0x02, 0x00, 0xe6, 0x05, 0x00, 0x00, // ................
	0xf5, 0x00, 0x07, 0x00, 0x06, 0x00, 0x00, 0x00, 0x68, 0x07, 0x00, 0x00, 0x4f, 0x06, 0x00, 0x00, // ........h...O...
	0xd5, 0x05, 0x00, 0x00, 0xe5, 0x05, 0x00, 0x00, 0xe0, 0x05, 0x00, 0x00, 0xf9, 0x00, 0x02, 0x00, // ................
	0xe7, 0x05, 0x00, 0x00, 0xf8, 0x00, 0x02, 0x00, 0xe7, 0x05, 0x00, 0x00, 0xf5, 0x00, 0x07, 0x00, // ................
	0x06, 0x00, 0x00, 0x00, 0x67, 0x07, 0x00, 0x00, 0xa7, 0x05, 0x00, 0x00, 0xc1, 0x05, 0x00, 0x00, // ....g...........
	0x68, 0x07, 0x00, 0x00, 0xe6, 0x05, 0x00, 0x00, 0xf5, 0x00, 0x07, 0x00, 0x06, 0x00, 0x00, 0x00, // h...............
	0x61, 0x07, 0x00, 0x00, 0xa4, 0x05, 0x00, 0x00, 0xc1, 0x05, 0x00, 0x00, 0x63, 0x07, 0x00, 0x00, // a...........c...
	0xe6, 0x05, 0x00, 0x00, 0xf9, 0x00, 0x02, 0x00, 0xe8, 0x05, 0x00, 0x00, 0xf8, 0x00, 0x02, 0x00, // ................
	0xe8, 0x05, 0x00, 0x00, 0xf5, 0x00, 0x07, 0x00, 0x06, 0x00, 0x00, 0x00, 0x66, 0x07, 0x00, 0x00, // ............f...
	0x27, 0x06, 0x00, 0x00, 0xba, 0x05, 0x00, 0x00, 0x67, 0x07, 0x00, 0x00, 0xe7, 0x05, 0x00, 0x00, // '.......g.......
	0xf5, 0x00, 0x07, 0x00, 0x06, 0x00, 0x00, 0x00, 0x60, 0x07, 0x00, 0x00, 0x1d, 0x06, 0x00, 0x00, // ........`.......
	0xba, 0x05, 0x00, 0x00, 0x61, 0x07, 0x00, 0x00, 0xe7, 0x05, 0x00, 0x00, 0xf9, 0x00, 0x02, 0x00, // ....a...........
	0xe9, 0x05, 0x00, 0x00, 0xf8, 0x00, 0x02, 0x00, 0xe9, 0x05, 0x00, 0x00, 0xf5, 0x00, 0x07, 0x00, // ................
	0x06, 0x00, 0x00, 0x00, 0x64, 0x07, 0x00, 0x00, 0x65, 0x07, 0x00, 0x00, 0xb6, 0x05, 0x00, 0x00, // ....d...e.......
	0x66, 0x07, 0x00, 0x00, 0xe8, 0x05, 0x00, 0x00, 0xf5, 0x00, 0x07, 0x00, 0x06, 0x00, 0x00, 0x00, // f...............
	0x5e, 0x07, 0x00, 0x00, 0x5f, 0x07, 0x00, 0x00, 0xb6, 0x05, 0x00, 0x00, 0x60, 0x07, 0x00, 0x00, // ^..._.......`...
	0xe8, 0x05, 0x00, 0x00, 0x51, 0x00, 0x05, 0x00, 0x06, 0x00, 0x00, 0x00, 0xec, 0x05, 0x00, 0x00, // ....Q...........
	0x17, 0x05, 0x00, 0x00, 0x00, 0x00, 0x00, 0x00, 0x51, 0x00, 0x05, 0x00, 0x06, 0x00, 0x00, 0x00, // ........Q.......
	0xee, 0x05, 0x00, 0x00, 0x17, 0x05, 0x00, 0x00, 0x01, 0x00, 0x00, 0x00, 0x85, 0x00, 0x05, 0x00, // ................
	0x06, 0x00, 0x00, 0x00, 0xf1, 0x05, 0x00, 0x00, 0xee, 0x05, 0x00, 0x00, 0x46, 0x04, 0x00, 0x00, // ............F...
	0x81, 0x00, 0x05, 0x00, 0x06, 0x00, 0x00, 0x00, 0xf2, 0x05, 0x00, 0x00, 0xec, 0x05, 0x00, 0x00, // ................
	0xf1, 0x05, 0x00, 0x00, 0x52, 0x00, 0x06, 0x00, 0x0d, 0x00, 0x00, 0x00, 0xb6, 0x07, 0x00, 0x00, // ....R...........
	0xf2, 0x05, 0x00, 0x00, 0x86, 0x04, 0x00, 0x00, 0x01, 0x00, 0x00, 0x00, 0x6e, 0x00, 0x04, 0x00, // ............n...
	0x42, 0x00, 0x00, 0x00, 0x57, 0x06, 0x00, 0x00, 0x5e, 0x07, 0x00, 0x00, 0x6f, 0x00, 0x04, 0x00, // B...W...^...o...
	0x06, 0x00, 0x00, 0x00, 0x58, 0x06, 0x00, 0x00, 0x57, 0x06, 0x00, 0x00, 0x6e, 0x00, 0x04, 0x00, // ....X...W...n...
	0x42, 0x00, 0x00, 0x00, 0x5a, 0x06, 0x00, 0x00, 0x97, 0x05, 0x00, 0x00, 0x6f, 0x00, 0x04, 0x00, // B...Z.......o...
	0x06, 0x00, 0x00, 0x00, 0x5b, 0x06, 0x00, 0x00, 0x5a, 0x06, 0x00, 0x00, 0x88, 0x00, 0x05, 0x00, // ....[...Z.......
	0x06, 0x00, 0x00, 0x00, 0x73, 0x06, 0x00, 0x00, 0x58, 0x06, 0x00, 0x00, 0x5b, 0x06, 0x00, 0x00, // ....s...X...[...
	0x0c, 0x00, 0x06, 0x00, 0x06, 0x00, 0x00, 0x00, 0x74, 0x06, 0x00, 0x00, 0x01, 0x00, 0x00, 0x00, // ........t.......
	0x08, 0x00, 0x00, 0x00, 0x73, 0x06, 0x00, 0x00, 0x85, 0x00, 0x05, 0x00, 0x06, 0x00, 0x00, 0x00, // ....s...........
	0x75, 0x06, 0x00, 0x00, 0x5b, 0x06, 0x00, 0x00, 0x74, 0x06, 0x00, 0x00, 0x83, 0x00, 0x05, 0x00, // u...[...t.......
	0x06, 0x00, 0x00, 0x00, 0x76, 0x06, 0x00, 0x00, 0x58, 0x06, 0x00, 0x00, 0x75, 0x06, 0x00, 0x00, // ....v...X...u...
	0x87, 0x00, 0x05, 0x00, 0x42, 0x00, 0x00, 0x00, 0x62, 0x06, 0x00, 0x00, 0x57, 0x06, 0x00, 0x00, // ....B...b...W...
	0x5a, 0x06, 0x00, 0x00, 0x6f, 0x00, 0x04, 0x00, 0x06, 0x00, 0x00, 0x00, 0x63, 0x06, 0x00, 0x00, // Z...o.......c...
	0x62, 0x06, 0x00, 0x00, 0x50, 0x00, 0x05, 0x00, 0x0d, 0x00, 0x00, 0x00, 0x0a, 0x08, 0x00, 0x00, // b...P...........
	0x76, 0x06, 0x00, 0x00, 0x63, 0x06, 0x00, 0x00, 0x85, 0x00, 0x05, 0x00, 0x0d, 0x00, 0x00, 0x00, // v...c...........
	0x67, 0x06, 0x00, 0x00, 0x0a, 0x08, 0x00, 0x00, 0x9b, 0x05, 0x00, 0x00, 0x81, 0x00, 0x05, 0x00, // g...............
	0x0d, 0x00, 0x00, 0x00, 0x69, 0x06, 0x00, 0x00, 0x67, 0x06, 0x00, 0x00, 0x9d, 0x05, 0x00, 0x00, // ....i...g.......
	0x83, 0x00, 0x05, 0x00, 0x0d, 0x00, 0x00, 0x00, 0x6c, 0x06, 0x00, 0x00, 0xb6, 0x07, 0x00, 0x00, // ........l.......
	0x69, 0x06, 0x00, 0x00, 0x6e, 0x00, 0x04, 0x00, 0x42, 0x00, 0x00, 0x00, 0x7d, 0x06, 0x00, 0x00, // i...n...B...}...
	0x64, 0x07, 0x00, 0x00, 0x6f, 0x00, 0x04, 0x00, 0x06, 0x00, 0x00, 0x00, 0x7e, 0x06, 0x00, 0x00, // d...o.......~...
	0x7d, 0x06, 0x00, 0x00, 0x88, 0x00, 0x05, 0x00, 0x06, 0x00, 0x00, 0x00, 0x98, 0x06, 0x00, 0x00, // }...............
	0x7e, 0x06, 0x00, 0x00, 0x5b, 0x06, 0x00, 0x00, 0x0c, 0x00, 0x06, 0x00, 0x06, 0x00, 0x00, 0x00, // ~...[...........
	0x99, 0x06, 0x00, 0x00, 0x01, 0x00, 0x00, 0x00, 0x08, 0x00, 0x00, 0x00, 0x98, 0x06, 0x00, 0x00, // ................
	0x85, 0x00, 0x05, 0x00, 0x06, 0x00, 0x00, 0x00, 0x9a, 0x06, 0x00, 0x00, 0x5b, 0x06, 0x00, 0x00, // ............[...
	0x99, 0x06, 0x00, 0x00, 0x83, 0x00, 0x05, 0x00, 0x06, 0x00, 0x00, 0x00, 0x9b, 0x06, 0x00, 0x00, // ................
	0x7e, 0x06, 0x00, 0x00, 0x9a, 0x06, 0x00, 0x00, 0x87, 0x00, 0x05, 0x00, 0x42, 0x00, 0x00, 0x00, // ~...........B...
	0x88, 0x06, 0x00, 0x00, 0x7d, 0x06, 0x00, 0x00, 0x5a, 0x06, 0x00, 0x00, 0x6f, 0x00, 0x04, 0x00, // ....}...Z...o...
	0x06, 0x00, 0x00, 0x00, 0x89, 0x06, 0x00, 0x00, 0x88, 0x06, 0x00, 0x00, 0x50, 0x00, 0x05, 0x00, // ............P...
	0x0d, 0x00, 0x00, 0x00, 0x0b, 0x08, 0x00, 0x00, 0x9b, 0x06, 0x00, 0x00, 0x89, 0x06, 0x00, 0x00, // ................
	0x85, 0x00, 0x05, 0x00, 0x0d, 0x00, 0x00, 0x00, 0x8e, 0x06, 0x00, 0x00, 0x0b, 0x08, 0x00, 0x00, // ................
	0x9b, 0x05, 0x00, 0x00, 0x81, 0x00, 0x05, 0x00, 0x0d, 0x00, 0x00, 0x00, 0x8f, 0x06, 0x00, 0x00, // ................
	0x6c, 0x06, 0x00, 0x00, 0x8e, 0x06, 0x00, 0x00, 0x81, 0x00, 0x05, 0x00, 0x0d, 0x00, 0x00, 0x00, // l...............
	0x91, 0x06, 0x00, 0x00, 0x8f, 0x06, 0x00, 0x00, 0x9d, 0x05, 0x00, 0x00, 0x51, 0x00, 0x05, 0x00, // ............Q...
	0x06, 0x00, 0x00, 0x00, 0x0f, 0x06, 0x00, 0x00, 0x91, 0x06, 0x00, 0x00, 0x01, 0x00, 0x00, 0x00, // ................
	0x85, 0x00, 0x05, 0x00, 0x06, 0x00, 0x00, 0x00, 0x10, 0x06, 0x00, 0x00, 0xee, 0x05, 0x00, 0x00, // ................
	0x0f, 0x06, 0x00, 0x00, 0x81, 0x00, 0x05, 0x00, 0x06, 0x00, 0x00, 0x00, 0x11, 0x06, 0x00, 0x00, // ................
	0xec, 0x05, 0x00, 0x00, 0x10, 0x06, 0x00, 0x00, 0x52, 0x00, 0x06, 0x00, 0x0d, 0x00, 0x00, 0x00, // ........R.......
	0xc3, 0x07, 0x00, 0x00, 0x11, 0x06, 0x00, 0x00, 0x91, 0x06, 0x00, 0x00, 0x01, 0x00, 0x00, 0x00, // ................
	0xf9, 0x00, 0x02, 0x00, 0x13, 0x06, 0x00, 0x00, 0xf8, 0x00, 0x02, 0x00, 0x13, 0x06, 0x00, 0x00, // ................
	0xf5, 0x00, 0x07, 0x00, 0x0d, 0x00, 0x00, 0x00, 0xea, 0x07, 0x00, 0x00, 0x70, 0x07, 0x00, 0x00, // ............p...
	0x05, 0x00, 0x00, 0x00, 0xc3, 0x07, 0x00, 0x00, 0xe9, 0x05, 0x00, 0x00, 0xf5, 0x00, 0x07, 0x00, // ................
	0x06, 0x00, 0x00, 0x00, 0x69, 0x07, 0x00, 0x00, 0xb7, 0x00, 0x00, 0x00, 0x05, 0x00, 0x00, 0x00, // ....i...........
	0xa2, 0x05, 0x00, 0x00, 0xe9, 0x05, 0x00, 0x00, 0x51, 0x00, 0x05, 0x00, 0x06, 0x00, 0x00, 0x00, // ........Q.......
	0x27, 0x05, 0x00, 0x00, 0xea, 0x07, 0x00, 0x00, 0x00, 0x00, 0x00, 0x00, 0x51, 0x00, 0x05, 0x00, // '...........Q...
	0x06, 0x00, 0x00, 0x00, 0x2a, 0x05, 0x00, 0x00, 0xea, 0x07, 0x00, 0x00, 0x01, 0x00, 0x00, 0x00, // ....*...........
	0x50, 0x00, 0x07, 0x00, 0x26, 0x00, 0x00, 0x00, 0x0c, 0x08, 0x00, 0x00, 0xde, 0x04, 0x00, 0x00, // P...&...........
	0xe7, 0x04, 0x00, 0x00, 0x27, 0x05, 0x00, 0x00, 0x2a, 0x05, 0x00, 0x00, 0x50, 0x00, 0x07, 0x00, // ....'...*...P...
	0x26, 0x00, 0x00, 0x00, 0x0d, 0x08, 0x00, 0x00, 0x34, 0x04, 0x00, 0x00, 0x46, 0x04, 0x00, 0x00, // &.......4...F...
	0x69, 0x07, 0x00, 0x00, 0x1b, 0x04, 0x00, 0x00, 0x85, 0x00, 0x05, 0x00, 0x06, 0x00, 0x00, 0x00, // i...............
	0x36, 0x05, 0x00, 0x00, 0x42, 0x04, 0x00, 0x00, 0xc3, 0x04, 0x00, 0x00, 0x81, 0x00, 0x05, 0x00, // 6...B...........
	0x06, 0x00, 0x00, 0x00, 0x37, 0x05, 0x00, 0x00, 0x40, 0x04, 0x00, 0x00, 0x36, 0x05, 0x00, 0x00, // ....7...@...6...
	0x52, 0x00, 0x06, 0x00, 0x26, 0x00, 0x00, 0x00, 0xd0, 0x07, 0x00, 0x00, 0x37, 0x05, 0x00, 0x00, // R...&.......7...
	0x08, 0x08, 0x00, 0x00, 0x01, 0x00, 0x00, 0x00, 0x85, 0x00, 0x05, 0x00, 0x06, 0x00, 0x00, 0x00, // ................
	0x3f, 0x05, 0x00, 0x00, 0x42, 0x04, 0x00, 0x00, 0xd5, 0x04, 0x00, 0x00, 0x81, 0x00, 0x05, 0x00, // ?...B...........
	0x06, 0x00, 0x00, 0x00, 0x40, 0x05, 0x00, 0x00, 0x40, 0x04, 0x00, 0x00, 0x3f, 0x05, 0x00, 0x00, // ....@...@...?...
	0x52, 0x00, 0x06, 0x00, 0x26, 0x00, 0x00, 0x00, 0xd3, 0x07, 0x00, 0x00, 0x40, 0x05, 0x00, 0x00, // R...&.......@...
	0xd0, 0x07, 0x00, 0x00, 0x03, 0x00, 0x00, 0x00, 0x85, 0x00, 0x05, 0x00, 0x06, 0x00, 0x00, 0x00, // ................
	0x48, 0x05, 0x00, 0x00, 0x42, 0x04, 0x00, 0x00, 0xe7, 0x04, 0x00, 0x00, 0x81, 0x00, 0x05, 0x00, // H...B...........
	0x06, 0x00, 0x00, 0x00, 0x49, 0x05, 0x00, 0x00, 0x40, 0x04, 0x00, 0x00, 0x48, 0x05, 0x00, 0x00, // ....I...@...H...
	0x52, 0x00, 0x06, 0x00, 0x26, 0x00, 0x00, 0x00, 0xd6, 0x07, 0x00, 0x00, 0x49, 0x05, 0x00, 0x00, // R...&.......I...
	0x0c, 0x08, 0x00, 0x00, 0x01, 0x00, 0x00, 0x00, 0x85, 0x00, 0x05, 0x00, 0x06, 0x00, 0x00, 0x00, // ................
	0x51, 0x05, 0x00, 0x00, 0x42, 0x04, 0x00, 0x00, 0xf9, 0x04, 0x00, 0x00, 0x81, 0x00, 0x05, 0x00, // Q...B...........
	0x06, 0x00, 0x00, 0x00, 0x52, 0x05, 0x00, 0x00, 0x40, 0x04, 0x00, 0x00, 0x51, 0x05, 0x00, 0x00, // ....R...@...Q...
	0x52, 0x00, 0x06, 0x00, 0x26, 0x00, 0x00, 0x00, 0xd9, 0x07, 0x00, 0x00, 0x52, 0x05, 0x00, 0x00, // R...&.......R...
	0x09, 0x08, 0x00, 0x00, 0x01, 0x00, 0x00, 0x00, 0x85, 0x00, 0x05, 0x00, 0x06, 0x00, 0x00, 0x00, // ................
	0x5a, 0x05, 0x00, 0x00, 0x42, 0x04, 0x00, 0x00, 0x0b, 0x05, 0x00, 0x00, 0x81, 0x00, 0x05, 0x00, // Z...B...........
	0x06, 0x00, 0x00, 0x00, 0x5b, 0x05, 0x00, 0x00, 0x40, 0x04, 0x00, 0x00, 0x5a, 0x05, 0x00, 0x00, // ....[...@...Z...
	0x52, 0x00, 0x06, 0x00, 0x26, 0x00, 0x00, 0x00, 0xdc, 0x07, 0x00, 0x00, 0x5b, 0x05, 0x00, 0x00, // R...&.......[...
	0xd9, 0x07, 0x00, 0x00, 0x03, 0x00, 0x00, 0x00, 0x3e, 0x00, 0x03, 0x00, 0x6a, 0x03, 0x00, 0x00, // ........>...j...
	0x29, 0x04, 0x00, 0x00, 0x3e, 0x00, 0x03, 0x00, 0x6d, 0x03, 0x00, 0x00, 0xd3, 0x07, 0x00, 0x00, // )...>...m.......
	0x3e, 0x00, 0x03, 0x00, 0x70, 0x03, 0x00, 0x00, 0xdc, 0x07, 0x00, 0x00, 0x3e, 0x00, 0x03, 0x00, // >...p.......>...
	0x73, 0x03, 0x00, 0x00, 0xd6, 0x07, 0x00, 0x00, 0x3e, 0x00, 0x03, 0x00, 0x76, 0x03, 0x00, 0x00, // s.......>...v...
	0x15, 0x04, 0x00, 0x00, 0x3e, 0x00, 0x03, 0x00, 0x79, 0x03, 0x00, 0x00, 0x29, 0x04, 0x00, 0x00, // ....>...y...)...
	0x3e, 0x00, 0x03, 0x00, 0x7c, 0x03, 0x00, 0x00, 0x7e, 0x04, 0x00, 0x00, 0x3e, 0x00, 0x03, 0x00, // >...|...~...>...
	0x7f, 0x03, 0x00, 0x00, 0x77, 0x04, 0x00, 0x00, 0x3e, 0x00, 0x03, 0x00, 0x82, 0x03, 0x00, 0x00, // ....w...>.......
	0x0d, 0x08, 0x00, 0x00, 0xfd, 0x00, 0x01, 0x00, 0x38, 0x00, 0x01, 0x00, 0x00, 0x07, 0x04, 0x00, // ........8.......
	0x05, 0x00, 0x02, 0x00, 0x01, 0x00, 0x03, 0x00, 0x10, 0x00, 0xff, 0xff, 0xf0, 0x20,             // ............. 
};
static const uint8_t ad_model_distortion_vs_mtl[7975] =
{
	0x56, 0x53, 0x48, 0x0c, 0x00, 0x00, 0x00, 0x00, 0x0d, 0x11, 0x5f, 0xc2, 0x00, 0x00, 0x00, 0x00, // VSH......._.....
	0x00, 0x00, 0x00, 0x00, 0x0e, 0x00, 0x14, 0x75, 0x5f, 0x66, 0x6c, 0x69, 0x70, 0x62, 0x6f, 0x6f, // .......u_flipboo
	0x6b, 0x50, 0x61, 0x72, 0x61, 0x6d, 0x65, 0x74, 0x65, 0x72, 0x31, 0x02, 0x01, 0x40, 0x19, 0x01, // kParameter1..@..
	0x00, 0x00, 0x00, 0x00, 0x00, 0x14, 0x75, 0x5f, 0x66, 0x6c, 0x69, 0x70, 0x62, 0x6f, 0x6f, 0x6b, // ......u_flipbook
	0x50, 0x61, 0x72, 0x61, 0x6d, 0x65, 0x74, 0x65, 0x72, 0x32, 0x02, 0x01, 0x50, 0x19, 0x01, 0x00, // Parameter2..P...
	0x00, 0x00, 0x00, 0x00, 0x0d, 0x75, 0x5f, 0x6d, 0x55, 0x56, 0x49, 0x6e, 0x76, 0x65, 0x72, 0x73, // .....u_mUVInvers
	0x65, 0x64, 0x02, 0x01, 0xe0, 0x20, 0x01, 0x00, 0x00, 0x00, 0x00, 0x00, 0x0d, 0x75, 0x5f, 0x6d, // ed... .......u_m
	0x4d, 0x6f, 0x64, 0x65, 0x6c, 0x5f, 0x49, 0x6e, 0x73, 0x74, 0x04, 0x28, 0x40, 0x00, 0xa0, 0x00, // Model_Inst.(@...
	0x00, 0x00, 0x00, 0x00, 0x05, 0x75, 0x5f, 0x66, 0x55, 0x56, 0x02, 0x28, 0x40, 0x0a, 0x28, 0x00, // .....u_fUV.(@.(.
	0x00, 0x00, 0x00, 0x00, 0x0a, 0x75, 0x5f, 0x66, 0x41, 0x6c, 0x70, 0x68, 0x61, 0x55, 0x56, 0x02, // .....u_fAlphaUV.
	0x28, 0xc0, 0x0c, 0x28, 0x00, 0x00, 0x00, 0x00, 0x00, 0x11, 0x75, 0x5f, 0x66, 0x55, 0x56, 0x44, // (..(......u_fUVD
	0x69, 0x73, 0x74, 0x6f, 0x72, 0x74, 0x69, 0x6f, 0x6e, 0x55, 0x56, 0x02, 0x28, 0x40, 0x0f, 0x28, // istortionUV.(@.(
	0x00, 0x00, 0x00, 0x00, 0x00, 0x0a, 0x75, 0x5f, 0x66, 0x42, 0x6c, 0x65, 0x6e, 0x64, 0x55, 0x56, // ......u_fBlendUV
	0x02, 0x28, 0xc0, 0x11, 0x28, 0x00, 0x00, 0x00, 0x00, 0x00, 0x0f, 0x75, 0x5f, 0x66, 0x42, 0x6c, // .(..(......u_fBl
	0x65, 0x6e, 0x64, 0x41, 0x6c, 0x70, 0x68, 0x61, 0x55, 0x56, 0x02, 0x28, 0x40, 0x14, 0x28, 0x00, // endAlphaUV.(@.(.
	0x00, 0x00, 0x00, 0x00, 0x16, 0x75, 0x5f, 0x66, 0x42, 0x6c, 0x65, 0x6e, 0x64, 0x55, 0x56, 0x44, // .....u_fBlendUVD
	0x69, 0x73, 0x74, 0x6f, 0x72, 0x74, 0x69, 0x6f, 0x6e, 0x55, 0x56, 0x02, 0x28, 0xc0, 0x16, 0x28, // istortionUV.(..(
	0x00, 0x00, 0x00, 0x00, 0x00, 0x0d, 0x75, 0x5f, 0x66, 0x4d, 0x6f, 0x64, 0x65, 0x6c, 0x43, 0x6f, // ......u_fModelCo
	0x6c, 0x6f, 0x72, 0x02, 0x28, 0x60, 0x1e, 0x28, 0x00, 0x00, 0x00, 0x00, 0x00, 0x1b, 0x75, 0x5f, // lor.(`.(......u_
	0x66, 0x46, 0x6c, 0x69, 0x70, 0x62, 0x6f, 0x6f, 0x6b, 0x49, 0x6e, 0x64, 0x65, 0x78, 0x41, 0x6e, // fFlipbookIndexAn
	0x64, 0x4e, 0x65, 0x78, 0x74, 0x52, 0x61, 0x74, 0x65, 0x02, 0x28, 0x60, 0x19, 0x28, 0x00, 0x00, // dNextRate.(`.(..
	0x00, 0x00, 0x00, 0x16, 0x75, 0x5f, 0x66, 0x4d, 0x6f, 0x64, 0x65, 0x6c, 0x41, 0x6c, 0x70, 0x68, // ....u_fModelAlph
	0x61, 0x54, 0x68, 0x72, 0x65, 0x73, 0x68, 0x6f, 0x6c, 0x64, 0x02, 0x28, 0xe0, 0x1b, 0x28, 0x00, // aThreshold.(..(.
	0x00, 0x00, 0x00, 0x00, 0x0d, 0x75, 0x5f, 0x6d, 0x43, 0x61, 0x6d, 0x65, 0x72, 0x61, 0x50, 0x72, // .....u_mCameraPr
	0x6f, 0x6a, 0x04, 0x01, 0x00, 0x00, 0x04, 0x00, 0x00, 0x00, 0x00, 0x00, 0x85, 0x1d, 0x00, 0x00, // oj..............
	0x23, 0x69, 0x6e, 0x63, 0x6c, 0x75, 0x64, 0x65, 0x20, 0x3c, 0x6d, 0x65, 0x74, 0x61, 0x6c, 0x5f, // #include <metal_
	0x73, 0x74, 0x64, 0x6c, 0x69, 0x62, 0x3e, 0x0a, 0x23, 0x69, 0x6e, 0x63, 0x6c, 0x75, 0x64, 0x65, // stdlib>.#include
	0x20, 0x3c, 0x73, 0x69, 0x6d, 0x64, 0x2f, 0x73, 0x69, 0x6d, 0x64, 0x2e, 0x68, 0x3e, 0x0a, 0x0a, //  <simd/simd.h>..
	0x75, 0x73, 0x69, 0x6e, 0x67, 0x20, 0x6e, 0x61, 0x6d, 0x65, 0x73, 0x70, 0x61, 0x63, 0x65, 0x20, // using namespace 
	0x6d, 0x65, 0x74, 0x61, 0x6c, 0x3b, 0x0a, 0x0a, 0x73, 0x74, 0x72, 0x75, 0x63, 0x74, 0x20, 0x5f, // metal;..struct _
	0x47, 0x6c, 0x6f, 0x62, 0x61, 0x6c, 0x0a, 0x7b, 0x0a, 0x20, 0x20, 0x20, 0x20, 0x66, 0x6c, 0x6f, // Global.{.    flo
	0x61, 0x74, 0x34, 0x78, 0x34, 0x20, 0x75, 0x5f, 0x6d, 0x43, 0x61, 0x6d, 0x65, 0x72, 0x61, 0x50, // at4x4 u_mCameraP
	0x72, 0x6f, 0x6a, 0x3b, 0x0a, 0x20, 0x20, 0x20, 0x20, 0x66, 0x6c, 0x6f, 0x61, 0x74, 0x34, 0x78, // roj;.    float4x
	0x34, 0x20, 0x75, 0x5f, 0x6d, 0x4d, 0x6f, 0x64, 0x65, 0x6c, 0x5f, 0x49, 0x6e, 0x73, 0x74, 0x5b, // 4 u_mModel_Inst[
	0x34, 0x30, 0x5d, 0x3b, 0x0a, 0x20, 0x20, 0x20, 0x20, 0x66, 0x6c, 0x6f, 0x61, 0x74, 0x34, 0x20, // 40];.    float4 
	0x75, 0x5f, 0x66, 0x55, 0x56, 0x5b, 0x34, 0x30, 0x5d, 0x3b, 0x0a, 0x20, 0x20, 0x20, 0x20, 0x66, // u_fUV[40];.    f
	0x6c, 0x6f, 0x61, 0x74, 0x34, 0x20, 0x75, 0x5f, 0x66, 0x41, 0x6c, 0x70, 0x68, 0x61, 0x55, 0x56, // loat4 u_fAlphaUV
	0x5b, 0x34, 0x30, 0x5d, 0x3b, 0x0a, 0x20, 0x20, 0x20, 0x20, 0x66, 0x6c, 0x6f, 0x61, 0x74, 0x34, // [40];.    float4
	0x20, 0x75, 0x5f, 0x66, 0x55, 0x56, 0x44, 0x69, 0x73, 0x74, 0x6f, 0x72, 0x74, 0x69, 0x6f, 0x6e, //  u_fUVDistortion
	0x55, 0x56, 0x5b, 0x34, 0x30, 0x5d, 0x3b, 0x0a, 0x20, 0x20, 0x20, 0x20, 0x66, 0x6c, 0x6f, 0x61, // UV[40];.    floa
	0x74, 0x34, 0x20, 0x75, 0x5f, 0x66, 0x42, 0x6c, 0x65, 0x6e, 0x64, 0x55, 0x56, 0x5b, 0x34, 0x30, // t4 u_fBlendUV[40
	0x5d, 0x3b, 0x0a, 0x20, 0x20, 0x20, 0x20, 0x66, 0x6c, 0x6f, 0x61, 0x74, 0x34, 0x20, 0x75, 0x5f, // ];.    float4 u_
	0x66, 0x42, 0x6c, 0x65, 0x6e, 0x64, 0x41, 0x6c, 0x70, 0x68, 0x61, 0x55, 0x56, 0x5b, 0x34, 0x30, // fBlendAlphaUV[40
	0x5d, 0x3b, 0x0a, 0x20, 0x20, 0x20, 0x20, 0x66, 0x6c, 0x6f, 0x61, 0x74, 0x34, 0x20, 0x75, 0x5f, // ];.    float4 u_
	0x66, 0x42, 0x6c, 0x65, 0x6e, 0x64, 0x55, 0x56, 0x44, 0x69, 0x73, 0x74, 0x6f, 0x72, 0x74, 0x69, // fBlendUVDistorti
	0x6f, 0x6e, 0x55, 0x56, 0x5b, 0x34, 0x30, 0x5d, 0x3b, 0x0a, 0x20, 0x20, 0x20, 0x20, 0x66, 0x6c, // onUV[40];.    fl
	0x6f, 0x61, 0x74, 0x34, 0x20, 0x75, 0x5f, 0x66, 0x6c, 0x69, 0x70, 0x62, 0x6f, 0x6f, 0x6b, 0x50, // oat4 u_flipbookP
	0x61, 0x72, 0x61, 0x6d, 0x65, 0x74, 0x65, 0x72, 0x31, 0x3b, 0x0a, 0x20, 0x20, 0x20, 0x20, 0x66, // arameter1;.    f
	0x6c, 0x6f, 0x61, 0x74, 0x34, 0x20, 0x75, 0x5f, 0x66, 0x6c, 0x69, 0x70, 0x62, 0x6f, 0x6f, 0x6b, // loat4 u_flipbook
	0x50, 0x61, 0x72, 0x61, 0x6d, 0x65, 0x74, 0x65, 0x72, 0x32, 0x3b, 0x0a, 0x20, 0x20, 0x20, 0x20, // Parameter2;.    
	0x66, 0x6c, 0x6f, 0x61, 0x74, 0x34, 0x20, 0x75, 0x5f, 0x66, 0x46, 0x6c, 0x69, 0x70, 0x62, 0x6f, // float4 u_fFlipbo
	0x6f, 0x6b, 0x49, 0x6e, 0x64, 0x65, 0x78, 0x41, 0x6e, 0x64, 0x4e, 0x65, 0x78, 0x74, 0x52, 0x61, // okIndexAndNextRa
	0x74, 0x65, 0x5b, 0x34, 0x30, 0x5d, 0x3b, 0x0a, 0x20, 0x20, 0x20, 0x20, 0x66, 0x6c, 0x6f, 0x61, // te[40];.    floa
	0x74, 0x34, 0x20, 0x75, 0x5f, 0x66, 0x4d, 0x6f, 0x64, 0x65, 0x6c, 0x41, 0x6c, 0x70, 0x68, 0x61, // t4 u_fModelAlpha
	0x54, 0x68, 0x72, 0x65, 0x73, 0x68, 0x6f, 0x6c, 0x64, 0x5b, 0x34, 0x30, 0x5d, 0x3b, 0x0a, 0x20, // Threshold[40];. 
	0x20, 0x20, 0x20, 0x66, 0x6c, 0x6f, 0x61, 0x74, 0x34, 0x20, 0x75, 0x5f, 0x66, 0x4d, 0x6f, 0x64, //    float4 u_fMod
	0x65, 0x6c, 0x43, 0x6f, 0x6c, 0x6f, 0x72, 0x5b, 0x34, 0x30, 0x5d, 0x3b, 0x0a, 0x20, 0x20, 0x20, // elColor[40];.   
	0x20, 0x66, 0x6c, 0x6f, 0x61, 0x74, 0x34, 0x20, 0x75, 0x5f, 0x6d, 0x55, 0x56, 0x49, 0x6e, 0x76, //  float4 u_mUVInv
	0x65, 0x72, 0x73, 0x65, 0x64, 0x3b, 0x0a, 0x7d, 0x3b, 0x0a, 0x0a, 0x63, 0x6f, 0x6e, 0x73, 0x74, // ersed;.};..const
	0x61, 0x6e, 0x74, 0x20, 0x66, 0x6c, 0x6f, 0x61, 0x74, 0x34, 0x20, 0x5f, 0x32, 0x30, 0x36, 0x32, // ant float4 _2062
	0x20, 0x3d, 0x20, 0x7b, 0x7d, 0x3b, 0x0a, 0x0a, 0x73, 0x74, 0x72, 0x75, 0x63, 0x74, 0x20, 0x78, //  = {};..struct x
	0x6c, 0x61, 0x74, 0x4d, 0x74, 0x6c, 0x4d, 0x61, 0x69, 0x6e, 0x5f, 0x6f, 0x75, 0x74, 0x0a, 0x7b, // latMtlMain_out.{
	0x0a, 0x20, 0x20, 0x20, 0x20, 0x66, 0x6c, 0x6f, 0x61, 0x74, 0x34, 0x20, 0x5f, 0x65, 0x6e, 0x74, // .    float4 _ent
	0x72, 0x79, 0x50, 0x6f, 0x69, 0x6e, 0x74, 0x4f, 0x75, 0x74, 0x70, 0x75, 0x74, 0x5f, 0x76, 0x5f, // ryPointOutput_v_
	0x41, 0x6c, 0x70, 0x68, 0x61, 0x5f, 0x44, 0x69, 0x73, 0x74, 0x5f, 0x55, 0x56, 0x20, 0x5b, 0x5b, // Alpha_Dist_UV [[
	0x75, 0x73, 0x65, 0x72, 0x28, 0x6c, 0x6f, 0x63, 0x6e, 0x30, 0x29, 0x5d, 0x5d, 0x3b, 0x0a, 0x20, // user(locn0)]];. 
	0x20, 0x20, 0x20, 0x66, 0x6c, 0x6f, 0x61, 0x74, 0x34, 0x20, 0x5f, 0x65, 0x6e, 0x74, 0x72, 0x79, //    float4 _entry
	0x50, 0x6f, 0x69, 0x6e, 0x74, 0x4f, 0x75, 0x74, 0x70, 0x75, 0x74, 0x5f, 0x76, 0x5f, 0x42, 0x6c, // PointOutput_v_Bl
	0x65, 0x6e, 0x64, 0x5f, 0x41, 0x6c, 0x70, 0x68, 0x61, 0x5f, 0x44, 0x69, 0x73, 0x74, 0x5f, 0x55, // end_Alpha_Dist_U
	0x56, 0x20, 0x5b, 0x5b, 0x75, 0x73, 0x65, 0x72, 0x28, 0x6c, 0x6f, 0x63, 0x6e, 0x31, 0x29, 0x5d, // V [[user(locn1)]
	0x5d, 0x3b, 0x0a, 0x20, 0x20, 0x20, 0x20, 0x66, 0x6c, 0x6f, 0x61, 0x74, 0x34, 0x20, 0x5f, 0x65, // ];.    float4 _e
	0x6e, 0x74, 0x72, 0x79, 0x50, 0x6f, 0x69, 0x6e, 0x74, 0x4f, 0x75, 0x74, 0x70, 0x75, 0x74, 0x5f, // ntryPointOutput_
	0x76, 0x5f, 0x42, 0x6c, 0x65, 0x6e, 0x64, 0x5f, 0x46, 0x42, 0x4e, 0x65, 0x78, 0x74, 0x49, 0x6e, // v_Blend_FBNextIn
	0x64, 0x65, 0x78, 0x5f, 0x55, 0x56, 0x20, 0x5b, 0x5b, 0x75, 0x73, 0x65, 0x72, 0x28, 0x6c, 0x6f, // dex_UV [[user(lo
	0x63, 0x6e, 0x32, 0x29, 0x5d, 0x5d, 0x3b, 0x0a, 0x20, 0x20, 0x20, 0x20, 0x66, 0x6c, 0x6f, 0x61, // cn2)]];.    floa
	0x74, 0x34, 0x20, 0x5f, 0x65, 0x6e, 0x74, 0x72, 0x79, 0x50, 0x6f, 0x69, 0x6e, 0x74, 0x4f, 0x75, // t4 _entryPointOu
	0x74, 0x70, 0x75, 0x74, 0x5f, 0x76, 0x5f, 0x43, 0x6f, 0x6c, 0x6f, 0x72, 0x20, 0x5b, 0x5b, 0x75, // tput_v_Color [[u
	0x73, 0x65, 0x72, 0x28, 0x6c, 0x6f, 0x63, 0x6e, 0x33, 0x29, 0x5d, 0x5d, 0x3b, 0x0a, 0x20, 0x20, // ser(locn3)]];.  
	0x20, 0x20, 0x66, 0x6c, 0x6f, 0x61, 0x74, 0x34, 0x20, 0x5f, 0x65, 0x6e, 0x74, 0x72, 0x79, 0x50, //   float4 _entryP
	0x6f, 0x69, 0x6e, 0x74, 0x4f, 0x75, 0x74, 0x70, 0x75, 0x74, 0x5f, 0x76, 0x5f, 0x50, 0x6f, 0x73, // ointOutput_v_Pos
	0x50, 0x20, 0x5b, 0x5b, 0x75, 0x73, 0x65, 0x72, 0x28, 0x6c, 0x6f, 0x63, 0x6e, 0x34, 0x29, 0x5d, // P [[user(locn4)]
	0x5d, 0x3b, 0x0a, 0x20, 0x20, 0x20, 0x20, 0x66, 0x6c, 0x6f, 0x61, 0x74, 0x34, 0x20, 0x5f, 0x65, // ];.    float4 _e
	0x6e, 0x74, 0x72, 0x79, 0x50, 0x6f, 0x69, 0x6e, 0x74, 0x4f, 0x75, 0x74, 0x70, 0x75, 0x74, 0x5f, // ntryPointOutput_
	0x76, 0x5f, 0x50, 0x72, 0x6f, 0x6a, 0x42, 0x69, 0x6e, 0x6f, 0x72, 0x6d, 0x61, 0x6c, 0x20, 0x5b, // v_ProjBinormal [
	0x5b, 0x75, 0x73, 0x65, 0x72, 0x28, 0x6c, 0x6f, 0x63, 0x6e, 0x35, 0x29, 0x5d, 0x5d, 0x3b, 0x0a, // [user(locn5)]];.
	0x20, 0x20, 0x20, 0x20, 0x66, 0x6c, 0x6f, 0x61, 0x74, 0x34, 0x20, 0x5f, 0x65, 0x6e, 0x74, 0x72, //     float4 _entr
	0x79, 0x50, 0x6f, 0x69, 0x6e, 0x74, 0x4f, 0x75, 0x74, 0x70, 0x75, 0x74, 0x5f, 0x76, 0x5f, 0x50, // yPointOutput_v_P
	0x72, 0x6f, 0x6a, 0x54, 0x61, 0x6e, 0x67, 0x65, 0x6e, 0x74, 0x20, 0x5b, 0x5b, 0x75, 0x73, 0x65, // rojTangent [[use
	0x72, 0x28, 0x6c, 0x6f, 0x63, 0x6e, 0x36, 0x29, 0x5d, 0x5d, 0x3b, 0x0a, 0x20, 0x20, 0x20, 0x20, // r(locn6)]];.    
	0x66, 0x6c, 0x6f, 0x61, 0x74, 0x34, 0x20, 0x5f, 0x65, 0x6e, 0x74, 0x72, 0x79, 0x50, 0x6f, 0x69, // float4 _entryPoi
	0x6e, 0x74, 0x4f, 0x75, 0x74, 0x70, 0x75, 0x74, 0x5f, 0x76, 0x5f, 0x55, 0x56, 0x5f, 0x4f, 0x74, // ntOutput_v_UV_Ot
	0x68, 0x65, 0x72, 0x73, 0x20, 0x5b, 0x5b, 0x75, 0x73, 0x65, 0x72, 0x28, 0x6c, 0x6f, 0x63, 0x6e, // hers [[user(locn
	0x37, 0x29, 0x5d, 0x5d, 0x3b, 0x0a, 0x20, 0x20, 0x20, 0x20, 0x66, 0x6c, 0x6f, 0x61, 0x74, 0x34, // 7)]];.    float4
	0x20, 0x67, 0x6c, 0x5f, 0x50, 0x6f, 0x73, 0x69, 0x74, 0x69, 0x6f, 0x6e, 0x20, 0x5b, 0x5b, 0x70, //  gl_Position [[p
	0x6f, 0x73, 0x69, 0x74, 0x69, 0x6f, 0x6e, 0x5d, 0x5d, 0x3b, 0x0a, 0x7d, 0x3b, 0x0a, 0x0a, 0x73, // osition]];.};..s
	0x74, 0x72, 0x75, 0x63, 0x74, 0x20, 0x78, 0x6c, 0x61, 0x74, 0x4d, 0x74, 0x6c, 0x4d, 0x61, 0x69, // truct xlatMtlMai
	0x6e, 0x5f, 0x69, 0x6e, 0x0a, 0x7b, 0x0a, 0x20, 0x20, 0x20, 0x20, 0x66, 0x6c, 0x6f, 0x61, 0x74, // n_in.{.    float
	0x33, 0x20, 0x61, 0x5f, 0x62, 0x69, 0x74, 0x61, 0x6e, 0x67, 0x65, 0x6e, 0x74, 0x20, 0x5b, 0x5b, // 3 a_bitangent [[
	0x61, 0x74, 0x74, 0x72, 0x69, 0x62, 0x75, 0x74, 0x65, 0x28, 0x30, 0x29, 0x5d, 0x5d, 0x3b, 0x0a, // attribute(0)]];.
	0x20, 0x20, 0x20, 0x20, 0x66, 0x6c, 0x6f, 0x61, 0x74, 0x34, 0x20, 0x61, 0x5f, 0x63, 0x6f, 0x6c, //     float4 a_col
	0x6f, 0x72, 0x30, 0x20, 0x5b, 0x5b, 0x61, 0x74, 0x74, 0x72, 0x69, 0x62, 0x75, 0x74, 0x65, 0x28, // or0 [[attribute(
	0x31, 0x29, 0x5d, 0x5d, 0x3b, 0x0a, 0x20, 0x20, 0x20, 0x20, 0x66, 0x6c, 0x6f, 0x61, 0x74, 0x33, // 1)]];.    float3
	0x20, 0x61, 0x5f, 0x70, 0x6f, 0x73, 0x69, 0x74, 0x69, 0x6f, 0x6e, 0x20, 0x5b, 0x5b, 0x61, 0x74, //  a_position [[at
	0x74, 0x72, 0x69, 0x62, 0x75, 0x74, 0x65, 0x28, 0x33, 0x29, 0x5d, 0x5d, 0x3b, 0x0a, 0x20, 0x20, // tribute(3)]];.  
	0x20, 0x20, 0x66, 0x6c, 0x6f, 0x61, 0x74, 0x33, 0x20, 0x61, 0x5f, 0x74, 0x61, 0x6e, 0x67, 0x65, //   float3 a_tange
	0x6e, 0x74, 0x20, 0x5b, 0x5b, 0x61, 0x74, 0x74, 0x72, 0x69, 0x62, 0x75, 0x74, 0x65, 0x28, 0x34, // nt [[attribute(4
	0x29, 0x5d, 0x5d, 0x3b, 0x0a, 0x20, 0x20, 0x20, 0x20, 0x66, 0x6c, 0x6f, 0x61, 0x74, 0x32, 0x20, // )]];.    float2 
	0x61, 0x5f, 0x74, 0x65, 0x78, 0x63, 0x6f, 0x6f, 0x72, 0x64, 0x30, 0x20, 0x5b, 0x5b, 0x61, 0x74, // a_texcoord0 [[at
	0x74, 0x72, 0x69, 0x62, 0x75, 0x74, 0x65, 0x28, 0x35, 0x29, 0x5d, 0x5d, 0x3b, 0x0a, 0x7d, 0x3b, // tribute(5)]];.};
	0x0a, 0x0a, 0x76, 0x65, 0x72, 0x74, 0x65, 0x78, 0x20, 0x78, 0x6c, 0x61, 0x74, 0x4d, 0x74, 0x6c, // ..vertex xlatMtl
	0x4d, 0x61, 0x69, 0x6e, 0x5f, 0x6f, 0x75, 0x74, 0x20, 0x78, 0x6c, 0x61, 0x74, 0x4d, 0x74, 0x6c, // Main_out xlatMtl
	0x4d, 0x61, 0x69, 0x6e, 0x28, 0x78, 0x6c, 0x61, 0x74, 0x4d, 0x74, 0x6c, 0x4d, 0x61, 0x69, 0x6e, // Main(xlatMtlMain
	0x5f, 0x69, 0x6e, 0x20, 0x69, 0x6e, 0x20, 0x5b, 0x5b, 0x73, 0x74, 0x61, 0x67, 0x65, 0x5f, 0x69, // _in in [[stage_i
	0x6e, 0x5d, 0x5d, 0x2c, 0x20, 0x63, 0x6f, 0x6e, 0x73, 0x74, 0x61, 0x6e, 0x74, 0x20, 0x5f, 0x47, // n]], constant _G
	0x6c, 0x6f, 0x62, 0x61, 0x6c, 0x26, 0x20, 0x5f, 0x6d, 0x74, 0x6c, 0x5f, 0x75, 0x20, 0x5b, 0x5b, // lobal& _mtl_u [[
	0x62, 0x75, 0x66, 0x66, 0x65, 0x72, 0x28, 0x30, 0x29, 0x5d, 0x5d, 0x2c, 0x20, 0x75, 0x69, 0x6e, // buffer(0)]], uin
	0x74, 0x20, 0x67, 0x6c, 0x5f, 0x49, 0x6e, 0x73, 0x74, 0x61, 0x6e, 0x63, 0x65, 0x49, 0x6e, 0x64, // t gl_InstanceInd
	0x65, 0x78, 0x20, 0x5b, 0x5b, 0x69, 0x6e, 0x73, 0x74, 0x61, 0x6e, 0x63, 0x65, 0x5f, 0x69, 0x64, // ex [[instance_id
	0x5d, 0x5d, 0x29, 0x0a, 0x7b, 0x0a, 0x20, 0x20, 0x20, 0x20, 0x78, 0x6c, 0x61, 0x74, 0x4d, 0x74, // ]]).{.    xlatMt
	0x6c, 0x4d, 0x61, 0x69, 0x6e, 0x5f, 0x6f, 0x75, 0x74, 0x20, 0x6f, 0x75, 0x74, 0x20, 0x3d, 0x20, // lMain_out out = 
	0x7b, 0x7d, 0x3b, 0x0a, 0x20, 0x20, 0x20, 0x20, 0x69, 0x6e, 0x74, 0x20, 0x5f, 0x39, 0x34, 0x31, // {};.    int _941
	0x20, 0x3d, 0x20, 0x69, 0x6e, 0x74, 0x28, 0x67, 0x6c, 0x5f, 0x49, 0x6e, 0x73, 0x74, 0x61, 0x6e, //  = int(gl_Instan
	0x63, 0x65, 0x49, 0x6e, 0x64, 0x65, 0x78, 0x29, 0x3b, 0x0a, 0x20, 0x20, 0x20, 0x20, 0x66, 0x6c, // ceIndex);.    fl
	0x6f, 0x61, 0x74, 0x34, 0x20, 0x5f, 0x31, 0x30, 0x36, 0x31, 0x20, 0x3d, 0x20, 0x5f, 0x6d, 0x74, // oat4 _1061 = _mt
	0x6c, 0x5f, 0x75, 0x2e, 0x75, 0x5f, 0x6d, 0x4d, 0x6f, 0x64, 0x65, 0x6c, 0x5f, 0x49, 0x6e, 0x73, // l_u.u_mModel_Ins
	0x74, 0x5b, 0x5f, 0x39, 0x34, 0x31, 0x5d, 0x20, 0x2a, 0x20, 0x66, 0x6c, 0x6f, 0x61, 0x74, 0x34, // t[_941] * float4
	0x28, 0x69, 0x6e, 0x2e, 0x61, 0x5f, 0x70, 0x6f, 0x73, 0x69, 0x74, 0x69, 0x6f, 0x6e, 0x2e, 0x78, // (in.a_position.x
	0x2c, 0x20, 0x69, 0x6e, 0x2e, 0x61, 0x5f, 0x70, 0x6f, 0x73, 0x69, 0x74, 0x69, 0x6f, 0x6e, 0x2e, // , in.a_position.
	0x79, 0x2c, 0x20, 0x69, 0x6e, 0x2e, 0x61, 0x5f, 0x70, 0x6f, 0x73, 0x69, 0x74, 0x69, 0x6f, 0x6e, // y, in.a_position
	0x2e, 0x7a, 0x2c, 0x20, 0x31, 0x2e, 0x30, 0x29, 0x3b, 0x0a, 0x20, 0x20, 0x20, 0x20, 0x66, 0x6c, // .z, 1.0);.    fl
	0x6f, 0x61, 0x74, 0x34, 0x20, 0x5f, 0x31, 0x30, 0x36, 0x35, 0x20, 0x3d, 0x20, 0x5f, 0x6d, 0x74, // oat4 _1065 = _mt
	0x6c, 0x5f, 0x75, 0x2e, 0x75, 0x5f, 0x6d, 0x43, 0x61, 0x6d, 0x65, 0x72, 0x61, 0x50, 0x72, 0x6f, // l_u.u_mCameraPro
	0x6a, 0x20, 0x2a, 0x20, 0x5f, 0x31, 0x30, 0x36, 0x31, 0x3b, 0x0a, 0x20, 0x20, 0x20, 0x20, 0x66, // j * _1061;.    f
	0x6c, 0x6f, 0x61, 0x74, 0x20, 0x5f, 0x31, 0x30, 0x37, 0x36, 0x20, 0x3d, 0x20, 0x28, 0x69, 0x6e, // loat _1076 = (in
	0x2e, 0x61, 0x5f, 0x74, 0x65, 0x78, 0x63, 0x6f, 0x6f, 0x72, 0x64, 0x30, 0x2e, 0x78, 0x20, 0x2a, // .a_texcoord0.x *
	0x20, 0x5f, 0x6d, 0x74, 0x6c, 0x5f, 0x75, 0x2e, 0x75, 0x5f, 0x66, 0x55, 0x56, 0x5b, 0x5f, 0x39, //  _mtl_u.u_fUV[_9
	0x34, 0x31, 0x5d, 0x2e, 0x7a, 0x29, 0x20, 0x2b, 0x20, 0x5f, 0x6d, 0x74, 0x6c, 0x5f, 0x75, 0x2e, // 41].z) + _mtl_u.
	0x75, 0x5f, 0x66, 0x55, 0x56, 0x5b, 0x5f, 0x39, 0x34, 0x31, 0x5d, 0x2e, 0x78, 0x3b, 0x0a, 0x20, // u_fUV[_941].x;. 
	0x20, 0x20, 0x20, 0x66, 0x6c, 0x6f, 0x61, 0x74, 0x20, 0x5f, 0x31, 0x30, 0x39, 0x34, 0x20, 0x3d, //    float _1094 =
	0x20, 0x5f, 0x6d, 0x74, 0x6c, 0x5f, 0x75, 0x2e, 0x75, 0x5f, 0x6d, 0x55, 0x56, 0x49, 0x6e, 0x76, //  _mtl_u.u_mUVInv
	0x65, 0x72, 0x73, 0x65, 0x64, 0x2e, 0x78, 0x20, 0x2b, 0x20, 0x28, 0x5f, 0x6d, 0x74, 0x6c, 0x5f, // ersed.x + (_mtl_
	0x75, 0x2e, 0x75, 0x5f, 0x6d, 0x55, 0x56, 0x49, 0x6e, 0x76, 0x65, 0x72, 0x73, 0x65, 0x64, 0x2e, // u.u_mUVInversed.
	0x79, 0x20, 0x2a, 0x20, 0x28, 0x28, 0x69, 0x6e, 0x2e, 0x61, 0x5f, 0x74, 0x65, 0x78, 0x63, 0x6f, // y * ((in.a_texco
	0x6f, 0x72, 0x64, 0x30, 0x2e, 0x79, 0x20, 0x2a, 0x20, 0x5f, 0x6d, 0x74, 0x6c, 0x5f, 0x75, 0x2e, // ord0.y * _mtl_u.
	0x75, 0x5f, 0x66, 0x55, 0x56, 0x5b, 0x5f, 0x39, 0x34, 0x31, 0x5d, 0x2e, 0x77, 0x29, 0x20, 0x2b, // u_fUV[_941].w) +
	0x20, 0x5f, 0x6d, 0x74, 0x6c, 0x5f, 0x75, 0x2e, 0x75, 0x5f, 0x66, 0x55, 0x56, 0x5b, 0x5f, 0x39, //  _mtl_u.u_fUV[_9
	0x34, 0x31, 0x5d, 0x2e, 0x79, 0x29, 0x29, 0x3b, 0x0a, 0x20, 0x20, 0x20, 0x20, 0x66, 0x6c, 0x6f, // 41].y));.    flo
	0x61, 0x74, 0x34, 0x20, 0x5f, 0x31, 0x39, 0x32, 0x32, 0x3b, 0x0a, 0x20, 0x20, 0x20, 0x20, 0x5f, // at4 _1922;.    _
	0x31, 0x39, 0x32, 0x32, 0x2e, 0x78, 0x20, 0x3d, 0x20, 0x5f, 0x31, 0x30, 0x37, 0x36, 0x3b, 0x0a, // 1922.x = _1076;.
	0x20, 0x20, 0x20, 0x20, 0x66, 0x6c, 0x6f, 0x61, 0x74, 0x32, 0x20, 0x5f, 0x31, 0x31, 0x35, 0x38, //     float2 _1158
	0x20, 0x3d, 0x20, 0x5f, 0x31, 0x39, 0x32, 0x32, 0x2e, 0x78, 0x79, 0x3b, 0x0a, 0x20, 0x20, 0x20, //  = _1922.xy;.   
	0x20, 0x66, 0x6c, 0x6f, 0x61, 0x74, 0x20, 0x5f, 0x31, 0x32, 0x31, 0x39, 0x20, 0x3d, 0x20, 0x28, //  float _1219 = (
	0x69, 0x6e, 0x2e, 0x61, 0x5f, 0x74, 0x65, 0x78, 0x63, 0x6f, 0x6f, 0x72, 0x64, 0x30, 0x2e, 0x79, // in.a_texcoord0.y
	0x20, 0x2a, 0x20, 0x5f, 0x6d, 0x74, 0x6c, 0x5f, 0x75, 0x2e, 0x75, 0x5f, 0x66, 0x41, 0x6c, 0x70, //  * _mtl_u.u_fAlp
	0x68, 0x61, 0x55, 0x56, 0x5b, 0x5f, 0x39, 0x34, 0x31, 0x5d, 0x2e, 0x77, 0x29, 0x20, 0x2b, 0x20, // haUV[_941].w) + 
	0x5f, 0x6d, 0x74, 0x6c, 0x5f, 0x75, 0x2e, 0x75, 0x5f, 0x66, 0x41, 0x6c, 0x70, 0x68, 0x61, 0x55, // _mtl_u.u_fAlphaU
	0x56, 0x5b, 0x5f, 0x39, 0x34, 0x31, 0x5d, 0x2e, 0x79, 0x3b, 0x0a, 0x20, 0x20, 0x20, 0x20, 0x66, // V[_941].y;.    f
	0x6c, 0x6f, 0x61, 0x74, 0x20, 0x5f, 0x31, 0x32, 0x33, 0x37, 0x20, 0x3d, 0x20, 0x28, 0x69, 0x6e, // loat _1237 = (in
	0x2e, 0x61, 0x5f, 0x74, 0x65, 0x78, 0x63, 0x6f, 0x6f, 0x72, 0x64, 0x30, 0x2e, 0x79, 0x20, 0x2a, // .a_texcoord0.y *
	0x20, 0x5f, 0x6d, 0x74, 0x6c, 0x5f, 0x75, 0x2e, 0x75, 0x5f, 0x66, 0x55, 0x56, 0x44, 0x69, 0x73, //  _mtl_u.u_fUVDis
	0x74, 0x6f, 0x72, 0x74, 0x69, 0x6f, 0x6e, 0x55, 0x56, 0x5b, 0x5f, 0x39, 0x34, 0x31, 0x5d, 0x2e, // tortionUV[_941].
	0x77, 0x29, 0x20, 0x2b, 0x20, 0x5f, 0x6d, 0x74, 0x6c, 0x5f, 0x75, 0x2e, 0x75, 0x5f, 0x66, 0x55, // w) + _mtl_u.u_fU
	0x56, 0x44, 0x69, 0x73, 0x74, 0x6f, 0x72, 0x74, 0x69, 0x6f, 0x6e, 0x55, 0x56, 0x5b, 0x5f, 0x39, // VDistortionUV[_9
	0x34, 0x31, 0x5d, 0x2e, 0x79, 0x3b, 0x0a, 0x20, 0x20, 0x20, 0x20, 0x66, 0x6c, 0x6f, 0x61, 0x74, // 41].y;.    float
	0x34, 0x20, 0x5f, 0x32, 0x30, 0x35, 0x36, 0x20, 0x3d, 0x20, 0x66, 0x6c, 0x6f, 0x61, 0x74, 0x34, // 4 _2056 = float4
	0x28, 0x28, 0x69, 0x6e, 0x2e, 0x61, 0x5f, 0x74, 0x65, 0x78, 0x63, 0x6f, 0x6f, 0x72, 0x64, 0x30, // ((in.a_texcoord0
	0x2e, 0x78, 0x20, 0x2a, 0x20, 0x5f, 0x6d, 0x74, 0x6c, 0x5f, 0x75, 0x2e, 0x75, 0x5f, 0x66, 0x41, // .x * _mtl_u.u_fA
	0x6c, 0x70, 0x68, 0x61, 0x55, 0x56, 0x5b, 0x5f, 0x39, 0x34, 0x31, 0x5d, 0x2e, 0x7a, 0x29, 0x20, // lphaUV[_941].z) 
	0x2b, 0x20, 0x5f, 0x6d, 0x74, 0x6c, 0x5f, 0x75, 0x2e, 0x75, 0x5f, 0x66, 0x41, 0x6c, 0x70, 0x68, // + _mtl_u.u_fAlph
	0x61, 0x55, 0x56, 0x5b, 0x5f, 0x39, 0x34, 0x31, 0x5d, 0x2e, 0x78, 0x2c, 0x20, 0x5f, 0x31, 0x32, // aUV[_941].x, _12
	0x31, 0x39, 0x2c, 0x20, 0x28, 0x69, 0x6e, 0x2e, 0x61, 0x5f, 0x74, 0x65, 0x78, 0x63, 0x6f, 0x6f, // 19, (in.a_texcoo
	0x72, 0x64, 0x30, 0x2e, 0x78, 0x20, 0x2a, 0x20, 0x5f, 0x6d, 0x74, 0x6c, 0x5f, 0x75, 0x2e, 0x75, // rd0.x * _mtl_u.u
	0x5f, 0x66, 0x55, 0x56, 0x44, 0x69, 0x73, 0x74, 0x6f, 0x72, 0x74, 0x69, 0x6f, 0x6e, 0x55, 0x56, // _fUVDistortionUV
	0x5b, 0x5f, 0x39, 0x34, 0x31, 0x5d, 0x2e, 0x7a, 0x29, 0x20, 0x2b, 0x20, 0x5f, 0x6d, 0x74, 0x6c, // [_941].z) + _mtl
	0x5f, 0x75, 0x2e, 0x75, 0x5f, 0x66, 0x55, 0x56, 0x44, 0x69, 0x73, 0x74, 0x6f, 0x72, 0x74, 0x69, // _u.u_fUVDistorti
	0x6f, 0x6e, 0x55, 0x56, 0x5b, 0x5f, 0x39, 0x34, 0x31, 0x5d, 0x2e, 0x78, 0x2c, 0x20, 0x5f, 0x31, // onUV[_941].x, _1
	0x32, 0x33, 0x37, 0x29, 0x3b, 0x0a, 0x20, 0x20, 0x20, 0x20, 0x66, 0x6c, 0x6f, 0x61, 0x74, 0x20, // 237);.    float 
	0x5f, 0x31, 0x32, 0x35, 0x35, 0x20, 0x3d, 0x20, 0x28, 0x69, 0x6e, 0x2e, 0x61, 0x5f, 0x74, 0x65, // _1255 = (in.a_te
	0x78, 0x63, 0x6f, 0x6f, 0x72, 0x64, 0x30, 0x2e, 0x79, 0x20, 0x2a, 0x20, 0x5f, 0x6d, 0x74, 0x6c, // xcoord0.y * _mtl
	0x5f, 0x75, 0x2e, 0x75, 0x5f, 0x66, 0x42, 0x6c, 0x65, 0x6e, 0x64, 0x55, 0x56, 0x5b, 0x5f, 0x39, // _u.u_fBlendUV[_9
	0x34, 0x31, 0x5d, 0x2e, 0x77, 0x29, 0x20, 0x2b, 0x20, 0x5f, 0x6d, 0x74, 0x6c, 0x5f, 0x75, 0x2e, // 41].w) + _mtl_u.
	0x75, 0x5f, 0x66, 0x42, 0x6c, 0x65, 0x6e, 0x64, 0x55, 0x56, 0x5b, 0x5f, 0x39, 0x34, 0x31, 0x5d, // u_fBlendUV[_941]
	0x2e, 0x79, 0x3b, 0x0a, 0x20, 0x20, 0x20, 0x20, 0x66, 0x6c, 0x6f, 0x61, 0x74, 0x20, 0x5f, 0x31, // .y;.    float _1
	0x32, 0x37, 0x33, 0x20, 0x3d, 0x20, 0x28, 0x69, 0x6e, 0x2e, 0x61, 0x5f, 0x74, 0x65, 0x78, 0x63, // 273 = (in.a_texc
	0x6f, 0x6f, 0x72, 0x64, 0x30, 0x2e, 0x79, 0x20, 0x2a, 0x20, 0x5f, 0x6d, 0x74, 0x6c, 0x5f, 0x75, // oord0.y * _mtl_u
	0x2e, 0x75, 0x5f, 0x66, 0x42, 0x6c, 0x65, 0x6e, 0x64, 0x41, 0x6c, 0x70, 0x68, 0x61, 0x55, 0x56, // .u_fBlendAlphaUV
	0x5b, 0x5f, 0x39, 0x34, 0x31, 0x5d, 0x2e, 0x77, 0x29, 0x20, 0x2b, 0x20, 0x5f, 0x6d, 0x74, 0x6c, // [_941].w) + _mtl
	0x5f, 0x75, 0x2e, 0x75, 0x5f, 0x66, 0x42, 0x6c, 0x65, 0x6e, 0x64, 0x41, 0x6c, 0x70, 0x68, 0x61, // _u.u_fBlendAlpha
	0x55, 0x56, 0x5b, 0x5f, 0x39, 0x34, 0x31, 0x5d, 0x2e, 0x79, 0x3b, 0x0a, 0x20, 0x20, 0x20, 0x20, // UV[_941].y;.    
	0x66, 0x6c, 0x6f, 0x61, 0x74, 0x20, 0x5f, 0x31, 0x32, 0x39, 0x31, 0x20, 0x3d, 0x20, 0x28, 0x69, // float _1291 = (i
	0x6e, 0x2e, 0x61, 0x5f, 0x74, 0x65, 0x78, 0x63, 0x6f, 0x6f, 0x72, 0x64, 0x30, 0x2e, 0x79, 0x20, // n.a_texcoord0.y 
	0x2a, 0x20, 0x5f, 0x6d, 0x74, 0x6c, 0x5f, 0x75, 0x2e, 0x75, 0x5f, 0x66, 0x42, 0x6c, 0x65, 0x6e, // * _mtl_u.u_fBlen
	0x64, 0x55, 0x56, 0x44, 0x69, 0x73, 0x74, 0x6f, 0x72, 0x74, 0x69, 0x6f, 0x6e, 0x55, 0x56, 0x5b, // dUVDistortionUV[
	0x5f, 0x39, 0x34, 0x31, 0x5d, 0x2e, 0x77, 0x29, 0x20, 0x2b, 0x20, 0x5f, 0x6d, 0x74, 0x6c, 0x5f, // _941].w) + _mtl_
	0x75, 0x2e, 0x75, 0x5f, 0x66, 0x42, 0x6c, 0x65, 0x6e, 0x64, 0x55, 0x56, 0x44, 0x69, 0x73, 0x74, // u.u_fBlendUVDist
	0x6f, 0x72, 0x74, 0x69, 0x6f, 0x6e, 0x55, 0x56, 0x5b, 0x5f, 0x39, 0x34, 0x31, 0x5d, 0x2e, 0x79, // ortionUV[_941].y
	0x3b, 0x0a, 0x20, 0x20, 0x20, 0x20, 0x66, 0x6c, 0x6f, 0x61, 0x74, 0x34, 0x20, 0x5f, 0x32, 0x30, // ;.    float4 _20
	0x35, 0x37, 0x20, 0x3d, 0x20, 0x66, 0x6c, 0x6f, 0x61, 0x74, 0x34, 0x28, 0x28, 0x69, 0x6e, 0x2e, // 57 = float4((in.
	0x61, 0x5f, 0x74, 0x65, 0x78, 0x63, 0x6f, 0x6f, 0x72, 0x64, 0x30, 0x2e, 0x78, 0x20, 0x2a, 0x20, // a_texcoord0.x * 
	0x5f, 0x6d, 0x74, 0x6c, 0x5f, 0x75, 0x2e, 0x75, 0x5f, 0x66, 0x42, 0x6c, 0x65, 0x6e, 0x64, 0x41, // _mtl_u.u_fBlendA
	0x6c, 0x70, 0x68, 0x61, 0x55, 0x56, 0x5b, 0x5f, 0x39, 0x34, 0x31, 0x5d, 0x2e, 0x7a, 0x29, 0x20, // lphaUV[_941].z) 
	0x2b, 0x20, 0x5f, 0x6d, 0x74, 0x6c, 0x5f, 0x75, 0x2e, 0x75, 0x5f, 0x66, 0x42, 0x6c, 0x65, 0x6e, // + _mtl_u.u_fBlen
	0x64, 0x41, 0x6c, 0x70, 0x68, 0x61, 0x55, 0x56, 0x5b, 0x5f, 0x39, 0x34, 0x31, 0x5d, 0x2e, 0x78, // dAlphaUV[_941].x
	0x2c, 0x20, 0x5f, 0x31, 0x32, 0x37, 0x33, 0x2c, 0x20, 0x28, 0x69, 0x6e, 0x2e, 0x61, 0x5f, 0x74, // , _1273, (in.a_t
	0x65, 0x78, 0x63, 0x6f, 0x6f, 0x72, 0x64, 0x30, 0x2e, 0x78, 0x20, 0x2a, 0x20, 0x5f, 0x6d, 0x74, // excoord0.x * _mt
	0x6c, 0x5f, 0x75, 0x2e, 0x75, 0x5f, 0x66, 0x42, 0x6c, 0x65, 0x6e, 0x64, 0x55, 0x56, 0x44, 0x69, // l_u.u_fBlendUVDi
	0x73, 0x74, 0x6f, 0x72, 0x74, 0x69, 0x6f, 0x6e, 0x55, 0x56, 0x5b, 0x5f, 0x39, 0x34, 0x31, 0x5d, // stortionUV[_941]
	0x2e, 0x7a, 0x29, 0x20, 0x2b, 0x20, 0x5f, 0x6d, 0x74, 0x6c, 0x5f, 0x75, 0x2e, 0x75, 0x5f, 0x66, // .z) + _mtl_u.u_f
	0x42, 0x6c, 0x65, 0x6e, 0x64, 0x55, 0x56, 0x44, 0x69, 0x73, 0x74, 0x6f, 0x72, 0x74, 0x69, 0x6f, // BlendUVDistortio
	0x6e, 0x55, 0x56, 0x5b, 0x5f, 0x39, 0x34, 0x31, 0x5d, 0x2e, 0x78, 0x2c, 0x20, 0x5f, 0x31, 0x32, // nUV[_941].x, _12
	0x39, 0x31, 0x29, 0x3b, 0x0a, 0x20, 0x20, 0x20, 0x20, 0x66, 0x6c, 0x6f, 0x61, 0x74, 0x20, 0x5f, // 91);.    float _
	0x31, 0x38, 0x39, 0x37, 0x3b, 0x0a, 0x20, 0x20, 0x20, 0x20, 0x66, 0x6c, 0x6f, 0x61, 0x74, 0x32, // 1897;.    float2
	0x20, 0x5f, 0x32, 0x30, 0x32, 0x36, 0x3b, 0x0a, 0x20, 0x20, 0x20, 0x20, 0x69, 0x66, 0x20, 0x28, //  _2026;.    if (
	0x5f, 0x6d, 0x74, 0x6c, 0x5f, 0x75, 0x2e, 0x75, 0x5f, 0x66, 0x6c, 0x69, 0x70, 0x62, 0x6f, 0x6f, // _mtl_u.u_flipboo
	0x6b, 0x50, 0x61, 0x72, 0x61, 0x6d, 0x65, 0x74, 0x65, 0x72, 0x31, 0x2e, 0x78, 0x20, 0x3e, 0x20, // kParameter1.x > 
	0x30, 0x2e, 0x30, 0x29, 0x0a, 0x20, 0x20, 0x20, 0x20, 0x7b, 0x0a, 0x20, 0x20, 0x20, 0x20, 0x20, // 0.0).    {.     
	0x20, 0x20, 0x20, 0x66, 0x6c, 0x6f, 0x61, 0x74, 0x20, 0x5f, 0x31, 0x34, 0x34, 0x34, 0x20, 0x3d, //    float _1444 =
	0x20, 0x66, 0x6c, 0x6f, 0x6f, 0x72, 0x28, 0x5f, 0x6d, 0x74, 0x6c, 0x5f, 0x75, 0x2e, 0x75, 0x5f, //  floor(_mtl_u.u_
	0x66, 0x46, 0x6c, 0x69, 0x70, 0x62, 0x6f, 0x6f, 0x6b, 0x49, 0x6e, 0x64, 0x65, 0x78, 0x41, 0x6e, // fFlipbookIndexAn
	0x64, 0x4e, 0x65, 0x78, 0x74, 0x52, 0x61, 0x74, 0x65, 0x5b, 0x5f, 0x39, 0x34, 0x31, 0x5d, 0x2e, // dNextRate[_941].
	0x78, 0x29, 0x3b, 0x0a, 0x20, 0x20, 0x20, 0x20, 0x20, 0x20, 0x20, 0x20, 0x66, 0x6c, 0x6f, 0x61, // x);.        floa
	0x74, 0x20, 0x5f, 0x31, 0x34, 0x34, 0x37, 0x20, 0x3d, 0x20, 0x5f, 0x31, 0x34, 0x34, 0x34, 0x20, // t _1447 = _1444 
	0x2b, 0x20, 0x31, 0x2e, 0x30, 0x3b, 0x0a, 0x20, 0x20, 0x20, 0x20, 0x20, 0x20, 0x20, 0x20, 0x66, // + 1.0;.        f
	0x6c, 0x6f, 0x61, 0x74, 0x20, 0x5f, 0x31, 0x34, 0x35, 0x30, 0x20, 0x3d, 0x20, 0x5f, 0x6d, 0x74, // loat _1450 = _mt
	0x6c, 0x5f, 0x75, 0x2e, 0x75, 0x5f, 0x66, 0x6c, 0x69, 0x70, 0x62, 0x6f, 0x6f, 0x6b, 0x50, 0x61, // l_u.u_flipbookPa
	0x72, 0x61, 0x6d, 0x65, 0x74, 0x65, 0x72, 0x31, 0x2e, 0x7a, 0x20, 0x2a, 0x20, 0x5f, 0x6d, 0x74, // rameter1.z * _mt
	0x6c, 0x5f, 0x75, 0x2e, 0x75, 0x5f, 0x66, 0x6c, 0x69, 0x70, 0x62, 0x6f, 0x6f, 0x6b, 0x50, 0x61, // l_u.u_flipbookPa
	0x72, 0x61, 0x6d, 0x65, 0x74, 0x65, 0x72, 0x31, 0x2e, 0x77, 0x3b, 0x0a, 0x20, 0x20, 0x20, 0x20, // rameter1.w;.    
	0x20, 0x20, 0x20, 0x20, 0x66, 0x6c, 0x6f, 0x61, 0x74, 0x20, 0x5f, 0x31, 0x38, 0x38, 0x36, 0x3b, //     float _1886;
	0x0a, 0x20, 0x20, 0x20, 0x20, 0x20, 0x20, 0x20, 0x20, 0x66, 0x6c, 0x6f, 0x61, 0x74, 0x20, 0x5f, // .        float _
	0x31, 0x38, 0x39, 0x32, 0x3b, 0x0a, 0x20, 0x20, 0x20, 0x20, 0x20, 0x20, 0x20, 0x20, 0x69, 0x66, // 1892;.        if
	0x20, 0x28, 0x5f, 0x6d, 0x74, 0x6c, 0x5f, 0x75, 0x2e, 0x75, 0x5f, 0x66, 0x6c, 0x69, 0x70, 0x62, //  (_mtl_u.u_flipb
	0x6f, 0x6f, 0x6b, 0x50, 0x61, 0x72, 0x61, 0x6d, 0x65, 0x74, 0x65, 0x72, 0x31, 0x2e, 0x79, 0x20, // ookParameter1.y 
	0x3d, 0x3d, 0x20, 0x30, 0x2e, 0x30, 0x29, 0x0a, 0x20, 0x20, 0x20, 0x20, 0x20, 0x20, 0x20, 0x20, // == 0.0).        
	0x7b, 0x0a, 0x20, 0x20, 0x20, 0x20, 0x20, 0x20, 0x20, 0x20, 0x20, 0x20, 0x20, 0x20, 0x66, 0x6c, // {.            fl
	0x6f, 0x61, 0x74, 0x20, 0x5f, 0x31, 0x38, 0x38, 0x37, 0x3b, 0x0a, 0x20, 0x20, 0x20, 0x20, 0x20, // oat _1887;.     
	0x20, 0x20, 0x20, 0x20, 0x20, 0x20, 0x20, 0x66, 0x6c, 0x6f, 0x61, 0x74, 0x20, 0x5f, 0x31, 0x38, //        float _18
	0x39, 0x33, 0x3b, 0x0a, 0x20, 0x20, 0x20, 0x20, 0x20, 0x20, 0x20, 0x20, 0x20, 0x20, 0x20, 0x20, // 93;.            
	0x69, 0x66, 0x20, 0x28, 0x5f, 0x31, 0x34, 0x34, 0x37, 0x20, 0x3e, 0x3d, 0x20, 0x5f, 0x31, 0x34, // if (_1447 >= _14
	0x35, 0x30, 0x29, 0x0a, 0x20, 0x20, 0x20, 0x20, 0x20, 0x20, 0x20, 0x20, 0x20, 0x20, 0x20, 0x20, // 50).            
	0x7b, 0x0a, 0x20, 0x20, 0x20, 0x20, 0x20, 0x20, 0x20, 0x20, 0x20, 0x20, 0x20, 0x20, 0x20, 0x20, // {.              
	0x20, 0x20, 0x66, 0x6c, 0x6f, 0x61, 0x74, 0x20, 0x5f, 0x31, 0x34, 0x35, 0x39, 0x20, 0x3d, 0x20, //   float _1459 = 
	0x5f, 0x31, 0x34, 0x35, 0x30, 0x20, 0x2d, 0x20, 0x31, 0x2e, 0x30, 0x3b, 0x0a, 0x20, 0x20, 0x20, // _1450 - 1.0;.   
	0x20, 0x20, 0x20, 0x20, 0x20, 0x20, 0x20, 0x20, 0x20, 0x20, 0x20, 0x20, 0x20, 0x5f, 0x31, 0x38, //              _18
	0x39, 0x33, 0x20, 0x3d, 0x20, 0x5f, 0x31, 0x34, 0x35, 0x39, 0x3b, 0x0a, 0x20, 0x20, 0x20, 0x20, // 93 = _1459;.    
	0x20, 0x20, 0x20, 0x20, 0x20, 0x20, 0x20, 0x20, 0x20, 0x20, 0x20, 0x20, 0x5f, 0x31, 0x38, 0x38, //             _188
	0x37, 0x20, 0x3d, 0x20, 0x5f, 0x31, 0x34, 0x35, 0x39, 0x3b, 0x0a, 0x20, 0x20, 0x20, 0x20, 0x20, // 7 = _1459;.     
	0x20, 0x20, 0x20, 0x20, 0x20, 0x20, 0x20, 0x7d, 0x0a, 0x20, 0x20, 0x20, 0x20, 0x20, 0x20, 0x20, //        }.       
	0x20, 0x20, 0x20, 0x20, 0x20, 0x65, 0x6c, 0x73, 0x65, 0x0a, 0x20, 0x20, 0x20, 0x20, 0x20, 0x20, //      else.      
	0x20, 0x20, 0x20, 0x20, 0x20, 0x20, 0x7b, 0x0a, 0x20, 0x20, 0x20, 0x20, 0x20, 0x20, 0x20, 0x20, //       {.        
	0x20, 0x20, 0x20, 0x20, 0x20, 0x20, 0x20, 0x20, 0x5f, 0x31, 0x38, 0x39, 0x33, 0x20, 0x3d, 0x20, //         _1893 = 
	0x5f, 0x31, 0x34, 0x34, 0x37, 0x3b, 0x0a, 0x20, 0x20, 0x20, 0x20, 0x20, 0x20, 0x20, 0x20, 0x20, // _1447;.         
	0x20, 0x20, 0x20, 0x20, 0x20, 0x20, 0x20, 0x5f, 0x31, 0x38, 0x38, 0x37, 0x20, 0x3d, 0x20, 0x5f, //        _1887 = _
	0x31, 0x34, 0x34, 0x34, 0x3b, 0x0a, 0x20, 0x20, 0x20, 0x20, 0x20, 0x20, 0x20, 0x20, 0x20, 0x20, // 1444;.          
	0x20, 0x20, 0x7d, 0x0a, 0x20, 0x20, 0x20, 0x20, 0x20, 0x20, 0x20, 0x20, 0x20, 0x20, 0x20, 0x20, //   }.            
	0x5f, 0x31, 0x38, 0x39, 0x32, 0x20, 0x3d, 0x20, 0x5f, 0x31, 0x38, 0x39, 0x33, 0x3b, 0x0a, 0x20, // _1892 = _1893;. 
	0x20, 0x20, 0x20, 0x20, 0x20, 0x20, 0x20, 0x20, 0x20, 0x20, 0x20, 0x5f, 0x31, 0x38, 0x38, 0x36, //            _1886
	0x20, 0x3d, 0x20, 0x5f, 0x31, 0x38, 0x38, 0x37, 0x3b, 0x0a, 0x20, 0x20, 0x20, 0x20, 0x20, 0x20, //  = _1887;.      
	0x20, 0x20, 0x7d, 0x0a, 0x20, 0x20, 0x20, 0x20, 0x20, 0x20, 0x20, 0x20, 0x65, 0x6c, 0x73, 0x65, //   }.        else
	0x0a, 0x20, 0x20, 0x20, 0x20, 0x20, 0x20, 0x20, 0x20, 0x7b, 0x0a, 0x20, 0x20, 0x20, 0x20, 0x20, // .        {.     
	0x20, 0x20, 0x20, 0x20, 0x20, 0x20, 0x20, 0x66, 0x6c, 0x6f, 0x61, 0x74, 0x20, 0x5f, 0x31, 0x38, //        float _18
	0x38, 0x38, 0x3b, 0x0a, 0x20, 0x20, 0x20, 0x20, 0x20, 0x20, 0x20, 0x20, 0x20, 0x20, 0x20, 0x20, // 88;.            
	0x66, 0x6c, 0x6f, 0x61, 0x74, 0x20, 0x5f, 0x31, 0x38, 0x39, 0x34, 0x3b, 0x0a, 0x20, 0x20, 0x20, // float _1894;.   
	0x20, 0x20, 0x20, 0x20, 0x20, 0x20, 0x20, 0x20, 0x20, 0x69, 0x66, 0x20, 0x28, 0x5f, 0x6d, 0x74, //          if (_mt
	0x6c, 0x5f, 0x75, 0x2e, 0x75, 0x5f, 0x66, 0x6c, 0x69, 0x70, 0x62, 0x6f, 0x6f, 0x6b, 0x50, 0x61, // l_u.u_flipbookPa
	0x72, 0x61, 0x6d, 0x65, 0x74, 0x65, 0x72, 0x31, 0x2e, 0x79, 0x20, 0x3d, 0x3d, 0x20, 0x31, 0x2e, // rameter1.y == 1.
	0x30, 0x29, 0x0a, 0x20, 0x20, 0x20, 0x20, 0x20, 0x20, 0x20, 0x20, 0x20, 0x20, 0x20, 0x20, 0x7b, // 0).            {
	0x0a, 0x20, 0x20, 0x20, 0x20, 0x20, 0x20, 0x20, 0x20, 0x20, 0x20, 0x20, 0x20, 0x20, 0x20, 0x20, // .               
	0x20, 0x5f, 0x31, 0x38, 0x39, 0x34, 0x20, 0x3d, 0x20, 0x5f, 0x31, 0x34, 0x34, 0x37, 0x20, 0x2d, //  _1894 = _1447 -
	0x20, 0x28, 0x5f, 0x31, 0x34, 0x35, 0x30, 0x20, 0x2a, 0x20, 0x66, 0x6c, 0x6f, 0x6f, 0x72, 0x28, //  (_1450 * floor(
	0x5f, 0x31, 0x34, 0x34, 0x37, 0x20, 0x2f, 0x20, 0x5f, 0x31, 0x34, 0x35, 0x30, 0x29, 0x29, 0x3b, // _1447 / _1450));
	0x0a, 0x20, 0x20, 0x20, 0x20, 0x20, 0x20, 0x20, 0x20, 0x20, 0x20, 0x20, 0x20, 0x20, 0x20, 0x20, // .               
	0x20, 0x5f, 0x31, 0x38, 0x38, 0x38, 0x20, 0x3d, 0x20, 0x5f, 0x31, 0x34, 0x34, 0x34, 0x20, 0x2d, //  _1888 = _1444 -
	0x20, 0x28, 0x5f, 0x31, 0x34, 0x35, 0x30, 0x20, 0x2a, 0x20, 0x66, 0x6c, 0x6f, 0x6f, 0x72, 0x28, //  (_1450 * floor(
	0x5f, 0x31, 0x34, 0x34, 0x34, 0x20, 0x2f, 0x20, 0x5f, 0x31, 0x34, 0x35, 0x30, 0x29, 0x29, 0x3b, // _1444 / _1450));
	0x0a, 0x20, 0x20, 0x20, 0x20, 0x20, 0x20, 0x20, 0x20, 0x20, 0x20, 0x20, 0x20, 0x7d, 0x0a, 0x20, // .            }. 
	0x20, 0x20, 0x20, 0x20, 0x20, 0x20, 0x20, 0x20, 0x20, 0x20, 0x20, 0x65, 0x6c, 0x73, 0x65, 0x0a, //            else.
	0x20, 0x20, 0x20, 0x20, 0x20, 0x20, 0x20, 0x20, 0x20, 0x20, 0x20, 0x20, 0x7b, 0x0a, 0x20, 0x20, //             {.  
	0x20, 0x20, 0x20, 0x20, 0x20, 0x20, 0x20, 0x20, 0x20, 0x20, 0x20, 0x20, 0x20, 0x20, 0x66, 0x6c, //               fl
	0x6f, 0x61, 0x74, 0x20, 0x5f, 0x31, 0x38, 0x38, 0x39, 0x3b, 0x0a, 0x20, 0x20, 0x20, 0x20, 0x20, // oat _1889;.     
	0x20, 0x20, 0x20, 0x20, 0x20, 0x20, 0x20, 0x20, 0x20, 0x20, 0x20, 0x66, 0x6c, 0x6f, 0x61, 0x74, //            float
	0x20, 0x5f, 0x31, 0x38, 0x39, 0x35, 0x3b, 0x0a, 0x20, 0x20, 0x20, 0x20, 0x20, 0x20, 0x20, 0x20, //  _1895;.        
	0x20, 0x20, 0x20, 0x20, 0x20, 0x20, 0x20, 0x20, 0x69, 0x66, 0x20, 0x28, 0x5f, 0x6d, 0x74, 0x6c, //         if (_mtl
	0x5f, 0x75, 0x2e, 0x75, 0x5f, 0x66, 0x6c, 0x69, 0x70, 0x62, 0x6f, 0x6f, 0x6b, 0x50, 0x61, 0x72, // _u.u_flipbookPar
	0x61, 0x6d, 0x65, 0x74, 0x65, 0x72, 0x31, 0x2e, 0x79, 0x20, 0x3d, 0x3d, 0x20, 0x32, 0x2e, 0x30, // ameter1.y == 2.0
	0x29, 0x0a, 0x20, 0x20, 0x20, 0x20, 0x20, 0x20, 0x20, 0x20, 0x20, 0x20, 0x20, 0x20, 0x20, 0x20, // ).              
	0x20, 0x20, 0x7b, 0x0a, 0x20, 0x20, 0x20, 0x20, 0x20, 0x20, 0x20, 0x20, 0x20, 0x20, 0x20, 0x20, //   {.            
	0x20, 0x20, 0x20, 0x20, 0x20, 0x20, 0x20, 0x20, 0x66, 0x6c, 0x6f, 0x61, 0x74, 0x20, 0x5f, 0x31, //         float _1
	0x34, 0x38, 0x30, 0x20, 0x3d, 0x20, 0x66, 0x6c, 0x6f, 0x6f, 0x72, 0x28, 0x5f, 0x31, 0x34, 0x34, // 480 = floor(_144
	0x34, 0x20, 0x2f, 0x20, 0x5f, 0x31, 0x34, 0x35, 0x30, 0x29, 0x3b, 0x0a, 0x20, 0x20, 0x20, 0x20, // 4 / _1450);.    
	0x20, 0x20, 0x20, 0x20, 0x20, 0x20, 0x20, 0x20, 0x20, 0x20, 0x20, 0x20, 0x20, 0x20, 0x20, 0x20, //                 
	0x66, 0x6c, 0x6f, 0x61, 0x74, 0x20, 0x5f, 0x31, 0x35, 0x39, 0x35, 0x20, 0x3d, 0x20, 0x5f, 0x31, // float _1595 = _1
	0x34, 0x34, 0x34, 0x20, 0x2d, 0x20, 0x28, 0x5f, 0x31, 0x34, 0x35, 0x30, 0x20, 0x2a, 0x20, 0x5f, // 444 - (_1450 * _
	0x31, 0x34, 0x38, 0x30, 0x29, 0x3b, 0x0a, 0x20, 0x20, 0x20, 0x20, 0x20, 0x20, 0x20, 0x20, 0x20, // 1480);.         
	0x20, 0x20, 0x20, 0x20, 0x20, 0x20, 0x20, 0x20, 0x20, 0x20, 0x20, 0x66, 0x6c, 0x6f, 0x61, 0x74, //            float
	0x20, 0x5f, 0x31, 0x38, 0x39, 0x31, 0x3b, 0x0a, 0x20, 0x20, 0x20, 0x20, 0x20, 0x20, 0x20, 0x20, //  _1891;.        
	0x20, 0x20, 0x20, 0x20, 0x20, 0x20, 0x20, 0x20, 0x20, 0x20, 0x20, 0x20, 0x69, 0x66, 0x20, 0x28, //             if (
	0x28, 0x5f, 0x31, 0x34, 0x38, 0x30, 0x20, 0x2d, 0x20, 0x28, 0x32, 0x2e, 0x30, 0x20, 0x2a, 0x20, // (_1480 - (2.0 * 
	0x66, 0x6c, 0x6f, 0x6f, 0x72, 0x28, 0x5f, 0x31, 0x34, 0x38, 0x30, 0x20, 0x2a, 0x20, 0x30, 0x2e, // floor(_1480 * 0.
	0x35, 0x29, 0x29, 0x29, 0x20, 0x3d, 0x3d, 0x20, 0x31, 0x2e, 0x30, 0x29, 0x0a, 0x20, 0x20, 0x20, // 5))) == 1.0).   
	0x20, 0x20, 0x20, 0x20, 0x20, 0x20, 0x20, 0x20, 0x20, 0x20, 0x20, 0x20, 0x20, 0x20, 0x20, 0x20, //                 
	0x20, 0x7b, 0x0a, 0x20, 0x20, 0x20, 0x20, 0x20, 0x20, 0x20, 0x20, 0x20, 0x20, 0x20, 0x20, 0x20, //  {.             
	0x20, 0x20, 0x20, 0x20, 0x20, 0x20, 0x20, 0x20, 0x20, 0x20, 0x20, 0x5f, 0x31, 0x38, 0x39, 0x31, //            _1891
	0x20, 0x3d, 0x20, 0x28, 0x5f, 0x31, 0x34, 0x35, 0x30, 0x20, 0x2d, 0x20, 0x31, 0x2e, 0x30, 0x29, //  = (_1450 - 1.0)
	0x20, 0x2d, 0x20, 0x66, 0x6c, 0x6f, 0x6f, 0x72, 0x28, 0x5f, 0x31, 0x35, 0x39, 0x35, 0x29, 0x3b, //  - floor(_1595);
	0x0a, 0x20, 0x20, 0x20, 0x20, 0x20, 0x20, 0x20, 0x20, 0x20, 0x20, 0x20, 0x20, 0x20, 0x20, 0x20, // .               
	0x20, 0x20, 0x20, 0x20, 0x20, 0x7d, 0x0a, 0x20, 0x20, 0x20, 0x20, 0x20, 0x20, 0x20, 0x20, 0x20, //      }.         
	0x20, 0x20, 0x20, 0x20, 0x20, 0x20, 0x20, 0x20, 0x20, 0x20, 0x20, 0x65, 0x6c, 0x73, 0x65, 0x0a, //            else.
	0x20, 0x20, 0x20, 0x20, 0x20, 0x20, 0x20, 0x20, 0x20, 0x20, 0x20, 0x20, 0x20, 0x20, 0x20, 0x20, //                 
	0x20, 0x20, 0x20, 0x20, 0x7b, 0x0a, 0x20, 0x20, 0x20, 0x20, 0x20, 0x20, 0x20, 0x20, 0x20, 0x20, //     {.          
	0x20, 0x20, 0x20, 0x20, 0x20, 0x20, 0x20, 0x20, 0x20, 0x20, 0x20, 0x20, 0x20, 0x20, 0x5f, 0x31, //               _1
	0x38, 0x39, 0x31, 0x20, 0x3d, 0x20, 0x5f, 0x31, 0x35, 0x39, 0x35, 0x3b, 0x0a, 0x20, 0x20, 0x20, // 891 = _1595;.   
	0x20, 0x20, 0x20, 0x20, 0x20, 0x20, 0x20, 0x20, 0x20, 0x20, 0x20, 0x20, 0x20, 0x20, 0x20, 0x20, //                 
	0x20, 0x7d, 0x0a, 0x20, 0x20, 0x20, 0x20, 0x20, 0x20, 0x20, 0x20, 0x20, 0x20, 0x20, 0x20, 0x20, //  }.             
	0x20, 0x20, 0x20, 0x20, 0x20, 0x20, 0x20, 0x66, 0x6c, 0x6f, 0x61, 0x74, 0x20, 0x5f, 0x31, 0x34, //        float _14
	0x39, 0x37, 0x20, 0x3d, 0x20, 0x66, 0x6c, 0x6f, 0x6f, 0x72, 0x28, 0x5f, 0x31, 0x34, 0x34, 0x37, // 97 = floor(_1447
	0x20, 0x2f, 0x20, 0x5f, 0x31, 0x34, 0x35, 0x30, 0x29, 0x3b, 0x0a, 0x20, 0x20, 0x20, 0x20, 0x20, //  / _1450);.     
	0x20, 0x20, 0x20, 0x20, 0x20, 0x20, 0x20, 0x20, 0x20, 0x20, 0x20, 0x20, 0x20, 0x20, 0x20, 0x66, //                f
	0x6c, 0x6f, 0x61, 0x74, 0x20, 0x5f, 0x31, 0x36, 0x31, 0x35, 0x20, 0x3d, 0x20, 0x5f, 0x31, 0x34, // loat _1615 = _14
	0x34, 0x37, 0x20, 0x2d, 0x20, 0x28, 0x5f, 0x31, 0x34, 0x35, 0x30, 0x20, 0x2a, 0x20, 0x5f, 0x31, // 47 - (_1450 * _1
	0x34, 0x39, 0x37, 0x29, 0x3b, 0x0a, 0x20, 0x20, 0x20, 0x20, 0x20, 0x20, 0x20, 0x20, 0x20, 0x20, // 497);.          
	0x20, 0x20, 0x20, 0x20, 0x20, 0x20, 0x20, 0x20, 0x20, 0x20, 0x66, 0x6c, 0x6f, 0x61, 0x74, 0x20, //           float 
	0x5f, 0x31, 0x38, 0x39, 0x36, 0x3b, 0x0a, 0x20, 0x20, 0x20, 0x20, 0x20, 0x20, 0x20, 0x20, 0x20, // _1896;.         
	0x20, 0x20, 0x20, 0x20, 0x20, 0x20, 0x20, 0x20, 0x20, 0x20, 0x20, 0x69, 0x66, 0x20, 0x28, 0x28, //            if ((
	0x5f, 0x31, 0x34, 0x39, 0x37, 0x20, 0x2d, 0x20, 0x28, 0x32, 0x2e, 0x30, 0x20, 0x2a, 0x20, 0x66, // _1497 - (2.0 * f
	0x6c, 0x6f, 0x6f, 0x72, 0x28, 0x5f, 0x31, 0x34, 0x39, 0x37, 0x20, 0x2a, 0x20, 0x30, 0x2e, 0x35, // loor(_1497 * 0.5
	0x29, 0x29, 0x29, 0x20, 0x3d, 0x3d, 0x20, 0x31, 0x2e, 0x30, 0x29, 0x0a, 0x20, 0x20, 0x20, 0x20, // ))) == 1.0).    
	0x20, 0x20, 0x20, 0x20, 0x20, 0x20, 0x20, 0x20, 0x20, 0x20, 0x20, 0x20, 0x20, 0x20, 0x20, 0x20, //                 
	0x7b, 0x0a, 0x20, 0x20, 0x20, 0x20, 0x20, 0x20, 0x20, 0x20, 0x20, 0x20, 0x20, 0x20, 0x20, 0x20, // {.              
	0x20, 0x20, 0x20, 0x20, 0x20, 0x20, 0x20, 0x20, 0x20, 0x20, 0x5f, 0x31, 0x38, 0x39, 0x36, 0x20, //           _1896 
	0x3d, 0x20, 0x28, 0x5f, 0x31, 0x34, 0x35, 0x30, 0x20, 0x2d, 0x20, 0x31, 0x2e, 0x30, 0x29, 0x20, // = (_1450 - 1.0) 
	0x2d, 0x20, 0x66, 0x6c, 0x6f, 0x6f, 0x72, 0x28, 0x5f, 0x31, 0x36, 0x31, 0x35, 0x29, 0x3b, 0x0a, // - floor(_1615);.
	0x20, 0x20, 0x20, 0x20, 0x20, 0x20, 0x20, 0x20, 0x20, 0x20, 0x20, 0x20, 0x20, 0x20, 0x20, 0x20, //                 
	0x20, 0x20, 0x20, 0x20, 0x7d, 0x0a, 0x20, 0x20, 0x20, 0x20, 0x20, 0x20, 0x20, 0x20, 0x20, 0x20, //     }.          
	0x20, 0x20, 0x20, 0x20, 0x20, 0x20, 0x20, 0x20, 0x20, 0x20, 0x65, 0x6c, 0x73, 0x65, 0x0a, 0x20, //           else. 
	0x20, 0x20, 0x20, 0x20, 0x20, 0x20, 0x20, 0x20, 0x20, 0x20, 0x20, 0x20, 0x20, 0x20, 0x20, 0x20, //                 
	0x20, 0x20, 0x20, 0x7b, 0x0a, 0x20, 0x20, 0x20, 0x20, 0x20, 0x20, 0x20, 0x20, 0x20, 0x20, 0x20, //    {.           
	0x20, 0x20, 0x20, 0x20, 0x20, 0x20, 0x20, 0x20, 0x20, 0x20, 0x20, 0x20, 0x20, 0x5f, 0x31, 0x38, //              _18
	0x39, 0x36, 0x20, 0x3d, 0x20, 0x5f, 0x31, 0x36, 0x31, 0x35, 0x3b, 0x0a, 0x20, 0x20, 0x20, 0x20, // 96 = _1615;.    
	0x20, 0x20, 0x20, 0x20, 0x20, 0x20, 0x20, 0x20, 0x20, 0x20, 0x20, 0x20, 0x20, 0x20, 0x20, 0x20, //                 
	0x7d, 0x0a, 0x20, 0x20, 0x20, 0x20, 0x20, 0x20, 0x20, 0x20, 0x20, 0x20, 0x20, 0x20, 0x20, 0x20, // }.              
	0x20, 0x20, 0x20, 0x20, 0x20, 0x20, 0x5f, 0x31, 0x38, 0x39, 0x35, 0x20, 0x3d, 0x20, 0x5f, 0x31, //       _1895 = _1
	0x38, 0x39, 0x36, 0x3b, 0x0a, 0x20, 0x20, 0x20, 0x20, 0x20, 0x20, 0x20, 0x20, 0x20, 0x20, 0x20, // 896;.           
	0x20, 0x20, 0x20, 0x20, 0x20, 0x20, 0x20, 0x20, 0x20, 0x5f, 0x31, 0x38, 0x38, 0x39, 0x20, 0x3d, //          _1889 =
	0x20, 0x5f, 0x31, 0x38, 0x39, 0x31, 0x3b, 0x0a, 0x20, 0x20, 0x20, 0x20, 0x20, 0x20, 0x20, 0x20, //  _1891;.        
	0x20, 0x20, 0x20, 0x20, 0x20, 0x20, 0x20, 0x20, 0x7d, 0x0a, 0x20, 0x20, 0x20, 0x20, 0x20, 0x20, //         }.      
	0x20, 0x20, 0x20, 0x20, 0x20, 0x20, 0x20, 0x20, 0x20, 0x20, 0x65, 0x6c, 0x73, 0x65, 0x0a, 0x20, //           else. 
	0x20, 0x20, 0x20, 0x20, 0x20, 0x20, 0x20, 0x20, 0x20, 0x20, 0x20, 0x20, 0x20, 0x20, 0x20, 0x7b, //                {
	0x0a, 0x20, 0x20, 0x20, 0x20, 0x20, 0x20, 0x20, 0x20, 0x20, 0x20, 0x20, 0x20, 0x20, 0x20, 0x20, // .               
	0x20, 0x20, 0x20, 0x20, 0x20, 0x5f, 0x31, 0x38, 0x39, 0x35, 0x20, 0x3d, 0x20, 0x5f, 0x31, 0x34, //      _1895 = _14
	0x34, 0x37, 0x3b, 0x0a, 0x20, 0x20, 0x20, 0x20, 0x20, 0x20, 0x20, 0x20, 0x20, 0x20, 0x20, 0x20, // 47;.            
	0x20, 0x20, 0x20, 0x20, 0x20, 0x20, 0x20, 0x20, 0x5f, 0x31, 0x38, 0x38, 0x39, 0x20, 0x3d, 0x20, //         _1889 = 
	0x5f, 0x31, 0x34, 0x34, 0x34, 0x3b, 0x0a, 0x20, 0x20, 0x20, 0x20, 0x20, 0x20, 0x20, 0x20, 0x20, // _1444;.         
	0x20, 0x20, 0x20, 0x20, 0x20, 0x20, 0x20, 0x7d, 0x0a, 0x20, 0x20, 0x20, 0x20, 0x20, 0x20, 0x20, //        }.       
	0x20, 0x20, 0x20, 0x20, 0x20, 0x20, 0x20, 0x20, 0x20, 0x5f, 0x31, 0x38, 0x39, 0x34, 0x20, 0x3d, //          _1894 =
	0x20, 0x5f, 0x31, 0x38, 0x39, 0x35, 0x3b, 0x0a, 0x20, 0x20, 0x20, 0x20, 0x20, 0x20, 0x20, 0x20, //  _1895;.        
	0x20, 0x20, 0x20, 0x20, 0x20, 0x20, 0x20, 0x20, 0x5f, 0x31, 0x38, 0x38, 0x38, 0x20, 0x3d, 0x20, //         _1888 = 
	0x5f, 0x31, 0x38, 0x38, 0x39, 0x3b, 0x0a, 0x20, 0x20, 0x20, 0x20, 0x20, 0x20, 0x20, 0x20, 0x20, // _1889;.         
	0x20, 0x20, 0x20, 0x7d, 0x0a, 0x20, 0x20, 0x20, 0x20, 0x20, 0x20, 0x20, 0x20, 0x20, 0x20, 0x20, //    }.           
	0x20, 0x5f, 0x31, 0x38, 0x39, 0x32, 0x20, 0x3d, 0x20, 0x5f, 0x31, 0x38, 0x39, 0x34, 0x3b, 0x0a, //  _1892 = _1894;.
	0x20, 0x20, 0x20, 0x20, 0x20, 0x20, 0x20, 0x20, 0x20, 0x20, 0x20, 0x20, 0x5f, 0x31, 0x38, 0x38, //             _188
	0x36, 0x20, 0x3d, 0x20, 0x5f, 0x31, 0x38, 0x38, 0x38, 0x3b, 0x0a, 0x20, 0x20, 0x20, 0x20, 0x20, // 6 = _1888;.     
	0x20, 0x20, 0x20, 0x7d, 0x0a, 0x20, 0x20, 0x20, 0x20, 0x20, 0x20, 0x20, 0x20, 0x5f, 0x31, 0x31, //    }.        _11
	0x35, 0x38, 0x2e, 0x79, 0x20, 0x3d, 0x20, 0x5f, 0x6d, 0x74, 0x6c, 0x5f, 0x75, 0x2e, 0x75, 0x5f, // 58.y = _mtl_u.u_
	0x6d, 0x55, 0x56, 0x49, 0x6e, 0x76, 0x65, 0x72, 0x73, 0x65, 0x64, 0x2e, 0x78, 0x20, 0x2b, 0x20, // mUVInversed.x + 
	0x28, 0x5f, 0x6d, 0x74, 0x6c, 0x5f, 0x75, 0x2e, 0x75, 0x5f, 0x6d, 0x55, 0x56, 0x49, 0x6e, 0x76, // (_mtl_u.u_mUVInv
	0x65, 0x72, 0x73, 0x65, 0x64, 0x2e, 0x79, 0x20, 0x2a, 0x20, 0x5f, 0x31, 0x30, 0x39, 0x34, 0x29, // ersed.y * _1094)
	0x3b, 0x0a, 0x20, 0x20, 0x20, 0x20, 0x20, 0x20, 0x20, 0x20, 0x69, 0x6e, 0x74, 0x20, 0x5f, 0x31, // ;.        int _1
	0x36, 0x32, 0x33, 0x20, 0x3d, 0x20, 0x69, 0x6e, 0x74, 0x28, 0x5f, 0x31, 0x38, 0x38, 0x36, 0x29, // 623 = int(_1886)
	0x3b, 0x0a, 0x20, 0x20, 0x20, 0x20, 0x20, 0x20, 0x20, 0x20, 0x66, 0x6c, 0x6f, 0x61, 0x74, 0x20, // ;.        float 
	0x5f, 0x31, 0x36, 0x32, 0x34, 0x20, 0x3d, 0x20, 0x66, 0x6c, 0x6f, 0x61, 0x74, 0x28, 0x5f, 0x31, // _1624 = float(_1
	0x36, 0x32, 0x33, 0x29, 0x3b, 0x0a, 0x20, 0x20, 0x20, 0x20, 0x20, 0x20, 0x20, 0x20, 0x69, 0x6e, // 623);.        in
	0x74, 0x20, 0x5f, 0x31, 0x36, 0x32, 0x36, 0x20, 0x3d, 0x20, 0x69, 0x6e, 0x74, 0x28, 0x5f, 0x6d, // t _1626 = int(_m
	0x74, 0x6c, 0x5f, 0x75, 0x2e, 0x75, 0x5f, 0x66, 0x6c, 0x69, 0x70, 0x62, 0x6f, 0x6f, 0x6b, 0x50, // tl_u.u_flipbookP
	0x61, 0x72, 0x61, 0x6d, 0x65, 0x74, 0x65, 0x72, 0x31, 0x2e, 0x7a, 0x29, 0x3b, 0x0a, 0x20, 0x20, // arameter1.z);.  
	0x20, 0x20, 0x20, 0x20, 0x20, 0x20, 0x66, 0x6c, 0x6f, 0x61, 0x74, 0x20, 0x5f, 0x31, 0x36, 0x32, //       float _162
	0x37, 0x20, 0x3d, 0x20, 0x66, 0x6c, 0x6f, 0x61, 0x74, 0x28, 0x5f, 0x31, 0x36, 0x32, 0x36, 0x29, // 7 = float(_1626)
	0x3b, 0x0a, 0x20, 0x20, 0x20, 0x20, 0x20, 0x20, 0x20, 0x20, 0x69, 0x6e, 0x74, 0x20, 0x5f, 0x31, // ;.        int _1
	0x36, 0x36, 0x31, 0x20, 0x3d, 0x20, 0x69, 0x6e, 0x74, 0x28, 0x5f, 0x31, 0x38, 0x39, 0x32, 0x29, // 661 = int(_1892)
	0x3b, 0x0a, 0x20, 0x20, 0x20, 0x20, 0x20, 0x20, 0x20, 0x20, 0x66, 0x6c, 0x6f, 0x61, 0x74, 0x20, // ;.        float 
	0x5f, 0x31, 0x36, 0x36, 0x32, 0x20, 0x3d, 0x20, 0x66, 0x6c, 0x6f, 0x61, 0x74, 0x28, 0x5f, 0x31, // _1662 = float(_1
	0x36, 0x36, 0x31, 0x29, 0x3b, 0x0a, 0x20, 0x20, 0x20, 0x20, 0x20, 0x20, 0x20, 0x20, 0x66, 0x6c, // 661);.        fl
	0x6f, 0x61, 0x74, 0x32, 0x20, 0x5f, 0x31, 0x36, 0x38, 0x31, 0x20, 0x3d, 0x20, 0x28, 0x28, 0x5f, // oat2 _1681 = ((_
	0x31, 0x31, 0x35, 0x38, 0x20, 0x2d, 0x20, 0x28, 0x28, 0x66, 0x6c, 0x6f, 0x61, 0x74, 0x32, 0x28, // 1158 - ((float2(
	0x5f, 0x31, 0x36, 0x32, 0x34, 0x20, 0x2d, 0x20, 0x28, 0x5f, 0x31, 0x36, 0x32, 0x37, 0x20, 0x2a, // _1624 - (_1627 *
	0x20, 0x66, 0x6c, 0x6f, 0x6f, 0x72, 0x28, 0x5f, 0x31, 0x36, 0x32, 0x34, 0x20, 0x2f, 0x20, 0x5f, //  floor(_1624 / _
	0x31, 0x36, 0x32, 0x37, 0x29, 0x29, 0x2c, 0x20, 0x66, 0x6c, 0x6f, 0x61, 0x74, 0x28, 0x5f, 0x31, // 1627)), float(_1
	0x36, 0x32, 0x33, 0x20, 0x2f, 0x20, 0x5f, 0x31, 0x36, 0x32, 0x36, 0x29, 0x29, 0x20, 0x2a, 0x20, // 623 / _1626)) * 
	0x5f, 0x6d, 0x74, 0x6c, 0x5f, 0x75, 0x2e, 0x75, 0x5f, 0x66, 0x6c, 0x69, 0x70, 0x62, 0x6f, 0x6f, // _mtl_u.u_flipboo
	0x6b, 0x50, 0x61, 0x72, 0x61, 0x6d, 0x65, 0x74, 0x65, 0x72, 0x32, 0x2e, 0x78, 0x79, 0x29, 0x20, // kParameter2.xy) 
	0x2b, 0x20, 0x5f, 0x6d, 0x74, 0x6c, 0x5f, 0x75, 0x2e, 0x75, 0x5f, 0x66, 0x6c, 0x69, 0x70, 0x62, // + _mtl_u.u_flipb
	0x6f, 0x6f, 0x6b, 0x50, 0x61, 0x72, 0x61, 0x6d, 0x65, 0x74, 0x65, 0x72, 0x32, 0x2e, 0x7a, 0x77, // ookParameter2.zw
	0x29, 0x29, 0x20, 0x2b, 0x20, 0x28, 0x66, 0x6c, 0x6f, 0x61, 0x74, 0x32, 0x28, 0x5f, 0x31, 0x36, // )) + (float2(_16
	0x36, 0x32, 0x20, 0x2d, 0x20, 0x28, 0x5f, 0x31, 0x36, 0x32, 0x37, 0x20, 0x2a, 0x20, 0x66, 0x6c, // 62 - (_1627 * fl
	0x6f, 0x6f, 0x72, 0x28, 0x5f, 0x31, 0x36, 0x36, 0x32, 0x20, 0x2f, 0x20, 0x5f, 0x31, 0x36, 0x32, // oor(_1662 / _162
	0x37, 0x29, 0x29, 0x2c, 0x20, 0x66, 0x6c, 0x6f, 0x61, 0x74, 0x28, 0x5f, 0x31, 0x36, 0x36, 0x31, // 7)), float(_1661
	0x20, 0x2f, 0x20, 0x5f, 0x31, 0x36, 0x32, 0x36, 0x29, 0x29, 0x20, 0x2a, 0x20, 0x5f, 0x6d, 0x74, //  / _1626)) * _mt
	0x6c, 0x5f, 0x75, 0x2e, 0x75, 0x5f, 0x66, 0x6c, 0x69, 0x70, 0x62, 0x6f, 0x6f, 0x6b, 0x50, 0x61, // l_u.u_flipbookPa
	0x72, 0x61, 0x6d, 0x65, 0x74, 0x65, 0x72, 0x32, 0x2e, 0x78, 0x79, 0x29, 0x29, 0x20, 0x2b, 0x20, // rameter2.xy)) + 
	0x5f, 0x6d, 0x74, 0x6c, 0x5f, 0x75, 0x2e, 0x75, 0x5f, 0x66, 0x6c, 0x69, 0x70, 0x62, 0x6f, 0x6f, // _mtl_u.u_flipboo
	0x6b, 0x50, 0x61, 0x72, 0x61, 0x6d, 0x65, 0x74, 0x65, 0x72, 0x32, 0x2e, 0x7a, 0x77, 0x3b, 0x0a, // kParameter2.zw;.
	0x20, 0x20, 0x20, 0x20, 0x20, 0x20, 0x20, 0x20, 0x5f, 0x31, 0x36, 0x38, 0x31, 0x2e, 0x79, 0x20, //         _1681.y 
	0x3d, 0x20, 0x5f, 0x6d, 0x74, 0x6c, 0x5f, 0x75, 0x2e, 0x75, 0x5f, 0x6d, 0x55, 0x56, 0x49, 0x6e, // = _mtl_u.u_mUVIn
	0x76, 0x65, 0x72, 0x73, 0x65, 0x64, 0x2e, 0x78, 0x20, 0x2b, 0x20, 0x28, 0x5f, 0x6d, 0x74, 0x6c, // versed.x + (_mtl
	0x5f, 0x75, 0x2e, 0x75, 0x5f, 0x6d, 0x55, 0x56, 0x49, 0x6e, 0x76, 0x65, 0x72, 0x73, 0x65, 0x64, // _u.u_mUVInversed
	0x2e, 0x79, 0x20, 0x2a, 0x20, 0x5f, 0x31, 0x36, 0x38, 0x31, 0x2e, 0x79, 0x29, 0x3b, 0x0a, 0x20, // .y * _1681.y);. 
	0x20, 0x20, 0x20, 0x20, 0x20, 0x20, 0x20, 0x5f, 0x32, 0x30, 0x32, 0x36, 0x20, 0x3d, 0x20, 0x5f, //        _2026 = _
	0x31, 0x36, 0x38, 0x31, 0x3b, 0x0a, 0x20, 0x20, 0x20, 0x20, 0x20, 0x20, 0x20, 0x20, 0x5f, 0x31, // 1681;.        _1
	0x38, 0x39, 0x37, 0x20, 0x3d, 0x20, 0x66, 0x72, 0x61, 0x63, 0x74, 0x28, 0x5f, 0x6d, 0x74, 0x6c, // 897 = fract(_mtl
	0x5f, 0x75, 0x2e, 0x75, 0x5f, 0x66, 0x46, 0x6c, 0x69, 0x70, 0x62, 0x6f, 0x6f, 0x6b, 0x49, 0x6e, // _u.u_fFlipbookIn
	0x64, 0x65, 0x78, 0x41, 0x6e, 0x64, 0x4e, 0x65, 0x78, 0x74, 0x52, 0x61, 0x74, 0x65, 0x5b, 0x5f, // dexAndNextRate[_
	0x39, 0x34, 0x31, 0x5d, 0x2e, 0x78, 0x29, 0x3b, 0x0a, 0x20, 0x20, 0x20, 0x20, 0x7d, 0x0a, 0x20, // 941].x);.    }. 
	0x20, 0x20, 0x20, 0x65, 0x6c, 0x73, 0x65, 0x0a, 0x20, 0x20, 0x20, 0x20, 0x7b, 0x0a, 0x20, 0x20, //    else.    {.  
	0x20, 0x20, 0x20, 0x20, 0x20, 0x20, 0x5f, 0x32, 0x30, 0x32, 0x36, 0x20, 0x3d, 0x20, 0x66, 0x6c, //       _2026 = fl
	0x6f, 0x61, 0x74, 0x32, 0x28, 0x30, 0x2e, 0x30, 0x29, 0x3b, 0x0a, 0x20, 0x20, 0x20, 0x20, 0x20, // oat2(0.0);.     
	0x20, 0x20, 0x20, 0x5f, 0x31, 0x38, 0x39, 0x37, 0x20, 0x3d, 0x20, 0x30, 0x2e, 0x30, 0x3b, 0x0a, //    _1897 = 0.0;.
	0x20, 0x20, 0x20, 0x20, 0x7d, 0x0a, 0x20, 0x20, 0x20, 0x20, 0x66, 0x6c, 0x6f, 0x61, 0x74, 0x34, //     }.    float4
	0x20, 0x5f, 0x32, 0x30, 0x36, 0x30, 0x20, 0x3d, 0x20, 0x66, 0x6c, 0x6f, 0x61, 0x74, 0x34, 0x28, //  _2060 = float4(
	0x28, 0x69, 0x6e, 0x2e, 0x61, 0x5f, 0x74, 0x65, 0x78, 0x63, 0x6f, 0x6f, 0x72, 0x64, 0x30, 0x2e, // (in.a_texcoord0.
	0x78, 0x20, 0x2a, 0x20, 0x5f, 0x6d, 0x74, 0x6c, 0x5f, 0x75, 0x2e, 0x75, 0x5f, 0x66, 0x42, 0x6c, // x * _mtl_u.u_fBl
	0x65, 0x6e, 0x64, 0x55, 0x56, 0x5b, 0x5f, 0x39, 0x34, 0x31, 0x5d, 0x2e, 0x7a, 0x29, 0x20, 0x2b, // endUV[_941].z) +
	0x20, 0x5f, 0x6d, 0x74, 0x6c, 0x5f, 0x75, 0x2e, 0x75, 0x5f, 0x66, 0x42, 0x6c, 0x65, 0x6e, 0x64, //  _mtl_u.u_fBlend
	0x55, 0x56, 0x5b, 0x5f, 0x39, 0x34, 0x31, 0x5d, 0x2e, 0x78, 0x2c, 0x20, 0x5f, 0x31, 0x32, 0x35, // UV[_941].x, _125
	0x35, 0x2c, 0x20, 0x5f, 0x32, 0x30, 0x32, 0x36, 0x29, 0x3b, 0x0a, 0x20, 0x20, 0x20, 0x20, 0x5f, // 5, _2026);.    _
	0x32, 0x30, 0x35, 0x36, 0x2e, 0x79, 0x20, 0x3d, 0x20, 0x5f, 0x6d, 0x74, 0x6c, 0x5f, 0x75, 0x2e, // 2056.y = _mtl_u.
	0x75, 0x5f, 0x6d, 0x55, 0x56, 0x49, 0x6e, 0x76, 0x65, 0x72, 0x73, 0x65, 0x64, 0x2e, 0x78, 0x20, // u_mUVInversed.x 
	0x2b, 0x20, 0x28, 0x5f, 0x6d, 0x74, 0x6c, 0x5f, 0x75, 0x2e, 0x75, 0x5f, 0x6d, 0x55, 0x56, 0x49, // + (_mtl_u.u_mUVI
	0x6e, 0x76, 0x65, 0x72, 0x73, 0x65, 0x64, 0x2e, 0x79, 0x20, 0x2a, 0x20, 0x5f, 0x31, 0x32, 0x31, // nversed.y * _121
	0x39, 0x29, 0x3b, 0x0a, 0x20, 0x20, 0x20, 0x20, 0x5f, 0x32, 0x30, 0x35, 0x36, 0x2e, 0x77, 0x20, // 9);.    _2056.w 
	0x3d, 0x20, 0x5f, 0x6d, 0x74, 0x6c, 0x5f, 0x75, 0x2e, 0x75, 0x5f, 0x6d, 0x55, 0x56, 0x49, 0x6e, // = _mtl_u.u_mUVIn
	0x76, 0x65, 0x72, 0x73, 0x65, 0x64, 0x2e, 0x78, 0x20, 0x2b, 0x20, 0x28, 0x5f, 0x6d, 0x74, 0x6c, // versed.x + (_mtl
	0x5f, 0x75, 0x2e, 0x75, 0x5f, 0x6d, 0x55, 0x56, 0x49, 0x6e, 0x76, 0x65, 0x72, 0x73, 0x65, 0x64, // _u.u_mUVInversed
	0x2e, 0x79, 0x20, 0x2a, 0x20, 0x5f, 0x31, 0x32, 0x33, 0x37, 0x29, 0x3b, 0x0a, 0x20, 0x20, 0x20, // .y * _1237);.   
	0x20, 0x5f, 0x32, 0x30, 0x36, 0x30, 0x2e, 0x79, 0x20, 0x3d, 0x20, 0x5f, 0x6d, 0x74, 0x6c, 0x5f, //  _2060.y = _mtl_
	0x75, 0x2e, 0x75, 0x5f, 0x6d, 0x55, 0x56, 0x49, 0x6e, 0x76, 0x65, 0x72, 0x73, 0x65, 0x64, 0x2e, // u.u_mUVInversed.
	0x78, 0x20, 0x2b, 0x20, 0x28, 0x5f, 0x6d, 0x74, 0x6c, 0x5f, 0x75, 0x2e, 0x75, 0x5f, 0x6d, 0x55, // x + (_mtl_u.u_mU
	0x56, 0x49, 0x6e, 0x76, 0x65, 0x72, 0x73, 0x65, 0x64, 0x2e, 0x79, 0x20, 0x2a, 0x20, 0x5f, 0x31, // VInversed.y * _1
	0x32, 0x35, 0x35, 0x29, 0x3b, 0x0a, 0x20, 0x20, 0x20, 0x20, 0x5f, 0x32, 0x30, 0x35, 0x37, 0x2e, // 255);.    _2057.
	0x79, 0x20, 0x3d, 0x20, 0x5f, 0x6d, 0x74, 0x6c, 0x5f, 0x75, 0x2e, 0x75, 0x5f, 0x6d, 0x55, 0x56, // y = _mtl_u.u_mUV
	0x49, 0x6e, 0x76, 0x65, 0x72, 0x73, 0x65, 0x64, 0x2e, 0x78, 0x20, 0x2b, 0x20, 0x28, 0x5f, 0x6d, // Inversed.x + (_m
	0x74, 0x6c, 0x5f, 0x75, 0x2e, 0x75, 0x5f, 0x6d, 0x55, 0x56, 0x49, 0x6e, 0x76, 0x65, 0x72, 0x73, // tl_u.u_mUVInvers
	0x65, 0x64, 0x2e, 0x79, 0x20, 0x2a, 0x20, 0x5f, 0x31, 0x32, 0x37, 0x33, 0x29, 0x3b, 0x0a, 0x20, // ed.y * _1273);. 
	0x20, 0x20, 0x20, 0x5f, 0x32, 0x30, 0x35, 0x37, 0x2e, 0x77, 0x20, 0x3d, 0x20, 0x5f, 0x6d, 0x74, //    _2057.w = _mt
	0x6c, 0x5f, 0x75, 0x2e, 0x75, 0x5f, 0x6d, 0x55, 0x56, 0x49, 0x6e, 0x76, 0x65, 0x72, 0x73, 0x65, // l_u.u_mUVInverse
	0x64, 0x2e, 0x78, 0x20, 0x2b, 0x20, 0x28, 0x5f, 0x6d, 0x74, 0x6c, 0x5f, 0x75, 0x2e, 0x75, 0x5f, // d.x + (_mtl_u.u_
	0x6d, 0x55, 0x56, 0x49, 0x6e, 0x76, 0x65, 0x72, 0x73, 0x65, 0x64, 0x2e, 0x79, 0x20, 0x2a, 0x20, // mUVInversed.y * 
	0x5f, 0x31, 0x32, 0x39, 0x31, 0x29, 0x3b, 0x0a, 0x20, 0x20, 0x20, 0x20, 0x6f, 0x75, 0x74, 0x2e, // _1291);.    out.
	0x67, 0x6c, 0x5f, 0x50, 0x6f, 0x73, 0x69, 0x74, 0x69, 0x6f, 0x6e, 0x20, 0x3d, 0x20, 0x5f, 0x31, // gl_Position = _1
	0x30, 0x36, 0x35, 0x3b, 0x0a, 0x20, 0x20, 0x20, 0x20, 0x6f, 0x75, 0x74, 0x2e, 0x5f, 0x65, 0x6e, // 065;.    out._en
	0x74, 0x72, 0x79, 0x50, 0x6f, 0x69, 0x6e, 0x74, 0x4f, 0x75, 0x74, 0x70, 0x75, 0x74, 0x5f, 0x76, // tryPointOutput_v
	0x5f, 0x41, 0x6c, 0x70, 0x68, 0x61, 0x5f, 0x44, 0x69, 0x73, 0x74, 0x5f, 0x55, 0x56, 0x20, 0x3d, // _Alpha_Dist_UV =
	0x20, 0x5f, 0x32, 0x30, 0x35, 0x36, 0x3b, 0x0a, 0x20, 0x20, 0x20, 0x20, 0x6f, 0x75, 0x74, 0x2e, //  _2056;.    out.
	0x5f, 0x65, 0x6e, 0x74, 0x72, 0x79, 0x50, 0x6f, 0x69, 0x6e, 0x74, 0x4f, 0x75, 0x74, 0x70, 0x75, // _entryPointOutpu
	0x74, 0x5f, 0x76, 0x5f, 0x42, 0x6c, 0x65, 0x6e, 0x64, 0x5f, 0x41, 0x6c, 0x70, 0x68, 0x61, 0x5f, // t_v_Blend_Alpha_
	0x44, 0x69, 0x73, 0x74, 0x5f, 0x55, 0x56, 0x20, 0x3d, 0x20, 0x5f, 0x32, 0x30, 0x35, 0x37, 0x3b, // Dist_UV = _2057;
	0x0a, 0x20, 0x20, 0x20, 0x20, 0x6f, 0x75, 0x74, 0x2e, 0x5f, 0x65, 0x6e, 0x74, 0x72, 0x79, 0x50, // .    out._entryP
	0x6f, 0x69, 0x6e, 0x74, 0x4f, 0x75, 0x74, 0x70, 0x75, 0x74, 0x5f, 0x76, 0x5f, 0x42, 0x6c, 0x65, // ointOutput_v_Ble
	0x6e, 0x64, 0x5f, 0x46, 0x42, 0x4e, 0x65, 0x78, 0x74, 0x49, 0x6e, 0x64, 0x65, 0x78, 0x5f, 0x55, // nd_FBNextIndex_U
	0x56, 0x20, 0x3d, 0x20, 0x5f, 0x32, 0x30, 0x36, 0x30, 0x3b, 0x0a, 0x20, 0x20, 0x20, 0x20, 0x6f, // V = _2060;.    o
	0x75, 0x74, 0x2e, 0x5f, 0x65, 0x6e, 0x74, 0x72, 0x79, 0x50, 0x6f, 0x69, 0x6e, 0x74, 0x4f, 0x75, // ut._entryPointOu
	0x74, 0x70, 0x75, 0x74, 0x5f, 0x76, 0x5f, 0x43, 0x6f, 0x6c, 0x6f, 0x72, 0x20, 0x3d, 0x20, 0x5f, // tput_v_Color = _
	0x6d, 0x74, 0x6c, 0x5f, 0x75, 0x2e, 0x75, 0x5f, 0x66, 0x4d, 0x6f, 0x64, 0x65, 0x6c, 0x43, 0x6f, // mtl_u.u_fModelCo
	0x6c, 0x6f, 0x72, 0x5b, 0x5f, 0x39, 0x34, 0x31, 0x5d, 0x20, 0x2a, 0x20, 0x69, 0x6e, 0x2e, 0x61, // lor[_941] * in.a
	0x5f, 0x63, 0x6f, 0x6c, 0x6f, 0x72, 0x30, 0x3b, 0x0a, 0x20, 0x20, 0x20, 0x20, 0x6f, 0x75, 0x74, // _color0;.    out
	0x2e, 0x5f, 0x65, 0x6e, 0x74, 0x72, 0x79, 0x50, 0x6f, 0x69, 0x6e, 0x74, 0x4f, 0x75, 0x74, 0x70, // ._entryPointOutp
	0x75, 0x74, 0x5f, 0x76, 0x5f, 0x50, 0x6f, 0x73, 0x50, 0x20, 0x3d, 0x20, 0x5f, 0x31, 0x30, 0x36, // ut_v_PosP = _106
	0x35, 0x3b, 0x0a, 0x20, 0x20, 0x20, 0x20, 0x6f, 0x75, 0x74, 0x2e, 0x5f, 0x65, 0x6e, 0x74, 0x72, // 5;.    out._entr
	0x79, 0x50, 0x6f, 0x69, 0x6e, 0x74, 0x4f, 0x75, 0x74, 0x70, 0x75, 0x74, 0x5f, 0x76, 0x5f, 0x50, // yPointOutput_v_P
	0x72, 0x6f, 0x6a, 0x42, 0x69, 0x6e, 0x6f, 0x72, 0x6d, 0x61, 0x6c, 0x20, 0x3d, 0x20, 0x5f, 0x6d, // rojBinormal = _m
	0x74, 0x6c, 0x5f, 0x75, 0x2e, 0x75, 0x5f, 0x6d, 0x43, 0x61, 0x6d, 0x65, 0x72, 0x61, 0x50, 0x72, // tl_u.u_mCameraPr
	0x6f, 0x6a, 0x20, 0x2a, 0x20, 0x28, 0x5f, 0x31, 0x30, 0x36, 0x31, 0x20, 0x2b, 0x20, 0x66, 0x61, // oj * (_1061 + fa
	0x73, 0x74, 0x3a, 0x3a, 0x6e, 0x6f, 0x72, 0x6d, 0x61, 0x6c, 0x69, 0x7a, 0x65, 0x28, 0x5f, 0x6d, // st::normalize(_m
	0x74, 0x6c, 0x5f, 0x75, 0x2e, 0x75, 0x5f, 0x6d, 0x4d, 0x6f, 0x64, 0x65, 0x6c, 0x5f, 0x49, 0x6e, // tl_u.u_mModel_In
	0x73, 0x74, 0x5b, 0x5f, 0x39, 0x34, 0x31, 0x5d, 0x20, 0x2a, 0x20, 0x66, 0x6c, 0x6f, 0x61, 0x74, // st[_941] * float
	0x34, 0x28, 0x69, 0x6e, 0x2e, 0x61, 0x5f, 0x62, 0x69, 0x74, 0x61, 0x6e, 0x67, 0x65, 0x6e, 0x74, // 4(in.a_bitangent
	0x2e, 0x78, 0x2c, 0x20, 0x69, 0x6e, 0x2e, 0x61, 0x5f, 0x62, 0x69, 0x74, 0x61, 0x6e, 0x67, 0x65, // .x, in.a_bitange
	0x6e, 0x74, 0x2e, 0x79, 0x2c, 0x20, 0x69, 0x6e, 0x2e, 0x61, 0x5f, 0x62, 0x69, 0x74, 0x61, 0x6e, // nt.y, in.a_bitan
	0x67, 0x65, 0x6e, 0x74, 0x2e, 0x7a, 0x2c, 0x20, 0x30, 0x2e, 0x30, 0x29, 0x29, 0x29, 0x3b, 0x0a, // gent.z, 0.0)));.
	0x20, 0x20, 0x20, 0x20, 0x6f, 0x75, 0x74, 0x2e, 0x5f, 0x65, 0x6e, 0x74, 0x72, 0x79, 0x50, 0x6f, //     out._entryPo
	0x69, 0x6e, 0x74, 0x4f, 0x75, 0x74, 0x70, 0x75, 0x74, 0x5f, 0x76, 0x5f, 0x50, 0x72, 0x6f, 0x6a, // intOutput_v_Proj
	0x54, 0x61, 0x6e, 0x67, 0x65, 0x6e, 0x74, 0x20, 0x3d, 0x20, 0x5f, 0x6d, 0x74, 0x6c, 0x5f, 0x75, // Tangent = _mtl_u
	0x2e, 0x75, 0x5f, 0x6d, 0x43, 0x61, 0x6d, 0x65, 0x72, 0x61, 0x50, 0x72, 0x6f, 0x6a, 0x20, 0x2a, // .u_mCameraProj *
	0x20, 0x28, 0x5f, 0x31, 0x30, 0x36, 0x31, 0x20, 0x2b, 0x20, 0x66, 0x61, 0x73, 0x74, 0x3a, 0x3a, //  (_1061 + fast::
	0x6e, 0x6f, 0x72, 0x6d, 0x61, 0x6c, 0x69, 0x7a, 0x65, 0x28, 0x5f, 0x6d, 0x74, 0x6c, 0x5f, 0x75, // normalize(_mtl_u
	0x2e, 0x75, 0x5f, 0x6d, 0x4d, 0x6f, 0x64, 0x65, 0x6c, 0x5f, 0x49, 0x6e, 0x73, 0x74, 0x5b, 0x5f, // .u_mModel_Inst[_
	0x39, 0x34, 0x31, 0x5d, 0x20, 0x2a, 0x20, 0x66, 0x6c, 0x6f, 0x61, 0x74, 0x34, 0x28, 0x69, 0x6e, // 941] * float4(in
	0x2e, 0x61, 0x5f, 0x74, 0x61, 0x6e, 0x67, 0x65, 0x6e, 0x74, 0x2e, 0x78, 0x2c, 0x20, 0x69, 0x6e, // .a_tangent.x, in
	0x2e, 0x61, 0x5f, 0x74, 0x61, 0x6e, 0x67, 0x65, 0x6e, 0x74, 0x2e, 0x79, 0x2c, 0x20, 0x69, 0x6e, // .a_tangent.y, in
	0x2e, 0x61, 0x5f, 0x74, 0x61, 0x6e, 0x67, 0x65, 0x6e, 0x74, 0x2e, 0x7a, 0x2c, 0x20, 0x30, 0x2e, // .a_tangent.z, 0.
	0x30, 0x29, 0x29, 0x29, 0x3b, 0x0a, 0x20, 0x20, 0x20, 0x20, 0x6f, 0x75, 0x74, 0x2e, 0x5f, 0x65, // 0)));.    out._e
	0x6e, 0x74, 0x72, 0x79, 0x50, 0x6f, 0x69, 0x6e, 0x74, 0x4f, 0x75, 0x74, 0x70, 0x75, 0x74, 0x5f, // ntryPointOutput_
	0x76, 0x5f, 0x55, 0x56, 0x5f, 0x4f, 0x74, 0x68, 0x65, 0x72, 0x73, 0x20, 0x3d, 0x20, 0x66, 0x6c, // v_UV_Others = fl
	0x6f, 0x61, 0x74, 0x34, 0x28, 0x5f, 0x31, 0x30, 0x37, 0x36, 0x2c, 0x20, 0x5f, 0x31, 0x30, 0x39, // oat4(_1076, _109
	0x34, 0x2c, 0x20, 0x5f, 0x31, 0x38, 0x39, 0x37, 0x2c, 0x20, 0x5f, 0x6d, 0x74, 0x6c, 0x5f, 0x75, // 4, _1897, _mtl_u
	0x2e, 0x75, 0x5f, 0x66, 0x4d, 0x6f, 0x64, 0x65, 0x6c, 0x41, 0x6c, 0x70, 0x68, 0x61, 0x54, 0x68, // .u_fModelAlphaTh
	0x72, 0x65, 0x73, 0x68, 0x6f, 0x6c, 0x64, 0x5b, 0x5f, 0x39, 0x34, 0x31, 0x5d, 0x2e, 0x78, 0x29, // reshold[_941].x)
	0x3b, 0x0a, 0x20, 0x20, 0x20, 0x20, 0x72, 0x65, 0x74, 0x75, 0x72, 0x6e, 0x20, 0x6f, 0x75, 0x74, // ;.    return out
	0x3b, 0x0a, 0x7d, 0x0a, 0x0a, 0x00, 0x07, 0x04, 0x00, 0x05, 0x00, 0x02, 0x00, 0x01, 0x00, 0x03, // ;.}.............
	0x00, 0x10, 0x00, 0xff, 0xff, 0xf0, 0x20,                                                       // ...... 
};
