static const uint8_t ad_sprite_distortion_vs_essl[4816] =
{
	0x56, 0x53, 0x48, 0x0c, 0x00, 0x00, 0x00, 0x00, 0x0d, 0x11, 0x5f, 0xc2, 0x00, 0x00, 0x00, 0x00, // VSH......._.....
	0x00, 0x00, 0x00, 0x00, 0x04, 0x00, 0x0d, 0x75, 0x5f, 0x6d, 0x55, 0x56, 0x49, 0x6e, 0x76, 0x65, // .......u_mUVInve
	0x72, 0x73, 0x65, 0x64, 0x02, 0x01, 0x00, 0x00, 0x01, 0x00, 0x00, 0x00, 0x00, 0x00, 0x14, 0x75, // rsed...........u
	0x5f, 0x66, 0x6c, 0x69, 0x70, 0x62, 0x6f, 0x6f, 0x6b, 0x50, 0x61, 0x72, 0x61, 0x6d, 0x65, 0x74, // _flipbookParamet
	0x65, 0x72, 0x31, 0x02, 0x01, 0x00, 0x00, 0x01, 0x00, 0x00, 0x00, 0x00, 0x00, 0x14, 0x75, 0x5f, // er1...........u_
	0x66, 0x6c, 0x69, 0x70, 0x62, 0x6f, 0x6f, 0x6b, 0x50, 0x61, 0x72, 0x61, 0x6d, 0x65, 0x74, 0x65, // flipbookParamete
	0x72, 0x32, 0x02, 0x01, 0x00, 0x00, 0x01, 0x00, 0x00, 0x00, 0x00, 0x00, 0x0d, 0x75, 0x5f, 0x6d, // r2...........u_m
	0x43, 0x61, 0x6d, 0x65, 0x72, 0x61, 0x50, 0x72, 0x6f, 0x6a, 0x04, 0x01, 0x00, 0x00, 0x04, 0x00, // CameraProj......
	0x00, 0x00, 0x00, 0x00, 0x47, 0x12, 0x00, 0x00, 0x0a, 0x76, 0x65, 0x63, 0x34, 0x20, 0x5f, 0x31, // ....G....vec4 _1
	0x33, 0x34, 0x38, 0x3b, 0x0a, 0x0a, 0x75, 0x6e, 0x69, 0x66, 0x6f, 0x72, 0x6d, 0x20, 0x76, 0x65, // 348;..uniform ve
	0x63, 0x34, 0x20, 0x75, 0x5f, 0x6d, 0x55, 0x56, 0x49, 0x6e, 0x76, 0x65, 0x72, 0x73, 0x65, 0x64, // c4 u_mUVInversed
	0x3b, 0x0a, 0x75, 0x6e, 0x69, 0x66, 0x6f, 0x72, 0x6d, 0x20, 0x76, 0x65, 0x63, 0x34, 0x20, 0x75, // ;.uniform vec4 u
	0x5f, 0x66, 0x6c, 0x69, 0x70, 0x62, 0x6f, 0x6f, 0x6b, 0x50, 0x61, 0x72, 0x61, 0x6d, 0x65, 0x74, // _flipbookParamet
	0x65, 0x72, 0x31, 0x3b, 0x0a, 0x75, 0x6e, 0x69, 0x66, 0x6f, 0x72, 0x6d, 0x20, 0x76, 0x65, 0x63, // er1;.uniform vec
	0x34, 0x20, 0x75, 0x5f, 0x66, 0x6c, 0x69, 0x70, 0x62, 0x6f, 0x6f, 0x6b, 0x50, 0x61, 0x72, 0x61, // 4 u_flipbookPara
	0x6d, 0x65, 0x74, 0x65, 0x72, 0x32, 0x3b, 0x0a, 0x75, 0x6e, 0x69, 0x66, 0x6f, 0x72, 0x6d, 0x20, // meter2;.uniform 
	0x6d, 0x61, 0x74, 0x34, 0x20, 0x75, 0x5f, 0x6d, 0x43, 0x61, 0x6d, 0x65, 0x72, 0x61, 0x50, 0x72, // mat4 u_mCameraPr
	0x6f, 0x6a, 0x3b, 0x0a, 0x0a, 0x6c, 0x61, 0x79, 0x6f, 0x75, 0x74, 0x28, 0x6c, 0x6f, 0x63, 0x61, // oj;..layout(loca
	0x74, 0x69, 0x6f, 0x6e, 0x20, 0x3d, 0x20, 0x32, 0x29, 0x20, 0x69, 0x6e, 0x20, 0x76, 0x65, 0x63, // tion = 2) in vec
	0x33, 0x20, 0x61, 0x5f, 0x70, 0x6f, 0x73, 0x69, 0x74, 0x69, 0x6f, 0x6e, 0x3b, 0x0a, 0x6c, 0x61, // 3 a_position;.la
	0x79, 0x6f, 0x75, 0x74, 0x28, 0x6c, 0x6f, 0x63, 0x61, 0x74, 0x69, 0x6f, 0x6e, 0x20, 0x3d, 0x20, // yout(location = 
	0x30, 0x29, 0x20, 0x69, 0x6e, 0x20, 0x76, 0x65, 0x63, 0x34, 0x20, 0x61, 0x5f, 0x63, 0x6f, 0x6c, // 0) in vec4 a_col
	0x6f, 0x72, 0x30, 0x3b, 0x0a, 0x6c, 0x61, 0x79, 0x6f, 0x75, 0x74, 0x28, 0x6c, 0x6f, 0x63, 0x61, // or0;.layout(loca
	0x74, 0x69, 0x6f, 0x6e, 0x20, 0x3d, 0x20, 0x31, 0x29, 0x20, 0x69, 0x6e, 0x20, 0x76, 0x65, 0x63, // tion = 1) in vec
	0x34, 0x20, 0x61, 0x5f, 0x6e, 0x6f, 0x72, 0x6d, 0x61, 0x6c, 0x3b, 0x0a, 0x6c, 0x61, 0x79, 0x6f, // 4 a_normal;.layo
	0x75, 0x74, 0x28, 0x6c, 0x6f, 0x63, 0x61, 0x74, 0x69, 0x6f, 0x6e, 0x20, 0x3d, 0x20, 0x33, 0x29, // ut(location = 3)
	0x20, 0x69, 0x6e, 0x20, 0x76, 0x65, 0x63, 0x34, 0x20, 0x61, 0x5f, 0x74, 0x61, 0x6e, 0x67, 0x65, //  in vec4 a_tange
	0x6e, 0x74, 0x3b, 0x0a, 0x6c, 0x61, 0x79, 0x6f, 0x75, 0x74, 0x28, 0x6c, 0x6f, 0x63, 0x61, 0x74, // nt;.layout(locat
	0x69, 0x6f, 0x6e, 0x20, 0x3d, 0x20, 0x34, 0x29, 0x20, 0x69, 0x6e, 0x20, 0x76, 0x65, 0x63, 0x32, // ion = 4) in vec2
	0x20, 0x61, 0x5f, 0x74, 0x65, 0x78, 0x63, 0x6f, 0x6f, 0x72, 0x64, 0x30, 0x3b, 0x0a, 0x6c, 0x61, //  a_texcoord0;.la
	0x79, 0x6f, 0x75, 0x74, 0x28, 0x6c, 0x6f, 0x63, 0x61, 0x74, 0x69, 0x6f, 0x6e, 0x20, 0x3d, 0x20, // yout(location = 
	0x36, 0x29, 0x20, 0x69, 0x6e, 0x20, 0x76, 0x65, 0x63, 0x34, 0x20, 0x61, 0x5f, 0x74, 0x65, 0x78, // 6) in vec4 a_tex
	0x63, 0x6f, 0x6f, 0x72, 0x64, 0x32, 0x3b, 0x0a, 0x6c, 0x61, 0x79, 0x6f, 0x75, 0x74, 0x28, 0x6c, // coord2;.layout(l
	0x6f, 0x63, 0x61, 0x74, 0x69, 0x6f, 0x6e, 0x20, 0x3d, 0x20, 0x37, 0x29, 0x20, 0x69, 0x6e, 0x20, // ocation = 7) in 
	0x76, 0x65, 0x63, 0x32, 0x20, 0x61, 0x5f, 0x74, 0x65, 0x78, 0x63, 0x6f, 0x6f, 0x72, 0x64, 0x33, // vec2 a_texcoord3
	0x3b, 0x0a, 0x6c, 0x61, 0x79, 0x6f, 0x75, 0x74, 0x28, 0x6c, 0x6f, 0x63, 0x61, 0x74, 0x69, 0x6f, // ;.layout(locatio
	0x6e, 0x20, 0x3d, 0x20, 0x38, 0x29, 0x20, 0x69, 0x6e, 0x20, 0x76, 0x65, 0x63, 0x34, 0x20, 0x61, // n = 8) in vec4 a
	0x5f, 0x74, 0x65, 0x78, 0x63, 0x6f, 0x6f, 0x72, 0x64, 0x34, 0x3b, 0x0a, 0x6c, 0x61, 0x79, 0x6f, // _texcoord4;.layo
	0x75, 0x74, 0x28, 0x6c, 0x6f, 0x63, 0x61, 0x74, 0x69, 0x6f, 0x6e, 0x20, 0x3d, 0x20, 0x39, 0x29, // ut(location = 9)
	0x20, 0x69, 0x6e, 0x20, 0x66, 0x6c, 0x6f, 0x61, 0x74, 0x20, 0x61, 0x5f, 0x74, 0x65, 0x78, 0x63, //  in float a_texc
	0x6f, 0x6f, 0x72, 0x64, 0x35, 0x3b, 0x0a, 0x6c, 0x61, 0x79, 0x6f, 0x75, 0x74, 0x28, 0x6c, 0x6f, // oord5;.layout(lo
	0x63, 0x61, 0x74, 0x69, 0x6f, 0x6e, 0x20, 0x3d, 0x20, 0x31, 0x30, 0x29, 0x20, 0x69, 0x6e, 0x20, // cation = 10) in 
	0x66, 0x6c, 0x6f, 0x61, 0x74, 0x20, 0x61, 0x5f, 0x74, 0x65, 0x78, 0x63, 0x6f, 0x6f, 0x72, 0x64, // float a_texcoord
	0x36, 0x3b, 0x0a, 0x6f, 0x75, 0x74, 0x20, 0x76, 0x65, 0x63, 0x34, 0x20, 0x76, 0x5f, 0x55, 0x56, // 6;.out vec4 v_UV
	0x5f, 0x4f, 0x74, 0x68, 0x65, 0x72, 0x73, 0x3b, 0x0a, 0x6f, 0x75, 0x74, 0x20, 0x76, 0x65, 0x63, // _Others;.out vec
	0x34, 0x20, 0x76, 0x5f, 0x50, 0x72, 0x6f, 0x6a, 0x42, 0x69, 0x6e, 0x6f, 0x72, 0x6d, 0x61, 0x6c, // 4 v_ProjBinormal
	0x3b, 0x0a, 0x6f, 0x75, 0x74, 0x20, 0x76, 0x65, 0x63, 0x34, 0x20, 0x76, 0x5f, 0x50, 0x72, 0x6f, // ;.out vec4 v_Pro
	0x6a, 0x54, 0x61, 0x6e, 0x67, 0x65, 0x6e, 0x74, 0x3b, 0x0a, 0x6f, 0x75, 0x74, 0x20, 0x76, 0x65, // jTangent;.out ve
	0x63, 0x34, 0x20, 0x76, 0x5f, 0x50, 0x6f, 0x73, 0x50, 0x3b, 0x0a, 0x6f, 0x75, 0x74, 0x20, 0x76, // c4 v_PosP;.out v
	0x65, 0x63, 0x34, 0x20, 0x76, 0x5f, 0x43, 0x6f, 0x6c, 0x6f, 0x72, 0x3b, 0x0a, 0x6f, 0x75, 0x74, // ec4 v_Color;.out
	0x20, 0x76, 0x65, 0x63, 0x34, 0x20, 0x76, 0x5f, 0x41, 0x6c, 0x70, 0x68, 0x61, 0x5f, 0x44, 0x69, //  vec4 v_Alpha_Di
	0x73, 0x74, 0x5f, 0x55, 0x56, 0x3b, 0x0a, 0x6f, 0x75, 0x74, 0x20, 0x76, 0x65, 0x63, 0x34, 0x20, // st_UV;.out vec4 
	0x76, 0x5f, 0x42, 0x6c, 0x65, 0x6e, 0x64, 0x5f, 0x41, 0x6c, 0x70, 0x68, 0x61, 0x5f, 0x44, 0x69, // v_Blend_Alpha_Di
	0x73, 0x74, 0x5f, 0x55, 0x56, 0x3b, 0x0a, 0x6f, 0x75, 0x74, 0x20, 0x76, 0x65, 0x63, 0x34, 0x20, // st_UV;.out vec4 
	0x76, 0x5f, 0x42, 0x6c, 0x65, 0x6e, 0x64, 0x5f, 0x46, 0x42, 0x4e, 0x65, 0x78, 0x74, 0x49, 0x6e, // v_Blend_FBNextIn
	0x64, 0x65, 0x78, 0x5f, 0x55, 0x56, 0x3b, 0x0a, 0x0a, 0x76, 0x6f, 0x69, 0x64, 0x20, 0x6d, 0x61, // dex_UV;..void ma
	0x69, 0x6e, 0x28, 0x29, 0x0a, 0x7b, 0x0a, 0x20, 0x20, 0x20, 0x20, 0x76, 0x65, 0x63, 0x34, 0x20, // in().{.    vec4 
	0x5f, 0x35, 0x35, 0x34, 0x20, 0x3d, 0x20, 0x61, 0x5f, 0x74, 0x65, 0x78, 0x63, 0x6f, 0x6f, 0x72, // _554 = a_texcoor
	0x64, 0x32, 0x3b, 0x0a, 0x20, 0x20, 0x20, 0x20, 0x76, 0x65, 0x63, 0x34, 0x20, 0x5f, 0x35, 0x36, // d2;.    vec4 _56
	0x30, 0x20, 0x3d, 0x20, 0x61, 0x5f, 0x74, 0x65, 0x78, 0x63, 0x6f, 0x6f, 0x72, 0x64, 0x34, 0x3b, // 0 = a_texcoord4;
	0x0a, 0x20, 0x20, 0x20, 0x20, 0x76, 0x65, 0x63, 0x34, 0x20, 0x5f, 0x36, 0x36, 0x30, 0x20, 0x3d, // .    vec4 _660 =
	0x20, 0x76, 0x65, 0x63, 0x34, 0x28, 0x28, 0x61, 0x5f, 0x74, 0x61, 0x6e, 0x67, 0x65, 0x6e, 0x74, //  vec4((a_tangent
	0x2e, 0x78, 0x79, 0x7a, 0x20, 0x2d, 0x20, 0x76, 0x65, 0x63, 0x33, 0x28, 0x30, 0x2e, 0x35, 0x29, // .xyz - vec3(0.5)
	0x29, 0x20, 0x2a, 0x20, 0x32, 0x2e, 0x30, 0x2c, 0x20, 0x30, 0x2e, 0x30, 0x29, 0x3b, 0x0a, 0x20, // ) * 2.0, 0.0);. 
	0x20, 0x20, 0x20, 0x66, 0x6c, 0x6f, 0x61, 0x74, 0x20, 0x5f, 0x36, 0x37, 0x39, 0x20, 0x3d, 0x20, //    float _679 = 
	0x75, 0x5f, 0x6d, 0x55, 0x56, 0x49, 0x6e, 0x76, 0x65, 0x72, 0x73, 0x65, 0x64, 0x2e, 0x78, 0x20, // u_mUVInversed.x 
	0x2b, 0x20, 0x28, 0x75, 0x5f, 0x6d, 0x55, 0x56, 0x49, 0x6e, 0x76, 0x65, 0x72, 0x73, 0x65, 0x64, // + (u_mUVInversed
	0x2e, 0x79, 0x20, 0x2a, 0x20, 0x61, 0x5f, 0x74, 0x65, 0x78, 0x63, 0x6f, 0x6f, 0x72, 0x64, 0x30, // .y * a_texcoord0
	0x2e, 0x79, 0x29, 0x3b, 0x0a, 0x20, 0x20, 0x20, 0x20, 0x76, 0x65, 0x63, 0x34, 0x20, 0x5f, 0x31, // .y);.    vec4 _1
	0x32, 0x33, 0x35, 0x3b, 0x0a, 0x20, 0x20, 0x20, 0x20, 0x5f, 0x31, 0x32, 0x33, 0x35, 0x2e, 0x78, // 235;.    _1235.x
	0x20, 0x3d, 0x20, 0x61, 0x5f, 0x74, 0x65, 0x78, 0x63, 0x6f, 0x6f, 0x72, 0x64, 0x30, 0x2e, 0x78, //  = a_texcoord0.x
	0x3b, 0x0a, 0x20, 0x20, 0x20, 0x20, 0x76, 0x65, 0x63, 0x34, 0x20, 0x5f, 0x36, 0x39, 0x33, 0x20, // ;.    vec4 _693 
	0x3d, 0x20, 0x76, 0x65, 0x63, 0x34, 0x28, 0x61, 0x5f, 0x70, 0x6f, 0x73, 0x69, 0x74, 0x69, 0x6f, // = vec4(a_positio
	0x6e, 0x2c, 0x20, 0x31, 0x2e, 0x30, 0x29, 0x3b, 0x0a, 0x20, 0x20, 0x20, 0x20, 0x76, 0x65, 0x63, // n, 1.0);.    vec
	0x34, 0x20, 0x5f, 0x36, 0x39, 0x36, 0x20, 0x3d, 0x20, 0x75, 0x5f, 0x6d, 0x43, 0x61, 0x6d, 0x65, // 4 _696 = u_mCame
	0x72, 0x61, 0x50, 0x72, 0x6f, 0x6a, 0x20, 0x2a, 0x20, 0x5f, 0x36, 0x39, 0x33, 0x3b, 0x0a, 0x20, // raProj * _693;. 
	0x20, 0x20, 0x20, 0x76, 0x65, 0x63, 0x34, 0x20, 0x5f, 0x31, 0x32, 0x34, 0x34, 0x20, 0x3d, 0x20, //    vec4 _1244 = 
	0x5f, 0x35, 0x35, 0x34, 0x3b, 0x0a, 0x20, 0x20, 0x20, 0x20, 0x5f, 0x31, 0x32, 0x34, 0x34, 0x2e, // _554;.    _1244.
	0x79, 0x20, 0x3d, 0x20, 0x75, 0x5f, 0x6d, 0x55, 0x56, 0x49, 0x6e, 0x76, 0x65, 0x72, 0x73, 0x65, // y = u_mUVInverse
	0x64, 0x2e, 0x78, 0x20, 0x2b, 0x20, 0x28, 0x75, 0x5f, 0x6d, 0x55, 0x56, 0x49, 0x6e, 0x76, 0x65, // d.x + (u_mUVInve
	0x72, 0x73, 0x65, 0x64, 0x2e, 0x79, 0x20, 0x2a, 0x20, 0x5f, 0x35, 0x35, 0x34, 0x2e, 0x79, 0x29, // rsed.y * _554.y)
	0x3b, 0x0a, 0x20, 0x20, 0x20, 0x20, 0x5f, 0x31, 0x32, 0x34, 0x34, 0x2e, 0x77, 0x20, 0x3d, 0x20, // ;.    _1244.w = 
	0x75, 0x5f, 0x6d, 0x55, 0x56, 0x49, 0x6e, 0x76, 0x65, 0x72, 0x73, 0x65, 0x64, 0x2e, 0x78, 0x20, // u_mUVInversed.x 
	0x2b, 0x20, 0x28, 0x75, 0x5f, 0x6d, 0x55, 0x56, 0x49, 0x6e, 0x76, 0x65, 0x72, 0x73, 0x65, 0x64, // + (u_mUVInversed
	0x2e, 0x79, 0x20, 0x2a, 0x20, 0x5f, 0x35, 0x35, 0x34, 0x2e, 0x77, 0x29, 0x3b, 0x0a, 0x20, 0x20, // .y * _554.w);.  
	0x20, 0x20, 0x76, 0x65, 0x63, 0x34, 0x20, 0x5f, 0x31, 0x32, 0x35, 0x39, 0x20, 0x3d, 0x20, 0x5f, //   vec4 _1259 = _
	0x35, 0x36, 0x30, 0x3b, 0x0a, 0x20, 0x20, 0x20, 0x20, 0x5f, 0x31, 0x32, 0x35, 0x39, 0x2e, 0x79, // 560;.    _1259.y
	0x20, 0x3d, 0x20, 0x75, 0x5f, 0x6d, 0x55, 0x56, 0x49, 0x6e, 0x76, 0x65, 0x72, 0x73, 0x65, 0x64, //  = u_mUVInversed
	0x2e, 0x78, 0x20, 0x2b, 0x20, 0x28, 0x75, 0x5f, 0x6d, 0x55, 0x56, 0x49, 0x6e, 0x76, 0x65, 0x72, // .x + (u_mUVInver
	0x73, 0x65, 0x64, 0x2e, 0x79, 0x20, 0x2a, 0x20, 0x5f, 0x35, 0x36, 0x30, 0x2e, 0x79, 0x29, 0x3b, // sed.y * _560.y);
	0x0a, 0x20, 0x20, 0x20, 0x20, 0x5f, 0x31, 0x32, 0x35, 0x39, 0x2e, 0x77, 0x20, 0x3d, 0x20, 0x75, // .    _1259.w = u
	0x5f, 0x6d, 0x55, 0x56, 0x49, 0x6e, 0x76, 0x65, 0x72, 0x73, 0x65, 0x64, 0x2e, 0x78, 0x20, 0x2b, // _mUVInversed.x +
	0x20, 0x28, 0x75, 0x5f, 0x6d, 0x55, 0x56, 0x49, 0x6e, 0x76, 0x65, 0x72, 0x73, 0x65, 0x64, 0x2e, //  (u_mUVInversed.
	0x79, 0x20, 0x2a, 0x20, 0x5f, 0x35, 0x36, 0x30, 0x2e, 0x77, 0x29, 0x3b, 0x0a, 0x20, 0x20, 0x20, // y * _560.w);.   
	0x20, 0x76, 0x65, 0x63, 0x32, 0x20, 0x5f, 0x38, 0x31, 0x37, 0x20, 0x3d, 0x20, 0x5f, 0x31, 0x32, //  vec2 _817 = _12
	0x33, 0x35, 0x2e, 0x78, 0x79, 0x3b, 0x0a, 0x20, 0x20, 0x20, 0x20, 0x66, 0x6c, 0x6f, 0x61, 0x74, // 35.xy;.    float
	0x20, 0x5f, 0x31, 0x33, 0x32, 0x30, 0x3b, 0x0a, 0x20, 0x20, 0x20, 0x20, 0x76, 0x65, 0x63, 0x32, //  _1320;.    vec2
	0x20, 0x5f, 0x31, 0x33, 0x32, 0x37, 0x3b, 0x0a, 0x20, 0x20, 0x20, 0x20, 0x69, 0x66, 0x20, 0x28, //  _1327;.    if (
	0x75, 0x5f, 0x66, 0x6c, 0x69, 0x70, 0x62, 0x6f, 0x6f, 0x6b, 0x50, 0x61, 0x72, 0x61, 0x6d, 0x65, // u_flipbookParame
	0x74, 0x65, 0x72, 0x31, 0x2e, 0x78, 0x20, 0x3e, 0x20, 0x30, 0x2e, 0x30, 0x29, 0x0a, 0x20, 0x20, // ter1.x > 0.0).  
	0x20, 0x20, 0x7b, 0x0a, 0x20, 0x20, 0x20, 0x20, 0x20, 0x20, 0x20, 0x20, 0x66, 0x6c, 0x6f, 0x61, //   {.        floa
	0x74, 0x20, 0x5f, 0x39, 0x30, 0x33, 0x20, 0x3d, 0x20, 0x66, 0x6c, 0x6f, 0x6f, 0x72, 0x28, 0x61, // t _903 = floor(a
	0x5f, 0x74, 0x65, 0x78, 0x63, 0x6f, 0x6f, 0x72, 0x64, 0x35, 0x29, 0x3b, 0x0a, 0x20, 0x20, 0x20, // _texcoord5);.   
	0x20, 0x20, 0x20, 0x20, 0x20, 0x66, 0x6c, 0x6f, 0x61, 0x74, 0x20, 0x5f, 0x39, 0x30, 0x36, 0x20, //      float _906 
	0x3d, 0x20, 0x5f, 0x39, 0x30, 0x33, 0x20, 0x2b, 0x20, 0x31, 0x2e, 0x30, 0x3b, 0x0a, 0x20, 0x20, // = _903 + 1.0;.  
	0x20, 0x20, 0x20, 0x20, 0x20, 0x20, 0x66, 0x6c, 0x6f, 0x61, 0x74, 0x20, 0x5f, 0x39, 0x30, 0x39, //       float _909
	0x20, 0x3d, 0x20, 0x75, 0x5f, 0x66, 0x6c, 0x69, 0x70, 0x62, 0x6f, 0x6f, 0x6b, 0x50, 0x61, 0x72, //  = u_flipbookPar
	0x61, 0x6d, 0x65, 0x74, 0x65, 0x72, 0x31, 0x2e, 0x7a, 0x20, 0x2a, 0x20, 0x75, 0x5f, 0x66, 0x6c, // ameter1.z * u_fl
	0x69, 0x70, 0x62, 0x6f, 0x6f, 0x6b, 0x50, 0x61, 0x72, 0x61, 0x6d, 0x65, 0x74, 0x65, 0x72, 0x31, // ipbookParameter1
	0x2e, 0x77, 0x3b, 0x0a, 0x20, 0x20, 0x20, 0x20, 0x20, 0x20, 0x20, 0x20, 0x66, 0x6c, 0x6f, 0x61, // .w;.        floa
	0x74, 0x20, 0x5f, 0x31, 0x32, 0x39, 0x36, 0x3b, 0x0a, 0x20, 0x20, 0x20, 0x20, 0x20, 0x20, 0x20, // t _1296;.       
	0x20, 0x66, 0x6c, 0x6f, 0x61, 0x74, 0x20, 0x5f, 0x31, 0x33, 0x30, 0x39, 0x3b, 0x0a, 0x20, 0x20, //  float _1309;.  
	0x20, 0x20, 0x20, 0x20, 0x20, 0x20, 0x69, 0x66, 0x20, 0x28, 0x75, 0x5f, 0x66, 0x6c, 0x69, 0x70, //       if (u_flip
	0x62, 0x6f, 0x6f, 0x6b, 0x50, 0x61, 0x72, 0x61, 0x6d, 0x65, 0x74, 0x65, 0x72, 0x31, 0x2e, 0x79, // bookParameter1.y
	0x20, 0x3d, 0x3d, 0x20, 0x30, 0x2e, 0x30, 0x29, 0x0a, 0x20, 0x20, 0x20, 0x20, 0x20, 0x20, 0x20, //  == 0.0).       
	0x20, 0x7b, 0x0a, 0x20, 0x20, 0x20, 0x20, 0x20, 0x20, 0x20, 0x20, 0x20, 0x20, 0x20, 0x20, 0x66, //  {.            f
	0x6c, 0x6f, 0x61, 0x74, 0x20, 0x5f, 0x31, 0x32, 0x39, 0x37, 0x3b, 0x0a, 0x20, 0x20, 0x20, 0x20, // loat _1297;.    
	0x20, 0x20, 0x20, 0x20, 0x20, 0x20, 0x20, 0x20, 0x66, 0x6c, 0x6f, 0x61, 0x74, 0x20, 0x5f, 0x31, //         float _1
	0x33, 0x31, 0x30, 0x3b, 0x0a, 0x20, 0x20, 0x20, 0x20, 0x20, 0x20, 0x20, 0x20, 0x20, 0x20, 0x20, // 310;.           
	0x20, 0x69, 0x66, 0x20, 0x28, 0x5f, 0x39, 0x30, 0x36, 0x20, 0x3e, 0x3d, 0x20, 0x5f, 0x39, 0x30, //  if (_906 >= _90
	0x39, 0x29, 0x0a, 0x20, 0x20, 0x20, 0x20, 0x20, 0x20, 0x20, 0x20, 0x20, 0x20, 0x20, 0x20, 0x7b, // 9).            {
	0x0a, 0x20, 0x20, 0x20, 0x20, 0x20, 0x20, 0x20, 0x20, 0x20, 0x20, 0x20, 0x20, 0x20, 0x20, 0x20, // .               
	0x20, 0x66, 0x6c, 0x6f, 0x61, 0x74, 0x20, 0x5f, 0x39, 0x31, 0x38, 0x20, 0x3d, 0x20, 0x5f, 0x39, //  float _918 = _9
	0x30, 0x39, 0x20, 0x2d, 0x20, 0x31, 0x2e, 0x30, 0x3b, 0x0a, 0x20, 0x20, 0x20, 0x20, 0x20, 0x20, // 09 - 1.0;.      
	0x20, 0x20, 0x20, 0x20, 0x20, 0x20, 0x20, 0x20, 0x20, 0x20, 0x5f, 0x31, 0x33, 0x31, 0x30, 0x20, //           _1310 
	0x3d, 0x20, 0x5f, 0x39, 0x31, 0x38, 0x3b, 0x0a, 0x20, 0x20, 0x20, 0x20, 0x20, 0x20, 0x20, 0x20, // = _918;.        
	0x20, 0x20, 0x20, 0x20, 0x20, 0x20, 0x20, 0x20, 0x5f, 0x31, 0x32, 0x39, 0x37, 0x20, 0x3d, 0x20, //         _1297 = 
	0x5f, 0x39, 0x31, 0x38, 0x3b, 0x0a, 0x20, 0x20, 0x20, 0x20, 0x20, 0x20, 0x20, 0x20, 0x20, 0x20, // _918;.          
	0x20, 0x20, 0x7d, 0x0a, 0x20, 0x20, 0x20, 0x20, 0x20, 0x20, 0x20, 0x20, 0x20, 0x20, 0x20, 0x20, //   }.            
	0x65, 0x6c, 0x73, 0x65, 0x0a, 0x20, 0x20, 0x20, 0x20, 0x20, 0x20, 0x20, 0x20, 0x20, 0x20, 0x20, // else.           
	0x20, 0x7b, 0x0a, 0x20, 0x20, 0x20, 0x20, 0x20, 0x20, 0x20, 0x20, 0x20, 0x20, 0x20, 0x20, 0x20, //  {.             
	0x20, 0x20, 0x20, 0x5f, 0x31, 0x33, 0x31, 0x30, 0x20, 0x3d, 0x20, 0x5f, 0x39, 0x30, 0x36, 0x3b, //    _1310 = _906;
	0x0a, 0x20, 0x20, 0x20, 0x20, 0x20, 0x20, 0x20, 0x20, 0x20, 0x20, 0x20, 0x20, 0x20, 0x20, 0x20, // .               
	0x20, 0x5f, 0x31, 0x32, 0x39, 0x37, 0x20, 0x3d, 0x20, 0x5f, 0x39, 0x30, 0x33, 0x3b, 0x0a, 0x20, //  _1297 = _903;. 
	0x20, 0x20, 0x20, 0x20, 0x20, 0x20, 0x20, 0x20, 0x20, 0x20, 0x20, 0x7d, 0x0a, 0x20, 0x20, 0x20, //            }.   
	0x20, 0x20, 0x20, 0x20, 0x20, 0x20, 0x20, 0x20, 0x20, 0x5f, 0x31, 0x33, 0x30, 0x39, 0x20, 0x3d, //          _1309 =
	0x20, 0x5f, 0x31, 0x33, 0x31, 0x30, 0x3b, 0x0a, 0x20, 0x20, 0x20, 0x20, 0x20, 0x20, 0x20, 0x20, //  _1310;.        
	0x20, 0x20, 0x20, 0x20, 0x5f, 0x31, 0x32, 0x39, 0x36, 0x20, 0x3d, 0x20, 0x5f, 0x31, 0x32, 0x39, //     _1296 = _129
	0x37, 0x3b, 0x0a, 0x20, 0x20, 0x20, 0x20, 0x20, 0x20, 0x20, 0x20, 0x7d, 0x0a, 0x20, 0x20, 0x20, // 7;.        }.   
	0x20, 0x20, 0x20, 0x20, 0x20, 0x65, 0x6c, 0x73, 0x65, 0x0a, 0x20, 0x20, 0x20, 0x20, 0x20, 0x20, //      else.      
	0x20, 0x20, 0x7b, 0x0a, 0x20, 0x20, 0x20, 0x20, 0x20, 0x20, 0x20, 0x20, 0x20, 0x20, 0x20, 0x20, //   {.            
	0x66, 0x6c, 0x6f, 0x61, 0x74, 0x20, 0x5f, 0x31, 0x32, 0x39, 0x38, 0x3b, 0x0a, 0x20, 0x20, 0x20, // float _1298;.   
	0x20, 0x20, 0x20, 0x20, 0x20, 0x20, 0x20, 0x20, 0x20, 0x66, 0x6c, 0x6f, 0x61, 0x74, 0x20, 0x5f, //          float _
	0x31, 0x33, 0x31, 0x31, 0x3b, 0x0a, 0x20, 0x20, 0x20, 0x20, 0x20, 0x20, 0x20, 0x20, 0x20, 0x20, // 1311;.          
	0x20, 0x20, 0x69, 0x66, 0x20, 0x28, 0x75, 0x5f, 0x66, 0x6c, 0x69, 0x70, 0x62, 0x6f, 0x6f, 0x6b, //   if (u_flipbook
	0x50, 0x61, 0x72, 0x61, 0x6d, 0x65, 0x74, 0x65, 0x72, 0x31, 0x2e, 0x79, 0x20, 0x3d, 0x3d, 0x20, // Parameter1.y == 
	0x31, 0x2e, 0x30, 0x29, 0x0a, 0x20, 0x20, 0x20, 0x20, 0x20, 0x20, 0x20, 0x20, 0x20, 0x20, 0x20, // 1.0).           
	0x20, 0x7b, 0x0a, 0x20, 0x20, 0x20, 0x20, 0x20, 0x20, 0x20, 0x20, 0x20, 0x20, 0x20, 0x20, 0x20, //  {.             
	0x20, 0x20, 0x20, 0x5f, 0x31, 0x33, 0x31, 0x31, 0x20, 0x3d, 0x20, 0x6d, 0x6f, 0x64, 0x28, 0x5f, //    _1311 = mod(_
	0x39, 0x30, 0x36, 0x2c, 0x20, 0x5f, 0x39, 0x30, 0x39, 0x29, 0x3b, 0x0a, 0x20, 0x20, 0x20, 0x20, // 906, _909);.    
	0x20, 0x20, 0x20, 0x20, 0x20, 0x20, 0x20, 0x20, 0x20, 0x20, 0x20, 0x20, 0x5f, 0x31, 0x32, 0x39, //             _129
	0x38, 0x20, 0x3d, 0x20, 0x6d, 0x6f, 0x64, 0x28, 0x5f, 0x39, 0x30, 0x33, 0x2c, 0x20, 0x5f, 0x39, // 8 = mod(_903, _9
	0x30, 0x39, 0x29, 0x3b, 0x0a, 0x20, 0x20, 0x20, 0x20, 0x20, 0x20, 0x20, 0x20, 0x20, 0x20, 0x20, // 09);.           
	0x20, 0x7d, 0x0a, 0x20, 0x20, 0x20, 0x20, 0x20, 0x20, 0x20, 0x20, 0x20, 0x20, 0x20, 0x20, 0x65, //  }.            e
	0x6c, 0x73, 0x65, 0x0a, 0x20, 0x20, 0x20, 0x20, 0x20, 0x20, 0x20, 0x20, 0x20, 0x20, 0x20, 0x20, // lse.            
	0x7b, 0x0a, 0x20, 0x20, 0x20, 0x20, 0x20, 0x20, 0x20, 0x20, 0x20, 0x20, 0x20, 0x20, 0x20, 0x20, // {.              
	0x20, 0x20, 0x66, 0x6c, 0x6f, 0x61, 0x74, 0x20, 0x5f, 0x31, 0x32, 0x39, 0x39, 0x3b, 0x0a, 0x20, //   float _1299;. 
	0x20, 0x20, 0x20, 0x20, 0x20, 0x20, 0x20, 0x20, 0x20, 0x20, 0x20, 0x20, 0x20, 0x20, 0x20, 0x66, //                f
	0x6c, 0x6f, 0x61, 0x74, 0x20, 0x5f, 0x31, 0x33, 0x31, 0x32, 0x3b, 0x0a, 0x20, 0x20, 0x20, 0x20, // loat _1312;.    
	0x20, 0x20, 0x20, 0x20, 0x20, 0x20, 0x20, 0x20, 0x20, 0x20, 0x20, 0x20, 0x69, 0x66, 0x20, 0x28, //             if (
	0x75, 0x5f, 0x66, 0x6c, 0x69, 0x70, 0x62, 0x6f, 0x6f, 0x6b, 0x50, 0x61, 0x72, 0x61, 0x6d, 0x65, // u_flipbookParame
	0x74, 0x65, 0x72, 0x31, 0x2e, 0x79, 0x20, 0x3d, 0x3d, 0x20, 0x32, 0x2e, 0x30, 0x29, 0x0a, 0x20, // ter1.y == 2.0). 
	0x20, 0x20, 0x20, 0x20, 0x20, 0x20, 0x20, 0x20, 0x20, 0x20, 0x20, 0x20, 0x20, 0x20, 0x20, 0x7b, //                {
	0x0a, 0x20, 0x20, 0x20, 0x20, 0x20, 0x20, 0x20, 0x20, 0x20, 0x20, 0x20, 0x20, 0x20, 0x20, 0x20, // .               
	0x20, 0x20, 0x20, 0x20, 0x20, 0x66, 0x6c, 0x6f, 0x61, 0x74, 0x20, 0x5f, 0x39, 0x34, 0x34, 0x20, //      float _944 
	0x3d, 0x20, 0x6d, 0x6f, 0x64, 0x28, 0x5f, 0x39, 0x30, 0x33, 0x2c, 0x20, 0x5f, 0x39, 0x30, 0x39, // = mod(_903, _909
	0x29, 0x3b, 0x0a, 0x20, 0x20, 0x20, 0x20, 0x20, 0x20, 0x20, 0x20, 0x20, 0x20, 0x20, 0x20, 0x20, // );.             
	0x20, 0x20, 0x20, 0x20, 0x20, 0x20, 0x20, 0x66, 0x6c, 0x6f, 0x61, 0x74, 0x20, 0x5f, 0x31, 0x33, //        float _13
	0x30, 0x31, 0x3b, 0x0a, 0x20, 0x20, 0x20, 0x20, 0x20, 0x20, 0x20, 0x20, 0x20, 0x20, 0x20, 0x20, // 01;.            
	0x20, 0x20, 0x20, 0x20, 0x20, 0x20, 0x20, 0x20, 0x69, 0x66, 0x20, 0x28, 0x6d, 0x6f, 0x64, 0x28, //         if (mod(
	0x66, 0x6c, 0x6f, 0x6f, 0x72, 0x28, 0x5f, 0x39, 0x30, 0x33, 0x20, 0x2f, 0x20, 0x5f, 0x39, 0x30, // floor(_903 / _90
	0x39, 0x29, 0x2c, 0x20, 0x32, 0x2e, 0x30, 0x29, 0x20, 0x3d, 0x3d, 0x20, 0x31, 0x2e, 0x30, 0x29, // 9), 2.0) == 1.0)
	0x0a, 0x20, 0x20, 0x20, 0x20, 0x20, 0x20, 0x20, 0x20, 0x20, 0x20, 0x20, 0x20, 0x20, 0x20, 0x20, // .               
	0x20, 0x20, 0x20, 0x20, 0x20, 0x7b, 0x0a, 0x20, 0x20, 0x20, 0x20, 0x20, 0x20, 0x20, 0x20, 0x20, //      {.         
	0x20, 0x20, 0x20, 0x20, 0x20, 0x20, 0x20, 0x20, 0x20, 0x20, 0x20, 0x20, 0x20, 0x20, 0x20, 0x5f, //                _
	0x31, 0x33, 0x30, 0x31, 0x20, 0x3d, 0x20, 0x28, 0x5f, 0x39, 0x30, 0x39, 0x20, 0x2d, 0x20, 0x31, // 1301 = (_909 - 1
	0x2e, 0x30, 0x29, 0x20, 0x2d, 0x20, 0x66, 0x6c, 0x6f, 0x6f, 0x72, 0x28, 0x5f, 0x39, 0x34, 0x34, // .0) - floor(_944
	0x29, 0x3b, 0x0a, 0x20, 0x20, 0x20, 0x20, 0x20, 0x20, 0x20, 0x20, 0x20, 0x20, 0x20, 0x20, 0x20, // );.             
	0x20, 0x20, 0x20, 0x20, 0x20, 0x20, 0x20, 0x7d, 0x0a, 0x20, 0x20, 0x20, 0x20, 0x20, 0x20, 0x20, //        }.       
	0x20, 0x20, 0x20, 0x20, 0x20, 0x20, 0x20, 0x20, 0x20, 0x20, 0x20, 0x20, 0x20, 0x65, 0x6c, 0x73, //              els
	0x65, 0x0a, 0x20, 0x20, 0x20, 0x20, 0x20, 0x20, 0x20, 0x20, 0x20, 0x20, 0x20, 0x20, 0x20, 0x20, // e.              
	0x20, 0x20, 0x20, 0x20, 0x20, 0x20, 0x7b, 0x0a, 0x20, 0x20, 0x20, 0x20, 0x20, 0x20, 0x20, 0x20, //       {.        
	0x20, 0x20, 0x20, 0x20, 0x20, 0x20, 0x20, 0x20, 0x20, 0x20, 0x20, 0x20, 0x20, 0x20, 0x20, 0x20, //                 
	0x5f, 0x31, 0x33, 0x30, 0x31, 0x20, 0x3d, 0x20, 0x5f, 0x39, 0x34, 0x34, 0x3b, 0x0a, 0x20, 0x20, // _1301 = _944;.  
	0x20, 0x20, 0x20, 0x20, 0x20, 0x20, 0x20, 0x20, 0x20, 0x20, 0x20, 0x20, 0x20, 0x20, 0x20, 0x20, //                 
	0x20, 0x20, 0x7d, 0x0a, 0x20, 0x20, 0x20, 0x20, 0x20, 0x20, 0x20, 0x20, 0x20, 0x20, 0x20, 0x20, //   }.            
	0x20, 0x20, 0x20, 0x20, 0x20, 0x20, 0x20, 0x20, 0x66, 0x6c, 0x6f, 0x61, 0x74, 0x20, 0x5f, 0x39, //         float _9
	0x36, 0x31, 0x20, 0x3d, 0x20, 0x6d, 0x6f, 0x64, 0x28, 0x5f, 0x39, 0x30, 0x36, 0x2c, 0x20, 0x5f, // 61 = mod(_906, _
	0x39, 0x30, 0x39, 0x29, 0x3b, 0x0a, 0x20, 0x20, 0x20, 0x20, 0x20, 0x20, 0x20, 0x20, 0x20, 0x20, // 909);.          
	0x20, 0x20, 0x20, 0x20, 0x20, 0x20, 0x20, 0x20, 0x20, 0x20, 0x66, 0x6c, 0x6f, 0x61, 0x74, 0x20, //           float 
	0x5f, 0x31, 0x33, 0x31, 0x33, 0x3b, 0x0a, 0x20, 0x20, 0x20, 0x20, 0x20, 0x20, 0x20, 0x20, 0x20, // _1313;.         
	0x20, 0x20, 0x20, 0x20, 0x20, 0x20, 0x20, 0x20, 0x20, 0x20, 0x20, 0x69, 0x66, 0x20, 0x28, 0x6d, //            if (m
	0x6f, 0x64, 0x28, 0x66, 0x6c, 0x6f, 0x6f, 0x72, 0x28, 0x5f, 0x39, 0x30, 0x36, 0x20, 0x2f, 0x20, // od(floor(_906 / 
	0x5f, 0x39, 0x30, 0x39, 0x29, 0x2c, 0x20, 0x32, 0x2e, 0x30, 0x29, 0x20, 0x3d, 0x3d, 0x20, 0x31, // _909), 2.0) == 1
	0x2e, 0x30, 0x29, 0x0a, 0x20, 0x20, 0x20, 0x20, 0x20, 0x20, 0x20, 0x20, 0x20, 0x20, 0x20, 0x20, // .0).            
	0x20, 0x20, 0x20, 0x20, 0x20, 0x20, 0x20, 0x20, 0x7b, 0x0a, 0x20, 0x20, 0x20, 0x20, 0x20, 0x20, //         {.      
	0x20, 0x20, 0x20, 0x20, 0x20, 0x20, 0x20, 0x20, 0x20, 0x20, 0x20, 0x20, 0x20, 0x20, 0x20, 0x20, //                 
	0x20, 0x20, 0x5f, 0x31, 0x33, 0x31, 0x33, 0x20, 0x3d, 0x20, 0x28, 0x5f, 0x39, 0x30, 0x39, 0x20, //   _1313 = (_909 
	0x2d, 0x20, 0x31, 0x2e, 0x30, 0x29, 0x20, 0x2d, 0x20, 0x66, 0x6c, 0x6f, 0x6f, 0x72, 0x28, 0x5f, // - 1.0) - floor(_
	0x39, 0x36, 0x31, 0x29, 0x3b, 0x0a, 0x20, 0x20, 0x20, 0x20, 0x20, 0x20, 0x20, 0x20, 0x20, 0x20, // 961);.          
	0x20, 0x20, 0x20, 0x20, 0x20, 0x20, 0x20, 0x20, 0x20, 0x20, 0x7d, 0x0a, 0x20, 0x20, 0x20, 0x20, //           }.    
	0x20, 0x20, 0x20, 0x20, 0x20, 0x20, 0x20, 0x20, 0x20, 0x20, 0x20, 0x20, 0x20, 0x20, 0x20, 0x20, //                 
	0x65, 0x6c, 0x73, 0x65, 0x0a, 0x20, 0x20, 0x20, 0x20, 0x20, 0x20, 0x20, 0x20, 0x20, 0x20, 0x20, // else.           
	0x20, 0x20, 0x20, 0x20, 0x20, 0x20, 0x20, 0x20, 0x20, 0x7b, 0x0a, 0x20, 0x20, 0x20, 0x20, 0x20, //          {.     
	0x20, 0x20, 0x20, 0x20, 0x20, 0x20, 0x20, 0x20, 0x20, 0x20, 0x20, 0x20, 0x20, 0x20, 0x20, 0x20, //                 
	0x20, 0x20, 0x20, 0x5f, 0x31, 0x33, 0x31, 0x33, 0x20, 0x3d, 0x20, 0x5f, 0x39, 0x36, 0x31, 0x3b, //    _1313 = _961;
	0x0a, 0x20, 0x20, 0x20, 0x20, 0x20, 0x20, 0x20, 0x20, 0x20, 0x20, 0x20, 0x20, 0x20, 0x20, 0x20, // .               
	0x20, 0x20, 0x20, 0x20, 0x20, 0x7d, 0x0a, 0x20, 0x20, 0x20, 0x20, 0x20, 0x20, 0x20, 0x20, 0x20, //      }.         
	0x20, 0x20, 0x20, 0x20, 0x20, 0x20, 0x20, 0x20, 0x20, 0x20, 0x20, 0x5f, 0x31, 0x33, 0x31, 0x32, //            _1312
	0x20, 0x3d, 0x20, 0x5f, 0x31, 0x33, 0x31, 0x33, 0x3b, 0x0a, 0x20, 0x20, 0x20, 0x20, 0x20, 0x20, //  = _1313;.      
	0x20, 0x20, 0x20, 0x20, 0x20, 0x20, 0x20, 0x20, 0x20, 0x20, 0x20, 0x20, 0x20, 0x20, 0x5f, 0x31, //               _1
	0x32, 0x39, 0x39, 0x20, 0x3d, 0x20, 0x5f, 0x31, 0x33, 0x30, 0x31, 0x3b, 0x0a, 0x20, 0x20, 0x20, // 299 = _1301;.   
	0x20, 0x20, 0x20, 0x20, 0x20, 0x20, 0x20, 0x20, 0x20, 0x20, 0x20, 0x20, 0x20, 0x7d, 0x0a, 0x20, //              }. 
	0x20, 0x20, 0x20, 0x20, 0x20, 0x20, 0x20, 0x20, 0x20, 0x20, 0x20, 0x20, 0x20, 0x20, 0x20, 0x65, //                e
	0x6c, 0x73, 0x65, 0x0a, 0x20, 0x20, 0x20, 0x20, 0x20, 0x20, 0x20, 0x20, 0x20, 0x20, 0x20, 0x20, // lse.            
	0x20, 0x20, 0x20, 0x20, 0x7b, 0x0a, 0x20, 0x20, 0x20, 0x20, 0x20, 0x20, 0x20, 0x20, 0x20, 0x20, //     {.          
	0x20, 0x20, 0x20, 0x20, 0x20, 0x20, 0x20, 0x20, 0x20, 0x20, 0x5f, 0x31, 0x33, 0x31, 0x32, 0x20, //           _1312 
	0x3d, 0x20, 0x5f, 0x39, 0x30, 0x36, 0x3b, 0x0a, 0x20, 0x20, 0x20, 0x20, 0x20, 0x20, 0x20, 0x20, // = _906;.        
	0x20, 0x20, 0x20, 0x20, 0x20, 0x20, 0x20, 0x20, 0x20, 0x20, 0x20, 0x20, 0x5f, 0x31, 0x32, 0x39, //             _129
	0x39, 0x20, 0x3d, 0x20, 0x5f, 0x39, 0x30, 0x33, 0x3b, 0x0a, 0x20, 0x20, 0x20, 0x20, 0x20, 0x20, // 9 = _903;.      
	0x20, 0x20, 0x20, 0x20, 0x20, 0x20, 0x20, 0x20, 0x20, 0x20, 0x7d, 0x0a, 0x20, 0x20, 0x20, 0x20, //           }.    
	0x20, 0x20, 0x20, 0x20, 0x20, 0x20, 0x20, 0x20, 0x20, 0x20, 0x20, 0x20, 0x5f, 0x31, 0x33, 0x31, //             _131
	0x31, 0x20, 0x3d, 0x20, 0x5f, 0x31, 0x33, 0x31, 0x32, 0x3b, 0x0a, 0x20, 0x20, 0x20, 0x20, 0x20, // 1 = _1312;.     
	0x20, 0x20, 0x20, 0x20, 0x20, 0x20, 0x20, 0x20, 0x20, 0x20, 0x20, 0x5f, 0x31, 0x32, 0x39, 0x38, //            _1298
	0x20, 0x3d, 0x20, 0x5f, 0x31, 0x32, 0x39, 0x39, 0x3b, 0x0a, 0x20, 0x20, 0x20, 0x20, 0x20, 0x20, //  = _1299;.      
	0x20, 0x20, 0x20, 0x20, 0x20, 0x20, 0x7d, 0x0a, 0x20, 0x20, 0x20, 0x20, 0x20, 0x20, 0x20, 0x20, //       }.        
	0x20, 0x20, 0x20, 0x20, 0x5f, 0x31, 0x33, 0x30, 0x39, 0x20, 0x3d, 0x20, 0x5f, 0x31, 0x33, 0x31, //     _1309 = _131
	0x31, 0x3b, 0x0a, 0x20, 0x20, 0x20, 0x20, 0x20, 0x20, 0x20, 0x20, 0x20, 0x20, 0x20, 0x20, 0x5f, // 1;.            _
	0x31, 0x32, 0x39, 0x36, 0x20, 0x3d, 0x20, 0x5f, 0x31, 0x32, 0x39, 0x38, 0x3b, 0x0a, 0x20, 0x20, // 1296 = _1298;.  
	0x20, 0x20, 0x20, 0x20, 0x20, 0x20, 0x7d, 0x0a, 0x20, 0x20, 0x20, 0x20, 0x20, 0x20, 0x20, 0x20, //       }.        
	0x5f, 0x38, 0x31, 0x37, 0x2e, 0x79, 0x20, 0x3d, 0x20, 0x75, 0x5f, 0x6d, 0x55, 0x56, 0x49, 0x6e, // _817.y = u_mUVIn
	0x76, 0x65, 0x72, 0x73, 0x65, 0x64, 0x2e, 0x78, 0x20, 0x2b, 0x20, 0x28, 0x75, 0x5f, 0x6d, 0x55, // versed.x + (u_mU
	0x56, 0x49, 0x6e, 0x76, 0x65, 0x72, 0x73, 0x65, 0x64, 0x2e, 0x79, 0x20, 0x2a, 0x20, 0x5f, 0x36, // VInversed.y * _6
	0x37, 0x39, 0x29, 0x3b, 0x0a, 0x20, 0x20, 0x20, 0x20, 0x20, 0x20, 0x20, 0x20, 0x69, 0x6e, 0x74, // 79);.        int
	0x20, 0x5f, 0x31, 0x30, 0x32, 0x30, 0x20, 0x3d, 0x20, 0x69, 0x6e, 0x74, 0x28, 0x5f, 0x31, 0x32, //  _1020 = int(_12
	0x39, 0x36, 0x29, 0x3b, 0x0a, 0x20, 0x20, 0x20, 0x20, 0x20, 0x20, 0x20, 0x20, 0x69, 0x6e, 0x74, // 96);.        int
	0x20, 0x5f, 0x31, 0x30, 0x32, 0x33, 0x20, 0x3d, 0x20, 0x69, 0x6e, 0x74, 0x28, 0x75, 0x5f, 0x66, //  _1023 = int(u_f
	0x6c, 0x69, 0x70, 0x62, 0x6f, 0x6f, 0x6b, 0x50, 0x61, 0x72, 0x61, 0x6d, 0x65, 0x74, 0x65, 0x72, // lipbookParameter
	0x31, 0x2e, 0x7a, 0x29, 0x3b, 0x0a, 0x20, 0x20, 0x20, 0x20, 0x20, 0x20, 0x20, 0x20, 0x66, 0x6c, // 1.z);.        fl
	0x6f, 0x61, 0x74, 0x20, 0x5f, 0x31, 0x30, 0x32, 0x34, 0x20, 0x3d, 0x20, 0x66, 0x6c, 0x6f, 0x61, // oat _1024 = floa
	0x74, 0x28, 0x5f, 0x31, 0x30, 0x32, 0x33, 0x29, 0x3b, 0x0a, 0x20, 0x20, 0x20, 0x20, 0x20, 0x20, // t(_1023);.      
	0x20, 0x20, 0x69, 0x6e, 0x74, 0x20, 0x5f, 0x31, 0x30, 0x34, 0x36, 0x20, 0x3d, 0x20, 0x69, 0x6e, //   int _1046 = in
	0x74, 0x28, 0x5f, 0x31, 0x33, 0x30, 0x39, 0x29, 0x3b, 0x0a, 0x20, 0x20, 0x20, 0x20, 0x20, 0x20, // t(_1309);.      
	0x20, 0x20, 0x76, 0x65, 0x63, 0x32, 0x20, 0x5f, 0x31, 0x30, 0x36, 0x36, 0x20, 0x3d, 0x20, 0x28, //   vec2 _1066 = (
	0x28, 0x5f, 0x38, 0x31, 0x37, 0x20, 0x2d, 0x20, 0x28, 0x28, 0x76, 0x65, 0x63, 0x32, 0x28, 0x6d, // (_817 - ((vec2(m
	0x6f, 0x64, 0x28, 0x66, 0x6c, 0x6f, 0x61, 0x74, 0x28, 0x5f, 0x31, 0x30, 0x32, 0x30, 0x29, 0x2c, // od(float(_1020),
	0x20, 0x5f, 0x31, 0x30, 0x32, 0x34, 0x29, 0x2c, 0x20, 0x66, 0x6c, 0x6f, 0x61, 0x74, 0x28, 0x5f, //  _1024), float(_
	0x31, 0x30, 0x32, 0x30, 0x20, 0x2f, 0x20, 0x5f, 0x31, 0x30, 0x32, 0x33, 0x29, 0x29, 0x20, 0x2a, // 1020 / _1023)) *
	0x20, 0x75, 0x5f, 0x66, 0x6c, 0x69, 0x70, 0x62, 0x6f, 0x6f, 0x6b, 0x50, 0x61, 0x72, 0x61, 0x6d, //  u_flipbookParam
	0x65, 0x74, 0x65, 0x72, 0x32, 0x2e, 0x78, 0x79, 0x29, 0x20, 0x2b, 0x20, 0x75, 0x5f, 0x66, 0x6c, // eter2.xy) + u_fl
	0x69, 0x70, 0x62, 0x6f, 0x6f, 0x6b, 0x50, 0x61, 0x72, 0x61, 0x6d, 0x65, 0x74, 0x65, 0x72, 0x32, // ipbookParameter2
	0x2e, 0x7a, 0x77, 0x29, 0x29, 0x20, 0x2b, 0x20, 0x28, 0x76, 0x65, 0x63, 0x32, 0x28, 0x6d, 0x6f, // .zw)) + (vec2(mo
	0x64, 0x28, 0x66, 0x6c, 0x6f, 0x61, 0x74, 0x28, 0x5f, 0x31, 0x30, 0x34, 0x36, 0x29, 0x2c, 0x20, // d(float(_1046), 
	0x5f, 0x31, 0x30, 0x32, 0x34, 0x29, 0x2c, 0x20, 0x66, 0x6c, 0x6f, 0x61, 0x74, 0x28, 0x5f, 0x31, // _1024), float(_1
	0x30, 0x34, 0x36, 0x20, 0x2f, 0x20, 0x5f, 0x31, 0x30, 0x32, 0x33, 0x29, 0x29, 0x20, 0x2a, 0x20, // 046 / _1023)) * 
	0x75, 0x5f, 0x66, 0x6c, 0x69, 0x70, 0x62, 0x6f, 0x6f, 0x6b, 0x50, 0x61, 0x72, 0x61, 0x6d, 0x65, // u_flipbookParame
	0x74, 0x65, 0x72, 0x32, 0x2e, 0x78, 0x79, 0x29, 0x29, 0x20, 0x2b, 0x20, 0x75, 0x5f, 0x66, 0x6c, // ter2.xy)) + u_fl
	0x69, 0x70, 0x62, 0x6f, 0x6f, 0x6b, 0x50, 0x61, 0x72, 0x61, 0x6d, 0x65, 0x74, 0x65, 0x72, 0x32, // ipbookParameter2
	0x2e, 0x7a, 0x77, 0x3b, 0x0a, 0x20, 0x20, 0x20, 0x20, 0x20, 0x20, 0x20, 0x20, 0x5f, 0x31, 0x30, // .zw;.        _10
	0x36, 0x36, 0x2e, 0x79, 0x20, 0x3d, 0x20, 0x75, 0x5f, 0x6d, 0x55, 0x56, 0x49, 0x6e, 0x76, 0x65, // 66.y = u_mUVInve
	0x72, 0x73, 0x65, 0x64, 0x2e, 0x78, 0x20, 0x2b, 0x20, 0x28, 0x75, 0x5f, 0x6d, 0x55, 0x56, 0x49, // rsed.x + (u_mUVI
	0x6e, 0x76, 0x65, 0x72, 0x73, 0x65, 0x64, 0x2e, 0x79, 0x20, 0x2a, 0x20, 0x5f, 0x31, 0x30, 0x36, // nversed.y * _106
	0x36, 0x2e, 0x79, 0x29, 0x3b, 0x0a, 0x20, 0x20, 0x20, 0x20, 0x20, 0x20, 0x20, 0x20, 0x5f, 0x31, // 6.y);.        _1
	0x33, 0x32, 0x37, 0x20, 0x3d, 0x20, 0x5f, 0x31, 0x30, 0x36, 0x36, 0x3b, 0x0a, 0x20, 0x20, 0x20, // 327 = _1066;.   
	0x20, 0x20, 0x20, 0x20, 0x20, 0x5f, 0x31, 0x33, 0x32, 0x30, 0x20, 0x3d, 0x20, 0x66, 0x72, 0x61, //      _1320 = fra
	0x63, 0x74, 0x28, 0x61, 0x5f, 0x74, 0x65, 0x78, 0x63, 0x6f, 0x6f, 0x72, 0x64, 0x35, 0x29, 0x3b, // ct(a_texcoord5);
	0x0a, 0x20, 0x20, 0x20, 0x20, 0x7d, 0x0a, 0x20, 0x20, 0x20, 0x20, 0x65, 0x6c, 0x73, 0x65, 0x0a, // .    }.    else.
	0x20, 0x20, 0x20, 0x20, 0x7b, 0x0a, 0x20, 0x20, 0x20, 0x20, 0x20, 0x20, 0x20, 0x20, 0x5f, 0x31, //     {.        _1
	0x33, 0x32, 0x37, 0x20, 0x3d, 0x20, 0x76, 0x65, 0x63, 0x32, 0x28, 0x30, 0x2e, 0x30, 0x29, 0x3b, // 327 = vec2(0.0);
	0x0a, 0x20, 0x20, 0x20, 0x20, 0x20, 0x20, 0x20, 0x20, 0x5f, 0x31, 0x33, 0x32, 0x30, 0x20, 0x3d, // .        _1320 =
	0x20, 0x30, 0x2e, 0x30, 0x3b, 0x0a, 0x20, 0x20, 0x20, 0x20, 0x7d, 0x0a, 0x20, 0x20, 0x20, 0x20, //  0.0;.    }.    
	0x67, 0x6c, 0x5f, 0x50, 0x6f, 0x73, 0x69, 0x74, 0x69, 0x6f, 0x6e, 0x20, 0x3d, 0x20, 0x5f, 0x36, // gl_Position = _6
	0x39, 0x36, 0x3b, 0x0a, 0x20, 0x20, 0x20, 0x20, 0x76, 0x5f, 0x55, 0x56, 0x5f, 0x4f, 0x74, 0x68, // 96;.    v_UV_Oth
	0x65, 0x72, 0x73, 0x20, 0x3d, 0x20, 0x76, 0x65, 0x63, 0x34, 0x28, 0x61, 0x5f, 0x74, 0x65, 0x78, // ers = vec4(a_tex
	0x63, 0x6f, 0x6f, 0x72, 0x64, 0x30, 0x2e, 0x78, 0x2c, 0x20, 0x5f, 0x36, 0x37, 0x39, 0x2c, 0x20, // coord0.x, _679, 
	0x5f, 0x31, 0x33, 0x32, 0x30, 0x2c, 0x20, 0x61, 0x5f, 0x74, 0x65, 0x78, 0x63, 0x6f, 0x6f, 0x72, // _1320, a_texcoor
	0x64, 0x36, 0x29, 0x3b, 0x0a, 0x20, 0x20, 0x20, 0x20, 0x76, 0x5f, 0x50, 0x72, 0x6f, 0x6a, 0x42, // d6);.    v_ProjB
	0x69, 0x6e, 0x6f, 0x72, 0x6d, 0x61, 0x6c, 0x20, 0x3d, 0x20, 0x75, 0x5f, 0x6d, 0x43, 0x61, 0x6d, // inormal = u_mCam
	0x65, 0x72, 0x61, 0x50, 0x72, 0x6f, 0x6a, 0x20, 0x2a, 0x20, 0x28, 0x5f, 0x36, 0x39, 0x33, 0x20, // eraProj * (_693 
	0x2b, 0x20, 0x76, 0x65, 0x63, 0x34, 0x28, 0x63, 0x72, 0x6f, 0x73, 0x73, 0x28, 0x76, 0x65, 0x63, // + vec4(cross(vec
	0x34, 0x28, 0x28, 0x61, 0x5f, 0x6e, 0x6f, 0x72, 0x6d, 0x61, 0x6c, 0x2e, 0x78, 0x79, 0x7a, 0x20, // 4((a_normal.xyz 
	0x2d, 0x20, 0x76, 0x65, 0x63, 0x33, 0x28, 0x30, 0x2e, 0x35, 0x29, 0x29, 0x20, 0x2a, 0x20, 0x32, // - vec3(0.5)) * 2
	0x2e, 0x30, 0x2c, 0x20, 0x30, 0x2e, 0x30, 0x29, 0x2e, 0x78, 0x79, 0x7a, 0x2c, 0x20, 0x5f, 0x36, // .0, 0.0).xyz, _6
	0x36, 0x30, 0x2e, 0x78, 0x79, 0x7a, 0x29, 0x2c, 0x20, 0x30, 0x2e, 0x30, 0x29, 0x29, 0x3b, 0x0a, // 60.xyz), 0.0));.
	0x20, 0x20, 0x20, 0x20, 0x76, 0x5f, 0x50, 0x72, 0x6f, 0x6a, 0x54, 0x61, 0x6e, 0x67, 0x65, 0x6e, //     v_ProjTangen
	0x74, 0x20, 0x3d, 0x20, 0x75, 0x5f, 0x6d, 0x43, 0x61, 0x6d, 0x65, 0x72, 0x61, 0x50, 0x72, 0x6f, // t = u_mCameraPro
	0x6a, 0x20, 0x2a, 0x20, 0x28, 0x5f, 0x36, 0x39, 0x33, 0x20, 0x2b, 0x20, 0x5f, 0x36, 0x36, 0x30, // j * (_693 + _660
	0x29, 0x3b, 0x0a, 0x20, 0x20, 0x20, 0x20, 0x76, 0x5f, 0x50, 0x6f, 0x73, 0x50, 0x20, 0x3d, 0x20, // );.    v_PosP = 
	0x5f, 0x36, 0x39, 0x36, 0x3b, 0x0a, 0x20, 0x20, 0x20, 0x20, 0x76, 0x5f, 0x43, 0x6f, 0x6c, 0x6f, // _696;.    v_Colo
	0x72, 0x20, 0x3d, 0x20, 0x61, 0x5f, 0x63, 0x6f, 0x6c, 0x6f, 0x72, 0x30, 0x3b, 0x0a, 0x20, 0x20, // r = a_color0;.  
	0x20, 0x20, 0x76, 0x5f, 0x41, 0x6c, 0x70, 0x68, 0x61, 0x5f, 0x44, 0x69, 0x73, 0x74, 0x5f, 0x55, //   v_Alpha_Dist_U
	0x56, 0x20, 0x3d, 0x20, 0x5f, 0x31, 0x32, 0x34, 0x34, 0x3b, 0x0a, 0x20, 0x20, 0x20, 0x20, 0x76, // V = _1244;.    v
	0x5f, 0x42, 0x6c, 0x65, 0x6e, 0x64, 0x5f, 0x41, 0x6c, 0x70, 0x68, 0x61, 0x5f, 0x44, 0x69, 0x73, // _Blend_Alpha_Dis
	0x74, 0x5f, 0x55, 0x56, 0x20, 0x3d, 0x20, 0x5f, 0x31, 0x32, 0x35, 0x39, 0x3b, 0x0a, 0x20, 0x20, // t_UV = _1259;.  
	0x20, 0x20, 0x76, 0x5f, 0x42, 0x6c, 0x65, 0x6e, 0x64, 0x5f, 0x46, 0x42, 0x4e, 0x65, 0x78, 0x74, //   v_Blend_FBNext
	0x49, 0x6e, 0x64, 0x65, 0x78, 0x5f, 0x55, 0x56, 0x20, 0x3d, 0x20, 0x76, 0x65, 0x63, 0x34, 0x28, // Index_UV = vec4(
	0x61, 0x5f, 0x74, 0x65, 0x78, 0x63, 0x6f, 0x6f, 0x72, 0x64, 0x33, 0x2e, 0x78, 0x2c, 0x20, 0x75, // a_texcoord3.x, u
	0x5f, 0x6d, 0x55, 0x56, 0x49, 0x6e, 0x76, 0x65, 0x72, 0x73, 0x65, 0x64, 0x2e, 0x78, 0x20, 0x2b, // _mUVInversed.x +
	0x20, 0x28, 0x75, 0x5f, 0x6d, 0x55, 0x56, 0x49, 0x6e, 0x76, 0x65, 0x72, 0x73, 0x65, 0x64, 0x2e, //  (u_mUVInversed.
	0x79, 0x20, 0x2a, 0x20, 0x61, 0x5f, 0x74, 0x65, 0x78, 0x63, 0x6f, 0x6f, 0x72, 0x64, 0x33, 0x2e, // y * a_texcoord3.
	0x79, 0x29, 0x2c, 0x20, 0x5f, 0x31, 0x33, 0x32, 0x37, 0x29, 0x3b, 0x0a, 0x7d, 0x0a, 0x0a, 0x00, // y), _1327);.}...
};
static const uint8_t ad_sprite_distortion_vs_glsl[4816] =
{
	0x56, 0x53, 0x48, 0x0c, 0x00, 0x00, 0x00, 0x00, 0x0d, 0x11, 0x5f, 0xc2, 0x00, 0x00, 0x00, 0x00, // VSH......._.....
	0x00, 0x00, 0x00, 0x00, 0x04, 0x00, 0x0d, 0x75, 0x5f, 0x6d, 0x55, 0x56, 0x49, 0x6e, 0x76, 0x65, // .......u_mUVInve
	0x72, 0x73, 0x65, 0x64, 0x02, 0x01, 0x00, 0x00, 0x01, 0x00, 0x00, 0x00, 0x00, 0x00, 0x14, 0x75, // rsed...........u
	0x5f, 0x66, 0x6c, 0x69, 0x70, 0x62, 0x6f, 0x6f, 0x6b, 0x50, 0x61, 0x72, 0x61, 0x6d, 0x65, 0x74, // _flipbookParamet
	0x65, 0x72, 0x31, 0x02, 0x01, 0x00, 0x00, 0x01, 0x00, 0x00, 0x00, 0x00, 0x00, 0x14, 0x75, 0x5f, // er1...........u_
	0x66, 0x6c, 0x69, 0x70, 0x62, 0x6f, 0x6f, 0x6b, 0x50, 0x61, 0x72, 0x61, 0x6d, 0x65, 0x74, 0x65, // flipbookParamete
	0x72, 0x32, 0x02, 0x01, 0x00, 0x00, 0x01, 0x00, 0x00, 0x00, 0x00, 0x00, 0x0d, 0x75, 0x5f, 0x6d, // r2...........u_m
	0x43, 0x61, 0x6d, 0x65, 0x72, 0x61, 0x50, 0x72, 0x6f, 0x6a, 0x04, 0x01, 0x00, 0x00, 0x04, 0x00, // CameraProj......
	0x00, 0x00, 0x00, 0x00, 0x47, 0x12, 0x00, 0x00, 0x0a, 0x76, 0x65, 0x63, 0x34, 0x20, 0x5f, 0x31, // ....G....vec4 _1
	0x33, 0x34, 0x38, 0x3b, 0x0a, 0x0a, 0x75, 0x6e, 0x69, 0x66, 0x6f, 0x72, 0x6d, 0x20, 0x76, 0x65, // 348;..uniform ve
	0x63, 0x34, 0x20, 0x75, 0x5f, 0x6d, 0x55, 0x56, 0x49, 0x6e, 0x76, 0x65, 0x72, 0x73, 0x65, 0x64, // c4 u_mUVInversed
	0x3b, 0x0a, 0x75, 0x6e, 0x69, 0x66, 0x6f, 0x72, 0x6d, 0x20, 0x76, 0x65, 0x63, 0x34, 0x20, 0x75, // ;.uniform vec4 u
	0x5f, 0x66, 0x6c, 0x69, 0x70, 0x62, 0x6f, 0x6f, 0x6b, 0x50, 0x61, 0x72, 0x61, 0x6d, 0x65, 0x74, // _flipbookParamet
	0x65, 0x72, 0x31, 0x3b, 0x0a, 0x75, 0x6e, 0x69, 0x66, 0x6f, 0x72, 0x6d, 0x20, 0x76, 0x65, 0x63, // er1;.uniform vec
	0x34, 0x20, 0x75, 0x5f, 0x66, 0x6c, 0x69, 0x70, 0x62, 0x6f, 0x6f, 0x6b, 0x50, 0x61, 0x72, 0x61, // 4 u_flipbookPara
	0x6d, 0x65, 0x74, 0x65, 0x72, 0x32, 0x3b, 0x0a, 0x75, 0x6e, 0x69, 0x66, 0x6f, 0x72, 0x6d, 0x20, // meter2;.uniform 
	0x6d, 0x61, 0x74, 0x34, 0x20, 0x75, 0x5f, 0x6d, 0x43, 0x61, 0x6d, 0x65, 0x72, 0x61, 0x50, 0x72, // mat4 u_mCameraPr
	0x6f, 0x6a, 0x3b, 0x0a, 0x0a, 0x6c, 0x61, 0x79, 0x6f, 0x75, 0x74, 0x28, 0x6c, 0x6f, 0x63, 0x61, // oj;..layout(loca
	0x74, 0x69, 0x6f, 0x6e, 0x20, 0x3d, 0x20, 0x32, 0x29, 0x20, 0x69, 0x6e, 0x20, 0x76, 0x65, 0x63, // tion = 2) in vec
	0x33, 0x20, 0x61, 0x5f, 0x70, 0x6f, 0x73, 0x69, 0x74, 0x69, 0x6f, 0x6e, 0x3b, 0x0a, 0x6c, 0x61, // 3 a_position;.la
	0x79, 0x6f, 0x75, 0x74, 0x28, 0x6c, 0x6f, 0x63, 0x61, 0x74, 0x69, 0x6f, 0x6e, 0x20, 0x3d, 0x20, // yout(location = 
	0x30, 0x29, 0x20, 0x69, 0x6e, 0x20, 0x76, 0x65, 0x63, 0x34, 0x20, 0x61, 0x5f, 0x63, 0x6f, 0x6c, // 0) in vec4 a_col
	0x6f, 0x72, 0x30, 0x3b, 0x0a, 0x6c, 0x61, 0x79, 0x6f, 0x75, 0x74, 0x28, 0x6c, 0x6f, 0x63, 0x61, // or0;.layout(loca
	0x74, 0x69, 0x6f, 0x6e, 0x20, 0x3d, 0x20, 0x31, 0x29, 0x20, 0x69, 0x6e, 0x20, 0x76, 0x65, 0x63, // tion = 1) in vec
	0x34, 0x20, 0x61, 0x5f, 0x6e, 0x6f, 0x72, 0x6d, 0x61, 0x6c, 0x3b, 0x0a, 0x6c, 0x61, 0x79, 0x6f, // 4 a_normal;.layo
	0x75, 0x74, 0x28, 0x6c, 0x6f, 0x63, 0x61, 0x74, 0x69, 0x6f, 0x6e, 0x20, 0x3d, 0x20, 0x33, 0x29, // ut(location = 3)
	0x20, 0x69, 0x6e, 0x20, 0x76, 0x65, 0x63, 0x34, 0x20, 0x61, 0x5f, 0x74, 0x61, 0x6e, 0x67, 0x65, //  in vec4 a_tange
	0x6e, 0x74, 0x3b, 0x0a, 0x6c, 0x61, 0x79, 0x6f, 0x75, 0x74, 0x28, 0x6c, 0x6f, 0x63, 0x61, 0x74, // nt;.layout(locat
	0x69, 0x6f, 0x6e, 0x20, 0x3d, 0x20, 0x34, 0x29, 0x20, 0x69, 0x6e, 0x20, 0x76, 0x65, 0x63, 0x32, // ion = 4) in vec2
	0x20, 0x61, 0x5f, 0x74, 0x65, 0x78, 0x63, 0x6f, 0x6f, 0x72, 0x64, 0x30, 0x3b, 0x0a, 0x6c, 0x61, //  a_texcoord0;.la
	0x79, 0x6f, 0x75, 0x74, 0x28, 0x6c, 0x6f, 0x63, 0x61, 0x74, 0x69, 0x6f, 0x6e, 0x20, 0x3d, 0x20, // yout(location = 
	0x36, 0x29, 0x20, 0x69, 0x6e, 0x20, 0x76, 0x65, 0x63, 0x34, 0x20, 0x61, 0x5f, 0x74, 0x65, 0x78, // 6) in vec4 a_tex
	0x63, 0x6f, 0x6f, 0x72, 0x64, 0x32, 0x3b, 0x0a, 0x6c, 0x61, 0x79, 0x6f, 0x75, 0x74, 0x28, 0x6c, // coord2;.layout(l
	0x6f, 0x63, 0x61, 0x74, 0x69, 0x6f, 0x6e, 0x20, 0x3d, 0x20, 0x37, 0x29, 0x20, 0x69, 0x6e, 0x20, // ocation = 7) in 
	0x76, 0x65, 0x63, 0x32, 0x20, 0x61, 0x5f, 0x74, 0x65, 0x78, 0x63, 0x6f, 0x6f, 0x72, 0x64, 0x33, // vec2 a_texcoord3
	0x3b, 0x0a, 0x6c, 0x61, 0x79, 0x6f, 0x75, 0x74, 0x28, 0x6c, 0x6f, 0x63, 0x61, 0x74, 0x69, 0x6f, // ;.layout(locatio
	0x6e, 0x20, 0x3d, 0x20, 0x38, 0x29, 0x20, 0x69, 0x6e, 0x20, 0x76, 0x65, 0x63, 0x34, 0x20, 0x61, // n = 8) in vec4 a
	0x5f, 0x74, 0x65, 0x78, 0x63, 0x6f, 0x6f, 0x72, 0x64, 0x34, 0x3b, 0x0a, 0x6c, 0x61, 0x79, 0x6f, // _texcoord4;.layo
	0x75, 0x74, 0x28, 0x6c, 0x6f, 0x63, 0x61, 0x74, 0x69, 0x6f, 0x6e, 0x20, 0x3d, 0x20, 0x39, 0x29, // ut(location = 9)
	0x20, 0x69, 0x6e, 0x20, 0x66, 0x6c, 0x6f, 0x61, 0x74, 0x20, 0x61, 0x5f, 0x74, 0x65, 0x78, 0x63, //  in float a_texc
	0x6f, 0x6f, 0x72, 0x64, 0x35, 0x3b, 0x0a, 0x6c, 0x61, 0x79, 0x6f, 0x75, 0x74, 0x28, 0x6c, 0x6f, // oord5;.layout(lo
	0x63, 0x61, 0x74, 0x69, 0x6f, 0x6e, 0x20, 0x3d, 0x20, 0x31, 0x30, 0x29, 0x20, 0x69, 0x6e, 0x20, // cation = 10) in 
	0x66, 0x6c, 0x6f, 0x61, 0x74, 0x20, 0x61, 0x5f, 0x74, 0x65, 0x78, 0x63, 0x6f, 0x6f, 0x72, 0x64, // float a_texcoord
	0x36, 0x3b, 0x0a, 0x6f, 0x75, 0x74, 0x20, 0x76, 0x65, 0x63, 0x34, 0x20, 0x76, 0x5f, 0x55, 0x56, // 6;.out vec4 v_UV
	0x5f, 0x4f, 0x74, 0x68, 0x65, 0x72, 0x73, 0x3b, 0x0a, 0x6f, 0x75, 0x74, 0x20, 0x76, 0x65, 0x63, // _Others;.out vec
	0x34, 0x20, 0x76, 0x5f, 0x50, 0x72, 0x6f, 0x6a, 0x42, 0x69, 0x6e, 0x6f, 0x72, 0x6d, 0x61, 0x6c, // 4 v_ProjBinormal
	0x3b, 0x0a, 0x6f, 0x75, 0x74, 0x20, 0x76, 0x65, 0x63, 0x34, 0x20, 0x76, 0x5f, 0x50, 0x72, 0x6f, // ;.out vec4 v_Pro
	0x6a, 0x54, 0x61, 0x6e, 0x67, 0x65, 0x6e, 0x74, 0x3b, 0x0a, 0x6f, 0x75, 0x74, 0x20, 0x76, 0x65, // jTangent;.out ve
	0x63, 0x34, 0x20, 0x76, 0x5f, 0x50, 0x6f, 0x73, 0x50, 0x3b, 0x0a, 0x6f, 0x75, 0x74, 0x20, 0x76, // c4 v_PosP;.out v
	0x65, 0x63, 0x34, 0x20, 0x76, 0x5f, 0x43, 0x6f, 0x6c, 0x6f, 0x72, 0x3b, 0x0a, 0x6f, 0x75, 0x74, // ec4 v_Color;.out
	0x20, 0x76, 0x65, 0x63, 0x34, 0x20, 0x76, 0x5f, 0x41, 0x6c, 0x70, 0x68, 0x61, 0x5f, 0x44, 0x69, //  vec4 v_Alpha_Di
	0x73, 0x74, 0x5f, 0x55, 0x56, 0x3b, 0x0a, 0x6f, 0x75, 0x74, 0x20, 0x76, 0x65, 0x63, 0x34, 0x20, // st_UV;.out vec4 
	0x76, 0x5f, 0x42, 0x6c, 0x65, 0x6e, 0x64, 0x5f, 0x41, 0x6c, 0x70, 0x68, 0x61, 0x5f, 0x44, 0x69, // v_Blend_Alpha_Di
	0x73, 0x74, 0x5f, 0x55, 0x56, 0x3b, 0x0a, 0x6f, 0x75, 0x74, 0x20, 0x76, 0x65, 0x63, 0x34, 0x20, // st_UV;.out vec4 
	0x76, 0x5f, 0x42, 0x6c, 0x65, 0x6e, 0x64, 0x5f, 0x46, 0x42, 0x4e, 0x65, 0x78, 0x74, 0x49, 0x6e, // v_Blend_FBNextIn
	0x64, 0x65, 0x78, 0x5f, 0x55, 0x56, 0x3b, 0x0a, 0x0a, 0x76, 0x6f, 0x69, 0x64, 0x20, 0x6d, 0x61, // dex_UV;..void ma
	0x69, 0x6e, 0x28, 0x29, 0x0a, 0x7b, 0x0a, 0x20, 0x20, 0x20, 0x20, 0x76, 0x65, 0x63, 0x34, 0x20, // in().{.    vec4 
	0x5f, 0x35, 0x35, 0x34, 0x20, 0x3d, 0x20, 0x61, 0x5f, 0x74, 0x65, 0x78, 0x63, 0x6f, 0x6f, 0x72, // _554 = a_texcoor
	0x64, 0x32, 0x3b, 0x0a, 0x20, 0x20, 0x20, 0x20, 0x76, 0x65, 0x63, 0x34, 0x20, 0x5f, 0x35, 0x36, // d2;.    vec4 _56
	0x30, 0x20, 0x3d, 0x20, 0x61, 0x5f, 0x74, 0x65, 0x78, 0x63, 0x6f, 0x6f, 0x72, 0x64, 0x34, 0x3b, // 0 = a_texcoord4;
	0x0a, 0x20, 0x20, 0x20, 0x20, 0x76, 0x65, 0x63, 0x34, 0x20, 0x5f, 0x36, 0x36, 0x30, 0x20, 0x3d, // .    vec4 _660 =
	0x20, 0x76, 0x65, 0x63, 0x34, 0x28, 0x28, 0x61, 0x5f, 0x74, 0x61, 0x6e, 0x67, 0x65, 0x6e, 0x74, //  vec4((a_tangent
	0x2e, 0x78, 0x79, 0x7a, 0x20, 0x2d, 0x20, 0x76, 0x65, 0x63, 0x33, 0x28, 0x30, 0x2e, 0x35, 0x29, // .xyz - vec3(0.5)
	0x29, 0x20, 0x2a, 0x20, 0x32, 0x2e, 0x30, 0x2c, 0x20, 0x30, 0x2e, 0x30, 0x29, 0x3b, 0x0a, 0x20, // ) * 2.0, 0.0);. 
	0x20, 0x20, 0x20, 0x66, 0x6c, 0x6f, 0x61, 0x74, 0x20, 0x5f, 0x36, 0x37, 0x39, 0x20, 0x3d, 0x20, //    float _679 = 
	0x75, 0x5f, 0x6d, 0x55, 0x56, 0x49, 0x6e, 0x76, 0x65, 0x72, 0x73, 0x65, 0x64, 0x2e, 0x78, 0x20, // u_mUVInversed.x 
	0x2b, 0x20, 0x28, 0x75, 0x5f, 0x6d, 0x55, 0x56, 0x49, 0x6e, 0x76, 0x65, 0x72, 0x73, 0x65, 0x64, // + (u_mUVInversed
	0x2e, 0x79, 0x20, 0x2a, 0x20, 0x61, 0x5f, 0x74, 0x65, 0x78, 0x63, 0x6f, 0x6f, 0x72, 0x64, 0x30, // .y * a_texcoord0
	0x2e, 0x79, 0x29, 0x3b, 0x0a, 0x20, 0x20, 0x20, 0x20, 0x76, 0x65, 0x63, 0x34, 0x20, 0x5f, 0x31, // .y);.    vec4 _1
	0x32, 0x33, 0x35, 0x3b, 0x0a, 0x20, 0x20, 0x20, 0x20, 0x5f, 0x31, 0x32, 0x33, 0x35, 0x2e, 0x78, // 235;.    _1235.x
	0x20, 0x3d, 0x20, 0x61, 0x5f, 0x74, 0x65, 0x78, 0x63, 0x6f, 0x6f, 0x72, 0x64, 0x30, 0x2e, 0x78, //  = a_texcoord0.x
	0x3b, 0x0a, 0x20, 0x20, 0x20, 0x20, 0x76, 0x65, 0x63, 0x34, 0x20, 0x5f, 0x36, 0x39, 0x33, 0x20, // ;.    vec4 _693 
	0x3d, 0x20, 0x76, 0x65, 0x63, 0x34, 0x28, 0x61, 0x5f, 0x70, 0x6f, 0x73, 0x69, 0x74, 0x69, 0x6f, // = vec4(a_positio
	0x6e, 0x2c, 0x20, 0x31, 0x2e, 0x30, 0x29, 0x3b, 0x0a, 0x20, 0x20, 0x20, 0x20, 0x76, 0x65, 0x63, // n, 1.0);.    vec
	0x34, 0x20, 0x5f, 0x36, 0x39, 0x36, 0x20, 0x3d, 0x20, 0x75, 0x5f, 0x6d, 0x43, 0x61, 0x6d, 0x65, // 4 _696 = u_mCame
	0x72, 0x61, 0x50, 0x72, 0x6f, 0x6a, 0x20, 0x2a, 0x20, 0x5f, 0x36, 0x39, 0x33, 0x3b, 0x0a, 0x20, // raProj * _693;. 
	0x20, 0x20, 0x20, 0x76, 0x65, 0x63, 0x34, 0x20, 0x5f, 0x31, 0x32, 0x34, 0x34, 0x20, 0x3d, 0x20, //    vec4 _1244 = 
	0x5f, 0x35, 0x35, 0x34, 0x3b, 0x0a, 0x20, 0x20, 0x20, 0x20, 0x5f, 0x31, 0x32, 0x34, 0x34, 0x2e, // _554;.    _1244.
	0x79, 0x20, 0x3d, 0x20, 0x75, 0x5f, 0x6d, 0x55, 0x56, 0x49, 0x6e, 0x76, 0x65, 0x72, 0x73, 0x65, // y = u_mUVInverse
	0x64, 0x2e, 0x78, 0x20, 0x2b, 0x20, 0x28, 0x75, 0x5f, 0x6d, 0x55, 0x56, 0x49, 0x6e, 0x76, 0x65, // d.x + (u_mUVInve
	0x72, 0x73, 0x65, 0x64, 0x2e, 0x79, 0x20, 0x2a, 0x20, 0x5f, 0x35, 0x35, 0x34, 0x2e, 0x79, 0x29, // rsed.y * _554.y)
	0x3b, 0x0a, 0x20, 0x20, 0x20, 0x20, 0x5f, 0x31, 0x32, 0x34, 0x34, 0x2e, 0x77, 0x20, 0x3d, 0x20, // ;.    _1244.w = 
	0x75, 0x5f, 0x6d, 0x55, 0x56, 0x49, 0x6e, 0x76, 0x65, 0x72, 0x73, 0x65, 0x64, 0x2e, 0x78, 0x20, // u_mUVInversed.x 
	0x2b, 0x20, 0x28, 0x75, 0x5f, 0x6d, 0x55, 0x56, 0x49, 0x6e, 0x76, 0x65, 0x72, 0x73, 0x65, 0x64, // + (u_mUVInversed
	0x2e, 0x79, 0x20, 0x2a, 0x20, 0x5f, 0x35, 0x35, 0x34, 0x2e, 0x77, 0x29, 0x3b, 0x0a, 0x20, 0x20, // .y * _554.w);.  
	0x20, 0x20, 0x76, 0x65, 0x63, 0x34, 0x20, 0x5f, 0x31, 0x32, 0x35, 0x39, 0x20, 0x3d, 0x20, 0x5f, //   vec4 _1259 = _
	0x35, 0x36, 0x30, 0x3b, 0x0a, 0x20, 0x20, 0x20, 0x20, 0x5f, 0x31, 0x32, 0x35, 0x39, 0x2e, 0x79, // 560;.    _1259.y
	0x20, 0x3d, 0x20, 0x75, 0x5f, 0x6d, 0x55, 0x56, 0x49, 0x6e, 0x76, 0x65, 0x72, 0x73, 0x65, 0x64, //  = u_mUVInversed
	0x2e, 0x78, 0x20, 0x2b, 0x20, 0x28, 0x75, 0x5f, 0x6d, 0x55, 0x56, 0x49, 0x6e, 0x76, 0x65, 0x72, // .x + (u_mUVInver
	0x73, 0x65, 0x64, 0x2e, 0x79, 0x20, 0x2a, 0x20, 0x5f, 0x35, 0x36, 0x30, 0x2e, 0x79, 0x29, 0x3b, // sed.y * _560.y);
	0x0a, 0x20, 0x20, 0x20, 0x20, 0x5f, 0x31, 0x32, 0x35, 0x39, 0x2e, 0x77, 0x20, 0x3d, 0x20, 0x75, // .    _1259.w = u
	0x5f, 0x6d, 0x55, 0x56, 0x49, 0x6e, 0x76, 0x65, 0x72, 0x73, 0x65, 0x64, 0x2e, 0x78, 0x20, 0x2b, // _mUVInversed.x +
	0x20, 0x28, 0x75, 0x5f, 0x6d, 0x55, 0x56, 0x49, 0x6e, 0x76, 0x65, 0x72, 0x73, 0x65, 0x64, 0x2e, //  (u_mUVInversed.
	0x79, 0x20, 0x2a, 0x20, 0x5f, 0x35, 0x36, 0x30, 0x2e, 0x77, 0x29, 0x3b, 0x0a, 0x20, 0x20, 0x20, // y * _560.w);.   
	0x20, 0x76, 0x65, 0x63, 0x32, 0x20, 0x5f, 0x38, 0x31, 0x37, 0x20, 0x3d, 0x20, 0x5f, 0x31, 0x32, //  vec2 _817 = _12
	0x33, 0x35, 0x2e, 0x78, 0x79, 0x3b, 0x0a, 0x20, 0x20, 0x20, 0x20, 0x66, 0x6c, 0x6f, 0x61, 0x74, // 35.xy;.    float
	0x20, 0x5f, 0x31, 0x33, 0x32, 0x30, 0x3b, 0x0a, 0x20, 0x20, 0x20, 0x20, 0x76, 0x65, 0x63, 0x32, //  _1320;.    vec2
	0x20, 0x5f, 0x31, 0x33, 0x32, 0x37, 0x3b, 0x0a, 0x20, 0x20, 0x20, 0x20, 0x69, 0x66, 0x20, 0x28, //  _1327;.    if (
	0x75, 0x5f, 0x66, 0x6c, 0x69, 0x70, 0x62, 0x6f, 0x6f, 0x6b, 0x50, 0x61, 0x72, 0x61, 0x6d, 0x65, // u_flipbookParame
	0x74, 0x65, 0x72, 0x31, 0x2e, 0x78, 0x20, 0x3e, 0x20, 0x30, 0x2e, 0x30, 0x29, 0x0a, 0x20, 0x20, // ter1.x > 0.0).  
	0x20, 0x20, 0x7b, 0x0a, 0x20, 0x20, 0x20, 0x20, 0x20, 0x20, 0x20, 0x20, 0x66, 0x6c, 0x6f, 0x61, //   {.        floa
	0x74, 0x20, 0x5f, 0x39, 0x30, 0x33, 0x20, 0x3d, 0x20, 0x66, 0x6c, 0x6f, 0x6f, 0x72, 0x28, 0x61, // t _903 = floor(a
	0x5f, 0x74, 0x65, 0x78, 0x63, 0x6f, 0x6f, 0x72, 0x64, 0x35, 0x29, 0x3b, 0x0a, 0x20, 0x20, 0x20, // _texcoord5);.   
	0x20, 0x20, 0x20, 0x20, 0x20, 0x66, 0x6c, 0x6f, 0x61, 0x74, 0x20, 0x5f, 0x39, 0x30, 0x36, 0x20, //      float _906 
	0x3d, 0x20, 0x5f, 0x39, 0x30, 0x33, 0x20, 0x2b, 0x20, 0x31, 0x2e, 0x30, 0x3b, 0x0a, 0x20, 0x20, // = _903 + 1.0;.  
	0x20, 0x20, 0x20, 0x20, 0x20, 0x20, 0x66, 0x6c, 0x6f, 0x61, 0x74, 0x20, 0x5f, 0x39, 0x30, 0x39, //       float _909
	0x20, 0x3d, 0x20, 0x75, 0x5f, 0x66, 0x6c, 0x69, 0x70, 0x62, 0x6f, 0x6f, 0x6b, 0x50, 0x61, 0x72, //  = u_flipbookPar
	0x61, 0x6d, 0x65, 0x74, 0x65, 0x72, 0x31, 0x2e, 0x7a, 0x20, 0x2a, 0x20, 0x75, 0x5f, 0x66, 0x6c, // ameter1.z * u_fl
	0x69, 0x70, 0x62, 0x6f, 0x6f, 0x6b, 0x50, 0x61, 0x72, 0x61, 0x6d, 0x65, 0x74, 0x65, 0x72, 0x31, // ipbookParameter1
	0x2e, 0x77, 0x3b, 0x0a, 0x20, 0x20, 0x20, 0x20, 0x20, 0x20, 0x20, 0x20, 0x66, 0x6c, 0x6f, 0x61, // .w;.        floa
	0x74, 0x20, 0x5f, 0x31, 0x32, 0x39, 0x36, 0x3b, 0x0a, 0x20, 0x20, 0x20, 0x20, 0x20, 0x20, 0x20, // t _1296;.       
	0x20, 0x66, 0x6c, 0x6f, 0x61, 0x74, 0x20, 0x5f, 0x31, 0x33, 0x30, 0x39, 0x3b, 0x0a, 0x20, 0x20, //  float _1309;.  
	0x20, 0x20, 0x20, 0x20, 0x20, 0x20, 0x69, 0x66, 0x20, 0x28, 0x75, 0x5f, 0x66, 0x6c, 0x69, 0x70, //       if (u_flip
	0x62, 0x6f, 0x6f, 0x6b, 0x50, 0x61, 0x72, 0x61, 0x6d, 0x65, 0x74, 0x65, 0x72, 0x31, 0x2e, 0x79, // bookParameter1.y
	0x20, 0x3d, 0x3d, 0x20, 0x30, 0x2e, 0x30, 0x29, 0x0a, 0x20, 0x20, 0x20, 0x20, 0x20, 0x20, 0x20, //  == 0.0).       
	0x20, 0x7b, 0x0a, 0x20, 0x20, 0x20, 0x20, 0x20, 0x20, 0x20, 0x20, 0x20, 0x20, 0x20, 0x20, 0x66, //  {.            f
	0x6c, 0x6f, 0x61, 0x74, 0x20, 0x5f, 0x31, 0x32, 0x39, 0x37, 0x3b, 0x0a, 0x20, 0x20, 0x20, 0x20, // loat _1297;.    
	0x20, 0x20, 0x20, 0x20, 0x20, 0x20, 0x20, 0x20, 0x66, 0x6c, 0x6f, 0x61, 0x74, 0x20, 0x5f, 0x31, //         float _1
	0x33, 0x31, 0x30, 0x3b, 0x0a, 0x20, 0x20, 0x20, 0x20, 0x20, 0x20, 0x20, 0x20, 0x20, 0x20, 0x20, // 310;.           
	0x20, 0x69, 0x66, 0x20, 0x28, 0x5f, 0x39, 0x30, 0x36, 0x20, 0x3e, 0x3d, 0x20, 0x5f, 0x39, 0x30, //  if (_906 >= _90
	0x39, 0x29, 0x0a, 0x20, 0x20, 0x20, 0x20, 0x20, 0x20, 0x20, 0x20, 0x20, 0x20, 0x20, 0x20, 0x7b, // 9).            {
	0x0a, 0x20, 0x20, 0x20, 0x20, 0x20, 0x20, 0x20, 0x20, 0x20, 0x20, 0x20, 0x20, 0x20, 0x20, 0x20, // .               
	0x20, 0x66, 0x6c, 0x6f, 0x61, 0x74, 0x20, 0x5f, 0x39, 0x31, 0x38, 0x20, 0x3d, 0x20, 0x5f, 0x39, //  float _918 = _9
	0x30, 0x39, 0x20, 0x2d, 0x20, 0x31, 0x2e, 0x30, 0x3b, 0x0a, 0x20, 0x20, 0x20, 0x20, 0x20, 0x20, // 09 - 1.0;.      
	0x20, 0x20, 0x20, 0x20, 0x20, 0x20, 0x20, 0x20, 0x20, 0x20, 0x5f, 0x31, 0x33, 0x31, 0x30, 0x20, //           _1310 
	0x3d, 0x20, 0x5f, 0x39, 0x31, 0x38, 0x3b, 0x0a, 0x20, 0x20, 0x20, 0x20, 0x20, 0x20, 0x20, 0x20, // = _918;.        
	0x20, 0x20, 0x20, 0x20, 0x20, 0x20, 0x20, 0x20, 0x5f, 0x31, 0x32, 0x39, 0x37, 0x20, 0x3d, 0x20, //         _1297 = 
	0x5f, 0x39, 0x31, 0x38, 0x3b, 0x0a, 0x20, 0x20, 0x20, 0x20, 0x20, 0x20, 0x20, 0x20, 0x20, 0x20, // _918;.          
	0x20, 0x20, 0x7d, 0x0a, 0x20, 0x20, 0x20, 0x20, 0x20, 0x20, 0x20, 0x20, 0x20, 0x20, 0x20, 0x20, //   }.            
	0x65, 0x6c, 0x73, 0x65, 0x0a, 0x20, 0x20, 0x20, 0x20, 0x20, 0x20, 0x20, 0x20, 0x20, 0x20, 0x20, // else.           
	0x20, 0x7b, 0x0a, 0x20, 0x20, 0x20, 0x20, 0x20, 0x20, 0x20, 0x20, 0x20, 0x20, 0x20, 0x20, 0x20, //  {.             
	0x20, 0x20, 0x20, 0x5f, 0x31, 0x33, 0x31, 0x30, 0x20, 0x3d, 0x20, 0x5f, 0x39, 0x30, 0x36, 0x3b, //    _1310 = _906;
	0x0a, 0x20, 0x20, 0x20, 0x20, 0x20, 0x20, 0x20, 0x20, 0x20, 0x20, 0x20, 0x20, 0x20, 0x20, 0x20, // .               
	0x20, 0x5f, 0x31, 0x32, 0x39, 0x37, 0x20, 0x3d, 0x20, 0x5f, 0x39, 0x30, 0x33, 0x3b, 0x0a, 0x20, //  _1297 = _903;. 
	0x20, 0x20, 0x20, 0x20, 0x20, 0x20, 0x20, 0x20, 0x20, 0x20, 0x20, 0x7d, 0x0a, 0x20, 0x20, 0x20, //            }.   
	0x20, 0x20, 0x20, 0x20, 0x20, 0x20, 0x20, 0x20, 0x20, 0x5f, 0x31, 0x33, 0x30, 0x39, 0x20, 0x3d, //          _1309 =
	0x20, 0x5f, 0x31, 0x33, 0x31, 0x30, 0x3b, 0x0a, 0x20, 0x20, 0x20, 0x20, 0x20, 0x20, 0x20, 0x20, //  _1310;.        
	0x20, 0x20, 0x20, 0x20, 0x5f, 0x31, 0x32, 0x39, 0x36, 0x20, 0x3d, 0x20, 0x5f, 0x31, 0x32, 0x39, //     _1296 = _129
	0x37, 0x3b, 0x0a, 0x20, 0x20, 0x20, 0x20, 0x20, 0x20, 0x20, 0x20, 0x7d, 0x0a, 0x20, 0x20, 0x20, // 7;.        }.   
	0x20, 0x20, 0x20, 0x20, 0x20, 0x65, 0x6c, 0x73, 0x65, 0x0a, 0x20, 0x20, 0x20, 0x20, 0x20, 0x20, //      else.      
	0x20, 0x20, 0x7b, 0x0a, 0x20, 0x20, 0x20, 0x20, 0x20, 0x20, 0x20, 0x20, 0x20, 0x20, 0x20, 0x20, //   {.            
	0x66, 0x6c, 0x6f, 0x61, 0x74, 0x20, 0x5f, 0x31, 0x32, 0x39, 0x38, 0x3b, 0x0a, 0x20, 0x20, 0x20, // float _1298;.   
	0x20, 0x20, 0x20, 0x20, 0x20, 0x20, 0x20, 0x20, 0x20, 0x66, 0x6c, 0x6f, 0x61, 0x74, 0x20, 0x5f, //          float _
	0x31, 0x33, 0x31, 0x31, 0x3b, 0x0a, 0x20, 0x20, 0x20, 0x20, 0x20, 0x20, 0x20, 0x20, 0x20, 0x20, // 1311;.          
	0x20, 0x20, 0x69, 0x66, 0x20, 0x28, 0x75, 0x5f, 0x66, 0x6c, 0x69, 0x70, 0x62, 0x6f, 0x6f, 0x6b, //   if (u_flipbook
	0x50, 0x61, 0x72, 0x61, 0x6d, 0x65, 0x74, 0x65, 0x72, 0x31, 0x2e, 0x79, 0x20, 0x3d, 0x3d, 0x20, // Parameter1.y == 
	0x31, 0x2e, 0x30, 0x29, 0x0a, 0x20, 0x20, 0x20, 0x20, 0x20, 0x20, 0x20, 0x20, 0x20, 0x20, 0x20, // 1.0).           
	0x20, 0x7b, 0x0a, 0x20, 0x20, 0x20, 0x20, 0x20, 0x20, 0x20, 0x20, 0x20, 0x20, 0x20, 0x20, 0x20, //  {.             
	0x20, 0x20, 0x20, 0x5f, 0x31, 0x33, 0x31, 0x31, 0x20, 0x3d, 0x20, 0x6d, 0x6f, 0x64, 0x28, 0x5f, //    _1311 = mod(_
	0x39, 0x30, 0x36, 0x2c, 0x20, 0x5f, 0x39, 0x30, 0x39, 0x29, 0x3b, 0x0a, 0x20, 0x20, 0x20, 0x20, // 906, _909);.    
	0x20, 0x20, 0x20, 0x20, 0x20, 0x20, 0x20, 0x20, 0x20, 0x20, 0x20, 0x20, 0x5f, 0x31, 0x32, 0x39, //             _129
	0x38, 0x20, 0x3d, 0x20, 0x6d, 0x6f, 0x64, 0x28, 0x5f, 0x39, 0x30, 0x33, 0x2c, 0x20, 0x5f, 0x39, // 8 = mod(_903, _9
	0x30, 0x39, 0x29, 0x3b, 0x0a, 0x20, 0x20, 0x20, 0x20, 0x20, 0x20, 0x20, 0x20, 0x20, 0x20, 0x20, // 09);.           
	0x20, 0x7d, 0x0a, 0x20, 0x20, 0x20, 0x20, 0x20, 0x20, 0x20, 0x20, 0x20, 0x20, 0x20, 0x20, 0x65, //  }.            e
	0x6c, 0x73, 0x65, 0x0a, 0x20, 0x20, 0x20, 0x20, 0x20, 0x20, 0x20, 0x20, 0x20, 0x20, 0x20, 0x20, // lse.            
	0x7b, 0x0a, 0x20, 0x20, 0x20, 0x20, 0x20, 0x20, 0x20, 0x20, 0x20, 0x20, 0x20, 0x20, 0x20, 0x20, // {.              
	0x20, 0x20, 0x66, 0x6c, 0x6f, 0x61, 0x74, 0x20, 0x5f, 0x31, 0x32, 0x39, 0x39, 0x3b, 0x0a, 0x20, //   float _1299;. 
	0x20, 0x20, 0x20, 0x20, 0x20, 0x20, 0x20, 0x20, 0x20, 0x20, 0x20, 0x20, 0x20, 0x20, 0x20, 0x66, //                f
	0x6c, 0x6f, 0x61, 0x74, 0x20, 0x5f, 0x31, 0x33, 0x31, 0x32, 0x3b, 0x0a, 0x20, 0x20, 0x20, 0x20, // loat _1312;.    
	0x20, 0x20, 0x20, 0x20, 0x20, 0x20, 0x20, 0x20, 0x20, 0x20, 0x20, 0x20, 0x69, 0x66, 0x20, 0x28, //             if (
	0x75, 0x5f, 0x66, 0x6c, 0x69, 0x70, 0x62, 0x6f, 0x6f, 0x6b, 0x50, 0x61, 0x72, 0x61, 0x6d, 0x65, // u_flipbookParame
	0x74, 0x65, 0x72, 0x31, 0x2e, 0x79, 0x20, 0x3d, 0x3d, 0x20, 0x32, 0x2e, 0x30, 0x29, 0x0a, 0x20, // ter1.y == 2.0). 
	0x20, 0x20, 0x20, 0x20, 0x20, 0x20, 0x20, 0x20, 0x20, 0x20, 0x20, 0x20, 0x20, 0x20, 0x20, 0x7b, //                {
	0x0a, 0x20, 0x20, 0x20, 0x20, 0x20, 0x20, 0x20, 0x20, 0x20, 0x20, 0x20, 0x20, 0x20, 0x20, 0x20, // .               
	0x20, 0x20, 0x20, 0x20, 0x20, 0x66, 0x6c, 0x6f, 0x61, 0x74, 0x20, 0x5f, 0x39, 0x34, 0x34, 0x20, //      float _944 
	0x3d, 0x20, 0x6d, 0x6f, 0x64, 0x28, 0x5f, 0x39, 0x30, 0x33, 0x2c, 0x20, 0x5f, 0x39, 0x30, 0x39, // = mod(_903, _909
	0x29, 0x3b, 0x0a, 0x20, 0x20, 0x20, 0x20, 0x20, 0x20, 0x20, 0x20, 0x20, 0x20, 0x20, 0x20, 0x20, // );.             
	0x20, 0x20, 0x20, 0x20, 0x20, 0x20, 0x20, 0x66, 0x6c, 0x6f, 0x61, 0x74, 0x20, 0x5f, 0x31, 0x33, //        float _13
	0x30, 0x31, 0x3b, 0x0a, 0x20, 0x20, 0x20, 0x20, 0x20, 0x20, 0x20, 0x20, 0x20, 0x20, 0x20, 0x20, // 01;.            
	0x20, 0x20, 0x20, 0x20, 0x20, 0x20, 0x20, 0x20, 0x69, 0x66, 0x20, 0x28, 0x6d, 0x6f, 0x64, 0x28, //         if (mod(
	0x66, 0x6c, 0x6f, 0x6f, 0x72, 0x28, 0x5f, 0x39, 0x30, 0x33, 0x20, 0x2f, 0x20, 0x5f, 0x39, 0x30, // floor(_903 / _90
	0x39, 0x29, 0x2c, 0x20, 0x32, 0x2e, 0x30, 0x29, 0x20, 0x3d, 0x3d, 0x20, 0x31, 0x2e, 0x30, 0x29, // 9), 2.0) == 1.0)
	0x0a, 0x20, 0x20, 0x20, 0x20, 0x20, 0x20, 0x20, 0x20, 0x20, 0x20, 0x20, 0x20, 0x20, 0x20, 0x20, // .               
	0x20, 0x20, 0x20, 0x20, 0x20, 0x7b, 0x0a, 0x20, 0x20, 0x20, 0x20, 0x20, 0x20, 0x20, 0x20, 0x20, //      {.         
	0x20, 0x20, 0x20, 0x20, 0x20, 0x20, 0x20, 0x20, 0x20, 0x20, 0x20, 0x20, 0x20, 0x20, 0x20, 0x5f, //                _
	0x31, 0x33, 0x30, 0x31, 0x20, 0x3d, 0x20, 0x28, 0x5f, 0x39, 0x30, 0x39, 0x20, 0x2d, 0x20, 0x31, // 1301 = (_909 - 1
	0x2e, 0x30, 0x29, 0x20, 0x2d, 0x20, 0x66, 0x6c, 0x6f, 0x6f, 0x72, 0x28, 0x5f, 0x39, 0x34, 0x34, // .0) - floor(_944
	0x29, 0x3b, 0x0a, 0x20, 0x20, 0x20, 0x20, 0x20, 0x20, 0x20, 0x20, 0x20, 0x20, 0x20, 0x20, 0x20, // );.             
	0x20, 0x20, 0x20, 0x20, 0x20, 0x20, 0x20, 0x7d, 0x0a, 0x20, 0x20, 0x20, 0x20, 0x20, 0x20, 0x20, //        }.       
	0x20, 0x20, 0x20, 0x20, 0x20, 0x20, 0x20, 0x20, 0x20, 0x20, 0x20, 0x20, 0x20, 0x65, 0x6c, 0x73, //              els
	0x65, 0x0a, 0x20, 0x20, 0x20, 0x20, 0x20, 0x20, 0x20, 0x20, 0x20, 0x20, 0x20, 0x20, 0x20, 0x20, // e.              
	0x20, 0x20, 0x20, 0x20, 0x20, 0x20, 0x7b, 0x0a, 0x20, 0x20, 0x20, 0x20, 0x20, 0x20, 0x20, 0x20, //       {.        
	0x20, 0x20, 0x20, 0x20, 0x20, 0x20, 0x20, 0x20, 0x20, 0x20, 0x20, 0x20, 0x20, 0x20, 0x20, 0x20, //                 
	0x5f, 0x31, 0x33, 0x30, 0x31, 0x20, 0x3d, 0x20, 0x5f, 0x39, 0x34, 0x34, 0x3b, 0x0a, 0x20, 0x20, // _1301 = _944;.  
	0x20, 0x20, 0x20, 0x20, 0x20, 0x20, 0x20, 0x20, 0x20, 0x20, 0x20, 0x20, 0x20, 0x20, 0x20, 0x20, //                 
	0x20, 0x20, 0x7d, 0x0a, 0x20, 0x20, 0x20, 0x20, 0x20, 0x20, 0x20, 0x20, 0x20, 0x20, 0x20, 0x20, //   }.            
	0x20, 0x20, 0x20, 0x20, 0x20, 0x20, 0x20, 0x20, 0x66, 0x6c, 0x6f, 0x61, 0x74, 0x20, 0x5f, 0x39, //         float _9
	0x36, 0x31, 0x20, 0x3d, 0x20, 0x6d, 0x6f, 0x64, 0x28, 0x5f, 0x39, 0x30, 0x36, 0x2c, 0x20, 0x5f, // 61 = mod(_906, _
	0x39, 0x30, 0x39, 0x29, 0x3b, 0x0a, 0x20, 0x20, 0x20, 0x20, 0x20, 0x20, 0x20, 0x20, 0x20, 0x20, // 909);.          
	0x20, 0x20, 0x20, 0x20, 0x20, 0x20, 0x20, 0x20, 0x20, 0x20, 0x66, 0x6c, 0x6f, 0x61, 0x74, 0x20, //           float 
	0x5f, 0x31, 0x33, 0x31, 0x33, 0x3b, 0x0a, 0x20, 0x20, 0x20, 0x20, 0x20, 0x20, 0x20, 0x20, 0x20, // _1313;.         
	0x20, 0x20, 0x20, 0x20, 0x20, 0x20, 0x20, 0x20, 0x20, 0x20, 0x20, 0x69, 0x66, 0x20, 0x28, 0x6d, //            if (m
	0x6f, 0x64, 0x28, 0x66, 0x6c, 0x6f, 0x6f, 0x72, 0x28, 0x5f, 0x39, 0x30, 0x36, 0x20, 0x2f, 0x20, // od(floor(_906 / 
	0x5f, 0x39, 0x30, 0x39, 0x29, 0x2c, 0x20, 0x32, 0x2e, 0x30, 0x29, 0x20, 0x3d, 0x3d, 0x20, 0x31, // _909), 2.0) == 1
	0x2e, 0x30, 0x29, 0x0a, 0x20, 0x20, 0x20, 0x20, 0x20, 0x20, 0x20, 0x20, 0x20, 0x20, 0x20, 0x20, // .0).            
	0x20, 0x20, 0x20, 0x20, 0x20, 0x20, 0x20, 0x20, 0x7b, 0x0a, 0x20, 0x20, 0x20, 0x20, 0x20, 0x20, //         {.      
	0x20, 0x20, 0x20, 0x20, 0x20, 0x20, 0x20, 0x20, 0x20, 0x20, 0x20, 0x20, 0x20, 0x20, 0x20, 0x20, //                 
	0x20, 0x20, 0x5f, 0x31, 0x33, 0x31, 0x33, 0x20, 0x3d, 0x20, 0x28, 0x5f, 0x39, 0x30, 0x39, 0x20, //   _1313 = (_909 
	0x2d, 0x20, 0x31, 0x2e, 0x30, 0x29, 0x20, 0x2d, 0x20, 0x66, 0x6c, 0x6f, 0x6f, 0x72, 0x28, 0x5f, // - 1.0) - floor(_
	0x39, 0x36, 0x31, 0x29, 0x3b, 0x0a, 0x20, 0x20, 0x20, 0x20, 0x20, 0x20, 0x20, 0x20, 0x20, 0x20, // 961);.          
	0x20, 0x20, 0x20, 0x20, 0x20, 0x20, 0x20, 0x20, 0x20, 0x20, 0x7d, 0x0a, 0x20, 0x20, 0x20, 0x20, //           }.    
	0x20, 0x20, 0x20, 0x20, 0x20, 0x20, 0x20, 0x20, 0x20, 0x20, 0x20, 0x20, 0x20, 0x20, 0x20, 0x20, //                 
	0x65, 0x6c, 0x73, 0x65, 0x0a, 0x20, 0x20, 0x20, 0x20, 0x20, 0x20, 0x20, 0x20, 0x20, 0x20, 0x20, // else.           
	0x20, 0x20, 0x20, 0x20, 0x20, 0x20, 0x20, 0x20, 0x20, 0x7b, 0x0a, 0x20, 0x20, 0x20, 0x20, 0x20, //          {.     
	0x20, 0x20, 0x20, 0x20, 0x20, 0x20, 0x20, 0x20, 0x20, 0x20, 0x20, 0x20, 0x20, 0x20, 0x20, 0x20, //                 
	0x20, 0x20, 0x20, 0x5f, 0x31, 0x33, 0x31, 0x33, 0x20, 0x3d, 0x20, 0x5f, 0x39, 0x36, 0x31, 0x3b, //    _1313 = _961;
	0x0a, 0x20, 0x20, 0x20, 0x20, 0x20, 0x20, 0x20, 0x20, 0x20, 0x20, 0x20, 0x20, 0x20, 0x20, 0x20, // .               
	0x20, 0x20, 0x20, 0x20, 0x20, 0x7d, 0x0a, 0x20, 0x20, 0x20, 0x20, 0x20, 0x20, 0x20, 0x20, 0x20, //      }.         
	0x20, 0x20, 0x20, 0x20, 0x20, 0x20, 0x20, 0x20, 0x20, 0x20, 0x20, 0x5f, 0x31, 0x33, 0x31, 0x32, //            _1312
	0x20, 0x3d, 0x20, 0x5f, 0x31, 0x33, 0x31, 0x33, 0x3b, 0x0a, 0x20, 0x20, 0x20, 0x20, 0x20, 0x20, //  = _1313;.      
	0x20, 0x20, 0x20, 0x20, 0x20, 0x20, 0x20, 0x20, 0x20, 0x20, 0x20, 0x20, 0x20, 0x20, 0x5f, 0x31, //               _1
	0x32, 0x39, 0x39, 0x20, 0x3d, 0x20, 0x5f, 0x31, 0x33, 0x30, 0x31, 0x3b, 0x0a, 0x20, 0x20, 0x20, // 299 = _1301;.   
	0x20, 0x20, 0x20, 0x20, 0x20, 0x20, 0x20, 0x20, 0x20, 0x20, 0x20, 0x20, 0x20, 0x7d, 0x0a, 0x20, //              }. 
	0x20, 0x20, 0x20, 0x20, 0x20, 0x20, 0x20, 0x20, 0x20, 0x20, 0x20, 0x20, 0x20, 0x20, 0x20, 0x65, //                e
	0x6c, 0x73, 0x65, 0x0a, 0x20, 0x20, 0x20, 0x20, 0x20, 0x20, 0x20, 0x20, 0x20, 0x20, 0x20, 0x20, // lse.            
	0x20, 0x20, 0x20, 0x20, 0x7b, 0x0a, 0x20, 0x20, 0x20, 0x20, 0x20, 0x20, 0x20, 0x20, 0x20, 0x20, //     {.          
	0x20, 0x20, 0x20, 0x20, 0x20, 0x20, 0x20, 0x20, 0x20, 0x20, 0x5f, 0x31, 0x33, 0x31, 0x32, 0x20, //           _1312 
	0x3d, 0x20, 0x5f, 0x39, 0x30, 0x36, 0x3b, 0x0a, 0x20, 0x20, 0x20, 0x20, 0x20, 0x20, 0x20, 0x20, // = _906;.        
	0x20, 0x20, 0x20, 0x20, 0x20, 0x20, 0x20, 0x20, 0x20, 0x20, 0x20, 0x20, 0x5f, 0x31, 0x32, 0x39, //             _129
	0x39, 0x20, 0x3d, 0x20, 0x5f, 0x39, 0x30, 0x33, 0x3b, 0x0a, 0x20, 0x20, 0x20, 0x20, 0x20, 0x20, // 9 = _903;.      
	0x20, 0x20, 0x20, 0x20, 0x20, 0x20, 0x20, 0x20, 0x20, 0x20, 0x7d, 0x0a, 0x20, 0x20, 0x20, 0x20, //           }.    
	0x20, 0x20, 0x20, 0x20, 0x20, 0x20, 0x20, 0x20, 0x20, 0x20, 0x20, 0x20, 0x5f, 0x31, 0x33, 0x31, //             _131
	0x31, 0x20, 0x3d, 0x20, 0x5f, 0x31, 0x33, 0x31, 0x32, 0x3b, 0x0a, 0x20, 0x20, 0x20, 0x20, 0x20, // 1 = _1312;.     
	0x20, 0x20, 0x20, 0x20, 0x20, 0x20, 0x20, 0x20, 0x20, 0x20, 0x20, 0x5f, 0x31, 0x32, 0x39, 0x38, //            _1298
	0x20, 0x3d, 0x20, 0x5f, 0x31, 0x32, 0x39, 0x39, 0x3b, 0x0a, 0x20, 0x20, 0x20, 0x20, 0x20, 0x20, //  = _1299;.      
	0x20, 0x20, 0x20, 0x20, 0x20, 0x20, 0x7d, 0x0a, 0x20, 0x20, 0x20, 0x20, 0x20, 0x20, 0x20, 0x20, //       }.        
	0x20, 0x20, 0x20, 0x20, 0x5f, 0x31, 0x33, 0x30, 0x39, 0x20, 0x3d, 0x20, 0x5f, 0x31, 0x33, 0x31, //     _1309 = _131
	0x31, 0x3b, 0x0a, 0x20, 0x20, 0x20, 0x20, 0x20, 0x20, 0x20, 0x20, 0x20, 0x20, 0x20, 0x20, 0x5f, // 1;.            _
	0x31, 0x32, 0x39, 0x36, 0x20, 0x3d, 0x20, 0x5f, 0x31, 0x32, 0x39, 0x38, 0x3b, 0x0a, 0x20, 0x20, // 1296 = _1298;.  
	0x20, 0x20, 0x20, 0x20, 0x20, 0x20, 0x7d, 0x0a, 0x20, 0x20, 0x20, 0x20, 0x20, 0x20, 0x20, 0x20, //       }.        
	0x5f, 0x38, 0x31, 0x37, 0x2e, 0x79, 0x20, 0x3d, 0x20, 0x75, 0x5f, 0x6d, 0x55, 0x56, 0x49, 0x6e, // _817.y = u_mUVIn
	0x76, 0x65, 0x72, 0x73, 0x65, 0x64, 0x2e, 0x78, 0x20, 0x2b, 0x20, 0x28, 0x75, 0x5f, 0x6d, 0x55, // versed.x + (u_mU
	0x56, 0x49, 0x6e, 0x76, 0x65, 0x72, 0x73, 0x65, 0x64, 0x2e, 0x79, 0x20, 0x2a, 0x20, 0x5f, 0x36, // VInversed.y * _6
	0x37, 0x39, 0x29, 0x3b, 0x0a, 0x20, 0x20, 0x20, 0x20, 0x20, 0x20, 0x20, 0x20, 0x69, 0x6e, 0x74, // 79);.        int
	0x20, 0x5f, 0x31, 0x30, 0x32, 0x30, 0x20, 0x3d, 0x20, 0x69, 0x6e, 0x74, 0x28, 0x5f, 0x31, 0x32, //  _1020 = int(_12
	0x39, 0x36, 0x29, 0x3b, 0x0a, 0x20, 0x20, 0x20, 0x20, 0x20, 0x20, 0x20, 0x20, 0x69, 0x6e, 0x74, // 96);.        int
	0x20, 0x5f, 0x31, 0x30, 0x32, 0x33, 0x20, 0x3d, 0x20, 0x69, 0x6e, 0x74, 0x28, 0x75, 0x5f, 0x66, //  _1023 = int(u_f
	0x6c, 0x69, 0x70, 0x62, 0x6f, 0x6f, 0x6b, 0x50, 0x61, 0x72, 0x61, 0x6d, 0x65, 0x74, 0x65, 0x72, // lipbookParameter
	0x31, 0x2e, 0x7a, 0x29, 0x3b, 0x0a, 0x20, 0x20, 0x20, 0x20, 0x20, 0x20, 0x20, 0x20, 0x66, 0x6c, // 1.z);.        fl
	0x6f, 0x61, 0x74, 0x20, 0x5f, 0x31, 0x30, 0x32, 0x34, 0x20, 0x3d, 0x20, 0x66, 0x6c, 0x6f, 0x61, // oat _1024 = floa
	0x74, 0x28, 0x5f, 0x31, 0x30, 0x32, 0x33, 0x29, 0x3b, 0x0a, 0x20, 0x20, 0x20, 0x20, 0x20, 0x20, // t(_1023);.      
	0x20, 0x20, 0x69, 0x6e, 0x74, 0x20, 0x5f, 0x31, 0x30, 0x34, 0x36, 0x20, 0x3d, 0x20, 0x69, 0x6e, //   int _1046 = in
	0x74, 0x28, 0x5f, 0x31, 0x33, 0x30, 0x39, 0x29, 0x3b, 0x0a, 0x20, 0x20, 0x20, 0x20, 0x20, 0x20, // t(_1309);.      
	0x20, 0x20, 0x76, 0x65, 0x63, 0x32, 0x20, 0x5f, 0x31, 0x30, 0x36, 0x36, 0x20, 0x3d, 0x20, 0x28, //   vec2 _1066 = (
	0x28, 0x5f, 0x38, 0x31, 0x37, 0x20, 0x2d, 0x20, 0x28, 0x28, 0x76, 0x65, 0x63, 0x32, 0x28, 0x6d, // (_817 - ((vec2(m
	0x6f, 0x64, 0x28, 0x66, 0x6c, 0x6f, 0x61, 0x74, 0x28, 0x5f, 0x31, 0x30, 0x32, 0x30, 0x29, 0x2c, // od(float(_1020),
	0x20, 0x5f, 0x31, 0x30, 0x32, 0x34, 0x29, 0x2c, 0x20, 0x66, 0x6c, 0x6f, 0x61, 0x74, 0x28, 0x5f, //  _1024), float(_
	0x31, 0x30, 0x32, 0x30, 0x20, 0x2f, 0x20, 0x5f, 0x31, 0x30, 0x32, 0x33, 0x29, 0x29, 0x20, 0x2a, // 1020 / _1023)) *
	0x20, 0x75, 0x5f, 0x66, 0x6c, 0x69, 0x70, 0x62, 0x6f, 0x6f, 0x6b, 0x50, 0x61, 0x72, 0x61, 0x6d, //  u_flipbookParam
	0x65, 0x74, 0x65, 0x72, 0x32, 0x2e, 0x78, 0x79, 0x29, 0x20, 0x2b, 0x20, 0x75, 0x5f, 0x66, 0x6c, // eter2.xy) + u_fl
	0x69, 0x70, 0x62, 0x6f, 0x6f, 0x6b, 0x50, 0x61, 0x72, 0x61, 0x6d, 0x65, 0x74, 0x65, 0x72, 0x32, // ipbookParameter2
	0x2e, 0x7a, 0x77, 0x29, 0x29, 0x20, 0x2b, 0x20, 0x28, 0x76, 0x65, 0x63, 0x32, 0x28, 0x6d, 0x6f, // .zw)) + (vec2(mo
	0x64, 0x28, 0x66, 0x6c, 0x6f, 0x61, 0x74, 0x28, 0x5f, 0x31, 0x30, 0x34, 0x36, 0x29, 0x2c, 0x20, // d(float(_1046), 
	0x5f, 0x31, 0x30, 0x32, 0x34, 0x29, 0x2c, 0x20, 0x66, 0x6c, 0x6f, 0x61, 0x74, 0x28, 0x5f, 0x31, // _1024), float(_1
	0x30, 0x34, 0x36, 0x20, 0x2f, 0x20, 0x5f, 0x31, 0x30, 0x32, 0x33, 0x29, 0x29, 0x20, 0x2a, 0x20, // 046 / _1023)) * 
	0x75, 0x5f, 0x66, 0x6c, 0x69, 0x70, 0x62, 0x6f, 0x6f, 0x6b, 0x50, 0x61, 0x72, 0x61, 0x6d, 0x65, // u_flipbookParame
	0x74, 0x65, 0x72, 0x32, 0x2e, 0x78, 0x79, 0x29, 0x29, 0x20, 0x2b, 0x20, 0x75, 0x5f, 0x66, 0x6c, // ter2.xy)) + u_fl
	0x69, 0x70, 0x62, 0x6f, 0x6f, 0x6b, 0x50, 0x61, 0x72, 0x61, 0x6d, 0x65, 0x74, 0x65, 0x72, 0x32, // ipbookParameter2
	0x2e, 0x7a, 0x77, 0x3b, 0x0a, 0x20, 0x20, 0x20, 0x20, 0x20, 0x20, 0x20, 0x20, 0x5f, 0x31, 0x30, // .zw;.        _10
	0x36, 0x36, 0x2e, 0x79, 0x20, 0x3d, 0x20, 0x75, 0x5f, 0x6d, 0x55, 0x56, 0x49, 0x6e, 0x76, 0x65, // 66.y = u_mUVInve
	0x72, 0x73, 0x65, 0x64, 0x2e, 0x78, 0x20, 0x2b, 0x20, 0x28, 0x75, 0x5f, 0x6d, 0x55, 0x56, 0x49, // rsed.x + (u_mUVI
	0x6e, 0x76, 0x65, 0x72, 0x73, 0x65, 0x64, 0x2e, 0x79, 0x20, 0x2a, 0x20, 0x5f, 0x31, 0x30, 0x36, // nversed.y * _106
	0x36, 0x2e, 0x79, 0x29, 0x3b, 0x0a, 0x20, 0x20, 0x20, 0x20, 0x20, 0x20, 0x20, 0x20, 0x5f, 0x31, // 6.y);.        _1
	0x33, 0x32, 0x37, 0x20, 0x3d, 0x20, 0x5f, 0x31, 0x30, 0x36, 0x36, 0x3b, 0x0a, 0x20, 0x20, 0x20, // 327 = _1066;.   
	0x20, 0x20, 0x20, 0x20, 0x20, 0x5f, 0x31, 0x33, 0x32, 0x30, 0x20, 0x3d, 0x20, 0x66, 0x72, 0x61, //      _1320 = fra
	0x63, 0x74, 0x28, 0x61, 0x5f, 0x74, 0x65, 0x78, 0x63, 0x6f, 0x6f, 0x72, 0x64, 0x35, 0x29, 0x3b, // ct(a_texcoord5);
	0x0a, 0x20, 0x20, 0x20, 0x20, 0x7d, 0x0a, 0x20, 0x20, 0x20, 0x20, 0x65, 0x6c, 0x73, 0x65, 0x0a, // .    }.    else.
	0x20, 0x20, 0x20, 0x20, 0x7b, 0x0a, 0x20, 0x20, 0x20, 0x20, 0x20, 0x20, 0x20, 0x20, 0x5f, 0x31, //     {.        _1
	0x33, 0x32, 0x37, 0x20, 0x3d, 0x20, 0x76, 0x65, 0x63, 0x32, 0x28, 0x30, 0x2e, 0x30, 0x29, 0x3b, // 327 = vec2(0.0);
	0x0a, 0x20, 0x20, 0x20, 0x20, 0x20, 0x20, 0x20, 0x20, 0x5f, 0x31, 0x33, 0x32, 0x30, 0x20, 0x3d, // .        _1320 =
	0x20, 0x30, 0x2e, 0x30, 0x3b, 0x0a, 0x20, 0x20, 0x20, 0x20, 0x7d, 0x0a, 0x20, 0x20, 0x20, 0x20, //  0.0;.    }.    
	0x67, 0x6c, 0x5f, 0x50, 0x6f, 0x73, 0x69, 0x74, 0x69, 0x6f, 0x6e, 0x20, 0x3d, 0x20, 0x5f, 0x36, // gl_Position = _6
	0x39, 0x36, 0x3b, 0x0a, 0x20, 0x20, 0x20, 0x20, 0x76, 0x5f, 0x55, 0x56, 0x5f, 0x4f, 0x74, 0x68, // 96;.    v_UV_Oth
	0x65, 0x72, 0x73, 0x20, 0x3d, 0x20, 0x76, 0x65, 0x63, 0x34, 0x28, 0x61, 0x5f, 0x74, 0x65, 0x78, // ers = vec4(a_tex
	0x63, 0x6f, 0x6f, 0x72, 0x64, 0x30, 0x2e, 0x78, 0x2c, 0x20, 0x5f, 0x36, 0x37, 0x39, 0x2c, 0x20, // coord0.x, _679, 
	0x5f, 0x31, 0x33, 0x32, 0x30, 0x2c, 0x20, 0x61, 0x5f, 0x74, 0x65, 0x78, 0x63, 0x6f, 0x6f, 0x72, // _1320, a_texcoor
	0x64, 0x36, 0x29, 0x3b, 0x0a, 0x20, 0x20, 0x20, 0x20, 0x76, 0x5f, 0x50, 0x72, 0x6f, 0x6a, 0x42, // d6);.    v_ProjB
	0x69, 0x6e, 0x6f, 0x72, 0x6d, 0x61, 0x6c, 0x20, 0x3d, 0x20, 0x75, 0x5f, 0x6d, 0x43, 0x61, 0x6d, // inormal = u_mCam
	0x65, 0x72, 0x61, 0x50, 0x72, 0x6f, 0x6a, 0x20, 0x2a, 0x20, 0x28, 0x5f, 0x36, 0x39, 0x33, 0x20, // eraProj * (_693 
	0x2b, 0x20, 0x76, 0x65, 0x63, 0x34, 0x28, 0x63, 0x72, 0x6f, 0x73, 0x73, 0x28, 0x76, 0x65, 0x63, // + vec4(cross(vec
	0x34, 0x28, 0x28, 0x61, 0x5f, 0x6e, 0x6f, 0x72, 0x6d, 0x61, 0x6c, 0x2e, 0x78, 0x79, 0x7a, 0x20, // 4((a_normal.xyz 
	0x2d, 0x20, 0x76, 0x65, 0x63, 0x33, 0x28, 0x30, 0x2e, 0x35, 0x29, 0x29, 0x20, 0x2a, 0x20, 0x32, // - vec3(0.5)) * 2
	0x2e, 0x30, 0x2c, 0x20, 0x30, 0x2e, 0x30, 0x29, 0x2e, 0x78, 0x79, 0x7a, 0x2c, 0x20, 0x5f, 0x36, // .0, 0.0).xyz, _6
	0x36, 0x30, 0x2e, 0x78, 0x79, 0x7a, 0x29, 0x2c, 0x20, 0x30, 0x2e, 0x30, 0x29, 0x29, 0x3b, 0x0a, // 60.xyz), 0.0));.
	0x20, 0x20, 0x20, 0x20, 0x76, 0x5f, 0x50, 0x72, 0x6f, 0x6a, 0x54, 0x61, 0x6e, 0x67, 0x65, 0x6e, //     v_ProjTangen
	0x74, 0x20, 0x3d, 0x20, 0x75, 0x5f, 0x6d, 0x43, 0x61, 0x6d, 0x65, 0x72, 0x61, 0x50, 0x72, 0x6f, // t = u_mCameraPro
	0x6a, 0x20, 0x2a, 0x20, 0x28, 0x5f, 0x36, 0x39, 0x33, 0x20, 0x2b, 0x20, 0x5f, 0x36, 0x36, 0x30, // j * (_693 + _660
	0x29, 0x3b, 0x0a, 0x20, 0x20, 0x20, 0x20, 0x76, 0x5f, 0x50, 0x6f, 0x73, 0x50, 0x20, 0x3d, 0x20, // );.    v_PosP = 
	0x5f, 0x36, 0x39, 0x36, 0x3b, 0x0a, 0x20, 0x20, 0x20, 0x20, 0x76, 0x5f, 0x43, 0x6f, 0x6c, 0x6f, // _696;.    v_Colo
	0x72, 0x20, 0x3d, 0x20, 0x61, 0x5f, 0x63, 0x6f, 0x6c, 0x6f, 0x72, 0x30, 0x3b, 0x0a, 0x20, 0x20, // r = a_color0;.  
	0x20, 0x20, 0x76, 0x5f, 0x41, 0x6c, 0x70, 0x68, 0x61, 0x5f, 0x44, 0x69, 0x73, 0x74, 0x5f, 0x55, //   v_Alpha_Dist_U
	0x56, 0x20, 0x3d, 0x20, 0x5f, 0x31, 0x32, 0x34, 0x34, 0x3b, 0x0a, 0x20, 0x20, 0x20, 0x20, 0x76, // V = _1244;.    v
	0x5f, 0x42, 0x6c, 0x65, 0x6e, 0x64, 0x5f, 0x41, 0x6c, 0x70, 0x68, 0x61, 0x5f, 0x44, 0x69, 0x73, // _Blend_Alpha_Dis
	0x74, 0x5f, 0x55, 0x56, 0x20, 0x3d, 0x20, 0x5f, 0x31, 0x32, 0x35, 0x39, 0x3b, 0x0a, 0x20, 0x20, // t_UV = _1259;.  
	0x20, 0x20, 0x76, 0x5f, 0x42, 0x6c, 0x65, 0x6e, 0x64, 0x5f, 0x46, 0x42, 0x4e, 0x65, 0x78, 0x74, //   v_Blend_FBNext
	0x49, 0x6e, 0x64, 0x65, 0x78, 0x5f, 0x55, 0x56, 0x20, 0x3d, 0x20, 0x76, 0x65, 0x63, 0x34, 0x28, // Index_UV = vec4(
	0x61, 0x5f, 0x74, 0x65, 0x78, 0x63, 0x6f, 0x6f, 0x72, 0x64, 0x33, 0x2e, 0x78, 0x2c, 0x20, 0x75, // a_texcoord3.x, u
	0x5f, 0x6d, 0x55, 0x56, 0x49, 0x6e, 0x76, 0x65, 0x72, 0x73, 0x65, 0x64, 0x2e, 0x78, 0x20, 0x2b, // _mUVInversed.x +
	0x20, 0x28, 0x75, 0x5f, 0x6d, 0x55, 0x56, 0x49, 0x6e, 0x76, 0x65, 0x72, 0x73, 0x65, 0x64, 0x2e, //  (u_mUVInversed.
	0x79, 0x20, 0x2a, 0x20, 0x61, 0x5f, 0x74, 0x65, 0x78, 0x63, 0x6f, 0x6f, 0x72, 0x64, 0x33, 0x2e, // y * a_texcoord3.
	0x79, 0x29, 0x2c, 0x20, 0x5f, 0x31, 0x33, 0x32, 0x37, 0x29, 0x3b, 0x0a, 0x7d, 0x0a, 0x0a, 0x00, // y), _1327);.}...
};
static const uint8_t ad_sprite_distortion_vs_spv[6834] =
{
	0x56, 0x53, 0x48, 0x0c, 0x00, 0x00, 0x00, 0x00, 0x0d, 0x11, 0x5f, 0xc2, 0x00, 0x00, 0x00, 0x00, // VSH......._.....
	0x00, 0x00, 0x00, 0x00, 0x04, 0x00, 0x0d, 0x75, 0x5f, 0x6d, 0x55, 0x56, 0x49, 0x6e, 0x76, 0x65, // .......u_mUVInve
	0x72, 0x73, 0x65, 0x64, 0x02, 0x01, 0x40, 0x00, 0x01, 0x00, 0x00, 0x00, 0x00, 0x00, 0x14, 0x75, // rsed..@........u
	0x5f, 0x66, 0x6c, 0x69, 0x70, 0x62, 0x6f, 0x6f, 0x6b, 0x50, 0x61, 0x72, 0x61, 0x6d, 0x65, 0x74, // _flipbookParamet
	0x65, 0x72, 0x31, 0x02, 0x01, 0x50, 0x00, 0x01, 0x00, 0x00, 0x00, 0x00, 0x00, 0x14, 0x75, 0x5f, // er1..P........u_
	0x66, 0x6c, 0x69, 0x70, 0x62, 0x6f, 0x6f, 0x6b, 0x50, 0x61, 0x72, 0x61, 0x6d, 0x65, 0x74, 0x65, // flipbookParamete
	0x72, 0x32, 0x02, 0x01, 0x60, 0x00, 0x01, 0x00, 0x00, 0x00, 0x00, 0x00, 0x0d, 0x75, 0x5f, 0x6d, // r2..`........u_m
	0x43, 0x61, 0x6d, 0x65, 0x72, 0x61, 0x50, 0x72, 0x6f, 0x6a, 0x04, 0x01, 0x00, 0x00, 0x04, 0x00, // CameraProj......
	0x00, 0x00, 0x00, 0x00, 0x10, 0x1a, 0x00, 0x00, 0x03, 0x02, 0x23, 0x07, 0x00, 0x00, 0x01, 0x00, // ..........#.....
	0x0b, 0x00, 0x08, 0x00, 0x7d, 0x06, 0x00, 0x00, 0x00, 0x00, 0x00, 0x00, 0x11, 0x00, 0x02, 0x00, // ....}...........
	0x01, 0x00, 0x00, 0x00, 0x0b, 0x00, 0x06, 0x00, 0x01, 0x00, 0x00, 0x00, 0x47, 0x4c, 0x53, 0x4c, // ............GLSL
	0x2e, 0x73, 0x74, 0x64, 0x2e, 0x34, 0x35, 0x30, 0x00, 0x00, 0x00, 0x00, 0x0e, 0x00, 0x03, 0x00, // .std.450........
	0x00, 0x00, 0x00, 0x00, 0x01, 0x00, 0x00, 0x00, 0x0f, 0x00, 0x18, 0x00, 0x00, 0x00, 0x00, 0x00, // ................
	0x04, 0x00, 0x00, 0x00, 0x6d, 0x61, 0x69, 0x6e, 0x00, 0x00, 0x00, 0x00, 0x85, 0x02, 0x00, 0x00, // ....main........
	0x88, 0x02, 0x00, 0x00, 0x8c, 0x02, 0x00, 0x00, 0x8f, 0x02, 0x00, 0x00, 0x93, 0x02, 0x00, 0x00, // ................
	0x99, 0x02, 0x00, 0x00, 0x9c, 0x02, 0x00, 0x00, 0x9f, 0x02, 0x00, 0x00, 0xa3, 0x02, 0x00, 0x00, // ................
	0xa6, 0x02, 0x00, 0x00, 0xc1, 0x02, 0x00, 0x00, 0xc4, 0x02, 0x00, 0x00, 0xc7, 0x02, 0x00, 0x00, // ................
	0xca, 0x02, 0x00, 0x00, 0xcd, 0x02, 0x00, 0x00, 0xd0, 0x02, 0x00, 0x00, 0xd3, 0x02, 0x00, 0x00, // ................
	0xd6, 0x02, 0x00, 0x00, 0xd9, 0x02, 0x00, 0x00, 0x03, 0x00, 0x03, 0x00, 0x05, 0x00, 0x00, 0x00, // ................
	0xf4, 0x01, 0x00, 0x00, 0x05, 0x00, 0x04, 0x00, 0x04, 0x00, 0x00, 0x00, 0x6d, 0x61, 0x69, 0x6e, // ............main
	0x00, 0x00, 0x00, 0x00, 0x05, 0x00, 0x06, 0x00, 0x60, 0x01, 0x00, 0x00, 0x55, 0x6e, 0x69, 0x66, // ........`...Unif
	0x6f, 0x72, 0x6d, 0x42, 0x6c, 0x6f, 0x63, 0x6b, 0x00, 0x00, 0x00, 0x00, 0x06, 0x00, 0x07, 0x00, // ormBlock........
	0x60, 0x01, 0x00, 0x00, 0x00, 0x00, 0x00, 0x00, 0x75, 0x5f, 0x6d, 0x43, 0x61, 0x6d, 0x65, 0x72, // `.......u_mCamer
	0x61, 0x50, 0x72, 0x6f, 0x6a, 0x00, 0x00, 0x00, 0x06, 0x00, 0x07, 0x00, 0x60, 0x01, 0x00, 0x00, // aProj.......`...
	0x01, 0x00, 0x00, 0x00, 0x75, 0x5f, 0x6d, 0x55, 0x56, 0x49, 0x6e, 0x76, 0x65, 0x72, 0x73, 0x65, // ....u_mUVInverse
	0x64, 0x00, 0x00, 0x00, 0x06, 0x00, 0x09, 0x00, 0x60, 0x01, 0x00, 0x00, 0x02, 0x00, 0x00, 0x00, // d.......`.......
	0x75, 0x5f, 0x66, 0x6c, 0x69, 0x70, 0x62, 0x6f, 0x6f, 0x6b, 0x50, 0x61, 0x72, 0x61, 0x6d, 0x65, // u_flipbookParame
	0x74, 0x65, 0x72, 0x31, 0x00, 0x00, 0x00, 0x00, 0x06, 0x00, 0x09, 0x00, 0x60, 0x01, 0x00, 0x00, // ter1........`...
	0x03, 0x00, 0x00, 0x00, 0x75, 0x5f, 0x66, 0x6c, 0x69, 0x70, 0x62, 0x6f, 0x6f, 0x6b, 0x50, 0x61, // ....u_flipbookPa
	0x72, 0x61, 0x6d, 0x65, 0x74, 0x65, 0x72, 0x32, 0x00, 0x00, 0x00, 0x00, 0x05, 0x00, 0x03, 0x00, // rameter2........
	0x62, 0x01, 0x00, 0x00, 0x00, 0x00, 0x00, 0x00, 0x05, 0x00, 0x05, 0x00, 0x85, 0x02, 0x00, 0x00, // b...............
	0x61, 0x5f, 0x63, 0x6f, 0x6c, 0x6f, 0x72, 0x30, 0x00, 0x00, 0x00, 0x00, 0x05, 0x00, 0x05, 0x00, // a_color0........
	0x88, 0x02, 0x00, 0x00, 0x61, 0x5f, 0x6e, 0x6f, 0x72, 0x6d, 0x61, 0x6c, 0x00, 0x00, 0x00, 0x00, // ....a_normal....
	0x05, 0x00, 0x05, 0x00, 0x8c, 0x02, 0x00, 0x00, 0x61, 0x5f, 0x70, 0x6f, 0x73, 0x69, 0x74, 0x69, // ........a_positi
	0x6f, 0x6e, 0x00, 0x00, 0x05, 0x00, 0x05, 0x00, 0x8f, 0x02, 0x00, 0x00, 0x61, 0x5f, 0x74, 0x61, // on..........a_ta
	0x6e, 0x67, 0x65, 0x6e, 0x74, 0x00, 0x00, 0x00, 0x05, 0x00, 0x05, 0x00, 0x93, 0x02, 0x00, 0x00, // ngent...........
	0x61, 0x5f, 0x74, 0x65, 0x78, 0x63, 0x6f, 0x6f, 0x72, 0x64, 0x30, 0x00, 0x05, 0x00, 0x05, 0x00, // a_texcoord0.....
	0x99, 0x02, 0x00, 0x00, 0x61, 0x5f, 0x74, 0x65, 0x78, 0x63, 0x6f, 0x6f, 0x72, 0x64, 0x32, 0x00, // ....a_texcoord2.
	0x05, 0x00, 0x05, 0x00, 0x9c, 0x02, 0x00, 0x00, 0x61, 0x5f, 0x74, 0x65, 0x78, 0x63, 0x6f, 0x6f, // ........a_texcoo
	0x72, 0x64, 0x33, 0x00, 0x05, 0x00, 0x05, 0x00, 0x9f, 0x02, 0x00, 0x00, 0x61, 0x5f, 0x74, 0x65, // rd3.........a_te
	0x78, 0x63, 0x6f, 0x6f, 0x72, 0x64, 0x34, 0x00, 0x05, 0x00, 0x05, 0x00, 0xa3, 0x02, 0x00, 0x00, // xcoord4.........
	0x61, 0x5f, 0x74, 0x65, 0x78, 0x63, 0x6f, 0x6f, 0x72, 0x64, 0x35, 0x00, 0x05, 0x00, 0x05, 0x00, // a_texcoord5.....
	0xa6, 0x02, 0x00, 0x00, 0x61, 0x5f, 0x74, 0x65, 0x78, 0x63, 0x6f, 0x6f, 0x72, 0x64, 0x36, 0x00, // ....a_texcoord6.
	0x05, 0x00, 0x0a, 0x00, 0xc1, 0x02, 0x00, 0x00, 0x40, 0x65, 0x6e, 0x74, 0x72, 0x79, 0x50, 0x6f, // ........@entryPo
	0x69, 0x6e, 0x74, 0x4f, 0x75, 0x74, 0x70, 0x75, 0x74, 0x2e, 0x67, 0x6c, 0x5f, 0x50, 0x6f, 0x73, // intOutput.gl_Pos
	0x69, 0x74, 0x69, 0x6f, 0x6e, 0x00, 0x00, 0x00, 0x05, 0x00, 0x0b, 0x00, 0xc4, 0x02, 0x00, 0x00, // ition...........
	0x40, 0x65, 0x6e, 0x74, 0x72, 0x79, 0x50, 0x6f, 0x69, 0x6e, 0x74, 0x4f, 0x75, 0x74, 0x70, 0x75, // @entryPointOutpu
	0x74, 0x2e, 0x76, 0x5f, 0x41, 0x6c, 0x70, 0x68, 0x61, 0x5f, 0x44, 0x69, 0x73, 0x74, 0x5f, 0x55, // t.v_Alpha_Dist_U
	0x56, 0x00, 0x00, 0x00, 0x05, 0x00, 0x0c, 0x00, 0xc7, 0x02, 0x00, 0x00, 0x40, 0x65, 0x6e, 0x74, // V...........@ent
	0x72, 0x79, 0x50, 0x6f, 0x69, 0x6e, 0x74, 0x4f, 0x75, 0x74, 0x70, 0x75, 0x74, 0x2e, 0x76, 0x5f, // ryPointOutput.v_
	0x42, 0x6c, 0x65, 0x6e, 0x64, 0x5f, 0x41, 0x6c, 0x70, 0x68, 0x61, 0x5f, 0x44, 0x69, 0x73, 0x74, // Blend_Alpha_Dist
	0x5f, 0x55, 0x56, 0x00, 0x05, 0x00, 0x0d, 0x00, 0xca, 0x02, 0x00, 0x00, 0x40, 0x65, 0x6e, 0x74, // _UV.........@ent
	0x72, 0x79, 0x50, 0x6f, 0x69, 0x6e, 0x74, 0x4f, 0x75, 0x74, 0x70, 0x75, 0x74, 0x2e, 0x76, 0x5f, // ryPointOutput.v_
	0x42, 0x6c, 0x65, 0x6e, 0x64, 0x5f, 0x46, 0x42, 0x4e, 0x65, 0x78, 0x74, 0x49, 0x6e, 0x64, 0x65, // Blend_FBNextInde
	0x78, 0x5f, 0x55, 0x56, 0x00, 0x00, 0x00, 0x00, 0x05, 0x00, 0x09, 0x00, 0xcd, 0x02, 0x00, 0x00, // x_UV............
	0x40, 0x65, 0x6e, 0x74, 0x72, 0x79, 0x50, 0x6f, 0x69, 0x6e, 0x74, 0x4f, 0x75, 0x74, 0x70, 0x75, // @entryPointOutpu
	0x74, 0x2e, 0x76, 0x5f, 0x43, 0x6f, 0x6c, 0x6f, 0x72, 0x00, 0x00, 0x00, 0x05, 0x00, 0x09, 0x00, // t.v_Color.......
	0xd0, 0x02, 0x00, 0x00, 0x40, 0x65, 0x6e, 0x74, 0x72, 0x79, 0x50, 0x6f, 0x69, 0x6e, 0x74, 0x4f, // ....@entryPointO
	0x75, 0x74, 0x70, 0x75, 0x74, 0x2e, 0x76, 0x5f, 0x50, 0x6f, 0x73, 0x50, 0x00, 0x00, 0x00, 0x00, // utput.v_PosP....
	0x05, 0x00, 0x0b, 0x00, 0xd3, 0x02, 0x00, 0x00, 0x40, 0x65, 0x6e, 0x74, 0x72, 0x79, 0x50, 0x6f, // ........@entryPo
	0x69, 0x6e, 0x74, 0x4f, 0x75, 0x74, 0x70, 0x75, 0x74, 0x2e, 0x76, 0x5f, 0x50, 0x72, 0x6f, 0x6a, // intOutput.v_Proj
	0x42, 0x69, 0x6e, 0x6f, 0x72, 0x6d, 0x61, 0x6c, 0x00, 0x00, 0x00, 0x00, 0x05, 0x00, 0x0a, 0x00, // Binormal........
	0xd6, 0x02, 0x00, 0x00, 0x40, 0x65, 0x6e, 0x74, 0x72, 0x79, 0x50, 0x6f, 0x69, 0x6e, 0x74, 0x4f, // ....@entryPointO
	0x75, 0x74, 0x70, 0x75, 0x74, 0x2e, 0x76, 0x5f, 0x50, 0x72, 0x6f, 0x6a, 0x54, 0x61, 0x6e, 0x67, // utput.v_ProjTang
	0x65, 0x6e, 0x74, 0x00, 0x05, 0x00, 0x0a, 0x00, 0xd9, 0x02, 0x00, 0x00, 0x40, 0x65, 0x6e, 0x74, // ent.........@ent
	0x72, 0x79, 0x50, 0x6f, 0x69, 0x6e, 0x74, 0x4f, 0x75, 0x74, 0x70, 0x75, 0x74, 0x2e, 0x76, 0x5f, // ryPointOutput.v_
	0x55, 0x56, 0x5f, 0x4f, 0x74, 0x68, 0x65, 0x72, 0x73, 0x00, 0x00, 0x00, 0x47, 0x00, 0x03, 0x00, // UV_Others...G...
	0x60, 0x01, 0x00, 0x00, 0x02, 0x00, 0x00, 0x00, 0x48, 0x00, 0x04, 0x00, 0x60, 0x01, 0x00, 0x00, // `.......H...`...
	0x00, 0x00, 0x00, 0x00, 0x04, 0x00, 0x00, 0x00, 0x48, 0x00, 0x05, 0x00, 0x60, 0x01, 0x00, 0x00, // ........H...`...
	0x00, 0x00, 0x00, 0x00, 0x07, 0x00, 0x00, 0x00, 0x10, 0x00, 0x00, 0x00, 0x48, 0x00, 0x05, 0x00, // ............H...
	0x60, 0x01, 0x00, 0x00, 0x00, 0x00, 0x00, 0x00, 0x23, 0x00, 0x00, 0x00, 0x00, 0x00, 0x00, 0x00, // `.......#.......
	0x48, 0x00, 0x05, 0x00, 0x60, 0x01, 0x00, 0x00, 0x01, 0x00, 0x00, 0x00, 0x23, 0x00, 0x00, 0x00, // H...`.......#...
	0x40, 0x00, 0x00, 0x00, 0x48, 0x00, 0x05, 0x00, 0x60, 0x01, 0x00, 0x00, 0x02, 0x00, 0x00, 0x00, // @...H...`.......
	0x23, 0x00, 0x00, 0x00, 0x50, 0x00, 0x00, 0x00, 0x48, 0x00, 0x05, 0x00, 0x60, 0x01, 0x00, 0x00, // #...P...H...`...
	0x03, 0x00, 0x00, 0x00, 0x23, 0x00, 0x00, 0x00, 0x60, 0x00, 0x00, 0x00, 0x47, 0x00, 0x04, 0x00, // ....#...`...G...
	0x62, 0x01, 0x00, 0x00, 0x21, 0x00, 0x00, 0x00, 0x00, 0x00, 0x00, 0x00, 0x47, 0x00, 0x04, 0x00, // b...!.......G...
	0x62, 0x01, 0x00, 0x00, 0x22, 0x00, 0x00, 0x00, 0x00, 0x00, 0x00, 0x00, 0x47, 0x00, 0x04, 0x00, // b...".......G...
	0x85, 0x02, 0x00, 0x00, 0x1e, 0x00, 0x00, 0x00, 0x00, 0x00, 0x00, 0x00, 0x47, 0x00, 0x04, 0x00, // ............G...
	0x88, 0x02, 0x00, 0x00, 0x1e, 0x00, 0x00, 0x00, 0x01, 0x00, 0x00, 0x00, 0x47, 0x00, 0x04, 0x00, // ............G...
	0x8c, 0x02, 0x00, 0x00, 0x1e, 0x00, 0x00, 0x00, 0x02, 0x00, 0x00, 0x00, 0x47, 0x00, 0x04, 0x00, // ............G...
	0x8f, 0x02, 0x00, 0x00, 0x1e, 0x00, 0x00, 0x00, 0x03, 0x00, 0x00, 0x00, 0x47, 0x00, 0x04, 0x00, // ............G...
	0x93, 0x02, 0x00, 0x00, 0x1e, 0x00, 0x00, 0x00, 0x04, 0x00, 0x00, 0x00, 0x47, 0x00, 0x04, 0x00, // ............G...
	0x99, 0x02, 0x00, 0x00, 0x1e, 0x00, 0x00, 0x00, 0x06, 0x00, 0x00, 0x00, 0x47, 0x00, 0x04, 0x00, // ............G...
	0x9c, 0x02, 0x00, 0x00, 0x1e, 0x00, 0x00, 0x00, 0x07, 0x00, 0x00, 0x00, 0x47, 0x00, 0x04, 0x00, // ............G...
	0x9f, 0x02, 0x00, 0x00, 0x1e, 0x00, 0x00, 0x00, 0x08, 0x00, 0x00, 0x00, 0x47, 0x00, 0x04, 0x00, // ............G...
	0xa3, 0x02, 0x00, 0x00, 0x1e, 0x00, 0x00, 0x00, 0x09, 0x00, 0x00, 0x00, 0x47, 0x00, 0x04, 0x00, // ............G...
	0xa6, 0x02, 0x00, 0x00, 0x1e, 0x00, 0x00, 0x00, 0x0a, 0x00, 0x00, 0x00, 0x47, 0x00, 0x04, 0x00, // ............G...
	0xc1, 0x02, 0x00, 0x00, 0x0b, 0x00, 0x00, 0x00, 0x00, 0x00, 0x00, 0x00, 0x47, 0x00, 0x04, 0x00, // ............G...
	0xc4, 0x02, 0x00, 0x00, 0x1e, 0x00, 0x00, 0x00, 0x00, 0x00, 0x00, 0x00, 0x47, 0x00, 0x04, 0x00, // ............G...
	0xc7, 0x02, 0x00, 0x00, 0x1e, 0x00, 0x00, 0x00, 0x01, 0x00, 0x00, 0x00, 0x47, 0x00, 0x04, 0x00, // ............G...
	0xca, 0x02, 0x00, 0x00, 0x1e, 0x00, 0x00, 0x00, 0x02, 0x00, 0x00, 0x00, 0x47, 0x00, 0x04, 0x00, // ............G...
	0xcd, 0x02, 0x00, 0x00, 0x1e, 0x00, 0x00, 0x00, 0x03, 0x00, 0x00, 0x00, 0x47, 0x00, 0x04, 0x00, // ............G...
	0xd0, 0x02, 0x00, 0x00, 0x1e, 0x00, 0x00, 0x00, 0x04, 0x00, 0x00, 0x00, 0x47, 0x00, 0x04, 0x00, // ............G...
	0xd3, 0x02, 0x00, 0x00, 0x1e, 0x00, 0x00, 0x00, 0x05, 0x00, 0x00, 0x00, 0x47, 0x00, 0x04, 0x00, // ............G...
	0xd6, 0x02, 0x00, 0x00, 0x1e, 0x00, 0x00, 0x00, 0x06, 0x00, 0x00, 0x00, 0x47, 0x00, 0x04, 0x00, // ............G...
	0xd9, 0x02, 0x00, 0x00, 0x1e, 0x00, 0x00, 0x00, 0x07, 0x00, 0x00, 0x00, 0x13, 0x00, 0x02, 0x00, // ................
	0x02, 0x00, 0x00, 0x00, 0x21, 0x00, 0x03, 0x00, 0x03, 0x00, 0x00, 0x00, 0x02, 0x00, 0x00, 0x00, // ....!...........
	0x16, 0x00, 0x03, 0x00, 0x06, 0x00, 0x00, 0x00, 0x20, 0x00, 0x00, 0x00, 0x17, 0x00, 0x04, 0x00, // ........ .......
	0x0d, 0x00, 0x00, 0x00, 0x06, 0x00, 0x00, 0x00, 0x02, 0x00, 0x00, 0x00, 0x17, 0x00, 0x04, 0x00, // ................
	0x12, 0x00, 0x00, 0x00, 0x06, 0x00, 0x00, 0x00, 0x03, 0x00, 0x00, 0x00, 0x17, 0x00, 0x04, 0x00, // ................
	0x2b, 0x00, 0x00, 0x00, 0x06, 0x00, 0x00, 0x00, 0x04, 0x00, 0x00, 0x00, 0x15, 0x00, 0x04, 0x00, // +...............
	0x6b, 0x00, 0x00, 0x00, 0x20, 0x00, 0x00, 0x00, 0x01, 0x00, 0x00, 0x00, 0x15, 0x00, 0x04, 0x00, // k... ...........
	0x74, 0x00, 0x00, 0x00, 0x20, 0x00, 0x00, 0x00, 0x00, 0x00, 0x00, 0x00, 0x2b, 0x00, 0x04, 0x00, // t... .......+...
	0x74, 0x00, 0x00, 0x00, 0x75, 0x00, 0x00, 0x00, 0x00, 0x00, 0x00, 0x00, 0x2b, 0x00, 0x04, 0x00, // t...u.......+...
	0x74, 0x00, 0x00, 0x00, 0x7d, 0x00, 0x00, 0x00, 0x01, 0x00, 0x00, 0x00, 0x2b, 0x00, 0x04, 0x00, // t...}.......+...
	0x74, 0x00, 0x00, 0x00, 0xac, 0x00, 0x00, 0x00, 0x02, 0x00, 0x00, 0x00, 0x2b, 0x00, 0x04, 0x00, // t...........+...
	0x74, 0x00, 0x00, 0x00, 0xb0, 0x00, 0x00, 0x00, 0x03, 0x00, 0x00, 0x00, 0x2b, 0x00, 0x04, 0x00, // t...........+...
	0x06, 0x00, 0x00, 0x00, 0xba, 0x00, 0x00, 0x00, 0x00, 0x00, 0x00, 0x00, 0x14, 0x00, 0x02, 0x00, // ................
	0xbb, 0x00, 0x00, 0x00, 0x2b, 0x00, 0x04, 0x00, 0x06, 0x00, 0x00, 0x00, 0xc5, 0x00, 0x00, 0x00, // ....+...........
	0x00, 0x00, 0x80, 0x3f, 0x2b, 0x00, 0x04, 0x00, 0x06, 0x00, 0x00, 0x00, 0xec, 0x00, 0x00, 0x00, // ...?+...........
	0x00, 0x00, 0x00, 0x40, 0x18, 0x00, 0x04, 0x00, 0x5f, 0x01, 0x00, 0x00, 0x2b, 0x00, 0x00, 0x00, // ...@...._...+...
	0x04, 0x00, 0x00, 0x00, 0x1e, 0x00, 0x06, 0x00, 0x60, 0x01, 0x00, 0x00, 0x5f, 0x01, 0x00, 0x00, // ........`..._...
	0x2b, 0x00, 0x00, 0x00, 0x2b, 0x00, 0x00, 0x00, 0x2b, 0x00, 0x00, 0x00, 0x20, 0x00, 0x04, 0x00, // +...+...+... ...
	0x61, 0x01, 0x00, 0x00, 0x02, 0x00, 0x00, 0x00, 0x60, 0x01, 0x00, 0x00, 0x3b, 0x00, 0x04, 0x00, // a.......`...;...
	0x61, 0x01, 0x00, 0x00, 0x62, 0x01, 0x00, 0x00, 0x02, 0x00, 0x00, 0x00, 0x2b, 0x00, 0x04, 0x00, // a...b.......+...
	0x6b, 0x00, 0x00, 0x00, 0x63, 0x01, 0x00, 0x00, 0x01, 0x00, 0x00, 0x00, 0x20, 0x00, 0x04, 0x00, // k...c....... ...
	0x64, 0x01, 0x00, 0x00, 0x02, 0x00, 0x00, 0x00, 0x06, 0x00, 0x00, 0x00, 0x2b, 0x00, 0x04, 0x00, // d...........+...
	0x6b, 0x00, 0x00, 0x00, 0xa6, 0x01, 0x00, 0x00, 0x02, 0x00, 0x00, 0x00, 0x20, 0x00, 0x04, 0x00, // k........... ...
	0xa7, 0x01, 0x00, 0x00, 0x02, 0x00, 0x00, 0x00, 0x2b, 0x00, 0x00, 0x00, 0x2b, 0x00, 0x04, 0x00, // ........+...+...
	0x6b, 0x00, 0x00, 0x00, 0xab, 0x01, 0x00, 0x00, 0x03, 0x00, 0x00, 0x00, 0x2b, 0x00, 0x04, 0x00, // k...........+...
	0x06, 0x00, 0x00, 0x00, 0xe2, 0x01, 0x00, 0x00, 0x00, 0x00, 0x00, 0x3f, 0x2b, 0x00, 0x04, 0x00, // ...........?+...
	0x6b, 0x00, 0x00, 0x00, 0x15, 0x02, 0x00, 0x00, 0x00, 0x00, 0x00, 0x00, 0x20, 0x00, 0x04, 0x00, // k........... ...
	0x1e, 0x02, 0x00, 0x00, 0x02, 0x00, 0x00, 0x00, 0x5f, 0x01, 0x00, 0x00, 0x20, 0x00, 0x04, 0x00, // ........_... ...
	0x84, 0x02, 0x00, 0x00, 0x01, 0x00, 0x00, 0x00, 0x2b, 0x00, 0x00, 0x00, 0x3b, 0x00, 0x04, 0x00, // ........+...;...
	0x84, 0x02, 0x00, 0x00, 0x85, 0x02, 0x00, 0x00, 0x01, 0x00, 0x00, 0x00, 0x3b, 0x00, 0x04, 0x00, // ............;...
	0x84, 0x02, 0x00, 0x00, 0x88, 0x02, 0x00, 0x00, 0x01, 0x00, 0x00, 0x00, 0x20, 0x00, 0x04, 0x00, // ............ ...
	0x8b, 0x02, 0x00, 0x00, 0x01, 0x00, 0x00, 0x00, 0x12, 0x00, 0x00, 0x00, 0x3b, 0x00, 0x04, 0x00, // ............;...
	0x8b, 0x02, 0x00, 0x00, 0x8c, 0x02, 0x00, 0x00, 0x01, 0x00, 0x00, 0x00, 0x3b, 0x00, 0x04, 0x00, // ............;...
	0x84, 0x02, 0x00, 0x00, 0x8f, 0x02, 0x00, 0x00, 0x01, 0x00, 0x00, 0x00, 0x20, 0x00, 0x04, 0x00, // ............ ...
	0x92, 0x02, 0x00, 0x00, 0x01, 0x00, 0x00, 0x00, 0x0d, 0x00, 0x00, 0x00, 0x3b, 0x00, 0x04, 0x00, // ............;...
	0x92, 0x02, 0x00, 0x00, 0x93, 0x02, 0x00, 0x00, 0x01, 0x00, 0x00, 0x00, 0x3b, 0x00, 0x04, 0x00, // ............;...
	0x84, 0x02, 0x00, 0x00, 0x99, 0x02, 0x00, 0x00, 0x01, 0x00, 0x00, 0x00, 0x3b, 0x00, 0x04, 0x00, // ............;...
	0x92, 0x02, 0x00, 0x00, 0x9c, 0x02, 0x00, 0x00, 0x01, 0x00, 0x00, 0x00, 0x3b, 0x00, 0x04, 0x00, // ............;...
	0x84, 0x02, 0x00, 0x00, 0x9f, 0x02, 0x00, 0x00, 0x01, 0x00, 0x00, 0x00, 0x20, 0x00, 0x04, 0x00, // ............ ...
	0xa2, 0x02, 0x00, 0x00, 0x01, 0x00, 0x00, 0x00, 0x06, 0x00, 0x00, 0x00, 0x3b, 0x00, 0x04, 0x00, // ............;...
	0xa2, 0x02, 0x00, 0x00, 0xa3, 0x02, 0x00, 0x00, 0x01, 0x00, 0x00, 0x00, 0x3b, 0x00, 0x04, 0x00, // ............;...
	0xa2, 0x02, 0x00, 0x00, 0xa6, 0x02, 0x00, 0x00, 0x01, 0x00, 0x00, 0x00, 0x20, 0x00, 0x04, 0x00, // ............ ...
	0xc0, 0x02, 0x00, 0x00, 0x03, 0x00, 0x00, 0x00, 0x2b, 0x00, 0x00, 0x00, 0x3b, 0x00, 0x04, 0x00, // ........+...;...
	0xc0, 0x02, 0x00, 0x00, 0xc1, 0x02, 0x00, 0x00, 0x03, 0x00, 0x00, 0x00, 0x3b, 0x00, 0x04, 0x00, // ............;...
	0xc0, 0x02, 0x00, 0x00, 0xc4, 0x02, 0x00, 0x00, 0x03, 0x00, 0x00, 0x00, 0x3b, 0x00, 0x04, 0x00, // ............;...
	0xc0, 0x02, 0x00, 0x00, 0xc7, 0x02, 0x00, 0x00, 0x03, 0x00, 0x00, 0x00, 0x3b, 0x00, 0x04, 0x00, // ............;...
	0xc0, 0x02, 0x00, 0x00, 0xca, 0x02, 0x00, 0x00, 0x03, 0x00, 0x00, 0x00, 0x3b, 0x00, 0x04, 0x00, // ............;...
	0xc0, 0x02, 0x00, 0x00, 0xcd, 0x02, 0x00, 0x00, 0x03, 0x00, 0x00, 0x00, 0x3b, 0x00, 0x04, 0x00, // ............;...
	0xc0, 0x02, 0x00, 0x00, 0xd0, 0x02, 0x00, 0x00, 0x03, 0x00, 0x00, 0x00, 0x3b, 0x00, 0x04, 0x00, // ............;...
	0xc0, 0x02, 0x00, 0x00, 0xd3, 0x02, 0x00, 0x00, 0x03, 0x00, 0x00, 0x00, 0x3b, 0x00, 0x04, 0x00, // ............;...
	0xc0, 0x02, 0x00, 0x00, 0xd6, 0x02, 0x00, 0x00, 0x03, 0x00, 0x00, 0x00, 0x3b, 0x00, 0x04, 0x00, // ............;...
	0xc0, 0x02, 0x00, 0x00, 0xd9, 0x02, 0x00, 0x00, 0x03, 0x00, 0x00, 0x00, 0x2c, 0x00, 0x06, 0x00, // ............,...
	0x12, 0x00, 0x00, 0x00, 0x23, 0x06, 0x00, 0x00, 0xe2, 0x01, 0x00, 0x00, 0xe2, 0x01, 0x00, 0x00, // ....#...........
	0xe2, 0x01, 0x00, 0x00, 0x2c, 0x00, 0x05, 0x00, 0x0d, 0x00, 0x00, 0x00, 0x24, 0x06, 0x00, 0x00, // ....,.......$...
	0xba, 0x00, 0x00, 0x00, 0xba, 0x00, 0x00, 0x00, 0x01, 0x00, 0x03, 0x00, 0x2b, 0x00, 0x00, 0x00, // ............+...
	0x7c, 0x06, 0x00, 0x00, 0x36, 0x00, 0x05, 0x00, 0x02, 0x00, 0x00, 0x00, 0x04, 0x00, 0x00, 0x00, // |...6...........
	0x00, 0x00, 0x00, 0x00, 0x03, 0x00, 0x00, 0x00, 0xf8, 0x00, 0x02, 0x00, 0x05, 0x00, 0x00, 0x00, // ................
	0x3d, 0x00, 0x04, 0x00, 0x2b, 0x00, 0x00, 0x00, 0x86, 0x02, 0x00, 0x00, 0x85, 0x02, 0x00, 0x00, // =...+...........
	0x3d, 0x00, 0x04, 0x00, 0x2b, 0x00, 0x00, 0x00, 0x89, 0x02, 0x00, 0x00, 0x88, 0x02, 0x00, 0x00, // =...+...........
	0x3d, 0x00, 0x04, 0x00, 0x2b, 0x00, 0x00, 0x00, 0x90, 0x02, 0x00, 0x00, 0x8f, 0x02, 0x00, 0x00, // =...+...........
	0x3d, 0x00, 0x04, 0x00, 0x0d, 0x00, 0x00, 0x00, 0x94, 0x02, 0x00, 0x00, 0x93, 0x02, 0x00, 0x00, // =...............
	0x3d, 0x00, 0x04, 0x00, 0x2b, 0x00, 0x00, 0x00, 0x9a, 0x02, 0x00, 0x00, 0x99, 0x02, 0x00, 0x00, // =...+...........
	0x3d, 0x00, 0x04, 0x00, 0x2b, 0x00, 0x00, 0x00, 0xa0, 0x02, 0x00, 0x00, 0x9f, 0x02, 0x00, 0x00, // =...+...........
	0x3d, 0x00, 0x04, 0x00, 0x06, 0x00, 0x00, 0x00, 0xa4, 0x02, 0x00, 0x00, 0xa3, 0x02, 0x00, 0x00, // =...............
	0x3d, 0x00, 0x04, 0x00, 0x06, 0x00, 0x00, 0x00, 0xa7, 0x02, 0x00, 0x00, 0xa6, 0x02, 0x00, 0x00, // =...............
	0x4f, 0x00, 0x08, 0x00, 0x12, 0x00, 0x00, 0x00, 0x3a, 0x03, 0x00, 0x00, 0x89, 0x02, 0x00, 0x00, // O.......:.......
	0x89, 0x02, 0x00, 0x00, 0x00, 0x00, 0x00, 0x00, 0x01, 0x00, 0x00, 0x00, 0x02, 0x00, 0x00, 0x00, // ................
	0x83, 0x00, 0x05, 0x00, 0x12, 0x00, 0x00, 0x00, 0x3c, 0x03, 0x00, 0x00, 0x3a, 0x03, 0x00, 0x00, // ........<...:...
	0x23, 0x06, 0x00, 0x00, 0x8e, 0x00, 0x05, 0x00, 0x12, 0x00, 0x00, 0x00, 0x3d, 0x03, 0x00, 0x00, // #...........=...
	0x3c, 0x03, 0x00, 0x00, 0xec, 0x00, 0x00, 0x00, 0x51, 0x00, 0x05, 0x00, 0x06, 0x00, 0x00, 0x00, // <.......Q.......
	0x3e, 0x03, 0x00, 0x00, 0x3d, 0x03, 0x00, 0x00, 0x00, 0x00, 0x00, 0x00, 0x51, 0x00, 0x05, 0x00, // >...=.......Q...
	0x06, 0x00, 0x00, 0x00, 0x3f, 0x03, 0x00, 0x00, 0x3d, 0x03, 0x00, 0x00, 0x01, 0x00, 0x00, 0x00, // ....?...=.......
	0x51, 0x00, 0x05, 0x00, 0x06, 0x00, 0x00, 0x00, 0x40, 0x03, 0x00, 0x00, 0x3d, 0x03, 0x00, 0x00, // Q.......@...=...
	0x02, 0x00, 0x00, 0x00, 0x50, 0x00, 0x07, 0x00, 0x2b, 0x00, 0x00, 0x00, 0x41, 0x03, 0x00, 0x00, // ....P...+...A...
	0x3e, 0x03, 0x00, 0x00, 0x3f, 0x03, 0x00, 0x00, 0x40, 0x03, 0x00, 0x00, 0xba, 0x00, 0x00, 0x00, // >...?...@.......
	0x4f, 0x00, 0x08, 0x00, 0x12, 0x00, 0x00, 0x00, 0x44, 0x03, 0x00, 0x00, 0x90, 0x02, 0x00, 0x00, // O.......D.......
	0x90, 0x02, 0x00, 0x00, 0x00, 0x00, 0x00, 0x00, 0x01, 0x00, 0x00, 0x00, 0x02, 0x00, 0x00, 0x00, // ................
	0x83, 0x00, 0x05, 0x00, 0x12, 0x00, 0x00, 0x00, 0x46, 0x03, 0x00, 0x00, 0x44, 0x03, 0x00, 0x00, // ........F...D...
	0x23, 0x06, 0x00, 0x00, 0x8e, 0x00, 0x05, 0x00, 0x12, 0x00, 0x00, 0x00, 0x47, 0x03, 0x00, 0x00, // #...........G...
	0x46, 0x03, 0x00, 0x00, 0xec, 0x00, 0x00, 0x00, 0x51, 0x00, 0x05, 0x00, 0x06, 0x00, 0x00, 0x00, // F.......Q.......
	0x48, 0x03, 0x00, 0x00, 0x47, 0x03, 0x00, 0x00, 0x00, 0x00, 0x00, 0x00, 0x51, 0x00, 0x05, 0x00, // H...G.......Q...
	0x06, 0x00, 0x00, 0x00, 0x49, 0x03, 0x00, 0x00, 0x47, 0x03, 0x00, 0x00, 0x01, 0x00, 0x00, 0x00, // ....I...G.......
	0x51, 0x00, 0x05, 0x00, 0x06, 0x00, 0x00, 0x00, 0x4a, 0x03, 0x00, 0x00, 0x47, 0x03, 0x00, 0x00, // Q.......J...G...
	0x02, 0x00, 0x00, 0x00, 0x50, 0x00, 0x07, 0x00, 0x2b, 0x00, 0x00, 0x00, 0x4b, 0x03, 0x00, 0x00, // ....P...+...K...
	0x48, 0x03, 0x00, 0x00, 0x49, 0x03, 0x00, 0x00, 0x4a, 0x03, 0x00, 0x00, 0xba, 0x00, 0x00, 0x00, // H...I...J.......
	0x4f, 0x00, 0x08, 0x00, 0x12, 0x00, 0x00, 0x00, 0x4d, 0x03, 0x00, 0x00, 0x41, 0x03, 0x00, 0x00, // O.......M...A...
	0x41, 0x03, 0x00, 0x00, 0x00, 0x00, 0x00, 0x00, 0x01, 0x00, 0x00, 0x00, 0x02, 0x00, 0x00, 0x00, // A...............
	0x4f, 0x00, 0x08, 0x00, 0x12, 0x00, 0x00, 0x00, 0x4f, 0x03, 0x00, 0x00, 0x4b, 0x03, 0x00, 0x00, // O.......O...K...
	0x4b, 0x03, 0x00, 0x00, 0x00, 0x00, 0x00, 0x00, 0x01, 0x00, 0x00, 0x00, 0x02, 0x00, 0x00, 0x00, // K...............
	0x0c, 0x00, 0x07, 0x00, 0x12, 0x00, 0x00, 0x00, 0x50, 0x03, 0x00, 0x00, 0x01, 0x00, 0x00, 0x00, // ........P.......
	0x44, 0x00, 0x00, 0x00, 0x4d, 0x03, 0x00, 0x00, 0x4f, 0x03, 0x00, 0x00, 0x51, 0x00, 0x05, 0x00, // D...M...O...Q...
	0x06, 0x00, 0x00, 0x00, 0x51, 0x03, 0x00, 0x00, 0x50, 0x03, 0x00, 0x00, 0x00, 0x00, 0x00, 0x00, // ....Q...P.......
	0x51, 0x00, 0x05, 0x00, 0x06, 0x00, 0x00, 0x00, 0x52, 0x03, 0x00, 0x00, 0x50, 0x03, 0x00, 0x00, // Q.......R...P...
	0x01, 0x00, 0x00, 0x00, 0x51, 0x00, 0x05, 0x00, 0x06, 0x00, 0x00, 0x00, 0x53, 0x03, 0x00, 0x00, // ....Q.......S...
	0x50, 0x03, 0x00, 0x00, 0x02, 0x00, 0x00, 0x00, 0x50, 0x00, 0x07, 0x00, 0x2b, 0x00, 0x00, 0x00, // P.......P...+...
	0x54, 0x03, 0x00, 0x00, 0x51, 0x03, 0x00, 0x00, 0x52, 0x03, 0x00, 0x00, 0x53, 0x03, 0x00, 0x00, // T...Q...R...S...
	0xba, 0x00, 0x00, 0x00, 0x41, 0x00, 0x06, 0x00, 0x64, 0x01, 0x00, 0x00, 0x57, 0x03, 0x00, 0x00, // ....A...d...W...
	0x62, 0x01, 0x00, 0x00, 0x63, 0x01, 0x00, 0x00, 0x75, 0x00, 0x00, 0x00, 0x3d, 0x00, 0x04, 0x00, // b...c...u...=...
	0x06, 0x00, 0x00, 0x00, 0x58, 0x03, 0x00, 0x00, 0x57, 0x03, 0x00, 0x00, 0x41, 0x00, 0x06, 0x00, // ....X...W...A...
	0x64, 0x01, 0x00, 0x00, 0x59, 0x03, 0x00, 0x00, 0x62, 0x01, 0x00, 0x00, 0x63, 0x01, 0x00, 0x00, // d...Y...b...c...
	0x7d, 0x00, 0x00, 0x00, 0x3d, 0x00, 0x04, 0x00, 0x06, 0x00, 0x00, 0x00, 0x5a, 0x03, 0x00, 0x00, // }...=.......Z...
	0x59, 0x03, 0x00, 0x00, 0x51, 0x00, 0x05, 0x00, 0x06, 0x00, 0x00, 0x00, 0x5c, 0x03, 0x00, 0x00, // Y...Q...........
	0x94, 0x02, 0x00, 0x00, 0x01, 0x00, 0x00, 0x00, 0x85, 0x00, 0x05, 0x00, 0x06, 0x00, 0x00, 0x00, // ................
	0x5d, 0x03, 0x00, 0x00, 0x5a, 0x03, 0x00, 0x00, 0x5c, 0x03, 0x00, 0x00, 0x81, 0x00, 0x05, 0x00, // ]...Z...........
	0x06, 0x00, 0x00, 0x00, 0x5e, 0x03, 0x00, 0x00, 0x58, 0x03, 0x00, 0x00, 0x5d, 0x03, 0x00, 0x00, // ....^...X...]...
	0x51, 0x00, 0x05, 0x00, 0x06, 0x00, 0x00, 0x00, 0x61, 0x03, 0x00, 0x00, 0x94, 0x02, 0x00, 0x00, // Q.......a.......
	0x00, 0x00, 0x00, 0x00, 0x52, 0x00, 0x06, 0x00, 0x2b, 0x00, 0x00, 0x00, 0x2a, 0x06, 0x00, 0x00, // ....R...+...*...
	0x61, 0x03, 0x00, 0x00, 0x7c, 0x06, 0x00, 0x00, 0x00, 0x00, 0x00, 0x00, 0x41, 0x00, 0x05, 0x00, // a...|.......A...
	0xa2, 0x02, 0x00, 0x00, 0xfb, 0x05, 0x00, 0x00, 0x8c, 0x02, 0x00, 0x00, 0x75, 0x00, 0x00, 0x00, // ............u...
	0x3d, 0x00, 0x04, 0x00, 0x06, 0x00, 0x00, 0x00, 0x67, 0x03, 0x00, 0x00, 0xfb, 0x05, 0x00, 0x00, // =.......g.......
	0x41, 0x00, 0x05, 0x00, 0xa2, 0x02, 0x00, 0x00, 0xfc, 0x05, 0x00, 0x00, 0x8c, 0x02, 0x00, 0x00, // A...............
	0x7d, 0x00, 0x00, 0x00, 0x3d, 0x00, 0x04, 0x00, 0x06, 0x00, 0x00, 0x00, 0x69, 0x03, 0x00, 0x00, // }...=.......i...
	0xfc, 0x05, 0x00, 0x00, 0x41, 0x00, 0x05, 0x00, 0xa2, 0x02, 0x00, 0x00, 0xfd, 0x05, 0x00, 0x00, // ....A...........
	0x8c, 0x02, 0x00, 0x00, 0xac, 0x00, 0x00, 0x00, 0x3d, 0x00, 0x04, 0x00, 0x06, 0x00, 0x00, 0x00, // ........=.......
	0x6b, 0x03, 0x00, 0x00, 0xfd, 0x05, 0x00, 0x00, 0x50, 0x00, 0x07, 0x00, 0x2b, 0x00, 0x00, 0x00, // k.......P...+...
	0x6c, 0x03, 0x00, 0x00, 0x67, 0x03, 0x00, 0x00, 0x69, 0x03, 0x00, 0x00, 0x6b, 0x03, 0x00, 0x00, // l...g...i...k...
	0xc5, 0x00, 0x00, 0x00, 0x41, 0x00, 0x05, 0x00, 0x1e, 0x02, 0x00, 0x00, 0x6e, 0x03, 0x00, 0x00, // ....A.......n...
	0x62, 0x01, 0x00, 0x00, 0x15, 0x02, 0x00, 0x00, 0x3d, 0x00, 0x04, 0x00, 0x5f, 0x01, 0x00, 0x00, // b.......=..._...
	0x6f, 0x03, 0x00, 0x00, 0x6e, 0x03, 0x00, 0x00, 0x90, 0x00, 0x05, 0x00, 0x2b, 0x00, 0x00, 0x00, // o...n.......+...
	0x70, 0x03, 0x00, 0x00, 0x6c, 0x03, 0x00, 0x00, 0x6f, 0x03, 0x00, 0x00, 0x81, 0x00, 0x05, 0x00, // p...l...o.......
	0x2b, 0x00, 0x00, 0x00, 0x74, 0x03, 0x00, 0x00, 0x6c, 0x03, 0x00, 0x00, 0x4b, 0x03, 0x00, 0x00, // +...t...l...K...
	0x90, 0x00, 0x05, 0x00, 0x2b, 0x00, 0x00, 0x00, 0x77, 0x03, 0x00, 0x00, 0x74, 0x03, 0x00, 0x00, // ....+...w...t...
	0x6f, 0x03, 0x00, 0x00, 0x81, 0x00, 0x05, 0x00, 0x2b, 0x00, 0x00, 0x00, 0x7b, 0x03, 0x00, 0x00, // o.......+...{...
	0x6c, 0x03, 0x00, 0x00, 0x54, 0x03, 0x00, 0x00, 0x90, 0x00, 0x05, 0x00, 0x2b, 0x00, 0x00, 0x00, // l...T.......+...
	0x7e, 0x03, 0x00, 0x00, 0x7b, 0x03, 0x00, 0x00, 0x6f, 0x03, 0x00, 0x00, 0x41, 0x00, 0x05, 0x00, // ~...{...o...A...
	0xa2, 0x02, 0x00, 0x00, 0x86, 0x05, 0x00, 0x00, 0x99, 0x02, 0x00, 0x00, 0x7d, 0x00, 0x00, 0x00, // ............}...
	0x3d, 0x00, 0x04, 0x00, 0x06, 0x00, 0x00, 0x00, 0xb1, 0x03, 0x00, 0x00, 0x86, 0x05, 0x00, 0x00, // =...............
	0x85, 0x00, 0x05, 0x00, 0x06, 0x00, 0x00, 0x00, 0xb2, 0x03, 0x00, 0x00, 0x5a, 0x03, 0x00, 0x00, // ............Z...
	0xb1, 0x03, 0x00, 0x00, 0x81, 0x00, 0x05, 0x00, 0x06, 0x00, 0x00, 0x00, 0xb3, 0x03, 0x00, 0x00, // ................
	0x58, 0x03, 0x00, 0x00, 0xb2, 0x03, 0x00, 0x00, 0x52, 0x00, 0x06, 0x00, 0x2b, 0x00, 0x00, 0x00, // X.......R...+...
	0x2f, 0x06, 0x00, 0x00, 0xb3, 0x03, 0x00, 0x00, 0x9a, 0x02, 0x00, 0x00, 0x01, 0x00, 0x00, 0x00, // /...............
	0x41, 0x00, 0x05, 0x00, 0xa2, 0x02, 0x00, 0x00, 0x87, 0x05, 0x00, 0x00, 0x99, 0x02, 0x00, 0x00, // A...............
	0xb0, 0x00, 0x00, 0x00, 0x3d, 0x00, 0x04, 0x00, 0x06, 0x00, 0x00, 0x00, 0xba, 0x03, 0x00, 0x00, // ....=...........
	0x87, 0x05, 0x00, 0x00, 0x85, 0x00, 0x05, 0x00, 0x06, 0x00, 0x00, 0x00, 0xbb, 0x03, 0x00, 0x00, // ................
	0x5a, 0x03, 0x00, 0x00, 0xba, 0x03, 0x00, 0x00, 0x81, 0x00, 0x05, 0x00, 0x06, 0x00, 0x00, 0x00, // Z...............
	0xbc, 0x03, 0x00, 0x00, 0x58, 0x03, 0x00, 0x00, 0xbb, 0x03, 0x00, 0x00, 0x52, 0x00, 0x06, 0x00, // ....X.......R...
	0x2b, 0x00, 0x00, 0x00, 0x31, 0x06, 0x00, 0x00, 0xbc, 0x03, 0x00, 0x00, 0x2f, 0x06, 0x00, 0x00, // +...1......./...
	0x03, 0x00, 0x00, 0x00, 0x41, 0x00, 0x05, 0x00, 0xa2, 0x02, 0x00, 0x00, 0x88, 0x05, 0x00, 0x00, // ....A...........
	0x9c, 0x02, 0x00, 0x00, 0x75, 0x00, 0x00, 0x00, 0x3d, 0x00, 0x04, 0x00, 0x06, 0x00, 0x00, 0x00, // ....u...=.......
	0xbf, 0x03, 0x00, 0x00, 0x88, 0x05, 0x00, 0x00, 0x41, 0x00, 0x05, 0x00, 0xa2, 0x02, 0x00, 0x00, // ........A.......
	0x89, 0x05, 0x00, 0x00, 0x9c, 0x02, 0x00, 0x00, 0x7d, 0x00, 0x00, 0x00, 0x3d, 0x00, 0x04, 0x00, // ........}...=...
	0x06, 0x00, 0x00, 0x00, 0xc2, 0x03, 0x00, 0x00, 0x89, 0x05, 0x00, 0x00, 0x85, 0x00, 0x05, 0x00, // ................
	0x06, 0x00, 0x00, 0x00, 0xca, 0x03, 0x00, 0x00, 0x5a, 0x03, 0x00, 0x00, 0xc2, 0x03, 0x00, 0x00, // ........Z.......
	0x81, 0x00, 0x05, 0x00, 0x06, 0x00, 0x00, 0x00, 0xcb, 0x03, 0x00, 0x00, 0x58, 0x03, 0x00, 0x00, // ............X...
	0xca, 0x03, 0x00, 0x00, 0x41, 0x00, 0x05, 0x00, 0xa2, 0x02, 0x00, 0x00, 0x8b, 0x05, 0x00, 0x00, // ....A...........
	0x9f, 0x02, 0x00, 0x00, 0x7d, 0x00, 0x00, 0x00, 0x3d, 0x00, 0x04, 0x00, 0x06, 0x00, 0x00, 0x00, // ....}...=.......
	0xd5, 0x03, 0x00, 0x00, 0x8b, 0x05, 0x00, 0x00, 0x85, 0x00, 0x05, 0x00, 0x06, 0x00, 0x00, 0x00, // ................
	0xd6, 0x03, 0x00, 0x00, 0x5a, 0x03, 0x00, 0x00, 0xd5, 0x03, 0x00, 0x00, 0x81, 0x00, 0x05, 0x00, // ....Z...........
	0x06, 0x00, 0x00, 0x00, 0xd7, 0x03, 0x00, 0x00, 0x58, 0x03, 0x00, 0x00, 0xd6, 0x03, 0x00, 0x00, // ........X.......
	0x52, 0x00, 0x06, 0x00, 0x2b, 0x00, 0x00, 0x00, 0x39, 0x06, 0x00, 0x00, 0xd7, 0x03, 0x00, 0x00, // R...+...9.......
	0xa0, 0x02, 0x00, 0x00, 0x01, 0x00, 0x00, 0x00, 0x41, 0x00, 0x05, 0x00, 0xa2, 0x02, 0x00, 0x00, // ........A.......
	0x8c, 0x05, 0x00, 0x00, 0x9f, 0x02, 0x00, 0x00, 0xb0, 0x00, 0x00, 0x00, 0x3d, 0x00, 0x04, 0x00, // ............=...
	0x06, 0x00, 0x00, 0x00, 0xde, 0x03, 0x00, 0x00, 0x8c, 0x05, 0x00, 0x00, 0x85, 0x00, 0x05, 0x00, // ................
	0x06, 0x00, 0x00, 0x00, 0xdf, 0x03, 0x00, 0x00, 0x5a, 0x03, 0x00, 0x00, 0xde, 0x03, 0x00, 0x00, // ........Z.......
	0x81, 0x00, 0x05, 0x00, 0x06, 0x00, 0x00, 0x00, 0xe0, 0x03, 0x00, 0x00, 0x58, 0x03, 0x00, 0x00, // ............X...
	0xdf, 0x03, 0x00, 0x00, 0x52, 0x00, 0x06, 0x00, 0x2b, 0x00, 0x00, 0x00, 0x3b, 0x06, 0x00, 0x00, // ....R...+...;...
	0xe0, 0x03, 0x00, 0x00, 0x39, 0x06, 0x00, 0x00, 0x03, 0x00, 0x00, 0x00, 0x41, 0x00, 0x05, 0x00, // ....9.......A...
	0xa7, 0x01, 0x00, 0x00, 0xe5, 0x03, 0x00, 0x00, 0x62, 0x01, 0x00, 0x00, 0xa6, 0x01, 0x00, 0x00, // ........b.......
	0x3d, 0x00, 0x04, 0x00, 0x2b, 0x00, 0x00, 0x00, 0xe6, 0x03, 0x00, 0x00, 0xe5, 0x03, 0x00, 0x00, // =...+...........
	0x41, 0x00, 0x05, 0x00, 0xa7, 0x01, 0x00, 0x00, 0xe7, 0x03, 0x00, 0x00, 0x62, 0x01, 0x00, 0x00, // A...........b...
	0xab, 0x01, 0x00, 0x00, 0x3d, 0x00, 0x04, 0x00, 0x2b, 0x00, 0x00, 0x00, 0xe8, 0x03, 0x00, 0x00, // ....=...+.......
	0xe7, 0x03, 0x00, 0x00, 0x4f, 0x00, 0x07, 0x00, 0x0d, 0x00, 0x00, 0x00, 0xed, 0x03, 0x00, 0x00, // ....O...........
	0x2a, 0x06, 0x00, 0x00, 0x2a, 0x06, 0x00, 0x00, 0x00, 0x00, 0x00, 0x00, 0x01, 0x00, 0x00, 0x00, // *...*...........
	0x41, 0x00, 0x05, 0x00, 0xa7, 0x01, 0x00, 0x00, 0xee, 0x03, 0x00, 0x00, 0x62, 0x01, 0x00, 0x00, // A...........b...
	0x63, 0x01, 0x00, 0x00, 0x3d, 0x00, 0x04, 0x00, 0x2b, 0x00, 0x00, 0x00, 0xef, 0x03, 0x00, 0x00, // c...=...+.......
	0xee, 0x03, 0x00, 0x00, 0x51, 0x00, 0x05, 0x00, 0x06, 0x00, 0x00, 0x00, 0x3f, 0x04, 0x00, 0x00, // ....Q.......?...
	0xe6, 0x03, 0x00, 0x00, 0x00, 0x00, 0x00, 0x00, 0x51, 0x00, 0x05, 0x00, 0x06, 0x00, 0x00, 0x00, // ........Q.......
	0x41, 0x04, 0x00, 0x00, 0xe6, 0x03, 0x00, 0x00, 0x01, 0x00, 0x00, 0x00, 0x51, 0x00, 0x05, 0x00, // A...........Q...
	0x06, 0x00, 0x00, 0x00, 0x43, 0x04, 0x00, 0x00, 0xe6, 0x03, 0x00, 0x00, 0x02, 0x00, 0x00, 0x00, // ....C...........
	0x51, 0x00, 0x05, 0x00, 0x06, 0x00, 0x00, 0x00, 0x45, 0x04, 0x00, 0x00, 0xe6, 0x03, 0x00, 0x00, // Q.......E.......
	0x03, 0x00, 0x00, 0x00, 0x4f, 0x00, 0x07, 0x00, 0x0d, 0x00, 0x00, 0x00, 0x47, 0x04, 0x00, 0x00, // ....O.......G...
	0xe8, 0x03, 0x00, 0x00, 0xe8, 0x03, 0x00, 0x00, 0x00, 0x00, 0x00, 0x00, 0x01, 0x00, 0x00, 0x00, // ................
	0x4f, 0x00, 0x07, 0x00, 0x0d, 0x00, 0x00, 0x00, 0x49, 0x04, 0x00, 0x00, 0xe8, 0x03, 0x00, 0x00, // O.......I.......
	0xe8, 0x03, 0x00, 0x00, 0x02, 0x00, 0x00, 0x00, 0x03, 0x00, 0x00, 0x00, 0xba, 0x00, 0x05, 0x00, // ................
	0xbb, 0x00, 0x00, 0x00, 0x4b, 0x04, 0x00, 0x00, 0x3f, 0x04, 0x00, 0x00, 0xba, 0x00, 0x00, 0x00, // ....K...?.......
	0xf7, 0x00, 0x03, 0x00, 0xbf, 0x04, 0x00, 0x00, 0x00, 0x00, 0x00, 0x00, 0xfa, 0x00, 0x04, 0x00, // ................
	0x4b, 0x04, 0x00, 0x00, 0x4c, 0x04, 0x00, 0x00, 0xbf, 0x04, 0x00, 0x00, 0xf8, 0x00, 0x02, 0x00, // K...L...........
	0x4c, 0x04, 0x00, 0x00, 0x0c, 0x00, 0x06, 0x00, 0x06, 0x00, 0x00, 0x00, 0x4e, 0x04, 0x00, 0x00, // L...........N...
	0x01, 0x00, 0x00, 0x00, 0x0a, 0x00, 0x00, 0x00, 0xa4, 0x02, 0x00, 0x00, 0x0c, 0x00, 0x06, 0x00, // ................
	0x06, 0x00, 0x00, 0x00, 0x50, 0x04, 0x00, 0x00, 0x01, 0x00, 0x00, 0x00, 0x08, 0x00, 0x00, 0x00, // ....P...........
	0xa4, 0x02, 0x00, 0x00, 0x81, 0x00, 0x05, 0x00, 0x06, 0x00, 0x00, 0x00, 0x53, 0x04, 0x00, 0x00, // ............S...
	0x50, 0x04, 0x00, 0x00, 0xc5, 0x00, 0x00, 0x00, 0x85, 0x00, 0x05, 0x00, 0x06, 0x00, 0x00, 0x00, // P...............
	0x56, 0x04, 0x00, 0x00, 0x43, 0x04, 0x00, 0x00, 0x45, 0x04, 0x00, 0x00, 0xb4, 0x00, 0x05, 0x00, // V...C...E.......
	0xbb, 0x00, 0x00, 0x00, 0x58, 0x04, 0x00, 0x00, 0x41, 0x04, 0x00, 0x00, 0xba, 0x00, 0x00, 0x00, // ....X...A.......
	0xf7, 0x00, 0x03, 0x00, 0x95, 0x04, 0x00, 0x00, 0x00, 0x00, 0x00, 0x00, 0xfa, 0x00, 0x04, 0x00, // ................
	0x58, 0x04, 0x00, 0x00, 0x59, 0x04, 0x00, 0x00, 0x63, 0x04, 0x00, 0x00, 0xf8, 0x00, 0x02, 0x00, // X...Y...c.......
	0x59, 0x04, 0x00, 0x00, 0xbe, 0x00, 0x05, 0x00, 0xbb, 0x00, 0x00, 0x00, 0x5c, 0x04, 0x00, 0x00, // Y...............
	0x53, 0x04, 0x00, 0x00, 0x56, 0x04, 0x00, 0x00, 0xf7, 0x00, 0x03, 0x00, 0x62, 0x04, 0x00, 0x00, // S...V.......b...
	0x00, 0x00, 0x00, 0x00, 0xfa, 0x00, 0x04, 0x00, 0x5c, 0x04, 0x00, 0x00, 0x5d, 0x04, 0x00, 0x00, // ............]...
	0x62, 0x04, 0x00, 0x00, 0xf8, 0x00, 0x02, 0x00, 0x5d, 0x04, 0x00, 0x00, 0x83, 0x00, 0x05, 0x00, // b.......].......
	0x06, 0x00, 0x00, 0x00, 0x5f, 0x04, 0x00, 0x00, 0x56, 0x04, 0x00, 0x00, 0xc5, 0x00, 0x00, 0x00, // ...._...V.......
	0xf9, 0x00, 0x02, 0x00, 0x62, 0x04, 0x00, 0x00, 0xf8, 0x00, 0x02, 0x00, 0x62, 0x04, 0x00, 0x00, // ....b.......b...
	0xf5, 0x00, 0x07, 0x00, 0x06, 0x00, 0x00, 0x00, 0x18, 0x06, 0x00, 0x00, 0x53, 0x04, 0x00, 0x00, // ............S...
	0x59, 0x04, 0x00, 0x00, 0x5f, 0x04, 0x00, 0x00, 0x5d, 0x04, 0x00, 0x00, 0xf5, 0x00, 0x07, 0x00, // Y..._...].......
	0x06, 0x00, 0x00, 0x00, 0x12, 0x06, 0x00, 0x00, 0x50, 0x04, 0x00, 0x00, 0x59, 0x04, 0x00, 0x00, // ........P...Y...
	0x5f, 0x04, 0x00, 0x00, 0x5d, 0x04, 0x00, 0x00, 0xf9, 0x00, 0x02, 0x00, 0x95, 0x04, 0x00, 0x00, // _...]...........
	0xf8, 0x00, 0x02, 0x00, 0x63, 0x04, 0x00, 0x00, 0xb4, 0x00, 0x05, 0x00, 0xbb, 0x00, 0x00, 0x00, // ....c...........
	0x65, 0x04, 0x00, 0x00, 0x41, 0x04, 0x00, 0x00, 0xc5, 0x00, 0x00, 0x00, 0xf7, 0x00, 0x03, 0x00, // e...A...........
	0x94, 0x04, 0x00, 0x00, 0x00, 0x00, 0x00, 0x00, 0xfa, 0x00, 0x04, 0x00, 0x65, 0x04, 0x00, 0x00, // ............e...
	0x66, 0x04, 0x00, 0x00, 0x6d, 0x04, 0x00, 0x00, 0xf8, 0x00, 0x02, 0x00, 0x66, 0x04, 0x00, 0x00, // f...m.......f...
	0x88, 0x00, 0x05, 0x00, 0x06, 0x00, 0x00, 0x00, 0xc6, 0x04, 0x00, 0x00, 0x50, 0x04, 0x00, 0x00, // ............P...
	0x56, 0x04, 0x00, 0x00, 0x0c, 0x00, 0x06, 0x00, 0x06, 0x00, 0x00, 0x00, 0xc7, 0x04, 0x00, 0x00, // V...............
	0x01, 0x00, 0x00, 0x00, 0x08, 0x00, 0x00, 0x00, 0xc6, 0x04, 0x00, 0x00, 0x85, 0x00, 0x05, 0x00, // ................
	0x06, 0x00, 0x00, 0x00, 0xc8, 0x04, 0x00, 0x00, 0x56, 0x04, 0x00, 0x00, 0xc7, 0x04, 0x00, 0x00, // ........V.......
	0x83, 0x00, 0x05, 0x00, 0x06, 0x00, 0x00, 0x00, 0xc9, 0x04, 0x00, 0x00, 0x50, 0x04, 0x00, 0x00, // ............P...
	0xc8, 0x04, 0x00, 0x00, 0x88, 0x00, 0x05, 0x00, 0x06, 0x00, 0x00, 0x00, 0xd0, 0x04, 0x00, 0x00, // ................
	0x53, 0x04, 0x00, 0x00, 0x56, 0x04, 0x00, 0x00, 0x0c, 0x00, 0x06, 0x00, 0x06, 0x00, 0x00, 0x00, // S...V...........
	0xd1, 0x04, 0x00, 0x00, 0x01, 0x00, 0x00, 0x00, 0x08, 0x00, 0x00, 0x00, 0xd0, 0x04, 0x00, 0x00, // ................
	0x85, 0x00, 0x05, 0x00, 0x06, 0x00, 0x00, 0x00, 0xd2, 0x04, 0x00, 0x00, 0x56, 0x04, 0x00, 0x00, // ............V...
	0xd1, 0x04, 0x00, 0x00, 0x83, 0x00, 0x05, 0x00, 0x06, 0x00, 0x00, 0x00, 0xd3, 0x04, 0x00, 0x00, // ................
	0x53, 0x04, 0x00, 0x00, 0xd2, 0x04, 0x00, 0x00, 0xf9, 0x00, 0x02, 0x00, 0x94, 0x04, 0x00, 0x00, // S...............
	0xf8, 0x00, 0x02, 0x00, 0x6d, 0x04, 0x00, 0x00, 0xb4, 0x00, 0x05, 0x00, 0xbb, 0x00, 0x00, 0x00, // ....m...........
	0x6f, 0x04, 0x00, 0x00, 0x41, 0x04, 0x00, 0x00, 0xec, 0x00, 0x00, 0x00, 0xf7, 0x00, 0x03, 0x00, // o...A...........
	0x93, 0x04, 0x00, 0x00, 0x00, 0x00, 0x00, 0x00, 0xfa, 0x00, 0x04, 0x00, 0x6f, 0x04, 0x00, 0x00, // ............o...
	0x70, 0x04, 0x00, 0x00, 0x93, 0x04, 0x00, 0x00, 0xf8, 0x00, 0x02, 0x00, 0x70, 0x04, 0x00, 0x00, // p...........p...
	0x88, 0x00, 0x05, 0x00, 0x06, 0x00, 0x00, 0x00, 0x73, 0x04, 0x00, 0x00, 0x50, 0x04, 0x00, 0x00, // ........s...P...
	0x56, 0x04, 0x00, 0x00, 0x0c, 0x00, 0x06, 0x00, 0x06, 0x00, 0x00, 0x00, 0x74, 0x04, 0x00, 0x00, // V...........t...
	0x01, 0x00, 0x00, 0x00, 0x08, 0x00, 0x00, 0x00, 0x73, 0x04, 0x00, 0x00, 0x85, 0x00, 0x05, 0x00, // ........s.......
	0x06, 0x00, 0x00, 0x00, 0xda, 0x04, 0x00, 0x00, 0x74, 0x04, 0x00, 0x00, 0xe2, 0x01, 0x00, 0x00, // ........t.......
	0x0c, 0x00, 0x06, 0x00, 0x06, 0x00, 0x00, 0x00, 0xdb, 0x04, 0x00, 0x00, 0x01, 0x00, 0x00, 0x00, // ................
	0x08, 0x00, 0x00, 0x00, 0xda, 0x04, 0x00, 0x00, 0x85, 0x00, 0x05, 0x00, 0x06, 0x00, 0x00, 0x00, // ................
	0xdc, 0x04, 0x00, 0x00, 0xec, 0x00, 0x00, 0x00, 0xdb, 0x04, 0x00, 0x00, 0x83, 0x00, 0x05, 0x00, // ................
	0x06, 0x00, 0x00, 0x00, 0xdd, 0x04, 0x00, 0x00, 0x74, 0x04, 0x00, 0x00, 0xdc, 0x04, 0x00, 0x00, // ........t.......
	0xb4, 0x00, 0x05, 0x00, 0xbb, 0x00, 0x00, 0x00, 0x76, 0x04, 0x00, 0x00, 0xdd, 0x04, 0x00, 0x00, // ........v.......
	0xc5, 0x00, 0x00, 0x00, 0x85, 0x00, 0x05, 0x00, 0x06, 0x00, 0x00, 0x00, 0xe6, 0x04, 0x00, 0x00, // ................
	0x56, 0x04, 0x00, 0x00, 0x74, 0x04, 0x00, 0x00, 0x83, 0x00, 0x05, 0x00, 0x06, 0x00, 0x00, 0x00, // V...t...........
	0xe7, 0x04, 0x00, 0x00, 0x50, 0x04, 0x00, 0x00, 0xe6, 0x04, 0x00, 0x00, 0xf7, 0x00, 0x03, 0x00, // ....P...........
	0x81, 0x04, 0x00, 0x00, 0x00, 0x00, 0x00, 0x00, 0xfa, 0x00, 0x04, 0x00, 0x76, 0x04, 0x00, 0x00, // ............v...
	0x7b, 0x04, 0x00, 0x00, 0x81, 0x04, 0x00, 0x00, 0xf8, 0x00, 0x02, 0x00, 0x7b, 0x04, 0x00, 0x00, // {...........{...
	0x83, 0x00, 0x05, 0x00, 0x06, 0x00, 0x00, 0x00, 0x7d, 0x04, 0x00, 0x00, 0x56, 0x04, 0x00, 0x00, // ........}...V...
	0xc5, 0x00, 0x00, 0x00, 0x0c, 0x00, 0x06, 0x00, 0x06, 0x00, 0x00, 0x00, 0x7f, 0x04, 0x00, 0x00, // ................
	0x01, 0x00, 0x00, 0x00, 0x08, 0x00, 0x00, 0x00, 0xe7, 0x04, 0x00, 0x00, 0x83, 0x00, 0x05, 0x00, // ................
	0x06, 0x00, 0x00, 0x00, 0x80, 0x04, 0x00, 0x00, 0x7d, 0x04, 0x00, 0x00, 0x7f, 0x04, 0x00, 0x00, // ........}.......
	0xf9, 0x00, 0x02, 0x00, 0x81, 0x04, 0x00, 0x00, 0xf8, 0x00, 0x02, 0x00, 0x81, 0x04, 0x00, 0x00, // ................
	0xf5, 0x00, 0x07, 0x00, 0x06, 0x00, 0x00, 0x00, 0x16, 0x06, 0x00, 0x00, 0xe7, 0x04, 0x00, 0x00, // ................
	0x70, 0x04, 0x00, 0x00, 0x80, 0x04, 0x00, 0x00, 0x7b, 0x04, 0x00, 0x00, 0x88, 0x00, 0x05, 0x00, // p.......{.......
	0x06, 0x00, 0x00, 0x00, 0x84, 0x04, 0x00, 0x00, 0x53, 0x04, 0x00, 0x00, 0x56, 0x04, 0x00, 0x00, // ........S...V...
	0x0c, 0x00, 0x06, 0x00, 0x06, 0x00, 0x00, 0x00, 0x85, 0x04, 0x00, 0x00, 0x01, 0x00, 0x00, 0x00, // ................
	0x08, 0x00, 0x00, 0x00, 0x84, 0x04, 0x00, 0x00, 0x85, 0x00, 0x05, 0x00, 0x06, 0x00, 0x00, 0x00, // ................
	0xee, 0x04, 0x00, 0x00, 0x85, 0x04, 0x00, 0x00, 0xe2, 0x01, 0x00, 0x00, 0x0c, 0x00, 0x06, 0x00, // ................
	0x06, 0x00, 0x00, 0x00, 0xef, 0x04, 0x00, 0x00, 0x01, 0x00, 0x00, 0x00, 0x08, 0x00, 0x00, 0x00, // ................
	0xee, 0x04, 0x00, 0x00, 0x85, 0x00, 0x05, 0x00, 0x06, 0x00, 0x00, 0x00, 0xf0, 0x04, 0x00, 0x00, // ................
	0xec, 0x00, 0x00, 0x00, 0xef, 0x04, 0x00, 0x00, 0x83, 0x00, 0x05, 0x00, 0x06, 0x00, 0x00, 0x00, // ................
	0xf1, 0x04, 0x00, 0x00, 0x85, 0x04, 0x00, 0x00, 0xf0, 0x04, 0x00, 0x00, 0xb4, 0x00, 0x05, 0x00, // ................
	0xbb, 0x00, 0x00, 0x00, 0x87, 0x04, 0x00, 0x00, 0xf1, 0x04, 0x00, 0x00, 0xc5, 0x00, 0x00, 0x00, // ................
	0x85, 0x00, 0x05, 0x00, 0x06, 0x00, 0x00, 0x00, 0xfa, 0x04, 0x00, 0x00, 0x56, 0x04, 0x00, 0x00, // ............V...
	0x85, 0x04, 0x00, 0x00, 0x83, 0x00, 0x05, 0x00, 0x06, 0x00, 0x00, 0x00, 0xfb, 0x04, 0x00, 0x00, // ................
	0x53, 0x04, 0x00, 0x00, 0xfa, 0x04, 0x00, 0x00, 0xf7, 0x00, 0x03, 0x00, 0x92, 0x04, 0x00, 0x00, // S...............
	0x00, 0x00, 0x00, 0x00, 0xfa, 0x00, 0x04, 0x00, 0x87, 0x04, 0x00, 0x00, 0x8c, 0x04, 0x00, 0x00, // ................
	0x92, 0x04, 0x00, 0x00, 0xf8, 0x00, 0x02, 0x00, 0x8c, 0x04, 0x00, 0x00, 0x83, 0x00, 0x05, 0x00, // ................
	0x06, 0x00, 0x00, 0x00, 0x8e, 0x04, 0x00, 0x00, 0x56, 0x04, 0x00, 0x00, 0xc5, 0x00, 0x00, 0x00, // ........V.......
	0x0c, 0x00, 0x06, 0x00, 0x06, 0x00, 0x00, 0x00, 0x90, 0x04, 0x00, 0x00, 0x01, 0x00, 0x00, 0x00, // ................
	0x08, 0x00, 0x00, 0x00, 0xfb, 0x04, 0x00, 0x00, 0x83, 0x00, 0x05, 0x00, 0x06, 0x00, 0x00, 0x00, // ................
	0x91, 0x04, 0x00, 0x00, 0x8e, 0x04, 0x00, 0x00, 0x90, 0x04, 0x00, 0x00, 0xf9, 0x00, 0x02, 0x00, // ................
	0x92, 0x04, 0x00, 0x00, 0xf8, 0x00, 0x02, 0x00, 0x92, 0x04, 0x00, 0x00, 0xf5, 0x00, 0x07, 0x00, // ................
	0x06, 0x00, 0x00, 0x00, 0x1b, 0x06, 0x00, 0x00, 0xfb, 0x04, 0x00, 0x00, 0x81, 0x04, 0x00, 0x00, // ................
	0x91, 0x04, 0x00, 0x00, 0x8c, 0x04, 0x00, 0x00, 0xf9, 0x00, 0x02, 0x00, 0x93, 0x04, 0x00, 0x00, // ................
	0xf8, 0x00, 0x02, 0x00, 0x93, 0x04, 0x00, 0x00, 0xf5, 0x00, 0x07, 0x00, 0x06, 0x00, 0x00, 0x00, // ................
	0x1a, 0x06, 0x00, 0x00, 0x53, 0x04, 0x00, 0x00, 0x6d, 0x04, 0x00, 0x00, 0x1b, 0x06, 0x00, 0x00, // ....S...m.......
	0x92, 0x04, 0x00, 0x00, 0xf5, 0x00, 0x07, 0x00, 0x06, 0x00, 0x00, 0x00, 0x14, 0x06, 0x00, 0x00, // ................
	0x50, 0x04, 0x00, 0x00, 0x6d, 0x04, 0x00, 0x00, 0x16, 0x06, 0x00, 0x00, 0x92, 0x04, 0x00, 0x00, // P...m...........
	0xf9, 0x00, 0x02, 0x00, 0x94, 0x04, 0x00, 0x00, 0xf8, 0x00, 0x02, 0x00, 0x94, 0x04, 0x00, 0x00, // ................
	0xf5, 0x00, 0x07, 0x00, 0x06, 0x00, 0x00, 0x00, 0x19, 0x06, 0x00, 0x00, 0xd3, 0x04, 0x00, 0x00, // ................
	0x66, 0x04, 0x00, 0x00, 0x1a, 0x06, 0x00, 0x00, 0x93, 0x04, 0x00, 0x00, 0xf5, 0x00, 0x07, 0x00, // f...............
	0x06, 0x00, 0x00, 0x00, 0x13, 0x06, 0x00, 0x00, 0xc9, 0x04, 0x00, 0x00, 0x66, 0x04, 0x00, 0x00, // ............f...
	0x14, 0x06, 0x00, 0x00, 0x93, 0x04, 0x00, 0x00, 0xf9, 0x00, 0x02, 0x00, 0x95, 0x04, 0x00, 0x00, // ................
	0xf8, 0x00, 0x02, 0x00, 0x95, 0x04, 0x00, 0x00, 0xf5, 0x00, 0x07, 0x00, 0x06, 0x00, 0x00, 0x00, // ................
	0x17, 0x06, 0x00, 0x00, 0x18, 0x06, 0x00, 0x00, 0x62, 0x04, 0x00, 0x00, 0x19, 0x06, 0x00, 0x00, // ........b.......
	0x94, 0x04, 0x00, 0x00, 0xf5, 0x00, 0x07, 0x00, 0x06, 0x00, 0x00, 0x00, 0x11, 0x06, 0x00, 0x00, // ................
	0x12, 0x06, 0x00, 0x00, 0x62, 0x04, 0x00, 0x00, 0x13, 0x06, 0x00, 0x00, 0x94, 0x04, 0x00, 0x00, // ....b...........
	0x51, 0x00, 0x05, 0x00, 0x06, 0x00, 0x00, 0x00, 0x98, 0x04, 0x00, 0x00, 0xef, 0x03, 0x00, 0x00, // Q...............
	0x00, 0x00, 0x00, 0x00, 0x51, 0x00, 0x05, 0x00, 0x06, 0x00, 0x00, 0x00, 0x9a, 0x04, 0x00, 0x00, // ....Q...........
	0xef, 0x03, 0x00, 0x00, 0x01, 0x00, 0x00, 0x00, 0x85, 0x00, 0x05, 0x00, 0x06, 0x00, 0x00, 0x00, // ................
	0x9d, 0x04, 0x00, 0x00, 0x9a, 0x04, 0x00, 0x00, 0x5e, 0x03, 0x00, 0x00, 0x81, 0x00, 0x05, 0x00, // ........^.......
	0x06, 0x00, 0x00, 0x00, 0x9e, 0x04, 0x00, 0x00, 0x98, 0x04, 0x00, 0x00, 0x9d, 0x04, 0x00, 0x00, // ................
	0x52, 0x00, 0x06, 0x00, 0x0d, 0x00, 0x00, 0x00, 0x44, 0x06, 0x00, 0x00, 0x9e, 0x04, 0x00, 0x00, // R.......D.......
	0xed, 0x03, 0x00, 0x00, 0x01, 0x00, 0x00, 0x00, 0x6e, 0x00, 0x04, 0x00, 0x6b, 0x00, 0x00, 0x00, // ........n...k...
	0x03, 0x05, 0x00, 0x00, 0x11, 0x06, 0x00, 0x00, 0x6f, 0x00, 0x04, 0x00, 0x06, 0x00, 0x00, 0x00, // ........o.......
	0x04, 0x05, 0x00, 0x00, 0x03, 0x05, 0x00, 0x00, 0x6e, 0x00, 0x04, 0x00, 0x6b, 0x00, 0x00, 0x00, // ........n...k...
	0x06, 0x05, 0x00, 0x00, 0x43, 0x04, 0x00, 0x00, 0x6f, 0x00, 0x04, 0x00, 0x06, 0x00, 0x00, 0x00, // ....C...o.......
	0x07, 0x05, 0x00, 0x00, 0x06, 0x05, 0x00, 0x00, 0x88, 0x00, 0x05, 0x00, 0x06, 0x00, 0x00, 0x00, // ................
	0x1f, 0x05, 0x00, 0x00, 0x04, 0x05, 0x00, 0x00, 0x07, 0x05, 0x00, 0x00, 0x0c, 0x00, 0x06, 0x00, // ................
	0x06, 0x00, 0x00, 0x00, 0x20, 0x05, 0x00, 0x00, 0x01, 0x00, 0x00, 0x00, 0x08, 0x00, 0x00, 0x00, // .... ...........
	0x1f, 0x05, 0x00, 0x00, 0x85, 0x00, 0x05, 0x00, 0x06, 0x00, 0x00, 0x00, 0x21, 0x05, 0x00, 0x00, // ............!...
	0x07, 0x05, 0x00, 0x00, 0x20, 0x05, 0x00, 0x00, 0x83, 0x00, 0x05, 0x00, 0x06, 0x00, 0x00, 0x00, // .... ...........
	0x22, 0x05, 0x00, 0x00, 0x04, 0x05, 0x00, 0x00, 0x21, 0x05, 0x00, 0x00, 0x87, 0x00, 0x05, 0x00, // ".......!.......
	0x6b, 0x00, 0x00, 0x00, 0x0e, 0x05, 0x00, 0x00, 0x03, 0x05, 0x00, 0x00, 0x06, 0x05, 0x00, 0x00, // k...............
	0x6f, 0x00, 0x04, 0x00, 0x06, 0x00, 0x00, 0x00, 0x0f, 0x05, 0x00, 0x00, 0x0e, 0x05, 0x00, 0x00, // o...............
	0x50, 0x00, 0x05, 0x00, 0x0d, 0x00, 0x00, 0x00, 0x78, 0x06, 0x00, 0x00, 0x22, 0x05, 0x00, 0x00, // P.......x..."...
	0x0f, 0x05, 0x00, 0x00, 0x85, 0x00, 0x05, 0x00, 0x0d, 0x00, 0x00, 0x00, 0x13, 0x05, 0x00, 0x00, // ................
	0x78, 0x06, 0x00, 0x00, 0x47, 0x04, 0x00, 0x00, 0x81, 0x00, 0x05, 0x00, 0x0d, 0x00, 0x00, 0x00, // x...G...........
	0x15, 0x05, 0x00, 0x00, 0x13, 0x05, 0x00, 0x00, 0x49, 0x04, 0x00, 0x00, 0x83, 0x00, 0x05, 0x00, // ........I.......
	0x0d, 0x00, 0x00, 0x00, 0x18, 0x05, 0x00, 0x00, 0x44, 0x06, 0x00, 0x00, 0x15, 0x05, 0x00, 0x00, // ........D.......
	0x6e, 0x00, 0x04, 0x00, 0x6b, 0x00, 0x00, 0x00, 0x29, 0x05, 0x00, 0x00, 0x17, 0x06, 0x00, 0x00, // n...k...).......
	0x6f, 0x00, 0x04, 0x00, 0x06, 0x00, 0x00, 0x00, 0x2a, 0x05, 0x00, 0x00, 0x29, 0x05, 0x00, 0x00, // o.......*...)...
	0x88, 0x00, 0x05, 0x00, 0x06, 0x00, 0x00, 0x00, 0x44, 0x05, 0x00, 0x00, 0x2a, 0x05, 0x00, 0x00, // ........D...*...
	0x07, 0x05, 0x00, 0x00, 0x0c, 0x00, 0x06, 0x00, 0x06, 0x00, 0x00, 0x00, 0x45, 0x05, 0x00, 0x00, // ............E...
	0x01, 0x00, 0x00, 0x00, 0x08, 0x00, 0x00, 0x00, 0x44, 0x05, 0x00, 0x00, 0x85, 0x00, 0x05, 0x00, // ........D.......
	0x06, 0x00, 0x00, 0x00, 0x46, 0x05, 0x00, 0x00, 0x07, 0x05, 0x00, 0x00, 0x45, 0x05, 0x00, 0x00, // ....F.......E...
	0x83, 0x00, 0x05, 0x00, 0x06, 0x00, 0x00, 0x00, 0x47, 0x05, 0x00, 0x00, 0x2a, 0x05, 0x00, 0x00, // ........G...*...
	0x46, 0x05, 0x00, 0x00, 0x87, 0x00, 0x05, 0x00, 0x6b, 0x00, 0x00, 0x00, 0x34, 0x05, 0x00, 0x00, // F.......k...4...
	0x29, 0x05, 0x00, 0x00, 0x06, 0x05, 0x00, 0x00, 0x6f, 0x00, 0x04, 0x00, 0x06, 0x00, 0x00, 0x00, // ).......o.......
	0x35, 0x05, 0x00, 0x00, 0x34, 0x05, 0x00, 0x00, 0x50, 0x00, 0x05, 0x00, 0x0d, 0x00, 0x00, 0x00, // 5...4...P.......
	0x79, 0x06, 0x00, 0x00, 0x47, 0x05, 0x00, 0x00, 0x35, 0x05, 0x00, 0x00, 0x85, 0x00, 0x05, 0x00, // y...G...5.......
	0x0d, 0x00, 0x00, 0x00, 0x3a, 0x05, 0x00, 0x00, 0x79, 0x06, 0x00, 0x00, 0x47, 0x04, 0x00, 0x00, // ....:...y...G...
	0x81, 0x00, 0x05, 0x00, 0x0d, 0x00, 0x00, 0x00, 0x3b, 0x05, 0x00, 0x00, 0x18, 0x05, 0x00, 0x00, // ........;.......
	0x3a, 0x05, 0x00, 0x00, 0x81, 0x00, 0x05, 0x00, 0x0d, 0x00, 0x00, 0x00, 0x3d, 0x05, 0x00, 0x00, // :...........=...
	0x3b, 0x05, 0x00, 0x00, 0x49, 0x04, 0x00, 0x00, 0x51, 0x00, 0x05, 0x00, 0x06, 0x00, 0x00, 0x00, // ;...I...Q.......
	0xbb, 0x04, 0x00, 0x00, 0x3d, 0x05, 0x00, 0x00, 0x01, 0x00, 0x00, 0x00, 0x85, 0x00, 0x05, 0x00, // ....=...........
	0x06, 0x00, 0x00, 0x00, 0xbc, 0x04, 0x00, 0x00, 0x9a, 0x04, 0x00, 0x00, 0xbb, 0x04, 0x00, 0x00, // ................
	0x81, 0x00, 0x05, 0x00, 0x06, 0x00, 0x00, 0x00, 0xbd, 0x04, 0x00, 0x00, 0x98, 0x04, 0x00, 0x00, // ................
	0xbc, 0x04, 0x00, 0x00, 0x52, 0x00, 0x06, 0x00, 0x0d, 0x00, 0x00, 0x00, 0x51, 0x06, 0x00, 0x00, // ....R.......Q...
	0xbd, 0x04, 0x00, 0x00, 0x3d, 0x05, 0x00, 0x00, 0x01, 0x00, 0x00, 0x00, 0xf9, 0x00, 0x02, 0x00, // ....=...........
	0xbf, 0x04, 0x00, 0x00, 0xf8, 0x00, 0x02, 0x00, 0xbf, 0x04, 0x00, 0x00, 0xf5, 0x00, 0x07, 0x00, // ................
	0x0d, 0x00, 0x00, 0x00, 0x69, 0x06, 0x00, 0x00, 0x24, 0x06, 0x00, 0x00, 0x05, 0x00, 0x00, 0x00, // ....i...$.......
	0x51, 0x06, 0x00, 0x00, 0x95, 0x04, 0x00, 0x00, 0xf5, 0x00, 0x07, 0x00, 0x06, 0x00, 0x00, 0x00, // Q...............
	0x1c, 0x06, 0x00, 0x00, 0xba, 0x00, 0x00, 0x00, 0x05, 0x00, 0x00, 0x00, 0x4e, 0x04, 0x00, 0x00, // ............N...
	0x95, 0x04, 0x00, 0x00, 0x51, 0x00, 0x05, 0x00, 0x06, 0x00, 0x00, 0x00, 0xff, 0x03, 0x00, 0x00, // ....Q...........
	0x69, 0x06, 0x00, 0x00, 0x00, 0x00, 0x00, 0x00, 0x51, 0x00, 0x05, 0x00, 0x06, 0x00, 0x00, 0x00, // i.......Q.......
	0x02, 0x04, 0x00, 0x00, 0x69, 0x06, 0x00, 0x00, 0x01, 0x00, 0x00, 0x00, 0x50, 0x00, 0x07, 0x00, // ....i.......P...
	0x2b, 0x00, 0x00, 0x00, 0x7a, 0x06, 0x00, 0x00, 0xbf, 0x03, 0x00, 0x00, 0xcb, 0x03, 0x00, 0x00, // +...z...........
	0xff, 0x03, 0x00, 0x00, 0x02, 0x04, 0x00, 0x00, 0x50, 0x00, 0x07, 0x00, 0x2b, 0x00, 0x00, 0x00, // ........P...+...
	0x7b, 0x06, 0x00, 0x00, 0x61, 0x03, 0x00, 0x00, 0x5e, 0x03, 0x00, 0x00, 0x1c, 0x06, 0x00, 0x00, // {...a...^.......
	0xa7, 0x02, 0x00, 0x00, 0x3e, 0x00, 0x03, 0x00, 0xc1, 0x02, 0x00, 0x00, 0x70, 0x03, 0x00, 0x00, // ....>.......p...
	0x3e, 0x00, 0x03, 0x00, 0xc4, 0x02, 0x00, 0x00, 0x31, 0x06, 0x00, 0x00, 0x3e, 0x00, 0x03, 0x00, // >.......1...>...
	0xc7, 0x02, 0x00, 0x00, 0x3b, 0x06, 0x00, 0x00, 0x3e, 0x00, 0x03, 0x00, 0xca, 0x02, 0x00, 0x00, // ....;...>.......
	0x7a, 0x06, 0x00, 0x00, 0x3e, 0x00, 0x03, 0x00, 0xcd, 0x02, 0x00, 0x00, 0x86, 0x02, 0x00, 0x00, // z...>...........
	0x3e, 0x00, 0x03, 0x00, 0xd0, 0x02, 0x00, 0x00, 0x70, 0x03, 0x00, 0x00, 0x3e, 0x00, 0x03, 0x00, // >.......p...>...
	0xd3, 0x02, 0x00, 0x00, 0x7e, 0x03, 0x00, 0x00, 0x3e, 0x00, 0x03, 0x00, 0xd6, 0x02, 0x00, 0x00, // ....~...>.......
	0x77, 0x03, 0x00, 0x00, 0x3e, 0x00, 0x03, 0x00, 0xd9, 0x02, 0x00, 0x00, 0x7b, 0x06, 0x00, 0x00, // w...>.......{...
	0xfd, 0x00, 0x01, 0x00, 0x38, 0x00, 0x01, 0x00, 0x00, 0x0b, 0x05, 0x00, 0x02, 0x00, 0x01, 0x00, // ....8...........
	0x03, 0x00, 0x10, 0x00, 0x11, 0x00, 0x12, 0x00, 0x13, 0x00, 0x14, 0x00, 0x15, 0x00, 0x16, 0x00, // ................
	0x70, 0x00,                                                                                     // p.
};
static const uint8_t ad_sprite_distortion_vs_mtl[6261] =
{
	0x56, 0x53, 0x48, 0x0c, 0x00, 0x00, 0x00, 0x00, 0x0d, 0x11, 0x5f, 0xc2, 0x00, 0x00, 0x00, 0x00, // VSH......._.....
	0x00, 0x00, 0x00, 0x00, 0x04, 0x00, 0x0d, 0x75, 0x5f, 0x6d, 0x55, 0x56, 0x49, 0x6e, 0x76, 0x65, // .......u_mUVInve
	0x72, 0x73, 0x65, 0x64, 0x02, 0x01, 0x40, 0x00, 0x01, 0x00, 0x00, 0x00, 0x00, 0x00, 0x14, 0x75, // rsed..@........u
	0x5f, 0x66, 0x6c, 0x69, 0x70, 0x62, 0x6f, 0x6f, 0x6b, 0x50, 0x61, 0x72, 0x61, 0x6d, 0x65, 0x74, // _flipbookParamet
	0x65, 0x72, 0x31, 0x02, 0x01, 0x50, 0x00, 0x01, 0x00, 0x00, 0x00, 0x00, 0x00, 0x14, 0x75, 0x5f, // er1..P........u_
	0x66, 0x6c, 0x69, 0x70, 0x62, 0x6f, 0x6f, 0x6b, 0x50, 0x61, 0x72, 0x61, 0x6d, 0x65, 0x74, 0x65, // flipbookParamete
	0x72, 0x32, 0x02, 0x01, 0x60, 0x00, 0x01, 0x00, 0x00, 0x00, 0x00, 0x00, 0x0d, 0x75, 0x5f, 0x6d, // r2..`........u_m
	0x43, 0x61, 0x6d, 0x65, 0x72, 0x61, 0x50, 0x72, 0x6f, 0x6a, 0x04, 0x01, 0x00, 0x00, 0x04, 0x00, // CameraProj......
	0x00, 0x00, 0x00, 0x00, 0xd3, 0x17, 0x00, 0x00, 0x23, 0x69, 0x6e, 0x63, 0x6c, 0x75, 0x64, 0x65, // ........#include
	0x20, 0x3c, 0x6d, 0x65, 0x74, 0x61, 0x6c, 0x5f, 0x73, 0x74, 0x64, 0x6c, 0x69, 0x62, 0x3e, 0x0a, //  <metal_stdlib>.
	0x23, 0x69, 0x6e, 0x63, 0x6c, 0x75, 0x64, 0x65, 0x20, 0x3c, 0x73, 0x69, 0x6d, 0x64, 0x2f, 0x73, // #include <simd/s
	0x69, 0x6d, 0x64, 0x2e, 0x68, 0x3e, 0x0a, 0x0a, 0x75, 0x73, 0x69, 0x6e, 0x67, 0x20, 0x6e, 0x61, // imd.h>..using na
	0x6d, 0x65, 0x73, 0x70, 0x61, 0x63, 0x65, 0x20, 0x6d, 0x65, 0x74, 0x61, 0x6c, 0x3b, 0x0a, 0x0a, // mespace metal;..
	0x73, 0x74, 0x72, 0x75, 0x63, 0x74, 0x20, 0x5f, 0x47, 0x6c, 0x6f, 0x62, 0x61, 0x6c, 0x0a, 0x7b, // struct _Global.{
	0x0a, 0x20, 0x20, 0x20, 0x20, 0x66, 0x6c, 0x6f, 0x61, 0x74, 0x34, 0x78, 0x34, 0x20, 0x75, 0x5f, // .    float4x4 u_
	0x6d, 0x43, 0x61, 0x6d, 0x65, 0x72, 0x61, 0x50, 0x72, 0x6f, 0x6a, 0x3b, 0x0a, 0x20, 0x20, 0x20, // mCameraProj;.   
	0x20, 0x66, 0x6c, 0x6f, 0x61, 0x74, 0x34, 0x20, 0x75, 0x5f, 0x6d, 0x55, 0x56, 0x49, 0x6e, 0x76, //  float4 u_mUVInv
	0x65, 0x72, 0x73, 0x65, 0x64, 0x3b, 0x0a, 0x20, 0x20, 0x20, 0x20, 0x66, 0x6c, 0x6f, 0x61, 0x74, // ersed;.    float
	0x34, 0x20, 0x75, 0x5f, 0x66, 0x6c, 0x69, 0x70, 0x62, 0x6f, 0x6f, 0x6b, 0x50, 0x61, 0x72, 0x61, // 4 u_flipbookPara
	0x6d, 0x65, 0x74, 0x65, 0x72, 0x31, 0x3b, 0x0a, 0x20, 0x20, 0x20, 0x20, 0x66, 0x6c, 0x6f, 0x61, // meter1;.    floa
	0x74, 0x34, 0x20, 0x75, 0x5f, 0x66, 0x6c, 0x69, 0x70, 0x62, 0x6f, 0x6f, 0x6b, 0x50, 0x61, 0x72, // t4 u_flipbookPar
	0x61, 0x6d, 0x65, 0x74, 0x65, 0x72, 0x32, 0x3b, 0x0a, 0x7d, 0x3b, 0x0a, 0x0a, 0x63, 0x6f, 0x6e, // ameter2;.};..con
	0x73, 0x74, 0x61, 0x6e, 0x74, 0x20, 0x66, 0x6c, 0x6f, 0x61, 0x74, 0x34, 0x20, 0x5f, 0x31, 0x36, // stant float4 _16
	0x36, 0x30, 0x20, 0x3d, 0x20, 0x7b, 0x7d, 0x3b, 0x0a, 0x0a, 0x73, 0x74, 0x72, 0x75, 0x63, 0x74, // 60 = {};..struct
	0x20, 0x78, 0x6c, 0x61, 0x74, 0x4d, 0x74, 0x6c, 0x4d, 0x61, 0x69, 0x6e, 0x5f, 0x6f, 0x75, 0x74, //  xlatMtlMain_out
	0x0a, 0x7b, 0x0a, 0x20, 0x20, 0x20, 0x20, 0x66, 0x6c, 0x6f, 0x61, 0x74, 0x34, 0x20, 0x5f, 0x65, // .{.    float4 _e
	0x6e, 0x74, 0x72, 0x79, 0x50, 0x6f, 0x69, 0x6e, 0x74, 0x4f, 0x75, 0x74, 0x70, 0x75, 0x74, 0x5f, // ntryPointOutput_
	0x76, 0x5f, 0x41, 0x6c, 0x70, 0x68, 0x61, 0x5f, 0x44, 0x69, 0x73, 0x74, 0x5f, 0x55, 0x56, 0x20, // v_Alpha_Dist_UV 
	0x5b, 0x5b, 0x75, 0x73, 0x65, 0x72, 0x28, 0x6c, 0x6f, 0x63, 0x6e, 0x30, 0x29, 0x5d, 0x5d, 0x3b, // [[user(locn0)]];
	0x0a, 0x20, 0x20, 0x20, 0x20, 0x66, 0x6c, 0x6f, 0x61, 0x74, 0x34, 0x20, 0x5f, 0x65, 0x6e, 0x74, // .    float4 _ent
	0x72, 0x79, 0x50, 0x6f, 0x69, 0x6e, 0x74, 0x4f, 0x75, 0x74, 0x70, 0x75, 0x74, 0x5f, 0x76, 0x5f, // ryPointOutput_v_
	0x42, 0x6c, 0x65, 0x6e, 0x64, 0x5f, 0x41, 0x6c, 0x70, 0x68, 0x61, 0x5f, 0x44, 0x69, 0x73, 0x74, // Blend_Alpha_Dist
	0x5f, 0x55, 0x56, 0x20, 0x5b, 0x5b, 0x75, 0x73, 0x65, 0x72, 0x28, 0x6c, 0x6f, 0x63, 0x6e, 0x31, // _UV [[user(locn1
	0x29, 0x5d, 0x5d, 0x3b, 0x0a, 0x20, 0x20, 0x20, 0x20, 0x66, 0x6c, 0x6f, 0x61, 0x74, 0x34, 0x20, // )]];.    float4 
	0x5f, 0x65, 0x6e, 0x74, 0x72, 0x79, 0x50, 0x6f, 0x69, 0x6e, 0x74, 0x4f, 0x75, 0x74, 0x70, 0x75, // _entryPointOutpu
	0x74, 0x5f, 0x76, 0x5f, 0x42, 0x6c, 0x65, 0x6e, 0x64, 0x5f, 0x46, 0x42, 0x4e, 0x65, 0x78, 0x74, // t_v_Blend_FBNext
	0x49, 0x6e, 0x64, 0x65, 0x78, 0x5f, 0x55, 0x56, 0x20, 0x5b, 0x5b, 0x75, 0x73, 0x65, 0x72, 0x28, // Index_UV [[user(
	0x6c, 0x6f, 0x63, 0x6e, 0x32, 0x29, 0x5d, 0x5d, 0x3b, 0x0a, 0x20, 0x20, 0x20, 0x20, 0x66, 0x6c, // locn2)]];.    fl
	0x6f, 0x61, 0x74, 0x34, 0x20, 0x5f, 0x65, 0x6e, 0x74, 0x72, 0x79, 0x50, 0x6f, 0x69, 0x6e, 0x74, // oat4 _entryPoint
	0x4f, 0x75, 0x74, 0x70, 0x75, 0x74, 0x5f, 0x76, 0x5f, 0x43, 0x6f, 0x6c, 0x6f, 0x72, 0x20, 0x5b, // Output_v_Color [
	0x5b, 0x75, 0x73, 0x65, 0x72, 0x28, 0x6c, 0x6f, 0x63, 0x6e, 0x33, 0x29, 0x5d, 0x5d, 0x3b, 0x0a, // [user(locn3)]];.
	0x20, 0x20, 0x20, 0x20, 0x66, 0x6c, 0x6f, 0x61, 0x74, 0x34, 0x20, 0x5f, 0x65, 0x6e, 0x74, 0x72, //     float4 _entr
	0x79, 0x50, 0x6f, 0x69, 0x6e, 0x74, 0x4f, 0x75, 0x74, 0x70, 0x75, 0x74, 0x5f, 0x76, 0x5f, 0x50, // yPointOutput_v_P
	0x6f, 0x73, 0x50, 0x20, 0x5b, 0x5b, 0x75, 0x73, 0x65, 0x72, 0x28, 0x6c, 0x6f, 0x63, 0x6e, 0x34, // osP [[user(locn4
	0x29, 0x5d, 0x5d, 0x3b, 0x0a, 0x20, 0x20, 0x20, 0x20, 0x66, 0x6c, 0x6f, 0x61, 0x74, 0x34, 0x20, // )]];.    float4 
	0x5f, 0x65, 0x6e, 0x74, 0x72, 0x79, 0x50, 0x6f, 0x69, 0x6e, 0x74, 0x4f, 0x75, 0x74, 0x70, 0x75, // _entryPointOutpu
	0x74, 0x5f, 0x76, 0x5f, 0x50, 0x72, 0x6f, 0x6a, 0x42, 0x69, 0x6e, 0x6f, 0x72, 0x6d, 0x61, 0x6c, // t_v_ProjBinormal
	0x20, 0x5b, 0x5b, 0x75, 0x73, 0x65, 0x72, 0x28, 0x6c, 0x6f, 0x63, 0x6e, 0x35, 0x29, 0x5d, 0x5d, //  [[user(locn5)]]
	0x3b, 0x0a, 0x20, 0x20, 0x20, 0x20, 0x66, 0x6c, 0x6f, 0x61, 0x74, 0x34, 0x20, 0x5f, 0x65, 0x6e, // ;.    float4 _en
	0x74, 0x72, 0x79, 0x50, 0x6f, 0x69, 0x6e, 0x74, 0x4f, 0x75, 0x74, 0x70, 0x75, 0x74, 0x5f, 0x76, // tryPointOutput_v
	0x5f, 0x50, 0x72, 0x6f, 0x6a, 0x54, 0x61, 0x6e, 0x67, 0x65, 0x6e, 0x74, 0x20, 0x5b, 0x5b, 0x75, // _ProjTangent [[u
	0x73, 0x65, 0x72, 0x28, 0x6c, 0x6f, 0x63, 0x6e, 0x36, 0x29, 0x5d, 0x5d, 0x3b, 0x0a, 0x20, 0x20, // ser(locn6)]];.  
	0x20, 0x20, 0x66, 0x6c, 0x6f, 0x61, 0x74, 0x34, 0x20, 0x5f, 0x65, 0x6e, 0x74, 0x72, 0x79, 0x50, //   float4 _entryP
	0x6f, 0x69, 0x6e, 0x74, 0x4f, 0x75, 0x74, 0x70, 0x75, 0x74, 0x5f, 0x76, 0x5f, 0x55, 0x56, 0x5f, // ointOutput_v_UV_
	0x4f, 0x74, 0x68, 0x65, 0x72, 0x73, 0x20, 0x5b, 0x5b, 0x75, 0x73, 0x65, 0x72, 0x28, 0x6c, 0x6f, // Others [[user(lo
	0x63, 0x6e, 0x37, 0x29, 0x5d, 0x5d, 0x3b, 0x0a, 0x20, 0x20, 0x20, 0x20, 0x66, 0x6c, 0x6f, 0x61, // cn7)]];.    floa
	0x74, 0x34, 0x20, 0x67, 0x6c, 0x5f, 0x50, 0x6f, 0x73, 0x69, 0x74, 0x69, 0x6f, 0x6e, 0x20, 0x5b, // t4 gl_Position [
	0x5b, 0x70, 0x6f, 0x73, 0x69, 0x74, 0x69, 0x6f, 0x6e, 0x5d, 0x5d, 0x3b, 0x0a, 0x7d, 0x3b, 0x0a, // [position]];.};.
	0x0a, 0x73, 0x74, 0x72, 0x75, 0x63, 0x74, 0x20, 0x78, 0x6c, 0x61, 0x74, 0x4d, 0x74, 0x6c, 0x4d, // .struct xlatMtlM
	0x61, 0x69, 0x6e, 0x5f, 0x69, 0x6e, 0x0a, 0x7b, 0x0a, 0x20, 0x20, 0x20, 0x20, 0x66, 0x6c, 0x6f, // ain_in.{.    flo
	0x61, 0x74, 0x34, 0x20, 0x61, 0x5f, 0x63, 0x6f, 0x6c, 0x6f, 0x72, 0x30, 0x20, 0x5b, 0x5b, 0x61, // at4 a_color0 [[a
	0x74, 0x74, 0x72, 0x69, 0x62, 0x75, 0x74, 0x65, 0x28, 0x30, 0x29, 0x5d, 0x5d, 0x3b, 0x0a, 0x20, // ttribute(0)]];. 
	0x20, 0x20, 0x20, 0x66, 0x6c, 0x6f, 0x61, 0x74, 0x34, 0x20, 0x61, 0x5f, 0x6e, 0x6f, 0x72, 0x6d, //    float4 a_norm
	0x61, 0x6c, 0x20, 0x5b, 0x5b, 0x61, 0x74, 0x74, 0x72, 0x69, 0x62, 0x75, 0x74, 0x65, 0x28, 0x31, // al [[attribute(1
	0x29, 0x5d, 0x5d, 0x3b, 0x0a, 0x20, 0x20, 0x20, 0x20, 0x66, 0x6c, 0x6f, 0x61, 0x74, 0x33, 0x20, // )]];.    float3 
	0x61, 0x5f, 0x70, 0x6f, 0x73, 0x69, 0x74, 0x69, 0x6f, 0x6e, 0x20, 0x5b, 0x5b, 0x61, 0x74, 0x74, // a_position [[att
	0x72, 0x69, 0x62, 0x75, 0x74, 0x65, 0x28, 0x32, 0x29, 0x5d, 0x5d, 0x3b, 0x0a, 0x20, 0x20, 0x20, // ribute(2)]];.   
	0x20, 0x66, 0x6c, 0x6f, 0x61, 0x74, 0x34, 0x20, 0x61, 0x5f, 0x74, 0x61, 0x6e, 0x67, 0x65, 0x6e, //  float4 a_tangen
	0x74, 0x20, 0x5b, 0x5b, 0x61, 0x74, 0x74, 0x72, 0x69, 0x62, 0x75, 0x74, 0x65, 0x28, 0x33, 0x29, // t [[attribute(3)
	0x5d, 0x5d, 0x3b, 0x0a, 0x20, 0x20, 0x20, 0x20, 0x66, 0x6c, 0x6f, 0x61, 0x74, 0x32, 0x20, 0x61, // ]];.    float2 a
	0x5f, 0x74, 0x65, 0x78, 0x63, 0x6f, 0x6f, 0x72, 0x64, 0x30, 0x20, 0x5b, 0x5b, 0x61, 0x74, 0x74, // _texcoord0 [[att
	0x72, 0x69, 0x62, 0x75, 0x74, 0x65, 0x28, 0x34, 0x29, 0x5d, 0x5d, 0x3b, 0x0a, 0x20, 0x20, 0x20, // ribute(4)]];.   
	0x20, 0x66, 0x6c, 0x6f, 0x61, 0x74, 0x34, 0x20, 0x61, 0x5f, 0x74, 0x65, 0x78, 0x63, 0x6f, 0x6f, //  float4 a_texcoo
	0x72, 0x64, 0x32, 0x20, 0x5b, 0x5b, 0x61, 0x74, 0x74, 0x72, 0x69, 0x62, 0x75, 0x74, 0x65, 0x28, // rd2 [[attribute(
	0x36, 0x29, 0x5d, 0x5d, 0x3b, 0x0a, 0x20, 0x20, 0x20, 0x20, 0x66, 0x6c, 0x6f, 0x61, 0x74, 0x32, // 6)]];.    float2
	0x20, 0x61, 0x5f, 0x74, 0x65, 0x78, 0x63, 0x6f, 0x6f, 0x72, 0x64, 0x33, 0x20, 0x5b, 0x5b, 0x61, //  a_texcoord3 [[a
	0x74, 0x74, 0x72, 0x69, 0x62, 0x75, 0x74, 0x65, 0x28, 0x37, 0x29, 0x5d, 0x5d, 0x3b, 0x0a, 0x20, // ttribute(7)]];. 
	0x20, 0x20, 0x20, 0x66, 0x6c, 0x6f, 0x61, 0x74, 0x34, 0x20, 0x61, 0x5f, 0x74, 0x65, 0x78, 0x63, //    float4 a_texc
	0x6f, 0x6f, 0x72, 0x64, 0x34, 0x20, 0x5b, 0x5b, 0x61, 0x74, 0x74, 0x72, 0x69, 0x62, 0x75, 0x74, // oord4 [[attribut
	0x65, 0x28, 0x38, 0x29, 0x5d, 0x5d, 0x3b, 0x0a, 0x20, 0x20, 0x20, 0x20, 0x66, 0x6c, 0x6f, 0x61, // e(8)]];.    floa
	0x74, 0x20, 0x61, 0x5f, 0x74, 0x65, 0x78, 0x63, 0x6f, 0x6f, 0x72, 0x64, 0x35, 0x20, 0x5b, 0x5b, // t a_texcoord5 [[
	0x61, 0x74, 0x74, 0x72, 0x69, 0x62, 0x75, 0x74, 0x65, 0x28, 0x39, 0x29, 0x5d, 0x5d, 0x3b, 0x0a, // attribute(9)]];.
	0x20, 0x20, 0x20, 0x20, 0x66, 0x6c, 0x6f, 0x61, 0x74, 0x20, 0x61, 0x5f, 0x74, 0x65, 0x78, 0x63, //     float a_texc
	0x6f, 0x6f, 0x72, 0x64, 0x36, 0x20, 0x5b, 0x5b, 0x61, 0x74, 0x74, 0x72, 0x69, 0x62, 0x75, 0x74, // oord6 [[attribut
	0x65, 0x28, 0x31, 0x30, 0x29, 0x5d, 0x5d, 0x3b, 0x0a, 0x7d, 0x3b, 0x0a, 0x0a, 0x76, 0x65, 0x72, // e(10)]];.};..ver
	0x74, 0x65, 0x78, 0x20, 0x78, 0x6c, 0x61, 0x74, 0x4d, 0x74, 0x6c, 0x4d, 0x61, 0x69, 0x6e, 0x5f, // tex xlatMtlMain_
	0x6f, 0x75, 0x74, 0x20, 0x78, 0x6c, 0x61, 0x74, 0x4d, 0x74, 0x6c, 0x4d, 0x61, 0x69, 0x6e, 0x28, // out xlatMtlMain(
	0x78, 0x6c, 0x61, 0x74, 0x4d, 0x74, 0x6c, 0x4d, 0x61, 0x69, 0x6e, 0x5f, 0x69, 0x6e, 0x20, 0x69, // xlatMtlMain_in i
	0x6e, 0x20, 0x5b, 0x5b, 0x73, 0x74, 0x61, 0x67, 0x65, 0x5f, 0x69, 0x6e, 0x5d, 0x5d, 0x2c, 0x20, // n [[stage_in]], 
	0x63, 0x6f, 0x6e, 0x73, 0x74, 0x61, 0x6e, 0x74, 0x20, 0x5f, 0x47, 0x6c, 0x6f, 0x62, 0x61, 0x6c, // constant _Global
	0x26, 0x20, 0x5f, 0x6d, 0x74, 0x6c, 0x5f, 0x75, 0x20, 0x5b, 0x5b, 0x62, 0x75, 0x66, 0x66, 0x65, // & _mtl_u [[buffe
	0x72, 0x28, 0x30, 0x29, 0x5d, 0x5d, 0x29, 0x0a, 0x7b, 0x0a, 0x20, 0x20, 0x20, 0x20, 0x78, 0x6c, // r(0)]]).{.    xl
	0x61, 0x74, 0x4d, 0x74, 0x6c, 0x4d, 0x61, 0x69, 0x6e, 0x5f, 0x6f, 0x75, 0x74, 0x20, 0x6f, 0x75, // atMtlMain_out ou
	0x74, 0x20, 0x3d, 0x20, 0x7b, 0x7d, 0x3b, 0x0a, 0x20, 0x20, 0x20, 0x20, 0x66, 0x6c, 0x6f, 0x61, // t = {};.    floa
	0x74, 0x34, 0x20, 0x5f, 0x36, 0x36, 0x36, 0x20, 0x3d, 0x20, 0x69, 0x6e, 0x2e, 0x61, 0x5f, 0x74, // t4 _666 = in.a_t
	0x65, 0x78, 0x63, 0x6f, 0x6f, 0x72, 0x64, 0x32, 0x3b, 0x0a, 0x20, 0x20, 0x20, 0x20, 0x66, 0x6c, // excoord2;.    fl
	0x6f, 0x61, 0x74, 0x34, 0x20, 0x5f, 0x36, 0x37, 0x32, 0x20, 0x3d, 0x20, 0x69, 0x6e, 0x2e, 0x61, // oat4 _672 = in.a
	0x5f, 0x74, 0x65, 0x78, 0x63, 0x6f, 0x6f, 0x72, 0x64, 0x34, 0x3b, 0x0a, 0x20, 0x20, 0x20, 0x20, // _texcoord4;.    
	0x66, 0x6c, 0x6f, 0x61, 0x74, 0x34, 0x20, 0x5f, 0x38, 0x34, 0x33, 0x20, 0x3d, 0x20, 0x66, 0x6c, // float4 _843 = fl
	0x6f, 0x61, 0x74, 0x34, 0x28, 0x28, 0x69, 0x6e, 0x2e, 0x61, 0x5f, 0x74, 0x61, 0x6e, 0x67, 0x65, // oat4((in.a_tange
	0x6e, 0x74, 0x2e, 0x78, 0x79, 0x7a, 0x20, 0x2d, 0x20, 0x66, 0x6c, 0x6f, 0x61, 0x74, 0x33, 0x28, // nt.xyz - float3(
	0x30, 0x2e, 0x35, 0x29, 0x29, 0x20, 0x2a, 0x20, 0x32, 0x2e, 0x30, 0x2c, 0x20, 0x30, 0x2e, 0x30, // 0.5)) * 2.0, 0.0
	0x29, 0x3b, 0x0a, 0x20, 0x20, 0x20, 0x20, 0x66, 0x6c, 0x6f, 0x61, 0x74, 0x20, 0x5f, 0x38, 0x36, // );.    float _86
	0x32, 0x20, 0x3d, 0x20, 0x5f, 0x6d, 0x74, 0x6c, 0x5f, 0x75, 0x2e, 0x75, 0x5f, 0x6d, 0x55, 0x56, // 2 = _mtl_u.u_mUV
	0x49, 0x6e, 0x76, 0x65, 0x72, 0x73, 0x65, 0x64, 0x2e, 0x78, 0x20, 0x2b, 0x20, 0x28, 0x5f, 0x6d, // Inversed.x + (_m
	0x74, 0x6c, 0x5f, 0x75, 0x2e, 0x75, 0x5f, 0x6d, 0x55, 0x56, 0x49, 0x6e, 0x76, 0x65, 0x72, 0x73, // tl_u.u_mUVInvers
	0x65, 0x64, 0x2e, 0x79, 0x20, 0x2a, 0x20, 0x69, 0x6e, 0x2e, 0x61, 0x5f, 0x74, 0x65, 0x78, 0x63, // ed.y * in.a_texc
	0x6f, 0x6f, 0x72, 0x64, 0x30, 0x2e, 0x79, 0x29, 0x3b, 0x0a, 0x20, 0x20, 0x20, 0x20, 0x66, 0x6c, // oord0.y);.    fl
	0x6f, 0x61, 0x74, 0x34, 0x20, 0x5f, 0x31, 0x35, 0x37, 0x38, 0x3b, 0x0a, 0x20, 0x20, 0x20, 0x20, // oat4 _1578;.    
	0x5f, 0x31, 0x35, 0x37, 0x38, 0x2e, 0x78, 0x20, 0x3d, 0x20, 0x69, 0x6e, 0x2e, 0x61, 0x5f, 0x74, // _1578.x = in.a_t
	0x65, 0x78, 0x63, 0x6f, 0x6f, 0x72, 0x64, 0x30, 0x2e, 0x78, 0x3b, 0x0a, 0x20, 0x20, 0x20, 0x20, // excoord0.x;.    
	0x66, 0x6c, 0x6f, 0x61, 0x74, 0x34, 0x20, 0x5f, 0x38, 0x37, 0x36, 0x20, 0x3d, 0x20, 0x66, 0x6c, // float4 _876 = fl
	0x6f, 0x61, 0x74, 0x34, 0x28, 0x69, 0x6e, 0x2e, 0x61, 0x5f, 0x70, 0x6f, 0x73, 0x69, 0x74, 0x69, // oat4(in.a_positi
	0x6f, 0x6e, 0x2e, 0x78, 0x2c, 0x20, 0x69, 0x6e, 0x2e, 0x61, 0x5f, 0x70, 0x6f, 0x73, 0x69, 0x74, // on.x, in.a_posit
	0x69, 0x6f, 0x6e, 0x2e, 0x79, 0x2c, 0x20, 0x69, 0x6e, 0x2e, 0x61, 0x5f, 0x70, 0x6f, 0x73, 0x69, // ion.y, in.a_posi
	0x74, 0x69, 0x6f, 0x6e, 0x2e, 0x7a, 0x2c, 0x20, 0x31, 0x2e, 0x30, 0x29, 0x3b, 0x0a, 0x20, 0x20, // tion.z, 1.0);.  
	0x20, 0x20, 0x66, 0x6c, 0x6f, 0x61, 0x74, 0x34, 0x20, 0x5f, 0x38, 0x38, 0x30, 0x20, 0x3d, 0x20, //   float4 _880 = 
	0x5f, 0x6d, 0x74, 0x6c, 0x5f, 0x75, 0x2e, 0x75, 0x5f, 0x6d, 0x43, 0x61, 0x6d, 0x65, 0x72, 0x61, // _mtl_u.u_mCamera
	0x50, 0x72, 0x6f, 0x6a, 0x20, 0x2a, 0x20, 0x5f, 0x38, 0x37, 0x36, 0x3b, 0x0a, 0x20, 0x20, 0x20, // Proj * _876;.   
	0x20, 0x5f, 0x36, 0x36, 0x36, 0x2e, 0x79, 0x20, 0x3d, 0x20, 0x5f, 0x6d, 0x74, 0x6c, 0x5f, 0x75, //  _666.y = _mtl_u
	0x2e, 0x75, 0x5f, 0x6d, 0x55, 0x56, 0x49, 0x6e, 0x76, 0x65, 0x72, 0x73, 0x65, 0x64, 0x2e, 0x78, // .u_mUVInversed.x
	0x20, 0x2b, 0x20, 0x28, 0x5f, 0x6d, 0x74, 0x6c, 0x5f, 0x75, 0x2e, 0x75, 0x5f, 0x6d, 0x55, 0x56, //  + (_mtl_u.u_mUV
	0x49, 0x6e, 0x76, 0x65, 0x72, 0x73, 0x65, 0x64, 0x2e, 0x79, 0x20, 0x2a, 0x20, 0x69, 0x6e, 0x2e, // Inversed.y * in.
	0x61, 0x5f, 0x74, 0x65, 0x78, 0x63, 0x6f, 0x6f, 0x72, 0x64, 0x32, 0x2e, 0x79, 0x29, 0x3b, 0x0a, // a_texcoord2.y);.
	0x20, 0x20, 0x20, 0x20, 0x5f, 0x36, 0x36, 0x36, 0x2e, 0x77, 0x20, 0x3d, 0x20, 0x5f, 0x6d, 0x74, //     _666.w = _mt
	0x6c, 0x5f, 0x75, 0x2e, 0x75, 0x5f, 0x6d, 0x55, 0x56, 0x49, 0x6e, 0x76, 0x65, 0x72, 0x73, 0x65, // l_u.u_mUVInverse
	0x64, 0x2e, 0x78, 0x20, 0x2b, 0x20, 0x28, 0x5f, 0x6d, 0x74, 0x6c, 0x5f, 0x75, 0x2e, 0x75, 0x5f, // d.x + (_mtl_u.u_
	0x6d, 0x55, 0x56, 0x49, 0x6e, 0x76, 0x65, 0x72, 0x73, 0x65, 0x64, 0x2e, 0x79, 0x20, 0x2a, 0x20, // mUVInversed.y * 
	0x69, 0x6e, 0x2e, 0x61, 0x5f, 0x74, 0x65, 0x78, 0x63, 0x6f, 0x6f, 0x72, 0x64, 0x32, 0x2e, 0x77, // in.a_texcoord2.w
	0x29, 0x3b, 0x0a, 0x20, 0x20, 0x20, 0x20, 0x5f, 0x36, 0x37, 0x32, 0x2e, 0x79, 0x20, 0x3d, 0x20, // );.    _672.y = 
	0x5f, 0x6d, 0x74, 0x6c, 0x5f, 0x75, 0x2e, 0x75, 0x5f, 0x6d, 0x55, 0x56, 0x49, 0x6e, 0x76, 0x65, // _mtl_u.u_mUVInve
	0x72, 0x73, 0x65, 0x64, 0x2e, 0x78, 0x20, 0x2b, 0x20, 0x28, 0x5f, 0x6d, 0x74, 0x6c, 0x5f, 0x75, // rsed.x + (_mtl_u
	0x2e, 0x75, 0x5f, 0x6d, 0x55, 0x56, 0x49, 0x6e, 0x76, 0x65, 0x72, 0x73, 0x65, 0x64, 0x2e, 0x79, // .u_mUVInversed.y
	0x20, 0x2a, 0x20, 0x69, 0x6e, 0x2e, 0x61, 0x5f, 0x74, 0x65, 0x78, 0x63, 0x6f, 0x6f, 0x72, 0x64, //  * in.a_texcoord
	0x34, 0x2e, 0x79, 0x29, 0x3b, 0x0a, 0x20, 0x20, 0x20, 0x20, 0x5f, 0x36, 0x37, 0x32, 0x2e, 0x77, // 4.y);.    _672.w
	0x20, 0x3d, 0x20, 0x5f, 0x6d, 0x74, 0x6c, 0x5f, 0x75, 0x2e, 0x75, 0x5f, 0x6d, 0x55, 0x56, 0x49, //  = _mtl_u.u_mUVI
	0x6e, 0x76, 0x65, 0x72, 0x73, 0x65, 0x64, 0x2e, 0x78, 0x20, 0x2b, 0x20, 0x28, 0x5f, 0x6d, 0x74, // nversed.x + (_mt
	0x6c, 0x5f, 0x75, 0x2e, 0x75, 0x5f, 0x6d, 0x55, 0x56, 0x49, 0x6e, 0x76, 0x65, 0x72, 0x73, 0x65, // l_u.u_mUVInverse
	0x64, 0x2e, 0x79, 0x20, 0x2a, 0x20, 0x69, 0x6e, 0x2e, 0x61, 0x5f, 0x74, 0x65, 0x78, 0x63, 0x6f, // d.y * in.a_texco
	0x6f, 0x72, 0x64, 0x34, 0x2e, 0x77, 0x29, 0x3b, 0x0a, 0x20, 0x20, 0x20, 0x20, 0x66, 0x6c, 0x6f, // ord4.w);.    flo
	0x61, 0x74, 0x32, 0x20, 0x5f, 0x31, 0x30, 0x30, 0x35, 0x20, 0x3d, 0x20, 0x5f, 0x31, 0x35, 0x37, // at2 _1005 = _157
	0x38, 0x2e, 0x78, 0x79, 0x3b, 0x0a, 0x20, 0x20, 0x20, 0x20, 0x66, 0x6c, 0x6f, 0x61, 0x74, 0x20, // 8.xy;.    float 
	0x5f, 0x31, 0x35, 0x36, 0x34, 0x3b, 0x0a, 0x20, 0x20, 0x20, 0x20, 0x66, 0x6c, 0x6f, 0x61, 0x74, // _1564;.    float
	0x32, 0x20, 0x5f, 0x31, 0x36, 0x34, 0x31, 0x3b, 0x0a, 0x20, 0x20, 0x20, 0x20, 0x69, 0x66, 0x20, // 2 _1641;.    if 
	0x28, 0x5f, 0x6d, 0x74, 0x6c, 0x5f, 0x75, 0x2e, 0x75, 0x5f, 0x66, 0x6c, 0x69, 0x70, 0x62, 0x6f, // (_mtl_u.u_flipbo
	0x6f, 0x6b, 0x50, 0x61, 0x72, 0x61, 0x6d, 0x65, 0x74, 0x65, 0x72, 0x31, 0x2e, 0x78, 0x20, 0x3e, // okParameter1.x >
	0x20, 0x30, 0x2e, 0x30, 0x29, 0x0a, 0x20, 0x20, 0x20, 0x20, 0x7b, 0x0a, 0x20, 0x20, 0x20, 0x20, //  0.0).    {.    
	0x20, 0x20, 0x20, 0x20, 0x66, 0x6c, 0x6f, 0x61, 0x74, 0x20, 0x5f, 0x31, 0x31, 0x30, 0x34, 0x20, //     float _1104 
	0x3d, 0x20, 0x66, 0x6c, 0x6f, 0x6f, 0x72, 0x28, 0x69, 0x6e, 0x2e, 0x61, 0x5f, 0x74, 0x65, 0x78, // = floor(in.a_tex
	0x63, 0x6f, 0x6f, 0x72, 0x64, 0x35, 0x29, 0x3b, 0x0a, 0x20, 0x20, 0x20, 0x20, 0x20, 0x20, 0x20, // coord5);.       
	0x20, 0x66, 0x6c, 0x6f, 0x61, 0x74, 0x20, 0x5f, 0x31, 0x31, 0x30, 0x37, 0x20, 0x3d, 0x20, 0x5f, //  float _1107 = _
	0x31, 0x31, 0x30, 0x34, 0x20, 0x2b, 0x20, 0x31, 0x2e, 0x30, 0x3b, 0x0a, 0x20, 0x20, 0x20, 0x20, // 1104 + 1.0;.    
	0x20, 0x20, 0x20, 0x20, 0x66, 0x6c, 0x6f, 0x61, 0x74, 0x20, 0x5f, 0x31, 0x31, 0x31, 0x30, 0x20, //     float _1110 
	0x3d, 0x20, 0x5f, 0x6d, 0x74, 0x6c, 0x5f, 0x75, 0x2e, 0x75, 0x5f, 0x66, 0x6c, 0x69, 0x70, 0x62, // = _mtl_u.u_flipb
	0x6f, 0x6f, 0x6b, 0x50, 0x61, 0x72, 0x61, 0x6d, 0x65, 0x74, 0x65, 0x72, 0x31, 0x2e, 0x7a, 0x20, // ookParameter1.z 
	0x2a, 0x20, 0x5f, 0x6d, 0x74, 0x6c, 0x5f, 0x75, 0x2e, 0x75, 0x5f, 0x66, 0x6c, 0x69, 0x70, 0x62, // * _mtl_u.u_flipb
	0x6f, 0x6f, 0x6b, 0x50, 0x61, 0x72, 0x61, 0x6d, 0x65, 0x74, 0x65, 0x72, 0x31, 0x2e, 0x77, 0x3b, // ookParameter1.w;
	0x0a, 0x20, 0x20, 0x20, 0x20, 0x20, 0x20, 0x20, 0x20, 0x66, 0x6c, 0x6f, 0x61, 0x74, 0x20, 0x5f, // .        float _
	0x31, 0x35, 0x35, 0x33, 0x3b, 0x0a, 0x20, 0x20, 0x20, 0x20, 0x20, 0x20, 0x20, 0x20, 0x66, 0x6c, // 1553;.        fl
	0x6f, 0x61, 0x74, 0x20, 0x5f, 0x31, 0x35, 0x35, 0x39, 0x3b, 0x0a, 0x20, 0x20, 0x20, 0x20, 0x20, // oat _1559;.     
	0x20, 0x20, 0x20, 0x69, 0x66, 0x20, 0x28, 0x5f, 0x6d, 0x74, 0x6c, 0x5f, 0x75, 0x2e, 0x75, 0x5f, //    if (_mtl_u.u_
	0x66, 0x6c, 0x69, 0x70, 0x62, 0x6f, 0x6f, 0x6b, 0x50, 0x61, 0x72, 0x61, 0x6d, 0x65, 0x74, 0x65, // flipbookParamete
	0x72, 0x31, 0x2e, 0x79, 0x20, 0x3d, 0x3d, 0x20, 0x30, 0x2e, 0x30, 0x29, 0x0a, 0x20, 0x20, 0x20, // r1.y == 0.0).   
	0x20, 0x20, 0x20, 0x20, 0x20, 0x7b, 0x0a, 0x20, 0x20, 0x20, 0x20, 0x20, 0x20, 0x20, 0x20, 0x20, //      {.         
	0x20, 0x20, 0x20, 0x66, 0x6c, 0x6f, 0x61, 0x74, 0x20, 0x5f, 0x31, 0x35, 0x35, 0x34, 0x3b, 0x0a, //    float _1554;.
	0x20, 0x20, 0x20, 0x20, 0x20, 0x20, 0x20, 0x20, 0x20, 0x20, 0x20, 0x20, 0x66, 0x6c, 0x6f, 0x61, //             floa
	0x74, 0x20, 0x5f, 0x31, 0x35, 0x36, 0x30, 0x3b, 0x0a, 0x20, 0x20, 0x20, 0x20, 0x20, 0x20, 0x20, // t _1560;.       
	0x20, 0x20, 0x20, 0x20, 0x20, 0x69, 0x66, 0x20, 0x28, 0x5f, 0x31, 0x31, 0x30, 0x37, 0x20, 0x3e, //      if (_1107 >
	0x3d, 0x20, 0x5f, 0x31, 0x31, 0x31, 0x30, 0x29, 0x0a, 0x20, 0x20, 0x20, 0x20, 0x20, 0x20, 0x20, // = _1110).       
	0x20, 0x20, 0x20, 0x20, 0x20, 0x7b, 0x0a, 0x20, 0x20, 0x20, 0x20, 0x20, 0x20, 0x20, 0x20, 0x20, //      {.         
	0x20, 0x20, 0x20, 0x20, 0x20, 0x20, 0x20, 0x66, 0x6c, 0x6f, 0x61, 0x74, 0x20, 0x5f, 0x31, 0x31, //        float _11
	0x31, 0x39, 0x20, 0x3d, 0x20, 0x5f, 0x31, 0x31, 0x31, 0x30, 0x20, 0x2d, 0x20, 0x31, 0x2e, 0x30, // 19 = _1110 - 1.0
	0x3b, 0x0a, 0x20, 0x20, 0x20, 0x20, 0x20, 0x20, 0x20, 0x20, 0x20, 0x20, 0x20, 0x20, 0x20, 0x20, // ;.              
	0x20, 0x20, 0x5f, 0x31, 0x35, 0x36, 0x30, 0x20, 0x3d, 0x20, 0x5f, 0x31, 0x31, 0x31, 0x39, 0x3b, //   _1560 = _1119;
	0x0a, 0x20, 0x20, 0x20, 0x20, 0x20, 0x20, 0x20, 0x20, 0x20, 0x20, 0x20, 0x20, 0x20, 0x20, 0x20, // .               
	0x20, 0x5f, 0x31, 0x35, 0x35, 0x34, 0x20, 0x3d, 0x20, 0x5f, 0x31, 0x31, 0x31, 0x39, 0x3b, 0x0a, //  _1554 = _1119;.
	0x20, 0x20, 0x20, 0x20, 0x20, 0x20, 0x20, 0x20, 0x20, 0x20, 0x20, 0x20, 0x7d, 0x0a, 0x20, 0x20, //             }.  
	0x20, 0x20, 0x20, 0x20, 0x20, 0x20, 0x20, 0x20, 0x20, 0x20, 0x65, 0x6c, 0x73, 0x65, 0x0a, 0x20, //           else. 
	0x20, 0x20, 0x20, 0x20, 0x20, 0x20, 0x20, 0x20, 0x20, 0x20, 0x20, 0x7b, 0x0a, 0x20, 0x20, 0x20, //            {.   
	0x20, 0x20, 0x20, 0x20, 0x20, 0x20, 0x20, 0x20, 0x20, 0x20, 0x20, 0x20, 0x20, 0x5f, 0x31, 0x35, //              _15
	0x36, 0x30, 0x20, 0x3d, 0x20, 0x5f, 0x31, 0x31, 0x30, 0x37, 0x3b, 0x0a, 0x20, 0x20, 0x20, 0x20, // 60 = _1107;.    
	0x20, 0x20, 0x20, 0x20, 0x20, 0x20, 0x20, 0x20, 0x20, 0x20, 0x20, 0x20, 0x5f, 0x31, 0x35, 0x35, //             _155
	0x34, 0x20, 0x3d, 0x20, 0x5f, 0x31, 0x31, 0x30, 0x34, 0x3b, 0x0a, 0x20, 0x20, 0x20, 0x20, 0x20, // 4 = _1104;.     
	0x20, 0x20, 0x20, 0x20, 0x20, 0x20, 0x20, 0x7d, 0x0a, 0x20, 0x20, 0x20, 0x20, 0x20, 0x20, 0x20, //        }.       
	0x20, 0x20, 0x20, 0x20, 0x20, 0x5f, 0x31, 0x35, 0x35, 0x39, 0x20, 0x3d, 0x20, 0x5f, 0x31, 0x35, //      _1559 = _15
	0x36, 0x30, 0x3b, 0x0a, 0x20, 0x20, 0x20, 0x20, 0x20, 0x20, 0x20, 0x20, 0x20, 0x20, 0x20, 0x20, // 60;.            
	0x5f, 0x31, 0x35, 0x35, 0x33, 0x20, 0x3d, 0x20, 0x5f, 0x31, 0x35, 0x35, 0x34, 0x3b, 0x0a, 0x20, // _1553 = _1554;. 
	0x20, 0x20, 0x20, 0x20, 0x20, 0x20, 0x20, 0x7d, 0x0a, 0x20, 0x20, 0x20, 0x20, 0x20, 0x20, 0x20, //        }.       
	0x20, 0x65, 0x6c, 0x73, 0x65, 0x0a, 0x20, 0x20, 0x20, 0x20, 0x20, 0x20, 0x20, 0x20, 0x7b, 0x0a, //  else.        {.
	0x20, 0x20, 0x20, 0x20, 0x20, 0x20, 0x20, 0x20, 0x20, 0x20, 0x20, 0x20, 0x66, 0x6c, 0x6f, 0x61, //             floa
	0x74, 0x20, 0x5f, 0x31, 0x35, 0x35, 0x35, 0x3b, 0x0a, 0x20, 0x20, 0x20, 0x20, 0x20, 0x20, 0x20, // t _1555;.       
	0x20, 0x20, 0x20, 0x20, 0x20, 0x66, 0x6c, 0x6f, 0x61, 0x74, 0x20, 0x5f, 0x31, 0x35, 0x36, 0x31, //      float _1561
	0x3b, 0x0a, 0x20, 0x20, 0x20, 0x20, 0x20, 0x20, 0x20, 0x20, 0x20, 0x20, 0x20, 0x20, 0x69, 0x66, // ;.            if
	0x20, 0x28, 0x5f, 0x6d, 0x74, 0x6c, 0x5f, 0x75, 0x2e, 0x75, 0x5f, 0x66, 0x6c, 0x69, 0x70, 0x62, //  (_mtl_u.u_flipb
	0x6f, 0x6f, 0x6b, 0x50, 0x61, 0x72, 0x61, 0x6d, 0x65, 0x74, 0x65, 0x72, 0x31, 0x2e, 0x79, 0x20, // ookParameter1.y 
	0x3d, 0x3d, 0x20, 0x31, 0x2e, 0x30, 0x29, 0x0a, 0x20, 0x20, 0x20, 0x20, 0x20, 0x20, 0x20, 0x20, // == 1.0).        
	0x20, 0x20, 0x20, 0x20, 0x7b, 0x0a, 0x20, 0x20, 0x20, 0x20, 0x20, 0x20, 0x20, 0x20, 0x20, 0x20, //     {.          
	0x20, 0x20, 0x20, 0x20, 0x20, 0x20, 0x5f, 0x31, 0x35, 0x36, 0x31, 0x20, 0x3d, 0x20, 0x5f, 0x31, //       _1561 = _1
	0x31, 0x30, 0x37, 0x20, 0x2d, 0x20, 0x28, 0x5f, 0x31, 0x31, 0x31, 0x30, 0x20, 0x2a, 0x20, 0x66, // 107 - (_1110 * f
	0x6c, 0x6f, 0x6f, 0x72, 0x28, 0x5f, 0x31, 0x31, 0x30, 0x37, 0x20, 0x2f, 0x20, 0x5f, 0x31, 0x31, // loor(_1107 / _11
	0x31, 0x30, 0x29, 0x29, 0x3b, 0x0a, 0x20, 0x20, 0x20, 0x20, 0x20, 0x20, 0x20, 0x20, 0x20, 0x20, // 10));.          
	0x20, 0x20, 0x20, 0x20, 0x20, 0x20, 0x5f, 0x31, 0x35, 0x35, 0x35, 0x20, 0x3d, 0x20, 0x5f, 0x31, //       _1555 = _1
	0x31, 0x30, 0x34, 0x20, 0x2d, 0x20, 0x28, 0x5f, 0x31, 0x31, 0x31, 0x30, 0x20, 0x2a, 0x20, 0x66, // 104 - (_1110 * f
	0x6c, 0x6f, 0x6f, 0x72, 0x28, 0x5f, 0x31, 0x31, 0x30, 0x34, 0x20, 0x2f, 0x20, 0x5f, 0x31, 0x31, // loor(_1104 / _11
	0x31, 0x30, 0x29, 0x29, 0x3b, 0x0a, 0x20, 0x20, 0x20, 0x20, 0x20, 0x20, 0x20, 0x20, 0x20, 0x20, // 10));.          
	0x20, 0x20, 0x7d, 0x0a, 0x20, 0x20, 0x20, 0x20, 0x20, 0x20, 0x20, 0x20, 0x20, 0x20, 0x20, 0x20, //   }.            
	0x65, 0x6c, 0x73, 0x65, 0x0a, 0x20, 0x20, 0x20, 0x20, 0x20, 0x20, 0x20, 0x20, 0x20, 0x20, 0x20, // else.           
	0x20, 0x7b, 0x0a, 0x20, 0x20, 0x20, 0x20, 0x20, 0x20, 0x20, 0x20, 0x20, 0x20, 0x20, 0x20, 0x20, //  {.             
	0x20, 0x20, 0x20, 0x66, 0x6c, 0x6f, 0x61, 0x74, 0x20, 0x5f, 0x31, 0x35, 0x35, 0x36, 0x3b, 0x0a, //    float _1556;.
	0x20, 0x20, 0x20, 0x20, 0x20, 0x20, 0x20, 0x20, 0x20, 0x20, 0x20, 0x20, 0x20, 0x20, 0x20, 0x20, //                 
	0x66, 0x6c, 0x6f, 0x61, 0x74, 0x20, 0x5f, 0x31, 0x35, 0x36, 0x32, 0x3b, 0x0a, 0x20, 0x20, 0x20, // float _1562;.   
	0x20, 0x20, 0x20, 0x20, 0x20, 0x20, 0x20, 0x20, 0x20, 0x20, 0x20, 0x20, 0x20, 0x69, 0x66, 0x20, //              if 
	0x28, 0x5f, 0x6d, 0x74, 0x6c, 0x5f, 0x75, 0x2e, 0x75, 0x5f, 0x66, 0x6c, 0x69, 0x70, 0x62, 0x6f, // (_mtl_u.u_flipbo
	0x6f, 0x6b, 0x50, 0x61, 0x72, 0x61, 0x6d, 0x65, 0x74, 0x65, 0x72, 0x31, 0x2e, 0x79, 0x20, 0x3d, // okParameter1.y =
	0x3d, 0x20, 0x32, 0x2e, 0x30, 0x29, 0x0a, 0x20, 0x20, 0x20, 0x20, 0x20, 0x20, 0x20, 0x20, 0x20, // = 2.0).         
	0x20, 0x20, 0x20, 0x20, 0x20, 0x20, 0x20, 0x7b, 0x0a, 0x20, 0x20, 0x20, 0x20, 0x20, 0x20, 0x20, //        {.       
	0x20, 0x20, 0x20, 0x20, 0x20, 0x20, 0x20, 0x20, 0x20, 0x20, 0x20, 0x20, 0x20, 0x66, 0x6c, 0x6f, //              flo
	0x61, 0x74, 0x20, 0x5f, 0x31, 0x31, 0x34, 0x30, 0x20, 0x3d, 0x20, 0x66, 0x6c, 0x6f, 0x6f, 0x72, // at _1140 = floor
	0x28, 0x5f, 0x31, 0x31, 0x30, 0x34, 0x20, 0x2f, 0x20, 0x5f, 0x31, 0x31, 0x31, 0x30, 0x29, 0x3b, // (_1104 / _1110);
	0x0a, 0x20, 0x20, 0x20, 0x20, 0x20, 0x20, 0x20, 0x20, 0x20, 0x20, 0x20, 0x20, 0x20, 0x20, 0x20, // .               
	0x20, 0x20, 0x20, 0x20, 0x20, 0x66, 0x6c, 0x6f, 0x61, 0x74, 0x20, 0x5f, 0x31, 0x32, 0x35, 0x35, //      float _1255
	0x20, 0x3d, 0x20, 0x5f, 0x31, 0x31, 0x30, 0x34, 0x20, 0x2d, 0x20, 0x28, 0x5f, 0x31, 0x31, 0x31, //  = _1104 - (_111
	0x30, 0x20, 0x2a, 0x20, 0x5f, 0x31, 0x31, 0x34, 0x30, 0x29, 0x3b, 0x0a, 0x20, 0x20, 0x20, 0x20, // 0 * _1140);.    
	0x20, 0x20, 0x20, 0x20, 0x20, 0x20, 0x20, 0x20, 0x20, 0x20, 0x20, 0x20, 0x20, 0x20, 0x20, 0x20, //                 
	0x66, 0x6c, 0x6f, 0x61, 0x74, 0x20, 0x5f, 0x31, 0x35, 0x35, 0x38, 0x3b, 0x0a, 0x20, 0x20, 0x20, // float _1558;.   
	0x20, 0x20, 0x20, 0x20, 0x20, 0x20, 0x20, 0x20, 0x20, 0x20, 0x20, 0x20, 0x20, 0x20, 0x20, 0x20, //                 
	0x20, 0x69, 0x66, 0x20, 0x28, 0x28, 0x5f, 0x31, 0x31, 0x34, 0x30, 0x20, 0x2d, 0x20, 0x28, 0x32, //  if ((_1140 - (2
	0x2e, 0x30, 0x20, 0x2a, 0x20, 0x66, 0x6c, 0x6f, 0x6f, 0x72, 0x28, 0x5f, 0x31, 0x31, 0x34, 0x30, // .0 * floor(_1140
	0x20, 0x2a, 0x20, 0x30, 0x2e, 0x35, 0x29, 0x29, 0x29, 0x20, 0x3d, 0x3d, 0x20, 0x31, 0x2e, 0x30, //  * 0.5))) == 1.0
	0x29, 0x0a, 0x20, 0x20, 0x20, 0x20, 0x20, 0x20, 0x20, 0x20, 0x20, 0x20, 0x20, 0x20, 0x20, 0x20, // ).              
	0x20, 0x20, 0x20, 0x20, 0x20, 0x20, 0x7b, 0x0a, 0x20, 0x20, 0x20, 0x20, 0x20, 0x20, 0x20, 0x20, //       {.        
	0x20, 0x20, 0x20, 0x20, 0x20, 0x20, 0x20, 0x20, 0x20, 0x20, 0x20, 0x20, 0x20, 0x20, 0x20, 0x20, //                 
	0x5f, 0x31, 0x35, 0x35, 0x38, 0x20, 0x3d, 0x20, 0x28, 0x5f, 0x31, 0x31, 0x31, 0x30, 0x20, 0x2d, // _1558 = (_1110 -
	0x20, 0x31, 0x2e, 0x30, 0x29, 0x20, 0x2d, 0x20, 0x66, 0x6c, 0x6f, 0x6f, 0x72, 0x28, 0x5f, 0x31, //  1.0) - floor(_1
	0x32, 0x35, 0x35, 0x29, 0x3b, 0x0a, 0x20, 0x20, 0x20, 0x20, 0x20, 0x20, 0x20, 0x20, 0x20, 0x20, // 255);.          
	0x20, 0x20, 0x20, 0x20, 0x20, 0x20, 0x20, 0x20, 0x20, 0x20, 0x7d, 0x0a, 0x20, 0x20, 0x20, 0x20, //           }.    
	0x20, 0x20, 0x20, 0x20, 0x20, 0x20, 0x20, 0x20, 0x20, 0x20, 0x20, 0x20, 0x20, 0x20, 0x20, 0x20, //                 
	0x65, 0x6c, 0x73, 0x65, 0x0a, 0x20, 0x20, 0x20, 0x20, 0x20, 0x20, 0x20, 0x20, 0x20, 0x20, 0x20, // else.           
	0x20, 0x20, 0x20, 0x20, 0x20, 0x20, 0x20, 0x20, 0x20, 0x7b, 0x0a, 0x20, 0x20, 0x20, 0x20, 0x20, //          {.     
	0x20, 0x20, 0x20, 0x20, 0x20, 0x20, 0x20, 0x20, 0x20, 0x20, 0x20, 0x20, 0x20, 0x20, 0x20, 0x20, //                 
	0x20, 0x20, 0x20, 0x5f, 0x31, 0x35, 0x35, 0x38, 0x20, 0x3d, 0x20, 0x5f, 0x31, 0x32, 0x35, 0x35, //    _1558 = _1255
	0x3b, 0x0a, 0x20, 0x20, 0x20, 0x20, 0x20, 0x20, 0x20, 0x20, 0x20, 0x20, 0x20, 0x20, 0x20, 0x20, // ;.              
	0x20, 0x20, 0x20, 0x20, 0x20, 0x20, 0x7d, 0x0a, 0x20, 0x20, 0x20, 0x20, 0x20, 0x20, 0x20, 0x20, //       }.        
	0x20, 0x20, 0x20, 0x20, 0x20, 0x20, 0x20, 0x20, 0x20, 0x20, 0x20, 0x20, 0x66, 0x6c, 0x6f, 0x61, //             floa
	0x74, 0x20, 0x5f, 0x31, 0x31, 0x35, 0x37, 0x20, 0x3d, 0x20, 0x66, 0x6c, 0x6f, 0x6f, 0x72, 0x28, // t _1157 = floor(
	0x5f, 0x31, 0x31, 0x30, 0x37, 0x20, 0x2f, 0x20, 0x5f, 0x31, 0x31, 0x31, 0x30, 0x29, 0x3b, 0x0a, // _1107 / _1110);.
	0x20, 0x20, 0x20, 0x20, 0x20, 0x20, 0x20, 0x20, 0x20, 0x20, 0x20, 0x20, 0x20, 0x20, 0x20, 0x20, //                 
	0x20, 0x20, 0x20, 0x20, 0x66, 0x6c, 0x6f, 0x61, 0x74, 0x20, 0x5f, 0x31, 0x32, 0x37, 0x35, 0x20, //     float _1275 
	0x3d, 0x20, 0x5f, 0x31, 0x31, 0x30, 0x37, 0x20, 0x2d, 0x20, 0x28, 0x5f, 0x31, 0x31, 0x31, 0x30, // = _1107 - (_1110
	0x20, 0x2a, 0x20, 0x5f, 0x31, 0x31, 0x35, 0x37, 0x29, 0x3b, 0x0a, 0x20, 0x20, 0x20, 0x20, 0x20, //  * _1157);.     
	0x20, 0x20, 0x20, 0x20, 0x20, 0x20, 0x20, 0x20, 0x20, 0x20, 0x20, 0x20, 0x20, 0x20, 0x20, 0x66, //                f
	0x6c, 0x6f, 0x61, 0x74, 0x20, 0x5f, 0x31, 0x35, 0x36, 0x33, 0x3b, 0x0a, 0x20, 0x20, 0x20, 0x20, // loat _1563;.    
	0x20, 0x20, 0x20, 0x20, 0x20, 0x20, 0x20, 0x20, 0x20, 0x20, 0x20, 0x20, 0x20, 0x20, 0x20, 0x20, //                 
	0x69, 0x66, 0x20, 0x28, 0x28, 0x5f, 0x31, 0x31, 0x35, 0x37, 0x20, 0x2d, 0x20, 0x28, 0x32, 0x2e, // if ((_1157 - (2.
	0x30, 0x20, 0x2a, 0x20, 0x66, 0x6c, 0x6f, 0x6f, 0x72, 0x28, 0x5f, 0x31, 0x31, 0x35, 0x37, 0x20, // 0 * floor(_1157 
	0x2a, 0x20, 0x30, 0x2e, 0x35, 0x29, 0x29, 0x29, 0x20, 0x3d, 0x3d, 0x20, 0x31, 0x2e, 0x30, 0x29, // * 0.5))) == 1.0)
	0x0a, 0x20, 0x20, 0x20, 0x20, 0x20, 0x20, 0x20, 0x20, 0x20, 0x20, 0x20, 0x20, 0x20, 0x20, 0x20, // .               
	0x20, 0x20, 0x20, 0x20, 0x20, 0x7b, 0x0a, 0x20, 0x20, 0x20, 0x20, 0x20, 0x20, 0x20, 0x20, 0x20, //      {.         
	0x20, 0x20, 0x20, 0x20, 0x20, 0x20, 0x20, 0x20, 0x20, 0x20, 0x20, 0x20, 0x20, 0x20, 0x20, 0x5f, //                _
	0x31, 0x35, 0x36, 0x33, 0x20, 0x3d, 0x20, 0x28, 0x5f, 0x31, 0x31, 0x31, 0x30, 0x20, 0x2d, 0x20, // 1563 = (_1110 - 
	0x31, 0x2e, 0x30, 0x29, 0x20, 0x2d, 0x20, 0x66, 0x6c, 0x6f, 0x6f, 0x72, 0x28, 0x5f, 0x31, 0x32, // 1.0) - floor(_12
	0x37, 0x35, 0x29, 0x3b, 0x0a, 0x20, 0x20, 0x20, 0x20, 0x20, 0x20, 0x20, 0x20, 0x20, 0x20, 0x20, // 75);.           
	0x20, 0x20, 0x20, 0x20, 0x20, 0x20, 0x20, 0x20, 0x20, 0x7d, 0x0a, 0x20, 0x20, 0x20, 0x20, 0x20, //          }.     
	0x20, 0x20, 0x20, 0x20, 0x20, 0x20, 0x20, 0x20, 0x20, 0x20, 0x20, 0x20, 0x20, 0x20, 0x20, 0x65, //                e
	0x6c, 0x73, 0x65, 0x0a, 0x20, 0x20, 0x20, 0x20, 0x20, 0x20, 0x20, 0x20, 0x20, 0x20, 0x20, 0x20, // lse.            
	0x20, 0x20, 0x20, 0x20, 0x20, 0x20, 0x20, 0x20, 0x7b, 0x0a, 0x20, 0x20, 0x20, 0x20, 0x20, 0x20, //         {.      
	0x20, 0x20, 0x20, 0x20, 0x20, 0x20, 0x20, 0x20, 0x20, 0x20, 0x20, 0x20, 0x20, 0x20, 0x20, 0x20, //                 
	0x20, 0x20, 0x5f, 0x31, 0x35, 0x36, 0x33, 0x20, 0x3d, 0x20, 0x5f, 0x31, 0x32, 0x37, 0x35, 0x3b, //   _1563 = _1275;
	0x0a, 0x20, 0x20, 0x20, 0x20, 0x20, 0x20, 0x20, 0x20, 0x20, 0x20, 0x20, 0x20, 0x20, 0x20, 0x20, // .               
	0x20, 0x20, 0x20, 0x20, 0x20, 0x7d, 0x0a, 0x20, 0x20, 0x20, 0x20, 0x20, 0x20, 0x20, 0x20, 0x20, //      }.         
	0x20, 0x20, 0x20, 0x20, 0x20, 0x20, 0x20, 0x20, 0x20, 0x20, 0x20, 0x5f, 0x31, 0x35, 0x36, 0x32, //            _1562
	0x20, 0x3d, 0x20, 0x5f, 0x31, 0x35, 0x36, 0x33, 0x3b, 0x0a, 0x20, 0x20, 0x20, 0x20, 0x20, 0x20, //  = _1563;.      
	0x20, 0x20, 0x20, 0x20, 0x20, 0x20, 0x20, 0x20, 0x20, 0x20, 0x20, 0x20, 0x20, 0x20, 0x5f, 0x31, //               _1
	0x35, 0x35, 0x36, 0x20, 0x3d, 0x20, 0x5f, 0x31, 0x35, 0x35, 0x38, 0x3b, 0x0a, 0x20, 0x20, 0x20, // 556 = _1558;.   
	0x20, 0x20, 0x20, 0x20, 0x20, 0x20, 0x20, 0x20, 0x20, 0x20, 0x20, 0x20, 0x20, 0x7d, 0x0a, 0x20, //              }. 
	0x20, 0x20, 0x20, 0x20, 0x20, 0x20, 0x20, 0x20, 0x20, 0x20, 0x20, 0x20, 0x20, 0x20, 0x20, 0x65, //                e
	0x6c, 0x73, 0x65, 0x0a, 0x20, 0x20, 0x20, 0x20, 0x20, 0x20, 0x20, 0x20, 0x20, 0x20, 0x20, 0x20, // lse.            
	0x20, 0x20, 0x20, 0x20, 0x7b, 0x0a, 0x20, 0x20, 0x20, 0x20, 0x20, 0x20, 0x20, 0x20, 0x20, 0x20, //     {.          
	0x20, 0x20, 0x20, 0x20, 0x20, 0x20, 0x20, 0x20, 0x20, 0x20, 0x5f, 0x31, 0x35, 0x36, 0x32, 0x20, //           _1562 
	0x3d, 0x20, 0x5f, 0x31, 0x31, 0x30, 0x37, 0x3b, 0x0a, 0x20, 0x20, 0x20, 0x20, 0x20, 0x20, 0x20, // = _1107;.       
	0x20, 0x20, 0x20, 0x20, 0x20, 0x20, 0x20, 0x20, 0x20, 0x20, 0x20, 0x20, 0x20, 0x5f, 0x31, 0x35, //              _15
	0x35, 0x36, 0x20, 0x3d, 0x20, 0x5f, 0x31, 0x31, 0x30, 0x34, 0x3b, 0x0a, 0x20, 0x20, 0x20, 0x20, // 56 = _1104;.    
	0x20, 0x20, 0x20, 0x20, 0x20, 0x20, 0x20, 0x20, 0x20, 0x20, 0x20, 0x20, 0x7d, 0x0a, 0x20, 0x20, //             }.  
	0x20, 0x20, 0x20, 0x20, 0x20, 0x20, 0x20, 0x20, 0x20, 0x20, 0x20, 0x20, 0x20, 0x20, 0x5f, 0x31, //               _1
	0x35, 0x36, 0x31, 0x20, 0x3d, 0x20, 0x5f, 0x31, 0x35, 0x36, 0x32, 0x3b, 0x0a, 0x20, 0x20, 0x20, // 561 = _1562;.   
	0x20, 0x20, 0x20, 0x20, 0x20, 0x20, 0x20, 0x20, 0x20, 0x20, 0x20, 0x20, 0x20, 0x5f, 0x31, 0x35, //              _15
	0x35, 0x35, 0x20, 0x3d, 0x20, 0x5f, 0x31, 0x35, 0x35, 0x36, 0x3b, 0x0a, 0x20, 0x20, 0x20, 0x20, // 55 = _1556;.    
	0x20, 0x20, 0x20, 0x20, 0x20, 0x20, 0x20, 0x20, 0x7d, 0x0a, 0x20, 0x20, 0x20, 0x20, 0x20, 0x20, //         }.      
	0x20, 0x20, 0x20, 0x20, 0x20, 0x20, 0x5f, 0x31, 0x35, 0x35, 0x39, 0x20, 0x3d, 0x20, 0x5f, 0x31, //       _1559 = _1
	0x35, 0x36, 0x31, 0x3b, 0x0a, 0x20, 0x20, 0x20, 0x20, 0x20, 0x20, 0x20, 0x20, 0x20, 0x20, 0x20, // 561;.           
	0x20, 0x5f, 0x31, 0x35, 0x35, 0x33, 0x20, 0x3d, 0x20, 0x5f, 0x31, 0x35, 0x35, 0x35, 0x3b, 0x0a, //  _1553 = _1555;.
	0x20, 0x20, 0x20, 0x20, 0x20, 0x20, 0x20, 0x20, 0x7d, 0x0a, 0x20, 0x20, 0x20, 0x20, 0x20, 0x20, //         }.      
	0x20, 0x20, 0x5f, 0x31, 0x30, 0x30, 0x35, 0x2e, 0x79, 0x20, 0x3d, 0x20, 0x5f, 0x6d, 0x74, 0x6c, //   _1005.y = _mtl
	0x5f, 0x75, 0x2e, 0x75, 0x5f, 0x6d, 0x55, 0x56, 0x49, 0x6e, 0x76, 0x65, 0x72, 0x73, 0x65, 0x64, // _u.u_mUVInversed
	0x2e, 0x78, 0x20, 0x2b, 0x20, 0x28, 0x5f, 0x6d, 0x74, 0x6c, 0x5f, 0x75, 0x2e, 0x75, 0x5f, 0x6d, // .x + (_mtl_u.u_m
	0x55, 0x56, 0x49, 0x6e, 0x76, 0x65, 0x72, 0x73, 0x65, 0x64, 0x2e, 0x79, 0x20, 0x2a, 0x20, 0x5f, // UVInversed.y * _
	0x38, 0x36, 0x32, 0x29, 0x3b, 0x0a, 0x20, 0x20, 0x20, 0x20, 0x20, 0x20, 0x20, 0x20, 0x69, 0x6e, // 862);.        in
	0x74, 0x20, 0x5f, 0x31, 0x32, 0x38, 0x33, 0x20, 0x3d, 0x20, 0x69, 0x6e, 0x74, 0x28, 0x5f, 0x31, // t _1283 = int(_1
	0x35, 0x35, 0x33, 0x29, 0x3b, 0x0a, 0x20, 0x20, 0x20, 0x20, 0x20, 0x20, 0x20, 0x20, 0x66, 0x6c, // 553);.        fl
	0x6f, 0x61, 0x74, 0x20, 0x5f, 0x31, 0x32, 0x38, 0x34, 0x20, 0x3d, 0x20, 0x66, 0x6c, 0x6f, 0x61, // oat _1284 = floa
	0x74, 0x28, 0x5f, 0x31, 0x32, 0x38, 0x33, 0x29, 0x3b, 0x0a, 0x20, 0x20, 0x20, 0x20, 0x20, 0x20, // t(_1283);.      
	0x20, 0x20, 0x69, 0x6e, 0x74, 0x20, 0x5f, 0x31, 0x32, 0x38, 0x36, 0x20, 0x3d, 0x20, 0x69, 0x6e, //   int _1286 = in
	0x74, 0x28, 0x5f, 0x6d, 0x74, 0x6c, 0x5f, 0x75, 0x2e, 0x75, 0x5f, 0x66, 0x6c, 0x69, 0x70, 0x62, // t(_mtl_u.u_flipb
	0x6f, 0x6f, 0x6b, 0x50, 0x61, 0x72, 0x61, 0x6d, 0x65, 0x74, 0x65, 0x72, 0x31, 0x2e, 0x7a, 0x29, // ookParameter1.z)
	0x3b, 0x0a, 0x20, 0x20, 0x20, 0x20, 0x20, 0x20, 0x20, 0x20, 0x66, 0x6c, 0x6f, 0x61, 0x74, 0x20, // ;.        float 
	0x5f, 0x31, 0x32, 0x38, 0x37, 0x20, 0x3d, 0x20, 0x66, 0x6c, 0x6f, 0x61, 0x74, 0x28, 0x5f, 0x31, // _1287 = float(_1
	0x32, 0x38, 0x36, 0x29, 0x3b, 0x0a, 0x20, 0x20, 0x20, 0x20, 0x20, 0x20, 0x20, 0x20, 0x69, 0x6e, // 286);.        in
	0x74, 0x20, 0x5f, 0x31, 0x33, 0x32, 0x31, 0x20, 0x3d, 0x20, 0x69, 0x6e, 0x74, 0x28, 0x5f, 0x31, // t _1321 = int(_1
	0x35, 0x35, 0x39, 0x29, 0x3b, 0x0a, 0x20, 0x20, 0x20, 0x20, 0x20, 0x20, 0x20, 0x20, 0x66, 0x6c, // 559);.        fl
	0x6f, 0x61, 0x74, 0x20, 0x5f, 0x31, 0x33, 0x32, 0x32, 0x20, 0x3d, 0x20, 0x66, 0x6c, 0x6f, 0x61, // oat _1322 = floa
	0x74, 0x28, 0x5f, 0x31, 0x33, 0x32, 0x31, 0x29, 0x3b, 0x0a, 0x20, 0x20, 0x20, 0x20, 0x20, 0x20, // t(_1321);.      
	0x20, 0x20, 0x66, 0x6c, 0x6f, 0x61, 0x74, 0x32, 0x20, 0x5f, 0x31, 0x33, 0x34, 0x31, 0x20, 0x3d, //   float2 _1341 =
	0x20, 0x28, 0x28, 0x5f, 0x31, 0x30, 0x30, 0x35, 0x20, 0x2d, 0x20, 0x28, 0x28, 0x66, 0x6c, 0x6f, //  ((_1005 - ((flo
	0x61, 0x74, 0x32, 0x28, 0x5f, 0x31, 0x32, 0x38, 0x34, 0x20, 0x2d, 0x20, 0x28, 0x5f, 0x31, 0x32, // at2(_1284 - (_12
	0x38, 0x37, 0x20, 0x2a, 0x20, 0x66, 0x6c, 0x6f, 0x6f, 0x72, 0x28, 0x5f, 0x31, 0x32, 0x38, 0x34, // 87 * floor(_1284
	0x20, 0x2f, 0x20, 0x5f, 0x31, 0x32, 0x38, 0x37, 0x29, 0x29, 0x2c, 0x20, 0x66, 0x6c, 0x6f, 0x61, //  / _1287)), floa
	0x74, 0x28, 0x5f, 0x31, 0x32, 0x38, 0x33, 0x20, 0x2f, 0x20, 0x5f, 0x31, 0x32, 0x38, 0x36, 0x29, // t(_1283 / _1286)
	0x29, 0x20, 0x2a, 0x20, 0x5f, 0x6d, 0x74, 0x6c, 0x5f, 0x75, 0x2e, 0x75, 0x5f, 0x66, 0x6c, 0x69, // ) * _mtl_u.u_fli
	0x70, 0x62, 0x6f, 0x6f, 0x6b, 0x50, 0x61, 0x72, 0x61, 0x6d, 0x65, 0x74, 0x65, 0x72, 0x32, 0x2e, // pbookParameter2.
	0x78, 0x79, 0x29, 0x20, 0x2b, 0x20, 0x5f, 0x6d, 0x74, 0x6c, 0x5f, 0x75, 0x2e, 0x75, 0x5f, 0x66, // xy) + _mtl_u.u_f
	0x6c, 0x69, 0x70, 0x62, 0x6f, 0x6f, 0x6b, 0x50, 0x61, 0x72, 0x61, 0x6d, 0x65, 0x74, 0x65, 0x72, // lipbookParameter
	0x32, 0x2e, 0x7a, 0x77, 0x29, 0x29, 0x20, 0x2b, 0x20, 0x28, 0x66, 0x6c, 0x6f, 0x61, 0x74, 0x32, // 2.zw)) + (float2
	0x28, 0x5f, 0x31, 0x33, 0x32, 0x32, 0x20, 0x2d, 0x20, 0x28, 0x5f, 0x31, 0x32, 0x38, 0x37, 0x20, // (_1322 - (_1287 
	0x2a, 0x20, 0x66, 0x6c, 0x6f, 0x6f, 0x72, 0x28, 0x5f, 0x31, 0x33, 0x32, 0x32, 0x20, 0x2f, 0x20, // * floor(_1322 / 
	0x5f, 0x31, 0x32, 0x38, 0x37, 0x29, 0x29, 0x2c, 0x20, 0x66, 0x6c, 0x6f, 0x61, 0x74, 0x28, 0x5f, // _1287)), float(_
	0x31, 0x33, 0x32, 0x31, 0x20, 0x2f, 0x20, 0x5f, 0x31, 0x32, 0x38, 0x36, 0x29, 0x29, 0x20, 0x2a, // 1321 / _1286)) *
	0x20, 0x5f, 0x6d, 0x74, 0x6c, 0x5f, 0x75, 0x2e, 0x75, 0x5f, 0x66, 0x6c, 0x69, 0x70, 0x62, 0x6f, //  _mtl_u.u_flipbo
	0x6f, 0x6b, 0x50, 0x61, 0x72, 0x61, 0x6d, 0x65, 0x74, 0x65, 0x72, 0x32, 0x2e, 0x78, 0x79, 0x29, // okParameter2.xy)
	0x29, 0x20, 0x2b, 0x20, 0x5f, 0x6d, 0x74, 0x6c, 0x5f, 0x75, 0x2e, 0x75, 0x5f, 0x66, 0x6c, 0x69, // ) + _mtl_u.u_fli
	0x70, 0x62, 0x6f, 0x6f, 0x6b, 0x50, 0x61, 0x72, 0x61, 0x6d, 0x65, 0x74, 0x65, 0x72, 0x32, 0x2e, // pbookParameter2.
	0x7a, 0x77, 0x3b, 0x0a, 0x20, 0x20, 0x20, 0x20, 0x20, 0x20, 0x20, 0x20, 0x5f, 0x31, 0x33, 0x34, // zw;.        _134
	0x31, 0x2e, 0x79, 0x20, 0x3d, 0x20, 0x5f, 0x6d, 0x74, 0x6c, 0x5f, 0x75, 0x2e, 0x75, 0x5f, 0x6d, // 1.y = _mtl_u.u_m
	0x55, 0x56, 0x49, 0x6e, 0x76, 0x65, 0x72, 0x73, 0x65, 0x64, 0x2e, 0x78, 0x20, 0x2b, 0x20, 0x28, // UVInversed.x + (
	0x5f, 0x6d, 0x74, 0x6c, 0x5f, 0x75, 0x2e, 0x75, 0x5f, 0x6d, 0x55, 0x56, 0x49, 0x6e, 0x76, 0x65, // _mtl_u.u_mUVInve
	0x72, 0x73, 0x65, 0x64, 0x2e, 0x79, 0x20, 0x2a, 0x20, 0x5f, 0x31, 0x33, 0x34, 0x31, 0x2e, 0x79, // rsed.y * _1341.y
	0x29, 0x3b, 0x0a, 0x20, 0x20, 0x20, 0x20, 0x20, 0x20, 0x20, 0x20, 0x5f, 0x31, 0x36, 0x34, 0x31, // );.        _1641
	0x20, 0x3d, 0x20, 0x5f, 0x31, 0x33, 0x34, 0x31, 0x3b, 0x0a, 0x20, 0x20, 0x20, 0x20, 0x20, 0x20, //  = _1341;.      
	0x20, 0x20, 0x5f, 0x31, 0x35, 0x36, 0x34, 0x20, 0x3d, 0x20, 0x66, 0x72, 0x61, 0x63, 0x74, 0x28, //   _1564 = fract(
	0x69, 0x6e, 0x2e, 0x61, 0x5f, 0x74, 0x65, 0x78, 0x63, 0x6f, 0x6f, 0x72, 0x64, 0x35, 0x29, 0x3b, // in.a_texcoord5);
	0x0a, 0x20, 0x20, 0x20, 0x20, 0x7d, 0x0a, 0x20, 0x20, 0x20, 0x20, 0x65, 0x6c, 0x73, 0x65, 0x0a, // .    }.    else.
	0x20, 0x20, 0x20, 0x20, 0x7b, 0x0a, 0x20, 0x20, 0x20, 0x20, 0x20, 0x20, 0x20, 0x20, 0x5f, 0x31, //     {.        _1
	0x36, 0x34, 0x31, 0x20, 0x3d, 0x20, 0x66, 0x6c, 0x6f, 0x61, 0x74, 0x32, 0x28, 0x30, 0x2e, 0x30, // 641 = float2(0.0
	0x29, 0x3b, 0x0a, 0x20, 0x20, 0x20, 0x20, 0x20, 0x20, 0x20, 0x20, 0x5f, 0x31, 0x35, 0x36, 0x34, // );.        _1564
	0x20, 0x3d, 0x20, 0x30, 0x2e, 0x30, 0x3b, 0x0a, 0x20, 0x20, 0x20, 0x20, 0x7d, 0x0a, 0x20, 0x20, //  = 0.0;.    }.  
	0x20, 0x20, 0x6f, 0x75, 0x74, 0x2e, 0x67, 0x6c, 0x5f, 0x50, 0x6f, 0x73, 0x69, 0x74, 0x69, 0x6f, //   out.gl_Positio
	0x6e, 0x20, 0x3d, 0x20, 0x5f, 0x38, 0x38, 0x30, 0x3b, 0x0a, 0x20, 0x20, 0x20, 0x20, 0x6f, 0x75, // n = _880;.    ou
	0x74, 0x2e, 0x5f, 0x65, 0x6e, 0x74, 0x72, 0x79, 0x50, 0x6f, 0x69, 0x6e, 0x74, 0x4f, 0x75, 0x74, // t._entryPointOut
	0x70, 0x75, 0x74, 0x5f, 0x76, 0x5f, 0x41, 0x6c, 0x70, 0x68, 0x61, 0x5f, 0x44, 0x69, 0x73, 0x74, // put_v_Alpha_Dist
	0x5f, 0x55, 0x56, 0x20, 0x3d, 0x20, 0x5f, 0x36, 0x36, 0x36, 0x3b, 0x0a, 0x20, 0x20, 0x20, 0x20, // _UV = _666;.    
	0x6f, 0x75, 0x74, 0x2e, 0x5f, 0x65, 0x6e, 0x74, 0x72, 0x79, 0x50, 0x6f, 0x69, 0x6e, 0x74, 0x4f, // out._entryPointO
	0x75, 0x74, 0x70, 0x75, 0x74, 0x5f, 0x76, 0x5f, 0x42, 0x6c, 0x65, 0x6e, 0x64, 0x5f, 0x41, 0x6c, // utput_v_Blend_Al
	0x70, 0x68, 0x61, 0x5f, 0x44, 0x69, 0x73, 0x74, 0x5f, 0x55, 0x56, 0x20, 0x3d, 0x20, 0x5f, 0x36, // pha_Dist_UV = _6
	0x37, 0x32, 0x3b, 0x0a, 0x20, 0x20, 0x20, 0x20, 0x6f, 0x75, 0x74, 0x2e, 0x5f, 0x65, 0x6e, 0x74, // 72;.    out._ent
	0x72, 0x79, 0x50, 0x6f, 0x69, 0x6e, 0x74, 0x4f, 0x75, 0x74, 0x70, 0x75, 0x74, 0x5f, 0x76, 0x5f, // ryPointOutput_v_
	0x42, 0x6c, 0x65, 0x6e, 0x64, 0x5f, 0x46, 0x42, 0x4e, 0x65, 0x78, 0x74, 0x49, 0x6e, 0x64, 0x65, // Blend_FBNextInde
	0x78, 0x5f, 0x55, 0x56, 0x20, 0x3d, 0x20, 0x66, 0x6c, 0x6f, 0x61, 0x74, 0x34, 0x28, 0x69, 0x6e, // x_UV = float4(in
	0x2e, 0x61, 0x5f, 0x74, 0x65, 0x78, 0x63, 0x6f, 0x6f, 0x72, 0x64, 0x33, 0x2e, 0x78, 0x2c, 0x20, // .a_texcoord3.x, 
	0x5f, 0x6d, 0x74, 0x6c, 0x5f, 0x75, 0x2e, 0x75, 0x5f, 0x6d, 0x55, 0x56, 0x49, 0x6e, 0x76, 0x65, // _mtl_u.u_mUVInve
	0x72, 0x73, 0x65, 0x64, 0x2e, 0x78, 0x20, 0x2b, 0x20, 0x28, 0x5f, 0x6d, 0x74, 0x6c, 0x5f, 0x75, // rsed.x + (_mtl_u
	0x2e, 0x75, 0x5f, 0x6d, 0x55, 0x56, 0x49, 0x6e, 0x76, 0x65, 0x72, 0x73, 0x65, 0x64, 0x2e, 0x79, // .u_mUVInversed.y
	0x20, 0x2a, 0x20, 0x69, 0x6e, 0x2e, 0x61, 0x5f, 0x74, 0x65, 0x78, 0x63, 0x6f, 0x6f, 0x72, 0x64, //  * in.a_texcoord
	0x33, 0x2e, 0x79, 0x29, 0x2c, 0x20, 0x5f, 0x31, 0x36, 0x34, 0x31, 0x29, 0x3b, 0x0a, 0x20, 0x20, // 3.y), _1641);.  
	0x20, 0x20, 0x6f, 0x75, 0x74, 0x2e, 0x5f, 0x65, 0x6e, 0x74, 0x72, 0x79, 0x50, 0x6f, 0x69, 0x6e, //   out._entryPoin
	0x74, 0x4f, 0x75, 0x74, 0x70, 0x75, 0x74, 0x5f, 0x76, 0x5f, 0x43, 0x6f, 0x6c, 0x6f, 0x72, 0x20, // tOutput_v_Color 
	0x3d, 0x20, 0x69, 0x6e, 0x2e, 0x61, 0x5f, 0x63, 0x6f, 0x6c, 0x6f, 0x72, 0x30, 0x3b, 0x0a, 0x20, // = in.a_color0;. 
	0x20, 0x20, 0x20, 0x6f, 0x75, 0x74, 0x2e, 0x5f, 0x65, 0x6e, 0x74, 0x72, 0x79, 0x50, 0x6f, 0x69, //    out._entryPoi
	0x6e, 0x74, 0x4f, 0x75, 0x74, 0x70, 0x75, 0x74, 0x5f, 0x76, 0x5f, 0x50, 0x6f, 0x73, 0x50, 0x20, // ntOutput_v_PosP 
	0x3d, 0x20, 0x5f, 0x38, 0x38, 0x30, 0x3b, 0x0a, 0x20, 0x20, 0x20, 0x20, 0x6f, 0x75, 0x74, 0x2e, // = _880;.    out.
	0x5f, 0x65, 0x6e, 0x74, 0x72, 0x79, 0x50, 0x6f, 0x69, 0x6e, 0x74, 0x4f, 0x75, 0x74, 0x70, 0x75, // _entryPointOutpu
	0x74, 0x5f, 0x76, 0x5f, 0x50, 0x72, 0x6f, 0x6a, 0x42, 0x69, 0x6e, 0x6f, 0x72, 0x6d, 0x61, 0x6c, // t_v_ProjBinormal
	0x20, 0x3d, 0x20, 0x5f, 0x6d, 0x74, 0x6c, 0x5f, 0x75, 0x2e, 0x75, 0x5f, 0x6d, 0x43, 0x61, 0x6d, //  = _mtl_u.u_mCam
	0x65, 0x72, 0x61, 0x50, 0x72, 0x6f, 0x6a, 0x20, 0x2a, 0x20, 0x28, 0x5f, 0x38, 0x37, 0x36, 0x20, // eraProj * (_876 
	0x2b, 0x20, 0x66, 0x6c, 0x6f, 0x61, 0x74, 0x34, 0x28, 0x63, 0x72, 0x6f, 0x73, 0x73, 0x28, 0x66, // + float4(cross(f
	0x6c, 0x6f, 0x61, 0x74, 0x34, 0x28, 0x28, 0x69, 0x6e, 0x2e, 0x61, 0x5f, 0x6e, 0x6f, 0x72, 0x6d, // loat4((in.a_norm
	0x61, 0x6c, 0x2e, 0x78, 0x79, 0x7a, 0x20, 0x2d, 0x20, 0x66, 0x6c, 0x6f, 0x61, 0x74, 0x33, 0x28, // al.xyz - float3(
	0x30, 0x2e, 0x35, 0x29, 0x29, 0x20, 0x2a, 0x20, 0x32, 0x2e, 0x30, 0x2c, 0x20, 0x30, 0x2e, 0x30, // 0.5)) * 2.0, 0.0
	0x29, 0x2e, 0x78, 0x79, 0x7a, 0x2c, 0x20, 0x5f, 0x38, 0x34, 0x33, 0x2e, 0x78, 0x79, 0x7a, 0x29, // ).xyz, _843.xyz)
	0x2c, 0x20, 0x30, 0x2e, 0x30, 0x29, 0x29, 0x3b, 0x0a, 0x20, 0x20, 0x20, 0x20, 0x6f, 0x75, 0x74, // , 0.0));.    out
	0x2e, 0x5f, 0x65, 0x6e, 0x74, 0x72, 0x79, 0x50, 0x6f, 0x69, 0x6e, 0x74, 0x4f, 0x75, 0x74, 0x70, // ._entryPointOutp
	0x75, 0x74, 0x5f, 0x76, 0x5f, 0x50, 0x72, 0x6f, 0x6a, 0x54, 0x61, 0x6e, 0x67, 0x65, 0x6e, 0x74, // ut_v_ProjTangent
	0x20, 0x3d, 0x20, 0x5f, 0x6d, 0x74, 0x6c, 0x5f, 0x75, 0x2e, 0x75, 0x5f, 0x6d, 0x43, 0x61, 0x6d, //  = _mtl_u.u_mCam
	0x65, 0x72, 0x61, 0x50, 0x72, 0x6f, 0x6a, 0x20, 0x2a, 0x20, 0x28, 0x5f, 0x38, 0x37, 0x36, 0x20, // eraProj * (_876 
	0x2b, 0x20, 0x5f, 0x38, 0x34, 0x33, 0x29, 0x3b, 0x0a, 0x20, 0x20, 0x20, 0x20, 0x6f, 0x75, 0x74, // + _843);.    out
	0x2e, 0x5f, 0x65, 0x6e, 0x74, 0x72, 0x79, 0x50, 0x6f, 0x69, 0x6e, 0x74, 0x4f, 0x75, 0x74, 0x70, // ._entryPointOutp
	0x75, 0x74, 0x5f, 0x76, 0x5f, 0x55, 0x56, 0x5f, 0x4f, 0x74, 0x68, 0x65, 0x72, 0x73, 0x20, 0x3d, // ut_v_UV_Others =
	0x20, 0x66, 0x6c, 0x6f, 0x61, 0x74, 0x34, 0x28, 0x69, 0x6e, 0x2e, 0x61, 0x5f, 0x74, 0x65, 0x78, //  float4(in.a_tex
	0x63, 0x6f, 0x6f, 0x72, 0x64, 0x30, 0x2e, 0x78, 0x2c, 0x20, 0x5f, 0x38, 0x36, 0x32, 0x2c, 0x20, // coord0.x, _862, 
	0x5f, 0x31, 0x35, 0x36, 0x34, 0x2c, 0x20, 0x69, 0x6e, 0x2e, 0x61, 0x5f, 0x74, 0x65, 0x78, 0x63, // _1564, in.a_texc
	0x6f, 0x6f, 0x72, 0x64, 0x36, 0x29, 0x3b, 0x0a, 0x20, 0x20, 0x20, 0x20, 0x72, 0x65, 0x74, 0x75, // oord6);.    retu
	0x72, 0x6e, 0x20, 0x6f, 0x75, 0x74, 0x3b, 0x0a, 0x7d, 0x0a, 0x0a, 0x00, 0x0b, 0x05, 0x00, 0x02, // rn out;.}.......
	0x00, 0x01, 0x00, 0x03, 0x00, 0x10, 0x00, 0x11, 0x00, 0x12, 0x00, 0x13, 0x00, 0x14, 0x00, 0x15, // ................
	0x00, 0x16, 0x00, 0x70, 0x00,                                                                   // ...p.
};
