static const uint8_t ad_sprite_unlit_vs_essl[4457] =
{
	0x56, 0x53, 0x48, 0x0c, 0x00, 0x00, 0x00, 0x00, 0xf6, 0x96, 0xa7, 0xb8, 0x00, 0x00, 0x00, 0x00, // VSH.............
	0x00, 0x00, 0x00, 0x00, 0x04, 0x00, 0x0d, 0x75, 0x5f, 0x6d, 0x55, 0x56, 0x49, 0x6e, 0x76, 0x65, // .......u_mUVInve
	0x72, 0x73, 0x65, 0x64, 0x02, 0x01, 0x00, 0x00, 0x01, 0x00, 0x00, 0x00, 0x00, 0x00, 0x14, 0x75, // rsed...........u
	0x5f, 0x66, 0x6c, 0x69, 0x70, 0x62, 0x6f, 0x6f, 0x6b, 0x50, 0x61, 0x72, 0x61, 0x6d, 0x65, 0x74, // _flipbookParamet
	0x65, 0x72, 0x31, 0x02, 0x01, 0x00, 0x00, 0x01, 0x00, 0x00, 0x00, 0x00, 0x00, 0x14, 0x75, 0x5f, // er1...........u_
	0x66, 0x6c, 0x69, 0x70, 0x62, 0x6f, 0x6f, 0x6b, 0x50, 0x61, 0x72, 0x61, 0x6d, 0x65, 0x74, 0x65, // flipbookParamete
	0x72, 0x32, 0x02, 0x01, 0x00, 0x00, 0x01, 0x00, 0x00, 0x00, 0x00, 0x00, 0x0d, 0x75, 0x5f, 0x6d, // r2...........u_m
	0x43, 0x61, 0x6d, 0x65, 0x72, 0x61, 0x50, 0x72, 0x6f, 0x6a, 0x04, 0x01, 0x00, 0x00, 0x04, 0x00, // CameraProj......
	0x00, 0x00, 0x00, 0x00, 0xe0, 0x10, 0x00, 0x00, 0x0a, 0x76, 0x65, 0x63, 0x34, 0x20, 0x5f, 0x31, // .........vec4 _1
	0x32, 0x30, 0x35, 0x3b, 0x0a, 0x0a, 0x75, 0x6e, 0x69, 0x66, 0x6f, 0x72, 0x6d, 0x20, 0x76, 0x65, // 205;..uniform ve
	0x63, 0x34, 0x20, 0x75, 0x5f, 0x6d, 0x55, 0x56, 0x49, 0x6e, 0x76, 0x65, 0x72, 0x73, 0x65, 0x64, // c4 u_mUVInversed
	0x3b, 0x0a, 0x75, 0x6e, 0x69, 0x66, 0x6f, 0x72, 0x6d, 0x20, 0x76, 0x65, 0x63, 0x34, 0x20, 0x75, // ;.uniform vec4 u
	0x5f, 0x66, 0x6c, 0x69, 0x70, 0x62, 0x6f, 0x6f, 0x6b, 0x50, 0x61, 0x72, 0x61, 0x6d, 0x65, 0x74, // _flipbookParamet
	0x65, 0x72, 0x31, 0x3b, 0x0a, 0x75, 0x6e, 0x69, 0x66, 0x6f, 0x72, 0x6d, 0x20, 0x76, 0x65, 0x63, // er1;.uniform vec
	0x34, 0x20, 0x75, 0x5f, 0x66, 0x6c, 0x69, 0x70, 0x62, 0x6f, 0x6f, 0x6b, 0x50, 0x61, 0x72, 0x61, // 4 u_flipbookPara
	0x6d, 0x65, 0x74, 0x65, 0x72, 0x32, 0x3b, 0x0a, 0x75, 0x6e, 0x69, 0x66, 0x6f, 0x72, 0x6d, 0x20, // meter2;.uniform 
	0x6d, 0x61, 0x74, 0x34, 0x20, 0x75, 0x5f, 0x6d, 0x43, 0x61, 0x6d, 0x65, 0x72, 0x61, 0x50, 0x72, // mat4 u_mCameraPr
	0x6f, 0x6a, 0x3b, 0x0a, 0x0a, 0x6c, 0x61, 0x79, 0x6f, 0x75, 0x74, 0x28, 0x6c, 0x6f, 0x63, 0x61, // oj;..layout(loca
	0x74, 0x69, 0x6f, 0x6e, 0x20, 0x3d, 0x20, 0x31, 0x29, 0x20, 0x69, 0x6e, 0x20, 0x76, 0x65, 0x63, // tion = 1) in vec
	0x33, 0x20, 0x61, 0x5f, 0x70, 0x6f, 0x73, 0x69, 0x74, 0x69, 0x6f, 0x6e, 0x3b, 0x0a, 0x6c, 0x61, // 3 a_position;.la
	0x79, 0x6f, 0x75, 0x74, 0x28, 0x6c, 0x6f, 0x63, 0x61, 0x74, 0x69, 0x6f, 0x6e, 0x20, 0x3d, 0x20, // yout(location = 
	0x30, 0x29, 0x20, 0x69, 0x6e, 0x20, 0x76, 0x65, 0x63, 0x34, 0x20, 0x61, 0x5f, 0x63, 0x6f, 0x6c, // 0) in vec4 a_col
	0x6f, 0x72, 0x30, 0x3b, 0x0a, 0x6c, 0x61, 0x79, 0x6f, 0x75, 0x74, 0x28, 0x6c, 0x6f, 0x63, 0x61, // or0;.layout(loca
	0x74, 0x69, 0x6f, 0x6e, 0x20, 0x3d, 0x20, 0x32, 0x29, 0x20, 0x69, 0x6e, 0x20, 0x76, 0x65, 0x63, // tion = 2) in vec
	0x32, 0x20, 0x61, 0x5f, 0x74, 0x65, 0x78, 0x63, 0x6f, 0x6f, 0x72, 0x64, 0x30, 0x3b, 0x0a, 0x6c, // 2 a_texcoord0;.l
	0x61, 0x79, 0x6f, 0x75, 0x74, 0x28, 0x6c, 0x6f, 0x63, 0x61, 0x74, 0x69, 0x6f, 0x6e, 0x20, 0x3d, // ayout(location =
	0x20, 0x33, 0x29, 0x20, 0x69, 0x6e, 0x20, 0x76, 0x65, 0x63, 0x34, 0x20, 0x61, 0x5f, 0x74, 0x65, //  3) in vec4 a_te
	0x78, 0x63, 0x6f, 0x6f, 0x72, 0x64, 0x31, 0x3b, 0x0a, 0x6c, 0x61, 0x79, 0x6f, 0x75, 0x74, 0x28, // xcoord1;.layout(
	0x6c, 0x6f, 0x63, 0x61, 0x74, 0x69, 0x6f, 0x6e, 0x20, 0x3d, 0x20, 0x34, 0x29, 0x20, 0x69, 0x6e, // location = 4) in
	0x20, 0x76, 0x65, 0x63, 0x32, 0x20, 0x61, 0x5f, 0x74, 0x65, 0x78, 0x63, 0x6f, 0x6f, 0x72, 0x64, //  vec2 a_texcoord
	0x32, 0x3b, 0x0a, 0x6c, 0x61, 0x79, 0x6f, 0x75, 0x74, 0x28, 0x6c, 0x6f, 0x63, 0x61, 0x74, 0x69, // 2;.layout(locati
	0x6f, 0x6e, 0x20, 0x3d, 0x20, 0x35, 0x29, 0x20, 0x69, 0x6e, 0x20, 0x76, 0x65, 0x63, 0x34, 0x20, // on = 5) in vec4 
	0x61, 0x5f, 0x74, 0x65, 0x78, 0x63, 0x6f, 0x6f, 0x72, 0x64, 0x33, 0x3b, 0x0a, 0x6c, 0x61, 0x79, // a_texcoord3;.lay
	0x6f, 0x75, 0x74, 0x28, 0x6c, 0x6f, 0x63, 0x61, 0x74, 0x69, 0x6f, 0x6e, 0x20, 0x3d, 0x20, 0x36, // out(location = 6
	0x29, 0x20, 0x69, 0x6e, 0x20, 0x66, 0x6c, 0x6f, 0x61, 0x74, 0x20, 0x61, 0x5f, 0x74, 0x65, 0x78, // ) in float a_tex
	0x63, 0x6f, 0x6f, 0x72, 0x64, 0x34, 0x3b, 0x0a, 0x6c, 0x61, 0x79, 0x6f, 0x75, 0x74, 0x28, 0x6c, // coord4;.layout(l
	0x6f, 0x63, 0x61, 0x74, 0x69, 0x6f, 0x6e, 0x20, 0x3d, 0x20, 0x37, 0x29, 0x20, 0x69, 0x6e, 0x20, // ocation = 7) in 
	0x66, 0x6c, 0x6f, 0x61, 0x74, 0x20, 0x61, 0x5f, 0x74, 0x65, 0x78, 0x63, 0x6f, 0x6f, 0x72, 0x64, // float a_texcoord
	0x35, 0x3b, 0x0a, 0x6f, 0x75, 0x74, 0x20, 0x76, 0x65, 0x63, 0x34, 0x20, 0x76, 0x5f, 0x43, 0x6f, // 5;.out vec4 v_Co
	0x6c, 0x6f, 0x72, 0x3b, 0x0a, 0x6f, 0x75, 0x74, 0x20, 0x76, 0x65, 0x63, 0x34, 0x20, 0x76, 0x5f, // lor;.out vec4 v_
	0x55, 0x56, 0x5f, 0x4f, 0x74, 0x68, 0x65, 0x72, 0x73, 0x3b, 0x0a, 0x6f, 0x75, 0x74, 0x20, 0x76, // UV_Others;.out v
	0x65, 0x63, 0x33, 0x20, 0x76, 0x5f, 0x57, 0x6f, 0x72, 0x6c, 0x64, 0x4e, 0x3b, 0x0a, 0x6f, 0x75, // ec3 v_WorldN;.ou
	0x74, 0x20, 0x76, 0x65, 0x63, 0x34, 0x20, 0x76, 0x5f, 0x41, 0x6c, 0x70, 0x68, 0x61, 0x5f, 0x44, // t vec4 v_Alpha_D
	0x69, 0x73, 0x74, 0x5f, 0x55, 0x56, 0x3b, 0x0a, 0x6f, 0x75, 0x74, 0x20, 0x76, 0x65, 0x63, 0x34, // ist_UV;.out vec4
	0x20, 0x76, 0x5f, 0x42, 0x6c, 0x65, 0x6e, 0x64, 0x5f, 0x41, 0x6c, 0x70, 0x68, 0x61, 0x5f, 0x44, //  v_Blend_Alpha_D
	0x69, 0x73, 0x74, 0x5f, 0x55, 0x56, 0x3b, 0x0a, 0x6f, 0x75, 0x74, 0x20, 0x76, 0x65, 0x63, 0x34, // ist_UV;.out vec4
	0x20, 0x76, 0x5f, 0x42, 0x6c, 0x65, 0x6e, 0x64, 0x5f, 0x46, 0x42, 0x4e, 0x65, 0x78, 0x74, 0x49, //  v_Blend_FBNextI
	0x6e, 0x64, 0x65, 0x78, 0x5f, 0x55, 0x56, 0x3b, 0x0a, 0x6f, 0x75, 0x74, 0x20, 0x76, 0x65, 0x63, // ndex_UV;.out vec
	0x34, 0x20, 0x76, 0x5f, 0x50, 0x6f, 0x73, 0x50, 0x3b, 0x0a, 0x0a, 0x76, 0x6f, 0x69, 0x64, 0x20, // 4 v_PosP;..void 
	0x6d, 0x61, 0x69, 0x6e, 0x28, 0x29, 0x0a, 0x7b, 0x0a, 0x20, 0x20, 0x20, 0x20, 0x76, 0x65, 0x63, // main().{.    vec
	0x34, 0x20, 0x5f, 0x34, 0x38, 0x38, 0x20, 0x3d, 0x20, 0x61, 0x5f, 0x74, 0x65, 0x78, 0x63, 0x6f, // 4 _488 = a_texco
	0x6f, 0x72, 0x64, 0x31, 0x3b, 0x0a, 0x20, 0x20, 0x20, 0x20, 0x76, 0x65, 0x63, 0x34, 0x20, 0x5f, // ord1;.    vec4 _
	0x34, 0x39, 0x34, 0x20, 0x3d, 0x20, 0x61, 0x5f, 0x74, 0x65, 0x78, 0x63, 0x6f, 0x6f, 0x72, 0x64, // 494 = a_texcoord
	0x33, 0x3b, 0x0a, 0x20, 0x20, 0x20, 0x20, 0x66, 0x6c, 0x6f, 0x61, 0x74, 0x20, 0x5f, 0x35, 0x37, // 3;.    float _57
	0x37, 0x20, 0x3d, 0x20, 0x75, 0x5f, 0x6d, 0x55, 0x56, 0x49, 0x6e, 0x76, 0x65, 0x72, 0x73, 0x65, // 7 = u_mUVInverse
	0x64, 0x2e, 0x78, 0x20, 0x2b, 0x20, 0x28, 0x75, 0x5f, 0x6d, 0x55, 0x56, 0x49, 0x6e, 0x76, 0x65, // d.x + (u_mUVInve
	0x72, 0x73, 0x65, 0x64, 0x2e, 0x79, 0x20, 0x2a, 0x20, 0x61, 0x5f, 0x74, 0x65, 0x78, 0x63, 0x6f, // rsed.y * a_texco
	0x6f, 0x72, 0x64, 0x30, 0x2e, 0x79, 0x29, 0x3b, 0x0a, 0x20, 0x20, 0x20, 0x20, 0x76, 0x65, 0x63, // ord0.y);.    vec
	0x34, 0x20, 0x5f, 0x31, 0x30, 0x39, 0x33, 0x3b, 0x0a, 0x20, 0x20, 0x20, 0x20, 0x5f, 0x31, 0x30, // 4 _1093;.    _10
	0x39, 0x33, 0x2e, 0x78, 0x20, 0x3d, 0x20, 0x61, 0x5f, 0x74, 0x65, 0x78, 0x63, 0x6f, 0x6f, 0x72, // 93.x = a_texcoor
	0x64, 0x30, 0x2e, 0x78, 0x3b, 0x0a, 0x20, 0x20, 0x20, 0x20, 0x76, 0x65, 0x63, 0x34, 0x20, 0x5f, // d0.x;.    vec4 _
	0x35, 0x39, 0x34, 0x20, 0x3d, 0x20, 0x75, 0x5f, 0x6d, 0x43, 0x61, 0x6d, 0x65, 0x72, 0x61, 0x50, // 594 = u_mCameraP
	0x72, 0x6f, 0x6a, 0x20, 0x2a, 0x20, 0x76, 0x65, 0x63, 0x34, 0x28, 0x61, 0x5f, 0x70, 0x6f, 0x73, // roj * vec4(a_pos
	0x69, 0x74, 0x69, 0x6f, 0x6e, 0x2c, 0x20, 0x31, 0x2e, 0x30, 0x29, 0x3b, 0x0a, 0x20, 0x20, 0x20, // ition, 1.0);.   
	0x20, 0x76, 0x65, 0x63, 0x34, 0x20, 0x5f, 0x31, 0x31, 0x30, 0x32, 0x20, 0x3d, 0x20, 0x5f, 0x34, //  vec4 _1102 = _4
	0x38, 0x38, 0x3b, 0x0a, 0x20, 0x20, 0x20, 0x20, 0x5f, 0x31, 0x31, 0x30, 0x32, 0x2e, 0x79, 0x20, // 88;.    _1102.y 
	0x3d, 0x20, 0x75, 0x5f, 0x6d, 0x55, 0x56, 0x49, 0x6e, 0x76, 0x65, 0x72, 0x73, 0x65, 0x64, 0x2e, // = u_mUVInversed.
	0x78, 0x20, 0x2b, 0x20, 0x28, 0x75, 0x5f, 0x6d, 0x55, 0x56, 0x49, 0x6e, 0x76, 0x65, 0x72, 0x73, // x + (u_mUVInvers
	0x65, 0x64, 0x2e, 0x79, 0x20, 0x2a, 0x20, 0x5f, 0x34, 0x38, 0x38, 0x2e, 0x79, 0x29, 0x3b, 0x0a, // ed.y * _488.y);.
	0x20, 0x20, 0x20, 0x20, 0x5f, 0x31, 0x31, 0x30, 0x32, 0x2e, 0x77, 0x20, 0x3d, 0x20, 0x75, 0x5f, //     _1102.w = u_
	0x6d, 0x55, 0x56, 0x49, 0x6e, 0x76, 0x65, 0x72, 0x73, 0x65, 0x64, 0x2e, 0x78, 0x20, 0x2b, 0x20, // mUVInversed.x + 
	0x28, 0x75, 0x5f, 0x6d, 0x55, 0x56, 0x49, 0x6e, 0x76, 0x65, 0x72, 0x73, 0x65, 0x64, 0x2e, 0x79, // (u_mUVInversed.y
	0x20, 0x2a, 0x20, 0x5f, 0x34, 0x38, 0x38, 0x2e, 0x77, 0x29, 0x3b, 0x0a, 0x20, 0x20, 0x20, 0x20, //  * _488.w);.    
	0x76, 0x65, 0x63, 0x34, 0x20, 0x5f, 0x31, 0x31, 0x31, 0x37, 0x20, 0x3d, 0x20, 0x5f, 0x34, 0x39, // vec4 _1117 = _49
	0x34, 0x3b, 0x0a, 0x20, 0x20, 0x20, 0x20, 0x5f, 0x31, 0x31, 0x31, 0x37, 0x2e, 0x79, 0x20, 0x3d, // 4;.    _1117.y =
	0x20, 0x75, 0x5f, 0x6d, 0x55, 0x56, 0x49, 0x6e, 0x76, 0x65, 0x72, 0x73, 0x65, 0x64, 0x2e, 0x78, //  u_mUVInversed.x
	0x20, 0x2b, 0x20, 0x28, 0x75, 0x5f, 0x6d, 0x55, 0x56, 0x49, 0x6e, 0x76, 0x65, 0x72, 0x73, 0x65, //  + (u_mUVInverse
	0x64, 0x2e, 0x79, 0x20, 0x2a, 0x20, 0x5f, 0x34, 0x39, 0x34, 0x2e, 0x79, 0x29, 0x3b, 0x0a, 0x20, // d.y * _494.y);. 
	0x20, 0x20, 0x20, 0x5f, 0x31, 0x31, 0x31, 0x37, 0x2e, 0x77, 0x20, 0x3d, 0x20, 0x75, 0x5f, 0x6d, //    _1117.w = u_m
	0x55, 0x56, 0x49, 0x6e, 0x76, 0x65, 0x72, 0x73, 0x65, 0x64, 0x2e, 0x78, 0x20, 0x2b, 0x20, 0x28, // UVInversed.x + (
	0x75, 0x5f, 0x6d, 0x55, 0x56, 0x49, 0x6e, 0x76, 0x65, 0x72, 0x73, 0x65, 0x64, 0x2e, 0x79, 0x20, // u_mUVInversed.y 
	0x2a, 0x20, 0x5f, 0x34, 0x39, 0x34, 0x2e, 0x77, 0x29, 0x3b, 0x0a, 0x20, 0x20, 0x20, 0x20, 0x76, // * _494.w);.    v
	0x65, 0x63, 0x32, 0x20, 0x5f, 0x36, 0x39, 0x35, 0x20, 0x3d, 0x20, 0x5f, 0x31, 0x30, 0x39, 0x33, // ec2 _695 = _1093
	0x2e, 0x78, 0x79, 0x3b, 0x0a, 0x20, 0x20, 0x20, 0x20, 0x66, 0x6c, 0x6f, 0x61, 0x74, 0x20, 0x5f, // .xy;.    float _
	0x31, 0x31, 0x37, 0x38, 0x3b, 0x0a, 0x20, 0x20, 0x20, 0x20, 0x76, 0x65, 0x63, 0x32, 0x20, 0x5f, // 1178;.    vec2 _
	0x31, 0x31, 0x38, 0x35, 0x3b, 0x0a, 0x20, 0x20, 0x20, 0x20, 0x69, 0x66, 0x20, 0x28, 0x75, 0x5f, // 1185;.    if (u_
	0x66, 0x6c, 0x69, 0x70, 0x62, 0x6f, 0x6f, 0x6b, 0x50, 0x61, 0x72, 0x61, 0x6d, 0x65, 0x74, 0x65, // flipbookParamete
	0x72, 0x31, 0x2e, 0x78, 0x20, 0x3e, 0x20, 0x30, 0x2e, 0x30, 0x29, 0x0a, 0x20, 0x20, 0x20, 0x20, // r1.x > 0.0).    
	0x7b, 0x0a, 0x20, 0x20, 0x20, 0x20, 0x20, 0x20, 0x20, 0x20, 0x66, 0x6c, 0x6f, 0x61, 0x74, 0x20, // {.        float 
	0x5f, 0x37, 0x38, 0x31, 0x20, 0x3d, 0x20, 0x66, 0x6c, 0x6f, 0x6f, 0x72, 0x28, 0x61, 0x5f, 0x74, // _781 = floor(a_t
	0x65, 0x78, 0x63, 0x6f, 0x6f, 0x72, 0x64, 0x34, 0x29, 0x3b, 0x0a, 0x20, 0x20, 0x20, 0x20, 0x20, // excoord4);.     
	0x20, 0x20, 0x20, 0x66, 0x6c, 0x6f, 0x61, 0x74, 0x20, 0x5f, 0x37, 0x38, 0x34, 0x20, 0x3d, 0x20, //    float _784 = 
	0x5f, 0x37, 0x38, 0x31, 0x20, 0x2b, 0x20, 0x31, 0x2e, 0x30, 0x3b, 0x0a, 0x20, 0x20, 0x20, 0x20, // _781 + 1.0;.    
	0x20, 0x20, 0x20, 0x20, 0x66, 0x6c, 0x6f, 0x61, 0x74, 0x20, 0x5f, 0x37, 0x38, 0x37, 0x20, 0x3d, //     float _787 =
	0x20, 0x75, 0x5f, 0x66, 0x6c, 0x69, 0x70, 0x62, 0x6f, 0x6f, 0x6b, 0x50, 0x61, 0x72, 0x61, 0x6d, //  u_flipbookParam
	0x65, 0x74, 0x65, 0x72, 0x31, 0x2e, 0x7a, 0x20, 0x2a, 0x20, 0x75, 0x5f, 0x66, 0x6c, 0x69, 0x70, // eter1.z * u_flip
	0x62, 0x6f, 0x6f, 0x6b, 0x50, 0x61, 0x72, 0x61, 0x6d, 0x65, 0x74, 0x65, 0x72, 0x31, 0x2e, 0x77, // bookParameter1.w
	0x3b, 0x0a, 0x20, 0x20, 0x20, 0x20, 0x20, 0x20, 0x20, 0x20, 0x66, 0x6c, 0x6f, 0x61, 0x74, 0x20, // ;.        float 
	0x5f, 0x31, 0x31, 0x35, 0x34, 0x3b, 0x0a, 0x20, 0x20, 0x20, 0x20, 0x20, 0x20, 0x20, 0x20, 0x66, // _1154;.        f
	0x6c, 0x6f, 0x61, 0x74, 0x20, 0x5f, 0x31, 0x31, 0x36, 0x37, 0x3b, 0x0a, 0x20, 0x20, 0x20, 0x20, // loat _1167;.    
	0x20, 0x20, 0x20, 0x20, 0x69, 0x66, 0x20, 0x28, 0x75, 0x5f, 0x66, 0x6c, 0x69, 0x70, 0x62, 0x6f, //     if (u_flipbo
	0x6f, 0x6b, 0x50, 0x61, 0x72, 0x61, 0x6d, 0x65, 0x74, 0x65, 0x72, 0x31, 0x2e, 0x79, 0x20, 0x3d, // okParameter1.y =
	0x3d, 0x20, 0x30, 0x2e, 0x30, 0x29, 0x0a, 0x20, 0x20, 0x20, 0x20, 0x20, 0x20, 0x20, 0x20, 0x7b, // = 0.0).        {
	0x0a, 0x20, 0x20, 0x20, 0x20, 0x20, 0x20, 0x20, 0x20, 0x20, 0x20, 0x20, 0x20, 0x66, 0x6c, 0x6f, // .            flo
	0x61, 0x74, 0x20, 0x5f, 0x31, 0x31, 0x35, 0x35, 0x3b, 0x0a, 0x20, 0x20, 0x20, 0x20, 0x20, 0x20, // at _1155;.      
	0x20, 0x20, 0x20, 0x20, 0x20, 0x20, 0x66, 0x6c, 0x6f, 0x61, 0x74, 0x20, 0x5f, 0x31, 0x31, 0x36, //       float _116
	0x38, 0x3b, 0x0a, 0x20, 0x20, 0x20, 0x20, 0x20, 0x20, 0x20, 0x20, 0x20, 0x20, 0x20, 0x20, 0x69, // 8;.            i
	0x66, 0x20, 0x28, 0x5f, 0x37, 0x38, 0x34, 0x20, 0x3e, 0x3d, 0x20, 0x5f, 0x37, 0x38, 0x37, 0x29, // f (_784 >= _787)
	0x0a, 0x20, 0x20, 0x20, 0x20, 0x20, 0x20, 0x20, 0x20, 0x20, 0x20, 0x20, 0x20, 0x7b, 0x0a, 0x20, // .            {. 
	0x20, 0x20, 0x20, 0x20, 0x20, 0x20, 0x20, 0x20, 0x20, 0x20, 0x20, 0x20, 0x20, 0x20, 0x20, 0x66, //                f
	0x6c, 0x6f, 0x61, 0x74, 0x20, 0x5f, 0x37, 0x39, 0x36, 0x20, 0x3d, 0x20, 0x5f, 0x37, 0x38, 0x37, // loat _796 = _787
	0x20, 0x2d, 0x20, 0x31, 0x2e, 0x30, 0x3b, 0x0a, 0x20, 0x20, 0x20, 0x20, 0x20, 0x20, 0x20, 0x20, //  - 1.0;.        
	0x20, 0x20, 0x20, 0x20, 0x20, 0x20, 0x20, 0x20, 0x5f, 0x31, 0x31, 0x36, 0x38, 0x20, 0x3d, 0x20, //         _1168 = 
	0x5f, 0x37, 0x39, 0x36, 0x3b, 0x0a, 0x20, 0x20, 0x20, 0x20, 0x20, 0x20, 0x20, 0x20, 0x20, 0x20, // _796;.          
	0x20, 0x20, 0x20, 0x20, 0x20, 0x20, 0x5f, 0x31, 0x31, 0x35, 0x35, 0x20, 0x3d, 0x20, 0x5f, 0x37, //       _1155 = _7
	0x39, 0x36, 0x3b, 0x0a, 0x20, 0x20, 0x20, 0x20, 0x20, 0x20, 0x20, 0x20, 0x20, 0x20, 0x20, 0x20, // 96;.            
	0x7d, 0x0a, 0x20, 0x20, 0x20, 0x20, 0x20, 0x20, 0x20, 0x20, 0x20, 0x20, 0x20, 0x20, 0x65, 0x6c, // }.            el
	0x73, 0x65, 0x0a, 0x20, 0x20, 0x20, 0x20, 0x20, 0x20, 0x20, 0x20, 0x20, 0x20, 0x20, 0x20, 0x7b, // se.            {
	0x0a, 0x20, 0x20, 0x20, 0x20, 0x20, 0x20, 0x20, 0x20, 0x20, 0x20, 0x20, 0x20, 0x20, 0x20, 0x20, // .               
	0x20, 0x5f, 0x31, 0x31, 0x36, 0x38, 0x20, 0x3d, 0x20, 0x5f, 0x37, 0x38, 0x34, 0x3b, 0x0a, 0x20, //  _1168 = _784;. 
	0x20, 0x20, 0x20, 0x20, 0x20, 0x20, 0x20, 0x20, 0x20, 0x20, 0x20, 0x20, 0x20, 0x20, 0x20, 0x5f, //                _
	0x31, 0x31, 0x35, 0x35, 0x20, 0x3d, 0x20, 0x5f, 0x37, 0x38, 0x31, 0x3b, 0x0a, 0x20, 0x20, 0x20, // 1155 = _781;.   
	0x20, 0x20, 0x20, 0x20, 0x20, 0x20, 0x20, 0x20, 0x20, 0x7d, 0x0a, 0x20, 0x20, 0x20, 0x20, 0x20, //          }.     
	0x20, 0x20, 0x20, 0x20, 0x20, 0x20, 0x20, 0x5f, 0x31, 0x31, 0x36, 0x37, 0x20, 0x3d, 0x20, 0x5f, //        _1167 = _
	0x31, 0x31, 0x36, 0x38, 0x3b, 0x0a, 0x20, 0x20, 0x20, 0x20, 0x20, 0x20, 0x20, 0x20, 0x20, 0x20, // 1168;.          
	0x20, 0x20, 0x5f, 0x31, 0x31, 0x35, 0x34, 0x20, 0x3d, 0x20, 0x5f, 0x31, 0x31, 0x35, 0x35, 0x3b, //   _1154 = _1155;
	0x0a, 0x20, 0x20, 0x20, 0x20, 0x20, 0x20, 0x20, 0x20, 0x7d, 0x0a, 0x20, 0x20, 0x20, 0x20, 0x20, // .        }.     
	0x20, 0x20, 0x20, 0x65, 0x6c, 0x73, 0x65, 0x0a, 0x20, 0x20, 0x20, 0x20, 0x20, 0x20, 0x20, 0x20, //    else.        
	0x7b, 0x0a, 0x20, 0x20, 0x20, 0x20, 0x20, 0x20, 0x20, 0x20, 0x20, 0x20, 0x20, 0x20, 0x66, 0x6c, // {.            fl
	0x6f, 0x61, 0x74, 0x20, 0x5f, 0x31, 0x31, 0x35, 0x36, 0x3b, 0x0a, 0x20, 0x20, 0x20, 0x20, 0x20, // oat _1156;.     
	0x20, 0x20, 0x20, 0x20, 0x20, 0x20, 0x20, 0x66, 0x6c, 0x6f, 0x61, 0x74, 0x20, 0x5f, 0x31, 0x31, //        float _11
	0x36, 0x39, 0x3b, 0x0a, 0x20, 0x20, 0x20, 0x20, 0x20, 0x20, 0x20, 0x20, 0x20, 0x20, 0x20, 0x20, // 69;.            
	0x69, 0x66, 0x20, 0x28, 0x75, 0x5f, 0x66, 0x6c, 0x69, 0x70, 0x62, 0x6f, 0x6f, 0x6b, 0x50, 0x61, // if (u_flipbookPa
	0x72, 0x61, 0x6d, 0x65, 0x74, 0x65, 0x72, 0x31, 0x2e, 0x79, 0x20, 0x3d, 0x3d, 0x20, 0x31, 0x2e, // rameter1.y == 1.
	0x30, 0x29, 0x0a, 0x20, 0x20, 0x20, 0x20, 0x20, 0x20, 0x20, 0x20, 0x20, 0x20, 0x20, 0x20, 0x7b, // 0).            {
	0x0a, 0x20, 0x20, 0x20, 0x20, 0x20, 0x20, 0x20, 0x20, 0x20, 0x20, 0x20, 0x20, 0x20, 0x20, 0x20, // .               
	0x20, 0x5f, 0x31, 0x31, 0x36, 0x39, 0x20, 0x3d, 0x20, 0x6d, 0x6f, 0x64, 0x28, 0x5f, 0x37, 0x38, //  _1169 = mod(_78
	0x34, 0x2c, 0x20, 0x5f, 0x37, 0x38, 0x37, 0x29, 0x3b, 0x0a, 0x20, 0x20, 0x20, 0x20, 0x20, 0x20, // 4, _787);.      
	0x20, 0x20, 0x20, 0x20, 0x20, 0x20, 0x20, 0x20, 0x20, 0x20, 0x5f, 0x31, 0x31, 0x35, 0x36, 0x20, //           _1156 
	0x3d, 0x20, 0x6d, 0x6f, 0x64, 0x28, 0x5f, 0x37, 0x38, 0x31, 0x2c, 0x20, 0x5f, 0x37, 0x38, 0x37, // = mod(_781, _787
	0x29, 0x3b, 0x0a, 0x20, 0x20, 0x20, 0x20, 0x20, 0x20, 0x20, 0x20, 0x20, 0x20, 0x20, 0x20, 0x7d, // );.            }
	0x0a, 0x20, 0x20, 0x20, 0x20, 0x20, 0x20, 0x20, 0x20, 0x20, 0x20, 0x20, 0x20, 0x65, 0x6c, 0x73, // .            els
	0x65, 0x0a, 0x20, 0x20, 0x20, 0x20, 0x20, 0x20, 0x20, 0x20, 0x20, 0x20, 0x20, 0x20, 0x7b, 0x0a, // e.            {.
	0x20, 0x20, 0x20, 0x20, 0x20, 0x20, 0x20, 0x20, 0x20, 0x20, 0x20, 0x20, 0x20, 0x20, 0x20, 0x20, //                 
	0x66, 0x6c, 0x6f, 0x61, 0x74, 0x20, 0x5f, 0x31, 0x31, 0x35, 0x37, 0x3b, 0x0a, 0x20, 0x20, 0x20, // float _1157;.   
	0x20, 0x20, 0x20, 0x20, 0x20, 0x20, 0x20, 0x20, 0x20, 0x20, 0x20, 0x20, 0x20, 0x66, 0x6c, 0x6f, //              flo
	0x61, 0x74, 0x20, 0x5f, 0x31, 0x31, 0x37, 0x30, 0x3b, 0x0a, 0x20, 0x20, 0x20, 0x20, 0x20, 0x20, // at _1170;.      
	0x20, 0x20, 0x20, 0x20, 0x20, 0x20, 0x20, 0x20, 0x20, 0x20, 0x69, 0x66, 0x20, 0x28, 0x75, 0x5f, //           if (u_
	0x66, 0x6c, 0x69, 0x70, 0x62, 0x6f, 0x6f, 0x6b, 0x50, 0x61, 0x72, 0x61, 0x6d, 0x65, 0x74, 0x65, // flipbookParamete
	0x72, 0x31, 0x2e, 0x79, 0x20, 0x3d, 0x3d, 0x20, 0x32, 0x2e, 0x30, 0x29, 0x0a, 0x20, 0x20, 0x20, // r1.y == 2.0).   
	0x20, 0x20, 0x20, 0x20, 0x20, 0x20, 0x20, 0x20, 0x20, 0x20, 0x20, 0x20, 0x20, 0x7b, 0x0a, 0x20, //              {. 
	0x20, 0x20, 0x20, 0x20, 0x20, 0x20, 0x20, 0x20, 0x20, 0x20, 0x20, 0x20, 0x20, 0x20, 0x20, 0x20, //                 
	0x20, 0x20, 0x20, 0x66, 0x6c, 0x6f, 0x61, 0x74, 0x20, 0x5f, 0x38, 0x32, 0x32, 0x20, 0x3d, 0x20, //    float _822 = 
	0x6d, 0x6f, 0x64, 0x28, 0x5f, 0x37, 0x38, 0x31, 0x2c, 0x20, 0x5f, 0x37, 0x38, 0x37, 0x29, 0x3b, // mod(_781, _787);
	0x0a, 0x20, 0x20, 0x20, 0x20, 0x20, 0x20, 0x20, 0x20, 0x20, 0x20, 0x20, 0x20, 0x20, 0x20, 0x20, // .               
	0x20, 0x20, 0x20, 0x20, 0x20, 0x66, 0x6c, 0x6f, 0x61, 0x74, 0x20, 0x5f, 0x31, 0x31, 0x35, 0x39, //      float _1159
	0x3b, 0x0a, 0x20, 0x20, 0x20, 0x20, 0x20, 0x20, 0x20, 0x20, 0x20, 0x20, 0x20, 0x20, 0x20, 0x20, // ;.              
	0x20, 0x20, 0x20, 0x20, 0x20, 0x20, 0x69, 0x66, 0x20, 0x28, 0x6d, 0x6f, 0x64, 0x28, 0x66, 0x6c, //       if (mod(fl
	0x6f, 0x6f, 0x72, 0x28, 0x5f, 0x37, 0x38, 0x31, 0x20, 0x2f, 0x20, 0x5f, 0x37, 0x38, 0x37, 0x29, // oor(_781 / _787)
	0x2c, 0x20, 0x32, 0x2e, 0x30, 0x29, 0x20, 0x3d, 0x3d, 0x20, 0x31, 0x2e, 0x30, 0x29, 0x0a, 0x20, // , 2.0) == 1.0). 
	0x20, 0x20, 0x20, 0x20, 0x20, 0x20, 0x20, 0x20, 0x20, 0x20, 0x20, 0x20, 0x20, 0x20, 0x20, 0x20, //                 
	0x20, 0x20, 0x20, 0x7b, 0x0a, 0x20, 0x20, 0x20, 0x20, 0x20, 0x20, 0x20, 0x20, 0x20, 0x20, 0x20, //    {.           
	0x20, 0x20, 0x20, 0x20, 0x20, 0x20, 0x20, 0x20, 0x20, 0x20, 0x20, 0x20, 0x20, 0x5f, 0x31, 0x31, //              _11
	0x35, 0x39, 0x20, 0x3d, 0x20, 0x28, 0x5f, 0x37, 0x38, 0x37, 0x20, 0x2d, 0x20, 0x31, 0x2e, 0x30, // 59 = (_787 - 1.0
	0x29, 0x20, 0x2d, 0x20, 0x66, 0x6c, 0x6f, 0x6f, 0x72, 0x28, 0x5f, 0x38, 0x32, 0x32, 0x29, 0x3b, // ) - floor(_822);
	0x0a, 0x20, 0x20, 0x20, 0x20, 0x20, 0x20, 0x20, 0x20, 0x20, 0x20, 0x20, 0x20, 0x20, 0x20, 0x20, // .               
	0x20, 0x20, 0x20, 0x20, 0x20, 0x7d, 0x0a, 0x20, 0x20, 0x20, 0x20, 0x20, 0x20, 0x20, 0x20, 0x20, //      }.         
	0x20, 0x20, 0x20, 0x20, 0x20, 0x20, 0x20, 0x20, 0x20, 0x20, 0x20, 0x65, 0x6c, 0x73, 0x65, 0x0a, //            else.
	0x20, 0x20, 0x20, 0x20, 0x20, 0x20, 0x20, 0x20, 0x20, 0x20, 0x20, 0x20, 0x20, 0x20, 0x20, 0x20, //                 
	0x20, 0x20, 0x20, 0x20, 0x7b, 0x0a, 0x20, 0x20, 0x20, 0x20, 0x20, 0x20, 0x20, 0x20, 0x20, 0x20, //     {.          
	0x20, 0x20, 0x20, 0x20, 0x20, 0x20, 0x20, 0x20, 0x20, 0x20, 0x20, 0x20, 0x20, 0x20, 0x5f, 0x31, //               _1
	0x31, 0x35, 0x39, 0x20, 0x3d, 0x20, 0x5f, 0x38, 0x32, 0x32, 0x3b, 0x0a, 0x20, 0x20, 0x20, 0x20, // 159 = _822;.    
	0x20, 0x20, 0x20, 0x20, 0x20, 0x20, 0x20, 0x20, 0x20, 0x20, 0x20, 0x20, 0x20, 0x20, 0x20, 0x20, //                 
	0x7d, 0x0a, 0x20, 0x20, 0x20, 0x20, 0x20, 0x20, 0x20, 0x20, 0x20, 0x20, 0x20, 0x20, 0x20, 0x20, // }.              
	0x20, 0x20, 0x20, 0x20, 0x20, 0x20, 0x66, 0x6c, 0x6f, 0x61, 0x74, 0x20, 0x5f, 0x38, 0x33, 0x39, //       float _839
	0x20, 0x3d, 0x20, 0x6d, 0x6f, 0x64, 0x28, 0x5f, 0x37, 0x38, 0x34, 0x2c, 0x20, 0x5f, 0x37, 0x38, //  = mod(_784, _78
	0x37, 0x29, 0x3b, 0x0a, 0x20, 0x20, 0x20, 0x20, 0x20, 0x20, 0x20, 0x20, 0x20, 0x20, 0x20, 0x20, // 7);.            
	0x20, 0x20, 0x20, 0x20, 0x20, 0x20, 0x20, 0x20, 0x66, 0x6c, 0x6f, 0x61, 0x74, 0x20, 0x5f, 0x31, //         float _1
	0x31, 0x37, 0x31, 0x3b, 0x0a, 0x20, 0x20, 0x20, 0x20, 0x20, 0x20, 0x20, 0x20, 0x20, 0x20, 0x20, // 171;.           
	0x20, 0x20, 0x20, 0x20, 0x20, 0x20, 0x20, 0x20, 0x20, 0x69, 0x66, 0x20, 0x28, 0x6d, 0x6f, 0x64, //          if (mod
	0x28, 0x66, 0x6c, 0x6f, 0x6f, 0x72, 0x28, 0x5f, 0x37, 0x38, 0x34, 0x20, 0x2f, 0x20, 0x5f, 0x37, // (floor(_784 / _7
	0x38, 0x37, 0x29, 0x2c, 0x20, 0x32, 0x2e, 0x30, 0x29, 0x20, 0x3d, 0x3d, 0x20, 0x31, 0x2e, 0x30, // 87), 2.0) == 1.0
	0x29, 0x0a, 0x20, 0x20, 0x20, 0x20, 0x20, 0x20, 0x20, 0x20, 0x20, 0x20, 0x20, 0x20, 0x20, 0x20, // ).              
	0x20, 0x20, 0x20, 0x20, 0x20, 0x20, 0x7b, 0x0a, 0x20, 0x20, 0x20, 0x20, 0x20, 0x20, 0x20, 0x20, //       {.        
	0x20, 0x20, 0x20, 0x20, 0x20, 0x20, 0x20, 0x20, 0x20, 0x20, 0x20, 0x20, 0x20, 0x20, 0x20, 0x20, //                 
	0x5f, 0x31, 0x31, 0x37, 0x31, 0x20, 0x3d, 0x20, 0x28, 0x5f, 0x37, 0x38, 0x37, 0x20, 0x2d, 0x20, // _1171 = (_787 - 
	0x31, 0x2e, 0x30, 0x29, 0x20, 0x2d, 0x20, 0x66, 0x6c, 0x6f, 0x6f, 0x72, 0x28, 0x5f, 0x38, 0x33, // 1.0) - floor(_83
	0x39, 0x29, 0x3b, 0x0a, 0x20, 0x20, 0x20, 0x20, 0x20, 0x20, 0x20, 0x20, 0x20, 0x20, 0x20, 0x20, // 9);.            
	0x20, 0x20, 0x20, 0x20, 0x20, 0x20, 0x20, 0x20, 0x7d, 0x0a, 0x20, 0x20, 0x20, 0x20, 0x20, 0x20, //         }.      
	0x20, 0x20, 0x20, 0x20, 0x20, 0x20, 0x20, 0x20, 0x20, 0x20, 0x20, 0x20, 0x20, 0x20, 0x65, 0x6c, //               el
	0x73, 0x65, 0x0a, 0x20, 0x20, 0x20, 0x20, 0x20, 0x20, 0x20, 0x20, 0x20, 0x20, 0x20, 0x20, 0x20, // se.             
	0x20, 0x20, 0x20, 0x20, 0x20, 0x20, 0x20, 0x7b, 0x0a, 0x20, 0x20, 0x20, 0x20, 0x20, 0x20, 0x20, //        {.       
	0x20, 0x20, 0x20, 0x20, 0x20, 0x20, 0x20, 0x20, 0x20, 0x20, 0x20, 0x20, 0x20, 0x20, 0x20, 0x20, //                 
	0x20, 0x5f, 0x31, 0x31, 0x37, 0x31, 0x20, 0x3d, 0x20, 0x5f, 0x38, 0x33, 0x39, 0x3b, 0x0a, 0x20, //  _1171 = _839;. 
	0x20, 0x20, 0x20, 0x20, 0x20, 0x20, 0x20, 0x20, 0x20, 0x20, 0x20, 0x20, 0x20, 0x20, 0x20, 0x20, //                 
	0x20, 0x20, 0x20, 0x7d, 0x0a, 0x20, 0x20, 0x20, 0x20, 0x20, 0x20, 0x20, 0x20, 0x20, 0x20, 0x20, //    }.           
	0x20, 0x20, 0x20, 0x20, 0x20, 0x20, 0x20, 0x20, 0x20, 0x5f, 0x31, 0x31, 0x37, 0x30, 0x20, 0x3d, //          _1170 =
	0x20, 0x5f, 0x31, 0x31, 0x37, 0x31, 0x3b, 0x0a, 0x20, 0x20, 0x20, 0x20, 0x20, 0x20, 0x20, 0x20, //  _1171;.        
	0x20, 0x20, 0x20, 0x20, 0x20, 0x20, 0x20, 0x20, 0x20, 0x20, 0x20, 0x20, 0x5f, 0x31, 0x31, 0x35, //             _115
	0x37, 0x20, 0x3d, 0x20, 0x5f, 0x31, 0x31, 0x35, 0x39, 0x3b, 0x0a, 0x20, 0x20, 0x20, 0x20, 0x20, // 7 = _1159;.     
	0x20, 0x20, 0x20, 0x20, 0x20, 0x20, 0x20, 0x20, 0x20, 0x20, 0x20, 0x7d, 0x0a, 0x20, 0x20, 0x20, //            }.   
	0x20, 0x20, 0x20, 0x20, 0x20, 0x20, 0x20, 0x20, 0x20, 0x20, 0x20, 0x20, 0x20, 0x65, 0x6c, 0x73, //              els
	0x65, 0x0a, 0x20, 0x20, 0x20, 0x20, 0x20, 0x20, 0x20, 0x20, 0x20, 0x20, 0x20, 0x20, 0x20, 0x20, // e.              
	0x20, 0x20, 0x7b, 0x0a, 0x20, 0x20, 0x20, 0x20, 0x20, 0x20, 0x20, 0x20, 0x20, 0x20, 0x20, 0x20, //   {.            
	0x20, 0x20, 0x20, 0x20, 0x20, 0x20, 0x20, 0x20, 0x5f, 0x31, 0x31, 0x37, 0x30, 0x20, 0x3d, 0x20, //         _1170 = 
	0x5f, 0x37, 0x38, 0x34, 0x3b, 0x0a, 0x20, 0x20, 0x20, 0x20, 0x20, 0x20, 0x20, 0x20, 0x20, 0x20, // _784;.          
	0x20, 0x20, 0x20, 0x20, 0x20, 0x20, 0x20, 0x20, 0x20, 0x20, 0x5f, 0x31, 0x31, 0x35, 0x37, 0x20, //           _1157 
	0x3d, 0x20, 0x5f, 0x37, 0x38, 0x31, 0x3b, 0x0a, 0x20, 0x20, 0x20, 0x20, 0x20, 0x20, 0x20, 0x20, // = _781;.        
	0x20, 0x20, 0x20, 0x20, 0x20, 0x20, 0x20, 0x20, 0x7d, 0x0a, 0x20, 0x20, 0x20, 0x20, 0x20, 0x20, //         }.      
	0x20, 0x20, 0x20, 0x20, 0x20, 0x20, 0x20, 0x20, 0x20, 0x20, 0x5f, 0x31, 0x31, 0x36, 0x39, 0x20, //           _1169 
	0x3d, 0x20, 0x5f, 0x31, 0x31, 0x37, 0x30, 0x3b, 0x0a, 0x20, 0x20, 0x20, 0x20, 0x20, 0x20, 0x20, // = _1170;.       
	0x20, 0x20, 0x20, 0x20, 0x20, 0x20, 0x20, 0x20, 0x20, 0x5f, 0x31, 0x31, 0x35, 0x36, 0x20, 0x3d, //          _1156 =
	0x20, 0x5f, 0x31, 0x31, 0x35, 0x37, 0x3b, 0x0a, 0x20, 0x20, 0x20, 0x20, 0x20, 0x20, 0x20, 0x20, //  _1157;.        
	0x20, 0x20, 0x20, 0x20, 0x7d, 0x0a, 0x20, 0x20, 0x20, 0x20, 0x20, 0x20, 0x20, 0x20, 0x20, 0x20, //     }.          
	0x20, 0x20, 0x5f, 0x31, 0x31, 0x36, 0x37, 0x20, 0x3d, 0x20, 0x5f, 0x31, 0x31, 0x36, 0x39, 0x3b, //   _1167 = _1169;
	0x0a, 0x20, 0x20, 0x20, 0x20, 0x20, 0x20, 0x20, 0x20, 0x20, 0x20, 0x20, 0x20, 0x5f, 0x31, 0x31, // .            _11
	0x35, 0x34, 0x20, 0x3d, 0x20, 0x5f, 0x31, 0x31, 0x35, 0x36, 0x3b, 0x0a, 0x20, 0x20, 0x20, 0x20, // 54 = _1156;.    
	0x20, 0x20, 0x20, 0x20, 0x7d, 0x0a, 0x20, 0x20, 0x20, 0x20, 0x20, 0x20, 0x20, 0x20, 0x5f, 0x36, //     }.        _6
	0x39, 0x35, 0x2e, 0x79, 0x20, 0x3d, 0x20, 0x75, 0x5f, 0x6d, 0x55, 0x56, 0x49, 0x6e, 0x76, 0x65, // 95.y = u_mUVInve
	0x72, 0x73, 0x65, 0x64, 0x2e, 0x78, 0x20, 0x2b, 0x20, 0x28, 0x75, 0x5f, 0x6d, 0x55, 0x56, 0x49, // rsed.x + (u_mUVI
	0x6e, 0x76, 0x65, 0x72, 0x73, 0x65, 0x64, 0x2e, 0x79, 0x20, 0x2a, 0x20, 0x5f, 0x35, 0x37, 0x37, // nversed.y * _577
	0x29, 0x3b, 0x0a, 0x20, 0x20, 0x20, 0x20, 0x20, 0x20, 0x20, 0x20, 0x69, 0x6e, 0x74, 0x20, 0x5f, // );.        int _
	0x38, 0x39, 0x38, 0x20, 0x3d, 0x20, 0x69, 0x6e, 0x74, 0x28, 0x5f, 0x31, 0x31, 0x35, 0x34, 0x29, // 898 = int(_1154)
	0x3b, 0x0a, 0x20, 0x20, 0x20, 0x20, 0x20, 0x20, 0x20, 0x20, 0x69, 0x6e, 0x74, 0x20, 0x5f, 0x39, // ;.        int _9
	0x30, 0x31, 0x20, 0x3d, 0x20, 0x69, 0x6e, 0x74, 0x28, 0x75, 0x5f, 0x66, 0x6c, 0x69, 0x70, 0x62, // 01 = int(u_flipb
	0x6f, 0x6f, 0x6b, 0x50, 0x61, 0x72, 0x61, 0x6d, 0x65, 0x74, 0x65, 0x72, 0x31, 0x2e, 0x7a, 0x29, // ookParameter1.z)
	0x3b, 0x0a, 0x20, 0x20, 0x20, 0x20, 0x20, 0x20, 0x20, 0x20, 0x66, 0x6c, 0x6f, 0x61, 0x74, 0x20, // ;.        float 
	0x5f, 0x39, 0x30, 0x32, 0x20, 0x3d, 0x20, 0x66, 0x6c, 0x6f, 0x61, 0x74, 0x28, 0x5f, 0x39, 0x30, // _902 = float(_90
	0x31, 0x29, 0x3b, 0x0a, 0x20, 0x20, 0x20, 0x20, 0x20, 0x20, 0x20, 0x20, 0x69, 0x6e, 0x74, 0x20, // 1);.        int 
	0x5f, 0x39, 0x32, 0x34, 0x20, 0x3d, 0x20, 0x69, 0x6e, 0x74, 0x28, 0x5f, 0x31, 0x31, 0x36, 0x37, // _924 = int(_1167
	0x29, 0x3b, 0x0a, 0x20, 0x20, 0x20, 0x20, 0x20, 0x20, 0x20, 0x20, 0x76, 0x65, 0x63, 0x32, 0x20, // );.        vec2 
	0x5f, 0x39, 0x34, 0x34, 0x20, 0x3d, 0x20, 0x28, 0x28, 0x5f, 0x36, 0x39, 0x35, 0x20, 0x2d, 0x20, // _944 = ((_695 - 
	0x28, 0x28, 0x76, 0x65, 0x63, 0x32, 0x28, 0x6d, 0x6f, 0x64, 0x28, 0x66, 0x6c, 0x6f, 0x61, 0x74, // ((vec2(mod(float
	0x28, 0x5f, 0x38, 0x39, 0x38, 0x29, 0x2c, 0x20, 0x5f, 0x39, 0x30, 0x32, 0x29, 0x2c, 0x20, 0x66, // (_898), _902), f
	0x6c, 0x6f, 0x61, 0x74, 0x28, 0x5f, 0x38, 0x39, 0x38, 0x20, 0x2f, 0x20, 0x5f, 0x39, 0x30, 0x31, // loat(_898 / _901
	0x29, 0x29, 0x20, 0x2a, 0x20, 0x75, 0x5f, 0x66, 0x6c, 0x69, 0x70, 0x62, 0x6f, 0x6f, 0x6b, 0x50, // )) * u_flipbookP
	0x61, 0x72, 0x61, 0x6d, 0x65, 0x74, 0x65, 0x72, 0x32, 0x2e, 0x78, 0x79, 0x29, 0x20, 0x2b, 0x20, // arameter2.xy) + 
	0x75, 0x5f, 0x66, 0x6c, 0x69, 0x70, 0x62, 0x6f, 0x6f, 0x6b, 0x50, 0x61, 0x72, 0x61, 0x6d, 0x65, // u_flipbookParame
	0x74, 0x65, 0x72, 0x32, 0x2e, 0x7a, 0x77, 0x29, 0x29, 0x20, 0x2b, 0x20, 0x28, 0x76, 0x65, 0x63, // ter2.zw)) + (vec
	0x32, 0x28, 0x6d, 0x6f, 0x64, 0x28, 0x66, 0x6c, 0x6f, 0x61, 0x74, 0x28, 0x5f, 0x39, 0x32, 0x34, // 2(mod(float(_924
	0x29, 0x2c, 0x20, 0x5f, 0x39, 0x30, 0x32, 0x29, 0x2c, 0x20, 0x66, 0x6c, 0x6f, 0x61, 0x74, 0x28, // ), _902), float(
	0x5f, 0x39, 0x32, 0x34, 0x20, 0x2f, 0x20, 0x5f, 0x39, 0x30, 0x31, 0x29, 0x29, 0x20, 0x2a, 0x20, // _924 / _901)) * 
	0x75, 0x5f, 0x66, 0x6c, 0x69, 0x70, 0x62, 0x6f, 0x6f, 0x6b, 0x50, 0x61, 0x72, 0x61, 0x6d, 0x65, // u_flipbookParame
	0x74, 0x65, 0x72, 0x32, 0x2e, 0x78, 0x79, 0x29, 0x29, 0x20, 0x2b, 0x20, 0x75, 0x5f, 0x66, 0x6c, // ter2.xy)) + u_fl
	0x69, 0x70, 0x62, 0x6f, 0x6f, 0x6b, 0x50, 0x61, 0x72, 0x61, 0x6d, 0x65, 0x74, 0x65, 0x72, 0x32, // ipbookParameter2
	0x2e, 0x7a, 0x77, 0x3b, 0x0a, 0x20, 0x20, 0x20, 0x20, 0x20, 0x20, 0x20, 0x20, 0x5f, 0x39, 0x34, // .zw;.        _94
	0x34, 0x2e, 0x79, 0x20, 0x3d, 0x20, 0x75, 0x5f, 0x6d, 0x55, 0x56, 0x49, 0x6e, 0x76, 0x65, 0x72, // 4.y = u_mUVInver
	0x73, 0x65, 0x64, 0x2e, 0x78, 0x20, 0x2b, 0x20, 0x28, 0x75, 0x5f, 0x6d, 0x55, 0x56, 0x49, 0x6e, // sed.x + (u_mUVIn
	0x76, 0x65, 0x72, 0x73, 0x65, 0x64, 0x2e, 0x79, 0x20, 0x2a, 0x20, 0x5f, 0x39, 0x34, 0x34, 0x2e, // versed.y * _944.
	0x79, 0x29, 0x3b, 0x0a, 0x20, 0x20, 0x20, 0x20, 0x20, 0x20, 0x20, 0x20, 0x5f, 0x31, 0x31, 0x38, // y);.        _118
	0x35, 0x20, 0x3d, 0x20, 0x5f, 0x39, 0x34, 0x34, 0x3b, 0x0a, 0x20, 0x20, 0x20, 0x20, 0x20, 0x20, // 5 = _944;.      
	0x20, 0x20, 0x5f, 0x31, 0x31, 0x37, 0x38, 0x20, 0x3d, 0x20, 0x66, 0x72, 0x61, 0x63, 0x74, 0x28, //   _1178 = fract(
	0x61, 0x5f, 0x74, 0x65, 0x78, 0x63, 0x6f, 0x6f, 0x72, 0x64, 0x34, 0x29, 0x3b, 0x0a, 0x20, 0x20, // a_texcoord4);.  
	0x20, 0x20, 0x7d, 0x0a, 0x20, 0x20, 0x20, 0x20, 0x65, 0x6c, 0x73, 0x65, 0x0a, 0x20, 0x20, 0x20, //   }.    else.   
	0x20, 0x7b, 0x0a, 0x20, 0x20, 0x20, 0x20, 0x20, 0x20, 0x20, 0x20, 0x5f, 0x31, 0x31, 0x38, 0x35, //  {.        _1185
	0x20, 0x3d, 0x20, 0x76, 0x65, 0x63, 0x32, 0x28, 0x30, 0x2e, 0x30, 0x29, 0x3b, 0x0a, 0x20, 0x20, //  = vec2(0.0);.  
	0x20, 0x20, 0x20, 0x20, 0x20, 0x20, 0x5f, 0x31, 0x31, 0x37, 0x38, 0x20, 0x3d, 0x20, 0x30, 0x2e, //       _1178 = 0.
	0x30, 0x3b, 0x0a, 0x20, 0x20, 0x20, 0x20, 0x7d, 0x0a, 0x20, 0x20, 0x20, 0x20, 0x67, 0x6c, 0x5f, // 0;.    }.    gl_
	0x50, 0x6f, 0x73, 0x69, 0x74, 0x69, 0x6f, 0x6e, 0x20, 0x3d, 0x20, 0x5f, 0x35, 0x39, 0x34, 0x3b, // Position = _594;
	0x0a, 0x20, 0x20, 0x20, 0x20, 0x76, 0x5f, 0x43, 0x6f, 0x6c, 0x6f, 0x72, 0x20, 0x3d, 0x20, 0x61, // .    v_Color = a
	0x5f, 0x63, 0x6f, 0x6c, 0x6f, 0x72, 0x30, 0x3b, 0x0a, 0x20, 0x20, 0x20, 0x20, 0x76, 0x5f, 0x55, // _color0;.    v_U
	0x56, 0x5f, 0x4f, 0x74, 0x68, 0x65, 0x72, 0x73, 0x20, 0x3d, 0x20, 0x76, 0x65, 0x63, 0x34, 0x28, // V_Others = vec4(
	0x61, 0x5f, 0x74, 0x65, 0x78, 0x63, 0x6f, 0x6f, 0x72, 0x64, 0x30, 0x2e, 0x78, 0x2c, 0x20, 0x5f, // a_texcoord0.x, _
	0x35, 0x37, 0x37, 0x2c, 0x20, 0x5f, 0x31, 0x31, 0x37, 0x38, 0x2c, 0x20, 0x61, 0x5f, 0x74, 0x65, // 577, _1178, a_te
	0x78, 0x63, 0x6f, 0x6f, 0x72, 0x64, 0x35, 0x29, 0x3b, 0x0a, 0x20, 0x20, 0x20, 0x20, 0x76, 0x5f, // xcoord5);.    v_
	0x57, 0x6f, 0x72, 0x6c, 0x64, 0x4e, 0x20, 0x3d, 0x20, 0x76, 0x65, 0x63, 0x33, 0x28, 0x30, 0x2e, // WorldN = vec3(0.
	0x30, 0x29, 0x3b, 0x0a, 0x20, 0x20, 0x20, 0x20, 0x76, 0x5f, 0x41, 0x6c, 0x70, 0x68, 0x61, 0x5f, // 0);.    v_Alpha_
	0x44, 0x69, 0x73, 0x74, 0x5f, 0x55, 0x56, 0x20, 0x3d, 0x20, 0x5f, 0x31, 0x31, 0x30, 0x32, 0x3b, // Dist_UV = _1102;
	0x0a, 0x20, 0x20, 0x20, 0x20, 0x76, 0x5f, 0x42, 0x6c, 0x65, 0x6e, 0x64, 0x5f, 0x41, 0x6c, 0x70, // .    v_Blend_Alp
	0x68, 0x61, 0x5f, 0x44, 0x69, 0x73, 0x74, 0x5f, 0x55, 0x56, 0x20, 0x3d, 0x20, 0x5f, 0x31, 0x31, // ha_Dist_UV = _11
	0x31, 0x37, 0x3b, 0x0a, 0x20, 0x20, 0x20, 0x20, 0x76, 0x5f, 0x42, 0x6c, 0x65, 0x6e, 0x64, 0x5f, // 17;.    v_Blend_
	0x46, 0x42, 0x4e, 0x65, 0x78, 0x74, 0x49, 0x6e, 0x64, 0x65, 0x78, 0x5f, 0x55, 0x56, 0x20, 0x3d, // FBNextIndex_UV =
	0x20, 0x76, 0x65, 0x63, 0x34, 0x28, 0x61, 0x5f, 0x74, 0x65, 0x78, 0x63, 0x6f, 0x6f, 0x72, 0x64, //  vec4(a_texcoord
	0x32, 0x2e, 0x78, 0x2c, 0x20, 0x75, 0x5f, 0x6d, 0x55, 0x56, 0x49, 0x6e, 0x76, 0x65, 0x72, 0x73, // 2.x, u_mUVInvers
	0x65, 0x64, 0x2e, 0x78, 0x20, 0x2b, 0x20, 0x28, 0x75, 0x5f, 0x6d, 0x55, 0x56, 0x49, 0x6e, 0x76, // ed.x + (u_mUVInv
	0x65, 0x72, 0x73, 0x65, 0x64, 0x2e, 0x79, 0x20, 0x2a, 0x20, 0x61, 0x5f, 0x74, 0x65, 0x78, 0x63, // ersed.y * a_texc
	0x6f, 0x6f, 0x72, 0x64, 0x32, 0x2e, 0x79, 0x29, 0x2c, 0x20, 0x5f, 0x31, 0x31, 0x38, 0x35, 0x29, // oord2.y), _1185)
	0x3b, 0x0a, 0x20, 0x20, 0x20, 0x20, 0x76, 0x5f, 0x50, 0x6f, 0x73, 0x50, 0x20, 0x3d, 0x20, 0x5f, // ;.    v_PosP = _
	0x35, 0x39, 0x34, 0x3b, 0x0a, 0x7d, 0x0a, 0x0a, 0x00,                                           // 594;.}...
};
static const uint8_t ad_sprite_unlit_vs_glsl[4457] =
{
	0x56, 0x53, 0x48, 0x0c, 0x00, 0x00, 0x00, 0x00, 0xf6, 0x96, 0xa7, 0xb8, 0x00, 0x00, 0x00, 0x00, // VSH.............
	0x00, 0x00, 0x00, 0x00, 0x04, 0x00, 0x0d, 0x75, 0x5f, 0x6d, 0x55, 0x56, 0x49, 0x6e, 0x76, 0x65, // .......u_mUVInve
	0x72, 0x73, 0x65, 0x64, 0x02, 0x01, 0x00, 0x00, 0x01, 0x00, 0x00, 0x00, 0x00, 0x00, 0x14, 0x75, // rsed...........u
	0x5f, 0x66, 0x6c, 0x69, 0x70, 0x62, 0x6f, 0x6f, 0x6b, 0x50, 0x61, 0x72, 0x61, 0x6d, 0x65, 0x74, // _flipbookParamet
	0x65, 0x72, 0x31, 0x02, 0x01, 0x00, 0x00, 0x01, 0x00, 0x00, 0x00, 0x00, 0x00, 0x14, 0x75, 0x5f, // er1...........u_
	0x66, 0x6c, 0x69, 0x70, 0x62, 0x6f, 0x6f, 0x6b, 0x50, 0x61, 0x72, 0x61, 0x6d, 0x65, 0x74, 0x65, // flipbookParamete
	0x72, 0x32, 0x02, 0x01, 0x00, 0x00, 0x01, 0x00, 0x00, 0x00, 0x00, 0x00, 0x0d, 0x75, 0x5f, 0x6d, // r2...........u_m
	0x43, 0x61, 0x6d, 0x65, 0x72, 0x61, 0x50, 0x72, 0x6f, 0x6a, 0x04, 0x01, 0x00, 0x00, 0x04, 0x00, // CameraProj......
	0x00, 0x00, 0x00, 0x00, 0xe0, 0x10, 0x00, 0x00, 0x0a, 0x76, 0x65, 0x63, 0x34, 0x20, 0x5f, 0x31, // .........vec4 _1
	0x32, 0x30, 0x35, 0x3b, 0x0a, 0x0a, 0x75, 0x6e, 0x69, 0x66, 0x6f, 0x72, 0x6d, 0x20, 0x76, 0x65, // 205;..uniform ve
	0x63, 0x34, 0x20, 0x75, 0x5f, 0x6d, 0x55, 0x56, 0x49, 0x6e, 0x76, 0x65, 0x72, 0x73, 0x65, 0x64, // c4 u_mUVInversed
	0x3b, 0x0a, 0x75, 0x6e, 0x69, 0x66, 0x6f, 0x72, 0x6d, 0x20, 0x76, 0x65, 0x63, 0x34, 0x20, 0x75, // ;.uniform vec4 u
	0x5f, 0x66, 0x6c, 0x69, 0x70, 0x62, 0x6f, 0x6f, 0x6b, 0x50, 0x61, 0x72, 0x61, 0x6d, 0x65, 0x74, // _flipbookParamet
	0x65, 0x72, 0x31, 0x3b, 0x0a, 0x75, 0x6e, 0x69, 0x66, 0x6f, 0x72, 0x6d, 0x20, 0x76, 0x65, 0x63, // er1;.uniform vec
	0x34, 0x20, 0x75, 0x5f, 0x66, 0x6c, 0x69, 0x70, 0x62, 0x6f, 0x6f, 0x6b, 0x50, 0x61, 0x72, 0x61, // 4 u_flipbookPara
	0x6d, 0x65, 0x74, 0x65, 0x72, 0x32, 0x3b, 0x0a, 0x75, 0x6e, 0x69, 0x66, 0x6f, 0x72, 0x6d, 0x20, // meter2;.uniform 
	0x6d, 0x61, 0x74, 0x34, 0x20, 0x75, 0x5f, 0x6d, 0x43, 0x61, 0x6d, 0x65, 0x72, 0x61, 0x50, 0x72, // mat4 u_mCameraPr
	0x6f, 0x6a, 0x3b, 0x0a, 0x0a, 0x6c, 0x61, 0x79, 0x6f, 0x75, 0x74, 0x28, 0x6c, 0x6f, 0x63, 0x61, // oj;..layout(loca
	0x74, 0x69, 0x6f, 0x6e, 0x20, 0x3d, 0x20, 0x31, 0x29, 0x20, 0x69, 0x6e, 0x20, 0x76, 0x65, 0x63, // tion = 1) in vec
	0x33, 0x20, 0x61, 0x5f, 0x70, 0x6f, 0x73, 0x69, 0x74, 0x69, 0x6f, 0x6e, 0x3b, 0x0a, 0x6c, 0x61, // 3 a_position;.la
	0x79, 0x6f, 0x75, 0x74, 0x28, 0x6c, 0x6f, 0x63, 0x61, 0x74, 0x69, 0x6f, 0x6e, 0x20, 0x3d, 0x20, // yout(location = 
	0x30, 0x29, 0x20, 0x69, 0x6e, 0x20, 0x76, 0x65, 0x63, 0x34, 0x20, 0x61, 0x5f, 0x63, 0x6f, 0x6c, // 0) in vec4 a_col
	0x6f, 0x72, 0x30, 0x3b, 0x0a, 0x6c, 0x61, 0x79, 0x6f, 0x75, 0x74, 0x28, 0x6c, 0x6f, 0x63, 0x61, // or0;.layout(loca
	0x74, 0x69, 0x6f, 0x6e, 0x20, 0x3d, 0x20, 0x32, 0x29, 0x20, 0x69, 0x6e, 0x20, 0x76, 0x65, 0x63, // tion = 2) in vec
	0x32, 0x20, 0x61, 0x5f, 0x74, 0x65, 0x78, 0x63, 0x6f, 0x6f, 0x72, 0x64, 0x30, 0x3b, 0x0a, 0x6c, // 2 a_texcoord0;.l
	0x61, 0x79, 0x6f, 0x75, 0x74, 0x28, 0x6c, 0x6f, 0x63, 0x61, 0x74, 0x69, 0x6f, 0x6e, 0x20, 0x3d, // ayout(location =
	0x20, 0x33, 0x29, 0x20, 0x69, 0x6e, 0x20, 0x76, 0x65, 0x63, 0x34, 0x20, 0x61, 0x5f, 0x74, 0x65, //  3) in vec4 a_te
	0x78, 0x63, 0x6f, 0x6f, 0x72, 0x64, 0x31, 0x3b, 0x0a, 0x6c, 0x61, 0x79, 0x6f, 0x75, 0x74, 0x28, // xcoord1;.layout(
	0x6c, 0x6f, 0x63, 0x61, 0x74, 0x69, 0x6f, 0x6e, 0x20, 0x3d, 0x20, 0x34, 0x29, 0x20, 0x69, 0x6e, // location = 4) in
	0x20, 0x76, 0x65, 0x63, 0x32, 0x20, 0x61, 0x5f, 0x74, 0x65, 0x78, 0x63, 0x6f, 0x6f, 0x72, 0x64, //  vec2 a_texcoord
	0x32, 0x3b, 0x0a, 0x6c, 0x61, 0x79, 0x6f, 0x75, 0x74, 0x28, 0x6c, 0x6f, 0x63, 0x61, 0x74, 0x69, // 2;.layout(locati
	0x6f, 0x6e, 0x20, 0x3d, 0x20, 0x35, 0x29, 0x20, 0x69, 0x6e, 0x20, 0x76, 0x65, 0x63, 0x34, 0x20, // on = 5) in vec4 
	0x61, 0x5f, 0x74, 0x65, 0x78, 0x63, 0x6f, 0x6f, 0x72, 0x64, 0x33, 0x3b, 0x0a, 0x6c, 0x61, 0x79, // a_texcoord3;.lay
	0x6f, 0x75, 0x74, 0x28, 0x6c, 0x6f, 0x63, 0x61, 0x74, 0x69, 0x6f, 0x6e, 0x20, 0x3d, 0x20, 0x36, // out(location = 6
	0x29, 0x20, 0x69, 0x6e, 0x20, 0x66, 0x6c, 0x6f, 0x61, 0x74, 0x20, 0x61, 0x5f, 0x74, 0x65, 0x78, // ) in float a_tex
	0x63, 0x6f, 0x6f, 0x72, 0x64, 0x34, 0x3b, 0x0a, 0x6c, 0x61, 0x79, 0x6f, 0x75, 0x74, 0x28, 0x6c, // coord4;.layout(l
	0x6f, 0x63, 0x61, 0x74, 0x69, 0x6f, 0x6e, 0x20, 0x3d, 0x20, 0x37, 0x29, 0x20, 0x69, 0x6e, 0x20, // ocation = 7) in 
	0x66, 0x6c, 0x6f, 0x61, 0x74, 0x20, 0x61, 0x5f, 0x74, 0x65, 0x78, 0x63, 0x6f, 0x6f, 0x72, 0x64, // float a_texcoord
	0x35, 0x3b, 0x0a, 0x6f, 0x75, 0x74, 0x20, 0x76, 0x65, 0x63, 0x34, 0x20, 0x76, 0x5f, 0x43, 0x6f, // 5;.out vec4 v_Co
	0x6c, 0x6f, 0x72, 0x3b, 0x0a, 0x6f, 0x75, 0x74, 0x20, 0x76, 0x65, 0x63, 0x34, 0x20, 0x76, 0x5f, // lor;.out vec4 v_
	0x55, 0x56, 0x5f, 0x4f, 0x74, 0x68, 0x65, 0x72, 0x73, 0x3b, 0x0a, 0x6f, 0x75, 0x74, 0x20, 0x76, // UV_Others;.out v
	0x65, 0x63, 0x33, 0x20, 0x76, 0x5f, 0x57, 0x6f, 0x72, 0x6c, 0x64, 0x4e, 0x3b, 0x0a, 0x6f, 0x75, // ec3 v_WorldN;.ou
	0x74, 0x20, 0x76, 0x65, 0x63, 0x34, 0x20, 0x76, 0x5f, 0x41, 0x6c, 0x70, 0x68, 0x61, 0x5f, 0x44, // t vec4 v_Alpha_D
	0x69, 0x73, 0x74, 0x5f, 0x55, 0x56, 0x3b, 0x0a, 0x6f, 0x75, 0x74, 0x20, 0x76, 0x65, 0x63, 0x34, // ist_UV;.out vec4
	0x20, 0x76, 0x5f, 0x42, 0x6c, 0x65, 0x6e, 0x64, 0x5f, 0x41, 0x6c, 0x70, 0x68, 0x61, 0x5f, 0x44, //  v_Blend_Alpha_D
	0x69, 0x73, 0x74, 0x5f, 0x55, 0x56, 0x3b, 0x0a, 0x6f, 0x75, 0x74, 0x20, 0x76, 0x65, 0x63, 0x34, // ist_UV;.out vec4
	0x20, 0x76, 0x5f, 0x42, 0x6c, 0x65, 0x6e, 0x64, 0x5f, 0x46, 0x42, 0x4e, 0x65, 0x78, 0x74, 0x49, //  v_Blend_FBNextI
	0x6e, 0x64, 0x65, 0x78, 0x5f, 0x55, 0x56, 0x3b, 0x0a, 0x6f, 0x75, 0x74, 0x20, 0x76, 0x65, 0x63, // ndex_UV;.out vec
	0x34, 0x20, 0x76, 0x5f, 0x50, 0x6f, 0x73, 0x50, 0x3b, 0x0a, 0x0a, 0x76, 0x6f, 0x69, 0x64, 0x20, // 4 v_PosP;..void 
	0x6d, 0x61, 0x69, 0x6e, 0x28, 0x29, 0x0a, 0x7b, 0x0a, 0x20, 0x20, 0x20, 0x20, 0x76, 0x65, 0x63, // main().{.    vec
	0x34, 0x20, 0x5f, 0x34, 0x38, 0x38, 0x20, 0x3d, 0x20, 0x61, 0x5f, 0x74, 0x65, 0x78, 0x63, 0x6f, // 4 _488 = a_texco
	0x6f, 0x72, 0x64, 0x31, 0x3b, 0x0a, 0x20, 0x20, 0x20, 0x20, 0x76, 0x65, 0x63, 0x34, 0x20, 0x5f, // ord1;.    vec4 _
	0x34, 0x39, 0x34, 0x20, 0x3d, 0x20, 0x61, 0x5f, 0x74, 0x65, 0x78, 0x63, 0x6f, 0x6f, 0x72, 0x64, // 494 = a_texcoord
	0x33, 0x3b, 0x0a, 0x20, 0x20, 0x20, 0x20, 0x66, 0x6c, 0x6f, 0x61, 0x74, 0x20, 0x5f, 0x35, 0x37, // 3;.    float _57
	0x37, 0x20, 0x3d, 0x20, 0x75, 0x5f, 0x6d, 0x55, 0x56, 0x49, 0x6e, 0x76, 0x65, 0x72, 0x73, 0x65, // 7 = u_mUVInverse
	0x64, 0x2e, 0x78, 0x20, 0x2b, 0x20, 0x28, 0x75, 0x5f, 0x6d, 0x55, 0x56, 0x49, 0x6e, 0x76, 0x65, // d.x + (u_mUVInve
	0x72, 0x73, 0x65, 0x64, 0x2e, 0x79, 0x20, 0x2a, 0x20, 0x61, 0x5f, 0x74, 0x65, 0x78, 0x63, 0x6f, // rsed.y * a_texco
	0x6f, 0x72, 0x64, 0x30, 0x2e, 0x79, 0x29, 0x3b, 0x0a, 0x20, 0x20, 0x20, 0x20, 0x76, 0x65, 0x63, // ord0.y);.    vec
	0x34, 0x20, 0x5f, 0x31, 0x30, 0x39, 0x33, 0x3b, 0x0a, 0x20, 0x20, 0x20, 0x20, 0x5f, 0x31, 0x30, // 4 _1093;.    _10
	0x39, 0x33, 0x2e, 0x78, 0x20, 0x3d, 0x20, 0x61, 0x5f, 0x74, 0x65, 0x78, 0x63, 0x6f, 0x6f, 0x72, // 93.x = a_texcoor
	0x64, 0x30, 0x2e, 0x78, 0x3b, 0x0a, 0x20, 0x20, 0x20, 0x20, 0x76, 0x65, 0x63, 0x34, 0x20, 0x5f, // d0.x;.    vec4 _
	0x35, 0x39, 0x34, 0x20, 0x3d, 0x20, 0x75, 0x5f, 0x6d, 0x43, 0x61, 0x6d, 0x65, 0x72, 0x61, 0x50, // 594 = u_mCameraP
	0x72, 0x6f, 0x6a, 0x20, 0x2a, 0x20, 0x76, 0x65, 0x63, 0x34, 0x28, 0x61, 0x5f, 0x70, 0x6f, 0x73, // roj * vec4(a_pos
	0x69, 0x74, 0x69, 0x6f, 0x6e, 0x2c, 0x20, 0x31, 0x2e, 0x30, 0x29, 0x3b, 0x0a, 0x20, 0x20, 0x20, // ition, 1.0);.   
	0x20, 0x76, 0x65, 0x63, 0x34, 0x20, 0x5f, 0x31, 0x31, 0x30, 0x32, 0x20, 0x3d, 0x20, 0x5f, 0x34, //  vec4 _1102 = _4
	0x38, 0x38, 0x3b, 0x0a, 0x20, 0x20, 0x20, 0x20, 0x5f, 0x31, 0x31, 0x30, 0x32, 0x2e, 0x79, 0x20, // 88;.    _1102.y 
	0x3d, 0x20, 0x75, 0x5f, 0x6d, 0x55, 0x56, 0x49, 0x6e, 0x76, 0x65, 0x72, 0x73, 0x65, 0x64, 0x2e, // = u_mUVInversed.
	0x78, 0x20, 0x2b, 0x20, 0x28, 0x75, 0x5f, 0x6d, 0x55, 0x56, 0x49, 0x6e, 0x76, 0x65, 0x72, 0x73, // x + (u_mUVInvers
	0x65, 0x64, 0x2e, 0x79, 0x20, 0x2a, 0x20, 0x5f, 0x34, 0x38, 0x38, 0x2e, 0x79, 0x29, 0x3b, 0x0a, // ed.y * _488.y);.
	0x20, 0x20, 0x20, 0x20, 0x5f, 0x31, 0x31, 0x30, 0x32, 0x2e, 0x77, 0x20, 0x3d, 0x20, 0x75, 0x5f, //     _1102.w = u_
	0x6d, 0x55, 0x56, 0x49, 0x6e, 0x76, 0x65, 0x72, 0x73, 0x65, 0x64, 0x2e, 0x78, 0x20, 0x2b, 0x20, // mUVInversed.x + 
	0x28, 0x75, 0x5f, 0x6d, 0x55, 0x56, 0x49, 0x6e, 0x76, 0x65, 0x72, 0x73, 0x65, 0x64, 0x2e, 0x79, // (u_mUVInversed.y
	0x20, 0x2a, 0x20, 0x5f, 0x34, 0x38, 0x38, 0x2e, 0x77, 0x29, 0x3b, 0x0a, 0x20, 0x20, 0x20, 0x20, //  * _488.w);.    
	0x76, 0x65, 0x63, 0x34, 0x20, 0x5f, 0x31, 0x31, 0x31, 0x37, 0x20, 0x3d, 0x20, 0x5f, 0x34, 0x39, // vec4 _1117 = _49
	0x34, 0x3b, 0x0a, 0x20, 0x20, 0x20, 0x20, 0x5f, 0x31, 0x31, 0x31, 0x37, 0x2e, 0x79, 0x20, 0x3d, // 4;.    _1117.y =
	0x20, 0x75, 0x5f, 0x6d, 0x55, 0x56, 0x49, 0x6e, 0x76, 0x65, 0x72, 0x73, 0x65, 0x64, 0x2e, 0x78, //  u_mUVInversed.x
	0x20, 0x2b, 0x20, 0x28, 0x75, 0x5f, 0x6d, 0x55, 0x56, 0x49, 0x6e, 0x76, 0x65, 0x72, 0x73, 0x65, //  + (u_mUVInverse
	0x64, 0x2e, 0x79, 0x20, 0x2a, 0x20, 0x5f, 0x34, 0x39, 0x34, 0x2e, 0x79, 0x29, 0x3b, 0x0a, 0x20, // d.y * _494.y);. 
	0x20, 0x20, 0x20, 0x5f, 0x31, 0x31, 0x31, 0x37, 0x2e, 0x77, 0x20, 0x3d, 0x20, 0x75, 0x5f, 0x6d, //    _1117.w = u_m
	0x55, 0x56, 0x49, 0x6e, 0x76, 0x65, 0x72, 0x73, 0x65, 0x64, 0x2e, 0x78, 0x20, 0x2b, 0x20, 0x28, // UVInversed.x + (
	0x75, 0x5f, 0x6d, 0x55, 0x56, 0x49, 0x6e, 0x76, 0x65, 0x72, 0x73, 0x65, 0x64, 0x2e, 0x79, 0x20, // u_mUVInversed.y 
	0x2a, 0x20, 0x5f, 0x34, 0x39, 0x34, 0x2e, 0x77, 0x29, 0x3b, 0x0a, 0x20, 0x20, 0x20, 0x20, 0x76, // * _494.w);.    v
	0x65, 0x63, 0x32, 0x20, 0x5f, 0x36, 0x39, 0x35, 0x20, 0x3d, 0x20, 0x5f, 0x31, 0x30, 0x39, 0x33, // ec2 _695 = _1093
	0x2e, 0x78, 0x79, 0x3b, 0x0a, 0x20, 0x20, 0x20, 0x20, 0x66, 0x6c, 0x6f, 0x61, 0x74, 0x20, 0x5f, // .xy;.    float _
	0x31, 0x31, 0x37, 0x38, 0x3b, 0x0a, 0x20, 0x20, 0x20, 0x20, 0x76, 0x65, 0x63, 0x32, 0x20, 0x5f, // 1178;.    vec2 _
	0x31, 0x31, 0x38, 0x35, 0x3b, 0x0a, 0x20, 0x20, 0x20, 0x20, 0x69, 0x66, 0x20, 0x28, 0x75, 0x5f, // 1185;.    if (u_
	0x66, 0x6c, 0x69, 0x70, 0x62, 0x6f, 0x6f, 0x6b, 0x50, 0x61, 0x72, 0x61, 0x6d, 0x65, 0x74, 0x65, // flipbookParamete
	0x72, 0x31, 0x2e, 0x78, 0x20, 0x3e, 0x20, 0x30, 0x2e, 0x30, 0x29, 0x0a, 0x20, 0x20, 0x20, 0x20, // r1.x > 0.0).    
	0x7b, 0x0a, 0x20, 0x20, 0x20, 0x20, 0x20, 0x20, 0x20, 0x20, 0x66, 0x6c, 0x6f, 0x61, 0x74, 0x20, // {.        float 
	0x5f, 0x37, 0x38, 0x31, 0x20, 0x3d, 0x20, 0x66, 0x6c, 0x6f, 0x6f, 0x72, 0x28, 0x61, 0x5f, 0x74, // _781 = floor(a_t
	0x65, 0x78, 0x63, 0x6f, 0x6f, 0x72, 0x64, 0x34, 0x29, 0x3b, 0x0a, 0x20, 0x20, 0x20, 0x20, 0x20, // excoord4);.     
	0x20, 0x20, 0x20, 0x66, 0x6c, 0x6f, 0x61, 0x74, 0x20, 0x5f, 0x37, 0x38, 0x34, 0x20, 0x3d, 0x20, //    float _784 = 
	0x5f, 0x37, 0x38, 0x31, 0x20, 0x2b, 0x20, 0x31, 0x2e, 0x30, 0x3b, 0x0a, 0x20, 0x20, 0x20, 0x20, // _781 + 1.0;.    
	0x20, 0x20, 0x20, 0x20, 0x66, 0x6c, 0x6f, 0x61, 0x74, 0x20, 0x5f, 0x37, 0x38, 0x37, 0x20, 0x3d, //     float _787 =
	0x20, 0x75, 0x5f, 0x66, 0x6c, 0x69, 0x70, 0x62, 0x6f, 0x6f, 0x6b, 0x50, 0x61, 0x72, 0x61, 0x6d, //  u_flipbookParam
	0x65, 0x74, 0x65, 0x72, 0x31, 0x2e, 0x7a, 0x20, 0x2a, 0x20, 0x75, 0x5f, 0x66, 0x6c, 0x69, 0x70, // eter1.z * u_flip
	0x62, 0x6f, 0x6f, 0x6b, 0x50, 0x61, 0x72, 0x61, 0x6d, 0x65, 0x74, 0x65, 0x72, 0x31, 0x2e, 0x77, // bookParameter1.w
	0x3b, 0x0a, 0x20, 0x20, 0x20, 0x20, 0x20, 0x20, 0x20, 0x20, 0x66, 0x6c, 0x6f, 0x61, 0x74, 0x20, // ;.        float 
	0x5f, 0x31, 0x31, 0x35, 0x34, 0x3b, 0x0a, 0x20, 0x20, 0x20, 0x20, 0x20, 0x20, 0x20, 0x20, 0x66, // _1154;.        f
	0x6c, 0x6f, 0x61, 0x74, 0x20, 0x5f, 0x31, 0x31, 0x36, 0x37, 0x3b, 0x0a, 0x20, 0x20, 0x20, 0x20, // loat _1167;.    
	0x20, 0x20, 0x20, 0x20, 0x69, 0x66, 0x20, 0x28, 0x75, 0x5f, 0x66, 0x6c, 0x69, 0x70, 0x62, 0x6f, //     if (u_flipbo
	0x6f, 0x6b, 0x50, 0x61, 0x72, 0x61, 0x6d, 0x65, 0x74, 0x65, 0x72, 0x31, 0x2e, 0x79, 0x20, 0x3d, // okParameter1.y =
	0x3d, 0x20, 0x30, 0x2e, 0x30, 0x29, 0x0a, 0x20, 0x20, 0x20, 0x20, 0x20, 0x20, 0x20, 0x20, 0x7b, // = 0.0).        {
	0x0a, 0x20, 0x20, 0x20, 0x20, 0x20, 0x20, 0x20, 0x20, 0x20, 0x20, 0x20, 0x20, 0x66, 0x6c, 0x6f, // .            flo
	0x61, 0x74, 0x20, 0x5f, 0x31, 0x31, 0x35, 0x35, 0x3b, 0x0a, 0x20, 0x20, 0x20, 0x20, 0x20, 0x20, // at _1155;.      
	0x20, 0x20, 0x20, 0x20, 0x20, 0x20, 0x66, 0x6c, 0x6f, 0x61, 0x74, 0x20, 0x5f, 0x31, 0x31, 0x36, //       float _116
	0x38, 0x3b, 0x0a, 0x20, 0x20, 0x20, 0x20, 0x20, 0x20, 0x20, 0x20, 0x20, 0x20, 0x20, 0x20, 0x69, // 8;.            i
	0x66, 0x20, 0x28, 0x5f, 0x37, 0x38, 0x34, 0x20, 0x3e, 0x3d, 0x20, 0x5f, 0x37, 0x38, 0x37, 0x29, // f (_784 >= _787)
	0x0a, 0x20, 0x20, 0x20, 0x20, 0x20, 0x20, 0x20, 0x20, 0x20, 0x20, 0x20, 0x20, 0x7b, 0x0a, 0x20, // .            {. 
	0x20, 0x20, 0x20, 0x20, 0x20, 0x20, 0x20, 0x20, 0x20, 0x20, 0x20, 0x20, 0x20, 0x20, 0x20, 0x66, //                f
	0x6c, 0x6f, 0x61, 0x74, 0x20, 0x5f, 0x37, 0x39, 0x36, 0x20, 0x3d, 0x20, 0x5f, 0x37, 0x38, 0x37, // loat _796 = _787
	0x20, 0x2d, 0x20, 0x31, 0x2e, 0x30, 0x3b, 0x0a, 0x20, 0x20, 0x20, 0x20, 0x20, 0x20, 0x20, 0x20, //  - 1.0;.        
	0x20, 0x20, 0x20, 0x20, 0x20, 0x20, 0x20, 0x20, 0x5f, 0x31, 0x31, 0x36, 0x38, 0x20, 0x3d, 0x20, //         _1168 = 
	0x5f, 0x37, 0x39, 0x36, 0x3b, 0x0a, 0x20, 0x20, 0x20, 0x20, 0x20, 0x20, 0x20, 0x20, 0x20, 0x20, // _796;.          
	0x20, 0x20, 0x20, 0x20, 0x20, 0x20, 0x5f, 0x31, 0x31, 0x35, 0x35, 0x20, 0x3d, 0x20, 0x5f, 0x37, //       _1155 = _7
	0x39, 0x36, 0x3b, 0x0a, 0x20, 0x20, 0x20, 0x20, 0x20, 0x20, 0x20, 0x20, 0x20, 0x20, 0x20, 0x20, // 96;.            
	0x7d, 0x0a, 0x20, 0x20, 0x20, 0x20, 0x20, 0x20, 0x20, 0x20, 0x20, 0x20, 0x20, 0x20, 0x65, 0x6c, // }.            el
	0x73, 0x65, 0x0a, 0x20, 0x20, 0x20, 0x20, 0x20, 0x20, 0x20, 0x20, 0x20, 0x20, 0x20, 0x20, 0x7b, // se.            {
	0x0a, 0x20, 0x20, 0x20, 0x20, 0x20, 0x20, 0x20, 0x20, 0x20, 0x20, 0x20, 0x20, 0x20, 0x20, 0x20, // .               
	0x20, 0x5f, 0x31, 0x31, 0x36, 0x38, 0x20, 0x3d, 0x20, 0x5f, 0x37, 0x38, 0x34, 0x3b, 0x0a, 0x20, //  _1168 = _784;. 
	0x20, 0x20, 0x20, 0x20, 0x20, 0x20, 0x20, 0x20, 0x20, 0x20, 0x20, 0x20, 0x20, 0x20, 0x20, 0x5f, //                _
	0x31, 0x31, 0x35, 0x35, 0x20, 0x3d, 0x20, 0x5f, 0x37, 0x38, 0x31, 0x3b, 0x0a, 0x20, 0x20, 0x20, // 1155 = _781;.   
	0x20, 0x20, 0x20, 0x20, 0x20, 0x20, 0x20, 0x20, 0x20, 0x7d, 0x0a, 0x20, 0x20, 0x20, 0x20, 0x20, //          }.     
	0x20, 0x20, 0x20, 0x20, 0x20, 0x20, 0x20, 0x5f, 0x31, 0x31, 0x36, 0x37, 0x20, 0x3d, 0x20, 0x5f, //        _1167 = _
	0x31, 0x31, 0x36, 0x38, 0x3b, 0x0a, 0x20, 0x20, 0x20, 0x20, 0x20, 0x20, 0x20, 0x20, 0x20, 0x20, // 1168;.          
	0x20, 0x20, 0x5f, 0x31, 0x31, 0x35, 0x34, 0x20, 0x3d, 0x20, 0x5f, 0x31, 0x31, 0x35, 0x35, 0x3b, //   _1154 = _1155;
	0x0a, 0x20, 0x20, 0x20, 0x20, 0x20, 0x20, 0x20, 0x20, 0x7d, 0x0a, 0x20, 0x20, 0x20, 0x20, 0x20, // .        }.     
	0x20, 0x20, 0x20, 0x65, 0x6c, 0x73, 0x65, 0x0a, 0x20, 0x20, 0x20, 0x20, 0x20, 0x20, 0x20, 0x20, //    else.        
	0x7b, 0x0a, 0x20, 0x20, 0x20, 0x20, 0x20, 0x20, 0x20, 0x20, 0x20, 0x20, 0x20, 0x20, 0x66, 0x6c, // {.            fl
	0x6f, 0x61, 0x74, 0x20, 0x5f, 0x31, 0x31, 0x35, 0x36, 0x3b, 0x0a, 0x20, 0x20, 0x20, 0x20, 0x20, // oat _1156;.     
	0x20, 0x20, 0x20, 0x20, 0x20, 0x20, 0x20, 0x66, 0x6c, 0x6f, 0x61, 0x74, 0x20, 0x5f, 0x31, 0x31, //        float _11
	0x36, 0x39, 0x3b, 0x0a, 0x20, 0x20, 0x20, 0x20, 0x20, 0x20, 0x20, 0x20, 0x20, 0x20, 0x20, 0x20, // 69;.            
	0x69, 0x66, 0x20, 0x28, 0x75, 0x5f, 0x66, 0x6c, 0x69, 0x70, 0x62, 0x6f, 0x6f, 0x6b, 0x50, 0x61, // if (u_flipbookPa
	0x72, 0x61, 0x6d, 0x65, 0x74, 0x65, 0x72, 0x31, 0x2e, 0x79, 0x20, 0x3d, 0x3d, 0x20, 0x31, 0x2e, // rameter1.y == 1.
	0x30, 0x29, 0x0a, 0x20, 0x20, 0x20, 0x20, 0x20, 0x20, 0x20, 0x20, 0x20, 0x20, 0x20, 0x20, 0x7b, // 0).            {
	0x0a, 0x20, 0x20, 0x20, 0x20, 0x20, 0x20, 0x20, 0x20, 0x20, 0x20, 0x20, 0x20, 0x20, 0x20, 0x20, // .               
	0x20, 0x5f, 0x31, 0x31, 0x36, 0x39, 0x20, 0x3d, 0x20, 0x6d, 0x6f, 0x64, 0x28, 0x5f, 0x37, 0x38, //  _1169 = mod(_78
	0x34, 0x2c, 0x20, 0x5f, 0x37, 0x38, 0x37, 0x29, 0x3b, 0x0a, 0x20, 0x20, 0x20, 0x20, 0x20, 0x20, // 4, _787);.      
	0x20, 0x20, 0x20, 0x20, 0x20, 0x20, 0x20, 0x20, 0x20, 0x20, 0x5f, 0x31, 0x31, 0x35, 0x36, 0x20, //           _1156 
	0x3d, 0x20, 0x6d, 0x6f, 0x64, 0x28, 0x5f, 0x37, 0x38, 0x31, 0x2c, 0x20, 0x5f, 0x37, 0x38, 0x37, // = mod(_781, _787
	0x29, 0x3b, 0x0a, 0x20, 0x20, 0x20, 0x20, 0x20, 0x20, 0x20, 0x20, 0x20, 0x20, 0x20, 0x20, 0x7d, // );.            }
	0x0a, 0x20, 0x20, 0x20, 0x20, 0x20, 0x20, 0x20, 0x20, 0x20, 0x20, 0x20, 0x20, 0x65, 0x6c, 0x73, // .            els
	0x65, 0x0a, 0x20, 0x20, 0x20, 0x20, 0x20, 0x20, 0x20, 0x20, 0x20, 0x20, 0x20, 0x20, 0x7b, 0x0a, // e.            {.
	0x20, 0x20, 0x20, 0x20, 0x20, 0x20, 0x20, 0x20, 0x20, 0x20, 0x20, 0x20, 0x20, 0x20, 0x20, 0x20, //                 
	0x66, 0x6c, 0x6f, 0x61, 0x74, 0x20, 0x5f, 0x31, 0x31, 0x35, 0x37, 0x3b, 0x0a, 0x20, 0x20, 0x20, // float _1157;.   
	0x20, 0x20, 0x20, 0x20, 0x20, 0x20, 0x20, 0x20, 0x20, 0x20, 0x20, 0x20, 0x20, 0x66, 0x6c, 0x6f, //              flo
	0x61, 0x74, 0x20, 0x5f, 0x31, 0x31, 0x37, 0x30, 0x3b, 0x0a, 0x20, 0x20, 0x20, 0x20, 0x20, 0x20, // at _1170;.      
	0x20, 0x20, 0x20, 0x20, 0x20, 0x20, 0x20, 0x20, 0x20, 0x20, 0x69, 0x66, 0x20, 0x28, 0x75, 0x5f, //           if (u_
	0x66, 0x6c, 0x69, 0x70, 0x62, 0x6f, 0x6f, 0x6b, 0x50, 0x61, 0x72, 0x61, 0x6d, 0x65, 0x74, 0x65, // flipbookParamete
	0x72, 0x31, 0x2e, 0x79, 0x20, 0x3d, 0x3d, 0x20, 0x32, 0x2e, 0x30, 0x29, 0x0a, 0x20, 0x20, 0x20, // r1.y == 2.0).   
	0x20, 0x20, 0x20, 0x20, 0x20, 0x20, 0x20, 0x20, 0x20, 0x20, 0x20, 0x20, 0x20, 0x7b, 0x0a, 0x20, //              {. 
	0x20, 0x20, 0x20, 0x20, 0x20, 0x20, 0x20, 0x20, 0x20, 0x20, 0x20, 0x20, 0x20, 0x20, 0x20, 0x20, //                 
	0x20, 0x20, 0x20, 0x66, 0x6c, 0x6f, 0x61, 0x74, 0x20, 0x5f, 0x38, 0x32, 0x32, 0x20, 0x3d, 0x20, //    float _822 = 
	0x6d, 0x6f, 0x64, 0x28, 0x5f, 0x37, 0x38, 0x31, 0x2c, 0x20, 0x5f, 0x37, 0x38, 0x37, 0x29, 0x3b, // mod(_781, _787);
	0x0a, 0x20, 0x20, 0x20, 0x20, 0x20, 0x20, 0x20, 0x20, 0x20, 0x20, 0x20, 0x20, 0x20, 0x20, 0x20, // .               
	0x20, 0x20, 0x20, 0x20, 0x20, 0x66, 0x6c, 0x6f, 0x61, 0x74, 0x20, 0x5f, 0x31, 0x31, 0x35, 0x39, //      float _1159
	0x3b, 0x0a, 0x20, 0x20, 0x20, 0x20, 0x20, 0x20, 0x20, 0x20, 0x20, 0x20, 0x20, 0x20, 0x20, 0x20, // ;.              
	0x20, 0x20, 0x20, 0x20, 0x20, 0x20, 0x69, 0x66, 0x20, 0x28, 0x6d, 0x6f, 0x64, 0x28, 0x66, 0x6c, //       if (mod(fl
	0x6f, 0x6f, 0x72, 0x28, 0x5f, 0x37, 0x38, 0x31, 0x20, 0x2f, 0x20, 0x5f, 0x37, 0x38, 0x37, 0x29, // oor(_781 / _787)
	0x2c, 0x20, 0x32, 0x2e, 0x30, 0x29, 0x20, 0x3d, 0x3d, 0x20, 0x31, 0x2e, 0x30, 0x29, 0x0a, 0x20, // , 2.0) == 1.0). 
	0x20, 0x20, 0x20, 0x20, 0x20, 0x20, 0x20, 0x20, 0x20, 0x20, 0x20, 0x20, 0x20, 0x20, 0x20, 0x20, //                 
	0x20, 0x20, 0x20, 0x7b, 0x0a, 0x20, 0x20, 0x20, 0x20, 0x20, 0x20, 0x20, 0x20, 0x20, 0x20, 0x20, //    {.           
	0x20, 0x20, 0x20, 0x20, 0x20, 0x20, 0x20, 0x20, 0x20, 0x20, 0x20, 0x20, 0x20, 0x5f, 0x31, 0x31, //              _11
	0x35, 0x39, 0x20, 0x3d, 0x20, 0x28, 0x5f, 0x37, 0x38, 0x37, 0x20, 0x2d, 0x20, 0x31, 0x2e, 0x30, // 59 = (_787 - 1.0
	0x29, 0x20, 0x2d, 0x20, 0x66, 0x6c, 0x6f, 0x6f, 0x72, 0x28, 0x5f, 0x38, 0x32, 0x32, 0x29, 0x3b, // ) - floor(_822);
	0x0a, 0x20, 0x20, 0x20, 0x20, 0x20, 0x20, 0x20, 0x20, 0x20, 0x20, 0x20, 0x20, 0x20, 0x20, 0x20, // .               
	0x20, 0x20, 0x20, 0x20, 0x20, 0x7d, 0x0a, 0x20, 0x20, 0x20, 0x20, 0x20, 0x20, 0x20, 0x20, 0x20, //      }.         
	0x20, 0x20, 0x20, 0x20, 0x20, 0x20, 0x20, 0x20, 0x20, 0x20, 0x20, 0x65, 0x6c, 0x73, 0x65, 0x0a, //            else.
	0x20, 0x20, 0x20, 0x20, 0x20, 0x20, 0x20, 0x20, 0x20, 0x20, 0x20, 0x20, 0x20, 0x20, 0x20, 0x20, //                 
	0x20, 0x20, 0x20, 0x20, 0x7b, 0x0a, 0x20, 0x20, 0x20, 0x20, 0x20, 0x20, 0x20, 0x20, 0x20, 0x20, //     {.          
	0x20, 0x20, 0x20, 0x20, 0x20, 0x20, 0x20, 0x20, 0x20, 0x20, 0x20, 0x20, 0x20, 0x20, 0x5f, 0x31, //               _1
	0x31, 0x35, 0x39, 0x20, 0x3d, 0x20, 0x5f, 0x38, 0x32, 0x32, 0x3b, 0x0a, 0x20, 0x20, 0x20, 0x20, // 159 = _822;.    
	0x20, 0x20, 0x20, 0x20, 0x20, 0x20, 0x20, 0x20, 0x20, 0x20, 0x20, 0x20, 0x20, 0x20, 0x20, 0x20, //                 
	0x7d, 0x0a, 0x20, 0x20, 0x20, 0x20, 0x20, 0x20, 0x20, 0x20, 0x20, 0x20, 0x20, 0x20, 0x20, 0x20, // }.              
	0x20, 0x20, 0x20, 0x20, 0x20, 0x20, 0x66, 0x6c, 0x6f, 0x61, 0x74, 0x20, 0x5f, 0x38, 0x33, 0x39, //       float _839
	0x20, 0x3d, 0x20, 0x6d, 0x6f, 0x64, 0x28, 0x5f, 0x37, 0x38, 0x34, 0x2c, 0x20, 0x5f, 0x37, 0x38, //  = mod(_784, _78
	0x37, 0x29, 0x3b, 0x0a, 0x20, 0x20, 0x20, 0x20, 0x20, 0x20, 0x20, 0x20, 0x20, 0x20, 0x20, 0x20, // 7);.            
	0x20, 0x20, 0x20, 0x20, 0x20, 0x20, 0x20, 0x20, 0x66, 0x6c, 0x6f, 0x61, 0x74, 0x20, 0x5f, 0x31, //         float _1
	0x31, 0x37, 0x31, 0x3b, 0x0a, 0x20, 0x20, 0x20, 0x20, 0x20, 0x20, 0x20, 0x20, 0x20, 0x20, 0x20, // 171;.           
	0x20, 0x20, 0x20, 0x20, 0x20, 0x20, 0x20, 0x20, 0x20, 0x69, 0x66, 0x20, 0x28, 0x6d, 0x6f, 0x64, //          if (mod
	0x28, 0x66, 0x6c, 0x6f, 0x6f, 0x72, 0x28, 0x5f, 0x37, 0x38, 0x34, 0x20, 0x2f, 0x20, 0x5f, 0x37, // (floor(_784 / _7
	0x38, 0x37, 0x29, 0x2c, 0x20, 0x32, 0x2e, 0x30, 0x29, 0x20, 0x3d, 0x3d, 0x20, 0x31, 0x2e, 0x30, // 87), 2.0) == 1.0
	0x29, 0x0a, 0x20, 0x20, 0x20, 0x20, 0x20, 0x20, 0x20, 0x20, 0x20, 0x20, 0x20, 0x20, 0x20, 0x20, // ).              
	0x20, 0x20, 0x20, 0x20, 0x20, 0x20, 0x7b, 0x0a, 0x20, 0x20, 0x20, 0x20, 0x20, 0x20, 0x20, 0x20, //       {.        
	0x20, 0x20, 0x20, 0x20, 0x20, 0x20, 0x20, 0x20, 0x20, 0x20, 0x20, 0x20, 0x20, 0x20, 0x20, 0x20, //                 
	0x5f, 0x31, 0x31, 0x37, 0x31, 0x20, 0x3d, 0x20, 0x28, 0x5f, 0x37, 0x38, 0x37, 0x20, 0x2d, 0x20, // _1171 = (_787 - 
	0x31, 0x2e, 0x30, 0x29, 0x20, 0x2d, 0x20, 0x66, 0x6c, 0x6f, 0x6f, 0x72, 0x28, 0x5f, 0x38, 0x33, // 1.0) - floor(_83
	0x39, 0x29, 0x3b, 0x0a, 0x20, 0x20, 0x20, 0x20, 0x20, 0x20, 0x20, 0x20, 0x20, 0x20, 0x20, 0x20, // 9);.            
	0x20, 0x20, 0x20, 0x20, 0x20, 0x20, 0x20, 0x20, 0x7d, 0x0a, 0x20, 0x20, 0x20, 0x20, 0x20, 0x20, //         }.      
	0x20, 0x20, 0x20, 0x20, 0x20, 0x20, 0x20, 0x20, 0x20, 0x20, 0x20, 0x20, 0x20, 0x20, 0x65, 0x6c, //               el
	0x73, 0x65, 0x0a, 0x20, 0x20, 0x20, 0x20, 0x20, 0x20, 0x20, 0x20, 0x20, 0x20, 0x20, 0x20, 0x20, // se.             
	0x20, 0x20, 0x20, 0x20, 0x20, 0x20, 0x20, 0x7b, 0x0a, 0x20, 0x20, 0x20, 0x20, 0x20, 0x20, 0x20, //        {.       
	0x20, 0x20, 0x20, 0x20, 0x20, 0x20, 0x20, 0x20, 0x20, 0x20, 0x20, 0x20, 0x20, 0x20, 0x20, 0x20, //                 
	0x20, 0x5f, 0x31, 0x31, 0x37, 0x31, 0x20, 0x3d, 0x20, 0x5f, 0x38, 0x33, 0x39, 0x3b, 0x0a, 0x20, //  _1171 = _839;. 
	0x20, 0x20, 0x20, 0x20, 0x20, 0x20, 0x20, 0x20, 0x20, 0x20, 0x20, 0x20, 0x20, 0x20, 0x20, 0x20, //                 
	0x20, 0x20, 0x20, 0x7d, 0x0a, 0x20, 0x20, 0x20, 0x20, 0x20, 0x20, 0x20, 0x20, 0x20, 0x20, 0x20, //    }.           
	0x20, 0x20, 0x20, 0x20, 0x20, 0x20, 0x20, 0x20, 0x20, 0x5f, 0x31, 0x31, 0x37, 0x30, 0x20, 0x3d, //          _1170 =
	0x20, 0x5f, 0x31, 0x31, 0x37, 0x31, 0x3b, 0x0a, 0x20, 0x20, 0x20, 0x20, 0x20, 0x20, 0x20, 0x20, //  _1171;.        
	0x20, 0x20, 0x20, 0x20, 0x20, 0x20, 0x20, 0x20, 0x20, 0x20, 0x20, 0x20, 0x5f, 0x31, 0x31, 0x35, //             _115
	0x37, 0x20, 0x3d, 0x20, 0x5f, 0x31, 0x31, 0x35, 0x39, 0x3b, 0x0a, 0x20, 0x20, 0x20, 0x20, 0x20, // 7 = _1159;.     
	0x20, 0x20, 0x20, 0x20, 0x20, 0x20, 0x20, 0x20, 0x20, 0x20, 0x20, 0x7d, 0x0a, 0x20, 0x20, 0x20, //            }.   
	0x20, 0x20, 0x20, 0x20, 0x20, 0x20, 0x20, 0x20, 0x20, 0x20, 0x20, 0x20, 0x20, 0x65, 0x6c, 0x73, //              els
	0x65, 0x0a, 0x20, 0x20, 0x20, 0x20, 0x20, 0x20, 0x20, 0x20, 0x20, 0x20, 0x20, 0x20, 0x20, 0x20, // e.              
	0x20, 0x20, 0x7b, 0x0a, 0x20, 0x20, 0x20, 0x20, 0x20, 0x20, 0x20, 0x20, 0x20, 0x20, 0x20, 0x20, //   {.            
	0x20, 0x20, 0x20, 0x20, 0x20, 0x20, 0x20, 0x20, 0x5f, 0x31, 0x31, 0x37, 0x30, 0x20, 0x3d, 0x20, //         _1170 = 
	0x5f, 0x37, 0x38, 0x34, 0x3b, 0x0a, 0x20, 0x20, 0x20, 0x20, 0x20, 0x20, 0x20, 0x20, 0x20, 0x20, // _784;.          
	0x20, 0x20, 0x20, 0x20, 0x20, 0x20, 0x20, 0x20, 0x20, 0x20, 0x5f, 0x31, 0x31, 0x35, 0x37, 0x20, //           _1157 
	0x3d, 0x20, 0x5f, 0x37, 0x38, 0x31, 0x3b, 0x0a, 0x20, 0x20, 0x20, 0x20, 0x20, 0x20, 0x20, 0x20, // = _781;.        
	0x20, 0x20, 0x20, 0x20, 0x20, 0x20, 0x20, 0x20, 0x7d, 0x0a, 0x20, 0x20, 0x20, 0x20, 0x20, 0x20, //         }.      
	0x20, 0x20, 0x20, 0x20, 0x20, 0x20, 0x20, 0x20, 0x20, 0x20, 0x5f, 0x31, 0x31, 0x36, 0x39, 0x20, //           _1169 
	0x3d, 0x20, 0x5f, 0x31, 0x31, 0x37, 0x30, 0x3b, 0x0a, 0x20, 0x20, 0x20, 0x20, 0x20, 0x20, 0x20, // = _1170;.       
	0x20, 0x20, 0x20, 0x20, 0x20, 0x20, 0x20, 0x20, 0x20, 0x5f, 0x31, 0x31, 0x35, 0x36, 0x20, 0x3d, //          _1156 =
	0x20, 0x5f, 0x31, 0x31, 0x35, 0x37, 0x3b, 0x0a, 0x20, 0x20, 0x20, 0x20, 0x20, 0x20, 0x20, 0x20, //  _1157;.        
	0x20, 0x20, 0x20, 0x20, 0x7d, 0x0a, 0x20, 0x20, 0x20, 0x20, 0x20, 0x20, 0x20, 0x20, 0x20, 0x20, //     }.          
	0x20, 0x20, 0x5f, 0x31, 0x31, 0x36, 0x37, 0x20, 0x3d, 0x20, 0x5f, 0x31, 0x31, 0x36, 0x39, 0x3b, //   _1167 = _1169;
	0x0a, 0x20, 0x20, 0x20, 0x20, 0x20, 0x20, 0x20, 0x20, 0x20, 0x20, 0x20, 0x20, 0x5f, 0x31, 0x31, // .            _11
	0x35, 0x34, 0x20, 0x3d, 0x20, 0x5f, 0x31, 0x31, 0x35, 0x36, 0x3b, 0x0a, 0x20, 0x20, 0x20, 0x20, // 54 = _1156;.    
	0x20, 0x20, 0x20, 0x20, 0x7d, 0x0a, 0x20, 0x20, 0x20, 0x20, 0x20, 0x20, 0x20, 0x20, 0x5f, 0x36, //     }.        _6
	0x39, 0x35, 0x2e, 0x79, 0x20, 0x3d, 0x20, 0x75, 0x5f, 0x6d, 0x55, 0x56, 0x49, 0x6e, 0x76, 0x65, // 95.y = u_mUVInve
	0x72, 0x73, 0x65, 0x64, 0x2e, 0x78, 0x20, 0x2b, 0x20, 0x28, 0x75, 0x5f, 0x6d, 0x55, 0x56, 0x49, // rsed.x + (u_mUVI
	0x6e, 0x76, 0x65, 0x72, 0x73, 0x65, 0x64, 0x2e, 0x79, 0x20, 0x2a, 0x20, 0x5f, 0x35, 0x37, 0x37, // nversed.y * _577
	0x29, 0x3b, 0x0a, 0x20, 0x20, 0x20, 0x20, 0x20, 0x20, 0x20, 0x20, 0x69, 0x6e, 0x74, 0x20, 0x5f, // );.        int _
	0x38, 0x39, 0x38, 0x20, 0x3d, 0x20, 0x69, 0x6e, 0x74, 0x28, 0x5f, 0x31, 0x31, 0x35, 0x34, 0x29, // 898 = int(_1154)
	0x3b, 0x0a, 0x20, 0x20, 0x20, 0x20, 0x20, 0x20, 0x20, 0x20, 0x69, 0x6e, 0x74, 0x20, 0x5f, 0x39, // ;.        int _9
	0x30, 0x31, 0x20, 0x3d, 0x20, 0x69, 0x6e, 0x74, 0x28, 0x75, 0x5f, 0x66, 0x6c, 0x69, 0x70, 0x62, // 01 = int(u_flipb
	0x6f, 0x6f, 0x6b, 0x50, 0x61, 0x72, 0x61, 0x6d, 0x65, 0x74, 0x65, 0x72, 0x31, 0x2e, 0x7a, 0x29, // ookParameter1.z)
	0x3b, 0x0a, 0x20, 0x20, 0x20, 0x20, 0x20, 0x20, 0x20, 0x20, 0x66, 0x6c, 0x6f, 0x61, 0x74, 0x20, // ;.        float 
	0x5f, 0x39, 0x30, 0x32, 0x20, 0x3d, 0x20, 0x66, 0x6c, 0x6f, 0x61, 0x74, 0x28, 0x5f, 0x39, 0x30, // _902 = float(_90
	0x31, 0x29, 0x3b, 0x0a, 0x20, 0x20, 0x20, 0x20, 0x20, 0x20, 0x20, 0x20, 0x69, 0x6e, 0x74, 0x20, // 1);.        int 
	0x5f, 0x39, 0x32, 0x34, 0x20, 0x3d, 0x20, 0x69, 0x6e, 0x74, 0x28, 0x5f, 0x31, 0x31, 0x36, 0x37, // _924 = int(_1167
	0x29, 0x3b, 0x0a, 0x20, 0x20, 0x20, 0x20, 0x20, 0x20, 0x20, 0x20, 0x76, 0x65, 0x63, 0x32, 0x20, // );.        vec2 
	0x5f, 0x39, 0x34, 0x34, 0x20, 0x3d, 0x20, 0x28, 0x28, 0x5f, 0x36, 0x39, 0x35, 0x20, 0x2d, 0x20, // _944 = ((_695 - 
	0x28, 0x28, 0x76, 0x65, 0x63, 0x32, 0x28, 0x6d, 0x6f, 0x64, 0x28, 0x66, 0x6c, 0x6f, 0x61, 0x74, // ((vec2(mod(float
	0x28, 0x5f, 0x38, 0x39, 0x38, 0x29, 0x2c, 0x20, 0x5f, 0x39, 0x30, 0x32, 0x29, 0x2c, 0x20, 0x66, // (_898), _902), f
	0x6c, 0x6f, 0x61, 0x74, 0x28, 0x5f, 0x38, 0x39, 0x38, 0x20, 0x2f, 0x20, 0x5f, 0x39, 0x30, 0x31, // loat(_898 / _901
	0x29, 0x29, 0x20, 0x2a, 0x20, 0x75, 0x5f, 0x66, 0x6c, 0x69, 0x70, 0x62, 0x6f, 0x6f, 0x6b, 0x50, // )) * u_flipbookP
	0x61, 0x72, 0x61, 0x6d, 0x65, 0x74, 0x65, 0x72, 0x32, 0x2e, 0x78, 0x79, 0x29, 0x20, 0x2b, 0x20, // arameter2.xy) + 
	0x75, 0x5f, 0x66, 0x6c, 0x69, 0x70, 0x62, 0x6f, 0x6f, 0x6b, 0x50, 0x61, 0x72, 0x61, 0x6d, 0x65, // u_flipbookParame
	0x74, 0x65, 0x72, 0x32, 0x2e, 0x7a, 0x77, 0x29, 0x29, 0x20, 0x2b, 0x20, 0x28, 0x76, 0x65, 0x63, // ter2.zw)) + (vec
	0x32, 0x28, 0x6d, 0x6f, 0x64, 0x28, 0x66, 0x6c, 0x6f, 0x61, 0x74, 0x28, 0x5f, 0x39, 0x32, 0x34, // 2(mod(float(_924
	0x29, 0x2c, 0x20, 0x5f, 0x39, 0x30, 0x32, 0x29, 0x2c, 0x20, 0x66, 0x6c, 0x6f, 0x61, 0x74, 0x28, // ), _902), float(
	0x5f, 0x39, 0x32, 0x34, 0x20, 0x2f, 0x20, 0x5f, 0x39, 0x30, 0x31, 0x29, 0x29, 0x20, 0x2a, 0x20, // _924 / _901)) * 
	0x75, 0x5f, 0x66, 0x6c, 0x69, 0x70, 0x62, 0x6f, 0x6f, 0x6b, 0x50, 0x61, 0x72, 0x61, 0x6d, 0x65, // u_flipbookParame
	0x74, 0x65, 0x72, 0x32, 0x2e, 0x78, 0x79, 0x29, 0x29, 0x20, 0x2b, 0x20, 0x75, 0x5f, 0x66, 0x6c, // ter2.xy)) + u_fl
	0x69, 0x70, 0x62, 0x6f, 0x6f, 0x6b, 0x50, 0x61, 0x72, 0x61, 0x6d, 0x65, 0x74, 0x65, 0x72, 0x32, // ipbookParameter2
	0x2e, 0x7a, 0x77, 0x3b, 0x0a, 0x20, 0x20, 0x20, 0x20, 0x20, 0x20, 0x20, 0x20, 0x5f, 0x39, 0x34, // .zw;.        _94
	0x34, 0x2e, 0x79, 0x20, 0x3d, 0x20, 0x75, 0x5f, 0x6d, 0x55, 0x56, 0x49, 0x6e, 0x76, 0x65, 0x72, // 4.y = u_mUVInver
	0x73, 0x65, 0x64, 0x2e, 0x78, 0x20, 0x2b, 0x20, 0x28, 0x75, 0x5f, 0x6d, 0x55, 0x56, 0x49, 0x6e, // sed.x + (u_mUVIn
	0x76, 0x65, 0x72, 0x73, 0x65, 0x64, 0x2e, 0x79, 0x20, 0x2a, 0x20, 0x5f, 0x39, 0x34, 0x34, 0x2e, // versed.y * _944.
	0x79, 0x29, 0x3b, 0x0a, 0x20, 0x20, 0x20, 0x20, 0x20, 0x20, 0x20, 0x20, 0x5f, 0x31, 0x31, 0x38, // y);.        _118
	0x35, 0x20, 0x3d, 0x20, 0x5f, 0x39, 0x34, 0x34, 0x3b, 0x0a, 0x20, 0x20, 0x20, 0x20, 0x20, 0x20, // 5 = _944;.      
	0x20, 0x20, 0x5f, 0x31, 0x31, 0x37, 0x38, 0x20, 0x3d, 0x20, 0x66, 0x72, 0x61, 0x63, 0x74, 0x28, //   _1178 = fract(
	0x61, 0x5f, 0x74, 0x65, 0x78, 0x63, 0x6f, 0x6f, 0x72, 0x64, 0x34, 0x29, 0x3b, 0x0a, 0x20, 0x20, // a_texcoord4);.  
	0x20, 0x20, 0x7d, 0x0a, 0x20, 0x20, 0x20, 0x20, 0x65, 0x6c, 0x73, 0x65, 0x0a, 0x20, 0x20, 0x20, //   }.    else.   
	0x20, 0x7b, 0x0a, 0x20, 0x20, 0x20, 0x20, 0x20, 0x20, 0x20, 0x20, 0x5f, 0x31, 0x31, 0x38, 0x35, //  {.        _1185
	0x20, 0x3d, 0x20, 0x76, 0x65, 0x63, 0x32, 0x28, 0x30, 0x2e, 0x30, 0x29, 0x3b, 0x0a, 0x20, 0x20, //  = vec2(0.0);.  
	0x20, 0x20, 0x20, 0x20, 0x20, 0x20, 0x5f, 0x31, 0x31, 0x37, 0x38, 0x20, 0x3d, 0x20, 0x30, 0x2e, //       _1178 = 0.
	0x30, 0x3b, 0x0a, 0x20, 0x20, 0x20, 0x20, 0x7d, 0x0a, 0x20, 0x20, 0x20, 0x20, 0x67, 0x6c, 0x5f, // 0;.    }.    gl_
	0x50, 0x6f, 0x73, 0x69, 0x74, 0x69, 0x6f, 0x6e, 0x20, 0x3d, 0x20, 0x5f, 0x35, 0x39, 0x34, 0x3b, // Position = _594;
	0x0a, 0x20, 0x20, 0x20, 0x20, 0x76, 0x5f, 0x43, 0x6f, 0x6c, 0x6f, 0x72, 0x20, 0x3d, 0x20, 0x61, // .    v_Color = a
	0x5f, 0x63, 0x6f, 0x6c, 0x6f, 0x72, 0x30, 0x3b, 0x0a, 0x20, 0x20, 0x20, 0x20, 0x76, 0x5f, 0x55, // _color0;.    v_U
	0x56, 0x5f, 0x4f, 0x74, 0x68, 0x65, 0x72, 0x73, 0x20, 0x3d, 0x20, 0x76, 0x65, 0x63, 0x34, 0x28, // V_Others = vec4(
	0x61, 0x5f, 0x74, 0x65, 0x78, 0x63, 0x6f, 0x6f, 0x72, 0x64, 0x30, 0x2e, 0x78, 0x2c, 0x20, 0x5f, // a_texcoord0.x, _
	0x35, 0x37, 0x37, 0x2c, 0x20, 0x5f, 0x31, 0x31, 0x37, 0x38, 0x2c, 0x20, 0x61, 0x5f, 0x74, 0x65, // 577, _1178, a_te
	0x78, 0x63, 0x6f, 0x6f, 0x72, 0x64, 0x35, 0x29, 0x3b, 0x0a, 0x20, 0x20, 0x20, 0x20, 0x76, 0x5f, // xcoord5);.    v_
	0x57, 0x6f, 0x72, 0x6c, 0x64, 0x4e, 0x20, 0x3d, 0x20, 0x76, 0x65, 0x63, 0x33, 0x28, 0x30, 0x2e, // WorldN = vec3(0.
	0x30, 0x29, 0x3b, 0x0a, 0x20, 0x20, 0x20, 0x20, 0x76, 0x5f, 0x41, 0x6c, 0x70, 0x68, 0x61, 0x5f, // 0);.    v_Alpha_
	0x44, 0x69, 0x73, 0x74, 0x5f, 0x55, 0x56, 0x20, 0x3d, 0x20, 0x5f, 0x31, 0x31, 0x30, 0x32, 0x3b, // Dist_UV = _1102;
	0x0a, 0x20, 0x20, 0x20, 0x20, 0x76, 0x5f, 0x42, 0x6c, 0x65, 0x6e, 0x64, 0x5f, 0x41, 0x6c, 0x70, // .    v_Blend_Alp
	0x68, 0x61, 0x5f, 0x44, 0x69, 0x73, 0x74, 0x5f, 0x55, 0x56, 0x20, 0x3d, 0x20, 0x5f, 0x31, 0x31, // ha_Dist_UV = _11
	0x31, 0x37, 0x3b, 0x0a, 0x20, 0x20, 0x20, 0x20, 0x76, 0x5f, 0x42, 0x6c, 0x65, 0x6e, 0x64, 0x5f, // 17;.    v_Blend_
	0x46, 0x42, 0x4e, 0x65, 0x78, 0x74, 0x49, 0x6e, 0x64, 0x65, 0x78, 0x5f, 0x55, 0x56, 0x20, 0x3d, // FBNextIndex_UV =
	0x20, 0x76, 0x65, 0x63, 0x34, 0x28, 0x61, 0x5f, 0x74, 0x65, 0x78, 0x63, 0x6f, 0x6f, 0x72, 0x64, //  vec4(a_texcoord
	0x32, 0x2e, 0x78, 0x2c, 0x20, 0x75, 0x5f, 0x6d, 0x55, 0x56, 0x49, 0x6e, 0x76, 0x65, 0x72, 0x73, // 2.x, u_mUVInvers
	0x65, 0x64, 0x2e, 0x78, 0x20, 0x2b, 0x20, 0x28, 0x75, 0x5f, 0x6d, 0x55, 0x56, 0x49, 0x6e, 0x76, // ed.x + (u_mUVInv
	0x65, 0x72, 0x73, 0x65, 0x64, 0x2e, 0x79, 0x20, 0x2a, 0x20, 0x61, 0x5f, 0x74, 0x65, 0x78, 0x63, // ersed.y * a_texc
	0x6f, 0x6f, 0x72, 0x64, 0x32, 0x2e, 0x79, 0x29, 0x2c, 0x20, 0x5f, 0x31, 0x31, 0x38, 0x35, 0x29, // oord2.y), _1185)
	0x3b, 0x0a, 0x20, 0x20, 0x20, 0x20, 0x76, 0x5f, 0x50, 0x6f, 0x73, 0x50, 0x20, 0x3d, 0x20, 0x5f, // ;.    v_PosP = _
	0x35, 0x39, 0x34, 0x3b, 0x0a, 0x7d, 0x0a, 0x0a, 0x00,                                           // 594;.}...
};
static const uint8_t ad_sprite_unlit_vs_spv[6024] =
{
	0x56, 0x53, 0x48, 0x0c, 0x00, 0x00, 0x00, 0x00, 0xf6, 0x96, 0xa7, 0xb8, 0x00, 0x00, 0x00, 0x00, // VSH.............
	0x00, 0x00, 0x00, 0x00, 0x04, 0x00, 0x0d, 0x75, 0x5f, 0x6d, 0x55, 0x56, 0x49, 0x6e, 0x76, 0x65, // .......u_mUVInve
	0x72, 0x73, 0x65, 0x64, 0x02, 0x01, 0x40, 0x00, 0x01, 0x00, 0x00, 0x00, 0x00, 0x00, 0x14, 0x75, // rsed..@........u
	0x5f, 0x66, 0x6c, 0x69, 0x70, 0x62, 0x6f, 0x6f, 0x6b, 0x50, 0x61, 0x72, 0x61, 0x6d, 0x65, 0x74, // _flipbookParamet
	0x65, 0x72, 0x31, 0x02, 0x01, 0x50, 0x00, 0x01, 0x00, 0x00, 0x00, 0x00, 0x00, 0x14, 0x75, 0x5f, // er1..P........u_
	0x66, 0x6c, 0x69, 0x70, 0x62, 0x6f, 0x6f, 0x6b, 0x50, 0x61, 0x72, 0x61, 0x6d, 0x65, 0x74, 0x65, // flipbookParamete
	0x72, 0x32, 0x02, 0x01, 0x60, 0x00, 0x01, 0x00, 0x00, 0x00, 0x00, 0x00, 0x0d, 0x75, 0x5f, 0x6d, // r2..`........u_m
	0x43, 0x61, 0x6d, 0x65, 0x72, 0x61, 0x50, 0x72, 0x6f, 0x6a, 0x04, 0x01, 0x00, 0x00, 0x04, 0x00, // CameraProj......
	0x00, 0x00, 0x00, 0x00, 0xec, 0x16, 0x00, 0x00, 0x03, 0x02, 0x23, 0x07, 0x00, 0x00, 0x01, 0x00, // ..........#.....
	0x0b, 0x00, 0x08, 0x00, 0xcc, 0x05, 0x00, 0x00, 0x00, 0x00, 0x00, 0x00, 0x11, 0x00, 0x02, 0x00, // ................
	0x01, 0x00, 0x00, 0x00, 0x0b, 0x00, 0x06, 0x00, 0x01, 0x00, 0x00, 0x00, 0x47, 0x4c, 0x53, 0x4c, // ............GLSL
	0x2e, 0x73, 0x74, 0x64, 0x2e, 0x34, 0x35, 0x30, 0x00, 0x00, 0x00, 0x00, 0x0e, 0x00, 0x03, 0x00, // .std.450........
	0x00, 0x00, 0x00, 0x00, 0x01, 0x00, 0x00, 0x00, 0x0f, 0x00, 0x15, 0x00, 0x00, 0x00, 0x00, 0x00, // ................
	0x04, 0x00, 0x00, 0x00, 0x6d, 0x61, 0x69, 0x6e, 0x00, 0x00, 0x00, 0x00, 0x3e, 0x02, 0x00, 0x00, // ....main....>...
	0x42, 0x02, 0x00, 0x00, 0x46, 0x02, 0x00, 0x00, 0x49, 0x02, 0x00, 0x00, 0x4c, 0x02, 0x00, 0x00, // B...F...I...L...
	0x4f, 0x02, 0x00, 0x00, 0x53, 0x02, 0x00, 0x00, 0x56, 0x02, 0x00, 0x00, 0x6b, 0x02, 0x00, 0x00, // O...S...V...k...
	0x6e, 0x02, 0x00, 0x00, 0x71, 0x02, 0x00, 0x00, 0x74, 0x02, 0x00, 0x00, 0x77, 0x02, 0x00, 0x00, // n...q...t...w...
	0x7a, 0x02, 0x00, 0x00, 0x7d, 0x02, 0x00, 0x00, 0x81, 0x02, 0x00, 0x00, 0x03, 0x00, 0x03, 0x00, // z...}...........
	0x05, 0x00, 0x00, 0x00, 0xf4, 0x01, 0x00, 0x00, 0x05, 0x00, 0x04, 0x00, 0x04, 0x00, 0x00, 0x00, // ................
	0x6d, 0x61, 0x69, 0x6e, 0x00, 0x00, 0x00, 0x00, 0x05, 0x00, 0x06, 0x00, 0x56, 0x01, 0x00, 0x00, // main........V...
	0x55, 0x6e, 0x69, 0x66, 0x6f, 0x72, 0x6d, 0x42, 0x6c, 0x6f, 0x63, 0x6b, 0x00, 0x00, 0x00, 0x00, // UniformBlock....
	0x06, 0x00, 0x07, 0x00, 0x56, 0x01, 0x00, 0x00, 0x00, 0x00, 0x00, 0x00, 0x75, 0x5f, 0x6d, 0x43, // ....V.......u_mC
	0x61, 0x6d, 0x65, 0x72, 0x61, 0x50, 0x72, 0x6f, 0x6a, 0x00, 0x00, 0x00, 0x06, 0x00, 0x07, 0x00, // ameraProj.......
	0x56, 0x01, 0x00, 0x00, 0x01, 0x00, 0x00, 0x00, 0x75, 0x5f, 0x6d, 0x55, 0x56, 0x49, 0x6e, 0x76, // V.......u_mUVInv
	0x65, 0x72, 0x73, 0x65, 0x64, 0x00, 0x00, 0x00, 0x06, 0x00, 0x09, 0x00, 0x56, 0x01, 0x00, 0x00, // ersed.......V...
	0x02, 0x00, 0x00, 0x00, 0x75, 0x5f, 0x66, 0x6c, 0x69, 0x70, 0x62, 0x6f, 0x6f, 0x6b, 0x50, 0x61, // ....u_flipbookPa
	0x72, 0x61, 0x6d, 0x65, 0x74, 0x65, 0x72, 0x31, 0x00, 0x00, 0x00, 0x00, 0x06, 0x00, 0x09, 0x00, // rameter1........
	0x56, 0x01, 0x00, 0x00, 0x03, 0x00, 0x00, 0x00, 0x75, 0x5f, 0x66, 0x6c, 0x69, 0x70, 0x62, 0x6f, // V.......u_flipbo
	0x6f, 0x6b, 0x50, 0x61, 0x72, 0x61, 0x6d, 0x65, 0x74, 0x65, 0x72, 0x32, 0x00, 0x00, 0x00, 0x00, // okParameter2....
	0x05, 0x00, 0x03, 0x00, 0x58, 0x01, 0x00, 0x00, 0x00, 0x00, 0x00, 0x00, 0x05, 0x00, 0x05, 0x00, // ....X...........
	0x3e, 0x02, 0x00, 0x00, 0x61, 0x5f, 0x63, 0x6f, 0x6c, 0x6f, 0x72, 0x30, 0x00, 0x00, 0x00, 0x00, // >...a_color0....
	0x05, 0x00, 0x05, 0x00, 0x42, 0x02, 0x00, 0x00, 0x61, 0x5f, 0x70, 0x6f, 0x73, 0x69, 0x74, 0x69, // ....B...a_positi
	0x6f, 0x6e, 0x00, 0x00, 0x05, 0x00, 0x05, 0x00, 0x46, 0x02, 0x00, 0x00, 0x61, 0x5f, 0x74, 0x65, // on......F...a_te
	0x78, 0x63, 0x6f, 0x6f, 0x72, 0x64, 0x30, 0x00, 0x05, 0x00, 0x05, 0x00, 0x49, 0x02, 0x00, 0x00, // xcoord0.....I...
	0x61, 0x5f, 0x74, 0x65, 0x78, 0x63, 0x6f, 0x6f, 0x72, 0x64, 0x31, 0x00, 0x05, 0x00, 0x05, 0x00, // a_texcoord1.....
	0x4c, 0x02, 0x00, 0x00, 0x61, 0x5f, 0x74, 0x65, 0x78, 0x63, 0x6f, 0x6f, 0x72, 0x64, 0x32, 0x00, // L...a_texcoord2.
	0x05, 0x00, 0x05, 0x00, 0x4f, 0x02, 0x00, 0x00, 0x61, 0x5f, 0x74, 0x65, 0x78, 0x63, 0x6f, 0x6f, // ....O...a_texcoo
	0x72, 0x64, 0x33, 0x00, 0x05, 0x00, 0x05, 0x00, 0x53, 0x02, 0x00, 0x00, 0x61, 0x5f, 0x74, 0x65, // rd3.....S...a_te
	0x78, 0x63, 0x6f, 0x6f, 0x72, 0x64, 0x34, 0x00, 0x05, 0x00, 0x05, 0x00, 0x56, 0x02, 0x00, 0x00, // xcoord4.....V...
	0x61, 0x5f, 0x74, 0x65, 0x78, 0x63, 0x6f, 0x6f, 0x72, 0x64, 0x35, 0x00, 0x05, 0x00, 0x0a, 0x00, // a_texcoord5.....
	0x6b, 0x02, 0x00, 0x00, 0x40, 0x65, 0x6e, 0x74, 0x72, 0x79, 0x50, 0x6f, 0x69, 0x6e, 0x74, 0x4f, // k...@entryPointO
	0x75, 0x74, 0x70, 0x75, 0x74, 0x2e, 0x67, 0x6c, 0x5f, 0x50, 0x6f, 0x73, 0x69, 0x74, 0x69, 0x6f, // utput.gl_Positio
	0x6e, 0x00, 0x00, 0x00, 0x05, 0x00, 0x0b, 0x00, 0x6e, 0x02, 0x00, 0x00, 0x40, 0x65, 0x6e, 0x74, // n.......n...@ent
	0x72, 0x79, 0x50, 0x6f, 0x69, 0x6e, 0x74, 0x4f, 0x75, 0x74, 0x70, 0x75, 0x74, 0x2e, 0x76, 0x5f, // ryPointOutput.v_
	0x41, 0x6c, 0x70, 0x68, 0x61, 0x5f, 0x44, 0x69, 0x73, 0x74, 0x5f, 0x55, 0x56, 0x00, 0x00, 0x00, // Alpha_Dist_UV...
	0x05, 0x00, 0x0c, 0x00, 0x71, 0x02, 0x00, 0x00, 0x40, 0x65, 0x6e, 0x74, 0x72, 0x79, 0x50, 0x6f, // ....q...@entryPo
	0x69, 0x6e, 0x74, 0x4f, 0x75, 0x74, 0x70, 0x75, 0x74, 0x2e, 0x76, 0x5f, 0x42, 0x6c, 0x65, 0x6e, // intOutput.v_Blen
	0x64, 0x5f, 0x41, 0x6c, 0x70, 0x68, 0x61, 0x5f, 0x44, 0x69, 0x73, 0x74, 0x5f, 0x55, 0x56, 0x00, // d_Alpha_Dist_UV.
	0x05, 0x00, 0x0d, 0x00, 0x74, 0x02, 0x00, 0x00, 0x40, 0x65, 0x6e, 0x74, 0x72, 0x79, 0x50, 0x6f, // ....t...@entryPo
	0x69, 0x6e, 0x74, 0x4f, 0x75, 0x74, 0x70, 0x75, 0x74, 0x2e, 0x76, 0x5f, 0x42, 0x6c, 0x65, 0x6e, // intOutput.v_Blen
	0x64, 0x5f, 0x46, 0x42, 0x4e, 0x65, 0x78, 0x74, 0x49, 0x6e, 0x64, 0x65, 0x78, 0x5f, 0x55, 0x56, // d_FBNextIndex_UV
	0x00, 0x00, 0x00, 0x00, 0x05, 0x00, 0x09, 0x00, 0x77, 0x02, 0x00, 0x00, 0x40, 0x65, 0x6e, 0x74, // ........w...@ent
	0x72, 0x79, 0x50, 0x6f, 0x69, 0x6e, 0x74, 0x4f, 0x75, 0x74, 0x70, 0x75, 0x74, 0x2e, 0x76, 0x5f, // ryPointOutput.v_
	0x43, 0x6f, 0x6c, 0x6f, 0x72, 0x00, 0x00, 0x00, 0x05, 0x00, 0x09, 0x00, 0x7a, 0x02, 0x00, 0x00, // Color.......z...
	0x40, 0x65, 0x6e, 0x74, 0x72, 0x79, 0x50, 0x6f, 0x69, 0x6e, 0x74, 0x4f, 0x75, 0x74, 0x70, 0x75, // @entryPointOutpu
	0x74, 0x2e, 0x76, 0x5f, 0x50, 0x6f, 0x73, 0x50, 0x00, 0x00, 0x00, 0x00, 0x05, 0x00, 0x0a, 0x00, // t.v_PosP........
	0x7d, 0x02, 0x00, 0x00, 0x40, 0x65, 0x6e, 0x74, 0x72, 0x79, 0x50, 0x6f, 0x69, 0x6e, 0x74, 0x4f, // }...@entryPointO
	0x75, 0x74, 0x70, 0x75, 0x74, 0x2e, 0x76, 0x5f, 0x55, 0x56, 0x5f, 0x4f, 0x74, 0x68, 0x65, 0x72, // utput.v_UV_Other
	0x73, 0x00, 0x00, 0x00, 0x05, 0x00, 0x09, 0x00, 0x81, 0x02, 0x00, 0x00, 0x40, 0x65, 0x6e, 0x74, // s...........@ent
	0x72, 0x79, 0x50, 0x6f, 0x69, 0x6e, 0x74, 0x4f, 0x75, 0x74, 0x70, 0x75, 0x74, 0x2e, 0x76, 0x5f, // ryPointOutput.v_
	0x57, 0x6f, 0x72, 0x6c, 0x64, 0x4e, 0x00, 0x00, 0x47, 0x00, 0x03, 0x00, 0x56, 0x01, 0x00, 0x00, // WorldN..G...V...
	0x02, 0x00, 0x00, 0x00, 0x48, 0x00, 0x04, 0x00, 0x56, 0x01, 0x00, 0x00, 0x00, 0x00, 0x00, 0x00, // ....H...V.......
	0x04, 0x00, 0x00, 0x00, 0x48, 0x00, 0x05, 0x00, 0x56, 0x01, 0x00, 0x00, 0x00, 0x00, 0x00, 0x00, // ....H...V.......
	0x07, 0x00, 0x00, 0x00, 0x10, 0x00, 0x00, 0x00, 0x48, 0x00, 0x05, 0x00, 0x56, 0x01, 0x00, 0x00, // ........H...V...
	0x00, 0x00, 0x00, 0x00, 0x23, 0x00, 0x00, 0x00, 0x00, 0x00, 0x00, 0x00, 0x48, 0x00, 0x05, 0x00, // ....#.......H...
	0x56, 0x01, 0x00, 0x00, 0x01, 0x00, 0x00, 0x00, 0x23, 0x00, 0x00, 0x00, 0x40, 0x00, 0x00, 0x00, // V.......#...@...
	0x48, 0x00, 0x05, 0x00, 0x56, 0x01, 0x00, 0x00, 0x02, 0x00, 0x00, 0x00, 0x23, 0x00, 0x00, 0x00, // H...V.......#...
	0x50, 0x00, 0x00, 0x00, 0x48, 0x00, 0x05, 0x00, 0x56, 0x01, 0x00, 0x00, 0x03, 0x00, 0x00, 0x00, // P...H...V.......
	0x23, 0x00, 0x00, 0x00, 0x60, 0x00, 0x00, 0x00, 0x47, 0x00, 0x04, 0x00, 0x58, 0x01, 0x00, 0x00, // #...`...G...X...
	0x21, 0x00, 0x00, 0x00, 0x00, 0x00, 0x00, 0x00, 0x47, 0x00, 0x04, 0x00, 0x58, 0x01, 0x00, 0x00, // !.......G...X...
	0x22, 0x00, 0x00, 0x00, 0x00, 0x00, 0x00, 0x00, 0x47, 0x00, 0x04, 0x00, 0x3e, 0x02, 0x00, 0x00, // ".......G...>...
	0x1e, 0x00, 0x00, 0x00, 0x00, 0x00, 0x00, 0x00, 0x47, 0x00, 0x04, 0x00, 0x42, 0x02, 0x00, 0x00, // ........G...B...
	0x1e, 0x00, 0x00, 0x00, 0x01, 0x00, 0x00, 0x00, 0x47, 0x00, 0x04, 0x00, 0x46, 0x02, 0x00, 0x00, // ........G...F...
	0x1e, 0x00, 0x00, 0x00, 0x02, 0x00, 0x00, 0x00, 0x47, 0x00, 0x04, 0x00, 0x49, 0x02, 0x00, 0x00, // ........G...I...
	0x1e, 0x00, 0x00, 0x00, 0x03, 0x00, 0x00, 0x00, 0x47, 0x00, 0x04, 0x00, 0x4c, 0x02, 0x00, 0x00, // ........G...L...
	0x1e, 0x00, 0x00, 0x00, 0x04, 0x00, 0x00, 0x00, 0x47, 0x00, 0x04, 0x00, 0x4f, 0x02, 0x00, 0x00, // ........G...O...
	0x1e, 0x00, 0x00, 0x00, 0x05, 0x00, 0x00, 0x00, 0x47, 0x00, 0x04, 0x00, 0x53, 0x02, 0x00, 0x00, // ........G...S...
	0x1e, 0x00, 0x00, 0x00, 0x06, 0x00, 0x00, 0x00, 0x47, 0x00, 0x04, 0x00, 0x56, 0x02, 0x00, 0x00, // ........G...V...
	0x1e, 0x00, 0x00, 0x00, 0x07, 0x00, 0x00, 0x00, 0x47, 0x00, 0x04, 0x00, 0x6b, 0x02, 0x00, 0x00, // ........G...k...
	0x0b, 0x00, 0x00, 0x00, 0x00, 0x00, 0x00, 0x00, 0x47, 0x00, 0x04, 0x00, 0x6e, 0x02, 0x00, 0x00, // ........G...n...
	0x1e, 0x00, 0x00, 0x00, 0x00, 0x00, 0x00, 0x00, 0x47, 0x00, 0x04, 0x00, 0x71, 0x02, 0x00, 0x00, // ........G...q...
	0x1e, 0x00, 0x00, 0x00, 0x01, 0x00, 0x00, 0x00, 0x47, 0x00, 0x04, 0x00, 0x74, 0x02, 0x00, 0x00, // ........G...t...
	0x1e, 0x00, 0x00, 0x00, 0x02, 0x00, 0x00, 0x00, 0x47, 0x00, 0x04, 0x00, 0x77, 0x02, 0x00, 0x00, // ........G...w...
	0x1e, 0x00, 0x00, 0x00, 0x03, 0x00, 0x00, 0x00, 0x47, 0x00, 0x04, 0x00, 0x7a, 0x02, 0x00, 0x00, // ........G...z...
	0x1e, 0x00, 0x00, 0x00, 0x04, 0x00, 0x00, 0x00, 0x47, 0x00, 0x04, 0x00, 0x7d, 0x02, 0x00, 0x00, // ........G...}...
	0x1e, 0x00, 0x00, 0x00, 0x05, 0x00, 0x00, 0x00, 0x47, 0x00, 0x04, 0x00, 0x81, 0x02, 0x00, 0x00, // ........G.......
	0x1e, 0x00, 0x00, 0x00, 0x06, 0x00, 0x00, 0x00, 0x13, 0x00, 0x02, 0x00, 0x02, 0x00, 0x00, 0x00, // ................
	0x21, 0x00, 0x03, 0x00, 0x03, 0x00, 0x00, 0x00, 0x02, 0x00, 0x00, 0x00, 0x16, 0x00, 0x03, 0x00, // !...............
	0x06, 0x00, 0x00, 0x00, 0x20, 0x00, 0x00, 0x00, 0x17, 0x00, 0x04, 0x00, 0x0d, 0x00, 0x00, 0x00, // .... ...........
	0x06, 0x00, 0x00, 0x00, 0x02, 0x00, 0x00, 0x00, 0x17, 0x00, 0x04, 0x00, 0x26, 0x00, 0x00, 0x00, // ............&...
	0x06, 0x00, 0x00, 0x00, 0x04, 0x00, 0x00, 0x00, 0x17, 0x00, 0x04, 0x00, 0x32, 0x00, 0x00, 0x00, // ............2...
	0x06, 0x00, 0x00, 0x00, 0x03, 0x00, 0x00, 0x00, 0x15, 0x00, 0x04, 0x00, 0x60, 0x00, 0x00, 0x00, // ............`...
	0x20, 0x00, 0x00, 0x00, 0x01, 0x00, 0x00, 0x00, 0x15, 0x00, 0x04, 0x00, 0x69, 0x00, 0x00, 0x00, //  ...........i...
	0x20, 0x00, 0x00, 0x00, 0x00, 0x00, 0x00, 0x00, 0x2b, 0x00, 0x04, 0x00, 0x69, 0x00, 0x00, 0x00, //  .......+...i...
	0x6a, 0x00, 0x00, 0x00, 0x00, 0x00, 0x00, 0x00, 0x2b, 0x00, 0x04, 0x00, 0x69, 0x00, 0x00, 0x00, // j.......+...i...
	0x72, 0x00, 0x00, 0x00, 0x01, 0x00, 0x00, 0x00, 0x2b, 0x00, 0x04, 0x00, 0x69, 0x00, 0x00, 0x00, // r.......+...i...
	0xa1, 0x00, 0x00, 0x00, 0x02, 0x00, 0x00, 0x00, 0x2b, 0x00, 0x04, 0x00, 0x69, 0x00, 0x00, 0x00, // ........+...i...
	0xa5, 0x00, 0x00, 0x00, 0x03, 0x00, 0x00, 0x00, 0x2b, 0x00, 0x04, 0x00, 0x06, 0x00, 0x00, 0x00, // ........+.......
	0xaf, 0x00, 0x00, 0x00, 0x00, 0x00, 0x00, 0x00, 0x14, 0x00, 0x02, 0x00, 0xb0, 0x00, 0x00, 0x00, // ................
	0x2b, 0x00, 0x04, 0x00, 0x06, 0x00, 0x00, 0x00, 0xba, 0x00, 0x00, 0x00, 0x00, 0x00, 0x80, 0x3f, // +..............?
	0x2b, 0x00, 0x04, 0x00, 0x06, 0x00, 0x00, 0x00, 0xe1, 0x00, 0x00, 0x00, 0x00, 0x00, 0x00, 0x40, // +..............@
	0x2b, 0x00, 0x04, 0x00, 0x60, 0x00, 0x00, 0x00, 0x51, 0x01, 0x00, 0x00, 0x03, 0x00, 0x00, 0x00, // +...`...Q.......
	0x18, 0x00, 0x04, 0x00, 0x55, 0x01, 0x00, 0x00, 0x26, 0x00, 0x00, 0x00, 0x04, 0x00, 0x00, 0x00, // ....U...&.......
	0x1e, 0x00, 0x06, 0x00, 0x56, 0x01, 0x00, 0x00, 0x55, 0x01, 0x00, 0x00, 0x26, 0x00, 0x00, 0x00, // ....V...U...&...
	0x26, 0x00, 0x00, 0x00, 0x26, 0x00, 0x00, 0x00, 0x20, 0x00, 0x04, 0x00, 0x57, 0x01, 0x00, 0x00, // &...&... ...W...
	0x02, 0x00, 0x00, 0x00, 0x56, 0x01, 0x00, 0x00, 0x3b, 0x00, 0x04, 0x00, 0x57, 0x01, 0x00, 0x00, // ....V...;...W...
	0x58, 0x01, 0x00, 0x00, 0x02, 0x00, 0x00, 0x00, 0x2b, 0x00, 0x04, 0x00, 0x60, 0x00, 0x00, 0x00, // X.......+...`...
	0x59, 0x01, 0x00, 0x00, 0x01, 0x00, 0x00, 0x00, 0x20, 0x00, 0x04, 0x00, 0x5a, 0x01, 0x00, 0x00, // Y....... ...Z...
	0x02, 0x00, 0x00, 0x00, 0x06, 0x00, 0x00, 0x00, 0x2b, 0x00, 0x04, 0x00, 0x60, 0x00, 0x00, 0x00, // ........+...`...
	0x9c, 0x01, 0x00, 0x00, 0x02, 0x00, 0x00, 0x00, 0x20, 0x00, 0x04, 0x00, 0x9d, 0x01, 0x00, 0x00, // ........ .......
	0x02, 0x00, 0x00, 0x00, 0x26, 0x00, 0x00, 0x00, 0x2c, 0x00, 0x06, 0x00, 0x32, 0x00, 0x00, 0x00, // ....&...,...2...
	0xd1, 0x01, 0x00, 0x00, 0xaf, 0x00, 0x00, 0x00, 0xaf, 0x00, 0x00, 0x00, 0xaf, 0x00, 0x00, 0x00, // ................
	0x2b, 0x00, 0x04, 0x00, 0x60, 0x00, 0x00, 0x00, 0xe6, 0x01, 0x00, 0x00, 0x00, 0x00, 0x00, 0x00, // +...`...........
	0x20, 0x00, 0x04, 0x00, 0xef, 0x01, 0x00, 0x00, 0x02, 0x00, 0x00, 0x00, 0x55, 0x01, 0x00, 0x00, //  ...........U...
	0x20, 0x00, 0x04, 0x00, 0x3d, 0x02, 0x00, 0x00, 0x01, 0x00, 0x00, 0x00, 0x26, 0x00, 0x00, 0x00, //  ...=.......&...
	0x3b, 0x00, 0x04, 0x00, 0x3d, 0x02, 0x00, 0x00, 0x3e, 0x02, 0x00, 0x00, 0x01, 0x00, 0x00, 0x00, // ;...=...>.......
	0x20, 0x00, 0x04, 0x00, 0x41, 0x02, 0x00, 0x00, 0x01, 0x00, 0x00, 0x00, 0x32, 0x00, 0x00, 0x00, //  ...A.......2...
	0x3b, 0x00, 0x04, 0x00, 0x41, 0x02, 0x00, 0x00, 0x42, 0x02, 0x00, 0x00, 0x01, 0x00, 0x00, 0x00, // ;...A...B.......
	0x20, 0x00, 0x04, 0x00, 0x45, 0x02, 0x00, 0x00, 0x01, 0x00, 0x00, 0x00, 0x0d, 0x00, 0x00, 0x00, //  ...E...........
	0x3b, 0x00, 0x04, 0x00, 0x45, 0x02, 0x00, 0x00, 0x46, 0x02, 0x00, 0x00, 0x01, 0x00, 0x00, 0x00, // ;...E...F.......
	0x3b, 0x00, 0x04, 0x00, 0x3d, 0x02, 0x00, 0x00, 0x49, 0x02, 0x00, 0x00, 0x01, 0x00, 0x00, 0x00, // ;...=...I.......
	0x3b, 0x00, 0x04, 0x00, 0x45, 0x02, 0x00, 0x00, 0x4c, 0x02, 0x00, 0x00, 0x01, 0x00, 0x00, 0x00, // ;...E...L.......
	0x3b, 0x00, 0x04, 0x00, 0x3d, 0x02, 0x00, 0x00, 0x4f, 0x02, 0x00, 0x00, 0x01, 0x00, 0x00, 0x00, // ;...=...O.......
	0x20, 0x00, 0x04, 0x00, 0x52, 0x02, 0x00, 0x00, 0x01, 0x00, 0x00, 0x00, 0x06, 0x00, 0x00, 0x00, //  ...R...........
	0x3b, 0x00, 0x04, 0x00, 0x52, 0x02, 0x00, 0x00, 0x53, 0x02, 0x00, 0x00, 0x01, 0x00, 0x00, 0x00, // ;...R...S.......
	0x3b, 0x00, 0x04, 0x00, 0x52, 0x02, 0x00, 0x00, 0x56, 0x02, 0x00, 0x00, 0x01, 0x00, 0x00, 0x00, // ;...R...V.......
	0x20, 0x00, 0x04, 0x00, 0x6a, 0x02, 0x00, 0x00, 0x03, 0x00, 0x00, 0x00, 0x26, 0x00, 0x00, 0x00, //  ...j.......&...
	0x3b, 0x00, 0x04, 0x00, 0x6a, 0x02, 0x00, 0x00, 0x6b, 0x02, 0x00, 0x00, 0x03, 0x00, 0x00, 0x00, // ;...j...k.......
	0x3b, 0x00, 0x04, 0x00, 0x6a, 0x02, 0x00, 0x00, 0x6e, 0x02, 0x00, 0x00, 0x03, 0x00, 0x00, 0x00, // ;...j...n.......
	0x3b, 0x00, 0x04, 0x00, 0x6a, 0x02, 0x00, 0x00, 0x71, 0x02, 0x00, 0x00, 0x03, 0x00, 0x00, 0x00, // ;...j...q.......
	0x3b, 0x00, 0x04, 0x00, 0x6a, 0x02, 0x00, 0x00, 0x74, 0x02, 0x00, 0x00, 0x03, 0x00, 0x00, 0x00, // ;...j...t.......
	0x3b, 0x00, 0x04, 0x00, 0x6a, 0x02, 0x00, 0x00, 0x77, 0x02, 0x00, 0x00, 0x03, 0x00, 0x00, 0x00, // ;...j...w.......
	0x3b, 0x00, 0x04, 0x00, 0x6a, 0x02, 0x00, 0x00, 0x7a, 0x02, 0x00, 0x00, 0x03, 0x00, 0x00, 0x00, // ;...j...z.......
	0x3b, 0x00, 0x04, 0x00, 0x6a, 0x02, 0x00, 0x00, 0x7d, 0x02, 0x00, 0x00, 0x03, 0x00, 0x00, 0x00, // ;...j...}.......
	0x20, 0x00, 0x04, 0x00, 0x80, 0x02, 0x00, 0x00, 0x03, 0x00, 0x00, 0x00, 0x32, 0x00, 0x00, 0x00, //  ...........2...
	0x3b, 0x00, 0x04, 0x00, 0x80, 0x02, 0x00, 0x00, 0x81, 0x02, 0x00, 0x00, 0x03, 0x00, 0x00, 0x00, // ;...............
	0x2c, 0x00, 0x05, 0x00, 0x0d, 0x00, 0x00, 0x00, 0x72, 0x05, 0x00, 0x00, 0xaf, 0x00, 0x00, 0x00, // ,.......r.......
	0xaf, 0x00, 0x00, 0x00, 0x2b, 0x00, 0x04, 0x00, 0x06, 0x00, 0x00, 0x00, 0x73, 0x05, 0x00, 0x00, // ....+.......s...
	0x00, 0x00, 0x00, 0x3f, 0x01, 0x00, 0x03, 0x00, 0x26, 0x00, 0x00, 0x00, 0xcb, 0x05, 0x00, 0x00, // ...?....&.......
	0x36, 0x00, 0x05, 0x00, 0x02, 0x00, 0x00, 0x00, 0x04, 0x00, 0x00, 0x00, 0x00, 0x00, 0x00, 0x00, // 6...............
	0x03, 0x00, 0x00, 0x00, 0xf8, 0x00, 0x02, 0x00, 0x05, 0x00, 0x00, 0x00, 0x3d, 0x00, 0x04, 0x00, // ............=...
	0x26, 0x00, 0x00, 0x00, 0x3f, 0x02, 0x00, 0x00, 0x3e, 0x02, 0x00, 0x00, 0x3d, 0x00, 0x04, 0x00, // &...?...>...=...
	0x0d, 0x00, 0x00, 0x00, 0x47, 0x02, 0x00, 0x00, 0x46, 0x02, 0x00, 0x00, 0x3d, 0x00, 0x04, 0x00, // ....G...F...=...
	0x26, 0x00, 0x00, 0x00, 0x4a, 0x02, 0x00, 0x00, 0x49, 0x02, 0x00, 0x00, 0x3d, 0x00, 0x04, 0x00, // &...J...I...=...
	0x26, 0x00, 0x00, 0x00, 0x50, 0x02, 0x00, 0x00, 0x4f, 0x02, 0x00, 0x00, 0x3d, 0x00, 0x04, 0x00, // &...P...O...=...
	0x06, 0x00, 0x00, 0x00, 0x54, 0x02, 0x00, 0x00, 0x53, 0x02, 0x00, 0x00, 0x3d, 0x00, 0x04, 0x00, // ....T...S...=...
	0x06, 0x00, 0x00, 0x00, 0x57, 0x02, 0x00, 0x00, 0x56, 0x02, 0x00, 0x00, 0x41, 0x00, 0x06, 0x00, // ....W...V...A...
	0x5a, 0x01, 0x00, 0x00, 0xd4, 0x02, 0x00, 0x00, 0x58, 0x01, 0x00, 0x00, 0x59, 0x01, 0x00, 0x00, // Z.......X...Y...
	0x6a, 0x00, 0x00, 0x00, 0x3d, 0x00, 0x04, 0x00, 0x06, 0x00, 0x00, 0x00, 0xd5, 0x02, 0x00, 0x00, // j...=...........
	0xd4, 0x02, 0x00, 0x00, 0x41, 0x00, 0x06, 0x00, 0x5a, 0x01, 0x00, 0x00, 0xd6, 0x02, 0x00, 0x00, // ....A...Z.......
	0x58, 0x01, 0x00, 0x00, 0x59, 0x01, 0x00, 0x00, 0x72, 0x00, 0x00, 0x00, 0x3d, 0x00, 0x04, 0x00, // X...Y...r...=...
	0x06, 0x00, 0x00, 0x00, 0xd7, 0x02, 0x00, 0x00, 0xd6, 0x02, 0x00, 0x00, 0x51, 0x00, 0x05, 0x00, // ............Q...
	0x06, 0x00, 0x00, 0x00, 0xd9, 0x02, 0x00, 0x00, 0x47, 0x02, 0x00, 0x00, 0x01, 0x00, 0x00, 0x00, // ........G.......
	0x85, 0x00, 0x05, 0x00, 0x06, 0x00, 0x00, 0x00, 0xda, 0x02, 0x00, 0x00, 0xd7, 0x02, 0x00, 0x00, // ................
	0xd9, 0x02, 0x00, 0x00, 0x81, 0x00, 0x05, 0x00, 0x06, 0x00, 0x00, 0x00, 0xdb, 0x02, 0x00, 0x00, // ................
	0xd5, 0x02, 0x00, 0x00, 0xda, 0x02, 0x00, 0x00, 0x51, 0x00, 0x05, 0x00, 0x06, 0x00, 0x00, 0x00, // ........Q.......
	0xde, 0x02, 0x00, 0x00, 0x47, 0x02, 0x00, 0x00, 0x00, 0x00, 0x00, 0x00, 0x52, 0x00, 0x06, 0x00, // ....G.......R...
	0x26, 0x00, 0x00, 0x00, 0x79, 0x05, 0x00, 0x00, 0xde, 0x02, 0x00, 0x00, 0xcb, 0x05, 0x00, 0x00, // &...y...........
	0x00, 0x00, 0x00, 0x00, 0x41, 0x00, 0x05, 0x00, 0x52, 0x02, 0x00, 0x00, 0x4c, 0x05, 0x00, 0x00, // ....A...R...L...
	0x42, 0x02, 0x00, 0x00, 0x6a, 0x00, 0x00, 0x00, 0x3d, 0x00, 0x04, 0x00, 0x06, 0x00, 0x00, 0x00, // B...j...=.......
	0xe4, 0x02, 0x00, 0x00, 0x4c, 0x05, 0x00, 0x00, 0x41, 0x00, 0x05, 0x00, 0x52, 0x02, 0x00, 0x00, // ....L...A...R...
	0x4d, 0x05, 0x00, 0x00, 0x42, 0x02, 0x00, 0x00, 0x72, 0x00, 0x00, 0x00, 0x3d, 0x00, 0x04, 0x00, // M...B...r...=...
	0x06, 0x00, 0x00, 0x00, 0xe6, 0x02, 0x00, 0x00, 0x4d, 0x05, 0x00, 0x00, 0x41, 0x00, 0x05, 0x00, // ........M...A...
	0x52, 0x02, 0x00, 0x00, 0x4e, 0x05, 0x00, 0x00, 0x42, 0x02, 0x00, 0x00, 0xa1, 0x00, 0x00, 0x00, // R...N...B.......
	0x3d, 0x00, 0x04, 0x00, 0x06, 0x00, 0x00, 0x00, 0xe8, 0x02, 0x00, 0x00, 0x4e, 0x05, 0x00, 0x00, // =...........N...
	0x50, 0x00, 0x07, 0x00, 0x26, 0x00, 0x00, 0x00, 0xe9, 0x02, 0x00, 0x00, 0xe4, 0x02, 0x00, 0x00, // P...&...........
	0xe6, 0x02, 0x00, 0x00, 0xe8, 0x02, 0x00, 0x00, 0xba, 0x00, 0x00, 0x00, 0x41, 0x00, 0x05, 0x00, // ............A...
	0xef, 0x01, 0x00, 0x00, 0xeb, 0x02, 0x00, 0x00, 0x58, 0x01, 0x00, 0x00, 0xe6, 0x01, 0x00, 0x00, // ........X.......
	0x3d, 0x00, 0x04, 0x00, 0x55, 0x01, 0x00, 0x00, 0xec, 0x02, 0x00, 0x00, 0xeb, 0x02, 0x00, 0x00, // =...U...........
	0x90, 0x00, 0x05, 0x00, 0x26, 0x00, 0x00, 0x00, 0xed, 0x02, 0x00, 0x00, 0xe9, 0x02, 0x00, 0x00, // ....&...........
	0xec, 0x02, 0x00, 0x00, 0x41, 0x00, 0x05, 0x00, 0x52, 0x02, 0x00, 0x00, 0xe8, 0x04, 0x00, 0x00, // ....A...R.......
	0x49, 0x02, 0x00, 0x00, 0x72, 0x00, 0x00, 0x00, 0x3d, 0x00, 0x04, 0x00, 0x06, 0x00, 0x00, 0x00, // I...r...=.......
	0x18, 0x03, 0x00, 0x00, 0xe8, 0x04, 0x00, 0x00, 0x85, 0x00, 0x05, 0x00, 0x06, 0x00, 0x00, 0x00, // ................
	0x19, 0x03, 0x00, 0x00, 0xd7, 0x02, 0x00, 0x00, 0x18, 0x03, 0x00, 0x00, 0x81, 0x00, 0x05, 0x00, // ................
	0x06, 0x00, 0x00, 0x00, 0x1a, 0x03, 0x00, 0x00, 0xd5, 0x02, 0x00, 0x00, 0x19, 0x03, 0x00, 0x00, // ................
	0x52, 0x00, 0x06, 0x00, 0x26, 0x00, 0x00, 0x00, 0x7e, 0x05, 0x00, 0x00, 0x1a, 0x03, 0x00, 0x00, // R...&...~.......
	0x4a, 0x02, 0x00, 0x00, 0x01, 0x00, 0x00, 0x00, 0x41, 0x00, 0x05, 0x00, 0x52, 0x02, 0x00, 0x00, // J.......A...R...
	0xe9, 0x04, 0x00, 0x00, 0x49, 0x02, 0x00, 0x00, 0xa5, 0x00, 0x00, 0x00, 0x3d, 0x00, 0x04, 0x00, // ....I.......=...
	0x06, 0x00, 0x00, 0x00, 0x21, 0x03, 0x00, 0x00, 0xe9, 0x04, 0x00, 0x00, 0x85, 0x00, 0x05, 0x00, // ....!...........
	0x06, 0x00, 0x00, 0x00, 0x22, 0x03, 0x00, 0x00, 0xd7, 0x02, 0x00, 0x00, 0x21, 0x03, 0x00, 0x00, // ....".......!...
	0x81, 0x00, 0x05, 0x00, 0x06, 0x00, 0x00, 0x00, 0x23, 0x03, 0x00, 0x00, 0xd5, 0x02, 0x00, 0x00, // ........#.......
	0x22, 0x03, 0x00, 0x00, 0x52, 0x00, 0x06, 0x00, 0x26, 0x00, 0x00, 0x00, 0x80, 0x05, 0x00, 0x00, // "...R...&.......
	0x23, 0x03, 0x00, 0x00, 0x7e, 0x05, 0x00, 0x00, 0x03, 0x00, 0x00, 0x00, 0x41, 0x00, 0x05, 0x00, // #...~.......A...
	0x52, 0x02, 0x00, 0x00, 0xea, 0x04, 0x00, 0x00, 0x4c, 0x02, 0x00, 0x00, 0x6a, 0x00, 0x00, 0x00, // R.......L...j...
	0x3d, 0x00, 0x04, 0x00, 0x06, 0x00, 0x00, 0x00, 0x26, 0x03, 0x00, 0x00, 0xea, 0x04, 0x00, 0x00, // =.......&.......
	0x41, 0x00, 0x05, 0x00, 0x52, 0x02, 0x00, 0x00, 0xeb, 0x04, 0x00, 0x00, 0x4c, 0x02, 0x00, 0x00, // A...R.......L...
	0x72, 0x00, 0x00, 0x00, 0x3d, 0x00, 0x04, 0x00, 0x06, 0x00, 0x00, 0x00, 0x29, 0x03, 0x00, 0x00, // r...=.......)...
	0xeb, 0x04, 0x00, 0x00, 0x85, 0x00, 0x05, 0x00, 0x06, 0x00, 0x00, 0x00, 0x31, 0x03, 0x00, 0x00, // ............1...
	0xd7, 0x02, 0x00, 0x00, 0x29, 0x03, 0x00, 0x00, 0x81, 0x00, 0x05, 0x00, 0x06, 0x00, 0x00, 0x00, // ....)...........
	0x32, 0x03, 0x00, 0x00, 0xd5, 0x02, 0x00, 0x00, 0x31, 0x03, 0x00, 0x00, 0x41, 0x00, 0x05, 0x00, // 2.......1...A...
	0x52, 0x02, 0x00, 0x00, 0xed, 0x04, 0x00, 0x00, 0x4f, 0x02, 0x00, 0x00, 0x72, 0x00, 0x00, 0x00, // R.......O...r...
	0x3d, 0x00, 0x04, 0x00, 0x06, 0x00, 0x00, 0x00, 0x3c, 0x03, 0x00, 0x00, 0xed, 0x04, 0x00, 0x00, // =.......<.......
	0x85, 0x00, 0x05, 0x00, 0x06, 0x00, 0x00, 0x00, 0x3d, 0x03, 0x00, 0x00, 0xd7, 0x02, 0x00, 0x00, // ........=.......
	0x3c, 0x03, 0x00, 0x00, 0x81, 0x00, 0x05, 0x00, 0x06, 0x00, 0x00, 0x00, 0x3e, 0x03, 0x00, 0x00, // <...........>...
	0xd5, 0x02, 0x00, 0x00, 0x3d, 0x03, 0x00, 0x00, 0x52, 0x00, 0x06, 0x00, 0x26, 0x00, 0x00, 0x00, // ....=...R...&...
	0x88, 0x05, 0x00, 0x00, 0x3e, 0x03, 0x00, 0x00, 0x50, 0x02, 0x00, 0x00, 0x01, 0x00, 0x00, 0x00, // ....>...P.......
	0x41, 0x00, 0x05, 0x00, 0x52, 0x02, 0x00, 0x00, 0xee, 0x04, 0x00, 0x00, 0x4f, 0x02, 0x00, 0x00, // A...R.......O...
	0xa5, 0x00, 0x00, 0x00, 0x3d, 0x00, 0x04, 0x00, 0x06, 0x00, 0x00, 0x00, 0x45, 0x03, 0x00, 0x00, // ....=.......E...
	0xee, 0x04, 0x00, 0x00, 0x85, 0x00, 0x05, 0x00, 0x06, 0x00, 0x00, 0x00, 0x46, 0x03, 0x00, 0x00, // ............F...
	0xd7, 0x02, 0x00, 0x00, 0x45, 0x03, 0x00, 0x00, 0x81, 0x00, 0x05, 0x00, 0x06, 0x00, 0x00, 0x00, // ....E...........
	0x47, 0x03, 0x00, 0x00, 0xd5, 0x02, 0x00, 0x00, 0x46, 0x03, 0x00, 0x00, 0x52, 0x00, 0x06, 0x00, // G.......F...R...
	0x26, 0x00, 0x00, 0x00, 0x8a, 0x05, 0x00, 0x00, 0x47, 0x03, 0x00, 0x00, 0x88, 0x05, 0x00, 0x00, // &.......G.......
	0x03, 0x00, 0x00, 0x00, 0x41, 0x00, 0x05, 0x00, 0x9d, 0x01, 0x00, 0x00, 0x4c, 0x03, 0x00, 0x00, // ....A.......L...
	0x58, 0x01, 0x00, 0x00, 0x9c, 0x01, 0x00, 0x00, 0x3d, 0x00, 0x04, 0x00, 0x26, 0x00, 0x00, 0x00, // X.......=...&...
	0x4d, 0x03, 0x00, 0x00, 0x4c, 0x03, 0x00, 0x00, 0x41, 0x00, 0x05, 0x00, 0x9d, 0x01, 0x00, 0x00, // M...L...A.......
	0x4e, 0x03, 0x00, 0x00, 0x58, 0x01, 0x00, 0x00, 0x51, 0x01, 0x00, 0x00, 0x3d, 0x00, 0x04, 0x00, // N...X...Q...=...
	0x26, 0x00, 0x00, 0x00, 0x4f, 0x03, 0x00, 0x00, 0x4e, 0x03, 0x00, 0x00, 0x4f, 0x00, 0x07, 0x00, // &...O...N...O...
	0x0d, 0x00, 0x00, 0x00, 0x54, 0x03, 0x00, 0x00, 0x79, 0x05, 0x00, 0x00, 0x79, 0x05, 0x00, 0x00, // ....T...y...y...
	0x00, 0x00, 0x00, 0x00, 0x01, 0x00, 0x00, 0x00, 0x41, 0x00, 0x05, 0x00, 0x9d, 0x01, 0x00, 0x00, // ........A.......
	0x55, 0x03, 0x00, 0x00, 0x58, 0x01, 0x00, 0x00, 0x59, 0x01, 0x00, 0x00, 0x3d, 0x00, 0x04, 0x00, // U...X...Y...=...
	0x26, 0x00, 0x00, 0x00, 0x56, 0x03, 0x00, 0x00, 0x55, 0x03, 0x00, 0x00, 0x51, 0x00, 0x05, 0x00, // &...V...U...Q...
	0x06, 0x00, 0x00, 0x00, 0xa6, 0x03, 0x00, 0x00, 0x4d, 0x03, 0x00, 0x00, 0x00, 0x00, 0x00, 0x00, // ........M.......
	0x51, 0x00, 0x05, 0x00, 0x06, 0x00, 0x00, 0x00, 0xa8, 0x03, 0x00, 0x00, 0x4d, 0x03, 0x00, 0x00, // Q...........M...
	0x01, 0x00, 0x00, 0x00, 0x51, 0x00, 0x05, 0x00, 0x06, 0x00, 0x00, 0x00, 0xaa, 0x03, 0x00, 0x00, // ....Q...........
	0x4d, 0x03, 0x00, 0x00, 0x02, 0x00, 0x00, 0x00, 0x51, 0x00, 0x05, 0x00, 0x06, 0x00, 0x00, 0x00, // M.......Q.......
	0xac, 0x03, 0x00, 0x00, 0x4d, 0x03, 0x00, 0x00, 0x03, 0x00, 0x00, 0x00, 0x4f, 0x00, 0x07, 0x00, // ....M.......O...
	0x0d, 0x00, 0x00, 0x00, 0xae, 0x03, 0x00, 0x00, 0x4f, 0x03, 0x00, 0x00, 0x4f, 0x03, 0x00, 0x00, // ........O...O...
	0x00, 0x00, 0x00, 0x00, 0x01, 0x00, 0x00, 0x00, 0x4f, 0x00, 0x07, 0x00, 0x0d, 0x00, 0x00, 0x00, // ........O.......
	0xb0, 0x03, 0x00, 0x00, 0x4f, 0x03, 0x00, 0x00, 0x4f, 0x03, 0x00, 0x00, 0x02, 0x00, 0x00, 0x00, // ....O...O.......
	0x03, 0x00, 0x00, 0x00, 0xba, 0x00, 0x05, 0x00, 0xb0, 0x00, 0x00, 0x00, 0xb2, 0x03, 0x00, 0x00, // ................
	0xa6, 0x03, 0x00, 0x00, 0xaf, 0x00, 0x00, 0x00, 0xf7, 0x00, 0x03, 0x00, 0x26, 0x04, 0x00, 0x00, // ............&...
	0x00, 0x00, 0x00, 0x00, 0xfa, 0x00, 0x04, 0x00, 0xb2, 0x03, 0x00, 0x00, 0xb3, 0x03, 0x00, 0x00, // ................
	0x26, 0x04, 0x00, 0x00, 0xf8, 0x00, 0x02, 0x00, 0xb3, 0x03, 0x00, 0x00, 0x0c, 0x00, 0x06, 0x00, // &...............
	0x06, 0x00, 0x00, 0x00, 0xb5, 0x03, 0x00, 0x00, 0x01, 0x00, 0x00, 0x00, 0x0a, 0x00, 0x00, 0x00, // ................
	0x54, 0x02, 0x00, 0x00, 0x0c, 0x00, 0x06, 0x00, 0x06, 0x00, 0x00, 0x00, 0xb7, 0x03, 0x00, 0x00, // T...............
	0x01, 0x00, 0x00, 0x00, 0x08, 0x00, 0x00, 0x00, 0x54, 0x02, 0x00, 0x00, 0x81, 0x00, 0x05, 0x00, // ........T.......
	0x06, 0x00, 0x00, 0x00, 0xba, 0x03, 0x00, 0x00, 0xb7, 0x03, 0x00, 0x00, 0xba, 0x00, 0x00, 0x00, // ................
	0x85, 0x00, 0x05, 0x00, 0x06, 0x00, 0x00, 0x00, 0xbd, 0x03, 0x00, 0x00, 0xaa, 0x03, 0x00, 0x00, // ................
	0xac, 0x03, 0x00, 0x00, 0xb4, 0x00, 0x05, 0x00, 0xb0, 0x00, 0x00, 0x00, 0xbf, 0x03, 0x00, 0x00, // ................
	0xa8, 0x03, 0x00, 0x00, 0xaf, 0x00, 0x00, 0x00, 0xf7, 0x00, 0x03, 0x00, 0xfc, 0x03, 0x00, 0x00, // ................
	0x00, 0x00, 0x00, 0x00, 0xfa, 0x00, 0x04, 0x00, 0xbf, 0x03, 0x00, 0x00, 0xc0, 0x03, 0x00, 0x00, // ................
	0xca, 0x03, 0x00, 0x00, 0xf8, 0x00, 0x02, 0x00, 0xc0, 0x03, 0x00, 0x00, 0xbe, 0x00, 0x05, 0x00, // ................
	0xb0, 0x00, 0x00, 0x00, 0xc3, 0x03, 0x00, 0x00, 0xba, 0x03, 0x00, 0x00, 0xbd, 0x03, 0x00, 0x00, // ................
	0xf7, 0x00, 0x03, 0x00, 0xc9, 0x03, 0x00, 0x00, 0x00, 0x00, 0x00, 0x00, 0xfa, 0x00, 0x04, 0x00, // ................
	0xc3, 0x03, 0x00, 0x00, 0xc4, 0x03, 0x00, 0x00, 0xc9, 0x03, 0x00, 0x00, 0xf8, 0x00, 0x02, 0x00, // ................
	0xc4, 0x03, 0x00, 0x00, 0x83, 0x00, 0x05, 0x00, 0x06, 0x00, 0x00, 0x00, 0xc6, 0x03, 0x00, 0x00, // ................
	0xbd, 0x03, 0x00, 0x00, 0xba, 0x00, 0x00, 0x00, 0xf9, 0x00, 0x02, 0x00, 0xc9, 0x03, 0x00, 0x00, // ................
	0xf8, 0x00, 0x02, 0x00, 0xc9, 0x03, 0x00, 0x00, 0xf5, 0x00, 0x07, 0x00, 0x06, 0x00, 0x00, 0x00, // ................
	0x67, 0x05, 0x00, 0x00, 0xba, 0x03, 0x00, 0x00, 0xc0, 0x03, 0x00, 0x00, 0xc6, 0x03, 0x00, 0x00, // g...............
	0xc4, 0x03, 0x00, 0x00, 0xf5, 0x00, 0x07, 0x00, 0x06, 0x00, 0x00, 0x00, 0x61, 0x05, 0x00, 0x00, // ............a...
	0xb7, 0x03, 0x00, 0x00, 0xc0, 0x03, 0x00, 0x00, 0xc6, 0x03, 0x00, 0x00, 0xc4, 0x03, 0x00, 0x00, // ................
	0xf9, 0x00, 0x02, 0x00, 0xfc, 0x03, 0x00, 0x00, 0xf8, 0x00, 0x02, 0x00, 0xca, 0x03, 0x00, 0x00, // ................
	0xb4, 0x00, 0x05, 0x00, 0xb0, 0x00, 0x00, 0x00, 0xcc, 0x03, 0x00, 0x00, 0xa8, 0x03, 0x00, 0x00, // ................
	0xba, 0x00, 0x00, 0x00, 0xf7, 0x00, 0x03, 0x00, 0xfb, 0x03, 0x00, 0x00, 0x00, 0x00, 0x00, 0x00, // ................
	0xfa, 0x00, 0x04, 0x00, 0xcc, 0x03, 0x00, 0x00, 0xcd, 0x03, 0x00, 0x00, 0xd4, 0x03, 0x00, 0x00, // ................
	0xf8, 0x00, 0x02, 0x00, 0xcd, 0x03, 0x00, 0x00, 0x88, 0x00, 0x05, 0x00, 0x06, 0x00, 0x00, 0x00, // ................
	0x2d, 0x04, 0x00, 0x00, 0xb7, 0x03, 0x00, 0x00, 0xbd, 0x03, 0x00, 0x00, 0x0c, 0x00, 0x06, 0x00, // -...............
	0x06, 0x00, 0x00, 0x00, 0x2e, 0x04, 0x00, 0x00, 0x01, 0x00, 0x00, 0x00, 0x08, 0x00, 0x00, 0x00, // ................
	0x2d, 0x04, 0x00, 0x00, 0x85, 0x00, 0x05, 0x00, 0x06, 0x00, 0x00, 0x00, 0x2f, 0x04, 0x00, 0x00, // -.........../...
	0xbd, 0x03, 0x00, 0x00, 0x2e, 0x04, 0x00, 0x00, 0x83, 0x00, 0x05, 0x00, 0x06, 0x00, 0x00, 0x00, // ................
	0x30, 0x04, 0x00, 0x00, 0xb7, 0x03, 0x00, 0x00, 0x2f, 0x04, 0x00, 0x00, 0x88, 0x00, 0x05, 0x00, // 0......./.......
	0x06, 0x00, 0x00, 0x00, 0x37, 0x04, 0x00, 0x00, 0xba, 0x03, 0x00, 0x00, 0xbd, 0x03, 0x00, 0x00, // ....7...........
	0x0c, 0x00, 0x06, 0x00, 0x06, 0x00, 0x00, 0x00, 0x38, 0x04, 0x00, 0x00, 0x01, 0x00, 0x00, 0x00, // ........8.......
	0x08, 0x00, 0x00, 0x00, 0x37, 0x04, 0x00, 0x00, 0x85, 0x00, 0x05, 0x00, 0x06, 0x00, 0x00, 0x00, // ....7...........
	0x39, 0x04, 0x00, 0x00, 0xbd, 0x03, 0x00, 0x00, 0x38, 0x04, 0x00, 0x00, 0x83, 0x00, 0x05, 0x00, // 9.......8.......
	0x06, 0x00, 0x00, 0x00, 0x3a, 0x04, 0x00, 0x00, 0xba, 0x03, 0x00, 0x00, 0x39, 0x04, 0x00, 0x00, // ....:.......9...
	0xf9, 0x00, 0x02, 0x00, 0xfb, 0x03, 0x00, 0x00, 0xf8, 0x00, 0x02, 0x00, 0xd4, 0x03, 0x00, 0x00, // ................
	0xb4, 0x00, 0x05, 0x00, 0xb0, 0x00, 0x00, 0x00, 0xd6, 0x03, 0x00, 0x00, 0xa8, 0x03, 0x00, 0x00, // ................
	0xe1, 0x00, 0x00, 0x00, 0xf7, 0x00, 0x03, 0x00, 0xfa, 0x03, 0x00, 0x00, 0x00, 0x00, 0x00, 0x00, // ................
	0xfa, 0x00, 0x04, 0x00, 0xd6, 0x03, 0x00, 0x00, 0xd7, 0x03, 0x00, 0x00, 0xfa, 0x03, 0x00, 0x00, // ................
	0xf8, 0x00, 0x02, 0x00, 0xd7, 0x03, 0x00, 0x00, 0x88, 0x00, 0x05, 0x00, 0x06, 0x00, 0x00, 0x00, // ................
	0xda, 0x03, 0x00, 0x00, 0xb7, 0x03, 0x00, 0x00, 0xbd, 0x03, 0x00, 0x00, 0x0c, 0x00, 0x06, 0x00, // ................
	0x06, 0x00, 0x00, 0x00, 0xdb, 0x03, 0x00, 0x00, 0x01, 0x00, 0x00, 0x00, 0x08, 0x00, 0x00, 0x00, // ................
	0xda, 0x03, 0x00, 0x00, 0x85, 0x00, 0x05, 0x00, 0x06, 0x00, 0x00, 0x00, 0x41, 0x04, 0x00, 0x00, // ............A...
	0xdb, 0x03, 0x00, 0x00, 0x73, 0x05, 0x00, 0x00, 0x0c, 0x00, 0x06, 0x00, 0x06, 0x00, 0x00, 0x00, // ....s...........
	0x42, 0x04, 0x00, 0x00, 0x01, 0x00, 0x00, 0x00, 0x08, 0x00, 0x00, 0x00, 0x41, 0x04, 0x00, 0x00, // B...........A...
	0x85, 0x00, 0x05, 0x00, 0x06, 0x00, 0x00, 0x00, 0x43, 0x04, 0x00, 0x00, 0xe1, 0x00, 0x00, 0x00, // ........C.......
	0x42, 0x04, 0x00, 0x00, 0x83, 0x00, 0x05, 0x00, 0x06, 0x00, 0x00, 0x00, 0x44, 0x04, 0x00, 0x00, // B...........D...
	0xdb, 0x03, 0x00, 0x00, 0x43, 0x04, 0x00, 0x00, 0xb4, 0x00, 0x05, 0x00, 0xb0, 0x00, 0x00, 0x00, // ....C...........
	0xdd, 0x03, 0x00, 0x00, 0x44, 0x04, 0x00, 0x00, 0xba, 0x00, 0x00, 0x00, 0x85, 0x00, 0x05, 0x00, // ....D...........
	0x06, 0x00, 0x00, 0x00, 0x4d, 0x04, 0x00, 0x00, 0xbd, 0x03, 0x00, 0x00, 0xdb, 0x03, 0x00, 0x00, // ....M...........
	0x83, 0x00, 0x05, 0x00, 0x06, 0x00, 0x00, 0x00, 0x4e, 0x04, 0x00, 0x00, 0xb7, 0x03, 0x00, 0x00, // ........N.......
	0x4d, 0x04, 0x00, 0x00, 0xf7, 0x00, 0x03, 0x00, 0xe8, 0x03, 0x00, 0x00, 0x00, 0x00, 0x00, 0x00, // M...............
	0xfa, 0x00, 0x04, 0x00, 0xdd, 0x03, 0x00, 0x00, 0xe2, 0x03, 0x00, 0x00, 0xe8, 0x03, 0x00, 0x00, // ................
	0xf8, 0x00, 0x02, 0x00, 0xe2, 0x03, 0x00, 0x00, 0x83, 0x00, 0x05, 0x00, 0x06, 0x00, 0x00, 0x00, // ................
	0xe4, 0x03, 0x00, 0x00, 0xbd, 0x03, 0x00, 0x00, 0xba, 0x00, 0x00, 0x00, 0x0c, 0x00, 0x06, 0x00, // ................
	0x06, 0x00, 0x00, 0x00, 0xe6, 0x03, 0x00, 0x00, 0x01, 0x00, 0x00, 0x00, 0x08, 0x00, 0x00, 0x00, // ................
	0x4e, 0x04, 0x00, 0x00, 0x83, 0x00, 0x05, 0x00, 0x06, 0x00, 0x00, 0x00, 0xe7, 0x03, 0x00, 0x00, // N...............
	0xe4, 0x03, 0x00, 0x00, 0xe6, 0x03, 0x00, 0x00, 0xf9, 0x00, 0x02, 0x00, 0xe8, 0x03, 0x00, 0x00, // ................
	0xf8, 0x00, 0x02, 0x00, 0xe8, 0x03, 0x00, 0x00, 0xf5, 0x00, 0x07, 0x00, 0x06, 0x00, 0x00, 0x00, // ................
	0x65, 0x05, 0x00, 0x00, 0x4e, 0x04, 0x00, 0x00, 0xd7, 0x03, 0x00, 0x00, 0xe7, 0x03, 0x00, 0x00, // e...N...........
	0xe2, 0x03, 0x00, 0x00, 0x88, 0x00, 0x05, 0x00, 0x06, 0x00, 0x00, 0x00, 0xeb, 0x03, 0x00, 0x00, // ................
	0xba, 0x03, 0x00, 0x00, 0xbd, 0x03, 0x00, 0x00, 0x0c, 0x00, 0x06, 0x00, 0x06, 0x00, 0x00, 0x00, // ................
	0xec, 0x03, 0x00, 0x00, 0x01, 0x00, 0x00, 0x00, 0x08, 0x00, 0x00, 0x00, 0xeb, 0x03, 0x00, 0x00, // ................
	0x85, 0x00, 0x05, 0x00, 0x06, 0x00, 0x00, 0x00, 0x55, 0x04, 0x00, 0x00, 0xec, 0x03, 0x00, 0x00, // ........U.......
	0x73, 0x05, 0x00, 0x00, 0x0c, 0x00, 0x06, 0x00, 0x06, 0x00, 0x00, 0x00, 0x56, 0x04, 0x00, 0x00, // s...........V...
	0x01, 0x00, 0x00, 0x00, 0x08, 0x00, 0x00, 0x00, 0x55, 0x04, 0x00, 0x00, 0x85, 0x00, 0x05, 0x00, // ........U.......
	0x06, 0x00, 0x00, 0x00, 0x57, 0x04, 0x00, 0x00, 0xe1, 0x00, 0x00, 0x00, 0x56, 0x04, 0x00, 0x00, // ....W.......V...
	0x83, 0x00, 0x05, 0x00, 0x06, 0x00, 0x00, 0x00, 0x58, 0x04, 0x00, 0x00, 0xec, 0x03, 0x00, 0x00, // ........X.......
	0x57, 0x04, 0x00, 0x00, 0xb4, 0x00, 0x05, 0x00, 0xb0, 0x00, 0x00, 0x00, 0xee, 0x03, 0x00, 0x00, // W...............
	0x58, 0x04, 0x00, 0x00, 0xba, 0x00, 0x00, 0x00, 0x85, 0x00, 0x05, 0x00, 0x06, 0x00, 0x00, 0x00, // X...............
	0x61, 0x04, 0x00, 0x00, 0xbd, 0x03, 0x00, 0x00, 0xec, 0x03, 0x00, 0x00, 0x83, 0x00, 0x05, 0x00, // a...............
	0x06, 0x00, 0x00, 0x00, 0x62, 0x04, 0x00, 0x00, 0xba, 0x03, 0x00, 0x00, 0x61, 0x04, 0x00, 0x00, // ....b.......a...
	0xf7, 0x00, 0x03, 0x00, 0xf9, 0x03, 0x00, 0x00, 0x00, 0x00, 0x00, 0x00, 0xfa, 0x00, 0x04, 0x00, // ................
	0xee, 0x03, 0x00, 0x00, 0xf3, 0x03, 0x00, 0x00, 0xf9, 0x03, 0x00, 0x00, 0xf8, 0x00, 0x02, 0x00, // ................
	0xf3, 0x03, 0x00, 0x00, 0x83, 0x00, 0x05, 0x00, 0x06, 0x00, 0x00, 0x00, 0xf5, 0x03, 0x00, 0x00, // ................
	0xbd, 0x03, 0x00, 0x00, 0xba, 0x00, 0x00, 0x00, 0x0c, 0x00, 0x06, 0x00, 0x06, 0x00, 0x00, 0x00, // ................
	0xf7, 0x03, 0x00, 0x00, 0x01, 0x00, 0x00, 0x00, 0x08, 0x00, 0x00, 0x00, 0x62, 0x04, 0x00, 0x00, // ............b...
	0x83, 0x00, 0x05, 0x00, 0x06, 0x00, 0x00, 0x00, 0xf8, 0x03, 0x00, 0x00, 0xf5, 0x03, 0x00, 0x00, // ................
	0xf7, 0x03, 0x00, 0x00, 0xf9, 0x00, 0x02, 0x00, 0xf9, 0x03, 0x00, 0x00, 0xf8, 0x00, 0x02, 0x00, // ................
	0xf9, 0x03, 0x00, 0x00, 0xf5, 0x00, 0x07, 0x00, 0x06, 0x00, 0x00, 0x00, 0x6a, 0x05, 0x00, 0x00, // ............j...
	0x62, 0x04, 0x00, 0x00, 0xe8, 0x03, 0x00, 0x00, 0xf8, 0x03, 0x00, 0x00, 0xf3, 0x03, 0x00, 0x00, // b...............
	0xf9, 0x00, 0x02, 0x00, 0xfa, 0x03, 0x00, 0x00, 0xf8, 0x00, 0x02, 0x00, 0xfa, 0x03, 0x00, 0x00, // ................
	0xf5, 0x00, 0x07, 0x00, 0x06, 0x00, 0x00, 0x00, 0x69, 0x05, 0x00, 0x00, 0xba, 0x03, 0x00, 0x00, // ........i.......
	0xd4, 0x03, 0x00, 0x00, 0x6a, 0x05, 0x00, 0x00, 0xf9, 0x03, 0x00, 0x00, 0xf5, 0x00, 0x07, 0x00, // ....j...........
	0x06, 0x00, 0x00, 0x00, 0x63, 0x05, 0x00, 0x00, 0xb7, 0x03, 0x00, 0x00, 0xd4, 0x03, 0x00, 0x00, // ....c...........
	0x65, 0x05, 0x00, 0x00, 0xf9, 0x03, 0x00, 0x00, 0xf9, 0x00, 0x02, 0x00, 0xfb, 0x03, 0x00, 0x00, // e...............
	0xf8, 0x00, 0x02, 0x00, 0xfb, 0x03, 0x00, 0x00, 0xf5, 0x00, 0x07, 0x00, 0x06, 0x00, 0x00, 0x00, // ................
	0x68, 0x05, 0x00, 0x00, 0x3a, 0x04, 0x00, 0x00, 0xcd, 0x03, 0x00, 0x00, 0x69, 0x05, 0x00, 0x00, // h...:.......i...
	0xfa, 0x03, 0x00, 0x00, 0xf5, 0x00, 0x07, 0x00, 0x06, 0x00, 0x00, 0x00, 0x62, 0x05, 0x00, 0x00, // ............b...
	0x30, 0x04, 0x00, 0x00, 0xcd, 0x03, 0x00, 0x00, 0x63, 0x05, 0x00, 0x00, 0xfa, 0x03, 0x00, 0x00, // 0.......c.......
	0xf9, 0x00, 0x02, 0x00, 0xfc, 0x03, 0x00, 0x00, 0xf8, 0x00, 0x02, 0x00, 0xfc, 0x03, 0x00, 0x00, // ................
	0xf5, 0x00, 0x07, 0x00, 0x06, 0x00, 0x00, 0x00, 0x66, 0x05, 0x00, 0x00, 0x67, 0x05, 0x00, 0x00, // ........f...g...
	0xc9, 0x03, 0x00, 0x00, 0x68, 0x05, 0x00, 0x00, 0xfb, 0x03, 0x00, 0x00, 0xf5, 0x00, 0x07, 0x00, // ....h...........
	0x06, 0x00, 0x00, 0x00, 0x60, 0x05, 0x00, 0x00, 0x61, 0x05, 0x00, 0x00, 0xc9, 0x03, 0x00, 0x00, // ....`...a.......
	0x62, 0x05, 0x00, 0x00, 0xfb, 0x03, 0x00, 0x00, 0x51, 0x00, 0x05, 0x00, 0x06, 0x00, 0x00, 0x00, // b.......Q.......
	0xff, 0x03, 0x00, 0x00, 0x56, 0x03, 0x00, 0x00, 0x00, 0x00, 0x00, 0x00, 0x51, 0x00, 0x05, 0x00, // ....V.......Q...
	0x06, 0x00, 0x00, 0x00, 0x01, 0x04, 0x00, 0x00, 0x56, 0x03, 0x00, 0x00, 0x01, 0x00, 0x00, 0x00, // ........V.......
	0x85, 0x00, 0x05, 0x00, 0x06, 0x00, 0x00, 0x00, 0x04, 0x04, 0x00, 0x00, 0x01, 0x04, 0x00, 0x00, // ................
	0xdb, 0x02, 0x00, 0x00, 0x81, 0x00, 0x05, 0x00, 0x06, 0x00, 0x00, 0x00, 0x05, 0x04, 0x00, 0x00, // ................
	0xff, 0x03, 0x00, 0x00, 0x04, 0x04, 0x00, 0x00, 0x52, 0x00, 0x06, 0x00, 0x0d, 0x00, 0x00, 0x00, // ........R.......
	0x93, 0x05, 0x00, 0x00, 0x05, 0x04, 0x00, 0x00, 0x54, 0x03, 0x00, 0x00, 0x01, 0x00, 0x00, 0x00, // ........T.......
	0x6e, 0x00, 0x04, 0x00, 0x60, 0x00, 0x00, 0x00, 0x6a, 0x04, 0x00, 0x00, 0x60, 0x05, 0x00, 0x00, // n...`...j...`...
	0x6f, 0x00, 0x04, 0x00, 0x06, 0x00, 0x00, 0x00, 0x6b, 0x04, 0x00, 0x00, 0x6a, 0x04, 0x00, 0x00, // o.......k...j...
	0x6e, 0x00, 0x04, 0x00, 0x60, 0x00, 0x00, 0x00, 0x6d, 0x04, 0x00, 0x00, 0xaa, 0x03, 0x00, 0x00, // n...`...m.......
	0x6f, 0x00, 0x04, 0x00, 0x06, 0x00, 0x00, 0x00, 0x6e, 0x04, 0x00, 0x00, 0x6d, 0x04, 0x00, 0x00, // o.......n...m...
	0x88, 0x00, 0x05, 0x00, 0x06, 0x00, 0x00, 0x00, 0x86, 0x04, 0x00, 0x00, 0x6b, 0x04, 0x00, 0x00, // ............k...
	0x6e, 0x04, 0x00, 0x00, 0x0c, 0x00, 0x06, 0x00, 0x06, 0x00, 0x00, 0x00, 0x87, 0x04, 0x00, 0x00, // n...............
	0x01, 0x00, 0x00, 0x00, 0x08, 0x00, 0x00, 0x00, 0x86, 0x04, 0x00, 0x00, 0x85, 0x00, 0x05, 0x00, // ................
	0x06, 0x00, 0x00, 0x00, 0x88, 0x04, 0x00, 0x00, 0x6e, 0x04, 0x00, 0x00, 0x87, 0x04, 0x00, 0x00, // ........n.......
	0x83, 0x00, 0x05, 0x00, 0x06, 0x00, 0x00, 0x00, 0x89, 0x04, 0x00, 0x00, 0x6b, 0x04, 0x00, 0x00, // ............k...
	0x88, 0x04, 0x00, 0x00, 0x87, 0x00, 0x05, 0x00, 0x60, 0x00, 0x00, 0x00, 0x75, 0x04, 0x00, 0x00, // ........`...u...
	0x6a, 0x04, 0x00, 0x00, 0x6d, 0x04, 0x00, 0x00, 0x6f, 0x00, 0x04, 0x00, 0x06, 0x00, 0x00, 0x00, // j...m...o.......
	0x76, 0x04, 0x00, 0x00, 0x75, 0x04, 0x00, 0x00, 0x50, 0x00, 0x05, 0x00, 0x0d, 0x00, 0x00, 0x00, // v...u...P.......
	0xc7, 0x05, 0x00, 0x00, 0x89, 0x04, 0x00, 0x00, 0x76, 0x04, 0x00, 0x00, 0x85, 0x00, 0x05, 0x00, // ........v.......
	0x0d, 0x00, 0x00, 0x00, 0x7a, 0x04, 0x00, 0x00, 0xc7, 0x05, 0x00, 0x00, 0xae, 0x03, 0x00, 0x00, // ....z...........
	0x81, 0x00, 0x05, 0x00, 0x0d, 0x00, 0x00, 0x00, 0x7c, 0x04, 0x00, 0x00, 0x7a, 0x04, 0x00, 0x00, // ........|...z...
	0xb0, 0x03, 0x00, 0x00, 0x83, 0x00, 0x05, 0x00, 0x0d, 0x00, 0x00, 0x00, 0x7f, 0x04, 0x00, 0x00, // ................
	0x93, 0x05, 0x00, 0x00, 0x7c, 0x04, 0x00, 0x00, 0x6e, 0x00, 0x04, 0x00, 0x60, 0x00, 0x00, 0x00, // ....|...n...`...
	0x90, 0x04, 0x00, 0x00, 0x66, 0x05, 0x00, 0x00, 0x6f, 0x00, 0x04, 0x00, 0x06, 0x00, 0x00, 0x00, // ....f...o.......
	0x91, 0x04, 0x00, 0x00, 0x90, 0x04, 0x00, 0x00, 0x88, 0x00, 0x05, 0x00, 0x06, 0x00, 0x00, 0x00, // ................
	0xab, 0x04, 0x00, 0x00, 0x91, 0x04, 0x00, 0x00, 0x6e, 0x04, 0x00, 0x00, 0x0c, 0x00, 0x06, 0x00, // ........n.......
	0x06, 0x00, 0x00, 0x00, 0xac, 0x04, 0x00, 0x00, 0x01, 0x00, 0x00, 0x00, 0x08, 0x00, 0x00, 0x00, // ................
	0xab, 0x04, 0x00, 0x00, 0x85, 0x00, 0x05, 0x00, 0x06, 0x00, 0x00, 0x00, 0xad, 0x04, 0x00, 0x00, // ................
	0x6e, 0x04, 0x00, 0x00, 0xac, 0x04, 0x00, 0x00, 0x83, 0x00, 0x05, 0x00, 0x06, 0x00, 0x00, 0x00, // n...............
	0xae, 0x04, 0x00, 0x00, 0x91, 0x04, 0x00, 0x00, 0xad, 0x04, 0x00, 0x00, 0x87, 0x00, 0x05, 0x00, // ................
	0x60, 0x00, 0x00, 0x00, 0x9b, 0x04, 0x00, 0x00, 0x90, 0x04, 0x00, 0x00, 0x6d, 0x04, 0x00, 0x00, // `...........m...
	0x6f, 0x00, 0x04, 0x00, 0x06, 0x00, 0x00, 0x00, 0x9c, 0x04, 0x00, 0x00, 0x9b, 0x04, 0x00, 0x00, // o...............
	0x50, 0x00, 0x05, 0x00, 0x0d, 0x00, 0x00, 0x00, 0xc8, 0x05, 0x00, 0x00, 0xae, 0x04, 0x00, 0x00, // P...............
	0x9c, 0x04, 0x00, 0x00, 0x85, 0x00, 0x05, 0x00, 0x0d, 0x00, 0x00, 0x00, 0xa1, 0x04, 0x00, 0x00, // ................
	0xc8, 0x05, 0x00, 0x00, 0xae, 0x03, 0x00, 0x00, 0x81, 0x00, 0x05, 0x00, 0x0d, 0x00, 0x00, 0x00, // ................
	0xa2, 0x04, 0x00, 0x00, 0x7f, 0x04, 0x00, 0x00, 0xa1, 0x04, 0x00, 0x00, 0x81, 0x00, 0x05, 0x00, // ................
	0x0d, 0x00, 0x00, 0x00, 0xa4, 0x04, 0x00, 0x00, 0xa2, 0x04, 0x00, 0x00, 0xb0, 0x03, 0x00, 0x00, // ................
	0x51, 0x00, 0x05, 0x00, 0x06, 0x00, 0x00, 0x00, 0x22, 0x04, 0x00, 0x00, 0xa4, 0x04, 0x00, 0x00, // Q.......".......
	0x01, 0x00, 0x00, 0x00, 0x85, 0x00, 0x05, 0x00, 0x06, 0x00, 0x00, 0x00, 0x23, 0x04, 0x00, 0x00, // ............#...
	0x01, 0x04, 0x00, 0x00, 0x22, 0x04, 0x00, 0x00, 0x81, 0x00, 0x05, 0x00, 0x06, 0x00, 0x00, 0x00, // ...."...........
	0x24, 0x04, 0x00, 0x00, 0xff, 0x03, 0x00, 0x00, 0x23, 0x04, 0x00, 0x00, 0x52, 0x00, 0x06, 0x00, // $.......#...R...
	0x0d, 0x00, 0x00, 0x00, 0xa0, 0x05, 0x00, 0x00, 0x24, 0x04, 0x00, 0x00, 0xa4, 0x04, 0x00, 0x00, // ........$.......
	0x01, 0x00, 0x00, 0x00, 0xf9, 0x00, 0x02, 0x00, 0x26, 0x04, 0x00, 0x00, 0xf8, 0x00, 0x02, 0x00, // ........&.......
	0x26, 0x04, 0x00, 0x00, 0xf5, 0x00, 0x07, 0x00, 0x0d, 0x00, 0x00, 0x00, 0xb8, 0x05, 0x00, 0x00, // &...............
	0x72, 0x05, 0x00, 0x00, 0x05, 0x00, 0x00, 0x00, 0xa0, 0x05, 0x00, 0x00, 0xfc, 0x03, 0x00, 0x00, // r...............
	0xf5, 0x00, 0x07, 0x00, 0x06, 0x00, 0x00, 0x00, 0x6b, 0x05, 0x00, 0x00, 0xaf, 0x00, 0x00, 0x00, // ........k.......
	0x05, 0x00, 0x00, 0x00, 0xb5, 0x03, 0x00, 0x00, 0xfc, 0x03, 0x00, 0x00, 0x51, 0x00, 0x05, 0x00, // ............Q...
	0x06, 0x00, 0x00, 0x00, 0x66, 0x03, 0x00, 0x00, 0xb8, 0x05, 0x00, 0x00, 0x00, 0x00, 0x00, 0x00, // ....f...........
	0x51, 0x00, 0x05, 0x00, 0x06, 0x00, 0x00, 0x00, 0x69, 0x03, 0x00, 0x00, 0xb8, 0x05, 0x00, 0x00, // Q.......i.......
	0x01, 0x00, 0x00, 0x00, 0x50, 0x00, 0x07, 0x00, 0x26, 0x00, 0x00, 0x00, 0xc9, 0x05, 0x00, 0x00, // ....P...&.......
	0x26, 0x03, 0x00, 0x00, 0x32, 0x03, 0x00, 0x00, 0x66, 0x03, 0x00, 0x00, 0x69, 0x03, 0x00, 0x00, // &...2...f...i...
	0x50, 0x00, 0x07, 0x00, 0x26, 0x00, 0x00, 0x00, 0xca, 0x05, 0x00, 0x00, 0xde, 0x02, 0x00, 0x00, // P...&...........
	0xdb, 0x02, 0x00, 0x00, 0x6b, 0x05, 0x00, 0x00, 0x57, 0x02, 0x00, 0x00, 0x3e, 0x00, 0x03, 0x00, // ....k...W...>...
	0x6b, 0x02, 0x00, 0x00, 0xed, 0x02, 0x00, 0x00, 0x3e, 0x00, 0x03, 0x00, 0x6e, 0x02, 0x00, 0x00, // k.......>...n...
	0x80, 0x05, 0x00, 0x00, 0x3e, 0x00, 0x03, 0x00, 0x71, 0x02, 0x00, 0x00, 0x8a, 0x05, 0x00, 0x00, // ....>...q.......
	0x3e, 0x00, 0x03, 0x00, 0x74, 0x02, 0x00, 0x00, 0xc9, 0x05, 0x00, 0x00, 0x3e, 0x00, 0x03, 0x00, // >...t.......>...
	0x77, 0x02, 0x00, 0x00, 0x3f, 0x02, 0x00, 0x00, 0x3e, 0x00, 0x03, 0x00, 0x7a, 0x02, 0x00, 0x00, // w...?...>...z...
	0xed, 0x02, 0x00, 0x00, 0x3e, 0x00, 0x03, 0x00, 0x7d, 0x02, 0x00, 0x00, 0xca, 0x05, 0x00, 0x00, // ....>...}.......
	0x3e, 0x00, 0x03, 0x00, 0x81, 0x02, 0x00, 0x00, 0xd1, 0x01, 0x00, 0x00, 0xfd, 0x00, 0x01, 0x00, // >...............
	0x38, 0x00, 0x01, 0x00, 0x00, 0x08, 0x05, 0x00, 0x01, 0x00, 0x10, 0x00, 0x11, 0x00, 0x12, 0x00, // 8...............
	0x13, 0x00, 0x14, 0x00, 0x15, 0x00, 0x70, 0x00,                                                 // ......p.
};
static const uint8_t ad_sprite_unlit_vs_mtl[5786] =
{
	0x56, 0x53, 0x48, 0x0c, 0x00, 0x00, 0x00, 0x00, 0xf6, 0x96, 0xa7, 0xb8, 0x00, 0x00, 0x00, 0x00, // VSH.............
	0x00, 0x00, 0x00, 0x00, 0x04, 0x00, 0x0d, 0x75, 0x5f, 0x6d, 0x55, 0x56, 0x49, 0x6e, 0x76, 0x65, // .......u_mUVInve
	0x72, 0x73, 0x65, 0x64, 0x02, 0x01, 0x40, 0x00, 0x01, 0x00, 0x00, 0x00, 0x00, 0x00, 0x14, 0x75, // rsed..@........u
	0x5f, 0x66, 0x6c, 0x69, 0x70, 0x62, 0x6f, 0x6f, 0x6b, 0x50, 0x61, 0x72, 0x61, 0x6d, 0x65, 0x74, // _flipbookParamet
	0x65, 0x72, 0x31, 0x02, 0x01, 0x50, 0x00, 0x01, 0x00, 0x00, 0x00, 0x00, 0x00, 0x14, 0x75, 0x5f, // er1..P........u_
	0x66, 0x6c, 0x69, 0x70, 0x62, 0x6f, 0x6f, 0x6b, 0x50, 0x61, 0x72, 0x61, 0x6d, 0x65, 0x74, 0x65, // flipbookParamete
	0x72, 0x32, 0x02, 0x01, 0x60, 0x00, 0x01, 0x00, 0x00, 0x00, 0x00, 0x00, 0x0d, 0x75, 0x5f, 0x6d, // r2..`........u_m
	0x43, 0x61, 0x6d, 0x65, 0x72, 0x61, 0x50, 0x72, 0x6f, 0x6a, 0x04, 0x01, 0x00, 0x00, 0x04, 0x00, // CameraProj......
	0x00, 0x00, 0x00, 0x00, 0xfe, 0x15, 0x00, 0x00, 0x23, 0x69, 0x6e, 0x63, 0x6c, 0x75, 0x64, 0x65, // ........#include
	0x20, 0x3c, 0x6d, 0x65, 0x74, 0x61, 0x6c, 0x5f, 0x73, 0x74, 0x64, 0x6c, 0x69, 0x62, 0x3e, 0x0a, //  <metal_stdlib>.
	0x23, 0x69, 0x6e, 0x63, 0x6c, 0x75, 0x64, 0x65, 0x20, 0x3c, 0x73, 0x69, 0x6d, 0x64, 0x2f, 0x73, // #include <simd/s
	0x69, 0x6d, 0x64, 0x2e, 0x68, 0x3e, 0x0a, 0x0a, 0x75, 0x73, 0x69, 0x6e, 0x67, 0x20, 0x6e, 0x61, // imd.h>..using na
	0x6d, 0x65, 0x73, 0x70, 0x61, 0x63, 0x65, 0x20, 0x6d, 0x65, 0x74, 0x61, 0x6c, 0x3b, 0x0a, 0x0a, // mespace metal;..
	0x73, 0x74, 0x72, 0x75, 0x63, 0x74, 0x20, 0x5f, 0x47, 0x6c, 0x6f, 0x62, 0x61, 0x6c, 0x0a, 0x7b, // struct _Global.{
	0x0a, 0x20, 0x20, 0x20, 0x20, 0x66, 0x6c, 0x6f, 0x61, 0x74, 0x34, 0x78, 0x34, 0x20, 0x75, 0x5f, // .    float4x4 u_
	0x6d, 0x43, 0x61, 0x6d, 0x65, 0x72, 0x61, 0x50, 0x72, 0x6f, 0x6a, 0x3b, 0x0a, 0x20, 0x20, 0x20, // mCameraProj;.   
	0x20, 0x66, 0x6c, 0x6f, 0x61, 0x74, 0x34, 0x20, 0x75, 0x5f, 0x6d, 0x55, 0x56, 0x49, 0x6e, 0x76, //  float4 u_mUVInv
	0x65, 0x72, 0x73, 0x65, 0x64, 0x3b, 0x0a, 0x20, 0x20, 0x20, 0x20, 0x66, 0x6c, 0x6f, 0x61, 0x74, // ersed;.    float
	0x34, 0x20, 0x75, 0x5f, 0x66, 0x6c, 0x69, 0x70, 0x62, 0x6f, 0x6f, 0x6b, 0x50, 0x61, 0x72, 0x61, // 4 u_flipbookPara
	0x6d, 0x65, 0x74, 0x65, 0x72, 0x31, 0x3b, 0x0a, 0x20, 0x20, 0x20, 0x20, 0x66, 0x6c, 0x6f, 0x61, // meter1;.    floa
	0x74, 0x34, 0x20, 0x75, 0x5f, 0x66, 0x6c, 0x69, 0x70, 0x62, 0x6f, 0x6f, 0x6b, 0x50, 0x61, 0x72, // t4 u_flipbookPar
	0x61, 0x6d, 0x65, 0x74, 0x65, 0x72, 0x32, 0x3b, 0x0a, 0x7d, 0x3b, 0x0a, 0x0a, 0x63, 0x6f, 0x6e, // ameter2;.};..con
	0x73, 0x74, 0x61, 0x6e, 0x74, 0x20, 0x66, 0x6c, 0x6f, 0x61, 0x74, 0x34, 0x20, 0x5f, 0x31, 0x34, // stant float4 _14
	0x38, 0x33, 0x20, 0x3d, 0x20, 0x7b, 0x7d, 0x3b, 0x0a, 0x0a, 0x73, 0x74, 0x72, 0x75, 0x63, 0x74, // 83 = {};..struct
	0x20, 0x78, 0x6c, 0x61, 0x74, 0x4d, 0x74, 0x6c, 0x4d, 0x61, 0x69, 0x6e, 0x5f, 0x6f, 0x75, 0x74, //  xlatMtlMain_out
	0x0a, 0x7b, 0x0a, 0x20, 0x20, 0x20, 0x20, 0x66, 0x6c, 0x6f, 0x61, 0x74, 0x34, 0x20, 0x5f, 0x65, // .{.    float4 _e
	0x6e, 0x74, 0x72, 0x79, 0x50, 0x6f, 0x69, 0x6e, 0x74, 0x4f, 0x75, 0x74, 0x70, 0x75, 0x74, 0x5f, // ntryPointOutput_
	0x76, 0x5f, 0x41, 0x6c, 0x70, 0x68, 0x61, 0x5f, 0x44, 0x69, 0x73, 0x74, 0x5f, 0x55, 0x56, 0x20, // v_Alpha_Dist_UV 
	0x5b, 0x5b, 0x75, 0x73, 0x65, 0x72, 0x28, 0x6c, 0x6f, 0x63, 0x6e, 0x30, 0x29, 0x5d, 0x5d, 0x3b, // [[user(locn0)]];
	0x0a, 0x20, 0x20, 0x20, 0x20, 0x66, 0x6c, 0x6f, 0x61, 0x74, 0x34, 0x20, 0x5f, 0x65, 0x6e, 0x74, // .    float4 _ent
	0x72, 0x79, 0x50, 0x6f, 0x69, 0x6e, 0x74, 0x4f, 0x75, 0x74, 0x70, 0x75, 0x74, 0x5f, 0x76, 0x5f, // ryPointOutput_v_
	0x42, 0x6c, 0x65, 0x6e, 0x64, 0x5f, 0x41, 0x6c, 0x70, 0x68, 0x61, 0x5f, 0x44, 0x69, 0x73, 0x74, // Blend_Alpha_Dist
	0x5f, 0x55, 0x56, 0x20, 0x5b, 0x5b, 0x75, 0x73, 0x65, 0x72, 0x28, 0x6c, 0x6f, 0x63, 0x6e, 0x31, // _UV [[user(locn1
	0x29, 0x5d, 0x5d, 0x3b, 0x0a, 0x20, 0x20, 0x20, 0x20, 0x66, 0x6c, 0x6f, 0x61, 0x74, 0x34, 0x20, // )]];.    float4 
	0x5f, 0x65, 0x6e, 0x74, 0x72, 0x79, 0x50, 0x6f, 0x69, 0x6e, 0x74, 0x4f, 0x75, 0x74, 0x70, 0x75, // _entryPointOutpu
	0x74, 0x5f, 0x76, 0x5f, 0x42, 0x6c, 0x65, 0x6e, 0x64, 0x5f, 0x46, 0x42, 0x4e, 0x65, 0x78, 0x74, // t_v_Blend_FBNext
	0x49, 0x6e, 0x64, 0x65, 0x78, 0x5f, 0x55, 0x56, 0x20, 0x5b, 0x5b, 0x75, 0x73, 0x65, 0x72, 0x28, // Index_UV [[user(
	0x6c, 0x6f, 0x63, 0x6e, 0x32, 0x29, 0x5d, 0x5d, 0x3b, 0x0a, 0x20, 0x20, 0x20, 0x20, 0x66, 0x6c, // locn2)]];.    fl
	0x6f, 0x61, 0x74, 0x34, 0x20, 0x5f, 0x65, 0x6e, 0x74, 0x72, 0x79, 0x50, 0x6f, 0x69, 0x6e, 0x74, // oat4 _entryPoint
	0x4f, 0x75, 0x74, 0x70, 0x75, 0x74, 0x5f, 0x76, 0x5f, 0x43, 0x6f, 0x6c, 0x6f, 0x72, 0x20, 0x5b, // Output_v_Color [
	0x5b, 0x75, 0x73, 0x65, 0x72, 0x28, 0x6c, 0x6f, 0x63, 0x6e, 0x33, 0x29, 0x5d, 0x5d, 0x3b, 0x0a, // [user(locn3)]];.
	0x20, 0x20, 0x20, 0x20, 0x66, 0x6c, 0x6f, 0x61, 0x74, 0x34, 0x20, 0x5f, 0x65, 0x6e, 0x74, 0x72, //     float4 _entr
	0x79, 0x50, 0x6f, 0x69, 0x6e, 0x74, 0x4f, 0x75, 0x74, 0x70, 0x75, 0x74, 0x5f, 0x76, 0x5f, 0x50, // yPointOutput_v_P
	0x6f, 0x73, 0x50, 0x20, 0x5b, 0x5b, 0x75, 0x73, 0x65, 0x72, 0x28, 0x6c, 0x6f, 0x63, 0x6e, 0x34, // osP [[user(locn4
	0x29, 0x5d, 0x5d, 0x3b, 0x0a, 0x20, 0x20, 0x20, 0x20, 0x66, 0x6c, 0x6f, 0x61, 0x74, 0x34, 0x20, // )]];.    float4 
	0x5f, 0x65, 0x6e, 0x74, 0x72, 0x79, 0x50, 0x6f, 0x69, 0x6e, 0x74, 0x4f, 0x75, 0x74, 0x70, 0x75, // _entryPointOutpu
	0x74, 0x5f, 0x76, 0x5f, 0x55, 0x56, 0x5f, 0x4f, 0x74, 0x68, 0x65, 0x72, 0x73, 0x20, 0x5b, 0x5b, // t_v_UV_Others [[
	0x75, 0x73, 0x65, 0x72, 0x28, 0x6c, 0x6f, 0x63, 0x6e, 0x35, 0x29, 0x5d, 0x5d, 0x3b, 0x0a, 0x20, // user(locn5)]];. 
	0x20, 0x20, 0x20, 0x66, 0x6c, 0x6f, 0x61, 0x74, 0x33, 0x20, 0x5f, 0x65, 0x6e, 0x74, 0x72, 0x79, //    float3 _entry
	0x50, 0x6f, 0x69, 0x6e, 0x74, 0x4f, 0x75, 0x74, 0x70, 0x75, 0x74, 0x5f, 0x76, 0x5f, 0x57, 0x6f, // PointOutput_v_Wo
	0x72, 0x6c, 0x64, 0x4e, 0x20, 0x5b, 0x5b, 0x75, 0x73, 0x65, 0x72, 0x28, 0x6c, 0x6f, 0x63, 0x6e, // rldN [[user(locn
	0x36, 0x29, 0x5d, 0x5d, 0x3b, 0x0a, 0x20, 0x20, 0x20, 0x20, 0x66, 0x6c, 0x6f, 0x61, 0x74, 0x34, // 6)]];.    float4
	0x20, 0x67, 0x6c, 0x5f, 0x50, 0x6f, 0x73, 0x69, 0x74, 0x69, 0x6f, 0x6e, 0x20, 0x5b, 0x5b, 0x70, //  gl_Position [[p
	0x6f, 0x73, 0x69, 0x74, 0x69, 0x6f, 0x6e, 0x5d, 0x5d, 0x3b, 0x0a, 0x7d, 0x3b, 0x0a, 0x0a, 0x73, // osition]];.};..s
	0x74, 0x72, 0x75, 0x63, 0x74, 0x20, 0x78, 0x6c, 0x61, 0x74, 0x4d, 0x74, 0x6c, 0x4d, 0x61, 0x69, // truct xlatMtlMai
	0x6e, 0x5f, 0x69, 0x6e, 0x0a, 0x7b, 0x0a, 0x20, 0x20, 0x20, 0x20, 0x66, 0x6c, 0x6f, 0x61, 0x74, // n_in.{.    float
	0x34, 0x20, 0x61, 0x5f, 0x63, 0x6f, 0x6c, 0x6f, 0x72, 0x30, 0x20, 0x5b, 0x5b, 0x61, 0x74, 0x74, // 4 a_color0 [[att
	0x72, 0x69, 0x62, 0x75, 0x74, 0x65, 0x28, 0x30, 0x29, 0x5d, 0x5d, 0x3b, 0x0a, 0x20, 0x20, 0x20, // ribute(0)]];.   
	0x20, 0x66, 0x6c, 0x6f, 0x61, 0x74, 0x33, 0x20, 0x61, 0x5f, 0x70, 0x6f, 0x73, 0x69, 0x74, 0x69, //  float3 a_positi
	0x6f, 0x6e, 0x20, 0x5b, 0x5b, 0x61, 0x74, 0x74, 0x72, 0x69, 0x62, 0x75, 0x74, 0x65, 0x28, 0x31, // on [[attribute(1
	0x29, 0x5d, 0x5d, 0x3b, 0x0a, 0x20, 0x20, 0x20, 0x20, 0x66, 0x6c, 0x6f, 0x61, 0x74, 0x32, 0x20, // )]];.    float2 
	0x61, 0x5f, 0x74, 0x65, 0x78, 0x63, 0x6f, 0x6f, 0x72, 0x64, 0x30, 0x20, 0x5b, 0x5b, 0x61, 0x74, // a_texcoord0 [[at
	0x74, 0x72, 0x69, 0x62, 0x75, 0x74, 0x65, 0x28, 0x32, 0x29, 0x5d, 0x5d, 0x3b, 0x0a, 0x20, 0x20, // tribute(2)]];.  
	0x20, 0x20, 0x66, 0x6c, 0x6f, 0x61, 0x74, 0x34, 0x20, 0x61, 0x5f, 0x74, 0x65, 0x78, 0x63, 0x6f, //   float4 a_texco
	0x6f, 0x72, 0x64, 0x31, 0x20, 0x5b, 0x5b, 0x61, 0x74, 0x74, 0x72, 0x69, 0x62, 0x75, 0x74, 0x65, // ord1 [[attribute
	0x28, 0x33, 0x29, 0x5d, 0x5d, 0x3b, 0x0a, 0x20, 0x20, 0x20, 0x20, 0x66, 0x6c, 0x6f, 0x61, 0x74, // (3)]];.    float
	0x32, 0x20, 0x61, 0x5f, 0x74, 0x65, 0x78, 0x63, 0x6f, 0x6f, 0x72, 0x64, 0x32, 0x20, 0x5b, 0x5b, // 2 a_texcoord2 [[
	0x61, 0x74, 0x74, 0x72, 0x69, 0x62, 0x75, 0x74, 0x65, 0x28, 0x34, 0x29, 0x5d, 0x5d, 0x3b, 0x0a, // attribute(4)]];.
	0x20, 0x20, 0x20, 0x20, 0x66, 0x6c, 0x6f, 0x61, 0x74, 0x34, 0x20, 0x61, 0x5f, 0x74, 0x65, 0x78, //     float4 a_tex
	0x63, 0x6f, 0x6f, 0x72, 0x64, 0x33, 0x20, 0x5b, 0x5b, 0x61, 0x74, 0x74, 0x72, 0x69, 0x62, 0x75, // coord3 [[attribu
	0x74, 0x65, 0x28, 0x35, 0x29, 0x5d, 0x5d, 0x3b, 0x0a, 0x20, 0x20, 0x20, 0x20, 0x66, 0x6c, 0x6f, // te(5)]];.    flo
	0x61, 0x74, 0x20, 0x61, 0x5f, 0x74, 0x65, 0x78, 0x63, 0x6f, 0x6f, 0x72, 0x64, 0x34, 0x20, 0x5b, // at a_texcoord4 [
	0x5b, 0x61, 0x74, 0x74, 0x72, 0x69, 0x62, 0x75, 0x74, 0x65, 0x28, 0x36, 0x29, 0x5d, 0x5d, 0x3b, // [attribute(6)]];
	0x0a, 0x20, 0x20, 0x20, 0x20, 0x66, 0x6c, 0x6f, 0x61, 0x74, 0x20, 0x61, 0x5f, 0x74, 0x65, 0x78, // .    float a_tex
	0x63, 0x6f, 0x6f, 0x72, 0x64, 0x35, 0x20, 0x5b, 0x5b, 0x61, 0x74, 0x74, 0x72, 0x69, 0x62, 0x75, // coord5 [[attribu
	0x74, 0x65, 0x28, 0x37, 0x29, 0x5d, 0x5d, 0x3b, 0x0a, 0x7d, 0x3b, 0x0a, 0x0a, 0x76, 0x65, 0x72, // te(7)]];.};..ver
	0x74, 0x65, 0x78, 0x20, 0x78, 0x6c, 0x61, 0x74, 0x4d, 0x74, 0x6c, 0x4d, 0x61, 0x69, 0x6e, 0x5f, // tex xlatMtlMain_
	0x6f, 0x75, 0x74, 0x20, 0x78, 0x6c, 0x61, 0x74, 0x4d, 0x74, 0x6c, 0x4d, 0x61, 0x69, 0x6e, 0x28, // out xlatMtlMain(
	0x78, 0x6c, 0x61, 0x74, 0x4d, 0x74, 0x6c, 0x4d, 0x61, 0x69, 0x6e, 0x5f, 0x69, 0x6e, 0x20, 0x69, // xlatMtlMain_in i
	0x6e, 0x20, 0x5b, 0x5b, 0x73, 0x74, 0x61, 0x67, 0x65, 0x5f, 0x69, 0x6e, 0x5d, 0x5d, 0x2c, 0x20, // n [[stage_in]], 
	0x63, 0x6f, 0x6e, 0x73, 0x74, 0x61, 0x6e, 0x74, 0x20, 0x5f, 0x47, 0x6c, 0x6f, 0x62, 0x61, 0x6c, // constant _Global
	0x26, 0x20, 0x5f, 0x6d, 0x74, 0x6c, 0x5f, 0x75, 0x20, 0x5b, 0x5b, 0x62, 0x75, 0x66, 0x66, 0x65, // & _mtl_u [[buffe
	0x72, 0x28, 0x30, 0x29, 0x5d, 0x5d, 0x29, 0x0a, 0x7b, 0x0a, 0x20, 0x20, 0x20, 0x20, 0x78, 0x6c, // r(0)]]).{.    xl
	0x61, 0x74, 0x4d, 0x74, 0x6c, 0x4d, 0x61, 0x69, 0x6e, 0x5f, 0x6f, 0x75, 0x74, 0x20, 0x6f, 0x75, // atMtlMain_out ou
	0x74, 0x20, 0x3d, 0x20, 0x7b, 0x7d, 0x3b, 0x0a, 0x20, 0x20, 0x20, 0x20, 0x66, 0x6c, 0x6f, 0x61, // t = {};.    floa
	0x74, 0x34, 0x20, 0x5f, 0x35, 0x38, 0x36, 0x20, 0x3d, 0x20, 0x69, 0x6e, 0x2e, 0x61, 0x5f, 0x74, // t4 _586 = in.a_t
	0x65, 0x78, 0x63, 0x6f, 0x6f, 0x72, 0x64, 0x31, 0x3b, 0x0a, 0x20, 0x20, 0x20, 0x20, 0x66, 0x6c, // excoord1;.    fl
	0x6f, 0x61, 0x74, 0x34, 0x20, 0x5f, 0x35, 0x39, 0x32, 0x20, 0x3d, 0x20, 0x69, 0x6e, 0x2e, 0x61, // oat4 _592 = in.a
	0x5f, 0x74, 0x65, 0x78, 0x63, 0x6f, 0x6f, 0x72, 0x64, 0x33, 0x3b, 0x0a, 0x20, 0x20, 0x20, 0x20, // _texcoord3;.    
	0x66, 0x6c, 0x6f, 0x61, 0x74, 0x20, 0x5f, 0x37, 0x33, 0x31, 0x20, 0x3d, 0x20, 0x5f, 0x6d, 0x74, // float _731 = _mt
	0x6c, 0x5f, 0x75, 0x2e, 0x75, 0x5f, 0x6d, 0x55, 0x56, 0x49, 0x6e, 0x76, 0x65, 0x72, 0x73, 0x65, // l_u.u_mUVInverse
	0x64, 0x2e, 0x78, 0x20, 0x2b, 0x20, 0x28, 0x5f, 0x6d, 0x74, 0x6c, 0x5f, 0x75, 0x2e, 0x75, 0x5f, // d.x + (_mtl_u.u_
	0x6d, 0x55, 0x56, 0x49, 0x6e, 0x76, 0x65, 0x72, 0x73, 0x65, 0x64, 0x2e, 0x79, 0x20, 0x2a, 0x20, // mUVInversed.y * 
	0x69, 0x6e, 0x2e, 0x61, 0x5f, 0x74, 0x65, 0x78, 0x63, 0x6f, 0x6f, 0x72, 0x64, 0x30, 0x2e, 0x79, // in.a_texcoord0.y
	0x29, 0x3b, 0x0a, 0x20, 0x20, 0x20, 0x20, 0x66, 0x6c, 0x6f, 0x61, 0x74, 0x34, 0x20, 0x5f, 0x31, // );.    float4 _1
	0x34, 0x30, 0x31, 0x3b, 0x0a, 0x20, 0x20, 0x20, 0x20, 0x5f, 0x31, 0x34, 0x30, 0x31, 0x2e, 0x78, // 401;.    _1401.x
	0x20, 0x3d, 0x20, 0x69, 0x6e, 0x2e, 0x61, 0x5f, 0x74, 0x65, 0x78, 0x63, 0x6f, 0x6f, 0x72, 0x64, //  = in.a_texcoord
	0x30, 0x2e, 0x78, 0x3b, 0x0a, 0x20, 0x20, 0x20, 0x20, 0x66, 0x6c, 0x6f, 0x61, 0x74, 0x34, 0x20, // 0.x;.    float4 
	0x5f, 0x37, 0x34, 0x39, 0x20, 0x3d, 0x20, 0x5f, 0x6d, 0x74, 0x6c, 0x5f, 0x75, 0x2e, 0x75, 0x5f, // _749 = _mtl_u.u_
	0x6d, 0x43, 0x61, 0x6d, 0x65, 0x72, 0x61, 0x50, 0x72, 0x6f, 0x6a, 0x20, 0x2a, 0x20, 0x66, 0x6c, // mCameraProj * fl
	0x6f, 0x61, 0x74, 0x34, 0x28, 0x69, 0x6e, 0x2e, 0x61, 0x5f, 0x70, 0x6f, 0x73, 0x69, 0x74, 0x69, // oat4(in.a_positi
	0x6f, 0x6e, 0x2e, 0x78, 0x2c, 0x20, 0x69, 0x6e, 0x2e, 0x61, 0x5f, 0x70, 0x6f, 0x73, 0x69, 0x74, // on.x, in.a_posit
	0x69, 0x6f, 0x6e, 0x2e, 0x79, 0x2c, 0x20, 0x69, 0x6e, 0x2e, 0x61, 0x5f, 0x70, 0x6f, 0x73, 0x69, // ion.y, in.a_posi
	0x74, 0x69, 0x6f, 0x6e, 0x2e, 0x7a, 0x2c, 0x20, 0x31, 0x2e, 0x30, 0x29, 0x3b, 0x0a, 0x20, 0x20, // tion.z, 1.0);.  
	0x20, 0x20, 0x5f, 0x35, 0x38, 0x36, 0x2e, 0x79, 0x20, 0x3d, 0x20, 0x5f, 0x6d, 0x74, 0x6c, 0x5f, //   _586.y = _mtl_
	0x75, 0x2e, 0x75, 0x5f, 0x6d, 0x55, 0x56, 0x49, 0x6e, 0x76, 0x65, 0x72, 0x73, 0x65, 0x64, 0x2e, // u.u_mUVInversed.
	0x78, 0x20, 0x2b, 0x20, 0x28, 0x5f, 0x6d, 0x74, 0x6c, 0x5f, 0x75, 0x2e, 0x75, 0x5f, 0x6d, 0x55, // x + (_mtl_u.u_mU
	0x56, 0x49, 0x6e, 0x76, 0x65, 0x72, 0x73, 0x65, 0x64, 0x2e, 0x79, 0x20, 0x2a, 0x20, 0x69, 0x6e, // VInversed.y * in
	0x2e, 0x61, 0x5f, 0x74, 0x65, 0x78, 0x63, 0x6f, 0x6f, 0x72, 0x64, 0x31, 0x2e, 0x79, 0x29, 0x3b, // .a_texcoord1.y);
	0x0a, 0x20, 0x20, 0x20, 0x20, 0x5f, 0x35, 0x38, 0x36, 0x2e, 0x77, 0x20, 0x3d, 0x20, 0x5f, 0x6d, // .    _586.w = _m
	0x74, 0x6c, 0x5f, 0x75, 0x2e, 0x75, 0x5f, 0x6d, 0x55, 0x56, 0x49, 0x6e, 0x76, 0x65, 0x72, 0x73, // tl_u.u_mUVInvers
	0x65, 0x64, 0x2e, 0x78, 0x20, 0x2b, 0x20, 0x28, 0x5f, 0x6d, 0x74, 0x6c, 0x5f, 0x75, 0x2e, 0x75, // ed.x + (_mtl_u.u
	0x5f, 0x6d, 0x55, 0x56, 0x49, 0x6e, 0x76, 0x65, 0x72, 0x73, 0x65, 0x64, 0x2e, 0x79, 0x20, 0x2a, // _mUVInversed.y *
	0x20, 0x69, 0x6e, 0x2e, 0x61, 0x5f, 0x74, 0x65, 0x78, 0x63, 0x6f, 0x6f, 0x72, 0x64, 0x31, 0x2e, //  in.a_texcoord1.
	0x77, 0x29, 0x3b, 0x0a, 0x20, 0x20, 0x20, 0x20, 0x5f, 0x35, 0x39, 0x32, 0x2e, 0x79, 0x20, 0x3d, // w);.    _592.y =
	0x20, 0x5f, 0x6d, 0x74, 0x6c, 0x5f, 0x75, 0x2e, 0x75, 0x5f, 0x6d, 0x55, 0x56, 0x49, 0x6e, 0x76, //  _mtl_u.u_mUVInv
	0x65, 0x72, 0x73, 0x65, 0x64, 0x2e, 0x78, 0x20, 0x2b, 0x20, 0x28, 0x5f, 0x6d, 0x74, 0x6c, 0x5f, // ersed.x + (_mtl_
	0x75, 0x2e, 0x75, 0x5f, 0x6d, 0x55, 0x56, 0x49, 0x6e, 0x76, 0x65, 0x72, 0x73, 0x65, 0x64, 0x2e, // u.u_mUVInversed.
	0x79, 0x20, 0x2a, 0x20, 0x69, 0x6e, 0x2e, 0x61, 0x5f, 0x74, 0x65, 0x78, 0x63, 0x6f, 0x6f, 0x72, // y * in.a_texcoor
	0x64, 0x33, 0x2e, 0x79, 0x29, 0x3b, 0x0a, 0x20, 0x20, 0x20, 0x20, 0x5f, 0x35, 0x39, 0x32, 0x2e, // d3.y);.    _592.
	0x77, 0x20, 0x3d, 0x20, 0x5f, 0x6d, 0x74, 0x6c, 0x5f, 0x75, 0x2e, 0x75, 0x5f, 0x6d, 0x55, 0x56, // w = _mtl_u.u_mUV
	0x49, 0x6e, 0x76, 0x65, 0x72, 0x73, 0x65, 0x64, 0x2e, 0x78, 0x20, 0x2b, 0x20, 0x28, 0x5f, 0x6d, // Inversed.x + (_m
	0x74, 0x6c, 0x5f, 0x75, 0x2e, 0x75, 0x5f, 0x6d, 0x55, 0x56, 0x49, 0x6e, 0x76, 0x65, 0x72, 0x73, // tl_u.u_mUVInvers
	0x65, 0x64, 0x2e, 0x79, 0x20, 0x2a, 0x20, 0x69, 0x6e, 0x2e, 0x61, 0x5f, 0x74, 0x65, 0x78, 0x63, // ed.y * in.a_texc
	0x6f, 0x6f, 0x72, 0x64, 0x33, 0x2e, 0x77, 0x29, 0x3b, 0x0a, 0x20, 0x20, 0x20, 0x20, 0x66, 0x6c, // oord3.w);.    fl
	0x6f, 0x61, 0x74, 0x32, 0x20, 0x5f, 0x38, 0x35, 0x32, 0x20, 0x3d, 0x20, 0x5f, 0x31, 0x34, 0x30, // oat2 _852 = _140
	0x31, 0x2e, 0x78, 0x79, 0x3b, 0x0a, 0x20, 0x20, 0x20, 0x20, 0x66, 0x6c, 0x6f, 0x61, 0x74, 0x20, // 1.xy;.    float 
	0x5f, 0x31, 0x33, 0x38, 0x37, 0x3b, 0x0a, 0x20, 0x20, 0x20, 0x20, 0x66, 0x6c, 0x6f, 0x61, 0x74, // _1387;.    float
	0x32, 0x20, 0x5f, 0x31, 0x34, 0x36, 0x34, 0x3b, 0x0a, 0x20, 0x20, 0x20, 0x20, 0x69, 0x66, 0x20, // 2 _1464;.    if 
	0x28, 0x5f, 0x6d, 0x74, 0x6c, 0x5f, 0x75, 0x2e, 0x75, 0x5f, 0x66, 0x6c, 0x69, 0x70, 0x62, 0x6f, // (_mtl_u.u_flipbo
	0x6f, 0x6b, 0x50, 0x61, 0x72, 0x61, 0x6d, 0x65, 0x74, 0x65, 0x72, 0x31, 0x2e, 0x78, 0x20, 0x3e, // okParameter1.x >
	0x20, 0x30, 0x2e, 0x30, 0x29, 0x0a, 0x20, 0x20, 0x20, 0x20, 0x7b, 0x0a, 0x20, 0x20, 0x20, 0x20, //  0.0).    {.    
	0x20, 0x20, 0x20, 0x20, 0x66, 0x6c, 0x6f, 0x61, 0x74, 0x20, 0x5f, 0x39, 0x35, 0x31, 0x20, 0x3d, //     float _951 =
	0x20, 0x66, 0x6c, 0x6f, 0x6f, 0x72, 0x28, 0x69, 0x6e, 0x2e, 0x61, 0x5f, 0x74, 0x65, 0x78, 0x63, //  floor(in.a_texc
	0x6f, 0x6f, 0x72, 0x64, 0x34, 0x29, 0x3b, 0x0a, 0x20, 0x20, 0x20, 0x20, 0x20, 0x20, 0x20, 0x20, // oord4);.        
	0x66, 0x6c, 0x6f, 0x61, 0x74, 0x20, 0x5f, 0x39, 0x35, 0x34, 0x20, 0x3d, 0x20, 0x5f, 0x39, 0x35, // float _954 = _95
	0x31, 0x20, 0x2b, 0x20, 0x31, 0x2e, 0x30, 0x3b, 0x0a, 0x20, 0x20, 0x20, 0x20, 0x20, 0x20, 0x20, // 1 + 1.0;.       
	0x20, 0x66, 0x6c, 0x6f, 0x61, 0x74, 0x20, 0x5f, 0x39, 0x35, 0x37, 0x20, 0x3d, 0x20, 0x5f, 0x6d, //  float _957 = _m
	0x74, 0x6c, 0x5f, 0x75, 0x2e, 0x75, 0x5f, 0x66, 0x6c, 0x69, 0x70, 0x62, 0x6f, 0x6f, 0x6b, 0x50, // tl_u.u_flipbookP
	0x61, 0x72, 0x61, 0x6d, 0x65, 0x74, 0x65, 0x72, 0x31, 0x2e, 0x7a, 0x20, 0x2a, 0x20, 0x5f, 0x6d, // arameter1.z * _m
	0x74, 0x6c, 0x5f, 0x75, 0x2e, 0x75, 0x5f, 0x66, 0x6c, 0x69, 0x70, 0x62, 0x6f, 0x6f, 0x6b, 0x50, // tl_u.u_flipbookP
	0x61, 0x72, 0x61, 0x6d, 0x65, 0x74, 0x65, 0x72, 0x31, 0x2e, 0x77, 0x3b, 0x0a, 0x20, 0x20, 0x20, // arameter1.w;.   
	0x20, 0x20, 0x20, 0x20, 0x20, 0x66, 0x6c, 0x6f, 0x61, 0x74, 0x20, 0x5f, 0x31, 0x33, 0x37, 0x36, //      float _1376
	0x3b, 0x0a, 0x20, 0x20, 0x20, 0x20, 0x20, 0x20, 0x20, 0x20, 0x66, 0x6c, 0x6f, 0x61, 0x74, 0x20, // ;.        float 
	0x5f, 0x31, 0x33, 0x38, 0x32, 0x3b, 0x0a, 0x20, 0x20, 0x20, 0x20, 0x20, 0x20, 0x20, 0x20, 0x69, // _1382;.        i
	0x66, 0x20, 0x28, 0x5f, 0x6d, 0x74, 0x6c, 0x5f, 0x75, 0x2e, 0x75, 0x5f, 0x66, 0x6c, 0x69, 0x70, // f (_mtl_u.u_flip
	0x62, 0x6f, 0x6f, 0x6b, 0x50, 0x61, 0x72, 0x61, 0x6d, 0x65, 0x74, 0x65, 0x72, 0x31, 0x2e, 0x79, // bookParameter1.y
	0x20, 0x3d, 0x3d, 0x20, 0x30, 0x2e, 0x30, 0x29, 0x0a, 0x20, 0x20, 0x20, 0x20, 0x20, 0x20, 0x20, //  == 0.0).       
	0x20, 0x7b, 0x0a, 0x20, 0x20, 0x20, 0x20, 0x20, 0x20, 0x20, 0x20, 0x20, 0x20, 0x20, 0x20, 0x66, //  {.            f
	0x6c, 0x6f, 0x61, 0x74, 0x20, 0x5f, 0x31, 0x33, 0x37, 0x37, 0x3b, 0x0a, 0x20, 0x20, 0x20, 0x20, // loat _1377;.    
	0x20, 0x20, 0x20, 0x20, 0x20, 0x20, 0x20, 0x20, 0x66, 0x6c, 0x6f, 0x61, 0x74, 0x20, 0x5f, 0x31, //         float _1
	0x33, 0x38, 0x33, 0x3b, 0x0a, 0x20, 0x20, 0x20, 0x20, 0x20, 0x20, 0x20, 0x20, 0x20, 0x20, 0x20, // 383;.           
	0x20, 0x69, 0x66, 0x20, 0x28, 0x5f, 0x39, 0x35, 0x34, 0x20, 0x3e, 0x3d, 0x20, 0x5f, 0x39, 0x35, //  if (_954 >= _95
	0x37, 0x29, 0x0a, 0x20, 0x20, 0x20, 0x20, 0x20, 0x20, 0x20, 0x20, 0x20, 0x20, 0x20, 0x20, 0x7b, // 7).            {
	0x0a, 0x20, 0x20, 0x20, 0x20, 0x20, 0x20, 0x20, 0x20, 0x20, 0x20, 0x20, 0x20, 0x20, 0x20, 0x20, // .               
	0x20, 0x66, 0x6c, 0x6f, 0x61, 0x74, 0x20, 0x5f, 0x39, 0x36, 0x36, 0x20, 0x3d, 0x20, 0x5f, 0x39, //  float _966 = _9
	0x35, 0x37, 0x20, 0x2d, 0x20, 0x31, 0x2e, 0x30, 0x3b, 0x0a, 0x20, 0x20, 0x20, 0x20, 0x20, 0x20, // 57 - 1.0;.      
	0x20, 0x20, 0x20, 0x20, 0x20, 0x20, 0x20, 0x20, 0x20, 0x20, 0x5f, 0x31, 0x33, 0x38, 0x33, 0x20, //           _1383 
	0x3d, 0x20, 0x5f, 0x39, 0x36, 0x36, 0x3b, 0x0a, 0x20, 0x20, 0x20, 0x20, 0x20, 0x20, 0x20, 0x20, // = _966;.        
	0x20, 0x20, 0x20, 0x20, 0x20, 0x20, 0x20, 0x20, 0x5f, 0x31, 0x33, 0x37, 0x37, 0x20, 0x3d, 0x20, //         _1377 = 
	0x5f, 0x39, 0x36, 0x36, 0x3b, 0x0a, 0x20, 0x20, 0x20, 0x20, 0x20, 0x20, 0x20, 0x20, 0x20, 0x20, // _966;.          
	0x20, 0x20, 0x7d, 0x0a, 0x20, 0x20, 0x20, 0x20, 0x20, 0x20, 0x20, 0x20, 0x20, 0x20, 0x20, 0x20, //   }.            
	0x65, 0x6c, 0x73, 0x65, 0x0a, 0x20, 0x20, 0x20, 0x20, 0x20, 0x20, 0x20, 0x20, 0x20, 0x20, 0x20, // else.           
	0x20, 0x7b, 0x0a, 0x20, 0x20, 0x20, 0x20, 0x20, 0x20, 0x20, 0x20, 0x20, 0x20, 0x20, 0x20, 0x20, //  {.             
	0x20, 0x20, 0x20, 0x5f, 0x31, 0x33, 0x38, 0x33, 0x20, 0x3d, 0x20, 0x5f, 0x39, 0x35, 0x34, 0x3b, //    _1383 = _954;
	0x0a, 0x20, 0x20, 0x20, 0x20, 0x20, 0x20, 0x20, 0x20, 0x20, 0x20, 0x20, 0x20, 0x20, 0x20, 0x20, // .               
	0x20, 0x5f, 0x31, 0x33, 0x37, 0x37, 0x20, 0x3d, 0x20, 0x5f, 0x39, 0x35, 0x31, 0x3b, 0x0a, 0x20, //  _1377 = _951;. 
	0x20, 0x20, 0x20, 0x20, 0x20, 0x20, 0x20, 0x20, 0x20, 0x20, 0x20, 0x7d, 0x0a, 0x20, 0x20, 0x20, //            }.   
	0x20, 0x20, 0x20, 0x20, 0x20, 0x20, 0x20, 0x20, 0x20, 0x5f, 0x31, 0x33, 0x38, 0x32, 0x20, 0x3d, //          _1382 =
	0x20, 0x5f, 0x31, 0x33, 0x38, 0x33, 0x3b, 0x0a, 0x20, 0x20, 0x20, 0x20, 0x20, 0x20, 0x20, 0x20, //  _1383;.        
	0x20, 0x20, 0x20, 0x20, 0x5f, 0x31, 0x33, 0x37, 0x36, 0x20, 0x3d, 0x20, 0x5f, 0x31, 0x33, 0x37, //     _1376 = _137
	0x37, 0x3b, 0x0a, 0x20, 0x20, 0x20, 0x20, 0x20, 0x20, 0x20, 0x20, 0x7d, 0x0a, 0x20, 0x20, 0x20, // 7;.        }.   
	0x20, 0x20, 0x20, 0x20, 0x20, 0x65, 0x6c, 0x73, 0x65, 0x0a, 0x20, 0x20, 0x20, 0x20, 0x20, 0x20, //      else.      
	0x20, 0x20, 0x7b, 0x0a, 0x20, 0x20, 0x20, 0x20, 0x20, 0x20, 0x20, 0x20, 0x20, 0x20, 0x20, 0x20, //   {.            
	0x66, 0x6c, 0x6f, 0x61, 0x74, 0x20, 0x5f, 0x31, 0x33, 0x37, 0x38, 0x3b, 0x0a, 0x20, 0x20, 0x20, // float _1378;.   
	0x20, 0x20, 0x20, 0x20, 0x20, 0x20, 0x20, 0x20, 0x20, 0x66, 0x6c, 0x6f, 0x61, 0x74, 0x20, 0x5f, //          float _
	0x31, 0x33, 0x38, 0x34, 0x3b, 0x0a, 0x20, 0x20, 0x20, 0x20, 0x20, 0x20, 0x20, 0x20, 0x20, 0x20, // 1384;.          
	0x20, 0x20, 0x69, 0x66, 0x20, 0x28, 0x5f, 0x6d, 0x74, 0x6c, 0x5f, 0x75, 0x2e, 0x75, 0x5f, 0x66, //   if (_mtl_u.u_f
	0x6c, 0x69, 0x70, 0x62, 0x6f, 0x6f, 0x6b, 0x50, 0x61, 0x72, 0x61, 0x6d, 0x65, 0x74, 0x65, 0x72, // lipbookParameter
	0x31, 0x2e, 0x79, 0x20, 0x3d, 0x3d, 0x20, 0x31, 0x2e, 0x30, 0x29, 0x0a, 0x20, 0x20, 0x20, 0x20, // 1.y == 1.0).    
	0x20, 0x20, 0x20, 0x20, 0x20, 0x20, 0x20, 0x20, 0x7b, 0x0a, 0x20, 0x20, 0x20, 0x20, 0x20, 0x20, //         {.      
	0x20, 0x20, 0x20, 0x20, 0x20, 0x20, 0x20, 0x20, 0x20, 0x20, 0x5f, 0x31, 0x33, 0x38, 0x34, 0x20, //           _1384 
	0x3d, 0x20, 0x5f, 0x39, 0x35, 0x34, 0x20, 0x2d, 0x20, 0x28, 0x5f, 0x39, 0x35, 0x37, 0x20, 0x2a, // = _954 - (_957 *
	0x20, 0x66, 0x6c, 0x6f, 0x6f, 0x72, 0x28, 0x5f, 0x39, 0x35, 0x34, 0x20, 0x2f, 0x20, 0x5f, 0x39, //  floor(_954 / _9
	0x35, 0x37, 0x29, 0x29, 0x3b, 0x0a, 0x20, 0x20, 0x20, 0x20, 0x20, 0x20, 0x20, 0x20, 0x20, 0x20, // 57));.          
	0x20, 0x20, 0x20, 0x20, 0x20, 0x20, 0x5f, 0x31, 0x33, 0x37, 0x38, 0x20, 0x3d, 0x20, 0x5f, 0x39, //       _1378 = _9
	0x35, 0x31, 0x20, 0x2d, 0x20, 0x28, 0x5f, 0x39, 0x35, 0x37, 0x20, 0x2a, 0x20, 0x66, 0x6c, 0x6f, // 51 - (_957 * flo
	0x6f, 0x72, 0x28, 0x5f, 0x39, 0x35, 0x31, 0x20, 0x2f, 0x20, 0x5f, 0x39, 0x35, 0x37, 0x29, 0x29, // or(_951 / _957))
	0x3b, 0x0a, 0x20, 0x20, 0x20, 0x20, 0x20, 0x20, 0x20, 0x20, 0x20, 0x20, 0x20, 0x20, 0x7d, 0x0a, // ;.            }.
	0x20, 0x20, 0x20, 0x20, 0x20, 0x20, 0x20, 0x20, 0x20, 0x20, 0x20, 0x20, 0x65, 0x6c, 0x73, 0x65, //             else
	0x0a, 0x20, 0x20, 0x20, 0x20, 0x20, 0x20, 0x20, 0x20, 0x20, 0x20, 0x20, 0x20, 0x7b, 0x0a, 0x20, // .            {. 
	0x20, 0x20, 0x20, 0x20, 0x20, 0x20, 0x20, 0x20, 0x20, 0x20, 0x20, 0x20, 0x20, 0x20, 0x20, 0x66, //                f
	0x6c, 0x6f, 0x61, 0x74, 0x20, 0x5f, 0x31, 0x33, 0x37, 0x39, 0x3b, 0x0a, 0x20, 0x20, 0x20, 0x20, // loat _1379;.    
	0x20, 0x20, 0x20, 0x20, 0x20, 0x20, 0x20, 0x20, 0x20, 0x20, 0x20, 0x20, 0x66, 0x6c, 0x6f, 0x61, //             floa
	0x74, 0x20, 0x5f, 0x31, 0x33, 0x38, 0x35, 0x3b, 0x0a, 0x20, 0x20, 0x20, 0x20, 0x20, 0x20, 0x20, // t _1385;.       
	0x20, 0x20, 0x20, 0x20, 0x20, 0x20, 0x20, 0x20, 0x20, 0x69, 0x66, 0x20, 0x28, 0x5f, 0x6d, 0x74, //          if (_mt
	0x6c, 0x5f, 0x75, 0x2e, 0x75, 0x5f, 0x66, 0x6c, 0x69, 0x70, 0x62, 0x6f, 0x6f, 0x6b, 0x50, 0x61, // l_u.u_flipbookPa
	0x72, 0x61, 0x6d, 0x65, 0x74, 0x65, 0x72, 0x31, 0x2e, 0x79, 0x20, 0x3d, 0x3d, 0x20, 0x32, 0x2e, // rameter1.y == 2.
	0x30, 0x29, 0x0a, 0x20, 0x20, 0x20, 0x20, 0x20, 0x20, 0x20, 0x20, 0x20, 0x20, 0x20, 0x20, 0x20, // 0).             
	0x20, 0x20, 0x20, 0x7b, 0x0a, 0x20, 0x20, 0x20, 0x20, 0x20, 0x20, 0x20, 0x20, 0x20, 0x20, 0x20, //    {.           
	0x20, 0x20, 0x20, 0x20, 0x20, 0x20, 0x20, 0x20, 0x20, 0x66, 0x6c, 0x6f, 0x61, 0x74, 0x20, 0x5f, //          float _
	0x39, 0x38, 0x37, 0x20, 0x3d, 0x20, 0x66, 0x6c, 0x6f, 0x6f, 0x72, 0x28, 0x5f, 0x39, 0x35, 0x31, // 987 = floor(_951
	0x20, 0x2f, 0x20, 0x5f, 0x39, 0x35, 0x37, 0x29, 0x3b, 0x0a, 0x20, 0x20, 0x20, 0x20, 0x20, 0x20, //  / _957);.      
	0x20, 0x20, 0x20, 0x20, 0x20, 0x20, 0x20, 0x20, 0x20, 0x20, 0x20, 0x20, 0x20, 0x20, 0x66, 0x6c, //               fl
	0x6f, 0x61, 0x74, 0x20, 0x5f, 0x31, 0x31, 0x30, 0x32, 0x20, 0x3d, 0x20, 0x5f, 0x39, 0x35, 0x31, // oat _1102 = _951
	0x20, 0x2d, 0x20, 0x28, 0x5f, 0x39, 0x35, 0x37, 0x20, 0x2a, 0x20, 0x5f, 0x39, 0x38, 0x37, 0x29, //  - (_957 * _987)
	0x3b, 0x0a, 0x20, 0x20, 0x20, 0x20, 0x20, 0x20, 0x20, 0x20, 0x20, 0x20, 0x20, 0x20, 0x20, 0x20, // ;.              
	0x20, 0x20, 0x20, 0x20, 0x20, 0x20, 0x66, 0x6c, 0x6f, 0x61, 0x74, 0x20, 0x5f, 0x31, 0x33, 0x38, //       float _138
	0x31, 0x3b, 0x0a, 0x20, 0x20, 0x20, 0x20, 0x20, 0x20, 0x20, 0x20, 0x20, 0x20, 0x20, 0x20, 0x20, // 1;.             
	0x20, 0x20, 0x20, 0x20, 0x20, 0x20, 0x20, 0x69, 0x66, 0x20, 0x28, 0x28, 0x5f, 0x39, 0x38, 0x37, //        if ((_987
	0x20, 0x2d, 0x20, 0x28, 0x32, 0x2e, 0x30, 0x20, 0x2a, 0x20, 0x66, 0x6c, 0x6f, 0x6f, 0x72, 0x28, //  - (2.0 * floor(
	0x5f, 0x39, 0x38, 0x37, 0x20, 0x2a, 0x20, 0x30, 0x2e, 0x35, 0x29, 0x29, 0x29, 0x20, 0x3d, 0x3d, // _987 * 0.5))) ==
	0x20, 0x31, 0x2e, 0x30, 0x29, 0x0a, 0x20, 0x20, 0x20, 0x20, 0x20, 0x20, 0x20, 0x20, 0x20, 0x20, //  1.0).          
	0x20, 0x20, 0x20, 0x20, 0x20, 0x20, 0x20, 0x20, 0x20, 0x20, 0x7b, 0x0a, 0x20, 0x20, 0x20, 0x20, //           {.    
	0x20, 0x20, 0x20, 0x20, 0x20, 0x20, 0x20, 0x20, 0x20, 0x20, 0x20, 0x20, 0x20, 0x20, 0x20, 0x20, //                 
	0x20, 0x20, 0x20, 0x20, 0x5f, 0x31, 0x33, 0x38, 0x31, 0x20, 0x3d, 0x20, 0x28, 0x5f, 0x39, 0x35, //     _1381 = (_95
	0x37, 0x20, 0x2d, 0x20, 0x31, 0x2e, 0x30, 0x29, 0x20, 0x2d, 0x20, 0x66, 0x6c, 0x6f, 0x6f, 0x72, // 7 - 1.0) - floor
	0x28, 0x5f, 0x31, 0x31, 0x30, 0x32, 0x29, 0x3b, 0x0a, 0x20, 0x20, 0x20, 0x20, 0x20, 0x20, 0x20, // (_1102);.       
	0x20, 0x20, 0x20, 0x20, 0x20, 0x20, 0x20, 0x20, 0x20, 0x20, 0x20, 0x20, 0x20, 0x7d, 0x0a, 0x20, //              }. 
	0x20, 0x20, 0x20, 0x20, 0x20, 0x20, 0x20, 0x20, 0x20, 0x20, 0x20, 0x20, 0x20, 0x20, 0x20, 0x20, //                 
	0x20, 0x20, 0x20, 0x65, 0x6c, 0x73, 0x65, 0x0a, 0x20, 0x20, 0x20, 0x20, 0x20, 0x20, 0x20, 0x20, //    else.        
	0x20, 0x20, 0x20, 0x20, 0x20, 0x20, 0x20, 0x20, 0x20, 0x20, 0x20, 0x20, 0x7b, 0x0a, 0x20, 0x20, //             {.  
	0x20, 0x20, 0x20, 0x20, 0x20, 0x20, 0x20, 0x20, 0x20, 0x20, 0x20, 0x20, 0x20, 0x20, 0x20, 0x20, //                 
	0x20, 0x20, 0x20, 0x20, 0x20, 0x20, 0x5f, 0x31, 0x33, 0x38, 0x31, 0x20, 0x3d, 0x20, 0x5f, 0x31, //       _1381 = _1
	0x31, 0x30, 0x32, 0x3b, 0x0a, 0x20, 0x20, 0x20, 0x20, 0x20, 0x20, 0x20, 0x20, 0x20, 0x20, 0x20, // 102;.           
	0x20, 0x20, 0x20, 0x20, 0x20, 0x20, 0x20, 0x20, 0x20, 0x7d, 0x0a, 0x20, 0x20, 0x20, 0x20, 0x20, //          }.     
	0x20, 0x20, 0x20, 0x20, 0x20, 0x20, 0x20, 0x20, 0x20, 0x20, 0x20, 0x20, 0x20, 0x20, 0x20, 0x66, //                f
	0x6c, 0x6f, 0x61, 0x74, 0x20, 0x5f, 0x31, 0x30, 0x30, 0x34, 0x20, 0x3d, 0x20, 0x66, 0x6c, 0x6f, // loat _1004 = flo
	0x6f, 0x72, 0x28, 0x5f, 0x39, 0x35, 0x34, 0x20, 0x2f, 0x20, 0x5f, 0x39, 0x35, 0x37, 0x29, 0x3b, // or(_954 / _957);
	0x0a, 0x20, 0x20, 0x20, 0x20, 0x20, 0x20, 0x20, 0x20, 0x20, 0x20, 0x20, 0x20, 0x20, 0x20, 0x20, // .               
	0x20, 0x20, 0x20, 0x20, 0x20, 0x66, 0x6c, 0x6f, 0x61, 0x74, 0x20, 0x5f, 0x31, 0x31, 0x32, 0x32, //      float _1122
	0x20, 0x3d, 0x20, 0x5f, 0x39, 0x35, 0x34, 0x20, 0x2d, 0x20, 0x28, 0x5f, 0x39, 0x35, 0x37, 0x20, //  = _954 - (_957 
	0x2a, 0x20, 0x5f, 0x31, 0x30, 0x30, 0x34, 0x29, 0x3b, 0x0a, 0x20, 0x20, 0x20, 0x20, 0x20, 0x20, // * _1004);.      
	0x20, 0x20, 0x20, 0x20, 0x20, 0x20, 0x20, 0x20, 0x20, 0x20, 0x20, 0x20, 0x20, 0x20, 0x66, 0x6c, //               fl
	0x6f, 0x61, 0x74, 0x20, 0x5f, 0x31, 0x33, 0x38, 0x36, 0x3b, 0x0a, 0x20, 0x20, 0x20, 0x20, 0x20, // oat _1386;.     
	0x20, 0x20, 0x20, 0x20, 0x20, 0x20, 0x20, 0x20, 0x20, 0x20, 0x20, 0x20, 0x20, 0x20, 0x20, 0x69, //                i
	0x66, 0x20, 0x28, 0x28, 0x5f, 0x31, 0x30, 0x30, 0x34, 0x20, 0x2d, 0x20, 0x28, 0x32, 0x2e, 0x30, // f ((_1004 - (2.0
	0x20, 0x2a, 0x20, 0x66, 0x6c, 0x6f, 0x6f, 0x72, 0x28, 0x5f, 0x31, 0x30, 0x30, 0x34, 0x20, 0x2a, //  * floor(_1004 *
	0x20, 0x30, 0x2e, 0x35, 0x29, 0x29, 0x29, 0x20, 0x3d, 0x3d, 0x20, 0x31, 0x2e, 0x30, 0x29, 0x0a, //  0.5))) == 1.0).
	0x20, 0x20, 0x20, 0x20, 0x20, 0x20, 0x20, 0x20, 0x20, 0x20, 0x20, 0x20, 0x20, 0x20, 0x20, 0x20, //                 
	0x20, 0x20, 0x20, 0x20, 0x7b, 0x0a, 0x20, 0x20, 0x20, 0x20, 0x20, 0x20, 0x20, 0x20, 0x20, 0x20, //     {.          
	0x20, 0x20, 0x20, 0x20, 0x20, 0x20, 0x20, 0x20, 0x20, 0x20, 0x20, 0x20, 0x20, 0x20, 0x5f, 0x31, //               _1
	0x33, 0x38, 0x36, 0x20, 0x3d, 0x20, 0x28, 0x5f, 0x39, 0x35, 0x37, 0x20, 0x2d, 0x20, 0x31, 0x2e, // 386 = (_957 - 1.
	0x30, 0x29, 0x20, 0x2d, 0x20, 0x66, 0x6c, 0x6f, 0x6f, 0x72, 0x28, 0x5f, 0x31, 0x31, 0x32, 0x32, // 0) - floor(_1122
	0x29, 0x3b, 0x0a, 0x20, 0x20, 0x20, 0x20, 0x20, 0x20, 0x20, 0x20, 0x20, 0x20, 0x20, 0x20, 0x20, // );.             
	0x20, 0x20, 0x20, 0x20, 0x20, 0x20, 0x20, 0x7d, 0x0a, 0x20, 0x20, 0x20, 0x20, 0x20, 0x20, 0x20, //        }.       
	0x20, 0x20, 0x20, 0x20, 0x20, 0x20, 0x20, 0x20, 0x20, 0x20, 0x20, 0x20, 0x20, 0x65, 0x6c, 0x73, //              els
	0x65, 0x0a, 0x20, 0x20, 0x20, 0x20, 0x20, 0x20, 0x20, 0x20, 0x20, 0x20, 0x20, 0x20, 0x20, 0x20, // e.              
	0x20, 0x20, 0x20, 0x20, 0x20, 0x20, 0x7b, 0x0a, 0x20, 0x20, 0x20, 0x20, 0x20, 0x20, 0x20, 0x20, //       {.        
	0x20, 0x20, 0x20, 0x20, 0x20, 0x20, 0x20, 0x20, 0x20, 0x20, 0x20, 0x20, 0x20, 0x20, 0x20, 0x20, //                 
	0x5f, 0x31, 0x33, 0x38, 0x36, 0x20, 0x3d, 0x20, 0x5f, 0x31, 0x31, 0x32, 0x32, 0x3b, 0x0a, 0x20, // _1386 = _1122;. 
	0x20, 0x20, 0x20, 0x20, 0x20, 0x20, 0x20, 0x20, 0x20, 0x20, 0x20, 0x20, 0x20, 0x20, 0x20, 0x20, //                 
	0x20, 0x20, 0x20, 0x7d, 0x0a, 0x20, 0x20, 0x20, 0x20, 0x20, 0x20, 0x20, 0x20, 0x20, 0x20, 0x20, //    }.           
	0x20, 0x20, 0x20, 0x20, 0x20, 0x20, 0x20, 0x20, 0x20, 0x5f, 0x31, 0x33, 0x38, 0x35, 0x20, 0x3d, //          _1385 =
	0x20, 0x5f, 0x31, 0x33, 0x38, 0x36, 0x3b, 0x0a, 0x20, 0x20, 0x20, 0x20, 0x20, 0x20, 0x20, 0x20, //  _1386;.        
	0x20, 0x20, 0x20, 0x20, 0x20, 0x20, 0x20, 0x20, 0x20, 0x20, 0x20, 0x20, 0x5f, 0x31, 0x33, 0x37, //             _137
	0x39, 0x20, 0x3d, 0x20, 0x5f, 0x31, 0x33, 0x38, 0x31, 0x3b, 0x0a, 0x20, 0x20, 0x20, 0x20, 0x20, // 9 = _1381;.     
	0x20, 0x20, 0x20, 0x20, 0x20, 0x20, 0x20, 0x20, 0x20, 0x20, 0x20, 0x7d, 0x0a, 0x20, 0x20, 0x20, //            }.   
	0x20, 0x20, 0x20, 0x20, 0x20, 0x20, 0x20, 0x20, 0x20, 0x20, 0x20, 0x20, 0x20, 0x65, 0x6c, 0x73, //              els
	0x65, 0x0a, 0x20, 0x20, 0x20, 0x20, 0x20, 0x20, 0x20, 0x20, 0x20, 0x20, 0x20, 0x20, 0x20, 0x20, // e.              
	0x20, 0x20, 0x7b, 0x0a, 0x20, 0x20, 0x20, 0x20, 0x20, 0x20, 0x20, 0x20, 0x20, 0x20, 0x20, 0x20, //   {.            
	0x20, 0x20, 0x20, 0x20, 0x20, 0x20, 0x20, 0x20, 0x5f, 0x31, 0x33, 0x38, 0x35, 0x20, 0x3d, 0x20, //         _1385 = 
	0x5f, 0x39, 0x35, 0x34, 0x3b, 0x0a, 0x20, 0x20, 0x20, 0x20, 0x20, 0x20, 0x20, 0x20, 0x20, 0x20, // _954;.          
	0x20, 0x20, 0x20, 0x20, 0x20, 0x20, 0x20, 0x20, 0x20, 0x20, 0x5f, 0x31, 0x33, 0x37, 0x39, 0x20, //           _1379 
	0x3d, 0x20, 0x5f, 0x39, 0x35, 0x31, 0x3b, 0x0a, 0x20, 0x20, 0x20, 0x20, 0x20, 0x20, 0x20, 0x20, // = _951;.        
	0x20, 0x20, 0x20, 0x20, 0x20, 0x20, 0x20, 0x20, 0x7d, 0x0a, 0x20, 0x20, 0x20, 0x20, 0x20, 0x20, //         }.      
	0x20, 0x20, 0x20, 0x20, 0x20, 0x20, 0x20, 0x20, 0x20, 0x20, 0x5f, 0x31, 0x33, 0x38, 0x34, 0x20, //           _1384 
	0x3d, 0x20, 0x5f, 0x31, 0x33, 0x38, 0x35, 0x3b, 0x0a, 0x20, 0x20, 0x20, 0x20, 0x20, 0x20, 0x20, // = _1385;.       
	0x20, 0x20, 0x20, 0x20, 0x20, 0x20, 0x20, 0x20, 0x20, 0x5f, 0x31, 0x33, 0x37, 0x38, 0x20, 0x3d, //          _1378 =
	0x20, 0x5f, 0x31, 0x33, 0x37, 0x39, 0x3b, 0x0a, 0x20, 0x20, 0x20, 0x20, 0x20, 0x20, 0x20, 0x20, //  _1379;.        
	0x20, 0x20, 0x20, 0x20, 0x7d, 0x0a, 0x20, 0x20, 0x20, 0x20, 0x20, 0x20, 0x20, 0x20, 0x20, 0x20, //     }.          
	0x20, 0x20, 0x5f, 0x31, 0x33, 0x38, 0x32, 0x20, 0x3d, 0x20, 0x5f, 0x31, 0x33, 0x38, 0x34, 0x3b, //   _1382 = _1384;
	0x0a, 0x20, 0x20, 0x20, 0x20, 0x20, 0x20, 0x20, 0x20, 0x20, 0x20, 0x20, 0x20, 0x5f, 0x31, 0x33, // .            _13
	0x37, 0x36, 0x20, 0x3d, 0x20, 0x5f, 0x31, 0x33, 0x37, 0x38, 0x3b, 0x0a, 0x20, 0x20, 0x20, 0x20, // 76 = _1378;.    
	0x20, 0x20, 0x20, 0x20, 0x7d, 0x0a, 0x20, 0x20, 0x20, 0x20, 0x20, 0x20, 0x20, 0x20, 0x5f, 0x38, //     }.        _8
	0x35, 0x32, 0x2e, 0x79, 0x20, 0x3d, 0x20, 0x5f, 0x6d, 0x74, 0x6c, 0x5f, 0x75, 0x2e, 0x75, 0x5f, // 52.y = _mtl_u.u_
	0x6d, 0x55, 0x56, 0x49, 0x6e, 0x76, 0x65, 0x72, 0x73, 0x65, 0x64, 0x2e, 0x78, 0x20, 0x2b, 0x20, // mUVInversed.x + 
	0x28, 0x5f, 0x6d, 0x74, 0x6c, 0x5f, 0x75, 0x2e, 0x75, 0x5f, 0x6d, 0x55, 0x56, 0x49, 0x6e, 0x76, // (_mtl_u.u_mUVInv
	0x65, 0x72, 0x73, 0x65, 0x64, 0x2e, 0x79, 0x20, 0x2a, 0x20, 0x5f, 0x37, 0x33, 0x31, 0x29, 0x3b, // ersed.y * _731);
	0x0a, 0x20, 0x20, 0x20, 0x20, 0x20, 0x20, 0x20, 0x20, 0x69, 0x6e, 0x74, 0x20, 0x5f, 0x31, 0x31, // .        int _11
	0x33, 0x30, 0x20, 0x3d, 0x20, 0x69, 0x6e, 0x74, 0x28, 0x5f, 0x31, 0x33, 0x37, 0x36, 0x29, 0x3b, // 30 = int(_1376);
	0x0a, 0x20, 0x20, 0x20, 0x20, 0x20, 0x20, 0x20, 0x20, 0x66, 0x6c, 0x6f, 0x61, 0x74, 0x20, 0x5f, // .        float _
	0x31, 0x31, 0x33, 0x31, 0x20, 0x3d, 0x20, 0x66, 0x6c, 0x6f, 0x61, 0x74, 0x28, 0x5f, 0x31, 0x31, // 1131 = float(_11
	0x33, 0x30, 0x29, 0x3b, 0x0a, 0x20, 0x20, 0x20, 0x20, 0x20, 0x20, 0x20, 0x20, 0x69, 0x6e, 0x74, // 30);.        int
	0x20, 0x5f, 0x31, 0x31, 0x33, 0x33, 0x20, 0x3d, 0x20, 0x69, 0x6e, 0x74, 0x28, 0x5f, 0x6d, 0x74, //  _1133 = int(_mt
	0x6c, 0x5f, 0x75, 0x2e, 0x75, 0x5f, 0x66, 0x6c, 0x69, 0x70, 0x62, 0x6f, 0x6f, 0x6b, 0x50, 0x61, // l_u.u_flipbookPa
	0x72, 0x61, 0x6d, 0x65, 0x74, 0x65, 0x72, 0x31, 0x2e, 0x7a, 0x29, 0x3b, 0x0a, 0x20, 0x20, 0x20, // rameter1.z);.   
	0x20, 0x20, 0x20, 0x20, 0x20, 0x66, 0x6c, 0x6f, 0x61, 0x74, 0x20, 0x5f, 0x31, 0x31, 0x33, 0x34, //      float _1134
	0x20, 0x3d, 0x20, 0x66, 0x6c, 0x6f, 0x61, 0x74, 0x28, 0x5f, 0x31, 0x31, 0x33, 0x33, 0x29, 0x3b, //  = float(_1133);
	0x0a, 0x20, 0x20, 0x20, 0x20, 0x20, 0x20, 0x20, 0x20, 0x69, 0x6e, 0x74, 0x20, 0x5f, 0x31, 0x31, // .        int _11
	0x36, 0x38, 0x20, 0x3d, 0x20, 0x69, 0x6e, 0x74, 0x28, 0x5f, 0x31, 0x33, 0x38, 0x32, 0x29, 0x3b, // 68 = int(_1382);
	0x0a, 0x20, 0x20, 0x20, 0x20, 0x20, 0x20, 0x20, 0x20, 0x66, 0x6c, 0x6f, 0x61, 0x74, 0x20, 0x5f, // .        float _
	0x31, 0x31, 0x36, 0x39, 0x20, 0x3d, 0x20, 0x66, 0x6c, 0x6f, 0x61, 0x74, 0x28, 0x5f, 0x31, 0x31, // 1169 = float(_11
	0x36, 0x38, 0x29, 0x3b, 0x0a, 0x20, 0x20, 0x20, 0x20, 0x20, 0x20, 0x20, 0x20, 0x66, 0x6c, 0x6f, // 68);.        flo
	0x61, 0x74, 0x32, 0x20, 0x5f, 0x31, 0x31, 0x38, 0x38, 0x20, 0x3d, 0x20, 0x28, 0x28, 0x5f, 0x38, // at2 _1188 = ((_8
	0x35, 0x32, 0x20, 0x2d, 0x20, 0x28, 0x28, 0x66, 0x6c, 0x6f, 0x61, 0x74, 0x32, 0x28, 0x5f, 0x31, // 52 - ((float2(_1
	0x31, 0x33, 0x31, 0x20, 0x2d, 0x20, 0x28, 0x5f, 0x31, 0x31, 0x33, 0x34, 0x20, 0x2a, 0x20, 0x66, // 131 - (_1134 * f
	0x6c, 0x6f, 0x6f, 0x72, 0x28, 0x5f, 0x31, 0x31, 0x33, 0x31, 0x20, 0x2f, 0x20, 0x5f, 0x31, 0x31, // loor(_1131 / _11
	0x33, 0x34, 0x29, 0x29, 0x2c, 0x20, 0x66, 0x6c, 0x6f, 0x61, 0x74, 0x28, 0x5f, 0x31, 0x31, 0x33, // 34)), float(_113
	0x30, 0x20, 0x2f, 0x20, 0x5f, 0x31, 0x31, 0x33, 0x33, 0x29, 0x29, 0x20, 0x2a, 0x20, 0x5f, 0x6d, // 0 / _1133)) * _m
	0x74, 0x6c, 0x5f, 0x75, 0x2e, 0x75, 0x5f, 0x66, 0x6c, 0x69, 0x70, 0x62, 0x6f, 0x6f, 0x6b, 0x50, // tl_u.u_flipbookP
	0x61, 0x72, 0x61, 0x6d, 0x65, 0x74, 0x65, 0x72, 0x32, 0x2e, 0x78, 0x79, 0x29, 0x20, 0x2b, 0x20, // arameter2.xy) + 
	0x5f, 0x6d, 0x74, 0x6c, 0x5f, 0x75, 0x2e, 0x75, 0x5f, 0x66, 0x6c, 0x69, 0x70, 0x62, 0x6f, 0x6f, // _mtl_u.u_flipboo
	0x6b, 0x50, 0x61, 0x72, 0x61, 0x6d, 0x65, 0x74, 0x65, 0x72, 0x32, 0x2e, 0x7a, 0x77, 0x29, 0x29, // kParameter2.zw))
	0x20, 0x2b, 0x20, 0x28, 0x66, 0x6c, 0x6f, 0x61, 0x74, 0x32, 0x28, 0x5f, 0x31, 0x31, 0x36, 0x39, //  + (float2(_1169
	0x20, 0x2d, 0x20, 0x28, 0x5f, 0x31, 0x31, 0x33, 0x34, 0x20, 0x2a, 0x20, 0x66, 0x6c, 0x6f, 0x6f, //  - (_1134 * floo
	0x72, 0x28, 0x5f, 0x31, 0x31, 0x36, 0x39, 0x20, 0x2f, 0x20, 0x5f, 0x31, 0x31, 0x33, 0x34, 0x29, // r(_1169 / _1134)
	0x29, 0x2c, 0x20, 0x66, 0x6c, 0x6f, 0x61, 0x74, 0x28, 0x5f, 0x31, 0x31, 0x36, 0x38, 0x20, 0x2f, // ), float(_1168 /
	0x20, 0x5f, 0x31, 0x31, 0x33, 0x33, 0x29, 0x29, 0x20, 0x2a, 0x20, 0x5f, 0x6d, 0x74, 0x6c, 0x5f, //  _1133)) * _mtl_
	0x75, 0x2e, 0x75, 0x5f, 0x66, 0x6c, 0x69, 0x70, 0x62, 0x6f, 0x6f, 0x6b, 0x50, 0x61, 0x72, 0x61, // u.u_flipbookPara
	0x6d, 0x65, 0x74, 0x65, 0x72, 0x32, 0x2e, 0x78, 0x79, 0x29, 0x29, 0x20, 0x2b, 0x20, 0x5f, 0x6d, // meter2.xy)) + _m
	0x74, 0x6c, 0x5f, 0x75, 0x2e, 0x75, 0x5f, 0x66, 0x6c, 0x69, 0x70, 0x62, 0x6f, 0x6f, 0x6b, 0x50, // tl_u.u_flipbookP
	0x61, 0x72, 0x61, 0x6d, 0x65, 0x74, 0x65, 0x72, 0x32, 0x2e, 0x7a, 0x77, 0x3b, 0x0a, 0x20, 0x20, // arameter2.zw;.  
	0x20, 0x20, 0x20, 0x20, 0x20, 0x20, 0x5f, 0x31, 0x31, 0x38, 0x38, 0x2e, 0x79, 0x20, 0x3d, 0x20, //       _1188.y = 
	0x5f, 0x6d, 0x74, 0x6c, 0x5f, 0x75, 0x2e, 0x75, 0x5f, 0x6d, 0x55, 0x56, 0x49, 0x6e, 0x76, 0x65, // _mtl_u.u_mUVInve
	0x72, 0x73, 0x65, 0x64, 0x2e, 0x78, 0x20, 0x2b, 0x20, 0x28, 0x5f, 0x6d, 0x74, 0x6c, 0x5f, 0x75, // rsed.x + (_mtl_u
	0x2e, 0x75, 0x5f, 0x6d, 0x55, 0x56, 0x49, 0x6e, 0x76, 0x65, 0x72, 0x73, 0x65, 0x64, 0x2e, 0x79, // .u_mUVInversed.y
	0x20, 0x2a, 0x20, 0x5f, 0x31, 0x31, 0x38, 0x38, 0x2e, 0x79, 0x29, 0x3b, 0x0a, 0x20, 0x20, 0x20, //  * _1188.y);.   
	0x20, 0x20, 0x20, 0x20, 0x20, 0x5f, 0x31, 0x34, 0x36, 0x34, 0x20, 0x3d, 0x20, 0x5f, 0x31, 0x31, //      _1464 = _11
	0x38, 0x38, 0x3b, 0x0a, 0x20, 0x20, 0x20, 0x20, 0x20, 0x20, 0x20, 0x20, 0x5f, 0x31, 0x33, 0x38, // 88;.        _138
	0x37, 0x20, 0x3d, 0x20, 0x66, 0x72, 0x61, 0x63, 0x74, 0x28, 0x69, 0x6e, 0x2e, 0x61, 0x5f, 0x74, // 7 = fract(in.a_t
	0x65, 0x78, 0x63, 0x6f, 0x6f, 0x72, 0x64, 0x34, 0x29, 0x3b, 0x0a, 0x20, 0x20, 0x20, 0x20, 0x7d, // excoord4);.    }
	0x0a, 0x20, 0x20, 0x20, 0x20, 0x65, 0x6c, 0x73, 0x65, 0x0a, 0x20, 0x20, 0x20, 0x20, 0x7b, 0x0a, // .    else.    {.
	0x20, 0x20, 0x20, 0x20, 0x20, 0x20, 0x20, 0x20, 0x5f, 0x31, 0x34, 0x36, 0x34, 0x20, 0x3d, 0x20, //         _1464 = 
	0x66, 0x6c, 0x6f, 0x61, 0x74, 0x32, 0x28, 0x30, 0x2e, 0x30, 0x29, 0x3b, 0x0a, 0x20, 0x20, 0x20, // float2(0.0);.   
	0x20, 0x20, 0x20, 0x20, 0x20, 0x5f, 0x31, 0x33, 0x38, 0x37, 0x20, 0x3d, 0x20, 0x30, 0x2e, 0x30, //      _1387 = 0.0
	0x3b, 0x0a, 0x20, 0x20, 0x20, 0x20, 0x7d, 0x0a, 0x20, 0x20, 0x20, 0x20, 0x6f, 0x75, 0x74, 0x2e, // ;.    }.    out.
	0x67, 0x6c, 0x5f, 0x50, 0x6f, 0x73, 0x69, 0x74, 0x69, 0x6f, 0x6e, 0x20, 0x3d, 0x20, 0x5f, 0x37, // gl_Position = _7
	0x34, 0x39, 0x3b, 0x0a, 0x20, 0x20, 0x20, 0x20, 0x6f, 0x75, 0x74, 0x2e, 0x5f, 0x65, 0x6e, 0x74, // 49;.    out._ent
	0x72, 0x79, 0x50, 0x6f, 0x69, 0x6e, 0x74, 0x4f, 0x75, 0x74, 0x70, 0x75, 0x74, 0x5f, 0x76, 0x5f, // ryPointOutput_v_
	0x41, 0x6c, 0x70, 0x68, 0x61, 0x5f, 0x44, 0x69, 0x73, 0x74, 0x5f, 0x55, 0x56, 0x20, 0x3d, 0x20, // Alpha_Dist_UV = 
	0x5f, 0x35, 0x38, 0x36, 0x3b, 0x0a, 0x20, 0x20, 0x20, 0x20, 0x6f, 0x75, 0x74, 0x2e, 0x5f, 0x65, // _586;.    out._e
	0x6e, 0x74, 0x72, 0x79, 0x50, 0x6f, 0x69, 0x6e, 0x74, 0x4f, 0x75, 0x74, 0x70, 0x75, 0x74, 0x5f, // ntryPointOutput_
	0x76, 0x5f, 0x42, 0x6c, 0x65, 0x6e, 0x64, 0x5f, 0x41, 0x6c, 0x70, 0x68, 0x61, 0x5f, 0x44, 0x69, // v_Blend_Alpha_Di
	0x73, 0x74, 0x5f, 0x55, 0x56, 0x20, 0x3d, 0x20, 0x5f, 0x35, 0x39, 0x32, 0x3b, 0x0a, 0x20, 0x20, // st_UV = _592;.  
	0x20, 0x20, 0x6f, 0x75, 0x74, 0x2e, 0x5f, 0x65, 0x6e, 0x74, 0x72, 0x79, 0x50, 0x6f, 0x69, 0x6e, //   out._entryPoin
	0x74, 0x4f, 0x75, 0x74, 0x70, 0x75, 0x74, 0x5f, 0x76, 0x5f, 0x42, 0x6c, 0x65, 0x6e, 0x64, 0x5f, // tOutput_v_Blend_
	0x46, 0x42, 0x4e, 0x65, 0x78, 0x74, 0x49, 0x6e, 0x64, 0x65, 0x78, 0x5f, 0x55, 0x56, 0x20, 0x3d, // FBNextIndex_UV =
	0x20, 0x66, 0x6c, 0x6f, 0x61, 0x74, 0x34, 0x28, 0x69, 0x6e, 0x2e, 0x61, 0x5f, 0x74, 0x65, 0x78, //  float4(in.a_tex
	0x63, 0x6f, 0x6f, 0x72, 0x64, 0x32, 0x2e, 0x78, 0x2c, 0x20, 0x5f, 0x6d, 0x74, 0x6c, 0x5f, 0x75, // coord2.x, _mtl_u
	0x2e, 0x75, 0x5f, 0x6d, 0x55, 0x56, 0x49, 0x6e, 0x76, 0x65, 0x72, 0x73, 0x65, 0x64, 0x2e, 0x78, // .u_mUVInversed.x
	0x20, 0x2b, 0x20, 0x28, 0x5f, 0x6d, 0x74, 0x6c, 0x5f, 0x75, 0x2e, 0x75, 0x5f, 0x6d, 0x55, 0x56, //  + (_mtl_u.u_mUV
	0x49, 0x6e, 0x76, 0x65, 0x72, 0x73, 0x65, 0x64, 0x2e, 0x79, 0x20, 0x2a, 0x20, 0x69, 0x6e, 0x2e, // Inversed.y * in.
	0x61, 0x5f, 0x74, 0x65, 0x78, 0x63, 0x6f, 0x6f, 0x72, 0x64, 0x32, 0x2e, 0x79, 0x29, 0x2c, 0x20, // a_texcoord2.y), 
	0x5f, 0x31, 0x34, 0x36, 0x34, 0x29, 0x3b, 0x0a, 0x20, 0x20, 0x20, 0x20, 0x6f, 0x75, 0x74, 0x2e, // _1464);.    out.
	0x5f, 0x65, 0x6e, 0x74, 0x72, 0x79, 0x50, 0x6f, 0x69, 0x6e, 0x74, 0x4f, 0x75, 0x74, 0x70, 0x75, // _entryPointOutpu
	0x74, 0x5f, 0x76, 0x5f, 0x43, 0x6f, 0x6c, 0x6f, 0x72, 0x20, 0x3d, 0x20, 0x69, 0x6e, 0x2e, 0x61, // t_v_Color = in.a
	0x5f, 0x63, 0x6f, 0x6c, 0x6f, 0x72, 0x30, 0x3b, 0x0a, 0x20, 0x20, 0x20, 0x20, 0x6f, 0x75, 0x74, // _color0;.    out
	0x2e, 0x5f, 0x65, 0x6e, 0x74, 0x72, 0x79, 0x50, 0x6f, 0x69, 0x6e, 0x74, 0x4f, 0x75, 0x74, 0x70, // ._entryPointOutp
	0x75, 0x74, 0x5f, 0x76, 0x5f, 0x50, 0x6f, 0x73, 0x50, 0x20, 0x3d, 0x20, 0x5f, 0x37, 0x34, 0x39, // ut_v_PosP = _749
	0x3b, 0x0a, 0x20, 0x20, 0x20, 0x20, 0x6f, 0x75, 0x74, 0x2e, 0x5f, 0x65, 0x6e, 0x74, 0x72, 0x79, // ;.    out._entry
	0x50, 0x6f, 0x69, 0x6e, 0x74, 0x4f, 0x75, 0x74, 0x70, 0x75, 0x74, 0x5f, 0x76, 0x5f, 0x55, 0x56, // PointOutput_v_UV
	0x5f, 0x4f, 0x74, 0x68, 0x65, 0x72, 0x73, 0x20, 0x3d, 0x20, 0x66, 0x6c, 0x6f, 0x61, 0x74, 0x34, // _Others = float4
	0x28, 0x69, 0x6e, 0x2e, 0x61, 0x5f, 0x74, 0x65, 0x78, 0x63, 0x6f, 0x6f, 0x72, 0x64, 0x30, 0x2e, // (in.a_texcoord0.
	0x78, 0x2c, 0x20, 0x5f, 0x37, 0x33, 0x31, 0x2c, 0x20, 0x5f, 0x31, 0x33, 0x38, 0x37, 0x2c, 0x20, // x, _731, _1387, 
	0x69, 0x6e, 0x2e, 0x61, 0x5f, 0x74, 0x65, 0x78, 0x63, 0x6f, 0x6f, 0x72, 0x64, 0x35, 0x29, 0x3b, // in.a_texcoord5);
	0x0a, 0x20, 0x20, 0x20, 0x20, 0x6f, 0x75, 0x74, 0x2e, 0x5f, 0x65, 0x6e, 0x74, 0x72, 0x79, 0x50, // .    out._entryP
	0x6f, 0x69, 0x6e, 0x74, 0x4f, 0x75, 0x74, 0x70, 0x75, 0x74, 0x5f, 0x76, 0x5f, 0x57, 0x6f, 0x72, // ointOutput_v_Wor
	0x6c, 0x64, 0x4e, 0x20, 0x3d, 0x20, 0x66, 0x6c, 0x6f, 0x61, 0x74, 0x33, 0x28, 0x30, 0x2e, 0x30, // ldN = float3(0.0
	0x29, 0x3b, 0x0a, 0x20, 0x20, 0x20, 0x20, 0x72, 0x65, 0x74, 0x75, 0x72, 0x6e, 0x20, 0x6f, 0x75, // );.    return ou
	0x74, 0x3b, 0x0a, 0x7d, 0x0a, 0x0a, 0x00, 0x08, 0x05, 0x00, 0x01, 0x00, 0x10, 0x00, 0x11, 0x00, // t;.}............
	0x12, 0x00, 0x13, 0x00, 0x14, 0x00, 0x15, 0x00, 0x70, 0x00,                                     // ........p.
};
