static const uint8_t ad_sprite_lit_vs_essl[4788] =
{
	0x56, 0x53, 0x48, 0x0c, 0x00, 0x00, 0x00, 0x00, 0x86, 0x32, 0x45, 0x95, 0x00, 0x00, 0x00, 0x00, // VSH......2E.....
	0x00, 0x00, 0x00, 0x00, 0x04, 0x00, 0x0d, 0x75, 0x5f, 0x6d, 0x55, 0x56, 0x49, 0x6e, 0x76, 0x65, // .......u_mUVInve
	0x72, 0x73, 0x65, 0x64, 0x02, 0x01, 0x00, 0x00, 0x01, 0x00, 0x00, 0x00, 0x00, 0x00, 0x14, 0x75, // rsed...........u
	0x5f, 0x66, 0x6c, 0x69, 0x70, 0x62, 0x6f, 0x6f, 0x6b, 0x50, 0x61, 0x72, 0x61, 0x6d, 0x65, 0x74, // _flipbookParamet
	0x65, 0x72, 0x31, 0x02, 0x01, 0x00, 0x00, 0x01, 0x00, 0x00, 0x00, 0x00, 0x00, 0x14, 0x75, 0x5f, // er1...........u_
	0x66, 0x6c, 0x69, 0x70, 0x62, 0x6f, 0x6f, 0x6b, 0x50, 0x61, 0x72, 0x61, 0x6d, 0x65, 0x74, 0x65, // flipbookParamete
	0x72, 0x32, 0x02, 0x01, 0x00, 0x00, 0x01, 0x00, 0x00, 0x00, 0x00, 0x00, 0x0d, 0x75, 0x5f, 0x6d, // r2...........u_m
	0x43, 0x61, 0x6d, 0x65, 0x72, 0x61, 0x50, 0x72, 0x6f, 0x6a, 0x04, 0x01, 0x00, 0x00, 0x04, 0x00, // CameraProj......
	0x00, 0x00, 0x00, 0x00, 0x2b, 0x12, 0x00, 0x00, 0x0a, 0x76, 0x65, 0x63, 0x34, 0x20, 0x5f, 0x31, // ....+....vec4 _1
	0x33, 0x35, 0x37, 0x3b, 0x0a, 0x0a, 0x75, 0x6e, 0x69, 0x66, 0x6f, 0x72, 0x6d, 0x20, 0x76, 0x65, // 357;..uniform ve
	0x63, 0x34, 0x20, 0x75, 0x5f, 0x6d, 0x55, 0x56, 0x49, 0x6e, 0x76, 0x65, 0x72, 0x73, 0x65, 0x64, // c4 u_mUVInversed
	0x3b, 0x0a, 0x75, 0x6e, 0x69, 0x66, 0x6f, 0x72, 0x6d, 0x20, 0x76, 0x65, 0x63, 0x34, 0x20, 0x75, // ;.uniform vec4 u
	0x5f, 0x66, 0x6c, 0x69, 0x70, 0x62, 0x6f, 0x6f, 0x6b, 0x50, 0x61, 0x72, 0x61, 0x6d, 0x65, 0x74, // _flipbookParamet
	0x65, 0x72, 0x31, 0x3b, 0x0a, 0x75, 0x6e, 0x69, 0x66, 0x6f, 0x72, 0x6d, 0x20, 0x76, 0x65, 0x63, // er1;.uniform vec
	0x34, 0x20, 0x75, 0x5f, 0x66, 0x6c, 0x69, 0x70, 0x62, 0x6f, 0x6f, 0x6b, 0x50, 0x61, 0x72, 0x61, // 4 u_flipbookPara
	0x6d, 0x65, 0x74, 0x65, 0x72, 0x32, 0x3b, 0x0a, 0x75, 0x6e, 0x69, 0x66, 0x6f, 0x72, 0x6d, 0x20, // meter2;.uniform 
	0x6d, 0x61, 0x74, 0x34, 0x20, 0x75, 0x5f, 0x6d, 0x43, 0x61, 0x6d, 0x65, 0x72, 0x61, 0x50, 0x72, // mat4 u_mCameraPr
	0x6f, 0x6a, 0x3b, 0x0a, 0x0a, 0x6c, 0x61, 0x79, 0x6f, 0x75, 0x74, 0x28, 0x6c, 0x6f, 0x63, 0x61, // oj;..layout(loca
	0x74, 0x69, 0x6f, 0x6e, 0x20, 0x3d, 0x20, 0x32, 0x29, 0x20, 0x69, 0x6e, 0x20, 0x76, 0x65, 0x63, // tion = 2) in vec
	0x33, 0x20, 0x61, 0x5f, 0x70, 0x6f, 0x73, 0x69, 0x74, 0x69, 0x6f, 0x6e, 0x3b, 0x0a, 0x6c, 0x61, // 3 a_position;.la
	0x79, 0x6f, 0x75, 0x74, 0x28, 0x6c, 0x6f, 0x63, 0x61, 0x74, 0x69, 0x6f, 0x6e, 0x20, 0x3d, 0x20, // yout(location = 
	0x30, 0x29, 0x20, 0x69, 0x6e, 0x20, 0x76, 0x65, 0x63, 0x34, 0x20, 0x61, 0x5f, 0x63, 0x6f, 0x6c, // 0) in vec4 a_col
	0x6f, 0x72, 0x30, 0x3b, 0x0a, 0x6c, 0x61, 0x79, 0x6f, 0x75, 0x74, 0x28, 0x6c, 0x6f, 0x63, 0x61, // or0;.layout(loca
	0x74, 0x69, 0x6f, 0x6e, 0x20, 0x3d, 0x20, 0x31, 0x29, 0x20, 0x69, 0x6e, 0x20, 0x76, 0x65, 0x63, // tion = 1) in vec
	0x34, 0x20, 0x61, 0x5f, 0x6e, 0x6f, 0x72, 0x6d, 0x61, 0x6c, 0x3b, 0x0a, 0x6c, 0x61, 0x79, 0x6f, // 4 a_normal;.layo
	0x75, 0x74, 0x28, 0x6c, 0x6f, 0x63, 0x61, 0x74, 0x69, 0x6f, 0x6e, 0x20, 0x3d, 0x20, 0x33, 0x29, // ut(location = 3)
	0x20, 0x69, 0x6e, 0x20, 0x76, 0x65, 0x63, 0x34, 0x20, 0x61, 0x5f, 0x74, 0x61, 0x6e, 0x67, 0x65, //  in vec4 a_tange
	0x6e, 0x74, 0x3b, 0x0a, 0x6c, 0x61, 0x79, 0x6f, 0x75, 0x74, 0x28, 0x6c, 0x6f, 0x63, 0x61, 0x74, // nt;.layout(locat
	0x69, 0x6f, 0x6e, 0x20, 0x3d, 0x20, 0x34, 0x29, 0x20, 0x69, 0x6e, 0x20, 0x76, 0x65, 0x63, 0x32, // ion = 4) in vec2
	0x20, 0x61, 0x5f, 0x74, 0x65, 0x78, 0x63, 0x6f, 0x6f, 0x72, 0x64, 0x30, 0x3b, 0x0a, 0x6c, 0x61, //  a_texcoord0;.la
	0x79, 0x6f, 0x75, 0x74, 0x28, 0x6c, 0x6f, 0x63, 0x61, 0x74, 0x69, 0x6f, 0x6e, 0x20, 0x3d, 0x20, // yout(location = 
	0x36, 0x29, 0x20, 0x69, 0x6e, 0x20, 0x76, 0x65, 0x63, 0x34, 0x20, 0x61, 0x5f, 0x74, 0x65, 0x78, // 6) in vec4 a_tex
	0x63, 0x6f, 0x6f, 0x72, 0x64, 0x32, 0x3b, 0x0a, 0x6c, 0x61, 0x79, 0x6f, 0x75, 0x74, 0x28, 0x6c, // coord2;.layout(l
	0x6f, 0x63, 0x61, 0x74, 0x69, 0x6f, 0x6e, 0x20, 0x3d, 0x20, 0x37, 0x29, 0x20, 0x69, 0x6e, 0x20, // ocation = 7) in 
	0x76, 0x65, 0x63, 0x32, 0x20, 0x61, 0x5f, 0x74, 0x65, 0x78, 0x63, 0x6f, 0x6f, 0x72, 0x64, 0x33, // vec2 a_texcoord3
	0x3b, 0x0a, 0x6c, 0x61, 0x79, 0x6f, 0x75, 0x74, 0x28, 0x6c, 0x6f, 0x63, 0x61, 0x74, 0x69, 0x6f, // ;.layout(locatio
	0x6e, 0x20, 0x3d, 0x20, 0x38, 0x29, 0x20, 0x69, 0x6e, 0x20, 0x76, 0x65, 0x63, 0x34, 0x20, 0x61, // n = 8) in vec4 a
	0x5f, 0x74, 0x65, 0x78, 0x63, 0x6f, 0x6f, 0x72, 0x64, 0x34, 0x3b, 0x0a, 0x6c, 0x61, 0x79, 0x6f, // _texcoord4;.layo
	0x75, 0x74, 0x28, 0x6c, 0x6f, 0x63, 0x61, 0x74, 0x69, 0x6f, 0x6e, 0x20, 0x3d, 0x20, 0x39, 0x29, // ut(location = 9)
	0x20, 0x69, 0x6e, 0x20, 0x66, 0x6c, 0x6f, 0x61, 0x74, 0x20, 0x61, 0x5f, 0x74, 0x65, 0x78, 0x63, //  in float a_texc
	0x6f, 0x6f, 0x72, 0x64, 0x35, 0x3b, 0x0a, 0x6c, 0x61, 0x79, 0x6f, 0x75, 0x74, 0x28, 0x6c, 0x6f, // oord5;.layout(lo
	0x63, 0x61, 0x74, 0x69, 0x6f, 0x6e, 0x20, 0x3d, 0x20, 0x31, 0x30, 0x29, 0x20, 0x69, 0x6e, 0x20, // cation = 10) in 
	0x66, 0x6c, 0x6f, 0x61, 0x74, 0x20, 0x61, 0x5f, 0x74, 0x65, 0x78, 0x63, 0x6f, 0x6f, 0x72, 0x64, // float a_texcoord
	0x36, 0x3b, 0x0a, 0x6f, 0x75, 0x74, 0x20, 0x76, 0x65, 0x63, 0x34, 0x20, 0x76, 0x5f, 0x43, 0x6f, // 6;.out vec4 v_Co
	0x6c, 0x6f, 0x72, 0x3b, 0x0a, 0x6f, 0x75, 0x74, 0x20, 0x76, 0x65, 0x63, 0x34, 0x20, 0x76, 0x5f, // lor;.out vec4 v_
	0x55, 0x56, 0x5f, 0x4f, 0x74, 0x68, 0x65, 0x72, 0x73, 0x3b, 0x0a, 0x6f, 0x75, 0x74, 0x20, 0x76, // UV_Others;.out v
	0x65, 0x63, 0x33, 0x20, 0x76, 0x5f, 0x57, 0x6f, 0x72, 0x6c, 0x64, 0x4e, 0x3b, 0x0a, 0x6f, 0x75, // ec3 v_WorldN;.ou
	0x74, 0x20, 0x76, 0x65, 0x63, 0x33, 0x20, 0x76, 0x5f, 0x57, 0x6f, 0x72, 0x6c, 0x64, 0x42, 0x3b, // t vec3 v_WorldB;
	0x0a, 0x6f, 0x75, 0x74, 0x20, 0x76, 0x65, 0x63, 0x33, 0x20, 0x76, 0x5f, 0x57, 0x6f, 0x72, 0x6c, // .out vec3 v_Worl
	0x64, 0x54, 0x3b, 0x0a, 0x6f, 0x75, 0x74, 0x20, 0x76, 0x65, 0x63, 0x34, 0x20, 0x76, 0x5f, 0x41, // dT;.out vec4 v_A
	0x6c, 0x70, 0x68, 0x61, 0x5f, 0x44, 0x69, 0x73, 0x74, 0x5f, 0x55, 0x56, 0x3b, 0x0a, 0x6f, 0x75, // lpha_Dist_UV;.ou
	0x74, 0x20, 0x76, 0x65, 0x63, 0x34, 0x20, 0x76, 0x5f, 0x42, 0x6c, 0x65, 0x6e, 0x64, 0x5f, 0x41, // t vec4 v_Blend_A
	0x6c, 0x70, 0x68, 0x61, 0x5f, 0x44, 0x69, 0x73, 0x74, 0x5f, 0x55, 0x56, 0x3b, 0x0a, 0x6f, 0x75, // lpha_Dist_UV;.ou
	0x74, 0x20, 0x76, 0x65, 0x63, 0x34, 0x20, 0x76, 0x5f, 0x42, 0x6c, 0x65, 0x6e, 0x64, 0x5f, 0x46, // t vec4 v_Blend_F
	0x42, 0x4e, 0x65, 0x78, 0x74, 0x49, 0x6e, 0x64, 0x65, 0x78, 0x5f, 0x55, 0x56, 0x3b, 0x0a, 0x6f, // BNextIndex_UV;.o
	0x75, 0x74, 0x20, 0x76, 0x65, 0x63, 0x34, 0x20, 0x76, 0x5f, 0x50, 0x6f, 0x73, 0x50, 0x3b, 0x0a, // ut vec4 v_PosP;.
	0x0a, 0x76, 0x6f, 0x69, 0x64, 0x20, 0x6d, 0x61, 0x69, 0x6e, 0x28, 0x29, 0x0a, 0x7b, 0x0a, 0x20, // .void main().{. 
	0x20, 0x20, 0x20, 0x76, 0x65, 0x63, 0x34, 0x20, 0x5f, 0x35, 0x35, 0x32, 0x20, 0x3d, 0x20, 0x61, //    vec4 _552 = a
	0x5f, 0x74, 0x65, 0x78, 0x63, 0x6f, 0x6f, 0x72, 0x64, 0x32, 0x3b, 0x0a, 0x20, 0x20, 0x20, 0x20, // _texcoord2;.    
	0x76, 0x65, 0x63, 0x34, 0x20, 0x5f, 0x35, 0x35, 0x38, 0x20, 0x3d, 0x20, 0x61, 0x5f, 0x74, 0x65, // vec4 _558 = a_te
	0x78, 0x63, 0x6f, 0x6f, 0x72, 0x64, 0x34, 0x3b, 0x0a, 0x20, 0x20, 0x20, 0x20, 0x76, 0x65, 0x63, // xcoord4;.    vec
	0x33, 0x20, 0x5f, 0x36, 0x36, 0x34, 0x20, 0x3d, 0x20, 0x76, 0x65, 0x63, 0x34, 0x28, 0x28, 0x61, // 3 _664 = vec4((a
	0x5f, 0x6e, 0x6f, 0x72, 0x6d, 0x61, 0x6c, 0x2e, 0x78, 0x79, 0x7a, 0x20, 0x2d, 0x20, 0x76, 0x65, // _normal.xyz - ve
	0x63, 0x33, 0x28, 0x30, 0x2e, 0x35, 0x29, 0x29, 0x20, 0x2a, 0x20, 0x32, 0x2e, 0x30, 0x2c, 0x20, // c3(0.5)) * 2.0, 
	0x30, 0x2e, 0x30, 0x29, 0x2e, 0x78, 0x79, 0x7a, 0x3b, 0x0a, 0x20, 0x20, 0x20, 0x20, 0x76, 0x65, // 0.0).xyz;.    ve
	0x63, 0x33, 0x20, 0x5f, 0x36, 0x36, 0x36, 0x20, 0x3d, 0x20, 0x76, 0x65, 0x63, 0x34, 0x28, 0x28, // c3 _666 = vec4((
	0x61, 0x5f, 0x74, 0x61, 0x6e, 0x67, 0x65, 0x6e, 0x74, 0x2e, 0x78, 0x79, 0x7a, 0x20, 0x2d, 0x20, // a_tangent.xyz - 
	0x76, 0x65, 0x63, 0x33, 0x28, 0x30, 0x2e, 0x35, 0x29, 0x29, 0x20, 0x2a, 0x20, 0x32, 0x2e, 0x30, // vec3(0.5)) * 2.0
	0x2c, 0x20, 0x30, 0x2e, 0x30, 0x29, 0x2e, 0x78, 0x79, 0x7a, 0x3b, 0x0a, 0x20, 0x20, 0x20, 0x20, // , 0.0).xyz;.    
	0x66, 0x6c, 0x6f, 0x61, 0x74, 0x20, 0x5f, 0x36, 0x38, 0x31, 0x20, 0x3d, 0x20, 0x75, 0x5f, 0x6d, // float _681 = u_m
	0x55, 0x56, 0x49, 0x6e, 0x76, 0x65, 0x72, 0x73, 0x65, 0x64, 0x2e, 0x78, 0x20, 0x2b, 0x20, 0x28, // UVInversed.x + (
	0x75, 0x5f, 0x6d, 0x55, 0x56, 0x49, 0x6e, 0x76, 0x65, 0x72, 0x73, 0x65, 0x64, 0x2e, 0x79, 0x20, // u_mUVInversed.y 
	0x2a, 0x20, 0x61, 0x5f, 0x74, 0x65, 0x78, 0x63, 0x6f, 0x6f, 0x72, 0x64, 0x30, 0x2e, 0x79, 0x29, // * a_texcoord0.y)
	0x3b, 0x0a, 0x20, 0x20, 0x20, 0x20, 0x76, 0x65, 0x63, 0x34, 0x20, 0x5f, 0x31, 0x32, 0x34, 0x34, // ;.    vec4 _1244
	0x3b, 0x0a, 0x20, 0x20, 0x20, 0x20, 0x5f, 0x31, 0x32, 0x34, 0x34, 0x2e, 0x78, 0x20, 0x3d, 0x20, // ;.    _1244.x = 
	0x61, 0x5f, 0x74, 0x65, 0x78, 0x63, 0x6f, 0x6f, 0x72, 0x64, 0x30, 0x2e, 0x78, 0x3b, 0x0a, 0x20, // a_texcoord0.x;. 
	0x20, 0x20, 0x20, 0x76, 0x65, 0x63, 0x34, 0x20, 0x5f, 0x36, 0x39, 0x38, 0x20, 0x3d, 0x20, 0x75, //    vec4 _698 = u
	0x5f, 0x6d, 0x43, 0x61, 0x6d, 0x65, 0x72, 0x61, 0x50, 0x72, 0x6f, 0x6a, 0x20, 0x2a, 0x20, 0x76, // _mCameraProj * v
	0x65, 0x63, 0x34, 0x28, 0x61, 0x5f, 0x70, 0x6f, 0x73, 0x69, 0x74, 0x69, 0x6f, 0x6e, 0x2c, 0x20, // ec4(a_position, 
	0x31, 0x2e, 0x30, 0x29, 0x3b, 0x0a, 0x20, 0x20, 0x20, 0x20, 0x76, 0x65, 0x63, 0x34, 0x20, 0x5f, // 1.0);.    vec4 _
	0x31, 0x32, 0x35, 0x33, 0x20, 0x3d, 0x20, 0x5f, 0x35, 0x35, 0x32, 0x3b, 0x0a, 0x20, 0x20, 0x20, // 1253 = _552;.   
	0x20, 0x5f, 0x31, 0x32, 0x35, 0x33, 0x2e, 0x79, 0x20, 0x3d, 0x20, 0x75, 0x5f, 0x6d, 0x55, 0x56, //  _1253.y = u_mUV
	0x49, 0x6e, 0x76, 0x65, 0x72, 0x73, 0x65, 0x64, 0x2e, 0x78, 0x20, 0x2b, 0x20, 0x28, 0x75, 0x5f, // Inversed.x + (u_
	0x6d, 0x55, 0x56, 0x49, 0x6e, 0x76, 0x65, 0x72, 0x73, 0x65, 0x64, 0x2e, 0x79, 0x20, 0x2a, 0x20, // mUVInversed.y * 
	0x5f, 0x35, 0x35, 0x32, 0x2e, 0x79, 0x29, 0x3b, 0x0a, 0x20, 0x20, 0x20, 0x20, 0x5f, 0x31, 0x32, // _552.y);.    _12
	0x35, 0x33, 0x2e, 0x77, 0x20, 0x3d, 0x20, 0x75, 0x5f, 0x6d, 0x55, 0x56, 0x49, 0x6e, 0x76, 0x65, // 53.w = u_mUVInve
	0x72, 0x73, 0x65, 0x64, 0x2e, 0x78, 0x20, 0x2b, 0x20, 0x28, 0x75, 0x5f, 0x6d, 0x55, 0x56, 0x49, // rsed.x + (u_mUVI
	0x6e, 0x76, 0x65, 0x72, 0x73, 0x65, 0x64, 0x2e, 0x79, 0x20, 0x2a, 0x20, 0x5f, 0x35, 0x35, 0x32, // nversed.y * _552
	0x2e, 0x77, 0x29, 0x3b, 0x0a, 0x20, 0x20, 0x20, 0x20, 0x76, 0x65, 0x63, 0x34, 0x20, 0x5f, 0x31, // .w);.    vec4 _1
	0x32, 0x36, 0x38, 0x20, 0x3d, 0x20, 0x5f, 0x35, 0x35, 0x38, 0x3b, 0x0a, 0x20, 0x20, 0x20, 0x20, // 268 = _558;.    
	0x5f, 0x31, 0x32, 0x36, 0x38, 0x2e, 0x79, 0x20, 0x3d, 0x20, 0x75, 0x5f, 0x6d, 0x55, 0x56, 0x49, // _1268.y = u_mUVI
	0x6e, 0x76, 0x65, 0x72, 0x73, 0x65, 0x64, 0x2e, 0x78, 0x20, 0x2b, 0x20, 0x28, 0x75, 0x5f, 0x6d, // nversed.x + (u_m
	0x55, 0x56, 0x49, 0x6e, 0x76, 0x65, 0x72, 0x73, 0x65, 0x64, 0x2e, 0x79, 0x20, 0x2a, 0x20, 0x5f, // UVInversed.y * _
	0x35, 0x35, 0x38, 0x2e, 0x79, 0x29, 0x3b, 0x0a, 0x20, 0x20, 0x20, 0x20, 0x5f, 0x31, 0x32, 0x36, // 558.y);.    _126
	0x38, 0x2e, 0x77, 0x20, 0x3d, 0x20, 0x75, 0x5f, 0x6d, 0x55, 0x56, 0x49, 0x6e, 0x76, 0x65, 0x72, // 8.w = u_mUVInver
	0x73, 0x65, 0x64, 0x2e, 0x78, 0x20, 0x2b, 0x20, 0x28, 0x75, 0x5f, 0x6d, 0x55, 0x56, 0x49, 0x6e, // sed.x + (u_mUVIn
	0x76, 0x65, 0x72, 0x73, 0x65, 0x64, 0x2e, 0x79, 0x20, 0x2a, 0x20, 0x5f, 0x35, 0x35, 0x38, 0x2e, // versed.y * _558.
	0x77, 0x29, 0x3b, 0x0a, 0x20, 0x20, 0x20, 0x20, 0x76, 0x65, 0x63, 0x32, 0x20, 0x5f, 0x38, 0x31, // w);.    vec2 _81
	0x36, 0x20, 0x3d, 0x20, 0x5f, 0x31, 0x32, 0x34, 0x34, 0x2e, 0x78, 0x79, 0x3b, 0x0a, 0x20, 0x20, // 6 = _1244.xy;.  
	0x20, 0x20, 0x66, 0x6c, 0x6f, 0x61, 0x74, 0x20, 0x5f, 0x31, 0x33, 0x32, 0x39, 0x3b, 0x0a, 0x20, //   float _1329;. 
	0x20, 0x20, 0x20, 0x76, 0x65, 0x63, 0x32, 0x20, 0x5f, 0x31, 0x33, 0x33, 0x36, 0x3b, 0x0a, 0x20, //    vec2 _1336;. 
	0x20, 0x20, 0x20, 0x69, 0x66, 0x20, 0x28, 0x75, 0x5f, 0x66, 0x6c, 0x69, 0x70, 0x62, 0x6f, 0x6f, //    if (u_flipboo
	0x6b, 0x50, 0x61, 0x72, 0x61, 0x6d, 0x65, 0x74, 0x65, 0x72, 0x31, 0x2e, 0x78, 0x20, 0x3e, 0x20, // kParameter1.x > 
	0x30, 0x2e, 0x30, 0x29, 0x0a, 0x20, 0x20, 0x20, 0x20, 0x7b, 0x0a, 0x20, 0x20, 0x20, 0x20, 0x20, // 0.0).    {.     
	0x20, 0x20, 0x20, 0x66, 0x6c, 0x6f, 0x61, 0x74, 0x20, 0x5f, 0x39, 0x30, 0x32, 0x20, 0x3d, 0x20, //    float _902 = 
	0x66, 0x6c, 0x6f, 0x6f, 0x72, 0x28, 0x61, 0x5f, 0x74, 0x65, 0x78, 0x63, 0x6f, 0x6f, 0x72, 0x64, // floor(a_texcoord
	0x35, 0x29, 0x3b, 0x0a, 0x20, 0x20, 0x20, 0x20, 0x20, 0x20, 0x20, 0x20, 0x66, 0x6c, 0x6f, 0x61, // 5);.        floa
	0x74, 0x20, 0x5f, 0x39, 0x30, 0x35, 0x20, 0x3d, 0x20, 0x5f, 0x39, 0x30, 0x32, 0x20, 0x2b, 0x20, // t _905 = _902 + 
	0x31, 0x2e, 0x30, 0x3b, 0x0a, 0x20, 0x20, 0x20, 0x20, 0x20, 0x20, 0x20, 0x20, 0x66, 0x6c, 0x6f, // 1.0;.        flo
	0x61, 0x74, 0x20, 0x5f, 0x39, 0x30, 0x38, 0x20, 0x3d, 0x20, 0x75, 0x5f, 0x66, 0x6c, 0x69, 0x70, // at _908 = u_flip
	0x62, 0x6f, 0x6f, 0x6b, 0x50, 0x61, 0x72, 0x61, 0x6d, 0x65, 0x74, 0x65, 0x72, 0x31, 0x2e, 0x7a, // bookParameter1.z
	0x20, 0x2a, 0x20, 0x75, 0x5f, 0x66, 0x6c, 0x69, 0x70, 0x62, 0x6f, 0x6f, 0x6b, 0x50, 0x61, 0x72, //  * u_flipbookPar
	0x61, 0x6d, 0x65, 0x74, 0x65, 0x72, 0x31, 0x2e, 0x77, 0x3b, 0x0a, 0x20, 0x20, 0x20, 0x20, 0x20, // ameter1.w;.     
	0x20, 0x20, 0x20, 0x66, 0x6c, 0x6f, 0x61, 0x74, 0x20, 0x5f, 0x31, 0x33, 0x30, 0x35, 0x3b, 0x0a, //    float _1305;.
	0x20, 0x20, 0x20, 0x20, 0x20, 0x20, 0x20, 0x20, 0x66, 0x6c, 0x6f, 0x61, 0x74, 0x20, 0x5f, 0x31, //         float _1
	0x33, 0x31, 0x38, 0x3b, 0x0a, 0x20, 0x20, 0x20, 0x20, 0x20, 0x20, 0x20, 0x20, 0x69, 0x66, 0x20, // 318;.        if 
	0x28, 0x75, 0x5f, 0x66, 0x6c, 0x69, 0x70, 0x62, 0x6f, 0x6f, 0x6b, 0x50, 0x61, 0x72, 0x61, 0x6d, // (u_flipbookParam
	0x65, 0x74, 0x65, 0x72, 0x31, 0x2e, 0x79, 0x20, 0x3d, 0x3d, 0x20, 0x30, 0x2e, 0x30, 0x29, 0x0a, // eter1.y == 0.0).
	0x20, 0x20, 0x20, 0x20, 0x20, 0x20, 0x20, 0x20, 0x7b, 0x0a, 0x20, 0x20, 0x20, 0x20, 0x20, 0x20, //         {.      
	0x20, 0x20, 0x20, 0x20, 0x20, 0x20, 0x66, 0x6c, 0x6f, 0x61, 0x74, 0x20, 0x5f, 0x31, 0x33, 0x30, //       float _130
	0x36, 0x3b, 0x0a, 0x20, 0x20, 0x20, 0x20, 0x20, 0x20, 0x20, 0x20, 0x20, 0x20, 0x20, 0x20, 0x66, // 6;.            f
	0x6c, 0x6f, 0x61, 0x74, 0x20, 0x5f, 0x31, 0x33, 0x31, 0x39, 0x3b, 0x0a, 0x20, 0x20, 0x20, 0x20, // loat _1319;.    
	0x20, 0x20, 0x20, 0x20, 0x20, 0x20, 0x20, 0x20, 0x69, 0x66, 0x20, 0x28, 0x5f, 0x39, 0x30, 0x35, //         if (_905
	0x20, 0x3e, 0x3d, 0x20, 0x5f, 0x39, 0x30, 0x38, 0x29, 0x0a, 0x20, 0x20, 0x20, 0x20, 0x20, 0x20, //  >= _908).      
	0x20, 0x20, 0x20, 0x20, 0x20, 0x20, 0x7b, 0x0a, 0x20, 0x20, 0x20, 0x20, 0x20, 0x20, 0x20, 0x20, //       {.        
	0x20, 0x20, 0x20, 0x20, 0x20, 0x20, 0x20, 0x20, 0x66, 0x6c, 0x6f, 0x61, 0x74, 0x20, 0x5f, 0x39, //         float _9
	0x31, 0x37, 0x20, 0x3d, 0x20, 0x5f, 0x39, 0x30, 0x38, 0x20, 0x2d, 0x20, 0x31, 0x2e, 0x30, 0x3b, // 17 = _908 - 1.0;
	0x0a, 0x20, 0x20, 0x20, 0x20, 0x20, 0x20, 0x20, 0x20, 0x20, 0x20, 0x20, 0x20, 0x20, 0x20, 0x20, // .               
	0x20, 0x5f, 0x31, 0x33, 0x31, 0x39, 0x20, 0x3d, 0x20, 0x5f, 0x39, 0x31, 0x37, 0x3b, 0x0a, 0x20, //  _1319 = _917;. 
	0x20, 0x20, 0x20, 0x20, 0x20, 0x20, 0x20, 0x20, 0x20, 0x20, 0x20, 0x20, 0x20, 0x20, 0x20, 0x5f, //                _
	0x31, 0x33, 0x30, 0x36, 0x20, 0x3d, 0x20, 0x5f, 0x39, 0x31, 0x37, 0x3b, 0x0a, 0x20, 0x20, 0x20, // 1306 = _917;.   
	0x20, 0x20, 0x20, 0x20, 0x20, 0x20, 0x20, 0x20, 0x20, 0x7d, 0x0a, 0x20, 0x20, 0x20, 0x20, 0x20, //          }.     
	0x20, 0x20, 0x20, 0x20, 0x20, 0x20, 0x20, 0x65, 0x6c, 0x73, 0x65, 0x0a, 0x20, 0x20, 0x20, 0x20, //        else.    
	0x20, 0x20, 0x20, 0x20, 0x20, 0x20, 0x20, 0x20, 0x7b, 0x0a, 0x20, 0x20, 0x20, 0x20, 0x20, 0x20, //         {.      
	0x20, 0x20, 0x20, 0x20, 0x20, 0x20, 0x20, 0x20, 0x20, 0x20, 0x5f, 0x31, 0x33, 0x31, 0x39, 0x20, //           _1319 
	0x3d, 0x20, 0x5f, 0x39, 0x30, 0x35, 0x3b, 0x0a, 0x20, 0x20, 0x20, 0x20, 0x20, 0x20, 0x20, 0x20, // = _905;.        
	0x20, 0x20, 0x20, 0x20, 0x20, 0x20, 0x20, 0x20, 0x5f, 0x31, 0x33, 0x30, 0x36, 0x20, 0x3d, 0x20, //         _1306 = 
	0x5f, 0x39, 0x30, 0x32, 0x3b, 0x0a, 0x20, 0x20, 0x20, 0x20, 0x20, 0x20, 0x20, 0x20, 0x20, 0x20, // _902;.          
	0x20, 0x20, 0x7d, 0x0a, 0x20, 0x20, 0x20, 0x20, 0x20, 0x20, 0x20, 0x20, 0x20, 0x20, 0x20, 0x20, //   }.            
	0x5f, 0x31, 0x33, 0x31, 0x38, 0x20, 0x3d, 0x20, 0x5f, 0x31, 0x33, 0x31, 0x39, 0x3b, 0x0a, 0x20, // _1318 = _1319;. 
	0x20, 0x20, 0x20, 0x20, 0x20, 0x20, 0x20, 0x20, 0x20, 0x20, 0x20, 0x5f, 0x31, 0x33, 0x30, 0x35, //            _1305
	0x20, 0x3d, 0x20, 0x5f, 0x31, 0x33, 0x30, 0x36, 0x3b, 0x0a, 0x20, 0x20, 0x20, 0x20, 0x20, 0x20, //  = _1306;.      
	0x20, 0x20, 0x7d, 0x0a, 0x20, 0x20, 0x20, 0x20, 0x20, 0x20, 0x20, 0x20, 0x65, 0x6c, 0x73, 0x65, //   }.        else
	0x0a, 0x20, 0x20, 0x20, 0x20, 0x20, 0x20, 0x20, 0x20, 0x7b, 0x0a, 0x20, 0x20, 0x20, 0x20, 0x20, // .        {.     
	0x20, 0x20, 0x20, 0x20, 0x20, 0x20, 0x20, 0x66, 0x6c, 0x6f, 0x61, 0x74, 0x20, 0x5f, 0x31, 0x33, //        float _13
	0x30, 0x37, 0x3b, 0x0a, 0x20, 0x20, 0x20, 0x20, 0x20, 0x20, 0x20, 0x20, 0x20, 0x20, 0x20, 0x20, // 07;.            
	0x66, 0x6c, 0x6f, 0x61, 0x74, 0x20, 0x5f, 0x31, 0x33, 0x32, 0x30, 0x3b, 0x0a, 0x20, 0x20, 0x20, // float _1320;.   
	0x20, 0x20, 0x20, 0x20, 0x20, 0x20, 0x20, 0x20, 0x20, 0x69, 0x66, 0x20, 0x28, 0x75, 0x5f, 0x66, //          if (u_f
	0x6c, 0x69, 0x70, 0x62, 0x6f, 0x6f, 0x6b, 0x50, 0x61, 0x72, 0x61, 0x6d, 0x65, 0x74, 0x65, 0x72, // lipbookParameter
	0x31, 0x2e, 0x79, 0x20, 0x3d, 0x3d, 0x20, 0x31, 0x2e, 0x30, 0x29, 0x0a, 0x20, 0x20, 0x20, 0x20, // 1.y == 1.0).    
	0x20, 0x20, 0x20, 0x20, 0x20, 0x20, 0x20, 0x20, 0x7b, 0x0a, 0x20, 0x20, 0x20, 0x20, 0x20, 0x20, //         {.      
	0x20, 0x20, 0x20, 0x20, 0x20, 0x20, 0x20, 0x20, 0x20, 0x20, 0x5f, 0x31, 0x33, 0x32, 0x30, 0x20, //           _1320 
	0x3d, 0x20, 0x6d, 0x6f, 0x64, 0x28, 0x5f, 0x39, 0x30, 0x35, 0x2c, 0x20, 0x5f, 0x39, 0x30, 0x38, // = mod(_905, _908
	0x29, 0x3b, 0x0a, 0x20, 0x20, 0x20, 0x20, 0x20, 0x20, 0x20, 0x20, 0x20, 0x20, 0x20, 0x20, 0x20, // );.             
	0x20, 0x20, 0x20, 0x5f, 0x31, 0x33, 0x30, 0x37, 0x20, 0x3d, 0x20, 0x6d, 0x6f, 0x64, 0x28, 0x5f, //    _1307 = mod(_
	0x39, 0x30, 0x32, 0x2c, 0x20, 0x5f, 0x39, 0x30, 0x38, 0x29, 0x3b, 0x0a, 0x20, 0x20, 0x20, 0x20, // 902, _908);.    
	0x20, 0x20, 0x20, 0x20, 0x20, 0x20, 0x20, 0x20, 0x7d, 0x0a, 0x20, 0x20, 0x20, 0x20, 0x20, 0x20, //         }.      
	0x20, 0x20, 0x20, 0x20, 0x20, 0x20, 0x65, 0x6c, 0x73, 0x65, 0x0a, 0x20, 0x20, 0x20, 0x20, 0x20, //       else.     
	0x20, 0x20, 0x20, 0x20, 0x20, 0x20, 0x20, 0x7b, 0x0a, 0x20, 0x20, 0x20, 0x20, 0x20, 0x20, 0x20, //        {.       
	0x20, 0x20, 0x20, 0x20, 0x20, 0x20, 0x20, 0x20, 0x20, 0x66, 0x6c, 0x6f, 0x61, 0x74, 0x20, 0x5f, //          float _
	0x31, 0x33, 0x30, 0x38, 0x3b, 0x0a, 0x20, 0x20, 0x20, 0x20, 0x20, 0x20, 0x20, 0x20, 0x20, 0x20, // 1308;.          
	0x20, 0x20, 0x20, 0x20, 0x20, 0x20, 0x66, 0x6c, 0x6f, 0x61, 0x74, 0x20, 0x5f, 0x31, 0x33, 0x32, //       float _132
	0x31, 0x3b, 0x0a, 0x20, 0x20, 0x20, 0x20, 0x20, 0x20, 0x20, 0x20, 0x20, 0x20, 0x20, 0x20, 0x20, // 1;.             
	0x20, 0x20, 0x20, 0x69, 0x66, 0x20, 0x28, 0x75, 0x5f, 0x66, 0x6c, 0x69, 0x70, 0x62, 0x6f, 0x6f, //    if (u_flipboo
	0x6b, 0x50, 0x61, 0x72, 0x61, 0x6d, 0x65, 0x74, 0x65, 0x72, 0x31, 0x2e, 0x79, 0x20, 0x3d, 0x3d, // kParameter1.y ==
	0x20, 0x32, 0x2e, 0x30, 0x29, 0x0a, 0x20, 0x20, 0x20, 0x20, 0x20, 0x20, 0x20, 0x20, 0x20, 0x20, //  2.0).          
	0x20, 0x20, 0x20, 0x20, 0x20, 0x20, 0x7b, 0x0a, 0x20, 0x20, 0x20, 0x20, 0x20, 0x20, 0x20, 0x20, //       {.        
	0x20, 0x20, 0x20, 0x20, 0x20, 0x20, 0x20, 0x20, 0x20, 0x20, 0x20, 0x20, 0x66, 0x6c, 0x6f, 0x61, //             floa
	0x74, 0x20, 0x5f, 0x39, 0x34, 0x33, 0x20, 0x3d, 0x20, 0x6d, 0x6f, 0x64, 0x28, 0x5f, 0x39, 0x30, // t _943 = mod(_90
	0x32, 0x2c, 0x20, 0x5f, 0x39, 0x30, 0x38, 0x29, 0x3b, 0x0a, 0x20, 0x20, 0x20, 0x20, 0x20, 0x20, // 2, _908);.      
	0x20, 0x20, 0x20, 0x20, 0x20, 0x20, 0x20, 0x20, 0x20, 0x20, 0x20, 0x20, 0x20, 0x20, 0x66, 0x6c, //               fl
	0x6f, 0x61, 0x74, 0x20, 0x5f, 0x31, 0x33, 0x31, 0x30, 0x3b, 0x0a, 0x20, 0x20, 0x20, 0x20, 0x20, // oat _1310;.     
	0x20, 0x20, 0x20, 0x20, 0x20, 0x20, 0x20, 0x20, 0x20, 0x20, 0x20, 0x20, 0x20, 0x20, 0x20, 0x69, //                i
	0x66, 0x20, 0x28, 0x6d, 0x6f, 0x64, 0x28, 0x66, 0x6c, 0x6f, 0x6f, 0x72, 0x28, 0x5f, 0x39, 0x30, // f (mod(floor(_90
	0x32, 0x20, 0x2f, 0x20, 0x5f, 0x39, 0x30, 0x38, 0x29, 0x2c, 0x20, 0x32, 0x2e, 0x30, 0x29, 0x20, // 2 / _908), 2.0) 
	0x3d, 0x3d, 0x20, 0x31, 0x2e, 0x30, 0x29, 0x0a, 0x20, 0x20, 0x20, 0x20, 0x20, 0x20, 0x20, 0x20, // == 1.0).        
	0x20, 0x20, 0x20, 0x20, 0x20, 0x20, 0x20, 0x20, 0x20, 0x20, 0x20, 0x20, 0x7b, 0x0a, 0x20, 0x20, //             {.  
	0x20, 0x20, 0x20, 0x20, 0x20, 0x20, 0x20, 0x20, 0x20, 0x20, 0x20, 0x20, 0x20, 0x20, 0x20, 0x20, //                 
	0x20, 0x20, 0x20, 0x20, 0x20, 0x20, 0x5f, 0x31, 0x33, 0x31, 0x30, 0x20, 0x3d, 0x20, 0x28, 0x5f, //       _1310 = (_
	0x39, 0x30, 0x38, 0x20, 0x2d, 0x20, 0x31, 0x2e, 0x30, 0x29, 0x20, 0x2d, 0x20, 0x66, 0x6c, 0x6f, // 908 - 1.0) - flo
	0x6f, 0x72, 0x28, 0x5f, 0x39, 0x34, 0x33, 0x29, 0x3b, 0x0a, 0x20, 0x20, 0x20, 0x20, 0x20, 0x20, // or(_943);.      
	0x20, 0x20, 0x20, 0x20, 0x20, 0x20, 0x20, 0x20, 0x20, 0x20, 0x20, 0x20, 0x20, 0x20, 0x7d, 0x0a, //               }.
	0x20, 0x20, 0x20, 0x20, 0x20, 0x20, 0x20, 0x20, 0x20, 0x20, 0x20, 0x20, 0x20, 0x20, 0x20, 0x20, //                 
	0x20, 0x20, 0x20, 0x20, 0x65, 0x6c, 0x73, 0x65, 0x0a, 0x20, 0x20, 0x20, 0x20, 0x20, 0x20, 0x20, //     else.       
	0x20, 0x20, 0x20, 0x20, 0x20, 0x20, 0x20, 0x20, 0x20, 0x20, 0x20, 0x20, 0x20, 0x7b, 0x0a, 0x20, //              {. 
	0x20, 0x20, 0x20, 0x20, 0x20, 0x20, 0x20, 0x20, 0x20, 0x20, 0x20, 0x20, 0x20, 0x20, 0x20, 0x20, //                 
	0x20, 0x20, 0x20, 0x20, 0x20, 0x20, 0x20, 0x5f, 0x31, 0x33, 0x31, 0x30, 0x20, 0x3d, 0x20, 0x5f, //        _1310 = _
	0x39, 0x34, 0x33, 0x3b, 0x0a, 0x20, 0x20, 0x20, 0x20, 0x20, 0x20, 0x20, 0x20, 0x20, 0x20, 0x20, // 943;.           
	0x20, 0x20, 0x20, 0x20, 0x20, 0x20, 0x20, 0x20, 0x20, 0x7d, 0x0a, 0x20, 0x20, 0x20, 0x20, 0x20, //          }.     
	0x20, 0x20, 0x20, 0x20, 0x20, 0x20, 0x20, 0x20, 0x20, 0x20, 0x20, 0x20, 0x20, 0x20, 0x20, 0x66, //                f
	0x6c, 0x6f, 0x61, 0x74, 0x20, 0x5f, 0x39, 0x36, 0x30, 0x20, 0x3d, 0x20, 0x6d, 0x6f, 0x64, 0x28, // loat _960 = mod(
	0x5f, 0x39, 0x30, 0x35, 0x2c, 0x20, 0x5f, 0x39, 0x30, 0x38, 0x29, 0x3b, 0x0a, 0x20, 0x20, 0x20, // _905, _908);.   
	0x20, 0x20, 0x20, 0x20, 0x20, 0x20, 0x20, 0x20, 0x20, 0x20, 0x20, 0x20, 0x20, 0x20, 0x20, 0x20, //                 
	0x20, 0x66, 0x6c, 0x6f, 0x61, 0x74, 0x20, 0x5f, 0x31, 0x33, 0x32, 0x32, 0x3b, 0x0a, 0x20, 0x20, //  float _1322;.  
	0x20, 0x20, 0x20, 0x20, 0x20, 0x20, 0x20, 0x20, 0x20, 0x20, 0x20, 0x20, 0x20, 0x20, 0x20, 0x20, //                 
	0x20, 0x20, 0x69, 0x66, 0x20, 0x28, 0x6d, 0x6f, 0x64, 0x28, 0x66, 0x6c, 0x6f, 0x6f, 0x72, 0x28, //   if (mod(floor(
	0x5f, 0x39, 0x30, 0x35, 0x20, 0x2f, 0x20, 0x5f, 0x39, 0x30, 0x38, 0x29, 0x2c, 0x20, 0x32, 0x2e, // _905 / _908), 2.
	0x30, 0x29, 0x20, 0x3d, 0x3d, 0x20, 0x31, 0x2e, 0x30, 0x29, 0x0a, 0x20, 0x20, 0x20, 0x20, 0x20, // 0) == 1.0).     
	0x20, 0x20, 0x20, 0x20, 0x20, 0x20, 0x20, 0x20, 0x20, 0x20, 0x20, 0x20, 0x20, 0x20, 0x20, 0x7b, //                {
	0x0a, 0x20, 0x20, 0x20, 0x20, 0x20, 0x20, 0x20, 0x20, 0x20, 0x20, 0x20, 0x20, 0x20, 0x20, 0x20, // .               
	0x20, 0x20, 0x20, 0x20, 0x20, 0x20, 0x20, 0x20, 0x20, 0x5f, 0x31, 0x33, 0x32, 0x32, 0x20, 0x3d, //          _1322 =
	0x20, 0x28, 0x5f, 0x39, 0x30, 0x38, 0x20, 0x2d, 0x20, 0x31, 0x2e, 0x30, 0x29, 0x20, 0x2d, 0x20, //  (_908 - 1.0) - 
	0x66, 0x6c, 0x6f, 0x6f, 0x72, 0x28, 0x5f, 0x39, 0x36, 0x30, 0x29, 0x3b, 0x0a, 0x20, 0x20, 0x20, // floor(_960);.   
	0x20, 0x20, 0x20, 0x20, 0x20, 0x20, 0x20, 0x20, 0x20, 0x20, 0x20, 0x20, 0x20, 0x20, 0x20, 0x20, //                 
	0x20, 0x7d, 0x0a, 0x20, 0x20, 0x20, 0x20, 0x20, 0x20, 0x20, 0x20, 0x20, 0x20, 0x20, 0x20, 0x20, //  }.             
	0x20, 0x20, 0x20, 0x20, 0x20, 0x20, 0x20, 0x65, 0x6c, 0x73, 0x65, 0x0a, 0x20, 0x20, 0x20, 0x20, //        else.    
	0x20, 0x20, 0x20, 0x20, 0x20, 0x20, 0x20, 0x20, 0x20, 0x20, 0x20, 0x20, 0x20, 0x20, 0x20, 0x20, //                 
	0x7b, 0x0a, 0x20, 0x20, 0x20, 0x20, 0x20, 0x20, 0x20, 0x20, 0x20, 0x20, 0x20, 0x20, 0x20, 0x20, // {.              
	0x20, 0x20, 0x20, 0x20, 0x20, 0x20, 0x20, 0x20, 0x20, 0x20, 0x5f, 0x31, 0x33, 0x32, 0x32, 0x20, //           _1322 
	0x3d, 0x20, 0x5f, 0x39, 0x36, 0x30, 0x3b, 0x0a, 0x20, 0x20, 0x20, 0x20, 0x20, 0x20, 0x20, 0x20, // = _960;.        
	0x20, 0x20, 0x20, 0x20, 0x20, 0x20, 0x20, 0x20, 0x20, 0x20, 0x20, 0x20, 0x7d, 0x0a, 0x20, 0x20, //             }.  
	0x20, 0x20, 0x20, 0x20, 0x20, 0x20, 0x20, 0x20, 0x20, 0x20, 0x20, 0x20, 0x20, 0x20, 0x20, 0x20, //                 
	0x20, 0x20, 0x5f, 0x31, 0x33, 0x32, 0x31, 0x20, 0x3d, 0x20, 0x5f, 0x31, 0x33, 0x32, 0x32, 0x3b, //   _1321 = _1322;
	0x0a, 0x20, 0x20, 0x20, 0x20, 0x20, 0x20, 0x20, 0x20, 0x20, 0x20, 0x20, 0x20, 0x20, 0x20, 0x20, // .               
	0x20, 0x20, 0x20, 0x20, 0x20, 0x5f, 0x31, 0x33, 0x30, 0x38, 0x20, 0x3d, 0x20, 0x5f, 0x31, 0x33, //      _1308 = _13
	0x31, 0x30, 0x3b, 0x0a, 0x20, 0x20, 0x20, 0x20, 0x20, 0x20, 0x20, 0x20, 0x20, 0x20, 0x20, 0x20, // 10;.            
	0x20, 0x20, 0x20, 0x20, 0x7d, 0x0a, 0x20, 0x20, 0x20, 0x20, 0x20, 0x20, 0x20, 0x20, 0x20, 0x20, //     }.          
	0x20, 0x20, 0x20, 0x20, 0x20, 0x20, 0x65, 0x6c, 0x73, 0x65, 0x0a, 0x20, 0x20, 0x20, 0x20, 0x20, //       else.     
	0x20, 0x20, 0x20, 0x20, 0x20, 0x20, 0x20, 0x20, 0x20, 0x20, 0x20, 0x7b, 0x0a, 0x20, 0x20, 0x20, //            {.   
	0x20, 0x20, 0x20, 0x20, 0x20, 0x20, 0x20, 0x20, 0x20, 0x20, 0x20, 0x20, 0x20, 0x20, 0x20, 0x20, //                 
	0x20, 0x5f, 0x31, 0x33, 0x32, 0x31, 0x20, 0x3d, 0x20, 0x5f, 0x39, 0x30, 0x35, 0x3b, 0x0a, 0x20, //  _1321 = _905;. 
	0x20, 0x20, 0x20, 0x20, 0x20, 0x20, 0x20, 0x20, 0x20, 0x20, 0x20, 0x20, 0x20, 0x20, 0x20, 0x20, //                 
	0x20, 0x20, 0x20, 0x5f, 0x31, 0x33, 0x30, 0x38, 0x20, 0x3d, 0x20, 0x5f, 0x39, 0x30, 0x32, 0x3b, //    _1308 = _902;
	0x0a, 0x20, 0x20, 0x20, 0x20, 0x20, 0x20, 0x20, 0x20, 0x20, 0x20, 0x20, 0x20, 0x20, 0x20, 0x20, // .               
	0x20, 0x7d, 0x0a, 0x20, 0x20, 0x20, 0x20, 0x20, 0x20, 0x20, 0x20, 0x20, 0x20, 0x20, 0x20, 0x20, //  }.             
	0x20, 0x20, 0x20, 0x5f, 0x31, 0x33, 0x32, 0x30, 0x20, 0x3d, 0x20, 0x5f, 0x31, 0x33, 0x32, 0x31, //    _1320 = _1321
	0x3b, 0x0a, 0x20, 0x20, 0x20, 0x20, 0x20, 0x20, 0x20, 0x20, 0x20, 0x20, 0x20, 0x20, 0x20, 0x20, // ;.              
	0x20, 0x20, 0x5f, 0x31, 0x33, 0x30, 0x37, 0x20, 0x3d, 0x20, 0x5f, 0x31, 0x33, 0x30, 0x38, 0x3b, //   _1307 = _1308;
	0x0a, 0x20, 0x20, 0x20, 0x20, 0x20, 0x20, 0x20, 0x20, 0x20, 0x20, 0x20, 0x20, 0x7d, 0x0a, 0x20, // .            }. 
	0x20, 0x20, 0x20, 0x20, 0x20, 0x20, 0x20, 0x20, 0x20, 0x20, 0x20, 0x5f, 0x31, 0x33, 0x31, 0x38, //            _1318
	0x20, 0x3d, 0x20, 0x5f, 0x31, 0x33, 0x32, 0x30, 0x3b, 0x0a, 0x20, 0x20, 0x20, 0x20, 0x20, 0x20, //  = _1320;.      
	0x20, 0x20, 0x20, 0x20, 0x20, 0x20, 0x5f, 0x31, 0x33, 0x30, 0x35, 0x20, 0x3d, 0x20, 0x5f, 0x31, //       _1305 = _1
	0x33, 0x30, 0x37, 0x3b, 0x0a, 0x20, 0x20, 0x20, 0x20, 0x20, 0x20, 0x20, 0x20, 0x7d, 0x0a, 0x20, // 307;.        }. 
	0x20, 0x20, 0x20, 0x20, 0x20, 0x20, 0x20, 0x5f, 0x38, 0x31, 0x36, 0x2e, 0x79, 0x20, 0x3d, 0x20, //        _816.y = 
	0x75, 0x5f, 0x6d, 0x55, 0x56, 0x49, 0x6e, 0x76, 0x65, 0x72, 0x73, 0x65, 0x64, 0x2e, 0x78, 0x20, // u_mUVInversed.x 
	0x2b, 0x20, 0x28, 0x75, 0x5f, 0x6d, 0x55, 0x56, 0x49, 0x6e, 0x76, 0x65, 0x72, 0x73, 0x65, 0x64, // + (u_mUVInversed
	0x2e, 0x79, 0x20, 0x2a, 0x20, 0x5f, 0x36, 0x38, 0x31, 0x29, 0x3b, 0x0a, 0x20, 0x20, 0x20, 0x20, // .y * _681);.    
	0x20, 0x20, 0x20, 0x20, 0x69, 0x6e, 0x74, 0x20, 0x5f, 0x31, 0x30, 0x31, 0x39, 0x20, 0x3d, 0x20, //     int _1019 = 
	0x69, 0x6e, 0x74, 0x28, 0x5f, 0x31, 0x33, 0x30, 0x35, 0x29, 0x3b, 0x0a, 0x20, 0x20, 0x20, 0x20, // int(_1305);.    
	0x20, 0x20, 0x20, 0x20, 0x69, 0x6e, 0x74, 0x20, 0x5f, 0x31, 0x30, 0x32, 0x32, 0x20, 0x3d, 0x20, //     int _1022 = 
	0x69, 0x6e, 0x74, 0x28, 0x75, 0x5f, 0x66, 0x6c, 0x69, 0x70, 0x62, 0x6f, 0x6f, 0x6b, 0x50, 0x61, // int(u_flipbookPa
	0x72, 0x61, 0x6d, 0x65, 0x74, 0x65, 0x72, 0x31, 0x2e, 0x7a, 0x29, 0x3b, 0x0a, 0x20, 0x20, 0x20, // rameter1.z);.   
	0x20, 0x20, 0x20, 0x20, 0x20, 0x66, 0x6c, 0x6f, 0x61, 0x74, 0x20, 0x5f, 0x31, 0x30, 0x32, 0x33, //      float _1023
	0x20, 0x3d, 0x20, 0x66, 0x6c, 0x6f, 0x61, 0x74, 0x28, 0x5f, 0x31, 0x30, 0x32, 0x32, 0x29, 0x3b, //  = float(_1022);
	0x0a, 0x20, 0x20, 0x20, 0x20, 0x20, 0x20, 0x20, 0x20, 0x69, 0x6e, 0x74, 0x20, 0x5f, 0x31, 0x30, // .        int _10
	0x34, 0x35, 0x20, 0x3d, 0x20, 0x69, 0x6e, 0x74, 0x28, 0x5f, 0x31, 0x33, 0x31, 0x38, 0x29, 0x3b, // 45 = int(_1318);
	0x0a, 0x20, 0x20, 0x20, 0x20, 0x20, 0x20, 0x20, 0x20, 0x76, 0x65, 0x63, 0x32, 0x20, 0x5f, 0x31, // .        vec2 _1
	0x30, 0x36, 0x35, 0x20, 0x3d, 0x20, 0x28, 0x28, 0x5f, 0x38, 0x31, 0x36, 0x20, 0x2d, 0x20, 0x28, // 065 = ((_816 - (
	0x28, 0x76, 0x65, 0x63, 0x32, 0x28, 0x6d, 0x6f, 0x64, 0x28, 0x66, 0x6c, 0x6f, 0x61, 0x74, 0x28, // (vec2(mod(float(
	0x5f, 0x31, 0x30, 0x31, 0x39, 0x29, 0x2c, 0x20, 0x5f, 0x31, 0x30, 0x32, 0x33, 0x29, 0x2c, 0x20, // _1019), _1023), 
	0x66, 0x6c, 0x6f, 0x61, 0x74, 0x28, 0x5f, 0x31, 0x30, 0x31, 0x39, 0x20, 0x2f, 0x20, 0x5f, 0x31, // float(_1019 / _1
	0x30, 0x32, 0x32, 0x29, 0x29, 0x20, 0x2a, 0x20, 0x75, 0x5f, 0x66, 0x6c, 0x69, 0x70, 0x62, 0x6f, // 022)) * u_flipbo
	0x6f, 0x6b, 0x50, 0x61, 0x72, 0x61, 0x6d, 0x65, 0x74, 0x65, 0x72, 0x32, 0x2e, 0x78, 0x79, 0x29, // okParameter2.xy)
	0x20, 0x2b, 0x20, 0x75, 0x5f, 0x66, 0x6c, 0x69, 0x70, 0x62, 0x6f, 0x6f, 0x6b, 0x50, 0x61, 0x72, //  + u_flipbookPar
	0x61, 0x6d, 0x65, 0x74, 0x65, 0x72, 0x32, 0x2e, 0x7a, 0x77, 0x29, 0x29, 0x20, 0x2b, 0x20, 0x28, // ameter2.zw)) + (
	0x76, 0x65, 0x63, 0x32, 0x28, 0x6d, 0x6f, 0x64, 0x28, 0x66, 0x6c, 0x6f, 0x61, 0x74, 0x28, 0x5f, // vec2(mod(float(_
	0x31, 0x30, 0x34, 0x35, 0x29, 0x2c, 0x20, 0x5f, 0x31, 0x30, 0x32, 0x33, 0x29, 0x2c, 0x20, 0x66, // 1045), _1023), f
	0x6c, 0x6f, 0x61, 0x74, 0x28, 0x5f, 0x31, 0x30, 0x34, 0x35, 0x20, 0x2f, 0x20, 0x5f, 0x31, 0x30, // loat(_1045 / _10
	0x32, 0x32, 0x29, 0x29, 0x20, 0x2a, 0x20, 0x75, 0x5f, 0x66, 0x6c, 0x69, 0x70, 0x62, 0x6f, 0x6f, // 22)) * u_flipboo
	0x6b, 0x50, 0x61, 0x72, 0x61, 0x6d, 0x65, 0x74, 0x65, 0x72, 0x32, 0x2e, 0x78, 0x79, 0x29, 0x29, // kParameter2.xy))
	0x20, 0x2b, 0x20, 0x75, 0x5f, 0x66, 0x6c, 0x69, 0x70, 0x62, 0x6f, 0x6f, 0x6b, 0x50, 0x61, 0x72, //  + u_flipbookPar
	0x61, 0x6d, 0x65, 0x74, 0x65, 0x72, 0x32, 0x2e, 0x7a, 0x77, 0x3b, 0x0a, 0x20, 0x20, 0x20, 0x20, // ameter2.zw;.    
	0x20, 0x20, 0x20, 0x20, 0x5f, 0x31, 0x30, 0x36, 0x35, 0x2e, 0x79, 0x20, 0x3d, 0x20, 0x75, 0x5f, //     _1065.y = u_
	0x6d, 0x55, 0x56, 0x49, 0x6e, 0x76, 0x65, 0x72, 0x73, 0x65, 0x64, 0x2e, 0x78, 0x20, 0x2b, 0x20, // mUVInversed.x + 
	0x28, 0x75, 0x5f, 0x6d, 0x55, 0x56, 0x49, 0x6e, 0x76, 0x65, 0x72, 0x73, 0x65, 0x64, 0x2e, 0x79, // (u_mUVInversed.y
	0x20, 0x2a, 0x20, 0x5f, 0x31, 0x30, 0x36, 0x35, 0x2e, 0x79, 0x29, 0x3b, 0x0a, 0x20, 0x20, 0x20, //  * _1065.y);.   
	0x20, 0x20, 0x20, 0x20, 0x20, 0x5f, 0x31, 0x33, 0x33, 0x36, 0x20, 0x3d, 0x20, 0x5f, 0x31, 0x30, //      _1336 = _10
	0x36, 0x35, 0x3b, 0x0a, 0x20, 0x20, 0x20, 0x20, 0x20, 0x20, 0x20, 0x20, 0x5f, 0x31, 0x33, 0x32, // 65;.        _132
	0x39, 0x20, 0x3d, 0x20, 0x66, 0x72, 0x61, 0x63, 0x74, 0x28, 0x61, 0x5f, 0x74, 0x65, 0x78, 0x63, // 9 = fract(a_texc
	0x6f, 0x6f, 0x72, 0x64, 0x35, 0x29, 0x3b, 0x0a, 0x20, 0x20, 0x20, 0x20, 0x7d, 0x0a, 0x20, 0x20, // oord5);.    }.  
	0x20, 0x20, 0x65, 0x6c, 0x73, 0x65, 0x0a, 0x20, 0x20, 0x20, 0x20, 0x7b, 0x0a, 0x20, 0x20, 0x20, //   else.    {.   
	0x20, 0x20, 0x20, 0x20, 0x20, 0x5f, 0x31, 0x33, 0x33, 0x36, 0x20, 0x3d, 0x20, 0x76, 0x65, 0x63, //      _1336 = vec
	0x32, 0x28, 0x30, 0x2e, 0x30, 0x29, 0x3b, 0x0a, 0x20, 0x20, 0x20, 0x20, 0x20, 0x20, 0x20, 0x20, // 2(0.0);.        
	0x5f, 0x31, 0x33, 0x32, 0x39, 0x20, 0x3d, 0x20, 0x30, 0x2e, 0x30, 0x3b, 0x0a, 0x20, 0x20, 0x20, // _1329 = 0.0;.   
	0x20, 0x7d, 0x0a, 0x20, 0x20, 0x20, 0x20, 0x67, 0x6c, 0x5f, 0x50, 0x6f, 0x73, 0x69, 0x74, 0x69, //  }.    gl_Positi
	0x6f, 0x6e, 0x20, 0x3d, 0x20, 0x5f, 0x36, 0x39, 0x38, 0x3b, 0x0a, 0x20, 0x20, 0x20, 0x20, 0x76, // on = _698;.    v
	0x5f, 0x43, 0x6f, 0x6c, 0x6f, 0x72, 0x20, 0x3d, 0x20, 0x61, 0x5f, 0x63, 0x6f, 0x6c, 0x6f, 0x72, // _Color = a_color
	0x30, 0x3b, 0x0a, 0x20, 0x20, 0x20, 0x20, 0x76, 0x5f, 0x55, 0x56, 0x5f, 0x4f, 0x74, 0x68, 0x65, // 0;.    v_UV_Othe
	0x72, 0x73, 0x20, 0x3d, 0x20, 0x76, 0x65, 0x63, 0x34, 0x28, 0x61, 0x5f, 0x74, 0x65, 0x78, 0x63, // rs = vec4(a_texc
	0x6f, 0x6f, 0x72, 0x64, 0x30, 0x2e, 0x78, 0x2c, 0x20, 0x5f, 0x36, 0x38, 0x31, 0x2c, 0x20, 0x5f, // oord0.x, _681, _
	0x31, 0x33, 0x32, 0x39, 0x2c, 0x20, 0x61, 0x5f, 0x74, 0x65, 0x78, 0x63, 0x6f, 0x6f, 0x72, 0x64, // 1329, a_texcoord
	0x36, 0x29, 0x3b, 0x0a, 0x20, 0x20, 0x20, 0x20, 0x76, 0x5f, 0x57, 0x6f, 0x72, 0x6c, 0x64, 0x4e, // 6);.    v_WorldN
	0x20, 0x3d, 0x20, 0x5f, 0x36, 0x36, 0x34, 0x3b, 0x0a, 0x20, 0x20, 0x20, 0x20, 0x76, 0x5f, 0x57, //  = _664;.    v_W
	0x6f, 0x72, 0x6c, 0x64, 0x42, 0x20, 0x3d, 0x20, 0x76, 0x65, 0x63, 0x34, 0x28, 0x63, 0x72, 0x6f, // orldB = vec4(cro
	0x73, 0x73, 0x28, 0x5f, 0x36, 0x36, 0x34, 0x2c, 0x20, 0x5f, 0x36, 0x36, 0x36, 0x29, 0x2c, 0x20, // ss(_664, _666), 
	0x30, 0x2e, 0x30, 0x29, 0x2e, 0x78, 0x79, 0x7a, 0x3b, 0x0a, 0x20, 0x20, 0x20, 0x20, 0x76, 0x5f, // 0.0).xyz;.    v_
	0x57, 0x6f, 0x72, 0x6c, 0x64, 0x54, 0x20, 0x3d, 0x20, 0x5f, 0x36, 0x36, 0x36, 0x3b, 0x0a, 0x20, // WorldT = _666;. 
	0x20, 0x20, 0x20, 0x76, 0x5f, 0x41, 0x6c, 0x70, 0x68, 0x61, 0x5f, 0x44, 0x69, 0x73, 0x74, 0x5f, //    v_Alpha_Dist_
	0x55, 0x56, 0x20, 0x3d, 0x20, 0x5f, 0x31, 0x32, 0x35, 0x33, 0x3b, 0x0a, 0x20, 0x20, 0x20, 0x20, // UV = _1253;.    
	0x76, 0x5f, 0x42, 0x6c, 0x65, 0x6e, 0x64, 0x5f, 0x41, 0x6c, 0x70, 0x68, 0x61, 0x5f, 0x44, 0x69, // v_Blend_Alpha_Di
	0x73, 0x74, 0x5f, 0x55, 0x56, 0x20, 0x3d, 0x20, 0x5f, 0x31, 0x32, 0x36, 0x38, 0x3b, 0x0a, 0x20, // st_UV = _1268;. 
	0x20, 0x20, 0x20, 0x76, 0x5f, 0x42, 0x6c, 0x65, 0x6e, 0x64, 0x5f, 0x46, 0x42, 0x4e, 0x65, 0x78, //    v_Blend_FBNex
	0x74, 0x49, 0x6e, 0x64, 0x65, 0x78, 0x5f, 0x55, 0x56, 0x20, 0x3d, 0x20, 0x76, 0x65, 0x63, 0x34, // tIndex_UV = vec4
	0x28, 0x61, 0x5f, 0x74, 0x65, 0x78, 0x63, 0x6f, 0x6f, 0x72, 0x64, 0x33, 0x2e, 0x78, 0x2c, 0x20, // (a_texcoord3.x, 
	0x75, 0x5f, 0x6d, 0x55, 0x56, 0x49, 0x6e, 0x76, 0x65, 0x72, 0x73, 0x65, 0x64, 0x2e, 0x78, 0x20, // u_mUVInversed.x 
	0x2b, 0x20, 0x28, 0x75, 0x5f, 0x6d, 0x55, 0x56, 0x49, 0x6e, 0x76, 0x65, 0x72, 0x73, 0x65, 0x64, // + (u_mUVInversed
	0x2e, 0x79, 0x20, 0x2a, 0x20, 0x61, 0x5f, 0x74, 0x65, 0x78, 0x63, 0x6f, 0x6f, 0x72, 0x64, 0x33, // .y * a_texcoord3
	0x2e, 0x79, 0x29, 0x2c, 0x20, 0x5f, 0x31, 0x33, 0x33, 0x36, 0x29, 0x3b, 0x0a, 0x20, 0x20, 0x20, // .y), _1336);.   
	0x20, 0x76, 0x5f, 0x50, 0x6f, 0x73, 0x50, 0x20, 0x3d, 0x20, 0x5f, 0x36, 0x39, 0x38, 0x3b, 0x0a, //  v_PosP = _698;.
	0x7d, 0x0a, 0x0a, 0x00,                                                                         // }...
};
static const uint8_t ad_sprite_lit_vs_glsl[4788] =
{
	0x56, 0x53, 0x48, 0x0c, 0x00, 0x00, 0x00, 0x00, 0x86, 0x32, 0x45, 0x95, 0x00, 0x00, 0x00, 0x00, // VSH......2E.....
	0x00, 0x00, 0x00, 0x00, 0x04, 0x00, 0x0d, 0x75, 0x5f, 0x6d, 0x55, 0x56, 0x49, 0x6e, 0x76, 0x65, // .......u_mUVInve
	0x72, 0x73, 0x65, 0x64, 0x02, 0x01, 0x00, 0x00, 0x01, 0x00, 0x00, 0x00, 0x00, 0x00, 0x14, 0x75, // rsed...........u
	0x5f, 0x66, 0x6c, 0x69, 0x70, 0x62, 0x6f, 0x6f, 0x6b, 0x50, 0x61, 0x72, 0x61, 0x6d, 0x65, 0x74, // _flipbookParamet
	0x65, 0x72, 0x31, 0x02, 0x01, 0x00, 0x00, 0x01, 0x00, 0x00, 0x00, 0x00, 0x00, 0x14, 0x75, 0x5f, // er1...........u_
	0x66, 0x6c, 0x69, 0x70, 0x62, 0x6f, 0x6f, 0x6b, 0x50, 0x61, 0x72, 0x61, 0x6d, 0x65, 0x74, 0x65, // flipbookParamete
	0x72, 0x32, 0x02, 0x01, 0x00, 0x00, 0x01, 0x00, 0x00, 0x00, 0x00, 0x00, 0x0d, 0x75, 0x5f, 0x6d, // r2...........u_m
	0x43, 0x61, 0x6d, 0x65, 0x72, 0x61, 0x50, 0x72, 0x6f, 0x6a, 0x04, 0x01, 0x00, 0x00, 0x04, 0x00, // CameraProj......
	0x00, 0x00, 0x00, 0x00, 0x2b, 0x12, 0x00, 0x00, 0x0a, 0x76, 0x65, 0x63, 0x34, 0x20, 0x5f, 0x31, // ....+....vec4 _1
	0x33, 0x35, 0x37, 0x3b, 0x0a, 0x0a, 0x75, 0x6e, 0x69, 0x66, 0x6f, 0x72, 0x6d, 0x20, 0x76, 0x65, // 357;..uniform ve
	0x63, 0x34, 0x20, 0x75, 0x5f, 0x6d, 0x55, 0x56, 0x49, 0x6e, 0x76, 0x65, 0x72, 0x73, 0x65, 0x64, // c4 u_mUVInversed
	0x3b, 0x0a, 0x75, 0x6e, 0x69, 0x66, 0x6f, 0x72, 0x6d, 0x20, 0x76, 0x65, 0x63, 0x34, 0x20, 0x75, // ;.uniform vec4 u
	0x5f, 0x66, 0x6c, 0x69, 0x70, 0x62, 0x6f, 0x6f, 0x6b, 0x50, 0x61, 0x72, 0x61, 0x6d, 0x65, 0x74, // _flipbookParamet
	0x65, 0x72, 0x31, 0x3b, 0x0a, 0x75, 0x6e, 0x69, 0x66, 0x6f, 0x72, 0x6d, 0x20, 0x76, 0x65, 0x63, // er1;.uniform vec
	0x34, 0x20, 0x75, 0x5f, 0x66, 0x6c, 0x69, 0x70, 0x62, 0x6f, 0x6f, 0x6b, 0x50, 0x61, 0x72, 0x61, // 4 u_flipbookPara
	0x6d, 0x65, 0x74, 0x65, 0x72, 0x32, 0x3b, 0x0a, 0x75, 0x6e, 0x69, 0x66, 0x6f, 0x72, 0x6d, 0x20, // meter2;.uniform 
	0x6d, 0x61, 0x74, 0x34, 0x20, 0x75, 0x5f, 0x6d, 0x43, 0x61, 0x6d, 0x65, 0x72, 0x61, 0x50, 0x72, // mat4 u_mCameraPr
	0x6f, 0x6a, 0x3b, 0x0a, 0x0a, 0x6c, 0x61, 0x79, 0x6f, 0x75, 0x74, 0x28, 0x6c, 0x6f, 0x63, 0x61, // oj;..layout(loca
	0x74, 0x69, 0x6f, 0x6e, 0x20, 0x3d, 0x20, 0x32, 0x29, 0x20, 0x69, 0x6e, 0x20, 0x76, 0x65, 0x63, // tion = 2) in vec
	0x33, 0x20, 0x61, 0x5f, 0x70, 0x6f, 0x73, 0x69, 0x74, 0x69, 0x6f, 0x6e, 0x3b, 0x0a, 0x6c, 0x61, // 3 a_position;.la
	0x79, 0x6f, 0x75, 0x74, 0x28, 0x6c, 0x6f, 0x63, 0x61, 0x74, 0x69, 0x6f, 0x6e, 0x20, 0x3d, 0x20, // yout(location = 
	0x30, 0x29, 0x20, 0x69, 0x6e, 0x20, 0x76, 0x65, 0x63, 0x34, 0x20, 0x61, 0x5f, 0x63, 0x6f, 0x6c, // 0) in vec4 a_col
	0x6f, 0x72, 0x30, 0x3b, 0x0a, 0x6c, 0x61, 0x79, 0x6f, 0x75, 0x74, 0x28, 0x6c, 0x6f, 0x63, 0x61, // or0;.layout(loca
	0x74, 0x69, 0x6f, 0x6e, 0x20, 0x3d, 0x20, 0x31, 0x29, 0x20, 0x69, 0x6e, 0x20, 0x76, 0x65, 0x63, // tion = 1) in vec
	0x34, 0x20, 0x61, 0x5f, 0x6e, 0x6f, 0x72, 0x6d, 0x61, 0x6c, 0x3b, 0x0a, 0x6c, 0x61, 0x79, 0x6f, // 4 a_normal;.layo
	0x75, 0x74, 0x28, 0x6c, 0x6f, 0x63, 0x61, 0x74, 0x69, 0x6f, 0x6e, 0x20, 0x3d, 0x20, 0x33, 0x29, // ut(location = 3)
	0x20, 0x69, 0x6e, 0x20, 0x76, 0x65, 0x63, 0x34, 0x20, 0x61, 0x5f, 0x74, 0x61, 0x6e, 0x67, 0x65, //  in vec4 a_tange
	0x6e, 0x74, 0x3b, 0x0a, 0x6c, 0x61, 0x79, 0x6f, 0x75, 0x74, 0x28, 0x6c, 0x6f, 0x63, 0x61, 0x74, // nt;.layout(locat
	0x69, 0x6f, 0x6e, 0x20, 0x3d, 0x20, 0x34, 0x29, 0x20, 0x69, 0x6e, 0x20, 0x76, 0x65, 0x63, 0x32, // ion = 4) in vec2
	0x20, 0x61, 0x5f, 0x74, 0x65, 0x78, 0x63, 0x6f, 0x6f, 0x72, 0x64, 0x30, 0x3b, 0x0a, 0x6c, 0x61, //  a_texcoord0;.la
	0x79, 0x6f, 0x75, 0x74, 0x28, 0x6c, 0x6f, 0x63, 0x61, 0x74, 0x69, 0x6f, 0x6e, 0x20, 0x3d, 0x20, // yout(location = 
	0x36, 0x29, 0x20, 0x69, 0x6e, 0x20, 0x76, 0x65, 0x63, 0x34, 0x20, 0x61, 0x5f, 0x74, 0x65, 0x78, // 6) in vec4 a_tex
	0x63, 0x6f, 0x6f, 0x72, 0x64, 0x32, 0x3b, 0x0a, 0x6c, 0x61, 0x79, 0x6f, 0x75, 0x74, 0x28, 0x6c, // coord2;.layout(l
	0x6f, 0x63, 0x61, 0x74, 0x69, 0x6f, 0x6e, 0x20, 0x3d, 0x20, 0x37, 0x29, 0x20, 0x69, 0x6e, 0x20, // ocation = 7) in 
	0x76, 0x65, 0x63, 0x32, 0x20, 0x61, 0x5f, 0x74, 0x65, 0x78, 0x63, 0x6f, 0x6f, 0x72, 0x64, 0x33, // vec2 a_texcoord3
	0x3b, 0x0a, 0x6c, 0x61, 0x79, 0x6f, 0x75, 0x74, 0x28, 0x6c, 0x6f, 0x63, 0x61, 0x74, 0x69, 0x6f, // ;.layout(locatio
	0x6e, 0x20, 0x3d, 0x20, 0x38, 0x29, 0x20, 0x69, 0x6e, 0x20, 0x76, 0x65, 0x63, 0x34, 0x20, 0x61, // n = 8) in vec4 a
	0x5f, 0x74, 0x65, 0x78, 0x63, 0x6f, 0x6f, 0x72, 0x64, 0x34, 0x3b, 0x0a, 0x6c, 0x61, 0x79, 0x6f, // _texcoord4;.layo
	0x75, 0x74, 0x28, 0x6c, 0x6f, 0x63, 0x61, 0x74, 0x69, 0x6f, 0x6e, 0x20, 0x3d, 0x20, 0x39, 0x29, // ut(location = 9)
	0x20, 0x69, 0x6e, 0x20, 0x66, 0x6c, 0x6f, 0x61, 0x74, 0x20, 0x61, 0x5f, 0x74, 0x65, 0x78, 0x63, //  in float a_texc
	0x6f, 0x6f, 0x72, 0x64, 0x35, 0x3b, 0x0a, 0x6c, 0x61, 0x79, 0x6f, 0x75, 0x74, 0x28, 0x6c, 0x6f, // oord5;.layout(lo
	0x63, 0x61, 0x74, 0x69, 0x6f, 0x6e, 0x20, 0x3d, 0x20, 0x31, 0x30, 0x29, 0x20, 0x69, 0x6e, 0x20, // cation = 10) in 
	0x66, 0x6c, 0x6f, 0x61, 0x74, 0x20, 0x61, 0x5f, 0x74, 0x65, 0x78, 0x63, 0x6f, 0x6f, 0x72, 0x64, // float a_texcoord
	0x36, 0x3b, 0x0a, 0x6f, 0x75, 0x74, 0x20, 0x76, 0x65, 0x63, 0x34, 0x20, 0x76, 0x5f, 0x43, 0x6f, // 6;.out vec4 v_Co
	0x6c, 0x6f, 0x72, 0x3b, 0x0a, 0x6f, 0x75, 0x74, 0x20, 0x76, 0x65, 0x63, 0x34, 0x20, 0x76, 0x5f, // lor;.out vec4 v_
	0x55, 0x56, 0x5f, 0x4f, 0x74, 0x68, 0x65, 0x72, 0x73, 0x3b, 0x0a, 0x6f, 0x75, 0x74, 0x20, 0x76, // UV_Others;.out v
	0x65, 0x63, 0x33, 0x20, 0x76, 0x5f, 0x57, 0x6f, 0x72, 0x6c, 0x64, 0x4e, 0x3b, 0x0a, 0x6f, 0x75, // ec3 v_WorldN;.ou
	0x74, 0x20, 0x76, 0x65, 0x63, 0x33, 0x20, 0x76, 0x5f, 0x57, 0x6f, 0x72, 0x6c, 0x64, 0x42, 0x3b, // t vec3 v_WorldB;
	0x0a, 0x6f, 0x75, 0x74, 0x20, 0x76, 0x65, 0x63, 0x33, 0x20, 0x76, 0x5f, 0x57, 0x6f, 0x72, 0x6c, // .out vec3 v_Worl
	0x64, 0x54, 0x3b, 0x0a, 0x6f, 0x75, 0x74, 0x20, 0x76, 0x65, 0x63, 0x34, 0x20, 0x76, 0x5f, 0x41, // dT;.out vec4 v_A
	0x6c, 0x70, 0x68, 0x61, 0x5f, 0x44, 0x69, 0x73, 0x74, 0x5f, 0x55, 0x56, 0x3b, 0x0a, 0x6f, 0x75, // lpha_Dist_UV;.ou
	0x74, 0x20, 0x76, 0x65, 0x63, 0x34, 0x20, 0x76, 0x5f, 0x42, 0x6c, 0x65, 0x6e, 0x64, 0x5f, 0x41, // t vec4 v_Blend_A
	0x6c, 0x70, 0x68, 0x61, 0x5f, 0x44, 0x69, 0x73, 0x74, 0x5f, 0x55, 0x56, 0x3b, 0x0a, 0x6f, 0x75, // lpha_Dist_UV;.ou
	0x74, 0x20, 0x76, 0x65, 0x63, 0x34, 0x20, 0x76, 0x5f, 0x42, 0x6c, 0x65, 0x6e, 0x64, 0x5f, 0x46, // t vec4 v_Blend_F
	0x42, 0x4e, 0x65, 0x78, 0x74, 0x49, 0x6e, 0x64, 0x65, 0x78, 0x5f, 0x55, 0x56, 0x3b, 0x0a, 0x6f, // BNextIndex_UV;.o
	0x75, 0x74, 0x20, 0x76, 0x65, 0x63, 0x34, 0x20, 0x76, 0x5f, 0x50, 0x6f, 0x73, 0x50, 0x3b, 0x0a, // ut vec4 v_PosP;.
	0x0a, 0x76, 0x6f, 0x69, 0x64, 0x20, 0x6d, 0x61, 0x69, 0x6e, 0x28, 0x29, 0x0a, 0x7b, 0x0a, 0x20, // .void main().{. 
	0x20, 0x20, 0x20, 0x76, 0x65, 0x63, 0x34, 0x20, 0x5f, 0x35, 0x35, 0x32, 0x20, 0x3d, 0x20, 0x61, //    vec4 _552 = a
	0x5f, 0x74, 0x65, 0x78, 0x63, 0x6f, 0x6f, 0x72, 0x64, 0x32, 0x3b, 0x0a, 0x20, 0x20, 0x20, 0x20, // _texcoord2;.    
	0x76, 0x65, 0x63, 0x34, 0x20, 0x5f, 0x35, 0x35, 0x38, 0x20, 0x3d, 0x20, 0x61, 0x5f, 0x74, 0x65, // vec4 _558 = a_te
	0x78, 0x63, 0x6f, 0x6f, 0x72, 0x64, 0x34, 0x3b, 0x0a, 0x20, 0x20, 0x20, 0x20, 0x76, 0x65, 0x63, // xcoord4;.    vec
	0x33, 0x20, 0x5f, 0x36, 0x36, 0x34, 0x20, 0x3d, 0x20, 0x76, 0x65, 0x63, 0x34, 0x28, 0x28, 0x61, // 3 _664 = vec4((a
	0x5f, 0x6e, 0x6f, 0x72, 0x6d, 0x61, 0x6c, 0x2e, 0x78, 0x79, 0x7a, 0x20, 0x2d, 0x20, 0x76, 0x65, // _normal.xyz - ve
	0x63, 0x33, 0x28, 0x30, 0x2e, 0x35, 0x29, 0x29, 0x20, 0x2a, 0x20, 0x32, 0x2e, 0x30, 0x2c, 0x20, // c3(0.5)) * 2.0, 
	0x30, 0x2e, 0x30, 0x29, 0x2e, 0x78, 0x79, 0x7a, 0x3b, 0x0a, 0x20, 0x20, 0x20, 0x20, 0x76, 0x65, // 0.0).xyz;.    ve
	0x63, 0x33, 0x20, 0x5f, 0x36, 0x36, 0x36, 0x20, 0x3d, 0x20, 0x76, 0x65, 0x63, 0x34, 0x28, 0x28, // c3 _666 = vec4((
	0x61, 0x5f, 0x74, 0x61, 0x6e, 0x67, 0x65, 0x6e, 0x74, 0x2e, 0x78, 0x79, 0x7a, 0x20, 0x2d, 0x20, // a_tangent.xyz - 
	0x76, 0x65, 0x63, 0x33, 0x28, 0x30, 0x2e, 0x35, 0x29, 0x29, 0x20, 0x2a, 0x20, 0x32, 0x2e, 0x30, // vec3(0.5)) * 2.0
	0x2c, 0x20, 0x30, 0x2e, 0x30, 0x29, 0x2e, 0x78, 0x79, 0x7a, 0x3b, 0x0a, 0x20, 0x20, 0x20, 0x20, // , 0.0).xyz;.    
	0x66, 0x6c, 0x6f, 0x61, 0x74, 0x20, 0x5f, 0x36, 0x38, 0x31, 0x20, 0x3d, 0x20, 0x75, 0x5f, 0x6d, // float _681 = u_m
	0x55, 0x56, 0x49, 0x6e, 0x76, 0x65, 0x72, 0x73, 0x65, 0x64, 0x2e, 0x78, 0x20, 0x2b, 0x20, 0x28, // UVInversed.x + (
	0x75, 0x5f, 0x6d, 0x55, 0x56, 0x49, 0x6e, 0x76, 0x65, 0x72, 0x73, 0x65, 0x64, 0x2e, 0x79, 0x20, // u_mUVInversed.y 
	0x2a, 0x20, 0x61, 0x5f, 0x74, 0x65, 0x78, 0x63, 0x6f, 0x6f, 0x72, 0x64, 0x30, 0x2e, 0x79, 0x29, // * a_texcoord0.y)
	0x3b, 0x0a, 0x20, 0x20, 0x20, 0x20, 0x76, 0x65, 0x63, 0x34, 0x20, 0x5f, 0x31, 0x32, 0x34, 0x34, // ;.    vec4 _1244
	0x3b, 0x0a, 0x20, 0x20, 0x20, 0x20, 0x5f, 0x31, 0x32, 0x34, 0x34, 0x2e, 0x78, 0x20, 0x3d, 0x20, // ;.    _1244.x = 
	0x61, 0x5f, 0x74, 0x65, 0x78, 0x63, 0x6f, 0x6f, 0x72, 0x64, 0x30, 0x2e, 0x78, 0x3b, 0x0a, 0x20, // a_texcoord0.x;. 
	0x20, 0x20, 0x20, 0x76, 0x65, 0x63, 0x34, 0x20, 0x5f, 0x36, 0x39, 0x38, 0x20, 0x3d, 0x20, 0x75, //    vec4 _698 = u
	0x5f, 0x6d, 0x43, 0x61, 0x6d, 0x65, 0x72, 0x61, 0x50, 0x72, 0x6f, 0x6a, 0x20, 0x2a, 0x20, 0x76, // _mCameraProj * v
	0x65, 0x63, 0x34, 0x28, 0x61, 0x5f, 0x70, 0x6f, 0x73, 0x69, 0x74, 0x69, 0x6f, 0x6e, 0x2c, 0x20, // ec4(a_position, 
	0x31, 0x2e, 0x30, 0x29, 0x3b, 0x0a, 0x20, 0x20, 0x20, 0x20, 0x76, 0x65, 0x63, 0x34, 0x20, 0x5f, // 1.0);.    vec4 _
	0x31, 0x32, 0x35, 0x33, 0x20, 0x3d, 0x20, 0x5f, 0x35, 0x35, 0x32, 0x3b, 0x0a, 0x20, 0x20, 0x20, // 1253 = _552;.   
	0x20, 0x5f, 0x31, 0x32, 0x35, 0x33, 0x2e, 0x79, 0x20, 0x3d, 0x20, 0x75, 0x5f, 0x6d, 0x55, 0x56, //  _1253.y = u_mUV
	0x49, 0x6e, 0x76, 0x65, 0x72, 0x73, 0x65, 0x64, 0x2e, 0x78, 0x20, 0x2b, 0x20, 0x28, 0x75, 0x5f, // Inversed.x + (u_
	0x6d, 0x55, 0x56, 0x49, 0x6e, 0x76, 0x65, 0x72, 0x73, 0x65, 0x64, 0x2e, 0x79, 0x20, 0x2a, 0x20, // mUVInversed.y * 
	0x5f, 0x35, 0x35, 0x32, 0x2e, 0x79, 0x29, 0x3b, 0x0a, 0x20, 0x20, 0x20, 0x20, 0x5f, 0x31, 0x32, // _552.y);.    _12
	0x35, 0x33, 0x2e, 0x77, 0x20, 0x3d, 0x20, 0x75, 0x5f, 0x6d, 0x55, 0x56, 0x49, 0x6e, 0x76, 0x65, // 53.w = u_mUVInve
	0x72, 0x73, 0x65, 0x64, 0x2e, 0x78, 0x20, 0x2b, 0x20, 0x28, 0x75, 0x5f, 0x6d, 0x55, 0x56, 0x49, // rsed.x + (u_mUVI
	0x6e, 0x76, 0x65, 0x72, 0x73, 0x65, 0x64, 0x2e, 0x79, 0x20, 0x2a, 0x20, 0x5f, 0x35, 0x35, 0x32, // nversed.y * _552
	0x2e, 0x77, 0x29, 0x3b, 0x0a, 0x20, 0x20, 0x20, 0x20, 0x76, 0x65, 0x63, 0x34, 0x20, 0x5f, 0x31, // .w);.    vec4 _1
	0x32, 0x36, 0x38, 0x20, 0x3d, 0x20, 0x5f, 0x35, 0x35, 0x38, 0x3b, 0x0a, 0x20, 0x20, 0x20, 0x20, // 268 = _558;.    
	0x5f, 0x31, 0x32, 0x36, 0x38, 0x2e, 0x79, 0x20, 0x3d, 0x20, 0x75, 0x5f, 0x6d, 0x55, 0x56, 0x49, // _1268.y = u_mUVI
	0x6e, 0x76, 0x65, 0x72, 0x73, 0x65, 0x64, 0x2e, 0x78, 0x20, 0x2b, 0x20, 0x28, 0x75, 0x5f, 0x6d, // nversed.x + (u_m
	0x55, 0x56, 0x49, 0x6e, 0x76, 0x65, 0x72, 0x73, 0x65, 0x64, 0x2e, 0x79, 0x20, 0x2a, 0x20, 0x5f, // UVInversed.y * _
	0x35, 0x35, 0x38, 0x2e, 0x79, 0x29, 0x3b, 0x0a, 0x20, 0x20, 0x20, 0x20, 0x5f, 0x31, 0x32, 0x36, // 558.y);.    _126
	0x38, 0x2e, 0x77, 0x20, 0x3d, 0x20, 0x75, 0x5f, 0x6d, 0x55, 0x56, 0x49, 0x6e, 0x76, 0x65, 0x72, // 8.w = u_mUVInver
	0x73, 0x65, 0x64, 0x2e, 0x78, 0x20, 0x2b, 0x20, 0x28, 0x75, 0x5f, 0x6d, 0x55, 0x56, 0x49, 0x6e, // sed.x + (u_mUVIn
	0x76, 0x65, 0x72, 0x73, 0x65, 0x64, 0x2e, 0x79, 0x20, 0x2a, 0x20, 0x5f, 0x35, 0x35, 0x38, 0x2e, // versed.y * _558.
	0x77, 0x29, 0x3b, 0x0a, 0x20, 0x20, 0x20, 0x20, 0x76, 0x65, 0x63, 0x32, 0x20, 0x5f, 0x38, 0x31, // w);.    vec2 _81
	0x36, 0x20, 0x3d, 0x20, 0x5f, 0x31, 0x32, 0x34, 0x34, 0x2e, 0x78, 0x79, 0x3b, 0x0a, 0x20, 0x20, // 6 = _1244.xy;.  
	0x20, 0x20, 0x66, 0x6c, 0x6f, 0x61, 0x74, 0x20, 0x5f, 0x31, 0x33, 0x32, 0x39, 0x3b, 0x0a, 0x20, //   float _1329;. 
	0x20, 0x20, 0x20, 0x76, 0x65, 0x63, 0x32, 0x20, 0x5f, 0x31, 0x33, 0x33, 0x36, 0x3b, 0x0a, 0x20, //    vec2 _1336;. 
	0x20, 0x20, 0x20, 0x69, 0x66, 0x20, 0x28, 0x75, 0x5f, 0x66, 0x6c, 0x69, 0x70, 0x62, 0x6f, 0x6f, //    if (u_flipboo
	0x6b, 0x50, 0x61, 0x72, 0x61, 0x6d, 0x65, 0x74, 0x65, 0x72, 0x31, 0x2e, 0x78, 0x20, 0x3e, 0x20, // kParameter1.x > 
	0x30, 0x2e, 0x30, 0x29, 0x0a, 0x20, 0x20, 0x20, 0x20, 0x7b, 0x0a, 0x20, 0x20, 0x20, 0x20, 0x20, // 0.0).    {.     
	0x20, 0x20, 0x20, 0x66, 0x6c, 0x6f, 0x61, 0x74, 0x20, 0x5f, 0x39, 0x30, 0x32, 0x20, 0x3d, 0x20, //    float _902 = 
	0x66, 0x6c, 0x6f, 0x6f, 0x72, 0x28, 0x61, 0x5f, 0x74, 0x65, 0x78, 0x63, 0x6f, 0x6f, 0x72, 0x64, // floor(a_texcoord
	0x35, 0x29, 0x3b, 0x0a, 0x20, 0x20, 0x20, 0x20, 0x20, 0x20, 0x20, 0x20, 0x66, 0x6c, 0x6f, 0x61, // 5);.        floa
	0x74, 0x20, 0x5f, 0x39, 0x30, 0x35, 0x20, 0x3d, 0x20, 0x5f, 0x39, 0x30, 0x32, 0x20, 0x2b, 0x20, // t _905 = _902 + 
	0x31, 0x2e, 0x30, 0x3b, 0x0a, 0x20, 0x20, 0x20, 0x20, 0x20, 0x20, 0x20, 0x20, 0x66, 0x6c, 0x6f, // 1.0;.        flo
	0x61, 0x74, 0x20, 0x5f, 0x39, 0x30, 0x38, 0x20, 0x3d, 0x20, 0x75, 0x5f, 0x66, 0x6c, 0x69, 0x70, // at _908 = u_flip
	0x62, 0x6f, 0x6f, 0x6b, 0x50, 0x61, 0x72, 0x61, 0x6d, 0x65, 0x74, 0x65, 0x72, 0x31, 0x2e, 0x7a, // bookParameter1.z
	0x20, 0x2a, 0x20, 0x75, 0x5f, 0x66, 0x6c, 0x69, 0x70, 0x62, 0x6f, 0x6f, 0x6b, 0x50, 0x61, 0x72, //  * u_flipbookPar
	0x61, 0x6d, 0x65, 0x74, 0x65, 0x72, 0x31, 0x2e, 0x77, 0x3b, 0x0a, 0x20, 0x20, 0x20, 0x20, 0x20, // ameter1.w;.     
	0x20, 0x20, 0x20, 0x66, 0x6c, 0x6f, 0x61, 0x74, 0x20, 0x5f, 0x31, 0x33, 0x30, 0x35, 0x3b, 0x0a, //    float _1305;.
	0x20, 0x20, 0x20, 0x20, 0x20, 0x20, 0x20, 0x20, 0x66, 0x6c, 0x6f, 0x61, 0x74, 0x20, 0x5f, 0x31, //         float _1
	0x33, 0x31, 0x38, 0x3b, 0x0a, 0x20, 0x20, 0x20, 0x20, 0x20, 0x20, 0x20, 0x20, 0x69, 0x66, 0x20, // 318;.        if 
	0x28, 0x75, 0x5f, 0x66, 0x6c, 0x69, 0x70, 0x62, 0x6f, 0x6f, 0x6b, 0x50, 0x61, 0x72, 0x61, 0x6d, // (u_flipbookParam
	0x65, 0x74, 0x65, 0x72, 0x31, 0x2e, 0x79, 0x20, 0x3d, 0x3d, 0x20, 0x30, 0x2e, 0x30, 0x29, 0x0a, // eter1.y == 0.0).
	0x20, 0x20, 0x20, 0x20, 0x20, 0x20, 0x20, 0x20, 0x7b, 0x0a, 0x20, 0x20, 0x20, 0x20, 0x20, 0x20, //         {.      
	0x20, 0x20, 0x20, 0x20, 0x20, 0x20, 0x66, 0x6c, 0x6f, 0x61, 0x74, 0x20, 0x5f, 0x31, 0x33, 0x30, //       float _130
	0x36, 0x3b, 0x0a, 0x20, 0x20, 0x20, 0x20, 0x20, 0x20, 0x20, 0x20, 0x20, 0x20, 0x20, 0x20, 0x66, // 6;.            f
	0x6c, 0x6f, 0x61, 0x74, 0x20, 0x5f, 0x31, 0x33, 0x31, 0x39, 0x3b, 0x0a, 0x20, 0x20, 0x20, 0x20, // loat _1319;.    
	0x20, 0x20, 0x20, 0x20, 0x20, 0x20, 0x20, 0x20, 0x69, 0x66, 0x20, 0x28, 0x5f, 0x39, 0x30, 0x35, //         if (_905
	0x20, 0x3e, 0x3d, 0x20, 0x5f, 0x39, 0x30, 0x38, 0x29, 0x0a, 0x20, 0x20, 0x20, 0x20, 0x20, 0x20, //  >= _908).      
	0x20, 0x20, 0x20, 0x20, 0x20, 0x20, 0x7b, 0x0a, 0x20, 0x20, 0x20, 0x20, 0x20, 0x20, 0x20, 0x20, //       {.        
	0x20, 0x20, 0x20, 0x20, 0x20, 0x20, 0x20, 0x20, 0x66, 0x6c, 0x6f, 0x61, 0x74, 0x20, 0x5f, 0x39, //         float _9
	0x31, 0x37, 0x20, 0x3d, 0x20, 0x5f, 0x39, 0x30, 0x38, 0x20, 0x2d, 0x20, 0x31, 0x2e, 0x30, 0x3b, // 17 = _908 - 1.0;
	0x0a, 0x20, 0x20, 0x20, 0x20, 0x20, 0x20, 0x20, 0x20, 0x20, 0x20, 0x20, 0x20, 0x20, 0x20, 0x20, // .               
	0x20, 0x5f, 0x31, 0x33, 0x31, 0x39, 0x20, 0x3d, 0x20, 0x5f, 0x39, 0x31, 0x37, 0x3b, 0x0a, 0x20, //  _1319 = _917;. 
	0x20, 0x20, 0x20, 0x20, 0x20, 0x20, 0x20, 0x20, 0x20, 0x20, 0x20, 0x20, 0x20, 0x20, 0x20, 0x5f, //                _
	0x31, 0x33, 0x30, 0x36, 0x20, 0x3d, 0x20, 0x5f, 0x39, 0x31, 0x37, 0x3b, 0x0a, 0x20, 0x20, 0x20, // 1306 = _917;.   
	0x20, 0x20, 0x20, 0x20, 0x20, 0x20, 0x20, 0x20, 0x20, 0x7d, 0x0a, 0x20, 0x20, 0x20, 0x20, 0x20, //          }.     
	0x20, 0x20, 0x20, 0x20, 0x20, 0x20, 0x20, 0x65, 0x6c, 0x73, 0x65, 0x0a, 0x20, 0x20, 0x20, 0x20, //        else.    
	0x20, 0x20, 0x20, 0x20, 0x20, 0x20, 0x20, 0x20, 0x7b, 0x0a, 0x20, 0x20, 0x20, 0x20, 0x20, 0x20, //         {.      
	0x20, 0x20, 0x20, 0x20, 0x20, 0x20, 0x20, 0x20, 0x20, 0x20, 0x5f, 0x31, 0x33, 0x31, 0x39, 0x20, //           _1319 
	0x3d, 0x20, 0x5f, 0x39, 0x30, 0x35, 0x3b, 0x0a, 0x20, 0x20, 0x20, 0x20, 0x20, 0x20, 0x20, 0x20, // = _905;.        
	0x20, 0x20, 0x20, 0x20, 0x20, 0x20, 0x20, 0x20, 0x5f, 0x31, 0x33, 0x30, 0x36, 0x20, 0x3d, 0x20, //         _1306 = 
	0x5f, 0x39, 0x30, 0x32, 0x3b, 0x0a, 0x20, 0x20, 0x20, 0x20, 0x20, 0x20, 0x20, 0x20, 0x20, 0x20, // _902;.          
	0x20, 0x20, 0x7d, 0x0a, 0x20, 0x20, 0x20, 0x20, 0x20, 0x20, 0x20, 0x20, 0x20, 0x20, 0x20, 0x20, //   }.            
	0x5f, 0x31, 0x33, 0x31, 0x38, 0x20, 0x3d, 0x20, 0x5f, 0x31, 0x33, 0x31, 0x39, 0x3b, 0x0a, 0x20, // _1318 = _1319;. 
	0x20, 0x20, 0x20, 0x20, 0x20, 0x20, 0x20, 0x20, 0x20, 0x20, 0x20, 0x5f, 0x31, 0x33, 0x30, 0x35, //            _1305
	0x20, 0x3d, 0x20, 0x5f, 0x31, 0x33, 0x30, 0x36, 0x3b, 0x0a, 0x20, 0x20, 0x20, 0x20, 0x20, 0x20, //  = _1306;.      
	0x20, 0x20, 0x7d, 0x0a, 0x20, 0x20, 0x20, 0x20, 0x20, 0x20, 0x20, 0x20, 0x65, 0x6c, 0x73, 0x65, //   }.        else
	0x0a, 0x20, 0x20, 0x20, 0x20, 0x20, 0x20, 0x20, 0x20, 0x7b, 0x0a, 0x20, 0x20, 0x20, 0x20, 0x20, // .        {.     
	0x20, 0x20, 0x20, 0x20, 0x20, 0x20, 0x20, 0x66, 0x6c, 0x6f, 0x61, 0x74, 0x20, 0x5f, 0x31, 0x33, //        float _13
	0x30, 0x37, 0x3b, 0x0a, 0x20, 0x20, 0x20, 0x20, 0x20, 0x20, 0x20, 0x20, 0x20, 0x20, 0x20, 0x20, // 07;.            
	0x66, 0x6c, 0x6f, 0x61, 0x74, 0x20, 0x5f, 0x31, 0x33, 0x32, 0x30, 0x3b, 0x0a, 0x20, 0x20, 0x20, // float _1320;.   
	0x20, 0x20, 0x20, 0x20, 0x20, 0x20, 0x20, 0x20, 0x20, 0x69, 0x66, 0x20, 0x28, 0x75, 0x5f, 0x66, //          if (u_f
	0x6c, 0x69, 0x70, 0x62, 0x6f, 0x6f, 0x6b, 0x50, 0x61, 0x72, 0x61, 0x6d, 0x65, 0x74, 0x65, 0x72, // lipbookParameter
	0x31, 0x2e, 0x79, 0x20, 0x3d, 0x3d, 0x20, 0x31, 0x2e, 0x30, 0x29, 0x0a, 0x20, 0x20, 0x20, 0x20, // 1.y == 1.0).    
	0x20, 0x20, 0x20, 0x20, 0x20, 0x20, 0x20, 0x20, 0x7b, 0x0a, 0x20, 0x20, 0x20, 0x20, 0x20, 0x20, //         {.      
	0x20, 0x20, 0x20, 0x20, 0x20, 0x20, 0x20, 0x20, 0x20, 0x20, 0x5f, 0x31, 0x33, 0x32, 0x30, 0x20, //           _1320 
	0x3d, 0x20, 0x6d, 0x6f, 0x64, 0x28, 0x5f, 0x39, 0x30, 0x35, 0x2c, 0x20, 0x5f, 0x39, 0x30, 0x38, // = mod(_905, _908
	0x29, 0x3b, 0x0a, 0x20, 0x20, 0x20, 0x20, 0x20, 0x20, 0x20, 0x20, 0x20, 0x20, 0x20, 0x20, 0x20, // );.             
	0x20, 0x20, 0x20, 0x5f, 0x31, 0x33, 0x30, 0x37, 0x20, 0x3d, 0x20, 0x6d, 0x6f, 0x64, 0x28, 0x5f, //    _1307 = mod(_
	0x39, 0x30, 0x32, 0x2c, 0x20, 0x5f, 0x39, 0x30, 0x38, 0x29, 0x3b, 0x0a, 0x20, 0x20, 0x20, 0x20, // 902, _908);.    
	0x20, 0x20, 0x20, 0x20, 0x20, 0x20, 0x20, 0x20, 0x7d, 0x0a, 0x20, 0x20, 0x20, 0x20, 0x20, 0x20, //         }.      
	0x20, 0x20, 0x20, 0x20, 0x20, 0x20, 0x65, 0x6c, 0x73, 0x65, 0x0a, 0x20, 0x20, 0x20, 0x20, 0x20, //       else.     
	0x20, 0x20, 0x20, 0x20, 0x20, 0x20, 0x20, 0x7b, 0x0a, 0x20, 0x20, 0x20, 0x20, 0x20, 0x20, 0x20, //        {.       
	0x20, 0x20, 0x20, 0x20, 0x20, 0x20, 0x20, 0x20, 0x20, 0x66, 0x6c, 0x6f, 0x61, 0x74, 0x20, 0x5f, //          float _
	0x31, 0x33, 0x30, 0x38, 0x3b, 0x0a, 0x20, 0x20, 0x20, 0x20, 0x20, 0x20, 0x20, 0x20, 0x20, 0x20, // 1308;.          
	0x20, 0x20, 0x20, 0x20, 0x20, 0x20, 0x66, 0x6c, 0x6f, 0x61, 0x74, 0x20, 0x5f, 0x31, 0x33, 0x32, //       float _132
	0x31, 0x3b, 0x0a, 0x20, 0x20, 0x20, 0x20, 0x20, 0x20, 0x20, 0x20, 0x20, 0x20, 0x20, 0x20, 0x20, // 1;.             
	0x20, 0x20, 0x20, 0x69, 0x66, 0x20, 0x28, 0x75, 0x5f, 0x66, 0x6c, 0x69, 0x70, 0x62, 0x6f, 0x6f, //    if (u_flipboo
	0x6b, 0x50, 0x61, 0x72, 0x61, 0x6d, 0x65, 0x74, 0x65, 0x72, 0x31, 0x2e, 0x79, 0x20, 0x3d, 0x3d, // kParameter1.y ==
	0x20, 0x32, 0x2e, 0x30, 0x29, 0x0a, 0x20, 0x20, 0x20, 0x20, 0x20, 0x20, 0x20, 0x20, 0x20, 0x20, //  2.0).          
	0x20, 0x20, 0x20, 0x20, 0x20, 0x20, 0x7b, 0x0a, 0x20, 0x20, 0x20, 0x20, 0x20, 0x20, 0x20, 0x20, //       {.        
	0x20, 0x20, 0x20, 0x20, 0x20, 0x20, 0x20, 0x20, 0x20, 0x20, 0x20, 0x20, 0x66, 0x6c, 0x6f, 0x61, //             floa
	0x74, 0x20, 0x5f, 0x39, 0x34, 0x33, 0x20, 0x3d, 0x20, 0x6d, 0x6f, 0x64, 0x28, 0x5f, 0x39, 0x30, // t _943 = mod(_90
	0x32, 0x2c, 0x20, 0x5f, 0x39, 0x30, 0x38, 0x29, 0x3b, 0x0a, 0x20, 0x20, 0x20, 0x20, 0x20, 0x20, // 2, _908);.      
	0x20, 0x20, 0x20, 0x20, 0x20, 0x20, 0x20, 0x20, 0x20, 0x20, 0x20, 0x20, 0x20, 0x20, 0x66, 0x6c, //               fl
	0x6f, 0x61, 0x74, 0x20, 0x5f, 0x31, 0x33, 0x31, 0x30, 0x3b, 0x0a, 0x20, 0x20, 0x20, 0x20, 0x20, // oat _1310;.     
	0x20, 0x20, 0x20, 0x20, 0x20, 0x20, 0x20, 0x20, 0x20, 0x20, 0x20, 0x20, 0x20, 0x20, 0x20, 0x69, //                i
	0x66, 0x20, 0x28, 0x6d, 0x6f, 0x64, 0x28, 0x66, 0x6c, 0x6f, 0x6f, 0x72, 0x28, 0x5f, 0x39, 0x30, // f (mod(floor(_90
	0x32, 0x20, 0x2f, 0x20, 0x5f, 0x39, 0x30, 0x38, 0x29, 0x2c, 0x20, 0x32, 0x2e, 0x30, 0x29, 0x20, // 2 / _908), 2.0) 
	0x3d, 0x3d, 0x20, 0x31, 0x2e, 0x30, 0x29, 0x0a, 0x20, 0x20, 0x20, 0x20, 0x20, 0x20, 0x20, 0x20, // == 1.0).        
	0x20, 0x20, 0x20, 0x20, 0x20, 0x20, 0x20, 0x20, 0x20, 0x20, 0x20, 0x20, 0x7b, 0x0a, 0x20, 0x20, //             {.  
	0x20, 0x20, 0x20, 0x20, 0x20, 0x20, 0x20, 0x20, 0x20, 0x20, 0x20, 0x20, 0x20, 0x20, 0x20, 0x20, //                 
	0x20, 0x20, 0x20, 0x20, 0x20, 0x20, 0x5f, 0x31, 0x33, 0x31, 0x30, 0x20, 0x3d, 0x20, 0x28, 0x5f, //       _1310 = (_
	0x39, 0x30, 0x38, 0x20, 0x2d, 0x20, 0x31, 0x2e, 0x30, 0x29, 0x20, 0x2d, 0x20, 0x66, 0x6c, 0x6f, // 908 - 1.0) - flo
	0x6f, 0x72, 0x28, 0x5f, 0x39, 0x34, 0x33, 0x29, 0x3b, 0x0a, 0x20, 0x20, 0x20, 0x20, 0x20, 0x20, // or(_943);.      
	0x20, 0x20, 0x20, 0x20, 0x20, 0x20, 0x20, 0x20, 0x20, 0x20, 0x20, 0x20, 0x20, 0x20, 0x7d, 0x0a, //               }.
	0x20, 0x20, 0x20, 0x20, 0x20, 0x20, 0x20, 0x20, 0x20, 0x20, 0x20, 0x20, 0x20, 0x20, 0x20, 0x20, //                 
	0x20, 0x20, 0x20, 0x20, 0x65, 0x6c, 0x73, 0x65, 0x0a, 0x20, 0x20, 0x20, 0x20, 0x20, 0x20, 0x20, //     else.       
	0x20, 0x20, 0x20, 0x20, 0x20, 0x20, 0x20, 0x20, 0x20, 0x20, 0x20, 0x20, 0x20, 0x7b, 0x0a, 0x20, //              {. 
	0x20, 0x20, 0x20, 0x20, 0x20, 0x20, 0x20, 0x20, 0x20, 0x20, 0x20, 0x20, 0x20, 0x20, 0x20, 0x20, //                 
	0x20, 0x20, 0x20, 0x20, 0x20, 0x20, 0x20, 0x5f, 0x31, 0x33, 0x31, 0x30, 0x20, 0x3d, 0x20, 0x5f, //        _1310 = _
	0x39, 0x34, 0x33, 0x3b, 0x0a, 0x20, 0x20, 0x20, 0x20, 0x20, 0x20, 0x20, 0x20, 0x20, 0x20, 0x20, // 943;.           
	0x20, 0x20, 0x20, 0x20, 0x20, 0x20, 0x20, 0x20, 0x20, 0x7d, 0x0a, 0x20, 0x20, 0x20, 0x20, 0x20, //          }.     
	0x20, 0x20, 0x20, 0x20, 0x20, 0x20, 0x20, 0x20, 0x20, 0x20, 0x20, 0x20, 0x20, 0x20, 0x20, 0x66, //                f
	0x6c, 0x6f, 0x61, 0x74, 0x20, 0x5f, 0x39, 0x36, 0x30, 0x20, 0x3d, 0x20, 0x6d, 0x6f, 0x64, 0x28, // loat _960 = mod(
	0x5f, 0x39, 0x30, 0x35, 0x2c, 0x20, 0x5f, 0x39, 0x30, 0x38, 0x29, 0x3b, 0x0a, 0x20, 0x20, 0x20, // _905, _908);.   
	0x20, 0x20, 0x20, 0x20, 0x20, 0x20, 0x20, 0x20, 0x20, 0x20, 0x20, 0x20, 0x20, 0x20, 0x20, 0x20, //                 
	0x20, 0x66, 0x6c, 0x6f, 0x61, 0x74, 0x20, 0x5f, 0x31, 0x33, 0x32, 0x32, 0x3b, 0x0a, 0x20, 0x20, //  float _1322;.  
	0x20, 0x20, 0x20, 0x20, 0x20, 0x20, 0x20, 0x20, 0x20, 0x20, 0x20, 0x20, 0x20, 0x20, 0x20, 0x20, //                 
	0x20, 0x20, 0x69, 0x66, 0x20, 0x28, 0x6d, 0x6f, 0x64, 0x28, 0x66, 0x6c, 0x6f, 0x6f, 0x72, 0x28, //   if (mod(floor(
	0x5f, 0x39, 0x30, 0x35, 0x20, 0x2f, 0x20, 0x5f, 0x39, 0x30, 0x38, 0x29, 0x2c, 0x20, 0x32, 0x2e, // _905 / _908), 2.
	0x30, 0x29, 0x20, 0x3d, 0x3d, 0x20, 0x31, 0x2e, 0x30, 0x29, 0x0a, 0x20, 0x20, 0x20, 0x20, 0x20, // 0) == 1.0).     
	0x20, 0x20, 0x20, 0x20, 0x20, 0x20, 0x20, 0x20, 0x20, 0x20, 0x20, 0x20, 0x20, 0x20, 0x20, 0x7b, //                {
	0x0a, 0x20, 0x20, 0x20, 0x20, 0x20, 0x20, 0x20, 0x20, 0x20, 0x20, 0x20, 0x20, 0x20, 0x20, 0x20, // .               
	0x20, 0x20, 0x20, 0x20, 0x20, 0x20, 0x20, 0x20, 0x20, 0x5f, 0x31, 0x33, 0x32, 0x32, 0x20, 0x3d, //          _1322 =
	0x20, 0x28, 0x5f, 0x39, 0x30, 0x38, 0x20, 0x2d, 0x20, 0x31, 0x2e, 0x30, 0x29, 0x20, 0x2d, 0x20, //  (_908 - 1.0) - 
	0x66, 0x6c, 0x6f, 0x6f, 0x72, 0x28, 0x5f, 0x39, 0x36, 0x30, 0x29, 0x3b, 0x0a, 0x20, 0x20, 0x20, // floor(_960);.   
	0x20, 0x20, 0x20, 0x20, 0x20, 0x20, 0x20, 0x20, 0x20, 0x20, 0x20, 0x20, 0x20, 0x20, 0x20, 0x20, //                 
	0x20, 0x7d, 0x0a, 0x20, 0x20, 0x20, 0x20, 0x20, 0x20, 0x20, 0x20, 0x20, 0x20, 0x20, 0x20, 0x20, //  }.             
	0x20, 0x20, 0x20, 0x20, 0x20, 0x20, 0x20, 0x65, 0x6c, 0x73, 0x65, 0x0a, 0x20, 0x20, 0x20, 0x20, //        else.    
	0x20, 0x20, 0x20, 0x20, 0x20, 0x20, 0x20, 0x20, 0x20, 0x20, 0x20, 0x20, 0x20, 0x20, 0x20, 0x20, //                 
	0x7b, 0x0a, 0x20, 0x20, 0x20, 0x20, 0x20, 0x20, 0x20, 0x20, 0x20, 0x20, 0x20, 0x20, 0x20, 0x20, // {.              
	0x20, 0x20, 0x20, 0x20, 0x20, 0x20, 0x20, 0x20, 0x20, 0x20, 0x5f, 0x31, 0x33, 0x32, 0x32, 0x20, //           _1322 
	0x3d, 0x20, 0x5f, 0x39, 0x36, 0x30, 0x3b, 0x0a, 0x20, 0x20, 0x20, 0x20, 0x20, 0x20, 0x20, 0x20, // = _960;.        
	0x20, 0x20, 0x20, 0x20, 0x20, 0x20, 0x20, 0x20, 0x20, 0x20, 0x20, 0x20, 0x7d, 0x0a, 0x20, 0x20, //             }.  
	0x20, 0x20, 0x20, 0x20, 0x20, 0x20, 0x20, 0x20, 0x20, 0x20, 0x20, 0x20, 0x20, 0x20, 0x20, 0x20, //                 
	0x20, 0x20, 0x5f, 0x31, 0x33, 0x32, 0x31, 0x20, 0x3d, 0x20, 0x5f, 0x31, 0x33, 0x32, 0x32, 0x3b, //   _1321 = _1322;
	0x0a, 0x20, 0x20, 0x20, 0x20, 0x20, 0x20, 0x20, 0x20, 0x20, 0x20, 0x20, 0x20, 0x20, 0x20, 0x20, // .               
	0x20, 0x20, 0x20, 0x20, 0x20, 0x5f, 0x31, 0x33, 0x30, 0x38, 0x20, 0x3d, 0x20, 0x5f, 0x31, 0x33, //      _1308 = _13
	0x31, 0x30, 0x3b, 0x0a, 0x20, 0x20, 0x20, 0x20, 0x20, 0x20, 0x20, 0x20, 0x20, 0x20, 0x20, 0x20, // 10;.            
	0x20, 0x20, 0x20, 0x20, 0x7d, 0x0a, 0x20, 0x20, 0x20, 0x20, 0x20, 0x20, 0x20, 0x20, 0x20, 0x20, //     }.          
	0x20, 0x20, 0x20, 0x20, 0x20, 0x20, 0x65, 0x6c, 0x73, 0x65, 0x0a, 0x20, 0x20, 0x20, 0x20, 0x20, //       else.     
	0x20, 0x20, 0x20, 0x20, 0x20, 0x20, 0x20, 0x20, 0x20, 0x20, 0x20, 0x7b, 0x0a, 0x20, 0x20, 0x20, //            {.   
	0x20, 0x20, 0x20, 0x20, 0x20, 0x20, 0x20, 0x20, 0x20, 0x20, 0x20, 0x20, 0x20, 0x20, 0x20, 0x20, //                 
	0x20, 0x5f, 0x31, 0x33, 0x32, 0x31, 0x20, 0x3d, 0x20, 0x5f, 0x39, 0x30, 0x35, 0x3b, 0x0a, 0x20, //  _1321 = _905;. 
	0x20, 0x20, 0x20, 0x20, 0x20, 0x20, 0x20, 0x20, 0x20, 0x20, 0x20, 0x20, 0x20, 0x20, 0x20, 0x20, //                 
	0x20, 0x20, 0x20, 0x5f, 0x31, 0x33, 0x30, 0x38, 0x20, 0x3d, 0x20, 0x5f, 0x39, 0x30, 0x32, 0x3b, //    _1308 = _902;
	0x0a, 0x20, 0x20, 0x20, 0x20, 0x20, 0x20, 0x20, 0x20, 0x20, 0x20, 0x20, 0x20, 0x20, 0x20, 0x20, // .               
	0x20, 0x7d, 0x0a, 0x20, 0x20, 0x20, 0x20, 0x20, 0x20, 0x20, 0x20, 0x20, 0x20, 0x20, 0x20, 0x20, //  }.             
	0x20, 0x20, 0x20, 0x5f, 0x31, 0x33, 0x32, 0x30, 0x20, 0x3d, 0x20, 0x5f, 0x31, 0x33, 0x32, 0x31, //    _1320 = _1321
	0x3b, 0x0a, 0x20, 0x20, 0x20, 0x20, 0x20, 0x20, 0x20, 0x20, 0x20, 0x20, 0x20, 0x20, 0x20, 0x20, // ;.              
	0x20, 0x20, 0x5f, 0x31, 0x33, 0x30, 0x37, 0x20, 0x3d, 0x20, 0x5f, 0x31, 0x33, 0x30, 0x38, 0x3b, //   _1307 = _1308;
	0x0a, 0x20, 0x20, 0x20, 0x20, 0x20, 0x20, 0x20, 0x20, 0x20, 0x20, 0x20, 0x20, 0x7d, 0x0a, 0x20, // .            }. 
	0x20, 0x20, 0x20, 0x20, 0x20, 0x20, 0x20, 0x20, 0x20, 0x20, 0x20, 0x5f, 0x31, 0x33, 0x31, 0x38, //            _1318
	0x20, 0x3d, 0x20, 0x5f, 0x31, 0x33, 0x32, 0x30, 0x3b, 0x0a, 0x20, 0x20, 0x20, 0x20, 0x20, 0x20, //  = _1320;.      
	0x20, 0x20, 0x20, 0x20, 0x20, 0x20, 0x5f, 0x31, 0x33, 0x30, 0x35, 0x20, 0x3d, 0x20, 0x5f, 0x31, //       _1305 = _1
	0x33, 0x30, 0x37, 0x3b, 0x0a, 0x20, 0x20, 0x20, 0x20, 0x20, 0x20, 0x20, 0x20, 0x7d, 0x0a, 0x20, // 307;.        }. 
	0x20, 0x20, 0x20, 0x20, 0x20, 0x20, 0x20, 0x5f, 0x38, 0x31, 0x36, 0x2e, 0x79, 0x20, 0x3d, 0x20, //        _816.y = 
	0x75, 0x5f, 0x6d, 0x55, 0x56, 0x49, 0x6e, 0x76, 0x65, 0x72, 0x73, 0x65, 0x64, 0x2e, 0x78, 0x20, // u_mUVInversed.x 
	0x2b, 0x20, 0x28, 0x75, 0x5f, 0x6d, 0x55, 0x56, 0x49, 0x6e, 0x76, 0x65, 0x72, 0x73, 0x65, 0x64, // + (u_mUVInversed
	0x2e, 0x79, 0x20, 0x2a, 0x20, 0x5f, 0x36, 0x38, 0x31, 0x29, 0x3b, 0x0a, 0x20, 0x20, 0x20, 0x20, // .y * _681);.    
	0x20, 0x20, 0x20, 0x20, 0x69, 0x6e, 0x74, 0x20, 0x5f, 0x31, 0x30, 0x31, 0x39, 0x20, 0x3d, 0x20, //     int _1019 = 
	0x69, 0x6e, 0x74, 0x28, 0x5f, 0x31, 0x33, 0x30, 0x35, 0x29, 0x3b, 0x0a, 0x20, 0x20, 0x20, 0x20, // int(_1305);.    
	0x20, 0x20, 0x20, 0x20, 0x69, 0x6e, 0x74, 0x20, 0x5f, 0x31, 0x30, 0x32, 0x32, 0x20, 0x3d, 0x20, //     int _1022 = 
	0x69, 0x6e, 0x74, 0x28, 0x75, 0x5f, 0x66, 0x6c, 0x69, 0x70, 0x62, 0x6f, 0x6f, 0x6b, 0x50, 0x61, // int(u_flipbookPa
	0x72, 0x61, 0x6d, 0x65, 0x74, 0x65, 0x72, 0x31, 0x2e, 0x7a, 0x29, 0x3b, 0x0a, 0x20, 0x20, 0x20, // rameter1.z);.   
	0x20, 0x20, 0x20, 0x20, 0x20, 0x66, 0x6c, 0x6f, 0x61, 0x74, 0x20, 0x5f, 0x31, 0x30, 0x32, 0x33, //      float _1023
	0x20, 0x3d, 0x20, 0x66, 0x6c, 0x6f, 0x61, 0x74, 0x28, 0x5f, 0x31, 0x30, 0x32, 0x32, 0x29, 0x3b, //  = float(_1022);
	0x0a, 0x20, 0x20, 0x20, 0x20, 0x20, 0x20, 0x20, 0x20, 0x69, 0x6e, 0x74, 0x20, 0x5f, 0x31, 0x30, // .        int _10
	0x34, 0x35, 0x20, 0x3d, 0x20, 0x69, 0x6e, 0x74, 0x28, 0x5f, 0x31, 0x33, 0x31, 0x38, 0x29, 0x3b, // 45 = int(_1318);
	0x0a, 0x20, 0x20, 0x20, 0x20, 0x20, 0x20, 0x20, 0x20, 0x76, 0x65, 0x63, 0x32, 0x20, 0x5f, 0x31, // .        vec2 _1
	0x30, 0x36, 0x35, 0x20, 0x3d, 0x20, 0x28, 0x28, 0x5f, 0x38, 0x31, 0x36, 0x20, 0x2d, 0x20, 0x28, // 065 = ((_816 - (
	0x28, 0x76, 0x65, 0x63, 0x32, 0x28, 0x6d, 0x6f, 0x64, 0x28, 0x66, 0x6c, 0x6f, 0x61, 0x74, 0x28, // (vec2(mod(float(
	0x5f, 0x31, 0x30, 0x31, 0x39, 0x29, 0x2c, 0x20, 0x5f, 0x31, 0x30, 0x32, 0x33, 0x29, 0x2c, 0x20, // _1019), _1023), 
	0x66, 0x6c, 0x6f, 0x61, 0x74, 0x28, 0x5f, 0x31, 0x30, 0x31, 0x39, 0x20, 0x2f, 0x20, 0x5f, 0x31, // float(_1019 / _1
	0x30, 0x32, 0x32, 0x29, 0x29, 0x20, 0x2a, 0x20, 0x75, 0x5f, 0x66, 0x6c, 0x69, 0x70, 0x62, 0x6f, // 022)) * u_flipbo
	0x6f, 0x6b, 0x50, 0x61, 0x72, 0x61, 0x6d, 0x65, 0x74, 0x65, 0x72, 0x32, 0x2e, 0x78, 0x79, 0x29, // okParameter2.xy)
	0x20, 0x2b, 0x20, 0x75, 0x5f, 0x66, 0x6c, 0x69, 0x70, 0x62, 0x6f, 0x6f, 0x6b, 0x50, 0x61, 0x72, //  + u_flipbookPar
	0x61, 0x6d, 0x65, 0x74, 0x65, 0x72, 0x32, 0x2e, 0x7a, 0x77, 0x29, 0x29, 0x20, 0x2b, 0x20, 0x28, // ameter2.zw)) + (
	0x76, 0x65, 0x63, 0x32, 0x28, 0x6d, 0x6f, 0x64, 0x28, 0x66, 0x6c, 0x6f, 0x61, 0x74, 0x28, 0x5f, // vec2(mod(float(_
	0x31, 0x30, 0x34, 0x35, 0x29, 0x2c, 0x20, 0x5f, 0x31, 0x30, 0x32, 0x33, 0x29, 0x2c, 0x20, 0x66, // 1045), _1023), f
	0x6c, 0x6f, 0x61, 0x74, 0x28, 0x5f, 0x31, 0x30, 0x34, 0x35, 0x20, 0x2f, 0x20, 0x5f, 0x31, 0x30, // loat(_1045 / _10
	0x32, 0x32, 0x29, 0x29, 0x20, 0x2a, 0x20, 0x75, 0x5f, 0x66, 0x6c, 0x69, 0x70, 0x62, 0x6f, 0x6f, // 22)) * u_flipboo
	0x6b, 0x50, 0x61, 0x72, 0x61, 0x6d, 0x65, 0x74, 0x65, 0x72, 0x32, 0x2e, 0x78, 0x79, 0x29, 0x29, // kParameter2.xy))
	0x20, 0x2b, 0x20, 0x75, 0x5f, 0x66, 0x6c, 0x69, 0x70, 0x62, 0x6f, 0x6f, 0x6b, 0x50, 0x61, 0x72, //  + u_flipbookPar
	0x61, 0x6d, 0x65, 0x74, 0x65, 0x72, 0x32, 0x2e, 0x7a, 0x77, 0x3b, 0x0a, 0x20, 0x20, 0x20, 0x20, // ameter2.zw;.    
	0x20, 0x20, 0x20, 0x20, 0x5f, 0x31, 0x30, 0x36, 0x35, 0x2e, 0x79, 0x20, 0x3d, 0x20, 0x75, 0x5f, //     _1065.y = u_
	0x6d, 0x55, 0x56, 0x49, 0x6e, 0x76, 0x65, 0x72, 0x73, 0x65, 0x64, 0x2e, 0x78, 0x20, 0x2b, 0x20, // mUVInversed.x + 
	0x28, 0x75, 0x5f, 0x6d, 0x55, 0x56, 0x49, 0x6e, 0x76, 0x65, 0x72, 0x73, 0x65, 0x64, 0x2e, 0x79, // (u_mUVInversed.y
	0x20, 0x2a, 0x20, 0x5f, 0x31, 0x30, 0x36, 0x35, 0x2e, 0x79, 0x29, 0x3b, 0x0a, 0x20, 0x20, 0x20, //  * _1065.y);.   
	0x20, 0x20, 0x20, 0x20, 0x20, 0x5f, 0x31, 0x33, 0x33, 0x36, 0x20, 0x3d, 0x20, 0x5f, 0x31, 0x30, //      _1336 = _10
	0x36, 0x35, 0x3b, 0x0a, 0x20, 0x20, 0x20, 0x20, 0x20, 0x20, 0x20, 0x20, 0x5f, 0x31, 0x33, 0x32, // 65;.        _132
	0x39, 0x20, 0x3d, 0x20, 0x66, 0x72, 0x61, 0x63, 0x74, 0x28, 0x61, 0x5f, 0x74, 0x65, 0x78, 0x63, // 9 = fract(a_texc
	0x6f, 0x6f, 0x72, 0x64, 0x35, 0x29, 0x3b, 0x0a, 0x20, 0x20, 0x20, 0x20, 0x7d, 0x0a, 0x20, 0x20, // oord5);.    }.  
	0x20, 0x20, 0x65, 0x6c, 0x73, 0x65, 0x0a, 0x20, 0x20, 0x20, 0x20, 0x7b, 0x0a, 0x20, 0x20, 0x20, //   else.    {.   
	0x20, 0x20, 0x20, 0x20, 0x20, 0x5f, 0x31, 0x33, 0x33, 0x36, 0x20, 0x3d, 0x20, 0x76, 0x65, 0x63, //      _1336 = vec
	0x32, 0x28, 0x30, 0x2e, 0x30, 0x29, 0x3b, 0x0a, 0x20, 0x20, 0x20, 0x20, 0x20, 0x20, 0x20, 0x20, // 2(0.0);.        
	0x5f, 0x31, 0x33, 0x32, 0x39, 0x20, 0x3d, 0x20, 0x30, 0x2e, 0x30, 0x3b, 0x0a, 0x20, 0x20, 0x20, // _1329 = 0.0;.   
	0x20, 0x7d, 0x0a, 0x20, 0x20, 0x20, 0x20, 0x67, 0x6c, 0x5f, 0x50, 0x6f, 0x73, 0x69, 0x74, 0x69, //  }.    gl_Positi
	0x6f, 0x6e, 0x20, 0x3d, 0x20, 0x5f, 0x36, 0x39, 0x38, 0x3b, 0x0a, 0x20, 0x20, 0x20, 0x20, 0x76, // on = _698;.    v
	0x5f, 0x43, 0x6f, 0x6c, 0x6f, 0x72, 0x20, 0x3d, 0x20, 0x61, 0x5f, 0x63, 0x6f, 0x6c, 0x6f, 0x72, // _Color = a_color
	0x30, 0x3b, 0x0a, 0x20, 0x20, 0x20, 0x20, 0x76, 0x5f, 0x55, 0x56, 0x5f, 0x4f, 0x74, 0x68, 0x65, // 0;.    v_UV_Othe
	0x72, 0x73, 0x20, 0x3d, 0x20, 0x76, 0x65, 0x63, 0x34, 0x28, 0x61, 0x5f, 0x74, 0x65, 0x78, 0x63, // rs = vec4(a_texc
	0x6f, 0x6f, 0x72, 0x64, 0x30, 0x2e, 0x78, 0x2c, 0x20, 0x5f, 0x36, 0x38, 0x31, 0x2c, 0x20, 0x5f, // oord0.x, _681, _
	0x31, 0x33, 0x32, 0x39, 0x2c, 0x20, 0x61, 0x5f, 0x74, 0x65, 0x78, 0x63, 0x6f, 0x6f, 0x72, 0x64, // 1329, a_texcoord
	0x36, 0x29, 0x3b, 0x0a, 0x20, 0x20, 0x20, 0x20, 0x76, 0x5f, 0x57, 0x6f, 0x72, 0x6c, 0x64, 0x4e, // 6);.    v_WorldN
	0x20, 0x3d, 0x20, 0x5f, 0x36, 0x36, 0x34, 0x3b, 0x0a, 0x20, 0x20, 0x20, 0x20, 0x76, 0x5f, 0x57, //  = _664;.    v_W
	0x6f, 0x72, 0x6c, 0x64, 0x42, 0x20, 0x3d, 0x20, 0x76, 0x65, 0x63, 0x34, 0x28, 0x63, 0x72, 0x6f, // orldB = vec4(cro
	0x73, 0x73, 0x28, 0x5f, 0x36, 0x36, 0x34, 0x2c, 0x20, 0x5f, 0x36, 0x36, 0x36, 0x29, 0x2c, 0x20, // ss(_664, _666), 
	0x30, 0x2e, 0x30, 0x29, 0x2e, 0x78, 0x79, 0x7a, 0x3b, 0x0a, 0x20, 0x20, 0x20, 0x20, 0x76, 0x5f, // 0.0).xyz;.    v_
	0x57, 0x6f, 0x72, 0x6c, 0x64, 0x54, 0x20, 0x3d, 0x20, 0x5f, 0x36, 0x36, 0x36, 0x3b, 0x0a, 0x20, // WorldT = _666;. 
	0x20, 0x20, 0x20, 0x76, 0x5f, 0x41, 0x6c, 0x70, 0x68, 0x61, 0x5f, 0x44, 0x69, 0x73, 0x74, 0x5f, //    v_Alpha_Dist_
	0x55, 0x56, 0x20, 0x3d, 0x20, 0x5f, 0x31, 0x32, 0x35, 0x33, 0x3b, 0x0a, 0x20, 0x20, 0x20, 0x20, // UV = _1253;.    
	0x76, 0x5f, 0x42, 0x6c, 0x65, 0x6e, 0x64, 0x5f, 0x41, 0x6c, 0x70, 0x68, 0x61, 0x5f, 0x44, 0x69, // v_Blend_Alpha_Di
	0x73, 0x74, 0x5f, 0x55, 0x56, 0x20, 0x3d, 0x20, 0x5f, 0x31, 0x32, 0x36, 0x38, 0x3b, 0x0a, 0x20, // st_UV = _1268;. 
	0x20, 0x20, 0x20, 0x76, 0x5f, 0x42, 0x6c, 0x65, 0x6e, 0x64, 0x5f, 0x46, 0x42, 0x4e, 0x65, 0x78, //    v_Blend_FBNex
	0x74, 0x49, 0x6e, 0x64, 0x65, 0x78, 0x5f, 0x55, 0x56, 0x20, 0x3d, 0x20, 0x76, 0x65, 0x63, 0x34, // tIndex_UV = vec4
	0x28, 0x61, 0x5f, 0x74, 0x65, 0x78, 0x63, 0x6f, 0x6f, 0x72, 0x64, 0x33, 0x2e, 0x78, 0x2c, 0x20, // (a_texcoord3.x, 
	0x75, 0x5f, 0x6d, 0x55, 0x56, 0x49, 0x6e, 0x76, 0x65, 0x72, 0x73, 0x65, 0x64, 0x2e, 0x78, 0x20, // u_mUVInversed.x 
	0x2b, 0x20, 0x28, 0x75, 0x5f, 0x6d, 0x55, 0x56, 0x49, 0x6e, 0x76, 0x65, 0x72, 0x73, 0x65, 0x64, // + (u_mUVInversed
	0x2e, 0x79, 0x20, 0x2a, 0x20, 0x61, 0x5f, 0x74, 0x65, 0x78, 0x63, 0x6f, 0x6f, 0x72, 0x64, 0x33, // .y * a_texcoord3
	0x2e, 0x79, 0x29, 0x2c, 0x20, 0x5f, 0x31, 0x33, 0x33, 0x36, 0x29, 0x3b, 0x0a, 0x20, 0x20, 0x20, // .y), _1336);.   
	0x20, 0x76, 0x5f, 0x50, 0x6f, 0x73, 0x50, 0x20, 0x3d, 0x20, 0x5f, 0x36, 0x39, 0x38, 0x3b, 0x0a, //  v_PosP = _698;.
	0x7d, 0x0a, 0x0a, 0x00,                                                                         // }...
};
static const uint8_t ad_sprite_lit_vs_spv[6874] =
{
	0x56, 0x53, 0x48, 0x0c, 0x00, 0x00, 0x00, 0x00, 0x86, 0x32, 0x45, 0x95, 0x00, 0x00, 0x00, 0x00, // VSH......2E.....
	0x00, 0x00, 0x00, 0x00, 0x04, 0x00, 0x0d, 0x75, 0x5f, 0x6d, 0x55, 0x56, 0x49, 0x6e, 0x76, 0x65, // .......u_mUVInve
	0x72, 0x73, 0x65, 0x64, 0x02, 0x01, 0x40, 0x00, 0x01, 0x00, 0x00, 0x00, 0x00, 0x00, 0x14, 0x75, // rsed..@........u
	0x5f, 0x66, 0x6c, 0x69, 0x70, 0x62, 0x6f, 0x6f, 0x6b, 0x50, 0x61, 0x72, 0x61, 0x6d, 0x65, 0x74, // _flipbookParamet
	0x65, 0x72, 0x31, 0x02, 0x01, 0x50, 0x00, 0x01, 0x00, 0x00, 0x00, 0x00, 0x00, 0x14, 0x75, 0x5f, // er1..P........u_
	0x66, 0x6c, 0x69, 0x70, 0x62, 0x6f, 0x6f, 0x6b, 0x50, 0x61, 0x72, 0x61, 0x6d, 0x65, 0x74, 0x65, // flipbookParamete
	0x72, 0x32, 0x02, 0x01, 0x60, 0x00, 0x01, 0x00, 0x00, 0x00, 0x00, 0x00, 0x0d, 0x75, 0x5f, 0x6d, // r2..`........u_m
	0x43, 0x61, 0x6d, 0x65, 0x72, 0x61, 0x50, 0x72, 0x6f, 0x6a, 0x04, 0x01, 0x00, 0x00, 0x04, 0x00, // CameraProj......
	0x00, 0x00, 0x00, 0x00, 0x38, 0x1a, 0x00, 0x00, 0x03, 0x02, 0x23, 0x07, 0x00, 0x00, 0x01, 0x00, // ....8.....#.....
	0x0b, 0x00, 0x08, 0x00, 0x8c, 0x06, 0x00, 0x00, 0x00, 0x00, 0x00, 0x00, 0x11, 0x00, 0x02, 0x00, // ................
	0x01, 0x00, 0x00, 0x00, 0x0b, 0x00, 0x06, 0x00, 0x01, 0x00, 0x00, 0x00, 0x47, 0x4c, 0x53, 0x4c, // ............GLSL
	0x2e, 0x73, 0x74, 0x64, 0x2e, 0x34, 0x35, 0x30, 0x00, 0x00, 0x00, 0x00, 0x0e, 0x00, 0x03, 0x00, // .std.450........
	0x00, 0x00, 0x00, 0x00, 0x01, 0x00, 0x00, 0x00, 0x0f, 0x00, 0x19, 0x00, 0x00, 0x00, 0x00, 0x00, // ................
	0x04, 0x00, 0x00, 0x00, 0x6d, 0x61, 0x69, 0x6e, 0x00, 0x00, 0x00, 0x00, 0x84, 0x02, 0x00, 0x00, // ....main........
	0x87, 0x02, 0x00, 0x00, 0x8b, 0x02, 0x00, 0x00, 0x8e, 0x02, 0x00, 0x00, 0x92, 0x02, 0x00, 0x00, // ................
	0x98, 0x02, 0x00, 0x00, 0x9b, 0x02, 0x00, 0x00, 0x9e, 0x02, 0x00, 0x00, 0xa2, 0x02, 0x00, 0x00, // ................
	0xa5, 0x02, 0x00, 0x00, 0xc0, 0x02, 0x00, 0x00, 0xc3, 0x02, 0x00, 0x00, 0xc6, 0x02, 0x00, 0x00, // ................
	0xc9, 0x02, 0x00, 0x00, 0xcc, 0x02, 0x00, 0x00, 0xcf, 0x02, 0x00, 0x00, 0xd2, 0x02, 0x00, 0x00, // ................
	0xd6, 0x02, 0x00, 0x00, 0xd9, 0x02, 0x00, 0x00, 0xdc, 0x02, 0x00, 0x00, 0x03, 0x00, 0x03, 0x00, // ................
	0x05, 0x00, 0x00, 0x00, 0xf4, 0x01, 0x00, 0x00, 0x05, 0x00, 0x04, 0x00, 0x04, 0x00, 0x00, 0x00, // ................
	0x6d, 0x61, 0x69, 0x6e, 0x00, 0x00, 0x00, 0x00, 0x05, 0x00, 0x06, 0x00, 0x60, 0x01, 0x00, 0x00, // main........`...
	0x55, 0x6e, 0x69, 0x66, 0x6f, 0x72, 0x6d, 0x42, 0x6c, 0x6f, 0x63, 0x6b, 0x00, 0x00, 0x00, 0x00, // UniformBlock....
	0x06, 0x00, 0x07, 0x00, 0x60, 0x01, 0x00, 0x00, 0x00, 0x00, 0x00, 0x00, 0x75, 0x5f, 0x6d, 0x43, // ....`.......u_mC
	0x61, 0x6d, 0x65, 0x72, 0x61, 0x50, 0x72, 0x6f, 0x6a, 0x00, 0x00, 0x00, 0x06, 0x00, 0x07, 0x00, // ameraProj.......
	0x60, 0x01, 0x00, 0x00, 0x01, 0x00, 0x00, 0x00, 0x75, 0x5f, 0x6d, 0x55, 0x56, 0x49, 0x6e, 0x76, // `.......u_mUVInv
	0x65, 0x72, 0x73, 0x65, 0x64, 0x00, 0x00, 0x00, 0x06, 0x00, 0x09, 0x00, 0x60, 0x01, 0x00, 0x00, // ersed.......`...
	0x02, 0x00, 0x00, 0x00, 0x75, 0x5f, 0x66, 0x6c, 0x69, 0x70, 0x62, 0x6f, 0x6f, 0x6b, 0x50, 0x61, // ....u_flipbookPa
	0x72, 0x61, 0x6d, 0x65, 0x74, 0x65, 0x72, 0x31, 0x00, 0x00, 0x00, 0x00, 0x06, 0x00, 0x09, 0x00, // rameter1........
	0x60, 0x01, 0x00, 0x00, 0x03, 0x00, 0x00, 0x00, 0x75, 0x5f, 0x66, 0x6c, 0x69, 0x70, 0x62, 0x6f, // `.......u_flipbo
	0x6f, 0x6b, 0x50, 0x61, 0x72, 0x61, 0x6d, 0x65, 0x74, 0x65, 0x72, 0x32, 0x00, 0x00, 0x00, 0x00, // okParameter2....
	0x05, 0x00, 0x03, 0x00, 0x62, 0x01, 0x00, 0x00, 0x00, 0x00, 0x00, 0x00, 0x05, 0x00, 0x05, 0x00, // ....b...........
	0x84, 0x02, 0x00, 0x00, 0x61, 0x5f, 0x63, 0x6f, 0x6c, 0x6f, 0x72, 0x30, 0x00, 0x00, 0x00, 0x00, // ....a_color0....
	0x05, 0x00, 0x05, 0x00, 0x87, 0x02, 0x00, 0x00, 0x61, 0x5f, 0x6e, 0x6f, 0x72, 0x6d, 0x61, 0x6c, // ........a_normal
	0x00, 0x00, 0x00, 0x00, 0x05, 0x00, 0x05, 0x00, 0x8b, 0x02, 0x00, 0x00, 0x61, 0x5f, 0x70, 0x6f, // ............a_po
	0x73, 0x69, 0x74, 0x69, 0x6f, 0x6e, 0x00, 0x00, 0x05, 0x00, 0x05, 0x00, 0x8e, 0x02, 0x00, 0x00, // sition..........
	0x61, 0x5f, 0x74, 0x61, 0x6e, 0x67, 0x65, 0x6e, 0x74, 0x00, 0x00, 0x00, 0x05, 0x00, 0x05, 0x00, // a_tangent.......
	0x92, 0x02, 0x00, 0x00, 0x61, 0x5f, 0x74, 0x65, 0x78, 0x63, 0x6f, 0x6f, 0x72, 0x64, 0x30, 0x00, // ....a_texcoord0.
	0x05, 0x00, 0x05, 0x00, 0x98, 0x02, 0x00, 0x00, 0x61, 0x5f, 0x74, 0x65, 0x78, 0x63, 0x6f, 0x6f, // ........a_texcoo
	0x72, 0x64, 0x32, 0x00, 0x05, 0x00, 0x05, 0x00, 0x9b, 0x02, 0x00, 0x00, 0x61, 0x5f, 0x74, 0x65, // rd2.........a_te
	0x78, 0x63, 0x6f, 0x6f, 0x72, 0x64, 0x33, 0x00, 0x05, 0x00, 0x05, 0x00, 0x9e, 0x02, 0x00, 0x00, // xcoord3.........
	0x61, 0x5f, 0x74, 0x65, 0x78, 0x63, 0x6f, 0x6f, 0x72, 0x64, 0x34, 0x00, 0x05, 0x00, 0x05, 0x00, // a_texcoord4.....
	0xa2, 0x02, 0x00, 0x00, 0x61, 0x5f, 0x74, 0x65, 0x78, 0x63, 0x6f, 0x6f, 0x72, 0x64, 0x35, 0x00, // ....a_texcoord5.
	0x05, 0x00, 0x05, 0x00, 0xa5, 0x02, 0x00, 0x00, 0x61, 0x5f, 0x74, 0x65, 0x78, 0x63, 0x6f, 0x6f, // ........a_texcoo
	0x72, 0x64, 0x36, 0x00, 0x05, 0x00, 0x0a, 0x00, 0xc0, 0x02, 0x00, 0x00, 0x40, 0x65, 0x6e, 0x74, // rd6.........@ent
	0x72, 0x79, 0x50, 0x6f, 0x69, 0x6e, 0x74, 0x4f, 0x75, 0x74, 0x70, 0x75, 0x74, 0x2e, 0x67, 0x6c, // ryPointOutput.gl
	0x5f, 0x50, 0x6f, 0x73, 0x69, 0x74, 0x69, 0x6f, 0x6e, 0x00, 0x00, 0x00, 0x05, 0x00, 0x0b, 0x00, // _Position.......
	0xc3, 0x02, 0x00, 0x00, 0x40, 0x65, 0x6e, 0x74, 0x72, 0x79, 0x50, 0x6f, 0x69, 0x6e, 0x74, 0x4f, // ....@entryPointO
	0x75, 0x74, 0x70, 0x75, 0x74, 0x2e, 0x76, 0x5f, 0x41, 0x6c, 0x70, 0x68, 0x61, 0x5f, 0x44, 0x69, // utput.v_Alpha_Di
	0x73, 0x74, 0x5f, 0x55, 0x56, 0x00, 0x00, 0x00, 0x05, 0x00, 0x0c, 0x00, 0xc6, 0x02, 0x00, 0x00, // st_UV...........
	0x40, 0x65, 0x6e, 0x74, 0x72, 0x79, 0x50, 0x6f, 0x69, 0x6e, 0x74, 0x4f, 0x75, 0x74, 0x70, 0x75, // @entryPointOutpu
	0x74, 0x2e, 0x76, 0x5f, 0x42, 0x6c, 0x65, 0x6e, 0x64, 0x5f, 0x41, 0x6c, 0x70, 0x68, 0x61, 0x5f, // t.v_Blend_Alpha_
	0x44, 0x69, 0x73, 0x74, 0x5f, 0x55, 0x56, 0x00, 0x05, 0x00, 0x0d, 0x00, 0xc9, 0x02, 0x00, 0x00, // Dist_UV.........
	0x40, 0x65, 0x6e, 0x74, 0x72, 0x79, 0x50, 0x6f, 0x69, 0x6e, 0x74, 0x4f, 0x75, 0x74, 0x70, 0x75, // @entryPointOutpu
	0x74, 0x2e, 0x76, 0x5f, 0x42, 0x6c, 0x65, 0x6e, 0x64, 0x5f, 0x46, 0x42, 0x4e, 0x65, 0x78, 0x74, // t.v_Blend_FBNext
	0x49, 0x6e, 0x64, 0x65, 0x78, 0x5f, 0x55, 0x56, 0x00, 0x00, 0x00, 0x00, 0x05, 0x00, 0x09, 0x00, // Index_UV........
	0xcc, 0x02, 0x00, 0x00, 0x40, 0x65, 0x6e, 0x74, 0x72, 0x79, 0x50, 0x6f, 0x69, 0x6e, 0x74, 0x4f, // ....@entryPointO
	0x75, 0x74, 0x70, 0x75, 0x74, 0x2e, 0x76, 0x5f, 0x43, 0x6f, 0x6c, 0x6f, 0x72, 0x00, 0x00, 0x00, // utput.v_Color...
	0x05, 0x00, 0x09, 0x00, 0xcf, 0x02, 0x00, 0x00, 0x40, 0x65, 0x6e, 0x74, 0x72, 0x79, 0x50, 0x6f, // ........@entryPo
	0x69, 0x6e, 0x74, 0x4f, 0x75, 0x74, 0x70, 0x75, 0x74, 0x2e, 0x76, 0x5f, 0x50, 0x6f, 0x73, 0x50, // intOutput.v_PosP
	0x00, 0x00, 0x00, 0x00, 0x05, 0x00, 0x0a, 0x00, 0xd2, 0x02, 0x00, 0x00, 0x40, 0x65, 0x6e, 0x74, // ............@ent
	0x72, 0x79, 0x50, 0x6f, 0x69, 0x6e, 0x74, 0x4f, 0x75, 0x74, 0x70, 0x75, 0x74, 0x2e, 0x76, 0x5f, // ryPointOutput.v_
	0x55, 0x56, 0x5f, 0x4f, 0x74, 0x68, 0x65, 0x72, 0x73, 0x00, 0x00, 0x00, 0x05, 0x00, 0x09, 0x00, // UV_Others.......
	0xd6, 0x02, 0x00, 0x00, 0x40, 0x65, 0x6e, 0x74, 0x72, 0x79, 0x50, 0x6f, 0x69, 0x6e, 0x74, 0x4f, // ....@entryPointO
	0x75, 0x74, 0x70, 0x75, 0x74, 0x2e, 0x76, 0x5f, 0x57, 0x6f, 0x72, 0x6c, 0x64, 0x42, 0x00, 0x00, // utput.v_WorldB..
	0x05, 0x00, 0x09, 0x00, 0xd9, 0x02, 0x00, 0x00, 0x40, 0x65, 0x6e, 0x74, 0x72, 0x79, 0x50, 0x6f, // ........@entryPo
	0x69, 0x6e, 0x74, 0x4f, 0x75, 0x74, 0x70, 0x75, 0x74, 0x2e, 0x76, 0x5f, 0x57, 0x6f, 0x72, 0x6c, // intOutput.v_Worl
	0x64, 0x4e, 0x00, 0x00, 0x05, 0x00, 0x09, 0x00, 0xdc, 0x02, 0x00, 0x00, 0x40, 0x65, 0x6e, 0x74, // dN..........@ent
	0x72, 0x79, 0x50, 0x6f, 0x69, 0x6e, 0x74, 0x4f, 0x75, 0x74, 0x70, 0x75, 0x74, 0x2e, 0x76, 0x5f, // ryPointOutput.v_
	0x57, 0x6f, 0x72, 0x6c, 0x64, 0x54, 0x00, 0x00, 0x47, 0x00, 0x03, 0x00, 0x60, 0x01, 0x00, 0x00, // WorldT..G...`...
	0x02, 0x00, 0x00, 0x00, 0x48, 0x00, 0x04, 0x00, 0x60, 0x01, 0x00, 0x00, 0x00, 0x00, 0x00, 0x00, // ....H...`.......
	0x04, 0x00, 0x00, 0x00, 0x48, 0x00, 0x05, 0x00, 0x60, 0x01, 0x00, 0x00, 0x00, 0x00, 0x00, 0x00, // ....H...`.......
	0x07, 0x00, 0x00, 0x00, 0x10, 0x00, 0x00, 0x00, 0x48, 0x00, 0x05, 0x00, 0x60, 0x01, 0x00, 0x00, // ........H...`...
	0x00, 0x00, 0x00, 0x00, 0x23, 0x00, 0x00, 0x00, 0x00, 0x00, 0x00, 0x00, 0x48, 0x00, 0x05, 0x00, // ....#.......H...
	0x60, 0x01, 0x00, 0x00, 0x01, 0x00, 0x00, 0x00, 0x23, 0x00, 0x00, 0x00, 0x40, 0x00, 0x00, 0x00, // `.......#...@...
	0x48, 0x00, 0x05, 0x00, 0x60, 0x01, 0x00, 0x00, 0x02, 0x00, 0x00, 0x00, 0x23, 0x00, 0x00, 0x00, // H...`.......#...
	0x50, 0x00, 0x00, 0x00, 0x48, 0x00, 0x05, 0x00, 0x60, 0x01, 0x00, 0x00, 0x03, 0x00, 0x00, 0x00, // P...H...`.......
	0x23, 0x00, 0x00, 0x00, 0x60, 0x00, 0x00, 0x00, 0x47, 0x00, 0x04, 0x00, 0x62, 0x01, 0x00, 0x00, // #...`...G...b...
	0x21, 0x00, 0x00, 0x00, 0x00, 0x00, 0x00, 0x00, 0x47, 0x00, 0x04, 0x00, 0x62, 0x01, 0x00, 0x00, // !.......G...b...
	0x22, 0x00, 0x00, 0x00, 0x00, 0x00, 0x00, 0x00, 0x47, 0x00, 0x04, 0x00, 0x84, 0x02, 0x00, 0x00, // ".......G.......
	0x1e, 0x00, 0x00, 0x00, 0x00, 0x00, 0x00, 0x00, 0x47, 0x00, 0x04, 0x00, 0x87, 0x02, 0x00, 0x00, // ........G.......
	0x1e, 0x00, 0x00, 0x00, 0x01, 0x00, 0x00, 0x00, 0x47, 0x00, 0x04, 0x00, 0x8b, 0x02, 0x00, 0x00, // ........G.......
	0x1e, 0x00, 0x00, 0x00, 0x02, 0x00, 0x00, 0x00, 0x47, 0x00, 0x04, 0x00, 0x8e, 0x02, 0x00, 0x00, // ........G.......
	0x1e, 0x00, 0x00, 0x00, 0x03, 0x00, 0x00, 0x00, 0x47, 0x00, 0x04, 0x00, 0x92, 0x02, 0x00, 0x00, // ........G.......
	0x1e, 0x00, 0x00, 0x00, 0x04, 0x00, 0x00, 0x00, 0x47, 0x00, 0x04, 0x00, 0x98, 0x02, 0x00, 0x00, // ........G.......
	0x1e, 0x00, 0x00, 0x00, 0x06, 0x00, 0x00, 0x00, 0x47, 0x00, 0x04, 0x00, 0x9b, 0x02, 0x00, 0x00, // ........G.......
	0x1e, 0x00, 0x00, 0x00, 0x07, 0x00, 0x00, 0x00, 0x47, 0x00, 0x04, 0x00, 0x9e, 0x02, 0x00, 0x00, // ........G.......
	0x1e, 0x00, 0x00, 0x00, 0x08, 0x00, 0x00, 0x00, 0x47, 0x00, 0x04, 0x00, 0xa2, 0x02, 0x00, 0x00, // ........G.......
	0x1e, 0x00, 0x00, 0x00, 0x09, 0x00, 0x00, 0x00, 0x47, 0x00, 0x04, 0x00, 0xa5, 0x02, 0x00, 0x00, // ........G.......
	0x1e, 0x00, 0x00, 0x00, 0x0a, 0x00, 0x00, 0x00, 0x47, 0x00, 0x04, 0x00, 0xc0, 0x02, 0x00, 0x00, // ........G.......
	0x0b, 0x00, 0x00, 0x00, 0x00, 0x00, 0x00, 0x00, 0x47, 0x00, 0x04, 0x00, 0xc3, 0x02, 0x00, 0x00, // ........G.......
	0x1e, 0x00, 0x00, 0x00, 0x00, 0x00, 0x00, 0x00, 0x47, 0x00, 0x04, 0x00, 0xc6, 0x02, 0x00, 0x00, // ........G.......
	0x1e, 0x00, 0x00, 0x00, 0x01, 0x00, 0x00, 0x00, 0x47, 0x00, 0x04, 0x00, 0xc9, 0x02, 0x00, 0x00, // ........G.......
	0x1e, 0x00, 0x00, 0x00, 0x02, 0x00, 0x00, 0x00, 0x47, 0x00, 0x04, 0x00, 0xcc, 0x02, 0x00, 0x00, // ........G.......
	0x1e, 0x00, 0x00, 0x00, 0x03, 0x00, 0x00, 0x00, 0x47, 0x00, 0x04, 0x00, 0xcf, 0x02, 0x00, 0x00, // ........G.......
	0x1e, 0x00, 0x00, 0x00, 0x04, 0x00, 0x00, 0x00, 0x47, 0x00, 0x04, 0x00, 0xd2, 0x02, 0x00, 0x00, // ........G.......
	0x1e, 0x00, 0x00, 0x00, 0x05, 0x00, 0x00, 0x00, 0x47, 0x00, 0x04, 0x00, 0xd6, 0x02, 0x00, 0x00, // ........G.......
	0x1e, 0x00, 0x00, 0x00, 0x06, 0x00, 0x00, 0x00, 0x47, 0x00, 0x04, 0x00, 0xd9, 0x02, 0x00, 0x00, // ........G.......
	0x1e, 0x00, 0x00, 0x00, 0x07, 0x00, 0x00, 0x00, 0x47, 0x00, 0x04, 0x00, 0xdc, 0x02, 0x00, 0x00, // ........G.......
	0x1e, 0x00, 0x00, 0x00, 0x08, 0x00, 0x00, 0x00, 0x13, 0x00, 0x02, 0x00, 0x02, 0x00, 0x00, 0x00, // ................
	0x21, 0x00, 0x03, 0x00, 0x03, 0x00, 0x00, 0x00, 0x02, 0x00, 0x00, 0x00, 0x16, 0x00, 0x03, 0x00, // !...............
	0x06, 0x00, 0x00, 0x00, 0x20, 0x00, 0x00, 0x00, 0x17, 0x00, 0x04, 0x00, 0x0d, 0x00, 0x00, 0x00, // .... ...........
	0x06, 0x00, 0x00, 0x00, 0x02, 0x00, 0x00, 0x00, 0x17, 0x00, 0x04, 0x00, 0x12, 0x00, 0x00, 0x00, // ................
	0x06, 0x00, 0x00, 0x00, 0x03, 0x00, 0x00, 0x00, 0x17, 0x00, 0x04, 0x00, 0x2b, 0x00, 0x00, 0x00, // ............+...
	0x06, 0x00, 0x00, 0x00, 0x04, 0x00, 0x00, 0x00, 0x15, 0x00, 0x04, 0x00, 0x6b, 0x00, 0x00, 0x00, // ............k...
	0x20, 0x00, 0x00, 0x00, 0x01, 0x00, 0x00, 0x00, 0x15, 0x00, 0x04, 0x00, 0x74, 0x00, 0x00, 0x00, //  ...........t...
	0x20, 0x00, 0x00, 0x00, 0x00, 0x00, 0x00, 0x00, 0x2b, 0x00, 0x04, 0x00, 0x74, 0x00, 0x00, 0x00, //  .......+...t...
	0x75, 0x00, 0x00, 0x00, 0x00, 0x00, 0x00, 0x00, 0x2b, 0x00, 0x04, 0x00, 0x74, 0x00, 0x00, 0x00, // u.......+...t...
	0x7d, 0x00, 0x00, 0x00, 0x01, 0x00, 0x00, 0x00, 0x2b, 0x00, 0x04, 0x00, 0x74, 0x00, 0x00, 0x00, // }.......+...t...
	0xac, 0x00, 0x00, 0x00, 0x02, 0x00, 0x00, 0x00, 0x2b, 0x00, 0x04, 0x00, 0x74, 0x00, 0x00, 0x00, // ........+...t...
	0xb0, 0x00, 0x00, 0x00, 0x03, 0x00, 0x00, 0x00, 0x2b, 0x00, 0x04, 0x00, 0x06, 0x00, 0x00, 0x00, // ........+.......
	0xba, 0x00, 0x00, 0x00, 0x00, 0x00, 0x00, 0x00, 0x14, 0x00, 0x02, 0x00, 0xbb, 0x00, 0x00, 0x00, // ................
	0x2b, 0x00, 0x04, 0x00, 0x06, 0x00, 0x00, 0x00, 0xc5, 0x00, 0x00, 0x00, 0x00, 0x00, 0x80, 0x3f, // +..............?
	0x2b, 0x00, 0x04, 0x00, 0x06, 0x00, 0x00, 0x00, 0xec, 0x00, 0x00, 0x00, 0x00, 0x00, 0x00, 0x40, // +..............@
	0x18, 0x00, 0x04, 0x00, 0x5f, 0x01, 0x00, 0x00, 0x2b, 0x00, 0x00, 0x00, 0x04, 0x00, 0x00, 0x00, // ...._...+.......
	0x1e, 0x00, 0x06, 0x00, 0x60, 0x01, 0x00, 0x00, 0x5f, 0x01, 0x00, 0x00, 0x2b, 0x00, 0x00, 0x00, // ....`..._...+...
	0x2b, 0x00, 0x00, 0x00, 0x2b, 0x00, 0x00, 0x00, 0x20, 0x00, 0x04, 0x00, 0x61, 0x01, 0x00, 0x00, // +...+... ...a...
	0x02, 0x00, 0x00, 0x00, 0x60, 0x01, 0x00, 0x00, 0x3b, 0x00, 0x04, 0x00, 0x61, 0x01, 0x00, 0x00, // ....`...;...a...
	0x62, 0x01, 0x00, 0x00, 0x02, 0x00, 0x00, 0x00, 0x2b, 0x00, 0x04, 0x00, 0x6b, 0x00, 0x00, 0x00, // b.......+...k...
	0x63, 0x01, 0x00, 0x00, 0x01, 0x00, 0x00, 0x00, 0x20, 0x00, 0x04, 0x00, 0x64, 0x01, 0x00, 0x00, // c....... ...d...
	0x02, 0x00, 0x00, 0x00, 0x06, 0x00, 0x00, 0x00, 0x2b, 0x00, 0x04, 0x00, 0x6b, 0x00, 0x00, 0x00, // ........+...k...
	0xa6, 0x01, 0x00, 0x00, 0x02, 0x00, 0x00, 0x00, 0x20, 0x00, 0x04, 0x00, 0xa7, 0x01, 0x00, 0x00, // ........ .......
	0x02, 0x00, 0x00, 0x00, 0x2b, 0x00, 0x00, 0x00, 0x2b, 0x00, 0x04, 0x00, 0x6b, 0x00, 0x00, 0x00, // ....+...+...k...
	0xab, 0x01, 0x00, 0x00, 0x03, 0x00, 0x00, 0x00, 0x2b, 0x00, 0x04, 0x00, 0x06, 0x00, 0x00, 0x00, // ........+.......
	0xe3, 0x01, 0x00, 0x00, 0x00, 0x00, 0x00, 0x3f, 0x2b, 0x00, 0x04, 0x00, 0x6b, 0x00, 0x00, 0x00, // .......?+...k...
	0x16, 0x02, 0x00, 0x00, 0x00, 0x00, 0x00, 0x00, 0x20, 0x00, 0x04, 0x00, 0x1f, 0x02, 0x00, 0x00, // ........ .......
	0x02, 0x00, 0x00, 0x00, 0x5f, 0x01, 0x00, 0x00, 0x20, 0x00, 0x04, 0x00, 0x83, 0x02, 0x00, 0x00, // ...._... .......
	0x01, 0x00, 0x00, 0x00, 0x2b, 0x00, 0x00, 0x00, 0x3b, 0x00, 0x04, 0x00, 0x83, 0x02, 0x00, 0x00, // ....+...;.......
	0x84, 0x02, 0x00, 0x00, 0x01, 0x00, 0x00, 0x00, 0x3b, 0x00, 0x04, 0x00, 0x83, 0x02, 0x00, 0x00, // ........;.......
	0x87, 0x02, 0x00, 0x00, 0x01, 0x00, 0x00, 0x00, 0x20, 0x00, 0x04, 0x00, 0x8a, 0x02, 0x00, 0x00, // ........ .......
	0x01, 0x00, 0x00, 0x00, 0x12, 0x00, 0x00, 0x00, 0x3b, 0x00, 0x04, 0x00, 0x8a, 0x02, 0x00, 0x00, // ........;.......
	0x8b, 0x02, 0x00, 0x00, 0x01, 0x00, 0x00, 0x00, 0x3b, 0x00, 0x04, 0x00, 0x83, 0x02, 0x00, 0x00, // ........;.......
	0x8e, 0x02, 0x00, 0x00, 0x01, 0x00, 0x00, 0x00, 0x20, 0x00, 0x04, 0x00, 0x91, 0x02, 0x00, 0x00, // ........ .......
	0x01, 0x00, 0x00, 0x00, 0x0d, 0x00, 0x00, 0x00, 0x3b, 0x00, 0x04, 0x00, 0x91, 0x02, 0x00, 0x00, // ........;.......
	0x92, 0x02, 0x00, 0x00, 0x01, 0x00, 0x00, 0x00, 0x3b, 0x00, 0x04, 0x00, 0x83, 0x02, 0x00, 0x00, // ........;.......
	0x98, 0x02, 0x00, 0x00, 0x01, 0x00, 0x00, 0x00, 0x3b, 0x00, 0x04, 0x00, 0x91, 0x02, 0x00, 0x00, // ........;.......
	0x9b, 0x02, 0x00, 0x00, 0x01, 0x00, 0x00, 0x00, 0x3b, 0x00, 0x04, 0x00, 0x83, 0x02, 0x00, 0x00, // ........;.......
	0x9e, 0x02, 0x00, 0x00, 0x01, 0x00, 0x00, 0x00, 0x20, 0x00, 0x04, 0x00, 0xa1, 0x02, 0x00, 0x00, // ........ .......
	0x01, 0x00, 0x00, 0x00, 0x06, 0x00, 0x00, 0x00, 0x3b, 0x00, 0x04, 0x00, 0xa1, 0x02, 0x00, 0x00, // ........;.......
	0xa2, 0x02, 0x00, 0x00, 0x01, 0x00, 0x00, 0x00, 0x3b, 0x00, 0x04, 0x00, 0xa1, 0x02, 0x00, 0x00, // ........;.......
	0xa5, 0x02, 0x00, 0x00, 0x01, 0x00, 0x00, 0x00, 0x20, 0x00, 0x04, 0x00, 0xbf, 0x02, 0x00, 0x00, // ........ .......
	0x03, 0x00, 0x00, 0x00, 0x2b, 0x00, 0x00, 0x00, 0x3b, 0x00, 0x04, 0x00, 0xbf, 0x02, 0x00, 0x00, // ....+...;.......
	0xc0, 0x02, 0x00, 0x00, 0x03, 0x00, 0x00, 0x00, 0x3b, 0x00, 0x04, 0x00, 0xbf, 0x02, 0x00, 0x00, // ........;.......
	0xc3, 0x02, 0x00, 0x00, 0x03, 0x00, 0x00, 0x00, 0x3b, 0x00, 0x04, 0x00, 0xbf, 0x02, 0x00, 0x00, // ........;.......
	0xc6, 0x02, 0x00, 0x00, 0x03, 0x00, 0x00, 0x00, 0x3b, 0x00, 0x04, 0x00, 0xbf, 0x02, 0x00, 0x00, // ........;.......
	0xc9, 0x02, 0x00, 0x00, 0x03, 0x00, 0x00, 0x00, 0x3b, 0x00, 0x04, 0x00, 0xbf, 0x02, 0x00, 0x00, // ........;.......
	0xcc, 0x02, 0x00, 0x00, 0x03, 0x00, 0x00, 0x00, 0x3b, 0x00, 0x04, 0x00, 0xbf, 0x02, 0x00, 0x00, // ........;.......
	0xcf, 0x02, 0x00, 0x00, 0x03, 0x00, 0x00, 0x00, 0x3b, 0x00, 0x04, 0x00, 0xbf, 0x02, 0x00, 0x00, // ........;.......
	0xd2, 0x02, 0x00, 0x00, 0x03, 0x00, 0x00, 0x00, 0x20, 0x00, 0x04, 0x00, 0xd5, 0x02, 0x00, 0x00, // ........ .......
	0x03, 0x00, 0x00, 0x00, 0x12, 0x00, 0x00, 0x00, 0x3b, 0x00, 0x04, 0x00, 0xd5, 0x02, 0x00, 0x00, // ........;.......
	0xd6, 0x02, 0x00, 0x00, 0x03, 0x00, 0x00, 0x00, 0x3b, 0x00, 0x04, 0x00, 0xd5, 0x02, 0x00, 0x00, // ........;.......
	0xd9, 0x02, 0x00, 0x00, 0x03, 0x00, 0x00, 0x00, 0x3b, 0x00, 0x04, 0x00, 0xd5, 0x02, 0x00, 0x00, // ........;.......
	0xdc, 0x02, 0x00, 0x00, 0x03, 0x00, 0x00, 0x00, 0x2c, 0x00, 0x06, 0x00, 0x12, 0x00, 0x00, 0x00, // ........,.......
	0x32, 0x06, 0x00, 0x00, 0xe3, 0x01, 0x00, 0x00, 0xe3, 0x01, 0x00, 0x00, 0xe3, 0x01, 0x00, 0x00, // 2...............
	0x2c, 0x00, 0x05, 0x00, 0x0d, 0x00, 0x00, 0x00, 0x33, 0x06, 0x00, 0x00, 0xba, 0x00, 0x00, 0x00, // ,.......3.......
	0xba, 0x00, 0x00, 0x00, 0x01, 0x00, 0x03, 0x00, 0x2b, 0x00, 0x00, 0x00, 0x8b, 0x06, 0x00, 0x00, // ........+.......
	0x36, 0x00, 0x05, 0x00, 0x02, 0x00, 0x00, 0x00, 0x04, 0x00, 0x00, 0x00, 0x00, 0x00, 0x00, 0x00, // 6...............
	0x03, 0x00, 0x00, 0x00, 0xf8, 0x00, 0x02, 0x00, 0x05, 0x00, 0x00, 0x00, 0x3d, 0x00, 0x04, 0x00, // ............=...
	0x2b, 0x00, 0x00, 0x00, 0x85, 0x02, 0x00, 0x00, 0x84, 0x02, 0x00, 0x00, 0x3d, 0x00, 0x04, 0x00, // +...........=...
	0x2b, 0x00, 0x00, 0x00, 0x88, 0x02, 0x00, 0x00, 0x87, 0x02, 0x00, 0x00, 0x3d, 0x00, 0x04, 0x00, // +...........=...
	0x2b, 0x00, 0x00, 0x00, 0x8f, 0x02, 0x00, 0x00, 0x8e, 0x02, 0x00, 0x00, 0x3d, 0x00, 0x04, 0x00, // +...........=...
	0x0d, 0x00, 0x00, 0x00, 0x93, 0x02, 0x00, 0x00, 0x92, 0x02, 0x00, 0x00, 0x3d, 0x00, 0x04, 0x00, // ............=...
	0x2b, 0x00, 0x00, 0x00, 0x99, 0x02, 0x00, 0x00, 0x98, 0x02, 0x00, 0x00, 0x3d, 0x00, 0x04, 0x00, // +...........=...
	0x2b, 0x00, 0x00, 0x00, 0x9f, 0x02, 0x00, 0x00, 0x9e, 0x02, 0x00, 0x00, 0x3d, 0x00, 0x04, 0x00, // +...........=...
	0x06, 0x00, 0x00, 0x00, 0xa3, 0x02, 0x00, 0x00, 0xa2, 0x02, 0x00, 0x00, 0x3d, 0x00, 0x04, 0x00, // ............=...
	0x06, 0x00, 0x00, 0x00, 0xa6, 0x02, 0x00, 0x00, 0xa5, 0x02, 0x00, 0x00, 0x4f, 0x00, 0x08, 0x00, // ............O...
	0x12, 0x00, 0x00, 0x00, 0x40, 0x03, 0x00, 0x00, 0x88, 0x02, 0x00, 0x00, 0x88, 0x02, 0x00, 0x00, // ....@...........
	0x00, 0x00, 0x00, 0x00, 0x01, 0x00, 0x00, 0x00, 0x02, 0x00, 0x00, 0x00, 0x83, 0x00, 0x05, 0x00, // ................
	0x12, 0x00, 0x00, 0x00, 0x42, 0x03, 0x00, 0x00, 0x40, 0x03, 0x00, 0x00, 0x32, 0x06, 0x00, 0x00, // ....B...@...2...
	0x8e, 0x00, 0x05, 0x00, 0x12, 0x00, 0x00, 0x00, 0x43, 0x03, 0x00, 0x00, 0x42, 0x03, 0x00, 0x00, // ........C...B...
	0xec, 0x00, 0x00, 0x00, 0x51, 0x00, 0x05, 0x00, 0x06, 0x00, 0x00, 0x00, 0x44, 0x03, 0x00, 0x00, // ....Q.......D...
	0x43, 0x03, 0x00, 0x00, 0x00, 0x00, 0x00, 0x00, 0x51, 0x00, 0x05, 0x00, 0x06, 0x00, 0x00, 0x00, // C.......Q.......
	0x45, 0x03, 0x00, 0x00, 0x43, 0x03, 0x00, 0x00, 0x01, 0x00, 0x00, 0x00, 0x51, 0x00, 0x05, 0x00, // E...C.......Q...
	0x06, 0x00, 0x00, 0x00, 0x46, 0x03, 0x00, 0x00, 0x43, 0x03, 0x00, 0x00, 0x02, 0x00, 0x00, 0x00, // ....F...C.......
	0x50, 0x00, 0x07, 0x00, 0x2b, 0x00, 0x00, 0x00, 0x47, 0x03, 0x00, 0x00, 0x44, 0x03, 0x00, 0x00, // P...+...G...D...
	0x45, 0x03, 0x00, 0x00, 0x46, 0x03, 0x00, 0x00, 0xba, 0x00, 0x00, 0x00, 0x4f, 0x00, 0x08, 0x00, // E...F.......O...
	0x12, 0x00, 0x00, 0x00, 0x4a, 0x03, 0x00, 0x00, 0x8f, 0x02, 0x00, 0x00, 0x8f, 0x02, 0x00, 0x00, // ....J...........
	0x00, 0x00, 0x00, 0x00, 0x01, 0x00, 0x00, 0x00, 0x02, 0x00, 0x00, 0x00, 0x83, 0x00, 0x05, 0x00, // ................
	0x12, 0x00, 0x00, 0x00, 0x4c, 0x03, 0x00, 0x00, 0x4a, 0x03, 0x00, 0x00, 0x32, 0x06, 0x00, 0x00, // ....L...J...2...
	0x8e, 0x00, 0x05, 0x00, 0x12, 0x00, 0x00, 0x00, 0x4d, 0x03, 0x00, 0x00, 0x4c, 0x03, 0x00, 0x00, // ........M...L...
	0xec, 0x00, 0x00, 0x00, 0x51, 0x00, 0x05, 0x00, 0x06, 0x00, 0x00, 0x00, 0x4e, 0x03, 0x00, 0x00, // ....Q.......N...
	0x4d, 0x03, 0x00, 0x00, 0x00, 0x00, 0x00, 0x00, 0x51, 0x00, 0x05, 0x00, 0x06, 0x00, 0x00, 0x00, // M.......Q.......
	0x4f, 0x03, 0x00, 0x00, 0x4d, 0x03, 0x00, 0x00, 0x01, 0x00, 0x00, 0x00, 0x51, 0x00, 0x05, 0x00, // O...M.......Q...
	0x06, 0x00, 0x00, 0x00, 0x50, 0x03, 0x00, 0x00, 0x4d, 0x03, 0x00, 0x00, 0x02, 0x00, 0x00, 0x00, // ....P...M.......
	0x50, 0x00, 0x07, 0x00, 0x2b, 0x00, 0x00, 0x00, 0x51, 0x03, 0x00, 0x00, 0x4e, 0x03, 0x00, 0x00, // P...+...Q...N...
	0x4f, 0x03, 0x00, 0x00, 0x50, 0x03, 0x00, 0x00, 0xba, 0x00, 0x00, 0x00, 0x4f, 0x00, 0x08, 0x00, // O...P.......O...
	0x12, 0x00, 0x00, 0x00, 0x53, 0x03, 0x00, 0x00, 0x47, 0x03, 0x00, 0x00, 0x47, 0x03, 0x00, 0x00, // ....S...G...G...
	0x00, 0x00, 0x00, 0x00, 0x01, 0x00, 0x00, 0x00, 0x02, 0x00, 0x00, 0x00, 0x4f, 0x00, 0x08, 0x00, // ............O...
	0x12, 0x00, 0x00, 0x00, 0x55, 0x03, 0x00, 0x00, 0x51, 0x03, 0x00, 0x00, 0x51, 0x03, 0x00, 0x00, // ....U...Q...Q...
	0x00, 0x00, 0x00, 0x00, 0x01, 0x00, 0x00, 0x00, 0x02, 0x00, 0x00, 0x00, 0x0c, 0x00, 0x07, 0x00, // ................
	0x12, 0x00, 0x00, 0x00, 0x56, 0x03, 0x00, 0x00, 0x01, 0x00, 0x00, 0x00, 0x44, 0x00, 0x00, 0x00, // ....V.......D...
	0x53, 0x03, 0x00, 0x00, 0x55, 0x03, 0x00, 0x00, 0x51, 0x00, 0x05, 0x00, 0x06, 0x00, 0x00, 0x00, // S...U...Q.......
	0x57, 0x03, 0x00, 0x00, 0x56, 0x03, 0x00, 0x00, 0x00, 0x00, 0x00, 0x00, 0x51, 0x00, 0x05, 0x00, // W...V.......Q...
	0x06, 0x00, 0x00, 0x00, 0x58, 0x03, 0x00, 0x00, 0x56, 0x03, 0x00, 0x00, 0x01, 0x00, 0x00, 0x00, // ....X...V.......
	0x51, 0x00, 0x05, 0x00, 0x06, 0x00, 0x00, 0x00, 0x59, 0x03, 0x00, 0x00, 0x56, 0x03, 0x00, 0x00, // Q.......Y...V...
	0x02, 0x00, 0x00, 0x00, 0x50, 0x00, 0x07, 0x00, 0x2b, 0x00, 0x00, 0x00, 0x5a, 0x03, 0x00, 0x00, // ....P...+...Z...
	0x57, 0x03, 0x00, 0x00, 0x58, 0x03, 0x00, 0x00, 0x59, 0x03, 0x00, 0x00, 0xba, 0x00, 0x00, 0x00, // W...X...Y.......
	0x41, 0x00, 0x06, 0x00, 0x64, 0x01, 0x00, 0x00, 0x5d, 0x03, 0x00, 0x00, 0x62, 0x01, 0x00, 0x00, // A...d...]...b...
	0x63, 0x01, 0x00, 0x00, 0x75, 0x00, 0x00, 0x00, 0x3d, 0x00, 0x04, 0x00, 0x06, 0x00, 0x00, 0x00, // c...u...=.......
	0x5e, 0x03, 0x00, 0x00, 0x5d, 0x03, 0x00, 0x00, 0x41, 0x00, 0x06, 0x00, 0x64, 0x01, 0x00, 0x00, // ^...]...A...d...
	0x5f, 0x03, 0x00, 0x00, 0x62, 0x01, 0x00, 0x00, 0x63, 0x01, 0x00, 0x00, 0x7d, 0x00, 0x00, 0x00, // _...b...c...}...
	0x3d, 0x00, 0x04, 0x00, 0x06, 0x00, 0x00, 0x00, 0x60, 0x03, 0x00, 0x00, 0x5f, 0x03, 0x00, 0x00, // =.......`..._...
	0x51, 0x00, 0x05, 0x00, 0x06, 0x00, 0x00, 0x00, 0x62, 0x03, 0x00, 0x00, 0x93, 0x02, 0x00, 0x00, // Q.......b.......
	0x01, 0x00, 0x00, 0x00, 0x85, 0x00, 0x05, 0x00, 0x06, 0x00, 0x00, 0x00, 0x63, 0x03, 0x00, 0x00, // ............c...
	0x60, 0x03, 0x00, 0x00, 0x62, 0x03, 0x00, 0x00, 0x81, 0x00, 0x05, 0x00, 0x06, 0x00, 0x00, 0x00, // `...b...........
	0x64, 0x03, 0x00, 0x00, 0x5e, 0x03, 0x00, 0x00, 0x63, 0x03, 0x00, 0x00, 0x51, 0x00, 0x05, 0x00, // d...^...c...Q...
	0x06, 0x00, 0x00, 0x00, 0x67, 0x03, 0x00, 0x00, 0x93, 0x02, 0x00, 0x00, 0x00, 0x00, 0x00, 0x00, // ....g...........
	0x52, 0x00, 0x06, 0x00, 0x2b, 0x00, 0x00, 0x00, 0x39, 0x06, 0x00, 0x00, 0x67, 0x03, 0x00, 0x00, // R...+...9...g...
	0x8b, 0x06, 0x00, 0x00, 0x00, 0x00, 0x00, 0x00, 0x41, 0x00, 0x05, 0x00, 0xa1, 0x02, 0x00, 0x00, // ........A.......
	0x08, 0x06, 0x00, 0x00, 0x8b, 0x02, 0x00, 0x00, 0x75, 0x00, 0x00, 0x00, 0x3d, 0x00, 0x04, 0x00, // ........u...=...
	0x06, 0x00, 0x00, 0x00, 0x6d, 0x03, 0x00, 0x00, 0x08, 0x06, 0x00, 0x00, 0x41, 0x00, 0x05, 0x00, // ....m.......A...
	0xa1, 0x02, 0x00, 0x00, 0x09, 0x06, 0x00, 0x00, 0x8b, 0x02, 0x00, 0x00, 0x7d, 0x00, 0x00, 0x00, // ............}...
	0x3d, 0x00, 0x04, 0x00, 0x06, 0x00, 0x00, 0x00, 0x6f, 0x03, 0x00, 0x00, 0x09, 0x06, 0x00, 0x00, // =.......o.......
	0x41, 0x00, 0x05, 0x00, 0xa1, 0x02, 0x00, 0x00, 0x0a, 0x06, 0x00, 0x00, 0x8b, 0x02, 0x00, 0x00, // A...............
	0xac, 0x00, 0x00, 0x00, 0x3d, 0x00, 0x04, 0x00, 0x06, 0x00, 0x00, 0x00, 0x71, 0x03, 0x00, 0x00, // ....=.......q...
	0x0a, 0x06, 0x00, 0x00, 0x50, 0x00, 0x07, 0x00, 0x2b, 0x00, 0x00, 0x00, 0x72, 0x03, 0x00, 0x00, // ....P...+...r...
	0x6d, 0x03, 0x00, 0x00, 0x6f, 0x03, 0x00, 0x00, 0x71, 0x03, 0x00, 0x00, 0xc5, 0x00, 0x00, 0x00, // m...o...q.......
	0x41, 0x00, 0x05, 0x00, 0x1f, 0x02, 0x00, 0x00, 0x74, 0x03, 0x00, 0x00, 0x62, 0x01, 0x00, 0x00, // A.......t...b...
	0x16, 0x02, 0x00, 0x00, 0x3d, 0x00, 0x04, 0x00, 0x5f, 0x01, 0x00, 0x00, 0x75, 0x03, 0x00, 0x00, // ....=..._...u...
	0x74, 0x03, 0x00, 0x00, 0x90, 0x00, 0x05, 0x00, 0x2b, 0x00, 0x00, 0x00, 0x76, 0x03, 0x00, 0x00, // t.......+...v...
	0x72, 0x03, 0x00, 0x00, 0x75, 0x03, 0x00, 0x00, 0x4f, 0x00, 0x08, 0x00, 0x12, 0x00, 0x00, 0x00, // r...u...O.......
	0x7c, 0x03, 0x00, 0x00, 0x5a, 0x03, 0x00, 0x00, 0x5a, 0x03, 0x00, 0x00, 0x00, 0x00, 0x00, 0x00, // |...Z...Z.......
	0x01, 0x00, 0x00, 0x00, 0x02, 0x00, 0x00, 0x00, 0x41, 0x00, 0x05, 0x00, 0xa1, 0x02, 0x00, 0x00, // ........A.......
	0x8c, 0x05, 0x00, 0x00, 0x98, 0x02, 0x00, 0x00, 0x7d, 0x00, 0x00, 0x00, 0x3d, 0x00, 0x04, 0x00, // ........}...=...
	0x06, 0x00, 0x00, 0x00, 0xb2, 0x03, 0x00, 0x00, 0x8c, 0x05, 0x00, 0x00, 0x85, 0x00, 0x05, 0x00, // ................
	0x06, 0x00, 0x00, 0x00, 0xb3, 0x03, 0x00, 0x00, 0x60, 0x03, 0x00, 0x00, 0xb2, 0x03, 0x00, 0x00, // ........`.......
	0x81, 0x00, 0x05, 0x00, 0x06, 0x00, 0x00, 0x00, 0xb4, 0x03, 0x00, 0x00, 0x5e, 0x03, 0x00, 0x00, // ............^...
	0xb3, 0x03, 0x00, 0x00, 0x52, 0x00, 0x06, 0x00, 0x2b, 0x00, 0x00, 0x00, 0x3e, 0x06, 0x00, 0x00, // ....R...+...>...
	0xb4, 0x03, 0x00, 0x00, 0x99, 0x02, 0x00, 0x00, 0x01, 0x00, 0x00, 0x00, 0x41, 0x00, 0x05, 0x00, // ............A...
	0xa1, 0x02, 0x00, 0x00, 0x8d, 0x05, 0x00, 0x00, 0x98, 0x02, 0x00, 0x00, 0xb0, 0x00, 0x00, 0x00, // ................
	0x3d, 0x00, 0x04, 0x00, 0x06, 0x00, 0x00, 0x00, 0xbb, 0x03, 0x00, 0x00, 0x8d, 0x05, 0x00, 0x00, // =...............
	0x85, 0x00, 0x05, 0x00, 0x06, 0x00, 0x00, 0x00, 0xbc, 0x03, 0x00, 0x00, 0x60, 0x03, 0x00, 0x00, // ............`...
	0xbb, 0x03, 0x00, 0x00, 0x81, 0x00, 0x05, 0x00, 0x06, 0x00, 0x00, 0x00, 0xbd, 0x03, 0x00, 0x00, // ................
	0x5e, 0x03, 0x00, 0x00, 0xbc, 0x03, 0x00, 0x00, 0x52, 0x00, 0x06, 0x00, 0x2b, 0x00, 0x00, 0x00, // ^.......R...+...
	0x40, 0x06, 0x00, 0x00, 0xbd, 0x03, 0x00, 0x00, 0x3e, 0x06, 0x00, 0x00, 0x03, 0x00, 0x00, 0x00, // @.......>.......
	0x41, 0x00, 0x05, 0x00, 0xa1, 0x02, 0x00, 0x00, 0x8e, 0x05, 0x00, 0x00, 0x9b, 0x02, 0x00, 0x00, // A...............
	0x75, 0x00, 0x00, 0x00, 0x3d, 0x00, 0x04, 0x00, 0x06, 0x00, 0x00, 0x00, 0xc0, 0x03, 0x00, 0x00, // u...=...........
	0x8e, 0x05, 0x00, 0x00, 0x41, 0x00, 0x05, 0x00, 0xa1, 0x02, 0x00, 0x00, 0x8f, 0x05, 0x00, 0x00, // ....A...........
	0x9b, 0x02, 0x00, 0x00, 0x7d, 0x00, 0x00, 0x00, 0x3d, 0x00, 0x04, 0x00, 0x06, 0x00, 0x00, 0x00, // ....}...=.......
	0xc3, 0x03, 0x00, 0x00, 0x8f, 0x05, 0x00, 0x00, 0x85, 0x00, 0x05, 0x00, 0x06, 0x00, 0x00, 0x00, // ................
	0xcb, 0x03, 0x00, 0x00, 0x60, 0x03, 0x00, 0x00, 0xc3, 0x03, 0x00, 0x00, 0x81, 0x00, 0x05, 0x00, // ....`...........
	0x06, 0x00, 0x00, 0x00, 0xcc, 0x03, 0x00, 0x00, 0x5e, 0x03, 0x00, 0x00, 0xcb, 0x03, 0x00, 0x00, // ........^.......
	0x41, 0x00, 0x05, 0x00, 0xa1, 0x02, 0x00, 0x00, 0x91, 0x05, 0x00, 0x00, 0x9e, 0x02, 0x00, 0x00, // A...............
	0x7d, 0x00, 0x00, 0x00, 0x3d, 0x00, 0x04, 0x00, 0x06, 0x00, 0x00, 0x00, 0xd6, 0x03, 0x00, 0x00, // }...=...........
	0x91, 0x05, 0x00, 0x00, 0x85, 0x00, 0x05, 0x00, 0x06, 0x00, 0x00, 0x00, 0xd7, 0x03, 0x00, 0x00, // ................
	0x60, 0x03, 0x00, 0x00, 0xd6, 0x03, 0x00, 0x00, 0x81, 0x00, 0x05, 0x00, 0x06, 0x00, 0x00, 0x00, // `...............
	0xd8, 0x03, 0x00, 0x00, 0x5e, 0x03, 0x00, 0x00, 0xd7, 0x03, 0x00, 0x00, 0x52, 0x00, 0x06, 0x00, // ....^.......R...
	0x2b, 0x00, 0x00, 0x00, 0x48, 0x06, 0x00, 0x00, 0xd8, 0x03, 0x00, 0x00, 0x9f, 0x02, 0x00, 0x00, // +...H...........
	0x01, 0x00, 0x00, 0x00, 0x41, 0x00, 0x05, 0x00, 0xa1, 0x02, 0x00, 0x00, 0x92, 0x05, 0x00, 0x00, // ....A...........
	0x9e, 0x02, 0x00, 0x00, 0xb0, 0x00, 0x00, 0x00, 0x3d, 0x00, 0x04, 0x00, 0x06, 0x00, 0x00, 0x00, // ........=.......
	0xdf, 0x03, 0x00, 0x00, 0x92, 0x05, 0x00, 0x00, 0x85, 0x00, 0x05, 0x00, 0x06, 0x00, 0x00, 0x00, // ................
	0xe0, 0x03, 0x00, 0x00, 0x60, 0x03, 0x00, 0x00, 0xdf, 0x03, 0x00, 0x00, 0x81, 0x00, 0x05, 0x00, // ....`...........
	0x06, 0x00, 0x00, 0x00, 0xe1, 0x03, 0x00, 0x00, 0x5e, 0x03, 0x00, 0x00, 0xe0, 0x03, 0x00, 0x00, // ........^.......
	0x52, 0x00, 0x06, 0x00, 0x2b, 0x00, 0x00, 0x00, 0x4a, 0x06, 0x00, 0x00, 0xe1, 0x03, 0x00, 0x00, // R...+...J.......
	0x48, 0x06, 0x00, 0x00, 0x03, 0x00, 0x00, 0x00, 0x41, 0x00, 0x05, 0x00, 0xa7, 0x01, 0x00, 0x00, // H.......A.......
	0xe6, 0x03, 0x00, 0x00, 0x62, 0x01, 0x00, 0x00, 0xa6, 0x01, 0x00, 0x00, 0x3d, 0x00, 0x04, 0x00, // ....b.......=...
	0x2b, 0x00, 0x00, 0x00, 0xe7, 0x03, 0x00, 0x00, 0xe6, 0x03, 0x00, 0x00, 0x41, 0x00, 0x05, 0x00, // +...........A...
	0xa7, 0x01, 0x00, 0x00, 0xe8, 0x03, 0x00, 0x00, 0x62, 0x01, 0x00, 0x00, 0xab, 0x01, 0x00, 0x00, // ........b.......
	0x3d, 0x00, 0x04, 0x00, 0x2b, 0x00, 0x00, 0x00, 0xe9, 0x03, 0x00, 0x00, 0xe8, 0x03, 0x00, 0x00, // =...+...........
	0x4f, 0x00, 0x07, 0x00, 0x0d, 0x00, 0x00, 0x00, 0xee, 0x03, 0x00, 0x00, 0x39, 0x06, 0x00, 0x00, // O...........9...
	0x39, 0x06, 0x00, 0x00, 0x00, 0x00, 0x00, 0x00, 0x01, 0x00, 0x00, 0x00, 0x41, 0x00, 0x05, 0x00, // 9...........A...
	0xa7, 0x01, 0x00, 0x00, 0xef, 0x03, 0x00, 0x00, 0x62, 0x01, 0x00, 0x00, 0x63, 0x01, 0x00, 0x00, // ........b...c...
	0x3d, 0x00, 0x04, 0x00, 0x2b, 0x00, 0x00, 0x00, 0xf0, 0x03, 0x00, 0x00, 0xef, 0x03, 0x00, 0x00, // =...+...........
	0x51, 0x00, 0x05, 0x00, 0x06, 0x00, 0x00, 0x00, 0x40, 0x04, 0x00, 0x00, 0xe7, 0x03, 0x00, 0x00, // Q.......@.......
	0x00, 0x00, 0x00, 0x00, 0x51, 0x00, 0x05, 0x00, 0x06, 0x00, 0x00, 0x00, 0x42, 0x04, 0x00, 0x00, // ....Q.......B...
	0xe7, 0x03, 0x00, 0x00, 0x01, 0x00, 0x00, 0x00, 0x51, 0x00, 0x05, 0x00, 0x06, 0x00, 0x00, 0x00, // ........Q.......
	0x44, 0x04, 0x00, 0x00, 0xe7, 0x03, 0x00, 0x00, 0x02, 0x00, 0x00, 0x00, 0x51, 0x00, 0x05, 0x00, // D...........Q...
	0x06, 0x00, 0x00, 0x00, 0x46, 0x04, 0x00, 0x00, 0xe7, 0x03, 0x00, 0x00, 0x03, 0x00, 0x00, 0x00, // ....F...........
	0x4f, 0x00, 0x07, 0x00, 0x0d, 0x00, 0x00, 0x00, 0x48, 0x04, 0x00, 0x00, 0xe9, 0x03, 0x00, 0x00, // O.......H.......
	0xe9, 0x03, 0x00, 0x00, 0x00, 0x00, 0x00, 0x00, 0x01, 0x00, 0x00, 0x00, 0x4f, 0x00, 0x07, 0x00, // ............O...
	0x0d, 0x00, 0x00, 0x00, 0x4a, 0x04, 0x00, 0x00, 0xe9, 0x03, 0x00, 0x00, 0xe9, 0x03, 0x00, 0x00, // ....J...........
	0x02, 0x00, 0x00, 0x00, 0x03, 0x00, 0x00, 0x00, 0xba, 0x00, 0x05, 0x00, 0xbb, 0x00, 0x00, 0x00, // ................
	0x4c, 0x04, 0x00, 0x00, 0x40, 0x04, 0x00, 0x00, 0xba, 0x00, 0x00, 0x00, 0xf7, 0x00, 0x03, 0x00, // L...@...........
	0xc0, 0x04, 0x00, 0x00, 0x00, 0x00, 0x00, 0x00, 0xfa, 0x00, 0x04, 0x00, 0x4c, 0x04, 0x00, 0x00, // ............L...
	0x4d, 0x04, 0x00, 0x00, 0xc0, 0x04, 0x00, 0x00, 0xf8, 0x00, 0x02, 0x00, 0x4d, 0x04, 0x00, 0x00, // M...........M...
	0x0c, 0x00, 0x06, 0x00, 0x06, 0x00, 0x00, 0x00, 0x4f, 0x04, 0x00, 0x00, 0x01, 0x00, 0x00, 0x00, // ........O.......
	0x0a, 0x00, 0x00, 0x00, 0xa3, 0x02, 0x00, 0x00, 0x0c, 0x00, 0x06, 0x00, 0x06, 0x00, 0x00, 0x00, // ................
	0x51, 0x04, 0x00, 0x00, 0x01, 0x00, 0x00, 0x00, 0x08, 0x00, 0x00, 0x00, 0xa3, 0x02, 0x00, 0x00, // Q...............
	0x81, 0x00, 0x05, 0x00, 0x06, 0x00, 0x00, 0x00, 0x54, 0x04, 0x00, 0x00, 0x51, 0x04, 0x00, 0x00, // ........T...Q...
	0xc5, 0x00, 0x00, 0x00, 0x85, 0x00, 0x05, 0x00, 0x06, 0x00, 0x00, 0x00, 0x57, 0x04, 0x00, 0x00, // ............W...
	0x44, 0x04, 0x00, 0x00, 0x46, 0x04, 0x00, 0x00, 0xb4, 0x00, 0x05, 0x00, 0xbb, 0x00, 0x00, 0x00, // D...F...........
	0x59, 0x04, 0x00, 0x00, 0x42, 0x04, 0x00, 0x00, 0xba, 0x00, 0x00, 0x00, 0xf7, 0x00, 0x03, 0x00, // Y...B...........
	0x96, 0x04, 0x00, 0x00, 0x00, 0x00, 0x00, 0x00, 0xfa, 0x00, 0x04, 0x00, 0x59, 0x04, 0x00, 0x00, // ............Y...
	0x5a, 0x04, 0x00, 0x00, 0x64, 0x04, 0x00, 0x00, 0xf8, 0x00, 0x02, 0x00, 0x5a, 0x04, 0x00, 0x00, // Z...d.......Z...
	0xbe, 0x00, 0x05, 0x00, 0xbb, 0x00, 0x00, 0x00, 0x5d, 0x04, 0x00, 0x00, 0x54, 0x04, 0x00, 0x00, // ........]...T...
	0x57, 0x04, 0x00, 0x00, 0xf7, 0x00, 0x03, 0x00, 0x63, 0x04, 0x00, 0x00, 0x00, 0x00, 0x00, 0x00, // W.......c.......
	0xfa, 0x00, 0x04, 0x00, 0x5d, 0x04, 0x00, 0x00, 0x5e, 0x04, 0x00, 0x00, 0x63, 0x04, 0x00, 0x00, // ....]...^...c...
	0xf8, 0x00, 0x02, 0x00, 0x5e, 0x04, 0x00, 0x00, 0x83, 0x00, 0x05, 0x00, 0x06, 0x00, 0x00, 0x00, // ....^...........
	0x60, 0x04, 0x00, 0x00, 0x57, 0x04, 0x00, 0x00, 0xc5, 0x00, 0x00, 0x00, 0xf9, 0x00, 0x02, 0x00, // `...W...........
	0x63, 0x04, 0x00, 0x00, 0xf8, 0x00, 0x02, 0x00, 0x63, 0x04, 0x00, 0x00, 0xf5, 0x00, 0x07, 0x00, // c.......c.......
	0x06, 0x00, 0x00, 0x00, 0x27, 0x06, 0x00, 0x00, 0x54, 0x04, 0x00, 0x00, 0x5a, 0x04, 0x00, 0x00, // ....'...T...Z...
	0x60, 0x04, 0x00, 0x00, 0x5e, 0x04, 0x00, 0x00, 0xf5, 0x00, 0x07, 0x00, 0x06, 0x00, 0x00, 0x00, // `...^...........
	0x21, 0x06, 0x00, 0x00, 0x51, 0x04, 0x00, 0x00, 0x5a, 0x04, 0x00, 0x00, 0x60, 0x04, 0x00, 0x00, // !...Q...Z...`...
	0x5e, 0x04, 0x00, 0x00, 0xf9, 0x00, 0x02, 0x00, 0x96, 0x04, 0x00, 0x00, 0xf8, 0x00, 0x02, 0x00, // ^...............
	0x64, 0x04, 0x00, 0x00, 0xb4, 0x00, 0x05, 0x00, 0xbb, 0x00, 0x00, 0x00, 0x66, 0x04, 0x00, 0x00, // d...........f...
	0x42, 0x04, 0x00, 0x00, 0xc5, 0x00, 0x00, 0x00, 0xf7, 0x00, 0x03, 0x00, 0x95, 0x04, 0x00, 0x00, // B...............
	0x00, 0x00, 0x00, 0x00, 0xfa, 0x00, 0x04, 0x00, 0x66, 0x04, 0x00, 0x00, 0x67, 0x04, 0x00, 0x00, // ........f...g...
	0x6e, 0x04, 0x00, 0x00, 0xf8, 0x00, 0x02, 0x00, 0x67, 0x04, 0x00, 0x00, 0x88, 0x00, 0x05, 0x00, // n.......g.......
	0x06, 0x00, 0x00, 0x00, 0xc7, 0x04, 0x00, 0x00, 0x51, 0x04, 0x00, 0x00, 0x57, 0x04, 0x00, 0x00, // ........Q...W...
	0x0c, 0x00, 0x06, 0x00, 0x06, 0x00, 0x00, 0x00, 0xc8, 0x04, 0x00, 0x00, 0x01, 0x00, 0x00, 0x00, // ................
	0x08, 0x00, 0x00, 0x00, 0xc7, 0x04, 0x00, 0x00, 0x85, 0x00, 0x05, 0x00, 0x06, 0x00, 0x00, 0x00, // ................
	0xc9, 0x04, 0x00, 0x00, 0x57, 0x04, 0x00, 0x00, 0xc8, 0x04, 0x00, 0x00, 0x83, 0x00, 0x05, 0x00, // ....W...........
	0x06, 0x00, 0x00, 0x00, 0xca, 0x04, 0x00, 0x00, 0x51, 0x04, 0x00, 0x00, 0xc9, 0x04, 0x00, 0x00, // ........Q.......
	0x88, 0x00, 0x05, 0x00, 0x06, 0x00, 0x00, 0x00, 0xd1, 0x04, 0x00, 0x00, 0x54, 0x04, 0x00, 0x00, // ............T...
	0x57, 0x04, 0x00, 0x00, 0x0c, 0x00, 0x06, 0x00, 0x06, 0x00, 0x00, 0x00, 0xd2, 0x04, 0x00, 0x00, // W...............
	0x01, 0x00, 0x00, 0x00, 0x08, 0x00, 0x00, 0x00, 0xd1, 0x04, 0x00, 0x00, 0x85, 0x00, 0x05, 0x00, // ................
	0x06, 0x00, 0x00, 0x00, 0xd3, 0x04, 0x00, 0x00, 0x57, 0x04, 0x00, 0x00, 0xd2, 0x04, 0x00, 0x00, // ........W.......
	0x83, 0x00, 0x05, 0x00, 0x06, 0x00, 0x00, 0x00, 0xd4, 0x04, 0x00, 0x00, 0x54, 0x04, 0x00, 0x00, // ............T...
	0xd3, 0x04, 0x00, 0x00, 0xf9, 0x00, 0x02, 0x00, 0x95, 0x04, 0x00, 0x00, 0xf8, 0x00, 0x02, 0x00, // ................
	0x6e, 0x04, 0x00, 0x00, 0xb4, 0x00, 0x05, 0x00, 0xbb, 0x00, 0x00, 0x00, 0x70, 0x04, 0x00, 0x00, // n...........p...
	0x42, 0x04, 0x00, 0x00, 0xec, 0x00, 0x00, 0x00, 0xf7, 0x00, 0x03, 0x00, 0x94, 0x04, 0x00, 0x00, // B...............
	0x00, 0x00, 0x00, 0x00, 0xfa, 0x00, 0x04, 0x00, 0x70, 0x04, 0x00, 0x00, 0x71, 0x04, 0x00, 0x00, // ........p...q...
	0x94, 0x04, 0x00, 0x00, 0xf8, 0x00, 0x02, 0x00, 0x71, 0x04, 0x00, 0x00, 0x88, 0x00, 0x05, 0x00, // ........q.......
	0x06, 0x00, 0x00, 0x00, 0x74, 0x04, 0x00, 0x00, 0x51, 0x04, 0x00, 0x00, 0x57, 0x04, 0x00, 0x00, // ....t...Q...W...
	0x0c, 0x00, 0x06, 0x00, 0x06, 0x00, 0x00, 0x00, 0x75, 0x04, 0x00, 0x00, 0x01, 0x00, 0x00, 0x00, // ........u.......
	0x08, 0x00, 0x00, 0x00, 0x74, 0x04, 0x00, 0x00, 0x85, 0x00, 0x05, 0x00, 0x06, 0x00, 0x00, 0x00, // ....t...........
	0xdb, 0x04, 0x00, 0x00, 0x75, 0x04, 0x00, 0x00, 0xe3, 0x01, 0x00, 0x00, 0x0c, 0x00, 0x06, 0x00, // ....u...........
	0x06, 0x00, 0x00, 0x00, 0xdc, 0x04, 0x00, 0x00, 0x01, 0x00, 0x00, 0x00, 0x08, 0x00, 0x00, 0x00, // ................
	0xdb, 0x04, 0x00, 0x00, 0x85, 0x00, 0x05, 0x00, 0x06, 0x00, 0x00, 0x00, 0xdd, 0x04, 0x00, 0x00, // ................
	0xec, 0x00, 0x00, 0x00, 0xdc, 0x04, 0x00, 0x00, 0x83, 0x00, 0x05, 0x00, 0x06, 0x00, 0x00, 0x00, // ................
	0xde, 0x04, 0x00, 0x00, 0x75, 0x04, 0x00, 0x00, 0xdd, 0x04, 0x00, 0x00, 0xb4, 0x00, 0x05, 0x00, // ....u...........
	0xbb, 0x00, 0x00, 0x00, 0x77, 0x04, 0x00, 0x00, 0xde, 0x04, 0x00, 0x00, 0xc5, 0x00, 0x00, 0x00, // ....w...........
	0x85, 0x00, 0x05, 0x00, 0x06, 0x00, 0x00, 0x00, 0xe7, 0x04, 0x00, 0x00, 0x57, 0x04, 0x00, 0x00, // ............W...
	0x75, 0x04, 0x00, 0x00, 0x83, 0x00, 0x05, 0x00, 0x06, 0x00, 0x00, 0x00, 0xe8, 0x04, 0x00, 0x00, // u...............
	0x51, 0x04, 0x00, 0x00, 0xe7, 0x04, 0x00, 0x00, 0xf7, 0x00, 0x03, 0x00, 0x82, 0x04, 0x00, 0x00, // Q...............
	0x00, 0x00, 0x00, 0x00, 0xfa, 0x00, 0x04, 0x00, 0x77, 0x04, 0x00, 0x00, 0x7c, 0x04, 0x00, 0x00, // ........w...|...
	0x82, 0x04, 0x00, 0x00, 0xf8, 0x00, 0x02, 0x00, 0x7c, 0x04, 0x00, 0x00, 0x83, 0x00, 0x05, 0x00, // ........|.......
	0x06, 0x00, 0x00, 0x00, 0x7e, 0x04, 0x00, 0x00, 0x57, 0x04, 0x00, 0x00, 0xc5, 0x00, 0x00, 0x00, // ....~...W.......
	0x0c, 0x00, 0x06, 0x00, 0x06, 0x00, 0x00, 0x00, 0x80, 0x04, 0x00, 0x00, 0x01, 0x00, 0x00, 0x00, // ................
	0x08, 0x00, 0x00, 0x00, 0xe8, 0x04, 0x00, 0x00, 0x83, 0x00, 0x05, 0x00, 0x06, 0x00, 0x00, 0x00, // ................
	0x81, 0x04, 0x00, 0x00, 0x7e, 0x04, 0x00, 0x00, 0x80, 0x04, 0x00, 0x00, 0xf9, 0x00, 0x02, 0x00, // ....~...........
	0x82, 0x04, 0x00, 0x00, 0xf8, 0x00, 0x02, 0x00, 0x82, 0x04, 0x00, 0x00, 0xf5, 0x00, 0x07, 0x00, // ................
	0x06, 0x00, 0x00, 0x00, 0x25, 0x06, 0x00, 0x00, 0xe8, 0x04, 0x00, 0x00, 0x71, 0x04, 0x00, 0x00, // ....%.......q...
	0x81, 0x04, 0x00, 0x00, 0x7c, 0x04, 0x00, 0x00, 0x88, 0x00, 0x05, 0x00, 0x06, 0x00, 0x00, 0x00, // ....|...........
	0x85, 0x04, 0x00, 0x00, 0x54, 0x04, 0x00, 0x00, 0x57, 0x04, 0x00, 0x00, 0x0c, 0x00, 0x06, 0x00, // ....T...W.......
	0x06, 0x00, 0x00, 0x00, 0x86, 0x04, 0x00, 0x00, 0x01, 0x00, 0x00, 0x00, 0x08, 0x00, 0x00, 0x00, // ................
	0x85, 0x04, 0x00, 0x00, 0x85, 0x00, 0x05, 0x00, 0x06, 0x00, 0x00, 0x00, 0xef, 0x04, 0x00, 0x00, // ................
	0x86, 0x04, 0x00, 0x00, 0xe3, 0x01, 0x00, 0x00, 0x0c, 0x00, 0x06, 0x00, 0x06, 0x00, 0x00, 0x00, // ................
	0xf0, 0x04, 0x00, 0x00, 0x01, 0x00, 0x00, 0x00, 0x08, 0x00, 0x00, 0x00, 0xef, 0x04, 0x00, 0x00, // ................
	0x85, 0x00, 0x05, 0x00, 0x06, 0x00, 0x00, 0x00, 0xf1, 0x04, 0x00, 0x00, 0xec, 0x00, 0x00, 0x00, // ................
	0xf0, 0x04, 0x00, 0x00, 0x83, 0x00, 0x05, 0x00, 0x06, 0x00, 0x00, 0x00, 0xf2, 0x04, 0x00, 0x00, // ................
	0x86, 0x04, 0x00, 0x00, 0xf1, 0x04, 0x00, 0x00, 0xb4, 0x00, 0x05, 0x00, 0xbb, 0x00, 0x00, 0x00, // ................
	0x88, 0x04, 0x00, 0x00, 0xf2, 0x04, 0x00, 0x00, 0xc5, 0x00, 0x00, 0x00, 0x85, 0x00, 0x05, 0x00, // ................
	0x06, 0x00, 0x00, 0x00, 0xfb, 0x04, 0x00, 0x00, 0x57, 0x04, 0x00, 0x00, 0x86, 0x04, 0x00, 0x00, // ........W.......
	0x83, 0x00, 0x05, 0x00, 0x06, 0x00, 0x00, 0x00, 0xfc, 0x04, 0x00, 0x00, 0x54, 0x04, 0x00, 0x00, // ............T...
	0xfb, 0x04, 0x00, 0x00, 0xf7, 0x00, 0x03, 0x00, 0x93, 0x04, 0x00, 0x00, 0x00, 0x00, 0x00, 0x00, // ................
	0xfa, 0x00, 0x04, 0x00, 0x88, 0x04, 0x00, 0x00, 0x8d, 0x04, 0x00, 0x00, 0x93, 0x04, 0x00, 0x00, // ................
	0xf8, 0x00, 0x02, 0x00, 0x8d, 0x04, 0x00, 0x00, 0x83, 0x00, 0x05, 0x00, 0x06, 0x00, 0x00, 0x00, // ................
	0x8f, 0x04, 0x00, 0x00, 0x57, 0x04, 0x00, 0x00, 0xc5, 0x00, 0x00, 0x00, 0x0c, 0x00, 0x06, 0x00, // ....W...........
	0x06, 0x00, 0x00, 0x00, 0x91, 0x04, 0x00, 0x00, 0x01, 0x00, 0x00, 0x00, 0x08, 0x00, 0x00, 0x00, // ................
	0xfc, 0x04, 0x00, 0x00, 0x83, 0x00, 0x05, 0x00, 0x06, 0x00, 0x00, 0x00, 0x92, 0x04, 0x00, 0x00, // ................
	0x8f, 0x04, 0x00, 0x00, 0x91, 0x04, 0x00, 0x00, 0xf9, 0x00, 0x02, 0x00, 0x93, 0x04, 0x00, 0x00, // ................
	0xf8, 0x00, 0x02, 0x00, 0x93, 0x04, 0x00, 0x00, 0xf5, 0x00, 0x07, 0x00, 0x06, 0x00, 0x00, 0x00, // ................
	0x2a, 0x06, 0x00, 0x00, 0xfc, 0x04, 0x00, 0x00, 0x82, 0x04, 0x00, 0x00, 0x92, 0x04, 0x00, 0x00, // *...............
	0x8d, 0x04, 0x00, 0x00, 0xf9, 0x00, 0x02, 0x00, 0x94, 0x04, 0x00, 0x00, 0xf8, 0x00, 0x02, 0x00, // ................
	0x94, 0x04, 0x00, 0x00, 0xf5, 0x00, 0x07, 0x00, 0x06, 0x00, 0x00, 0x00, 0x29, 0x06, 0x00, 0x00, // ............)...
	0x54, 0x04, 0x00, 0x00, 0x6e, 0x04, 0x00, 0x00, 0x2a, 0x06, 0x00, 0x00, 0x93, 0x04, 0x00, 0x00, // T...n...*.......
	0xf5, 0x00, 0x07, 0x00, 0x06, 0x00, 0x00, 0x00, 0x23, 0x06, 0x00, 0x00, 0x51, 0x04, 0x00, 0x00, // ........#...Q...
	0x6e, 0x04, 0x00, 0x00, 0x25, 0x06, 0x00, 0x00, 0x93, 0x04, 0x00, 0x00, 0xf9, 0x00, 0x02, 0x00, // n...%...........
	0x95, 0x04, 0x00, 0x00, 0xf8, 0x00, 0x02, 0x00, 0x95, 0x04, 0x00, 0x00, 0xf5, 0x00, 0x07, 0x00, // ................
	0x06, 0x00, 0x00, 0x00, 0x28, 0x06, 0x00, 0x00, 0xd4, 0x04, 0x00, 0x00, 0x67, 0x04, 0x00, 0x00, // ....(.......g...
	0x29, 0x06, 0x00, 0x00, 0x94, 0x04, 0x00, 0x00, 0xf5, 0x00, 0x07, 0x00, 0x06, 0x00, 0x00, 0x00, // )...............
	0x22, 0x06, 0x00, 0x00, 0xca, 0x04, 0x00, 0x00, 0x67, 0x04, 0x00, 0x00, 0x23, 0x06, 0x00, 0x00, // ".......g...#...
	0x94, 0x04, 0x00, 0x00, 0xf9, 0x00, 0x02, 0x00, 0x96, 0x04, 0x00, 0x00, 0xf8, 0x00, 0x02, 0x00, // ................
	0x96, 0x04, 0x00, 0x00, 0xf5, 0x00, 0x07, 0x00, 0x06, 0x00, 0x00, 0x00, 0x26, 0x06, 0x00, 0x00, // ............&...
	0x27, 0x06, 0x00, 0x00, 0x63, 0x04, 0x00, 0x00, 0x28, 0x06, 0x00, 0x00, 0x95, 0x04, 0x00, 0x00, // '...c...(.......
	0xf5, 0x00, 0x07, 0x00, 0x06, 0x00, 0x00, 0x00, 0x20, 0x06, 0x00, 0x00, 0x21, 0x06, 0x00, 0x00, // ........ ...!...
	0x63, 0x04, 0x00, 0x00, 0x22, 0x06, 0x00, 0x00, 0x95, 0x04, 0x00, 0x00, 0x51, 0x00, 0x05, 0x00, // c...".......Q...
	0x06, 0x00, 0x00, 0x00, 0x99, 0x04, 0x00, 0x00, 0xf0, 0x03, 0x00, 0x00, 0x00, 0x00, 0x00, 0x00, // ................
	0x51, 0x00, 0x05, 0x00, 0x06, 0x00, 0x00, 0x00, 0x9b, 0x04, 0x00, 0x00, 0xf0, 0x03, 0x00, 0x00, // Q...............
	0x01, 0x00, 0x00, 0x00, 0x85, 0x00, 0x05, 0x00, 0x06, 0x00, 0x00, 0x00, 0x9e, 0x04, 0x00, 0x00, // ................
	0x9b, 0x04, 0x00, 0x00, 0x64, 0x03, 0x00, 0x00, 0x81, 0x00, 0x05, 0x00, 0x06, 0x00, 0x00, 0x00, // ....d...........
	0x9f, 0x04, 0x00, 0x00, 0x99, 0x04, 0x00, 0x00, 0x9e, 0x04, 0x00, 0x00, 0x52, 0x00, 0x06, 0x00, // ............R...
	0x0d, 0x00, 0x00, 0x00, 0x53, 0x06, 0x00, 0x00, 0x9f, 0x04, 0x00, 0x00, 0xee, 0x03, 0x00, 0x00, // ....S...........
	0x01, 0x00, 0x00, 0x00, 0x6e, 0x00, 0x04, 0x00, 0x6b, 0x00, 0x00, 0x00, 0x04, 0x05, 0x00, 0x00, // ....n...k.......
	0x20, 0x06, 0x00, 0x00, 0x6f, 0x00, 0x04, 0x00, 0x06, 0x00, 0x00, 0x00, 0x05, 0x05, 0x00, 0x00, //  ...o...........
	0x04, 0x05, 0x00, 0x00, 0x6e, 0x00, 0x04, 0x00, 0x6b, 0x00, 0x00, 0x00, 0x07, 0x05, 0x00, 0x00, // ....n...k.......
	0x44, 0x04, 0x00, 0x00, 0x6f, 0x00, 0x04, 0x00, 0x06, 0x00, 0x00, 0x00, 0x08, 0x05, 0x00, 0x00, // D...o...........
	0x07, 0x05, 0x00, 0x00, 0x88, 0x00, 0x05, 0x00, 0x06, 0x00, 0x00, 0x00, 0x20, 0x05, 0x00, 0x00, // ............ ...
	0x05, 0x05, 0x00, 0x00, 0x08, 0x05, 0x00, 0x00, 0x0c, 0x00, 0x06, 0x00, 0x06, 0x00, 0x00, 0x00, // ................
	0x21, 0x05, 0x00, 0x00, 0x01, 0x00, 0x00, 0x00, 0x08, 0x00, 0x00, 0x00, 0x20, 0x05, 0x00, 0x00, // !........... ...
	0x85, 0x00, 0x05, 0x00, 0x06, 0x00, 0x00, 0x00, 0x22, 0x05, 0x00, 0x00, 0x08, 0x05, 0x00, 0x00, // ........".......
	0x21, 0x05, 0x00, 0x00, 0x83, 0x00, 0x05, 0x00, 0x06, 0x00, 0x00, 0x00, 0x23, 0x05, 0x00, 0x00, // !...........#...
	0x05, 0x05, 0x00, 0x00, 0x22, 0x05, 0x00, 0x00, 0x87, 0x00, 0x05, 0x00, 0x6b, 0x00, 0x00, 0x00, // ....".......k...
	0x0f, 0x05, 0x00, 0x00, 0x04, 0x05, 0x00, 0x00, 0x07, 0x05, 0x00, 0x00, 0x6f, 0x00, 0x04, 0x00, // ............o...
	0x06, 0x00, 0x00, 0x00, 0x10, 0x05, 0x00, 0x00, 0x0f, 0x05, 0x00, 0x00, 0x50, 0x00, 0x05, 0x00, // ............P...
	0x0d, 0x00, 0x00, 0x00, 0x87, 0x06, 0x00, 0x00, 0x23, 0x05, 0x00, 0x00, 0x10, 0x05, 0x00, 0x00, // ........#.......
	0x85, 0x00, 0x05, 0x00, 0x0d, 0x00, 0x00, 0x00, 0x14, 0x05, 0x00, 0x00, 0x87, 0x06, 0x00, 0x00, // ................
	0x48, 0x04, 0x00, 0x00, 0x81, 0x00, 0x05, 0x00, 0x0d, 0x00, 0x00, 0x00, 0x16, 0x05, 0x00, 0x00, // H...............
	0x14, 0x05, 0x00, 0x00, 0x4a, 0x04, 0x00, 0x00, 0x83, 0x00, 0x05, 0x00, 0x0d, 0x00, 0x00, 0x00, // ....J...........
	0x19, 0x05, 0x00, 0x00, 0x53, 0x06, 0x00, 0x00, 0x16, 0x05, 0x00, 0x00, 0x6e, 0x00, 0x04, 0x00, // ....S.......n...
	0x6b, 0x00, 0x00, 0x00, 0x2a, 0x05, 0x00, 0x00, 0x26, 0x06, 0x00, 0x00, 0x6f, 0x00, 0x04, 0x00, // k...*...&...o...
	0x06, 0x00, 0x00, 0x00, 0x2b, 0x05, 0x00, 0x00, 0x2a, 0x05, 0x00, 0x00, 0x88, 0x00, 0x05, 0x00, // ....+...*.......
	0x06, 0x00, 0x00, 0x00, 0x45, 0x05, 0x00, 0x00, 0x2b, 0x05, 0x00, 0x00, 0x08, 0x05, 0x00, 0x00, // ....E...+.......
	0x0c, 0x00, 0x06, 0x00, 0x06, 0x00, 0x00, 0x00, 0x46, 0x05, 0x00, 0x00, 0x01, 0x00, 0x00, 0x00, // ........F.......
	0x08, 0x00, 0x00, 0x00, 0x45, 0x05, 0x00, 0x00, 0x85, 0x00, 0x05, 0x00, 0x06, 0x00, 0x00, 0x00, // ....E...........
	0x47, 0x05, 0x00, 0x00, 0x08, 0x05, 0x00, 0x00, 0x46, 0x05, 0x00, 0x00, 0x83, 0x00, 0x05, 0x00, // G.......F.......
	0x06, 0x00, 0x00, 0x00, 0x48, 0x05, 0x00, 0x00, 0x2b, 0x05, 0x00, 0x00, 0x47, 0x05, 0x00, 0x00, // ....H...+...G...
	0x87, 0x00, 0x05, 0x00, 0x6b, 0x00, 0x00, 0x00, 0x35, 0x05, 0x00, 0x00, 0x2a, 0x05, 0x00, 0x00, // ....k...5...*...
	0x07, 0x05, 0x00, 0x00, 0x6f, 0x00, 0x04, 0x00, 0x06, 0x00, 0x00, 0x00, 0x36, 0x05, 0x00, 0x00, // ....o.......6...
	0x35, 0x05, 0x00, 0x00, 0x50, 0x00, 0x05, 0x00, 0x0d, 0x00, 0x00, 0x00, 0x88, 0x06, 0x00, 0x00, // 5...P...........
	0x48, 0x05, 0x00, 0x00, 0x36, 0x05, 0x00, 0x00, 0x85, 0x00, 0x05, 0x00, 0x0d, 0x00, 0x00, 0x00, // H...6...........
	0x3b, 0x05, 0x00, 0x00, 0x88, 0x06, 0x00, 0x00, 0x48, 0x04, 0x00, 0x00, 0x81, 0x00, 0x05, 0x00, // ;.......H.......
	0x0d, 0x00, 0x00, 0x00, 0x3c, 0x05, 0x00, 0x00, 0x19, 0x05, 0x00, 0x00, 0x3b, 0x05, 0x00, 0x00, // ....<.......;...
	0x81, 0x00, 0x05, 0x00, 0x0d, 0x00, 0x00, 0x00, 0x3e, 0x05, 0x00, 0x00, 0x3c, 0x05, 0x00, 0x00, // ........>...<...
	0x4a, 0x04, 0x00, 0x00, 0x51, 0x00, 0x05, 0x00, 0x06, 0x00, 0x00, 0x00, 0xbc, 0x04, 0x00, 0x00, // J...Q...........
	0x3e, 0x05, 0x00, 0x00, 0x01, 0x00, 0x00, 0x00, 0x85, 0x00, 0x05, 0x00, 0x06, 0x00, 0x00, 0x00, // >...............
	0xbd, 0x04, 0x00, 0x00, 0x9b, 0x04, 0x00, 0x00, 0xbc, 0x04, 0x00, 0x00, 0x81, 0x00, 0x05, 0x00, // ................
	0x06, 0x00, 0x00, 0x00, 0xbe, 0x04, 0x00, 0x00, 0x99, 0x04, 0x00, 0x00, 0xbd, 0x04, 0x00, 0x00, // ................
	0x52, 0x00, 0x06, 0x00, 0x0d, 0x00, 0x00, 0x00, 0x60, 0x06, 0x00, 0x00, 0xbe, 0x04, 0x00, 0x00, // R.......`.......
	0x3e, 0x05, 0x00, 0x00, 0x01, 0x00, 0x00, 0x00, 0xf9, 0x00, 0x02, 0x00, 0xc0, 0x04, 0x00, 0x00, // >...............
	0xf8, 0x00, 0x02, 0x00, 0xc0, 0x04, 0x00, 0x00, 0xf5, 0x00, 0x07, 0x00, 0x0d, 0x00, 0x00, 0x00, // ................
	0x78, 0x06, 0x00, 0x00, 0x33, 0x06, 0x00, 0x00, 0x05, 0x00, 0x00, 0x00, 0x60, 0x06, 0x00, 0x00, // x...3.......`...
	0x96, 0x04, 0x00, 0x00, 0xf5, 0x00, 0x07, 0x00, 0x06, 0x00, 0x00, 0x00, 0x2b, 0x06, 0x00, 0x00, // ............+...
	0xba, 0x00, 0x00, 0x00, 0x05, 0x00, 0x00, 0x00, 0x4f, 0x04, 0x00, 0x00, 0x96, 0x04, 0x00, 0x00, // ........O.......
	0x51, 0x00, 0x05, 0x00, 0x06, 0x00, 0x00, 0x00, 0x00, 0x04, 0x00, 0x00, 0x78, 0x06, 0x00, 0x00, // Q...........x...
	0x00, 0x00, 0x00, 0x00, 0x51, 0x00, 0x05, 0x00, 0x06, 0x00, 0x00, 0x00, 0x03, 0x04, 0x00, 0x00, // ....Q...........
	0x78, 0x06, 0x00, 0x00, 0x01, 0x00, 0x00, 0x00, 0x50, 0x00, 0x07, 0x00, 0x2b, 0x00, 0x00, 0x00, // x.......P...+...
	0x89, 0x06, 0x00, 0x00, 0xc0, 0x03, 0x00, 0x00, 0xcc, 0x03, 0x00, 0x00, 0x00, 0x04, 0x00, 0x00, // ................
	0x03, 0x04, 0x00, 0x00, 0x50, 0x00, 0x07, 0x00, 0x2b, 0x00, 0x00, 0x00, 0x8a, 0x06, 0x00, 0x00, // ....P...+.......
	0x67, 0x03, 0x00, 0x00, 0x64, 0x03, 0x00, 0x00, 0x2b, 0x06, 0x00, 0x00, 0xa6, 0x02, 0x00, 0x00, // g...d...+.......
	0x3e, 0x00, 0x03, 0x00, 0xc0, 0x02, 0x00, 0x00, 0x76, 0x03, 0x00, 0x00, 0x3e, 0x00, 0x03, 0x00, // >.......v...>...
	0xc3, 0x02, 0x00, 0x00, 0x40, 0x06, 0x00, 0x00, 0x3e, 0x00, 0x03, 0x00, 0xc6, 0x02, 0x00, 0x00, // ....@...>.......
	0x4a, 0x06, 0x00, 0x00, 0x3e, 0x00, 0x03, 0x00, 0xc9, 0x02, 0x00, 0x00, 0x89, 0x06, 0x00, 0x00, // J...>...........
	0x3e, 0x00, 0x03, 0x00, 0xcc, 0x02, 0x00, 0x00, 0x85, 0x02, 0x00, 0x00, 0x3e, 0x00, 0x03, 0x00, // >...........>...
	0xcf, 0x02, 0x00, 0x00, 0x76, 0x03, 0x00, 0x00, 0x3e, 0x00, 0x03, 0x00, 0xd2, 0x02, 0x00, 0x00, // ....v...>.......
	0x8a, 0x06, 0x00, 0x00, 0x3e, 0x00, 0x03, 0x00, 0xd6, 0x02, 0x00, 0x00, 0x7c, 0x03, 0x00, 0x00, // ....>.......|...
	0x3e, 0x00, 0x03, 0x00, 0xd9, 0x02, 0x00, 0x00, 0x53, 0x03, 0x00, 0x00, 0x3e, 0x00, 0x03, 0x00, // >.......S...>...
	0xdc, 0x02, 0x00, 0x00, 0x55, 0x03, 0x00, 0x00, 0xfd, 0x00, 0x01, 0x00, 0x38, 0x00, 0x01, 0x00, // ....U.......8...
	0x00, 0x0b, 0x05, 0x00, 0x02, 0x00, 0x01, 0x00, 0x03, 0x00, 0x10, 0x00, 0x11, 0x00, 0x12, 0x00, // ................
	0x13, 0x00, 0x14, 0x00, 0x15, 0x00, 0x16, 0x00, 0x70, 0x00,                                     // ........p.
};
static const uint8_t ad_sprite_lit_vs_mtl[6277] =
{
	0x56, 0x53, 0x48, 0x0c, 0x00, 0x00, 0x00, 0x00, 0x86, 0x32, 0x45, 0x95, 0x00, 0x00, 0x00, 0x00, // VSH......2E.....
	0x00, 0x00, 0x00, 0x00, 0x04, 0x00, 0x0d, 0x75, 0x5f, 0x6d, 0x55, 0x56, 0x49, 0x6e, 0x76, 0x65, // .......u_mUVInve
	0x72, 0x73, 0x65, 0x64, 0x02, 0x01, 0x40, 0x00, 0x01, 0x00, 0x00, 0x00, 0x00, 0x00, 0x14, 0x75, // rsed..@........u
	0x5f, 0x66, 0x6c, 0x69, 0x70, 0x62, 0x6f, 0x6f, 0x6b, 0x50, 0x61, 0x72, 0x61, 0x6d, 0x65, 0x74, // _flipbookParamet
	0x65, 0x72, 0x31, 0x02, 0x01, 0x50, 0x00, 0x01, 0x00, 0x00, 0x00, 0x00, 0x00, 0x14, 0x75, 0x5f, // er1..P........u_
	0x66, 0x6c, 0x69, 0x70, 0x62, 0x6f, 0x6f, 0x6b, 0x50, 0x61, 0x72, 0x61, 0x6d, 0x65, 0x74, 0x65, // flipbookParamete
	0x72, 0x32, 0x02, 0x01, 0x60, 0x00, 0x01, 0x00, 0x00, 0x00, 0x00, 0x00, 0x0d, 0x75, 0x5f, 0x6d, // r2..`........u_m
	0x43, 0x61, 0x6d, 0x65, 0x72, 0x61, 0x50, 0x72, 0x6f, 0x6a, 0x04, 0x01, 0x00, 0x00, 0x04, 0x00, // CameraProj......
	0x00, 0x00, 0x00, 0x00, 0xe3, 0x17, 0x00, 0x00, 0x23, 0x69, 0x6e, 0x63, 0x6c, 0x75, 0x64, 0x65, // ........#include
	0x20, 0x3c, 0x6d, 0x65, 0x74, 0x61, 0x6c, 0x5f, 0x73, 0x74, 0x64, 0x6c, 0x69, 0x62, 0x3e, 0x0a, //  <metal_stdlib>.
	0x23, 0x69, 0x6e, 0x63, 0x6c, 0x75, 0x64, 0x65, 0x20, 0x3c, 0x73, 0x69, 0x6d, 0x64, 0x2f, 0x73, // #include <simd/s
	0x69, 0x6d, 0x64, 0x2e, 0x68, 0x3e, 0x0a, 0x0a, 0x75, 0x73, 0x69, 0x6e, 0x67, 0x20, 0x6e, 0x61, // imd.h>..using na
	0x6d, 0x65, 0x73, 0x70, 0x61, 0x63, 0x65, 0x20, 0x6d, 0x65, 0x74, 0x61, 0x6c, 0x3b, 0x0a, 0x0a, // mespace metal;..
	0x73, 0x74, 0x72, 0x75, 0x63, 0x74, 0x20, 0x5f, 0x47, 0x6c, 0x6f, 0x62, 0x61, 0x6c, 0x0a, 0x7b, // struct _Global.{
	0x0a, 0x20, 0x20, 0x20, 0x20, 0x66, 0x6c, 0x6f, 0x61, 0x74, 0x34, 0x78, 0x34, 0x20, 0x75, 0x5f, // .    float4x4 u_
	0x6d, 0x43, 0x61, 0x6d, 0x65, 0x72, 0x61, 0x50, 0x72, 0x6f, 0x6a, 0x3b, 0x0a, 0x20, 0x20, 0x20, // mCameraProj;.   
	0x20, 0x66, 0x6c, 0x6f, 0x61, 0x74, 0x34, 0x20, 0x75, 0x5f, 0x6d, 0x55, 0x56, 0x49, 0x6e, 0x76, //  float4 u_mUVInv
	0x65, 0x72, 0x73, 0x65, 0x64, 0x3b, 0x0a, 0x20, 0x20, 0x20, 0x20, 0x66, 0x6c, 0x6f, 0x61, 0x74, // ersed;.    float
	0x34, 0x20, 0x75, 0x5f, 0x66, 0x6c, 0x69, 0x70, 0x62, 0x6f, 0x6f, 0x6b, 0x50, 0x61, 0x72, 0x61, // 4 u_flipbookPara
	0x6d, 0x65, 0x74, 0x65, 0x72, 0x31, 0x3b, 0x0a, 0x20, 0x20, 0x20, 0x20, 0x66, 0x6c, 0x6f, 0x61, // meter1;.    floa
	0x74, 0x34, 0x20, 0x75, 0x5f, 0x66, 0x6c, 0x69, 0x70, 0x62, 0x6f, 0x6f, 0x6b, 0x50, 0x61, 0x72, // t4 u_flipbookPar
	0x61, 0x6d, 0x65, 0x74, 0x65, 0x72, 0x32, 0x3b, 0x0a, 0x7d, 0x3b, 0x0a, 0x0a, 0x63, 0x6f, 0x6e, // ameter2;.};..con
	0x73, 0x74, 0x61, 0x6e, 0x74, 0x20, 0x66, 0x6c, 0x6f, 0x61, 0x74, 0x34, 0x20, 0x5f, 0x31, 0x36, // stant float4 _16
	0x37, 0x35, 0x20, 0x3d, 0x20, 0x7b, 0x7d, 0x3b, 0x0a, 0x0a, 0x73, 0x74, 0x72, 0x75, 0x63, 0x74, // 75 = {};..struct
	0x20, 0x78, 0x6c, 0x61, 0x74, 0x4d, 0x74, 0x6c, 0x4d, 0x61, 0x69, 0x6e, 0x5f, 0x6f, 0x75, 0x74, //  xlatMtlMain_out
	0x0a, 0x7b, 0x0a, 0x20, 0x20, 0x20, 0x20, 0x66, 0x6c, 0x6f, 0x61, 0x74, 0x34, 0x20, 0x5f, 0x65, // .{.    float4 _e
	0x6e, 0x74, 0x72, 0x79, 0x50, 0x6f, 0x69, 0x6e, 0x74, 0x4f, 0x75, 0x74, 0x70, 0x75, 0x74, 0x5f, // ntryPointOutput_
	0x76, 0x5f, 0x41, 0x6c, 0x70, 0x68, 0x61, 0x5f, 0x44, 0x69, 0x73, 0x74, 0x5f, 0x55, 0x56, 0x20, // v_Alpha_Dist_UV 
	0x5b, 0x5b, 0x75, 0x73, 0x65, 0x72, 0x28, 0x6c, 0x6f, 0x63, 0x6e, 0x30, 0x29, 0x5d, 0x5d, 0x3b, // [[user(locn0)]];
	0x0a, 0x20, 0x20, 0x20, 0x20, 0x66, 0x6c, 0x6f, 0x61, 0x74, 0x34, 0x20, 0x5f, 0x65, 0x6e, 0x74, // .    float4 _ent
	0x72, 0x79, 0x50, 0x6f, 0x69, 0x6e, 0x74, 0x4f, 0x75, 0x74, 0x70, 0x75, 0x74, 0x5f, 0x76, 0x5f, // ryPointOutput_v_
	0x42, 0x6c, 0x65, 0x6e, 0x64, 0x5f, 0x41, 0x6c, 0x70, 0x68, 0x61, 0x5f, 0x44, 0x69, 0x73, 0x74, // Blend_Alpha_Dist
	0x5f, 0x55, 0x56, 0x20, 0x5b, 0x5b, 0x75, 0x73, 0x65, 0x72, 0x28, 0x6c, 0x6f, 0x63, 0x6e, 0x31, // _UV [[user(locn1
	0x29, 0x5d, 0x5d, 0x3b, 0x0a, 0x20, 0x20, 0x20, 0x20, 0x66, 0x6c, 0x6f, 0x61, 0x74, 0x34, 0x20, // )]];.    float4 
	0x5f, 0x65, 0x6e, 0x74, 0x72, 0x79, 0x50, 0x6f, 0x69, 0x6e, 0x74, 0x4f, 0x75, 0x74, 0x70, 0x75, // _entryPointOutpu
	0x74, 0x5f, 0x76, 0x5f, 0x42, 0x6c, 0x65, 0x6e, 0x64, 0x5f, 0x46, 0x42, 0x4e, 0x65, 0x78, 0x74, // t_v_Blend_FBNext
	0x49, 0x6e, 0x64, 0x65, 0x78, 0x5f, 0x55, 0x56, 0x20, 0x5b, 0x5b, 0x75, 0x73, 0x65, 0x72, 0x28, // Index_UV [[user(
	0x6c, 0x6f, 0x63, 0x6e, 0x32, 0x29, 0x5d, 0x5d, 0x3b, 0x0a, 0x20, 0x20, 0x20, 0x20, 0x66, 0x6c, // locn2)]];.    fl
	0x6f, 0x61, 0x74, 0x34, 0x20, 0x5f, 0x65, 0x6e, 0x74, 0x72, 0x79, 0x50, 0x6f, 0x69, 0x6e, 0x74, // oat4 _entryPoint
	0x4f, 0x75, 0x74, 0x70, 0x75, 0x74, 0x5f, 0x76, 0x5f, 0x43, 0x6f, 0x6c, 0x6f, 0x72, 0x20, 0x5b, // Output_v_Color [
	0x5b, 0x75, 0x73, 0x65, 0x72, 0x28, 0x6c, 0x6f, 0x63, 0x6e, 0x33, 0x29, 0x5d, 0x5d, 0x3b, 0x0a, // [user(locn3)]];.
	0x20, 0x20, 0x20, 0x20, 0x66, 0x6c, 0x6f, 0x61, 0x74, 0x34, 0x20, 0x5f, 0x65, 0x6e, 0x74, 0x72, //     float4 _entr
	0x79, 0x50, 0x6f, 0x69, 0x6e, 0x74, 0x4f, 0x75, 0x74, 0x70, 0x75, 0x74, 0x5f, 0x76, 0x5f, 0x50, // yPointOutput_v_P
	0x6f, 0x73, 0x50, 0x20, 0x5b, 0x5b, 0x75, 0x73, 0x65, 0x72, 0x28, 0x6c, 0x6f, 0x63, 0x6e, 0x34, // osP [[user(locn4
	0x29, 0x5d, 0x5d, 0x3b, 0x0a, 0x20, 0x20, 0x20, 0x20, 0x66, 0x6c, 0x6f, 0x61, 0x74, 0x34, 0x20, // )]];.    float4 
	0x5f, 0x65, 0x6e, 0x74, 0x72, 0x79, 0x50, 0x6f, 0x69, 0x6e, 0x74, 0x4f, 0x75, 0x74, 0x70, 0x75, // _entryPointOutpu
	0x74, 0x5f, 0x76, 0x5f, 0x55, 0x56, 0x5f, 0x4f, 0x74, 0x68, 0x65, 0x72, 0x73, 0x20, 0x5b, 0x5b, // t_v_UV_Others [[
	0x75, 0x73, 0x65, 0x72, 0x28, 0x6c, 0x6f, 0x63, 0x6e, 0x35, 0x29, 0x5d, 0x5d, 0x3b, 0x0a, 0x20, // user(locn5)]];. 
	0x20, 0x20, 0x20, 0x66, 0x6c, 0x6f, 0x61, 0x74, 0x33, 0x20, 0x5f, 0x65, 0x6e, 0x74, 0x72, 0x79, //    float3 _entry
	0x50, 0x6f, 0x69, 0x6e, 0x74, 0x4f, 0x75, 0x74, 0x70, 0x75, 0x74, 0x5f, 0x76, 0x5f, 0x57, 0x6f, // PointOutput_v_Wo
	0x72, 0x6c, 0x64, 0x42, 0x20, 0x5b, 0x5b, 0x75, 0x73, 0x65, 0x72, 0x28, 0x6c, 0x6f, 0x63, 0x6e, // rldB [[user(locn
	0x36, 0x29, 0x5d, 0x5d, 0x3b, 0x0a, 0x20, 0x20, 0x20, 0x20, 0x66, 0x6c, 0x6f, 0x61, 0x74, 0x33, // 6)]];.    float3
	0x20, 0x5f, 0x65, 0x6e, 0x74, 0x72, 0x79, 0x50, 0x6f, 0x69, 0x6e, 0x74, 0x4f, 0x75, 0x74, 0x70, //  _entryPointOutp
	0x75, 0x74, 0x5f, 0x76, 0x5f, 0x57, 0x6f, 0x72, 0x6c, 0x64, 0x4e, 0x20, 0x5b, 0x5b, 0x75, 0x73, // ut_v_WorldN [[us
	0x65, 0x72, 0x28, 0x6c, 0x6f, 0x63, 0x6e, 0x37, 0x29, 0x5d, 0x5d, 0x3b, 0x0a, 0x20, 0x20, 0x20, // er(locn7)]];.   
	0x20, 0x66, 0x6c, 0x6f, 0x61, 0x74, 0x33, 0x20, 0x5f, 0x65, 0x6e, 0x74, 0x72, 0x79, 0x50, 0x6f, //  float3 _entryPo
	0x69, 0x6e, 0x74, 0x4f, 0x75, 0x74, 0x70, 0x75, 0x74, 0x5f, 0x76, 0x5f, 0x57, 0x6f, 0x72, 0x6c, // intOutput_v_Worl
	0x64, 0x54, 0x20, 0x5b, 0x5b, 0x75, 0x73, 0x65, 0x72, 0x28, 0x6c, 0x6f, 0x63, 0x6e, 0x38, 0x29, // dT [[user(locn8)
	0x5d, 0x5d, 0x3b, 0x0a, 0x20, 0x20, 0x20, 0x20, 0x66, 0x6c, 0x6f, 0x61, 0x74, 0x34, 0x20, 0x67, // ]];.    float4 g
	0x6c, 0x5f, 0x50, 0x6f, 0x73, 0x69, 0x74, 0x69, 0x6f, 0x6e, 0x20, 0x5b, 0x5b, 0x70, 0x6f, 0x73, // l_Position [[pos
	0x69, 0x74, 0x69, 0x6f, 0x6e, 0x5d, 0x5d, 0x3b, 0x0a, 0x7d, 0x3b, 0x0a, 0x0a, 0x73, 0x74, 0x72, // ition]];.};..str
	0x75, 0x63, 0x74, 0x20, 0x78, 0x6c, 0x61, 0x74, 0x4d, 0x74, 0x6c, 0x4d, 0x61, 0x69, 0x6e, 0x5f, // uct xlatMtlMain_
	0x69, 0x6e, 0x0a, 0x7b, 0x0a, 0x20, 0x20, 0x20, 0x20, 0x66, 0x6c, 0x6f, 0x61, 0x74, 0x34, 0x20, // in.{.    float4 
	0x61, 0x5f, 0x63, 0x6f, 0x6c, 0x6f, 0x72, 0x30, 0x20, 0x5b, 0x5b, 0x61, 0x74, 0x74, 0x72, 0x69, // a_color0 [[attri
	0x62, 0x75, 0x74, 0x65, 0x28, 0x30, 0x29, 0x5d, 0x5d, 0x3b, 0x0a, 0x20, 0x20, 0x20, 0x20, 0x66, // bute(0)]];.    f
	0x6c, 0x6f, 0x61, 0x74, 0x34, 0x20, 0x61, 0x5f, 0x6e, 0x6f, 0x72, 0x6d, 0x61, 0x6c, 0x20, 0x5b, // loat4 a_normal [
	0x5b, 0x61, 0x74, 0x74, 0x72, 0x69, 0x62, 0x75, 0x74, 0x65, 0x28, 0x31, 0x29, 0x5d, 0x5d, 0x3b, // [attribute(1)]];
	0x0a, 0x20, 0x20, 0x20, 0x20, 0x66, 0x6c, 0x6f, 0x61, 0x74, 0x33, 0x20, 0x61, 0x5f, 0x70, 0x6f, // .    float3 a_po
	0x73, 0x69, 0x74, 0x69, 0x6f, 0x6e, 0x20, 0x5b, 0x5b, 0x61, 0x74, 0x74, 0x72, 0x69, 0x62, 0x75, // sition [[attribu
	0x74, 0x65, 0x28, 0x32, 0x29, 0x5d, 0x5d, 0x3b, 0x0a, 0x20, 0x20, 0x20, 0x20, 0x66, 0x6c, 0x6f, // te(2)]];.    flo
	0x61, 0x74, 0x34, 0x20, 0x61, 0x5f, 0x74, 0x61, 0x6e, 0x67, 0x65, 0x6e, 0x74, 0x20, 0x5b, 0x5b, // at4 a_tangent [[
	0x61, 0x74, 0x74, 0x72, 0x69, 0x62, 0x75, 0x74, 0x65, 0x28, 0x33, 0x29, 0x5d, 0x5d, 0x3b, 0x0a, // attribute(3)]];.
	0x20, 0x20, 0x20, 0x20, 0x66, 0x6c, 0x6f, 0x61, 0x74, 0x32, 0x20, 0x61, 0x5f, 0x74, 0x65, 0x78, //     float2 a_tex
	0x63, 0x6f, 0x6f, 0x72, 0x64, 0x30, 0x20, 0x5b, 0x5b, 0x61, 0x74, 0x74, 0x72, 0x69, 0x62, 0x75, // coord0 [[attribu
	0x74, 0x65, 0x28, 0x34, 0x29, 0x5d, 0x5d, 0x3b, 0x0a, 0x20, 0x20, 0x20, 0x20, 0x66, 0x6c, 0x6f, // te(4)]];.    flo
	0x61, 0x74, 0x34, 0x20, 0x61, 0x5f, 0x74, 0x65, 0x78, 0x63, 0x6f, 0x6f, 0x72, 0x64, 0x32, 0x20, // at4 a_texcoord2 
	0x5b, 0x5b, 0x61, 0x74, 0x74, 0x72, 0x69, 0x62, 0x75, 0x74, 0x65, 0x28, 0x36, 0x29, 0x5d, 0x5d, // [[attribute(6)]]
	0x3b, 0x0a, 0x20, 0x20, 0x20, 0x20, 0x66, 0x6c, 0x6f, 0x61, 0x74, 0x32, 0x20, 0x61, 0x5f, 0x74, // ;.    float2 a_t
	0x65, 0x78, 0x63, 0x6f, 0x6f, 0x72, 0x64, 0x33, 0x20, 0x5b, 0x5b, 0x61, 0x74, 0x74, 0x72, 0x69, // excoord3 [[attri
	0x62, 0x75, 0x74, 0x65, 0x28, 0x37, 0x29, 0x5d, 0x5d, 0x3b, 0x0a, 0x20, 0x20, 0x20, 0x20, 0x66, // bute(7)]];.    f
	0x6c, 0x6f, 0x61, 0x74, 0x34, 0x20, 0x61, 0x5f, 0x74, 0x65, 0x78, 0x63, 0x6f, 0x6f, 0x72, 0x64, // loat4 a_texcoord
	0x34, 0x20, 0x5b, 0x5b, 0x61, 0x74, 0x74, 0x72, 0x69, 0x62, 0x75, 0x74, 0x65, 0x28, 0x38, 0x29, // 4 [[attribute(8)
	0x5d, 0x5d, 0x3b, 0x0a, 0x20, 0x20, 0x20, 0x20, 0x66, 0x6c, 0x6f, 0x61, 0x74, 0x20, 0x61, 0x5f, // ]];.    float a_
	0x74, 0x65, 0x78, 0x63, 0x6f, 0x6f, 0x72, 0x64, 0x35, 0x20, 0x5b, 0x5b, 0x61, 0x74, 0x74, 0x72, // texcoord5 [[attr
	0x69, 0x62, 0x75, 0x74, 0x65, 0x28, 0x39, 0x29, 0x5d, 0x5d, 0x3b, 0x0a, 0x20, 0x20, 0x20, 0x20, // ibute(9)]];.    
	0x66, 0x6c, 0x6f, 0x61, 0x74, 0x20, 0x61, 0x5f, 0x74, 0x65, 0x78, 0x63, 0x6f, 0x6f, 0x72, 0x64, // float a_texcoord
	0x36, 0x20, 0x5b, 0x5b, 0x61, 0x74, 0x74, 0x72, 0x69, 0x62, 0x75, 0x74, 0x65, 0x28, 0x31, 0x30, // 6 [[attribute(10
	0x29, 0x5d, 0x5d, 0x3b, 0x0a, 0x7d, 0x3b, 0x0a, 0x0a, 0x76, 0x65, 0x72, 0x74, 0x65, 0x78, 0x20, // )]];.};..vertex 
	0x78, 0x6c, 0x61, 0x74, 0x4d, 0x74, 0x6c, 0x4d, 0x61, 0x69, 0x6e, 0x5f, 0x6f, 0x75, 0x74, 0x20, // xlatMtlMain_out 
	0x78, 0x6c, 0x61, 0x74, 0x4d, 0x74, 0x6c, 0x4d, 0x61, 0x69, 0x6e, 0x28, 0x78, 0x6c, 0x61, 0x74, // xlatMtlMain(xlat
	0x4d, 0x74, 0x6c, 0x4d, 0x61, 0x69, 0x6e, 0x5f, 0x69, 0x6e, 0x20, 0x69, 0x6e, 0x20, 0x5b, 0x5b, // MtlMain_in in [[
	0x73, 0x74, 0x61, 0x67, 0x65, 0x5f, 0x69, 0x6e, 0x5d, 0x5d, 0x2c, 0x20, 0x63, 0x6f, 0x6e, 0x73, // stage_in]], cons
	0x74, 0x61, 0x6e, 0x74, 0x20, 0x5f, 0x47, 0x6c, 0x6f, 0x62, 0x61, 0x6c, 0x26, 0x20, 0x5f, 0x6d, // tant _Global& _m
	0x74, 0x6c, 0x5f, 0x75, 0x20, 0x5b, 0x5b, 0x62, 0x75, 0x66, 0x66, 0x65, 0x72, 0x28, 0x30, 0x29, // tl_u [[buffer(0)
	0x5d, 0x5d, 0x29, 0x0a, 0x7b, 0x0a, 0x20, 0x20, 0x20, 0x20, 0x78, 0x6c, 0x61, 0x74, 0x4d, 0x74, // ]]).{.    xlatMt
	0x6c, 0x4d, 0x61, 0x69, 0x6e, 0x5f, 0x6f, 0x75, 0x74, 0x20, 0x6f, 0x75, 0x74, 0x20, 0x3d, 0x20, // lMain_out out = 
	0x7b, 0x7d, 0x3b, 0x0a, 0x20, 0x20, 0x20, 0x20, 0x66, 0x6c, 0x6f, 0x61, 0x74, 0x34, 0x20, 0x5f, // {};.    float4 _
	0x36, 0x36, 0x35, 0x20, 0x3d, 0x20, 0x69, 0x6e, 0x2e, 0x61, 0x5f, 0x74, 0x65, 0x78, 0x63, 0x6f, // 665 = in.a_texco
	0x6f, 0x72, 0x64, 0x32, 0x3b, 0x0a, 0x20, 0x20, 0x20, 0x20, 0x66, 0x6c, 0x6f, 0x61, 0x74, 0x34, // ord2;.    float4
	0x20, 0x5f, 0x36, 0x37, 0x31, 0x20, 0x3d, 0x20, 0x69, 0x6e, 0x2e, 0x61, 0x5f, 0x74, 0x65, 0x78, //  _671 = in.a_tex
	0x63, 0x6f, 0x6f, 0x72, 0x64, 0x34, 0x3b, 0x0a, 0x20, 0x20, 0x20, 0x20, 0x66, 0x6c, 0x6f, 0x61, // coord4;.    floa
	0x74, 0x33, 0x20, 0x5f, 0x38, 0x35, 0x31, 0x20, 0x3d, 0x20, 0x66, 0x6c, 0x6f, 0x61, 0x74, 0x34, // t3 _851 = float4
	0x28, 0x28, 0x69, 0x6e, 0x2e, 0x61, 0x5f, 0x6e, 0x6f, 0x72, 0x6d, 0x61, 0x6c, 0x2e, 0x78, 0x79, // ((in.a_normal.xy
	0x7a, 0x20, 0x2d, 0x20, 0x66, 0x6c, 0x6f, 0x61, 0x74, 0x33, 0x28, 0x30, 0x2e, 0x35, 0x29, 0x29, // z - float3(0.5))
	0x20, 0x2a, 0x20, 0x32, 0x2e, 0x30, 0x2c, 0x20, 0x30, 0x2e, 0x30, 0x29, 0x2e, 0x78, 0x79, 0x7a, //  * 2.0, 0.0).xyz
	0x3b, 0x0a, 0x20, 0x20, 0x20, 0x20, 0x66, 0x6c, 0x6f, 0x61, 0x74, 0x33, 0x20, 0x5f, 0x38, 0x35, // ;.    float3 _85
	0x33, 0x20, 0x3d, 0x20, 0x66, 0x6c, 0x6f, 0x61, 0x74, 0x34, 0x28, 0x28, 0x69, 0x6e, 0x2e, 0x61, // 3 = float4((in.a
	0x5f, 0x74, 0x61, 0x6e, 0x67, 0x65, 0x6e, 0x74, 0x2e, 0x78, 0x79, 0x7a, 0x20, 0x2d, 0x20, 0x66, // _tangent.xyz - f
	0x6c, 0x6f, 0x61, 0x74, 0x33, 0x28, 0x30, 0x2e, 0x35, 0x29, 0x29, 0x20, 0x2a, 0x20, 0x32, 0x2e, // loat3(0.5)) * 2.
	0x30, 0x2c, 0x20, 0x30, 0x2e, 0x30, 0x29, 0x2e, 0x78, 0x79, 0x7a, 0x3b, 0x0a, 0x20, 0x20, 0x20, // 0, 0.0).xyz;.   
	0x20, 0x66, 0x6c, 0x6f, 0x61, 0x74, 0x20, 0x5f, 0x38, 0x36, 0x38, 0x20, 0x3d, 0x20, 0x5f, 0x6d, //  float _868 = _m
	0x74, 0x6c, 0x5f, 0x75, 0x2e, 0x75, 0x5f, 0x6d, 0x55, 0x56, 0x49, 0x6e, 0x76, 0x65, 0x72, 0x73, // tl_u.u_mUVInvers
	0x65, 0x64, 0x2e, 0x78, 0x20, 0x2b, 0x20, 0x28, 0x5f, 0x6d, 0x74, 0x6c, 0x5f, 0x75, 0x2e, 0x75, // ed.x + (_mtl_u.u
	0x5f, 0x6d, 0x55, 0x56, 0x49, 0x6e, 0x76, 0x65, 0x72, 0x73, 0x65, 0x64, 0x2e, 0x79, 0x20, 0x2a, // _mUVInversed.y *
	0x20, 0x69, 0x6e, 0x2e, 0x61, 0x5f, 0x74, 0x65, 0x78, 0x63, 0x6f, 0x6f, 0x72, 0x64, 0x30, 0x2e, //  in.a_texcoord0.
	0x79, 0x29, 0x3b, 0x0a, 0x20, 0x20, 0x20, 0x20, 0x66, 0x6c, 0x6f, 0x61, 0x74, 0x34, 0x20, 0x5f, // y);.    float4 _
	0x31, 0x35, 0x39, 0x33, 0x3b, 0x0a, 0x20, 0x20, 0x20, 0x20, 0x5f, 0x31, 0x35, 0x39, 0x33, 0x2e, // 1593;.    _1593.
	0x78, 0x20, 0x3d, 0x20, 0x69, 0x6e, 0x2e, 0x61, 0x5f, 0x74, 0x65, 0x78, 0x63, 0x6f, 0x6f, 0x72, // x = in.a_texcoor
	0x64, 0x30, 0x2e, 0x78, 0x3b, 0x0a, 0x20, 0x20, 0x20, 0x20, 0x66, 0x6c, 0x6f, 0x61, 0x74, 0x34, // d0.x;.    float4
	0x20, 0x5f, 0x38, 0x38, 0x36, 0x20, 0x3d, 0x20, 0x5f, 0x6d, 0x74, 0x6c, 0x5f, 0x75, 0x2e, 0x75, //  _886 = _mtl_u.u
	0x5f, 0x6d, 0x43, 0x61, 0x6d, 0x65, 0x72, 0x61, 0x50, 0x72, 0x6f, 0x6a, 0x20, 0x2a, 0x20, 0x66, // _mCameraProj * f
	0x6c, 0x6f, 0x61, 0x74, 0x34, 0x28, 0x69, 0x6e, 0x2e, 0x61, 0x5f, 0x70, 0x6f, 0x73, 0x69, 0x74, // loat4(in.a_posit
	0x69, 0x6f, 0x6e, 0x2e, 0x78, 0x2c, 0x20, 0x69, 0x6e, 0x2e, 0x61, 0x5f, 0x70, 0x6f, 0x73, 0x69, // ion.x, in.a_posi
	0x74, 0x69, 0x6f, 0x6e, 0x2e, 0x79, 0x2c, 0x20, 0x69, 0x6e, 0x2e, 0x61, 0x5f, 0x70, 0x6f, 0x73, // tion.y, in.a_pos
	0x69, 0x74, 0x69, 0x6f, 0x6e, 0x2e, 0x7a, 0x2c, 0x20, 0x31, 0x2e, 0x30, 0x29, 0x3b, 0x0a, 0x20, // ition.z, 1.0);. 
	0x20, 0x20, 0x20, 0x5f, 0x36, 0x36, 0x35, 0x2e, 0x79, 0x20, 0x3d, 0x20, 0x5f, 0x6d, 0x74, 0x6c, //    _665.y = _mtl
	0x5f, 0x75, 0x2e, 0x75, 0x5f, 0x6d, 0x55, 0x56, 0x49, 0x6e, 0x76, 0x65, 0x72, 0x73, 0x65, 0x64, // _u.u_mUVInversed
	0x2e, 0x78, 0x20, 0x2b, 0x20, 0x28, 0x5f, 0x6d, 0x74, 0x6c, 0x5f, 0x75, 0x2e, 0x75, 0x5f, 0x6d, // .x + (_mtl_u.u_m
	0x55, 0x56, 0x49, 0x6e, 0x76, 0x65, 0x72, 0x73, 0x65, 0x64, 0x2e, 0x79, 0x20, 0x2a, 0x20, 0x69, // UVInversed.y * i
	0x6e, 0x2e, 0x61, 0x5f, 0x74, 0x65, 0x78, 0x63, 0x6f, 0x6f, 0x72, 0x64, 0x32, 0x2e, 0x79, 0x29, // n.a_texcoord2.y)
	0x3b, 0x0a, 0x20, 0x20, 0x20, 0x20, 0x5f, 0x36, 0x36, 0x35, 0x2e, 0x77, 0x20, 0x3d, 0x20, 0x5f, // ;.    _665.w = _
	0x6d, 0x74, 0x6c, 0x5f, 0x75, 0x2e, 0x75, 0x5f, 0x6d, 0x55, 0x56, 0x49, 0x6e, 0x76, 0x65, 0x72, // mtl_u.u_mUVInver
	0x73, 0x65, 0x64, 0x2e, 0x78, 0x20, 0x2b, 0x20, 0x28, 0x5f, 0x6d, 0x74, 0x6c, 0x5f, 0x75, 0x2e, // sed.x + (_mtl_u.
	0x75, 0x5f, 0x6d, 0x55, 0x56, 0x49, 0x6e, 0x76, 0x65, 0x72, 0x73, 0x65, 0x64, 0x2e, 0x79, 0x20, // u_mUVInversed.y 
	0x2a, 0x20, 0x69, 0x6e, 0x2e, 0x61, 0x5f, 0x74, 0x65, 0x78, 0x63, 0x6f, 0x6f, 0x72, 0x64, 0x32, // * in.a_texcoord2
	0x2e, 0x77, 0x29, 0x3b, 0x0a, 0x20, 0x20, 0x20, 0x20, 0x5f, 0x36, 0x37, 0x31, 0x2e, 0x79, 0x20, // .w);.    _671.y 
	0x3d, 0x20, 0x5f, 0x6d, 0x74, 0x6c, 0x5f, 0x75, 0x2e, 0x75, 0x5f, 0x6d, 0x55, 0x56, 0x49, 0x6e, // = _mtl_u.u_mUVIn
	0x76, 0x65, 0x72, 0x73, 0x65, 0x64, 0x2e, 0x78, 0x20, 0x2b, 0x20, 0x28, 0x5f, 0x6d, 0x74, 0x6c, // versed.x + (_mtl
	0x5f, 0x75, 0x2e, 0x75, 0x5f, 0x6d, 0x55, 0x56, 0x49, 0x6e, 0x76, 0x65, 0x72, 0x73, 0x65, 0x64, // _u.u_mUVInversed
	0x2e, 0x79, 0x20, 0x2a, 0x20, 0x69, 0x6e, 0x2e, 0x61, 0x5f, 0x74, 0x65, 0x78, 0x63, 0x6f, 0x6f, // .y * in.a_texcoo
	0x72, 0x64, 0x34, 0x2e, 0x79, 0x29, 0x3b, 0x0a, 0x20, 0x20, 0x20, 0x20, 0x5f, 0x36, 0x37, 0x31, // rd4.y);.    _671
	0x2e, 0x77, 0x20, 0x3d, 0x20, 0x5f, 0x6d, 0x74, 0x6c, 0x5f, 0x75, 0x2e, 0x75, 0x5f, 0x6d, 0x55, // .w = _mtl_u.u_mU
	0x56, 0x49, 0x6e, 0x76, 0x65, 0x72, 0x73, 0x65, 0x64, 0x2e, 0x78, 0x20, 0x2b, 0x20, 0x28, 0x5f, // VInversed.x + (_
	0x6d, 0x74, 0x6c, 0x5f, 0x75, 0x2e, 0x75, 0x5f, 0x6d, 0x55, 0x56, 0x49, 0x6e, 0x76, 0x65, 0x72, // mtl_u.u_mUVInver
	0x73, 0x65, 0x64, 0x2e, 0x79, 0x20, 0x2a, 0x20, 0x69, 0x6e, 0x2e, 0x61, 0x5f, 0x74, 0x65, 0x78, // sed.y * in.a_tex
	0x63, 0x6f, 0x6f, 0x72, 0x64, 0x34, 0x2e, 0x77, 0x29, 0x3b, 0x0a, 0x20, 0x20, 0x20, 0x20, 0x66, // coord4.w);.    f
	0x6c, 0x6f, 0x61, 0x74, 0x32, 0x20, 0x5f, 0x31, 0x30, 0x30, 0x36, 0x20, 0x3d, 0x20, 0x5f, 0x31, // loat2 _1006 = _1
	0x35, 0x39, 0x33, 0x2e, 0x78, 0x79, 0x3b, 0x0a, 0x20, 0x20, 0x20, 0x20, 0x66, 0x6c, 0x6f, 0x61, // 593.xy;.    floa
	0x74, 0x20, 0x5f, 0x31, 0x35, 0x37, 0x39, 0x3b, 0x0a, 0x20, 0x20, 0x20, 0x20, 0x66, 0x6c, 0x6f, // t _1579;.    flo
	0x61, 0x74, 0x32, 0x20, 0x5f, 0x31, 0x36, 0x35, 0x36, 0x3b, 0x0a, 0x20, 0x20, 0x20, 0x20, 0x69, // at2 _1656;.    i
	0x66, 0x20, 0x28, 0x5f, 0x6d, 0x74, 0x6c, 0x5f, 0x75, 0x2e, 0x75, 0x5f, 0x66, 0x6c, 0x69, 0x70, // f (_mtl_u.u_flip
	0x62, 0x6f, 0x6f, 0x6b, 0x50, 0x61, 0x72, 0x61, 0x6d, 0x65, 0x74, 0x65, 0x72, 0x31, 0x2e, 0x78, // bookParameter1.x
	0x20, 0x3e, 0x20, 0x30, 0x2e, 0x30, 0x29, 0x0a, 0x20, 0x20, 0x20, 0x20, 0x7b, 0x0a, 0x20, 0x20, //  > 0.0).    {.  
	0x20, 0x20, 0x20, 0x20, 0x20, 0x20, 0x66, 0x6c, 0x6f, 0x61, 0x74, 0x20, 0x5f, 0x31, 0x31, 0x30, //       float _110
	0x35, 0x20, 0x3d, 0x20, 0x66, 0x6c, 0x6f, 0x6f, 0x72, 0x28, 0x69, 0x6e, 0x2e, 0x61, 0x5f, 0x74, // 5 = floor(in.a_t
	0x65, 0x78, 0x63, 0x6f, 0x6f, 0x72, 0x64, 0x35, 0x29, 0x3b, 0x0a, 0x20, 0x20, 0x20, 0x20, 0x20, // excoord5);.     
	0x20, 0x20, 0x20, 0x66, 0x6c, 0x6f, 0x61, 0x74, 0x20, 0x5f, 0x31, 0x31, 0x30, 0x38, 0x20, 0x3d, //    float _1108 =
	0x20, 0x5f, 0x31, 0x31, 0x30, 0x35, 0x20, 0x2b, 0x20, 0x31, 0x2e, 0x30, 0x3b, 0x0a, 0x20, 0x20, //  _1105 + 1.0;.  
	0x20, 0x20, 0x20, 0x20, 0x20, 0x20, 0x66, 0x6c, 0x6f, 0x61, 0x74, 0x20, 0x5f, 0x31, 0x31, 0x31, //       float _111
	0x31, 0x20, 0x3d, 0x20, 0x5f, 0x6d, 0x74, 0x6c, 0x5f, 0x75, 0x2e, 0x75, 0x5f, 0x66, 0x6c, 0x69, // 1 = _mtl_u.u_fli
	0x70, 0x62, 0x6f, 0x6f, 0x6b, 0x50, 0x61, 0x72, 0x61, 0x6d, 0x65, 0x74, 0x65, 0x72, 0x31, 0x2e, // pbookParameter1.
	0x7a, 0x20, 0x2a, 0x20, 0x5f, 0x6d, 0x74, 0x6c, 0x5f, 0x75, 0x2e, 0x75, 0x5f, 0x66, 0x6c, 0x69, // z * _mtl_u.u_fli
	0x70, 0x62, 0x6f, 0x6f, 0x6b, 0x50, 0x61, 0x72, 0x61, 0x6d, 0x65, 0x74, 0x65, 0x72, 0x31, 0x2e, // pbookParameter1.
	0x77, 0x3b, 0x0a, 0x20, 0x20, 0x20, 0x20, 0x20, 0x20, 0x20, 0x20, 0x66, 0x6c, 0x6f, 0x61, 0x74, // w;.        float
	0x20, 0x5f, 0x31, 0x35, 0x36, 0x38, 0x3b, 0x0a, 0x20, 0x20, 0x20, 0x20, 0x20, 0x20, 0x20, 0x20, //  _1568;.        
	0x66, 0x6c, 0x6f, 0x61, 0x74, 0x20, 0x5f, 0x31, 0x35, 0x37, 0x34, 0x3b, 0x0a, 0x20, 0x20, 0x20, // float _1574;.   
	0x20, 0x20, 0x20, 0x20, 0x20, 0x69, 0x66, 0x20, 0x28, 0x5f, 0x6d, 0x74, 0x6c, 0x5f, 0x75, 0x2e, //      if (_mtl_u.
	0x75, 0x5f, 0x66, 0x6c, 0x69, 0x70, 0x62, 0x6f, 0x6f, 0x6b, 0x50, 0x61, 0x72, 0x61, 0x6d, 0x65, // u_flipbookParame
	0x74, 0x65, 0x72, 0x31, 0x2e, 0x79, 0x20, 0x3d, 0x3d, 0x20, 0x30, 0x2e, 0x30, 0x29, 0x0a, 0x20, // ter1.y == 0.0). 
	0x20, 0x20, 0x20, 0x20, 0x20, 0x20, 0x20, 0x7b, 0x0a, 0x20, 0x20, 0x20, 0x20, 0x20, 0x20, 0x20, //        {.       
	0x20, 0x20, 0x20, 0x20, 0x20, 0x66, 0x6c, 0x6f, 0x61, 0x74, 0x20, 0x5f, 0x31, 0x35, 0x36, 0x39, //      float _1569
	0x3b, 0x0a, 0x20, 0x20, 0x20, 0x20, 0x20, 0x20, 0x20, 0x20, 0x20, 0x20, 0x20, 0x20, 0x66, 0x6c, // ;.            fl
	0x6f, 0x61, 0x74, 0x20, 0x5f, 0x31, 0x35, 0x37, 0x35, 0x3b, 0x0a, 0x20, 0x20, 0x20, 0x20, 0x20, // oat _1575;.     
	0x20, 0x20, 0x20, 0x20, 0x20, 0x20, 0x20, 0x69, 0x66, 0x20, 0x28, 0x5f, 0x31, 0x31, 0x30, 0x38, //        if (_1108
	0x20, 0x3e, 0x3d, 0x20, 0x5f, 0x31, 0x31, 0x31, 0x31, 0x29, 0x0a, 0x20, 0x20, 0x20, 0x20, 0x20, //  >= _1111).     
	0x20, 0x20, 0x20, 0x20, 0x20, 0x20, 0x20, 0x7b, 0x0a, 0x20, 0x20, 0x20, 0x20, 0x20, 0x20, 0x20, //        {.       
	0x20, 0x20, 0x20, 0x20, 0x20, 0x20, 0x20, 0x20, 0x20, 0x66, 0x6c, 0x6f, 0x61, 0x74, 0x20, 0x5f, //          float _
	0x31, 0x31, 0x32, 0x30, 0x20, 0x3d, 0x20, 0x5f, 0x31, 0x31, 0x31, 0x31, 0x20, 0x2d, 0x20, 0x31, // 1120 = _1111 - 1
	0x2e, 0x30, 0x3b, 0x0a, 0x20, 0x20, 0x20, 0x20, 0x20, 0x20, 0x20, 0x20, 0x20, 0x20, 0x20, 0x20, // .0;.            
	0x20, 0x20, 0x20, 0x20, 0x5f, 0x31, 0x35, 0x37, 0x35, 0x20, 0x3d, 0x20, 0x5f, 0x31, 0x31, 0x32, //     _1575 = _112
	0x30, 0x3b, 0x0a, 0x20, 0x20, 0x20, 0x20, 0x20, 0x20, 0x20, 0x20, 0x20, 0x20, 0x20, 0x20, 0x20, // 0;.             
	0x20, 0x20, 0x20, 0x5f, 0x31, 0x35, 0x36, 0x39, 0x20, 0x3d, 0x20, 0x5f, 0x31, 0x31, 0x32, 0x30, //    _1569 = _1120
	0x3b, 0x0a, 0x20, 0x20, 0x20, 0x20, 0x20, 0x20, 0x20, 0x20, 0x20, 0x20, 0x20, 0x20, 0x7d, 0x0a, // ;.            }.
	0x20, 0x20, 0x20, 0x20, 0x20, 0x20, 0x20, 0x20, 0x20, 0x20, 0x20, 0x20, 0x65, 0x6c, 0x73, 0x65, //             else
	0x0a, 0x20, 0x20, 0x20, 0x20, 0x20, 0x20, 0x20, 0x20, 0x20, 0x20, 0x20, 0x20, 0x7b, 0x0a, 0x20, // .            {. 
	0x20, 0x20, 0x20, 0x20, 0x20, 0x20, 0x20, 0x20, 0x20, 0x20, 0x20, 0x20, 0x20, 0x20, 0x20, 0x5f, //                _
	0x31, 0x35, 0x37, 0x35, 0x20, 0x3d, 0x20, 0x5f, 0x31, 0x31, 0x30, 0x38, 0x3b, 0x0a, 0x20, 0x20, // 1575 = _1108;.  
	0x20, 0x20, 0x20, 0x20, 0x20, 0x20, 0x20, 0x20, 0x20, 0x20, 0x20, 0x20, 0x20, 0x20, 0x5f, 0x31, //               _1
	0x35, 0x36, 0x39, 0x20, 0x3d, 0x20, 0x5f, 0x31, 0x31, 0x30, 0x35, 0x3b, 0x0a, 0x20, 0x20, 0x20, // 569 = _1105;.   
	0x20, 0x20, 0x20, 0x20, 0x20, 0x20, 0x20, 0x20, 0x20, 0x7d, 0x0a, 0x20, 0x20, 0x20, 0x20, 0x20, //          }.     
	0x20, 0x20, 0x20, 0x20, 0x20, 0x20, 0x20, 0x5f, 0x31, 0x35, 0x37, 0x34, 0x20, 0x3d, 0x20, 0x5f, //        _1574 = _
	0x31, 0x35, 0x37, 0x35, 0x3b, 0x0a, 0x20, 0x20, 0x20, 0x20, 0x20, 0x20, 0x20, 0x20, 0x20, 0x20, // 1575;.          
	0x20, 0x20, 0x5f, 0x31, 0x35, 0x36, 0x38, 0x20, 0x3d, 0x20, 0x5f, 0x31, 0x35, 0x36, 0x39, 0x3b, //   _1568 = _1569;
	0x0a, 0x20, 0x20, 0x20, 0x20, 0x20, 0x20, 0x20, 0x20, 0x7d, 0x0a, 0x20, 0x20, 0x20, 0x20, 0x20, // .        }.     
	0x20, 0x20, 0x20, 0x65, 0x6c, 0x73, 0x65, 0x0a, 0x20, 0x20, 0x20, 0x20, 0x20, 0x20, 0x20, 0x20, //    else.        
	0x7b, 0x0a, 0x20, 0x20, 0x20, 0x20, 0x20, 0x20, 0x20, 0x20, 0x20, 0x20, 0x20, 0x20, 0x66, 0x6c, // {.            fl
	0x6f, 0x61, 0x74, 0x20, 0x5f, 0x31, 0x35, 0x37, 0x30, 0x3b, 0x0a, 0x20, 0x20, 0x20, 0x20, 0x20, // oat _1570;.     
	0x20, 0x20, 0x20, 0x20, 0x20, 0x20, 0x20, 0x66, 0x6c, 0x6f, 0x61, 0x74, 0x20, 0x5f, 0x31, 0x35, //        float _15
	0x37, 0x36, 0x3b, 0x0a, 0x20, 0x20, 0x20, 0x20, 0x20, 0x20, 0x20, 0x20, 0x20, 0x20, 0x20, 0x20, // 76;.            
	0x69, 0x66, 0x20, 0x28, 0x5f, 0x6d, 0x74, 0x6c, 0x5f, 0x75, 0x2e, 0x75, 0x5f, 0x66, 0x6c, 0x69, // if (_mtl_u.u_fli
	0x70, 0x62, 0x6f, 0x6f, 0x6b, 0x50, 0x61, 0x72, 0x61, 0x6d, 0x65, 0x74, 0x65, 0x72, 0x31, 0x2e, // pbookParameter1.
	0x79, 0x20, 0x3d, 0x3d, 0x20, 0x31, 0x2e, 0x30, 0x29, 0x0a, 0x20, 0x20, 0x20, 0x20, 0x20, 0x20, // y == 1.0).      
	0x20, 0x20, 0x20, 0x20, 0x20, 0x20, 0x7b, 0x0a, 0x20, 0x20, 0x20, 0x20, 0x20, 0x20, 0x20, 0x20, //       {.        
	0x20, 0x20, 0x20, 0x20, 0x20, 0x20, 0x20, 0x20, 0x5f, 0x31, 0x35, 0x37, 0x36, 0x20, 0x3d, 0x20, //         _1576 = 
	0x5f, 0x31, 0x31, 0x30, 0x38, 0x20, 0x2d, 0x20, 0x28, 0x5f, 0x31, 0x31, 0x31, 0x31, 0x20, 0x2a, // _1108 - (_1111 *
	0x20, 0x66, 0x6c, 0x6f, 0x6f, 0x72, 0x28, 0x5f, 0x31, 0x31, 0x30, 0x38, 0x20, 0x2f, 0x20, 0x5f, //  floor(_1108 / _
	0x31, 0x31, 0x31, 0x31, 0x29, 0x29, 0x3b, 0x0a, 0x20, 0x20, 0x20, 0x20, 0x20, 0x20, 0x20, 0x20, // 1111));.        
	0x20, 0x20, 0x20, 0x20, 0x20, 0x20, 0x20, 0x20, 0x5f, 0x31, 0x35, 0x37, 0x30, 0x20, 0x3d, 0x20, //         _1570 = 
	0x5f, 0x31, 0x31, 0x30, 0x35, 0x20, 0x2d, 0x20, 0x28, 0x5f, 0x31, 0x31, 0x31, 0x31, 0x20, 0x2a, // _1105 - (_1111 *
	0x20, 0x66, 0x6c, 0x6f, 0x6f, 0x72, 0x28, 0x5f, 0x31, 0x31, 0x30, 0x35, 0x20, 0x2f, 0x20, 0x5f, //  floor(_1105 / _
	0x31, 0x31, 0x31, 0x31, 0x29, 0x29, 0x3b, 0x0a, 0x20, 0x20, 0x20, 0x20, 0x20, 0x20, 0x20, 0x20, // 1111));.        
	0x20, 0x20, 0x20, 0x20, 0x7d, 0x0a, 0x20, 0x20, 0x20, 0x20, 0x20, 0x20, 0x20, 0x20, 0x20, 0x20, //     }.          
	0x20, 0x20, 0x65, 0x6c, 0x73, 0x65, 0x0a, 0x20, 0x20, 0x20, 0x20, 0x20, 0x20, 0x20, 0x20, 0x20, //   else.         
	0x20, 0x20, 0x20, 0x7b, 0x0a, 0x20, 0x20, 0x20, 0x20, 0x20, 0x20, 0x20, 0x20, 0x20, 0x20, 0x20, //    {.           
	0x20, 0x20, 0x20, 0x20, 0x20, 0x66, 0x6c, 0x6f, 0x61, 0x74, 0x20, 0x5f, 0x31, 0x35, 0x37, 0x31, //      float _1571
	0x3b, 0x0a, 0x20, 0x20, 0x20, 0x20, 0x20, 0x20, 0x20, 0x20, 0x20, 0x20, 0x20, 0x20, 0x20, 0x20, // ;.              
	0x20, 0x20, 0x66, 0x6c, 0x6f, 0x61, 0x74, 0x20, 0x5f, 0x31, 0x35, 0x37, 0x37, 0x3b, 0x0a, 0x20, //   float _1577;. 
	0x20, 0x20, 0x20, 0x20, 0x20, 0x20, 0x20, 0x20, 0x20, 0x20, 0x20, 0x20, 0x20, 0x20, 0x20, 0x69, //                i
	0x66, 0x20, 0x28, 0x5f, 0x6d, 0x74, 0x6c, 0x5f, 0x75, 0x2e, 0x75, 0x5f, 0x66, 0x6c, 0x69, 0x70, // f (_mtl_u.u_flip
	0x62, 0x6f, 0x6f, 0x6b, 0x50, 0x61, 0x72, 0x61, 0x6d, 0x65, 0x74, 0x65, 0x72, 0x31, 0x2e, 0x79, // bookParameter1.y
	0x20, 0x3d, 0x3d, 0x20, 0x32, 0x2e, 0x30, 0x29, 0x0a, 0x20, 0x20, 0x20, 0x20, 0x20, 0x20, 0x20, //  == 2.0).       
	0x20, 0x20, 0x20, 0x20, 0x20, 0x20, 0x20, 0x20, 0x20, 0x7b, 0x0a, 0x20, 0x20, 0x20, 0x20, 0x20, //          {.     
	0x20, 0x20, 0x20, 0x20, 0x20, 0x20, 0x20, 0x20, 0x20, 0x20, 0x20, 0x20, 0x20, 0x20, 0x20, 0x66, //                f
	0x6c, 0x6f, 0x61, 0x74, 0x20, 0x5f, 0x31, 0x31, 0x34, 0x31, 0x20, 0x3d, 0x20, 0x66, 0x6c, 0x6f, // loat _1141 = flo
	0x6f, 0x72, 0x28, 0x5f, 0x31, 0x31, 0x30, 0x35, 0x20, 0x2f, 0x20, 0x5f, 0x31, 0x31, 0x31, 0x31, // or(_1105 / _1111
	0x29, 0x3b, 0x0a, 0x20, 0x20, 0x20, 0x20, 0x20, 0x20, 0x20, 0x20, 0x20, 0x20, 0x20, 0x20, 0x20, // );.             
	0x20, 0x20, 0x20, 0x20, 0x20, 0x20, 0x20, 0x66, 0x6c, 0x6f, 0x61, 0x74, 0x20, 0x5f, 0x31, 0x32, //        float _12
	0x35, 0x36, 0x20, 0x3d, 0x20, 0x5f, 0x31, 0x31, 0x30, 0x35, 0x20, 0x2d, 0x20, 0x28, 0x5f, 0x31, // 56 = _1105 - (_1
	0x31, 0x31, 0x31, 0x20, 0x2a, 0x20, 0x5f, 0x31, 0x31, 0x34, 0x31, 0x29, 0x3b, 0x0a, 0x20, 0x20, // 111 * _1141);.  
	0x20, 0x20, 0x20, 0x20, 0x20, 0x20, 0x20, 0x20, 0x20, 0x20, 0x20, 0x20, 0x20, 0x20, 0x20, 0x20, //                 
	0x20, 0x20, 0x66, 0x6c, 0x6f, 0x61, 0x74, 0x20, 0x5f, 0x31, 0x35, 0x37, 0x33, 0x3b, 0x0a, 0x20, //   float _1573;. 
	0x20, 0x20, 0x20, 0x20, 0x20, 0x20, 0x20, 0x20, 0x20, 0x20, 0x20, 0x20, 0x20, 0x20, 0x20, 0x20, //                 
	0x20, 0x20, 0x20, 0x69, 0x66, 0x20, 0x28, 0x28, 0x5f, 0x31, 0x31, 0x34, 0x31, 0x20, 0x2d, 0x20, //    if ((_1141 - 
	0x28, 0x32, 0x2e, 0x30, 0x20, 0x2a, 0x20, 0x66, 0x6c, 0x6f, 0x6f, 0x72, 0x28, 0x5f, 0x31, 0x31, // (2.0 * floor(_11
	0x34, 0x31, 0x20, 0x2a, 0x20, 0x30, 0x2e, 0x35, 0x29, 0x29, 0x29, 0x20, 0x3d, 0x3d, 0x20, 0x31, // 41 * 0.5))) == 1
	0x2e, 0x30, 0x29, 0x0a, 0x20, 0x20, 0x20, 0x20, 0x20, 0x20, 0x20, 0x20, 0x20, 0x20, 0x20, 0x20, // .0).            
	0x20, 0x20, 0x20, 0x20, 0x20, 0x20, 0x20, 0x20, 0x7b, 0x0a, 0x20, 0x20, 0x20, 0x20, 0x20, 0x20, //         {.      
	0x20, 0x20, 0x20, 0x20, 0x20, 0x20, 0x20, 0x20, 0x20, 0x20, 0x20, 0x20, 0x20, 0x20, 0x20, 0x20, //                 
	0x20, 0x20, 0x5f, 0x31, 0x35, 0x37, 0x33, 0x20, 0x3d, 0x20, 0x28, 0x5f, 0x31, 0x31, 0x31, 0x31, //   _1573 = (_1111
	0x20, 0x2d, 0x20, 0x31, 0x2e, 0x30, 0x29, 0x20, 0x2d, 0x20, 0x66, 0x6c, 0x6f, 0x6f, 0x72, 0x28, //  - 1.0) - floor(
	0x5f, 0x31, 0x32, 0x35, 0x36, 0x29, 0x3b, 0x0a, 0x20, 0x20, 0x20, 0x20, 0x20, 0x20, 0x20, 0x20, // _1256);.        
	0x20, 0x20, 0x20, 0x20, 0x20, 0x20, 0x20, 0x20, 0x20, 0x20, 0x20, 0x20, 0x7d, 0x0a, 0x20, 0x20, //             }.  
	0x20, 0x20, 0x20, 0x20, 0x20, 0x20, 0x20, 0x20, 0x20, 0x20, 0x20, 0x20, 0x20, 0x20, 0x20, 0x20, //                 
	0x20, 0x20, 0x65, 0x6c, 0x73, 0x65, 0x0a, 0x20, 0x20, 0x20, 0x20, 0x20, 0x20, 0x20, 0x20, 0x20, //   else.         
	0x20, 0x20, 0x20, 0x20, 0x20, 0x20, 0x20, 0x20, 0x20, 0x20, 0x20, 0x7b, 0x0a, 0x20, 0x20, 0x20, //            {.   
	0x20, 0x20, 0x20, 0x20, 0x20, 0x20, 0x20, 0x20, 0x20, 0x20, 0x20, 0x20, 0x20, 0x20, 0x20, 0x20, //                 
	0x20, 0x20, 0x20, 0x20, 0x20, 0x5f, 0x31, 0x35, 0x37, 0x33, 0x20, 0x3d, 0x20, 0x5f, 0x31, 0x32, //      _1573 = _12
	0x35, 0x36, 0x3b, 0x0a, 0x20, 0x20, 0x20, 0x20, 0x20, 0x20, 0x20, 0x20, 0x20, 0x20, 0x20, 0x20, // 56;.            
	0x20, 0x20, 0x20, 0x20, 0x20, 0x20, 0x20, 0x20, 0x7d, 0x0a, 0x20, 0x20, 0x20, 0x20, 0x20, 0x20, //         }.      
	0x20, 0x20, 0x20, 0x20, 0x20, 0x20, 0x20, 0x20, 0x20, 0x20, 0x20, 0x20, 0x20, 0x20, 0x66, 0x6c, //               fl
	0x6f, 0x61, 0x74, 0x20, 0x5f, 0x31, 0x31, 0x35, 0x38, 0x20, 0x3d, 0x20, 0x66, 0x6c, 0x6f, 0x6f, // oat _1158 = floo
	0x72, 0x28, 0x5f, 0x31, 0x31, 0x30, 0x38, 0x20, 0x2f, 0x20, 0x5f, 0x31, 0x31, 0x31, 0x31, 0x29, // r(_1108 / _1111)
	0x3b, 0x0a, 0x20, 0x20, 0x20, 0x20, 0x20, 0x20, 0x20, 0x20, 0x20, 0x20, 0x20, 0x20, 0x20, 0x20, // ;.              
	0x20, 0x20, 0x20, 0x20, 0x20, 0x20, 0x66, 0x6c, 0x6f, 0x61, 0x74, 0x20, 0x5f, 0x31, 0x32, 0x37, //       float _127
	0x36, 0x20, 0x3d, 0x20, 0x5f, 0x31, 0x31, 0x30, 0x38, 0x20, 0x2d, 0x20, 0x28, 0x5f, 0x31, 0x31, // 6 = _1108 - (_11
	0x31, 0x31, 0x20, 0x2a, 0x20, 0x5f, 0x31, 0x31, 0x35, 0x38, 0x29, 0x3b, 0x0a, 0x20, 0x20, 0x20, // 11 * _1158);.   
	0x20, 0x20, 0x20, 0x20, 0x20, 0x20, 0x20, 0x20, 0x20, 0x20, 0x20, 0x20, 0x20, 0x20, 0x20, 0x20, //                 
	0x20, 0x66, 0x6c, 0x6f, 0x61, 0x74, 0x20, 0x5f, 0x31, 0x35, 0x37, 0x38, 0x3b, 0x0a, 0x20, 0x20, //  float _1578;.  
	0x20, 0x20, 0x20, 0x20, 0x20, 0x20, 0x20, 0x20, 0x20, 0x20, 0x20, 0x20, 0x20, 0x20, 0x20, 0x20, //                 
	0x20, 0x20, 0x69, 0x66, 0x20, 0x28, 0x28, 0x5f, 0x31, 0x31, 0x35, 0x38, 0x20, 0x2d, 0x20, 0x28, //   if ((_1158 - (
	0x32, 0x2e, 0x30, 0x20, 0x2a, 0x20, 0x66, 0x6c, 0x6f, 0x6f, 0x72, 0x28, 0x5f, 0x31, 0x31, 0x35, // 2.0 * floor(_115
	0x38, 0x20, 0x2a, 0x20, 0x30, 0x2e, 0x35, 0x29, 0x29, 0x29, 0x20, 0x3d, 0x3d, 0x20, 0x31, 0x2e, // 8 * 0.5))) == 1.
	0x30, 0x29, 0x0a, 0x20, 0x20, 0x20, 0x20, 0x20, 0x20, 0x20, 0x20, 0x20, 0x20, 0x20, 0x20, 0x20, // 0).             
	0x20, 0x20, 0x20, 0x20, 0x20, 0x20, 0x20, 0x7b, 0x0a, 0x20, 0x20, 0x20, 0x20, 0x20, 0x20, 0x20, //        {.       
	0x20, 0x20, 0x20, 0x20, 0x20, 0x20, 0x20, 0x20, 0x20, 0x20, 0x20, 0x20, 0x20, 0x20, 0x20, 0x20, //                 
	0x20, 0x5f, 0x31, 0x35, 0x37, 0x38, 0x20, 0x3d, 0x20, 0x28, 0x5f, 0x31, 0x31, 0x31, 0x31, 0x20, //  _1578 = (_1111 
	0x2d, 0x20, 0x31, 0x2e, 0x30, 0x29, 0x20, 0x2d, 0x20, 0x66, 0x6c, 0x6f, 0x6f, 0x72, 0x28, 0x5f, // - 1.0) - floor(_
	0x31, 0x32, 0x37, 0x36, 0x29, 0x3b, 0x0a, 0x20, 0x20, 0x20, 0x20, 0x20, 0x20, 0x20, 0x20, 0x20, // 1276);.         
	0x20, 0x20, 0x20, 0x20, 0x20, 0x20, 0x20, 0x20, 0x20, 0x20, 0x20, 0x7d, 0x0a, 0x20, 0x20, 0x20, //            }.   
	0x20, 0x20, 0x20, 0x20, 0x20, 0x20, 0x20, 0x20, 0x20, 0x20, 0x20, 0x20, 0x20, 0x20, 0x20, 0x20, //                 
	0x20, 0x65, 0x6c, 0x73, 0x65, 0x0a, 0x20, 0x20, 0x20, 0x20, 0x20, 0x20, 0x20, 0x20, 0x20, 0x20, //  else.          
	0x20, 0x20, 0x20, 0x20, 0x20, 0x20, 0x20, 0x20, 0x20, 0x20, 0x7b, 0x0a, 0x20, 0x20, 0x20, 0x20, //           {.    
	0x20, 0x20, 0x20, 0x20, 0x20, 0x20, 0x20, 0x20, 0x20, 0x20, 0x20, 0x20, 0x20, 0x20, 0x20, 0x20, //                 
	0x20, 0x20, 0x20, 0x20, 0x5f, 0x31, 0x35, 0x37, 0x38, 0x20, 0x3d, 0x20, 0x5f, 0x31, 0x32, 0x37, //     _1578 = _127
	0x36, 0x3b, 0x0a, 0x20, 0x20, 0x20, 0x20, 0x20, 0x20, 0x20, 0x20, 0x20, 0x20, 0x20, 0x20, 0x20, // 6;.             
	0x20, 0x20, 0x20, 0x20, 0x20, 0x20, 0x20, 0x7d, 0x0a, 0x20, 0x20, 0x20, 0x20, 0x20, 0x20, 0x20, //        }.       
	0x20, 0x20, 0x20, 0x20, 0x20, 0x20, 0x20, 0x20, 0x20, 0x20, 0x20, 0x20, 0x20, 0x5f, 0x31, 0x35, //              _15
	0x37, 0x37, 0x20, 0x3d, 0x20, 0x5f, 0x31, 0x35, 0x37, 0x38, 0x3b, 0x0a, 0x20, 0x20, 0x20, 0x20, // 77 = _1578;.    
	0x20, 0x20, 0x20, 0x20, 0x20, 0x20, 0x20, 0x20, 0x20, 0x20, 0x20, 0x20, 0x20, 0x20, 0x20, 0x20, //                 
	0x5f, 0x31, 0x35, 0x37, 0x31, 0x20, 0x3d, 0x20, 0x5f, 0x31, 0x35, 0x37, 0x33, 0x3b, 0x0a, 0x20, // _1571 = _1573;. 
	0x20, 0x20, 0x20, 0x20, 0x20, 0x20, 0x20, 0x20, 0x20, 0x20, 0x20, 0x20, 0x20, 0x20, 0x20, 0x7d, //                }
	0x0a, 0x20, 0x20, 0x20, 0x20, 0x20, 0x20, 0x20, 0x20, 0x20, 0x20, 0x20, 0x20, 0x20, 0x20, 0x20, // .               
	0x20, 0x65, 0x6c, 0x73, 0x65, 0x0a, 0x20, 0x20, 0x20, 0x20, 0x20, 0x20, 0x20, 0x20, 0x20, 0x20, //  else.          
	0x20, 0x20, 0x20, 0x20, 0x20, 0x20, 0x7b, 0x0a, 0x20, 0x20, 0x20, 0x20, 0x20, 0x20, 0x20, 0x20, //       {.        
	0x20, 0x20, 0x20, 0x20, 0x20, 0x20, 0x20, 0x20, 0x20, 0x20, 0x20, 0x20, 0x5f, 0x31, 0x35, 0x37, //             _157
	0x37, 0x20, 0x3d, 0x20, 0x5f, 0x31, 0x31, 0x30, 0x38, 0x3b, 0x0a, 0x20, 0x20, 0x20, 0x20, 0x20, // 7 = _1108;.     
	0x20, 0x20, 0x20, 0x20, 0x20, 0x20, 0x20, 0x20, 0x20, 0x20, 0x20, 0x20, 0x20, 0x20, 0x20, 0x5f, //                _
	0x31, 0x35, 0x37, 0x31, 0x20, 0x3d, 0x20, 0x5f, 0x31, 0x31, 0x30, 0x35, 0x3b, 0x0a, 0x20, 0x20, // 1571 = _1105;.  
	0x20, 0x20, 0x20, 0x20, 0x20, 0x20, 0x20, 0x20, 0x20, 0x20, 0x20, 0x20, 0x20, 0x20, 0x7d, 0x0a, //               }.
	0x20, 0x20, 0x20, 0x20, 0x20, 0x20, 0x20, 0x20, 0x20, 0x20, 0x20, 0x20, 0x20, 0x20, 0x20, 0x20, //                 
	0x5f, 0x31, 0x35, 0x37, 0x36, 0x20, 0x3d, 0x20, 0x5f, 0x31, 0x35, 0x37, 0x37, 0x3b, 0x0a, 0x20, // _1576 = _1577;. 
	0x20, 0x20, 0x20, 0x20, 0x20, 0x20, 0x20, 0x20, 0x20, 0x20, 0x20, 0x20, 0x20, 0x20, 0x20, 0x5f, //                _
	0x31, 0x35, 0x37, 0x30, 0x20, 0x3d, 0x20, 0x5f, 0x31, 0x35, 0x37, 0x31, 0x3b, 0x0a, 0x20, 0x20, // 1570 = _1571;.  
	0x20, 0x20, 0x20, 0x20, 0x20, 0x20, 0x20, 0x20, 0x20, 0x20, 0x7d, 0x0a, 0x20, 0x20, 0x20, 0x20, //           }.    
	0x20, 0x20, 0x20, 0x20, 0x20, 0x20, 0x20, 0x20, 0x5f, 0x31, 0x35, 0x37, 0x34, 0x20, 0x3d, 0x20, //         _1574 = 
	0x5f, 0x31, 0x35, 0x37, 0x36, 0x3b, 0x0a, 0x20, 0x20, 0x20, 0x20, 0x20, 0x20, 0x20, 0x20, 0x20, // _1576;.         
	0x20, 0x20, 0x20, 0x5f, 0x31, 0x35, 0x36, 0x38, 0x20, 0x3d, 0x20, 0x5f, 0x31, 0x35, 0x37, 0x30, //    _1568 = _1570
	0x3b, 0x0a, 0x20, 0x20, 0x20, 0x20, 0x20, 0x20, 0x20, 0x20, 0x7d, 0x0a, 0x20, 0x20, 0x20, 0x20, // ;.        }.    
	0x20, 0x20, 0x20, 0x20, 0x5f, 0x31, 0x30, 0x30, 0x36, 0x2e, 0x79, 0x20, 0x3d, 0x20, 0x5f, 0x6d, //     _1006.y = _m
	0x74, 0x6c, 0x5f, 0x75, 0x2e, 0x75, 0x5f, 0x6d, 0x55, 0x56, 0x49, 0x6e, 0x76, 0x65, 0x72, 0x73, // tl_u.u_mUVInvers
	0x65, 0x64, 0x2e, 0x78, 0x20, 0x2b, 0x20, 0x28, 0x5f, 0x6d, 0x74, 0x6c, 0x5f, 0x75, 0x2e, 0x75, // ed.x + (_mtl_u.u
	0x5f, 0x6d, 0x55, 0x56, 0x49, 0x6e, 0x76, 0x65, 0x72, 0x73, 0x65, 0x64, 0x2e, 0x79, 0x20, 0x2a, // _mUVInversed.y *
	0x20, 0x5f, 0x38, 0x36, 0x38, 0x29, 0x3b, 0x0a, 0x20, 0x20, 0x20, 0x20, 0x20, 0x20, 0x20, 0x20, //  _868);.        
	0x69, 0x6e, 0x74, 0x20, 0x5f, 0x31, 0x32, 0x38, 0x34, 0x20, 0x3d, 0x20, 0x69, 0x6e, 0x74, 0x28, // int _1284 = int(
	0x5f, 0x31, 0x35, 0x36, 0x38, 0x29, 0x3b, 0x0a, 0x20, 0x20, 0x20, 0x20, 0x20, 0x20, 0x20, 0x20, // _1568);.        
	0x66, 0x6c, 0x6f, 0x61, 0x74, 0x20, 0x5f, 0x31, 0x32, 0x38, 0x35, 0x20, 0x3d, 0x20, 0x66, 0x6c, // float _1285 = fl
	0x6f, 0x61, 0x74, 0x28, 0x5f, 0x31, 0x32, 0x38, 0x34, 0x29, 0x3b, 0x0a, 0x20, 0x20, 0x20, 0x20, // oat(_1284);.    
	0x20, 0x20, 0x20, 0x20, 0x69, 0x6e, 0x74, 0x20, 0x5f, 0x31, 0x32, 0x38, 0x37, 0x20, 0x3d, 0x20, //     int _1287 = 
	0x69, 0x6e, 0x74, 0x28, 0x5f, 0x6d, 0x74, 0x6c, 0x5f, 0x75, 0x2e, 0x75, 0x5f, 0x66, 0x6c, 0x69, // int(_mtl_u.u_fli
	0x70, 0x62, 0x6f, 0x6f, 0x6b, 0x50, 0x61, 0x72, 0x61, 0x6d, 0x65, 0x74, 0x65, 0x72, 0x31, 0x2e, // pbookParameter1.
	0x7a, 0x29, 0x3b, 0x0a, 0x20, 0x20, 0x20, 0x20, 0x20, 0x20, 0x20, 0x20, 0x66, 0x6c, 0x6f, 0x61, // z);.        floa
	0x74, 0x20, 0x5f, 0x31, 0x32, 0x38, 0x38, 0x20, 0x3d, 0x20, 0x66, 0x6c, 0x6f, 0x61, 0x74, 0x28, // t _1288 = float(
	0x5f, 0x31, 0x32, 0x38, 0x37, 0x29, 0x3b, 0x0a, 0x20, 0x20, 0x20, 0x20, 0x20, 0x20, 0x20, 0x20, // _1287);.        
	0x69, 0x6e, 0x74, 0x20, 0x5f, 0x31, 0x33, 0x32, 0x32, 0x20, 0x3d, 0x20, 0x69, 0x6e, 0x74, 0x28, // int _1322 = int(
	0x5f, 0x31, 0x35, 0x37, 0x34, 0x29, 0x3b, 0x0a, 0x20, 0x20, 0x20, 0x20, 0x20, 0x20, 0x20, 0x20, // _1574);.        
	0x66, 0x6c, 0x6f, 0x61, 0x74, 0x20, 0x5f, 0x31, 0x33, 0x32, 0x33, 0x20, 0x3d, 0x20, 0x66, 0x6c, // float _1323 = fl
	0x6f, 0x61, 0x74, 0x28, 0x5f, 0x31, 0x33, 0x32, 0x32, 0x29, 0x3b, 0x0a, 0x20, 0x20, 0x20, 0x20, // oat(_1322);.    
	0x20, 0x20, 0x20, 0x20, 0x66, 0x6c, 0x6f, 0x61, 0x74, 0x32, 0x20, 0x5f, 0x31, 0x33, 0x34, 0x32, //     float2 _1342
	0x20, 0x3d, 0x20, 0x28, 0x28, 0x5f, 0x31, 0x30, 0x30, 0x36, 0x20, 0x2d, 0x20, 0x28, 0x28, 0x66, //  = ((_1006 - ((f
	0x6c, 0x6f, 0x61, 0x74, 0x32, 0x28, 0x5f, 0x31, 0x32, 0x38, 0x35, 0x20, 0x2d, 0x20, 0x28, 0x5f, // loat2(_1285 - (_
	0x31, 0x32, 0x38, 0x38, 0x20, 0x2a, 0x20, 0x66, 0x6c, 0x6f, 0x6f, 0x72, 0x28, 0x5f, 0x31, 0x32, // 1288 * floor(_12
	0x38, 0x35, 0x20, 0x2f, 0x20, 0x5f, 0x31, 0x32, 0x38, 0x38, 0x29, 0x29, 0x2c, 0x20, 0x66, 0x6c, // 85 / _1288)), fl
	0x6f, 0x61, 0x74, 0x28, 0x5f, 0x31, 0x32, 0x38, 0x34, 0x20, 0x2f, 0x20, 0x5f, 0x31, 0x32, 0x38, // oat(_1284 / _128
	0x37, 0x29, 0x29, 0x20, 0x2a, 0x20, 0x5f, 0x6d, 0x74, 0x6c, 0x5f, 0x75, 0x2e, 0x75, 0x5f, 0x66, // 7)) * _mtl_u.u_f
	0x6c, 0x69, 0x70, 0x62, 0x6f, 0x6f, 0x6b, 0x50, 0x61, 0x72, 0x61, 0x6d, 0x65, 0x74, 0x65, 0x72, // lipbookParameter
	0x32, 0x2e, 0x78, 0x79, 0x29, 0x20, 0x2b, 0x20, 0x5f, 0x6d, 0x74, 0x6c, 0x5f, 0x75, 0x2e, 0x75, // 2.xy) + _mtl_u.u
	0x5f, 0x66, 0x6c, 0x69, 0x70, 0x62, 0x6f, 0x6f, 0x6b, 0x50, 0x61, 0x72, 0x61, 0x6d, 0x65, 0x74, // _flipbookParamet
	0x65, 0x72, 0x32, 0x2e, 0x7a, 0x77, 0x29, 0x29, 0x20, 0x2b, 0x20, 0x28, 0x66, 0x6c, 0x6f, 0x61, // er2.zw)) + (floa
	0x74, 0x32, 0x28, 0x5f, 0x31, 0x33, 0x32, 0x33, 0x20, 0x2d, 0x20, 0x28, 0x5f, 0x31, 0x32, 0x38, // t2(_1323 - (_128
	0x38, 0x20, 0x2a, 0x20, 0x66, 0x6c, 0x6f, 0x6f, 0x72, 0x28, 0x5f, 0x31, 0x33, 0x32, 0x33, 0x20, // 8 * floor(_1323 
	0x2f, 0x20, 0x5f, 0x31, 0x32, 0x38, 0x38, 0x29, 0x29, 0x2c, 0x20, 0x66, 0x6c, 0x6f, 0x61, 0x74, // / _1288)), float
	0x28, 0x5f, 0x31, 0x33, 0x32, 0x32, 0x20, 0x2f, 0x20, 0x5f, 0x31, 0x32, 0x38, 0x37, 0x29, 0x29, // (_1322 / _1287))
	0x20, 0x2a, 0x20, 0x5f, 0x6d, 0x74, 0x6c, 0x5f, 0x75, 0x2e, 0x75, 0x5f, 0x66, 0x6c, 0x69, 0x70, //  * _mtl_u.u_flip
	0x62, 0x6f, 0x6f, 0x6b, 0x50, 0x61, 0x72, 0x61, 0x6d, 0x65, 0x74, 0x65, 0x72, 0x32, 0x2e, 0x78, // bookParameter2.x
	0x79, 0x29, 0x29, 0x20, 0x2b, 0x20, 0x5f, 0x6d, 0x74, 0x6c, 0x5f, 0x75, 0x2e, 0x75, 0x5f, 0x66, // y)) + _mtl_u.u_f
	0x6c, 0x69, 0x70, 0x62, 0x6f, 0x6f, 0x6b, 0x50, 0x61, 0x72, 0x61, 0x6d, 0x65, 0x74, 0x65, 0x72, // lipbookParameter
	0x32, 0x2e, 0x7a, 0x77, 0x3b, 0x0a, 0x20, 0x20, 0x20, 0x20, 0x20, 0x20, 0x20, 0x20, 0x5f, 0x31, // 2.zw;.        _1
	0x33, 0x34, 0x32, 0x2e, 0x79, 0x20, 0x3d, 0x20, 0x5f, 0x6d, 0x74, 0x6c, 0x5f, 0x75, 0x2e, 0x75, // 342.y = _mtl_u.u
	0x5f, 0x6d, 0x55, 0x56, 0x49, 0x6e, 0x76, 0x65, 0x72, 0x73, 0x65, 0x64, 0x2e, 0x78, 0x20, 0x2b, // _mUVInversed.x +
	0x20, 0x28, 0x5f, 0x6d, 0x74, 0x6c, 0x5f, 0x75, 0x2e, 0x75, 0x5f, 0x6d, 0x55, 0x56, 0x49, 0x6e, //  (_mtl_u.u_mUVIn
	0x76, 0x65, 0x72, 0x73, 0x65, 0x64, 0x2e, 0x79, 0x20, 0x2a, 0x20, 0x5f, 0x31, 0x33, 0x34, 0x32, // versed.y * _1342
	0x2e, 0x79, 0x29, 0x3b, 0x0a, 0x20, 0x20, 0x20, 0x20, 0x20, 0x20, 0x20, 0x20, 0x5f, 0x31, 0x36, // .y);.        _16
	0x35, 0x36, 0x20, 0x3d, 0x20, 0x5f, 0x31, 0x33, 0x34, 0x32, 0x3b, 0x0a, 0x20, 0x20, 0x20, 0x20, // 56 = _1342;.    
	0x20, 0x20, 0x20, 0x20, 0x5f, 0x31, 0x35, 0x37, 0x39, 0x20, 0x3d, 0x20, 0x66, 0x72, 0x61, 0x63, //     _1579 = frac
	0x74, 0x28, 0x69, 0x6e, 0x2e, 0x61, 0x5f, 0x74, 0x65, 0x78, 0x63, 0x6f, 0x6f, 0x72, 0x64, 0x35, // t(in.a_texcoord5
	0x29, 0x3b, 0x0a, 0x20, 0x20, 0x20, 0x20, 0x7d, 0x0a, 0x20, 0x20, 0x20, 0x20, 0x65, 0x6c, 0x73, // );.    }.    els
	0x65, 0x0a, 0x20, 0x20, 0x20, 0x20, 0x7b, 0x0a, 0x20, 0x20, 0x20, 0x20, 0x20, 0x20, 0x20, 0x20, // e.    {.        
	0x5f, 0x31, 0x36, 0x35, 0x36, 0x20, 0x3d, 0x20, 0x66, 0x6c, 0x6f, 0x61, 0x74, 0x32, 0x28, 0x30, // _1656 = float2(0
	0x2e, 0x30, 0x29, 0x3b, 0x0a, 0x20, 0x20, 0x20, 0x20, 0x20, 0x20, 0x20, 0x20, 0x5f, 0x31, 0x35, // .0);.        _15
	0x37, 0x39, 0x20, 0x3d, 0x20, 0x30, 0x2e, 0x30, 0x3b, 0x0a, 0x20, 0x20, 0x20, 0x20, 0x7d, 0x0a, // 79 = 0.0;.    }.
	0x20, 0x20, 0x20, 0x20, 0x6f, 0x75, 0x74, 0x2e, 0x67, 0x6c, 0x5f, 0x50, 0x6f, 0x73, 0x69, 0x74, //     out.gl_Posit
	0x69, 0x6f, 0x6e, 0x20, 0x3d, 0x20, 0x5f, 0x38, 0x38, 0x36, 0x3b, 0x0a, 0x20, 0x20, 0x20, 0x20, // ion = _886;.    
	0x6f, 0x75, 0x74, 0x2e, 0x5f, 0x65, 0x6e, 0x74, 0x72, 0x79, 0x50, 0x6f, 0x69, 0x6e, 0x74, 0x4f, // out._entryPointO
	0x75, 0x74, 0x70, 0x75, 0x74, 0x5f, 0x76, 0x5f, 0x41, 0x6c, 0x70, 0x68, 0x61, 0x5f, 0x44, 0x69, // utput_v_Alpha_Di
	0x73, 0x74, 0x5f, 0x55, 0x56, 0x20, 0x3d, 0x20, 0x5f, 0x36, 0x36, 0x35, 0x3b, 0x0a, 0x20, 0x20, // st_UV = _665;.  
	0x20, 0x20, 0x6f, 0x75, 0x74, 0x2e, 0x5f, 0x65, 0x6e, 0x74, 0x72, 0x79, 0x50, 0x6f, 0x69, 0x6e, //   out._entryPoin
	0x74, 0x4f, 0x75, 0x74, 0x70, 0x75, 0x74, 0x5f, 0x76, 0x5f, 0x42, 0x6c, 0x65, 0x6e, 0x64, 0x5f, // tOutput_v_Blend_
	0x41, 0x6c, 0x70, 0x68, 0x61, 0x5f, 0x44, 0x69, 0x73, 0x74, 0x5f, 0x55, 0x56, 0x20, 0x3d, 0x20, // Alpha_Dist_UV = 
	0x5f, 0x36, 0x37, 0x31, 0x3b, 0x0a, 0x20, 0x20, 0x20, 0x20, 0x6f, 0x75, 0x74, 0x2e, 0x5f, 0x65, // _671;.    out._e
	0x6e, 0x74, 0x72, 0x79, 0x50, 0x6f, 0x69, 0x6e, 0x74, 0x4f, 0x75, 0x74, 0x70, 0x75, 0x74, 0x5f, // ntryPointOutput_
	0x76, 0x5f, 0x42, 0x6c, 0x65, 0x6e, 0x64, 0x5f, 0x46, 0x42, 0x4e, 0x65, 0x78, 0x74, 0x49, 0x6e, // v_Blend_FBNextIn
	0x64, 0x65, 0x78, 0x5f, 0x55, 0x56, 0x20, 0x3d, 0x20, 0x66, 0x6c, 0x6f, 0x61, 0x74, 0x34, 0x28, // dex_UV = float4(
	0x69, 0x6e, 0x2e, 0x61, 0x5f, 0x74, 0x65, 0x78, 0x63, 0x6f, 0x6f, 0x72, 0x64, 0x33, 0x2e, 0x78, // in.a_texcoord3.x
	0x2c, 0x20, 0x5f, 0x6d, 0x74, 0x6c, 0x5f, 0x75, 0x2e, 0x75, 0x5f, 0x6d, 0x55, 0x56, 0x49, 0x6e, // , _mtl_u.u_mUVIn
	0x76, 0x65, 0x72, 0x73, 0x65, 0x64, 0x2e, 0x78, 0x20, 0x2b, 0x20, 0x28, 0x5f, 0x6d, 0x74, 0x6c, // versed.x + (_mtl
	0x5f, 0x75, 0x2e, 0x75, 0x5f, 0x6d, 0x55, 0x56, 0x49, 0x6e, 0x76, 0x65, 0x72, 0x73, 0x65, 0x64, // _u.u_mUVInversed
	0x2e, 0x79, 0x20, 0x2a, 0x20, 0x69, 0x6e, 0x2e, 0x61, 0x5f, 0x74, 0x65, 0x78, 0x63, 0x6f, 0x6f, // .y * in.a_texcoo
	0x72, 0x64, 0x33, 0x2e, 0x79, 0x29, 0x2c, 0x20, 0x5f, 0x31, 0x36, 0x35, 0x36, 0x29, 0x3b, 0x0a, // rd3.y), _1656);.
	0x20, 0x20, 0x20, 0x20, 0x6f, 0x75, 0x74, 0x2e, 0x5f, 0x65, 0x6e, 0x74, 0x72, 0x79, 0x50, 0x6f, //     out._entryPo
	0x69, 0x6e, 0x74, 0x4f, 0x75, 0x74, 0x70, 0x75, 0x74, 0x5f, 0x76, 0x5f, 0x43, 0x6f, 0x6c, 0x6f, // intOutput_v_Colo
	0x72, 0x20, 0x3d, 0x20, 0x69, 0x6e, 0x2e, 0x61, 0x5f, 0x63, 0x6f, 0x6c, 0x6f, 0x72, 0x30, 0x3b, // r = in.a_color0;
	0x0a, 0x20, 0x20, 0x20, 0x20, 0x6f, 0x75, 0x74, 0x2e, 0x5f, 0x65, 0x6e, 0x74, 0x72, 0x79, 0x50, // .    out._entryP
	0x6f, 0x69, 0x6e, 0x74, 0x4f, 0x75, 0x74, 0x70, 0x75, 0x74, 0x5f, 0x76, 0x5f, 0x50, 0x6f, 0x73, // ointOutput_v_Pos
	0x50, 0x20, 0x3d, 0x20, 0x5f, 0x38, 0x38, 0x36, 0x3b, 0x0a, 0x20, 0x20, 0x20, 0x20, 0x6f, 0x75, // P = _886;.    ou
	0x74, 0x2e, 0x5f, 0x65, 0x6e, 0x74, 0x72, 0x79, 0x50, 0x6f, 0x69, 0x6e, 0x74, 0x4f, 0x75, 0x74, // t._entryPointOut
	0x70, 0x75, 0x74, 0x5f, 0x76, 0x5f, 0x55, 0x56, 0x5f, 0x4f, 0x74, 0x68, 0x65, 0x72, 0x73, 0x20, // put_v_UV_Others 
	0x3d, 0x20, 0x66, 0x6c, 0x6f, 0x61, 0x74, 0x34, 0x28, 0x69, 0x6e, 0x2e, 0x61, 0x5f, 0x74, 0x65, // = float4(in.a_te
	0x78, 0x63, 0x6f, 0x6f, 0x72, 0x64, 0x30, 0x2e, 0x78, 0x2c, 0x20, 0x5f, 0x38, 0x36, 0x38, 0x2c, // xcoord0.x, _868,
	0x20, 0x5f, 0x31, 0x35, 0x37, 0x39, 0x2c, 0x20, 0x69, 0x6e, 0x2e, 0x61, 0x5f, 0x74, 0x65, 0x78, //  _1579, in.a_tex
	0x63, 0x6f, 0x6f, 0x72, 0x64, 0x36, 0x29, 0x3b, 0x0a, 0x20, 0x20, 0x20, 0x20, 0x6f, 0x75, 0x74, // coord6);.    out
	0x2e, 0x5f, 0x65, 0x6e, 0x74, 0x72, 0x79, 0x50, 0x6f, 0x69, 0x6e, 0x74, 0x4f, 0x75, 0x74, 0x70, // ._entryPointOutp
	0x75, 0x74, 0x5f, 0x76, 0x5f, 0x57, 0x6f, 0x72, 0x6c, 0x64, 0x42, 0x20, 0x3d, 0x20, 0x66, 0x6c, // ut_v_WorldB = fl
	0x6f, 0x61, 0x74, 0x34, 0x28, 0x63, 0x72, 0x6f, 0x73, 0x73, 0x28, 0x5f, 0x38, 0x35, 0x31, 0x2c, // oat4(cross(_851,
	0x20, 0x5f, 0x38, 0x35, 0x33, 0x29, 0x2c, 0x20, 0x30, 0x2e, 0x30, 0x29, 0x2e, 0x78, 0x79, 0x7a, //  _853), 0.0).xyz
	0x3b, 0x0a, 0x20, 0x20, 0x20, 0x20, 0x6f, 0x75, 0x74, 0x2e, 0x5f, 0x65, 0x6e, 0x74, 0x72, 0x79, // ;.    out._entry
	0x50, 0x6f, 0x69, 0x6e, 0x74, 0x4f, 0x75, 0x74, 0x70, 0x75, 0x74, 0x5f, 0x76, 0x5f, 0x57, 0x6f, // PointOutput_v_Wo
	0x72, 0x6c, 0x64, 0x4e, 0x20, 0x3d, 0x20, 0x5f, 0x38, 0x35, 0x31, 0x3b, 0x0a, 0x20, 0x20, 0x20, // rldN = _851;.   
	0x20, 0x6f, 0x75, 0x74, 0x2e, 0x5f, 0x65, 0x6e, 0x74, 0x72, 0x79, 0x50, 0x6f, 0x69, 0x6e, 0x74, //  out._entryPoint
	0x4f, 0x75, 0x74, 0x70, 0x75, 0x74, 0x5f, 0x76, 0x5f, 0x57, 0x6f, 0x72, 0x6c, 0x64, 0x54, 0x20, // Output_v_WorldT 
	0x3d, 0x20, 0x5f, 0x38, 0x35, 0x33, 0x3b, 0x0a, 0x20, 0x20, 0x20, 0x20, 0x72, 0x65, 0x74, 0x75, // = _853;.    retu
	0x72, 0x6e, 0x20, 0x6f, 0x75, 0x74, 0x3b, 0x0a, 0x7d, 0x0a, 0x0a, 0x00, 0x0b, 0x05, 0x00, 0x02, // rn out;.}.......
	0x00, 0x01, 0x00, 0x03, 0x00, 0x10, 0x00, 0x11, 0x00, 0x12, 0x00, 0x13, 0x00, 0x14, 0x00, 0x15, // ................
	0x00, 0x16, 0x00, 0x70, 0x00,                                                                   // ...p.
};
