static const uint8_t model_unlit_ps_essl[2703] =
{
	0x46, 0x53, 0x48, 0x0c, 0xa8, 0xa2, 0x07, 0xdd, 0x00, 0x00, 0x00, 0x00, 0x00, 0x00, 0x00, 0x00, // FSH.............
	0x00, 0x00, 0x00, 0x00, 0x08, 0x00, 0x0d, 0x75, 0x5f, 0x66, 0x73, 0x6d, 0x69, 0x73, 0x63, 0x46, // .......u_fsmiscF
	0x6c, 0x61, 0x67, 0x73, 0x02, 0x01, 0x00, 0x00, 0x01, 0x00, 0x00, 0x00, 0x00, 0x00, 0x14, 0x75, // lags...........u
	0x5f, 0x66, 0x73, 0x66, 0x45, 0x6d, 0x69, 0x73, 0x73, 0x69, 0x76, 0x65, 0x53, 0x63, 0x61, 0x6c, // _fsfEmissiveScal
	0x69, 0x6e, 0x67, 0x02, 0x01, 0x00, 0x00, 0x01, 0x00, 0x00, 0x00, 0x00, 0x00, 0x13, 0x75, 0x5f, // ing...........u_
	0x66, 0x73, 0x6d, 0x55, 0x56, 0x49, 0x6e, 0x76, 0x65, 0x72, 0x73, 0x65, 0x64, 0x42, 0x61, 0x63, // fsmUVInversedBac
	0x6b, 0x02, 0x01, 0x00, 0x00, 0x01, 0x00, 0x00, 0x00, 0x00, 0x00, 0x15, 0x75, 0x5f, 0x66, 0x73, // k...........u_fs
	0x73, 0x6f, 0x66, 0x74, 0x50, 0x61, 0x72, 0x74, 0x69, 0x63, 0x6c, 0x65, 0x50, 0x61, 0x72, 0x61, // softParticlePara
	0x6d, 0x02, 0x01, 0x00, 0x00, 0x01, 0x00, 0x00, 0x00, 0x00, 0x00, 0x18, 0x75, 0x5f, 0x66, 0x73, // m...........u_fs
	0x72, 0x65, 0x63, 0x6f, 0x6e, 0x73, 0x74, 0x72, 0x75, 0x63, 0x74, 0x69, 0x6f, 0x6e, 0x50, 0x61, // reconstructionPa
	0x72, 0x61, 0x6d, 0x31, 0x02, 0x01, 0x00, 0x00, 0x01, 0x00, 0x00, 0x00, 0x00, 0x00, 0x18, 0x75, // ram1...........u
	0x5f, 0x66, 0x73, 0x72, 0x65, 0x63, 0x6f, 0x6e, 0x73, 0x74, 0x72, 0x75, 0x63, 0x74, 0x69, 0x6f, // _fsreconstructio
	0x6e, 0x50, 0x61, 0x72, 0x61, 0x6d, 0x32, 0x02, 0x01, 0x00, 0x00, 0x01, 0x00, 0x00, 0x00, 0x00, // nParam2.........
	0x00, 0x0a, 0x73, 0x5f, 0x63, 0x6f, 0x6c, 0x6f, 0x72, 0x54, 0x65, 0x78, 0x00, 0x01, 0x00, 0x00, // ..s_colorTex....
	0x01, 0x00, 0x00, 0x02, 0x00, 0x00, 0x0a, 0x73, 0x5f, 0x64, 0x65, 0x70, 0x74, 0x68, 0x54, 0x65, // .......s_depthTe
	0x78, 0x00, 0x01, 0x00, 0x00, 0x01, 0x00, 0x00, 0x02, 0x00, 0x00, 0x8f, 0x09, 0x00, 0x00, 0x70, // x..............p
	0x72, 0x65, 0x63, 0x69, 0x73, 0x69, 0x6f, 0x6e, 0x20, 0x6d, 0x65, 0x64, 0x69, 0x75, 0x6d, 0x70, // recision mediump
	0x20, 0x66, 0x6c, 0x6f, 0x61, 0x74, 0x3b, 0x0a, 0x70, 0x72, 0x65, 0x63, 0x69, 0x73, 0x69, 0x6f, //  float;.precisio
	0x6e, 0x20, 0x68, 0x69, 0x67, 0x68, 0x70, 0x20, 0x69, 0x6e, 0x74, 0x3b, 0x0a, 0x0a, 0x75, 0x6e, // n highp int;..un
	0x69, 0x66, 0x6f, 0x72, 0x6d, 0x20, 0x68, 0x69, 0x67, 0x68, 0x70, 0x20, 0x76, 0x65, 0x63, 0x34, // iform highp vec4
	0x20, 0x75, 0x5f, 0x66, 0x73, 0x6d, 0x69, 0x73, 0x63, 0x46, 0x6c, 0x61, 0x67, 0x73, 0x3b, 0x0a, //  u_fsmiscFlags;.
	0x75, 0x6e, 0x69, 0x66, 0x6f, 0x72, 0x6d, 0x20, 0x68, 0x69, 0x67, 0x68, 0x70, 0x20, 0x73, 0x61, // uniform highp sa
	0x6d, 0x70, 0x6c, 0x65, 0x72, 0x32, 0x44, 0x20, 0x73, 0x5f, 0x63, 0x6f, 0x6c, 0x6f, 0x72, 0x54, // mpler2D s_colorT
	0x65, 0x78, 0x3b, 0x0a, 0x75, 0x6e, 0x69, 0x66, 0x6f, 0x72, 0x6d, 0x20, 0x68, 0x69, 0x67, 0x68, // ex;.uniform high
	0x70, 0x20, 0x76, 0x65, 0x63, 0x34, 0x20, 0x75, 0x5f, 0x66, 0x73, 0x66, 0x45, 0x6d, 0x69, 0x73, // p vec4 u_fsfEmis
	0x73, 0x69, 0x76, 0x65, 0x53, 0x63, 0x61, 0x6c, 0x69, 0x6e, 0x67, 0x3b, 0x0a, 0x75, 0x6e, 0x69, // siveScaling;.uni
	0x66, 0x6f, 0x72, 0x6d, 0x20, 0x68, 0x69, 0x67, 0x68, 0x70, 0x20, 0x76, 0x65, 0x63, 0x34, 0x20, // form highp vec4 
	0x75, 0x5f, 0x66, 0x73, 0x6d, 0x55, 0x56, 0x49, 0x6e, 0x76, 0x65, 0x72, 0x73, 0x65, 0x64, 0x42, // u_fsmUVInversedB
	0x61, 0x63, 0x6b, 0x3b, 0x0a, 0x75, 0x6e, 0x69, 0x66, 0x6f, 0x72, 0x6d, 0x20, 0x68, 0x69, 0x67, // ack;.uniform hig
	0x68, 0x70, 0x20, 0x76, 0x65, 0x63, 0x34, 0x20, 0x75, 0x5f, 0x66, 0x73, 0x73, 0x6f, 0x66, 0x74, // hp vec4 u_fssoft
	0x50, 0x61, 0x72, 0x74, 0x69, 0x63, 0x6c, 0x65, 0x50, 0x61, 0x72, 0x61, 0x6d, 0x3b, 0x0a, 0x75, // ParticleParam;.u
	0x6e, 0x69, 0x66, 0x6f, 0x72, 0x6d, 0x20, 0x68, 0x69, 0x67, 0x68, 0x70, 0x20, 0x73, 0x61, 0x6d, // niform highp sam
	0x70, 0x6c, 0x65, 0x72, 0x32, 0x44, 0x20, 0x73, 0x5f, 0x64, 0x65, 0x70, 0x74, 0x68, 0x54, 0x65, // pler2D s_depthTe
	0x78, 0x3b, 0x0a, 0x75, 0x6e, 0x69, 0x66, 0x6f, 0x72, 0x6d, 0x20, 0x68, 0x69, 0x67, 0x68, 0x70, // x;.uniform highp
	0x20, 0x76, 0x65, 0x63, 0x34, 0x20, 0x75, 0x5f, 0x66, 0x73, 0x72, 0x65, 0x63, 0x6f, 0x6e, 0x73, //  vec4 u_fsrecons
	0x74, 0x72, 0x75, 0x63, 0x74, 0x69, 0x6f, 0x6e, 0x50, 0x61, 0x72, 0x61, 0x6d, 0x31, 0x3b, 0x0a, // tructionParam1;.
	0x75, 0x6e, 0x69, 0x66, 0x6f, 0x72, 0x6d, 0x20, 0x68, 0x69, 0x67, 0x68, 0x70, 0x20, 0x76, 0x65, // uniform highp ve
	0x63, 0x34, 0x20, 0x75, 0x5f, 0x66, 0x73, 0x72, 0x65, 0x63, 0x6f, 0x6e, 0x73, 0x74, 0x72, 0x75, // c4 u_fsreconstru
	0x63, 0x74, 0x69, 0x6f, 0x6e, 0x50, 0x61, 0x72, 0x61, 0x6d, 0x32, 0x3b, 0x0a, 0x0a, 0x69, 0x6e, // ctionParam2;..in
	0x20, 0x68, 0x69, 0x67, 0x68, 0x70, 0x20, 0x76, 0x65, 0x63, 0x34, 0x20, 0x76, 0x5f, 0x43, 0x6f, //  highp vec4 v_Co
	0x6c, 0x6f, 0x72, 0x3b, 0x0a, 0x69, 0x6e, 0x20, 0x68, 0x69, 0x67, 0x68, 0x70, 0x20, 0x76, 0x65, // lor;.in highp ve
	0x63, 0x32, 0x20, 0x76, 0x5f, 0x55, 0x56, 0x3b, 0x0a, 0x69, 0x6e, 0x20, 0x68, 0x69, 0x67, 0x68, // c2 v_UV;.in high
	0x70, 0x20, 0x76, 0x65, 0x63, 0x34, 0x20, 0x76, 0x5f, 0x50, 0x6f, 0x73, 0x50, 0x3b, 0x0a, 0x6c, // p vec4 v_PosP;.l
	0x61, 0x79, 0x6f, 0x75, 0x74, 0x28, 0x6c, 0x6f, 0x63, 0x61, 0x74, 0x69, 0x6f, 0x6e, 0x20, 0x3d, // ayout(location =
	0x20, 0x30, 0x29, 0x20, 0x6f, 0x75, 0x74, 0x20, 0x68, 0x69, 0x67, 0x68, 0x70, 0x20, 0x76, 0x65, //  0) out highp ve
	0x63, 0x34, 0x20, 0x62, 0x67, 0x66, 0x78, 0x5f, 0x46, 0x72, 0x61, 0x67, 0x43, 0x6f, 0x6c, 0x6f, // c4 bgfx_FragColo
	0x72, 0x3b, 0x0a, 0x0a, 0x76, 0x6f, 0x69, 0x64, 0x20, 0x6d, 0x61, 0x69, 0x6e, 0x28, 0x29, 0x0a, // r;..void main().
	0x7b, 0x0a, 0x20, 0x20, 0x20, 0x20, 0x62, 0x6f, 0x6f, 0x6c, 0x20, 0x5f, 0x35, 0x39, 0x38, 0x3b, // {.    bool _598;
	0x0a, 0x20, 0x20, 0x20, 0x20, 0x68, 0x69, 0x67, 0x68, 0x70, 0x20, 0x76, 0x65, 0x63, 0x34, 0x20, // .    highp vec4 
	0x5f, 0x35, 0x30, 0x36, 0x20, 0x3d, 0x20, 0x74, 0x65, 0x78, 0x74, 0x75, 0x72, 0x65, 0x28, 0x73, // _506 = texture(s
	0x5f, 0x63, 0x6f, 0x6c, 0x6f, 0x72, 0x54, 0x65, 0x78, 0x2c, 0x20, 0x76, 0x5f, 0x55, 0x56, 0x29, // _colorTex, v_UV)
	0x3b, 0x0a, 0x20, 0x20, 0x20, 0x20, 0x68, 0x69, 0x67, 0x68, 0x70, 0x20, 0x76, 0x65, 0x63, 0x34, // ;.    highp vec4
	0x20, 0x5f, 0x38, 0x36, 0x36, 0x3b, 0x0a, 0x20, 0x20, 0x20, 0x20, 0x64, 0x6f, 0x0a, 0x20, 0x20, //  _866;.    do.  
	0x20, 0x20, 0x7b, 0x0a, 0x20, 0x20, 0x20, 0x20, 0x20, 0x20, 0x20, 0x20, 0x5f, 0x35, 0x39, 0x38, //   {.        _598
	0x20, 0x3d, 0x20, 0x75, 0x5f, 0x66, 0x73, 0x6d, 0x69, 0x73, 0x63, 0x46, 0x6c, 0x61, 0x67, 0x73, //  = u_fsmiscFlags
	0x2e, 0x78, 0x20, 0x3d, 0x3d, 0x20, 0x30, 0x2e, 0x30, 0x3b, 0x0a, 0x20, 0x20, 0x20, 0x20, 0x20, // .x == 0.0;.     
	0x20, 0x20, 0x20, 0x69, 0x66, 0x20, 0x28, 0x5f, 0x35, 0x39, 0x38, 0x29, 0x0a, 0x20, 0x20, 0x20, //    if (_598).   
	0x20, 0x20, 0x20, 0x20, 0x20, 0x7b, 0x0a, 0x20, 0x20, 0x20, 0x20, 0x20, 0x20, 0x20, 0x20, 0x20, //      {.         
	0x20, 0x20, 0x20, 0x5f, 0x38, 0x36, 0x36, 0x20, 0x3d, 0x20, 0x5f, 0x35, 0x30, 0x36, 0x3b, 0x0a, //    _866 = _506;.
	0x20, 0x20, 0x20, 0x20, 0x20, 0x20, 0x20, 0x20, 0x20, 0x20, 0x20, 0x20, 0x62, 0x72, 0x65, 0x61, //             brea
	0x6b, 0x3b, 0x0a, 0x20, 0x20, 0x20, 0x20, 0x20, 0x20, 0x20, 0x20, 0x7d, 0x0a, 0x20, 0x20, 0x20, // k;.        }.   
	0x20, 0x20, 0x20, 0x20, 0x20, 0x5f, 0x38, 0x36, 0x36, 0x20, 0x3d, 0x20, 0x76, 0x65, 0x63, 0x34, //      _866 = vec4
	0x28, 0x6d, 0x61, 0x78, 0x28, 0x28, 0x70, 0x6f, 0x77, 0x28, 0x6d, 0x61, 0x78, 0x28, 0x61, 0x62, // (max((pow(max(ab
	0x73, 0x28, 0x5f, 0x35, 0x30, 0x36, 0x2e, 0x78, 0x79, 0x7a, 0x29, 0x2c, 0x20, 0x76, 0x65, 0x63, // s(_506.xyz), vec
	0x33, 0x28, 0x31, 0x2e, 0x31, 0x39, 0x32, 0x30, 0x39, 0x32, 0x38, 0x39, 0x35, 0x35, 0x30, 0x37, // 3(1.192092895507
	0x38, 0x31, 0x32, 0x35, 0x65, 0x2d, 0x30, 0x37, 0x29, 0x29, 0x2c, 0x20, 0x76, 0x65, 0x63, 0x33, // 8125e-07)), vec3
	0x28, 0x30, 0x2e, 0x34, 0x31, 0x36, 0x36, 0x36, 0x36, 0x36, 0x35, 0x36, 0x37, 0x33, 0x32, 0x35, // (0.4166666567325
	0x35, 0x39, 0x32, 0x30, 0x34, 0x31, 0x30, 0x31, 0x35, 0x36, 0x32, 0x35, 0x29, 0x29, 0x20, 0x2a, // 592041015625)) *
	0x20, 0x31, 0x2e, 0x30, 0x35, 0x34, 0x39, 0x39, 0x39, 0x39, 0x34, 0x37, 0x35, 0x34, 0x37, 0x39, //  1.0549999475479
	0x31, 0x32, 0x35, 0x39, 0x37, 0x36, 0x35, 0x36, 0x32, 0x35, 0x29, 0x20, 0x2d, 0x20, 0x76, 0x65, // 1259765625) - ve
	0x63, 0x33, 0x28, 0x30, 0x2e, 0x30, 0x35, 0x34, 0x39, 0x39, 0x39, 0x39, 0x39, 0x39, 0x37, 0x30, // c3(0.05499999970
	0x31, 0x39, 0x37, 0x36, 0x37, 0x37, 0x36, 0x31, 0x32, 0x33, 0x30, 0x34, 0x36, 0x38, 0x37, 0x35, // 1976776123046875
	0x29, 0x2c, 0x20, 0x76, 0x65, 0x63, 0x33, 0x28, 0x30, 0x2e, 0x30, 0x29, 0x29, 0x2c, 0x20, 0x5f, // ), vec3(0.0)), _
	0x35, 0x30, 0x36, 0x2e, 0x77, 0x29, 0x3b, 0x0a, 0x20, 0x20, 0x20, 0x20, 0x20, 0x20, 0x20, 0x20, // 506.w);.        
	0x62, 0x72, 0x65, 0x61, 0x6b, 0x3b, 0x0a, 0x20, 0x20, 0x20, 0x20, 0x7d, 0x20, 0x77, 0x68, 0x69, // break;.    } whi
	0x6c, 0x65, 0x28, 0x66, 0x61, 0x6c, 0x73, 0x65, 0x29, 0x3b, 0x0a, 0x20, 0x20, 0x20, 0x20, 0x68, // le(false);.    h
	0x69, 0x67, 0x68, 0x70, 0x20, 0x76, 0x65, 0x63, 0x34, 0x20, 0x5f, 0x35, 0x31, 0x33, 0x20, 0x3d, // ighp vec4 _513 =
	0x20, 0x5f, 0x38, 0x36, 0x36, 0x20, 0x2a, 0x20, 0x76, 0x5f, 0x43, 0x6f, 0x6c, 0x6f, 0x72, 0x3b, //  _866 * v_Color;
	0x0a, 0x20, 0x20, 0x20, 0x20, 0x68, 0x69, 0x67, 0x68, 0x70, 0x20, 0x76, 0x65, 0x63, 0x33, 0x20, // .    highp vec3 
	0x5f, 0x35, 0x31, 0x39, 0x20, 0x3d, 0x20, 0x5f, 0x35, 0x31, 0x33, 0x2e, 0x78, 0x79, 0x7a, 0x20, // _519 = _513.xyz 
	0x2a, 0x20, 0x75, 0x5f, 0x66, 0x73, 0x66, 0x45, 0x6d, 0x69, 0x73, 0x73, 0x69, 0x76, 0x65, 0x53, // * u_fsfEmissiveS
	0x63, 0x61, 0x6c, 0x69, 0x6e, 0x67, 0x2e, 0x78, 0x3b, 0x0a, 0x20, 0x20, 0x20, 0x20, 0x68, 0x69, // caling.x;.    hi
	0x67, 0x68, 0x70, 0x20, 0x66, 0x6c, 0x6f, 0x61, 0x74, 0x20, 0x5f, 0x35, 0x32, 0x31, 0x20, 0x3d, // ghp float _521 =
	0x20, 0x5f, 0x35, 0x31, 0x39, 0x2e, 0x78, 0x3b, 0x0a, 0x20, 0x20, 0x20, 0x20, 0x68, 0x69, 0x67, //  _519.x;.    hig
	0x68, 0x70, 0x20, 0x76, 0x65, 0x63, 0x34, 0x20, 0x5f, 0x38, 0x33, 0x33, 0x20, 0x3d, 0x20, 0x5f, // hp vec4 _833 = _
	0x35, 0x31, 0x33, 0x3b, 0x0a, 0x20, 0x20, 0x20, 0x20, 0x5f, 0x38, 0x33, 0x33, 0x2e, 0x78, 0x20, // 513;.    _833.x 
	0x3d, 0x20, 0x5f, 0x35, 0x32, 0x31, 0x3b, 0x0a, 0x20, 0x20, 0x20, 0x20, 0x5f, 0x38, 0x33, 0x33, // = _521;.    _833
	0x2e, 0x79, 0x20, 0x3d, 0x20, 0x5f, 0x35, 0x31, 0x39, 0x2e, 0x79, 0x3b, 0x0a, 0x20, 0x20, 0x20, // .y = _519.y;.   
	0x20, 0x5f, 0x38, 0x33, 0x33, 0x2e, 0x7a, 0x20, 0x3d, 0x20, 0x5f, 0x35, 0x31, 0x39, 0x2e, 0x7a, //  _833.z = _519.z
	0x3b, 0x0a, 0x20, 0x20, 0x20, 0x20, 0x68, 0x69, 0x67, 0x68, 0x70, 0x20, 0x76, 0x65, 0x63, 0x34, // ;.    highp vec4
	0x20, 0x5f, 0x35, 0x33, 0x34, 0x20, 0x3d, 0x20, 0x76, 0x5f, 0x50, 0x6f, 0x73, 0x50, 0x20, 0x2f, //  _534 = v_PosP /
	0x20, 0x76, 0x65, 0x63, 0x34, 0x28, 0x76, 0x5f, 0x50, 0x6f, 0x73, 0x50, 0x2e, 0x77, 0x29, 0x3b, //  vec4(v_PosP.w);
	0x0a, 0x20, 0x20, 0x20, 0x20, 0x68, 0x69, 0x67, 0x68, 0x70, 0x20, 0x76, 0x65, 0x63, 0x32, 0x20, // .    highp vec2 
	0x5f, 0x35, 0x34, 0x30, 0x20, 0x3d, 0x20, 0x28, 0x5f, 0x35, 0x33, 0x34, 0x2e, 0x78, 0x79, 0x20, // _540 = (_534.xy 
	0x2b, 0x20, 0x76, 0x65, 0x63, 0x32, 0x28, 0x31, 0x2e, 0x30, 0x29, 0x29, 0x20, 0x2a, 0x20, 0x76, // + vec2(1.0)) * v
	0x65, 0x63, 0x32, 0x28, 0x30, 0x2e, 0x35, 0x29, 0x3b, 0x0a, 0x20, 0x20, 0x20, 0x20, 0x5f, 0x35, // ec2(0.5);.    _5
	0x34, 0x30, 0x2e, 0x79, 0x20, 0x3d, 0x20, 0x75, 0x5f, 0x66, 0x73, 0x6d, 0x55, 0x56, 0x49, 0x6e, // 40.y = u_fsmUVIn
	0x76, 0x65, 0x72, 0x73, 0x65, 0x64, 0x42, 0x61, 0x63, 0x6b, 0x2e, 0x78, 0x20, 0x2b, 0x20, 0x28, // versedBack.x + (
	0x75, 0x5f, 0x66, 0x73, 0x6d, 0x55, 0x56, 0x49, 0x6e, 0x76, 0x65, 0x72, 0x73, 0x65, 0x64, 0x42, // u_fsmUVInversedB
	0x61, 0x63, 0x6b, 0x2e, 0x79, 0x20, 0x2a, 0x20, 0x28, 0x31, 0x2e, 0x30, 0x20, 0x2d, 0x20, 0x5f, // ack.y * (1.0 - _
	0x35, 0x34, 0x30, 0x2e, 0x79, 0x29, 0x29, 0x3b, 0x0a, 0x20, 0x20, 0x20, 0x20, 0x68, 0x69, 0x67, // 540.y));.    hig
	0x68, 0x70, 0x20, 0x76, 0x65, 0x63, 0x34, 0x20, 0x5f, 0x38, 0x36, 0x37, 0x3b, 0x0a, 0x20, 0x20, // hp vec4 _867;.  
	0x20, 0x20, 0x69, 0x66, 0x20, 0x28, 0x75, 0x5f, 0x66, 0x73, 0x73, 0x6f, 0x66, 0x74, 0x50, 0x61, //   if (u_fssoftPa
	0x72, 0x74, 0x69, 0x63, 0x6c, 0x65, 0x50, 0x61, 0x72, 0x61, 0x6d, 0x2e, 0x77, 0x20, 0x21, 0x3d, // rticleParam.w !=
	0x20, 0x30, 0x2e, 0x30, 0x29, 0x0a, 0x20, 0x20, 0x20, 0x20, 0x7b, 0x0a, 0x20, 0x20, 0x20, 0x20, //  0.0).    {.    
	0x20, 0x20, 0x20, 0x20, 0x68, 0x69, 0x67, 0x68, 0x70, 0x20, 0x76, 0x65, 0x63, 0x32, 0x20, 0x5f, //     highp vec2 _
	0x37, 0x30, 0x38, 0x20, 0x3d, 0x20, 0x76, 0x65, 0x63, 0x32, 0x28, 0x28, 0x74, 0x65, 0x78, 0x74, // 708 = vec2((text
	0x75, 0x72, 0x65, 0x28, 0x73, 0x5f, 0x64, 0x65, 0x70, 0x74, 0x68, 0x54, 0x65, 0x78, 0x2c, 0x20, // ure(s_depthTex, 
	0x5f, 0x35, 0x34, 0x30, 0x29, 0x2e, 0x78, 0x20, 0x2a, 0x20, 0x75, 0x5f, 0x66, 0x73, 0x72, 0x65, // _540).x * u_fsre
	0x63, 0x6f, 0x6e, 0x73, 0x74, 0x72, 0x75, 0x63, 0x74, 0x69, 0x6f, 0x6e, 0x50, 0x61, 0x72, 0x61, // constructionPara
	0x6d, 0x31, 0x2e, 0x78, 0x29, 0x20, 0x2b, 0x20, 0x75, 0x5f, 0x66, 0x73, 0x72, 0x65, 0x63, 0x6f, // m1.x) + u_fsreco
	0x6e, 0x73, 0x74, 0x72, 0x75, 0x63, 0x74, 0x69, 0x6f, 0x6e, 0x50, 0x61, 0x72, 0x61, 0x6d, 0x31, // nstructionParam1
	0x2e, 0x79, 0x2c, 0x20, 0x5f, 0x35, 0x33, 0x34, 0x2e, 0x7a, 0x29, 0x3b, 0x0a, 0x20, 0x20, 0x20, // .y, _534.z);.   
	0x20, 0x20, 0x20, 0x20, 0x20, 0x68, 0x69, 0x67, 0x68, 0x70, 0x20, 0x76, 0x65, 0x63, 0x32, 0x20, //      highp vec2 
	0x5f, 0x37, 0x32, 0x35, 0x20, 0x3d, 0x20, 0x28, 0x28, 0x5f, 0x37, 0x30, 0x38, 0x20, 0x2a, 0x20, // _725 = ((_708 * 
	0x75, 0x5f, 0x66, 0x73, 0x72, 0x65, 0x63, 0x6f, 0x6e, 0x73, 0x74, 0x72, 0x75, 0x63, 0x74, 0x69, // u_fsreconstructi
	0x6f, 0x6e, 0x50, 0x61, 0x72, 0x61, 0x6d, 0x32, 0x2e, 0x77, 0x29, 0x20, 0x2d, 0x20, 0x76, 0x65, // onParam2.w) - ve
	0x63, 0x32, 0x28, 0x75, 0x5f, 0x66, 0x73, 0x72, 0x65, 0x63, 0x6f, 0x6e, 0x73, 0x74, 0x72, 0x75, // c2(u_fsreconstru
	0x63, 0x74, 0x69, 0x6f, 0x6e, 0x50, 0x61, 0x72, 0x61, 0x6d, 0x32, 0x2e, 0x79, 0x29, 0x29, 0x20, // ctionParam2.y)) 
	0x2f, 0x20, 0x28, 0x76, 0x65, 0x63, 0x32, 0x28, 0x75, 0x5f, 0x66, 0x73, 0x72, 0x65, 0x63, 0x6f, // / (vec2(u_fsreco
	0x6e, 0x73, 0x74, 0x72, 0x75, 0x63, 0x74, 0x69, 0x6f, 0x6e, 0x50, 0x61, 0x72, 0x61, 0x6d, 0x32, // nstructionParam2
	0x2e, 0x78, 0x29, 0x20, 0x2d, 0x20, 0x28, 0x5f, 0x37, 0x30, 0x38, 0x20, 0x2a, 0x20, 0x75, 0x5f, // .x) - (_708 * u_
	0x66, 0x73, 0x72, 0x65, 0x63, 0x6f, 0x6e, 0x73, 0x74, 0x72, 0x75, 0x63, 0x74, 0x69, 0x6f, 0x6e, // fsreconstruction
	0x50, 0x61, 0x72, 0x61, 0x6d, 0x32, 0x2e, 0x7a, 0x29, 0x29, 0x3b, 0x0a, 0x20, 0x20, 0x20, 0x20, // Param2.z));.    
	0x20, 0x20, 0x20, 0x20, 0x68, 0x69, 0x67, 0x68, 0x70, 0x20, 0x76, 0x65, 0x63, 0x32, 0x20, 0x5f, //     highp vec2 _
	0x37, 0x33, 0x31, 0x20, 0x3d, 0x20, 0x5f, 0x37, 0x32, 0x35, 0x20, 0x2a, 0x20, 0x73, 0x69, 0x67, // 731 = _725 * sig
	0x6e, 0x28, 0x5f, 0x37, 0x32, 0x35, 0x2e, 0x78, 0x29, 0x3b, 0x0a, 0x20, 0x20, 0x20, 0x20, 0x20, // n(_725.x);.     
	0x20, 0x20, 0x20, 0x68, 0x69, 0x67, 0x68, 0x70, 0x20, 0x66, 0x6c, 0x6f, 0x61, 0x74, 0x20, 0x5f, //    highp float _
	0x37, 0x33, 0x35, 0x20, 0x3d, 0x20, 0x5f, 0x37, 0x33, 0x31, 0x2e, 0x79, 0x3b, 0x0a, 0x20, 0x20, // 735 = _731.y;.  
	0x20, 0x20, 0x20, 0x20, 0x20, 0x20, 0x5f, 0x38, 0x36, 0x37, 0x20, 0x3d, 0x20, 0x76, 0x65, 0x63, //       _867 = vec
	0x34, 0x28, 0x5f, 0x35, 0x32, 0x31, 0x2c, 0x20, 0x5f, 0x35, 0x31, 0x39, 0x2e, 0x79, 0x7a, 0x2c, // 4(_521, _519.yz,
	0x20, 0x5f, 0x35, 0x31, 0x33, 0x2e, 0x77, 0x20, 0x2a, 0x20, 0x6d, 0x69, 0x6e, 0x28, 0x6d, 0x61, //  _513.w * min(ma
	0x78, 0x28, 0x6d, 0x69, 0x6e, 0x28, 0x28, 0x5f, 0x37, 0x33, 0x31, 0x2e, 0x78, 0x20, 0x2d, 0x20, // x(min((_731.x - 
	0x5f, 0x37, 0x33, 0x35, 0x29, 0x20, 0x2f, 0x20, 0x75, 0x5f, 0x66, 0x73, 0x73, 0x6f, 0x66, 0x74, // _735) / u_fssoft
	0x50, 0x61, 0x72, 0x74, 0x69, 0x63, 0x6c, 0x65, 0x50, 0x61, 0x72, 0x61, 0x6d, 0x2e, 0x78, 0x2c, // ParticleParam.x,
	0x20, 0x28, 0x5f, 0x37, 0x33, 0x35, 0x20, 0x2d, 0x20, 0x75, 0x5f, 0x66, 0x73, 0x73, 0x6f, 0x66, //  (_735 - u_fssof
	0x74, 0x50, 0x61, 0x72, 0x74, 0x69, 0x63, 0x6c, 0x65, 0x50, 0x61, 0x72, 0x61, 0x6d, 0x2e, 0x7a, // tParticleParam.z
	0x29, 0x20, 0x2f, 0x20, 0x75, 0x5f, 0x66, 0x73, 0x73, 0x6f, 0x66, 0x74, 0x50, 0x61, 0x72, 0x74, // ) / u_fssoftPart
	0x69, 0x63, 0x6c, 0x65, 0x50, 0x61, 0x72, 0x61, 0x6d, 0x2e, 0x79, 0x29, 0x2c, 0x20, 0x30, 0x2e, // icleParam.y), 0.
	0x30, 0x29, 0x2c, 0x20, 0x31, 0x2e, 0x30, 0x29, 0x29, 0x3b, 0x0a, 0x20, 0x20, 0x20, 0x20, 0x7d, // 0), 1.0));.    }
	0x0a, 0x20, 0x20, 0x20, 0x20, 0x65, 0x6c, 0x73, 0x65, 0x0a, 0x20, 0x20, 0x20, 0x20, 0x7b, 0x0a, // .    else.    {.
	0x20, 0x20, 0x20, 0x20, 0x20, 0x20, 0x20, 0x20, 0x5f, 0x38, 0x36, 0x37, 0x20, 0x3d, 0x20, 0x5f, //         _867 = _
	0x38, 0x33, 0x33, 0x3b, 0x0a, 0x20, 0x20, 0x20, 0x20, 0x7d, 0x0a, 0x20, 0x20, 0x20, 0x20, 0x69, // 833;.    }.    i
	0x66, 0x20, 0x28, 0x5f, 0x38, 0x36, 0x37, 0x2e, 0x77, 0x20, 0x3d, 0x3d, 0x20, 0x30, 0x2e, 0x30, // f (_867.w == 0.0
	0x29, 0x0a, 0x20, 0x20, 0x20, 0x20, 0x7b, 0x0a, 0x20, 0x20, 0x20, 0x20, 0x20, 0x20, 0x20, 0x20, // ).    {.        
	0x64, 0x69, 0x73, 0x63, 0x61, 0x72, 0x64, 0x3b, 0x0a, 0x20, 0x20, 0x20, 0x20, 0x7d, 0x0a, 0x20, // discard;.    }. 
	0x20, 0x20, 0x20, 0x68, 0x69, 0x67, 0x68, 0x70, 0x20, 0x76, 0x65, 0x63, 0x34, 0x20, 0x5f, 0x38, //    highp vec4 _8
	0x36, 0x38, 0x3b, 0x0a, 0x20, 0x20, 0x20, 0x20, 0x64, 0x6f, 0x0a, 0x20, 0x20, 0x20, 0x20, 0x7b, // 68;.    do.    {
	0x0a, 0x20, 0x20, 0x20, 0x20, 0x20, 0x20, 0x20, 0x20, 0x69, 0x66, 0x20, 0x28, 0x5f, 0x35, 0x39, // .        if (_59
	0x38, 0x29, 0x0a, 0x20, 0x20, 0x20, 0x20, 0x20, 0x20, 0x20, 0x20, 0x7b, 0x0a, 0x20, 0x20, 0x20, // 8).        {.   
	0x20, 0x20, 0x20, 0x20, 0x20, 0x20, 0x20, 0x20, 0x20, 0x5f, 0x38, 0x36, 0x38, 0x20, 0x3d, 0x20, //          _868 = 
	0x5f, 0x38, 0x36, 0x37, 0x3b, 0x0a, 0x20, 0x20, 0x20, 0x20, 0x20, 0x20, 0x20, 0x20, 0x20, 0x20, // _867;.          
	0x20, 0x20, 0x62, 0x72, 0x65, 0x61, 0x6b, 0x3b, 0x0a, 0x20, 0x20, 0x20, 0x20, 0x20, 0x20, 0x20, //   break;.       
	0x20, 0x7d, 0x0a, 0x20, 0x20, 0x20, 0x20, 0x20, 0x20, 0x20, 0x20, 0x5f, 0x38, 0x36, 0x38, 0x20, //  }.        _868 
	0x3d, 0x20, 0x76, 0x65, 0x63, 0x34, 0x28, 0x6d, 0x69, 0x6e, 0x28, 0x5f, 0x38, 0x36, 0x37, 0x2e, // = vec4(min(_867.
	0x78, 0x79, 0x7a, 0x2c, 0x20, 0x5f, 0x38, 0x36, 0x37, 0x2e, 0x78, 0x79, 0x7a, 0x20, 0x2a, 0x20, // xyz, _867.xyz * 
	0x28, 0x28, 0x5f, 0x38, 0x36, 0x37, 0x2e, 0x78, 0x79, 0x7a, 0x20, 0x2a, 0x20, 0x28, 0x28, 0x5f, // ((_867.xyz * ((_
	0x38, 0x36, 0x37, 0x2e, 0x78, 0x79, 0x7a, 0x20, 0x2a, 0x20, 0x30, 0x2e, 0x33, 0x30, 0x35, 0x33, // 867.xyz * 0.3053
	0x30, 0x36, 0x30, 0x31, 0x37, 0x33, 0x39, 0x38, 0x38, 0x33, 0x34, 0x32, 0x32, 0x38, 0x35, 0x31, // 0601739883422851
	0x35, 0x36, 0x32, 0x35, 0x29, 0x20, 0x2b, 0x20, 0x76, 0x65, 0x63, 0x33, 0x28, 0x30, 0x2e, 0x36, // 5625) + vec3(0.6
	0x38, 0x32, 0x31, 0x37, 0x31, 0x31, 0x30, 0x36, 0x33, 0x33, 0x38, 0x35, 0x30, 0x30, 0x39, 0x37, // 8217110633850097
	0x36, 0x35, 0x36, 0x32, 0x35, 0x29, 0x29, 0x29, 0x20, 0x2b, 0x20, 0x76, 0x65, 0x63, 0x33, 0x28, // 65625))) + vec3(
	0x30, 0x2e, 0x30, 0x31, 0x32, 0x35, 0x32, 0x32, 0x38, 0x37, 0x38, 0x31, 0x32, 0x35, 0x33, 0x30, // 0.01252287812530
	0x39, 0x39, 0x34, 0x34, 0x31, 0x35, 0x32, 0x38, 0x33, 0x32, 0x30, 0x33, 0x31, 0x32, 0x35, 0x29, // 994415283203125)
	0x29, 0x29, 0x2c, 0x20, 0x5f, 0x38, 0x36, 0x37, 0x2e, 0x77, 0x29, 0x3b, 0x0a, 0x20, 0x20, 0x20, // )), _867.w);.   
	0x20, 0x20, 0x20, 0x20, 0x20, 0x62, 0x72, 0x65, 0x61, 0x6b, 0x3b, 0x0a, 0x20, 0x20, 0x20, 0x20, //      break;.    
	0x7d, 0x20, 0x77, 0x68, 0x69, 0x6c, 0x65, 0x28, 0x66, 0x61, 0x6c, 0x73, 0x65, 0x29, 0x3b, 0x0a, // } while(false);.
	0x20, 0x20, 0x20, 0x20, 0x62, 0x67, 0x66, 0x78, 0x5f, 0x46, 0x72, 0x61, 0x67, 0x43, 0x6f, 0x6c, //     bgfx_FragCol
	0x6f, 0x72, 0x20, 0x3d, 0x20, 0x5f, 0x38, 0x36, 0x38, 0x3b, 0x0a, 0x7d, 0x0a, 0x0a, 0x00,       // or = _868;.}...
};
static const uint8_t model_unlit_ps_glsl[2501] =
{
	0x46, 0x53, 0x48, 0x0c, 0xa8, 0xa2, 0x07, 0xdd, 0x00, 0x00, 0x00, 0x00, 0x00, 0x00, 0x00, 0x00, // FSH.............
	0x00, 0x00, 0x00, 0x00, 0x08, 0x00, 0x0d, 0x75, 0x5f, 0x66, 0x73, 0x6d, 0x69, 0x73, 0x63, 0x46, // .......u_fsmiscF
	0x6c, 0x61, 0x67, 0x73, 0x02, 0x01, 0x00, 0x00, 0x01, 0x00, 0x00, 0x00, 0x00, 0x00, 0x14, 0x75, // lags...........u
	0x5f, 0x66, 0x73, 0x66, 0x45, 0x6d, 0x69, 0x73, 0x73, 0x69, 0x76, 0x65, 0x53, 0x63, 0x61, 0x6c, // _fsfEmissiveScal
	0x69, 0x6e, 0x67, 0x02, 0x01, 0x00, 0x00, 0x01, 0x00, 0x00, 0x00, 0x00, 0x00, 0x13, 0x75, 0x5f, // ing...........u_
	0x66, 0x73, 0x6d, 0x55, 0x56, 0x49, 0x6e, 0x76, 0x65, 0x72, 0x73, 0x65, 0x64, 0x42, 0x61, 0x63, // fsmUVInversedBac
	0x6b, 0x02, 0x01, 0x00, 0x00, 0x01, 0x00, 0x00, 0x00, 0x00, 0x00, 0x15, 0x75, 0x5f, 0x66, 0x73, // k...........u_fs
	0x73, 0x6f, 0x66, 0x74, 0x50, 0x61, 0x72, 0x74, 0x69, 0x63, 0x6c, 0x65, 0x50, 0x61, 0x72, 0x61, // softParticlePara
	0x6d, 0x02, 0x01, 0x00, 0x00, 0x01, 0x00, 0x00, 0x00, 0x00, 0x00, 0x18, 0x75, 0x5f, 0x66, 0x73, // m...........u_fs
	0x72, 0x65, 0x63, 0x6f, 0x6e, 0x73, 0x74, 0x72, 0x75, 0x63, 0x74, 0x69, 0x6f, 0x6e, 0x50, 0x61, // reconstructionPa
	0x72, 0x61, 0x6d, 0x31, 0x02, 0x01, 0x00, 0x00, 0x01, 0x00, 0x00, 0x00, 0x00, 0x00, 0x18, 0x75, // ram1...........u
	0x5f, 0x66, 0x73, 0x72, 0x65, 0x63, 0x6f, 0x6e, 0x73, 0x74, 0x72, 0x75, 0x63, 0x74, 0x69, 0x6f, // _fsreconstructio
	0x6e, 0x50, 0x61, 0x72, 0x61, 0x6d, 0x32, 0x02, 0x01, 0x00, 0x00, 0x01, 0x00, 0x00, 0x00, 0x00, // nParam2.........
	0x00, 0x0a, 0x73, 0x5f, 0x63, 0x6f, 0x6c, 0x6f, 0x72, 0x54, 0x65, 0x78, 0x00, 0x01, 0x00, 0x00, // ..s_colorTex....
	0x01, 0x00, 0x00, 0x02, 0x00, 0x00, 0x0a, 0x73, 0x5f, 0x64, 0x65, 0x70, 0x74, 0x68, 0x54, 0x65, // .......s_depthTe
	0x78, 0x00, 0x01, 0x00, 0x00, 0x01, 0x00, 0x00, 0x02, 0x00, 0x00, 0xc5, 0x08, 0x00, 0x00, 0x0a, // x...............
	0x75, 0x6e, 0x69, 0x66, 0x6f, 0x72, 0x6d, 0x20, 0x76, 0x65, 0x63, 0x34, 0x20, 0x75, 0x5f, 0x66, // uniform vec4 u_f
	0x73, 0x6d, 0x69, 0x73, 0x63, 0x46, 0x6c, 0x61, 0x67, 0x73, 0x3b, 0x0a, 0x75, 0x6e, 0x69, 0x66, // smiscFlags;.unif
	0x6f, 0x72, 0x6d, 0x20, 0x73, 0x61, 0x6d, 0x70, 0x6c, 0x65, 0x72, 0x32, 0x44, 0x20, 0x73, 0x5f, // orm sampler2D s_
	0x63, 0x6f, 0x6c, 0x6f, 0x72, 0x54, 0x65, 0x78, 0x3b, 0x0a, 0x75, 0x6e, 0x69, 0x66, 0x6f, 0x72, // colorTex;.unifor
	0x6d, 0x20, 0x76, 0x65, 0x63, 0x34, 0x20, 0x75, 0x5f, 0x66, 0x73, 0x66, 0x45, 0x6d, 0x69, 0x73, // m vec4 u_fsfEmis
	0x73, 0x69, 0x76, 0x65, 0x53, 0x63, 0x61, 0x6c, 0x69, 0x6e, 0x67, 0x3b, 0x0a, 0x75, 0x6e, 0x69, // siveScaling;.uni
	0x66, 0x6f, 0x72, 0x6d, 0x20, 0x76, 0x65, 0x63, 0x34, 0x20, 0x75, 0x5f, 0x66, 0x73, 0x6d, 0x55, // form vec4 u_fsmU
	0x56, 0x49, 0x6e, 0x76, 0x65, 0x72, 0x73, 0x65, 0x64, 0x42, 0x61, 0x63, 0x6b, 0x3b, 0x0a, 0x75, // VInversedBack;.u
	0x6e, 0x69, 0x66, 0x6f, 0x72, 0x6d, 0x20, 0x76, 0x65, 0x63, 0x34, 0x20, 0x75, 0x5f, 0x66, 0x73, // niform vec4 u_fs
	0x73, 0x6f, 0x66, 0x74, 0x50, 0x61, 0x72, 0x74, 0x69, 0x63, 0x6c, 0x65, 0x50, 0x61, 0x72, 0x61, // softParticlePara
	0x6d, 0x3b, 0x0a, 0x75, 0x6e, 0x69, 0x66, 0x6f, 0x72, 0x6d, 0x20, 0x73, 0x61, 0x6d, 0x70, 0x6c, // m;.uniform sampl
	0x65, 0x72, 0x32, 0x44, 0x20, 0x73, 0x5f, 0x64, 0x65, 0x70, 0x74, 0x68, 0x54, 0x65, 0x78, 0x3b, // er2D s_depthTex;
	0x0a, 0x75, 0x6e, 0x69, 0x66, 0x6f, 0x72, 0x6d, 0x20, 0x76, 0x65, 0x63, 0x34, 0x20, 0x75, 0x5f, // .uniform vec4 u_
	0x66, 0x73, 0x72, 0x65, 0x63, 0x6f, 0x6e, 0x73, 0x74, 0x72, 0x75, 0x63, 0x74, 0x69, 0x6f, 0x6e, // fsreconstruction
	0x50, 0x61, 0x72, 0x61, 0x6d, 0x31, 0x3b, 0x0a, 0x75, 0x6e, 0x69, 0x66, 0x6f, 0x72, 0x6d, 0x20, // Param1;.uniform 
	0x76, 0x65, 0x63, 0x34, 0x20, 0x75, 0x5f, 0x66, 0x73, 0x72, 0x65, 0x63, 0x6f, 0x6e, 0x73, 0x74, // vec4 u_fsreconst
	0x72, 0x75, 0x63, 0x74, 0x69, 0x6f, 0x6e, 0x50, 0x61, 0x72, 0x61, 0x6d, 0x32, 0x3b, 0x0a, 0x0a, // ructionParam2;..
	0x69, 0x6e, 0x20, 0x76, 0x65, 0x63, 0x34, 0x20, 0x76, 0x5f, 0x43, 0x6f, 0x6c, 0x6f, 0x72, 0x3b, // in vec4 v_Color;
	0x0a, 0x69, 0x6e, 0x20, 0x76, 0x65, 0x63, 0x32, 0x20, 0x76, 0x5f, 0x55, 0x56, 0x3b, 0x0a, 0x69, // .in vec2 v_UV;.i
	0x6e, 0x20, 0x76, 0x65, 0x63, 0x34, 0x20, 0x76, 0x5f, 0x50, 0x6f, 0x73, 0x50, 0x3b, 0x0a, 0x6c, // n vec4 v_PosP;.l
	0x61, 0x79, 0x6f, 0x75, 0x74, 0x28, 0x6c, 0x6f, 0x63, 0x61, 0x74, 0x69, 0x6f, 0x6e, 0x20, 0x3d, // ayout(location =
	0x20, 0x30, 0x29, 0x20, 0x6f, 0x75, 0x74, 0x20, 0x76, 0x65, 0x63, 0x34, 0x20, 0x62, 0x67, 0x66, //  0) out vec4 bgf
	0x78, 0x5f, 0x46, 0x72, 0x61, 0x67, 0x43, 0x6f, 0x6c, 0x6f, 0x72, 0x3b, 0x0a, 0x0a, 0x76, 0x6f, // x_FragColor;..vo
	0x69, 0x64, 0x20, 0x6d, 0x61, 0x69, 0x6e, 0x28, 0x29, 0x0a, 0x7b, 0x0a, 0x20, 0x20, 0x20, 0x20, // id main().{.    
	0x62, 0x6f, 0x6f, 0x6c, 0x20, 0x5f, 0x35, 0x39, 0x38, 0x3b, 0x0a, 0x20, 0x20, 0x20, 0x20, 0x76, // bool _598;.    v
	0x65, 0x63, 0x34, 0x20, 0x5f, 0x35, 0x30, 0x36, 0x20, 0x3d, 0x20, 0x74, 0x65, 0x78, 0x74, 0x75, // ec4 _506 = textu
	0x72, 0x65, 0x28, 0x73, 0x5f, 0x63, 0x6f, 0x6c, 0x6f, 0x72, 0x54, 0x65, 0x78, 0x2c, 0x20, 0x76, // re(s_colorTex, v
	0x5f, 0x55, 0x56, 0x29, 0x3b, 0x0a, 0x20, 0x20, 0x20, 0x20, 0x76, 0x65, 0x63, 0x34, 0x20, 0x5f, // _UV);.    vec4 _
	0x38, 0x36, 0x36, 0x3b, 0x0a, 0x20, 0x20, 0x20, 0x20, 0x64, 0x6f, 0x0a, 0x20, 0x20, 0x20, 0x20, // 866;.    do.    
	0x7b, 0x0a, 0x20, 0x20, 0x20, 0x20, 0x20, 0x20, 0x20, 0x20, 0x5f, 0x35, 0x39, 0x38, 0x20, 0x3d, // {.        _598 =
	0x20, 0x75, 0x5f, 0x66, 0x73, 0x6d, 0x69, 0x73, 0x63, 0x46, 0x6c, 0x61, 0x67, 0x73, 0x2e, 0x78, //  u_fsmiscFlags.x
	0x20, 0x3d, 0x3d, 0x20, 0x30, 0x2e, 0x30, 0x3b, 0x0a, 0x20, 0x20, 0x20, 0x20, 0x20, 0x20, 0x20, //  == 0.0;.       
	0x20, 0x69, 0x66, 0x20, 0x28, 0x5f, 0x35, 0x39, 0x38, 0x29, 0x0a, 0x20, 0x20, 0x20, 0x20, 0x20, //  if (_598).     
	0x20, 0x20, 0x20, 0x7b, 0x0a, 0x20, 0x20, 0x20, 0x20, 0x20, 0x20, 0x20, 0x20, 0x20, 0x20, 0x20, //    {.           
	0x20, 0x5f, 0x38, 0x36, 0x36, 0x20, 0x3d, 0x20, 0x5f, 0x35, 0x30, 0x36, 0x3b, 0x0a, 0x20, 0x20, //  _866 = _506;.  
	0x20, 0x20, 0x20, 0x20, 0x20, 0x20, 0x20, 0x20, 0x20, 0x20, 0x62, 0x72, 0x65, 0x61, 0x6b, 0x3b, //           break;
	0x0a, 0x20, 0x20, 0x20, 0x20, 0x20, 0x20, 0x20, 0x20, 0x7d, 0x0a, 0x20, 0x20, 0x20, 0x20, 0x20, // .        }.     
	0x20, 0x20, 0x20, 0x5f, 0x38, 0x36, 0x36, 0x20, 0x3d, 0x20, 0x76, 0x65, 0x63, 0x34, 0x28, 0x6d, //    _866 = vec4(m
	0x61, 0x78, 0x28, 0x28, 0x70, 0x6f, 0x77, 0x28, 0x6d, 0x61, 0x78, 0x28, 0x61, 0x62, 0x73, 0x28, // ax((pow(max(abs(
	0x5f, 0x35, 0x30, 0x36, 0x2e, 0x78, 0x79, 0x7a, 0x29, 0x2c, 0x20, 0x76, 0x65, 0x63, 0x33, 0x28, // _506.xyz), vec3(
	0x31, 0x2e, 0x31, 0x39, 0x32, 0x30, 0x39, 0x32, 0x38, 0x39, 0x35, 0x35, 0x30, 0x37, 0x38, 0x31, // 1.19209289550781
	0x32, 0x35, 0x65, 0x2d, 0x30, 0x37, 0x29, 0x29, 0x2c, 0x20, 0x76, 0x65, 0x63, 0x33, 0x28, 0x30, // 25e-07)), vec3(0
	0x2e, 0x34, 0x31, 0x36, 0x36, 0x36, 0x36, 0x36, 0x35, 0x36, 0x37, 0x33, 0x32, 0x35, 0x35, 0x39, // .416666656732559
	0x32, 0x30, 0x34, 0x31, 0x30, 0x31, 0x35, 0x36, 0x32, 0x35, 0x29, 0x29, 0x20, 0x2a, 0x20, 0x31, // 2041015625)) * 1
	0x2e, 0x30, 0x35, 0x34, 0x39, 0x39, 0x39, 0x39, 0x34, 0x37, 0x35, 0x34, 0x37, 0x39, 0x31, 0x32, // .054999947547912
	0x35, 0x39, 0x37, 0x36, 0x35, 0x36, 0x32, 0x35, 0x29, 0x20, 0x2d, 0x20, 0x76, 0x65, 0x63, 0x33, // 59765625) - vec3
	0x28, 0x30, 0x2e, 0x30, 0x35, 0x34, 0x39, 0x39, 0x39, 0x39, 0x39, 0x39, 0x37, 0x30, 0x31, 0x39, // (0.0549999997019
	0x37, 0x36, 0x37, 0x37, 0x36, 0x31, 0x32, 0x33, 0x30, 0x34, 0x36, 0x38, 0x37, 0x35, 0x29, 0x2c, // 76776123046875),
	0x20, 0x76, 0x65, 0x63, 0x33, 0x28, 0x30, 0x2e, 0x30, 0x29, 0x29, 0x2c, 0x20, 0x5f, 0x35, 0x30, //  vec3(0.0)), _50
	0x36, 0x2e, 0x77, 0x29, 0x3b, 0x0a, 0x20, 0x20, 0x20, 0x20, 0x20, 0x20, 0x20, 0x20, 0x62, 0x72, // 6.w);.        br
	0x65, 0x61, 0x6b, 0x3b, 0x0a, 0x20, 0x20, 0x20, 0x20, 0x7d, 0x20, 0x77, 0x68, 0x69, 0x6c, 0x65, // eak;.    } while
	0x28, 0x66, 0x61, 0x6c, 0x73, 0x65, 0x29, 0x3b, 0x0a, 0x20, 0x20, 0x20, 0x20, 0x76, 0x65, 0x63, // (false);.    vec
	0x34, 0x20, 0x5f, 0x35, 0x31, 0x33, 0x20, 0x3d, 0x20, 0x5f, 0x38, 0x36, 0x36, 0x20, 0x2a, 0x20, // 4 _513 = _866 * 
	0x76, 0x5f, 0x43, 0x6f, 0x6c, 0x6f, 0x72, 0x3b, 0x0a, 0x20, 0x20, 0x20, 0x20, 0x76, 0x65, 0x63, // v_Color;.    vec
	0x33, 0x20, 0x5f, 0x35, 0x31, 0x39, 0x20, 0x3d, 0x20, 0x5f, 0x35, 0x31, 0x33, 0x2e, 0x78, 0x79, // 3 _519 = _513.xy
	0x7a, 0x20, 0x2a, 0x20, 0x75, 0x5f, 0x66, 0x73, 0x66, 0x45, 0x6d, 0x69, 0x73, 0x73, 0x69, 0x76, // z * u_fsfEmissiv
	0x65, 0x53, 0x63, 0x61, 0x6c, 0x69, 0x6e, 0x67, 0x2e, 0x78, 0x3b, 0x0a, 0x20, 0x20, 0x20, 0x20, // eScaling.x;.    
	0x66, 0x6c, 0x6f, 0x61, 0x74, 0x20, 0x5f, 0x35, 0x32, 0x31, 0x20, 0x3d, 0x20, 0x5f, 0x35, 0x31, // float _521 = _51
	0x39, 0x2e, 0x78, 0x3b, 0x0a, 0x20, 0x20, 0x20, 0x20, 0x76, 0x65, 0x63, 0x34, 0x20, 0x5f, 0x38, // 9.x;.    vec4 _8
	0x33, 0x33, 0x20, 0x3d, 0x20, 0x5f, 0x35, 0x31, 0x33, 0x3b, 0x0a, 0x20, 0x20, 0x20, 0x20, 0x5f, // 33 = _513;.    _
	0x38, 0x33, 0x33, 0x2e, 0x78, 0x20, 0x3d, 0x20, 0x5f, 0x35, 0x32, 0x31, 0x3b, 0x0a, 0x20, 0x20, // 833.x = _521;.  
	0x20, 0x20, 0x5f, 0x38, 0x33, 0x33, 0x2e, 0x79, 0x20, 0x3d, 0x20, 0x5f, 0x35, 0x31, 0x39, 0x2e, //   _833.y = _519.
	0x79, 0x3b, 0x0a, 0x20, 0x20, 0x20, 0x20, 0x5f, 0x38, 0x33, 0x33, 0x2e, 0x7a, 0x20, 0x3d, 0x20, // y;.    _833.z = 
	0x5f, 0x35, 0x31, 0x39, 0x2e, 0x7a, 0x3b, 0x0a, 0x20, 0x20, 0x20, 0x20, 0x76, 0x65, 0x63, 0x34, // _519.z;.    vec4
	0x20, 0x5f, 0x35, 0x33, 0x34, 0x20, 0x3d, 0x20, 0x76, 0x5f, 0x50, 0x6f, 0x73, 0x50, 0x20, 0x2f, //  _534 = v_PosP /
	0x20, 0x76, 0x65, 0x63, 0x34, 0x28, 0x76, 0x5f, 0x50, 0x6f, 0x73, 0x50, 0x2e, 0x77, 0x29, 0x3b, //  vec4(v_PosP.w);
	0x0a, 0x20, 0x20, 0x20, 0x20, 0x76, 0x65, 0x63, 0x32, 0x20, 0x5f, 0x35, 0x34, 0x30, 0x20, 0x3d, // .    vec2 _540 =
	0x20, 0x28, 0x5f, 0x35, 0x33, 0x34, 0x2e, 0x78, 0x79, 0x20, 0x2b, 0x20, 0x76, 0x65, 0x63, 0x32, //  (_534.xy + vec2
	0x28, 0x31, 0x2e, 0x30, 0x29, 0x29, 0x20, 0x2a, 0x20, 0x76, 0x65, 0x63, 0x32, 0x28, 0x30, 0x2e, // (1.0)) * vec2(0.
	0x35, 0x29, 0x3b, 0x0a, 0x20, 0x20, 0x20, 0x20, 0x5f, 0x35, 0x34, 0x30, 0x2e, 0x79, 0x20, 0x3d, // 5);.    _540.y =
	0x20, 0x75, 0x5f, 0x66, 0x73, 0x6d, 0x55, 0x56, 0x49, 0x6e, 0x76, 0x65, 0x72, 0x73, 0x65, 0x64, //  u_fsmUVInversed
	0x42, 0x61, 0x63, 0x6b, 0x2e, 0x78, 0x20, 0x2b, 0x20, 0x28, 0x75, 0x5f, 0x66, 0x73, 0x6d, 0x55, // Back.x + (u_fsmU
	0x56, 0x49, 0x6e, 0x76, 0x65, 0x72, 0x73, 0x65, 0x64, 0x42, 0x61, 0x63, 0x6b, 0x2e, 0x79, 0x20, // VInversedBack.y 
	0x2a, 0x20, 0x28, 0x31, 0x2e, 0x30, 0x20, 0x2d, 0x20, 0x5f, 0x35, 0x34, 0x30, 0x2e, 0x79, 0x29, // * (1.0 - _540.y)
	0x29, 0x3b, 0x0a, 0x20, 0x20, 0x20, 0x20, 0x76, 0x65, 0x63, 0x34, 0x20, 0x5f, 0x38, 0x36, 0x37, // );.    vec4 _867
	0x3b, 0x0a, 0x20, 0x20, 0x20, 0x20, 0x69, 0x66, 0x20, 0x28, 0x75, 0x5f, 0x66, 0x73, 0x73, 0x6f, // ;.    if (u_fsso
	0x66, 0x74, 0x50, 0x61, 0x72, 0x74, 0x69, 0x63, 0x6c, 0x65, 0x50, 0x61, 0x72, 0x61, 0x6d, 0x2e, // ftParticleParam.
	0x77, 0x20, 0x21, 0x3d, 0x20, 0x30, 0x2e, 0x30, 0x29, 0x0a, 0x20, 0x20, 0x20, 0x20, 0x7b, 0x0a, // w != 0.0).    {.
	0x20, 0x20, 0x20, 0x20, 0x20, 0x20, 0x20, 0x20, 0x76, 0x65, 0x63, 0x32, 0x20, 0x5f, 0x37, 0x30, //         vec2 _70
	0x38, 0x20, 0x3d, 0x20, 0x76, 0x65, 0x63, 0x32, 0x28, 0x28, 0x74, 0x65, 0x78, 0x74, 0x75, 0x72, // 8 = vec2((textur
	0x65, 0x28, 0x73, 0x5f, 0x64, 0x65, 0x70, 0x74, 0x68, 0x54, 0x65, 0x78, 0x2c, 0x20, 0x5f, 0x35, // e(s_depthTex, _5
	0x34, 0x30, 0x29, 0x2e, 0x78, 0x20, 0x2a, 0x20, 0x75, 0x5f, 0x66, 0x73, 0x72, 0x65, 0x63, 0x6f, // 40).x * u_fsreco
	0x6e, 0x73, 0x74, 0x72, 0x75, 0x63, 0x74, 0x69, 0x6f, 0x6e, 0x50, 0x61, 0x72, 0x61, 0x6d, 0x31, // nstructionParam1
	0x2e, 0x78, 0x29, 0x20, 0x2b, 0x20, 0x75, 0x5f, 0x66, 0x73, 0x72, 0x65, 0x63, 0x6f, 0x6e, 0x73, // .x) + u_fsrecons
	0x74, 0x72, 0x75, 0x63, 0x74, 0x69, 0x6f, 0x6e, 0x50, 0x61, 0x72, 0x61, 0x6d, 0x31, 0x2e, 0x79, // tructionParam1.y
	0x2c, 0x20, 0x5f, 0x35, 0x33, 0x34, 0x2e, 0x7a, 0x29, 0x3b, 0x0a, 0x20, 0x20, 0x20, 0x20, 0x20, // , _534.z);.     
	0x20, 0x20, 0x20, 0x76, 0x65, 0x63, 0x32, 0x20, 0x5f, 0x37, 0x32, 0x35, 0x20, 0x3d, 0x20, 0x28, //    vec2 _725 = (
	0x28, 0x5f, 0x37, 0x30, 0x38, 0x20, 0x2a, 0x20, 0x75, 0x5f, 0x66, 0x73, 0x72, 0x65, 0x63, 0x6f, // (_708 * u_fsreco
	0x6e, 0x73, 0x74, 0x72, 0x75, 0x63, 0x74, 0x69, 0x6f, 0x6e, 0x50, 0x61, 0x72, 0x61, 0x6d, 0x32, // nstructionParam2
	0x2e, 0x77, 0x29, 0x20, 0x2d, 0x20, 0x76, 0x65, 0x63, 0x32, 0x28, 0x75, 0x5f, 0x66, 0x73, 0x72, // .w) - vec2(u_fsr
	0x65, 0x63, 0x6f, 0x6e, 0x73, 0x74, 0x72, 0x75, 0x63, 0x74, 0x69, 0x6f, 0x6e, 0x50, 0x61, 0x72, // econstructionPar
	0x61, 0x6d, 0x32, 0x2e, 0x79, 0x29, 0x29, 0x20, 0x2f, 0x20, 0x28, 0x76, 0x65, 0x63, 0x32, 0x28, // am2.y)) / (vec2(
	0x75, 0x5f, 0x66, 0x73, 0x72, 0x65, 0x63, 0x6f, 0x6e, 0x73, 0x74, 0x72, 0x75, 0x63, 0x74, 0x69, // u_fsreconstructi
	0x6f, 0x6e, 0x50, 0x61, 0x72, 0x61, 0x6d, 0x32, 0x2e, 0x78, 0x29, 0x20, 0x2d, 0x20, 0x28, 0x5f, // onParam2.x) - (_
	0x37, 0x30, 0x38, 0x20, 0x2a, 0x20, 0x75, 0x5f, 0x66, 0x73, 0x72, 0x65, 0x63, 0x6f, 0x6e, 0x73, // 708 * u_fsrecons
	0x74, 0x72, 0x75, 0x63, 0x74, 0x69, 0x6f, 0x6e, 0x50, 0x61, 0x72, 0x61, 0x6d, 0x32, 0x2e, 0x7a, // tructionParam2.z
	0x29, 0x29, 0x3b, 0x0a, 0x20, 0x20, 0x20, 0x20, 0x20, 0x20, 0x20, 0x20, 0x76, 0x65, 0x63, 0x32, // ));.        vec2
	0x20, 0x5f, 0x37, 0x33, 0x31, 0x20, 0x3d, 0x20, 0x5f, 0x37, 0x32, 0x35, 0x20, 0x2a, 0x20, 0x73, //  _731 = _725 * s
	0x69, 0x67, 0x6e, 0x28, 0x5f, 0x37, 0x32, 0x35, 0x2e, 0x78, 0x29, 0x3b, 0x0a, 0x20, 0x20, 0x20, // ign(_725.x);.   
	0x20, 0x20, 0x20, 0x20, 0x20, 0x66, 0x6c, 0x6f, 0x61, 0x74, 0x20, 0x5f, 0x37, 0x33, 0x35, 0x20, //      float _735 
	0x3d, 0x20, 0x5f, 0x37, 0x33, 0x31, 0x2e, 0x79, 0x3b, 0x0a, 0x20, 0x20, 0x20, 0x20, 0x20, 0x20, // = _731.y;.      
	0x20, 0x20, 0x5f, 0x38, 0x36, 0x37, 0x20, 0x3d, 0x20, 0x76, 0x65, 0x63, 0x34, 0x28, 0x5f, 0x35, //   _867 = vec4(_5
	0x32, 0x31, 0x2c, 0x20, 0x5f, 0x35, 0x31, 0x39, 0x2e, 0x79, 0x7a, 0x2c, 0x20, 0x5f, 0x35, 0x31, // 21, _519.yz, _51
	0x33, 0x2e, 0x77, 0x20, 0x2a, 0x20, 0x6d, 0x69, 0x6e, 0x28, 0x6d, 0x61, 0x78, 0x28, 0x6d, 0x69, // 3.w * min(max(mi
	0x6e, 0x28, 0x28, 0x5f, 0x37, 0x33, 0x31, 0x2e, 0x78, 0x20, 0x2d, 0x20, 0x5f, 0x37, 0x33, 0x35, // n((_731.x - _735
	0x29, 0x20, 0x2f, 0x20, 0x75, 0x5f, 0x66, 0x73, 0x73, 0x6f, 0x66, 0x74, 0x50, 0x61, 0x72, 0x74, // ) / u_fssoftPart
	0x69, 0x63, 0x6c, 0x65, 0x50, 0x61, 0x72, 0x61, 0x6d, 0x2e, 0x78, 0x2c, 0x20, 0x28, 0x5f, 0x37, // icleParam.x, (_7
	0x33, 0x35, 0x20, 0x2d, 0x20, 0x75, 0x5f, 0x66, 0x73, 0x73, 0x6f, 0x66, 0x74, 0x50, 0x61, 0x72, // 35 - u_fssoftPar
	0x74, 0x69, 0x63, 0x6c, 0x65, 0x50, 0x61, 0x72, 0x61, 0x6d, 0x2e, 0x7a, 0x29, 0x20, 0x2f, 0x20, // ticleParam.z) / 
	0x75, 0x5f, 0x66, 0x73, 0x73, 0x6f, 0x66, 0x74, 0x50, 0x61, 0x72, 0x74, 0x69, 0x63, 0x6c, 0x65, // u_fssoftParticle
	0x50, 0x61, 0x72, 0x61, 0x6d, 0x2e, 0x79, 0x29, 0x2c, 0x20, 0x30, 0x2e, 0x30, 0x29, 0x2c, 0x20, // Param.y), 0.0), 
	0x31, 0x2e, 0x30, 0x29, 0x29, 0x3b, 0x0a, 0x20, 0x20, 0x20, 0x20, 0x7d, 0x0a, 0x20, 0x20, 0x20, // 1.0));.    }.   
	0x20, 0x65, 0x6c, 0x73, 0x65, 0x0a, 0x20, 0x20, 0x20, 0x20, 0x7b, 0x0a, 0x20, 0x20, 0x20, 0x20, //  else.    {.    
	0x20, 0x20, 0x20, 0x20, 0x5f, 0x38, 0x36, 0x37, 0x20, 0x3d, 0x20, 0x5f, 0x38, 0x33, 0x33, 0x3b, //     _867 = _833;
	0x0a, 0x20, 0x20, 0x20, 0x20, 0x7d, 0x0a, 0x20, 0x20, 0x20, 0x20, 0x69, 0x66, 0x20, 0x28, 0x5f, // .    }.    if (_
	0x38, 0x36, 0x37, 0x2e, 0x77, 0x20, 0x3d, 0x3d, 0x20, 0x30, 0x2e, 0x30, 0x29, 0x0a, 0x20, 0x20, // 867.w == 0.0).  
	0x20, 0x20, 0x7b, 0x0a, 0x20, 0x20, 0x20, 0x20, 0x20, 0x20, 0x20, 0x20, 0x64, 0x69, 0x73, 0x63, //   {.        disc
	0x61, 0x72, 0x64, 0x3b, 0x0a, 0x20, 0x20, 0x20, 0x20, 0x7d, 0x0a, 0x20, 0x20, 0x20, 0x20, 0x76, // ard;.    }.    v
	0x65, 0x63, 0x34, 0x20, 0x5f, 0x38, 0x36, 0x38, 0x3b, 0x0a, 0x20, 0x20, 0x20, 0x20, 0x64, 0x6f, // ec4 _868;.    do
	0x0a, 0x20, 0x20, 0x20, 0x20, 0x7b, 0x0a, 0x20, 0x20, 0x20, 0x20, 0x20, 0x20, 0x20, 0x20, 0x69, // .    {.        i
	0x66, 0x20, 0x28, 0x5f, 0x35, 0x39, 0x38, 0x29, 0x0a, 0x20, 0x20, 0x20, 0x20, 0x20, 0x20, 0x20, // f (_598).       
	0x20, 0x7b, 0x0a, 0x20, 0x20, 0x20, 0x20, 0x20, 0x20, 0x20, 0x20, 0x20, 0x20, 0x20, 0x20, 0x5f, //  {.            _
	0x38, 0x36, 0x38, 0x20, 0x3d, 0x20, 0x5f, 0x38, 0x36, 0x37, 0x3b, 0x0a, 0x20, 0x20, 0x20, 0x20, // 868 = _867;.    
	0x20, 0x20, 0x20, 0x20, 0x20, 0x20, 0x20, 0x20, 0x62, 0x72, 0x65, 0x61, 0x6b, 0x3b, 0x0a, 0x20, //         break;. 
	0x20, 0x20, 0x20, 0x20, 0x20, 0x20, 0x20, 0x7d, 0x0a, 0x20, 0x20, 0x20, 0x20, 0x20, 0x20, 0x20, //        }.       
	0x20, 0x5f, 0x38, 0x36, 0x38, 0x20, 0x3d, 0x20, 0x76, 0x65, 0x63, 0x34, 0x28, 0x6d, 0x69, 0x6e, //  _868 = vec4(min
	0x28, 0x5f, 0x38, 0x36, 0x37, 0x2e, 0x78, 0x79, 0x7a, 0x2c, 0x20, 0x5f, 0x38, 0x36, 0x37, 0x2e, // (_867.xyz, _867.
	0x78, 0x79, 0x7a, 0x20, 0x2a, 0x20, 0x28, 0x28, 0x5f, 0x38, 0x36, 0x37, 0x2e, 0x78, 0x79, 0x7a, // xyz * ((_867.xyz
	0x20, 0x2a, 0x20, 0x28, 0x28, 0x5f, 0x38, 0x36, 0x37, 0x2e, 0x78, 0x79, 0x7a, 0x20, 0x2a, 0x20, //  * ((_867.xyz * 
	0x30, 0x2e, 0x33, 0x30, 0x35, 0x33, 0x30, 0x36, 0x30, 0x31, 0x37, 0x33, 0x39, 0x38, 0x38, 0x33, // 0.30530601739883
	0x34, 0x32, 0x32, 0x38, 0x35, 0x31, 0x35, 0x36, 0x32, 0x35, 0x29, 0x20, 0x2b, 0x20, 0x76, 0x65, // 4228515625) + ve
	0x63, 0x33, 0x28, 0x30, 0x2e, 0x36, 0x38, 0x32, 0x31, 0x37, 0x31, 0x31, 0x30, 0x36, 0x33, 0x33, // c3(0.68217110633
	0x38, 0x35, 0x30, 0x30, 0x39, 0x37, 0x36, 0x35, 0x36, 0x32, 0x35, 0x29, 0x29, 0x29, 0x20, 0x2b, // 85009765625))) +
	0x20, 0x76, 0x65, 0x63, 0x33, 0x28, 0x30, 0x2e, 0x30, 0x31, 0x32, 0x35, 0x32, 0x32, 0x38, 0x37, //  vec3(0.01252287
	0x38, 0x31, 0x32, 0x35, 0x33, 0x30, 0x39, 0x39, 0x34, 0x34, 0x31, 0x35, 0x32, 0x38, 0x33, 0x32, // 8125309944152832
	0x30, 0x33, 0x31, 0x32, 0x35, 0x29, 0x29, 0x29, 0x2c, 0x20, 0x5f, 0x38, 0x36, 0x37, 0x2e, 0x77, // 03125))), _867.w
	0x29, 0x3b, 0x0a, 0x20, 0x20, 0x20, 0x20, 0x20, 0x20, 0x20, 0x20, 0x62, 0x72, 0x65, 0x61, 0x6b, // );.        break
	0x3b, 0x0a, 0x20, 0x20, 0x20, 0x20, 0x7d, 0x20, 0x77, 0x68, 0x69, 0x6c, 0x65, 0x28, 0x66, 0x61, // ;.    } while(fa
	0x6c, 0x73, 0x65, 0x29, 0x3b, 0x0a, 0x20, 0x20, 0x20, 0x20, 0x62, 0x67, 0x66, 0x78, 0x5f, 0x46, // lse);.    bgfx_F
	0x72, 0x61, 0x67, 0x43, 0x6f, 0x6c, 0x6f, 0x72, 0x20, 0x3d, 0x20, 0x5f, 0x38, 0x36, 0x38, 0x3b, // ragColor = _868;
	0x0a, 0x7d, 0x0a, 0x0a, 0x00,                                                                   // .}...
};
static const uint8_t model_unlit_ps_spv[4935] =
{
	0x46, 0x53, 0x48, 0x0c, 0xa8, 0xa2, 0x07, 0xdd, 0x00, 0x00, 0x00, 0x00, 0x00, 0x00, 0x00, 0x00, // FSH.............
	0x00, 0x00, 0x00, 0x00, 0x08, 0x00, 0x0d, 0x75, 0x5f, 0x66, 0x73, 0x6d, 0x69, 0x73, 0x63, 0x46, // .......u_fsmiscF
	0x6c, 0x61, 0x67, 0x73, 0x12, 0x01, 0x50, 0x00, 0x01, 0x00, 0x00, 0x00, 0x00, 0x00, 0x14, 0x75, // lags..P........u
	0x5f, 0x66, 0x73, 0x66, 0x45, 0x6d, 0x69, 0x73, 0x73, 0x69, 0x76, 0x65, 0x53, 0x63, 0x61, 0x6c, // _fsfEmissiveScal
	0x69, 0x6e, 0x67, 0x12, 0x01, 0x00, 0x00, 0x01, 0x00, 0x00, 0x00, 0x00, 0x00, 0x13, 0x75, 0x5f, // ing...........u_
	0x66, 0x73, 0x6d, 0x55, 0x56, 0x49, 0x6e, 0x76, 0x65, 0x72, 0x73, 0x65, 0x64, 0x42, 0x61, 0x63, // fsmUVInversedBac
	0x6b, 0x12, 0x01, 0x40, 0x00, 0x01, 0x00, 0x00, 0x00, 0x00, 0x00, 0x15, 0x75, 0x5f, 0x66, 0x73, // k..@........u_fs
	0x73, 0x6f, 0x66, 0x74, 0x50, 0x61, 0x72, 0x74, 0x69, 0x63, 0x6c, 0x65, 0x50, 0x61, 0x72, 0x61, // softParticlePara
	0x6d, 0x12, 0x01, 0x10, 0x00, 0x01, 0x00, 0x00, 0x00, 0x00, 0x00, 0x18, 0x75, 0x5f, 0x66, 0x73, // m...........u_fs
	0x72, 0x65, 0x63, 0x6f, 0x6e, 0x73, 0x74, 0x72, 0x75, 0x63, 0x74, 0x69, 0x6f, 0x6e, 0x50, 0x61, // reconstructionPa
	0x72, 0x61, 0x6d, 0x31, 0x12, 0x01, 0x20, 0x00, 0x01, 0x00, 0x00, 0x00, 0x00, 0x00, 0x18, 0x75, // ram1.. ........u
	0x5f, 0x66, 0x73, 0x72, 0x65, 0x63, 0x6f, 0x6e, 0x73, 0x74, 0x72, 0x75, 0x63, 0x74, 0x69, 0x6f, // _fsreconstructio
	0x6e, 0x50, 0x61, 0x72, 0x61, 0x6d, 0x32, 0x12, 0x01, 0x30, 0x00, 0x01, 0x00, 0x00, 0x00, 0x00, // nParam2..0......
	0x00, 0x0a, 0x73, 0x5f, 0x63, 0x6f, 0x6c, 0x6f, 0x72, 0x54, 0x65, 0x78, 0x30, 0x00, 0x02, 0x00, // ..s_colorTex0...
	0x00, 0x00, 0x00, 0x02, 0x29, 0x00, 0x0a, 0x73, 0x5f, 0x64, 0x65, 0x70, 0x74, 0x68, 0x54, 0x65, // ....)..s_depthTe
	0x78, 0x30, 0x00, 0x03, 0x00, 0x00, 0x00, 0x00, 0x02, 0x29, 0x00, 0x44, 0x12, 0x00, 0x00, 0x03, // x0.......).D....
	0x02, 0x23, 0x07, 0x00, 0x00, 0x01, 0x00, 0x0b, 0x00, 0x08, 0x00, 0xec, 0x03, 0x00, 0x00, 0x00, // .#..............
	0x00, 0x00, 0x00, 0x11, 0x00, 0x02, 0x00, 0x01, 0x00, 0x00, 0x00, 0x0b, 0x00, 0x06, 0x00, 0x01, // ................
	0x00, 0x00, 0x00, 0x47, 0x4c, 0x53, 0x4c, 0x2e, 0x73, 0x74, 0x64, 0x2e, 0x34, 0x35, 0x30, 0x00, // ...GLSL.std.450.
	0x00, 0x00, 0x00, 0x0e, 0x00, 0x03, 0x00, 0x00, 0x00, 0x00, 0x00, 0x01, 0x00, 0x00, 0x00, 0x0f, // ................
	0x00, 0x09, 0x00, 0x04, 0x00, 0x00, 0x00, 0x04, 0x00, 0x00, 0x00, 0x6d, 0x61, 0x69, 0x6e, 0x00, // ...........main.
	0x00, 0x00, 0x00, 0xd9, 0x01, 0x00, 0x00, 0xdc, 0x01, 0x00, 0x00, 0xe0, 0x01, 0x00, 0x00, 0xef, // ................
	0x01, 0x00, 0x00, 0x10, 0x00, 0x03, 0x00, 0x04, 0x00, 0x00, 0x00, 0x07, 0x00, 0x00, 0x00, 0x03, // ................
	0x00, 0x03, 0x00, 0x05, 0x00, 0x00, 0x00, 0xf4, 0x01, 0x00, 0x00, 0x05, 0x00, 0x04, 0x00, 0x04, // ................
	0x00, 0x00, 0x00, 0x6d, 0x61, 0x69, 0x6e, 0x00, 0x00, 0x00, 0x00, 0x05, 0x00, 0x07, 0x00, 0x5a, // ...main........Z
	0x00, 0x00, 0x00, 0x73, 0x5f, 0x63, 0x6f, 0x6c, 0x6f, 0x72, 0x54, 0x65, 0x78, 0x53, 0x61, 0x6d, // ...s_colorTexSam
	0x70, 0x6c, 0x65, 0x72, 0x00, 0x00, 0x00, 0x05, 0x00, 0x07, 0x00, 0x5d, 0x00, 0x00, 0x00, 0x73, // pler.......]...s
	0x5f, 0x63, 0x6f, 0x6c, 0x6f, 0x72, 0x54, 0x65, 0x78, 0x54, 0x65, 0x78, 0x74, 0x75, 0x72, 0x65, // _colorTexTexture
	0x00, 0x00, 0x00, 0x05, 0x00, 0x07, 0x00, 0x61, 0x00, 0x00, 0x00, 0x73, 0x5f, 0x64, 0x65, 0x70, // .......a...s_dep
	0x74, 0x68, 0x54, 0x65, 0x78, 0x53, 0x61, 0x6d, 0x70, 0x6c, 0x65, 0x72, 0x00, 0x00, 0x00, 0x05, // thTexSampler....
	0x00, 0x07, 0x00, 0x63, 0x00, 0x00, 0x00, 0x73, 0x5f, 0x64, 0x65, 0x70, 0x74, 0x68, 0x54, 0x65, // ...c...s_depthTe
	0x78, 0x54, 0x65, 0x78, 0x74, 0x75, 0x72, 0x65, 0x00, 0x00, 0x00, 0x05, 0x00, 0x06, 0x00, 0x3b, // xTexture.......;
	0x01, 0x00, 0x00, 0x55, 0x6e, 0x69, 0x66, 0x6f, 0x72, 0x6d, 0x42, 0x6c, 0x6f, 0x63, 0x6b, 0x00, // ...UniformBlock.
	0x00, 0x00, 0x00, 0x06, 0x00, 0x09, 0x00, 0x3b, 0x01, 0x00, 0x00, 0x00, 0x00, 0x00, 0x00, 0x75, // .......;.......u
	0x5f, 0x66, 0x73, 0x66, 0x45, 0x6d, 0x69, 0x73, 0x73, 0x69, 0x76, 0x65, 0x53, 0x63, 0x61, 0x6c, // _fsfEmissiveScal
	0x69, 0x6e, 0x67, 0x00, 0x00, 0x00, 0x00, 0x06, 0x00, 0x09, 0x00, 0x3b, 0x01, 0x00, 0x00, 0x01, // ing........;....
	0x00, 0x00, 0x00, 0x75, 0x5f, 0x66, 0x73, 0x73, 0x6f, 0x66, 0x74, 0x50, 0x61, 0x72, 0x74, 0x69, // ...u_fssoftParti
	0x63, 0x6c, 0x65, 0x50, 0x61, 0x72, 0x61, 0x6d, 0x00, 0x00, 0x00, 0x06, 0x00, 0x0a, 0x00, 0x3b, // cleParam.......;
	0x01, 0x00, 0x00, 0x02, 0x00, 0x00, 0x00, 0x75, 0x5f, 0x66, 0x73, 0x72, 0x65, 0x63, 0x6f, 0x6e, // .......u_fsrecon
	0x73, 0x74, 0x72, 0x75, 0x63, 0x74, 0x69, 0x6f, 0x6e, 0x50, 0x61, 0x72, 0x61, 0x6d, 0x31, 0x00, // structionParam1.
	0x00, 0x00, 0x00, 0x06, 0x00, 0x0a, 0x00, 0x3b, 0x01, 0x00, 0x00, 0x03, 0x00, 0x00, 0x00, 0x75, // .......;.......u
	0x5f, 0x66, 0x73, 0x72, 0x65, 0x63, 0x6f, 0x6e, 0x73, 0x74, 0x72, 0x75, 0x63, 0x74, 0x69, 0x6f, // _fsreconstructio
	0x6e, 0x50, 0x61, 0x72, 0x61, 0x6d, 0x32, 0x00, 0x00, 0x00, 0x00, 0x06, 0x00, 0x08, 0x00, 0x3b, // nParam2........;
	0x01, 0x00, 0x00, 0x04, 0x00, 0x00, 0x00, 0x75, 0x5f, 0x66, 0x73, 0x6d, 0x55, 0x56, 0x49, 0x6e, // .......u_fsmUVIn
	0x76, 0x65, 0x72, 0x73, 0x65, 0x64, 0x42, 0x61, 0x63, 0x6b, 0x00, 0x06, 0x00, 0x07, 0x00, 0x3b, // versedBack.....;
	0x01, 0x00, 0x00, 0x05, 0x00, 0x00, 0x00, 0x75, 0x5f, 0x66, 0x73, 0x6d, 0x69, 0x73, 0x63, 0x46, // .......u_fsmiscF
	0x6c, 0x61, 0x67, 0x73, 0x00, 0x00, 0x00, 0x05, 0x00, 0x03, 0x00, 0x3d, 0x01, 0x00, 0x00, 0x00, // lags.......=....
	0x00, 0x00, 0x00, 0x05, 0x00, 0x04, 0x00, 0xd9, 0x01, 0x00, 0x00, 0x76, 0x5f, 0x43, 0x6f, 0x6c, // ...........v_Col
	0x6f, 0x72, 0x00, 0x05, 0x00, 0x04, 0x00, 0xdc, 0x01, 0x00, 0x00, 0x76, 0x5f, 0x50, 0x6f, 0x73, // or.........v_Pos
	0x50, 0x00, 0x00, 0x05, 0x00, 0x04, 0x00, 0xe0, 0x01, 0x00, 0x00, 0x76, 0x5f, 0x55, 0x56, 0x00, // P..........v_UV.
	0x00, 0x00, 0x00, 0x05, 0x00, 0x06, 0x00, 0xef, 0x01, 0x00, 0x00, 0x62, 0x67, 0x66, 0x78, 0x5f, // ...........bgfx_
	0x46, 0x72, 0x61, 0x67, 0x44, 0x61, 0x74, 0x61, 0x30, 0x00, 0x00, 0x47, 0x00, 0x04, 0x00, 0x5a, // FragData0..G...Z
	0x00, 0x00, 0x00, 0x21, 0x00, 0x00, 0x00, 0x12, 0x00, 0x00, 0x00, 0x47, 0x00, 0x04, 0x00, 0x5a, // ...!.......G...Z
	0x00, 0x00, 0x00, 0x22, 0x00, 0x00, 0x00, 0x00, 0x00, 0x00, 0x00, 0x47, 0x00, 0x04, 0x00, 0x5d, // ...".......G...]
	0x00, 0x00, 0x00, 0x21, 0x00, 0x00, 0x00, 0x02, 0x00, 0x00, 0x00, 0x47, 0x00, 0x04, 0x00, 0x5d, // ...!.......G...]
	0x00, 0x00, 0x00, 0x22, 0x00, 0x00, 0x00, 0x00, 0x00, 0x00, 0x00, 0x47, 0x00, 0x04, 0x00, 0x61, // ...".......G...a
	0x00, 0x00, 0x00, 0x21, 0x00, 0x00, 0x00, 0x13, 0x00, 0x00, 0x00, 0x47, 0x00, 0x04, 0x00, 0x61, // ...!.......G...a
	0x00, 0x00, 0x00, 0x22, 0x00, 0x00, 0x00, 0x00, 0x00, 0x00, 0x00, 0x47, 0x00, 0x04, 0x00, 0x63, // ...".......G...c
	0x00, 0x00, 0x00, 0x21, 0x00, 0x00, 0x00, 0x03, 0x00, 0x00, 0x00, 0x47, 0x00, 0x04, 0x00, 0x63, // ...!.......G...c
	0x00, 0x00, 0x00, 0x22, 0x00, 0x00, 0x00, 0x00, 0x00, 0x00, 0x00, 0x47, 0x00, 0x03, 0x00, 0x3b, // ...".......G...;
	0x01, 0x00, 0x00, 0x02, 0x00, 0x00, 0x00, 0x48, 0x00, 0x05, 0x00, 0x3b, 0x01, 0x00, 0x00, 0x00, // .......H...;....
	0x00, 0x00, 0x00, 0x23, 0x00, 0x00, 0x00, 0x00, 0x00, 0x00, 0x00, 0x48, 0x00, 0x05, 0x00, 0x3b, // ...#.......H...;
	0x01, 0x00, 0x00, 0x01, 0x00, 0x00, 0x00, 0x23, 0x00, 0x00, 0x00, 0x10, 0x00, 0x00, 0x00, 0x48, // .......#.......H
	0x00, 0x05, 0x00, 0x3b, 0x01, 0x00, 0x00, 0x02, 0x00, 0x00, 0x00, 0x23, 0x00, 0x00, 0x00, 0x20, // ...;.......#... 
	0x00, 0x00, 0x00, 0x48, 0x00, 0x05, 0x00, 0x3b, 0x01, 0x00, 0x00, 0x03, 0x00, 0x00, 0x00, 0x23, // ...H...;.......#
	0x00, 0x00, 0x00, 0x30, 0x00, 0x00, 0x00, 0x48, 0x00, 0x05, 0x00, 0x3b, 0x01, 0x00, 0x00, 0x04, // ...0...H...;....
	0x00, 0x00, 0x00, 0x23, 0x00, 0x00, 0x00, 0x40, 0x00, 0x00, 0x00, 0x48, 0x00, 0x05, 0x00, 0x3b, // ...#...@...H...;
	0x01, 0x00, 0x00, 0x05, 0x00, 0x00, 0x00, 0x23, 0x00, 0x00, 0x00, 0x50, 0x00, 0x00, 0x00, 0x47, // .......#...P...G
	0x00, 0x04, 0x00, 0x3d, 0x01, 0x00, 0x00, 0x21, 0x00, 0x00, 0x00, 0x01, 0x00, 0x00, 0x00, 0x47, // ...=...!.......G
	0x00, 0x04, 0x00, 0x3d, 0x01, 0x00, 0x00, 0x22, 0x00, 0x00, 0x00, 0x00, 0x00, 0x00, 0x00, 0x47, // ...=...".......G
	0x00, 0x04, 0x00, 0xd9, 0x01, 0x00, 0x00, 0x1e, 0x00, 0x00, 0x00, 0x00, 0x00, 0x00, 0x00, 0x47, // ...............G
	0x00, 0x04, 0x00, 0xdc, 0x01, 0x00, 0x00, 0x1e, 0x00, 0x00, 0x00, 0x01, 0x00, 0x00, 0x00, 0x47, // ...............G
	0x00, 0x04, 0x00, 0xe0, 0x01, 0x00, 0x00, 0x1e, 0x00, 0x00, 0x00, 0x02, 0x00, 0x00, 0x00, 0x47, // ...............G
	0x00, 0x04, 0x00, 0xef, 0x01, 0x00, 0x00, 0x1e, 0x00, 0x00, 0x00, 0x00, 0x00, 0x00, 0x00, 0x13, // ................
	0x00, 0x02, 0x00, 0x02, 0x00, 0x00, 0x00, 0x21, 0x00, 0x03, 0x00, 0x03, 0x00, 0x00, 0x00, 0x02, // .......!........
	0x00, 0x00, 0x00, 0x1a, 0x00, 0x02, 0x00, 0x06, 0x00, 0x00, 0x00, 0x16, 0x00, 0x03, 0x00, 0x07, // ................
	0x00, 0x00, 0x00, 0x20, 0x00, 0x00, 0x00, 0x19, 0x00, 0x09, 0x00, 0x08, 0x00, 0x00, 0x00, 0x07, // ... ............
	0x00, 0x00, 0x00, 0x01, 0x00, 0x00, 0x00, 0x00, 0x00, 0x00, 0x00, 0x00, 0x00, 0x00, 0x00, 0x00, // ................
	0x00, 0x00, 0x00, 0x01, 0x00, 0x00, 0x00, 0x00, 0x00, 0x00, 0x00, 0x17, 0x00, 0x04, 0x00, 0x0b, // ................
	0x00, 0x00, 0x00, 0x07, 0x00, 0x00, 0x00, 0x02, 0x00, 0x00, 0x00, 0x17, 0x00, 0x04, 0x00, 0x0d, // ................
	0x00, 0x00, 0x00, 0x07, 0x00, 0x00, 0x00, 0x04, 0x00, 0x00, 0x00, 0x17, 0x00, 0x04, 0x00, 0x18, // ................
	0x00, 0x00, 0x00, 0x07, 0x00, 0x00, 0x00, 0x03, 0x00, 0x00, 0x00, 0x14, 0x00, 0x02, 0x00, 0x30, // ...............0
	0x00, 0x00, 0x00, 0x20, 0x00, 0x04, 0x00, 0x59, 0x00, 0x00, 0x00, 0x00, 0x00, 0x00, 0x00, 0x06, // ... ...Y........
	0x00, 0x00, 0x00, 0x3b, 0x00, 0x04, 0x00, 0x59, 0x00, 0x00, 0x00, 0x5a, 0x00, 0x00, 0x00, 0x00, // ...;...Y...Z....
	0x00, 0x00, 0x00, 0x20, 0x00, 0x04, 0x00, 0x5c, 0x00, 0x00, 0x00, 0x00, 0x00, 0x00, 0x00, 0x08, // ... ............
	0x00, 0x00, 0x00, 0x3b, 0x00, 0x04, 0x00, 0x5c, 0x00, 0x00, 0x00, 0x5d, 0x00, 0x00, 0x00, 0x00, // ...;.......]....
	0x00, 0x00, 0x00, 0x3b, 0x00, 0x04, 0x00, 0x59, 0x00, 0x00, 0x00, 0x61, 0x00, 0x00, 0x00, 0x00, // ...;...Y...a....
	0x00, 0x00, 0x00, 0x3b, 0x00, 0x04, 0x00, 0x5c, 0x00, 0x00, 0x00, 0x63, 0x00, 0x00, 0x00, 0x00, // ...;.......c....
	0x00, 0x00, 0x00, 0x15, 0x00, 0x04, 0x00, 0x66, 0x00, 0x00, 0x00, 0x20, 0x00, 0x00, 0x00, 0x01, // .......f... ....
	0x00, 0x00, 0x00, 0x2b, 0x00, 0x04, 0x00, 0x66, 0x00, 0x00, 0x00, 0x67, 0x00, 0x00, 0x00, 0x01, // ...+...f...g....
	0x00, 0x00, 0x00, 0x2b, 0x00, 0x04, 0x00, 0x66, 0x00, 0x00, 0x00, 0x6b, 0x00, 0x00, 0x00, 0x00, // ...+...f...k....
	0x00, 0x00, 0x00, 0x1b, 0x00, 0x03, 0x00, 0x6f, 0x00, 0x00, 0x00, 0x08, 0x00, 0x00, 0x00, 0x2b, // .......o.......+
	0x00, 0x04, 0x00, 0x07, 0x00, 0x00, 0x00, 0x83, 0x00, 0x00, 0x00, 0x00, 0x00, 0x00, 0x34, 0x2b, // ..............4+
	0x00, 0x04, 0x00, 0x07, 0x00, 0x00, 0x00, 0x8e, 0x00, 0x00, 0x00, 0x55, 0x55, 0xd5, 0x3e, 0x2b, // ...........UU.>+
	0x00, 0x04, 0x00, 0x07, 0x00, 0x00, 0x00, 0x96, 0x00, 0x00, 0x00, 0x3d, 0x0a, 0x87, 0x3f, 0x2b, // ...........=..?+
	0x00, 0x04, 0x00, 0x07, 0x00, 0x00, 0x00, 0x98, 0x00, 0x00, 0x00, 0xae, 0x47, 0x61, 0x3d, 0x2b, // ............Ga=+
	0x00, 0x04, 0x00, 0x07, 0x00, 0x00, 0x00, 0x9c, 0x00, 0x00, 0x00, 0x00, 0x00, 0x00, 0x00, 0x15, // ................
	0x00, 0x04, 0x00, 0xa8, 0x00, 0x00, 0x00, 0x20, 0x00, 0x00, 0x00, 0x00, 0x00, 0x00, 0x00, 0x2b, // ....... .......+
	0x00, 0x04, 0x00, 0xa8, 0x00, 0x00, 0x00, 0xa9, 0x00, 0x00, 0x00, 0x03, 0x00, 0x00, 0x00, 0x2b, // ...............+
	0x00, 0x04, 0x00, 0xa8, 0x00, 0x00, 0x00, 0xc0, 0x00, 0x00, 0x00, 0x00, 0x00, 0x00, 0x00, 0x2b, // ...............+
	0x00, 0x04, 0x00, 0xa8, 0x00, 0x00, 0x00, 0xc4, 0x00, 0x00, 0x00, 0x01, 0x00, 0x00, 0x00, 0x2b, // ...............+
	0x00, 0x04, 0x00, 0x07, 0x00, 0x00, 0x00, 0x08, 0x01, 0x00, 0x00, 0x00, 0x00, 0x80, 0x3f, 0x2b, // ..............?+
	0x00, 0x04, 0x00, 0x07, 0x00, 0x00, 0x00, 0x10, 0x01, 0x00, 0x00, 0x12, 0x51, 0x9c, 0x3e, 0x2b, // ............Q.>+
	0x00, 0x04, 0x00, 0x07, 0x00, 0x00, 0x00, 0x12, 0x01, 0x00, 0x00, 0xc4, 0xa2, 0x2e, 0x3f, 0x2b, // ..............?+
	0x00, 0x04, 0x00, 0x07, 0x00, 0x00, 0x00, 0x17, 0x01, 0x00, 0x00, 0xc2, 0x2c, 0x4d, 0x3c, 0x1e, // ............,M<.
	0x00, 0x08, 0x00, 0x3b, 0x01, 0x00, 0x00, 0x0d, 0x00, 0x00, 0x00, 0x0d, 0x00, 0x00, 0x00, 0x0d, // ...;............
	0x00, 0x00, 0x00, 0x0d, 0x00, 0x00, 0x00, 0x0d, 0x00, 0x00, 0x00, 0x0d, 0x00, 0x00, 0x00, 0x20, // ............... 
	0x00, 0x04, 0x00, 0x3c, 0x01, 0x00, 0x00, 0x02, 0x00, 0x00, 0x00, 0x3b, 0x01, 0x00, 0x00, 0x3b, // ...<.......;...;
	0x00, 0x04, 0x00, 0x3c, 0x01, 0x00, 0x00, 0x3d, 0x01, 0x00, 0x00, 0x02, 0x00, 0x00, 0x00, 0x2b, // ...<...=.......+
	0x00, 0x04, 0x00, 0x66, 0x00, 0x00, 0x00, 0x3e, 0x01, 0x00, 0x00, 0x05, 0x00, 0x00, 0x00, 0x20, // ...f...>....... 
	0x00, 0x04, 0x00, 0x3f, 0x01, 0x00, 0x00, 0x02, 0x00, 0x00, 0x00, 0x07, 0x00, 0x00, 0x00, 0x2b, // ...?...........+
	0x00, 0x04, 0x00, 0x66, 0x00, 0x00, 0x00, 0x44, 0x01, 0x00, 0x00, 0x02, 0x00, 0x00, 0x00, 0x2b, // ...f...D.......+
	0x00, 0x04, 0x00, 0x66, 0x00, 0x00, 0x00, 0x68, 0x01, 0x00, 0x00, 0x03, 0x00, 0x00, 0x00, 0x2b, // ...f...h.......+
	0x00, 0x04, 0x00, 0x66, 0x00, 0x00, 0x00, 0x7e, 0x01, 0x00, 0x00, 0x04, 0x00, 0x00, 0x00, 0x20, // ...f...~....... 
	0x00, 0x04, 0x00, 0x9a, 0x01, 0x00, 0x00, 0x02, 0x00, 0x00, 0x00, 0x0d, 0x00, 0x00, 0x00, 0x20, // ............... 
	0x00, 0x04, 0x00, 0xd5, 0x01, 0x00, 0x00, 0x01, 0x00, 0x00, 0x00, 0x0d, 0x00, 0x00, 0x00, 0x3b, // ...............;
	0x00, 0x04, 0x00, 0xd5, 0x01, 0x00, 0x00, 0xd9, 0x01, 0x00, 0x00, 0x01, 0x00, 0x00, 0x00, 0x3b, // ...............;
	0x00, 0x04, 0x00, 0xd5, 0x01, 0x00, 0x00, 0xdc, 0x01, 0x00, 0x00, 0x01, 0x00, 0x00, 0x00, 0x20, // ............... 
	0x00, 0x04, 0x00, 0xdf, 0x01, 0x00, 0x00, 0x01, 0x00, 0x00, 0x00, 0x0b, 0x00, 0x00, 0x00, 0x3b, // ...............;
	0x00, 0x04, 0x00, 0xdf, 0x01, 0x00, 0x00, 0xe0, 0x01, 0x00, 0x00, 0x01, 0x00, 0x00, 0x00, 0x20, // ............... 
	0x00, 0x04, 0x00, 0xee, 0x01, 0x00, 0x00, 0x03, 0x00, 0x00, 0x00, 0x0d, 0x00, 0x00, 0x00, 0x3b, // ...............;
	0x00, 0x04, 0x00, 0xee, 0x01, 0x00, 0x00, 0xef, 0x01, 0x00, 0x00, 0x03, 0x00, 0x00, 0x00, 0x2c, // ...............,
	0x00, 0x06, 0x00, 0x18, 0x00, 0x00, 0x00, 0xbc, 0x03, 0x00, 0x00, 0x8e, 0x00, 0x00, 0x00, 0x8e, // ................
	0x00, 0x00, 0x00, 0x8e, 0x00, 0x00, 0x00, 0x2c, 0x00, 0x06, 0x00, 0x18, 0x00, 0x00, 0x00, 0xbd, // .......,........
	0x03, 0x00, 0x00, 0x83, 0x00, 0x00, 0x00, 0x83, 0x00, 0x00, 0x00, 0x83, 0x00, 0x00, 0x00, 0x2c, // ...............,
	0x00, 0x06, 0x00, 0x18, 0x00, 0x00, 0x00, 0xbe, 0x03, 0x00, 0x00, 0x98, 0x00, 0x00, 0x00, 0x98, // ................
	0x00, 0x00, 0x00, 0x98, 0x00, 0x00, 0x00, 0x2c, 0x00, 0x06, 0x00, 0x18, 0x00, 0x00, 0x00, 0xbf, // .......,........
	0x03, 0x00, 0x00, 0x9c, 0x00, 0x00, 0x00, 0x9c, 0x00, 0x00, 0x00, 0x9c, 0x00, 0x00, 0x00, 0x2c, // ...............,
	0x00, 0x05, 0x00, 0x0b, 0x00, 0x00, 0x00, 0xc0, 0x03, 0x00, 0x00, 0x08, 0x01, 0x00, 0x00, 0x08, // ................
	0x01, 0x00, 0x00, 0x2c, 0x00, 0x06, 0x00, 0x18, 0x00, 0x00, 0x00, 0xc2, 0x03, 0x00, 0x00, 0x12, // ...,............
	0x01, 0x00, 0x00, 0x12, 0x01, 0x00, 0x00, 0x12, 0x01, 0x00, 0x00, 0x2c, 0x00, 0x06, 0x00, 0x18, // ...........,....
	0x00, 0x00, 0x00, 0xc3, 0x03, 0x00, 0x00, 0x17, 0x01, 0x00, 0x00, 0x17, 0x01, 0x00, 0x00, 0x17, // ................
	0x01, 0x00, 0x00, 0x2b, 0x00, 0x04, 0x00, 0x07, 0x00, 0x00, 0x00, 0xc4, 0x03, 0x00, 0x00, 0x00, // ...+............
	0x00, 0x00, 0x3f, 0x2c, 0x00, 0x05, 0x00, 0x0b, 0x00, 0x00, 0x00, 0xc5, 0x03, 0x00, 0x00, 0xc4, // ..?,............
	0x03, 0x00, 0x00, 0xc4, 0x03, 0x00, 0x00, 0x20, 0x00, 0x04, 0x00, 0xc6, 0x03, 0x00, 0x00, 0x01, // ....... ........
	0x00, 0x00, 0x00, 0x07, 0x00, 0x00, 0x00, 0x36, 0x00, 0x05, 0x00, 0x02, 0x00, 0x00, 0x00, 0x04, // .......6........
	0x00, 0x00, 0x00, 0x00, 0x00, 0x00, 0x00, 0x03, 0x00, 0x00, 0x00, 0xf8, 0x00, 0x02, 0x00, 0x05, // ................
	0x00, 0x00, 0x00, 0x3d, 0x00, 0x04, 0x00, 0x06, 0x00, 0x00, 0x00, 0x5b, 0x00, 0x00, 0x00, 0x5a, // ...=.......[...Z
	0x00, 0x00, 0x00, 0x3d, 0x00, 0x04, 0x00, 0x08, 0x00, 0x00, 0x00, 0x5e, 0x00, 0x00, 0x00, 0x5d, // ...=.......^...]
	0x00, 0x00, 0x00, 0x3d, 0x00, 0x04, 0x00, 0x06, 0x00, 0x00, 0x00, 0x62, 0x00, 0x00, 0x00, 0x61, // ...=.......b...a
	0x00, 0x00, 0x00, 0x3d, 0x00, 0x04, 0x00, 0x08, 0x00, 0x00, 0x00, 0x64, 0x00, 0x00, 0x00, 0x63, // ...=.......d...c
	0x00, 0x00, 0x00, 0x3d, 0x00, 0x04, 0x00, 0x0d, 0x00, 0x00, 0x00, 0xda, 0x01, 0x00, 0x00, 0xd9, // ...=............
	0x01, 0x00, 0x00, 0x3d, 0x00, 0x04, 0x00, 0x0d, 0x00, 0x00, 0x00, 0xdd, 0x01, 0x00, 0x00, 0xdc, // ...=............
	0x01, 0x00, 0x00, 0x3d, 0x00, 0x04, 0x00, 0x0b, 0x00, 0x00, 0x00, 0xe1, 0x01, 0x00, 0x00, 0xe0, // ...=............
	0x01, 0x00, 0x00, 0x41, 0x00, 0x06, 0x00, 0x3f, 0x01, 0x00, 0x00, 0x53, 0x02, 0x00, 0x00, 0x3d, // ...A...?...S...=
	0x01, 0x00, 0x00, 0x3e, 0x01, 0x00, 0x00, 0xc0, 0x00, 0x00, 0x00, 0x3d, 0x00, 0x04, 0x00, 0x07, // ...>.......=....
	0x00, 0x00, 0x00, 0x54, 0x02, 0x00, 0x00, 0x53, 0x02, 0x00, 0x00, 0x56, 0x00, 0x05, 0x00, 0x6f, // ...T...S...V...o
	0x00, 0x00, 0x00, 0xb6, 0x02, 0x00, 0x00, 0x5e, 0x00, 0x00, 0x00, 0x5b, 0x00, 0x00, 0x00, 0x57, // .......^...[...W
	0x00, 0x05, 0x00, 0x0d, 0x00, 0x00, 0x00, 0xb8, 0x02, 0x00, 0x00, 0xb6, 0x02, 0x00, 0x00, 0xe1, // ................
	0x01, 0x00, 0x00, 0xf7, 0x00, 0x03, 0x00, 0xc8, 0x02, 0x00, 0x00, 0x00, 0x00, 0x00, 0x00, 0xfb, // ................
	0x00, 0x03, 0x00, 0xc0, 0x00, 0x00, 0x00, 0xbf, 0x02, 0x00, 0x00, 0xf8, 0x00, 0x02, 0x00, 0xbf, // ................
	0x02, 0x00, 0x00, 0xb4, 0x00, 0x05, 0x00, 0x30, 0x00, 0x00, 0x00, 0xc1, 0x02, 0x00, 0x00, 0x54, // .......0.......T
	0x02, 0x00, 0x00, 0x9c, 0x00, 0x00, 0x00, 0xf7, 0x00, 0x03, 0x00, 0xc4, 0x02, 0x00, 0x00, 0x00, // ................
	0x00, 0x00, 0x00, 0xfa, 0x00, 0x04, 0x00, 0xc1, 0x02, 0x00, 0x00, 0xc2, 0x02, 0x00, 0x00, 0xc4, // ................
	0x02, 0x00, 0x00, 0xf8, 0x00, 0x02, 0x00, 0xc2, 0x02, 0x00, 0x00, 0xf9, 0x00, 0x02, 0x00, 0xc8, // ................
	0x02, 0x00, 0x00, 0xf8, 0x00, 0x02, 0x00, 0xc4, 0x02, 0x00, 0x00, 0x4f, 0x00, 0x08, 0x00, 0x18, // ...........O....
	0x00, 0x00, 0x00, 0xcf, 0x02, 0x00, 0x00, 0xb8, 0x02, 0x00, 0x00, 0xb8, 0x02, 0x00, 0x00, 0x00, // ................
	0x00, 0x00, 0x00, 0x01, 0x00, 0x00, 0x00, 0x02, 0x00, 0x00, 0x00, 0x0c, 0x00, 0x06, 0x00, 0x18, // ................
	0x00, 0x00, 0x00, 0xf3, 0x02, 0x00, 0x00, 0x01, 0x00, 0x00, 0x00, 0x04, 0x00, 0x00, 0x00, 0xcf, // ................
	0x02, 0x00, 0x00, 0x0c, 0x00, 0x07, 0x00, 0x18, 0x00, 0x00, 0x00, 0xf5, 0x02, 0x00, 0x00, 0x01, // ................
	0x00, 0x00, 0x00, 0x28, 0x00, 0x00, 0x00, 0xf3, 0x02, 0x00, 0x00, 0xbd, 0x03, 0x00, 0x00, 0x0c, // ...(............
	0x00, 0x07, 0x00, 0x18, 0x00, 0x00, 0x00, 0xf7, 0x02, 0x00, 0x00, 0x01, 0x00, 0x00, 0x00, 0x1a, // ................
	0x00, 0x00, 0x00, 0xf5, 0x02, 0x00, 0x00, 0xbc, 0x03, 0x00, 0x00, 0x8e, 0x00, 0x05, 0x00, 0x18, // ................
	0x00, 0x00, 0x00, 0xe6, 0x02, 0x00, 0x00, 0xf7, 0x02, 0x00, 0x00, 0x96, 0x00, 0x00, 0x00, 0x83, // ................
	0x00, 0x05, 0x00, 0x18, 0x00, 0x00, 0x00, 0xe8, 0x02, 0x00, 0x00, 0xe6, 0x02, 0x00, 0x00, 0xbe, // ................
	0x03, 0x00, 0x00, 0x0c, 0x00, 0x07, 0x00, 0x18, 0x00, 0x00, 0x00, 0xea, 0x02, 0x00, 0x00, 0x01, // ................
	0x00, 0x00, 0x00, 0x28, 0x00, 0x00, 0x00, 0xe8, 0x02, 0x00, 0x00, 0xbf, 0x03, 0x00, 0x00, 0x51, // ...(...........Q
	0x00, 0x05, 0x00, 0x07, 0x00, 0x00, 0x00, 0xd3, 0x02, 0x00, 0x00, 0xb8, 0x02, 0x00, 0x00, 0x03, // ................
	0x00, 0x00, 0x00, 0x51, 0x00, 0x05, 0x00, 0x07, 0x00, 0x00, 0x00, 0xd4, 0x02, 0x00, 0x00, 0xea, // ...Q............
	0x02, 0x00, 0x00, 0x00, 0x00, 0x00, 0x00, 0x51, 0x00, 0x05, 0x00, 0x07, 0x00, 0x00, 0x00, 0xd5, // .......Q........
	0x02, 0x00, 0x00, 0xea, 0x02, 0x00, 0x00, 0x01, 0x00, 0x00, 0x00, 0x51, 0x00, 0x05, 0x00, 0x07, // ...........Q....
	0x00, 0x00, 0x00, 0xd6, 0x02, 0x00, 0x00, 0xea, 0x02, 0x00, 0x00, 0x02, 0x00, 0x00, 0x00, 0x50, // ...............P
	0x00, 0x07, 0x00, 0x0d, 0x00, 0x00, 0x00, 0xd7, 0x02, 0x00, 0x00, 0xd4, 0x02, 0x00, 0x00, 0xd5, // ................
	0x02, 0x00, 0x00, 0xd6, 0x02, 0x00, 0x00, 0xd3, 0x02, 0x00, 0x00, 0xf9, 0x00, 0x02, 0x00, 0xc8, // ................
	0x02, 0x00, 0x00, 0xf8, 0x00, 0x02, 0x00, 0xc8, 0x02, 0x00, 0x00, 0xf5, 0x00, 0x07, 0x00, 0x0d, // ................
	0x00, 0x00, 0x00, 0xba, 0x03, 0x00, 0x00, 0xb8, 0x02, 0x00, 0x00, 0xc2, 0x02, 0x00, 0x00, 0xd7, // ................
	0x02, 0x00, 0x00, 0xc4, 0x02, 0x00, 0x00, 0x85, 0x00, 0x05, 0x00, 0x0d, 0x00, 0x00, 0x00, 0x60, // ...............`
	0x02, 0x00, 0x00, 0xba, 0x03, 0x00, 0x00, 0xda, 0x01, 0x00, 0x00, 0x4f, 0x00, 0x08, 0x00, 0x18, // ...........O....
	0x00, 0x00, 0x00, 0x63, 0x02, 0x00, 0x00, 0x60, 0x02, 0x00, 0x00, 0x60, 0x02, 0x00, 0x00, 0x00, // ...c...`...`....
	0x00, 0x00, 0x00, 0x01, 0x00, 0x00, 0x00, 0x02, 0x00, 0x00, 0x00, 0x41, 0x00, 0x06, 0x00, 0x3f, // ...........A...?
	0x01, 0x00, 0x00, 0x64, 0x02, 0x00, 0x00, 0x3d, 0x01, 0x00, 0x00, 0x6b, 0x00, 0x00, 0x00, 0xc0, // ...d...=...k....
	0x00, 0x00, 0x00, 0x3d, 0x00, 0x04, 0x00, 0x07, 0x00, 0x00, 0x00, 0x65, 0x02, 0x00, 0x00, 0x64, // ...=.......e...d
	0x02, 0x00, 0x00, 0x8e, 0x00, 0x05, 0x00, 0x18, 0x00, 0x00, 0x00, 0x66, 0x02, 0x00, 0x00, 0x63, // ...........f...c
	0x02, 0x00, 0x00, 0x65, 0x02, 0x00, 0x00, 0x51, 0x00, 0x05, 0x00, 0x07, 0x00, 0x00, 0x00, 0x68, // ...e...Q.......h
	0x02, 0x00, 0x00, 0x66, 0x02, 0x00, 0x00, 0x00, 0x00, 0x00, 0x00, 0x52, 0x00, 0x06, 0x00, 0x0d, // ...f.......R....
	0x00, 0x00, 0x00, 0xca, 0x03, 0x00, 0x00, 0x68, 0x02, 0x00, 0x00, 0x60, 0x02, 0x00, 0x00, 0x00, // .......h...`....
	0x00, 0x00, 0x00, 0x51, 0x00, 0x05, 0x00, 0x07, 0x00, 0x00, 0x00, 0x6b, 0x02, 0x00, 0x00, 0x66, // ...Q.......k...f
	0x02, 0x00, 0x00, 0x01, 0x00, 0x00, 0x00, 0x52, 0x00, 0x06, 0x00, 0x0d, 0x00, 0x00, 0x00, 0xcd, // .......R........
	0x03, 0x00, 0x00, 0x6b, 0x02, 0x00, 0x00, 0xca, 0x03, 0x00, 0x00, 0x01, 0x00, 0x00, 0x00, 0x51, // ...k...........Q
	0x00, 0x05, 0x00, 0x07, 0x00, 0x00, 0x00, 0x6e, 0x02, 0x00, 0x00, 0x66, 0x02, 0x00, 0x00, 0x02, // .......n...f....
	0x00, 0x00, 0x00, 0x52, 0x00, 0x06, 0x00, 0x0d, 0x00, 0x00, 0x00, 0xd0, 0x03, 0x00, 0x00, 0x6e, // ...R...........n
	0x02, 0x00, 0x00, 0xcd, 0x03, 0x00, 0x00, 0x02, 0x00, 0x00, 0x00, 0x41, 0x00, 0x05, 0x00, 0xc6, // ...........A....
	0x03, 0x00, 0x00, 0xb9, 0x03, 0x00, 0x00, 0xdc, 0x01, 0x00, 0x00, 0xa9, 0x00, 0x00, 0x00, 0x3d, // ...............=
	0x00, 0x04, 0x00, 0x07, 0x00, 0x00, 0x00, 0x73, 0x02, 0x00, 0x00, 0xb9, 0x03, 0x00, 0x00, 0x50, // .......s.......P
	0x00, 0x07, 0x00, 0x0d, 0x00, 0x00, 0x00, 0x07, 0x03, 0x00, 0x00, 0x73, 0x02, 0x00, 0x00, 0x73, // ...........s...s
	0x02, 0x00, 0x00, 0x73, 0x02, 0x00, 0x00, 0x73, 0x02, 0x00, 0x00, 0x88, 0x00, 0x05, 0x00, 0x0d, // ...s...s........
	0x00, 0x00, 0x00, 0x75, 0x02, 0x00, 0x00, 0xdd, 0x01, 0x00, 0x00, 0x07, 0x03, 0x00, 0x00, 0x4f, // ...u...........O
	0x00, 0x07, 0x00, 0x0b, 0x00, 0x00, 0x00, 0x77, 0x02, 0x00, 0x00, 0x75, 0x02, 0x00, 0x00, 0x75, // .......w...u...u
	0x02, 0x00, 0x00, 0x00, 0x00, 0x00, 0x00, 0x01, 0x00, 0x00, 0x00, 0x81, 0x00, 0x05, 0x00, 0x0b, // ................
	0x00, 0x00, 0x00, 0x79, 0x02, 0x00, 0x00, 0x77, 0x02, 0x00, 0x00, 0xc0, 0x03, 0x00, 0x00, 0x85, // ...y...w........
	0x00, 0x05, 0x00, 0x0b, 0x00, 0x00, 0x00, 0x7b, 0x02, 0x00, 0x00, 0x79, 0x02, 0x00, 0x00, 0xc5, // .......{...y....
	0x03, 0x00, 0x00, 0x51, 0x00, 0x05, 0x00, 0x07, 0x00, 0x00, 0x00, 0x7d, 0x02, 0x00, 0x00, 0x7b, // ...Q.......}...{
	0x02, 0x00, 0x00, 0x01, 0x00, 0x00, 0x00, 0x83, 0x00, 0x05, 0x00, 0x07, 0x00, 0x00, 0x00, 0x7e, // ...............~
	0x02, 0x00, 0x00, 0x08, 0x01, 0x00, 0x00, 0x7d, 0x02, 0x00, 0x00, 0x41, 0x00, 0x06, 0x00, 0x3f, // .......}...A...?
	0x01, 0x00, 0x00, 0x80, 0x02, 0x00, 0x00, 0x3d, 0x01, 0x00, 0x00, 0x7e, 0x01, 0x00, 0x00, 0xc0, // .......=...~....
	0x00, 0x00, 0x00, 0x3d, 0x00, 0x04, 0x00, 0x07, 0x00, 0x00, 0x00, 0x81, 0x02, 0x00, 0x00, 0x80, // ...=............
	0x02, 0x00, 0x00, 0x41, 0x00, 0x06, 0x00, 0x3f, 0x01, 0x00, 0x00, 0x82, 0x02, 0x00, 0x00, 0x3d, // ...A...?.......=
	0x01, 0x00, 0x00, 0x7e, 0x01, 0x00, 0x00, 0xc4, 0x00, 0x00, 0x00, 0x3d, 0x00, 0x04, 0x00, 0x07, // ...~.......=....
	0x00, 0x00, 0x00, 0x83, 0x02, 0x00, 0x00, 0x82, 0x02, 0x00, 0x00, 0x85, 0x00, 0x05, 0x00, 0x07, // ................
	0x00, 0x00, 0x00, 0x86, 0x02, 0x00, 0x00, 0x83, 0x02, 0x00, 0x00, 0x7e, 0x02, 0x00, 0x00, 0x81, // ...........~....
	0x00, 0x05, 0x00, 0x07, 0x00, 0x00, 0x00, 0x87, 0x02, 0x00, 0x00, 0x81, 0x02, 0x00, 0x00, 0x86, // ................
	0x02, 0x00, 0x00, 0x52, 0x00, 0x06, 0x00, 0x0b, 0x00, 0x00, 0x00, 0xd6, 0x03, 0x00, 0x00, 0x87, // ...R............
	0x02, 0x00, 0x00, 0x7b, 0x02, 0x00, 0x00, 0x01, 0x00, 0x00, 0x00, 0x41, 0x00, 0x06, 0x00, 0x3f, // ...{.......A...?
	0x01, 0x00, 0x00, 0x89, 0x02, 0x00, 0x00, 0x3d, 0x01, 0x00, 0x00, 0x67, 0x00, 0x00, 0x00, 0xa9, // .......=...g....
	0x00, 0x00, 0x00, 0x3d, 0x00, 0x04, 0x00, 0x07, 0x00, 0x00, 0x00, 0x8a, 0x02, 0x00, 0x00, 0x89, // ...=............
	0x02, 0x00, 0x00, 0xb7, 0x00, 0x05, 0x00, 0x30, 0x00, 0x00, 0x00, 0x8b, 0x02, 0x00, 0x00, 0x8a, // .......0........
	0x02, 0x00, 0x00, 0x9c, 0x00, 0x00, 0x00, 0xf7, 0x00, 0x03, 0x00, 0xa4, 0x02, 0x00, 0x00, 0x00, // ................
	0x00, 0x00, 0x00, 0xfa, 0x00, 0x04, 0x00, 0x8b, 0x02, 0x00, 0x00, 0x8c, 0x02, 0x00, 0x00, 0xa4, // ................
	0x02, 0x00, 0x00, 0xf8, 0x00, 0x02, 0x00, 0x8c, 0x02, 0x00, 0x00, 0x56, 0x00, 0x05, 0x00, 0x6f, // ...........V...o
	0x00, 0x00, 0x00, 0x16, 0x03, 0x00, 0x00, 0x64, 0x00, 0x00, 0x00, 0x62, 0x00, 0x00, 0x00, 0x57, // .......d...b...W
	0x00, 0x05, 0x00, 0x0d, 0x00, 0x00, 0x00, 0x18, 0x03, 0x00, 0x00, 0x16, 0x03, 0x00, 0x00, 0xd6, // ................
	0x03, 0x00, 0x00, 0x51, 0x00, 0x05, 0x00, 0x07, 0x00, 0x00, 0x00, 0x90, 0x02, 0x00, 0x00, 0x18, // ...Q............
	0x03, 0x00, 0x00, 0x00, 0x00, 0x00, 0x00, 0x51, 0x00, 0x05, 0x00, 0x07, 0x00, 0x00, 0x00, 0x93, // .......Q........
	0x02, 0x00, 0x00, 0x75, 0x02, 0x00, 0x00, 0x02, 0x00, 0x00, 0x00, 0x41, 0x00, 0x05, 0x00, 0x9a, // ...u.......A....
	0x01, 0x00, 0x00, 0x94, 0x02, 0x00, 0x00, 0x3d, 0x01, 0x00, 0x00, 0x67, 0x00, 0x00, 0x00, 0x3d, // .......=...g...=
	0x00, 0x04, 0x00, 0x0d, 0x00, 0x00, 0x00, 0x95, 0x02, 0x00, 0x00, 0x94, 0x02, 0x00, 0x00, 0x41, // ...............A
	0x00, 0x05, 0x00, 0x9a, 0x01, 0x00, 0x00, 0x96, 0x02, 0x00, 0x00, 0x3d, 0x01, 0x00, 0x00, 0x44, // ...........=...D
	0x01, 0x00, 0x00, 0x3d, 0x00, 0x04, 0x00, 0x0d, 0x00, 0x00, 0x00, 0x97, 0x02, 0x00, 0x00, 0x96, // ...=............
	0x02, 0x00, 0x00, 0x41, 0x00, 0x05, 0x00, 0x9a, 0x01, 0x00, 0x00, 0x98, 0x02, 0x00, 0x00, 0x3d, // ...A...........=
	0x01, 0x00, 0x00, 0x68, 0x01, 0x00, 0x00, 0x3d, 0x00, 0x04, 0x00, 0x0d, 0x00, 0x00, 0x00, 0x99, // ...h...=........
	0x02, 0x00, 0x00, 0x98, 0x02, 0x00, 0x00, 0x51, 0x00, 0x05, 0x00, 0x07, 0x00, 0x00, 0x00, 0x28, // .......Q.......(
	0x03, 0x00, 0x00, 0x95, 0x02, 0x00, 0x00, 0x00, 0x00, 0x00, 0x00, 0x51, 0x00, 0x05, 0x00, 0x07, // ...........Q....
	0x00, 0x00, 0x00, 0x2a, 0x03, 0x00, 0x00, 0x95, 0x02, 0x00, 0x00, 0x01, 0x00, 0x00, 0x00, 0x51, // ...*...........Q
	0x00, 0x05, 0x00, 0x07, 0x00, 0x00, 0x00, 0x2c, 0x03, 0x00, 0x00, 0x95, 0x02, 0x00, 0x00, 0x02, // .......,........
	0x00, 0x00, 0x00, 0x51, 0x00, 0x05, 0x00, 0x07, 0x00, 0x00, 0x00, 0x32, 0x03, 0x00, 0x00, 0x97, // ...Q.......2....
	0x02, 0x00, 0x00, 0x00, 0x00, 0x00, 0x00, 0x85, 0x00, 0x05, 0x00, 0x07, 0x00, 0x00, 0x00, 0x33, // ...............3
	0x03, 0x00, 0x00, 0x90, 0x02, 0x00, 0x00, 0x32, 0x03, 0x00, 0x00, 0x51, 0x00, 0x05, 0x00, 0x07, // .......2...Q....
	0x00, 0x00, 0x00, 0x35, 0x03, 0x00, 0x00, 0x97, 0x02, 0x00, 0x00, 0x01, 0x00, 0x00, 0x00, 0x81, // ...5............
	0x00, 0x05, 0x00, 0x07, 0x00, 0x00, 0x00, 0x36, 0x03, 0x00, 0x00, 0x33, 0x03, 0x00, 0x00, 0x35, // .......6...3...5
	0x03, 0x00, 0x00, 0x50, 0x00, 0x05, 0x00, 0x0b, 0x00, 0x00, 0x00, 0x38, 0x03, 0x00, 0x00, 0x36, // ...P.......8...6
	0x03, 0x00, 0x00, 0x93, 0x02, 0x00, 0x00, 0x51, 0x00, 0x05, 0x00, 0x07, 0x00, 0x00, 0x00, 0x3b, // .......Q.......;
	0x03, 0x00, 0x00, 0x99, 0x02, 0x00, 0x00, 0x03, 0x00, 0x00, 0x00, 0x8e, 0x00, 0x05, 0x00, 0x0b, // ................
	0x00, 0x00, 0x00, 0x3c, 0x03, 0x00, 0x00, 0x38, 0x03, 0x00, 0x00, 0x3b, 0x03, 0x00, 0x00, 0x51, // ...<...8...;...Q
	0x00, 0x05, 0x00, 0x07, 0x00, 0x00, 0x00, 0x3e, 0x03, 0x00, 0x00, 0x99, 0x02, 0x00, 0x00, 0x01, // .......>........
	0x00, 0x00, 0x00, 0x50, 0x00, 0x05, 0x00, 0x0b, 0x00, 0x00, 0x00, 0x65, 0x03, 0x00, 0x00, 0x3e, // ...P.......e...>
	0x03, 0x00, 0x00, 0x3e, 0x03, 0x00, 0x00, 0x83, 0x00, 0x05, 0x00, 0x0b, 0x00, 0x00, 0x00, 0x40, // ...>...........@
	0x03, 0x00, 0x00, 0x3c, 0x03, 0x00, 0x00, 0x65, 0x03, 0x00, 0x00, 0x51, 0x00, 0x05, 0x00, 0x07, // ...<...e...Q....
	0x00, 0x00, 0x00, 0x42, 0x03, 0x00, 0x00, 0x99, 0x02, 0x00, 0x00, 0x00, 0x00, 0x00, 0x00, 0x50, // ...B...........P
	0x00, 0x05, 0x00, 0x0b, 0x00, 0x00, 0x00, 0x69, 0x03, 0x00, 0x00, 0x42, 0x03, 0x00, 0x00, 0x42, // .......i...B...B
	0x03, 0x00, 0x00, 0x51, 0x00, 0x05, 0x00, 0x07, 0x00, 0x00, 0x00, 0x46, 0x03, 0x00, 0x00, 0x99, // ...Q.......F....
	0x02, 0x00, 0x00, 0x02, 0x00, 0x00, 0x00, 0x8e, 0x00, 0x05, 0x00, 0x0b, 0x00, 0x00, 0x00, 0x47, // ...............G
	0x03, 0x00, 0x00, 0x38, 0x03, 0x00, 0x00, 0x46, 0x03, 0x00, 0x00, 0x83, 0x00, 0x05, 0x00, 0x0b, // ...8...F........
	0x00, 0x00, 0x00, 0x48, 0x03, 0x00, 0x00, 0x69, 0x03, 0x00, 0x00, 0x47, 0x03, 0x00, 0x00, 0x88, // ...H...i...G....
	0x00, 0x05, 0x00, 0x0b, 0x00, 0x00, 0x00, 0x49, 0x03, 0x00, 0x00, 0x40, 0x03, 0x00, 0x00, 0x48, // .......I...@...H
	0x03, 0x00, 0x00, 0x51, 0x00, 0x05, 0x00, 0x07, 0x00, 0x00, 0x00, 0x4b, 0x03, 0x00, 0x00, 0x49, // ...Q.......K...I
	0x03, 0x00, 0x00, 0x00, 0x00, 0x00, 0x00, 0x0c, 0x00, 0x06, 0x00, 0x07, 0x00, 0x00, 0x00, 0x4c, // ...............L
	0x03, 0x00, 0x00, 0x01, 0x00, 0x00, 0x00, 0x06, 0x00, 0x00, 0x00, 0x4b, 0x03, 0x00, 0x00, 0x8e, // ...........K....
	0x00, 0x05, 0x00, 0x0b, 0x00, 0x00, 0x00, 0x4f, 0x03, 0x00, 0x00, 0x49, 0x03, 0x00, 0x00, 0x4c, // .......O...I...L
	0x03, 0x00, 0x00, 0x51, 0x00, 0x05, 0x00, 0x07, 0x00, 0x00, 0x00, 0x51, 0x03, 0x00, 0x00, 0x4f, // ...Q.......Q...O
	0x03, 0x00, 0x00, 0x00, 0x00, 0x00, 0x00, 0x51, 0x00, 0x05, 0x00, 0x07, 0x00, 0x00, 0x00, 0x53, // .......Q.......S
	0x03, 0x00, 0x00, 0x4f, 0x03, 0x00, 0x00, 0x01, 0x00, 0x00, 0x00, 0x83, 0x00, 0x05, 0x00, 0x07, // ...O............
	0x00, 0x00, 0x00, 0x54, 0x03, 0x00, 0x00, 0x51, 0x03, 0x00, 0x00, 0x53, 0x03, 0x00, 0x00, 0x88, // ...T...Q...S....
	0x00, 0x05, 0x00, 0x07, 0x00, 0x00, 0x00, 0x56, 0x03, 0x00, 0x00, 0x54, 0x03, 0x00, 0x00, 0x28, // .......V...T...(
	0x03, 0x00, 0x00, 0x83, 0x00, 0x05, 0x00, 0x07, 0x00, 0x00, 0x00, 0x5a, 0x03, 0x00, 0x00, 0x53, // ...........Z...S
	0x03, 0x00, 0x00, 0x2c, 0x03, 0x00, 0x00, 0x88, 0x00, 0x05, 0x00, 0x07, 0x00, 0x00, 0x00, 0x5c, // ...,............
	0x03, 0x00, 0x00, 0x5a, 0x03, 0x00, 0x00, 0x2a, 0x03, 0x00, 0x00, 0x0c, 0x00, 0x07, 0x00, 0x07, // ...Z...*........
	0x00, 0x00, 0x00, 0x5f, 0x03, 0x00, 0x00, 0x01, 0x00, 0x00, 0x00, 0x25, 0x00, 0x00, 0x00, 0x56, // ..._.......%...V
	0x03, 0x00, 0x00, 0x5c, 0x03, 0x00, 0x00, 0x0c, 0x00, 0x07, 0x00, 0x07, 0x00, 0x00, 0x00, 0x60, // ...............`
	0x03, 0x00, 0x00, 0x01, 0x00, 0x00, 0x00, 0x28, 0x00, 0x00, 0x00, 0x5f, 0x03, 0x00, 0x00, 0x9c, // .......(..._....
	0x00, 0x00, 0x00, 0x0c, 0x00, 0x07, 0x00, 0x07, 0x00, 0x00, 0x00, 0x61, 0x03, 0x00, 0x00, 0x01, // ...........a....
	0x00, 0x00, 0x00, 0x25, 0x00, 0x00, 0x00, 0x60, 0x03, 0x00, 0x00, 0x08, 0x01, 0x00, 0x00, 0x51, // ...%...`.......Q
	0x00, 0x05, 0x00, 0x07, 0x00, 0x00, 0x00, 0xa1, 0x02, 0x00, 0x00, 0x60, 0x02, 0x00, 0x00, 0x03, // ...........`....
	0x00, 0x00, 0x00, 0x85, 0x00, 0x05, 0x00, 0x07, 0x00, 0x00, 0x00, 0xa2, 0x02, 0x00, 0x00, 0xa1, // ................
	0x02, 0x00, 0x00, 0x61, 0x03, 0x00, 0x00, 0x50, 0x00, 0x07, 0x00, 0x0d, 0x00, 0x00, 0x00, 0xeb, // ...a...P........
	0x03, 0x00, 0x00, 0x68, 0x02, 0x00, 0x00, 0x6b, 0x02, 0x00, 0x00, 0x6e, 0x02, 0x00, 0x00, 0xa2, // ...h...k...n....
	0x02, 0x00, 0x00, 0xf9, 0x00, 0x02, 0x00, 0xa4, 0x02, 0x00, 0x00, 0xf8, 0x00, 0x02, 0x00, 0xa4, // ................
	0x02, 0x00, 0x00, 0xf5, 0x00, 0x07, 0x00, 0x0d, 0x00, 0x00, 0x00, 0xea, 0x03, 0x00, 0x00, 0xd0, // ................
	0x03, 0x00, 0x00, 0xc8, 0x02, 0x00, 0x00, 0xeb, 0x03, 0x00, 0x00, 0x8c, 0x02, 0x00, 0x00, 0x51, // ...............Q
	0x00, 0x05, 0x00, 0x07, 0x00, 0x00, 0x00, 0xa6, 0x02, 0x00, 0x00, 0xea, 0x03, 0x00, 0x00, 0x03, // ................
	0x00, 0x00, 0x00, 0xb4, 0x00, 0x05, 0x00, 0x30, 0x00, 0x00, 0x00, 0xa7, 0x02, 0x00, 0x00, 0xa6, // .......0........
	0x02, 0x00, 0x00, 0x9c, 0x00, 0x00, 0x00, 0xf7, 0x00, 0x03, 0x00, 0xa9, 0x02, 0x00, 0x00, 0x00, // ................
	0x00, 0x00, 0x00, 0xfa, 0x00, 0x04, 0x00, 0xa7, 0x02, 0x00, 0x00, 0xa8, 0x02, 0x00, 0x00, 0xa9, // ................
	0x02, 0x00, 0x00, 0xf8, 0x00, 0x02, 0x00, 0xa8, 0x02, 0x00, 0x00, 0xfc, 0x00, 0x01, 0x00, 0xf8, // ................
	0x00, 0x02, 0x00, 0xa9, 0x02, 0x00, 0x00, 0xf7, 0x00, 0x03, 0x00, 0x79, 0x03, 0x00, 0x00, 0x00, // ...........y....
	0x00, 0x00, 0x00, 0xfb, 0x00, 0x03, 0x00, 0xc0, 0x00, 0x00, 0x00, 0x70, 0x03, 0x00, 0x00, 0xf8, // ...........p....
	0x00, 0x02, 0x00, 0x70, 0x03, 0x00, 0x00, 0xf7, 0x00, 0x03, 0x00, 0x75, 0x03, 0x00, 0x00, 0x00, // ...p.......u....
	0x00, 0x00, 0x00, 0xfa, 0x00, 0x04, 0x00, 0xc1, 0x02, 0x00, 0x00, 0x73, 0x03, 0x00, 0x00, 0x75, // ...........s...u
	0x03, 0x00, 0x00, 0xf8, 0x00, 0x02, 0x00, 0x73, 0x03, 0x00, 0x00, 0xf9, 0x00, 0x02, 0x00, 0x79, // .......s.......y
	0x03, 0x00, 0x00, 0xf8, 0x00, 0x02, 0x00, 0x75, 0x03, 0x00, 0x00, 0x4f, 0x00, 0x08, 0x00, 0x18, // .......u...O....
	0x00, 0x00, 0x00, 0x80, 0x03, 0x00, 0x00, 0xea, 0x03, 0x00, 0x00, 0xea, 0x03, 0x00, 0x00, 0x00, // ................
	0x00, 0x00, 0x00, 0x01, 0x00, 0x00, 0x00, 0x02, 0x00, 0x00, 0x00, 0x8e, 0x00, 0x05, 0x00, 0x18, // ................
	0x00, 0x00, 0x00, 0x91, 0x03, 0x00, 0x00, 0x80, 0x03, 0x00, 0x00, 0x10, 0x01, 0x00, 0x00, 0x81, // ................
	0x00, 0x05, 0x00, 0x18, 0x00, 0x00, 0x00, 0x93, 0x03, 0x00, 0x00, 0x91, 0x03, 0x00, 0x00, 0xc2, // ................
	0x03, 0x00, 0x00, 0x85, 0x00, 0x05, 0x00, 0x18, 0x00, 0x00, 0x00, 0x94, 0x03, 0x00, 0x00, 0x80, // ................
	0x03, 0x00, 0x00, 0x93, 0x03, 0x00, 0x00, 0x81, 0x00, 0x05, 0x00, 0x18, 0x00, 0x00, 0x00, 0x96, // ................
	0x03, 0x00, 0x00, 0x94, 0x03, 0x00, 0x00, 0xc3, 0x03, 0x00, 0x00, 0x85, 0x00, 0x05, 0x00, 0x18, // ................
	0x00, 0x00, 0x00, 0x97, 0x03, 0x00, 0x00, 0x80, 0x03, 0x00, 0x00, 0x96, 0x03, 0x00, 0x00, 0x0c, // ................
	0x00, 0x07, 0x00, 0x18, 0x00, 0x00, 0x00, 0x98, 0x03, 0x00, 0x00, 0x01, 0x00, 0x00, 0x00, 0x25, // ...............%
	0x00, 0x00, 0x00, 0x80, 0x03, 0x00, 0x00, 0x97, 0x03, 0x00, 0x00, 0x51, 0x00, 0x05, 0x00, 0x07, // ...........Q....
	0x00, 0x00, 0x00, 0x85, 0x03, 0x00, 0x00, 0x98, 0x03, 0x00, 0x00, 0x00, 0x00, 0x00, 0x00, 0x51, // ...............Q
	0x00, 0x05, 0x00, 0x07, 0x00, 0x00, 0x00, 0x86, 0x03, 0x00, 0x00, 0x98, 0x03, 0x00, 0x00, 0x01, // ................
	0x00, 0x00, 0x00, 0x51, 0x00, 0x05, 0x00, 0x07, 0x00, 0x00, 0x00, 0x87, 0x03, 0x00, 0x00, 0x98, // ...Q............
	0x03, 0x00, 0x00, 0x02, 0x00, 0x00, 0x00, 0x50, 0x00, 0x07, 0x00, 0x0d, 0x00, 0x00, 0x00, 0x88, // .......P........
	0x03, 0x00, 0x00, 0x85, 0x03, 0x00, 0x00, 0x86, 0x03, 0x00, 0x00, 0x87, 0x03, 0x00, 0x00, 0xa6, // ................
	0x02, 0x00, 0x00, 0xf9, 0x00, 0x02, 0x00, 0x79, 0x03, 0x00, 0x00, 0xf8, 0x00, 0x02, 0x00, 0x79, // .......y.......y
	0x03, 0x00, 0x00, 0xf5, 0x00, 0x07, 0x00, 0x0d, 0x00, 0x00, 0x00, 0xbb, 0x03, 0x00, 0x00, 0xea, // ................
	0x03, 0x00, 0x00, 0x73, 0x03, 0x00, 0x00, 0x88, 0x03, 0x00, 0x00, 0x75, 0x03, 0x00, 0x00, 0x3e, // ...s.......u...>
	0x00, 0x03, 0x00, 0xef, 0x01, 0x00, 0x00, 0xbb, 0x03, 0x00, 0x00, 0xfd, 0x00, 0x01, 0x00, 0x38, // ...............8
	0x00, 0x01, 0x00, 0x00, 0x00, 0x60, 0x00,                                                       // .....`.
};
static const uint8_t model_unlit_ps_mtl[3626] =
{
	0x46, 0x53, 0x48, 0x0c, 0xa8, 0xa2, 0x07, 0xdd, 0x00, 0x00, 0x00, 0x00, 0x00, 0x00, 0x00, 0x00, // FSH.............
	0x00, 0x00, 0x00, 0x00, 0x0c, 0x00, 0x11, 0x73, 0x5f, 0x63, 0x6f, 0x6c, 0x6f, 0x72, 0x54, 0x65, // .......s_colorTe
	0x78, 0x53, 0x61, 0x6d, 0x70, 0x6c, 0x65, 0x72, 0x11, 0x01, 0xff, 0xff, 0x01, 0x00, 0x00, 0x00, // xSampler........
	0x00, 0x00, 0x11, 0x73, 0x5f, 0x63, 0x6f, 0x6c, 0x6f, 0x72, 0x54, 0x65, 0x78, 0x54, 0x65, 0x78, // ...s_colorTexTex
	0x74, 0x75, 0x72, 0x65, 0x11, 0x01, 0xff, 0xff, 0x01, 0x00, 0x00, 0x00, 0x00, 0x00, 0x11, 0x73, // ture...........s
	0x5f, 0x64, 0x65, 0x70, 0x74, 0x68, 0x54, 0x65, 0x78, 0x53, 0x61, 0x6d, 0x70, 0x6c, 0x65, 0x72, // _depthTexSampler
	0x11, 0x01, 0xff, 0xff, 0x01, 0x00, 0x00, 0x00, 0x00, 0x00, 0x11, 0x73, 0x5f, 0x64, 0x65, 0x70, // ...........s_dep
	0x74, 0x68, 0x54, 0x65, 0x78, 0x54, 0x65, 0x78, 0x74, 0x75, 0x72, 0x65, 0x11, 0x01, 0xff, 0xff, // thTexTexture....
	0x01, 0x00, 0x00, 0x00, 0x00, 0x00, 0x0d, 0x75, 0x5f, 0x66, 0x73, 0x6d, 0x69, 0x73, 0x63, 0x46, // .......u_fsmiscF
	0x6c, 0x61, 0x67, 0x73, 0x12, 0x01, 0x50, 0x00, 0x01, 0x00, 0x00, 0x00, 0x00, 0x00, 0x14, 0x75, // lags..P........u
	0x5f, 0x66, 0x73, 0x66, 0x45, 0x6d, 0x69, 0x73, 0x73, 0x69, 0x76, 0x65, 0x53, 0x63, 0x61, 0x6c, // _fsfEmissiveScal
	0x69, 0x6e, 0x67, 0x12, 0x01, 0x00, 0x00, 0x01, 0x00, 0x00, 0x00, 0x00, 0x00, 0x13, 0x75, 0x5f, // ing...........u_
	0x66, 0x73, 0x6d, 0x55, 0x56, 0x49, 0x6e, 0x76, 0x65, 0x72, 0x73, 0x65, 0x64, 0x42, 0x61, 0x63, // fsmUVInversedBac
	0x6b, 0x12, 0x01, 0x40, 0x00, 0x01, 0x00, 0x00, 0x00, 0x00, 0x00, 0x15, 0x75, 0x5f, 0x66, 0x73, // k..@........u_fs
	0x73, 0x6f, 0x66, 0x74, 0x50, 0x61, 0x72, 0x74, 0x69, 0x63, 0x6c, 0x65, 0x50, 0x61, 0x72, 0x61, // softParticlePara
	0x6d, 0x12, 0x01, 0x10, 0x00, 0x01, 0x00, 0x00, 0x00, 0x00, 0x00, 0x18, 0x75, 0x5f, 0x66, 0x73, // m...........u_fs
	0x72, 0x65, 0x63, 0x6f, 0x6e, 0x73, 0x74, 0x72, 0x75, 0x63, 0x74, 0x69, 0x6f, 0x6e, 0x50, 0x61, // reconstructionPa
	0x72, 0x61, 0x6d, 0x31, 0x12, 0x01, 0x20, 0x00, 0x01, 0x00, 0x00, 0x00, 0x00, 0x00, 0x18, 0x75, // ram1.. ........u
	0x5f, 0x66, 0x73, 0x72, 0x65, 0x63, 0x6f, 0x6e, 0x73, 0x74, 0x72, 0x75, 0x63, 0x74, 0x69, 0x6f, // _fsreconstructio
	0x6e, 0x50, 0x61, 0x72, 0x61, 0x6d, 0x32, 0x12, 0x01, 0x30, 0x00, 0x01, 0x00, 0x00, 0x00, 0x00, // nParam2..0......
	0x00, 0x0a, 0x73, 0x5f, 0x63, 0x6f, 0x6c, 0x6f, 0x72, 0x54, 0x65, 0x78, 0x10, 0x00, 0x00, 0x00, // ..s_colorTex....
	0x00, 0x00, 0x00, 0x02, 0x00, 0x00, 0x0a, 0x73, 0x5f, 0x64, 0x65, 0x70, 0x74, 0x68, 0x54, 0x65, // .......s_depthTe
	0x78, 0x10, 0x00, 0x00, 0x00, 0x00, 0x00, 0x00, 0x02, 0x00, 0x00, 0xb7, 0x0c, 0x00, 0x00, 0x23, // x..............#
	0x69, 0x6e, 0x63, 0x6c, 0x75, 0x64, 0x65, 0x20, 0x3c, 0x6d, 0x65, 0x74, 0x61, 0x6c, 0x5f, 0x73, // include <metal_s
	0x74, 0x64, 0x6c, 0x69, 0x62, 0x3e, 0x0a, 0x23, 0x69, 0x6e, 0x63, 0x6c, 0x75, 0x64, 0x65, 0x20, // tdlib>.#include 
	0x3c, 0x73, 0x69, 0x6d, 0x64, 0x2f, 0x73, 0x69, 0x6d, 0x64, 0x2e, 0x68, 0x3e, 0x0a, 0x0a, 0x75, // <simd/simd.h>..u
	0x73, 0x69, 0x6e, 0x67, 0x20, 0x6e, 0x61, 0x6d, 0x65, 0x73, 0x70, 0x61, 0x63, 0x65, 0x20, 0x6d, // sing namespace m
	0x65, 0x74, 0x61, 0x6c, 0x3b, 0x0a, 0x0a, 0x73, 0x74, 0x72, 0x75, 0x63, 0x74, 0x20, 0x5f, 0x47, // etal;..struct _G
	0x6c, 0x6f, 0x62, 0x61, 0x6c, 0x0a, 0x7b, 0x0a, 0x20, 0x20, 0x20, 0x20, 0x66, 0x6c, 0x6f, 0x61, // lobal.{.    floa
	0x74, 0x34, 0x20, 0x75, 0x5f, 0x66, 0x73, 0x66, 0x45, 0x6d, 0x69, 0x73, 0x73, 0x69, 0x76, 0x65, // t4 u_fsfEmissive
	0x53, 0x63, 0x61, 0x6c, 0x69, 0x6e, 0x67, 0x3b, 0x0a, 0x20, 0x20, 0x20, 0x20, 0x66, 0x6c, 0x6f, // Scaling;.    flo
	0x61, 0x74, 0x34, 0x20, 0x75, 0x5f, 0x66, 0x73, 0x73, 0x6f, 0x66, 0x74, 0x50, 0x61, 0x72, 0x74, // at4 u_fssoftPart
	0x69, 0x63, 0x6c, 0x65, 0x50, 0x61, 0x72, 0x61, 0x6d, 0x3b, 0x0a, 0x20, 0x20, 0x20, 0x20, 0x66, // icleParam;.    f
	0x6c, 0x6f, 0x61, 0x74, 0x34, 0x20, 0x75, 0x5f, 0x66, 0x73, 0x72, 0x65, 0x63, 0x6f, 0x6e, 0x73, // loat4 u_fsrecons
	0x74, 0x72, 0x75, 0x63, 0x74, 0x69, 0x6f, 0x6e, 0x50, 0x61, 0x72, 0x61, 0x6d, 0x31, 0x3b, 0x0a, // tructionParam1;.
	0x20, 0x20, 0x20, 0x20, 0x66, 0x6c, 0x6f, 0x61, 0x74, 0x34, 0x20, 0x75, 0x5f, 0x66, 0x73, 0x72, //     float4 u_fsr
	0x65, 0x63, 0x6f, 0x6e, 0x73, 0x74, 0x72, 0x75, 0x63, 0x74, 0x69, 0x6f, 0x6e, 0x50, 0x61, 0x72, // econstructionPar
	0x61, 0x6d, 0x32, 0x3b, 0x0a, 0x20, 0x20, 0x20, 0x20, 0x66, 0x6c, 0x6f, 0x61, 0x74, 0x34, 0x20, // am2;.    float4 
	0x75, 0x5f, 0x66, 0x73, 0x6d, 0x55, 0x56, 0x49, 0x6e, 0x76, 0x65, 0x72, 0x73, 0x65, 0x64, 0x42, // u_fsmUVInversedB
	0x61, 0x63, 0x6b, 0x3b, 0x0a, 0x20, 0x20, 0x20, 0x20, 0x66, 0x6c, 0x6f, 0x61, 0x74, 0x34, 0x20, // ack;.    float4 
	0x75, 0x5f, 0x66, 0x73, 0x6d, 0x69, 0x73, 0x63, 0x46, 0x6c, 0x61, 0x67, 0x73, 0x3b, 0x0a, 0x7d, // u_fsmiscFlags;.}
	0x3b, 0x0a, 0x0a, 0x63, 0x6f, 0x6e, 0x73, 0x74, 0x61, 0x6e, 0x74, 0x20, 0x75, 0x69, 0x6e, 0x74, // ;..constant uint
	0x20, 0x62, 0x67, 0x66, 0x78, 0x5f, 0x73, 0x61, 0x6d, 0x70, 0x6c, 0x65, 0x4d, 0x61, 0x73, 0x6b, //  bgfx_sampleMask
	0x20, 0x5b, 0x5b, 0x66, 0x75, 0x6e, 0x63, 0x74, 0x69, 0x6f, 0x6e, 0x5f, 0x63, 0x6f, 0x6e, 0x73, //  [[function_cons
	0x74, 0x61, 0x6e, 0x74, 0x28, 0x30, 0x29, 0x5d, 0x5d, 0x3b, 0x0a, 0x63, 0x6f, 0x6e, 0x73, 0x74, // tant(0)]];.const
	0x61, 0x6e, 0x74, 0x20, 0x62, 0x6f, 0x6f, 0x6c, 0x20, 0x62, 0x67, 0x66, 0x78, 0x5f, 0x73, 0x61, // ant bool bgfx_sa
	0x6d, 0x70, 0x6c, 0x65, 0x4d, 0x61, 0x73, 0x6b, 0x45, 0x6e, 0x61, 0x62, 0x6c, 0x65, 0x64, 0x20, // mpleMaskEnabled 
	0x3d, 0x20, 0x69, 0x73, 0x5f, 0x66, 0x75, 0x6e, 0x63, 0x74, 0x69, 0x6f, 0x6e, 0x5f, 0x63, 0x6f, // = is_function_co
	0x6e, 0x73, 0x74, 0x61, 0x6e, 0x74, 0x5f, 0x64, 0x65, 0x66, 0x69, 0x6e, 0x65, 0x64, 0x28, 0x62, // nstant_defined(b
	0x67, 0x66, 0x78, 0x5f, 0x73, 0x61, 0x6d, 0x70, 0x6c, 0x65, 0x4d, 0x61, 0x73, 0x6b, 0x29, 0x3b, // gfx_sampleMask);
	0x0a, 0x0a, 0x73, 0x74, 0x72, 0x75, 0x63, 0x74, 0x20, 0x78, 0x6c, 0x61, 0x74, 0x4d, 0x74, 0x6c, // ..struct xlatMtl
	0x4d, 0x61, 0x69, 0x6e, 0x5f, 0x6f, 0x75, 0x74, 0x0a, 0x7b, 0x0a, 0x09, 0x75, 0x69, 0x6e, 0x74, // Main_out.{..uint
	0x20, 0x62, 0x67, 0x66, 0x78, 0x5f, 0x6d, 0x65, 0x74, 0x61, 0x6c, 0x5f, 0x73, 0x61, 0x6d, 0x70, //  bgfx_metal_samp
	0x6c, 0x65, 0x4d, 0x61, 0x73, 0x6b, 0x20, 0x5b, 0x5b, 0x73, 0x61, 0x6d, 0x70, 0x6c, 0x65, 0x5f, // leMask [[sample_
	0x6d, 0x61, 0x73, 0x6b, 0x2c, 0x20, 0x66, 0x75, 0x6e, 0x63, 0x74, 0x69, 0x6f, 0x6e, 0x5f, 0x63, // mask, function_c
	0x6f, 0x6e, 0x73, 0x74, 0x61, 0x6e, 0x74, 0x28, 0x62, 0x67, 0x66, 0x78, 0x5f, 0x73, 0x61, 0x6d, // onstant(bgfx_sam
	0x70, 0x6c, 0x65, 0x4d, 0x61, 0x73, 0x6b, 0x45, 0x6e, 0x61, 0x62, 0x6c, 0x65, 0x64, 0x29, 0x5d, // pleMaskEnabled)]
	0x5d, 0x3b, 0x0a, 0x20, 0x20, 0x20, 0x20, 0x66, 0x6c, 0x6f, 0x61, 0x74, 0x34, 0x20, 0x62, 0x67, // ];.    float4 bg
	0x66, 0x78, 0x5f, 0x46, 0x72, 0x61, 0x67, 0x44, 0x61, 0x74, 0x61, 0x30, 0x20, 0x5b, 0x5b, 0x63, // fx_FragData0 [[c
	0x6f, 0x6c, 0x6f, 0x72, 0x28, 0x30, 0x29, 0x5d, 0x5d, 0x3b, 0x0a, 0x7d, 0x3b, 0x0a, 0x0a, 0x73, // olor(0)]];.};..s
	0x74, 0x72, 0x75, 0x63, 0x74, 0x20, 0x78, 0x6c, 0x61, 0x74, 0x4d, 0x74, 0x6c, 0x4d, 0x61, 0x69, // truct xlatMtlMai
	0x6e, 0x5f, 0x69, 0x6e, 0x0a, 0x7b, 0x0a, 0x20, 0x20, 0x20, 0x20, 0x66, 0x6c, 0x6f, 0x61, 0x74, // n_in.{.    float
	0x34, 0x20, 0x76, 0x5f, 0x43, 0x6f, 0x6c, 0x6f, 0x72, 0x20, 0x5b, 0x5b, 0x75, 0x73, 0x65, 0x72, // 4 v_Color [[user
	0x28, 0x6c, 0x6f, 0x63, 0x6e, 0x30, 0x29, 0x5d, 0x5d, 0x3b, 0x0a, 0x20, 0x20, 0x20, 0x20, 0x66, // (locn0)]];.    f
	0x6c, 0x6f, 0x61, 0x74, 0x34, 0x20, 0x76, 0x5f, 0x50, 0x6f, 0x73, 0x50, 0x20, 0x5b, 0x5b, 0x75, // loat4 v_PosP [[u
	0x73, 0x65, 0x72, 0x28, 0x6c, 0x6f, 0x63, 0x6e, 0x31, 0x29, 0x5d, 0x5d, 0x3b, 0x0a, 0x20, 0x20, // ser(locn1)]];.  
	0x20, 0x20, 0x66, 0x6c, 0x6f, 0x61, 0x74, 0x32, 0x20, 0x76, 0x5f, 0x55, 0x56, 0x20, 0x5b, 0x5b, //   float2 v_UV [[
	0x75, 0x73, 0x65, 0x72, 0x28, 0x6c, 0x6f, 0x63, 0x6e, 0x32, 0x29, 0x5d, 0x5d, 0x3b, 0x0a, 0x7d, // user(locn2)]];.}
	0x3b, 0x0a, 0x0a, 0x66, 0x72, 0x61, 0x67, 0x6d, 0x65, 0x6e, 0x74, 0x20, 0x78, 0x6c, 0x61, 0x74, // ;..fragment xlat
	0x4d, 0x74, 0x6c, 0x4d, 0x61, 0x69, 0x6e, 0x5f, 0x6f, 0x75, 0x74, 0x20, 0x78, 0x6c, 0x61, 0x74, // MtlMain_out xlat
	0x4d, 0x74, 0x6c, 0x4d, 0x61, 0x69, 0x6e, 0x28, 0x78, 0x6c, 0x61, 0x74, 0x4d, 0x74, 0x6c, 0x4d, // MtlMain(xlatMtlM
	0x61, 0x69, 0x6e, 0x5f, 0x69, 0x6e, 0x20, 0x69, 0x6e, 0x20, 0x5b, 0x5b, 0x73, 0x74, 0x61, 0x67, // ain_in in [[stag
	0x65, 0x5f, 0x69, 0x6e, 0x5d, 0x5d, 0x2c, 0x20, 0x63, 0x6f, 0x6e, 0x73, 0x74, 0x61, 0x6e, 0x74, // e_in]], constant
	0x20, 0x5f, 0x47, 0x6c, 0x6f, 0x62, 0x61, 0x6c, 0x26, 0x20, 0x5f, 0x6d, 0x74, 0x6c, 0x5f, 0x75, //  _Global& _mtl_u
	0x20, 0x5b, 0x5b, 0x62, 0x75, 0x66, 0x66, 0x65, 0x72, 0x28, 0x30, 0x29, 0x5d, 0x5d, 0x2c, 0x20, //  [[buffer(0)]], 
	0x74, 0x65, 0x78, 0x74, 0x75, 0x72, 0x65, 0x32, 0x64, 0x3c, 0x66, 0x6c, 0x6f, 0x61, 0x74, 0x3e, // texture2d<float>
	0x20, 0x73, 0x5f, 0x63, 0x6f, 0x6c, 0x6f, 0x72, 0x54, 0x65, 0x78, 0x20, 0x5b, 0x5b, 0x74, 0x65, //  s_colorTex [[te
	0x78, 0x74, 0x75, 0x72, 0x65, 0x28, 0x30, 0x29, 0x5d, 0x5d, 0x2c, 0x20, 0x74, 0x65, 0x78, 0x74, // xture(0)]], text
	0x75, 0x72, 0x65, 0x32, 0x64, 0x3c, 0x66, 0x6c, 0x6f, 0x61, 0x74, 0x3e, 0x20, 0x73, 0x5f, 0x64, // ure2d<float> s_d
	0x65, 0x70, 0x74, 0x68, 0x54, 0x65, 0x78, 0x20, 0x5b, 0x5b, 0x74, 0x65, 0x78, 0x74, 0x75, 0x72, // epthTex [[textur
	0x65, 0x28, 0x31, 0x29, 0x5d, 0x5d, 0x2c, 0x20, 0x73, 0x61, 0x6d, 0x70, 0x6c, 0x65, 0x72, 0x20, // e(1)]], sampler 
	0x73, 0x5f, 0x63, 0x6f, 0x6c, 0x6f, 0x72, 0x54, 0x65, 0x78, 0x53, 0x61, 0x6d, 0x70, 0x6c, 0x65, // s_colorTexSample
	0x72, 0x20, 0x5b, 0x5b, 0x73, 0x61, 0x6d, 0x70, 0x6c, 0x65, 0x72, 0x28, 0x30, 0x29, 0x5d, 0x5d, // r [[sampler(0)]]
	0x2c, 0x20, 0x73, 0x61, 0x6d, 0x70, 0x6c, 0x65, 0x72, 0x20, 0x73, 0x5f, 0x64, 0x65, 0x70, 0x74, // , sampler s_dept
	0x68, 0x54, 0x65, 0x78, 0x53, 0x61, 0x6d, 0x70, 0x6c, 0x65, 0x72, 0x20, 0x5b, 0x5b, 0x73, 0x61, // hTexSampler [[sa
	0x6d, 0x70, 0x6c, 0x65, 0x72, 0x28, 0x31, 0x29, 0x5d, 0x5d, 0x29, 0x0a, 0x7b, 0x0a, 0x20, 0x20, // mpler(1)]]).{.  
	0x20, 0x20, 0x78, 0x6c, 0x61, 0x74, 0x4d, 0x74, 0x6c, 0x4d, 0x61, 0x69, 0x6e, 0x5f, 0x6f, 0x75, //   xlatMtlMain_ou
	0x74, 0x20, 0x6f, 0x75, 0x74, 0x20, 0x3d, 0x20, 0x7b, 0x7d, 0x3b, 0x0a, 0x09, 0x69, 0x66, 0x20, // t out = {};..if 
	0x28, 0x62, 0x67, 0x66, 0x78, 0x5f, 0x73, 0x61, 0x6d, 0x70, 0x6c, 0x65, 0x4d, 0x61, 0x73, 0x6b, // (bgfx_sampleMask
	0x45, 0x6e, 0x61, 0x62, 0x6c, 0x65, 0x64, 0x29, 0x20, 0x7b, 0x20, 0x6f, 0x75, 0x74, 0x2e, 0x62, // Enabled) { out.b
	0x67, 0x66, 0x78, 0x5f, 0x6d, 0x65, 0x74, 0x61, 0x6c, 0x5f, 0x73, 0x61, 0x6d, 0x70, 0x6c, 0x65, // gfx_metal_sample
	0x4d, 0x61, 0x73, 0x6b, 0x20, 0x3d, 0x20, 0x62, 0x67, 0x66, 0x78, 0x5f, 0x73, 0x61, 0x6d, 0x70, // Mask = bgfx_samp
	0x6c, 0x65, 0x4d, 0x61, 0x73, 0x6b, 0x3b, 0x20, 0x7d, 0x0a, 0x20, 0x20, 0x20, 0x20, 0x62, 0x6f, // leMask; }.    bo
	0x6f, 0x6c, 0x20, 0x5f, 0x37, 0x30, 0x35, 0x3b, 0x0a, 0x20, 0x20, 0x20, 0x20, 0x66, 0x6c, 0x6f, // ol _705;.    flo
	0x61, 0x74, 0x34, 0x20, 0x5f, 0x36, 0x39, 0x36, 0x20, 0x3d, 0x20, 0x73, 0x5f, 0x63, 0x6f, 0x6c, // at4 _696 = s_col
	0x6f, 0x72, 0x54, 0x65, 0x78, 0x2e, 0x73, 0x61, 0x6d, 0x70, 0x6c, 0x65, 0x28, 0x73, 0x5f, 0x63, // orTex.sample(s_c
	0x6f, 0x6c, 0x6f, 0x72, 0x54, 0x65, 0x78, 0x53, 0x61, 0x6d, 0x70, 0x6c, 0x65, 0x72, 0x2c, 0x20, // olorTexSampler, 
	0x69, 0x6e, 0x2e, 0x76, 0x5f, 0x55, 0x56, 0x29, 0x3b, 0x0a, 0x20, 0x20, 0x20, 0x20, 0x66, 0x6c, // in.v_UV);.    fl
	0x6f, 0x61, 0x74, 0x34, 0x20, 0x5f, 0x39, 0x35, 0x34, 0x3b, 0x0a, 0x20, 0x20, 0x20, 0x20, 0x64, // oat4 _954;.    d
	0x6f, 0x0a, 0x20, 0x20, 0x20, 0x20, 0x7b, 0x0a, 0x20, 0x20, 0x20, 0x20, 0x20, 0x20, 0x20, 0x20, // o.    {.        
	0x5f, 0x37, 0x30, 0x35, 0x20, 0x3d, 0x20, 0x5f, 0x6d, 0x74, 0x6c, 0x5f, 0x75, 0x2e, 0x75, 0x5f, // _705 = _mtl_u.u_
	0x66, 0x73, 0x6d, 0x69, 0x73, 0x63, 0x46, 0x6c, 0x61, 0x67, 0x73, 0x2e, 0x78, 0x20, 0x3d, 0x3d, // fsmiscFlags.x ==
	0x20, 0x30, 0x2e, 0x30, 0x3b, 0x0a, 0x20, 0x20, 0x20, 0x20, 0x20, 0x20, 0x20, 0x20, 0x69, 0x66, //  0.0;.        if
	0x20, 0x28, 0x5f, 0x37, 0x30, 0x35, 0x29, 0x0a, 0x20, 0x20, 0x20, 0x20, 0x20, 0x20, 0x20, 0x20, //  (_705).        
	0x7b, 0x0a, 0x20, 0x20, 0x20, 0x20, 0x20, 0x20, 0x20, 0x20, 0x20, 0x20, 0x20, 0x20, 0x5f, 0x39, // {.            _9
	0x35, 0x34, 0x20, 0x3d, 0x20, 0x5f, 0x36, 0x39, 0x36, 0x3b, 0x0a, 0x20, 0x20, 0x20, 0x20, 0x20, // 54 = _696;.     
	0x20, 0x20, 0x20, 0x20, 0x20, 0x20, 0x20, 0x62, 0x72, 0x65, 0x61, 0x6b, 0x3b, 0x0a, 0x20, 0x20, //        break;.  
	0x20, 0x20, 0x20, 0x20, 0x20, 0x20, 0x7d, 0x0a, 0x20, 0x20, 0x20, 0x20, 0x20, 0x20, 0x20, 0x20, //       }.        
	0x5f, 0x39, 0x35, 0x34, 0x20, 0x3d, 0x20, 0x66, 0x6c, 0x6f, 0x61, 0x74, 0x34, 0x28, 0x66, 0x61, // _954 = float4(fa
	0x73, 0x74, 0x3a, 0x3a, 0x6d, 0x61, 0x78, 0x28, 0x28, 0x70, 0x6f, 0x77, 0x72, 0x28, 0x66, 0x61, // st::max((powr(fa
	0x73, 0x74, 0x3a, 0x3a, 0x6d, 0x61, 0x78, 0x28, 0x61, 0x62, 0x73, 0x28, 0x5f, 0x36, 0x39, 0x36, // st::max(abs(_696
	0x2e, 0x78, 0x79, 0x7a, 0x29, 0x2c, 0x20, 0x66, 0x6c, 0x6f, 0x61, 0x74, 0x33, 0x28, 0x31, 0x2e, // .xyz), float3(1.
	0x31, 0x39, 0x32, 0x30, 0x39, 0x32, 0x38, 0x39, 0x35, 0x35, 0x30, 0x37, 0x38, 0x31, 0x32, 0x35, // 1920928955078125
	0x65, 0x2d, 0x30, 0x37, 0x29, 0x29, 0x2c, 0x20, 0x66, 0x6c, 0x6f, 0x61, 0x74, 0x33, 0x28, 0x30, // e-07)), float3(0
	0x2e, 0x34, 0x31, 0x36, 0x36, 0x36, 0x36, 0x36, 0x35, 0x36, 0x37, 0x33, 0x32, 0x35, 0x35, 0x39, // .416666656732559
	0x32, 0x30, 0x34, 0x31, 0x30, 0x31, 0x35, 0x36, 0x32, 0x35, 0x29, 0x29, 0x20, 0x2a, 0x20, 0x31, // 2041015625)) * 1
	0x2e, 0x30, 0x35, 0x34, 0x39, 0x39, 0x39, 0x39, 0x34, 0x37, 0x35, 0x34, 0x37, 0x39, 0x31, 0x32, // .054999947547912
	0x35, 0x39, 0x37, 0x36, 0x35, 0x36, 0x32, 0x35, 0x29, 0x20, 0x2d, 0x20, 0x66, 0x6c, 0x6f, 0x61, // 59765625) - floa
	0x74, 0x33, 0x28, 0x30, 0x2e, 0x30, 0x35, 0x34, 0x39, 0x39, 0x39, 0x39, 0x39, 0x39, 0x37, 0x30, // t3(0.05499999970
	0x31, 0x39, 0x37, 0x36, 0x37, 0x37, 0x36, 0x31, 0x32, 0x33, 0x30, 0x34, 0x36, 0x38, 0x37, 0x35, // 1976776123046875
	0x29, 0x2c, 0x20, 0x66, 0x6c, 0x6f, 0x61, 0x74, 0x33, 0x28, 0x30, 0x2e, 0x30, 0x29, 0x29, 0x2c, // ), float3(0.0)),
	0x20, 0x5f, 0x36, 0x39, 0x36, 0x2e, 0x77, 0x29, 0x3b, 0x0a, 0x20, 0x20, 0x20, 0x20, 0x20, 0x20, //  _696.w);.      
	0x20, 0x20, 0x62, 0x72, 0x65, 0x61, 0x6b, 0x3b, 0x0a, 0x20, 0x20, 0x20, 0x20, 0x7d, 0x20, 0x77, //   break;.    } w
	0x68, 0x69, 0x6c, 0x65, 0x28, 0x66, 0x61, 0x6c, 0x73, 0x65, 0x29, 0x3b, 0x0a, 0x20, 0x20, 0x20, // hile(false);.   
	0x20, 0x66, 0x6c, 0x6f, 0x61, 0x74, 0x34, 0x20, 0x5f, 0x36, 0x30, 0x38, 0x20, 0x3d, 0x20, 0x5f, //  float4 _608 = _
	0x39, 0x35, 0x34, 0x20, 0x2a, 0x20, 0x69, 0x6e, 0x2e, 0x76, 0x5f, 0x43, 0x6f, 0x6c, 0x6f, 0x72, // 954 * in.v_Color
	0x3b, 0x0a, 0x20, 0x20, 0x20, 0x20, 0x66, 0x6c, 0x6f, 0x61, 0x74, 0x33, 0x20, 0x5f, 0x36, 0x31, // ;.    float3 _61
	0x34, 0x20, 0x3d, 0x20, 0x5f, 0x36, 0x30, 0x38, 0x2e, 0x78, 0x79, 0x7a, 0x20, 0x2a, 0x20, 0x5f, // 4 = _608.xyz * _
	0x6d, 0x74, 0x6c, 0x5f, 0x75, 0x2e, 0x75, 0x5f, 0x66, 0x73, 0x66, 0x45, 0x6d, 0x69, 0x73, 0x73, // mtl_u.u_fsfEmiss
	0x69, 0x76, 0x65, 0x53, 0x63, 0x61, 0x6c, 0x69, 0x6e, 0x67, 0x2e, 0x78, 0x3b, 0x0a, 0x20, 0x20, // iveScaling.x;.  
	0x20, 0x20, 0x66, 0x6c, 0x6f, 0x61, 0x74, 0x20, 0x5f, 0x36, 0x31, 0x36, 0x20, 0x3d, 0x20, 0x5f, //   float _616 = _
	0x36, 0x31, 0x34, 0x2e, 0x78, 0x3b, 0x0a, 0x20, 0x20, 0x20, 0x20, 0x66, 0x6c, 0x6f, 0x61, 0x74, // 614.x;.    float
	0x34, 0x20, 0x5f, 0x39, 0x37, 0x30, 0x20, 0x3d, 0x20, 0x5f, 0x36, 0x30, 0x38, 0x3b, 0x0a, 0x20, // 4 _970 = _608;. 
	0x20, 0x20, 0x20, 0x5f, 0x39, 0x37, 0x30, 0x2e, 0x78, 0x20, 0x3d, 0x20, 0x5f, 0x36, 0x31, 0x36, //    _970.x = _616
	0x3b, 0x0a, 0x20, 0x20, 0x20, 0x20, 0x5f, 0x39, 0x37, 0x30, 0x2e, 0x79, 0x20, 0x3d, 0x20, 0x5f, // ;.    _970.y = _
	0x36, 0x31, 0x34, 0x2e, 0x79, 0x3b, 0x0a, 0x20, 0x20, 0x20, 0x20, 0x5f, 0x39, 0x37, 0x30, 0x2e, // 614.y;.    _970.
	0x7a, 0x20, 0x3d, 0x20, 0x5f, 0x36, 0x31, 0x34, 0x2e, 0x7a, 0x3b, 0x0a, 0x20, 0x20, 0x20, 0x20, // z = _614.z;.    
	0x66, 0x6c, 0x6f, 0x61, 0x74, 0x34, 0x20, 0x5f, 0x36, 0x32, 0x39, 0x20, 0x3d, 0x20, 0x69, 0x6e, // float4 _629 = in
	0x2e, 0x76, 0x5f, 0x50, 0x6f, 0x73, 0x50, 0x20, 0x2f, 0x20, 0x66, 0x6c, 0x6f, 0x61, 0x74, 0x34, // .v_PosP / float4
	0x28, 0x69, 0x6e, 0x2e, 0x76, 0x5f, 0x50, 0x6f, 0x73, 0x50, 0x2e, 0x77, 0x29, 0x3b, 0x0a, 0x20, // (in.v_PosP.w);. 
	0x20, 0x20, 0x20, 0x66, 0x6c, 0x6f, 0x61, 0x74, 0x32, 0x20, 0x5f, 0x36, 0x33, 0x35, 0x20, 0x3d, //    float2 _635 =
	0x20, 0x28, 0x5f, 0x36, 0x32, 0x39, 0x2e, 0x78, 0x79, 0x20, 0x2b, 0x20, 0x66, 0x6c, 0x6f, 0x61, //  (_629.xy + floa
	0x74, 0x32, 0x28, 0x31, 0x2e, 0x30, 0x29, 0x29, 0x20, 0x2a, 0x20, 0x66, 0x6c, 0x6f, 0x61, 0x74, // t2(1.0)) * float
	0x32, 0x28, 0x30, 0x2e, 0x35, 0x29, 0x3b, 0x0a, 0x20, 0x20, 0x20, 0x20, 0x5f, 0x36, 0x33, 0x35, // 2(0.5);.    _635
	0x2e, 0x79, 0x20, 0x3d, 0x20, 0x5f, 0x6d, 0x74, 0x6c, 0x5f, 0x75, 0x2e, 0x75, 0x5f, 0x66, 0x73, // .y = _mtl_u.u_fs
	0x6d, 0x55, 0x56, 0x49, 0x6e, 0x76, 0x65, 0x72, 0x73, 0x65, 0x64, 0x42, 0x61, 0x63, 0x6b, 0x2e, // mUVInversedBack.
	0x78, 0x20, 0x2b, 0x20, 0x28, 0x5f, 0x6d, 0x74, 0x6c, 0x5f, 0x75, 0x2e, 0x75, 0x5f, 0x66, 0x73, // x + (_mtl_u.u_fs
	0x6d, 0x55, 0x56, 0x49, 0x6e, 0x76, 0x65, 0x72, 0x73, 0x65, 0x64, 0x42, 0x61, 0x63, 0x6b, 0x2e, // mUVInversedBack.
	0x79, 0x20, 0x2a, 0x20, 0x28, 0x31, 0x2e, 0x30, 0x20, 0x2d, 0x20, 0x5f, 0x36, 0x33, 0x35, 0x2e, // y * (1.0 - _635.
	0x79, 0x29, 0x29, 0x3b, 0x0a, 0x20, 0x20, 0x20, 0x20, 0x66, 0x6c, 0x6f, 0x61, 0x74, 0x34, 0x20, // y));.    float4 
	0x5f, 0x31, 0x30, 0x30, 0x32, 0x3b, 0x0a, 0x20, 0x20, 0x20, 0x20, 0x69, 0x66, 0x20, 0x28, 0x5f, // _1002;.    if (_
	0x6d, 0x74, 0x6c, 0x5f, 0x75, 0x2e, 0x75, 0x5f, 0x66, 0x73, 0x73, 0x6f, 0x66, 0x74, 0x50, 0x61, // mtl_u.u_fssoftPa
	0x72, 0x74, 0x69, 0x63, 0x6c, 0x65, 0x50, 0x61, 0x72, 0x61, 0x6d, 0x2e, 0x77, 0x20, 0x21, 0x3d, // rticleParam.w !=
	0x20, 0x30, 0x2e, 0x30, 0x29, 0x0a, 0x20, 0x20, 0x20, 0x20, 0x7b, 0x0a, 0x20, 0x20, 0x20, 0x20, //  0.0).    {.    
	0x20, 0x20, 0x20, 0x20, 0x66, 0x6c, 0x6f, 0x61, 0x74, 0x32, 0x20, 0x5f, 0x38, 0x32, 0x34, 0x20, //     float2 _824 
	0x3d, 0x20, 0x66, 0x6c, 0x6f, 0x61, 0x74, 0x32, 0x28, 0x28, 0x73, 0x5f, 0x64, 0x65, 0x70, 0x74, // = float2((s_dept
	0x68, 0x54, 0x65, 0x78, 0x2e, 0x73, 0x61, 0x6d, 0x70, 0x6c, 0x65, 0x28, 0x73, 0x5f, 0x64, 0x65, // hTex.sample(s_de
	0x70, 0x74, 0x68, 0x54, 0x65, 0x78, 0x53, 0x61, 0x6d, 0x70, 0x6c, 0x65, 0x72, 0x2c, 0x20, 0x5f, // pthTexSampler, _
	0x36, 0x33, 0x35, 0x29, 0x2e, 0x78, 0x20, 0x2a, 0x20, 0x5f, 0x6d, 0x74, 0x6c, 0x5f, 0x75, 0x2e, // 635).x * _mtl_u.
	0x75, 0x5f, 0x66, 0x73, 0x72, 0x65, 0x63, 0x6f, 0x6e, 0x73, 0x74, 0x72, 0x75, 0x63, 0x74, 0x69, // u_fsreconstructi
	0x6f, 0x6e, 0x50, 0x61, 0x72, 0x61, 0x6d, 0x31, 0x2e, 0x78, 0x29, 0x20, 0x2b, 0x20, 0x5f, 0x6d, // onParam1.x) + _m
	0x74, 0x6c, 0x5f, 0x75, 0x2e, 0x75, 0x5f, 0x66, 0x73, 0x72, 0x65, 0x63, 0x6f, 0x6e, 0x73, 0x74, // tl_u.u_fsreconst
	0x72, 0x75, 0x63, 0x74, 0x69, 0x6f, 0x6e, 0x50, 0x61, 0x72, 0x61, 0x6d, 0x31, 0x2e, 0x79, 0x2c, // ructionParam1.y,
	0x20, 0x5f, 0x36, 0x32, 0x39, 0x2e, 0x7a, 0x29, 0x3b, 0x0a, 0x20, 0x20, 0x20, 0x20, 0x20, 0x20, //  _629.z);.      
	0x20, 0x20, 0x66, 0x6c, 0x6f, 0x61, 0x74, 0x32, 0x20, 0x5f, 0x38, 0x34, 0x31, 0x20, 0x3d, 0x20, //   float2 _841 = 
	0x28, 0x28, 0x5f, 0x38, 0x32, 0x34, 0x20, 0x2a, 0x20, 0x5f, 0x6d, 0x74, 0x6c, 0x5f, 0x75, 0x2e, // ((_824 * _mtl_u.
	0x75, 0x5f, 0x66, 0x73, 0x72, 0x65, 0x63, 0x6f, 0x6e, 0x73, 0x74, 0x72, 0x75, 0x63, 0x74, 0x69, // u_fsreconstructi
	0x6f, 0x6e, 0x50, 0x61, 0x72, 0x61, 0x6d, 0x32, 0x2e, 0x77, 0x29, 0x20, 0x2d, 0x20, 0x66, 0x6c, // onParam2.w) - fl
	0x6f, 0x61, 0x74, 0x32, 0x28, 0x5f, 0x6d, 0x74, 0x6c, 0x5f, 0x75, 0x2e, 0x75, 0x5f, 0x66, 0x73, // oat2(_mtl_u.u_fs
	0x72, 0x65, 0x63, 0x6f, 0x6e, 0x73, 0x74, 0x72, 0x75, 0x63, 0x74, 0x69, 0x6f, 0x6e, 0x50, 0x61, // reconstructionPa
	0x72, 0x61, 0x6d, 0x32, 0x2e, 0x79, 0x29, 0x29, 0x20, 0x2f, 0x20, 0x28, 0x66, 0x6c, 0x6f, 0x61, // ram2.y)) / (floa
	0x74, 0x32, 0x28, 0x5f, 0x6d, 0x74, 0x6c, 0x5f, 0x75, 0x2e, 0x75, 0x5f, 0x66, 0x73, 0x72, 0x65, // t2(_mtl_u.u_fsre
	0x63, 0x6f, 0x6e, 0x73, 0x74, 0x72, 0x75, 0x63, 0x74, 0x69, 0x6f, 0x6e, 0x50, 0x61, 0x72, 0x61, // constructionPara
	0x6d, 0x32, 0x2e, 0x78, 0x29, 0x20, 0x2d, 0x20, 0x28, 0x5f, 0x38, 0x32, 0x34, 0x20, 0x2a, 0x20, // m2.x) - (_824 * 
	0x5f, 0x6d, 0x74, 0x6c, 0x5f, 0x75, 0x2e, 0x75, 0x5f, 0x66, 0x73, 0x72, 0x65, 0x63, 0x6f, 0x6e, // _mtl_u.u_fsrecon
	0x73, 0x74, 0x72, 0x75, 0x63, 0x74, 0x69, 0x6f, 0x6e, 0x50, 0x61, 0x72, 0x61, 0x6d, 0x32, 0x2e, // structionParam2.
	0x7a, 0x29, 0x29, 0x3b, 0x0a, 0x20, 0x20, 0x20, 0x20, 0x20, 0x20, 0x20, 0x20, 0x66, 0x6c, 0x6f, // z));.        flo
	0x61, 0x74, 0x32, 0x20, 0x5f, 0x38, 0x34, 0x37, 0x20, 0x3d, 0x20, 0x5f, 0x38, 0x34, 0x31, 0x20, // at2 _847 = _841 
	0x2a, 0x20, 0x73, 0x69, 0x67, 0x6e, 0x28, 0x5f, 0x38, 0x34, 0x31, 0x2e, 0x78, 0x29, 0x3b, 0x0a, // * sign(_841.x);.
	0x20, 0x20, 0x20, 0x20, 0x20, 0x20, 0x20, 0x20, 0x66, 0x6c, 0x6f, 0x61, 0x74, 0x20, 0x5f, 0x38, //         float _8
	0x35, 0x31, 0x20, 0x3d, 0x20, 0x5f, 0x38, 0x34, 0x37, 0x2e, 0x79, 0x3b, 0x0a, 0x20, 0x20, 0x20, // 51 = _847.y;.   
	0x20, 0x20, 0x20, 0x20, 0x20, 0x5f, 0x31, 0x30, 0x30, 0x32, 0x20, 0x3d, 0x20, 0x66, 0x6c, 0x6f, //      _1002 = flo
	0x61, 0x74, 0x34, 0x28, 0x5f, 0x36, 0x31, 0x36, 0x2c, 0x20, 0x5f, 0x36, 0x31, 0x34, 0x2e, 0x79, // at4(_616, _614.y
	0x7a, 0x2c, 0x20, 0x5f, 0x36, 0x30, 0x38, 0x2e, 0x77, 0x20, 0x2a, 0x20, 0x66, 0x61, 0x73, 0x74, // z, _608.w * fast
	0x3a, 0x3a, 0x6d, 0x69, 0x6e, 0x28, 0x66, 0x61, 0x73, 0x74, 0x3a, 0x3a, 0x6d, 0x61, 0x78, 0x28, // ::min(fast::max(
	0x66, 0x61, 0x73, 0x74, 0x3a, 0x3a, 0x6d, 0x69, 0x6e, 0x28, 0x28, 0x5f, 0x38, 0x34, 0x37, 0x2e, // fast::min((_847.
	0x78, 0x20, 0x2d, 0x20, 0x5f, 0x38, 0x35, 0x31, 0x29, 0x20, 0x2f, 0x20, 0x5f, 0x6d, 0x74, 0x6c, // x - _851) / _mtl
	0x5f, 0x75, 0x2e, 0x75, 0x5f, 0x66, 0x73, 0x73, 0x6f, 0x66, 0x74, 0x50, 0x61, 0x72, 0x74, 0x69, // _u.u_fssoftParti
	0x63, 0x6c, 0x65, 0x50, 0x61, 0x72, 0x61, 0x6d, 0x2e, 0x78, 0x2c, 0x20, 0x28, 0x5f, 0x38, 0x35, // cleParam.x, (_85
	0x31, 0x20, 0x2d, 0x20, 0x5f, 0x6d, 0x74, 0x6c, 0x5f, 0x75, 0x2e, 0x75, 0x5f, 0x66, 0x73, 0x73, // 1 - _mtl_u.u_fss
	0x6f, 0x66, 0x74, 0x50, 0x61, 0x72, 0x74, 0x69, 0x63, 0x6c, 0x65, 0x50, 0x61, 0x72, 0x61, 0x6d, // oftParticleParam
	0x2e, 0x7a, 0x29, 0x20, 0x2f, 0x20, 0x5f, 0x6d, 0x74, 0x6c, 0x5f, 0x75, 0x2e, 0x75, 0x5f, 0x66, // .z) / _mtl_u.u_f
	0x73, 0x73, 0x6f, 0x66, 0x74, 0x50, 0x61, 0x72, 0x74, 0x69, 0x63, 0x6c, 0x65, 0x50, 0x61, 0x72, // ssoftParticlePar
	0x61, 0x6d, 0x2e, 0x79, 0x29, 0x2c, 0x20, 0x30, 0x2e, 0x30, 0x29, 0x2c, 0x20, 0x31, 0x2e, 0x30, // am.y), 0.0), 1.0
	0x29, 0x29, 0x3b, 0x0a, 0x20, 0x20, 0x20, 0x20, 0x7d, 0x0a, 0x20, 0x20, 0x20, 0x20, 0x65, 0x6c, // ));.    }.    el
	0x73, 0x65, 0x0a, 0x20, 0x20, 0x20, 0x20, 0x7b, 0x0a, 0x20, 0x20, 0x20, 0x20, 0x20, 0x20, 0x20, // se.    {.       
	0x20, 0x5f, 0x31, 0x30, 0x30, 0x32, 0x20, 0x3d, 0x20, 0x5f, 0x39, 0x37, 0x30, 0x3b, 0x0a, 0x20, //  _1002 = _970;. 
	0x20, 0x20, 0x20, 0x7d, 0x0a, 0x20, 0x20, 0x20, 0x20, 0x69, 0x66, 0x20, 0x28, 0x5f, 0x31, 0x30, //    }.    if (_10
	0x30, 0x32, 0x2e, 0x77, 0x20, 0x3d, 0x3d, 0x20, 0x30, 0x2e, 0x30, 0x29, 0x0a, 0x20, 0x20, 0x20, // 02.w == 0.0).   
	0x20, 0x7b, 0x0a, 0x20, 0x20, 0x20, 0x20, 0x20, 0x20, 0x20, 0x20, 0x64, 0x69, 0x73, 0x63, 0x61, //  {.        disca
	0x72, 0x64, 0x5f, 0x66, 0x72, 0x61, 0x67, 0x6d, 0x65, 0x6e, 0x74, 0x28, 0x29, 0x3b, 0x0a, 0x20, // rd_fragment();. 
	0x20, 0x20, 0x20, 0x7d, 0x0a, 0x20, 0x20, 0x20, 0x20, 0x66, 0x6c, 0x6f, 0x61, 0x74, 0x34, 0x20, //    }.    float4 
	0x5f, 0x39, 0x35, 0x35, 0x3b, 0x0a, 0x20, 0x20, 0x20, 0x20, 0x64, 0x6f, 0x0a, 0x20, 0x20, 0x20, // _955;.    do.   
	0x20, 0x7b, 0x0a, 0x20, 0x20, 0x20, 0x20, 0x20, 0x20, 0x20, 0x20, 0x69, 0x66, 0x20, 0x28, 0x5f, //  {.        if (_
	0x37, 0x30, 0x35, 0x29, 0x0a, 0x20, 0x20, 0x20, 0x20, 0x20, 0x20, 0x20, 0x20, 0x7b, 0x0a, 0x20, // 705).        {. 
	0x20, 0x20, 0x20, 0x20, 0x20, 0x20, 0x20, 0x20, 0x20, 0x20, 0x20, 0x5f, 0x39, 0x35, 0x35, 0x20, //            _955 
	0x3d, 0x20, 0x5f, 0x31, 0x30, 0x30, 0x32, 0x3b, 0x0a, 0x20, 0x20, 0x20, 0x20, 0x20, 0x20, 0x20, // = _1002;.       
	0x20, 0x20, 0x20, 0x20, 0x20, 0x62, 0x72, 0x65, 0x61, 0x6b, 0x3b, 0x0a, 0x20, 0x20, 0x20, 0x20, //      break;.    
	0x20, 0x20, 0x20, 0x20, 0x7d, 0x0a, 0x20, 0x20, 0x20, 0x20, 0x20, 0x20, 0x20, 0x20, 0x5f, 0x39, //     }.        _9
	0x35, 0x35, 0x20, 0x3d, 0x20, 0x66, 0x6c, 0x6f, 0x61, 0x74, 0x34, 0x28, 0x66, 0x61, 0x73, 0x74, // 55 = float4(fast
	0x3a, 0x3a, 0x6d, 0x69, 0x6e, 0x28, 0x5f, 0x31, 0x30, 0x30, 0x32, 0x2e, 0x78, 0x79, 0x7a, 0x2c, // ::min(_1002.xyz,
	0x20, 0x5f, 0x31, 0x30, 0x30, 0x32, 0x2e, 0x78, 0x79, 0x7a, 0x20, 0x2a, 0x20, 0x28, 0x28, 0x5f, //  _1002.xyz * ((_
	0x31, 0x30, 0x30, 0x32, 0x2e, 0x78, 0x79, 0x7a, 0x20, 0x2a, 0x20, 0x28, 0x28, 0x5f, 0x31, 0x30, // 1002.xyz * ((_10
	0x30, 0x32, 0x2e, 0x78, 0x79, 0x7a, 0x20, 0x2a, 0x20, 0x30, 0x2e, 0x33, 0x30, 0x35, 0x33, 0x30, // 02.xyz * 0.30530
	0x36, 0x30, 0x31, 0x37, 0x33, 0x39, 0x38, 0x38, 0x33, 0x34, 0x32, 0x32, 0x38, 0x35, 0x31, 0x35, // 6017398834228515
	0x36, 0x32, 0x35, 0x29, 0x20, 0x2b, 0x20, 0x66, 0x6c, 0x6f, 0x61, 0x74, 0x33, 0x28, 0x30, 0x2e, // 625) + float3(0.
	0x36, 0x38, 0x32, 0x31, 0x37, 0x31, 0x31, 0x30, 0x36, 0x33, 0x33, 0x38, 0x35, 0x30, 0x30, 0x39, // 6821711063385009
	0x37, 0x36, 0x35, 0x36, 0x32, 0x35, 0x29, 0x29, 0x29, 0x20, 0x2b, 0x20, 0x66, 0x6c, 0x6f, 0x61, // 765625))) + floa
	0x74, 0x33, 0x28, 0x30, 0x2e, 0x30, 0x31, 0x32, 0x35, 0x32, 0x32, 0x38, 0x37, 0x38, 0x31, 0x32, // t3(0.01252287812
	0x35, 0x33, 0x30, 0x39, 0x39, 0x34, 0x34, 0x31, 0x35, 0x32, 0x38, 0x33, 0x32, 0x30, 0x33, 0x31, // 5309944152832031
	0x32, 0x35, 0x29, 0x29, 0x29, 0x2c, 0x20, 0x5f, 0x31, 0x30, 0x30, 0x32, 0x2e, 0x77, 0x29, 0x3b, // 25))), _1002.w);
	0x0a, 0x20, 0x20, 0x20, 0x20, 0x20, 0x20, 0x20, 0x20, 0x62, 0x72, 0x65, 0x61, 0x6b, 0x3b, 0x0a, // .        break;.
	0x20, 0x20, 0x20, 0x20, 0x7d, 0x20, 0x77, 0x68, 0x69, 0x6c, 0x65, 0x28, 0x66, 0x61, 0x6c, 0x73, //     } while(fals
	0x65, 0x29, 0x3b, 0x0a, 0x20, 0x20, 0x20, 0x20, 0x6f, 0x75, 0x74, 0x2e, 0x62, 0x67, 0x66, 0x78, // e);.    out.bgfx
	0x5f, 0x46, 0x72, 0x61, 0x67, 0x44, 0x61, 0x74, 0x61, 0x30, 0x20, 0x3d, 0x20, 0x5f, 0x39, 0x35, // _FragData0 = _95
	0x35, 0x3b, 0x0a, 0x20, 0x20, 0x20, 0x20, 0x72, 0x65, 0x74, 0x75, 0x72, 0x6e, 0x20, 0x6f, 0x75, // 5;.    return ou
	0x74, 0x3b, 0x0a, 0x7d, 0x0a, 0x0a, 0x00, 0x00, 0xa0, 0x00,                                     // t;.}......
};
