static const uint8_t model_lit_ps_essl[3377] =
{
	0x46, 0x53, 0x48, 0x0c, 0x27, 0xdf, 0xc0, 0x3a, 0x00, 0x00, 0x00, 0x00, 0x00, 0x00, 0x00, 0x00, // FSH.'..:........
	0x00, 0x00, 0x00, 0x00, 0x0c, 0x00, 0x0d, 0x75, 0x5f, 0x66, 0x73, 0x6d, 0x69, 0x73, 0x63, 0x46, // .......u_fsmiscF
	0x6c, 0x61, 0x67, 0x73, 0x02, 0x01, 0x00, 0x00, 0x01, 0x00, 0x00, 0x00, 0x00, 0x00, 0x13, 0x75, // lags...........u
	0x5f, 0x66, 0x73, 0x66, 0x4c, 0x69, 0x67, 0x68, 0x74, 0x44, 0x69, 0x72, 0x65, 0x63, 0x74, 0x69, // _fsfLightDirecti
	0x6f, 0x6e, 0x02, 0x01, 0x00, 0x00, 0x01, 0x00, 0x00, 0x00, 0x00, 0x00, 0x0f, 0x75, 0x5f, 0x66, // on...........u_f
	0x73, 0x66, 0x4c, 0x69, 0x67, 0x68, 0x74, 0x43, 0x6f, 0x6c, 0x6f, 0x72, 0x02, 0x01, 0x00, 0x00, // sfLightColor....
	0x01, 0x00, 0x00, 0x00, 0x00, 0x00, 0x11, 0x75, 0x5f, 0x66, 0x73, 0x66, 0x4c, 0x69, 0x67, 0x68, // .......u_fsfLigh
	0x74, 0x41, 0x6d, 0x62, 0x69, 0x65, 0x6e, 0x74, 0x02, 0x01, 0x00, 0x00, 0x01, 0x00, 0x00, 0x00, // tAmbient........
	0x00, 0x00, 0x14, 0x75, 0x5f, 0x66, 0x73, 0x66, 0x45, 0x6d, 0x69, 0x73, 0x73, 0x69, 0x76, 0x65, // ...u_fsfEmissive
	0x53, 0x63, 0x61, 0x6c, 0x69, 0x6e, 0x67, 0x02, 0x01, 0x00, 0x00, 0x01, 0x00, 0x00, 0x00, 0x00, // Scaling.........
	0x00, 0x13, 0x75, 0x5f, 0x66, 0x73, 0x6d, 0x55, 0x56, 0x49, 0x6e, 0x76, 0x65, 0x72, 0x73, 0x65, // ..u_fsmUVInverse
	0x64, 0x42, 0x61, 0x63, 0x6b, 0x02, 0x01, 0x00, 0x00, 0x01, 0x00, 0x00, 0x00, 0x00, 0x00, 0x15, // dBack...........
	0x75, 0x5f, 0x66, 0x73, 0x73, 0x6f, 0x66, 0x74, 0x50, 0x61, 0x72, 0x74, 0x69, 0x63, 0x6c, 0x65, // u_fssoftParticle
	0x50, 0x61, 0x72, 0x61, 0x6d, 0x02, 0x01, 0x00, 0x00, 0x01, 0x00, 0x00, 0x00, 0x00, 0x00, 0x18, // Param...........
	0x75, 0x5f, 0x66, 0x73, 0x72, 0x65, 0x63, 0x6f, 0x6e, 0x73, 0x74, 0x72, 0x75, 0x63, 0x74, 0x69, // u_fsreconstructi
	0x6f, 0x6e, 0x50, 0x61, 0x72, 0x61, 0x6d, 0x31, 0x02, 0x01, 0x00, 0x00, 0x01, 0x00, 0x00, 0x00, // onParam1........
	0x00, 0x00, 0x18, 0x75, 0x5f, 0x66, 0x73, 0x72, 0x65, 0x63, 0x6f, 0x6e, 0x73, 0x74, 0x72, 0x75, // ...u_fsreconstru
	0x63, 0x74, 0x69, 0x6f, 0x6e, 0x50, 0x61, 0x72, 0x61, 0x6d, 0x32, 0x02, 0x01, 0x00, 0x00, 0x01, // ctionParam2.....
	0x00, 0x00, 0x00, 0x00, 0x00, 0x0a, 0x73, 0x5f, 0x63, 0x6f, 0x6c, 0x6f, 0x72, 0x54, 0x65, 0x78, // ......s_colorTex
	0x00, 0x01, 0x00, 0x00, 0x01, 0x00, 0x00, 0x02, 0x00, 0x00, 0x0b, 0x73, 0x5f, 0x6e, 0x6f, 0x72, // ...........s_nor
	0x6d, 0x61, 0x6c, 0x54, 0x65, 0x78, 0x00, 0x01, 0x00, 0x00, 0x01, 0x00, 0x00, 0x02, 0x00, 0x00, // malTex..........
	0x0a, 0x73, 0x5f, 0x64, 0x65, 0x70, 0x74, 0x68, 0x54, 0x65, 0x78, 0x00, 0x01, 0x00, 0x00, 0x01, // .s_depthTex.....
	0x00, 0x00, 0x02, 0x00, 0x00, 0xc7, 0x0b, 0x00, 0x00, 0x70, 0x72, 0x65, 0x63, 0x69, 0x73, 0x69, // .........precisi
	0x6f, 0x6e, 0x20, 0x6d, 0x65, 0x64, 0x69, 0x75, 0x6d, 0x70, 0x20, 0x66, 0x6c, 0x6f, 0x61, 0x74, // on mediump float
	0x3b, 0x0a, 0x70, 0x72, 0x65, 0x63, 0x69, 0x73, 0x69, 0x6f, 0x6e, 0x20, 0x68, 0x69, 0x67, 0x68, // ;.precision high
	0x70, 0x20, 0x69, 0x6e, 0x74, 0x3b, 0x0a, 0x0a, 0x75, 0x6e, 0x69, 0x66, 0x6f, 0x72, 0x6d, 0x20, // p int;..uniform 
	0x68, 0x69, 0x67, 0x68, 0x70, 0x20, 0x76, 0x65, 0x63, 0x34, 0x20, 0x75, 0x5f, 0x66, 0x73, 0x6d, // highp vec4 u_fsm
	0x69, 0x73, 0x63, 0x46, 0x6c, 0x61, 0x67, 0x73, 0x3b, 0x0a, 0x75, 0x6e, 0x69, 0x66, 0x6f, 0x72, // iscFlags;.unifor
	0x6d, 0x20, 0x68, 0x69, 0x67, 0x68, 0x70, 0x20, 0x73, 0x61, 0x6d, 0x70, 0x6c, 0x65, 0x72, 0x32, // m highp sampler2
	0x44, 0x20, 0x73, 0x5f, 0x63, 0x6f, 0x6c, 0x6f, 0x72, 0x54, 0x65, 0x78, 0x3b, 0x0a, 0x75, 0x6e, // D s_colorTex;.un
	0x69, 0x66, 0x6f, 0x72, 0x6d, 0x20, 0x68, 0x69, 0x67, 0x68, 0x70, 0x20, 0x73, 0x61, 0x6d, 0x70, // iform highp samp
	0x6c, 0x65, 0x72, 0x32, 0x44, 0x20, 0x73, 0x5f, 0x6e, 0x6f, 0x72, 0x6d, 0x61, 0x6c, 0x54, 0x65, // ler2D s_normalTe
	0x78, 0x3b, 0x0a, 0x75, 0x6e, 0x69, 0x66, 0x6f, 0x72, 0x6d, 0x20, 0x68, 0x69, 0x67, 0x68, 0x70, // x;.uniform highp
	0x20, 0x76, 0x65, 0x63, 0x34, 0x20, 0x75, 0x5f, 0x66, 0x73, 0x66, 0x4c, 0x69, 0x67, 0x68, 0x74, //  vec4 u_fsfLight
	0x44, 0x69, 0x72, 0x65, 0x63, 0x74, 0x69, 0x6f, 0x6e, 0x3b, 0x0a, 0x75, 0x6e, 0x69, 0x66, 0x6f, // Direction;.unifo
	0x72, 0x6d, 0x20, 0x68, 0x69, 0x67, 0x68, 0x70, 0x20, 0x76, 0x65, 0x63, 0x34, 0x20, 0x75, 0x5f, // rm highp vec4 u_
	0x66, 0x73, 0x66, 0x4c, 0x69, 0x67, 0x68, 0x74, 0x43, 0x6f, 0x6c, 0x6f, 0x72, 0x3b, 0x0a, 0x75, // fsfLightColor;.u
	0x6e, 0x69, 0x66, 0x6f, 0x72, 0x6d, 0x20, 0x68, 0x69, 0x67, 0x68, 0x70, 0x20, 0x76, 0x65, 0x63, // niform highp vec
	0x34, 0x20, 0x75, 0x5f, 0x66, 0x73, 0x66, 0x4c, 0x69, 0x67, 0x68, 0x74, 0x41, 0x6d, 0x62, 0x69, // 4 u_fsfLightAmbi
	0x65, 0x6e, 0x74, 0x3b, 0x0a, 0x75, 0x6e, 0x69, 0x66, 0x6f, 0x72, 0x6d, 0x20, 0x68, 0x69, 0x67, // ent;.uniform hig
	0x68, 0x70, 0x20, 0x76, 0x65, 0x63, 0x34, 0x20, 0x75, 0x5f, 0x66, 0x73, 0x66, 0x45, 0x6d, 0x69, // hp vec4 u_fsfEmi
	0x73, 0x73, 0x69, 0x76, 0x65, 0x53, 0x63, 0x61, 0x6c, 0x69, 0x6e, 0x67, 0x3b, 0x0a, 0x75, 0x6e, // ssiveScaling;.un
	0x69, 0x66, 0x6f, 0x72, 0x6d, 0x20, 0x68, 0x69, 0x67, 0x68, 0x70, 0x20, 0x76, 0x65, 0x63, 0x34, // iform highp vec4
	0x20, 0x75, 0x5f, 0x66, 0x73, 0x6d, 0x55, 0x56, 0x49, 0x6e, 0x76, 0x65, 0x72, 0x73, 0x65, 0x64, //  u_fsmUVInversed
	0x42, 0x61, 0x63, 0x6b, 0x3b, 0x0a, 0x75, 0x6e, 0x69, 0x66, 0x6f, 0x72, 0x6d, 0x20, 0x68, 0x69, // Back;.uniform hi
	0x67, 0x68, 0x70, 0x20, 0x76, 0x65, 0x63, 0x34, 0x20, 0x75, 0x5f, 0x66, 0x73, 0x73, 0x6f, 0x66, // ghp vec4 u_fssof
	0x74, 0x50, 0x61, 0x72, 0x74, 0x69, 0x63, 0x6c, 0x65, 0x50, 0x61, 0x72, 0x61, 0x6d, 0x3b, 0x0a, // tParticleParam;.
	0x75, 0x6e, 0x69, 0x66, 0x6f, 0x72, 0x6d, 0x20, 0x68, 0x69, 0x67, 0x68, 0x70, 0x20, 0x73, 0x61, // uniform highp sa
	0x6d, 0x70, 0x6c, 0x65, 0x72, 0x32, 0x44, 0x20, 0x73, 0x5f, 0x64, 0x65, 0x70, 0x74, 0x68, 0x54, // mpler2D s_depthT
	0x65, 0x78, 0x3b, 0x0a, 0x75, 0x6e, 0x69, 0x66, 0x6f, 0x72, 0x6d, 0x20, 0x68, 0x69, 0x67, 0x68, // ex;.uniform high
	0x70, 0x20, 0x76, 0x65, 0x63, 0x34, 0x20, 0x75, 0x5f, 0x66, 0x73, 0x72, 0x65, 0x63, 0x6f, 0x6e, // p vec4 u_fsrecon
	0x73, 0x74, 0x72, 0x75, 0x63, 0x74, 0x69, 0x6f, 0x6e, 0x50, 0x61, 0x72, 0x61, 0x6d, 0x31, 0x3b, // structionParam1;
	0x0a, 0x75, 0x6e, 0x69, 0x66, 0x6f, 0x72, 0x6d, 0x20, 0x68, 0x69, 0x67, 0x68, 0x70, 0x20, 0x76, // .uniform highp v
	0x65, 0x63, 0x34, 0x20, 0x75, 0x5f, 0x66, 0x73, 0x72, 0x65, 0x63, 0x6f, 0x6e, 0x73, 0x74, 0x72, // ec4 u_fsreconstr
	0x75, 0x63, 0x74, 0x69, 0x6f, 0x6e, 0x50, 0x61, 0x72, 0x61, 0x6d, 0x32, 0x3b, 0x0a, 0x0a, 0x69, // uctionParam2;..i
	0x6e, 0x20, 0x68, 0x69, 0x67, 0x68, 0x70, 0x20, 0x76, 0x65, 0x63, 0x34, 0x20, 0x76, 0x5f, 0x43, // n highp vec4 v_C
	0x6f, 0x6c, 0x6f, 0x72, 0x3b, 0x0a, 0x69, 0x6e, 0x20, 0x68, 0x69, 0x67, 0x68, 0x70, 0x20, 0x76, // olor;.in highp v
	0x65, 0x63, 0x32, 0x20, 0x76, 0x5f, 0x55, 0x56, 0x3b, 0x0a, 0x69, 0x6e, 0x20, 0x68, 0x69, 0x67, // ec2 v_UV;.in hig
	0x68, 0x70, 0x20, 0x76, 0x65, 0x63, 0x33, 0x20, 0x76, 0x5f, 0x57, 0x6f, 0x72, 0x6c, 0x64, 0x4e, // hp vec3 v_WorldN
	0x3b, 0x0a, 0x69, 0x6e, 0x20, 0x68, 0x69, 0x67, 0x68, 0x70, 0x20, 0x76, 0x65, 0x63, 0x33, 0x20, // ;.in highp vec3 
	0x76, 0x5f, 0x57, 0x6f, 0x72, 0x6c, 0x64, 0x42, 0x3b, 0x0a, 0x69, 0x6e, 0x20, 0x68, 0x69, 0x67, // v_WorldB;.in hig
	0x68, 0x70, 0x20, 0x76, 0x65, 0x63, 0x33, 0x20, 0x76, 0x5f, 0x57, 0x6f, 0x72, 0x6c, 0x64, 0x54, // hp vec3 v_WorldT
	0x3b, 0x0a, 0x69, 0x6e, 0x20, 0x68, 0x69, 0x67, 0x68, 0x70, 0x20, 0x76, 0x65, 0x63, 0x34, 0x20, // ;.in highp vec4 
	0x76, 0x5f, 0x50, 0x6f, 0x73, 0x50, 0x3b, 0x0a, 0x6c, 0x61, 0x79, 0x6f, 0x75, 0x74, 0x28, 0x6c, // v_PosP;.layout(l
	0x6f, 0x63, 0x61, 0x74, 0x69, 0x6f, 0x6e, 0x20, 0x3d, 0x20, 0x30, 0x29, 0x20, 0x6f, 0x75, 0x74, // ocation = 0) out
	0x20, 0x68, 0x69, 0x67, 0x68, 0x70, 0x20, 0x76, 0x65, 0x63, 0x34, 0x20, 0x62, 0x67, 0x66, 0x78, //  highp vec4 bgfx
	0x5f, 0x46, 0x72, 0x61, 0x67, 0x43, 0x6f, 0x6c, 0x6f, 0x72, 0x3b, 0x0a, 0x0a, 0x76, 0x6f, 0x69, // _FragColor;..voi
	0x64, 0x20, 0x6d, 0x61, 0x69, 0x6e, 0x28, 0x29, 0x0a, 0x7b, 0x0a, 0x20, 0x20, 0x20, 0x20, 0x62, // d main().{.    b
	0x6f, 0x6f, 0x6c, 0x20, 0x5f, 0x37, 0x34, 0x32, 0x3b, 0x0a, 0x20, 0x20, 0x20, 0x20, 0x68, 0x69, // ool _742;.    hi
	0x67, 0x68, 0x70, 0x20, 0x76, 0x65, 0x63, 0x34, 0x20, 0x5f, 0x36, 0x30, 0x37, 0x20, 0x3d, 0x20, // ghp vec4 _607 = 
	0x74, 0x65, 0x78, 0x74, 0x75, 0x72, 0x65, 0x28, 0x73, 0x5f, 0x63, 0x6f, 0x6c, 0x6f, 0x72, 0x54, // texture(s_colorT
	0x65, 0x78, 0x2c, 0x20, 0x76, 0x5f, 0x55, 0x56, 0x29, 0x3b, 0x0a, 0x20, 0x20, 0x20, 0x20, 0x68, // ex, v_UV);.    h
	0x69, 0x67, 0x68, 0x70, 0x20, 0x76, 0x65, 0x63, 0x34, 0x20, 0x5f, 0x31, 0x30, 0x35, 0x34, 0x3b, // ighp vec4 _1054;
	0x0a, 0x20, 0x20, 0x20, 0x20, 0x64, 0x6f, 0x0a, 0x20, 0x20, 0x20, 0x20, 0x7b, 0x0a, 0x20, 0x20, // .    do.    {.  
	0x20, 0x20, 0x20, 0x20, 0x20, 0x20, 0x5f, 0x37, 0x34, 0x32, 0x20, 0x3d, 0x20, 0x75, 0x5f, 0x66, //       _742 = u_f
	0x73, 0x6d, 0x69, 0x73, 0x63, 0x46, 0x6c, 0x61, 0x67, 0x73, 0x2e, 0x78, 0x20, 0x3d, 0x3d, 0x20, // smiscFlags.x == 
	0x30, 0x2e, 0x30, 0x3b, 0x0a, 0x20, 0x20, 0x20, 0x20, 0x20, 0x20, 0x20, 0x20, 0x69, 0x66, 0x20, // 0.0;.        if 
	0x28, 0x5f, 0x37, 0x34, 0x32, 0x29, 0x0a, 0x20, 0x20, 0x20, 0x20, 0x20, 0x20, 0x20, 0x20, 0x7b, // (_742).        {
	0x0a, 0x20, 0x20, 0x20, 0x20, 0x20, 0x20, 0x20, 0x20, 0x20, 0x20, 0x20, 0x20, 0x5f, 0x31, 0x30, // .            _10
	0x35, 0x34, 0x20, 0x3d, 0x20, 0x5f, 0x36, 0x30, 0x37, 0x3b, 0x0a, 0x20, 0x20, 0x20, 0x20, 0x20, // 54 = _607;.     
	0x20, 0x20, 0x20, 0x20, 0x20, 0x20, 0x20, 0x62, 0x72, 0x65, 0x61, 0x6b, 0x3b, 0x0a, 0x20, 0x20, //        break;.  
	0x20, 0x20, 0x20, 0x20, 0x20, 0x20, 0x7d, 0x0a, 0x20, 0x20, 0x20, 0x20, 0x20, 0x20, 0x20, 0x20, //       }.        
	0x5f, 0x31, 0x30, 0x35, 0x34, 0x20, 0x3d, 0x20, 0x76, 0x65, 0x63, 0x34, 0x28, 0x6d, 0x61, 0x78, // _1054 = vec4(max
	0x28, 0x28, 0x70, 0x6f, 0x77, 0x28, 0x6d, 0x61, 0x78, 0x28, 0x61, 0x62, 0x73, 0x28, 0x5f, 0x36, // ((pow(max(abs(_6
	0x30, 0x37, 0x2e, 0x78, 0x79, 0x7a, 0x29, 0x2c, 0x20, 0x76, 0x65, 0x63, 0x33, 0x28, 0x31, 0x2e, // 07.xyz), vec3(1.
	0x31, 0x39, 0x32, 0x30, 0x39, 0x32, 0x38, 0x39, 0x35, 0x35, 0x30, 0x37, 0x38, 0x31, 0x32, 0x35, // 1920928955078125
	0x65, 0x2d, 0x30, 0x37, 0x29, 0x29, 0x2c, 0x20, 0x76, 0x65, 0x63, 0x33, 0x28, 0x30, 0x2e, 0x34, // e-07)), vec3(0.4
	0x31, 0x36, 0x36, 0x36, 0x36, 0x36, 0x35, 0x36, 0x37, 0x33, 0x32, 0x35, 0x35, 0x39, 0x32, 0x30, // 1666665673255920
	0x34, 0x31, 0x30, 0x31, 0x35, 0x36, 0x32, 0x35, 0x29, 0x29, 0x20, 0x2a, 0x20, 0x31, 0x2e, 0x30, // 41015625)) * 1.0
	0x35, 0x34, 0x39, 0x39, 0x39, 0x39, 0x34, 0x37, 0x35, 0x34, 0x37, 0x39, 0x31, 0x32, 0x35, 0x39, // 5499994754791259
	0x37, 0x36, 0x35, 0x36, 0x32, 0x35, 0x29, 0x20, 0x2d, 0x20, 0x76, 0x65, 0x63, 0x33, 0x28, 0x30, // 765625) - vec3(0
	0x2e, 0x30, 0x35, 0x34, 0x39, 0x39, 0x39, 0x39, 0x39, 0x39, 0x37, 0x30, 0x31, 0x39, 0x37, 0x36, // .054999999701976
	0x37, 0x37, 0x36, 0x31, 0x32, 0x33, 0x30, 0x34, 0x36, 0x38, 0x37, 0x35, 0x29, 0x2c, 0x20, 0x76, // 776123046875), v
	0x65, 0x63, 0x33, 0x28, 0x30, 0x2e, 0x30, 0x29, 0x29, 0x2c, 0x20, 0x5f, 0x36, 0x30, 0x37, 0x2e, // ec3(0.0)), _607.
	0x77, 0x29, 0x3b, 0x0a, 0x20, 0x20, 0x20, 0x20, 0x20, 0x20, 0x20, 0x20, 0x62, 0x72, 0x65, 0x61, // w);.        brea
	0x6b, 0x3b, 0x0a, 0x20, 0x20, 0x20, 0x20, 0x7d, 0x20, 0x77, 0x68, 0x69, 0x6c, 0x65, 0x28, 0x66, // k;.    } while(f
	0x61, 0x6c, 0x73, 0x65, 0x29, 0x3b, 0x0a, 0x20, 0x20, 0x20, 0x20, 0x68, 0x69, 0x67, 0x68, 0x70, // alse);.    highp
	0x20, 0x76, 0x65, 0x63, 0x34, 0x20, 0x5f, 0x36, 0x31, 0x34, 0x20, 0x3d, 0x20, 0x5f, 0x31, 0x30, //  vec4 _614 = _10
	0x35, 0x34, 0x20, 0x2a, 0x20, 0x76, 0x5f, 0x43, 0x6f, 0x6c, 0x6f, 0x72, 0x3b, 0x0a, 0x20, 0x20, // 54 * v_Color;.  
	0x20, 0x20, 0x68, 0x69, 0x67, 0x68, 0x70, 0x20, 0x76, 0x65, 0x63, 0x33, 0x20, 0x5f, 0x36, 0x34, //   highp vec3 _64
	0x38, 0x20, 0x3d, 0x20, 0x5f, 0x36, 0x31, 0x34, 0x2e, 0x78, 0x79, 0x7a, 0x20, 0x2a, 0x20, 0x28, // 8 = _614.xyz * (
	0x28, 0x75, 0x5f, 0x66, 0x73, 0x66, 0x4c, 0x69, 0x67, 0x68, 0x74, 0x43, 0x6f, 0x6c, 0x6f, 0x72, // (u_fsfLightColor
	0x2e, 0x78, 0x79, 0x7a, 0x20, 0x2a, 0x20, 0x6d, 0x61, 0x78, 0x28, 0x64, 0x6f, 0x74, 0x28, 0x75, // .xyz * max(dot(u
	0x5f, 0x66, 0x73, 0x66, 0x4c, 0x69, 0x67, 0x68, 0x74, 0x44, 0x69, 0x72, 0x65, 0x63, 0x74, 0x69, // _fsfLightDirecti
	0x6f, 0x6e, 0x2e, 0x78, 0x79, 0x7a, 0x2c, 0x20, 0x6e, 0x6f, 0x72, 0x6d, 0x61, 0x6c, 0x69, 0x7a, // on.xyz, normaliz
	0x65, 0x28, 0x6d, 0x61, 0x74, 0x33, 0x28, 0x76, 0x5f, 0x57, 0x6f, 0x72, 0x6c, 0x64, 0x54, 0x2c, // e(mat3(v_WorldT,
	0x20, 0x76, 0x5f, 0x57, 0x6f, 0x72, 0x6c, 0x64, 0x42, 0x2c, 0x20, 0x76, 0x5f, 0x57, 0x6f, 0x72, //  v_WorldB, v_Wor
	0x6c, 0x64, 0x4e, 0x29, 0x20, 0x2a, 0x20, 0x28, 0x28, 0x74, 0x65, 0x78, 0x74, 0x75, 0x72, 0x65, // ldN) * ((texture
	0x28, 0x73, 0x5f, 0x6e, 0x6f, 0x72, 0x6d, 0x61, 0x6c, 0x54, 0x65, 0x78, 0x2c, 0x20, 0x76, 0x5f, // (s_normalTex, v_
	0x55, 0x56, 0x29, 0x2e, 0x78, 0x79, 0x7a, 0x20, 0x2d, 0x20, 0x76, 0x65, 0x63, 0x33, 0x28, 0x30, // UV).xyz - vec3(0
	0x2e, 0x35, 0x29, 0x29, 0x20, 0x2a, 0x20, 0x32, 0x2e, 0x30, 0x29, 0x29, 0x29, 0x2c, 0x20, 0x30, // .5)) * 2.0))), 0
	0x2e, 0x30, 0x29, 0x29, 0x20, 0x2b, 0x20, 0x75, 0x5f, 0x66, 0x73, 0x66, 0x4c, 0x69, 0x67, 0x68, // .0)) + u_fsfLigh
	0x74, 0x41, 0x6d, 0x62, 0x69, 0x65, 0x6e, 0x74, 0x2e, 0x78, 0x79, 0x7a, 0x29, 0x3b, 0x0a, 0x20, // tAmbient.xyz);. 
	0x20, 0x20, 0x20, 0x68, 0x69, 0x67, 0x68, 0x70, 0x20, 0x76, 0x65, 0x63, 0x34, 0x20, 0x5f, 0x31, //    highp vec4 _1
	0x30, 0x31, 0x32, 0x20, 0x3d, 0x20, 0x5f, 0x36, 0x31, 0x34, 0x3b, 0x0a, 0x20, 0x20, 0x20, 0x20, // 012 = _614;.    
	0x5f, 0x31, 0x30, 0x31, 0x32, 0x2e, 0x78, 0x20, 0x3d, 0x20, 0x5f, 0x36, 0x34, 0x38, 0x2e, 0x78, // _1012.x = _648.x
	0x3b, 0x0a, 0x20, 0x20, 0x20, 0x20, 0x5f, 0x31, 0x30, 0x31, 0x32, 0x2e, 0x79, 0x20, 0x3d, 0x20, // ;.    _1012.y = 
	0x5f, 0x36, 0x34, 0x38, 0x2e, 0x79, 0x3b, 0x0a, 0x20, 0x20, 0x20, 0x20, 0x5f, 0x31, 0x30, 0x31, // _648.y;.    _101
	0x32, 0x2e, 0x7a, 0x20, 0x3d, 0x20, 0x5f, 0x36, 0x34, 0x38, 0x2e, 0x7a, 0x3b, 0x0a, 0x20, 0x20, // 2.z = _648.z;.  
	0x20, 0x20, 0x68, 0x69, 0x67, 0x68, 0x70, 0x20, 0x76, 0x65, 0x63, 0x33, 0x20, 0x5f, 0x36, 0x36, //   highp vec3 _66
	0x33, 0x20, 0x3d, 0x20, 0x5f, 0x31, 0x30, 0x31, 0x32, 0x2e, 0x78, 0x79, 0x7a, 0x20, 0x2a, 0x20, // 3 = _1012.xyz * 
	0x75, 0x5f, 0x66, 0x73, 0x66, 0x45, 0x6d, 0x69, 0x73, 0x73, 0x69, 0x76, 0x65, 0x53, 0x63, 0x61, // u_fsfEmissiveSca
	0x6c, 0x69, 0x6e, 0x67, 0x2e, 0x78, 0x3b, 0x0a, 0x20, 0x20, 0x20, 0x20, 0x68, 0x69, 0x67, 0x68, // ling.x;.    high
	0x70, 0x20, 0x66, 0x6c, 0x6f, 0x61, 0x74, 0x20, 0x5f, 0x36, 0x36, 0x35, 0x20, 0x3d, 0x20, 0x5f, // p float _665 = _
	0x36, 0x36, 0x33, 0x2e, 0x78, 0x3b, 0x0a, 0x20, 0x20, 0x20, 0x20, 0x68, 0x69, 0x67, 0x68, 0x70, // 663.x;.    highp
	0x20, 0x76, 0x65, 0x63, 0x34, 0x20, 0x5f, 0x31, 0x30, 0x32, 0x31, 0x20, 0x3d, 0x20, 0x5f, 0x31, //  vec4 _1021 = _1
	0x30, 0x31, 0x32, 0x3b, 0x0a, 0x20, 0x20, 0x20, 0x20, 0x5f, 0x31, 0x30, 0x32, 0x31, 0x2e, 0x78, // 012;.    _1021.x
	0x20, 0x3d, 0x20, 0x5f, 0x36, 0x36, 0x35, 0x3b, 0x0a, 0x20, 0x20, 0x20, 0x20, 0x5f, 0x31, 0x30, //  = _665;.    _10
	0x32, 0x31, 0x2e, 0x79, 0x20, 0x3d, 0x20, 0x5f, 0x36, 0x36, 0x33, 0x2e, 0x79, 0x3b, 0x0a, 0x20, // 21.y = _663.y;. 
	0x20, 0x20, 0x20, 0x5f, 0x31, 0x30, 0x32, 0x31, 0x2e, 0x7a, 0x20, 0x3d, 0x20, 0x5f, 0x36, 0x36, //    _1021.z = _66
	0x33, 0x2e, 0x7a, 0x3b, 0x0a, 0x20, 0x20, 0x20, 0x20, 0x68, 0x69, 0x67, 0x68, 0x70, 0x20, 0x76, // 3.z;.    highp v
	0x65, 0x63, 0x34, 0x20, 0x5f, 0x36, 0x37, 0x38, 0x20, 0x3d, 0x20, 0x76, 0x5f, 0x50, 0x6f, 0x73, // ec4 _678 = v_Pos
	0x50, 0x20, 0x2f, 0x20, 0x76, 0x65, 0x63, 0x34, 0x28, 0x76, 0x5f, 0x50, 0x6f, 0x73, 0x50, 0x2e, // P / vec4(v_PosP.
	0x77, 0x29, 0x3b, 0x0a, 0x20, 0x20, 0x20, 0x20, 0x68, 0x69, 0x67, 0x68, 0x70, 0x20, 0x76, 0x65, // w);.    highp ve
	0x63, 0x32, 0x20, 0x5f, 0x36, 0x38, 0x34, 0x20, 0x3d, 0x20, 0x28, 0x5f, 0x36, 0x37, 0x38, 0x2e, // c2 _684 = (_678.
	0x78, 0x79, 0x20, 0x2b, 0x20, 0x76, 0x65, 0x63, 0x32, 0x28, 0x31, 0x2e, 0x30, 0x29, 0x29, 0x20, // xy + vec2(1.0)) 
	0x2a, 0x20, 0x76, 0x65, 0x63, 0x32, 0x28, 0x30, 0x2e, 0x35, 0x29, 0x3b, 0x0a, 0x20, 0x20, 0x20, // * vec2(0.5);.   
	0x20, 0x5f, 0x36, 0x38, 0x34, 0x2e, 0x79, 0x20, 0x3d, 0x20, 0x75, 0x5f, 0x66, 0x73, 0x6d, 0x55, //  _684.y = u_fsmU
	0x56, 0x49, 0x6e, 0x76, 0x65, 0x72, 0x73, 0x65, 0x64, 0x42, 0x61, 0x63, 0x6b, 0x2e, 0x78, 0x20, // VInversedBack.x 
	0x2b, 0x20, 0x28, 0x75, 0x5f, 0x66, 0x73, 0x6d, 0x55, 0x56, 0x49, 0x6e, 0x76, 0x65, 0x72, 0x73, // + (u_fsmUVInvers
	0x65, 0x64, 0x42, 0x61, 0x63, 0x6b, 0x2e, 0x79, 0x20, 0x2a, 0x20, 0x28, 0x31, 0x2e, 0x30, 0x20, // edBack.y * (1.0 
	0x2d, 0x20, 0x5f, 0x36, 0x38, 0x34, 0x2e, 0x79, 0x29, 0x29, 0x3b, 0x0a, 0x20, 0x20, 0x20, 0x20, // - _684.y));.    
	0x68, 0x69, 0x67, 0x68, 0x70, 0x20, 0x76, 0x65, 0x63, 0x34, 0x20, 0x5f, 0x31, 0x30, 0x35, 0x35, // highp vec4 _1055
	0x3b, 0x0a, 0x20, 0x20, 0x20, 0x20, 0x69, 0x66, 0x20, 0x28, 0x75, 0x5f, 0x66, 0x73, 0x73, 0x6f, // ;.    if (u_fsso
	0x66, 0x74, 0x50, 0x61, 0x72, 0x74, 0x69, 0x63, 0x6c, 0x65, 0x50, 0x61, 0x72, 0x61, 0x6d, 0x2e, // ftParticleParam.
	0x77, 0x20, 0x21, 0x3d, 0x20, 0x30, 0x2e, 0x30, 0x29, 0x0a, 0x20, 0x20, 0x20, 0x20, 0x7b, 0x0a, // w != 0.0).    {.
	0x20, 0x20, 0x20, 0x20, 0x20, 0x20, 0x20, 0x20, 0x68, 0x69, 0x67, 0x68, 0x70, 0x20, 0x76, 0x65, //         highp ve
	0x63, 0x32, 0x20, 0x5f, 0x38, 0x37, 0x35, 0x20, 0x3d, 0x20, 0x76, 0x65, 0x63, 0x32, 0x28, 0x28, // c2 _875 = vec2((
	0x74, 0x65, 0x78, 0x74, 0x75, 0x72, 0x65, 0x28, 0x73, 0x5f, 0x64, 0x65, 0x70, 0x74, 0x68, 0x54, // texture(s_depthT
	0x65, 0x78, 0x2c, 0x20, 0x5f, 0x36, 0x38, 0x34, 0x29, 0x2e, 0x78, 0x20, 0x2a, 0x20, 0x75, 0x5f, // ex, _684).x * u_
	0x66, 0x73, 0x72, 0x65, 0x63, 0x6f, 0x6e, 0x73, 0x74, 0x72, 0x75, 0x63, 0x74, 0x69, 0x6f, 0x6e, // fsreconstruction
	0x50, 0x61, 0x72, 0x61, 0x6d, 0x31, 0x2e, 0x78, 0x29, 0x20, 0x2b, 0x20, 0x75, 0x5f, 0x66, 0x73, // Param1.x) + u_fs
	0x72, 0x65, 0x63, 0x6f, 0x6e, 0x73, 0x74, 0x72, 0x75, 0x63, 0x74, 0x69, 0x6f, 0x6e, 0x50, 0x61, // reconstructionPa
	0x72, 0x61, 0x6d, 0x31, 0x2e, 0x79, 0x2c, 0x20, 0x5f, 0x36, 0x37, 0x38, 0x2e, 0x7a, 0x29, 0x3b, // ram1.y, _678.z);
	0x0a, 0x20, 0x20, 0x20, 0x20, 0x20, 0x20, 0x20, 0x20, 0x68, 0x69, 0x67, 0x68, 0x70, 0x20, 0x76, // .        highp v
	0x65, 0x63, 0x32, 0x20, 0x5f, 0x38, 0x39, 0x32, 0x20, 0x3d, 0x20, 0x28, 0x28, 0x5f, 0x38, 0x37, // ec2 _892 = ((_87
	0x35, 0x20, 0x2a, 0x20, 0x75, 0x5f, 0x66, 0x73, 0x72, 0x65, 0x63, 0x6f, 0x6e, 0x73, 0x74, 0x72, // 5 * u_fsreconstr
	0x75, 0x63, 0x74, 0x69, 0x6f, 0x6e, 0x50, 0x61, 0x72, 0x61, 0x6d, 0x32, 0x2e, 0x77, 0x29, 0x20, // uctionParam2.w) 
	0x2d, 0x20, 0x76, 0x65, 0x63, 0x32, 0x28, 0x75, 0x5f, 0x66, 0x73, 0x72, 0x65, 0x63, 0x6f, 0x6e, // - vec2(u_fsrecon
	0x73, 0x74, 0x72, 0x75, 0x63, 0x74, 0x69, 0x6f, 0x6e, 0x50, 0x61, 0x72, 0x61, 0x6d, 0x32, 0x2e, // structionParam2.
	0x79, 0x29, 0x29, 0x20, 0x2f, 0x20, 0x28, 0x76, 0x65, 0x63, 0x32, 0x28, 0x75, 0x5f, 0x66, 0x73, // y)) / (vec2(u_fs
	0x72, 0x65, 0x63, 0x6f, 0x6e, 0x73, 0x74, 0x72, 0x75, 0x63, 0x74, 0x69, 0x6f, 0x6e, 0x50, 0x61, // reconstructionPa
	0x72, 0x61, 0x6d, 0x32, 0x2e, 0x78, 0x29, 0x20, 0x2d, 0x20, 0x28, 0x5f, 0x38, 0x37, 0x35, 0x20, // ram2.x) - (_875 
	0x2a, 0x20, 0x75, 0x5f, 0x66, 0x73, 0x72, 0x65, 0x63, 0x6f, 0x6e, 0x73, 0x74, 0x72, 0x75, 0x63, // * u_fsreconstruc
	0x74, 0x69, 0x6f, 0x6e, 0x50, 0x61, 0x72, 0x61, 0x6d, 0x32, 0x2e, 0x7a, 0x29, 0x29, 0x3b, 0x0a, // tionParam2.z));.
	0x20, 0x20, 0x20, 0x20, 0x20, 0x20, 0x20, 0x20, 0x68, 0x69, 0x67, 0x68, 0x70, 0x20, 0x76, 0x65, //         highp ve
	0x63, 0x32, 0x20, 0x5f, 0x38, 0x39, 0x38, 0x20, 0x3d, 0x20, 0x5f, 0x38, 0x39, 0x32, 0x20, 0x2a, // c2 _898 = _892 *
	0x20, 0x73, 0x69, 0x67, 0x6e, 0x28, 0x5f, 0x38, 0x39, 0x32, 0x2e, 0x78, 0x29, 0x3b, 0x0a, 0x20, //  sign(_892.x);. 
	0x20, 0x20, 0x20, 0x20, 0x20, 0x20, 0x20, 0x68, 0x69, 0x67, 0x68, 0x70, 0x20, 0x66, 0x6c, 0x6f, //        highp flo
	0x61, 0x74, 0x20, 0x5f, 0x39, 0x30, 0x32, 0x20, 0x3d, 0x20, 0x5f, 0x38, 0x39, 0x38, 0x2e, 0x79, // at _902 = _898.y
	0x3b, 0x0a, 0x20, 0x20, 0x20, 0x20, 0x20, 0x20, 0x20, 0x20, 0x5f, 0x31, 0x30, 0x35, 0x35, 0x20, // ;.        _1055 
	0x3d, 0x20, 0x76, 0x65, 0x63, 0x34, 0x28, 0x5f, 0x36, 0x36, 0x35, 0x2c, 0x20, 0x5f, 0x36, 0x36, // = vec4(_665, _66
	0x33, 0x2e, 0x79, 0x7a, 0x2c, 0x20, 0x5f, 0x36, 0x31, 0x34, 0x2e, 0x77, 0x20, 0x2a, 0x20, 0x6d, // 3.yz, _614.w * m
	0x69, 0x6e, 0x28, 0x6d, 0x61, 0x78, 0x28, 0x6d, 0x69, 0x6e, 0x28, 0x28, 0x5f, 0x38, 0x39, 0x38, // in(max(min((_898
	0x2e, 0x78, 0x20, 0x2d, 0x20, 0x5f, 0x39, 0x30, 0x32, 0x29, 0x20, 0x2f, 0x20, 0x75, 0x5f, 0x66, // .x - _902) / u_f
	0x73, 0x73, 0x6f, 0x66, 0x74, 0x50, 0x61, 0x72, 0x74, 0x69, 0x63, 0x6c, 0x65, 0x50, 0x61, 0x72, // ssoftParticlePar
	0x61, 0x6d, 0x2e, 0x78, 0x2c, 0x20, 0x28, 0x5f, 0x39, 0x30, 0x32, 0x20, 0x2d, 0x20, 0x75, 0x5f, // am.x, (_902 - u_
	0x66, 0x73, 0x73, 0x6f, 0x66, 0x74, 0x50, 0x61, 0x72, 0x74, 0x69, 0x63, 0x6c, 0x65, 0x50, 0x61, // fssoftParticlePa
	0x72, 0x61, 0x6d, 0x2e, 0x7a, 0x29, 0x20, 0x2f, 0x20, 0x75, 0x5f, 0x66, 0x73, 0x73, 0x6f, 0x66, // ram.z) / u_fssof
	0x74, 0x50, 0x61, 0x72, 0x74, 0x69, 0x63, 0x6c, 0x65, 0x50, 0x61, 0x72, 0x61, 0x6d, 0x2e, 0x79, // tParticleParam.y
	0x29, 0x2c, 0x20, 0x30, 0x2e, 0x30, 0x29, 0x2c, 0x20, 0x31, 0x2e, 0x30, 0x29, 0x29, 0x3b, 0x0a, // ), 0.0), 1.0));.
	0x20, 0x20, 0x20, 0x20, 0x7d, 0x0a, 0x20, 0x20, 0x20, 0x20, 0x65, 0x6c, 0x73, 0x65, 0x0a, 0x20, //     }.    else. 
	0x20, 0x20, 0x20, 0x7b, 0x0a, 0x20, 0x20, 0x20, 0x20, 0x20, 0x20, 0x20, 0x20, 0x5f, 0x31, 0x30, //    {.        _10
	0x35, 0x35, 0x20, 0x3d, 0x20, 0x5f, 0x31, 0x30, 0x32, 0x31, 0x3b, 0x0a, 0x20, 0x20, 0x20, 0x20, // 55 = _1021;.    
	0x7d, 0x0a, 0x20, 0x20, 0x20, 0x20, 0x69, 0x66, 0x20, 0x28, 0x5f, 0x31, 0x30, 0x35, 0x35, 0x2e, // }.    if (_1055.
	0x77, 0x20, 0x3d, 0x3d, 0x20, 0x30, 0x2e, 0x30, 0x29, 0x0a, 0x20, 0x20, 0x20, 0x20, 0x7b, 0x0a, // w == 0.0).    {.
	0x20, 0x20, 0x20, 0x20, 0x20, 0x20, 0x20, 0x20, 0x64, 0x69, 0x73, 0x63, 0x61, 0x72, 0x64, 0x3b, //         discard;
	0x0a, 0x20, 0x20, 0x20, 0x20, 0x7d, 0x0a, 0x20, 0x20, 0x20, 0x20, 0x68, 0x69, 0x67, 0x68, 0x70, // .    }.    highp
	0x20, 0x76, 0x65, 0x63, 0x34, 0x20, 0x5f, 0x31, 0x30, 0x35, 0x36, 0x3b, 0x0a, 0x20, 0x20, 0x20, //  vec4 _1056;.   
	0x20, 0x64, 0x6f, 0x0a, 0x20, 0x20, 0x20, 0x20, 0x7b, 0x0a, 0x20, 0x20, 0x20, 0x20, 0x20, 0x20, //  do.    {.      
	0x20, 0x20, 0x69, 0x66, 0x20, 0x28, 0x5f, 0x37, 0x34, 0x32, 0x29, 0x0a, 0x20, 0x20, 0x20, 0x20, //   if (_742).    
	0x20, 0x20, 0x20, 0x20, 0x7b, 0x0a, 0x20, 0x20, 0x20, 0x20, 0x20, 0x20, 0x20, 0x20, 0x20, 0x20, //     {.          
	0x20, 0x20, 0x5f, 0x31, 0x30, 0x35, 0x36, 0x20, 0x3d, 0x20, 0x5f, 0x31, 0x30, 0x35, 0x35, 0x3b, //   _1056 = _1055;
	0x0a, 0x20, 0x20, 0x20, 0x20, 0x20, 0x20, 0x20, 0x20, 0x20, 0x20, 0x20, 0x20, 0x62, 0x72, 0x65, // .            bre
	0x61, 0x6b, 0x3b, 0x0a, 0x20, 0x20, 0x20, 0x20, 0x20, 0x20, 0x20, 0x20, 0x7d, 0x0a, 0x20, 0x20, // ak;.        }.  
	0x20, 0x20, 0x20, 0x20, 0x20, 0x20, 0x5f, 0x31, 0x30, 0x35, 0x36, 0x20, 0x3d, 0x20, 0x76, 0x65, //       _1056 = ve
	0x63, 0x34, 0x28, 0x6d, 0x69, 0x6e, 0x28, 0x5f, 0x31, 0x30, 0x35, 0x35, 0x2e, 0x78, 0x79, 0x7a, // c4(min(_1055.xyz
	0x2c, 0x20, 0x5f, 0x31, 0x30, 0x35, 0x35, 0x2e, 0x78, 0x79, 0x7a, 0x20, 0x2a, 0x20, 0x28, 0x28, // , _1055.xyz * ((
	0x5f, 0x31, 0x30, 0x35, 0x35, 0x2e, 0x78, 0x79, 0x7a, 0x20, 0x2a, 0x20, 0x28, 0x28, 0x5f, 0x31, // _1055.xyz * ((_1
	0x30, 0x35, 0x35, 0x2e, 0x78, 0x79, 0x7a, 0x20, 0x2a, 0x20, 0x30, 0x2e, 0x33, 0x30, 0x35, 0x33, // 055.xyz * 0.3053
	0x30, 0x36, 0x30, 0x31, 0x37, 0x33, 0x39, 0x38, 0x38, 0x33, 0x34, 0x32, 0x32, 0x38, 0x35, 0x31, // 0601739883422851
	0x35, 0x36, 0x32, 0x35, 0x29, 0x20, 0x2b, 0x20, 0x76, 0x65, 0x63, 0x33, 0x28, 0x30, 0x2e, 0x36, // 5625) + vec3(0.6
	0x38, 0x32, 0x31, 0x37, 0x31, 0x31, 0x30, 0x36, 0x33, 0x33, 0x38, 0x35, 0x30, 0x30, 0x39, 0x37, // 8217110633850097
	0x36, 0x35, 0x36, 0x32, 0x35, 0x29, 0x29, 0x29, 0x20, 0x2b, 0x20, 0x76, 0x65, 0x63, 0x33, 0x28, // 65625))) + vec3(
	0x30, 0x2e, 0x30, 0x31, 0x32, 0x35, 0x32, 0x32, 0x38, 0x37, 0x38, 0x31, 0x32, 0x35, 0x33, 0x30, // 0.01252287812530
	0x39, 0x39, 0x34, 0x34, 0x31, 0x35, 0x32, 0x38, 0x33, 0x32, 0x30, 0x33, 0x31, 0x32, 0x35, 0x29, // 994415283203125)
	0x29, 0x29, 0x2c, 0x20, 0x5f, 0x31, 0x30, 0x35, 0x35, 0x2e, 0x77, 0x29, 0x3b, 0x0a, 0x20, 0x20, // )), _1055.w);.  
	0x20, 0x20, 0x20, 0x20, 0x20, 0x20, 0x62, 0x72, 0x65, 0x61, 0x6b, 0x3b, 0x0a, 0x20, 0x20, 0x20, //       break;.   
	0x20, 0x7d, 0x20, 0x77, 0x68, 0x69, 0x6c, 0x65, 0x28, 0x66, 0x61, 0x6c, 0x73, 0x65, 0x29, 0x3b, //  } while(false);
	0x0a, 0x20, 0x20, 0x20, 0x20, 0x62, 0x67, 0x66, 0x78, 0x5f, 0x46, 0x72, 0x61, 0x67, 0x43, 0x6f, // .    bgfx_FragCo
	0x6c, 0x6f, 0x72, 0x20, 0x3d, 0x20, 0x5f, 0x31, 0x30, 0x35, 0x36, 0x3b, 0x0a, 0x7d, 0x0a, 0x0a, // lor = _1056;.}..
	0x00,                                                                                           // .
};
static const uint8_t model_lit_ps_glsl[3121] =
{
	0x46, 0x53, 0x48, 0x0c, 0x27, 0xdf, 0xc0, 0x3a, 0x00, 0x00, 0x00, 0x00, 0x00, 0x00, 0x00, 0x00, // FSH.'..:........
	0x00, 0x00, 0x00, 0x00, 0x0c, 0x00, 0x0d, 0x75, 0x5f, 0x66, 0x73, 0x6d, 0x69, 0x73, 0x63, 0x46, // .......u_fsmiscF
	0x6c, 0x61, 0x67, 0x73, 0x02, 0x01, 0x00, 0x00, 0x01, 0x00, 0x00, 0x00, 0x00, 0x00, 0x13, 0x75, // lags...........u
	0x5f, 0x66, 0x73, 0x66, 0x4c, 0x69, 0x67, 0x68, 0x74, 0x44, 0x69, 0x72, 0x65, 0x63, 0x74, 0x69, // _fsfLightDirecti
	0x6f, 0x6e, 0x02, 0x01, 0x00, 0x00, 0x01, 0x00, 0x00, 0x00, 0x00, 0x00, 0x0f, 0x75, 0x5f, 0x66, // on...........u_f
	0x73, 0x66, 0x4c, 0x69, 0x67, 0x68, 0x74, 0x43, 0x6f, 0x6c, 0x6f, 0x72, 0x02, 0x01, 0x00, 0x00, // sfLightColor....
	0x01, 0x00, 0x00, 0x00, 0x00, 0x00, 0x11, 0x75, 0x5f, 0x66, 0x73, 0x66, 0x4c, 0x69, 0x67, 0x68, // .......u_fsfLigh
	0x74, 0x41, 0x6d, 0x62, 0x69, 0x65, 0x6e, 0x74, 0x02, 0x01, 0x00, 0x00, 0x01, 0x00, 0x00, 0x00, // tAmbient........
	0x00, 0x00, 0x14, 0x75, 0x5f, 0x66, 0x73, 0x66, 0x45, 0x6d, 0x69, 0x73, 0x73, 0x69, 0x76, 0x65, // ...u_fsfEmissive
	0x53, 0x63, 0x61, 0x6c, 0x69, 0x6e, 0x67, 0x02, 0x01, 0x00, 0x00, 0x01, 0x00, 0x00, 0x00, 0x00, // Scaling.........
	0x00, 0x13, 0x75, 0x5f, 0x66, 0x73, 0x6d, 0x55, 0x56, 0x49, 0x6e, 0x76, 0x65, 0x72, 0x73, 0x65, // ..u_fsmUVInverse
	0x64, 0x42, 0x61, 0x63, 0x6b, 0x02, 0x01, 0x00, 0x00, 0x01, 0x00, 0x00, 0x00, 0x00, 0x00, 0x15, // dBack...........
	0x75, 0x5f, 0x66, 0x73, 0x73, 0x6f, 0x66, 0x74, 0x50, 0x61, 0x72, 0x74, 0x69, 0x63, 0x6c, 0x65, // u_fssoftParticle
	0x50, 0x61, 0x72, 0x61, 0x6d, 0x02, 0x01, 0x00, 0x00, 0x01, 0x00, 0x00, 0x00, 0x00, 0x00, 0x18, // Param...........
	0x75, 0x5f, 0x66, 0x73, 0x72, 0x65, 0x63, 0x6f, 0x6e, 0x73, 0x74, 0x72, 0x75, 0x63, 0x74, 0x69, // u_fsreconstructi
	0x6f, 0x6e, 0x50, 0x61, 0x72, 0x61, 0x6d, 0x31, 0x02, 0x01, 0x00, 0x00, 0x01, 0x00, 0x00, 0x00, // onParam1........
	0x00, 0x00, 0x18, 0x75, 0x5f, 0x66, 0x73, 0x72, 0x65, 0x63, 0x6f, 0x6e, 0x73, 0x74, 0x72, 0x75, // ...u_fsreconstru
	0x63, 0x74, 0x69, 0x6f, 0x6e, 0x50, 0x61, 0x72, 0x61, 0x6d, 0x32, 0x02, 0x01, 0x00, 0x00, 0x01, // ctionParam2.....
	0x00, 0x00, 0x00, 0x00, 0x00, 0x0a, 0x73, 0x5f, 0x63, 0x6f, 0x6c, 0x6f, 0x72, 0x54, 0x65, 0x78, // ......s_colorTex
	0x00, 0x01, 0x00, 0x00, 0x01, 0x00, 0x00, 0x02, 0x00, 0x00, 0x0b, 0x73, 0x5f, 0x6e, 0x6f, 0x72, // ...........s_nor
	0x6d, 0x61, 0x6c, 0x54, 0x65, 0x78, 0x00, 0x01, 0x00, 0x00, 0x01, 0x00, 0x00, 0x02, 0x00, 0x00, // malTex..........
	0x0a, 0x73, 0x5f, 0x64, 0x65, 0x70, 0x74, 0x68, 0x54, 0x65, 0x78, 0x00, 0x01, 0x00, 0x00, 0x01, // .s_depthTex.....
	0x00, 0x00, 0x02, 0x00, 0x00, 0xc7, 0x0a, 0x00, 0x00, 0x0a, 0x75, 0x6e, 0x69, 0x66, 0x6f, 0x72, // ..........unifor
	0x6d, 0x20, 0x76, 0x65, 0x63, 0x34, 0x20, 0x75, 0x5f, 0x66, 0x73, 0x6d, 0x69, 0x73, 0x63, 0x46, // m vec4 u_fsmiscF
	0x6c, 0x61, 0x67, 0x73, 0x3b, 0x0a, 0x75, 0x6e, 0x69, 0x66, 0x6f, 0x72, 0x6d, 0x20, 0x73, 0x61, // lags;.uniform sa
	0x6d, 0x70, 0x6c, 0x65, 0x72, 0x32, 0x44, 0x20, 0x73, 0x5f, 0x63, 0x6f, 0x6c, 0x6f, 0x72, 0x54, // mpler2D s_colorT
	0x65, 0x78, 0x3b, 0x0a, 0x75, 0x6e, 0x69, 0x66, 0x6f, 0x72, 0x6d, 0x20, 0x73, 0x61, 0x6d, 0x70, // ex;.uniform samp
	0x6c, 0x65, 0x72, 0x32, 0x44, 0x20, 0x73, 0x5f, 0x6e, 0x6f, 0x72, 0x6d, 0x61, 0x6c, 0x54, 0x65, // ler2D s_normalTe
	0x78, 0x3b, 0x0a, 0x75, 0x6e, 0x69, 0x66, 0x6f, 0x72, 0x6d, 0x20, 0x76, 0x65, 0x63, 0x34, 0x20, // x;.uniform vec4 
	0x75, 0x5f, 0x66, 0x73, 0x66, 0x4c, 0x69, 0x67, 0x68, 0x74, 0x44, 0x69, 0x72, 0x65, 0x63, 0x74, // u_fsfLightDirect
	0x69, 0x6f, 0x6e, 0x3b, 0x0a, 0x75, 0x6e, 0x69, 0x66, 0x6f, 0x72, 0x6d, 0x20, 0x76, 0x65, 0x63, // ion;.uniform vec
	0x34, 0x20, 0x75, 0x5f, 0x66, 0x73, 0x66, 0x4c, 0x69, 0x67, 0x68, 0x74, 0x43, 0x6f, 0x6c, 0x6f, // 4 u_fsfLightColo
	0x72, 0x3b, 0x0a, 0x75, 0x6e, 0x69, 0x66, 0x6f, 0x72, 0x6d, 0x20, 0x76, 0x65, 0x63, 0x34, 0x20, // r;.uniform vec4 
	0x75, 0x5f, 0x66, 0x73, 0x66, 0x4c, 0x69, 0x67, 0x68, 0x74, 0x41, 0x6d, 0x62, 0x69, 0x65, 0x6e, // u_fsfLightAmbien
	0x74, 0x3b, 0x0a, 0x75, 0x6e, 0x69, 0x66, 0x6f, 0x72, 0x6d, 0x20, 0x76, 0x65, 0x63, 0x34, 0x20, // t;.uniform vec4 
	0x75, 0x5f, 0x66, 0x73, 0x66, 0x45, 0x6d, 0x69, 0x73, 0x73, 0x69, 0x76, 0x65, 0x53, 0x63, 0x61, // u_fsfEmissiveSca
	0x6c, 0x69, 0x6e, 0x67, 0x3b, 0x0a, 0x75, 0x6e, 0x69, 0x66, 0x6f, 0x72, 0x6d, 0x20, 0x76, 0x65, // ling;.uniform ve
	0x63, 0x34, 0x20, 0x75, 0x5f, 0x66, 0x73, 0x6d, 0x55, 0x56, 0x49, 0x6e, 0x76, 0x65, 0x72, 0x73, // c4 u_fsmUVInvers
	0x65, 0x64, 0x42, 0x61, 0x63, 0x6b, 0x3b, 0x0a, 0x75, 0x6e, 0x69, 0x66, 0x6f, 0x72, 0x6d, 0x20, // edBack;.uniform 
	0x76, 0x65, 0x63, 0x34, 0x20, 0x75, 0x5f, 0x66, 0x73, 0x73, 0x6f, 0x66, 0x74, 0x50, 0x61, 0x72, // vec4 u_fssoftPar
	0x74, 0x69, 0x63, 0x6c, 0x65, 0x50, 0x61, 0x72, 0x61, 0x6d, 0x3b, 0x0a, 0x75, 0x6e, 0x69, 0x66, // ticleParam;.unif
	0x6f, 0x72, 0x6d, 0x20, 0x73, 0x61, 0x6d, 0x70, 0x6c, 0x65, 0x72, 0x32, 0x44, 0x20, 0x73, 0x5f, // orm sampler2D s_
	0x64, 0x65, 0x70, 0x74, 0x68, 0x54, 0x65, 0x78, 0x3b, 0x0a, 0x75, 0x6e, 0x69, 0x66, 0x6f, 0x72, // depthTex;.unifor
	0x6d, 0x20, 0x76, 0x65, 0x63, 0x34, 0x20, 0x75, 0x5f, 0x66, 0x73, 0x72, 0x65, 0x63, 0x6f, 0x6e, // m vec4 u_fsrecon
	0x73, 0x74, 0x72, 0x75, 0x63, 0x74, 0x69, 0x6f, 0x6e, 0x50, 0x61, 0x72, 0x61, 0x6d, 0x31, 0x3b, // structionParam1;
	0x0a, 0x75, 0x6e, 0x69, 0x66, 0x6f, 0x72, 0x6d, 0x20, 0x76, 0x65, 0x63, 0x34, 0x20, 0x75, 0x5f, // .uniform vec4 u_
	0x66, 0x73, 0x72, 0x65, 0x63, 0x6f, 0x6e, 0x73, 0x74, 0x72, 0x75, 0x63, 0x74, 0x69, 0x6f, 0x6e, // fsreconstruction
	0x50, 0x61, 0x72, 0x61, 0x6d, 0x32, 0x3b, 0x0a, 0x0a, 0x69, 0x6e, 0x20, 0x76, 0x65, 0x63, 0x34, // Param2;..in vec4
	0x20, 0x76, 0x5f, 0x43, 0x6f, 0x6c, 0x6f, 0x72, 0x3b, 0x0a, 0x69, 0x6e, 0x20, 0x76, 0x65, 0x63, //  v_Color;.in vec
	0x32, 0x20, 0x76, 0x5f, 0x55, 0x56, 0x3b, 0x0a, 0x69, 0x6e, 0x20, 0x76, 0x65, 0x63, 0x33, 0x20, // 2 v_UV;.in vec3 
	0x76, 0x5f, 0x57, 0x6f, 0x72, 0x6c, 0x64, 0x4e, 0x3b, 0x0a, 0x69, 0x6e, 0x20, 0x76, 0x65, 0x63, // v_WorldN;.in vec
	0x33, 0x20, 0x76, 0x5f, 0x57, 0x6f, 0x72, 0x6c, 0x64, 0x42, 0x3b, 0x0a, 0x69, 0x6e, 0x20, 0x76, // 3 v_WorldB;.in v
	0x65, 0x63, 0x33, 0x20, 0x76, 0x5f, 0x57, 0x6f, 0x72, 0x6c, 0x64, 0x54, 0x3b, 0x0a, 0x69, 0x6e, // ec3 v_WorldT;.in
	0x20, 0x76, 0x65, 0x63, 0x34, 0x20, 0x76, 0x5f, 0x50, 0x6f, 0x73, 0x50, 0x3b, 0x0a, 0x6c, 0x61, //  vec4 v_PosP;.la
	0x79, 0x6f, 0x75, 0x74, 0x28, 0x6c, 0x6f, 0x63, 0x61, 0x74, 0x69, 0x6f, 0x6e, 0x20, 0x3d, 0x20, // yout(location = 
	0x30, 0x29, 0x20, 0x6f, 0x75, 0x74, 0x20, 0x76, 0x65, 0x63, 0x34, 0x20, 0x62, 0x67, 0x66, 0x78, // 0) out vec4 bgfx
	0x5f, 0x46, 0x72, 0x61, 0x67, 0x43, 0x6f, 0x6c, 0x6f, 0x72, 0x3b, 0x0a, 0x0a, 0x76, 0x6f, 0x69, // _FragColor;..voi
	0x64, 0x20, 0x6d, 0x61, 0x69, 0x6e, 0x28, 0x29, 0x0a, 0x7b, 0x0a, 0x20, 0x20, 0x20, 0x20, 0x62, // d main().{.    b
	0x6f, 0x6f, 0x6c, 0x20, 0x5f, 0x37, 0x34, 0x32, 0x3b, 0x0a, 0x20, 0x20, 0x20, 0x20, 0x76, 0x65, // ool _742;.    ve
	0x63, 0x34, 0x20, 0x5f, 0x36, 0x30, 0x37, 0x20, 0x3d, 0x20, 0x74, 0x65, 0x78, 0x74, 0x75, 0x72, // c4 _607 = textur
	0x65, 0x28, 0x73, 0x5f, 0x63, 0x6f, 0x6c, 0x6f, 0x72, 0x54, 0x65, 0x78, 0x2c, 0x20, 0x76, 0x5f, // e(s_colorTex, v_
	0x55, 0x56, 0x29, 0x3b, 0x0a, 0x20, 0x20, 0x20, 0x20, 0x76, 0x65, 0x63, 0x34, 0x20, 0x5f, 0x31, // UV);.    vec4 _1
	0x30, 0x35, 0x34, 0x3b, 0x0a, 0x20, 0x20, 0x20, 0x20, 0x64, 0x6f, 0x0a, 0x20, 0x20, 0x20, 0x20, // 054;.    do.    
	0x7b, 0x0a, 0x20, 0x20, 0x20, 0x20, 0x20, 0x20, 0x20, 0x20, 0x5f, 0x37, 0x34, 0x32, 0x20, 0x3d, // {.        _742 =
	0x20, 0x75, 0x5f, 0x66, 0x73, 0x6d, 0x69, 0x73, 0x63, 0x46, 0x6c, 0x61, 0x67, 0x73, 0x2e, 0x78, //  u_fsmiscFlags.x
	0x20, 0x3d, 0x3d, 0x20, 0x30, 0x2e, 0x30, 0x3b, 0x0a, 0x20, 0x20, 0x20, 0x20, 0x20, 0x20, 0x20, //  == 0.0;.       
	0x20, 0x69, 0x66, 0x20, 0x28, 0x5f, 0x37, 0x34, 0x32, 0x29, 0x0a, 0x20, 0x20, 0x20, 0x20, 0x20, //  if (_742).     
	0x20, 0x20, 0x20, 0x7b, 0x0a, 0x20, 0x20, 0x20, 0x20, 0x20, 0x20, 0x20, 0x20, 0x20, 0x20, 0x20, //    {.           
	0x20, 0x5f, 0x31, 0x30, 0x35, 0x34, 0x20, 0x3d, 0x20, 0x5f, 0x36, 0x30, 0x37, 0x3b, 0x0a, 0x20, //  _1054 = _607;. 
	0x20, 0x20, 0x20, 0x20, 0x20, 0x20, 0x20, 0x20, 0x20, 0x20, 0x20, 0x62, 0x72, 0x65, 0x61, 0x6b, //            break
	0x3b, 0x0a, 0x20, 0x20, 0x20, 0x20, 0x20, 0x20, 0x20, 0x20, 0x7d, 0x0a, 0x20, 0x20, 0x20, 0x20, // ;.        }.    
	0x20, 0x20, 0x20, 0x20, 0x5f, 0x31, 0x30, 0x35, 0x34, 0x20, 0x3d, 0x20, 0x76, 0x65, 0x63, 0x34, //     _1054 = vec4
	0x28, 0x6d, 0x61, 0x78, 0x28, 0x28, 0x70, 0x6f, 0x77, 0x28, 0x6d, 0x61, 0x78, 0x28, 0x61, 0x62, // (max((pow(max(ab
	0x73, 0x28, 0x5f, 0x36, 0x30, 0x37, 0x2e, 0x78, 0x79, 0x7a, 0x29, 0x2c, 0x20, 0x76, 0x65, 0x63, // s(_607.xyz), vec
	0x33, 0x28, 0x31, 0x2e, 0x31, 0x39, 0x32, 0x30, 0x39, 0x32, 0x38, 0x39, 0x35, 0x35, 0x30, 0x37, // 3(1.192092895507
	0x38, 0x31, 0x32, 0x35, 0x65, 0x2d, 0x30, 0x37, 0x29, 0x29, 0x2c, 0x20, 0x76, 0x65, 0x63, 0x33, // 8125e-07)), vec3
	0x28, 0x30, 0x2e, 0x34, 0x31, 0x36, 0x36, 0x36, 0x36, 0x36, 0x35, 0x36, 0x37, 0x33, 0x32, 0x35, // (0.4166666567325
	0x35, 0x39, 0x32, 0x30, 0x34, 0x31, 0x30, 0x31, 0x35, 0x36, 0x32, 0x35, 0x29, 0x29, 0x20, 0x2a, // 592041015625)) *
	0x20, 0x31, 0x2e, 0x30, 0x35, 0x34, 0x39, 0x39, 0x39, 0x39, 0x34, 0x37, 0x35, 0x34, 0x37, 0x39, //  1.0549999475479
	0x31, 0x32, 0x35, 0x39, 0x37, 0x36, 0x35, 0x36, 0x32, 0x35, 0x29, 0x20, 0x2d, 0x20, 0x76, 0x65, // 1259765625) - ve
	0x63, 0x33, 0x28, 0x30, 0x2e, 0x30, 0x35, 0x34, 0x39, 0x39, 0x39, 0x39, 0x39, 0x39, 0x37, 0x30, // c3(0.05499999970
	0x31, 0x39, 0x37, 0x36, 0x37, 0x37, 0x36, 0x31, 0x32, 0x33, 0x30, 0x34, 0x36, 0x38, 0x37, 0x35, // 1976776123046875
	0x29, 0x2c, 0x20, 0x76, 0x65, 0x63, 0x33, 0x28, 0x30, 0x2e, 0x30, 0x29, 0x29, 0x2c, 0x20, 0x5f, // ), vec3(0.0)), _
	0x36, 0x30, 0x37, 0x2e, 0x77, 0x29, 0x3b, 0x0a, 0x20, 0x20, 0x20, 0x20, 0x20, 0x20, 0x20, 0x20, // 607.w);.        
	0x62, 0x72, 0x65, 0x61, 0x6b, 0x3b, 0x0a, 0x20, 0x20, 0x20, 0x20, 0x7d, 0x20, 0x77, 0x68, 0x69, // break;.    } whi
	0x6c, 0x65, 0x28, 0x66, 0x61, 0x6c, 0x73, 0x65, 0x29, 0x3b, 0x0a, 0x20, 0x20, 0x20, 0x20, 0x76, // le(false);.    v
	0x65, 0x63, 0x34, 0x20, 0x5f, 0x36, 0x31, 0x34, 0x20, 0x3d, 0x20, 0x5f, 0x31, 0x30, 0x35, 0x34, // ec4 _614 = _1054
	0x20, 0x2a, 0x20, 0x76, 0x5f, 0x43, 0x6f, 0x6c, 0x6f, 0x72, 0x3b, 0x0a, 0x20, 0x20, 0x20, 0x20, //  * v_Color;.    
	0x76, 0x65, 0x63, 0x33, 0x20, 0x5f, 0x36, 0x34, 0x38, 0x20, 0x3d, 0x20, 0x5f, 0x36, 0x31, 0x34, // vec3 _648 = _614
	0x2e, 0x78, 0x79, 0x7a, 0x20, 0x2a, 0x20, 0x28, 0x28, 0x75, 0x5f, 0x66, 0x73, 0x66, 0x4c, 0x69, // .xyz * ((u_fsfLi
	0x67, 0x68, 0x74, 0x43, 0x6f, 0x6c, 0x6f, 0x72, 0x2e, 0x78, 0x79, 0x7a, 0x20, 0x2a, 0x20, 0x6d, // ghtColor.xyz * m
	0x61, 0x78, 0x28, 0x64, 0x6f, 0x74, 0x28, 0x75, 0x5f, 0x66, 0x73, 0x66, 0x4c, 0x69, 0x67, 0x68, // ax(dot(u_fsfLigh
	0x74, 0x44, 0x69, 0x72, 0x65, 0x63, 0x74, 0x69, 0x6f, 0x6e, 0x2e, 0x78, 0x79, 0x7a, 0x2c, 0x20, // tDirection.xyz, 
	0x6e, 0x6f, 0x72, 0x6d, 0x61, 0x6c, 0x69, 0x7a, 0x65, 0x28, 0x6d, 0x61, 0x74, 0x33, 0x28, 0x76, // normalize(mat3(v
	0x5f, 0x57, 0x6f, 0x72, 0x6c, 0x64, 0x54, 0x2c, 0x20, 0x76, 0x5f, 0x57, 0x6f, 0x72, 0x6c, 0x64, // _WorldT, v_World
	0x42, 0x2c, 0x20, 0x76, 0x5f, 0x57, 0x6f, 0x72, 0x6c, 0x64, 0x4e, 0x29, 0x20, 0x2a, 0x20, 0x28, // B, v_WorldN) * (
	0x28, 0x74, 0x65, 0x78, 0x74, 0x75, 0x72, 0x65, 0x28, 0x73, 0x5f, 0x6e, 0x6f, 0x72, 0x6d, 0x61, // (texture(s_norma
	0x6c, 0x54, 0x65, 0x78, 0x2c, 0x20, 0x76, 0x5f, 0x55, 0x56, 0x29, 0x2e, 0x78, 0x79, 0x7a, 0x20, // lTex, v_UV).xyz 
	0x2d, 0x20, 0x76, 0x65, 0x63, 0x33, 0x28, 0x30, 0x2e, 0x35, 0x29, 0x29, 0x20, 0x2a, 0x20, 0x32, // - vec3(0.5)) * 2
	0x2e, 0x30, 0x29, 0x29, 0x29, 0x2c, 0x20, 0x30, 0x2e, 0x30, 0x29, 0x29, 0x20, 0x2b, 0x20, 0x75, // .0))), 0.0)) + u
	0x5f, 0x66, 0x73, 0x66, 0x4c, 0x69, 0x67, 0x68, 0x74, 0x41, 0x6d, 0x62, 0x69, 0x65, 0x6e, 0x74, // _fsfLightAmbient
	0x2e, 0x78, 0x79, 0x7a, 0x29, 0x3b, 0x0a, 0x20, 0x20, 0x20, 0x20, 0x76, 0x65, 0x63, 0x34, 0x20, // .xyz);.    vec4 
	0x5f, 0x31, 0x30, 0x31, 0x32, 0x20, 0x3d, 0x20, 0x5f, 0x36, 0x31, 0x34, 0x3b, 0x0a, 0x20, 0x20, // _1012 = _614;.  
	0x20, 0x20, 0x5f, 0x31, 0x30, 0x31, 0x32, 0x2e, 0x78, 0x20, 0x3d, 0x20, 0x5f, 0x36, 0x34, 0x38, //   _1012.x = _648
	0x2e, 0x78, 0x3b, 0x0a, 0x20, 0x20, 0x20, 0x20, 0x5f, 0x31, 0x30, 0x31, 0x32, 0x2e, 0x79, 0x20, // .x;.    _1012.y 
	0x3d, 0x20, 0x5f, 0x36, 0x34, 0x38, 0x2e, 0x79, 0x3b, 0x0a, 0x20, 0x20, 0x20, 0x20, 0x5f, 0x31, // = _648.y;.    _1
	0x30, 0x31, 0x32, 0x2e, 0x7a, 0x20, 0x3d, 0x20, 0x5f, 0x36, 0x34, 0x38, 0x2e, 0x7a, 0x3b, 0x0a, // 012.z = _648.z;.
	0x20, 0x20, 0x20, 0x20, 0x76, 0x65, 0x63, 0x33, 0x20, 0x5f, 0x36, 0x36, 0x33, 0x20, 0x3d, 0x20, //     vec3 _663 = 
	0x5f, 0x31, 0x30, 0x31, 0x32, 0x2e, 0x78, 0x79, 0x7a, 0x20, 0x2a, 0x20, 0x75, 0x5f, 0x66, 0x73, // _1012.xyz * u_fs
	0x66, 0x45, 0x6d, 0x69, 0x73, 0x73, 0x69, 0x76, 0x65, 0x53, 0x63, 0x61, 0x6c, 0x69, 0x6e, 0x67, // fEmissiveScaling
	0x2e, 0x78, 0x3b, 0x0a, 0x20, 0x20, 0x20, 0x20, 0x66, 0x6c, 0x6f, 0x61, 0x74, 0x20, 0x5f, 0x36, // .x;.    float _6
	0x36, 0x35, 0x20, 0x3d, 0x20, 0x5f, 0x36, 0x36, 0x33, 0x2e, 0x78, 0x3b, 0x0a, 0x20, 0x20, 0x20, // 65 = _663.x;.   
	0x20, 0x76, 0x65, 0x63, 0x34, 0x20, 0x5f, 0x31, 0x30, 0x32, 0x31, 0x20, 0x3d, 0x20, 0x5f, 0x31, //  vec4 _1021 = _1
	0x30, 0x31, 0x32, 0x3b, 0x0a, 0x20, 0x20, 0x20, 0x20, 0x5f, 0x31, 0x30, 0x32, 0x31, 0x2e, 0x78, // 012;.    _1021.x
	0x20, 0x3d, 0x20, 0x5f, 0x36, 0x36, 0x35, 0x3b, 0x0a, 0x20, 0x20, 0x20, 0x20, 0x5f, 0x31, 0x30, //  = _665;.    _10
	0x32, 0x31, 0x2e, 0x79, 0x20, 0x3d, 0x20, 0x5f, 0x36, 0x36, 0x33, 0x2e, 0x79, 0x3b, 0x0a, 0x20, // 21.y = _663.y;. 
	0x20, 0x20, 0x20, 0x5f, 0x31, 0x30, 0x32, 0x31, 0x2e, 0x7a, 0x20, 0x3d, 0x20, 0x5f, 0x36, 0x36, //    _1021.z = _66
	0x33, 0x2e, 0x7a, 0x3b, 0x0a, 0x20, 0x20, 0x20, 0x20, 0x76, 0x65, 0x63, 0x34, 0x20, 0x5f, 0x36, // 3.z;.    vec4 _6
	0x37, 0x38, 0x20, 0x3d, 0x20, 0x76, 0x5f, 0x50, 0x6f, 0x73, 0x50, 0x20, 0x2f, 0x20, 0x76, 0x65, // 78 = v_PosP / ve
	0x63, 0x34, 0x28, 0x76, 0x5f, 0x50, 0x6f, 0x73, 0x50, 0x2e, 0x77, 0x29, 0x3b, 0x0a, 0x20, 0x20, // c4(v_PosP.w);.  
	0x20, 0x20, 0x76, 0x65, 0x63, 0x32, 0x20, 0x5f, 0x36, 0x38, 0x34, 0x20, 0x3d, 0x20, 0x28, 0x5f, //   vec2 _684 = (_
	0x36, 0x37, 0x38, 0x2e, 0x78, 0x79, 0x20, 0x2b, 0x20, 0x76, 0x65, 0x63, 0x32, 0x28, 0x31, 0x2e, // 678.xy + vec2(1.
	0x30, 0x29, 0x29, 0x20, 0x2a, 0x20, 0x76, 0x65, 0x63, 0x32, 0x28, 0x30, 0x2e, 0x35, 0x29, 0x3b, // 0)) * vec2(0.5);
	0x0a, 0x20, 0x20, 0x20, 0x20, 0x5f, 0x36, 0x38, 0x34, 0x2e, 0x79, 0x20, 0x3d, 0x20, 0x75, 0x5f, // .    _684.y = u_
	0x66, 0x73, 0x6d, 0x55, 0x56, 0x49, 0x6e, 0x76, 0x65, 0x72, 0x73, 0x65, 0x64, 0x42, 0x61, 0x63, // fsmUVInversedBac
	0x6b, 0x2e, 0x78, 0x20, 0x2b, 0x20, 0x28, 0x75, 0x5f, 0x66, 0x73, 0x6d, 0x55, 0x56, 0x49, 0x6e, // k.x + (u_fsmUVIn
	0x76, 0x65, 0x72, 0x73, 0x65, 0x64, 0x42, 0x61, 0x63, 0x6b, 0x2e, 0x79, 0x20, 0x2a, 0x20, 0x28, // versedBack.y * (
	0x31, 0x2e, 0x30, 0x20, 0x2d, 0x20, 0x5f, 0x36, 0x38, 0x34, 0x2e, 0x79, 0x29, 0x29, 0x3b, 0x0a, // 1.0 - _684.y));.
	0x20, 0x20, 0x20, 0x20, 0x76, 0x65, 0x63, 0x34, 0x20, 0x5f, 0x31, 0x30, 0x35, 0x35, 0x3b, 0x0a, //     vec4 _1055;.
	0x20, 0x20, 0x20, 0x20, 0x69, 0x66, 0x20, 0x28, 0x75, 0x5f, 0x66, 0x73, 0x73, 0x6f, 0x66, 0x74, //     if (u_fssoft
	0x50, 0x61, 0x72, 0x74, 0x69, 0x63, 0x6c, 0x65, 0x50, 0x61, 0x72, 0x61, 0x6d, 0x2e, 0x77, 0x20, // ParticleParam.w 
	0x21, 0x3d, 0x20, 0x30, 0x2e, 0x30, 0x29, 0x0a, 0x20, 0x20, 0x20, 0x20, 0x7b, 0x0a, 0x20, 0x20, // != 0.0).    {.  
	0x20, 0x20, 0x20, 0x20, 0x20, 0x20, 0x76, 0x65, 0x63, 0x32, 0x20, 0x5f, 0x38, 0x37, 0x35, 0x20, //       vec2 _875 
	0x3d, 0x20, 0x76, 0x65, 0x63, 0x32, 0x28, 0x28, 0x74, 0x65, 0x78, 0x74, 0x75, 0x72, 0x65, 0x28, // = vec2((texture(
	0x73, 0x5f, 0x64, 0x65, 0x70, 0x74, 0x68, 0x54, 0x65, 0x78, 0x2c, 0x20, 0x5f, 0x36, 0x38, 0x34, // s_depthTex, _684
	0x29, 0x2e, 0x78, 0x20, 0x2a, 0x20, 0x75, 0x5f, 0x66, 0x73, 0x72, 0x65, 0x63, 0x6f, 0x6e, 0x73, // ).x * u_fsrecons
	0x74, 0x72, 0x75, 0x63, 0x74, 0x69, 0x6f, 0x6e, 0x50, 0x61, 0x72, 0x61, 0x6d, 0x31, 0x2e, 0x78, // tructionParam1.x
	0x29, 0x20, 0x2b, 0x20, 0x75, 0x5f, 0x66, 0x73, 0x72, 0x65, 0x63, 0x6f, 0x6e, 0x73, 0x74, 0x72, // ) + u_fsreconstr
	0x75, 0x63, 0x74, 0x69, 0x6f, 0x6e, 0x50, 0x61, 0x72, 0x61, 0x6d, 0x31, 0x2e, 0x79, 0x2c, 0x20, // uctionParam1.y, 
	0x5f, 0x36, 0x37, 0x38, 0x2e, 0x7a, 0x29, 0x3b, 0x0a, 0x20, 0x20, 0x20, 0x20, 0x20, 0x20, 0x20, // _678.z);.       
	0x20, 0x76, 0x65, 0x63, 0x32, 0x20, 0x5f, 0x38, 0x39, 0x32, 0x20, 0x3d, 0x20, 0x28, 0x28, 0x5f, //  vec2 _892 = ((_
	0x38, 0x37, 0x35, 0x20, 0x2a, 0x20, 0x75, 0x5f, 0x66, 0x73, 0x72, 0x65, 0x63, 0x6f, 0x6e, 0x73, // 875 * u_fsrecons
	0x74, 0x72, 0x75, 0x63, 0x74, 0x69, 0x6f, 0x6e, 0x50, 0x61, 0x72, 0x61, 0x6d, 0x32, 0x2e, 0x77, // tructionParam2.w
	0x29, 0x20, 0x2d, 0x20, 0x76, 0x65, 0x63, 0x32, 0x28, 0x75, 0x5f, 0x66, 0x73, 0x72, 0x65, 0x63, // ) - vec2(u_fsrec
	0x6f, 0x6e, 0x73, 0x74, 0x72, 0x75, 0x63, 0x74, 0x69, 0x6f, 0x6e, 0x50, 0x61, 0x72, 0x61, 0x6d, // onstructionParam
	0x32, 0x2e, 0x79, 0x29, 0x29, 0x20, 0x2f, 0x20, 0x28, 0x76, 0x65, 0x63, 0x32, 0x28, 0x75, 0x5f, // 2.y)) / (vec2(u_
	0x66, 0x73, 0x72, 0x65, 0x63, 0x6f, 0x6e, 0x73, 0x74, 0x72, 0x75, 0x63, 0x74, 0x69, 0x6f, 0x6e, // fsreconstruction
	0x50, 0x61, 0x72, 0x61, 0x6d, 0x32, 0x2e, 0x78, 0x29, 0x20, 0x2d, 0x20, 0x28, 0x5f, 0x38, 0x37, // Param2.x) - (_87
	0x35, 0x20, 0x2a, 0x20, 0x75, 0x5f, 0x66, 0x73, 0x72, 0x65, 0x63, 0x6f, 0x6e, 0x73, 0x74, 0x72, // 5 * u_fsreconstr
	0x75, 0x63, 0x74, 0x69, 0x6f, 0x6e, 0x50, 0x61, 0x72, 0x61, 0x6d, 0x32, 0x2e, 0x7a, 0x29, 0x29, // uctionParam2.z))
	0x3b, 0x0a, 0x20, 0x20, 0x20, 0x20, 0x20, 0x20, 0x20, 0x20, 0x76, 0x65, 0x63, 0x32, 0x20, 0x5f, // ;.        vec2 _
	0x38, 0x39, 0x38, 0x20, 0x3d, 0x20, 0x5f, 0x38, 0x39, 0x32, 0x20, 0x2a, 0x20, 0x73, 0x69, 0x67, // 898 = _892 * sig
	0x6e, 0x28, 0x5f, 0x38, 0x39, 0x32, 0x2e, 0x78, 0x29, 0x3b, 0x0a, 0x20, 0x20, 0x20, 0x20, 0x20, // n(_892.x);.     
	0x20, 0x20, 0x20, 0x66, 0x6c, 0x6f, 0x61, 0x74, 0x20, 0x5f, 0x39, 0x30, 0x32, 0x20, 0x3d, 0x20, //    float _902 = 
	0x5f, 0x38, 0x39, 0x38, 0x2e, 0x79, 0x3b, 0x0a, 0x20, 0x20, 0x20, 0x20, 0x20, 0x20, 0x20, 0x20, // _898.y;.        
	0x5f, 0x31, 0x30, 0x35, 0x35, 0x20, 0x3d, 0x20, 0x76, 0x65, 0x63, 0x34, 0x28, 0x5f, 0x36, 0x36, // _1055 = vec4(_66
	0x35, 0x2c, 0x20, 0x5f, 0x36, 0x36, 0x33, 0x2e, 0x79, 0x7a, 0x2c, 0x20, 0x5f, 0x36, 0x31, 0x34, // 5, _663.yz, _614
	0x2e, 0x77, 0x20, 0x2a, 0x20, 0x6d, 0x69, 0x6e, 0x28, 0x6d, 0x61, 0x78, 0x28, 0x6d, 0x69, 0x6e, // .w * min(max(min
	0x28, 0x28, 0x5f, 0x38, 0x39, 0x38, 0x2e, 0x78, 0x20, 0x2d, 0x20, 0x5f, 0x39, 0x30, 0x32, 0x29, // ((_898.x - _902)
	0x20, 0x2f, 0x20, 0x75, 0x5f, 0x66, 0x73, 0x73, 0x6f, 0x66, 0x74, 0x50, 0x61, 0x72, 0x74, 0x69, //  / u_fssoftParti
	0x63, 0x6c, 0x65, 0x50, 0x61, 0x72, 0x61, 0x6d, 0x2e, 0x78, 0x2c, 0x20, 0x28, 0x5f, 0x39, 0x30, // cleParam.x, (_90
	0x32, 0x20, 0x2d, 0x20, 0x75, 0x5f, 0x66, 0x73, 0x73, 0x6f, 0x66, 0x74, 0x50, 0x61, 0x72, 0x74, // 2 - u_fssoftPart
	0x69, 0x63, 0x6c, 0x65, 0x50, 0x61, 0x72, 0x61, 0x6d, 0x2e, 0x7a, 0x29, 0x20, 0x2f, 0x20, 0x75, // icleParam.z) / u
	0x5f, 0x66, 0x73, 0x73, 0x6f, 0x66, 0x74, 0x50, 0x61, 0x72, 0x74, 0x69, 0x63, 0x6c, 0x65, 0x50, // _fssoftParticleP
	0x61, 0x72, 0x61, 0x6d, 0x2e, 0x79, 0x29, 0x2c, 0x20, 0x30, 0x2e, 0x30, 0x29, 0x2c, 0x20, 0x31, // aram.y), 0.0), 1
	0x2e, 0x30, 0x29, 0x29, 0x3b, 0x0a, 0x20, 0x20, 0x20, 0x20, 0x7d, 0x0a, 0x20, 0x20, 0x20, 0x20, // .0));.    }.    
	0x65, 0x6c, 0x73, 0x65, 0x0a, 0x20, 0x20, 0x20, 0x20, 0x7b, 0x0a, 0x20, 0x20, 0x20, 0x20, 0x20, // else.    {.     
	0x20, 0x20, 0x20, 0x5f, 0x31, 0x30, 0x35, 0x35, 0x20, 0x3d, 0x20, 0x5f, 0x31, 0x30, 0x32, 0x31, //    _1055 = _1021
	0x3b, 0x0a, 0x20, 0x20, 0x20, 0x20, 0x7d, 0x0a, 0x20, 0x20, 0x20, 0x20, 0x69, 0x66, 0x20, 0x28, // ;.    }.    if (
	0x5f, 0x31, 0x30, 0x35, 0x35, 0x2e, 0x77, 0x20, 0x3d, 0x3d, 0x20, 0x30, 0x2e, 0x30, 0x29, 0x0a, // _1055.w == 0.0).
	0x20, 0x20, 0x20, 0x20, 0x7b, 0x0a, 0x20, 0x20, 0x20, 0x20, 0x20, 0x20, 0x20, 0x20, 0x64, 0x69, //     {.        di
	0x73, 0x63, 0x61, 0x72, 0x64, 0x3b, 0x0a, 0x20, 0x20, 0x20, 0x20, 0x7d, 0x0a, 0x20, 0x20, 0x20, // scard;.    }.   
	0x20, 0x76, 0x65, 0x63, 0x34, 0x20, 0x5f, 0x31, 0x30, 0x35, 0x36, 0x3b, 0x0a, 0x20, 0x20, 0x20, //  vec4 _1056;.   
	0x20, 0x64, 0x6f, 0x0a, 0x20, 0x20, 0x20, 0x20, 0x7b, 0x0a, 0x20, 0x20, 0x20, 0x20, 0x20, 0x20, //  do.    {.      
	0x20, 0x20, 0x69, 0x66, 0x20, 0x28, 0x5f, 0x37, 0x34, 0x32, 0x29, 0x0a, 0x20, 0x20, 0x20, 0x20, //   if (_742).    
	0x20, 0x20, 0x20, 0x20, 0x7b, 0x0a, 0x20, 0x20, 0x20, 0x20, 0x20, 0x20, 0x20, 0x20, 0x20, 0x20, //     {.          
	0x20, 0x20, 0x5f, 0x31, 0x30, 0x35, 0x36, 0x20, 0x3d, 0x20, 0x5f, 0x31, 0x30, 0x35, 0x35, 0x3b, //   _1056 = _1055;
	0x0a, 0x20, 0x20, 0x20, 0x20, 0x20, 0x20, 0x20, 0x20, 0x20, 0x20, 0x20, 0x20, 0x62, 0x72, 0x65, // .            bre
	0x61, 0x6b, 0x3b, 0x0a, 0x20, 0x20, 0x20, 0x20, 0x20, 0x20, 0x20, 0x20, 0x7d, 0x0a, 0x20, 0x20, // ak;.        }.  
	0x20, 0x20, 0x20, 0x20, 0x20, 0x20, 0x5f, 0x31, 0x30, 0x35, 0x36, 0x20, 0x3d, 0x20, 0x76, 0x65, //       _1056 = ve
	0x63, 0x34, 0x28, 0x6d, 0x69, 0x6e, 0x28, 0x5f, 0x31, 0x30, 0x35, 0x35, 0x2e, 0x78, 0x79, 0x7a, // c4(min(_1055.xyz
	0x2c, 0x20, 0x5f, 0x31, 0x30, 0x35, 0x35, 0x2e, 0x78, 0x79, 0x7a, 0x20, 0x2a, 0x20, 0x28, 0x28, // , _1055.xyz * ((
	0x5f, 0x31, 0x30, 0x35, 0x35, 0x2e, 0x78, 0x79, 0x7a, 0x20, 0x2a, 0x20, 0x28, 0x28, 0x5f, 0x31, // _1055.xyz * ((_1
	0x30, 0x35, 0x35, 0x2e, 0x78, 0x79, 0x7a, 0x20, 0x2a, 0x20, 0x30, 0x2e, 0x33, 0x30, 0x35, 0x33, // 055.xyz * 0.3053
	0x30, 0x36, 0x30, 0x31, 0x37, 0x33, 0x39, 0x38, 0x38, 0x33, 0x34, 0x32, 0x32, 0x38, 0x35, 0x31, // 0601739883422851
	0x35, 0x36, 0x32, 0x35, 0x29, 0x20, 0x2b, 0x20, 0x76, 0x65, 0x63, 0x33, 0x28, 0x30, 0x2e, 0x36, // 5625) + vec3(0.6
	0x38, 0x32, 0x31, 0x37, 0x31, 0x31, 0x30, 0x36, 0x33, 0x33, 0x38, 0x35, 0x30, 0x30, 0x39, 0x37, // 8217110633850097
	0x36, 0x35, 0x36, 0x32, 0x35, 0x29, 0x29, 0x29, 0x20, 0x2b, 0x20, 0x76, 0x65, 0x63, 0x33, 0x28, // 65625))) + vec3(
	0x30, 0x2e, 0x30, 0x31, 0x32, 0x35, 0x32, 0x32, 0x38, 0x37, 0x38, 0x31, 0x32, 0x35, 0x33, 0x30, // 0.01252287812530
	0x39, 0x39, 0x34, 0x34, 0x31, 0x35, 0x32, 0x38, 0x33, 0x32, 0x30, 0x33, 0x31, 0x32, 0x35, 0x29, // 994415283203125)
	0x29, 0x29, 0x2c, 0x20, 0x5f, 0x31, 0x30, 0x35, 0x35, 0x2e, 0x77, 0x29, 0x3b, 0x0a, 0x20, 0x20, // )), _1055.w);.  
	0x20, 0x20, 0x20, 0x20, 0x20, 0x20, 0x62, 0x72, 0x65, 0x61, 0x6b, 0x3b, 0x0a, 0x20, 0x20, 0x20, //       break;.   
	0x20, 0x7d, 0x20, 0x77, 0x68, 0x69, 0x6c, 0x65, 0x28, 0x66, 0x61, 0x6c, 0x73, 0x65, 0x29, 0x3b, //  } while(false);
	0x0a, 0x20, 0x20, 0x20, 0x20, 0x62, 0x67, 0x66, 0x78, 0x5f, 0x46, 0x72, 0x61, 0x67, 0x43, 0x6f, // .    bgfx_FragCo
	0x6c, 0x6f, 0x72, 0x20, 0x3d, 0x20, 0x5f, 0x31, 0x30, 0x35, 0x36, 0x3b, 0x0a, 0x7d, 0x0a, 0x0a, // lor = _1056;.}..
	0x00,                                                                                           // .
};
static const uint8_t model_lit_ps_spv[6397] =
{
	0x46, 0x53, 0x48, 0x0c, 0x27, 0xdf, 0xc0, 0x3a, 0x00, 0x00, 0x00, 0x00, 0x00, 0x00, 0x00, 0x00, // FSH.'..:........
	0x00, 0x00, 0x00, 0x00, 0x0c, 0x00, 0x0d, 0x75, 0x5f, 0x66, 0x73, 0x6d, 0x69, 0x73, 0x63, 0x46, // .......u_fsmiscF
	0x6c, 0x61, 0x67, 0x73, 0x12, 0x01, 0x80, 0x00, 0x01, 0x00, 0x00, 0x00, 0x00, 0x00, 0x13, 0x75, // lags...........u
	0x5f, 0x66, 0x73, 0x66, 0x4c, 0x69, 0x67, 0x68, 0x74, 0x44, 0x69, 0x72, 0x65, 0x63, 0x74, 0x69, // _fsfLightDirecti
	0x6f, 0x6e, 0x12, 0x01, 0x00, 0x00, 0x01, 0x00, 0x00, 0x00, 0x00, 0x00, 0x0f, 0x75, 0x5f, 0x66, // on...........u_f
	0x73, 0x66, 0x4c, 0x69, 0x67, 0x68, 0x74, 0x43, 0x6f, 0x6c, 0x6f, 0x72, 0x12, 0x01, 0x10, 0x00, // sfLightColor....
	0x01, 0x00, 0x00, 0x00, 0x00, 0x00, 0x11, 0x75, 0x5f, 0x66, 0x73, 0x66, 0x4c, 0x69, 0x67, 0x68, // .......u_fsfLigh
	0x74, 0x41, 0x6d, 0x62, 0x69, 0x65, 0x6e, 0x74, 0x12, 0x01, 0x20, 0x00, 0x01, 0x00, 0x00, 0x00, // tAmbient.. .....
	0x00, 0x00, 0x14, 0x75, 0x5f, 0x66, 0x73, 0x66, 0x45, 0x6d, 0x69, 0x73, 0x73, 0x69, 0x76, 0x65, // ...u_fsfEmissive
	0x53, 0x63, 0x61, 0x6c, 0x69, 0x6e, 0x67, 0x12, 0x01, 0x30, 0x00, 0x01, 0x00, 0x00, 0x00, 0x00, // Scaling..0......
	0x00, 0x13, 0x75, 0x5f, 0x66, 0x73, 0x6d, 0x55, 0x56, 0x49, 0x6e, 0x76, 0x65, 0x72, 0x73, 0x65, // ..u_fsmUVInverse
	0x64, 0x42, 0x61, 0x63, 0x6b, 0x12, 0x01, 0x70, 0x00, 0x01, 0x00, 0x00, 0x00, 0x00, 0x00, 0x15, // dBack..p........
	0x75, 0x5f, 0x66, 0x73, 0x73, 0x6f, 0x66, 0x74, 0x50, 0x61, 0x72, 0x74, 0x69, 0x63, 0x6c, 0x65, // u_fssoftParticle
	0x50, 0x61, 0x72, 0x61, 0x6d, 0x12, 0x01, 0x40, 0x00, 0x01, 0x00, 0x00, 0x00, 0x00, 0x00, 0x18, // Param..@........
	0x75, 0x5f, 0x66, 0x73, 0x72, 0x65, 0x63, 0x6f, 0x6e, 0x73, 0x74, 0x72, 0x75, 0x63, 0x74, 0x69, // u_fsreconstructi
	0x6f, 0x6e, 0x50, 0x61, 0x72, 0x61, 0x6d, 0x31, 0x12, 0x01, 0x50, 0x00, 0x01, 0x00, 0x00, 0x00, // onParam1..P.....
	0x00, 0x00, 0x18, 0x75, 0x5f, 0x66, 0x73, 0x72, 0x65, 0x63, 0x6f, 0x6e, 0x73, 0x74, 0x72, 0x75, // ...u_fsreconstru
	0x63, 0x74, 0x69, 0x6f, 0x6e, 0x50, 0x61, 0x72, 0x61, 0x6d, 0x32, 0x12, 0x01, 0x60, 0x00, 0x01, // ctionParam2..`..
	0x00, 0x00, 0x00, 0x00, 0x00, 0x0a, 0x73, 0x5f, 0x63, 0x6f, 0x6c, 0x6f, 0x72, 0x54, 0x65, 0x78, // ......s_colorTex
	0x30, 0x00, 0x02, 0x00, 0x00, 0x00, 0x00, 0x02, 0x29, 0x00, 0x0b, 0x73, 0x5f, 0x6e, 0x6f, 0x72, // 0.......)..s_nor
	0x6d, 0x61, 0x6c, 0x54, 0x65, 0x78, 0x30, 0x00, 0x03, 0x00, 0x00, 0x00, 0x00, 0x02, 0x29, 0x00, // malTex0.......).
	0x0a, 0x73, 0x5f, 0x64, 0x65, 0x70, 0x74, 0x68, 0x54, 0x65, 0x78, 0x30, 0x00, 0x04, 0x00, 0x00, // .s_depthTex0....
	0x00, 0x00, 0x02, 0x29, 0x00, 0x90, 0x17, 0x00, 0x00, 0x03, 0x02, 0x23, 0x07, 0x00, 0x00, 0x01, // ...).......#....
	0x00, 0x0b, 0x00, 0x08, 0x00, 0xd8, 0x04, 0x00, 0x00, 0x00, 0x00, 0x00, 0x00, 0x11, 0x00, 0x02, // ................
	0x00, 0x01, 0x00, 0x00, 0x00, 0x0b, 0x00, 0x06, 0x00, 0x01, 0x00, 0x00, 0x00, 0x47, 0x4c, 0x53, // .............GLS
	0x4c, 0x2e, 0x73, 0x74, 0x64, 0x2e, 0x34, 0x35, 0x30, 0x00, 0x00, 0x00, 0x00, 0x0e, 0x00, 0x03, // L.std.450.......
	0x00, 0x00, 0x00, 0x00, 0x00, 0x01, 0x00, 0x00, 0x00, 0x0f, 0x00, 0x0c, 0x00, 0x04, 0x00, 0x00, // ................
	0x00, 0x04, 0x00, 0x00, 0x00, 0x6d, 0x61, 0x69, 0x6e, 0x00, 0x00, 0x00, 0x00, 0x3f, 0x02, 0x00, // .....main....?..
	0x00, 0x42, 0x02, 0x00, 0x00, 0x46, 0x02, 0x00, 0x00, 0x4a, 0x02, 0x00, 0x00, 0x4d, 0x02, 0x00, // .B...F...J...M..
	0x00, 0x50, 0x02, 0x00, 0x00, 0x65, 0x02, 0x00, 0x00, 0x10, 0x00, 0x03, 0x00, 0x04, 0x00, 0x00, // .P...e..........
	0x00, 0x07, 0x00, 0x00, 0x00, 0x03, 0x00, 0x03, 0x00, 0x05, 0x00, 0x00, 0x00, 0xf4, 0x01, 0x00, // ................
	0x00, 0x05, 0x00, 0x04, 0x00, 0x04, 0x00, 0x00, 0x00, 0x6d, 0x61, 0x69, 0x6e, 0x00, 0x00, 0x00, // .........main...
	0x00, 0x05, 0x00, 0x07, 0x00, 0x64, 0x00, 0x00, 0x00, 0x73, 0x5f, 0x63, 0x6f, 0x6c, 0x6f, 0x72, // .....d...s_color
	0x54, 0x65, 0x78, 0x53, 0x61, 0x6d, 0x70, 0x6c, 0x65, 0x72, 0x00, 0x00, 0x00, 0x05, 0x00, 0x07, // TexSampler......
	0x00, 0x67, 0x00, 0x00, 0x00, 0x73, 0x5f, 0x63, 0x6f, 0x6c, 0x6f, 0x72, 0x54, 0x65, 0x78, 0x54, // .g...s_colorTexT
	0x65, 0x78, 0x74, 0x75, 0x72, 0x65, 0x00, 0x00, 0x00, 0x05, 0x00, 0x07, 0x00, 0x6b, 0x00, 0x00, // exture.......k..
	0x00, 0x73, 0x5f, 0x6e, 0x6f, 0x72, 0x6d, 0x61, 0x6c, 0x54, 0x65, 0x78, 0x53, 0x61, 0x6d, 0x70, // .s_normalTexSamp
	0x6c, 0x65, 0x72, 0x00, 0x00, 0x05, 0x00, 0x07, 0x00, 0x6d, 0x00, 0x00, 0x00, 0x73, 0x5f, 0x6e, // ler......m...s_n
	0x6f, 0x72, 0x6d, 0x61, 0x6c, 0x54, 0x65, 0x78, 0x54, 0x65, 0x78, 0x74, 0x75, 0x72, 0x65, 0x00, // ormalTexTexture.
	0x00, 0x05, 0x00, 0x07, 0x00, 0x71, 0x00, 0x00, 0x00, 0x73, 0x5f, 0x64, 0x65, 0x70, 0x74, 0x68, // .....q...s_depth
	0x54, 0x65, 0x78, 0x53, 0x61, 0x6d, 0x70, 0x6c, 0x65, 0x72, 0x00, 0x00, 0x00, 0x05, 0x00, 0x07, // TexSampler......
	0x00, 0x73, 0x00, 0x00, 0x00, 0x73, 0x5f, 0x64, 0x65, 0x70, 0x74, 0x68, 0x54, 0x65, 0x78, 0x54, // .s...s_depthTexT
	0x65, 0x78, 0x74, 0x75, 0x72, 0x65, 0x00, 0x00, 0x00, 0x05, 0x00, 0x06, 0x00, 0x5e, 0x01, 0x00, // exture.......^..
	0x00, 0x55, 0x6e, 0x69, 0x66, 0x6f, 0x72, 0x6d, 0x42, 0x6c, 0x6f, 0x63, 0x6b, 0x00, 0x00, 0x00, // .UniformBlock...
	0x00, 0x06, 0x00, 0x08, 0x00, 0x5e, 0x01, 0x00, 0x00, 0x00, 0x00, 0x00, 0x00, 0x75, 0x5f, 0x66, // .....^.......u_f
	0x73, 0x66, 0x4c, 0x69, 0x67, 0x68, 0x74, 0x44, 0x69, 0x72, 0x65, 0x63, 0x74, 0x69, 0x6f, 0x6e, // sfLightDirection
	0x00, 0x06, 0x00, 0x07, 0x00, 0x5e, 0x01, 0x00, 0x00, 0x01, 0x00, 0x00, 0x00, 0x75, 0x5f, 0x66, // .....^.......u_f
	0x73, 0x66, 0x4c, 0x69, 0x67, 0x68, 0x74, 0x43, 0x6f, 0x6c, 0x6f, 0x72, 0x00, 0x06, 0x00, 0x08, // sfLightColor....
	0x00, 0x5e, 0x01, 0x00, 0x00, 0x02, 0x00, 0x00, 0x00, 0x75, 0x5f, 0x66, 0x73, 0x66, 0x4c, 0x69, // .^.......u_fsfLi
	0x67, 0x68, 0x74, 0x41, 0x6d, 0x62, 0x69, 0x65, 0x6e, 0x74, 0x00, 0x00, 0x00, 0x06, 0x00, 0x09, // ghtAmbient......
	0x00, 0x5e, 0x01, 0x00, 0x00, 0x03, 0x00, 0x00, 0x00, 0x75, 0x5f, 0x66, 0x73, 0x66, 0x45, 0x6d, // .^.......u_fsfEm
	0x69, 0x73, 0x73, 0x69, 0x76, 0x65, 0x53, 0x63, 0x61, 0x6c, 0x69, 0x6e, 0x67, 0x00, 0x00, 0x00, // issiveScaling...
	0x00, 0x06, 0x00, 0x09, 0x00, 0x5e, 0x01, 0x00, 0x00, 0x04, 0x00, 0x00, 0x00, 0x75, 0x5f, 0x66, // .....^.......u_f
	0x73, 0x73, 0x6f, 0x66, 0x74, 0x50, 0x61, 0x72, 0x74, 0x69, 0x63, 0x6c, 0x65, 0x50, 0x61, 0x72, // ssoftParticlePar
	0x61, 0x6d, 0x00, 0x00, 0x00, 0x06, 0x00, 0x0a, 0x00, 0x5e, 0x01, 0x00, 0x00, 0x05, 0x00, 0x00, // am.......^......
	0x00, 0x75, 0x5f, 0x66, 0x73, 0x72, 0x65, 0x63, 0x6f, 0x6e, 0x73, 0x74, 0x72, 0x75, 0x63, 0x74, // .u_fsreconstruct
	0x69, 0x6f, 0x6e, 0x50, 0x61, 0x72, 0x61, 0x6d, 0x31, 0x00, 0x00, 0x00, 0x00, 0x06, 0x00, 0x0a, // ionParam1.......
	0x00, 0x5e, 0x01, 0x00, 0x00, 0x06, 0x00, 0x00, 0x00, 0x75, 0x5f, 0x66, 0x73, 0x72, 0x65, 0x63, // .^.......u_fsrec
	0x6f, 0x6e, 0x73, 0x74, 0x72, 0x75, 0x63, 0x74, 0x69, 0x6f, 0x6e, 0x50, 0x61, 0x72, 0x61, 0x6d, // onstructionParam
	0x32, 0x00, 0x00, 0x00, 0x00, 0x06, 0x00, 0x08, 0x00, 0x5e, 0x01, 0x00, 0x00, 0x07, 0x00, 0x00, // 2........^......
	0x00, 0x75, 0x5f, 0x66, 0x73, 0x6d, 0x55, 0x56, 0x49, 0x6e, 0x76, 0x65, 0x72, 0x73, 0x65, 0x64, // .u_fsmUVInversed
	0x42, 0x61, 0x63, 0x6b, 0x00, 0x06, 0x00, 0x07, 0x00, 0x5e, 0x01, 0x00, 0x00, 0x08, 0x00, 0x00, // Back.....^......
	0x00, 0x75, 0x5f, 0x66, 0x73, 0x6d, 0x69, 0x73, 0x63, 0x46, 0x6c, 0x61, 0x67, 0x73, 0x00, 0x00, // .u_fsmiscFlags..
	0x00, 0x05, 0x00, 0x03, 0x00, 0x60, 0x01, 0x00, 0x00, 0x00, 0x00, 0x00, 0x00, 0x05, 0x00, 0x04, // .....`..........
	0x00, 0x3f, 0x02, 0x00, 0x00, 0x76, 0x5f, 0x43, 0x6f, 0x6c, 0x6f, 0x72, 0x00, 0x05, 0x00, 0x04, // .?...v_Color....
	0x00, 0x42, 0x02, 0x00, 0x00, 0x76, 0x5f, 0x50, 0x6f, 0x73, 0x50, 0x00, 0x00, 0x05, 0x00, 0x04, // .B...v_PosP.....
	0x00, 0x46, 0x02, 0x00, 0x00, 0x76, 0x5f, 0x55, 0x56, 0x00, 0x00, 0x00, 0x00, 0x05, 0x00, 0x05, // .F...v_UV.......
	0x00, 0x4a, 0x02, 0x00, 0x00, 0x76, 0x5f, 0x57, 0x6f, 0x72, 0x6c, 0x64, 0x42, 0x00, 0x00, 0x00, // .J...v_WorldB...
	0x00, 0x05, 0x00, 0x05, 0x00, 0x4d, 0x02, 0x00, 0x00, 0x76, 0x5f, 0x57, 0x6f, 0x72, 0x6c, 0x64, // .....M...v_World
	0x4e, 0x00, 0x00, 0x00, 0x00, 0x05, 0x00, 0x05, 0x00, 0x50, 0x02, 0x00, 0x00, 0x76, 0x5f, 0x57, // N........P...v_W
	0x6f, 0x72, 0x6c, 0x64, 0x54, 0x00, 0x00, 0x00, 0x00, 0x05, 0x00, 0x06, 0x00, 0x65, 0x02, 0x00, // orldT........e..
	0x00, 0x62, 0x67, 0x66, 0x78, 0x5f, 0x46, 0x72, 0x61, 0x67, 0x44, 0x61, 0x74, 0x61, 0x30, 0x00, // .bgfx_FragData0.
	0x00, 0x47, 0x00, 0x04, 0x00, 0x64, 0x00, 0x00, 0x00, 0x21, 0x00, 0x00, 0x00, 0x12, 0x00, 0x00, // .G...d...!......
	0x00, 0x47, 0x00, 0x04, 0x00, 0x64, 0x00, 0x00, 0x00, 0x22, 0x00, 0x00, 0x00, 0x00, 0x00, 0x00, // .G...d..."......
	0x00, 0x47, 0x00, 0x04, 0x00, 0x67, 0x00, 0x00, 0x00, 0x21, 0x00, 0x00, 0x00, 0x02, 0x00, 0x00, // .G...g...!......
	0x00, 0x47, 0x00, 0x04, 0x00, 0x67, 0x00, 0x00, 0x00, 0x22, 0x00, 0x00, 0x00, 0x00, 0x00, 0x00, // .G...g..."......
	0x00, 0x47, 0x00, 0x04, 0x00, 0x6b, 0x00, 0x00, 0x00, 0x21, 0x00, 0x00, 0x00, 0x13, 0x00, 0x00, // .G...k...!......
	0x00, 0x47, 0x00, 0x04, 0x00, 0x6b, 0x00, 0x00, 0x00, 0x22, 0x00, 0x00, 0x00, 0x00, 0x00, 0x00, // .G...k..."......
	0x00, 0x47, 0x00, 0x04, 0x00, 0x6d, 0x00, 0x00, 0x00, 0x21, 0x00, 0x00, 0x00, 0x03, 0x00, 0x00, // .G...m...!......
	0x00, 0x47, 0x00, 0x04, 0x00, 0x6d, 0x00, 0x00, 0x00, 0x22, 0x00, 0x00, 0x00, 0x00, 0x00, 0x00, // .G...m..."......
	0x00, 0x47, 0x00, 0x04, 0x00, 0x71, 0x00, 0x00, 0x00, 0x21, 0x00, 0x00, 0x00, 0x14, 0x00, 0x00, // .G...q...!......
	0x00, 0x47, 0x00, 0x04, 0x00, 0x71, 0x00, 0x00, 0x00, 0x22, 0x00, 0x00, 0x00, 0x00, 0x00, 0x00, // .G...q..."......
	0x00, 0x47, 0x00, 0x04, 0x00, 0x73, 0x00, 0x00, 0x00, 0x21, 0x00, 0x00, 0x00, 0x04, 0x00, 0x00, // .G...s...!......
	0x00, 0x47, 0x00, 0x04, 0x00, 0x73, 0x00, 0x00, 0x00, 0x22, 0x00, 0x00, 0x00, 0x00, 0x00, 0x00, // .G...s..."......
	0x00, 0x47, 0x00, 0x03, 0x00, 0x5e, 0x01, 0x00, 0x00, 0x02, 0x00, 0x00, 0x00, 0x48, 0x00, 0x05, // .G...^.......H..
	0x00, 0x5e, 0x01, 0x00, 0x00, 0x00, 0x00, 0x00, 0x00, 0x23, 0x00, 0x00, 0x00, 0x00, 0x00, 0x00, // .^.......#......
	0x00, 0x48, 0x00, 0x05, 0x00, 0x5e, 0x01, 0x00, 0x00, 0x01, 0x00, 0x00, 0x00, 0x23, 0x00, 0x00, // .H...^.......#..
	0x00, 0x10, 0x00, 0x00, 0x00, 0x48, 0x00, 0x05, 0x00, 0x5e, 0x01, 0x00, 0x00, 0x02, 0x00, 0x00, // .....H...^......
	0x00, 0x23, 0x00, 0x00, 0x00, 0x20, 0x00, 0x00, 0x00, 0x48, 0x00, 0x05, 0x00, 0x5e, 0x01, 0x00, // .#... ...H...^..
	0x00, 0x03, 0x00, 0x00, 0x00, 0x23, 0x00, 0x00, 0x00, 0x30, 0x00, 0x00, 0x00, 0x48, 0x00, 0x05, // .....#...0...H..
	0x00, 0x5e, 0x01, 0x00, 0x00, 0x04, 0x00, 0x00, 0x00, 0x23, 0x00, 0x00, 0x00, 0x40, 0x00, 0x00, // .^.......#...@..
	0x00, 0x48, 0x00, 0x05, 0x00, 0x5e, 0x01, 0x00, 0x00, 0x05, 0x00, 0x00, 0x00, 0x23, 0x00, 0x00, // .H...^.......#..
	0x00, 0x50, 0x00, 0x00, 0x00, 0x48, 0x00, 0x05, 0x00, 0x5e, 0x01, 0x00, 0x00, 0x06, 0x00, 0x00, // .P...H...^......
	0x00, 0x23, 0x00, 0x00, 0x00, 0x60, 0x00, 0x00, 0x00, 0x48, 0x00, 0x05, 0x00, 0x5e, 0x01, 0x00, // .#...`...H...^..
	0x00, 0x07, 0x00, 0x00, 0x00, 0x23, 0x00, 0x00, 0x00, 0x70, 0x00, 0x00, 0x00, 0x48, 0x00, 0x05, // .....#...p...H..
	0x00, 0x5e, 0x01, 0x00, 0x00, 0x08, 0x00, 0x00, 0x00, 0x23, 0x00, 0x00, 0x00, 0x80, 0x00, 0x00, // .^.......#......
	0x00, 0x47, 0x00, 0x04, 0x00, 0x60, 0x01, 0x00, 0x00, 0x21, 0x00, 0x00, 0x00, 0x01, 0x00, 0x00, // .G...`...!......
	0x00, 0x47, 0x00, 0x04, 0x00, 0x60, 0x01, 0x00, 0x00, 0x22, 0x00, 0x00, 0x00, 0x00, 0x00, 0x00, // .G...`..."......
	0x00, 0x47, 0x00, 0x04, 0x00, 0x3f, 0x02, 0x00, 0x00, 0x1e, 0x00, 0x00, 0x00, 0x00, 0x00, 0x00, // .G...?..........
	0x00, 0x47, 0x00, 0x04, 0x00, 0x42, 0x02, 0x00, 0x00, 0x1e, 0x00, 0x00, 0x00, 0x01, 0x00, 0x00, // .G...B..........
	0x00, 0x47, 0x00, 0x04, 0x00, 0x46, 0x02, 0x00, 0x00, 0x1e, 0x00, 0x00, 0x00, 0x02, 0x00, 0x00, // .G...F..........
	0x00, 0x47, 0x00, 0x04, 0x00, 0x4a, 0x02, 0x00, 0x00, 0x1e, 0x00, 0x00, 0x00, 0x03, 0x00, 0x00, // .G...J..........
	0x00, 0x47, 0x00, 0x04, 0x00, 0x4d, 0x02, 0x00, 0x00, 0x1e, 0x00, 0x00, 0x00, 0x04, 0x00, 0x00, // .G...M..........
	0x00, 0x47, 0x00, 0x04, 0x00, 0x50, 0x02, 0x00, 0x00, 0x1e, 0x00, 0x00, 0x00, 0x05, 0x00, 0x00, // .G...P..........
	0x00, 0x47, 0x00, 0x04, 0x00, 0x65, 0x02, 0x00, 0x00, 0x1e, 0x00, 0x00, 0x00, 0x00, 0x00, 0x00, // .G...e..........
	0x00, 0x13, 0x00, 0x02, 0x00, 0x02, 0x00, 0x00, 0x00, 0x21, 0x00, 0x03, 0x00, 0x03, 0x00, 0x00, // .........!......
	0x00, 0x02, 0x00, 0x00, 0x00, 0x1a, 0x00, 0x02, 0x00, 0x06, 0x00, 0x00, 0x00, 0x16, 0x00, 0x03, // ................
	0x00, 0x07, 0x00, 0x00, 0x00, 0x20, 0x00, 0x00, 0x00, 0x19, 0x00, 0x09, 0x00, 0x08, 0x00, 0x00, // ..... ..........
	0x00, 0x07, 0x00, 0x00, 0x00, 0x01, 0x00, 0x00, 0x00, 0x00, 0x00, 0x00, 0x00, 0x00, 0x00, 0x00, // ................
	0x00, 0x00, 0x00, 0x00, 0x00, 0x01, 0x00, 0x00, 0x00, 0x00, 0x00, 0x00, 0x00, 0x17, 0x00, 0x04, // ................
	0x00, 0x0b, 0x00, 0x00, 0x00, 0x07, 0x00, 0x00, 0x00, 0x02, 0x00, 0x00, 0x00, 0x17, 0x00, 0x04, // ................
	0x00, 0x0d, 0x00, 0x00, 0x00, 0x07, 0x00, 0x00, 0x00, 0x04, 0x00, 0x00, 0x00, 0x17, 0x00, 0x04, // ................
	0x00, 0x18, 0x00, 0x00, 0x00, 0x07, 0x00, 0x00, 0x00, 0x03, 0x00, 0x00, 0x00, 0x18, 0x00, 0x04, // ................
	0x00, 0x22, 0x00, 0x00, 0x00, 0x18, 0x00, 0x00, 0x00, 0x03, 0x00, 0x00, 0x00, 0x14, 0x00, 0x02, // ."..............
	0x00, 0x37, 0x00, 0x00, 0x00, 0x20, 0x00, 0x04, 0x00, 0x63, 0x00, 0x00, 0x00, 0x00, 0x00, 0x00, // .7... ...c......
	0x00, 0x06, 0x00, 0x00, 0x00, 0x3b, 0x00, 0x04, 0x00, 0x63, 0x00, 0x00, 0x00, 0x64, 0x00, 0x00, // .....;...c...d..
	0x00, 0x00, 0x00, 0x00, 0x00, 0x20, 0x00, 0x04, 0x00, 0x66, 0x00, 0x00, 0x00, 0x00, 0x00, 0x00, // ..... ...f......
	0x00, 0x08, 0x00, 0x00, 0x00, 0x3b, 0x00, 0x04, 0x00, 0x66, 0x00, 0x00, 0x00, 0x67, 0x00, 0x00, // .....;...f...g..
	0x00, 0x00, 0x00, 0x00, 0x00, 0x3b, 0x00, 0x04, 0x00, 0x63, 0x00, 0x00, 0x00, 0x6b, 0x00, 0x00, // .....;...c...k..
	0x00, 0x00, 0x00, 0x00, 0x00, 0x3b, 0x00, 0x04, 0x00, 0x66, 0x00, 0x00, 0x00, 0x6d, 0x00, 0x00, // .....;...f...m..
	0x00, 0x00, 0x00, 0x00, 0x00, 0x3b, 0x00, 0x04, 0x00, 0x63, 0x00, 0x00, 0x00, 0x71, 0x00, 0x00, // .....;...c...q..
	0x00, 0x00, 0x00, 0x00, 0x00, 0x3b, 0x00, 0x04, 0x00, 0x66, 0x00, 0x00, 0x00, 0x73, 0x00, 0x00, // .....;...f...s..
	0x00, 0x00, 0x00, 0x00, 0x00, 0x15, 0x00, 0x04, 0x00, 0x76, 0x00, 0x00, 0x00, 0x20, 0x00, 0x00, // .........v... ..
	0x00, 0x01, 0x00, 0x00, 0x00, 0x2b, 0x00, 0x04, 0x00, 0x76, 0x00, 0x00, 0x00, 0x77, 0x00, 0x00, // .....+...v...w..
	0x00, 0x01, 0x00, 0x00, 0x00, 0x2b, 0x00, 0x04, 0x00, 0x76, 0x00, 0x00, 0x00, 0x7b, 0x00, 0x00, // .....+...v...{..
	0x00, 0x00, 0x00, 0x00, 0x00, 0x1b, 0x00, 0x03, 0x00, 0x7f, 0x00, 0x00, 0x00, 0x08, 0x00, 0x00, // ................
	0x00, 0x2b, 0x00, 0x04, 0x00, 0x07, 0x00, 0x00, 0x00, 0x94, 0x00, 0x00, 0x00, 0x00, 0x00, 0x80, // .+..............
	0x3f, 0x2b, 0x00, 0x04, 0x00, 0x07, 0x00, 0x00, 0x00, 0x95, 0x00, 0x00, 0x00, 0x00, 0x00, 0x00, // ?+..............
	0x00, 0x2b, 0x00, 0x04, 0x00, 0x07, 0x00, 0x00, 0x00, 0xa8, 0x00, 0x00, 0x00, 0x00, 0x00, 0x00, // .+..............
	0x34, 0x2b, 0x00, 0x04, 0x00, 0x07, 0x00, 0x00, 0x00, 0xb3, 0x00, 0x00, 0x00, 0x55, 0x55, 0xd5, // 4+...........UU.
	0x3e, 0x2b, 0x00, 0x04, 0x00, 0x07, 0x00, 0x00, 0x00, 0xbb, 0x00, 0x00, 0x00, 0x3d, 0x0a, 0x87, // >+...........=..
	0x3f, 0x2b, 0x00, 0x04, 0x00, 0x07, 0x00, 0x00, 0x00, 0xbd, 0x00, 0x00, 0x00, 0xae, 0x47, 0x61, // ?+............Ga
	0x3d, 0x15, 0x00, 0x04, 0x00, 0xcc, 0x00, 0x00, 0x00, 0x20, 0x00, 0x00, 0x00, 0x00, 0x00, 0x00, // =........ ......
	0x00, 0x2b, 0x00, 0x04, 0x00, 0xcc, 0x00, 0x00, 0x00, 0xcd, 0x00, 0x00, 0x00, 0x03, 0x00, 0x00, // .+..............
	0x00, 0x2b, 0x00, 0x04, 0x00, 0xcc, 0x00, 0x00, 0x00, 0xe4, 0x00, 0x00, 0x00, 0x00, 0x00, 0x00, // .+..............
	0x00, 0x2b, 0x00, 0x04, 0x00, 0xcc, 0x00, 0x00, 0x00, 0xe8, 0x00, 0x00, 0x00, 0x01, 0x00, 0x00, // .+..............
	0x00, 0x2b, 0x00, 0x04, 0x00, 0x07, 0x00, 0x00, 0x00, 0x33, 0x01, 0x00, 0x00, 0x12, 0x51, 0x9c, // .+.......3....Q.
	0x3e, 0x2b, 0x00, 0x04, 0x00, 0x07, 0x00, 0x00, 0x00, 0x35, 0x01, 0x00, 0x00, 0xc4, 0xa2, 0x2e, // >+.......5......
	0x3f, 0x2b, 0x00, 0x04, 0x00, 0x07, 0x00, 0x00, 0x00, 0x3a, 0x01, 0x00, 0x00, 0xc2, 0x2c, 0x4d, // ?+.......:....,M
	0x3c, 0x1e, 0x00, 0x0b, 0x00, 0x5e, 0x01, 0x00, 0x00, 0x0d, 0x00, 0x00, 0x00, 0x0d, 0x00, 0x00, // <....^..........
	0x00, 0x0d, 0x00, 0x00, 0x00, 0x0d, 0x00, 0x00, 0x00, 0x0d, 0x00, 0x00, 0x00, 0x0d, 0x00, 0x00, // ................
	0x00, 0x0d, 0x00, 0x00, 0x00, 0x0d, 0x00, 0x00, 0x00, 0x0d, 0x00, 0x00, 0x00, 0x20, 0x00, 0x04, // ............. ..
	0x00, 0x5f, 0x01, 0x00, 0x00, 0x02, 0x00, 0x00, 0x00, 0x5e, 0x01, 0x00, 0x00, 0x3b, 0x00, 0x04, // ._.......^...;..
	0x00, 0x5f, 0x01, 0x00, 0x00, 0x60, 0x01, 0x00, 0x00, 0x02, 0x00, 0x00, 0x00, 0x2b, 0x00, 0x04, // ._...`.......+..
	0x00, 0x76, 0x00, 0x00, 0x00, 0x61, 0x01, 0x00, 0x00, 0x08, 0x00, 0x00, 0x00, 0x20, 0x00, 0x04, // .v...a....... ..
	0x00, 0x62, 0x01, 0x00, 0x00, 0x02, 0x00, 0x00, 0x00, 0x07, 0x00, 0x00, 0x00, 0x2b, 0x00, 0x04, // .b...........+..
	0x00, 0x76, 0x00, 0x00, 0x00, 0x67, 0x01, 0x00, 0x00, 0x02, 0x00, 0x00, 0x00, 0x2b, 0x00, 0x04, // .v...g.......+..
	0x00, 0x07, 0x00, 0x00, 0x00, 0x81, 0x01, 0x00, 0x00, 0x00, 0x00, 0x00, 0x3f, 0x2b, 0x00, 0x04, // ............?+..
	0x00, 0x07, 0x00, 0x00, 0x00, 0x85, 0x01, 0x00, 0x00, 0x00, 0x00, 0x00, 0x40, 0x2b, 0x00, 0x04, // ............@+..
	0x00, 0x76, 0x00, 0x00, 0x00, 0x89, 0x01, 0x00, 0x00, 0x05, 0x00, 0x00, 0x00, 0x2b, 0x00, 0x04, // .v...........+..
	0x00, 0x76, 0x00, 0x00, 0x00, 0x8a, 0x01, 0x00, 0x00, 0x04, 0x00, 0x00, 0x00, 0x2b, 0x00, 0x04, // .v...........+..
	0x00, 0x76, 0x00, 0x00, 0x00, 0x8b, 0x01, 0x00, 0x00, 0x03, 0x00, 0x00, 0x00, 0x20, 0x00, 0x04, // .v........... ..
	0x00, 0x99, 0x01, 0x00, 0x00, 0x02, 0x00, 0x00, 0x00, 0x0d, 0x00, 0x00, 0x00, 0x2b, 0x00, 0x04, // .............+..
	0x00, 0x76, 0x00, 0x00, 0x00, 0xca, 0x01, 0x00, 0x00, 0x06, 0x00, 0x00, 0x00, 0x2b, 0x00, 0x04, // .v...........+..
	0x00, 0x76, 0x00, 0x00, 0x00, 0xdf, 0x01, 0x00, 0x00, 0x07, 0x00, 0x00, 0x00, 0x20, 0x00, 0x04, // .v........... ..
	0x00, 0x3b, 0x02, 0x00, 0x00, 0x01, 0x00, 0x00, 0x00, 0x0d, 0x00, 0x00, 0x00, 0x3b, 0x00, 0x04, // .;...........;..
	0x00, 0x3b, 0x02, 0x00, 0x00, 0x3f, 0x02, 0x00, 0x00, 0x01, 0x00, 0x00, 0x00, 0x3b, 0x00, 0x04, // .;...?.......;..
	0x00, 0x3b, 0x02, 0x00, 0x00, 0x42, 0x02, 0x00, 0x00, 0x01, 0x00, 0x00, 0x00, 0x20, 0x00, 0x04, // .;...B....... ..
	0x00, 0x45, 0x02, 0x00, 0x00, 0x01, 0x00, 0x00, 0x00, 0x0b, 0x00, 0x00, 0x00, 0x3b, 0x00, 0x04, // .E...........;..
	0x00, 0x45, 0x02, 0x00, 0x00, 0x46, 0x02, 0x00, 0x00, 0x01, 0x00, 0x00, 0x00, 0x20, 0x00, 0x04, // .E...F....... ..
	0x00, 0x49, 0x02, 0x00, 0x00, 0x01, 0x00, 0x00, 0x00, 0x18, 0x00, 0x00, 0x00, 0x3b, 0x00, 0x04, // .I...........;..
	0x00, 0x49, 0x02, 0x00, 0x00, 0x4a, 0x02, 0x00, 0x00, 0x01, 0x00, 0x00, 0x00, 0x3b, 0x00, 0x04, // .I...J.......;..
	0x00, 0x49, 0x02, 0x00, 0x00, 0x4d, 0x02, 0x00, 0x00, 0x01, 0x00, 0x00, 0x00, 0x3b, 0x00, 0x04, // .I...M.......;..
	0x00, 0x49, 0x02, 0x00, 0x00, 0x50, 0x02, 0x00, 0x00, 0x01, 0x00, 0x00, 0x00, 0x20, 0x00, 0x04, // .I...P....... ..
	0x00, 0x64, 0x02, 0x00, 0x00, 0x03, 0x00, 0x00, 0x00, 0x0d, 0x00, 0x00, 0x00, 0x3b, 0x00, 0x04, // .d...........;..
	0x00, 0x64, 0x02, 0x00, 0x00, 0x65, 0x02, 0x00, 0x00, 0x03, 0x00, 0x00, 0x00, 0x2c, 0x00, 0x06, // .d...e.......,..
	0x00, 0x18, 0x00, 0x00, 0x00, 0x9f, 0x04, 0x00, 0x00, 0xb3, 0x00, 0x00, 0x00, 0xb3, 0x00, 0x00, // ................
	0x00, 0xb3, 0x00, 0x00, 0x00, 0x2c, 0x00, 0x06, 0x00, 0x18, 0x00, 0x00, 0x00, 0xa0, 0x04, 0x00, // .....,..........
	0x00, 0xa8, 0x00, 0x00, 0x00, 0xa8, 0x00, 0x00, 0x00, 0xa8, 0x00, 0x00, 0x00, 0x2c, 0x00, 0x06, // .............,..
	0x00, 0x18, 0x00, 0x00, 0x00, 0xa1, 0x04, 0x00, 0x00, 0xbd, 0x00, 0x00, 0x00, 0xbd, 0x00, 0x00, // ................
	0x00, 0xbd, 0x00, 0x00, 0x00, 0x2c, 0x00, 0x06, 0x00, 0x18, 0x00, 0x00, 0x00, 0xa2, 0x04, 0x00, // .....,..........
	0x00, 0x95, 0x00, 0x00, 0x00, 0x95, 0x00, 0x00, 0x00, 0x95, 0x00, 0x00, 0x00, 0x2c, 0x00, 0x06, // .............,..
	0x00, 0x18, 0x00, 0x00, 0x00, 0xa3, 0x04, 0x00, 0x00, 0x81, 0x01, 0x00, 0x00, 0x81, 0x01, 0x00, // ................
	0x00, 0x81, 0x01, 0x00, 0x00, 0x2c, 0x00, 0x05, 0x00, 0x0b, 0x00, 0x00, 0x00, 0xa4, 0x04, 0x00, // .....,..........
	0x00, 0x94, 0x00, 0x00, 0x00, 0x94, 0x00, 0x00, 0x00, 0x2c, 0x00, 0x06, 0x00, 0x18, 0x00, 0x00, // .........,......
	0x00, 0xa6, 0x04, 0x00, 0x00, 0x35, 0x01, 0x00, 0x00, 0x35, 0x01, 0x00, 0x00, 0x35, 0x01, 0x00, // .....5...5...5..
	0x00, 0x2c, 0x00, 0x06, 0x00, 0x18, 0x00, 0x00, 0x00, 0xa7, 0x04, 0x00, 0x00, 0x3a, 0x01, 0x00, // .,...........:..
	0x00, 0x3a, 0x01, 0x00, 0x00, 0x3a, 0x01, 0x00, 0x00, 0x2c, 0x00, 0x05, 0x00, 0x0b, 0x00, 0x00, // .:...:...,......
	0x00, 0xa8, 0x04, 0x00, 0x00, 0x81, 0x01, 0x00, 0x00, 0x81, 0x01, 0x00, 0x00, 0x20, 0x00, 0x04, // ............. ..
	0x00, 0xa9, 0x04, 0x00, 0x00, 0x01, 0x00, 0x00, 0x00, 0x07, 0x00, 0x00, 0x00, 0x36, 0x00, 0x05, // .............6..
	0x00, 0x02, 0x00, 0x00, 0x00, 0x04, 0x00, 0x00, 0x00, 0x00, 0x00, 0x00, 0x00, 0x03, 0x00, 0x00, // ................
	0x00, 0xf8, 0x00, 0x02, 0x00, 0x05, 0x00, 0x00, 0x00, 0x3d, 0x00, 0x04, 0x00, 0x06, 0x00, 0x00, // .........=......
	0x00, 0x65, 0x00, 0x00, 0x00, 0x64, 0x00, 0x00, 0x00, 0x3d, 0x00, 0x04, 0x00, 0x08, 0x00, 0x00, // .e...d...=......
	0x00, 0x68, 0x00, 0x00, 0x00, 0x67, 0x00, 0x00, 0x00, 0x3d, 0x00, 0x04, 0x00, 0x06, 0x00, 0x00, // .h...g...=......
	0x00, 0x6c, 0x00, 0x00, 0x00, 0x6b, 0x00, 0x00, 0x00, 0x3d, 0x00, 0x04, 0x00, 0x08, 0x00, 0x00, // .l...k...=......
	0x00, 0x6e, 0x00, 0x00, 0x00, 0x6d, 0x00, 0x00, 0x00, 0x3d, 0x00, 0x04, 0x00, 0x06, 0x00, 0x00, // .n...m...=......
	0x00, 0x72, 0x00, 0x00, 0x00, 0x71, 0x00, 0x00, 0x00, 0x3d, 0x00, 0x04, 0x00, 0x08, 0x00, 0x00, // .r...q...=......
	0x00, 0x74, 0x00, 0x00, 0x00, 0x73, 0x00, 0x00, 0x00, 0x3d, 0x00, 0x04, 0x00, 0x0d, 0x00, 0x00, // .t...s...=......
	0x00, 0x40, 0x02, 0x00, 0x00, 0x3f, 0x02, 0x00, 0x00, 0x3d, 0x00, 0x04, 0x00, 0x0d, 0x00, 0x00, // .@...?...=......
	0x00, 0x43, 0x02, 0x00, 0x00, 0x42, 0x02, 0x00, 0x00, 0x3d, 0x00, 0x04, 0x00, 0x0b, 0x00, 0x00, // .C...B...=......
	0x00, 0x47, 0x02, 0x00, 0x00, 0x46, 0x02, 0x00, 0x00, 0x3d, 0x00, 0x04, 0x00, 0x18, 0x00, 0x00, // .G...F...=......
	0x00, 0x4b, 0x02, 0x00, 0x00, 0x4a, 0x02, 0x00, 0x00, 0x3d, 0x00, 0x04, 0x00, 0x18, 0x00, 0x00, // .K...J...=......
	0x00, 0x4e, 0x02, 0x00, 0x00, 0x4d, 0x02, 0x00, 0x00, 0x3d, 0x00, 0x04, 0x00, 0x18, 0x00, 0x00, // .N...M...=......
	0x00, 0x51, 0x02, 0x00, 0x00, 0x50, 0x02, 0x00, 0x00, 0x41, 0x00, 0x06, 0x00, 0x62, 0x01, 0x00, // .Q...P...A...b..
	0x00, 0xd7, 0x02, 0x00, 0x00, 0x60, 0x01, 0x00, 0x00, 0x61, 0x01, 0x00, 0x00, 0xe4, 0x00, 0x00, // .....`...a......
	0x00, 0x3d, 0x00, 0x04, 0x00, 0x07, 0x00, 0x00, 0x00, 0xd8, 0x02, 0x00, 0x00, 0xd7, 0x02, 0x00, // .=..............
	0x00, 0x56, 0x00, 0x05, 0x00, 0x7f, 0x00, 0x00, 0x00, 0x68, 0x03, 0x00, 0x00, 0x68, 0x00, 0x00, // .V.......h...h..
	0x00, 0x65, 0x00, 0x00, 0x00, 0x57, 0x00, 0x05, 0x00, 0x0d, 0x00, 0x00, 0x00, 0x6a, 0x03, 0x00, // .e...W.......j..
	0x00, 0x68, 0x03, 0x00, 0x00, 0x47, 0x02, 0x00, 0x00, 0xf7, 0x00, 0x03, 0x00, 0x7a, 0x03, 0x00, // .h...G.......z..
	0x00, 0x00, 0x00, 0x00, 0x00, 0xfb, 0x00, 0x03, 0x00, 0xe4, 0x00, 0x00, 0x00, 0x71, 0x03, 0x00, // .............q..
	0x00, 0xf8, 0x00, 0x02, 0x00, 0x71, 0x03, 0x00, 0x00, 0xb4, 0x00, 0x05, 0x00, 0x37, 0x00, 0x00, // .....q.......7..
	0x00, 0x73, 0x03, 0x00, 0x00, 0xd8, 0x02, 0x00, 0x00, 0x95, 0x00, 0x00, 0x00, 0xf7, 0x00, 0x03, // .s..............
	0x00, 0x76, 0x03, 0x00, 0x00, 0x00, 0x00, 0x00, 0x00, 0xfa, 0x00, 0x04, 0x00, 0x73, 0x03, 0x00, // .v...........s..
	0x00, 0x74, 0x03, 0x00, 0x00, 0x76, 0x03, 0x00, 0x00, 0xf8, 0x00, 0x02, 0x00, 0x74, 0x03, 0x00, // .t...v.......t..
	0x00, 0xf9, 0x00, 0x02, 0x00, 0x7a, 0x03, 0x00, 0x00, 0xf8, 0x00, 0x02, 0x00, 0x76, 0x03, 0x00, // .....z.......v..
	0x00, 0x4f, 0x00, 0x08, 0x00, 0x18, 0x00, 0x00, 0x00, 0x81, 0x03, 0x00, 0x00, 0x6a, 0x03, 0x00, // .O...........j..
	0x00, 0x6a, 0x03, 0x00, 0x00, 0x00, 0x00, 0x00, 0x00, 0x01, 0x00, 0x00, 0x00, 0x02, 0x00, 0x00, // .j..............
	0x00, 0x0c, 0x00, 0x06, 0x00, 0x18, 0x00, 0x00, 0x00, 0xa5, 0x03, 0x00, 0x00, 0x01, 0x00, 0x00, // ................
	0x00, 0x04, 0x00, 0x00, 0x00, 0x81, 0x03, 0x00, 0x00, 0x0c, 0x00, 0x07, 0x00, 0x18, 0x00, 0x00, // ................
	0x00, 0xa7, 0x03, 0x00, 0x00, 0x01, 0x00, 0x00, 0x00, 0x28, 0x00, 0x00, 0x00, 0xa5, 0x03, 0x00, // .........(......
	0x00, 0xa0, 0x04, 0x00, 0x00, 0x0c, 0x00, 0x07, 0x00, 0x18, 0x00, 0x00, 0x00, 0xa9, 0x03, 0x00, // ................
	0x00, 0x01, 0x00, 0x00, 0x00, 0x1a, 0x00, 0x00, 0x00, 0xa7, 0x03, 0x00, 0x00, 0x9f, 0x04, 0x00, // ................
	0x00, 0x8e, 0x00, 0x05, 0x00, 0x18, 0x00, 0x00, 0x00, 0x98, 0x03, 0x00, 0x00, 0xa9, 0x03, 0x00, // ................
	0x00, 0xbb, 0x00, 0x00, 0x00, 0x83, 0x00, 0x05, 0x00, 0x18, 0x00, 0x00, 0x00, 0x9a, 0x03, 0x00, // ................
	0x00, 0x98, 0x03, 0x00, 0x00, 0xa1, 0x04, 0x00, 0x00, 0x0c, 0x00, 0x07, 0x00, 0x18, 0x00, 0x00, // ................
	0x00, 0x9c, 0x03, 0x00, 0x00, 0x01, 0x00, 0x00, 0x00, 0x28, 0x00, 0x00, 0x00, 0x9a, 0x03, 0x00, // .........(......
	0x00, 0xa2, 0x04, 0x00, 0x00, 0x51, 0x00, 0x05, 0x00, 0x07, 0x00, 0x00, 0x00, 0x85, 0x03, 0x00, // .....Q..........
	0x00, 0x6a, 0x03, 0x00, 0x00, 0x03, 0x00, 0x00, 0x00, 0x51, 0x00, 0x05, 0x00, 0x07, 0x00, 0x00, // .j.......Q......
	0x00, 0x86, 0x03, 0x00, 0x00, 0x9c, 0x03, 0x00, 0x00, 0x00, 0x00, 0x00, 0x00, 0x51, 0x00, 0x05, // .............Q..
	0x00, 0x07, 0x00, 0x00, 0x00, 0x87, 0x03, 0x00, 0x00, 0x9c, 0x03, 0x00, 0x00, 0x01, 0x00, 0x00, // ................
	0x00, 0x51, 0x00, 0x05, 0x00, 0x07, 0x00, 0x00, 0x00, 0x88, 0x03, 0x00, 0x00, 0x9c, 0x03, 0x00, // .Q..............
	0x00, 0x02, 0x00, 0x00, 0x00, 0x50, 0x00, 0x07, 0x00, 0x0d, 0x00, 0x00, 0x00, 0x89, 0x03, 0x00, // .....P..........
	0x00, 0x86, 0x03, 0x00, 0x00, 0x87, 0x03, 0x00, 0x00, 0x88, 0x03, 0x00, 0x00, 0x85, 0x03, 0x00, // ................
	0x00, 0xf9, 0x00, 0x02, 0x00, 0x7a, 0x03, 0x00, 0x00, 0xf8, 0x00, 0x02, 0x00, 0x7a, 0x03, 0x00, // .....z.......z..
	0x00, 0xf5, 0x00, 0x07, 0x00, 0x0d, 0x00, 0x00, 0x00, 0x9d, 0x04, 0x00, 0x00, 0x6a, 0x03, 0x00, // .............j..
	0x00, 0x74, 0x03, 0x00, 0x00, 0x89, 0x03, 0x00, 0x00, 0x76, 0x03, 0x00, 0x00, 0x85, 0x00, 0x05, // .t.......v......
	0x00, 0x0d, 0x00, 0x00, 0x00, 0xe4, 0x02, 0x00, 0x00, 0x9d, 0x04, 0x00, 0x00, 0x40, 0x02, 0x00, // .............@..
	0x00, 0x56, 0x00, 0x05, 0x00, 0x7f, 0x00, 0x00, 0x00, 0xbc, 0x03, 0x00, 0x00, 0x6e, 0x00, 0x00, // .V...........n..
	0x00, 0x6c, 0x00, 0x00, 0x00, 0x57, 0x00, 0x05, 0x00, 0x0d, 0x00, 0x00, 0x00, 0xbe, 0x03, 0x00, // .l...W..........
	0x00, 0xbc, 0x03, 0x00, 0x00, 0x47, 0x02, 0x00, 0x00, 0x4f, 0x00, 0x08, 0x00, 0x18, 0x00, 0x00, // .....G...O......
	0x00, 0xe9, 0x02, 0x00, 0x00, 0xbe, 0x03, 0x00, 0x00, 0xbe, 0x03, 0x00, 0x00, 0x00, 0x00, 0x00, // ................
	0x00, 0x01, 0x00, 0x00, 0x00, 0x02, 0x00, 0x00, 0x00, 0x83, 0x00, 0x05, 0x00, 0x18, 0x00, 0x00, // ................
	0x00, 0xeb, 0x02, 0x00, 0x00, 0xe9, 0x02, 0x00, 0x00, 0xa3, 0x04, 0x00, 0x00, 0x8e, 0x00, 0x05, // ................
	0x00, 0x18, 0x00, 0x00, 0x00, 0xec, 0x02, 0x00, 0x00, 0xeb, 0x02, 0x00, 0x00, 0x85, 0x01, 0x00, // ................
	0x00, 0x50, 0x00, 0x06, 0x00, 0x22, 0x00, 0x00, 0x00, 0xd5, 0x03, 0x00, 0x00, 0x51, 0x02, 0x00, // .P...".......Q..
	0x00, 0x4b, 0x02, 0x00, 0x00, 0x4e, 0x02, 0x00, 0x00, 0x54, 0x00, 0x04, 0x00, 0x22, 0x00, 0x00, // .K...N...T..."..
	0x00, 0xd6, 0x03, 0x00, 0x00, 0xd5, 0x03, 0x00, 0x00, 0x90, 0x00, 0x05, 0x00, 0x18, 0x00, 0x00, // ................
	0x00, 0xf5, 0x02, 0x00, 0x00, 0xec, 0x02, 0x00, 0x00, 0xd6, 0x03, 0x00, 0x00, 0x0c, 0x00, 0x06, // ................
	0x00, 0x18, 0x00, 0x00, 0x00, 0xf6, 0x02, 0x00, 0x00, 0x01, 0x00, 0x00, 0x00, 0x45, 0x00, 0x00, // .............E..
	0x00, 0xf5, 0x02, 0x00, 0x00, 0x41, 0x00, 0x05, 0x00, 0x99, 0x01, 0x00, 0x00, 0xf7, 0x02, 0x00, // .....A..........
	0x00, 0x60, 0x01, 0x00, 0x00, 0x7b, 0x00, 0x00, 0x00, 0x3d, 0x00, 0x04, 0x00, 0x0d, 0x00, 0x00, // .`...{...=......
	0x00, 0xf8, 0x02, 0x00, 0x00, 0xf7, 0x02, 0x00, 0x00, 0x4f, 0x00, 0x08, 0x00, 0x18, 0x00, 0x00, // .........O......
	0x00, 0xf9, 0x02, 0x00, 0x00, 0xf8, 0x02, 0x00, 0x00, 0xf8, 0x02, 0x00, 0x00, 0x00, 0x00, 0x00, // ................
	0x00, 0x01, 0x00, 0x00, 0x00, 0x02, 0x00, 0x00, 0x00, 0x94, 0x00, 0x05, 0x00, 0x07, 0x00, 0x00, // ................
	0x00, 0xfb, 0x02, 0x00, 0x00, 0xf9, 0x02, 0x00, 0x00, 0xf6, 0x02, 0x00, 0x00, 0x0c, 0x00, 0x07, // ................
	0x00, 0x07, 0x00, 0x00, 0x00, 0xfc, 0x02, 0x00, 0x00, 0x01, 0x00, 0x00, 0x00, 0x28, 0x00, 0x00, // .............(..
	0x00, 0xfb, 0x02, 0x00, 0x00, 0x95, 0x00, 0x00, 0x00, 0x4f, 0x00, 0x08, 0x00, 0x18, 0x00, 0x00, // .........O......
	0x00, 0xff, 0x02, 0x00, 0x00, 0xe4, 0x02, 0x00, 0x00, 0xe4, 0x02, 0x00, 0x00, 0x00, 0x00, 0x00, // ................
	0x00, 0x01, 0x00, 0x00, 0x00, 0x02, 0x00, 0x00, 0x00, 0x41, 0x00, 0x05, 0x00, 0x99, 0x01, 0x00, // .........A......
	0x00, 0x00, 0x03, 0x00, 0x00, 0x60, 0x01, 0x00, 0x00, 0x77, 0x00, 0x00, 0x00, 0x3d, 0x00, 0x04, // .....`...w...=..
	0x00, 0x0d, 0x00, 0x00, 0x00, 0x01, 0x03, 0x00, 0x00, 0x00, 0x03, 0x00, 0x00, 0x4f, 0x00, 0x08, // .............O..
	0x00, 0x18, 0x00, 0x00, 0x00, 0x02, 0x03, 0x00, 0x00, 0x01, 0x03, 0x00, 0x00, 0x01, 0x03, 0x00, // ................
	0x00, 0x00, 0x00, 0x00, 0x00, 0x01, 0x00, 0x00, 0x00, 0x02, 0x00, 0x00, 0x00, 0x8e, 0x00, 0x05, // ................
	0x00, 0x18, 0x00, 0x00, 0x00, 0x04, 0x03, 0x00, 0x00, 0x02, 0x03, 0x00, 0x00, 0xfc, 0x02, 0x00, // ................
	0x00, 0x41, 0x00, 0x05, 0x00, 0x99, 0x01, 0x00, 0x00, 0x05, 0x03, 0x00, 0x00, 0x60, 0x01, 0x00, // .A...........`..
	0x00, 0x67, 0x01, 0x00, 0x00, 0x3d, 0x00, 0x04, 0x00, 0x0d, 0x00, 0x00, 0x00, 0x06, 0x03, 0x00, // .g...=..........
	0x00, 0x05, 0x03, 0x00, 0x00, 0x4f, 0x00, 0x08, 0x00, 0x18, 0x00, 0x00, 0x00, 0x07, 0x03, 0x00, // .....O..........
	0x00, 0x06, 0x03, 0x00, 0x00, 0x06, 0x03, 0x00, 0x00, 0x00, 0x00, 0x00, 0x00, 0x01, 0x00, 0x00, // ................
	0x00, 0x02, 0x00, 0x00, 0x00, 0x81, 0x00, 0x05, 0x00, 0x18, 0x00, 0x00, 0x00, 0x08, 0x03, 0x00, // ................
	0x00, 0x04, 0x03, 0x00, 0x00, 0x07, 0x03, 0x00, 0x00, 0x85, 0x00, 0x05, 0x00, 0x18, 0x00, 0x00, // ................
	0x00, 0x09, 0x03, 0x00, 0x00, 0xff, 0x02, 0x00, 0x00, 0x08, 0x03, 0x00, 0x00, 0x51, 0x00, 0x05, // .............Q..
	0x00, 0x07, 0x00, 0x00, 0x00, 0x0b, 0x03, 0x00, 0x00, 0x09, 0x03, 0x00, 0x00, 0x00, 0x00, 0x00, // ................
	0x00, 0x52, 0x00, 0x06, 0x00, 0x0d, 0x00, 0x00, 0x00, 0xad, 0x04, 0x00, 0x00, 0x0b, 0x03, 0x00, // .R..............
	0x00, 0xe4, 0x02, 0x00, 0x00, 0x00, 0x00, 0x00, 0x00, 0x51, 0x00, 0x05, 0x00, 0x07, 0x00, 0x00, // .........Q......
	0x00, 0x0e, 0x03, 0x00, 0x00, 0x09, 0x03, 0x00, 0x00, 0x01, 0x00, 0x00, 0x00, 0x52, 0x00, 0x06, // .............R..
	0x00, 0x0d, 0x00, 0x00, 0x00, 0xb0, 0x04, 0x00, 0x00, 0x0e, 0x03, 0x00, 0x00, 0xad, 0x04, 0x00, // ................
	0x00, 0x01, 0x00, 0x00, 0x00, 0x51, 0x00, 0x05, 0x00, 0x07, 0x00, 0x00, 0x00, 0x11, 0x03, 0x00, // .....Q..........
	0x00, 0x09, 0x03, 0x00, 0x00, 0x02, 0x00, 0x00, 0x00, 0x52, 0x00, 0x06, 0x00, 0x0d, 0x00, 0x00, // .........R......
	0x00, 0xb3, 0x04, 0x00, 0x00, 0x11, 0x03, 0x00, 0x00, 0xb0, 0x04, 0x00, 0x00, 0x02, 0x00, 0x00, // ................
	0x00, 0x4f, 0x00, 0x08, 0x00, 0x18, 0x00, 0x00, 0x00, 0x15, 0x03, 0x00, 0x00, 0xb3, 0x04, 0x00, // .O..............
	0x00, 0xb3, 0x04, 0x00, 0x00, 0x00, 0x00, 0x00, 0x00, 0x01, 0x00, 0x00, 0x00, 0x02, 0x00, 0x00, // ................
	0x00, 0x41, 0x00, 0x06, 0x00, 0x62, 0x01, 0x00, 0x00, 0x16, 0x03, 0x00, 0x00, 0x60, 0x01, 0x00, // .A...b.......`..
	0x00, 0x8b, 0x01, 0x00, 0x00, 0xe4, 0x00, 0x00, 0x00, 0x3d, 0x00, 0x04, 0x00, 0x07, 0x00, 0x00, // .........=......
	0x00, 0x17, 0x03, 0x00, 0x00, 0x16, 0x03, 0x00, 0x00, 0x8e, 0x00, 0x05, 0x00, 0x18, 0x00, 0x00, // ................
	0x00, 0x18, 0x03, 0x00, 0x00, 0x15, 0x03, 0x00, 0x00, 0x17, 0x03, 0x00, 0x00, 0x51, 0x00, 0x05, // .............Q..
	0x00, 0x07, 0x00, 0x00, 0x00, 0x1a, 0x03, 0x00, 0x00, 0x18, 0x03, 0x00, 0x00, 0x00, 0x00, 0x00, // ................
	0x00, 0x52, 0x00, 0x06, 0x00, 0x0d, 0x00, 0x00, 0x00, 0xb6, 0x04, 0x00, 0x00, 0x1a, 0x03, 0x00, // .R..............
	0x00, 0xb3, 0x04, 0x00, 0x00, 0x00, 0x00, 0x00, 0x00, 0x51, 0x00, 0x05, 0x00, 0x07, 0x00, 0x00, // .........Q......
	0x00, 0x1d, 0x03, 0x00, 0x00, 0x18, 0x03, 0x00, 0x00, 0x01, 0x00, 0x00, 0x00, 0x52, 0x00, 0x06, // .............R..
	0x00, 0x0d, 0x00, 0x00, 0x00, 0xb9, 0x04, 0x00, 0x00, 0x1d, 0x03, 0x00, 0x00, 0xb6, 0x04, 0x00, // ................
	0x00, 0x01, 0x00, 0x00, 0x00, 0x51, 0x00, 0x05, 0x00, 0x07, 0x00, 0x00, 0x00, 0x20, 0x03, 0x00, // .....Q....... ..
	0x00, 0x18, 0x03, 0x00, 0x00, 0x02, 0x00, 0x00, 0x00, 0x52, 0x00, 0x06, 0x00, 0x0d, 0x00, 0x00, // .........R......
	0x00, 0xbc, 0x04, 0x00, 0x00, 0x20, 0x03, 0x00, 0x00, 0xb9, 0x04, 0x00, 0x00, 0x02, 0x00, 0x00, // ..... ..........
	0x00, 0x41, 0x00, 0x05, 0x00, 0xa9, 0x04, 0x00, 0x00, 0x9c, 0x04, 0x00, 0x00, 0x42, 0x02, 0x00, // .A...........B..
	0x00, 0xcd, 0x00, 0x00, 0x00, 0x3d, 0x00, 0x04, 0x00, 0x07, 0x00, 0x00, 0x00, 0x25, 0x03, 0x00, // .....=.......%..
	0x00, 0x9c, 0x04, 0x00, 0x00, 0x50, 0x00, 0x07, 0x00, 0x0d, 0x00, 0x00, 0x00, 0xda, 0x03, 0x00, // .....P..........
	0x00, 0x25, 0x03, 0x00, 0x00, 0x25, 0x03, 0x00, 0x00, 0x25, 0x03, 0x00, 0x00, 0x25, 0x03, 0x00, // .%...%...%...%..
	0x00, 0x88, 0x00, 0x05, 0x00, 0x0d, 0x00, 0x00, 0x00, 0x27, 0x03, 0x00, 0x00, 0x43, 0x02, 0x00, // .........'...C..
	0x00, 0xda, 0x03, 0x00, 0x00, 0x4f, 0x00, 0x07, 0x00, 0x0b, 0x00, 0x00, 0x00, 0x29, 0x03, 0x00, // .....O.......)..
	0x00, 0x27, 0x03, 0x00, 0x00, 0x27, 0x03, 0x00, 0x00, 0x00, 0x00, 0x00, 0x00, 0x01, 0x00, 0x00, // .'...'..........
	0x00, 0x81, 0x00, 0x05, 0x00, 0x0b, 0x00, 0x00, 0x00, 0x2b, 0x03, 0x00, 0x00, 0x29, 0x03, 0x00, // .........+...)..
	0x00, 0xa4, 0x04, 0x00, 0x00, 0x85, 0x00, 0x05, 0x00, 0x0b, 0x00, 0x00, 0x00, 0x2d, 0x03, 0x00, // .............-..
	0x00, 0x2b, 0x03, 0x00, 0x00, 0xa8, 0x04, 0x00, 0x00, 0x51, 0x00, 0x05, 0x00, 0x07, 0x00, 0x00, // .+.......Q......
	0x00, 0x2f, 0x03, 0x00, 0x00, 0x2d, 0x03, 0x00, 0x00, 0x01, 0x00, 0x00, 0x00, 0x83, 0x00, 0x05, // ./...-..........
	0x00, 0x07, 0x00, 0x00, 0x00, 0x30, 0x03, 0x00, 0x00, 0x94, 0x00, 0x00, 0x00, 0x2f, 0x03, 0x00, // .....0......./..
	0x00, 0x41, 0x00, 0x06, 0x00, 0x62, 0x01, 0x00, 0x00, 0x32, 0x03, 0x00, 0x00, 0x60, 0x01, 0x00, // .A...b...2...`..
	0x00, 0xdf, 0x01, 0x00, 0x00, 0xe4, 0x00, 0x00, 0x00, 0x3d, 0x00, 0x04, 0x00, 0x07, 0x00, 0x00, // .........=......
	0x00, 0x33, 0x03, 0x00, 0x00, 0x32, 0x03, 0x00, 0x00, 0x41, 0x00, 0x06, 0x00, 0x62, 0x01, 0x00, // .3...2...A...b..
	0x00, 0x34, 0x03, 0x00, 0x00, 0x60, 0x01, 0x00, 0x00, 0xdf, 0x01, 0x00, 0x00, 0xe8, 0x00, 0x00, // .4...`..........
	0x00, 0x3d, 0x00, 0x04, 0x00, 0x07, 0x00, 0x00, 0x00, 0x35, 0x03, 0x00, 0x00, 0x34, 0x03, 0x00, // .=.......5...4..
	0x00, 0x85, 0x00, 0x05, 0x00, 0x07, 0x00, 0x00, 0x00, 0x38, 0x03, 0x00, 0x00, 0x35, 0x03, 0x00, // .........8...5..
	0x00, 0x30, 0x03, 0x00, 0x00, 0x81, 0x00, 0x05, 0x00, 0x07, 0x00, 0x00, 0x00, 0x39, 0x03, 0x00, // .0...........9..
	0x00, 0x33, 0x03, 0x00, 0x00, 0x38, 0x03, 0x00, 0x00, 0x52, 0x00, 0x06, 0x00, 0x0b, 0x00, 0x00, // .3...8...R......
	0x00, 0xc2, 0x04, 0x00, 0x00, 0x39, 0x03, 0x00, 0x00, 0x2d, 0x03, 0x00, 0x00, 0x01, 0x00, 0x00, // .....9...-......
	0x00, 0x41, 0x00, 0x06, 0x00, 0x62, 0x01, 0x00, 0x00, 0x3b, 0x03, 0x00, 0x00, 0x60, 0x01, 0x00, // .A...b...;...`..
	0x00, 0x8a, 0x01, 0x00, 0x00, 0xcd, 0x00, 0x00, 0x00, 0x3d, 0x00, 0x04, 0x00, 0x07, 0x00, 0x00, // .........=......
	0x00, 0x3c, 0x03, 0x00, 0x00, 0x3b, 0x03, 0x00, 0x00, 0xb7, 0x00, 0x05, 0x00, 0x37, 0x00, 0x00, // .<...;.......7..
	0x00, 0x3d, 0x03, 0x00, 0x00, 0x3c, 0x03, 0x00, 0x00, 0x95, 0x00, 0x00, 0x00, 0xf7, 0x00, 0x03, // .=...<..........
	0x00, 0x56, 0x03, 0x00, 0x00, 0x00, 0x00, 0x00, 0x00, 0xfa, 0x00, 0x04, 0x00, 0x3d, 0x03, 0x00, // .V...........=..
	0x00, 0x3e, 0x03, 0x00, 0x00, 0x56, 0x03, 0x00, 0x00, 0xf8, 0x00, 0x02, 0x00, 0x3e, 0x03, 0x00, // .>...V.......>..
	0x00, 0x56, 0x00, 0x05, 0x00, 0x7f, 0x00, 0x00, 0x00, 0xe9, 0x03, 0x00, 0x00, 0x74, 0x00, 0x00, // .V...........t..
	0x00, 0x72, 0x00, 0x00, 0x00, 0x57, 0x00, 0x05, 0x00, 0x0d, 0x00, 0x00, 0x00, 0xeb, 0x03, 0x00, // .r...W..........
	0x00, 0xe9, 0x03, 0x00, 0x00, 0xc2, 0x04, 0x00, 0x00, 0x51, 0x00, 0x05, 0x00, 0x07, 0x00, 0x00, // .........Q......
	0x00, 0x42, 0x03, 0x00, 0x00, 0xeb, 0x03, 0x00, 0x00, 0x00, 0x00, 0x00, 0x00, 0x51, 0x00, 0x05, // .B...........Q..
	0x00, 0x07, 0x00, 0x00, 0x00, 0x45, 0x03, 0x00, 0x00, 0x27, 0x03, 0x00, 0x00, 0x02, 0x00, 0x00, // .....E...'......
	0x00, 0x41, 0x00, 0x05, 0x00, 0x99, 0x01, 0x00, 0x00, 0x46, 0x03, 0x00, 0x00, 0x60, 0x01, 0x00, // .A.......F...`..
	0x00, 0x8a, 0x01, 0x00, 0x00, 0x3d, 0x00, 0x04, 0x00, 0x0d, 0x00, 0x00, 0x00, 0x47, 0x03, 0x00, // .....=.......G..
	0x00, 0x46, 0x03, 0x00, 0x00, 0x41, 0x00, 0x05, 0x00, 0x99, 0x01, 0x00, 0x00, 0x48, 0x03, 0x00, // .F...A.......H..
	0x00, 0x60, 0x01, 0x00, 0x00, 0x89, 0x01, 0x00, 0x00, 0x3d, 0x00, 0x04, 0x00, 0x0d, 0x00, 0x00, // .`.......=......
	0x00, 0x49, 0x03, 0x00, 0x00, 0x48, 0x03, 0x00, 0x00, 0x41, 0x00, 0x05, 0x00, 0x99, 0x01, 0x00, // .I...H...A......
	0x00, 0x4a, 0x03, 0x00, 0x00, 0x60, 0x01, 0x00, 0x00, 0xca, 0x01, 0x00, 0x00, 0x3d, 0x00, 0x04, // .J...`.......=..
	0x00, 0x0d, 0x00, 0x00, 0x00, 0x4b, 0x03, 0x00, 0x00, 0x4a, 0x03, 0x00, 0x00, 0x51, 0x00, 0x05, // .....K...J...Q..
	0x00, 0x07, 0x00, 0x00, 0x00, 0xfb, 0x03, 0x00, 0x00, 0x47, 0x03, 0x00, 0x00, 0x00, 0x00, 0x00, // .........G......
	0x00, 0x51, 0x00, 0x05, 0x00, 0x07, 0x00, 0x00, 0x00, 0xfd, 0x03, 0x00, 0x00, 0x47, 0x03, 0x00, // .Q...........G..
	0x00, 0x01, 0x00, 0x00, 0x00, 0x51, 0x00, 0x05, 0x00, 0x07, 0x00, 0x00, 0x00, 0xff, 0x03, 0x00, // .....Q..........
	0x00, 0x47, 0x03, 0x00, 0x00, 0x02, 0x00, 0x00, 0x00, 0x51, 0x00, 0x05, 0x00, 0x07, 0x00, 0x00, // .G.......Q......
	0x00, 0x05, 0x04, 0x00, 0x00, 0x49, 0x03, 0x00, 0x00, 0x00, 0x00, 0x00, 0x00, 0x85, 0x00, 0x05, // .....I..........
	0x00, 0x07, 0x00, 0x00, 0x00, 0x06, 0x04, 0x00, 0x00, 0x42, 0x03, 0x00, 0x00, 0x05, 0x04, 0x00, // .........B......
	0x00, 0x51, 0x00, 0x05, 0x00, 0x07, 0x00, 0x00, 0x00, 0x08, 0x04, 0x00, 0x00, 0x49, 0x03, 0x00, // .Q...........I..
	0x00, 0x01, 0x00, 0x00, 0x00, 0x81, 0x00, 0x05, 0x00, 0x07, 0x00, 0x00, 0x00, 0x09, 0x04, 0x00, // ................
	0x00, 0x06, 0x04, 0x00, 0x00, 0x08, 0x04, 0x00, 0x00, 0x50, 0x00, 0x05, 0x00, 0x0b, 0x00, 0x00, // .........P......
	0x00, 0x0b, 0x04, 0x00, 0x00, 0x09, 0x04, 0x00, 0x00, 0x45, 0x03, 0x00, 0x00, 0x51, 0x00, 0x05, // .........E...Q..
	0x00, 0x07, 0x00, 0x00, 0x00, 0x0e, 0x04, 0x00, 0x00, 0x4b, 0x03, 0x00, 0x00, 0x03, 0x00, 0x00, // .........K......
	0x00, 0x8e, 0x00, 0x05, 0x00, 0x0b, 0x00, 0x00, 0x00, 0x0f, 0x04, 0x00, 0x00, 0x0b, 0x04, 0x00, // ................
	0x00, 0x0e, 0x04, 0x00, 0x00, 0x51, 0x00, 0x05, 0x00, 0x07, 0x00, 0x00, 0x00, 0x11, 0x04, 0x00, // .....Q..........
	0x00, 0x4b, 0x03, 0x00, 0x00, 0x01, 0x00, 0x00, 0x00, 0x50, 0x00, 0x05, 0x00, 0x0b, 0x00, 0x00, // .K.......P......
	0x00, 0x38, 0x04, 0x00, 0x00, 0x11, 0x04, 0x00, 0x00, 0x11, 0x04, 0x00, 0x00, 0x83, 0x00, 0x05, // .8..............
	0x00, 0x0b, 0x00, 0x00, 0x00, 0x13, 0x04, 0x00, 0x00, 0x0f, 0x04, 0x00, 0x00, 0x38, 0x04, 0x00, // .............8..
	0x00, 0x51, 0x00, 0x05, 0x00, 0x07, 0x00, 0x00, 0x00, 0x15, 0x04, 0x00, 0x00, 0x4b, 0x03, 0x00, // .Q...........K..
	0x00, 0x00, 0x00, 0x00, 0x00, 0x50, 0x00, 0x05, 0x00, 0x0b, 0x00, 0x00, 0x00, 0x3c, 0x04, 0x00, // .....P.......<..
	0x00, 0x15, 0x04, 0x00, 0x00, 0x15, 0x04, 0x00, 0x00, 0x51, 0x00, 0x05, 0x00, 0x07, 0x00, 0x00, // .........Q......
	0x00, 0x19, 0x04, 0x00, 0x00, 0x4b, 0x03, 0x00, 0x00, 0x02, 0x00, 0x00, 0x00, 0x8e, 0x00, 0x05, // .....K..........
	0x00, 0x0b, 0x00, 0x00, 0x00, 0x1a, 0x04, 0x00, 0x00, 0x0b, 0x04, 0x00, 0x00, 0x19, 0x04, 0x00, // ................
	0x00, 0x83, 0x00, 0x05, 0x00, 0x0b, 0x00, 0x00, 0x00, 0x1b, 0x04, 0x00, 0x00, 0x3c, 0x04, 0x00, // .............<..
	0x00, 0x1a, 0x04, 0x00, 0x00, 0x88, 0x00, 0x05, 0x00, 0x0b, 0x00, 0x00, 0x00, 0x1c, 0x04, 0x00, // ................
	0x00, 0x13, 0x04, 0x00, 0x00, 0x1b, 0x04, 0x00, 0x00, 0x51, 0x00, 0x05, 0x00, 0x07, 0x00, 0x00, // .........Q......
	0x00, 0x1e, 0x04, 0x00, 0x00, 0x1c, 0x04, 0x00, 0x00, 0x00, 0x00, 0x00, 0x00, 0x0c, 0x00, 0x06, // ................
	0x00, 0x07, 0x00, 0x00, 0x00, 0x1f, 0x04, 0x00, 0x00, 0x01, 0x00, 0x00, 0x00, 0x06, 0x00, 0x00, // ................
	0x00, 0x1e, 0x04, 0x00, 0x00, 0x8e, 0x00, 0x05, 0x00, 0x0b, 0x00, 0x00, 0x00, 0x22, 0x04, 0x00, // ............."..
	0x00, 0x1c, 0x04, 0x00, 0x00, 0x1f, 0x04, 0x00, 0x00, 0x51, 0x00, 0x05, 0x00, 0x07, 0x00, 0x00, // .........Q......
	0x00, 0x24, 0x04, 0x00, 0x00, 0x22, 0x04, 0x00, 0x00, 0x00, 0x00, 0x00, 0x00, 0x51, 0x00, 0x05, // .$...".......Q..
	0x00, 0x07, 0x00, 0x00, 0x00, 0x26, 0x04, 0x00, 0x00, 0x22, 0x04, 0x00, 0x00, 0x01, 0x00, 0x00, // .....&..."......
	0x00, 0x83, 0x00, 0x05, 0x00, 0x07, 0x00, 0x00, 0x00, 0x27, 0x04, 0x00, 0x00, 0x24, 0x04, 0x00, // .........'...$..
	0x00, 0x26, 0x04, 0x00, 0x00, 0x88, 0x00, 0x05, 0x00, 0x07, 0x00, 0x00, 0x00, 0x29, 0x04, 0x00, // .&...........)..
	0x00, 0x27, 0x04, 0x00, 0x00, 0xfb, 0x03, 0x00, 0x00, 0x83, 0x00, 0x05, 0x00, 0x07, 0x00, 0x00, // .'..............
	0x00, 0x2d, 0x04, 0x00, 0x00, 0x26, 0x04, 0x00, 0x00, 0xff, 0x03, 0x00, 0x00, 0x88, 0x00, 0x05, // .-...&..........
	0x00, 0x07, 0x00, 0x00, 0x00, 0x2f, 0x04, 0x00, 0x00, 0x2d, 0x04, 0x00, 0x00, 0xfd, 0x03, 0x00, // ...../...-......
	0x00, 0x0c, 0x00, 0x07, 0x00, 0x07, 0x00, 0x00, 0x00, 0x32, 0x04, 0x00, 0x00, 0x01, 0x00, 0x00, // .........2......
	0x00, 0x25, 0x00, 0x00, 0x00, 0x29, 0x04, 0x00, 0x00, 0x2f, 0x04, 0x00, 0x00, 0x0c, 0x00, 0x07, // .%...).../......
	0x00, 0x07, 0x00, 0x00, 0x00, 0x33, 0x04, 0x00, 0x00, 0x01, 0x00, 0x00, 0x00, 0x28, 0x00, 0x00, // .....3.......(..
	0x00, 0x32, 0x04, 0x00, 0x00, 0x95, 0x00, 0x00, 0x00, 0x0c, 0x00, 0x07, 0x00, 0x07, 0x00, 0x00, // .2..............
	0x00, 0x34, 0x04, 0x00, 0x00, 0x01, 0x00, 0x00, 0x00, 0x25, 0x00, 0x00, 0x00, 0x33, 0x04, 0x00, // .4.......%...3..
	0x00, 0x94, 0x00, 0x00, 0x00, 0x51, 0x00, 0x05, 0x00, 0x07, 0x00, 0x00, 0x00, 0x53, 0x03, 0x00, // .....Q.......S..
	0x00, 0xe4, 0x02, 0x00, 0x00, 0x03, 0x00, 0x00, 0x00, 0x85, 0x00, 0x05, 0x00, 0x07, 0x00, 0x00, // ................
	0x00, 0x54, 0x03, 0x00, 0x00, 0x53, 0x03, 0x00, 0x00, 0x34, 0x04, 0x00, 0x00, 0x50, 0x00, 0x07, // .T...S...4...P..
	0x00, 0x0d, 0x00, 0x00, 0x00, 0xd7, 0x04, 0x00, 0x00, 0x1a, 0x03, 0x00, 0x00, 0x1d, 0x03, 0x00, // ................
	0x00, 0x20, 0x03, 0x00, 0x00, 0x54, 0x03, 0x00, 0x00, 0xf9, 0x00, 0x02, 0x00, 0x56, 0x03, 0x00, // . ...T.......V..
	0x00, 0xf8, 0x00, 0x02, 0x00, 0x56, 0x03, 0x00, 0x00, 0xf5, 0x00, 0x07, 0x00, 0x0d, 0x00, 0x00, // .....V..........
	0x00, 0xd6, 0x04, 0x00, 0x00, 0xbc, 0x04, 0x00, 0x00, 0x7a, 0x03, 0x00, 0x00, 0xd7, 0x04, 0x00, // .........z......
	0x00, 0x3e, 0x03, 0x00, 0x00, 0x51, 0x00, 0x05, 0x00, 0x07, 0x00, 0x00, 0x00, 0x58, 0x03, 0x00, // .>...Q.......X..
	0x00, 0xd6, 0x04, 0x00, 0x00, 0x03, 0x00, 0x00, 0x00, 0xb4, 0x00, 0x05, 0x00, 0x37, 0x00, 0x00, // .............7..
	0x00, 0x59, 0x03, 0x00, 0x00, 0x58, 0x03, 0x00, 0x00, 0x95, 0x00, 0x00, 0x00, 0xf7, 0x00, 0x03, // .Y...X..........
	0x00, 0x5b, 0x03, 0x00, 0x00, 0x00, 0x00, 0x00, 0x00, 0xfa, 0x00, 0x04, 0x00, 0x59, 0x03, 0x00, // .[...........Y..
	0x00, 0x5a, 0x03, 0x00, 0x00, 0x5b, 0x03, 0x00, 0x00, 0xf8, 0x00, 0x02, 0x00, 0x5a, 0x03, 0x00, // .Z...[.......Z..
	0x00, 0xfc, 0x00, 0x01, 0x00, 0xf8, 0x00, 0x02, 0x00, 0x5b, 0x03, 0x00, 0x00, 0xf7, 0x00, 0x03, // .........[......
	0x00, 0x4c, 0x04, 0x00, 0x00, 0x00, 0x00, 0x00, 0x00, 0xfb, 0x00, 0x03, 0x00, 0xe4, 0x00, 0x00, // .L..............
	0x00, 0x43, 0x04, 0x00, 0x00, 0xf8, 0x00, 0x02, 0x00, 0x43, 0x04, 0x00, 0x00, 0xf7, 0x00, 0x03, // .C.......C......
	0x00, 0x48, 0x04, 0x00, 0x00, 0x00, 0x00, 0x00, 0x00, 0xfa, 0x00, 0x04, 0x00, 0x73, 0x03, 0x00, // .H...........s..
	0x00, 0x46, 0x04, 0x00, 0x00, 0x48, 0x04, 0x00, 0x00, 0xf8, 0x00, 0x02, 0x00, 0x46, 0x04, 0x00, // .F...H.......F..
	0x00, 0xf9, 0x00, 0x02, 0x00, 0x4c, 0x04, 0x00, 0x00, 0xf8, 0x00, 0x02, 0x00, 0x48, 0x04, 0x00, // .....L.......H..
	0x00, 0x4f, 0x00, 0x08, 0x00, 0x18, 0x00, 0x00, 0x00, 0x53, 0x04, 0x00, 0x00, 0xd6, 0x04, 0x00, // .O.......S......
	0x00, 0xd6, 0x04, 0x00, 0x00, 0x00, 0x00, 0x00, 0x00, 0x01, 0x00, 0x00, 0x00, 0x02, 0x00, 0x00, // ................
	0x00, 0x8e, 0x00, 0x05, 0x00, 0x18, 0x00, 0x00, 0x00, 0x64, 0x04, 0x00, 0x00, 0x53, 0x04, 0x00, // .........d...S..
	0x00, 0x33, 0x01, 0x00, 0x00, 0x81, 0x00, 0x05, 0x00, 0x18, 0x00, 0x00, 0x00, 0x66, 0x04, 0x00, // .3...........f..
	0x00, 0x64, 0x04, 0x00, 0x00, 0xa6, 0x04, 0x00, 0x00, 0x85, 0x00, 0x05, 0x00, 0x18, 0x00, 0x00, // .d..............
	0x00, 0x67, 0x04, 0x00, 0x00, 0x53, 0x04, 0x00, 0x00, 0x66, 0x04, 0x00, 0x00, 0x81, 0x00, 0x05, // .g...S...f......
	0x00, 0x18, 0x00, 0x00, 0x00, 0x69, 0x04, 0x00, 0x00, 0x67, 0x04, 0x00, 0x00, 0xa7, 0x04, 0x00, // .....i...g......
	0x00, 0x85, 0x00, 0x05, 0x00, 0x18, 0x00, 0x00, 0x00, 0x6a, 0x04, 0x00, 0x00, 0x53, 0x04, 0x00, // .........j...S..
	0x00, 0x69, 0x04, 0x00, 0x00, 0x0c, 0x00, 0x07, 0x00, 0x18, 0x00, 0x00, 0x00, 0x6b, 0x04, 0x00, // .i...........k..
	0x00, 0x01, 0x00, 0x00, 0x00, 0x25, 0x00, 0x00, 0x00, 0x53, 0x04, 0x00, 0x00, 0x6a, 0x04, 0x00, // .....%...S...j..
	0x00, 0x51, 0x00, 0x05, 0x00, 0x07, 0x00, 0x00, 0x00, 0x58, 0x04, 0x00, 0x00, 0x6b, 0x04, 0x00, // .Q.......X...k..
	0x00, 0x00, 0x00, 0x00, 0x00, 0x51, 0x00, 0x05, 0x00, 0x07, 0x00, 0x00, 0x00, 0x59, 0x04, 0x00, // .....Q.......Y..
	0x00, 0x6b, 0x04, 0x00, 0x00, 0x01, 0x00, 0x00, 0x00, 0x51, 0x00, 0x05, 0x00, 0x07, 0x00, 0x00, // .k.......Q......
	0x00, 0x5a, 0x04, 0x00, 0x00, 0x6b, 0x04, 0x00, 0x00, 0x02, 0x00, 0x00, 0x00, 0x50, 0x00, 0x07, // .Z...k.......P..
	0x00, 0x0d, 0x00, 0x00, 0x00, 0x5b, 0x04, 0x00, 0x00, 0x58, 0x04, 0x00, 0x00, 0x59, 0x04, 0x00, // .....[...X...Y..
	0x00, 0x5a, 0x04, 0x00, 0x00, 0x58, 0x03, 0x00, 0x00, 0xf9, 0x00, 0x02, 0x00, 0x4c, 0x04, 0x00, // .Z...X.......L..
	0x00, 0xf8, 0x00, 0x02, 0x00, 0x4c, 0x04, 0x00, 0x00, 0xf5, 0x00, 0x07, 0x00, 0x0d, 0x00, 0x00, // .....L..........
	0x00, 0x9e, 0x04, 0x00, 0x00, 0xd6, 0x04, 0x00, 0x00, 0x46, 0x04, 0x00, 0x00, 0x5b, 0x04, 0x00, // .........F...[..
	0x00, 0x48, 0x04, 0x00, 0x00, 0x3e, 0x00, 0x03, 0x00, 0x65, 0x02, 0x00, 0x00, 0x9e, 0x04, 0x00, // .H...>...e......
	0x00, 0xfd, 0x00, 0x01, 0x00, 0x38, 0x00, 0x01, 0x00, 0x00, 0x00, 0x90, 0x00,                   // .....8.......
};
static const uint8_t model_lit_ps_mtl[4498] =
{
	0x46, 0x53, 0x48, 0x0c, 0x27, 0xdf, 0xc0, 0x3a, 0x00, 0x00, 0x00, 0x00, 0x00, 0x00, 0x00, 0x00, // FSH.'..:........
	0x00, 0x00, 0x00, 0x00, 0x12, 0x00, 0x11, 0x73, 0x5f, 0x63, 0x6f, 0x6c, 0x6f, 0x72, 0x54, 0x65, // .......s_colorTe
	0x78, 0x53, 0x61, 0x6d, 0x70, 0x6c, 0x65, 0x72, 0x11, 0x01, 0xff, 0xff, 0x01, 0x00, 0x00, 0x00, // xSampler........
	0x00, 0x00, 0x11, 0x73, 0x5f, 0x63, 0x6f, 0x6c, 0x6f, 0x72, 0x54, 0x65, 0x78, 0x54, 0x65, 0x78, // ...s_colorTexTex
	0x74, 0x75, 0x72, 0x65, 0x11, 0x01, 0xff, 0xff, 0x01, 0x00, 0x00, 0x00, 0x00, 0x00, 0x12, 0x73, // ture...........s
	0x5f, 0x6e, 0x6f, 0x72, 0x6d, 0x61, 0x6c, 0x54, 0x65, 0x78, 0x53, 0x61, 0x6d, 0x70, 0x6c, 0x65, // _normalTexSample
	0x72, 0x11, 0x01, 0xff, 0xff, 0x01, 0x00, 0x00, 0x00, 0x00, 0x00, 0x12, 0x73, 0x5f, 0x6e, 0x6f, // r...........s_no
	0x72, 0x6d, 0x61, 0x6c, 0x54, 0x65, 0x78, 0x54, 0x65, 0x78, 0x74, 0x75, 0x72, 0x65, 0x11, 0x01, // rmalTexTexture..
	0xff, 0xff, 0x01, 0x00, 0x00, 0x00, 0x00, 0x00, 0x11, 0x73, 0x5f, 0x64, 0x65, 0x70, 0x74, 0x68, // .........s_depth
	0x54, 0x65, 0x78, 0x53, 0x61, 0x6d, 0x70, 0x6c, 0x65, 0x72, 0x11, 0x01, 0xff, 0xff, 0x01, 0x00, // TexSampler......
	0x00, 0x00, 0x00, 0x00, 0x11, 0x73, 0x5f, 0x64, 0x65, 0x70, 0x74, 0x68, 0x54, 0x65, 0x78, 0x54, // .....s_depthTexT
	0x65, 0x78, 0x74, 0x75, 0x72, 0x65, 0x11, 0x01, 0xff, 0xff, 0x01, 0x00, 0x00, 0x00, 0x00, 0x00, // exture..........
	0x0d, 0x75, 0x5f, 0x66, 0x73, 0x6d, 0x69, 0x73, 0x63, 0x46, 0x6c, 0x61, 0x67, 0x73, 0x12, 0x01, // .u_fsmiscFlags..
	0x80, 0x00, 0x01, 0x00, 0x00, 0x00, 0x00, 0x00, 0x13, 0x75, 0x5f, 0x66, 0x73, 0x66, 0x4c, 0x69, // .........u_fsfLi
	0x67, 0x68, 0x74, 0x44, 0x69, 0x72, 0x65, 0x63, 0x74, 0x69, 0x6f, 0x6e, 0x12, 0x01, 0x00, 0x00, // ghtDirection....
	0x01, 0x00, 0x00, 0x00, 0x00, 0x00, 0x0f, 0x75, 0x5f, 0x66, 0x73, 0x66, 0x4c, 0x69, 0x67, 0x68, // .......u_fsfLigh
	0x74, 0x43, 0x6f, 0x6c, 0x6f, 0x72, 0x12, 0x01, 0x10, 0x00, 0x01, 0x00, 0x00, 0x00, 0x00, 0x00, // tColor..........
	0x11, 0x75, 0x5f, 0x66, 0x73, 0x66, 0x4c, 0x69, 0x67, 0x68, 0x74, 0x41, 0x6d, 0x62, 0x69, 0x65, // .u_fsfLightAmbie
	0x6e, 0x74, 0x12, 0x01, 0x20, 0x00, 0x01, 0x00, 0x00, 0x00, 0x00, 0x00, 0x14, 0x75, 0x5f, 0x66, // nt.. ........u_f
	0x73, 0x66, 0x45, 0x6d, 0x69, 0x73, 0x73, 0x69, 0x76, 0x65, 0x53, 0x63, 0x61, 0x6c, 0x69, 0x6e, // sfEmissiveScalin
	0x67, 0x12, 0x01, 0x30, 0x00, 0x01, 0x00, 0x00, 0x00, 0x00, 0x00, 0x13, 0x75, 0x5f, 0x66, 0x73, // g..0........u_fs
	0x6d, 0x55, 0x56, 0x49, 0x6e, 0x76, 0x65, 0x72, 0x73, 0x65, 0x64, 0x42, 0x61, 0x63, 0x6b, 0x12, // mUVInversedBack.
	0x01, 0x70, 0x00, 0x01, 0x00, 0x00, 0x00, 0x00, 0x00, 0x15, 0x75, 0x5f, 0x66, 0x73, 0x73, 0x6f, // .p........u_fsso
	0x66, 0x74, 0x50, 0x61, 0x72, 0x74, 0x69, 0x63, 0x6c, 0x65, 0x50, 0x61, 0x72, 0x61, 0x6d, 0x12, // ftParticleParam.
	0x01, 0x40, 0x00, 0x01, 0x00, 0x00, 0x00, 0x00, 0x00, 0x18, 0x75, 0x5f, 0x66, 0x73, 0x72, 0x65, // .@........u_fsre
	0x63, 0x6f, 0x6e, 0x73, 0x74, 0x72, 0x75, 0x63, 0x74, 0x69, 0x6f, 0x6e, 0x50, 0x61, 0x72, 0x61, // constructionPara
	0x6d, 0x31, 0x12, 0x01, 0x50, 0x00, 0x01, 0x00, 0x00, 0x00, 0x00, 0x00, 0x18, 0x75, 0x5f, 0x66, // m1..P........u_f
	0x73, 0x72, 0x65, 0x63, 0x6f, 0x6e, 0x73, 0x74, 0x72, 0x75, 0x63, 0x74, 0x69, 0x6f, 0x6e, 0x50, // sreconstructionP
	0x61, 0x72, 0x61, 0x6d, 0x32, 0x12, 0x01, 0x60, 0x00, 0x01, 0x00, 0x00, 0x00, 0x00, 0x00, 0x0a, // aram2..`........
	0x73, 0x5f, 0x63, 0x6f, 0x6c, 0x6f, 0x72, 0x54, 0x65, 0x78, 0x10, 0x00, 0x00, 0x00, 0x00, 0x00, // s_colorTex......
	0x00, 0x02, 0x00, 0x00, 0x0b, 0x73, 0x5f, 0x6e, 0x6f, 0x72, 0x6d, 0x61, 0x6c, 0x54, 0x65, 0x78, // .....s_normalTex
	0x10, 0x00, 0x00, 0x00, 0x00, 0x00, 0x00, 0x02, 0x00, 0x00, 0x0a, 0x73, 0x5f, 0x64, 0x65, 0x70, // ...........s_dep
	0x74, 0x68, 0x54, 0x65, 0x78, 0x10, 0x00, 0x00, 0x00, 0x00, 0x00, 0x00, 0x02, 0x00, 0x00, 0x7b, // thTex..........{
	0x0f, 0x00, 0x00, 0x23, 0x69, 0x6e, 0x63, 0x6c, 0x75, 0x64, 0x65, 0x20, 0x3c, 0x6d, 0x65, 0x74, // ...#include <met
	0x61, 0x6c, 0x5f, 0x73, 0x74, 0x64, 0x6c, 0x69, 0x62, 0x3e, 0x0a, 0x23, 0x69, 0x6e, 0x63, 0x6c, // al_stdlib>.#incl
	0x75, 0x64, 0x65, 0x20, 0x3c, 0x73, 0x69, 0x6d, 0x64, 0x2f, 0x73, 0x69, 0x6d, 0x64, 0x2e, 0x68, // ude <simd/simd.h
	0x3e, 0x0a, 0x0a, 0x75, 0x73, 0x69, 0x6e, 0x67, 0x20, 0x6e, 0x61, 0x6d, 0x65, 0x73, 0x70, 0x61, // >..using namespa
	0x63, 0x65, 0x20, 0x6d, 0x65, 0x74, 0x61, 0x6c, 0x3b, 0x0a, 0x0a, 0x73, 0x74, 0x72, 0x75, 0x63, // ce metal;..struc
	0x74, 0x20, 0x5f, 0x47, 0x6c, 0x6f, 0x62, 0x61, 0x6c, 0x0a, 0x7b, 0x0a, 0x20, 0x20, 0x20, 0x20, // t _Global.{.    
	0x66, 0x6c, 0x6f, 0x61, 0x74, 0x34, 0x20, 0x75, 0x5f, 0x66, 0x73, 0x66, 0x4c, 0x69, 0x67, 0x68, // float4 u_fsfLigh
	0x74, 0x44, 0x69, 0x72, 0x65, 0x63, 0x74, 0x69, 0x6f, 0x6e, 0x3b, 0x0a, 0x20, 0x20, 0x20, 0x20, // tDirection;.    
	0x66, 0x6c, 0x6f, 0x61, 0x74, 0x34, 0x20, 0x75, 0x5f, 0x66, 0x73, 0x66, 0x4c, 0x69, 0x67, 0x68, // float4 u_fsfLigh
	0x74, 0x43, 0x6f, 0x6c, 0x6f, 0x72, 0x3b, 0x0a, 0x20, 0x20, 0x20, 0x20, 0x66, 0x6c, 0x6f, 0x61, // tColor;.    floa
	0x74, 0x34, 0x20, 0x75, 0x5f, 0x66, 0x73, 0x66, 0x4c, 0x69, 0x67, 0x68, 0x74, 0x41, 0x6d, 0x62, // t4 u_fsfLightAmb
	0x69, 0x65, 0x6e, 0x74, 0x3b, 0x0a, 0x20, 0x20, 0x20, 0x20, 0x66, 0x6c, 0x6f, 0x61, 0x74, 0x34, // ient;.    float4
	0x20, 0x75, 0x5f, 0x66, 0x73, 0x66, 0x45, 0x6d, 0x69, 0x73, 0x73, 0x69, 0x76, 0x65, 0x53, 0x63, //  u_fsfEmissiveSc
	0x61, 0x6c, 0x69, 0x6e, 0x67, 0x3b, 0x0a, 0x20, 0x20, 0x20, 0x20, 0x66, 0x6c, 0x6f, 0x61, 0x74, // aling;.    float
	0x34, 0x20, 0x75, 0x5f, 0x66, 0x73, 0x73, 0x6f, 0x66, 0x74, 0x50, 0x61, 0x72, 0x74, 0x69, 0x63, // 4 u_fssoftPartic
	0x6c, 0x65, 0x50, 0x61, 0x72, 0x61, 0x6d, 0x3b, 0x0a, 0x20, 0x20, 0x20, 0x20, 0x66, 0x6c, 0x6f, // leParam;.    flo
	0x61, 0x74, 0x34, 0x20, 0x75, 0x5f, 0x66, 0x73, 0x72, 0x65, 0x63, 0x6f, 0x6e, 0x73, 0x74, 0x72, // at4 u_fsreconstr
	0x75, 0x63, 0x74, 0x69, 0x6f, 0x6e, 0x50, 0x61, 0x72, 0x61, 0x6d, 0x31, 0x3b, 0x0a, 0x20, 0x20, // uctionParam1;.  
	0x20, 0x20, 0x66, 0x6c, 0x6f, 0x61, 0x74, 0x34, 0x20, 0x75, 0x5f, 0x66, 0x73, 0x72, 0x65, 0x63, //   float4 u_fsrec
	0x6f, 0x6e, 0x73, 0x74, 0x72, 0x75, 0x63, 0x74, 0x69, 0x6f, 0x6e, 0x50, 0x61, 0x72, 0x61, 0x6d, // onstructionParam
	0x32, 0x3b, 0x0a, 0x20, 0x20, 0x20, 0x20, 0x66, 0x6c, 0x6f, 0x61, 0x74, 0x34, 0x20, 0x75, 0x5f, // 2;.    float4 u_
	0x66, 0x73, 0x6d, 0x55, 0x56, 0x49, 0x6e, 0x76, 0x65, 0x72, 0x73, 0x65, 0x64, 0x42, 0x61, 0x63, // fsmUVInversedBac
	0x6b, 0x3b, 0x0a, 0x20, 0x20, 0x20, 0x20, 0x66, 0x6c, 0x6f, 0x61, 0x74, 0x34, 0x20, 0x75, 0x5f, // k;.    float4 u_
	0x66, 0x73, 0x6d, 0x69, 0x73, 0x63, 0x46, 0x6c, 0x61, 0x67, 0x73, 0x3b, 0x0a, 0x7d, 0x3b, 0x0a, // fsmiscFlags;.};.
	0x0a, 0x63, 0x6f, 0x6e, 0x73, 0x74, 0x61, 0x6e, 0x74, 0x20, 0x75, 0x69, 0x6e, 0x74, 0x20, 0x62, // .constant uint b
	0x67, 0x66, 0x78, 0x5f, 0x73, 0x61, 0x6d, 0x70, 0x6c, 0x65, 0x4d, 0x61, 0x73, 0x6b, 0x20, 0x5b, // gfx_sampleMask [
	0x5b, 0x66, 0x75, 0x6e, 0x63, 0x74, 0x69, 0x6f, 0x6e, 0x5f, 0x63, 0x6f, 0x6e, 0x73, 0x74, 0x61, // [function_consta
	0x6e, 0x74, 0x28, 0x30, 0x29, 0x5d, 0x5d, 0x3b, 0x0a, 0x63, 0x6f, 0x6e, 0x73, 0x74, 0x61, 0x6e, // nt(0)]];.constan
	0x74, 0x20, 0x62, 0x6f, 0x6f, 0x6c, 0x20, 0x62, 0x67, 0x66, 0x78, 0x5f, 0x73, 0x61, 0x6d, 0x70, // t bool bgfx_samp
	0x6c, 0x65, 0x4d, 0x61, 0x73, 0x6b, 0x45, 0x6e, 0x61, 0x62, 0x6c, 0x65, 0x64, 0x20, 0x3d, 0x20, // leMaskEnabled = 
	0x69, 0x73, 0x5f, 0x66, 0x75, 0x6e, 0x63, 0x74, 0x69, 0x6f, 0x6e, 0x5f, 0x63, 0x6f, 0x6e, 0x73, // is_function_cons
	0x74, 0x61, 0x6e, 0x74, 0x5f, 0x64, 0x65, 0x66, 0x69, 0x6e, 0x65, 0x64, 0x28, 0x62, 0x67, 0x66, // tant_defined(bgf
	0x78, 0x5f, 0x73, 0x61, 0x6d, 0x70, 0x6c, 0x65, 0x4d, 0x61, 0x73, 0x6b, 0x29, 0x3b, 0x0a, 0x0a, // x_sampleMask);..
	0x73, 0x74, 0x72, 0x75, 0x63, 0x74, 0x20, 0x78, 0x6c, 0x61, 0x74, 0x4d, 0x74, 0x6c, 0x4d, 0x61, // struct xlatMtlMa
	0x69, 0x6e, 0x5f, 0x6f, 0x75, 0x74, 0x0a, 0x7b, 0x0a, 0x09, 0x75, 0x69, 0x6e, 0x74, 0x20, 0x62, // in_out.{..uint b
	0x67, 0x66, 0x78, 0x5f, 0x6d, 0x65, 0x74, 0x61, 0x6c, 0x5f, 0x73, 0x61, 0x6d, 0x70, 0x6c, 0x65, // gfx_metal_sample
	0x4d, 0x61, 0x73, 0x6b, 0x20, 0x5b, 0x5b, 0x73, 0x61, 0x6d, 0x70, 0x6c, 0x65, 0x5f, 0x6d, 0x61, // Mask [[sample_ma
	0x73, 0x6b, 0x2c, 0x20, 0x66, 0x75, 0x6e, 0x63, 0x74, 0x69, 0x6f, 0x6e, 0x5f, 0x63, 0x6f, 0x6e, // sk, function_con
	0x73, 0x74, 0x61, 0x6e, 0x74, 0x28, 0x62, 0x67, 0x66, 0x78, 0x5f, 0x73, 0x61, 0x6d, 0x70, 0x6c, // stant(bgfx_sampl
	0x65, 0x4d, 0x61, 0x73, 0x6b, 0x45, 0x6e, 0x61, 0x62, 0x6c, 0x65, 0x64, 0x29, 0x5d, 0x5d, 0x3b, // eMaskEnabled)]];
	0x0a, 0x20, 0x20, 0x20, 0x20, 0x66, 0x6c, 0x6f, 0x61, 0x74, 0x34, 0x20, 0x62, 0x67, 0x66, 0x78, // .    float4 bgfx
	0x5f, 0x46, 0x72, 0x61, 0x67, 0x44, 0x61, 0x74, 0x61, 0x30, 0x20, 0x5b, 0x5b, 0x63, 0x6f, 0x6c, // _FragData0 [[col
	0x6f, 0x72, 0x28, 0x30, 0x29, 0x5d, 0x5d, 0x3b, 0x0a, 0x7d, 0x3b, 0x0a, 0x0a, 0x73, 0x74, 0x72, // or(0)]];.};..str
	0x75, 0x63, 0x74, 0x20, 0x78, 0x6c, 0x61, 0x74, 0x4d, 0x74, 0x6c, 0x4d, 0x61, 0x69, 0x6e, 0x5f, // uct xlatMtlMain_
	0x69, 0x6e, 0x0a, 0x7b, 0x0a, 0x20, 0x20, 0x20, 0x20, 0x66, 0x6c, 0x6f, 0x61, 0x74, 0x34, 0x20, // in.{.    float4 
	0x76, 0x5f, 0x43, 0x6f, 0x6c, 0x6f, 0x72, 0x20, 0x5b, 0x5b, 0x75, 0x73, 0x65, 0x72, 0x28, 0x6c, // v_Color [[user(l
	0x6f, 0x63, 0x6e, 0x30, 0x29, 0x5d, 0x5d, 0x3b, 0x0a, 0x20, 0x20, 0x20, 0x20, 0x66, 0x6c, 0x6f, // ocn0)]];.    flo
	0x61, 0x74, 0x34, 0x20, 0x76, 0x5f, 0x50, 0x6f, 0x73, 0x50, 0x20, 0x5b, 0x5b, 0x75, 0x73, 0x65, // at4 v_PosP [[use
	0x72, 0x28, 0x6c, 0x6f, 0x63, 0x6e, 0x31, 0x29, 0x5d, 0x5d, 0x3b, 0x0a, 0x20, 0x20, 0x20, 0x20, // r(locn1)]];.    
	0x66, 0x6c, 0x6f, 0x61, 0x74, 0x32, 0x20, 0x76, 0x5f, 0x55, 0x56, 0x20, 0x5b, 0x5b, 0x75, 0x73, // float2 v_UV [[us
	0x65, 0x72, 0x28, 0x6c, 0x6f, 0x63, 0x6e, 0x32, 0x29, 0x5d, 0x5d, 0x3b, 0x0a, 0x20, 0x20, 0x20, // er(locn2)]];.   
	0x20, 0x66, 0x6c, 0x6f, 0x61, 0x74, 0x33, 0x20, 0x76, 0x5f, 0x57, 0x6f, 0x72, 0x6c, 0x64, 0x42, //  float3 v_WorldB
	0x20, 0x5b, 0x5b, 0x75, 0x73, 0x65, 0x72, 0x28, 0x6c, 0x6f, 0x63, 0x6e, 0x33, 0x29, 0x5d, 0x5d, //  [[user(locn3)]]
	0x3b, 0x0a, 0x20, 0x20, 0x20, 0x20, 0x66, 0x6c, 0x6f, 0x61, 0x74, 0x33, 0x20, 0x76, 0x5f, 0x57, // ;.    float3 v_W
	0x6f, 0x72, 0x6c, 0x64, 0x4e, 0x20, 0x5b, 0x5b, 0x75, 0x73, 0x65, 0x72, 0x28, 0x6c, 0x6f, 0x63, // orldN [[user(loc
	0x6e, 0x34, 0x29, 0x5d, 0x5d, 0x3b, 0x0a, 0x20, 0x20, 0x20, 0x20, 0x66, 0x6c, 0x6f, 0x61, 0x74, // n4)]];.    float
	0x33, 0x20, 0x76, 0x5f, 0x57, 0x6f, 0x72, 0x6c, 0x64, 0x54, 0x20, 0x5b, 0x5b, 0x75, 0x73, 0x65, // 3 v_WorldT [[use
	0x72, 0x28, 0x6c, 0x6f, 0x63, 0x6e, 0x35, 0x29, 0x5d, 0x5d, 0x3b, 0x0a, 0x7d, 0x3b, 0x0a, 0x0a, // r(locn5)]];.};..
	0x66, 0x72, 0x61, 0x67, 0x6d, 0x65, 0x6e, 0x74, 0x20, 0x78, 0x6c, 0x61, 0x74, 0x4d, 0x74, 0x6c, // fragment xlatMtl
	0x4d, 0x61, 0x69, 0x6e, 0x5f, 0x6f, 0x75, 0x74, 0x20, 0x78, 0x6c, 0x61, 0x74, 0x4d, 0x74, 0x6c, // Main_out xlatMtl
	0x4d, 0x61, 0x69, 0x6e, 0x28, 0x78, 0x6c, 0x61, 0x74, 0x4d, 0x74, 0x6c, 0x4d, 0x61, 0x69, 0x6e, // Main(xlatMtlMain
	0x5f, 0x69, 0x6e, 0x20, 0x69, 0x6e, 0x20, 0x5b, 0x5b, 0x73, 0x74, 0x61, 0x67, 0x65, 0x5f, 0x69, // _in in [[stage_i
	0x6e, 0x5d, 0x5d, 0x2c, 0x20, 0x63, 0x6f, 0x6e, 0x73, 0x74, 0x61, 0x6e, 0x74, 0x20, 0x5f, 0x47, // n]], constant _G
	0x6c, 0x6f, 0x62, 0x61, 0x6c, 0x26, 0x20, 0x5f, 0x6d, 0x74, 0x6c, 0x5f, 0x75, 0x20, 0x5b, 0x5b, // lobal& _mtl_u [[
	0x62, 0x75, 0x66, 0x66, 0x65, 0x72, 0x28, 0x30, 0x29, 0x5d, 0x5d, 0x2c, 0x20, 0x74, 0x65, 0x78, // buffer(0)]], tex
	0x74, 0x75, 0x72, 0x65, 0x32, 0x64, 0x3c, 0x66, 0x6c, 0x6f, 0x61, 0x74, 0x3e, 0x20, 0x73, 0x5f, // ture2d<float> s_
	0x63, 0x6f, 0x6c, 0x6f, 0x72, 0x54, 0x65, 0x78, 0x20, 0x5b, 0x5b, 0x74, 0x65, 0x78, 0x74, 0x75, // colorTex [[textu
	0x72, 0x65, 0x28, 0x30, 0x29, 0x5d, 0x5d, 0x2c, 0x20, 0x74, 0x65, 0x78, 0x74, 0x75, 0x72, 0x65, // re(0)]], texture
	0x32, 0x64, 0x3c, 0x66, 0x6c, 0x6f, 0x61, 0x74, 0x3e, 0x20, 0x73, 0x5f, 0x6e, 0x6f, 0x72, 0x6d, // 2d<float> s_norm
	0x61, 0x6c, 0x54, 0x65, 0x78, 0x20, 0x5b, 0x5b, 0x74, 0x65, 0x78, 0x74, 0x75, 0x72, 0x65, 0x28, // alTex [[texture(
	0x31, 0x29, 0x5d, 0x5d, 0x2c, 0x20, 0x74, 0x65, 0x78, 0x74, 0x75, 0x72, 0x65, 0x32, 0x64, 0x3c, // 1)]], texture2d<
	0x66, 0x6c, 0x6f, 0x61, 0x74, 0x3e, 0x20, 0x73, 0x5f, 0x64, 0x65, 0x70, 0x74, 0x68, 0x54, 0x65, // float> s_depthTe
	0x78, 0x20, 0x5b, 0x5b, 0x74, 0x65, 0x78, 0x74, 0x75, 0x72, 0x65, 0x28, 0x32, 0x29, 0x5d, 0x5d, // x [[texture(2)]]
	0x2c, 0x20, 0x73, 0x61, 0x6d, 0x70, 0x6c, 0x65, 0x72, 0x20, 0x73, 0x5f, 0x63, 0x6f, 0x6c, 0x6f, // , sampler s_colo
	0x72, 0x54, 0x65, 0x78, 0x53, 0x61, 0x6d, 0x70, 0x6c, 0x65, 0x72, 0x20, 0x5b, 0x5b, 0x73, 0x61, // rTexSampler [[sa
	0x6d, 0x70, 0x6c, 0x65, 0x72, 0x28, 0x30, 0x29, 0x5d, 0x5d, 0x2c, 0x20, 0x73, 0x61, 0x6d, 0x70, // mpler(0)]], samp
	0x6c, 0x65, 0x72, 0x20, 0x73, 0x5f, 0x6e, 0x6f, 0x72, 0x6d, 0x61, 0x6c, 0x54, 0x65, 0x78, 0x53, // ler s_normalTexS
	0x61, 0x6d, 0x70, 0x6c, 0x65, 0x72, 0x20, 0x5b, 0x5b, 0x73, 0x61, 0x6d, 0x70, 0x6c, 0x65, 0x72, // ampler [[sampler
	0x28, 0x31, 0x29, 0x5d, 0x5d, 0x2c, 0x20, 0x73, 0x61, 0x6d, 0x70, 0x6c, 0x65, 0x72, 0x20, 0x73, // (1)]], sampler s
	0x5f, 0x64, 0x65, 0x70, 0x74, 0x68, 0x54, 0x65, 0x78, 0x53, 0x61, 0x6d, 0x70, 0x6c, 0x65, 0x72, // _depthTexSampler
	0x20, 0x5b, 0x5b, 0x73, 0x61, 0x6d, 0x70, 0x6c, 0x65, 0x72, 0x28, 0x32, 0x29, 0x5d, 0x5d, 0x29, //  [[sampler(2)]])
	0x0a, 0x7b, 0x0a, 0x20, 0x20, 0x20, 0x20, 0x78, 0x6c, 0x61, 0x74, 0x4d, 0x74, 0x6c, 0x4d, 0x61, // .{.    xlatMtlMa
	0x69, 0x6e, 0x5f, 0x6f, 0x75, 0x74, 0x20, 0x6f, 0x75, 0x74, 0x20, 0x3d, 0x20, 0x7b, 0x7d, 0x3b, // in_out out = {};
	0x0a, 0x09, 0x69, 0x66, 0x20, 0x28, 0x62, 0x67, 0x66, 0x78, 0x5f, 0x73, 0x61, 0x6d, 0x70, 0x6c, // ..if (bgfx_sampl
	0x65, 0x4d, 0x61, 0x73, 0x6b, 0x45, 0x6e, 0x61, 0x62, 0x6c, 0x65, 0x64, 0x29, 0x20, 0x7b, 0x20, // eMaskEnabled) { 
	0x6f, 0x75, 0x74, 0x2e, 0x62, 0x67, 0x66, 0x78, 0x5f, 0x6d, 0x65, 0x74, 0x61, 0x6c, 0x5f, 0x73, // out.bgfx_metal_s
	0x61, 0x6d, 0x70, 0x6c, 0x65, 0x4d, 0x61, 0x73, 0x6b, 0x20, 0x3d, 0x20, 0x62, 0x67, 0x66, 0x78, // ampleMask = bgfx
	0x5f, 0x73, 0x61, 0x6d, 0x70, 0x6c, 0x65, 0x4d, 0x61, 0x73, 0x6b, 0x3b, 0x20, 0x7d, 0x0a, 0x20, // _sampleMask; }. 
	0x20, 0x20, 0x20, 0x62, 0x6f, 0x6f, 0x6c, 0x20, 0x5f, 0x38, 0x38, 0x33, 0x3b, 0x0a, 0x20, 0x20, //    bool _883;.  
	0x20, 0x20, 0x66, 0x6c, 0x6f, 0x61, 0x74, 0x34, 0x20, 0x5f, 0x38, 0x37, 0x34, 0x20, 0x3d, 0x20, //   float4 _874 = 
	0x73, 0x5f, 0x63, 0x6f, 0x6c, 0x6f, 0x72, 0x54, 0x65, 0x78, 0x2e, 0x73, 0x61, 0x6d, 0x70, 0x6c, // s_colorTex.sampl
	0x65, 0x28, 0x73, 0x5f, 0x63, 0x6f, 0x6c, 0x6f, 0x72, 0x54, 0x65, 0x78, 0x53, 0x61, 0x6d, 0x70, // e(s_colorTexSamp
	0x6c, 0x65, 0x72, 0x2c, 0x20, 0x69, 0x6e, 0x2e, 0x76, 0x5f, 0x55, 0x56, 0x29, 0x3b, 0x0a, 0x20, // ler, in.v_UV);. 
	0x20, 0x20, 0x20, 0x66, 0x6c, 0x6f, 0x61, 0x74, 0x34, 0x20, 0x5f, 0x31, 0x31, 0x38, 0x31, 0x3b, //    float4 _1181;
	0x0a, 0x20, 0x20, 0x20, 0x20, 0x64, 0x6f, 0x0a, 0x20, 0x20, 0x20, 0x20, 0x7b, 0x0a, 0x20, 0x20, // .    do.    {.  
	0x20, 0x20, 0x20, 0x20, 0x20, 0x20, 0x5f, 0x38, 0x38, 0x33, 0x20, 0x3d, 0x20, 0x5f, 0x6d, 0x74, //       _883 = _mt
	0x6c, 0x5f, 0x75, 0x2e, 0x75, 0x5f, 0x66, 0x73, 0x6d, 0x69, 0x73, 0x63, 0x46, 0x6c, 0x61, 0x67, // l_u.u_fsmiscFlag
	0x73, 0x2e, 0x78, 0x20, 0x3d, 0x3d, 0x20, 0x30, 0x2e, 0x30, 0x3b, 0x0a, 0x20, 0x20, 0x20, 0x20, // s.x == 0.0;.    
	0x20, 0x20, 0x20, 0x20, 0x69, 0x66, 0x20, 0x28, 0x5f, 0x38, 0x38, 0x33, 0x29, 0x0a, 0x20, 0x20, //     if (_883).  
	0x20, 0x20, 0x20, 0x20, 0x20, 0x20, 0x7b, 0x0a, 0x20, 0x20, 0x20, 0x20, 0x20, 0x20, 0x20, 0x20, //       {.        
	0x20, 0x20, 0x20, 0x20, 0x5f, 0x31, 0x31, 0x38, 0x31, 0x20, 0x3d, 0x20, 0x5f, 0x38, 0x37, 0x34, //     _1181 = _874
	0x3b, 0x0a, 0x20, 0x20, 0x20, 0x20, 0x20, 0x20, 0x20, 0x20, 0x20, 0x20, 0x20, 0x20, 0x62, 0x72, // ;.            br
	0x65, 0x61, 0x6b, 0x3b, 0x0a, 0x20, 0x20, 0x20, 0x20, 0x20, 0x20, 0x20, 0x20, 0x7d, 0x0a, 0x20, // eak;.        }. 
	0x20, 0x20, 0x20, 0x20, 0x20, 0x20, 0x20, 0x5f, 0x31, 0x31, 0x38, 0x31, 0x20, 0x3d, 0x20, 0x66, //        _1181 = f
	0x6c, 0x6f, 0x61, 0x74, 0x34, 0x28, 0x66, 0x61, 0x73, 0x74, 0x3a, 0x3a, 0x6d, 0x61, 0x78, 0x28, // loat4(fast::max(
	0x28, 0x70, 0x6f, 0x77, 0x72, 0x28, 0x66, 0x61, 0x73, 0x74, 0x3a, 0x3a, 0x6d, 0x61, 0x78, 0x28, // (powr(fast::max(
	0x61, 0x62, 0x73, 0x28, 0x5f, 0x38, 0x37, 0x34, 0x2e, 0x78, 0x79, 0x7a, 0x29, 0x2c, 0x20, 0x66, // abs(_874.xyz), f
	0x6c, 0x6f, 0x61, 0x74, 0x33, 0x28, 0x31, 0x2e, 0x31, 0x39, 0x32, 0x30, 0x39, 0x32, 0x38, 0x39, // loat3(1.19209289
	0x35, 0x35, 0x30, 0x37, 0x38, 0x31, 0x32, 0x35, 0x65, 0x2d, 0x30, 0x37, 0x29, 0x29, 0x2c, 0x20, // 55078125e-07)), 
	0x66, 0x6c, 0x6f, 0x61, 0x74, 0x33, 0x28, 0x30, 0x2e, 0x34, 0x31, 0x36, 0x36, 0x36, 0x36, 0x36, // float3(0.4166666
	0x35, 0x36, 0x37, 0x33, 0x32, 0x35, 0x35, 0x39, 0x32, 0x30, 0x34, 0x31, 0x30, 0x31, 0x35, 0x36, // 5673255920410156
	0x32, 0x35, 0x29, 0x29, 0x20, 0x2a, 0x20, 0x31, 0x2e, 0x30, 0x35, 0x34, 0x39, 0x39, 0x39, 0x39, // 25)) * 1.0549999
	0x34, 0x37, 0x35, 0x34, 0x37, 0x39, 0x31, 0x32, 0x35, 0x39, 0x37, 0x36, 0x35, 0x36, 0x32, 0x35, // 4754791259765625
	0x29, 0x20, 0x2d, 0x20, 0x66, 0x6c, 0x6f, 0x61, 0x74, 0x33, 0x28, 0x30, 0x2e, 0x30, 0x35, 0x34, // ) - float3(0.054
	0x39, 0x39, 0x39, 0x39, 0x39, 0x39, 0x37, 0x30, 0x31, 0x39, 0x37, 0x36, 0x37, 0x37, 0x36, 0x31, // 9999997019767761
	0x32, 0x33, 0x30, 0x34, 0x36, 0x38, 0x37, 0x35, 0x29, 0x2c, 0x20, 0x66, 0x6c, 0x6f, 0x61, 0x74, // 23046875), float
	0x33, 0x28, 0x30, 0x2e, 0x30, 0x29, 0x29, 0x2c, 0x20, 0x5f, 0x38, 0x37, 0x34, 0x2e, 0x77, 0x29, // 3(0.0)), _874.w)
	0x3b, 0x0a, 0x20, 0x20, 0x20, 0x20, 0x20, 0x20, 0x20, 0x20, 0x62, 0x72, 0x65, 0x61, 0x6b, 0x3b, // ;.        break;
	0x0a, 0x20, 0x20, 0x20, 0x20, 0x7d, 0x20, 0x77, 0x68, 0x69, 0x6c, 0x65, 0x28, 0x66, 0x61, 0x6c, // .    } while(fal
	0x73, 0x65, 0x29, 0x3b, 0x0a, 0x20, 0x20, 0x20, 0x20, 0x66, 0x6c, 0x6f, 0x61, 0x74, 0x34, 0x20, // se);.    float4 
	0x5f, 0x37, 0x34, 0x30, 0x20, 0x3d, 0x20, 0x5f, 0x31, 0x31, 0x38, 0x31, 0x20, 0x2a, 0x20, 0x69, // _740 = _1181 * i
	0x6e, 0x2e, 0x76, 0x5f, 0x43, 0x6f, 0x6c, 0x6f, 0x72, 0x3b, 0x0a, 0x20, 0x20, 0x20, 0x20, 0x66, // n.v_Color;.    f
	0x6c, 0x6f, 0x61, 0x74, 0x33, 0x20, 0x5f, 0x37, 0x37, 0x37, 0x20, 0x3d, 0x20, 0x5f, 0x37, 0x34, // loat3 _777 = _74
	0x30, 0x2e, 0x78, 0x79, 0x7a, 0x20, 0x2a, 0x20, 0x28, 0x28, 0x5f, 0x6d, 0x74, 0x6c, 0x5f, 0x75, // 0.xyz * ((_mtl_u
	0x2e, 0x75, 0x5f, 0x66, 0x73, 0x66, 0x4c, 0x69, 0x67, 0x68, 0x74, 0x43, 0x6f, 0x6c, 0x6f, 0x72, // .u_fsfLightColor
	0x2e, 0x78, 0x79, 0x7a, 0x20, 0x2a, 0x20, 0x66, 0x61, 0x73, 0x74, 0x3a, 0x3a, 0x6d, 0x61, 0x78, // .xyz * fast::max
	0x28, 0x64, 0x6f, 0x74, 0x28, 0x5f, 0x6d, 0x74, 0x6c, 0x5f, 0x75, 0x2e, 0x75, 0x5f, 0x66, 0x73, // (dot(_mtl_u.u_fs
	0x66, 0x4c, 0x69, 0x67, 0x68, 0x74, 0x44, 0x69, 0x72, 0x65, 0x63, 0x74, 0x69, 0x6f, 0x6e, 0x2e, // fLightDirection.
	0x78, 0x79, 0x7a, 0x2c, 0x20, 0x66, 0x61, 0x73, 0x74, 0x3a, 0x3a, 0x6e, 0x6f, 0x72, 0x6d, 0x61, // xyz, fast::norma
	0x6c, 0x69, 0x7a, 0x65, 0x28, 0x28, 0x28, 0x73, 0x5f, 0x6e, 0x6f, 0x72, 0x6d, 0x61, 0x6c, 0x54, // lize(((s_normalT
	0x65, 0x78, 0x2e, 0x73, 0x61, 0x6d, 0x70, 0x6c, 0x65, 0x28, 0x73, 0x5f, 0x6e, 0x6f, 0x72, 0x6d, // ex.sample(s_norm
	0x61, 0x6c, 0x54, 0x65, 0x78, 0x53, 0x61, 0x6d, 0x70, 0x6c, 0x65, 0x72, 0x2c, 0x20, 0x69, 0x6e, // alTexSampler, in
	0x2e, 0x76, 0x5f, 0x55, 0x56, 0x29, 0x2e, 0x78, 0x79, 0x7a, 0x20, 0x2d, 0x20, 0x66, 0x6c, 0x6f, // .v_UV).xyz - flo
	0x61, 0x74, 0x33, 0x28, 0x30, 0x2e, 0x35, 0x29, 0x29, 0x20, 0x2a, 0x20, 0x32, 0x2e, 0x30, 0x29, // at3(0.5)) * 2.0)
	0x20, 0x2a, 0x20, 0x74, 0x72, 0x61, 0x6e, 0x73, 0x70, 0x6f, 0x73, 0x65, 0x28, 0x66, 0x6c, 0x6f, //  * transpose(flo
	0x61, 0x74, 0x33, 0x78, 0x33, 0x28, 0x69, 0x6e, 0x2e, 0x76, 0x5f, 0x57, 0x6f, 0x72, 0x6c, 0x64, // at3x3(in.v_World
	0x54, 0x2c, 0x20, 0x69, 0x6e, 0x2e, 0x76, 0x5f, 0x57, 0x6f, 0x72, 0x6c, 0x64, 0x42, 0x2c, 0x20, // T, in.v_WorldB, 
	0x69, 0x6e, 0x2e, 0x76, 0x5f, 0x57, 0x6f, 0x72, 0x6c, 0x64, 0x4e, 0x29, 0x29, 0x29, 0x29, 0x2c, // in.v_WorldN)))),
	0x20, 0x30, 0x2e, 0x30, 0x29, 0x29, 0x20, 0x2b, 0x20, 0x5f, 0x6d, 0x74, 0x6c, 0x5f, 0x75, 0x2e, //  0.0)) + _mtl_u.
	0x75, 0x5f, 0x66, 0x73, 0x66, 0x4c, 0x69, 0x67, 0x68, 0x74, 0x41, 0x6d, 0x62, 0x69, 0x65, 0x6e, // u_fsfLightAmbien
	0x74, 0x2e, 0x78, 0x79, 0x7a, 0x29, 0x3b, 0x0a, 0x20, 0x20, 0x20, 0x20, 0x66, 0x6c, 0x6f, 0x61, // t.xyz);.    floa
	0x74, 0x34, 0x20, 0x5f, 0x31, 0x31, 0x39, 0x37, 0x20, 0x3d, 0x20, 0x5f, 0x37, 0x34, 0x30, 0x3b, // t4 _1197 = _740;
	0x0a, 0x20, 0x20, 0x20, 0x20, 0x5f, 0x31, 0x31, 0x39, 0x37, 0x2e, 0x78, 0x20, 0x3d, 0x20, 0x5f, // .    _1197.x = _
	0x37, 0x37, 0x37, 0x2e, 0x78, 0x3b, 0x0a, 0x20, 0x20, 0x20, 0x20, 0x5f, 0x31, 0x31, 0x39, 0x37, // 777.x;.    _1197
	0x2e, 0x79, 0x20, 0x3d, 0x20, 0x5f, 0x37, 0x37, 0x37, 0x2e, 0x79, 0x3b, 0x0a, 0x20, 0x20, 0x20, // .y = _777.y;.   
	0x20, 0x5f, 0x31, 0x31, 0x39, 0x37, 0x2e, 0x7a, 0x20, 0x3d, 0x20, 0x5f, 0x37, 0x37, 0x37, 0x2e, //  _1197.z = _777.
	0x7a, 0x3b, 0x0a, 0x20, 0x20, 0x20, 0x20, 0x66, 0x6c, 0x6f, 0x61, 0x74, 0x33, 0x20, 0x5f, 0x37, // z;.    float3 _7
	0x39, 0x32, 0x20, 0x3d, 0x20, 0x5f, 0x31, 0x31, 0x39, 0x37, 0x2e, 0x78, 0x79, 0x7a, 0x20, 0x2a, // 92 = _1197.xyz *
	0x20, 0x5f, 0x6d, 0x74, 0x6c, 0x5f, 0x75, 0x2e, 0x75, 0x5f, 0x66, 0x73, 0x66, 0x45, 0x6d, 0x69, //  _mtl_u.u_fsfEmi
	0x73, 0x73, 0x69, 0x76, 0x65, 0x53, 0x63, 0x61, 0x6c, 0x69, 0x6e, 0x67, 0x2e, 0x78, 0x3b, 0x0a, // ssiveScaling.x;.
	0x20, 0x20, 0x20, 0x20, 0x66, 0x6c, 0x6f, 0x61, 0x74, 0x20, 0x5f, 0x37, 0x39, 0x34, 0x20, 0x3d, //     float _794 =
	0x20, 0x5f, 0x37, 0x39, 0x32, 0x2e, 0x78, 0x3b, 0x0a, 0x20, 0x20, 0x20, 0x20, 0x66, 0x6c, 0x6f, //  _792.x;.    flo
	0x61, 0x74, 0x34, 0x20, 0x5f, 0x31, 0x32, 0x30, 0x36, 0x20, 0x3d, 0x20, 0x5f, 0x31, 0x31, 0x39, // at4 _1206 = _119
	0x37, 0x3b, 0x0a, 0x20, 0x20, 0x20, 0x20, 0x5f, 0x31, 0x32, 0x30, 0x36, 0x2e, 0x78, 0x20, 0x3d, // 7;.    _1206.x =
	0x20, 0x5f, 0x37, 0x39, 0x34, 0x3b, 0x0a, 0x20, 0x20, 0x20, 0x20, 0x5f, 0x31, 0x32, 0x30, 0x36, //  _794;.    _1206
	0x2e, 0x79, 0x20, 0x3d, 0x20, 0x5f, 0x37, 0x39, 0x32, 0x2e, 0x79, 0x3b, 0x0a, 0x20, 0x20, 0x20, // .y = _792.y;.   
	0x20, 0x5f, 0x31, 0x32, 0x30, 0x36, 0x2e, 0x7a, 0x20, 0x3d, 0x20, 0x5f, 0x37, 0x39, 0x32, 0x2e, //  _1206.z = _792.
	0x7a, 0x3b, 0x0a, 0x20, 0x20, 0x20, 0x20, 0x66, 0x6c, 0x6f, 0x61, 0x74, 0x34, 0x20, 0x5f, 0x38, // z;.    float4 _8
	0x30, 0x37, 0x20, 0x3d, 0x20, 0x69, 0x6e, 0x2e, 0x76, 0x5f, 0x50, 0x6f, 0x73, 0x50, 0x20, 0x2f, // 07 = in.v_PosP /
	0x20, 0x66, 0x6c, 0x6f, 0x61, 0x74, 0x34, 0x28, 0x69, 0x6e, 0x2e, 0x76, 0x5f, 0x50, 0x6f, 0x73, //  float4(in.v_Pos
	0x50, 0x2e, 0x77, 0x29, 0x3b, 0x0a, 0x20, 0x20, 0x20, 0x20, 0x66, 0x6c, 0x6f, 0x61, 0x74, 0x32, // P.w);.    float2
	0x20, 0x5f, 0x38, 0x31, 0x33, 0x20, 0x3d, 0x20, 0x28, 0x5f, 0x38, 0x30, 0x37, 0x2e, 0x78, 0x79, //  _813 = (_807.xy
	0x20, 0x2b, 0x20, 0x66, 0x6c, 0x6f, 0x61, 0x74, 0x32, 0x28, 0x31, 0x2e, 0x30, 0x29, 0x29, 0x20, //  + float2(1.0)) 
	0x2a, 0x20, 0x66, 0x6c, 0x6f, 0x61, 0x74, 0x32, 0x28, 0x30, 0x2e, 0x35, 0x29, 0x3b, 0x0a, 0x20, // * float2(0.5);. 
	0x20, 0x20, 0x20, 0x5f, 0x38, 0x31, 0x33, 0x2e, 0x79, 0x20, 0x3d, 0x20, 0x5f, 0x6d, 0x74, 0x6c, //    _813.y = _mtl
	0x5f, 0x75, 0x2e, 0x75, 0x5f, 0x66, 0x73, 0x6d, 0x55, 0x56, 0x49, 0x6e, 0x76, 0x65, 0x72, 0x73, // _u.u_fsmUVInvers
	0x65, 0x64, 0x42, 0x61, 0x63, 0x6b, 0x2e, 0x78, 0x20, 0x2b, 0x20, 0x28, 0x5f, 0x6d, 0x74, 0x6c, // edBack.x + (_mtl
	0x5f, 0x75, 0x2e, 0x75, 0x5f, 0x66, 0x73, 0x6d, 0x55, 0x56, 0x49, 0x6e, 0x76, 0x65, 0x72, 0x73, // _u.u_fsmUVInvers
	0x65, 0x64, 0x42, 0x61, 0x63, 0x6b, 0x2e, 0x79, 0x20, 0x2a, 0x20, 0x28, 0x31, 0x2e, 0x30, 0x20, // edBack.y * (1.0 
	0x2d, 0x20, 0x5f, 0x38, 0x31, 0x33, 0x2e, 0x79, 0x29, 0x29, 0x3b, 0x0a, 0x20, 0x20, 0x20, 0x20, // - _813.y));.    
	0x66, 0x6c, 0x6f, 0x61, 0x74, 0x34, 0x20, 0x5f, 0x31, 0x32, 0x33, 0x38, 0x3b, 0x0a, 0x20, 0x20, // float4 _1238;.  
	0x20, 0x20, 0x69, 0x66, 0x20, 0x28, 0x5f, 0x6d, 0x74, 0x6c, 0x5f, 0x75, 0x2e, 0x75, 0x5f, 0x66, //   if (_mtl_u.u_f
	0x73, 0x73, 0x6f, 0x66, 0x74, 0x50, 0x61, 0x72, 0x74, 0x69, 0x63, 0x6c, 0x65, 0x50, 0x61, 0x72, // ssoftParticlePar
	0x61, 0x6d, 0x2e, 0x77, 0x20, 0x21, 0x3d, 0x20, 0x30, 0x2e, 0x30, 0x29, 0x0a, 0x20, 0x20, 0x20, // am.w != 0.0).   
	0x20, 0x7b, 0x0a, 0x20, 0x20, 0x20, 0x20, 0x20, 0x20, 0x20, 0x20, 0x66, 0x6c, 0x6f, 0x61, 0x74, //  {.        float
	0x32, 0x20, 0x5f, 0x31, 0x30, 0x33, 0x35, 0x20, 0x3d, 0x20, 0x66, 0x6c, 0x6f, 0x61, 0x74, 0x32, // 2 _1035 = float2
	0x28, 0x28, 0x73, 0x5f, 0x64, 0x65, 0x70, 0x74, 0x68, 0x54, 0x65, 0x78, 0x2e, 0x73, 0x61, 0x6d, // ((s_depthTex.sam
	0x70, 0x6c, 0x65, 0x28, 0x73, 0x5f, 0x64, 0x65, 0x70, 0x74, 0x68, 0x54, 0x65, 0x78, 0x53, 0x61, // ple(s_depthTexSa
	0x6d, 0x70, 0x6c, 0x65, 0x72, 0x2c, 0x20, 0x5f, 0x38, 0x31, 0x33, 0x29, 0x2e, 0x78, 0x20, 0x2a, // mpler, _813).x *
	0x20, 0x5f, 0x6d, 0x74, 0x6c, 0x5f, 0x75, 0x2e, 0x75, 0x5f, 0x66, 0x73, 0x72, 0x65, 0x63, 0x6f, //  _mtl_u.u_fsreco
	0x6e, 0x73, 0x74, 0x72, 0x75, 0x63, 0x74, 0x69, 0x6f, 0x6e, 0x50, 0x61, 0x72, 0x61, 0x6d, 0x31, // nstructionParam1
	0x2e, 0x78, 0x29, 0x20, 0x2b, 0x20, 0x5f, 0x6d, 0x74, 0x6c, 0x5f, 0x75, 0x2e, 0x75, 0x5f, 0x66, // .x) + _mtl_u.u_f
	0x73, 0x72, 0x65, 0x63, 0x6f, 0x6e, 0x73, 0x74, 0x72, 0x75, 0x63, 0x74, 0x69, 0x6f, 0x6e, 0x50, // sreconstructionP
	0x61, 0x72, 0x61, 0x6d, 0x31, 0x2e, 0x79, 0x2c, 0x20, 0x5f, 0x38, 0x30, 0x37, 0x2e, 0x7a, 0x29, // aram1.y, _807.z)
	0x3b, 0x0a, 0x20, 0x20, 0x20, 0x20, 0x20, 0x20, 0x20, 0x20, 0x66, 0x6c, 0x6f, 0x61, 0x74, 0x32, // ;.        float2
	0x20, 0x5f, 0x31, 0x30, 0x35, 0x32, 0x20, 0x3d, 0x20, 0x28, 0x28, 0x5f, 0x31, 0x30, 0x33, 0x35, //  _1052 = ((_1035
	0x20, 0x2a, 0x20, 0x5f, 0x6d, 0x74, 0x6c, 0x5f, 0x75, 0x2e, 0x75, 0x5f, 0x66, 0x73, 0x72, 0x65, //  * _mtl_u.u_fsre
	0x63, 0x6f, 0x6e, 0x73, 0x74, 0x72, 0x75, 0x63, 0x74, 0x69, 0x6f, 0x6e, 0x50, 0x61, 0x72, 0x61, // constructionPara
	0x6d, 0x32, 0x2e, 0x77, 0x29, 0x20, 0x2d, 0x20, 0x66, 0x6c, 0x6f, 0x61, 0x74, 0x32, 0x28, 0x5f, // m2.w) - float2(_
	0x6d, 0x74, 0x6c, 0x5f, 0x75, 0x2e, 0x75, 0x5f, 0x66, 0x73, 0x72, 0x65, 0x63, 0x6f, 0x6e, 0x73, // mtl_u.u_fsrecons
	0x74, 0x72, 0x75, 0x63, 0x74, 0x69, 0x6f, 0x6e, 0x50, 0x61, 0x72, 0x61, 0x6d, 0x32, 0x2e, 0x79, // tructionParam2.y
	0x29, 0x29, 0x20, 0x2f, 0x20, 0x28, 0x66, 0x6c, 0x6f, 0x61, 0x74, 0x32, 0x28, 0x5f, 0x6d, 0x74, // )) / (float2(_mt
	0x6c, 0x5f, 0x75, 0x2e, 0x75, 0x5f, 0x66, 0x73, 0x72, 0x65, 0x63, 0x6f, 0x6e, 0x73, 0x74, 0x72, // l_u.u_fsreconstr
	0x75, 0x63, 0x74, 0x69, 0x6f, 0x6e, 0x50, 0x61, 0x72, 0x61, 0x6d, 0x32, 0x2e, 0x78, 0x29, 0x20, // uctionParam2.x) 
	0x2d, 0x20, 0x28, 0x5f, 0x31, 0x30, 0x33, 0x35, 0x20, 0x2a, 0x20, 0x5f, 0x6d, 0x74, 0x6c, 0x5f, // - (_1035 * _mtl_
	0x75, 0x2e, 0x75, 0x5f, 0x66, 0x73, 0x72, 0x65, 0x63, 0x6f, 0x6e, 0x73, 0x74, 0x72, 0x75, 0x63, // u.u_fsreconstruc
	0x74, 0x69, 0x6f, 0x6e, 0x50, 0x61, 0x72, 0x61, 0x6d, 0x32, 0x2e, 0x7a, 0x29, 0x29, 0x3b, 0x0a, // tionParam2.z));.
	0x20, 0x20, 0x20, 0x20, 0x20, 0x20, 0x20, 0x20, 0x66, 0x6c, 0x6f, 0x61, 0x74, 0x32, 0x20, 0x5f, //         float2 _
	0x31, 0x30, 0x35, 0x38, 0x20, 0x3d, 0x20, 0x5f, 0x31, 0x30, 0x35, 0x32, 0x20, 0x2a, 0x20, 0x73, // 1058 = _1052 * s
	0x69, 0x67, 0x6e, 0x28, 0x5f, 0x31, 0x30, 0x35, 0x32, 0x2e, 0x78, 0x29, 0x3b, 0x0a, 0x20, 0x20, // ign(_1052.x);.  
	0x20, 0x20, 0x20, 0x20, 0x20, 0x20, 0x66, 0x6c, 0x6f, 0x61, 0x74, 0x20, 0x5f, 0x31, 0x30, 0x36, //       float _106
	0x32, 0x20, 0x3d, 0x20, 0x5f, 0x31, 0x30, 0x35, 0x38, 0x2e, 0x79, 0x3b, 0x0a, 0x20, 0x20, 0x20, // 2 = _1058.y;.   
	0x20, 0x20, 0x20, 0x20, 0x20, 0x5f, 0x31, 0x32, 0x33, 0x38, 0x20, 0x3d, 0x20, 0x66, 0x6c, 0x6f, //      _1238 = flo
	0x61, 0x74, 0x34, 0x28, 0x5f, 0x37, 0x39, 0x34, 0x2c, 0x20, 0x5f, 0x37, 0x39, 0x32, 0x2e, 0x79, // at4(_794, _792.y
	0x7a, 0x2c, 0x20, 0x5f, 0x37, 0x34, 0x30, 0x2e, 0x77, 0x20, 0x2a, 0x20, 0x66, 0x61, 0x73, 0x74, // z, _740.w * fast
	0x3a, 0x3a, 0x6d, 0x69, 0x6e, 0x28, 0x66, 0x61, 0x73, 0x74, 0x3a, 0x3a, 0x6d, 0x61, 0x78, 0x28, // ::min(fast::max(
	0x66, 0x61, 0x73, 0x74, 0x3a, 0x3a, 0x6d, 0x69, 0x6e, 0x28, 0x28, 0x5f, 0x31, 0x30, 0x35, 0x38, // fast::min((_1058
	0x2e, 0x78, 0x20, 0x2d, 0x20, 0x5f, 0x31, 0x30, 0x36, 0x32, 0x29, 0x20, 0x2f, 0x20, 0x5f, 0x6d, // .x - _1062) / _m
	0x74, 0x6c, 0x5f, 0x75, 0x2e, 0x75, 0x5f, 0x66, 0x73, 0x73, 0x6f, 0x66, 0x74, 0x50, 0x61, 0x72, // tl_u.u_fssoftPar
	0x74, 0x69, 0x63, 0x6c, 0x65, 0x50, 0x61, 0x72, 0x61, 0x6d, 0x2e, 0x78, 0x2c, 0x20, 0x28, 0x5f, // ticleParam.x, (_
	0x31, 0x30, 0x36, 0x32, 0x20, 0x2d, 0x20, 0x5f, 0x6d, 0x74, 0x6c, 0x5f, 0x75, 0x2e, 0x75, 0x5f, // 1062 - _mtl_u.u_
	0x66, 0x73, 0x73, 0x6f, 0x66, 0x74, 0x50, 0x61, 0x72, 0x74, 0x69, 0x63, 0x6c, 0x65, 0x50, 0x61, // fssoftParticlePa
	0x72, 0x61, 0x6d, 0x2e, 0x7a, 0x29, 0x20, 0x2f, 0x20, 0x5f, 0x6d, 0x74, 0x6c, 0x5f, 0x75, 0x2e, // ram.z) / _mtl_u.
	0x75, 0x5f, 0x66, 0x73, 0x73, 0x6f, 0x66, 0x74, 0x50, 0x61, 0x72, 0x74, 0x69, 0x63, 0x6c, 0x65, // u_fssoftParticle
	0x50, 0x61, 0x72, 0x61, 0x6d, 0x2e, 0x79, 0x29, 0x2c, 0x20, 0x30, 0x2e, 0x30, 0x29, 0x2c, 0x20, // Param.y), 0.0), 
	0x31, 0x2e, 0x30, 0x29, 0x29, 0x3b, 0x0a, 0x20, 0x20, 0x20, 0x20, 0x7d, 0x0a, 0x20, 0x20, 0x20, // 1.0));.    }.   
	0x20, 0x65, 0x6c, 0x73, 0x65, 0x0a, 0x20, 0x20, 0x20, 0x20, 0x7b, 0x0a, 0x20, 0x20, 0x20, 0x20, //  else.    {.    
	0x20, 0x20, 0x20, 0x20, 0x5f, 0x31, 0x32, 0x33, 0x38, 0x20, 0x3d, 0x20, 0x5f, 0x31, 0x32, 0x30, //     _1238 = _120
	0x36, 0x3b, 0x0a, 0x20, 0x20, 0x20, 0x20, 0x7d, 0x0a, 0x20, 0x20, 0x20, 0x20, 0x69, 0x66, 0x20, // 6;.    }.    if 
	0x28, 0x5f, 0x31, 0x32, 0x33, 0x38, 0x2e, 0x77, 0x20, 0x3d, 0x3d, 0x20, 0x30, 0x2e, 0x30, 0x29, // (_1238.w == 0.0)
	0x0a, 0x20, 0x20, 0x20, 0x20, 0x7b, 0x0a, 0x20, 0x20, 0x20, 0x20, 0x20, 0x20, 0x20, 0x20, 0x64, // .    {.        d
	0x69, 0x73, 0x63, 0x61, 0x72, 0x64, 0x5f, 0x66, 0x72, 0x61, 0x67, 0x6d, 0x65, 0x6e, 0x74, 0x28, // iscard_fragment(
	0x29, 0x3b, 0x0a, 0x20, 0x20, 0x20, 0x20, 0x7d, 0x0a, 0x20, 0x20, 0x20, 0x20, 0x66, 0x6c, 0x6f, // );.    }.    flo
	0x61, 0x74, 0x34, 0x20, 0x5f, 0x31, 0x31, 0x38, 0x32, 0x3b, 0x0a, 0x20, 0x20, 0x20, 0x20, 0x64, // at4 _1182;.    d
	0x6f, 0x0a, 0x20, 0x20, 0x20, 0x20, 0x7b, 0x0a, 0x20, 0x20, 0x20, 0x20, 0x20, 0x20, 0x20, 0x20, // o.    {.        
	0x69, 0x66, 0x20, 0x28, 0x5f, 0x38, 0x38, 0x33, 0x29, 0x0a, 0x20, 0x20, 0x20, 0x20, 0x20, 0x20, // if (_883).      
	0x20, 0x20, 0x7b, 0x0a, 0x20, 0x20, 0x20, 0x20, 0x20, 0x20, 0x20, 0x20, 0x20, 0x20, 0x20, 0x20, //   {.            
	0x5f, 0x31, 0x31, 0x38, 0x32, 0x20, 0x3d, 0x20, 0x5f, 0x31, 0x32, 0x33, 0x38, 0x3b, 0x0a, 0x20, // _1182 = _1238;. 
	0x20, 0x20, 0x20, 0x20, 0x20, 0x20, 0x20, 0x20, 0x20, 0x20, 0x20, 0x62, 0x72, 0x65, 0x61, 0x6b, //            break
	0x3b, 0x0a, 0x20, 0x20, 0x20, 0x20, 0x20, 0x20, 0x20, 0x20, 0x7d, 0x0a, 0x20, 0x20, 0x20, 0x20, // ;.        }.    
	0x20, 0x20, 0x20, 0x20, 0x5f, 0x31, 0x31, 0x38, 0x32, 0x20, 0x3d, 0x20, 0x66, 0x6c, 0x6f, 0x61, //     _1182 = floa
	0x74, 0x34, 0x28, 0x66, 0x61, 0x73, 0x74, 0x3a, 0x3a, 0x6d, 0x69, 0x6e, 0x28, 0x5f, 0x31, 0x32, // t4(fast::min(_12
	0x33, 0x38, 0x2e, 0x78, 0x79, 0x7a, 0x2c, 0x20, 0x5f, 0x31, 0x32, 0x33, 0x38, 0x2e, 0x78, 0x79, // 38.xyz, _1238.xy
	0x7a, 0x20, 0x2a, 0x20, 0x28, 0x28, 0x5f, 0x31, 0x32, 0x33, 0x38, 0x2e, 0x78, 0x79, 0x7a, 0x20, // z * ((_1238.xyz 
	0x2a, 0x20, 0x28, 0x28, 0x5f, 0x31, 0x32, 0x33, 0x38, 0x2e, 0x78, 0x79, 0x7a, 0x20, 0x2a, 0x20, // * ((_1238.xyz * 
	0x30, 0x2e, 0x33, 0x30, 0x35, 0x33, 0x30, 0x36, 0x30, 0x31, 0x37, 0x33, 0x39, 0x38, 0x38, 0x33, // 0.30530601739883
	0x34, 0x32, 0x32, 0x38, 0x35, 0x31, 0x35, 0x36, 0x32, 0x35, 0x29, 0x20, 0x2b, 0x20, 0x66, 0x6c, // 4228515625) + fl
	0x6f, 0x61, 0x74, 0x33, 0x28, 0x30, 0x2e, 0x36, 0x38, 0x32, 0x31, 0x37, 0x31, 0x31, 0x30, 0x36, // oat3(0.682171106
	0x33, 0x33, 0x38, 0x35, 0x30, 0x30, 0x39, 0x37, 0x36, 0x35, 0x36, 0x32, 0x35, 0x29, 0x29, 0x29, // 3385009765625)))
	0x20, 0x2b, 0x20, 0x66, 0x6c, 0x6f, 0x61, 0x74, 0x33, 0x28, 0x30, 0x2e, 0x30, 0x31, 0x32, 0x35, //  + float3(0.0125
	0x32, 0x32, 0x38, 0x37, 0x38, 0x31, 0x32, 0x35, 0x33, 0x30, 0x39, 0x39, 0x34, 0x34, 0x31, 0x35, // 2287812530994415
	0x32, 0x38, 0x33, 0x32, 0x30, 0x33, 0x31, 0x32, 0x35, 0x29, 0x29, 0x29, 0x2c, 0x20, 0x5f, 0x31, // 283203125))), _1
	0x32, 0x33, 0x38, 0x2e, 0x77, 0x29, 0x3b, 0x0a, 0x20, 0x20, 0x20, 0x20, 0x20, 0x20, 0x20, 0x20, // 238.w);.        
	0x62, 0x72, 0x65, 0x61, 0x6b, 0x3b, 0x0a, 0x20, 0x20, 0x20, 0x20, 0x7d, 0x20, 0x77, 0x68, 0x69, // break;.    } whi
	0x6c, 0x65, 0x28, 0x66, 0x61, 0x6c, 0x73, 0x65, 0x29, 0x3b, 0x0a, 0x20, 0x20, 0x20, 0x20, 0x6f, // le(false);.    o
	0x75, 0x74, 0x2e, 0x62, 0x67, 0x66, 0x78, 0x5f, 0x46, 0x72, 0x61, 0x67, 0x44, 0x61, 0x74, 0x61, // ut.bgfx_FragData
	0x30, 0x20, 0x3d, 0x20, 0x5f, 0x31, 0x31, 0x38, 0x32, 0x3b, 0x0a, 0x20, 0x20, 0x20, 0x20, 0x72, // 0 = _1182;.    r
	0x65, 0x74, 0x75, 0x72, 0x6e, 0x20, 0x6f, 0x75, 0x74, 0x3b, 0x0a, 0x7d, 0x0a, 0x0a, 0x00, 0x00, // eturn out;.}....
	0xf0, 0x00,                                                                                     // ..
};
