static const uint8_t vs_model3d_essl[2569] =
{
	0x56, 0x53, 0x48, 0x0c, 0x00, 0x00, 0x00, 0x00, 0x24, 0x8e, 0x5c, 0xd3, 0x00, 0x00, 0x00, 0x00, // VSH.....$.......
	0x00, 0x00, 0x00, 0x00, 0x08, 0x00, 0x05, 0x75, 0x5f, 0x66, 0x55, 0x56, 0x02, 0x28, 0x00, 0x00, // .......u_fUV.(..
	0x28, 0x00, 0x00, 0x00, 0x00, 0x00, 0x08, 0x75, 0x5f, 0x6a, 0x6f, 0x69, 0x6e, 0x74, 0x73, 0x04, // (......u_joints.
	0x40, 0x00, 0x00, 0x00, 0x01, 0x00, 0x00, 0x00, 0x00, 0x0d, 0x75, 0x5f, 0x6d, 0x4d, 0x6f, 0x64, // @.........u_mMod
	0x65, 0x6c, 0x5f, 0x49, 0x6e, 0x73, 0x74, 0x04, 0x28, 0x00, 0x00, 0xa0, 0x00, 0x00, 0x00, 0x00, // el_Inst.(.......
	0x00, 0x09, 0x75, 0x5f, 0x6d, 0x4e, 0x6f, 0x72, 0x6d, 0x61, 0x6c, 0x04, 0x28, 0x00, 0x00, 0xa0, // ..u_mNormal.(...
	0x00, 0x00, 0x00, 0x00, 0x00, 0x0d, 0x75, 0x5f, 0x6d, 0x43, 0x61, 0x6d, 0x65, 0x72, 0x61, 0x50, // ......u_mCameraP
	0x72, 0x6f, 0x6a, 0x04, 0x01, 0x00, 0x00, 0x04, 0x00, 0x00, 0x00, 0x00, 0x00, 0x0d, 0x75, 0x5f, // roj...........u_
	0x66, 0x4d, 0x6f, 0x64, 0x65, 0x6c, 0x43, 0x6f, 0x6c, 0x6f, 0x72, 0x02, 0x28, 0x00, 0x00, 0x28, // fModelColor.(..(
	0x00, 0x00, 0x00, 0x00, 0x00, 0x0d, 0x75, 0x5f, 0x6d, 0x55, 0x56, 0x49, 0x6e, 0x76, 0x65, 0x72, // ......u_mUVInver
	0x73, 0x65, 0x64, 0x02, 0x01, 0x00, 0x00, 0x01, 0x00, 0x00, 0x00, 0x00, 0x00, 0x0e, 0x75, 0x5f, // sed...........u_
	0x73, 0x68, 0x61, 0x64, 0x6f, 0x77, 0x4d, 0x61, 0x74, 0x72, 0x69, 0x78, 0x04, 0x01, 0x00, 0x00, // shadowMatrix....
	0x04, 0x00, 0x00, 0x00, 0x00, 0x00, 0x3e, 0x09, 0x00, 0x00, 0x0a, 0x75, 0x6e, 0x69, 0x66, 0x6f, // ......>....unifo
	0x72, 0x6d, 0x20, 0x76, 0x65, 0x63, 0x34, 0x20, 0x75, 0x5f, 0x66, 0x55, 0x56, 0x5b, 0x34, 0x30, // rm vec4 u_fUV[40
	0x5d, 0x3b, 0x0a, 0x75, 0x6e, 0x69, 0x66, 0x6f, 0x72, 0x6d, 0x20, 0x6d, 0x61, 0x74, 0x34, 0x20, // ];.uniform mat4 
	0x75, 0x5f, 0x6a, 0x6f, 0x69, 0x6e, 0x74, 0x73, 0x5b, 0x36, 0x34, 0x5d, 0x3b, 0x0a, 0x75, 0x6e, // u_joints[64];.un
	0x69, 0x66, 0x6f, 0x72, 0x6d, 0x20, 0x6d, 0x61, 0x74, 0x34, 0x20, 0x75, 0x5f, 0x6d, 0x4d, 0x6f, // iform mat4 u_mMo
	0x64, 0x65, 0x6c, 0x5f, 0x49, 0x6e, 0x73, 0x74, 0x5b, 0x34, 0x30, 0x5d, 0x3b, 0x0a, 0x75, 0x6e, // del_Inst[40];.un
	0x69, 0x66, 0x6f, 0x72, 0x6d, 0x20, 0x6d, 0x61, 0x74, 0x34, 0x20, 0x75, 0x5f, 0x6d, 0x4e, 0x6f, // iform mat4 u_mNo
	0x72, 0x6d, 0x61, 0x6c, 0x5b, 0x34, 0x30, 0x5d, 0x3b, 0x0a, 0x75, 0x6e, 0x69, 0x66, 0x6f, 0x72, // rmal[40];.unifor
	0x6d, 0x20, 0x6d, 0x61, 0x74, 0x34, 0x20, 0x75, 0x5f, 0x6d, 0x43, 0x61, 0x6d, 0x65, 0x72, 0x61, // m mat4 u_mCamera
	0x50, 0x72, 0x6f, 0x6a, 0x3b, 0x0a, 0x75, 0x6e, 0x69, 0x66, 0x6f, 0x72, 0x6d, 0x20, 0x76, 0x65, // Proj;.uniform ve
	0x63, 0x34, 0x20, 0x75, 0x5f, 0x66, 0x4d, 0x6f, 0x64, 0x65, 0x6c, 0x43, 0x6f, 0x6c, 0x6f, 0x72, // c4 u_fModelColor
	0x5b, 0x34, 0x30, 0x5d, 0x3b, 0x0a, 0x75, 0x6e, 0x69, 0x66, 0x6f, 0x72, 0x6d, 0x20, 0x76, 0x65, // [40];.uniform ve
	0x63, 0x34, 0x20, 0x75, 0x5f, 0x6d, 0x55, 0x56, 0x49, 0x6e, 0x76, 0x65, 0x72, 0x73, 0x65, 0x64, // c4 u_mUVInversed
	0x3b, 0x0a, 0x75, 0x6e, 0x69, 0x66, 0x6f, 0x72, 0x6d, 0x20, 0x6d, 0x61, 0x74, 0x34, 0x20, 0x75, // ;.uniform mat4 u
	0x5f, 0x73, 0x68, 0x61, 0x64, 0x6f, 0x77, 0x4d, 0x61, 0x74, 0x72, 0x69, 0x78, 0x3b, 0x0a, 0x0a, // _shadowMatrix;..
	0x6c, 0x61, 0x79, 0x6f, 0x75, 0x74, 0x28, 0x6c, 0x6f, 0x63, 0x61, 0x74, 0x69, 0x6f, 0x6e, 0x20, // layout(location 
	0x3d, 0x20, 0x33, 0x29, 0x20, 0x69, 0x6e, 0x20, 0x76, 0x65, 0x63, 0x33, 0x20, 0x61, 0x5f, 0x70, // = 3) in vec3 a_p
	0x6f, 0x73, 0x69, 0x74, 0x69, 0x6f, 0x6e, 0x3b, 0x0a, 0x6c, 0x61, 0x79, 0x6f, 0x75, 0x74, 0x28, // osition;.layout(
	0x6c, 0x6f, 0x63, 0x61, 0x74, 0x69, 0x6f, 0x6e, 0x20, 0x3d, 0x20, 0x32, 0x29, 0x20, 0x69, 0x6e, // location = 2) in
	0x20, 0x76, 0x65, 0x63, 0x33, 0x20, 0x61, 0x5f, 0x6e, 0x6f, 0x72, 0x6d, 0x61, 0x6c, 0x3b, 0x0a, //  vec3 a_normal;.
	0x6c, 0x61, 0x79, 0x6f, 0x75, 0x74, 0x28, 0x6c, 0x6f, 0x63, 0x61, 0x74, 0x69, 0x6f, 0x6e, 0x20, // layout(location 
	0x3d, 0x20, 0x34, 0x29, 0x20, 0x69, 0x6e, 0x20, 0x76, 0x65, 0x63, 0x34, 0x20, 0x61, 0x5f, 0x74, // = 4) in vec4 a_t
	0x61, 0x6e, 0x67, 0x65, 0x6e, 0x74, 0x3b, 0x0a, 0x6c, 0x61, 0x79, 0x6f, 0x75, 0x74, 0x28, 0x6c, // angent;.layout(l
	0x6f, 0x63, 0x61, 0x74, 0x69, 0x6f, 0x6e, 0x20, 0x3d, 0x20, 0x37, 0x29, 0x20, 0x69, 0x6e, 0x20, // ocation = 7) in 
	0x76, 0x65, 0x63, 0x34, 0x20, 0x61, 0x5f, 0x77, 0x65, 0x69, 0x67, 0x68, 0x74, 0x3b, 0x0a, 0x6c, // vec4 a_weight;.l
	0x61, 0x79, 0x6f, 0x75, 0x74, 0x28, 0x6c, 0x6f, 0x63, 0x61, 0x74, 0x69, 0x6f, 0x6e, 0x20, 0x3d, // ayout(location =
	0x20, 0x31, 0x29, 0x20, 0x69, 0x6e, 0x20, 0x76, 0x65, 0x63, 0x34, 0x20, 0x61, 0x5f, 0x69, 0x6e, //  1) in vec4 a_in
	0x64, 0x69, 0x63, 0x65, 0x73, 0x3b, 0x0a, 0x6f, 0x75, 0x74, 0x20, 0x76, 0x65, 0x63, 0x34, 0x20, // dices;.out vec4 
	0x76, 0x5f, 0x63, 0x6f, 0x6c, 0x6f, 0x72, 0x30, 0x3b, 0x0a, 0x6c, 0x61, 0x79, 0x6f, 0x75, 0x74, // v_color0;.layout
	0x28, 0x6c, 0x6f, 0x63, 0x61, 0x74, 0x69, 0x6f, 0x6e, 0x20, 0x3d, 0x20, 0x30, 0x29, 0x20, 0x69, // (location = 0) i
	0x6e, 0x20, 0x76, 0x65, 0x63, 0x34, 0x20, 0x61, 0x5f, 0x63, 0x6f, 0x6c, 0x6f, 0x72, 0x30, 0x3b, // n vec4 a_color0;
	0x0a, 0x6f, 0x75, 0x74, 0x20, 0x76, 0x65, 0x63, 0x34, 0x20, 0x76, 0x5f, 0x74, 0x65, 0x78, 0x63, // .out vec4 v_texc
	0x6f, 0x6f, 0x72, 0x64, 0x30, 0x31, 0x3b, 0x0a, 0x6c, 0x61, 0x79, 0x6f, 0x75, 0x74, 0x28, 0x6c, // oord01;.layout(l
	0x6f, 0x63, 0x61, 0x74, 0x69, 0x6f, 0x6e, 0x20, 0x3d, 0x20, 0x35, 0x29, 0x20, 0x69, 0x6e, 0x20, // ocation = 5) in 
	0x76, 0x65, 0x63, 0x32, 0x20, 0x61, 0x5f, 0x74, 0x65, 0x78, 0x63, 0x6f, 0x6f, 0x72, 0x64, 0x30, // vec2 a_texcoord0
	0x3b, 0x0a, 0x6c, 0x61, 0x79, 0x6f, 0x75, 0x74, 0x28, 0x6c, 0x6f, 0x63, 0x61, 0x74, 0x69, 0x6f, // ;.layout(locatio
	0x6e, 0x20, 0x3d, 0x20, 0x36, 0x29, 0x20, 0x69, 0x6e, 0x20, 0x76, 0x65, 0x63, 0x32, 0x20, 0x61, // n = 6) in vec2 a
	0x5f, 0x74, 0x65, 0x78, 0x63, 0x6f, 0x6f, 0x72, 0x64, 0x31, 0x3b, 0x0a, 0x6f, 0x75, 0x74, 0x20, // _texcoord1;.out 
	0x76, 0x65, 0x63, 0x34, 0x20, 0x76, 0x5f, 0x77, 0x6f, 0x72, 0x6c, 0x64, 0x50, 0x6f, 0x73, 0x3b, // vec4 v_worldPos;
	0x0a, 0x6f, 0x75, 0x74, 0x20, 0x76, 0x65, 0x63, 0x34, 0x20, 0x76, 0x5f, 0x77, 0x6f, 0x72, 0x6c, // .out vec4 v_worl
	0x64, 0x4e, 0x6f, 0x72, 0x6d, 0x61, 0x6c, 0x3b, 0x0a, 0x6f, 0x75, 0x74, 0x20, 0x76, 0x65, 0x63, // dNormal;.out vec
	0x34, 0x20, 0x76, 0x5f, 0x77, 0x6f, 0x72, 0x6c, 0x64, 0x54, 0x61, 0x6e, 0x67, 0x65, 0x6e, 0x74, // 4 v_worldTangent
	0x3b, 0x0a, 0x6f, 0x75, 0x74, 0x20, 0x76, 0x65, 0x63, 0x34, 0x20, 0x76, 0x5f, 0x73, 0x68, 0x61, // ;.out vec4 v_sha
	0x64, 0x6f, 0x77, 0x43, 0x6f, 0x6f, 0x72, 0x64, 0x3b, 0x0a, 0x0a, 0x76, 0x6f, 0x69, 0x64, 0x20, // dowCoord;..void 
	0x6d, 0x61, 0x69, 0x6e, 0x28, 0x29, 0x0a, 0x7b, 0x0a, 0x20, 0x20, 0x20, 0x20, 0x76, 0x65, 0x63, // main().{.    vec
	0x34, 0x20, 0x5f, 0x33, 0x34, 0x20, 0x3d, 0x20, 0x76, 0x65, 0x63, 0x34, 0x28, 0x61, 0x5f, 0x70, // 4 _34 = vec4(a_p
	0x6f, 0x73, 0x69, 0x74, 0x69, 0x6f, 0x6e, 0x2c, 0x20, 0x31, 0x2e, 0x30, 0x29, 0x3b, 0x0a, 0x20, // osition, 1.0);. 
	0x20, 0x20, 0x20, 0x76, 0x65, 0x63, 0x34, 0x20, 0x5f, 0x34, 0x32, 0x20, 0x3d, 0x20, 0x76, 0x65, //    vec4 _42 = ve
	0x63, 0x34, 0x28, 0x61, 0x5f, 0x6e, 0x6f, 0x72, 0x6d, 0x61, 0x6c, 0x2c, 0x20, 0x30, 0x2e, 0x30, // c4(a_normal, 0.0
	0x29, 0x3b, 0x0a, 0x20, 0x20, 0x20, 0x20, 0x76, 0x65, 0x63, 0x34, 0x20, 0x5f, 0x35, 0x31, 0x20, // );.    vec4 _51 
	0x3d, 0x20, 0x76, 0x65, 0x63, 0x34, 0x28, 0x61, 0x5f, 0x74, 0x61, 0x6e, 0x67, 0x65, 0x6e, 0x74, // = vec4(a_tangent
	0x2e, 0x78, 0x79, 0x7a, 0x2c, 0x20, 0x30, 0x2e, 0x30, 0x29, 0x3b, 0x0a, 0x20, 0x20, 0x20, 0x20, // .xyz, 0.0);.    
	0x76, 0x65, 0x63, 0x34, 0x20, 0x5f, 0x33, 0x31, 0x36, 0x3b, 0x0a, 0x20, 0x20, 0x20, 0x20, 0x76, // vec4 _316;.    v
	0x65, 0x63, 0x34, 0x20, 0x5f, 0x33, 0x31, 0x37, 0x3b, 0x0a, 0x20, 0x20, 0x20, 0x20, 0x76, 0x65, // ec4 _317;.    ve
	0x63, 0x34, 0x20, 0x5f, 0x33, 0x31, 0x38, 0x3b, 0x0a, 0x20, 0x20, 0x20, 0x20, 0x69, 0x66, 0x20, // c4 _318;.    if 
	0x28, 0x28, 0x28, 0x28, 0x61, 0x5f, 0x77, 0x65, 0x69, 0x67, 0x68, 0x74, 0x2e, 0x78, 0x20, 0x2b, // ((((a_weight.x +
	0x20, 0x61, 0x5f, 0x77, 0x65, 0x69, 0x67, 0x68, 0x74, 0x2e, 0x79, 0x29, 0x20, 0x2b, 0x20, 0x61, //  a_weight.y) + a
	0x5f, 0x77, 0x65, 0x69, 0x67, 0x68, 0x74, 0x2e, 0x7a, 0x29, 0x20, 0x2b, 0x20, 0x61, 0x5f, 0x77, // _weight.z) + a_w
	0x65, 0x69, 0x67, 0x68, 0x74, 0x2e, 0x77, 0x29, 0x20, 0x3e, 0x20, 0x30, 0x2e, 0x30, 0x29, 0x0a, // eight.w) > 0.0).
	0x20, 0x20, 0x20, 0x20, 0x7b, 0x0a, 0x20, 0x20, 0x20, 0x20, 0x20, 0x20, 0x20, 0x20, 0x6d, 0x61, //     {.        ma
	0x74, 0x34, 0x20, 0x5f, 0x39, 0x32, 0x20, 0x3d, 0x20, 0x75, 0x5f, 0x6a, 0x6f, 0x69, 0x6e, 0x74, // t4 _92 = u_joint
	0x73, 0x5b, 0x69, 0x6e, 0x74, 0x28, 0x61, 0x5f, 0x69, 0x6e, 0x64, 0x69, 0x63, 0x65, 0x73, 0x2e, // s[int(a_indices.
	0x78, 0x29, 0x5d, 0x20, 0x2a, 0x20, 0x61, 0x5f, 0x77, 0x65, 0x69, 0x67, 0x68, 0x74, 0x2e, 0x78, // x)] * a_weight.x
	0x3b, 0x0a, 0x20, 0x20, 0x20, 0x20, 0x20, 0x20, 0x20, 0x20, 0x6d, 0x61, 0x74, 0x34, 0x20, 0x5f, // ;.        mat4 _
	0x31, 0x30, 0x30, 0x20, 0x3d, 0x20, 0x75, 0x5f, 0x6a, 0x6f, 0x69, 0x6e, 0x74, 0x73, 0x5b, 0x69, // 100 = u_joints[i
	0x6e, 0x74, 0x28, 0x61, 0x5f, 0x69, 0x6e, 0x64, 0x69, 0x63, 0x65, 0x73, 0x2e, 0x79, 0x29, 0x5d, // nt(a_indices.y)]
	0x20, 0x2a, 0x20, 0x61, 0x5f, 0x77, 0x65, 0x69, 0x67, 0x68, 0x74, 0x2e, 0x79, 0x3b, 0x0a, 0x20, //  * a_weight.y;. 
	0x20, 0x20, 0x20, 0x20, 0x20, 0x20, 0x20, 0x6d, 0x61, 0x74, 0x34, 0x20, 0x5f, 0x31, 0x32, 0x31, //        mat4 _121
	0x20, 0x3d, 0x20, 0x75, 0x5f, 0x6a, 0x6f, 0x69, 0x6e, 0x74, 0x73, 0x5b, 0x69, 0x6e, 0x74, 0x28, //  = u_joints[int(
	0x61, 0x5f, 0x69, 0x6e, 0x64, 0x69, 0x63, 0x65, 0x73, 0x2e, 0x7a, 0x29, 0x5d, 0x20, 0x2a, 0x20, // a_indices.z)] * 
	0x61, 0x5f, 0x77, 0x65, 0x69, 0x67, 0x68, 0x74, 0x2e, 0x7a, 0x3b, 0x0a, 0x20, 0x20, 0x20, 0x20, // a_weight.z;.    
	0x20, 0x20, 0x20, 0x20, 0x6d, 0x61, 0x74, 0x34, 0x20, 0x5f, 0x31, 0x34, 0x32, 0x20, 0x3d, 0x20, //     mat4 _142 = 
	0x75, 0x5f, 0x6a, 0x6f, 0x69, 0x6e, 0x74, 0x73, 0x5b, 0x69, 0x6e, 0x74, 0x28, 0x61, 0x5f, 0x69, // u_joints[int(a_i
	0x6e, 0x64, 0x69, 0x63, 0x65, 0x73, 0x2e, 0x77, 0x29, 0x5d, 0x20, 0x2a, 0x20, 0x61, 0x5f, 0x77, // ndices.w)] * a_w
	0x65, 0x69, 0x67, 0x68, 0x74, 0x2e, 0x77, 0x3b, 0x0a, 0x20, 0x20, 0x20, 0x20, 0x20, 0x20, 0x20, // eight.w;.       
	0x20, 0x6d, 0x61, 0x74, 0x34, 0x20, 0x5f, 0x31, 0x35, 0x35, 0x20, 0x3d, 0x20, 0x6d, 0x61, 0x74, //  mat4 _155 = mat
	0x34, 0x28, 0x28, 0x28, 0x5f, 0x39, 0x32, 0x5b, 0x30, 0x5d, 0x20, 0x2b, 0x20, 0x5f, 0x31, 0x30, // 4(((_92[0] + _10
	0x30, 0x5b, 0x30, 0x5d, 0x29, 0x20, 0x2b, 0x20, 0x5f, 0x31, 0x32, 0x31, 0x5b, 0x30, 0x5d, 0x29, // 0[0]) + _121[0])
	0x20, 0x2b, 0x20, 0x5f, 0x31, 0x34, 0x32, 0x5b, 0x30, 0x5d, 0x2c, 0x20, 0x28, 0x28, 0x5f, 0x39, //  + _142[0], ((_9
	0x32, 0x5b, 0x31, 0x5d, 0x20, 0x2b, 0x20, 0x5f, 0x31, 0x30, 0x30, 0x5b, 0x31, 0x5d, 0x29, 0x20, // 2[1] + _100[1]) 
	0x2b, 0x20, 0x5f, 0x31, 0x32, 0x31, 0x5b, 0x31, 0x5d, 0x29, 0x20, 0x2b, 0x20, 0x5f, 0x31, 0x34, // + _121[1]) + _14
	0x32, 0x5b, 0x31, 0x5d, 0x2c, 0x20, 0x28, 0x28, 0x5f, 0x39, 0x32, 0x5b, 0x32, 0x5d, 0x20, 0x2b, // 2[1], ((_92[2] +
	0x20, 0x5f, 0x31, 0x30, 0x30, 0x5b, 0x32, 0x5d, 0x29, 0x20, 0x2b, 0x20, 0x5f, 0x31, 0x32, 0x31, //  _100[2]) + _121
	0x5b, 0x32, 0x5d, 0x29, 0x20, 0x2b, 0x20, 0x5f, 0x31, 0x34, 0x32, 0x5b, 0x32, 0x5d, 0x2c, 0x20, // [2]) + _142[2], 
	0x28, 0x28, 0x5f, 0x39, 0x32, 0x5b, 0x33, 0x5d, 0x20, 0x2b, 0x20, 0x5f, 0x31, 0x30, 0x30, 0x5b, // ((_92[3] + _100[
	0x33, 0x5d, 0x29, 0x20, 0x2b, 0x20, 0x5f, 0x31, 0x32, 0x31, 0x5b, 0x33, 0x5d, 0x29, 0x20, 0x2b, // 3]) + _121[3]) +
	0x20, 0x5f, 0x31, 0x34, 0x32, 0x5b, 0x33, 0x5d, 0x29, 0x3b, 0x0a, 0x20, 0x20, 0x20, 0x20, 0x20, //  _142[3]);.     
	0x20, 0x20, 0x20, 0x5f, 0x33, 0x31, 0x38, 0x20, 0x3d, 0x20, 0x5f, 0x31, 0x35, 0x35, 0x20, 0x2a, //    _318 = _155 *
	0x20, 0x5f, 0x35, 0x31, 0x3b, 0x0a, 0x20, 0x20, 0x20, 0x20, 0x20, 0x20, 0x20, 0x20, 0x5f, 0x33, //  _51;.        _3
	0x31, 0x37, 0x20, 0x3d, 0x20, 0x5f, 0x31, 0x35, 0x35, 0x20, 0x2a, 0x20, 0x5f, 0x34, 0x32, 0x3b, // 17 = _155 * _42;
	0x0a, 0x20, 0x20, 0x20, 0x20, 0x20, 0x20, 0x20, 0x20, 0x5f, 0x33, 0x31, 0x36, 0x20, 0x3d, 0x20, // .        _316 = 
	0x5f, 0x31, 0x35, 0x35, 0x20, 0x2a, 0x20, 0x5f, 0x33, 0x34, 0x3b, 0x0a, 0x20, 0x20, 0x20, 0x20, // _155 * _34;.    
	0x7d, 0x0a, 0x20, 0x20, 0x20, 0x20, 0x65, 0x6c, 0x73, 0x65, 0x0a, 0x20, 0x20, 0x20, 0x20, 0x7b, // }.    else.    {
	0x0a, 0x20, 0x20, 0x20, 0x20, 0x20, 0x20, 0x20, 0x20, 0x5f, 0x33, 0x31, 0x38, 0x20, 0x3d, 0x20, // .        _318 = 
	0x5f, 0x35, 0x31, 0x3b, 0x0a, 0x20, 0x20, 0x20, 0x20, 0x20, 0x20, 0x20, 0x20, 0x5f, 0x33, 0x31, // _51;.        _31
	0x37, 0x20, 0x3d, 0x20, 0x5f, 0x34, 0x32, 0x3b, 0x0a, 0x20, 0x20, 0x20, 0x20, 0x20, 0x20, 0x20, // 7 = _42;.       
	0x20, 0x5f, 0x33, 0x31, 0x36, 0x20, 0x3d, 0x20, 0x5f, 0x33, 0x34, 0x3b, 0x0a, 0x20, 0x20, 0x20, //  _316 = _34;.   
	0x20, 0x7d, 0x0a, 0x20, 0x20, 0x20, 0x20, 0x76, 0x65, 0x63, 0x34, 0x20, 0x5f, 0x31, 0x38, 0x30, //  }.    vec4 _180
	0x20, 0x3d, 0x20, 0x75, 0x5f, 0x6d, 0x4d, 0x6f, 0x64, 0x65, 0x6c, 0x5f, 0x49, 0x6e, 0x73, 0x74, //  = u_mModel_Inst
	0x5b, 0x67, 0x6c, 0x5f, 0x49, 0x6e, 0x73, 0x74, 0x61, 0x6e, 0x63, 0x65, 0x49, 0x44, 0x5d, 0x20, // [gl_InstanceID] 
	0x2a, 0x20, 0x5f, 0x33, 0x31, 0x36, 0x3b, 0x0a, 0x20, 0x20, 0x20, 0x20, 0x67, 0x6c, 0x5f, 0x50, // * _316;.    gl_P
	0x6f, 0x73, 0x69, 0x74, 0x69, 0x6f, 0x6e, 0x20, 0x3d, 0x20, 0x75, 0x5f, 0x6d, 0x43, 0x61, 0x6d, // osition = u_mCam
	0x65, 0x72, 0x61, 0x50, 0x72, 0x6f, 0x6a, 0x20, 0x2a, 0x20, 0x5f, 0x31, 0x38, 0x30, 0x3b, 0x0a, // eraProj * _180;.
	0x20, 0x20, 0x20, 0x20, 0x76, 0x5f, 0x63, 0x6f, 0x6c, 0x6f, 0x72, 0x30, 0x20, 0x3d, 0x20, 0x75, //     v_color0 = u
	0x5f, 0x66, 0x4d, 0x6f, 0x64, 0x65, 0x6c, 0x43, 0x6f, 0x6c, 0x6f, 0x72, 0x5b, 0x67, 0x6c, 0x5f, // _fModelColor[gl_
	0x49, 0x6e, 0x73, 0x74, 0x61, 0x6e, 0x63, 0x65, 0x49, 0x44, 0x5d, 0x20, 0x2a, 0x20, 0x61, 0x5f, // InstanceID] * a_
	0x63, 0x6f, 0x6c, 0x6f, 0x72, 0x30, 0x3b, 0x0a, 0x20, 0x20, 0x20, 0x20, 0x76, 0x5f, 0x74, 0x65, // color0;.    v_te
	0x78, 0x63, 0x6f, 0x6f, 0x72, 0x64, 0x30, 0x31, 0x2e, 0x78, 0x20, 0x3d, 0x20, 0x28, 0x61, 0x5f, // xcoord01.x = (a_
	0x74, 0x65, 0x78, 0x63, 0x6f, 0x6f, 0x72, 0x64, 0x30, 0x2e, 0x78, 0x20, 0x2a, 0x20, 0x75, 0x5f, // texcoord0.x * u_
	0x66, 0x55, 0x56, 0x5b, 0x67, 0x6c, 0x5f, 0x49, 0x6e, 0x73, 0x74, 0x61, 0x6e, 0x63, 0x65, 0x49, // fUV[gl_InstanceI
	0x44, 0x5d, 0x2e, 0x7a, 0x29, 0x20, 0x2b, 0x20, 0x75, 0x5f, 0x66, 0x55, 0x56, 0x5b, 0x67, 0x6c, // D].z) + u_fUV[gl
	0x5f, 0x49, 0x6e, 0x73, 0x74, 0x61, 0x6e, 0x63, 0x65, 0x49, 0x44, 0x5d, 0x2e, 0x78, 0x3b, 0x0a, // _InstanceID].x;.
	0x20, 0x20, 0x20, 0x20, 0x76, 0x5f, 0x74, 0x65, 0x78, 0x63, 0x6f, 0x6f, 0x72, 0x64, 0x30, 0x31, //     v_texcoord01
	0x2e, 0x79, 0x20, 0x3d, 0x20, 0x75, 0x5f, 0x6d, 0x55, 0x56, 0x49, 0x6e, 0x76, 0x65, 0x72, 0x73, // .y = u_mUVInvers
	0x65, 0x64, 0x2e, 0x78, 0x20, 0x2b, 0x20, 0x28, 0x75, 0x5f, 0x6d, 0x55, 0x56, 0x49, 0x6e, 0x76, // ed.x + (u_mUVInv
	0x65, 0x72, 0x73, 0x65, 0x64, 0x2e, 0x79, 0x20, 0x2a, 0x20, 0x28, 0x28, 0x61, 0x5f, 0x74, 0x65, // ersed.y * ((a_te
	0x78, 0x63, 0x6f, 0x6f, 0x72, 0x64, 0x30, 0x2e, 0x79, 0x20, 0x2a, 0x20, 0x75, 0x5f, 0x66, 0x55, // xcoord0.y * u_fU
	0x56, 0x5b, 0x67, 0x6c, 0x5f, 0x49, 0x6e, 0x73, 0x74, 0x61, 0x6e, 0x63, 0x65, 0x49, 0x44, 0x5d, // V[gl_InstanceID]
	0x2e, 0x77, 0x29, 0x20, 0x2b, 0x20, 0x75, 0x5f, 0x66, 0x55, 0x56, 0x5b, 0x67, 0x6c, 0x5f, 0x49, // .w) + u_fUV[gl_I
	0x6e, 0x73, 0x74, 0x61, 0x6e, 0x63, 0x65, 0x49, 0x44, 0x5d, 0x2e, 0x79, 0x29, 0x29, 0x3b, 0x0a, // nstanceID].y));.
	0x20, 0x20, 0x20, 0x20, 0x76, 0x5f, 0x74, 0x65, 0x78, 0x63, 0x6f, 0x6f, 0x72, 0x64, 0x30, 0x31, //     v_texcoord01
	0x2e, 0x7a, 0x20, 0x3d, 0x20, 0x28, 0x61, 0x5f, 0x74, 0x65, 0x78, 0x63, 0x6f, 0x6f, 0x72, 0x64, // .z = (a_texcoord
	0x31, 0x2e, 0x78, 0x20, 0x2a, 0x20, 0x75, 0x5f, 0x66, 0x55, 0x56, 0x5b, 0x67, 0x6c, 0x5f, 0x49, // 1.x * u_fUV[gl_I
	0x6e, 0x73, 0x74, 0x61, 0x6e, 0x63, 0x65, 0x49, 0x44, 0x5d, 0x2e, 0x7a, 0x29, 0x20, 0x2b, 0x20, // nstanceID].z) + 
	0x75, 0x5f, 0x66, 0x55, 0x56, 0x5b, 0x67, 0x6c, 0x5f, 0x49, 0x6e, 0x73, 0x74, 0x61, 0x6e, 0x63, // u_fUV[gl_Instanc
	0x65, 0x49, 0x44, 0x5d, 0x2e, 0x78, 0x3b, 0x0a, 0x20, 0x20, 0x20, 0x20, 0x76, 0x5f, 0x74, 0x65, // eID].x;.    v_te
	0x78, 0x63, 0x6f, 0x6f, 0x72, 0x64, 0x30, 0x31, 0x2e, 0x77, 0x20, 0x3d, 0x20, 0x75, 0x5f, 0x6d, // xcoord01.w = u_m
	0x55, 0x56, 0x49, 0x6e, 0x76, 0x65, 0x72, 0x73, 0x65, 0x64, 0x2e, 0x78, 0x20, 0x2b, 0x20, 0x28, // UVInversed.x + (
	0x75, 0x5f, 0x6d, 0x55, 0x56, 0x49, 0x6e, 0x76, 0x65, 0x72, 0x73, 0x65, 0x64, 0x2e, 0x79, 0x20, // u_mUVInversed.y 
	0x2a, 0x20, 0x28, 0x28, 0x61, 0x5f, 0x74, 0x65, 0x78, 0x63, 0x6f, 0x6f, 0x72, 0x64, 0x31, 0x2e, // * ((a_texcoord1.
	0x79, 0x20, 0x2a, 0x20, 0x75, 0x5f, 0x66, 0x55, 0x56, 0x5b, 0x67, 0x6c, 0x5f, 0x49, 0x6e, 0x73, // y * u_fUV[gl_Ins
	0x74, 0x61, 0x6e, 0x63, 0x65, 0x49, 0x44, 0x5d, 0x2e, 0x77, 0x29, 0x20, 0x2b, 0x20, 0x75, 0x5f, // tanceID].w) + u_
	0x66, 0x55, 0x56, 0x5b, 0x67, 0x6c, 0x5f, 0x49, 0x6e, 0x73, 0x74, 0x61, 0x6e, 0x63, 0x65, 0x49, // fUV[gl_InstanceI
	0x44, 0x5d, 0x2e, 0x79, 0x29, 0x29, 0x3b, 0x0a, 0x20, 0x20, 0x20, 0x20, 0x76, 0x5f, 0x77, 0x6f, // D].y));.    v_wo
	0x72, 0x6c, 0x64, 0x50, 0x6f, 0x73, 0x20, 0x3d, 0x20, 0x5f, 0x31, 0x38, 0x30, 0x3b, 0x0a, 0x20, // rldPos = _180;. 
	0x20, 0x20, 0x20, 0x76, 0x5f, 0x77, 0x6f, 0x72, 0x6c, 0x64, 0x4e, 0x6f, 0x72, 0x6d, 0x61, 0x6c, //    v_worldNormal
	0x20, 0x3d, 0x20, 0x76, 0x65, 0x63, 0x34, 0x28, 0x6e, 0x6f, 0x72, 0x6d, 0x61, 0x6c, 0x69, 0x7a, //  = vec4(normaliz
	0x65, 0x28, 0x28, 0x75, 0x5f, 0x6d, 0x4e, 0x6f, 0x72, 0x6d, 0x61, 0x6c, 0x5b, 0x67, 0x6c, 0x5f, // e((u_mNormal[gl_
	0x49, 0x6e, 0x73, 0x74, 0x61, 0x6e, 0x63, 0x65, 0x49, 0x44, 0x5d, 0x20, 0x2a, 0x20, 0x5f, 0x33, // InstanceID] * _3
	0x31, 0x37, 0x29, 0x2e, 0x78, 0x79, 0x7a, 0x29, 0x2c, 0x20, 0x30, 0x2e, 0x30, 0x29, 0x3b, 0x0a, // 17).xyz), 0.0);.
	0x20, 0x20, 0x20, 0x20, 0x76, 0x5f, 0x77, 0x6f, 0x72, 0x6c, 0x64, 0x54, 0x61, 0x6e, 0x67, 0x65, //     v_worldTange
	0x6e, 0x74, 0x20, 0x3d, 0x20, 0x76, 0x65, 0x63, 0x34, 0x28, 0x6e, 0x6f, 0x72, 0x6d, 0x61, 0x6c, // nt = vec4(normal
	0x69, 0x7a, 0x65, 0x28, 0x28, 0x75, 0x5f, 0x6d, 0x4e, 0x6f, 0x72, 0x6d, 0x61, 0x6c, 0x5b, 0x67, // ize((u_mNormal[g
	0x6c, 0x5f, 0x49, 0x6e, 0x73, 0x74, 0x61, 0x6e, 0x63, 0x65, 0x49, 0x44, 0x5d, 0x20, 0x2a, 0x20, // l_InstanceID] * 
	0x5f, 0x33, 0x31, 0x38, 0x29, 0x2e, 0x78, 0x79, 0x7a, 0x29, 0x2c, 0x20, 0x61, 0x5f, 0x74, 0x61, // _318).xyz), a_ta
	0x6e, 0x67, 0x65, 0x6e, 0x74, 0x2e, 0x77, 0x29, 0x3b, 0x0a, 0x20, 0x20, 0x20, 0x20, 0x76, 0x5f, // ngent.w);.    v_
	0x73, 0x68, 0x61, 0x64, 0x6f, 0x77, 0x43, 0x6f, 0x6f, 0x72, 0x64, 0x20, 0x3d, 0x20, 0x75, 0x5f, // shadowCoord = u_
	0x73, 0x68, 0x61, 0x64, 0x6f, 0x77, 0x4d, 0x61, 0x74, 0x72, 0x69, 0x78, 0x20, 0x2a, 0x20, 0x5f, // shadowMatrix * _
	0x31, 0x38, 0x30, 0x3b, 0x0a, 0x7d, 0x0a, 0x0a, 0x00,                                           // 180;.}...
};
static const uint8_t vs_model3d_glsl[2569] =
{
	0x56, 0x53, 0x48, 0x0c, 0x00, 0x00, 0x00, 0x00, 0x24, 0x8e, 0x5c, 0xd3, 0x00, 0x00, 0x00, 0x00, // VSH.....$.......
	0x00, 0x00, 0x00, 0x00, 0x08, 0x00, 0x05, 0x75, 0x5f, 0x66, 0x55, 0x56, 0x02, 0x28, 0x00, 0x00, // .......u_fUV.(..
	0x28, 0x00, 0x00, 0x00, 0x00, 0x00, 0x08, 0x75, 0x5f, 0x6a, 0x6f, 0x69, 0x6e, 0x74, 0x73, 0x04, // (......u_joints.
	0x40, 0x00, 0x00, 0x00, 0x01, 0x00, 0x00, 0x00, 0x00, 0x0d, 0x75, 0x5f, 0x6d, 0x4d, 0x6f, 0x64, // @.........u_mMod
	0x65, 0x6c, 0x5f, 0x49, 0x6e, 0x73, 0x74, 0x04, 0x28, 0x00, 0x00, 0xa0, 0x00, 0x00, 0x00, 0x00, // el_Inst.(.......
	0x00, 0x09, 0x75, 0x5f, 0x6d, 0x4e, 0x6f, 0x72, 0x6d, 0x61, 0x6c, 0x04, 0x28, 0x00, 0x00, 0xa0, // ..u_mNormal.(...
	0x00, 0x00, 0x00, 0x00, 0x00, 0x0d, 0x75, 0x5f, 0x6d, 0x43, 0x61, 0x6d, 0x65, 0x72, 0x61, 0x50, // ......u_mCameraP
	0x72, 0x6f, 0x6a, 0x04, 0x01, 0x00, 0x00, 0x04, 0x00, 0x00, 0x00, 0x00, 0x00, 0x0d, 0x75, 0x5f, // roj...........u_
	0x66, 0x4d, 0x6f, 0x64, 0x65, 0x6c, 0x43, 0x6f, 0x6c, 0x6f, 0x72, 0x02, 0x28, 0x00, 0x00, 0x28, // fModelColor.(..(
	0x00, 0x00, 0x00, 0x00, 0x00, 0x0d, 0x75, 0x5f, 0x6d, 0x55, 0x56, 0x49, 0x6e, 0x76, 0x65, 0x72, // ......u_mUVInver
	0x73, 0x65, 0x64, 0x02, 0x01, 0x00, 0x00, 0x01, 0x00, 0x00, 0x00, 0x00, 0x00, 0x0e, 0x75, 0x5f, // sed...........u_
	0x73, 0x68, 0x61, 0x64, 0x6f, 0x77, 0x4d, 0x61, 0x74, 0x72, 0x69, 0x78, 0x04, 0x01, 0x00, 0x00, // shadowMatrix....
	0x04, 0x00, 0x00, 0x00, 0x00, 0x00, 0x3e, 0x09, 0x00, 0x00, 0x0a, 0x75, 0x6e, 0x69, 0x66, 0x6f, // ......>....unifo
	0x72, 0x6d, 0x20, 0x76, 0x65, 0x63, 0x34, 0x20, 0x75, 0x5f, 0x66, 0x55, 0x56, 0x5b, 0x34, 0x30, // rm vec4 u_fUV[40
	0x5d, 0x3b, 0x0a, 0x75, 0x6e, 0x69, 0x66, 0x6f, 0x72, 0x6d, 0x20, 0x6d, 0x61, 0x74, 0x34, 0x20, // ];.uniform mat4 
	0x75, 0x5f, 0x6a, 0x6f, 0x69, 0x6e, 0x74, 0x73, 0x5b, 0x36, 0x34, 0x5d, 0x3b, 0x0a, 0x75, 0x6e, // u_joints[64];.un
	0x69, 0x66, 0x6f, 0x72, 0x6d, 0x20, 0x6d, 0x61, 0x74, 0x34, 0x20, 0x75, 0x5f, 0x6d, 0x4d, 0x6f, // iform mat4 u_mMo
	0x64, 0x65, 0x6c, 0x5f, 0x49, 0x6e, 0x73, 0x74, 0x5b, 0x34, 0x30, 0x5d, 0x3b, 0x0a, 0x75, 0x6e, // del_Inst[40];.un
	0x69, 0x66, 0x6f, 0x72, 0x6d, 0x20, 0x6d, 0x61, 0x74, 0x34, 0x20, 0x75, 0x5f, 0x6d, 0x4e, 0x6f, // iform mat4 u_mNo
	0x72, 0x6d, 0x61, 0x6c, 0x5b, 0x34, 0x30, 0x5d, 0x3b, 0x0a, 0x75, 0x6e, 0x69, 0x66, 0x6f, 0x72, // rmal[40];.unifor
	0x6d, 0x20, 0x6d, 0x61, 0x74, 0x34, 0x20, 0x75, 0x5f, 0x6d, 0x43, 0x61, 0x6d, 0x65, 0x72, 0x61, // m mat4 u_mCamera
	0x50, 0x72, 0x6f, 0x6a, 0x3b, 0x0a, 0x75, 0x6e, 0x69, 0x66, 0x6f, 0x72, 0x6d, 0x20, 0x76, 0x65, // Proj;.uniform ve
	0x63, 0x34, 0x20, 0x75, 0x5f, 0x66, 0x4d, 0x6f, 0x64, 0x65, 0x6c, 0x43, 0x6f, 0x6c, 0x6f, 0x72, // c4 u_fModelColor
	0x5b, 0x34, 0x30, 0x5d, 0x3b, 0x0a, 0x75, 0x6e, 0x69, 0x66, 0x6f, 0x72, 0x6d, 0x20, 0x76, 0x65, // [40];.uniform ve
	0x63, 0x34, 0x20, 0x75, 0x5f, 0x6d, 0x55, 0x56, 0x49, 0x6e, 0x76, 0x65, 0x72, 0x73, 0x65, 0x64, // c4 u_mUVInversed
	0x3b, 0x0a, 0x75, 0x6e, 0x69, 0x66, 0x6f, 0x72, 0x6d, 0x20, 0x6d, 0x61, 0x74, 0x34, 0x20, 0x75, // ;.uniform mat4 u
	0x5f, 0x73, 0x68, 0x61, 0x64, 0x6f, 0x77, 0x4d, 0x61, 0x74, 0x72, 0x69, 0x78, 0x3b, 0x0a, 0x0a, // _shadowMatrix;..
	0x6c, 0x61, 0x79, 0x6f, 0x75, 0x74, 0x28, 0x6c, 0x6f, 0x63, 0x61, 0x74, 0x69, 0x6f, 0x6e, 0x20, // layout(location 
	0x3d, 0x20, 0x33, 0x29, 0x20, 0x69, 0x6e, 0x20, 0x76, 0x65, 0x63, 0x33, 0x20, 0x61, 0x5f, 0x70, // = 3) in vec3 a_p
	0x6f, 0x73, 0x69, 0x74, 0x69, 0x6f, 0x6e, 0x3b, 0x0a, 0x6c, 0x61, 0x79, 0x6f, 0x75, 0x74, 0x28, // osition;.layout(
	0x6c, 0x6f, 0x63, 0x61, 0x74, 0x69, 0x6f, 0x6e, 0x20, 0x3d, 0x20, 0x32, 0x29, 0x20, 0x69, 0x6e, // location = 2) in
	0x20, 0x76, 0x65, 0x63, 0x33, 0x20, 0x61, 0x5f, 0x6e, 0x6f, 0x72, 0x6d, 0x61, 0x6c, 0x3b, 0x0a, //  vec3 a_normal;.
	0x6c, 0x61, 0x79, 0x6f, 0x75, 0x74, 0x28, 0x6c, 0x6f, 0x63, 0x61, 0x74, 0x69, 0x6f, 0x6e, 0x20, // layout(location 
	0x3d, 0x20, 0x34, 0x29, 0x20, 0x69, 0x6e, 0x20, 0x76, 0x65, 0x63, 0x34, 0x20, 0x61, 0x5f, 0x74, // = 4) in vec4 a_t
	0x61, 0x6e, 0x67, 0x65, 0x6e, 0x74, 0x3b, 0x0a, 0x6c, 0x61, 0x79, 0x6f, 0x75, 0x74, 0x28, 0x6c, // angent;.layout(l
	0x6f, 0x63, 0x61, 0x74, 0x69, 0x6f, 0x6e, 0x20, 0x3d, 0x20, 0x37, 0x29, 0x20, 0x69, 0x6e, 0x20, // ocation = 7) in 
	0x76, 0x65, 0x63, 0x34, 0x20, 0x61, 0x5f, 0x77, 0x65, 0x69, 0x67, 0x68, 0x74, 0x3b, 0x0a, 0x6c, // vec4 a_weight;.l
	0x61, 0x79, 0x6f, 0x75, 0x74, 0x28, 0x6c, 0x6f, 0x63, 0x61, 0x74, 0x69, 0x6f, 0x6e, 0x20, 0x3d, // ayout(location =
	0x20, 0x31, 0x29, 0x20, 0x69, 0x6e, 0x20, 0x76, 0x65, 0x63, 0x34, 0x20, 0x61, 0x5f, 0x69, 0x6e, //  1) in vec4 a_in
	0x64, 0x69, 0x63, 0x65, 0x73, 0x3b, 0x0a, 0x6f, 0x75, 0x74, 0x20, 0x76, 0x65, 0x63, 0x34, 0x20, // dices;.out vec4 
	0x76, 0x5f, 0x63, 0x6f, 0x6c, 0x6f, 0x72, 0x30, 0x3b, 0x0a, 0x6c, 0x61, 0x79, 0x6f, 0x75, 0x74, // v_color0;.layout
	0x28, 0x6c, 0x6f, 0x63, 0x61, 0x74, 0x69, 0x6f, 0x6e, 0x20, 0x3d, 0x20, 0x30, 0x29, 0x20, 0x69, // (location = 0) i
	0x6e, 0x20, 0x76, 0x65, 0x63, 0x34, 0x20, 0x61, 0x5f, 0x63, 0x6f, 0x6c, 0x6f, 0x72, 0x30, 0x3b, // n vec4 a_color0;
	0x0a, 0x6f, 0x75, 0x74, 0x20, 0x76, 0x65, 0x63, 0x34, 0x20, 0x76, 0x5f, 0x74, 0x65, 0x78, 0x63, // .out vec4 v_texc
	0x6f, 0x6f, 0x72, 0x64, 0x30, 0x31, 0x3b, 0x0a, 0x6c, 0x61, 0x79, 0x6f, 0x75, 0x74, 0x28, 0x6c, // oord01;.layout(l
	0x6f, 0x63, 0x61, 0x74, 0x69, 0x6f, 0x6e, 0x20, 0x3d, 0x20, 0x35, 0x29, 0x20, 0x69, 0x6e, 0x20, // ocation = 5) in 
	0x76, 0x65, 0x63, 0x32, 0x20, 0x61, 0x5f, 0x74, 0x65, 0x78, 0x63, 0x6f, 0x6f, 0x72, 0x64, 0x30, // vec2 a_texcoord0
	0x3b, 0x0a, 0x6c, 0x61, 0x79, 0x6f, 0x75, 0x74, 0x28, 0x6c, 0x6f, 0x63, 0x61, 0x74, 0x69, 0x6f, // ;.layout(locatio
	0x6e, 0x20, 0x3d, 0x20, 0x36, 0x29, 0x20, 0x69, 0x6e, 0x20, 0x76, 0x65, 0x63, 0x32, 0x20, 0x61, // n = 6) in vec2 a
	0x5f, 0x74, 0x65, 0x78, 0x63, 0x6f, 0x6f, 0x72, 0x64, 0x31, 0x3b, 0x0a, 0x6f, 0x75, 0x74, 0x20, // _texcoord1;.out 
	0x76, 0x65, 0x63, 0x34, 0x20, 0x76, 0x5f, 0x77, 0x6f, 0x72, 0x6c, 0x64, 0x50, 0x6f, 0x73, 0x3b, // vec4 v_worldPos;
	0x0a, 0x6f, 0x75, 0x74, 0x20, 0x76, 0x65, 0x63, 0x34, 0x20, 0x76, 0x5f, 0x77, 0x6f, 0x72, 0x6c, // .out vec4 v_worl
	0x64, 0x4e, 0x6f, 0x72, 0x6d, 0x61, 0x6c, 0x3b, 0x0a, 0x6f, 0x75, 0x74, 0x20, 0x76, 0x65, 0x63, // dNormal;.out vec
	0x34, 0x20, 0x76, 0x5f, 0x77, 0x6f, 0x72, 0x6c, 0x64, 0x54, 0x61, 0x6e, 0x67, 0x65, 0x6e, 0x74, // 4 v_worldTangent
	0x3b, 0x0a, 0x6f, 0x75, 0x74, 0x20, 0x76, 0x65, 0x63, 0x34, 0x20, 0x76, 0x5f, 0x73, 0x68, 0x61, // ;.out vec4 v_sha
	0x64, 0x6f, 0x77, 0x43, 0x6f, 0x6f, 0x72, 0x64, 0x3b, 0x0a, 0x0a, 0x76, 0x6f, 0x69, 0x64, 0x20, // dowCoord;..void 
	0x6d, 0x61, 0x69, 0x6e, 0x28, 0x29, 0x0a, 0x7b, 0x0a, 0x20, 0x20, 0x20, 0x20, 0x76, 0x65, 0x63, // main().{.    vec
	0x34, 0x20, 0x5f, 0x33, 0x34, 0x20, 0x3d, 0x20, 0x76, 0x65, 0x63, 0x34, 0x28, 0x61, 0x5f, 0x70, // 4 _34 = vec4(a_p
	0x6f, 0x73, 0x69, 0x74, 0x69, 0x6f, 0x6e, 0x2c, 0x20, 0x31, 0x2e, 0x30, 0x29, 0x3b, 0x0a, 0x20, // osition, 1.0);. 
	0x20, 0x20, 0x20, 0x76, 0x65, 0x63, 0x34, 0x20, 0x5f, 0x34, 0x32, 0x20, 0x3d, 0x20, 0x76, 0x65, //    vec4 _42 = ve
	0x63, 0x34, 0x28, 0x61, 0x5f, 0x6e, 0x6f, 0x72, 0x6d, 0x61, 0x6c, 0x2c, 0x20, 0x30, 0x2e, 0x30, // c4(a_normal, 0.0
	0x29, 0x3b, 0x0a, 0x20, 0x20, 0x20, 0x20, 0x76, 0x65, 0x63, 0x34, 0x20, 0x5f, 0x35, 0x31, 0x20, // );.    vec4 _51 
	0x3d, 0x20, 0x76, 0x65, 0x63, 0x34, 0x28, 0x61, 0x5f, 0x74, 0x61, 0x6e, 0x67, 0x65, 0x6e, 0x74, // = vec4(a_tangent
	0x2e, 0x78, 0x79, 0x7a, 0x2c, 0x20, 0x30, 0x2e, 0x30, 0x29, 0x3b, 0x0a, 0x20, 0x20, 0x20, 0x20, // .xyz, 0.0);.    
	0x76, 0x65, 0x63, 0x34, 0x20, 0x5f, 0x33, 0x31, 0x36, 0x3b, 0x0a, 0x20, 0x20, 0x20, 0x20, 0x76, // vec4 _316;.    v
	0x65, 0x63, 0x34, 0x20, 0x5f, 0x33, 0x31, 0x37, 0x3b, 0x0a, 0x20, 0x20, 0x20, 0x20, 0x76, 0x65, // ec4 _317;.    ve
	0x63, 0x34, 0x20, 0x5f, 0x33, 0x31, 0x38, 0x3b, 0x0a, 0x20, 0x20, 0x20, 0x20, 0x69, 0x66, 0x20, // c4 _318;.    if 
	0x28, 0x28, 0x28, 0x28, 0x61, 0x5f, 0x77, 0x65, 0x69, 0x67, 0x68, 0x74, 0x2e, 0x78, 0x20, 0x2b, // ((((a_weight.x +
	0x20, 0x61, 0x5f, 0x77, 0x65, 0x69, 0x67, 0x68, 0x74, 0x2e, 0x79, 0x29, 0x20, 0x2b, 0x20, 0x61, //  a_weight.y) + a
	0x5f, 0x77, 0x65, 0x69, 0x67, 0x68, 0x74, 0x2e, 0x7a, 0x29, 0x20, 0x2b, 0x20, 0x61, 0x5f, 0x77, // _weight.z) + a_w
	0x65, 0x69, 0x67, 0x68, 0x74, 0x2e, 0x77, 0x29, 0x20, 0x3e, 0x20, 0x30, 0x2e, 0x30, 0x29, 0x0a, // eight.w) > 0.0).
	0x20, 0x20, 0x20, 0x20, 0x7b, 0x0a, 0x20, 0x20, 0x20, 0x20, 0x20, 0x20, 0x20, 0x20, 0x6d, 0x61, //     {.        ma
	0x74, 0x34, 0x20, 0x5f, 0x39, 0x32, 0x20, 0x3d, 0x20, 0x75, 0x5f, 0x6a, 0x6f, 0x69, 0x6e, 0x74, // t4 _92 = u_joint
	0x73, 0x5b, 0x69, 0x6e, 0x74, 0x28, 0x61, 0x5f, 0x69, 0x6e, 0x64, 0x69, 0x63, 0x65, 0x73, 0x2e, // s[int(a_indices.
	0x78, 0x29, 0x5d, 0x20, 0x2a, 0x20, 0x61, 0x5f, 0x77, 0x65, 0x69, 0x67, 0x68, 0x74, 0x2e, 0x78, // x)] * a_weight.x
	0x3b, 0x0a, 0x20, 0x20, 0x20, 0x20, 0x20, 0x20, 0x20, 0x20, 0x6d, 0x61, 0x74, 0x34, 0x20, 0x5f, // ;.        mat4 _
	0x31, 0x30, 0x30, 0x20, 0x3d, 0x20, 0x75, 0x5f, 0x6a, 0x6f, 0x69, 0x6e, 0x74, 0x73, 0x5b, 0x69, // 100 = u_joints[i
	0x6e, 0x74, 0x28, 0x61, 0x5f, 0x69, 0x6e, 0x64, 0x69, 0x63, 0x65, 0x73, 0x2e, 0x79, 0x29, 0x5d, // nt(a_indices.y)]
	0x20, 0x2a, 0x20, 0x61, 0x5f, 0x77, 0x65, 0x69, 0x67, 0x68, 0x74, 0x2e, 0x79, 0x3b, 0x0a, 0x20, //  * a_weight.y;. 
	0x20, 0x20, 0x20, 0x20, 0x20, 0x20, 0x20, 0x6d, 0x61, 0x74, 0x34, 0x20, 0x5f, 0x31, 0x32, 0x31, //        mat4 _121
	0x20, 0x3d, 0x20, 0x75, 0x5f, 0x6a, 0x6f, 0x69, 0x6e, 0x74, 0x73, 0x5b, 0x69, 0x6e, 0x74, 0x28, //  = u_joints[int(
	0x61, 0x5f, 0x69, 0x6e, 0x64, 0x69, 0x63, 0x65, 0x73, 0x2e, 0x7a, 0x29, 0x5d, 0x20, 0x2a, 0x20, // a_indices.z)] * 
	0x61, 0x5f, 0x77, 0x65, 0x69, 0x67, 0x68, 0x74, 0x2e, 0x7a, 0x3b, 0x0a, 0x20, 0x20, 0x20, 0x20, // a_weight.z;.    
	0x20, 0x20, 0x20, 0x20, 0x6d, 0x61, 0x74, 0x34, 0x20, 0x5f, 0x31, 0x34, 0x32, 0x20, 0x3d, 0x20, //     mat4 _142 = 
	0x75, 0x5f, 0x6a, 0x6f, 0x69, 0x6e, 0x74, 0x73, 0x5b, 0x69, 0x6e, 0x74, 0x28, 0x61, 0x5f, 0x69, // u_joints[int(a_i
	0x6e, 0x64, 0x69, 0x63, 0x65, 0x73, 0x2e, 0x77, 0x29, 0x5d, 0x20, 0x2a, 0x20, 0x61, 0x5f, 0x77, // ndices.w)] * a_w
	0x65, 0x69, 0x67, 0x68, 0x74, 0x2e, 0x77, 0x3b, 0x0a, 0x20, 0x20, 0x20, 0x20, 0x20, 0x20, 0x20, // eight.w;.       
	0x20, 0x6d, 0x61, 0x74, 0x34, 0x20, 0x5f, 0x31, 0x35, 0x35, 0x20, 0x3d, 0x20, 0x6d, 0x61, 0x74, //  mat4 _155 = mat
	0x34, 0x28, 0x28, 0x28, 0x5f, 0x39, 0x32, 0x5b, 0x30, 0x5d, 0x20, 0x2b, 0x20, 0x5f, 0x31, 0x30, // 4(((_92[0] + _10
	0x30, 0x5b, 0x30, 0x5d, 0x29, 0x20, 0x2b, 0x20, 0x5f, 0x31, 0x32, 0x31, 0x5b, 0x30, 0x5d, 0x29, // 0[0]) + _121[0])
	0x20, 0x2b, 0x20, 0x5f, 0x31, 0x34, 0x32, 0x5b, 0x30, 0x5d, 0x2c, 0x20, 0x28, 0x28, 0x5f, 0x39, //  + _142[0], ((_9
	0x32, 0x5b, 0x31, 0x5d, 0x20, 0x2b, 0x20, 0x5f, 0x31, 0x30, 0x30, 0x5b, 0x31, 0x5d, 0x29, 0x20, // 2[1] + _100[1]) 
	0x2b, 0x20, 0x5f, 0x31, 0x32, 0x31, 0x5b, 0x31, 0x5d, 0x29, 0x20, 0x2b, 0x20, 0x5f, 0x31, 0x34, // + _121[1]) + _14
	0x32, 0x5b, 0x31, 0x5d, 0x2c, 0x20, 0x28, 0x28, 0x5f, 0x39, 0x32, 0x5b, 0x32, 0x5d, 0x20, 0x2b, // 2[1], ((_92[2] +
	0x20, 0x5f, 0x31, 0x30, 0x30, 0x5b, 0x32, 0x5d, 0x29, 0x20, 0x2b, 0x20, 0x5f, 0x31, 0x32, 0x31, //  _100[2]) + _121
	0x5b, 0x32, 0x5d, 0x29, 0x20, 0x2b, 0x20, 0x5f, 0x31, 0x34, 0x32, 0x5b, 0x32, 0x5d, 0x2c, 0x20, // [2]) + _142[2], 
	0x28, 0x28, 0x5f, 0x39, 0x32, 0x5b, 0x33, 0x5d, 0x20, 0x2b, 0x20, 0x5f, 0x31, 0x30, 0x30, 0x5b, // ((_92[3] + _100[
	0x33, 0x5d, 0x29, 0x20, 0x2b, 0x20, 0x5f, 0x31, 0x32, 0x31, 0x5b, 0x33, 0x5d, 0x29, 0x20, 0x2b, // 3]) + _121[3]) +
	0x20, 0x5f, 0x31, 0x34, 0x32, 0x5b, 0x33, 0x5d, 0x29, 0x3b, 0x0a, 0x20, 0x20, 0x20, 0x20, 0x20, //  _142[3]);.     
	0x20, 0x20, 0x20, 0x5f, 0x33, 0x31, 0x38, 0x20, 0x3d, 0x20, 0x5f, 0x31, 0x35, 0x35, 0x20, 0x2a, //    _318 = _155 *
	0x20, 0x5f, 0x35, 0x31, 0x3b, 0x0a, 0x20, 0x20, 0x20, 0x20, 0x20, 0x20, 0x20, 0x20, 0x5f, 0x33, //  _51;.        _3
	0x31, 0x37, 0x20, 0x3d, 0x20, 0x5f, 0x31, 0x35, 0x35, 0x20, 0x2a, 0x20, 0x5f, 0x34, 0x32, 0x3b, // 17 = _155 * _42;
	0x0a, 0x20, 0x20, 0x20, 0x20, 0x20, 0x20, 0x20, 0x20, 0x5f, 0x33, 0x31, 0x36, 0x20, 0x3d, 0x20, // .        _316 = 
	0x5f, 0x31, 0x35, 0x35, 0x20, 0x2a, 0x20, 0x5f, 0x33, 0x34, 0x3b, 0x0a, 0x20, 0x20, 0x20, 0x20, // _155 * _34;.    
	0x7d, 0x0a, 0x20, 0x20, 0x20, 0x20, 0x65, 0x6c, 0x73, 0x65, 0x0a, 0x20, 0x20, 0x20, 0x20, 0x7b, // }.    else.    {
	0x0a, 0x20, 0x20, 0x20, 0x20, 0x20, 0x20, 0x20, 0x20, 0x5f, 0x33, 0x31, 0x38, 0x20, 0x3d, 0x20, // .        _318 = 
	0x5f, 0x35, 0x31, 0x3b, 0x0a, 0x20, 0x20, 0x20, 0x20, 0x20, 0x20, 0x20, 0x20, 0x5f, 0x33, 0x31, // _51;.        _31
	0x37, 0x20, 0x3d, 0x20, 0x5f, 0x34, 0x32, 0x3b, 0x0a, 0x20, 0x20, 0x20, 0x20, 0x20, 0x20, 0x20, // 7 = _42;.       
	0x20, 0x5f, 0x33, 0x31, 0x36, 0x20, 0x3d, 0x20, 0x5f, 0x33, 0x34, 0x3b, 0x0a, 0x20, 0x20, 0x20, //  _316 = _34;.   
	0x20, 0x7d, 0x0a, 0x20, 0x20, 0x20, 0x20, 0x76, 0x65, 0x63, 0x34, 0x20, 0x5f, 0x31, 0x38, 0x30, //  }.    vec4 _180
	0x20, 0x3d, 0x20, 0x75, 0x5f, 0x6d, 0x4d, 0x6f, 0x64, 0x65, 0x6c, 0x5f, 0x49, 0x6e, 0x73, 0x74, //  = u_mModel_Inst
	0x5b, 0x67, 0x6c, 0x5f, 0x49, 0x6e, 0x73, 0x74, 0x61, 0x6e, 0x63, 0x65, 0x49, 0x44, 0x5d, 0x20, // [gl_InstanceID] 
	0x2a, 0x20, 0x5f, 0x33, 0x31, 0x36, 0x3b, 0x0a, 0x20, 0x20, 0x20, 0x20, 0x67, 0x6c, 0x5f, 0x50, // * _316;.    gl_P
	0x6f, 0x73, 0x69, 0x74, 0x69, 0x6f, 0x6e, 0x20, 0x3d, 0x20, 0x75, 0x5f, 0x6d, 0x43, 0x61, 0x6d, // osition = u_mCam
	0x65, 0x72, 0x61, 0x50, 0x72, 0x6f, 0x6a, 0x20, 0x2a, 0x20, 0x5f, 0x31, 0x38, 0x30, 0x3b, 0x0a, // eraProj * _180;.
	0x20, 0x20, 0x20, 0x20, 0x76, 0x5f, 0x63, 0x6f, 0x6c, 0x6f, 0x72, 0x30, 0x20, 0x3d, 0x20, 0x75, //     v_color0 = u
	0x5f, 0x66, 0x4d, 0x6f, 0x64, 0x65, 0x6c, 0x43, 0x6f, 0x6c, 0x6f, 0x72, 0x5b, 0x67, 0x6c, 0x5f, // _fModelColor[gl_
	0x49, 0x6e, 0x73, 0x74, 0x61, 0x6e, 0x63, 0x65, 0x49, 0x44, 0x5d, 0x20, 0x2a, 0x20, 0x61, 0x5f, // InstanceID] * a_
	0x63, 0x6f, 0x6c, 0x6f, 0x72, 0x30, 0x3b, 0x0a, 0x20, 0x20, 0x20, 0x20, 0x76, 0x5f, 0x74, 0x65, // color0;.    v_te
	0x78, 0x63, 0x6f, 0x6f, 0x72, 0x64, 0x30, 0x31, 0x2e, 0x78, 0x20, 0x3d, 0x20, 0x28, 0x61, 0x5f, // xcoord01.x = (a_
	0x74, 0x65, 0x78, 0x63, 0x6f, 0x6f, 0x72, 0x64, 0x30, 0x2e, 0x78, 0x20, 0x2a, 0x20, 0x75, 0x5f, // texcoord0.x * u_
	0x66, 0x55, 0x56, 0x5b, 0x67, 0x6c, 0x5f, 0x49, 0x6e, 0x73, 0x74, 0x61, 0x6e, 0x63, 0x65, 0x49, // fUV[gl_InstanceI
	0x44, 0x5d, 0x2e, 0x7a, 0x29, 0x20, 0x2b, 0x20, 0x75, 0x5f, 0x66, 0x55, 0x56, 0x5b, 0x67, 0x6c, // D].z) + u_fUV[gl
	0x5f, 0x49, 0x6e, 0x73, 0x74, 0x61, 0x6e, 0x63, 0x65, 0x49, 0x44, 0x5d, 0x2e, 0x78, 0x3b, 0x0a, // _InstanceID].x;.
	0x20, 0x20, 0x20, 0x20, 0x76, 0x5f, 0x74, 0x65, 0x78, 0x63, 0x6f, 0x6f, 0x72, 0x64, 0x30, 0x31, //     v_texcoord01
	0x2e, 0x79, 0x20, 0x3d, 0x20, 0x75, 0x5f, 0x6d, 0x55, 0x56, 0x49, 0x6e, 0x76, 0x65, 0x72, 0x73, // .y = u_mUVInvers
	0x65, 0x64, 0x2e, 0x78, 0x20, 0x2b, 0x20, 0x28, 0x75, 0x5f, 0x6d, 0x55, 0x56, 0x49, 0x6e, 0x76, // ed.x + (u_mUVInv
	0x65, 0x72, 0x73, 0x65, 0x64, 0x2e, 0x79, 0x20, 0x2a, 0x20, 0x28, 0x28, 0x61, 0x5f, 0x74, 0x65, // ersed.y * ((a_te
	0x78, 0x63, 0x6f, 0x6f, 0x72, 0x64, 0x30, 0x2e, 0x79, 0x20, 0x2a, 0x20, 0x75, 0x5f, 0x66, 0x55, // xcoord0.y * u_fU
	0x56, 0x5b, 0x67, 0x6c, 0x5f, 0x49, 0x6e, 0x73, 0x74, 0x61, 0x6e, 0x63, 0x65, 0x49, 0x44, 0x5d, // V[gl_InstanceID]
	0x2e, 0x77, 0x29, 0x20, 0x2b, 0x20, 0x75, 0x5f, 0x66, 0x55, 0x56, 0x5b, 0x67, 0x6c, 0x5f, 0x49, // .w) + u_fUV[gl_I
	0x6e, 0x73, 0x74, 0x61, 0x6e, 0x63, 0x65, 0x49, 0x44, 0x5d, 0x2e, 0x79, 0x29, 0x29, 0x3b, 0x0a, // nstanceID].y));.
	0x20, 0x20, 0x20, 0x20, 0x76, 0x5f, 0x74, 0x65, 0x78, 0x63, 0x6f, 0x6f, 0x72, 0x64, 0x30, 0x31, //     v_texcoord01
	0x2e, 0x7a, 0x20, 0x3d, 0x20, 0x28, 0x61, 0x5f, 0x74, 0x65, 0x78, 0x63, 0x6f, 0x6f, 0x72, 0x64, // .z = (a_texcoord
	0x31, 0x2e, 0x78, 0x20, 0x2a, 0x20, 0x75, 0x5f, 0x66, 0x55, 0x56, 0x5b, 0x67, 0x6c, 0x5f, 0x49, // 1.x * u_fUV[gl_I
	0x6e, 0x73, 0x74, 0x61, 0x6e, 0x63, 0x65, 0x49, 0x44, 0x5d, 0x2e, 0x7a, 0x29, 0x20, 0x2b, 0x20, // nstanceID].z) + 
	0x75, 0x5f, 0x66, 0x55, 0x56, 0x5b, 0x67, 0x6c, 0x5f, 0x49, 0x6e, 0x73, 0x74, 0x61, 0x6e, 0x63, // u_fUV[gl_Instanc
	0x65, 0x49, 0x44, 0x5d, 0x2e, 0x78, 0x3b, 0x0a, 0x20, 0x20, 0x20, 0x20, 0x76, 0x5f, 0x74, 0x65, // eID].x;.    v_te
	0x78, 0x63, 0x6f, 0x6f, 0x72, 0x64, 0x30, 0x31, 0x2e, 0x77, 0x20, 0x3d, 0x20, 0x75, 0x5f, 0x6d, // xcoord01.w = u_m
	0x55, 0x56, 0x49, 0x6e, 0x76, 0x65, 0x72, 0x73, 0x65, 0x64, 0x2e, 0x78, 0x20, 0x2b, 0x20, 0x28, // UVInversed.x + (
	0x75, 0x5f, 0x6d, 0x55, 0x56, 0x49, 0x6e, 0x76, 0x65, 0x72, 0x73, 0x65, 0x64, 0x2e, 0x79, 0x20, // u_mUVInversed.y 
	0x2a, 0x20, 0x28, 0x28, 0x61, 0x5f, 0x74, 0x65, 0x78, 0x63, 0x6f, 0x6f, 0x72, 0x64, 0x31, 0x2e, // * ((a_texcoord1.
	0x79, 0x20, 0x2a, 0x20, 0x75, 0x5f, 0x66, 0x55, 0x56, 0x5b, 0x67, 0x6c, 0x5f, 0x49, 0x6e, 0x73, // y * u_fUV[gl_Ins
	0x74, 0x61, 0x6e, 0x63, 0x65, 0x49, 0x44, 0x5d, 0x2e, 0x77, 0x29, 0x20, 0x2b, 0x20, 0x75, 0x5f, // tanceID].w) + u_
	0x66, 0x55, 0x56, 0x5b, 0x67, 0x6c, 0x5f, 0x49, 0x6e, 0x73, 0x74, 0x61, 0x6e, 0x63, 0x65, 0x49, // fUV[gl_InstanceI
	0x44, 0x5d, 0x2e, 0x79, 0x29, 0x29, 0x3b, 0x0a, 0x20, 0x20, 0x20, 0x20, 0x76, 0x5f, 0x77, 0x6f, // D].y));.    v_wo
	0x72, 0x6c, 0x64, 0x50, 0x6f, 0x73, 0x20, 0x3d, 0x20, 0x5f, 0x31, 0x38, 0x30, 0x3b, 0x0a, 0x20, // rldPos = _180;. 
	0x20, 0x20, 0x20, 0x76, 0x5f, 0x77, 0x6f, 0x72, 0x6c, 0x64, 0x4e, 0x6f, 0x72, 0x6d, 0x61, 0x6c, //    v_worldNormal
	0x20, 0x3d, 0x20, 0x76, 0x65, 0x63, 0x34, 0x28, 0x6e, 0x6f, 0x72, 0x6d, 0x61, 0x6c, 0x69, 0x7a, //  = vec4(normaliz
	0x65, 0x28, 0x28, 0x75, 0x5f, 0x6d, 0x4e, 0x6f, 0x72, 0x6d, 0x61, 0x6c, 0x5b, 0x67, 0x6c, 0x5f, // e((u_mNormal[gl_
	0x49, 0x6e, 0x73, 0x74, 0x61, 0x6e, 0x63, 0x65, 0x49, 0x44, 0x5d, 0x20, 0x2a, 0x20, 0x5f, 0x33, // InstanceID] * _3
	0x31, 0x37, 0x29, 0x2e, 0x78, 0x79, 0x7a, 0x29, 0x2c, 0x20, 0x30, 0x2e, 0x30, 0x29, 0x3b, 0x0a, // 17).xyz), 0.0);.
	0x20, 0x20, 0x20, 0x20, 0x76, 0x5f, 0x77, 0x6f, 0x72, 0x6c, 0x64, 0x54, 0x61, 0x6e, 0x67, 0x65, //     v_worldTange
	0x6e, 0x74, 0x20, 0x3d, 0x20, 0x76, 0x65, 0x63, 0x34, 0x28, 0x6e, 0x6f, 0x72, 0x6d, 0x61, 0x6c, // nt = vec4(normal
	0x69, 0x7a, 0x65, 0x28, 0x28, 0x75, 0x5f, 0x6d, 0x4e, 0x6f, 0x72, 0x6d, 0x61, 0x6c, 0x5b, 0x67, // ize((u_mNormal[g
	0x6c, 0x5f, 0x49, 0x6e, 0x73, 0x74, 0x61, 0x6e, 0x63, 0x65, 0x49, 0x44, 0x5d, 0x20, 0x2a, 0x20, // l_InstanceID] * 
	0x5f, 0x33, 0x31, 0x38, 0x29, 0x2e, 0x78, 0x79, 0x7a, 0x29, 0x2c, 0x20, 0x61, 0x5f, 0x74, 0x61, // _318).xyz), a_ta
	0x6e, 0x67, 0x65, 0x6e, 0x74, 0x2e, 0x77, 0x29, 0x3b, 0x0a, 0x20, 0x20, 0x20, 0x20, 0x76, 0x5f, // ngent.w);.    v_
	0x73, 0x68, 0x61, 0x64, 0x6f, 0x77, 0x43, 0x6f, 0x6f, 0x72, 0x64, 0x20, 0x3d, 0x20, 0x75, 0x5f, // shadowCoord = u_
	0x73, 0x68, 0x61, 0x64, 0x6f, 0x77, 0x4d, 0x61, 0x74, 0x72, 0x69, 0x78, 0x20, 0x2a, 0x20, 0x5f, // shadowMatrix * _
	0x31, 0x38, 0x30, 0x3b, 0x0a, 0x7d, 0x0a, 0x0a, 0x00,                                           // 180;.}...
};
static const uint8_t vs_model3d_spv[5956] =
{
	0x56, 0x53, 0x48, 0x0c, 0x00, 0x00, 0x00, 0x00, 0x24, 0x8e, 0x5c, 0xd3, 0x00, 0x00, 0x00, 0x00, // VSH.....$.......
	0x00, 0x00, 0x00, 0x00, 0x08, 0x00, 0x05, 0x75, 0x5f, 0x66, 0x55, 0x56, 0x02, 0x28, 0x40, 0x24, // .......u_fUV.(@$
	0x28, 0x00, 0x00, 0x00, 0x00, 0x00, 0x08, 0x75, 0x5f, 0x6a, 0x6f, 0x69, 0x6e, 0x74, 0x73, 0x04, // (......u_joints.
	0x40, 0x40, 0x14, 0x00, 0x01, 0x00, 0x00, 0x00, 0x00, 0x0d, 0x75, 0x5f, 0x6d, 0x4d, 0x6f, 0x64, // @@........u_mMod
	0x65, 0x6c, 0x5f, 0x49, 0x6e, 0x73, 0x74, 0x04, 0x28, 0x40, 0x00, 0xa0, 0x00, 0x00, 0x00, 0x00, // el_Inst.(@......
	0x00, 0x09, 0x75, 0x5f, 0x6d, 0x4e, 0x6f, 0x72, 0x6d, 0x61, 0x6c, 0x04, 0x28, 0x40, 0x0a, 0xa0, // ..u_mNormal.(@..
	0x00, 0x00, 0x00, 0x00, 0x00, 0x0d, 0x75, 0x5f, 0x6d, 0x43, 0x61, 0x6d, 0x65, 0x72, 0x61, 0x50, // ......u_mCameraP
	0x72, 0x6f, 0x6a, 0x04, 0x01, 0x00, 0x00, 0x04, 0x00, 0x00, 0x00, 0x00, 0x00, 0x0d, 0x75, 0x5f, // roj...........u_
	0x66, 0x4d, 0x6f, 0x64, 0x65, 0x6c, 0x43, 0x6f, 0x6c, 0x6f, 0x72, 0x02, 0x28, 0xc0, 0x26, 0x28, // fModelColor.(.&(
	0x00, 0x00, 0x00, 0x00, 0x00, 0x0d, 0x75, 0x5f, 0x6d, 0x55, 0x56, 0x49, 0x6e, 0x76, 0x65, 0x72, // ......u_mUVInver
	0x73, 0x65, 0x64, 0x02, 0x01, 0x40, 0x29, 0x01, 0x00, 0x00, 0x00, 0x00, 0x00, 0x0e, 0x75, 0x5f, // sed..@).......u_
	0x73, 0x68, 0x61, 0x64, 0x6f, 0x77, 0x4d, 0x61, 0x74, 0x72, 0x69, 0x78, 0x04, 0x01, 0x50, 0x29, // shadowMatrix..P)
	0x04, 0x00, 0x00, 0x00, 0x00, 0x00, 0x64, 0x16, 0x00, 0x00, 0x03, 0x02, 0x23, 0x07, 0x00, 0x00, // ......d.....#...
	0x01, 0x00, 0x0b, 0x00, 0x08, 0x00, 0xb2, 0x02, 0x00, 0x00, 0x00, 0x00, 0x00, 0x00, 0x11, 0x00, // ................
	0x02, 0x00, 0x01, 0x00, 0x00, 0x00, 0x0b, 0x00, 0x06, 0x00, 0x01, 0x00, 0x00, 0x00, 0x47, 0x4c, // ..............GL
	0x53, 0x4c, 0x2e, 0x73, 0x74, 0x64, 0x2e, 0x34, 0x35, 0x30, 0x00, 0x00, 0x00, 0x00, 0x0e, 0x00, // SL.std.450......
	0x03, 0x00, 0x00, 0x00, 0x00, 0x00, 0x01, 0x00, 0x00, 0x00, 0x0f, 0x00, 0x15, 0x00, 0x00, 0x00, // ................
	0x00, 0x00, 0x04, 0x00, 0x00, 0x00, 0x6d, 0x61, 0x69, 0x6e, 0x00, 0x00, 0x00, 0x00, 0x34, 0x01, // ......main....4.
	0x00, 0x00, 0x37, 0x01, 0x00, 0x00, 0x3b, 0x01, 0x00, 0x00, 0x3e, 0x01, 0x00, 0x00, 0x41, 0x01, // ..7...;...>...A.
	0x00, 0x00, 0x45, 0x01, 0x00, 0x00, 0x48, 0x01, 0x00, 0x00, 0x4b, 0x01, 0x00, 0x00, 0x4f, 0x01, // ..E...H...K...O.
	0x00, 0x00, 0x66, 0x01, 0x00, 0x00, 0x69, 0x01, 0x00, 0x00, 0x6c, 0x01, 0x00, 0x00, 0x6f, 0x01, // ..f...i...l...o.
	0x00, 0x00, 0x72, 0x01, 0x00, 0x00, 0x75, 0x01, 0x00, 0x00, 0x78, 0x01, 0x00, 0x00, 0x03, 0x00, // ..r...u...x.....
	0x03, 0x00, 0x05, 0x00, 0x00, 0x00, 0xf4, 0x01, 0x00, 0x00, 0x05, 0x00, 0x04, 0x00, 0x04, 0x00, // ................
	0x00, 0x00, 0x6d, 0x61, 0x69, 0x6e, 0x00, 0x00, 0x00, 0x00, 0x05, 0x00, 0x06, 0x00, 0x3f, 0x00, // ..main........?.
	0x00, 0x00, 0x55, 0x6e, 0x69, 0x66, 0x6f, 0x72, 0x6d, 0x42, 0x6c, 0x6f, 0x63, 0x6b, 0x00, 0x00, // ..UniformBlock..
	0x00, 0x00, 0x06, 0x00, 0x07, 0x00, 0x3f, 0x00, 0x00, 0x00, 0x00, 0x00, 0x00, 0x00, 0x75, 0x5f, // ......?.......u_
	0x6d, 0x43, 0x61, 0x6d, 0x65, 0x72, 0x61, 0x50, 0x72, 0x6f, 0x6a, 0x00, 0x00, 0x00, 0x06, 0x00, // mCameraProj.....
	0x07, 0x00, 0x3f, 0x00, 0x00, 0x00, 0x01, 0x00, 0x00, 0x00, 0x75, 0x5f, 0x6d, 0x4d, 0x6f, 0x64, // ..?.......u_mMod
	0x65, 0x6c, 0x5f, 0x49, 0x6e, 0x73, 0x74, 0x00, 0x00, 0x00, 0x06, 0x00, 0x06, 0x00, 0x3f, 0x00, // el_Inst.......?.
	0x00, 0x00, 0x02, 0x00, 0x00, 0x00, 0x75, 0x5f, 0x6d, 0x4e, 0x6f, 0x72, 0x6d, 0x61, 0x6c, 0x00, // ......u_mNormal.
	0x00, 0x00, 0x06, 0x00, 0x06, 0x00, 0x3f, 0x00, 0x00, 0x00, 0x03, 0x00, 0x00, 0x00, 0x75, 0x5f, // ......?.......u_
	0x6a, 0x6f, 0x69, 0x6e, 0x74, 0x73, 0x00, 0x00, 0x00, 0x00, 0x06, 0x00, 0x05, 0x00, 0x3f, 0x00, // joints........?.
	0x00, 0x00, 0x04, 0x00, 0x00, 0x00, 0x75, 0x5f, 0x66, 0x55, 0x56, 0x00, 0x00, 0x00, 0x06, 0x00, // ......u_fUV.....
	0x07, 0x00, 0x3f, 0x00, 0x00, 0x00, 0x05, 0x00, 0x00, 0x00, 0x75, 0x5f, 0x66, 0x4d, 0x6f, 0x64, // ..?.......u_fMod
	0x65, 0x6c, 0x43, 0x6f, 0x6c, 0x6f, 0x72, 0x00, 0x00, 0x00, 0x06, 0x00, 0x07, 0x00, 0x3f, 0x00, // elColor.......?.
	0x00, 0x00, 0x06, 0x00, 0x00, 0x00, 0x75, 0x5f, 0x6d, 0x55, 0x56, 0x49, 0x6e, 0x76, 0x65, 0x72, // ......u_mUVInver
	0x73, 0x65, 0x64, 0x00, 0x00, 0x00, 0x06, 0x00, 0x07, 0x00, 0x3f, 0x00, 0x00, 0x00, 0x07, 0x00, // sed.......?.....
	0x00, 0x00, 0x75, 0x5f, 0x73, 0x68, 0x61, 0x64, 0x6f, 0x77, 0x4d, 0x61, 0x74, 0x72, 0x69, 0x78, // ..u_shadowMatrix
	0x00, 0x00, 0x05, 0x00, 0x03, 0x00, 0x41, 0x00, 0x00, 0x00, 0x00, 0x00, 0x00, 0x00, 0x05, 0x00, // ......A.........
	0x05, 0x00, 0x34, 0x01, 0x00, 0x00, 0x61, 0x5f, 0x63, 0x6f, 0x6c, 0x6f, 0x72, 0x30, 0x00, 0x00, // ..4...a_color0..
	0x00, 0x00, 0x05, 0x00, 0x05, 0x00, 0x37, 0x01, 0x00, 0x00, 0x61, 0x5f, 0x69, 0x6e, 0x64, 0x69, // ......7...a_indi
	0x63, 0x65, 0x73, 0x00, 0x00, 0x00, 0x05, 0x00, 0x05, 0x00, 0x3b, 0x01, 0x00, 0x00, 0x61, 0x5f, // ces.......;...a_
	0x6e, 0x6f, 0x72, 0x6d, 0x61, 0x6c, 0x00, 0x00, 0x00, 0x00, 0x05, 0x00, 0x05, 0x00, 0x3e, 0x01, // normal........>.
	0x00, 0x00, 0x61, 0x5f, 0x70, 0x6f, 0x73, 0x69, 0x74, 0x69, 0x6f, 0x6e, 0x00, 0x00, 0x05, 0x00, // ..a_position....
	0x05, 0x00, 0x41, 0x01, 0x00, 0x00, 0x61, 0x5f, 0x74, 0x61, 0x6e, 0x67, 0x65, 0x6e, 0x74, 0x00, // ..A...a_tangent.
	0x00, 0x00, 0x05, 0x00, 0x05, 0x00, 0x45, 0x01, 0x00, 0x00, 0x61, 0x5f, 0x74, 0x65, 0x78, 0x63, // ......E...a_texc
	0x6f, 0x6f, 0x72, 0x64, 0x30, 0x00, 0x05, 0x00, 0x05, 0x00, 0x48, 0x01, 0x00, 0x00, 0x61, 0x5f, // oord0.....H...a_
	0x74, 0x65, 0x78, 0x63, 0x6f, 0x6f, 0x72, 0x64, 0x31, 0x00, 0x05, 0x00, 0x05, 0x00, 0x4b, 0x01, // texcoord1.....K.
	0x00, 0x00, 0x61, 0x5f, 0x77, 0x65, 0x69, 0x67, 0x68, 0x74, 0x00, 0x00, 0x00, 0x00, 0x05, 0x00, // ..a_weight......
	0x06, 0x00, 0x4f, 0x01, 0x00, 0x00, 0x67, 0x6c, 0x5f, 0x49, 0x6e, 0x73, 0x74, 0x61, 0x6e, 0x63, // ..O...gl_Instanc
	0x65, 0x49, 0x44, 0x00, 0x00, 0x00, 0x05, 0x00, 0x0a, 0x00, 0x66, 0x01, 0x00, 0x00, 0x40, 0x65, // eID.......f...@e
	0x6e, 0x74, 0x72, 0x79, 0x50, 0x6f, 0x69, 0x6e, 0x74, 0x4f, 0x75, 0x74, 0x70, 0x75, 0x74, 0x2e, // ntryPointOutput.
	0x67, 0x6c, 0x5f, 0x50, 0x6f, 0x73, 0x69, 0x74, 0x69, 0x6f, 0x6e, 0x00, 0x00, 0x00, 0x05, 0x00, // gl_Position.....
	0x09, 0x00, 0x69, 0x01, 0x00, 0x00, 0x40, 0x65, 0x6e, 0x74, 0x72, 0x79, 0x50, 0x6f, 0x69, 0x6e, // ..i...@entryPoin
	0x74, 0x4f, 0x75, 0x74, 0x70, 0x75, 0x74, 0x2e, 0x76, 0x5f, 0x63, 0x6f, 0x6c, 0x6f, 0x72, 0x30, // tOutput.v_color0
	0x00, 0x00, 0x05, 0x00, 0x0a, 0x00, 0x6c, 0x01, 0x00, 0x00, 0x40, 0x65, 0x6e, 0x74, 0x72, 0x79, // ......l...@entry
	0x50, 0x6f, 0x69, 0x6e, 0x74, 0x4f, 0x75, 0x74, 0x70, 0x75, 0x74, 0x2e, 0x76, 0x5f, 0x73, 0x68, // PointOutput.v_sh
	0x61, 0x64, 0x6f, 0x77, 0x43, 0x6f, 0x6f, 0x72, 0x64, 0x00, 0x05, 0x00, 0x0a, 0x00, 0x6f, 0x01, // adowCoord.....o.
	0x00, 0x00, 0x40, 0x65, 0x6e, 0x74, 0x72, 0x79, 0x50, 0x6f, 0x69, 0x6e, 0x74, 0x4f, 0x75, 0x74, // ..@entryPointOut
	0x70, 0x75, 0x74, 0x2e, 0x76, 0x5f, 0x74, 0x65, 0x78, 0x63, 0x6f, 0x6f, 0x72, 0x64, 0x30, 0x31, // put.v_texcoord01
	0x00, 0x00, 0x05, 0x00, 0x0a, 0x00, 0x72, 0x01, 0x00, 0x00, 0x40, 0x65, 0x6e, 0x74, 0x72, 0x79, // ......r...@entry
	0x50, 0x6f, 0x69, 0x6e, 0x74, 0x4f, 0x75, 0x74, 0x70, 0x75, 0x74, 0x2e, 0x76, 0x5f, 0x77, 0x6f, // PointOutput.v_wo
	0x72, 0x6c, 0x64, 0x4e, 0x6f, 0x72, 0x6d, 0x61, 0x6c, 0x00, 0x05, 0x00, 0x0a, 0x00, 0x75, 0x01, // rldNormal.....u.
	0x00, 0x00, 0x40, 0x65, 0x6e, 0x74, 0x72, 0x79, 0x50, 0x6f, 0x69, 0x6e, 0x74, 0x4f, 0x75, 0x74, // ..@entryPointOut
	0x70, 0x75, 0x74, 0x2e, 0x76, 0x5f, 0x77, 0x6f, 0x72, 0x6c, 0x64, 0x50, 0x6f, 0x73, 0x00, 0x00, // put.v_worldPos..
	0x00, 0x00, 0x05, 0x00, 0x0b, 0x00, 0x78, 0x01, 0x00, 0x00, 0x40, 0x65, 0x6e, 0x74, 0x72, 0x79, // ......x...@entry
	0x50, 0x6f, 0x69, 0x6e, 0x74, 0x4f, 0x75, 0x74, 0x70, 0x75, 0x74, 0x2e, 0x76, 0x5f, 0x77, 0x6f, // PointOutput.v_wo
	0x72, 0x6c, 0x64, 0x54, 0x61, 0x6e, 0x67, 0x65, 0x6e, 0x74, 0x00, 0x00, 0x00, 0x00, 0x47, 0x00, // rldTangent....G.
	0x04, 0x00, 0x39, 0x00, 0x00, 0x00, 0x06, 0x00, 0x00, 0x00, 0x40, 0x00, 0x00, 0x00, 0x47, 0x00, // ..9.......@...G.
	0x04, 0x00, 0x3a, 0x00, 0x00, 0x00, 0x06, 0x00, 0x00, 0x00, 0x40, 0x00, 0x00, 0x00, 0x47, 0x00, // ..:.......@...G.
	0x04, 0x00, 0x3c, 0x00, 0x00, 0x00, 0x06, 0x00, 0x00, 0x00, 0x40, 0x00, 0x00, 0x00, 0x47, 0x00, // ..<.......@...G.
	0x04, 0x00, 0x3d, 0x00, 0x00, 0x00, 0x06, 0x00, 0x00, 0x00, 0x10, 0x00, 0x00, 0x00, 0x47, 0x00, // ..=...........G.
	0x04, 0x00, 0x3e, 0x00, 0x00, 0x00, 0x06, 0x00, 0x00, 0x00, 0x10, 0x00, 0x00, 0x00, 0x47, 0x00, // ..>...........G.
	0x03, 0x00, 0x3f, 0x00, 0x00, 0x00, 0x02, 0x00, 0x00, 0x00, 0x48, 0x00, 0x04, 0x00, 0x3f, 0x00, // ..?.......H...?.
	0x00, 0x00, 0x00, 0x00, 0x00, 0x00, 0x04, 0x00, 0x00, 0x00, 0x48, 0x00, 0x05, 0x00, 0x3f, 0x00, // ..........H...?.
	0x00, 0x00, 0x00, 0x00, 0x00, 0x00, 0x07, 0x00, 0x00, 0x00, 0x10, 0x00, 0x00, 0x00, 0x48, 0x00, // ..............H.
	0x05, 0x00, 0x3f, 0x00, 0x00, 0x00, 0x00, 0x00, 0x00, 0x00, 0x23, 0x00, 0x00, 0x00, 0x00, 0x00, // ..?.......#.....
	0x00, 0x00, 0x48, 0x00, 0x04, 0x00, 0x3f, 0x00, 0x00, 0x00, 0x01, 0x00, 0x00, 0x00, 0x04, 0x00, // ..H...?.........
	0x00, 0x00, 0x48, 0x00, 0x05, 0x00, 0x3f, 0x00, 0x00, 0x00, 0x01, 0x00, 0x00, 0x00, 0x07, 0x00, // ..H...?.........
	0x00, 0x00, 0x10, 0x00, 0x00, 0x00, 0x48, 0x00, 0x05, 0x00, 0x3f, 0x00, 0x00, 0x00, 0x01, 0x00, // ......H...?.....
	0x00, 0x00, 0x23, 0x00, 0x00, 0x00, 0x40, 0x00, 0x00, 0x00, 0x48, 0x00, 0x04, 0x00, 0x3f, 0x00, // ..#...@...H...?.
	0x00, 0x00, 0x02, 0x00, 0x00, 0x00, 0x04, 0x00, 0x00, 0x00, 0x48, 0x00, 0x05, 0x00, 0x3f, 0x00, // ..........H...?.
	0x00, 0x00, 0x02, 0x00, 0x00, 0x00, 0x07, 0x00, 0x00, 0x00, 0x10, 0x00, 0x00, 0x00, 0x48, 0x00, // ..............H.
	0x05, 0x00, 0x3f, 0x00, 0x00, 0x00, 0x02, 0x00, 0x00, 0x00, 0x23, 0x00, 0x00, 0x00, 0x40, 0x0a, // ..?.......#...@.
	0x00, 0x00, 0x48, 0x00, 0x04, 0x00, 0x3f, 0x00, 0x00, 0x00, 0x03, 0x00, 0x00, 0x00, 0x04, 0x00, // ..H...?.........
	0x00, 0x00, 0x48, 0x00, 0x05, 0x00, 0x3f, 0x00, 0x00, 0x00, 0x03, 0x00, 0x00, 0x00, 0x07, 0x00, // ..H...?.........
	0x00, 0x00, 0x10, 0x00, 0x00, 0x00, 0x48, 0x00, 0x05, 0x00, 0x3f, 0x00, 0x00, 0x00, 0x03, 0x00, // ......H...?.....
	0x00, 0x00, 0x23, 0x00, 0x00, 0x00, 0x40, 0x14, 0x00, 0x00, 0x48, 0x00, 0x05, 0x00, 0x3f, 0x00, // ..#...@...H...?.
	0x00, 0x00, 0x04, 0x00, 0x00, 0x00, 0x23, 0x00, 0x00, 0x00, 0x40, 0x24, 0x00, 0x00, 0x48, 0x00, // ......#...@$..H.
	0x05, 0x00, 0x3f, 0x00, 0x00, 0x00, 0x05, 0x00, 0x00, 0x00, 0x23, 0x00, 0x00, 0x00, 0xc0, 0x26, // ..?.......#....&
	0x00, 0x00, 0x48, 0x00, 0x05, 0x00, 0x3f, 0x00, 0x00, 0x00, 0x06, 0x00, 0x00, 0x00, 0x23, 0x00, // ..H...?.......#.
	0x00, 0x00, 0x40, 0x29, 0x00, 0x00, 0x48, 0x00, 0x04, 0x00, 0x3f, 0x00, 0x00, 0x00, 0x07, 0x00, // ..@)..H...?.....
	0x00, 0x00, 0x04, 0x00, 0x00, 0x00, 0x48, 0x00, 0x05, 0x00, 0x3f, 0x00, 0x00, 0x00, 0x07, 0x00, // ......H...?.....
	0x00, 0x00, 0x07, 0x00, 0x00, 0x00, 0x10, 0x00, 0x00, 0x00, 0x48, 0x00, 0x05, 0x00, 0x3f, 0x00, // ..........H...?.
	0x00, 0x00, 0x07, 0x00, 0x00, 0x00, 0x23, 0x00, 0x00, 0x00, 0x50, 0x29, 0x00, 0x00, 0x47, 0x00, // ......#...P)..G.
	0x04, 0x00, 0x41, 0x00, 0x00, 0x00, 0x21, 0x00, 0x00, 0x00, 0x00, 0x00, 0x00, 0x00, 0x47, 0x00, // ..A...!.......G.
	0x04, 0x00, 0x41, 0x00, 0x00, 0x00, 0x22, 0x00, 0x00, 0x00, 0x00, 0x00, 0x00, 0x00, 0x47, 0x00, // ..A...".......G.
	0x04, 0x00, 0x34, 0x01, 0x00, 0x00, 0x1e, 0x00, 0x00, 0x00, 0x00, 0x00, 0x00, 0x00, 0x47, 0x00, // ..4...........G.
	0x04, 0x00, 0x37, 0x01, 0x00, 0x00, 0x1e, 0x00, 0x00, 0x00, 0x01, 0x00, 0x00, 0x00, 0x47, 0x00, // ..7...........G.
	0x04, 0x00, 0x3b, 0x01, 0x00, 0x00, 0x1e, 0x00, 0x00, 0x00, 0x02, 0x00, 0x00, 0x00, 0x47, 0x00, // ..;...........G.
	0x04, 0x00, 0x3e, 0x01, 0x00, 0x00, 0x1e, 0x00, 0x00, 0x00, 0x03, 0x00, 0x00, 0x00, 0x47, 0x00, // ..>...........G.
	0x04, 0x00, 0x41, 0x01, 0x00, 0x00, 0x1e, 0x00, 0x00, 0x00, 0x04, 0x00, 0x00, 0x00, 0x47, 0x00, // ..A...........G.
	0x04, 0x00, 0x45, 0x01, 0x00, 0x00, 0x1e, 0x00, 0x00, 0x00, 0x05, 0x00, 0x00, 0x00, 0x47, 0x00, // ..E...........G.
	0x04, 0x00, 0x48, 0x01, 0x00, 0x00, 0x1e, 0x00, 0x00, 0x00, 0x06, 0x00, 0x00, 0x00, 0x47, 0x00, // ..H...........G.
	0x04, 0x00, 0x4b, 0x01, 0x00, 0x00, 0x1e, 0x00, 0x00, 0x00, 0x07, 0x00, 0x00, 0x00, 0x47, 0x00, // ..K...........G.
	0x04, 0x00, 0x4f, 0x01, 0x00, 0x00, 0x0b, 0x00, 0x00, 0x00, 0x2b, 0x00, 0x00, 0x00, 0x47, 0x00, // ..O.......+...G.
	0x04, 0x00, 0x66, 0x01, 0x00, 0x00, 0x0b, 0x00, 0x00, 0x00, 0x00, 0x00, 0x00, 0x00, 0x47, 0x00, // ..f...........G.
	0x04, 0x00, 0x69, 0x01, 0x00, 0x00, 0x1e, 0x00, 0x00, 0x00, 0x00, 0x00, 0x00, 0x00, 0x47, 0x00, // ..i...........G.
	0x04, 0x00, 0x6c, 0x01, 0x00, 0x00, 0x1e, 0x00, 0x00, 0x00, 0x01, 0x00, 0x00, 0x00, 0x47, 0x00, // ..l...........G.
	0x04, 0x00, 0x6f, 0x01, 0x00, 0x00, 0x1e, 0x00, 0x00, 0x00, 0x02, 0x00, 0x00, 0x00, 0x47, 0x00, // ..o...........G.
	0x04, 0x00, 0x72, 0x01, 0x00, 0x00, 0x1e, 0x00, 0x00, 0x00, 0x03, 0x00, 0x00, 0x00, 0x47, 0x00, // ..r...........G.
	0x04, 0x00, 0x75, 0x01, 0x00, 0x00, 0x1e, 0x00, 0x00, 0x00, 0x04, 0x00, 0x00, 0x00, 0x47, 0x00, // ..u...........G.
	0x04, 0x00, 0x78, 0x01, 0x00, 0x00, 0x1e, 0x00, 0x00, 0x00, 0x05, 0x00, 0x00, 0x00, 0x13, 0x00, // ..x.............
	0x02, 0x00, 0x02, 0x00, 0x00, 0x00, 0x21, 0x00, 0x03, 0x00, 0x03, 0x00, 0x00, 0x00, 0x02, 0x00, // ......!.........
	0x00, 0x00, 0x16, 0x00, 0x03, 0x00, 0x06, 0x00, 0x00, 0x00, 0x20, 0x00, 0x00, 0x00, 0x17, 0x00, // .......... .....
	0x04, 0x00, 0x07, 0x00, 0x00, 0x00, 0x06, 0x00, 0x00, 0x00, 0x04, 0x00, 0x00, 0x00, 0x17, 0x00, // ................
	0x04, 0x00, 0x09, 0x00, 0x00, 0x00, 0x06, 0x00, 0x00, 0x00, 0x03, 0x00, 0x00, 0x00, 0x17, 0x00, // ................
	0x04, 0x00, 0x0b, 0x00, 0x00, 0x00, 0x06, 0x00, 0x00, 0x00, 0x02, 0x00, 0x00, 0x00, 0x15, 0x00, // ................
	0x04, 0x00, 0x0d, 0x00, 0x00, 0x00, 0x20, 0x00, 0x00, 0x00, 0x00, 0x00, 0x00, 0x00, 0x15, 0x00, // ...... .........
	0x04, 0x00, 0x1e, 0x00, 0x00, 0x00, 0x20, 0x00, 0x00, 0x00, 0x01, 0x00, 0x00, 0x00, 0x2b, 0x00, // ...... .......+.
	0x04, 0x00, 0x1e, 0x00, 0x00, 0x00, 0x1f, 0x00, 0x00, 0x00, 0x01, 0x00, 0x00, 0x00, 0x2b, 0x00, // ..............+.
	0x04, 0x00, 0x06, 0x00, 0x00, 0x00, 0x20, 0x00, 0x00, 0x00, 0x00, 0x00, 0x80, 0x3f, 0x2b, 0x00, // ...... ......?+.
	0x04, 0x00, 0x1e, 0x00, 0x00, 0x00, 0x23, 0x00, 0x00, 0x00, 0x02, 0x00, 0x00, 0x00, 0x2b, 0x00, // ......#.......+.
	0x04, 0x00, 0x06, 0x00, 0x00, 0x00, 0x24, 0x00, 0x00, 0x00, 0x00, 0x00, 0x00, 0x00, 0x2b, 0x00, // ......$.......+.
	0x04, 0x00, 0x1e, 0x00, 0x00, 0x00, 0x27, 0x00, 0x00, 0x00, 0x03, 0x00, 0x00, 0x00, 0x2b, 0x00, // ......'.......+.
	0x04, 0x00, 0x1e, 0x00, 0x00, 0x00, 0x2a, 0x00, 0x00, 0x00, 0x04, 0x00, 0x00, 0x00, 0x2b, 0x00, // ......*.......+.
	0x04, 0x00, 0x1e, 0x00, 0x00, 0x00, 0x2d, 0x00, 0x00, 0x00, 0x05, 0x00, 0x00, 0x00, 0x2b, 0x00, // ......-.......+.
	0x04, 0x00, 0x1e, 0x00, 0x00, 0x00, 0x2f, 0x00, 0x00, 0x00, 0x06, 0x00, 0x00, 0x00, 0x18, 0x00, // ....../.........
	0x04, 0x00, 0x37, 0x00, 0x00, 0x00, 0x07, 0x00, 0x00, 0x00, 0x04, 0x00, 0x00, 0x00, 0x2b, 0x00, // ..7...........+.
	0x04, 0x00, 0x0d, 0x00, 0x00, 0x00, 0x38, 0x00, 0x00, 0x00, 0x28, 0x00, 0x00, 0x00, 0x1c, 0x00, // ......8...(.....
	0x04, 0x00, 0x39, 0x00, 0x00, 0x00, 0x37, 0x00, 0x00, 0x00, 0x38, 0x00, 0x00, 0x00, 0x1c, 0x00, // ..9...7...8.....
	0x04, 0x00, 0x3a, 0x00, 0x00, 0x00, 0x37, 0x00, 0x00, 0x00, 0x38, 0x00, 0x00, 0x00, 0x2b, 0x00, // ..:...7...8...+.
	0x04, 0x00, 0x0d, 0x00, 0x00, 0x00, 0x3b, 0x00, 0x00, 0x00, 0x40, 0x00, 0x00, 0x00, 0x1c, 0x00, // ......;...@.....
	0x04, 0x00, 0x3c, 0x00, 0x00, 0x00, 0x37, 0x00, 0x00, 0x00, 0x3b, 0x00, 0x00, 0x00, 0x1c, 0x00, // ..<...7...;.....
	0x04, 0x00, 0x3d, 0x00, 0x00, 0x00, 0x07, 0x00, 0x00, 0x00, 0x38, 0x00, 0x00, 0x00, 0x1c, 0x00, // ..=.......8.....
	0x04, 0x00, 0x3e, 0x00, 0x00, 0x00, 0x07, 0x00, 0x00, 0x00, 0x38, 0x00, 0x00, 0x00, 0x1e, 0x00, // ..>.......8.....
	0x0a, 0x00, 0x3f, 0x00, 0x00, 0x00, 0x37, 0x00, 0x00, 0x00, 0x39, 0x00, 0x00, 0x00, 0x3a, 0x00, // ..?...7...9...:.
	0x00, 0x00, 0x3c, 0x00, 0x00, 0x00, 0x3d, 0x00, 0x00, 0x00, 0x3e, 0x00, 0x00, 0x00, 0x07, 0x00, // ..<...=...>.....
	0x00, 0x00, 0x37, 0x00, 0x00, 0x00, 0x20, 0x00, 0x04, 0x00, 0x40, 0x00, 0x00, 0x00, 0x02, 0x00, // ..7... ...@.....
	0x00, 0x00, 0x3f, 0x00, 0x00, 0x00, 0x3b, 0x00, 0x04, 0x00, 0x40, 0x00, 0x00, 0x00, 0x41, 0x00, // ..?...;...@...A.
	0x00, 0x00, 0x02, 0x00, 0x00, 0x00, 0x20, 0x00, 0x04, 0x00, 0x43, 0x00, 0x00, 0x00, 0x02, 0x00, // ...... ...C.....
	0x00, 0x00, 0x07, 0x00, 0x00, 0x00, 0x2b, 0x00, 0x04, 0x00, 0x0d, 0x00, 0x00, 0x00, 0x5b, 0x00, // ......+.......[.
	0x00, 0x00, 0x00, 0x00, 0x00, 0x00, 0x2b, 0x00, 0x04, 0x00, 0x0d, 0x00, 0x00, 0x00, 0x5e, 0x00, // ......+.......^.
	0x00, 0x00, 0x01, 0x00, 0x00, 0x00, 0x2b, 0x00, 0x04, 0x00, 0x0d, 0x00, 0x00, 0x00, 0x62, 0x00, // ......+.......b.
	0x00, 0x00, 0x02, 0x00, 0x00, 0x00, 0x2b, 0x00, 0x04, 0x00, 0x0d, 0x00, 0x00, 0x00, 0x66, 0x00, // ......+.......f.
	0x00, 0x00, 0x03, 0x00, 0x00, 0x00, 0x14, 0x00, 0x02, 0x00, 0x6b, 0x00, 0x00, 0x00, 0x20, 0x00, // ..........k... .
	0x04, 0x00, 0x74, 0x00, 0x00, 0x00, 0x02, 0x00, 0x00, 0x00, 0x37, 0x00, 0x00, 0x00, 0x2b, 0x00, // ..t.......7...+.
	0x04, 0x00, 0x1e, 0x00, 0x00, 0x00, 0xce, 0x00, 0x00, 0x00, 0x00, 0x00, 0x00, 0x00, 0x20, 0x00, // .............. .
	0x04, 0x00, 0xe2, 0x00, 0x00, 0x00, 0x02, 0x00, 0x00, 0x00, 0x06, 0x00, 0x00, 0x00, 0x2b, 0x00, // ..............+.
	0x04, 0x00, 0x1e, 0x00, 0x00, 0x00, 0x2a, 0x01, 0x00, 0x00, 0x07, 0x00, 0x00, 0x00, 0x20, 0x00, // ......*....... .
	0x04, 0x00, 0x33, 0x01, 0x00, 0x00, 0x01, 0x00, 0x00, 0x00, 0x07, 0x00, 0x00, 0x00, 0x3b, 0x00, // ..3...........;.
	0x04, 0x00, 0x33, 0x01, 0x00, 0x00, 0x34, 0x01, 0x00, 0x00, 0x01, 0x00, 0x00, 0x00, 0x3b, 0x00, // ..3...4.......;.
	0x04, 0x00, 0x33, 0x01, 0x00, 0x00, 0x37, 0x01, 0x00, 0x00, 0x01, 0x00, 0x00, 0x00, 0x20, 0x00, // ..3...7....... .
	0x04, 0x00, 0x3a, 0x01, 0x00, 0x00, 0x01, 0x00, 0x00, 0x00, 0x09, 0x00, 0x00, 0x00, 0x3b, 0x00, // ..:...........;.
	0x04, 0x00, 0x3a, 0x01, 0x00, 0x00, 0x3b, 0x01, 0x00, 0x00, 0x01, 0x00, 0x00, 0x00, 0x3b, 0x00, // ..:...;.......;.
	0x04, 0x00, 0x3a, 0x01, 0x00, 0x00, 0x3e, 0x01, 0x00, 0x00, 0x01, 0x00, 0x00, 0x00, 0x3b, 0x00, // ..:...>.......;.
	0x04, 0x00, 0x33, 0x01, 0x00, 0x00, 0x41, 0x01, 0x00, 0x00, 0x01, 0x00, 0x00, 0x00, 0x20, 0x00, // ..3...A....... .
	0x04, 0x00, 0x44, 0x01, 0x00, 0x00, 0x01, 0x00, 0x00, 0x00, 0x0b, 0x00, 0x00, 0x00, 0x3b, 0x00, // ..D...........;.
	0x04, 0x00, 0x44, 0x01, 0x00, 0x00, 0x45, 0x01, 0x00, 0x00, 0x01, 0x00, 0x00, 0x00, 0x3b, 0x00, // ..D...E.......;.
	0x04, 0x00, 0x44, 0x01, 0x00, 0x00, 0x48, 0x01, 0x00, 0x00, 0x01, 0x00, 0x00, 0x00, 0x3b, 0x00, // ..D...H.......;.
	0x04, 0x00, 0x33, 0x01, 0x00, 0x00, 0x4b, 0x01, 0x00, 0x00, 0x01, 0x00, 0x00, 0x00, 0x20, 0x00, // ..3...K....... .
	0x04, 0x00, 0x4e, 0x01, 0x00, 0x00, 0x01, 0x00, 0x00, 0x00, 0x0d, 0x00, 0x00, 0x00, 0x3b, 0x00, // ..N...........;.
	0x04, 0x00, 0x4e, 0x01, 0x00, 0x00, 0x4f, 0x01, 0x00, 0x00, 0x01, 0x00, 0x00, 0x00, 0x20, 0x00, // ..N...O....... .
	0x04, 0x00, 0x65, 0x01, 0x00, 0x00, 0x03, 0x00, 0x00, 0x00, 0x07, 0x00, 0x00, 0x00, 0x3b, 0x00, // ..e...........;.
	0x04, 0x00, 0x65, 0x01, 0x00, 0x00, 0x66, 0x01, 0x00, 0x00, 0x03, 0x00, 0x00, 0x00, 0x3b, 0x00, // ..e...f.......;.
	0x04, 0x00, 0x65, 0x01, 0x00, 0x00, 0x69, 0x01, 0x00, 0x00, 0x03, 0x00, 0x00, 0x00, 0x3b, 0x00, // ..e...i.......;.
	0x04, 0x00, 0x65, 0x01, 0x00, 0x00, 0x6c, 0x01, 0x00, 0x00, 0x03, 0x00, 0x00, 0x00, 0x3b, 0x00, // ..e...l.......;.
	0x04, 0x00, 0x65, 0x01, 0x00, 0x00, 0x6f, 0x01, 0x00, 0x00, 0x03, 0x00, 0x00, 0x00, 0x3b, 0x00, // ..e...o.......;.
	0x04, 0x00, 0x65, 0x01, 0x00, 0x00, 0x72, 0x01, 0x00, 0x00, 0x03, 0x00, 0x00, 0x00, 0x3b, 0x00, // ..e...r.......;.
	0x04, 0x00, 0x65, 0x01, 0x00, 0x00, 0x75, 0x01, 0x00, 0x00, 0x03, 0x00, 0x00, 0x00, 0x3b, 0x00, // ..e...u.......;.
	0x04, 0x00, 0x65, 0x01, 0x00, 0x00, 0x78, 0x01, 0x00, 0x00, 0x03, 0x00, 0x00, 0x00, 0x20, 0x00, // ..e...x....... .
	0x04, 0x00, 0x9f, 0x02, 0x00, 0x00, 0x01, 0x00, 0x00, 0x00, 0x06, 0x00, 0x00, 0x00, 0x36, 0x00, // ..............6.
	0x05, 0x00, 0x02, 0x00, 0x00, 0x00, 0x04, 0x00, 0x00, 0x00, 0x00, 0x00, 0x00, 0x00, 0x03, 0x00, // ................
	0x00, 0x00, 0xf8, 0x00, 0x02, 0x00, 0x05, 0x00, 0x00, 0x00, 0x3d, 0x00, 0x04, 0x00, 0x07, 0x00, // ..........=.....
	0x00, 0x00, 0x35, 0x01, 0x00, 0x00, 0x34, 0x01, 0x00, 0x00, 0x3d, 0x00, 0x04, 0x00, 0x09, 0x00, // ..5...4...=.....
	0x00, 0x00, 0x3c, 0x01, 0x00, 0x00, 0x3b, 0x01, 0x00, 0x00, 0x3d, 0x00, 0x04, 0x00, 0x09, 0x00, // ..<...;...=.....
	0x00, 0x00, 0x3f, 0x01, 0x00, 0x00, 0x3e, 0x01, 0x00, 0x00, 0x3d, 0x00, 0x04, 0x00, 0x07, 0x00, // ..?...>...=.....
	0x00, 0x00, 0x42, 0x01, 0x00, 0x00, 0x41, 0x01, 0x00, 0x00, 0x3d, 0x00, 0x04, 0x00, 0x0d, 0x00, // ..B...A...=.....
	0x00, 0x00, 0x50, 0x01, 0x00, 0x00, 0x4f, 0x01, 0x00, 0x00, 0x7c, 0x00, 0x04, 0x00, 0x1e, 0x00, // ..P...O...|.....
	0x00, 0x00, 0xa0, 0x01, 0x00, 0x00, 0x50, 0x01, 0x00, 0x00, 0x41, 0x00, 0x06, 0x00, 0x43, 0x00, // ......P...A...C.
	0x00, 0x00, 0xa2, 0x01, 0x00, 0x00, 0x41, 0x00, 0x00, 0x00, 0x2a, 0x00, 0x00, 0x00, 0xa0, 0x01, // ......A...*.....
	0x00, 0x00, 0x3d, 0x00, 0x04, 0x00, 0x07, 0x00, 0x00, 0x00, 0xa3, 0x01, 0x00, 0x00, 0xa2, 0x01, // ..=.............
	0x00, 0x00, 0x51, 0x00, 0x05, 0x00, 0x06, 0x00, 0x00, 0x00, 0xa5, 0x01, 0x00, 0x00, 0x3f, 0x01, // ..Q...........?.
	0x00, 0x00, 0x00, 0x00, 0x00, 0x00, 0x51, 0x00, 0x05, 0x00, 0x06, 0x00, 0x00, 0x00, 0xa6, 0x01, // ......Q.........
	0x00, 0x00, 0x3f, 0x01, 0x00, 0x00, 0x01, 0x00, 0x00, 0x00, 0x51, 0x00, 0x05, 0x00, 0x06, 0x00, // ..?.......Q.....
	0x00, 0x00, 0xa7, 0x01, 0x00, 0x00, 0x3f, 0x01, 0x00, 0x00, 0x02, 0x00, 0x00, 0x00, 0x50, 0x00, // ......?.......P.
	0x07, 0x00, 0x07, 0x00, 0x00, 0x00, 0xa8, 0x01, 0x00, 0x00, 0xa5, 0x01, 0x00, 0x00, 0xa6, 0x01, // ................
	0x00, 0x00, 0xa7, 0x01, 0x00, 0x00, 0x20, 0x00, 0x00, 0x00, 0x51, 0x00, 0x05, 0x00, 0x06, 0x00, // ...... ...Q.....
	0x00, 0x00, 0xaa, 0x01, 0x00, 0x00, 0x3c, 0x01, 0x00, 0x00, 0x00, 0x00, 0x00, 0x00, 0x51, 0x00, // ......<.......Q.
	0x05, 0x00, 0x06, 0x00, 0x00, 0x00, 0xab, 0x01, 0x00, 0x00, 0x3c, 0x01, 0x00, 0x00, 0x01, 0x00, // ..........<.....
	0x00, 0x00, 0x51, 0x00, 0x05, 0x00, 0x06, 0x00, 0x00, 0x00, 0xac, 0x01, 0x00, 0x00, 0x3c, 0x01, // ..Q...........<.
	0x00, 0x00, 0x02, 0x00, 0x00, 0x00, 0x50, 0x00, 0x07, 0x00, 0x07, 0x00, 0x00, 0x00, 0xad, 0x01, // ......P.........
	0x00, 0x00, 0xaa, 0x01, 0x00, 0x00, 0xab, 0x01, 0x00, 0x00, 0xac, 0x01, 0x00, 0x00, 0x24, 0x00, // ..............$.
	0x00, 0x00, 0x51, 0x00, 0x05, 0x00, 0x06, 0x00, 0x00, 0x00, 0xb0, 0x01, 0x00, 0x00, 0x42, 0x01, // ..Q...........B.
	0x00, 0x00, 0x00, 0x00, 0x00, 0x00, 0x51, 0x00, 0x05, 0x00, 0x06, 0x00, 0x00, 0x00, 0xb1, 0x01, // ......Q.........
	0x00, 0x00, 0x42, 0x01, 0x00, 0x00, 0x01, 0x00, 0x00, 0x00, 0x51, 0x00, 0x05, 0x00, 0x06, 0x00, // ..B.......Q.....
	0x00, 0x00, 0xb2, 0x01, 0x00, 0x00, 0x42, 0x01, 0x00, 0x00, 0x02, 0x00, 0x00, 0x00, 0x50, 0x00, // ......B.......P.
	0x07, 0x00, 0x07, 0x00, 0x00, 0x00, 0xb3, 0x01, 0x00, 0x00, 0xb0, 0x01, 0x00, 0x00, 0xb1, 0x01, // ................
	0x00, 0x00, 0xb2, 0x01, 0x00, 0x00, 0x24, 0x00, 0x00, 0x00, 0x41, 0x00, 0x05, 0x00, 0x9f, 0x02, // ......$...A.....
	0x00, 0x00, 0xb4, 0x01, 0x00, 0x00, 0x4b, 0x01, 0x00, 0x00, 0x5b, 0x00, 0x00, 0x00, 0x3d, 0x00, // ......K...[...=.
	0x04, 0x00, 0x06, 0x00, 0x00, 0x00, 0xb5, 0x01, 0x00, 0x00, 0xb4, 0x01, 0x00, 0x00, 0x41, 0x00, // ..............A.
	0x05, 0x00, 0x9f, 0x02, 0x00, 0x00, 0xb6, 0x01, 0x00, 0x00, 0x4b, 0x01, 0x00, 0x00, 0x5e, 0x00, // ..........K...^.
	0x00, 0x00, 0x3d, 0x00, 0x04, 0x00, 0x06, 0x00, 0x00, 0x00, 0xb7, 0x01, 0x00, 0x00, 0xb6, 0x01, // ..=.............
	0x00, 0x00, 0x81, 0x00, 0x05, 0x00, 0x06, 0x00, 0x00, 0x00, 0xb8, 0x01, 0x00, 0x00, 0xb5, 0x01, // ................
	0x00, 0x00, 0xb7, 0x01, 0x00, 0x00, 0x41, 0x00, 0x05, 0x00, 0x9f, 0x02, 0x00, 0x00, 0xb9, 0x01, // ......A.........
	0x00, 0x00, 0x4b, 0x01, 0x00, 0x00, 0x62, 0x00, 0x00, 0x00, 0x3d, 0x00, 0x04, 0x00, 0x06, 0x00, // ..K...b...=.....
	0x00, 0x00, 0xba, 0x01, 0x00, 0x00, 0xb9, 0x01, 0x00, 0x00, 0x81, 0x00, 0x05, 0x00, 0x06, 0x00, // ................
	0x00, 0x00, 0xbb, 0x01, 0x00, 0x00, 0xb8, 0x01, 0x00, 0x00, 0xba, 0x01, 0x00, 0x00, 0x41, 0x00, // ..............A.
	0x05, 0x00, 0x9f, 0x02, 0x00, 0x00, 0xbc, 0x01, 0x00, 0x00, 0x4b, 0x01, 0x00, 0x00, 0x66, 0x00, // ..........K...f.
	0x00, 0x00, 0x3d, 0x00, 0x04, 0x00, 0x06, 0x00, 0x00, 0x00, 0xbd, 0x01, 0x00, 0x00, 0xbc, 0x01, // ..=.............
	0x00, 0x00, 0x81, 0x00, 0x05, 0x00, 0x06, 0x00, 0x00, 0x00, 0xbe, 0x01, 0x00, 0x00, 0xbb, 0x01, // ................
	0x00, 0x00, 0xbd, 0x01, 0x00, 0x00, 0xba, 0x00, 0x05, 0x00, 0x6b, 0x00, 0x00, 0x00, 0xc0, 0x01, // ..........k.....
	0x00, 0x00, 0xbe, 0x01, 0x00, 0x00, 0x24, 0x00, 0x00, 0x00, 0xf7, 0x00, 0x03, 0x00, 0x12, 0x02, // ......$.........
	0x00, 0x00, 0x00, 0x00, 0x00, 0x00, 0xfa, 0x00, 0x04, 0x00, 0xc0, 0x01, 0x00, 0x00, 0xc1, 0x01, // ................
	0x00, 0x00, 0x12, 0x02, 0x00, 0x00, 0xf8, 0x00, 0x02, 0x00, 0xc1, 0x01, 0x00, 0x00, 0x41, 0x00, // ..............A.
	0x05, 0x00, 0x9f, 0x02, 0x00, 0x00, 0xc2, 0x01, 0x00, 0x00, 0x37, 0x01, 0x00, 0x00, 0x5b, 0x00, // ..........7...[.
	0x00, 0x00, 0x3d, 0x00, 0x04, 0x00, 0x06, 0x00, 0x00, 0x00, 0xc3, 0x01, 0x00, 0x00, 0xc2, 0x01, // ..=.............
	0x00, 0x00, 0x6e, 0x00, 0x04, 0x00, 0x1e, 0x00, 0x00, 0x00, 0xc4, 0x01, 0x00, 0x00, 0xc3, 0x01, // ..n.............
	0x00, 0x00, 0x41, 0x00, 0x06, 0x00, 0x74, 0x00, 0x00, 0x00, 0xc5, 0x01, 0x00, 0x00, 0x41, 0x00, // ..A...t.......A.
	0x00, 0x00, 0x27, 0x00, 0x00, 0x00, 0xc4, 0x01, 0x00, 0x00, 0x3d, 0x00, 0x04, 0x00, 0x37, 0x00, // ..'.......=...7.
	0x00, 0x00, 0xc6, 0x01, 0x00, 0x00, 0xc5, 0x01, 0x00, 0x00, 0x8f, 0x00, 0x05, 0x00, 0x37, 0x00, // ..............7.
	0x00, 0x00, 0xc9, 0x01, 0x00, 0x00, 0xc6, 0x01, 0x00, 0x00, 0xb5, 0x01, 0x00, 0x00, 0x41, 0x00, // ..............A.
	0x05, 0x00, 0x9f, 0x02, 0x00, 0x00, 0xca, 0x01, 0x00, 0x00, 0x37, 0x01, 0x00, 0x00, 0x5e, 0x00, // ..........7...^.
	0x00, 0x00, 0x3d, 0x00, 0x04, 0x00, 0x06, 0x00, 0x00, 0x00, 0xcb, 0x01, 0x00, 0x00, 0xca, 0x01, // ..=.............
	0x00, 0x00, 0x6e, 0x00, 0x04, 0x00, 0x1e, 0x00, 0x00, 0x00, 0xcc, 0x01, 0x00, 0x00, 0xcb, 0x01, // ..n.............
	0x00, 0x00, 0x41, 0x00, 0x06, 0x00, 0x74, 0x00, 0x00, 0x00, 0xcd, 0x01, 0x00, 0x00, 0x41, 0x00, // ..A...t.......A.
	0x00, 0x00, 0x27, 0x00, 0x00, 0x00, 0xcc, 0x01, 0x00, 0x00, 0x3d, 0x00, 0x04, 0x00, 0x37, 0x00, // ..'.......=...7.
	0x00, 0x00, 0xce, 0x01, 0x00, 0x00, 0xcd, 0x01, 0x00, 0x00, 0x8f, 0x00, 0x05, 0x00, 0x37, 0x00, // ..............7.
	0x00, 0x00, 0xd1, 0x01, 0x00, 0x00, 0xce, 0x01, 0x00, 0x00, 0xb7, 0x01, 0x00, 0x00, 0x51, 0x00, // ..............Q.
	0x05, 0x00, 0x07, 0x00, 0x00, 0x00, 0xd2, 0x01, 0x00, 0x00, 0xc9, 0x01, 0x00, 0x00, 0x00, 0x00, // ................
	0x00, 0x00, 0x51, 0x00, 0x05, 0x00, 0x07, 0x00, 0x00, 0x00, 0xd3, 0x01, 0x00, 0x00, 0xd1, 0x01, // ..Q.............
	0x00, 0x00, 0x00, 0x00, 0x00, 0x00, 0x81, 0x00, 0x05, 0x00, 0x07, 0x00, 0x00, 0x00, 0xd4, 0x01, // ................
	0x00, 0x00, 0xd2, 0x01, 0x00, 0x00, 0xd3, 0x01, 0x00, 0x00, 0x51, 0x00, 0x05, 0x00, 0x07, 0x00, // ..........Q.....
	0x00, 0x00, 0xd5, 0x01, 0x00, 0x00, 0xc9, 0x01, 0x00, 0x00, 0x01, 0x00, 0x00, 0x00, 0x51, 0x00, // ..............Q.
	0x05, 0x00, 0x07, 0x00, 0x00, 0x00, 0xd6, 0x01, 0x00, 0x00, 0xd1, 0x01, 0x00, 0x00, 0x01, 0x00, // ................
	0x00, 0x00, 0x81, 0x00, 0x05, 0x00, 0x07, 0x00, 0x00, 0x00, 0xd7, 0x01, 0x00, 0x00, 0xd5, 0x01, // ................
	0x00, 0x00, 0xd6, 0x01, 0x00, 0x00, 0x51, 0x00, 0x05, 0x00, 0x07, 0x00, 0x00, 0x00, 0xd8, 0x01, // ......Q.........
	0x00, 0x00, 0xc9, 0x01, 0x00, 0x00, 0x02, 0x00, 0x00, 0x00, 0x51, 0x00, 0x05, 0x00, 0x07, 0x00, // ..........Q.....
	0x00, 0x00, 0xd9, 0x01, 0x00, 0x00, 0xd1, 0x01, 0x00, 0x00, 0x02, 0x00, 0x00, 0x00, 0x81, 0x00, // ................
	0x05, 0x00, 0x07, 0x00, 0x00, 0x00, 0xda, 0x01, 0x00, 0x00, 0xd8, 0x01, 0x00, 0x00, 0xd9, 0x01, // ................
	0x00, 0x00, 0x51, 0x00, 0x05, 0x00, 0x07, 0x00, 0x00, 0x00, 0xdb, 0x01, 0x00, 0x00, 0xc9, 0x01, // ..Q.............
	0x00, 0x00, 0x03, 0x00, 0x00, 0x00, 0x51, 0x00, 0x05, 0x00, 0x07, 0x00, 0x00, 0x00, 0xdc, 0x01, // ......Q.........
	0x00, 0x00, 0xd1, 0x01, 0x00, 0x00, 0x03, 0x00, 0x00, 0x00, 0x81, 0x00, 0x05, 0x00, 0x07, 0x00, // ................
	0x00, 0x00, 0xdd, 0x01, 0x00, 0x00, 0xdb, 0x01, 0x00, 0x00, 0xdc, 0x01, 0x00, 0x00, 0x41, 0x00, // ..............A.
	0x05, 0x00, 0x9f, 0x02, 0x00, 0x00, 0xdf, 0x01, 0x00, 0x00, 0x37, 0x01, 0x00, 0x00, 0x62, 0x00, // ..........7...b.
	0x00, 0x00, 0x3d, 0x00, 0x04, 0x00, 0x06, 0x00, 0x00, 0x00, 0xe0, 0x01, 0x00, 0x00, 0xdf, 0x01, // ..=.............
	0x00, 0x00, 0x6e, 0x00, 0x04, 0x00, 0x1e, 0x00, 0x00, 0x00, 0xe1, 0x01, 0x00, 0x00, 0xe0, 0x01, // ..n.............
	0x00, 0x00, 0x41, 0x00, 0x06, 0x00, 0x74, 0x00, 0x00, 0x00, 0xe2, 0x01, 0x00, 0x00, 0x41, 0x00, // ..A...t.......A.
	0x00, 0x00, 0x27, 0x00, 0x00, 0x00, 0xe1, 0x01, 0x00, 0x00, 0x3d, 0x00, 0x04, 0x00, 0x37, 0x00, // ..'.......=...7.
	0x00, 0x00, 0xe3, 0x01, 0x00, 0x00, 0xe2, 0x01, 0x00, 0x00, 0x8f, 0x00, 0x05, 0x00, 0x37, 0x00, // ..............7.
	0x00, 0x00, 0xe6, 0x01, 0x00, 0x00, 0xe3, 0x01, 0x00, 0x00, 0xba, 0x01, 0x00, 0x00, 0x51, 0x00, // ..............Q.
	0x05, 0x00, 0x07, 0x00, 0x00, 0x00, 0xe8, 0x01, 0x00, 0x00, 0xe6, 0x01, 0x00, 0x00, 0x00, 0x00, // ................
	0x00, 0x00, 0x81, 0x00, 0x05, 0x00, 0x07, 0x00, 0x00, 0x00, 0xe9, 0x01, 0x00, 0x00, 0xd4, 0x01, // ................
	0x00, 0x00, 0xe8, 0x01, 0x00, 0x00, 0x51, 0x00, 0x05, 0x00, 0x07, 0x00, 0x00, 0x00, 0xeb, 0x01, // ......Q.........
	0x00, 0x00, 0xe6, 0x01, 0x00, 0x00, 0x01, 0x00, 0x00, 0x00, 0x81, 0x00, 0x05, 0x00, 0x07, 0x00, // ................
	0x00, 0x00, 0xec, 0x01, 0x00, 0x00, 0xd7, 0x01, 0x00, 0x00, 0xeb, 0x01, 0x00, 0x00, 0x51, 0x00, // ..............Q.
	0x05, 0x00, 0x07, 0x00, 0x00, 0x00, 0xee, 0x01, 0x00, 0x00, 0xe6, 0x01, 0x00, 0x00, 0x02, 0x00, // ................
	0x00, 0x00, 0x81, 0x00, 0x05, 0x00, 0x07, 0x00, 0x00, 0x00, 0xef, 0x01, 0x00, 0x00, 0xda, 0x01, // ................
	0x00, 0x00, 0xee, 0x01, 0x00, 0x00, 0x51, 0x00, 0x05, 0x00, 0x07, 0x00, 0x00, 0x00, 0xf1, 0x01, // ......Q.........
	0x00, 0x00, 0xe6, 0x01, 0x00, 0x00, 0x03, 0x00, 0x00, 0x00, 0x81, 0x00, 0x05, 0x00, 0x07, 0x00, // ................
	0x00, 0x00, 0xf2, 0x01, 0x00, 0x00, 0xdd, 0x01, 0x00, 0x00, 0xf1, 0x01, 0x00, 0x00, 0x41, 0x00, // ..............A.
	0x05, 0x00, 0x9f, 0x02, 0x00, 0x00, 0xf4, 0x01, 0x00, 0x00, 0x37, 0x01, 0x00, 0x00, 0x66, 0x00, // ..........7...f.
	0x00, 0x00, 0x3d, 0x00, 0x04, 0x00, 0x06, 0x00, 0x00, 0x00, 0xf5, 0x01, 0x00, 0x00, 0xf4, 0x01, // ..=.............
	0x00, 0x00, 0x6e, 0x00, 0x04, 0x00, 0x1e, 0x00, 0x00, 0x00, 0xf6, 0x01, 0x00, 0x00, 0xf5, 0x01, // ..n.............
	0x00, 0x00, 0x41, 0x00, 0x06, 0x00, 0x74, 0x00, 0x00, 0x00, 0xf7, 0x01, 0x00, 0x00, 0x41, 0x00, // ..A...t.......A.
	0x00, 0x00, 0x27, 0x00, 0x00, 0x00, 0xf6, 0x01, 0x00, 0x00, 0x3d, 0x00, 0x04, 0x00, 0x37, 0x00, // ..'.......=...7.
	0x00, 0x00, 0xf8, 0x01, 0x00, 0x00, 0xf7, 0x01, 0x00, 0x00, 0x8f, 0x00, 0x05, 0x00, 0x37, 0x00, // ..............7.
	0x00, 0x00, 0xfb, 0x01, 0x00, 0x00, 0xf8, 0x01, 0x00, 0x00, 0xbd, 0x01, 0x00, 0x00, 0x51, 0x00, // ..............Q.
	0x05, 0x00, 0x07, 0x00, 0x00, 0x00, 0xfd, 0x01, 0x00, 0x00, 0xfb, 0x01, 0x00, 0x00, 0x00, 0x00, // ................
	0x00, 0x00, 0x81, 0x00, 0x05, 0x00, 0x07, 0x00, 0x00, 0x00, 0xfe, 0x01, 0x00, 0x00, 0xe9, 0x01, // ................
	0x00, 0x00, 0xfd, 0x01, 0x00, 0x00, 0x51, 0x00, 0x05, 0x00, 0x07, 0x00, 0x00, 0x00, 0x00, 0x02, // ......Q.........
	0x00, 0x00, 0xfb, 0x01, 0x00, 0x00, 0x01, 0x00, 0x00, 0x00, 0x81, 0x00, 0x05, 0x00, 0x07, 0x00, // ................
	0x00, 0x00, 0x01, 0x02, 0x00, 0x00, 0xec, 0x01, 0x00, 0x00, 0x00, 0x02, 0x00, 0x00, 0x51, 0x00, // ..............Q.
	0x05, 0x00, 0x07, 0x00, 0x00, 0x00, 0x03, 0x02, 0x00, 0x00, 0xfb, 0x01, 0x00, 0x00, 0x02, 0x00, // ................
	0x00, 0x00, 0x81, 0x00, 0x05, 0x00, 0x07, 0x00, 0x00, 0x00, 0x04, 0x02, 0x00, 0x00, 0xef, 0x01, // ................
	0x00, 0x00, 0x03, 0x02, 0x00, 0x00, 0x51, 0x00, 0x05, 0x00, 0x07, 0x00, 0x00, 0x00, 0x06, 0x02, // ......Q.........
	0x00, 0x00, 0xfb, 0x01, 0x00, 0x00, 0x03, 0x00, 0x00, 0x00, 0x81, 0x00, 0x05, 0x00, 0x07, 0x00, // ................
	0x00, 0x00, 0x07, 0x02, 0x00, 0x00, 0xf2, 0x01, 0x00, 0x00, 0x06, 0x02, 0x00, 0x00, 0x50, 0x00, // ..............P.
	0x07, 0x00, 0x37, 0x00, 0x00, 0x00, 0x08, 0x02, 0x00, 0x00, 0xfe, 0x01, 0x00, 0x00, 0x01, 0x02, // ..7.............
	0x00, 0x00, 0x04, 0x02, 0x00, 0x00, 0x07, 0x02, 0x00, 0x00, 0x90, 0x00, 0x05, 0x00, 0x07, 0x00, // ................
	0x00, 0x00, 0x0b, 0x02, 0x00, 0x00, 0xa8, 0x01, 0x00, 0x00, 0x08, 0x02, 0x00, 0x00, 0x90, 0x00, // ................
	0x05, 0x00, 0x07, 0x00, 0x00, 0x00, 0x0e, 0x02, 0x00, 0x00, 0xad, 0x01, 0x00, 0x00, 0x08, 0x02, // ................
	0x00, 0x00, 0x90, 0x00, 0x05, 0x00, 0x07, 0x00, 0x00, 0x00, 0x11, 0x02, 0x00, 0x00, 0xb3, 0x01, // ................
	0x00, 0x00, 0x08, 0x02, 0x00, 0x00, 0xf9, 0x00, 0x02, 0x00, 0x12, 0x02, 0x00, 0x00, 0xf8, 0x00, // ................
	0x02, 0x00, 0x12, 0x02, 0x00, 0x00, 0xf5, 0x00, 0x07, 0x00, 0x07, 0x00, 0x00, 0x00, 0x9e, 0x02, // ................
	0x00, 0x00, 0xb3, 0x01, 0x00, 0x00, 0x05, 0x00, 0x00, 0x00, 0x11, 0x02, 0x00, 0x00, 0xc1, 0x01, // ................
	0x00, 0x00, 0xf5, 0x00, 0x07, 0x00, 0x07, 0x00, 0x00, 0x00, 0x9d, 0x02, 0x00, 0x00, 0xad, 0x01, // ................
	0x00, 0x00, 0x05, 0x00, 0x00, 0x00, 0x0e, 0x02, 0x00, 0x00, 0xc1, 0x01, 0x00, 0x00, 0xf5, 0x00, // ................
	0x07, 0x00, 0x07, 0x00, 0x00, 0x00, 0x9c, 0x02, 0x00, 0x00, 0xa8, 0x01, 0x00, 0x00, 0x05, 0x00, // ................
	0x00, 0x00, 0x0b, 0x02, 0x00, 0x00, 0xc1, 0x01, 0x00, 0x00, 0x41, 0x00, 0x06, 0x00, 0x74, 0x00, // ..........A...t.
	0x00, 0x00, 0x14, 0x02, 0x00, 0x00, 0x41, 0x00, 0x00, 0x00, 0x1f, 0x00, 0x00, 0x00, 0xa0, 0x01, // ......A.........
	0x00, 0x00, 0x3d, 0x00, 0x04, 0x00, 0x37, 0x00, 0x00, 0x00, 0x15, 0x02, 0x00, 0x00, 0x14, 0x02, // ..=...7.........
	0x00, 0x00, 0x41, 0x00, 0x06, 0x00, 0x74, 0x00, 0x00, 0x00, 0x17, 0x02, 0x00, 0x00, 0x41, 0x00, // ..A...t.......A.
	0x00, 0x00, 0x23, 0x00, 0x00, 0x00, 0xa0, 0x01, 0x00, 0x00, 0x3d, 0x00, 0x04, 0x00, 0x37, 0x00, // ..#.......=...7.
	0x00, 0x00, 0x18, 0x02, 0x00, 0x00, 0x17, 0x02, 0x00, 0x00, 0x90, 0x00, 0x05, 0x00, 0x07, 0x00, // ................
	0x00, 0x00, 0x1b, 0x02, 0x00, 0x00, 0x9c, 0x02, 0x00, 0x00, 0x15, 0x02, 0x00, 0x00, 0x41, 0x00, // ..............A.
	0x05, 0x00, 0x74, 0x00, 0x00, 0x00, 0x1d, 0x02, 0x00, 0x00, 0x41, 0x00, 0x00, 0x00, 0xce, 0x00, // ..t.......A.....
	0x00, 0x00, 0x3d, 0x00, 0x04, 0x00, 0x37, 0x00, 0x00, 0x00, 0x1e, 0x02, 0x00, 0x00, 0x1d, 0x02, // ..=...7.........
	0x00, 0x00, 0x90, 0x00, 0x05, 0x00, 0x07, 0x00, 0x00, 0x00, 0x1f, 0x02, 0x00, 0x00, 0x1b, 0x02, // ................
	0x00, 0x00, 0x1e, 0x02, 0x00, 0x00, 0x41, 0x00, 0x06, 0x00, 0x43, 0x00, 0x00, 0x00, 0x22, 0x02, // ......A...C...".
	0x00, 0x00, 0x41, 0x00, 0x00, 0x00, 0x2d, 0x00, 0x00, 0x00, 0xa0, 0x01, 0x00, 0x00, 0x3d, 0x00, // ..A...-.......=.
	0x04, 0x00, 0x07, 0x00, 0x00, 0x00, 0x23, 0x02, 0x00, 0x00, 0x22, 0x02, 0x00, 0x00, 0x85, 0x00, // ......#...".....
	0x05, 0x00, 0x07, 0x00, 0x00, 0x00, 0x25, 0x02, 0x00, 0x00, 0x23, 0x02, 0x00, 0x00, 0x35, 0x01, // ......%...#...5.
	0x00, 0x00, 0x41, 0x00, 0x05, 0x00, 0x9f, 0x02, 0x00, 0x00, 0x27, 0x02, 0x00, 0x00, 0x45, 0x01, // ..A.......'...E.
	0x00, 0x00, 0x5b, 0x00, 0x00, 0x00, 0x3d, 0x00, 0x04, 0x00, 0x06, 0x00, 0x00, 0x00, 0x28, 0x02, // ..[...=.......(.
	0x00, 0x00, 0x27, 0x02, 0x00, 0x00, 0x51, 0x00, 0x05, 0x00, 0x06, 0x00, 0x00, 0x00, 0x2a, 0x02, // ..'...Q.......*.
	0x00, 0x00, 0xa3, 0x01, 0x00, 0x00, 0x02, 0x00, 0x00, 0x00, 0x85, 0x00, 0x05, 0x00, 0x06, 0x00, // ................
	0x00, 0x00, 0x2b, 0x02, 0x00, 0x00, 0x28, 0x02, 0x00, 0x00, 0x2a, 0x02, 0x00, 0x00, 0x51, 0x00, // ..+...(...*...Q.
	0x05, 0x00, 0x06, 0x00, 0x00, 0x00, 0x2d, 0x02, 0x00, 0x00, 0xa3, 0x01, 0x00, 0x00, 0x00, 0x00, // ......-.........
	0x00, 0x00, 0x81, 0x00, 0x05, 0x00, 0x06, 0x00, 0x00, 0x00, 0x2e, 0x02, 0x00, 0x00, 0x2b, 0x02, // ..............+.
	0x00, 0x00, 0x2d, 0x02, 0x00, 0x00, 0x41, 0x00, 0x06, 0x00, 0xe2, 0x00, 0x00, 0x00, 0x2f, 0x02, // ..-...A......./.
	0x00, 0x00, 0x41, 0x00, 0x00, 0x00, 0x2f, 0x00, 0x00, 0x00, 0x5b, 0x00, 0x00, 0x00, 0x3d, 0x00, // ..A.../...[...=.
	0x04, 0x00, 0x06, 0x00, 0x00, 0x00, 0x30, 0x02, 0x00, 0x00, 0x2f, 0x02, 0x00, 0x00, 0x41, 0x00, // ......0.../...A.
	0x06, 0x00, 0xe2, 0x00, 0x00, 0x00, 0x31, 0x02, 0x00, 0x00, 0x41, 0x00, 0x00, 0x00, 0x2f, 0x00, // ......1...A.../.
	0x00, 0x00, 0x5e, 0x00, 0x00, 0x00, 0x3d, 0x00, 0x04, 0x00, 0x06, 0x00, 0x00, 0x00, 0x32, 0x02, // ..^...=.......2.
	0x00, 0x00, 0x31, 0x02, 0x00, 0x00, 0x41, 0x00, 0x05, 0x00, 0x9f, 0x02, 0x00, 0x00, 0x33, 0x02, // ..1...A.......3.
	0x00, 0x00, 0x45, 0x01, 0x00, 0x00, 0x5e, 0x00, 0x00, 0x00, 0x3d, 0x00, 0x04, 0x00, 0x06, 0x00, // ..E...^...=.....
	0x00, 0x00, 0x34, 0x02, 0x00, 0x00, 0x33, 0x02, 0x00, 0x00, 0x51, 0x00, 0x05, 0x00, 0x06, 0x00, // ..4...3...Q.....
	0x00, 0x00, 0x36, 0x02, 0x00, 0x00, 0xa3, 0x01, 0x00, 0x00, 0x03, 0x00, 0x00, 0x00, 0x85, 0x00, // ..6.............
	0x05, 0x00, 0x06, 0x00, 0x00, 0x00, 0x37, 0x02, 0x00, 0x00, 0x34, 0x02, 0x00, 0x00, 0x36, 0x02, // ......7...4...6.
	0x00, 0x00, 0x51, 0x00, 0x05, 0x00, 0x06, 0x00, 0x00, 0x00, 0x39, 0x02, 0x00, 0x00, 0xa3, 0x01, // ..Q.......9.....
	0x00, 0x00, 0x01, 0x00, 0x00, 0x00, 0x81, 0x00, 0x05, 0x00, 0x06, 0x00, 0x00, 0x00, 0x3a, 0x02, // ..............:.
	0x00, 0x00, 0x37, 0x02, 0x00, 0x00, 0x39, 0x02, 0x00, 0x00, 0x85, 0x00, 0x05, 0x00, 0x06, 0x00, // ..7...9.........
	0x00, 0x00, 0x3b, 0x02, 0x00, 0x00, 0x32, 0x02, 0x00, 0x00, 0x3a, 0x02, 0x00, 0x00, 0x81, 0x00, // ..;...2...:.....
	0x05, 0x00, 0x06, 0x00, 0x00, 0x00, 0x3c, 0x02, 0x00, 0x00, 0x30, 0x02, 0x00, 0x00, 0x3b, 0x02, // ......<...0...;.
	0x00, 0x00, 0x41, 0x00, 0x05, 0x00, 0x9f, 0x02, 0x00, 0x00, 0x42, 0x02, 0x00, 0x00, 0x48, 0x01, // ..A.......B...H.
	0x00, 0x00, 0x5b, 0x00, 0x00, 0x00, 0x3d, 0x00, 0x04, 0x00, 0x06, 0x00, 0x00, 0x00, 0x43, 0x02, // ..[...=.......C.
	0x00, 0x00, 0x42, 0x02, 0x00, 0x00, 0x85, 0x00, 0x05, 0x00, 0x06, 0x00, 0x00, 0x00, 0x46, 0x02, // ..B...........F.
	0x00, 0x00, 0x43, 0x02, 0x00, 0x00, 0x2a, 0x02, 0x00, 0x00, 0x81, 0x00, 0x05, 0x00, 0x06, 0x00, // ..C...*.........
	0x00, 0x00, 0x49, 0x02, 0x00, 0x00, 0x46, 0x02, 0x00, 0x00, 0x2d, 0x02, 0x00, 0x00, 0x41, 0x00, // ..I...F...-...A.
	0x05, 0x00, 0x9f, 0x02, 0x00, 0x00, 0x4e, 0x02, 0x00, 0x00, 0x48, 0x01, 0x00, 0x00, 0x5e, 0x00, // ......N...H...^.
	0x00, 0x00, 0x3d, 0x00, 0x04, 0x00, 0x06, 0x00, 0x00, 0x00, 0x4f, 0x02, 0x00, 0x00, 0x4e, 0x02, // ..=.......O...N.
	0x00, 0x00, 0x85, 0x00, 0x05, 0x00, 0x06, 0x00, 0x00, 0x00, 0x52, 0x02, 0x00, 0x00, 0x4f, 0x02, // ..........R...O.
	0x00, 0x00, 0x36, 0x02, 0x00, 0x00, 0x81, 0x00, 0x05, 0x00, 0x06, 0x00, 0x00, 0x00, 0x55, 0x02, // ..6...........U.
	0x00, 0x00, 0x52, 0x02, 0x00, 0x00, 0x39, 0x02, 0x00, 0x00, 0x85, 0x00, 0x05, 0x00, 0x06, 0x00, // ..R...9.........
	0x00, 0x00, 0x56, 0x02, 0x00, 0x00, 0x32, 0x02, 0x00, 0x00, 0x55, 0x02, 0x00, 0x00, 0x81, 0x00, // ..V...2...U.....
	0x05, 0x00, 0x06, 0x00, 0x00, 0x00, 0x57, 0x02, 0x00, 0x00, 0x30, 0x02, 0x00, 0x00, 0x56, 0x02, // ......W...0...V.
	0x00, 0x00, 0x50, 0x00, 0x07, 0x00, 0x07, 0x00, 0x00, 0x00, 0xb1, 0x02, 0x00, 0x00, 0x2e, 0x02, // ..P.............
	0x00, 0x00, 0x3c, 0x02, 0x00, 0x00, 0x49, 0x02, 0x00, 0x00, 0x57, 0x02, 0x00, 0x00, 0x90, 0x00, // ..<...I...W.....
	0x05, 0x00, 0x07, 0x00, 0x00, 0x00, 0x61, 0x02, 0x00, 0x00, 0x9d, 0x02, 0x00, 0x00, 0x18, 0x02, // ......a.........
	0x00, 0x00, 0x4f, 0x00, 0x08, 0x00, 0x09, 0x00, 0x00, 0x00, 0x62, 0x02, 0x00, 0x00, 0x61, 0x02, // ..O.......b...a.
	0x00, 0x00, 0x61, 0x02, 0x00, 0x00, 0x00, 0x00, 0x00, 0x00, 0x01, 0x00, 0x00, 0x00, 0x02, 0x00, // ..a.............
	0x00, 0x00, 0x0c, 0x00, 0x06, 0x00, 0x09, 0x00, 0x00, 0x00, 0x63, 0x02, 0x00, 0x00, 0x01, 0x00, // ..........c.....
	0x00, 0x00, 0x45, 0x00, 0x00, 0x00, 0x62, 0x02, 0x00, 0x00, 0x51, 0x00, 0x05, 0x00, 0x06, 0x00, // ..E...b...Q.....
	0x00, 0x00, 0x64, 0x02, 0x00, 0x00, 0x63, 0x02, 0x00, 0x00, 0x00, 0x00, 0x00, 0x00, 0x51, 0x00, // ..d...c.......Q.
	0x05, 0x00, 0x06, 0x00, 0x00, 0x00, 0x65, 0x02, 0x00, 0x00, 0x63, 0x02, 0x00, 0x00, 0x01, 0x00, // ......e...c.....
	0x00, 0x00, 0x51, 0x00, 0x05, 0x00, 0x06, 0x00, 0x00, 0x00, 0x66, 0x02, 0x00, 0x00, 0x63, 0x02, // ..Q.......f...c.
	0x00, 0x00, 0x02, 0x00, 0x00, 0x00, 0x50, 0x00, 0x07, 0x00, 0x07, 0x00, 0x00, 0x00, 0x67, 0x02, // ......P.......g.
	0x00, 0x00, 0x64, 0x02, 0x00, 0x00, 0x65, 0x02, 0x00, 0x00, 0x66, 0x02, 0x00, 0x00, 0x24, 0x00, // ..d...e...f...$.
	0x00, 0x00, 0x90, 0x00, 0x05, 0x00, 0x07, 0x00, 0x00, 0x00, 0x6b, 0x02, 0x00, 0x00, 0x9e, 0x02, // ..........k.....
	0x00, 0x00, 0x18, 0x02, 0x00, 0x00, 0x4f, 0x00, 0x08, 0x00, 0x09, 0x00, 0x00, 0x00, 0x6c, 0x02, // ......O.......l.
	0x00, 0x00, 0x6b, 0x02, 0x00, 0x00, 0x6b, 0x02, 0x00, 0x00, 0x00, 0x00, 0x00, 0x00, 0x01, 0x00, // ..k...k.........
	0x00, 0x00, 0x02, 0x00, 0x00, 0x00, 0x0c, 0x00, 0x06, 0x00, 0x09, 0x00, 0x00, 0x00, 0x6d, 0x02, // ..............m.
	0x00, 0x00, 0x01, 0x00, 0x00, 0x00, 0x45, 0x00, 0x00, 0x00, 0x6c, 0x02, 0x00, 0x00, 0x41, 0x00, // ......E...l...A.
	0x05, 0x00, 0x9f, 0x02, 0x00, 0x00, 0x6e, 0x02, 0x00, 0x00, 0x41, 0x01, 0x00, 0x00, 0x66, 0x00, // ......n...A...f.
	0x00, 0x00, 0x3d, 0x00, 0x04, 0x00, 0x06, 0x00, 0x00, 0x00, 0x6f, 0x02, 0x00, 0x00, 0x6e, 0x02, // ..=.......o...n.
	0x00, 0x00, 0x51, 0x00, 0x05, 0x00, 0x06, 0x00, 0x00, 0x00, 0x70, 0x02, 0x00, 0x00, 0x6d, 0x02, // ..Q.......p...m.
	0x00, 0x00, 0x00, 0x00, 0x00, 0x00, 0x51, 0x00, 0x05, 0x00, 0x06, 0x00, 0x00, 0x00, 0x71, 0x02, // ......Q.......q.
	0x00, 0x00, 0x6d, 0x02, 0x00, 0x00, 0x01, 0x00, 0x00, 0x00, 0x51, 0x00, 0x05, 0x00, 0x06, 0x00, // ..m.......Q.....
	0x00, 0x00, 0x72, 0x02, 0x00, 0x00, 0x6d, 0x02, 0x00, 0x00, 0x02, 0x00, 0x00, 0x00, 0x50, 0x00, // ..r...m.......P.
	0x07, 0x00, 0x07, 0x00, 0x00, 0x00, 0x73, 0x02, 0x00, 0x00, 0x70, 0x02, 0x00, 0x00, 0x71, 0x02, // ......s...p...q.
	0x00, 0x00, 0x72, 0x02, 0x00, 0x00, 0x6f, 0x02, 0x00, 0x00, 0x41, 0x00, 0x05, 0x00, 0x74, 0x00, // ..r...o...A...t.
	0x00, 0x00, 0x76, 0x02, 0x00, 0x00, 0x41, 0x00, 0x00, 0x00, 0x2a, 0x01, 0x00, 0x00, 0x3d, 0x00, // ..v...A...*...=.
	0x04, 0x00, 0x37, 0x00, 0x00, 0x00, 0x77, 0x02, 0x00, 0x00, 0x76, 0x02, 0x00, 0x00, 0x90, 0x00, // ..7...w...v.....
	0x05, 0x00, 0x07, 0x00, 0x00, 0x00, 0x78, 0x02, 0x00, 0x00, 0x1b, 0x02, 0x00, 0x00, 0x77, 0x02, // ......x.......w.
	0x00, 0x00, 0x3e, 0x00, 0x03, 0x00, 0x66, 0x01, 0x00, 0x00, 0x1f, 0x02, 0x00, 0x00, 0x3e, 0x00, // ..>...f.......>.
	0x03, 0x00, 0x69, 0x01, 0x00, 0x00, 0x25, 0x02, 0x00, 0x00, 0x3e, 0x00, 0x03, 0x00, 0x6c, 0x01, // ..i...%...>...l.
	0x00, 0x00, 0x78, 0x02, 0x00, 0x00, 0x3e, 0x00, 0x03, 0x00, 0x6f, 0x01, 0x00, 0x00, 0xb1, 0x02, // ..x...>...o.....
	0x00, 0x00, 0x3e, 0x00, 0x03, 0x00, 0x72, 0x01, 0x00, 0x00, 0x67, 0x02, 0x00, 0x00, 0x3e, 0x00, // ..>...r...g...>.
	0x03, 0x00, 0x75, 0x01, 0x00, 0x00, 0x1b, 0x02, 0x00, 0x00, 0x3e, 0x00, 0x03, 0x00, 0x78, 0x01, // ..u.......>...x.
	0x00, 0x00, 0x73, 0x02, 0x00, 0x00, 0xfd, 0x00, 0x01, 0x00, 0x38, 0x00, 0x01, 0x00, 0x00, 0x09, // ..s.......8.....
	0x05, 0x00, 0x0e, 0x00, 0x02, 0x00, 0x01, 0x00, 0x03, 0x00, 0x10, 0x00, 0x11, 0x00, 0x0f, 0x00, // ................
	0xff, 0xff, 0x90, 0x29,                                                                         // ...)
};
static const uint8_t vs_model3d_mtl[4208] =
{
	0x56, 0x53, 0x48, 0x0c, 0x00, 0x00, 0x00, 0x00, 0x24, 0x8e, 0x5c, 0xd3, 0x00, 0x00, 0x00, 0x00, // VSH.....$.......
	0x00, 0x00, 0x00, 0x00, 0x08, 0x00, 0x05, 0x75, 0x5f, 0x66, 0x55, 0x56, 0x02, 0x28, 0x40, 0x24, // .......u_fUV.(@$
	0x28, 0x00, 0x00, 0x00, 0x00, 0x00, 0x08, 0x75, 0x5f, 0x6a, 0x6f, 0x69, 0x6e, 0x74, 0x73, 0x04, // (......u_joints.
	0x40, 0x40, 0x14, 0x00, 0x01, 0x00, 0x00, 0x00, 0x00, 0x0d, 0x75, 0x5f, 0x6d, 0x4d, 0x6f, 0x64, // @@........u_mMod
	0x65, 0x6c, 0x5f, 0x49, 0x6e, 0x73, 0x74, 0x04, 0x28, 0x40, 0x00, 0xa0, 0x00, 0x00, 0x00, 0x00, // el_Inst.(@......
	0x00, 0x09, 0x75, 0x5f, 0x6d, 0x4e, 0x6f, 0x72, 0x6d, 0x61, 0x6c, 0x04, 0x28, 0x40, 0x0a, 0xa0, // ..u_mNormal.(@..
	0x00, 0x00, 0x00, 0x00, 0x00, 0x0d, 0x75, 0x5f, 0x6d, 0x43, 0x61, 0x6d, 0x65, 0x72, 0x61, 0x50, // ......u_mCameraP
	0x72, 0x6f, 0x6a, 0x04, 0x01, 0x00, 0x00, 0x04, 0x00, 0x00, 0x00, 0x00, 0x00, 0x0d, 0x75, 0x5f, // roj...........u_
	0x66, 0x4d, 0x6f, 0x64, 0x65, 0x6c, 0x43, 0x6f, 0x6c, 0x6f, 0x72, 0x02, 0x28, 0xc0, 0x26, 0x28, // fModelColor.(.&(
	0x00, 0x00, 0x00, 0x00, 0x00, 0x0d, 0x75, 0x5f, 0x6d, 0x55, 0x56, 0x49, 0x6e, 0x76, 0x65, 0x72, // ......u_mUVInver
	0x73, 0x65, 0x64, 0x02, 0x01, 0x40, 0x29, 0x01, 0x00, 0x00, 0x00, 0x00, 0x00, 0x0e, 0x75, 0x5f, // sed..@).......u_
	0x73, 0x68, 0x61, 0x64, 0x6f, 0x77, 0x4d, 0x61, 0x74, 0x72, 0x69, 0x78, 0x04, 0x01, 0x50, 0x29, // shadowMatrix..P)
	0x04, 0x00, 0x00, 0x00, 0x00, 0x00, 0x90, 0x0f, 0x00, 0x00, 0x23, 0x69, 0x6e, 0x63, 0x6c, 0x75, // ..........#inclu
	0x64, 0x65, 0x20, 0x3c, 0x6d, 0x65, 0x74, 0x61, 0x6c, 0x5f, 0x73, 0x74, 0x64, 0x6c, 0x69, 0x62, // de <metal_stdlib
	0x3e, 0x0a, 0x23, 0x69, 0x6e, 0x63, 0x6c, 0x75, 0x64, 0x65, 0x20, 0x3c, 0x73, 0x69, 0x6d, 0x64, // >.#include <simd
	0x2f, 0x73, 0x69, 0x6d, 0x64, 0x2e, 0x68, 0x3e, 0x0a, 0x0a, 0x75, 0x73, 0x69, 0x6e, 0x67, 0x20, // /simd.h>..using 
	0x6e, 0x61, 0x6d, 0x65, 0x73, 0x70, 0x61, 0x63, 0x65, 0x20, 0x6d, 0x65, 0x74, 0x61, 0x6c, 0x3b, // namespace metal;
	0x0a, 0x0a, 0x73, 0x74, 0x72, 0x75, 0x63, 0x74, 0x20, 0x5f, 0x47, 0x6c, 0x6f, 0x62, 0x61, 0x6c, // ..struct _Global
	0x0a, 0x7b, 0x0a, 0x20, 0x20, 0x20, 0x20, 0x66, 0x6c, 0x6f, 0x61, 0x74, 0x34, 0x78, 0x34, 0x20, // .{.    float4x4 
	0x75, 0x5f, 0x6d, 0x43, 0x61, 0x6d, 0x65, 0x72, 0x61, 0x50, 0x72, 0x6f, 0x6a, 0x3b, 0x0a, 0x20, // u_mCameraProj;. 
	0x20, 0x20, 0x20, 0x66, 0x6c, 0x6f, 0x61, 0x74, 0x34, 0x78, 0x34, 0x20, 0x75, 0x5f, 0x6d, 0x4d, //    float4x4 u_mM
	0x6f, 0x64, 0x65, 0x6c, 0x5f, 0x49, 0x6e, 0x73, 0x74, 0x5b, 0x34, 0x30, 0x5d, 0x3b, 0x0a, 0x20, // odel_Inst[40];. 
	0x20, 0x20, 0x20, 0x66, 0x6c, 0x6f, 0x61, 0x74, 0x34, 0x78, 0x34, 0x20, 0x75, 0x5f, 0x6d, 0x4e, //    float4x4 u_mN
	0x6f, 0x72, 0x6d, 0x61, 0x6c, 0x5b, 0x34, 0x30, 0x5d, 0x3b, 0x0a, 0x20, 0x20, 0x20, 0x20, 0x66, // ormal[40];.    f
	0x6c, 0x6f, 0x61, 0x74, 0x34, 0x78, 0x34, 0x20, 0x75, 0x5f, 0x6a, 0x6f, 0x69, 0x6e, 0x74, 0x73, // loat4x4 u_joints
	0x5b, 0x36, 0x34, 0x5d, 0x3b, 0x0a, 0x20, 0x20, 0x20, 0x20, 0x66, 0x6c, 0x6f, 0x61, 0x74, 0x34, // [64];.    float4
	0x20, 0x75, 0x5f, 0x66, 0x55, 0x56, 0x5b, 0x34, 0x30, 0x5d, 0x3b, 0x0a, 0x20, 0x20, 0x20, 0x20, //  u_fUV[40];.    
	0x66, 0x6c, 0x6f, 0x61, 0x74, 0x34, 0x20, 0x75, 0x5f, 0x66, 0x4d, 0x6f, 0x64, 0x65, 0x6c, 0x43, // float4 u_fModelC
	0x6f, 0x6c, 0x6f, 0x72, 0x5b, 0x34, 0x30, 0x5d, 0x3b, 0x0a, 0x20, 0x20, 0x20, 0x20, 0x66, 0x6c, // olor[40];.    fl
	0x6f, 0x61, 0x74, 0x34, 0x20, 0x75, 0x5f, 0x6d, 0x55, 0x56, 0x49, 0x6e, 0x76, 0x65, 0x72, 0x73, // oat4 u_mUVInvers
	0x65, 0x64, 0x3b, 0x0a, 0x20, 0x20, 0x20, 0x20, 0x66, 0x6c, 0x6f, 0x61, 0x74, 0x34, 0x78, 0x34, // ed;.    float4x4
	0x20, 0x75, 0x5f, 0x73, 0x68, 0x61, 0x64, 0x6f, 0x77, 0x4d, 0x61, 0x74, 0x72, 0x69, 0x78, 0x3b, //  u_shadowMatrix;
	0x0a, 0x7d, 0x3b, 0x0a, 0x0a, 0x73, 0x74, 0x72, 0x75, 0x63, 0x74, 0x20, 0x78, 0x6c, 0x61, 0x74, // .};..struct xlat
	0x4d, 0x74, 0x6c, 0x4d, 0x61, 0x69, 0x6e, 0x5f, 0x6f, 0x75, 0x74, 0x0a, 0x7b, 0x0a, 0x20, 0x20, // MtlMain_out.{.  
	0x20, 0x20, 0x66, 0x6c, 0x6f, 0x61, 0x74, 0x34, 0x20, 0x5f, 0x65, 0x6e, 0x74, 0x72, 0x79, 0x50, //   float4 _entryP
	0x6f, 0x69, 0x6e, 0x74, 0x4f, 0x75, 0x74, 0x70, 0x75, 0x74, 0x5f, 0x76, 0x5f, 0x63, 0x6f, 0x6c, // ointOutput_v_col
	0x6f, 0x72, 0x30, 0x20, 0x5b, 0x5b, 0x75, 0x73, 0x65, 0x72, 0x28, 0x6c, 0x6f, 0x63, 0x6e, 0x30, // or0 [[user(locn0
	0x29, 0x5d, 0x5d, 0x3b, 0x0a, 0x20, 0x20, 0x20, 0x20, 0x66, 0x6c, 0x6f, 0x61, 0x74, 0x34, 0x20, // )]];.    float4 
	0x5f, 0x65, 0x6e, 0x74, 0x72, 0x79, 0x50, 0x6f, 0x69, 0x6e, 0x74, 0x4f, 0x75, 0x74, 0x70, 0x75, // _entryPointOutpu
	0x74, 0x5f, 0x76, 0x5f, 0x73, 0x68, 0x61, 0x64, 0x6f, 0x77, 0x43, 0x6f, 0x6f, 0x72, 0x64, 0x20, // t_v_shadowCoord 
	0x5b, 0x5b, 0x75, 0x73, 0x65, 0x72, 0x28, 0x6c, 0x6f, 0x63, 0x6e, 0x31, 0x29, 0x5d, 0x5d, 0x3b, // [[user(locn1)]];
	0x0a, 0x20, 0x20, 0x20, 0x20, 0x66, 0x6c, 0x6f, 0x61, 0x74, 0x34, 0x20, 0x5f, 0x65, 0x6e, 0x74, // .    float4 _ent
	0x72, 0x79, 0x50, 0x6f, 0x69, 0x6e, 0x74, 0x4f, 0x75, 0x74, 0x70, 0x75, 0x74, 0x5f, 0x76, 0x5f, // ryPointOutput_v_
	0x74, 0x65, 0x78, 0x63, 0x6f, 0x6f, 0x72, 0x64, 0x30, 0x31, 0x20, 0x5b, 0x5b, 0x75, 0x73, 0x65, // texcoord01 [[use
	0x72, 0x28, 0x6c, 0x6f, 0x63, 0x6e, 0x32, 0x29, 0x5d, 0x5d, 0x3b, 0x0a, 0x20, 0x20, 0x20, 0x20, // r(locn2)]];.    
	0x66, 0x6c, 0x6f, 0x61, 0x74, 0x34, 0x20, 0x5f, 0x65, 0x6e, 0x74, 0x72, 0x79, 0x50, 0x6f, 0x69, // float4 _entryPoi
	0x6e, 0x74, 0x4f, 0x75, 0x74, 0x70, 0x75, 0x74, 0x5f, 0x76, 0x5f, 0x77, 0x6f, 0x72, 0x6c, 0x64, // ntOutput_v_world
	0x4e, 0x6f, 0x72, 0x6d, 0x61, 0x6c, 0x20, 0x5b, 0x5b, 0x75, 0x73, 0x65, 0x72, 0x28, 0x6c, 0x6f, // Normal [[user(lo
	0x63, 0x6e, 0x33, 0x29, 0x5d, 0x5d, 0x3b, 0x0a, 0x20, 0x20, 0x20, 0x20, 0x66, 0x6c, 0x6f, 0x61, // cn3)]];.    floa
	0x74, 0x34, 0x20, 0x5f, 0x65, 0x6e, 0x74, 0x72, 0x79, 0x50, 0x6f, 0x69, 0x6e, 0x74, 0x4f, 0x75, // t4 _entryPointOu
	0x74, 0x70, 0x75, 0x74, 0x5f, 0x76, 0x5f, 0x77, 0x6f, 0x72, 0x6c, 0x64, 0x50, 0x6f, 0x73, 0x20, // tput_v_worldPos 
	0x5b, 0x5b, 0x75, 0x73, 0x65, 0x72, 0x28, 0x6c, 0x6f, 0x63, 0x6e, 0x34, 0x29, 0x5d, 0x5d, 0x3b, // [[user(locn4)]];
	0x0a, 0x20, 0x20, 0x20, 0x20, 0x66, 0x6c, 0x6f, 0x61, 0x74, 0x34, 0x20, 0x5f, 0x65, 0x6e, 0x74, // .    float4 _ent
	0x72, 0x79, 0x50, 0x6f, 0x69, 0x6e, 0x74, 0x4f, 0x75, 0x74, 0x70, 0x75, 0x74, 0x5f, 0x76, 0x5f, // ryPointOutput_v_
	0x77, 0x6f, 0x72, 0x6c, 0x64, 0x54, 0x61, 0x6e, 0x67, 0x65, 0x6e, 0x74, 0x20, 0x5b, 0x5b, 0x75, // worldTangent [[u
	0x73, 0x65, 0x72, 0x28, 0x6c, 0x6f, 0x63, 0x6e, 0x35, 0x29, 0x5d, 0x5d, 0x3b, 0x0a, 0x20, 0x20, // ser(locn5)]];.  
	0x20, 0x20, 0x66, 0x6c, 0x6f, 0x61, 0x74, 0x34, 0x20, 0x67, 0x6c, 0x5f, 0x50, 0x6f, 0x73, 0x69, //   float4 gl_Posi
	0x74, 0x69, 0x6f, 0x6e, 0x20, 0x5b, 0x5b, 0x70, 0x6f, 0x73, 0x69, 0x74, 0x69, 0x6f, 0x6e, 0x5d, // tion [[position]
	0x5d, 0x3b, 0x0a, 0x7d, 0x3b, 0x0a, 0x0a, 0x73, 0x74, 0x72, 0x75, 0x63, 0x74, 0x20, 0x78, 0x6c, // ];.};..struct xl
	0x61, 0x74, 0x4d, 0x74, 0x6c, 0x4d, 0x61, 0x69, 0x6e, 0x5f, 0x69, 0x6e, 0x0a, 0x7b, 0x0a, 0x20, // atMtlMain_in.{. 
	0x20, 0x20, 0x20, 0x66, 0x6c, 0x6f, 0x61, 0x74, 0x34, 0x20, 0x61, 0x5f, 0x63, 0x6f, 0x6c, 0x6f, //    float4 a_colo
	0x72, 0x30, 0x20, 0x5b, 0x5b, 0x61, 0x74, 0x74, 0x72, 0x69, 0x62, 0x75, 0x74, 0x65, 0x28, 0x30, // r0 [[attribute(0
	0x29, 0x5d, 0x5d, 0x3b, 0x0a, 0x20, 0x20, 0x20, 0x20, 0x66, 0x6c, 0x6f, 0x61, 0x74, 0x34, 0x20, // )]];.    float4 
	0x61, 0x5f, 0x69, 0x6e, 0x64, 0x69, 0x63, 0x65, 0x73, 0x20, 0x5b, 0x5b, 0x61, 0x74, 0x74, 0x72, // a_indices [[attr
	0x69, 0x62, 0x75, 0x74, 0x65, 0x28, 0x31, 0x29, 0x5d, 0x5d, 0x3b, 0x0a, 0x20, 0x20, 0x20, 0x20, // ibute(1)]];.    
	0x66, 0x6c, 0x6f, 0x61, 0x74, 0x33, 0x20, 0x61, 0x5f, 0x6e, 0x6f, 0x72, 0x6d, 0x61, 0x6c, 0x20, // float3 a_normal 
	0x5b, 0x5b, 0x61, 0x74, 0x74, 0x72, 0x69, 0x62, 0x75, 0x74, 0x65, 0x28, 0x32, 0x29, 0x5d, 0x5d, // [[attribute(2)]]
	0x3b, 0x0a, 0x20, 0x20, 0x20, 0x20, 0x66, 0x6c, 0x6f, 0x61, 0x74, 0x33, 0x20, 0x61, 0x5f, 0x70, // ;.    float3 a_p
	0x6f, 0x73, 0x69, 0x74, 0x69, 0x6f, 0x6e, 0x20, 0x5b, 0x5b, 0x61, 0x74, 0x74, 0x72, 0x69, 0x62, // osition [[attrib
	0x75, 0x74, 0x65, 0x28, 0x33, 0x29, 0x5d, 0x5d, 0x3b, 0x0a, 0x20, 0x20, 0x20, 0x20, 0x66, 0x6c, // ute(3)]];.    fl
	0x6f, 0x61, 0x74, 0x34, 0x20, 0x61, 0x5f, 0x74, 0x61, 0x6e, 0x67, 0x65, 0x6e, 0x74, 0x20, 0x5b, // oat4 a_tangent [
	0x5b, 0x61, 0x74, 0x74, 0x72, 0x69, 0x62, 0x75, 0x74, 0x65, 0x28, 0x34, 0x29, 0x5d, 0x5d, 0x3b, // [attribute(4)]];
	0x0a, 0x20, 0x20, 0x20, 0x20, 0x66, 0x6c, 0x6f, 0x61, 0x74, 0x32, 0x20, 0x61, 0x5f, 0x74, 0x65, // .    float2 a_te
	0x78, 0x63, 0x6f, 0x6f, 0x72, 0x64, 0x30, 0x20, 0x5b, 0x5b, 0x61, 0x74, 0x74, 0x72, 0x69, 0x62, // xcoord0 [[attrib
	0x75, 0x74, 0x65, 0x28, 0x35, 0x29, 0x5d, 0x5d, 0x3b, 0x0a, 0x20, 0x20, 0x20, 0x20, 0x66, 0x6c, // ute(5)]];.    fl
	0x6f, 0x61, 0x74, 0x32, 0x20, 0x61, 0x5f, 0x74, 0x65, 0x78, 0x63, 0x6f, 0x6f, 0x72, 0x64, 0x31, // oat2 a_texcoord1
	0x20, 0x5b, 0x5b, 0x61, 0x74, 0x74, 0x72, 0x69, 0x62, 0x75, 0x74, 0x65, 0x28, 0x36, 0x29, 0x5d, //  [[attribute(6)]
	0x5d, 0x3b, 0x0a, 0x20, 0x20, 0x20, 0x20, 0x66, 0x6c, 0x6f, 0x61, 0x74, 0x34, 0x20, 0x61, 0x5f, // ];.    float4 a_
	0x77, 0x65, 0x69, 0x67, 0x68, 0x74, 0x20, 0x5b, 0x5b, 0x61, 0x74, 0x74, 0x72, 0x69, 0x62, 0x75, // weight [[attribu
	0x74, 0x65, 0x28, 0x37, 0x29, 0x5d, 0x5d, 0x3b, 0x0a, 0x7d, 0x3b, 0x0a, 0x0a, 0x76, 0x65, 0x72, // te(7)]];.};..ver
	0x74, 0x65, 0x78, 0x20, 0x78, 0x6c, 0x61, 0x74, 0x4d, 0x74, 0x6c, 0x4d, 0x61, 0x69, 0x6e, 0x5f, // tex xlatMtlMain_
	0x6f, 0x75, 0x74, 0x20, 0x78, 0x6c, 0x61, 0x74, 0x4d, 0x74, 0x6c, 0x4d, 0x61, 0x69, 0x6e, 0x28, // out xlatMtlMain(
	0x78, 0x6c, 0x61, 0x74, 0x4d, 0x74, 0x6c, 0x4d, 0x61, 0x69, 0x6e, 0x5f, 0x69, 0x6e, 0x20, 0x69, // xlatMtlMain_in i
	0x6e, 0x20, 0x5b, 0x5b, 0x73, 0x74, 0x61, 0x67, 0x65, 0x5f, 0x69, 0x6e, 0x5d, 0x5d, 0x2c, 0x20, // n [[stage_in]], 
	0x63, 0x6f, 0x6e, 0x73, 0x74, 0x61, 0x6e, 0x74, 0x20, 0x5f, 0x47, 0x6c, 0x6f, 0x62, 0x61, 0x6c, // constant _Global
	0x26, 0x20, 0x5f, 0x6d, 0x74, 0x6c, 0x5f, 0x75, 0x20, 0x5b, 0x5b, 0x62, 0x75, 0x66, 0x66, 0x65, // & _mtl_u [[buffe
	0x72, 0x28, 0x30, 0x29, 0x5d, 0x5d, 0x2c, 0x20, 0x75, 0x69, 0x6e, 0x74, 0x20, 0x67, 0x6c, 0x5f, // r(0)]], uint gl_
	0x49, 0x6e, 0x73, 0x74, 0x61, 0x6e, 0x63, 0x65, 0x49, 0x6e, 0x64, 0x65, 0x78, 0x20, 0x5b, 0x5b, // InstanceIndex [[
	0x69, 0x6e, 0x73, 0x74, 0x61, 0x6e, 0x63, 0x65, 0x5f, 0x69, 0x64, 0x5d, 0x5d, 0x29, 0x0a, 0x7b, // instance_id]]).{
	0x0a, 0x20, 0x20, 0x20, 0x20, 0x78, 0x6c, 0x61, 0x74, 0x4d, 0x74, 0x6c, 0x4d, 0x61, 0x69, 0x6e, // .    xlatMtlMain
	0x5f, 0x6f, 0x75, 0x74, 0x20, 0x6f, 0x75, 0x74, 0x20, 0x3d, 0x20, 0x7b, 0x7d, 0x3b, 0x0a, 0x20, // _out out = {};. 
	0x20, 0x20, 0x20, 0x69, 0x6e, 0x74, 0x20, 0x5f, 0x34, 0x31, 0x36, 0x20, 0x3d, 0x20, 0x69, 0x6e, //    int _416 = in
	0x74, 0x28, 0x67, 0x6c, 0x5f, 0x49, 0x6e, 0x73, 0x74, 0x61, 0x6e, 0x63, 0x65, 0x49, 0x6e, 0x64, // t(gl_InstanceInd
	0x65, 0x78, 0x29, 0x3b, 0x0a, 0x20, 0x20, 0x20, 0x20, 0x66, 0x6c, 0x6f, 0x61, 0x74, 0x34, 0x20, // ex);.    float4 
	0x5f, 0x34, 0x32, 0x34, 0x20, 0x3d, 0x20, 0x66, 0x6c, 0x6f, 0x61, 0x74, 0x34, 0x28, 0x69, 0x6e, // _424 = float4(in
	0x2e, 0x61, 0x5f, 0x70, 0x6f, 0x73, 0x69, 0x74, 0x69, 0x6f, 0x6e, 0x2c, 0x20, 0x31, 0x2e, 0x30, // .a_position, 1.0
	0x29, 0x3b, 0x0a, 0x20, 0x20, 0x20, 0x20, 0x66, 0x6c, 0x6f, 0x61, 0x74, 0x34, 0x20, 0x5f, 0x34, // );.    float4 _4
	0x32, 0x39, 0x20, 0x3d, 0x20, 0x66, 0x6c, 0x6f, 0x61, 0x74, 0x34, 0x28, 0x69, 0x6e, 0x2e, 0x61, // 29 = float4(in.a
	0x5f, 0x6e, 0x6f, 0x72, 0x6d, 0x61, 0x6c, 0x2c, 0x20, 0x30, 0x2e, 0x30, 0x29, 0x3b, 0x0a, 0x20, // _normal, 0.0);. 
	0x20, 0x20, 0x20, 0x66, 0x6c, 0x6f, 0x61, 0x74, 0x34, 0x20, 0x5f, 0x34, 0x33, 0x35, 0x20, 0x3d, //    float4 _435 =
	0x20, 0x66, 0x6c, 0x6f, 0x61, 0x74, 0x34, 0x28, 0x69, 0x6e, 0x2e, 0x61, 0x5f, 0x74, 0x61, 0x6e, //  float4(in.a_tan
	0x67, 0x65, 0x6e, 0x74, 0x2e, 0x78, 0x79, 0x7a, 0x2c, 0x20, 0x30, 0x2e, 0x30, 0x29, 0x3b, 0x0a, // gent.xyz, 0.0);.
	0x20, 0x20, 0x20, 0x20, 0x66, 0x6c, 0x6f, 0x61, 0x74, 0x34, 0x20, 0x5f, 0x36, 0x36, 0x38, 0x3b, //     float4 _668;
	0x0a, 0x20, 0x20, 0x20, 0x20, 0x66, 0x6c, 0x6f, 0x61, 0x74, 0x34, 0x20, 0x5f, 0x36, 0x36, 0x39, // .    float4 _669
	0x3b, 0x0a, 0x20, 0x20, 0x20, 0x20, 0x66, 0x6c, 0x6f, 0x61, 0x74, 0x34, 0x20, 0x5f, 0x36, 0x37, // ;.    float4 _67
	0x30, 0x3b, 0x0a, 0x20, 0x20, 0x20, 0x20, 0x69, 0x66, 0x20, 0x28, 0x28, 0x28, 0x28, 0x69, 0x6e, // 0;.    if ((((in
	0x2e, 0x61, 0x5f, 0x77, 0x65, 0x69, 0x67, 0x68, 0x74, 0x2e, 0x78, 0x20, 0x2b, 0x20, 0x69, 0x6e, // .a_weight.x + in
	0x2e, 0x61, 0x5f, 0x77, 0x65, 0x69, 0x67, 0x68, 0x74, 0x2e, 0x79, 0x29, 0x20, 0x2b, 0x20, 0x69, // .a_weight.y) + i
	0x6e, 0x2e, 0x61, 0x5f, 0x77, 0x65, 0x69, 0x67, 0x68, 0x74, 0x2e, 0x7a, 0x29, 0x20, 0x2b, 0x20, // n.a_weight.z) + 
	0x69, 0x6e, 0x2e, 0x61, 0x5f, 0x77, 0x65, 0x69, 0x67, 0x68, 0x74, 0x2e, 0x77, 0x29, 0x20, 0x3e, // in.a_weight.w) >
	0x20, 0x30, 0x2e, 0x30, 0x29, 0x0a, 0x20, 0x20, 0x20, 0x20, 0x7b, 0x0a, 0x20, 0x20, 0x20, 0x20, //  0.0).    {.    
	0x20, 0x20, 0x20, 0x20, 0x66, 0x6c, 0x6f, 0x61, 0x74, 0x34, 0x78, 0x34, 0x20, 0x5f, 0x34, 0x35, //     float4x4 _45
	0x37, 0x20, 0x3d, 0x20, 0x5f, 0x6d, 0x74, 0x6c, 0x5f, 0x75, 0x2e, 0x75, 0x5f, 0x6a, 0x6f, 0x69, // 7 = _mtl_u.u_joi
	0x6e, 0x74, 0x73, 0x5b, 0x69, 0x6e, 0x74, 0x28, 0x69, 0x6e, 0x2e, 0x61, 0x5f, 0x69, 0x6e, 0x64, // nts[int(in.a_ind
	0x69, 0x63, 0x65, 0x73, 0x2e, 0x78, 0x29, 0x5d, 0x20, 0x2a, 0x20, 0x69, 0x6e, 0x2e, 0x61, 0x5f, // ices.x)] * in.a_
	0x77, 0x65, 0x69, 0x67, 0x68, 0x74, 0x2e, 0x78, 0x3b, 0x0a, 0x20, 0x20, 0x20, 0x20, 0x20, 0x20, // weight.x;.      
	0x20, 0x20, 0x66, 0x6c, 0x6f, 0x61, 0x74, 0x34, 0x78, 0x34, 0x20, 0x5f, 0x34, 0x36, 0x35, 0x20, //   float4x4 _465 
	0x3d, 0x20, 0x5f, 0x6d, 0x74, 0x6c, 0x5f, 0x75, 0x2e, 0x75, 0x5f, 0x6a, 0x6f, 0x69, 0x6e, 0x74, // = _mtl_u.u_joint
	0x73, 0x5b, 0x69, 0x6e, 0x74, 0x28, 0x69, 0x6e, 0x2e, 0x61, 0x5f, 0x69, 0x6e, 0x64, 0x69, 0x63, // s[int(in.a_indic
	0x65, 0x73, 0x2e, 0x79, 0x29, 0x5d, 0x20, 0x2a, 0x20, 0x69, 0x6e, 0x2e, 0x61, 0x5f, 0x77, 0x65, // es.y)] * in.a_we
	0x69, 0x67, 0x68, 0x74, 0x2e, 0x79, 0x3b, 0x0a, 0x20, 0x20, 0x20, 0x20, 0x20, 0x20, 0x20, 0x20, // ight.y;.        
	0x66, 0x6c, 0x6f, 0x61, 0x74, 0x34, 0x78, 0x34, 0x20, 0x5f, 0x34, 0x38, 0x36, 0x20, 0x3d, 0x20, // float4x4 _486 = 
	0x5f, 0x6d, 0x74, 0x6c, 0x5f, 0x75, 0x2e, 0x75, 0x5f, 0x6a, 0x6f, 0x69, 0x6e, 0x74, 0x73, 0x5b, // _mtl_u.u_joints[
	0x69, 0x6e, 0x74, 0x28, 0x69, 0x6e, 0x2e, 0x61, 0x5f, 0x69, 0x6e, 0x64, 0x69, 0x63, 0x65, 0x73, // int(in.a_indices
	0x2e, 0x7a, 0x29, 0x5d, 0x20, 0x2a, 0x20, 0x69, 0x6e, 0x2e, 0x61, 0x5f, 0x77, 0x65, 0x69, 0x67, // .z)] * in.a_weig
	0x68, 0x74, 0x2e, 0x7a, 0x3b, 0x0a, 0x20, 0x20, 0x20, 0x20, 0x20, 0x20, 0x20, 0x20, 0x66, 0x6c, // ht.z;.        fl
	0x6f, 0x61, 0x74, 0x34, 0x78, 0x34, 0x20, 0x5f, 0x35, 0x30, 0x37, 0x20, 0x3d, 0x20, 0x5f, 0x6d, // oat4x4 _507 = _m
	0x74, 0x6c, 0x5f, 0x75, 0x2e, 0x75, 0x5f, 0x6a, 0x6f, 0x69, 0x6e, 0x74, 0x73, 0x5b, 0x69, 0x6e, // tl_u.u_joints[in
	0x74, 0x28, 0x69, 0x6e, 0x2e, 0x61, 0x5f, 0x69, 0x6e, 0x64, 0x69, 0x63, 0x65, 0x73, 0x2e, 0x77, // t(in.a_indices.w
	0x29, 0x5d, 0x20, 0x2a, 0x20, 0x69, 0x6e, 0x2e, 0x61, 0x5f, 0x77, 0x65, 0x69, 0x67, 0x68, 0x74, // )] * in.a_weight
	0x2e, 0x77, 0x3b, 0x0a, 0x20, 0x20, 0x20, 0x20, 0x20, 0x20, 0x20, 0x20, 0x66, 0x6c, 0x6f, 0x61, // .w;.        floa
	0x74, 0x34, 0x78, 0x34, 0x20, 0x5f, 0x35, 0x32, 0x30, 0x20, 0x3d, 0x20, 0x66, 0x6c, 0x6f, 0x61, // t4x4 _520 = floa
	0x74, 0x34, 0x78, 0x34, 0x28, 0x28, 0x28, 0x66, 0x6c, 0x6f, 0x61, 0x74, 0x34, 0x28, 0x5f, 0x34, // t4x4(((float4(_4
	0x35, 0x37, 0x5b, 0x30, 0x5d, 0x5b, 0x30, 0x5d, 0x2c, 0x20, 0x5f, 0x34, 0x35, 0x37, 0x5b, 0x31, // 57[0][0], _457[1
	0x5d, 0x5b, 0x30, 0x5d, 0x2c, 0x20, 0x5f, 0x34, 0x35, 0x37, 0x5b, 0x32, 0x5d, 0x5b, 0x30, 0x5d, // ][0], _457[2][0]
	0x2c, 0x20, 0x5f, 0x34, 0x35, 0x37, 0x5b, 0x33, 0x5d, 0x5b, 0x30, 0x5d, 0x29, 0x20, 0x2b, 0x20, // , _457[3][0]) + 
	0x66, 0x6c, 0x6f, 0x61, 0x74, 0x34, 0x28, 0x5f, 0x34, 0x36, 0x35, 0x5b, 0x30, 0x5d, 0x5b, 0x30, // float4(_465[0][0
	0x5d, 0x2c, 0x20, 0x5f, 0x34, 0x36, 0x35, 0x5b, 0x31, 0x5d, 0x5b, 0x30, 0x5d, 0x2c, 0x20, 0x5f, // ], _465[1][0], _
	0x34, 0x36, 0x35, 0x5b, 0x32, 0x5d, 0x5b, 0x30, 0x5d, 0x2c, 0x20, 0x5f, 0x34, 0x36, 0x35, 0x5b, // 465[2][0], _465[
	0x33, 0x5d, 0x5b, 0x30, 0x5d, 0x29, 0x29, 0x20, 0x2b, 0x20, 0x66, 0x6c, 0x6f, 0x61, 0x74, 0x34, // 3][0])) + float4
	0x28, 0x5f, 0x34, 0x38, 0x36, 0x5b, 0x30, 0x5d, 0x5b, 0x30, 0x5d, 0x2c, 0x20, 0x5f, 0x34, 0x38, // (_486[0][0], _48
	0x36, 0x5b, 0x31, 0x5d, 0x5b, 0x30, 0x5d, 0x2c, 0x20, 0x5f, 0x34, 0x38, 0x36, 0x5b, 0x32, 0x5d, // 6[1][0], _486[2]
	0x5b, 0x30, 0x5d, 0x2c, 0x20, 0x5f, 0x34, 0x38, 0x36, 0x5b, 0x33, 0x5d, 0x5b, 0x30, 0x5d, 0x29, // [0], _486[3][0])
	0x29, 0x20, 0x2b, 0x20, 0x66, 0x6c, 0x6f, 0x61, 0x74, 0x34, 0x28, 0x5f, 0x35, 0x30, 0x37, 0x5b, // ) + float4(_507[
	0x30, 0x5d, 0x5b, 0x30, 0x5d, 0x2c, 0x20, 0x5f, 0x35, 0x30, 0x37, 0x5b, 0x31, 0x5d, 0x5b, 0x30, // 0][0], _507[1][0
	0x5d, 0x2c, 0x20, 0x5f, 0x35, 0x30, 0x37, 0x5b, 0x32, 0x5d, 0x5b, 0x30, 0x5d, 0x2c, 0x20, 0x5f, // ], _507[2][0], _
	0x35, 0x30, 0x37, 0x5b, 0x33, 0x5d, 0x5b, 0x30, 0x5d, 0x29, 0x2c, 0x20, 0x28, 0x28, 0x66, 0x6c, // 507[3][0]), ((fl
	0x6f, 0x61, 0x74, 0x34, 0x28, 0x5f, 0x34, 0x35, 0x37, 0x5b, 0x30, 0x5d, 0x5b, 0x31, 0x5d, 0x2c, // oat4(_457[0][1],
	0x20, 0x5f, 0x34, 0x35, 0x37, 0x5b, 0x31, 0x5d, 0x5b, 0x31, 0x5d, 0x2c, 0x20, 0x5f, 0x34, 0x35, //  _457[1][1], _45
	0x37, 0x5b, 0x32, 0x5d, 0x5b, 0x31, 0x5d, 0x2c, 0x20, 0x5f, 0x34, 0x35, 0x37, 0x5b, 0x33, 0x5d, // 7[2][1], _457[3]
	0x5b, 0x31, 0x5d, 0x29, 0x20, 0x2b, 0x20, 0x66, 0x6c, 0x6f, 0x61, 0x74, 0x34, 0x28, 0x5f, 0x34, // [1]) + float4(_4
	0x36, 0x35, 0x5b, 0x30, 0x5d, 0x5b, 0x31, 0x5d, 0x2c, 0x20, 0x5f, 0x34, 0x36, 0x35, 0x5b, 0x31, // 65[0][1], _465[1
	0x5d, 0x5b, 0x31, 0x5d, 0x2c, 0x20, 0x5f, 0x34, 0x36, 0x35, 0x5b, 0x32, 0x5d, 0x5b, 0x31, 0x5d, // ][1], _465[2][1]
	0x2c, 0x20, 0x5f, 0x34, 0x36, 0x35, 0x5b, 0x33, 0x5d, 0x5b, 0x31, 0x5d, 0x29, 0x29, 0x20, 0x2b, // , _465[3][1])) +
	0x20, 0x66, 0x6c, 0x6f, 0x61, 0x74, 0x34, 0x28, 0x5f, 0x34, 0x38, 0x36, 0x5b, 0x30, 0x5d, 0x5b, //  float4(_486[0][
	0x31, 0x5d, 0x2c, 0x20, 0x5f, 0x34, 0x38, 0x36, 0x5b, 0x31, 0x5d, 0x5b, 0x31, 0x5d, 0x2c, 0x20, // 1], _486[1][1], 
	0x5f, 0x34, 0x38, 0x36, 0x5b, 0x32, 0x5d, 0x5b, 0x31, 0x5d, 0x2c, 0x20, 0x5f, 0x34, 0x38, 0x36, // _486[2][1], _486
	0x5b, 0x33, 0x5d, 0x5b, 0x31, 0x5d, 0x29, 0x29, 0x20, 0x2b, 0x20, 0x66, 0x6c, 0x6f, 0x61, 0x74, // [3][1])) + float
	0x34, 0x28, 0x5f, 0x35, 0x30, 0x37, 0x5b, 0x30, 0x5d, 0x5b, 0x31, 0x5d, 0x2c, 0x20, 0x5f, 0x35, // 4(_507[0][1], _5
	0x30, 0x37, 0x5b, 0x31, 0x5d, 0x5b, 0x31, 0x5d, 0x2c, 0x20, 0x5f, 0x35, 0x30, 0x37, 0x5b, 0x32, // 07[1][1], _507[2
	0x5d, 0x5b, 0x31, 0x5d, 0x2c, 0x20, 0x5f, 0x35, 0x30, 0x37, 0x5b, 0x33, 0x5d, 0x5b, 0x31, 0x5d, // ][1], _507[3][1]
	0x29, 0x2c, 0x20, 0x28, 0x28, 0x66, 0x6c, 0x6f, 0x61, 0x74, 0x34, 0x28, 0x5f, 0x34, 0x35, 0x37, // ), ((float4(_457
	0x5b, 0x30, 0x5d, 0x5b, 0x32, 0x5d, 0x2c, 0x20, 0x5f, 0x34, 0x35, 0x37, 0x5b, 0x31, 0x5d, 0x5b, // [0][2], _457[1][
	0x32, 0x5d, 0x2c, 0x20, 0x5f, 0x34, 0x35, 0x37, 0x5b, 0x32, 0x5d, 0x5b, 0x32, 0x5d, 0x2c, 0x20, // 2], _457[2][2], 
	0x5f, 0x34, 0x35, 0x37, 0x5b, 0x33, 0x5d, 0x5b, 0x32, 0x5d, 0x29, 0x20, 0x2b, 0x20, 0x66, 0x6c, // _457[3][2]) + fl
	0x6f, 0x61, 0x74, 0x34, 0x28, 0x5f, 0x34, 0x36, 0x35, 0x5b, 0x30, 0x5d, 0x5b, 0x32, 0x5d, 0x2c, // oat4(_465[0][2],
	0x20, 0x5f, 0x34, 0x36, 0x35, 0x5b, 0x31, 0x5d, 0x5b, 0x32, 0x5d, 0x2c, 0x20, 0x5f, 0x34, 0x36, //  _465[1][2], _46
	0x35, 0x5b, 0x32, 0x5d, 0x5b, 0x32, 0x5d, 0x2c, 0x20, 0x5f, 0x34, 0x36, 0x35, 0x5b, 0x33, 0x5d, // 5[2][2], _465[3]
	0x5b, 0x32, 0x5d, 0x29, 0x29, 0x20, 0x2b, 0x20, 0x66, 0x6c, 0x6f, 0x61, 0x74, 0x34, 0x28, 0x5f, // [2])) + float4(_
	0x34, 0x38, 0x36, 0x5b, 0x30, 0x5d, 0x5b, 0x32, 0x5d, 0x2c, 0x20, 0x5f, 0x34, 0x38, 0x36, 0x5b, // 486[0][2], _486[
	0x31, 0x5d, 0x5b, 0x32, 0x5d, 0x2c, 0x20, 0x5f, 0x34, 0x38, 0x36, 0x5b, 0x32, 0x5d, 0x5b, 0x32, // 1][2], _486[2][2
	0x5d, 0x2c, 0x20, 0x5f, 0x34, 0x38, 0x36, 0x5b, 0x33, 0x5d, 0x5b, 0x32, 0x5d, 0x29, 0x29, 0x20, // ], _486[3][2])) 
	0x2b, 0x20, 0x66, 0x6c, 0x6f, 0x61, 0x74, 0x34, 0x28, 0x5f, 0x35, 0x30, 0x37, 0x5b, 0x30, 0x5d, // + float4(_507[0]
	0x5b, 0x32, 0x5d, 0x2c, 0x20, 0x5f, 0x35, 0x30, 0x37, 0x5b, 0x31, 0x5d, 0x5b, 0x32, 0x5d, 0x2c, // [2], _507[1][2],
	0x20, 0x5f, 0x35, 0x30, 0x37, 0x5b, 0x32, 0x5d, 0x5b, 0x32, 0x5d, 0x2c, 0x20, 0x5f, 0x35, 0x30, //  _507[2][2], _50
	0x37, 0x5b, 0x33, 0x5d, 0x5b, 0x32, 0x5d, 0x29, 0x2c, 0x20, 0x28, 0x28, 0x66, 0x6c, 0x6f, 0x61, // 7[3][2]), ((floa
	0x74, 0x34, 0x28, 0x5f, 0x34, 0x35, 0x37, 0x5b, 0x30, 0x5d, 0x5b, 0x33, 0x5d, 0x2c, 0x20, 0x5f, // t4(_457[0][3], _
	0x34, 0x35, 0x37, 0x5b, 0x31, 0x5d, 0x5b, 0x33, 0x5d, 0x2c, 0x20, 0x5f, 0x34, 0x35, 0x37, 0x5b, // 457[1][3], _457[
	0x32, 0x5d, 0x5b, 0x33, 0x5d, 0x2c, 0x20, 0x5f, 0x34, 0x35, 0x37, 0x5b, 0x33, 0x5d, 0x5b, 0x33, // 2][3], _457[3][3
	0x5d, 0x29, 0x20, 0x2b, 0x20, 0x66, 0x6c, 0x6f, 0x61, 0x74, 0x34, 0x28, 0x5f, 0x34, 0x36, 0x35, // ]) + float4(_465
	0x5b, 0x30, 0x5d, 0x5b, 0x33, 0x5d, 0x2c, 0x20, 0x5f, 0x34, 0x36, 0x35, 0x5b, 0x31, 0x5d, 0x5b, // [0][3], _465[1][
	0x33, 0x5d, 0x2c, 0x20, 0x5f, 0x34, 0x36, 0x35, 0x5b, 0x32, 0x5d, 0x5b, 0x33, 0x5d, 0x2c, 0x20, // 3], _465[2][3], 
	0x5f, 0x34, 0x36, 0x35, 0x5b, 0x33, 0x5d, 0x5b, 0x33, 0x5d, 0x29, 0x29, 0x20, 0x2b, 0x20, 0x66, // _465[3][3])) + f
	0x6c, 0x6f, 0x61, 0x74, 0x34, 0x28, 0x5f, 0x34, 0x38, 0x36, 0x5b, 0x30, 0x5d, 0x5b, 0x33, 0x5d, // loat4(_486[0][3]
	0x2c, 0x20, 0x5f, 0x34, 0x38, 0x36, 0x5b, 0x31, 0x5d, 0x5b, 0x33, 0x5d, 0x2c, 0x20, 0x5f, 0x34, // , _486[1][3], _4
	0x38, 0x36, 0x5b, 0x32, 0x5d, 0x5b, 0x33, 0x5d, 0x2c, 0x20, 0x5f, 0x34, 0x38, 0x36, 0x5b, 0x33, // 86[2][3], _486[3
	0x5d, 0x5b, 0x33, 0x5d, 0x29, 0x29, 0x20, 0x2b, 0x20, 0x66, 0x6c, 0x6f, 0x61, 0x74, 0x34, 0x28, // ][3])) + float4(
	0x5f, 0x35, 0x30, 0x37, 0x5b, 0x30, 0x5d, 0x5b, 0x33, 0x5d, 0x2c, 0x20, 0x5f, 0x35, 0x30, 0x37, // _507[0][3], _507
	0x5b, 0x31, 0x5d, 0x5b, 0x33, 0x5d, 0x2c, 0x20, 0x5f, 0x35, 0x30, 0x37, 0x5b, 0x32, 0x5d, 0x5b, // [1][3], _507[2][
	0x33, 0x5d, 0x2c, 0x20, 0x5f, 0x35, 0x30, 0x37, 0x5b, 0x33, 0x5d, 0x5b, 0x33, 0x5d, 0x29, 0x29, // 3], _507[3][3]))
	0x3b, 0x0a, 0x20, 0x20, 0x20, 0x20, 0x20, 0x20, 0x20, 0x20, 0x5f, 0x36, 0x37, 0x30, 0x20, 0x3d, // ;.        _670 =
	0x20, 0x5f, 0x34, 0x33, 0x35, 0x20, 0x2a, 0x20, 0x5f, 0x35, 0x32, 0x30, 0x3b, 0x0a, 0x20, 0x20, //  _435 * _520;.  
	0x20, 0x20, 0x20, 0x20, 0x20, 0x20, 0x5f, 0x36, 0x36, 0x39, 0x20, 0x3d, 0x20, 0x5f, 0x34, 0x32, //       _669 = _42
	0x39, 0x20, 0x2a, 0x20, 0x5f, 0x35, 0x32, 0x30, 0x3b, 0x0a, 0x20, 0x20, 0x20, 0x20, 0x20, 0x20, // 9 * _520;.      
	0x20, 0x20, 0x5f, 0x36, 0x36, 0x38, 0x20, 0x3d, 0x20, 0x5f, 0x34, 0x32, 0x34, 0x20, 0x2a, 0x20, //   _668 = _424 * 
	0x5f, 0x35, 0x32, 0x30, 0x3b, 0x0a, 0x20, 0x20, 0x20, 0x20, 0x7d, 0x0a, 0x20, 0x20, 0x20, 0x20, // _520;.    }.    
	0x65, 0x6c, 0x73, 0x65, 0x0a, 0x20, 0x20, 0x20, 0x20, 0x7b, 0x0a, 0x20, 0x20, 0x20, 0x20, 0x20, // else.    {.     
	0x20, 0x20, 0x20, 0x5f, 0x36, 0x37, 0x30, 0x20, 0x3d, 0x20, 0x5f, 0x34, 0x33, 0x35, 0x3b, 0x0a, //    _670 = _435;.
	0x20, 0x20, 0x20, 0x20, 0x20, 0x20, 0x20, 0x20, 0x5f, 0x36, 0x36, 0x39, 0x20, 0x3d, 0x20, 0x5f, //         _669 = _
	0x34, 0x32, 0x39, 0x3b, 0x0a, 0x20, 0x20, 0x20, 0x20, 0x20, 0x20, 0x20, 0x20, 0x5f, 0x36, 0x36, // 429;.        _66
	0x38, 0x20, 0x3d, 0x20, 0x5f, 0x34, 0x32, 0x34, 0x3b, 0x0a, 0x20, 0x20, 0x20, 0x20, 0x7d, 0x0a, // 8 = _424;.    }.
	0x20, 0x20, 0x20, 0x20, 0x66, 0x6c, 0x6f, 0x61, 0x74, 0x34, 0x20, 0x5f, 0x35, 0x33, 0x39, 0x20, //     float4 _539 
	0x3d, 0x20, 0x5f, 0x6d, 0x74, 0x6c, 0x5f, 0x75, 0x2e, 0x75, 0x5f, 0x6d, 0x4d, 0x6f, 0x64, 0x65, // = _mtl_u.u_mMode
	0x6c, 0x5f, 0x49, 0x6e, 0x73, 0x74, 0x5b, 0x5f, 0x34, 0x31, 0x36, 0x5d, 0x20, 0x2a, 0x20, 0x5f, // l_Inst[_416] * _
	0x36, 0x36, 0x38, 0x3b, 0x0a, 0x20, 0x20, 0x20, 0x20, 0x6f, 0x75, 0x74, 0x2e, 0x67, 0x6c, 0x5f, // 668;.    out.gl_
	0x50, 0x6f, 0x73, 0x69, 0x74, 0x69, 0x6f, 0x6e, 0x20, 0x3d, 0x20, 0x5f, 0x6d, 0x74, 0x6c, 0x5f, // Position = _mtl_
	0x75, 0x2e, 0x75, 0x5f, 0x6d, 0x43, 0x61, 0x6d, 0x65, 0x72, 0x61, 0x50, 0x72, 0x6f, 0x6a, 0x20, // u.u_mCameraProj 
	0x2a, 0x20, 0x5f, 0x35, 0x33, 0x39, 0x3b, 0x0a, 0x20, 0x20, 0x20, 0x20, 0x6f, 0x75, 0x74, 0x2e, // * _539;.    out.
	0x5f, 0x65, 0x6e, 0x74, 0x72, 0x79, 0x50, 0x6f, 0x69, 0x6e, 0x74, 0x4f, 0x75, 0x74, 0x70, 0x75, // _entryPointOutpu
	0x74, 0x5f, 0x76, 0x5f, 0x63, 0x6f, 0x6c, 0x6f, 0x72, 0x30, 0x20, 0x3d, 0x20, 0x5f, 0x6d, 0x74, // t_v_color0 = _mt
	0x6c, 0x5f, 0x75, 0x2e, 0x75, 0x5f, 0x66, 0x4d, 0x6f, 0x64, 0x65, 0x6c, 0x43, 0x6f, 0x6c, 0x6f, // l_u.u_fModelColo
	0x72, 0x5b, 0x5f, 0x34, 0x31, 0x36, 0x5d, 0x20, 0x2a, 0x20, 0x69, 0x6e, 0x2e, 0x61, 0x5f, 0x63, // r[_416] * in.a_c
	0x6f, 0x6c, 0x6f, 0x72, 0x30, 0x3b, 0x0a, 0x20, 0x20, 0x20, 0x20, 0x6f, 0x75, 0x74, 0x2e, 0x5f, // olor0;.    out._
	0x65, 0x6e, 0x74, 0x72, 0x79, 0x50, 0x6f, 0x69, 0x6e, 0x74, 0x4f, 0x75, 0x74, 0x70, 0x75, 0x74, // entryPointOutput
	0x5f, 0x76, 0x5f, 0x73, 0x68, 0x61, 0x64, 0x6f, 0x77, 0x43, 0x6f, 0x6f, 0x72, 0x64, 0x20, 0x3d, // _v_shadowCoord =
	0x20, 0x5f, 0x6d, 0x74, 0x6c, 0x5f, 0x75, 0x2e, 0x75, 0x5f, 0x73, 0x68, 0x61, 0x64, 0x6f, 0x77, //  _mtl_u.u_shadow
	0x4d, 0x61, 0x74, 0x72, 0x69, 0x78, 0x20, 0x2a, 0x20, 0x5f, 0x35, 0x33, 0x39, 0x3b, 0x0a, 0x20, // Matrix * _539;. 
	0x20, 0x20, 0x20, 0x6f, 0x75, 0x74, 0x2e, 0x5f, 0x65, 0x6e, 0x74, 0x72, 0x79, 0x50, 0x6f, 0x69, //    out._entryPoi
	0x6e, 0x74, 0x4f, 0x75, 0x74, 0x70, 0x75, 0x74, 0x5f, 0x76, 0x5f, 0x74, 0x65, 0x78, 0x63, 0x6f, // ntOutput_v_texco
	0x6f, 0x72, 0x64, 0x30, 0x31, 0x20, 0x3d, 0x20, 0x66, 0x6c, 0x6f, 0x61, 0x74, 0x34, 0x28, 0x28, // ord01 = float4((
	0x69, 0x6e, 0x2e, 0x61, 0x5f, 0x74, 0x65, 0x78, 0x63, 0x6f, 0x6f, 0x72, 0x64, 0x30, 0x2e, 0x78, // in.a_texcoord0.x
	0x20, 0x2a, 0x20, 0x5f, 0x6d, 0x74, 0x6c, 0x5f, 0x75, 0x2e, 0x75, 0x5f, 0x66, 0x55, 0x56, 0x5b, //  * _mtl_u.u_fUV[
	0x5f, 0x34, 0x31, 0x36, 0x5d, 0x2e, 0x7a, 0x29, 0x20, 0x2b, 0x20, 0x5f, 0x6d, 0x74, 0x6c, 0x5f, // _416].z) + _mtl_
	0x75, 0x2e, 0x75, 0x5f, 0x66, 0x55, 0x56, 0x5b, 0x5f, 0x34, 0x31, 0x36, 0x5d, 0x2e, 0x78, 0x2c, // u.u_fUV[_416].x,
	0x20, 0x5f, 0x6d, 0x74, 0x6c, 0x5f, 0x75, 0x2e, 0x75, 0x5f, 0x6d, 0x55, 0x56, 0x49, 0x6e, 0x76, //  _mtl_u.u_mUVInv
	0x65, 0x72, 0x73, 0x65, 0x64, 0x2e, 0x78, 0x20, 0x2b, 0x20, 0x28, 0x5f, 0x6d, 0x74, 0x6c, 0x5f, // ersed.x + (_mtl_
	0x75, 0x2e, 0x75, 0x5f, 0x6d, 0x55, 0x56, 0x49, 0x6e, 0x76, 0x65, 0x72, 0x73, 0x65, 0x64, 0x2e, // u.u_mUVInversed.
	0x79, 0x20, 0x2a, 0x20, 0x28, 0x28, 0x69, 0x6e, 0x2e, 0x61, 0x5f, 0x74, 0x65, 0x78, 0x63, 0x6f, // y * ((in.a_texco
	0x6f, 0x72, 0x64, 0x30, 0x2e, 0x79, 0x20, 0x2a, 0x20, 0x5f, 0x6d, 0x74, 0x6c, 0x5f, 0x75, 0x2e, // ord0.y * _mtl_u.
	0x75, 0x5f, 0x66, 0x55, 0x56, 0x5b, 0x5f, 0x34, 0x31, 0x36, 0x5d, 0x2e, 0x77, 0x29, 0x20, 0x2b, // u_fUV[_416].w) +
	0x20, 0x5f, 0x6d, 0x74, 0x6c, 0x5f, 0x75, 0x2e, 0x75, 0x5f, 0x66, 0x55, 0x56, 0x5b, 0x5f, 0x34, //  _mtl_u.u_fUV[_4
	0x31, 0x36, 0x5d, 0x2e, 0x79, 0x29, 0x29, 0x2c, 0x20, 0x28, 0x69, 0x6e, 0x2e, 0x61, 0x5f, 0x74, // 16].y)), (in.a_t
	0x65, 0x78, 0x63, 0x6f, 0x6f, 0x72, 0x64, 0x31, 0x2e, 0x78, 0x20, 0x2a, 0x20, 0x5f, 0x6d, 0x74, // excoord1.x * _mt
	0x6c, 0x5f, 0x75, 0x2e, 0x75, 0x5f, 0x66, 0x55, 0x56, 0x5b, 0x5f, 0x34, 0x31, 0x36, 0x5d, 0x2e, // l_u.u_fUV[_416].
	0x7a, 0x29, 0x20, 0x2b, 0x20, 0x5f, 0x6d, 0x74, 0x6c, 0x5f, 0x75, 0x2e, 0x75, 0x5f, 0x66, 0x55, // z) + _mtl_u.u_fU
	0x56, 0x5b, 0x5f, 0x34, 0x31, 0x36, 0x5d, 0x2e, 0x78, 0x2c, 0x20, 0x5f, 0x6d, 0x74, 0x6c, 0x5f, // V[_416].x, _mtl_
	0x75, 0x2e, 0x75, 0x5f, 0x6d, 0x55, 0x56, 0x49, 0x6e, 0x76, 0x65, 0x72, 0x73, 0x65, 0x64, 0x2e, // u.u_mUVInversed.
	0x78, 0x20, 0x2b, 0x20, 0x28, 0x5f, 0x6d, 0x74, 0x6c, 0x5f, 0x75, 0x2e, 0x75, 0x5f, 0x6d, 0x55, // x + (_mtl_u.u_mU
	0x56, 0x49, 0x6e, 0x76, 0x65, 0x72, 0x73, 0x65, 0x64, 0x2e, 0x79, 0x20, 0x2a, 0x20, 0x28, 0x28, // VInversed.y * ((
	0x69, 0x6e, 0x2e, 0x61, 0x5f, 0x74, 0x65, 0x78, 0x63, 0x6f, 0x6f, 0x72, 0x64, 0x31, 0x2e, 0x79, // in.a_texcoord1.y
	0x20, 0x2a, 0x20, 0x5f, 0x6d, 0x74, 0x6c, 0x5f, 0x75, 0x2e, 0x75, 0x5f, 0x66, 0x55, 0x56, 0x5b, //  * _mtl_u.u_fUV[
	0x5f, 0x34, 0x31, 0x36, 0x5d, 0x2e, 0x77, 0x29, 0x20, 0x2b, 0x20, 0x5f, 0x6d, 0x74, 0x6c, 0x5f, // _416].w) + _mtl_
	0x75, 0x2e, 0x75, 0x5f, 0x66, 0x55, 0x56, 0x5b, 0x5f, 0x34, 0x31, 0x36, 0x5d, 0x2e, 0x79, 0x29, // u.u_fUV[_416].y)
	0x29, 0x29, 0x3b, 0x0a, 0x20, 0x20, 0x20, 0x20, 0x6f, 0x75, 0x74, 0x2e, 0x5f, 0x65, 0x6e, 0x74, // ));.    out._ent
	0x72, 0x79, 0x50, 0x6f, 0x69, 0x6e, 0x74, 0x4f, 0x75, 0x74, 0x70, 0x75, 0x74, 0x5f, 0x76, 0x5f, // ryPointOutput_v_
	0x77, 0x6f, 0x72, 0x6c, 0x64, 0x4e, 0x6f, 0x72, 0x6d, 0x61, 0x6c, 0x20, 0x3d, 0x20, 0x66, 0x6c, // worldNormal = fl
	0x6f, 0x61, 0x74, 0x34, 0x28, 0x66, 0x61, 0x73, 0x74, 0x3a, 0x3a, 0x6e, 0x6f, 0x72, 0x6d, 0x61, // oat4(fast::norma
	0x6c, 0x69, 0x7a, 0x65, 0x28, 0x28, 0x5f, 0x6d, 0x74, 0x6c, 0x5f, 0x75, 0x2e, 0x75, 0x5f, 0x6d, // lize((_mtl_u.u_m
	0x4e, 0x6f, 0x72, 0x6d, 0x61, 0x6c, 0x5b, 0x5f, 0x34, 0x31, 0x36, 0x5d, 0x20, 0x2a, 0x20, 0x5f, // Normal[_416] * _
	0x36, 0x36, 0x39, 0x29, 0x2e, 0x78, 0x79, 0x7a, 0x29, 0x2c, 0x20, 0x30, 0x2e, 0x30, 0x29, 0x3b, // 669).xyz), 0.0);
	0x0a, 0x20, 0x20, 0x20, 0x20, 0x6f, 0x75, 0x74, 0x2e, 0x5f, 0x65, 0x6e, 0x74, 0x72, 0x79, 0x50, // .    out._entryP
	0x6f, 0x69, 0x6e, 0x74, 0x4f, 0x75, 0x74, 0x70, 0x75, 0x74, 0x5f, 0x76, 0x5f, 0x77, 0x6f, 0x72, // ointOutput_v_wor
	0x6c, 0x64, 0x50, 0x6f, 0x73, 0x20, 0x3d, 0x20, 0x5f, 0x35, 0x33, 0x39, 0x3b, 0x0a, 0x20, 0x20, // ldPos = _539;.  
	0x20, 0x20, 0x6f, 0x75, 0x74, 0x2e, 0x5f, 0x65, 0x6e, 0x74, 0x72, 0x79, 0x50, 0x6f, 0x69, 0x6e, //   out._entryPoin
	0x74, 0x4f, 0x75, 0x74, 0x70, 0x75, 0x74, 0x5f, 0x76, 0x5f, 0x77, 0x6f, 0x72, 0x6c, 0x64, 0x54, // tOutput_v_worldT
	0x61, 0x6e, 0x67, 0x65, 0x6e, 0x74, 0x20, 0x3d, 0x20, 0x66, 0x6c, 0x6f, 0x61, 0x74, 0x34, 0x28, // angent = float4(
	0x66, 0x61, 0x73, 0x74, 0x3a, 0x3a, 0x6e, 0x6f, 0x72, 0x6d, 0x61, 0x6c, 0x69, 0x7a, 0x65, 0x28, // fast::normalize(
	0x28, 0x5f, 0x6d, 0x74, 0x6c, 0x5f, 0x75, 0x2e, 0x75, 0x5f, 0x6d, 0x4e, 0x6f, 0x72, 0x6d, 0x61, // (_mtl_u.u_mNorma
	0x6c, 0x5b, 0x5f, 0x34, 0x31, 0x36, 0x5d, 0x20, 0x2a, 0x20, 0x5f, 0x36, 0x37, 0x30, 0x29, 0x2e, // l[_416] * _670).
	0x78, 0x79, 0x7a, 0x29, 0x2c, 0x20, 0x69, 0x6e, 0x2e, 0x61, 0x5f, 0x74, 0x61, 0x6e, 0x67, 0x65, // xyz), in.a_tange
	0x6e, 0x74, 0x2e, 0x77, 0x29, 0x3b, 0x0a, 0x20, 0x20, 0x20, 0x20, 0x72, 0x65, 0x74, 0x75, 0x72, // nt.w);.    retur
	0x6e, 0x20, 0x6f, 0x75, 0x74, 0x3b, 0x0a, 0x7d, 0x0a, 0x0a, 0x00, 0x09, 0x05, 0x00, 0x0e, 0x00, // n out;.}........
	0x02, 0x00, 0x01, 0x00, 0x03, 0x00, 0x10, 0x00, 0x11, 0x00, 0x0f, 0x00, 0xff, 0xff, 0x90, 0x29, // ...............)
};
