static const uint8_t fs_nanovg_fill_essl[4339] =
{
	0x46, 0x53, 0x48, 0x0c, 0xcf, 0xda, 0x1b, 0x94, 0x00, 0x00, 0x00, 0x00, 0x00, 0x00, 0x00, 0x00, // FSH.............
	0x00, 0x00, 0x00, 0x00, 0x08, 0x00, 0x0c, 0x75, 0x5f, 0x73, 0x63, 0x69, 0x73, 0x73, 0x6f, 0x72, // .......u_scissor
	0x4d, 0x61, 0x74, 0x03, 0x01, 0x00, 0x00, 0x03, 0x00, 0x00, 0x00, 0x00, 0x00, 0x11, 0x75, 0x5f, // Mat...........u_
	0x73, 0x63, 0x69, 0x73, 0x73, 0x6f, 0x72, 0x45, 0x78, 0x74, 0x53, 0x63, 0x61, 0x6c, 0x65, 0x02, // scissorExtScale.
	0x01, 0x00, 0x00, 0x01, 0x00, 0x00, 0x00, 0x00, 0x00, 0x08, 0x75, 0x5f, 0x70, 0x61, 0x72, 0x61, // ..........u_para
	0x6d, 0x73, 0x02, 0x01, 0x00, 0x00, 0x01, 0x00, 0x00, 0x00, 0x00, 0x00, 0x0a, 0x75, 0x5f, 0x70, // ms...........u_p
	0x61, 0x69, 0x6e, 0x74, 0x4d, 0x61, 0x74, 0x03, 0x01, 0x00, 0x00, 0x03, 0x00, 0x00, 0x00, 0x00, // aintMat.........
	0x00, 0x0e, 0x75, 0x5f, 0x65, 0x78, 0x74, 0x65, 0x6e, 0x74, 0x52, 0x61, 0x64, 0x69, 0x75, 0x73, // ..u_extentRadius
	0x02, 0x01, 0x00, 0x00, 0x01, 0x00, 0x00, 0x00, 0x00, 0x00, 0x0a, 0x75, 0x5f, 0x69, 0x6e, 0x6e, // ...........u_inn
	0x65, 0x72, 0x43, 0x6f, 0x6c, 0x02, 0x01, 0x00, 0x00, 0x01, 0x00, 0x00, 0x00, 0x00, 0x00, 0x0a, // erCol...........
	0x75, 0x5f, 0x6f, 0x75, 0x74, 0x65, 0x72, 0x43, 0x6f, 0x6c, 0x02, 0x01, 0x00, 0x00, 0x01, 0x00, // u_outerCol......
	0x00, 0x00, 0x00, 0x00, 0x05, 0x73, 0x5f, 0x74, 0x65, 0x78, 0x00, 0x01, 0x00, 0x00, 0x01, 0x00, // .....s_tex......
	0x00, 0x02, 0x00, 0x00, 0x2a, 0x10, 0x00, 0x00, 0x70, 0x72, 0x65, 0x63, 0x69, 0x73, 0x69, 0x6f, // ....*...precisio
	0x6e, 0x20, 0x6d, 0x65, 0x64, 0x69, 0x75, 0x6d, 0x70, 0x20, 0x66, 0x6c, 0x6f, 0x61, 0x74, 0x3b, // n mediump float;
	0x0a, 0x70, 0x72, 0x65, 0x63, 0x69, 0x73, 0x69, 0x6f, 0x6e, 0x20, 0x68, 0x69, 0x67, 0x68, 0x70, // .precision highp
	0x20, 0x69, 0x6e, 0x74, 0x3b, 0x0a, 0x0a, 0x76, 0x65, 0x63, 0x34, 0x20, 0x5f, 0x35, 0x30, 0x35, //  int;..vec4 _505
	0x3b, 0x0a, 0x0a, 0x75, 0x6e, 0x69, 0x66, 0x6f, 0x72, 0x6d, 0x20, 0x68, 0x69, 0x67, 0x68, 0x70, // ;..uniform highp
	0x20, 0x6d, 0x61, 0x74, 0x33, 0x20, 0x75, 0x5f, 0x73, 0x63, 0x69, 0x73, 0x73, 0x6f, 0x72, 0x4d, //  mat3 u_scissorM
	0x61, 0x74, 0x3b, 0x0a, 0x75, 0x6e, 0x69, 0x66, 0x6f, 0x72, 0x6d, 0x20, 0x68, 0x69, 0x67, 0x68, // at;.uniform high
	0x70, 0x20, 0x76, 0x65, 0x63, 0x34, 0x20, 0x75, 0x5f, 0x73, 0x63, 0x69, 0x73, 0x73, 0x6f, 0x72, // p vec4 u_scissor
	0x45, 0x78, 0x74, 0x53, 0x63, 0x61, 0x6c, 0x65, 0x3b, 0x0a, 0x75, 0x6e, 0x69, 0x66, 0x6f, 0x72, // ExtScale;.unifor
	0x6d, 0x20, 0x68, 0x69, 0x67, 0x68, 0x70, 0x20, 0x76, 0x65, 0x63, 0x34, 0x20, 0x75, 0x5f, 0x70, // m highp vec4 u_p
	0x61, 0x72, 0x61, 0x6d, 0x73, 0x3b, 0x0a, 0x75, 0x6e, 0x69, 0x66, 0x6f, 0x72, 0x6d, 0x20, 0x68, // arams;.uniform h
	0x69, 0x67, 0x68, 0x70, 0x20, 0x6d, 0x61, 0x74, 0x33, 0x20, 0x75, 0x5f, 0x70, 0x61, 0x69, 0x6e, // ighp mat3 u_pain
	0x74, 0x4d, 0x61, 0x74, 0x3b, 0x0a, 0x75, 0x6e, 0x69, 0x66, 0x6f, 0x72, 0x6d, 0x20, 0x68, 0x69, // tMat;.uniform hi
	0x67, 0x68, 0x70, 0x20, 0x76, 0x65, 0x63, 0x34, 0x20, 0x75, 0x5f, 0x65, 0x78, 0x74, 0x65, 0x6e, // ghp vec4 u_exten
	0x74, 0x52, 0x61, 0x64, 0x69, 0x75, 0x73, 0x3b, 0x0a, 0x75, 0x6e, 0x69, 0x66, 0x6f, 0x72, 0x6d, // tRadius;.uniform
	0x20, 0x68, 0x69, 0x67, 0x68, 0x70, 0x20, 0x76, 0x65, 0x63, 0x34, 0x20, 0x75, 0x5f, 0x69, 0x6e, //  highp vec4 u_in
	0x6e, 0x65, 0x72, 0x43, 0x6f, 0x6c, 0x3b, 0x0a, 0x75, 0x6e, 0x69, 0x66, 0x6f, 0x72, 0x6d, 0x20, // nerCol;.uniform 
	0x68, 0x69, 0x67, 0x68, 0x70, 0x20, 0x76, 0x65, 0x63, 0x34, 0x20, 0x75, 0x5f, 0x6f, 0x75, 0x74, // highp vec4 u_out
	0x65, 0x72, 0x43, 0x6f, 0x6c, 0x3b, 0x0a, 0x75, 0x6e, 0x69, 0x66, 0x6f, 0x72, 0x6d, 0x20, 0x68, // erCol;.uniform h
	0x69, 0x67, 0x68, 0x70, 0x20, 0x73, 0x61, 0x6d, 0x70, 0x6c, 0x65, 0x72, 0x32, 0x44, 0x20, 0x73, // ighp sampler2D s
	0x5f, 0x74, 0x65, 0x78, 0x3b, 0x0a, 0x0a, 0x69, 0x6e, 0x20, 0x68, 0x69, 0x67, 0x68, 0x70, 0x20, // _tex;..in highp 
	0x76, 0x65, 0x63, 0x32, 0x20, 0x76, 0x5f, 0x70, 0x6f, 0x73, 0x69, 0x74, 0x69, 0x6f, 0x6e, 0x3b, // vec2 v_position;
	0x0a, 0x69, 0x6e, 0x20, 0x68, 0x69, 0x67, 0x68, 0x70, 0x20, 0x76, 0x65, 0x63, 0x32, 0x20, 0x76, // .in highp vec2 v
	0x5f, 0x74, 0x65, 0x78, 0x63, 0x6f, 0x6f, 0x72, 0x64, 0x30, 0x3b, 0x0a, 0x6c, 0x61, 0x79, 0x6f, // _texcoord0;.layo
	0x75, 0x74, 0x28, 0x6c, 0x6f, 0x63, 0x61, 0x74, 0x69, 0x6f, 0x6e, 0x20, 0x3d, 0x20, 0x30, 0x29, // ut(location = 0)
	0x20, 0x6f, 0x75, 0x74, 0x20, 0x68, 0x69, 0x67, 0x68, 0x70, 0x20, 0x76, 0x65, 0x63, 0x34, 0x20, //  out highp vec4 
	0x62, 0x67, 0x66, 0x78, 0x5f, 0x46, 0x72, 0x61, 0x67, 0x43, 0x6f, 0x6c, 0x6f, 0x72, 0x3b, 0x0a, // bgfx_FragColor;.
	0x0a, 0x76, 0x6f, 0x69, 0x64, 0x20, 0x6d, 0x61, 0x69, 0x6e, 0x28, 0x29, 0x0a, 0x7b, 0x0a, 0x20, // .void main().{. 
	0x20, 0x20, 0x20, 0x68, 0x69, 0x67, 0x68, 0x70, 0x20, 0x76, 0x65, 0x63, 0x33, 0x20, 0x5f, 0x34, //    highp vec3 _4
	0x32, 0x36, 0x20, 0x3d, 0x20, 0x76, 0x65, 0x63, 0x33, 0x28, 0x76, 0x5f, 0x70, 0x6f, 0x73, 0x69, // 26 = vec3(v_posi
	0x74, 0x69, 0x6f, 0x6e, 0x2c, 0x20, 0x31, 0x2e, 0x30, 0x29, 0x3b, 0x0a, 0x20, 0x20, 0x20, 0x20, // tion, 1.0);.    
	0x68, 0x69, 0x67, 0x68, 0x70, 0x20, 0x76, 0x65, 0x63, 0x32, 0x20, 0x5f, 0x34, 0x33, 0x37, 0x20, // highp vec2 _437 
	0x3d, 0x20, 0x76, 0x65, 0x63, 0x32, 0x28, 0x30, 0x2e, 0x35, 0x29, 0x20, 0x2d, 0x20, 0x28, 0x28, // = vec2(0.5) - ((
	0x61, 0x62, 0x73, 0x28, 0x28, 0x75, 0x5f, 0x73, 0x63, 0x69, 0x73, 0x73, 0x6f, 0x72, 0x4d, 0x61, // abs((u_scissorMa
	0x74, 0x20, 0x2a, 0x20, 0x5f, 0x34, 0x32, 0x36, 0x29, 0x2e, 0x78, 0x79, 0x29, 0x20, 0x2d, 0x20, // t * _426).xy) - 
	0x75, 0x5f, 0x73, 0x63, 0x69, 0x73, 0x73, 0x6f, 0x72, 0x45, 0x78, 0x74, 0x53, 0x63, 0x61, 0x6c, // u_scissorExtScal
	0x65, 0x2e, 0x78, 0x79, 0x29, 0x20, 0x2a, 0x20, 0x75, 0x5f, 0x73, 0x63, 0x69, 0x73, 0x73, 0x6f, // e.xy) * u_scisso
	0x72, 0x45, 0x78, 0x74, 0x53, 0x63, 0x61, 0x6c, 0x65, 0x2e, 0x7a, 0x77, 0x29, 0x3b, 0x0a, 0x20, // rExtScale.zw);. 
	0x20, 0x20, 0x20, 0x68, 0x69, 0x67, 0x68, 0x70, 0x20, 0x66, 0x6c, 0x6f, 0x61, 0x74, 0x20, 0x5f, //    highp float _
	0x34, 0x34, 0x34, 0x20, 0x3d, 0x20, 0x63, 0x6c, 0x61, 0x6d, 0x70, 0x28, 0x5f, 0x34, 0x33, 0x37, // 444 = clamp(_437
	0x2e, 0x78, 0x2c, 0x20, 0x30, 0x2e, 0x30, 0x2c, 0x20, 0x31, 0x2e, 0x30, 0x29, 0x20, 0x2a, 0x20, // .x, 0.0, 1.0) * 
	0x63, 0x6c, 0x61, 0x6d, 0x70, 0x28, 0x5f, 0x34, 0x33, 0x37, 0x2e, 0x79, 0x2c, 0x20, 0x30, 0x2e, // clamp(_437.y, 0.
	0x30, 0x2c, 0x20, 0x31, 0x2e, 0x30, 0x29, 0x3b, 0x0a, 0x20, 0x20, 0x20, 0x20, 0x68, 0x69, 0x67, // 0, 1.0);.    hig
	0x68, 0x70, 0x20, 0x66, 0x6c, 0x6f, 0x61, 0x74, 0x20, 0x5f, 0x34, 0x36, 0x30, 0x20, 0x3d, 0x20, // hp float _460 = 
	0x6d, 0x69, 0x6e, 0x28, 0x31, 0x2e, 0x30, 0x2c, 0x20, 0x28, 0x31, 0x2e, 0x30, 0x20, 0x2d, 0x20, // min(1.0, (1.0 - 
	0x61, 0x62, 0x73, 0x28, 0x28, 0x76, 0x5f, 0x74, 0x65, 0x78, 0x63, 0x6f, 0x6f, 0x72, 0x64, 0x30, // abs((v_texcoord0
	0x2e, 0x78, 0x20, 0x2a, 0x20, 0x32, 0x2e, 0x30, 0x29, 0x20, 0x2d, 0x20, 0x31, 0x2e, 0x30, 0x29, // .x * 2.0) - 1.0)
	0x29, 0x20, 0x2a, 0x20, 0x75, 0x5f, 0x70, 0x61, 0x72, 0x61, 0x6d, 0x73, 0x2e, 0x79, 0x29, 0x20, // ) * u_params.y) 
	0x2a, 0x20, 0x6d, 0x69, 0x6e, 0x28, 0x31, 0x2e, 0x30, 0x2c, 0x20, 0x76, 0x5f, 0x74, 0x65, 0x78, // * min(1.0, v_tex
	0x63, 0x6f, 0x6f, 0x72, 0x64, 0x30, 0x2e, 0x79, 0x29, 0x3b, 0x0a, 0x20, 0x20, 0x20, 0x20, 0x68, // coord0.y);.    h
	0x69, 0x67, 0x68, 0x70, 0x20, 0x76, 0x65, 0x63, 0x34, 0x20, 0x5f, 0x35, 0x30, 0x30, 0x3b, 0x0a, // ighp vec4 _500;.
	0x20, 0x20, 0x20, 0x20, 0x69, 0x66, 0x20, 0x28, 0x75, 0x5f, 0x70, 0x61, 0x72, 0x61, 0x6d, 0x73, //     if (u_params
	0x2e, 0x77, 0x20, 0x3d, 0x3d, 0x20, 0x30, 0x2e, 0x30, 0x29, 0x0a, 0x20, 0x20, 0x20, 0x20, 0x7b, // .w == 0.0).    {
	0x0a, 0x20, 0x20, 0x20, 0x20, 0x20, 0x20, 0x20, 0x20, 0x68, 0x69, 0x67, 0x68, 0x70, 0x20, 0x76, // .        highp v
	0x65, 0x63, 0x32, 0x20, 0x5f, 0x34, 0x37, 0x32, 0x20, 0x3d, 0x20, 0x61, 0x62, 0x73, 0x28, 0x28, // ec2 _472 = abs((
	0x75, 0x5f, 0x70, 0x61, 0x69, 0x6e, 0x74, 0x4d, 0x61, 0x74, 0x20, 0x2a, 0x20, 0x5f, 0x34, 0x32, // u_paintMat * _42
	0x36, 0x29, 0x2e, 0x78, 0x79, 0x29, 0x20, 0x2d, 0x20, 0x28, 0x75, 0x5f, 0x65, 0x78, 0x74, 0x65, // 6).xy) - (u_exte
	0x6e, 0x74, 0x52, 0x61, 0x64, 0x69, 0x75, 0x73, 0x2e, 0x78, 0x79, 0x20, 0x2d, 0x20, 0x76, 0x65, // ntRadius.xy - ve
	0x63, 0x32, 0x28, 0x75, 0x5f, 0x65, 0x78, 0x74, 0x65, 0x6e, 0x74, 0x52, 0x61, 0x64, 0x69, 0x75, // c2(u_extentRadiu
	0x73, 0x2e, 0x7a, 0x29, 0x29, 0x3b, 0x0a, 0x20, 0x20, 0x20, 0x20, 0x20, 0x20, 0x20, 0x20, 0x5f, // s.z));.        _
	0x35, 0x30, 0x30, 0x20, 0x3d, 0x20, 0x6d, 0x69, 0x78, 0x28, 0x75, 0x5f, 0x69, 0x6e, 0x6e, 0x65, // 500 = mix(u_inne
	0x72, 0x43, 0x6f, 0x6c, 0x2c, 0x20, 0x75, 0x5f, 0x6f, 0x75, 0x74, 0x65, 0x72, 0x43, 0x6f, 0x6c, // rCol, u_outerCol
	0x2c, 0x20, 0x76, 0x65, 0x63, 0x34, 0x28, 0x63, 0x6c, 0x61, 0x6d, 0x70, 0x28, 0x28, 0x28, 0x28, // , vec4(clamp((((
	0x6d, 0x69, 0x6e, 0x28, 0x6d, 0x61, 0x78, 0x28, 0x5f, 0x34, 0x37, 0x32, 0x2e, 0x78, 0x2c, 0x20, // min(max(_472.x, 
	0x5f, 0x34, 0x37, 0x32, 0x2e, 0x79, 0x29, 0x2c, 0x20, 0x30, 0x2e, 0x30, 0x29, 0x20, 0x2b, 0x20, // _472.y), 0.0) + 
	0x6c, 0x65, 0x6e, 0x67, 0x74, 0x68, 0x28, 0x6d, 0x61, 0x78, 0x28, 0x5f, 0x34, 0x37, 0x32, 0x2c, // length(max(_472,
	0x20, 0x76, 0x65, 0x63, 0x32, 0x28, 0x30, 0x2e, 0x30, 0x29, 0x29, 0x29, 0x29, 0x20, 0x2d, 0x20, //  vec2(0.0)))) - 
	0x75, 0x5f, 0x65, 0x78, 0x74, 0x65, 0x6e, 0x74, 0x52, 0x61, 0x64, 0x69, 0x75, 0x73, 0x2e, 0x7a, // u_extentRadius.z
	0x29, 0x20, 0x2b, 0x20, 0x28, 0x75, 0x5f, 0x70, 0x61, 0x72, 0x61, 0x6d, 0x73, 0x2e, 0x78, 0x20, // ) + (u_params.x 
	0x2a, 0x20, 0x30, 0x2e, 0x35, 0x29, 0x29, 0x20, 0x2f, 0x20, 0x75, 0x5f, 0x70, 0x61, 0x72, 0x61, // * 0.5)) / u_para
	0x6d, 0x73, 0x2e, 0x78, 0x2c, 0x20, 0x30, 0x2e, 0x30, 0x2c, 0x20, 0x31, 0x2e, 0x30, 0x29, 0x29, // ms.x, 0.0, 1.0))
	0x29, 0x20, 0x2a, 0x20, 0x28, 0x5f, 0x34, 0x36, 0x30, 0x20, 0x2a, 0x20, 0x5f, 0x34, 0x34, 0x34, // ) * (_460 * _444
	0x29, 0x3b, 0x0a, 0x20, 0x20, 0x20, 0x20, 0x7d, 0x0a, 0x20, 0x20, 0x20, 0x20, 0x65, 0x6c, 0x73, // );.    }.    els
	0x65, 0x0a, 0x20, 0x20, 0x20, 0x20, 0x7b, 0x0a, 0x20, 0x20, 0x20, 0x20, 0x20, 0x20, 0x20, 0x20, // e.    {.        
	0x68, 0x69, 0x67, 0x68, 0x70, 0x20, 0x76, 0x65, 0x63, 0x34, 0x20, 0x5f, 0x35, 0x30, 0x31, 0x3b, // highp vec4 _501;
	0x0a, 0x20, 0x20, 0x20, 0x20, 0x20, 0x20, 0x20, 0x20, 0x69, 0x66, 0x20, 0x28, 0x75, 0x5f, 0x70, // .        if (u_p
	0x61, 0x72, 0x61, 0x6d, 0x73, 0x2e, 0x77, 0x20, 0x3d, 0x3d, 0x20, 0x31, 0x2e, 0x30, 0x29, 0x0a, // arams.w == 1.0).
	0x20, 0x20, 0x20, 0x20, 0x20, 0x20, 0x20, 0x20, 0x7b, 0x0a, 0x20, 0x20, 0x20, 0x20, 0x20, 0x20, //         {.      
	0x20, 0x20, 0x20, 0x20, 0x20, 0x20, 0x68, 0x69, 0x67, 0x68, 0x70, 0x20, 0x76, 0x65, 0x63, 0x34, //       highp vec4
	0x20, 0x5f, 0x31, 0x39, 0x34, 0x20, 0x3d, 0x20, 0x74, 0x65, 0x78, 0x74, 0x75, 0x72, 0x65, 0x28, //  _194 = texture(
	0x73, 0x5f, 0x74, 0x65, 0x78, 0x2c, 0x20, 0x28, 0x75, 0x5f, 0x70, 0x61, 0x69, 0x6e, 0x74, 0x4d, // s_tex, (u_paintM
	0x61, 0x74, 0x20, 0x2a, 0x20, 0x5f, 0x34, 0x32, 0x36, 0x29, 0x2e, 0x78, 0x79, 0x20, 0x2f, 0x20, // at * _426).xy / 
	0x75, 0x5f, 0x65, 0x78, 0x74, 0x65, 0x6e, 0x74, 0x52, 0x61, 0x64, 0x69, 0x75, 0x73, 0x2e, 0x78, // u_extentRadius.x
	0x79, 0x29, 0x3b, 0x0a, 0x20, 0x20, 0x20, 0x20, 0x20, 0x20, 0x20, 0x20, 0x20, 0x20, 0x20, 0x20, // y);.            
	0x68, 0x69, 0x67, 0x68, 0x70, 0x20, 0x76, 0x65, 0x63, 0x34, 0x20, 0x5f, 0x34, 0x39, 0x38, 0x3b, // highp vec4 _498;
	0x0a, 0x20, 0x20, 0x20, 0x20, 0x20, 0x20, 0x20, 0x20, 0x20, 0x20, 0x20, 0x20, 0x69, 0x66, 0x20, // .            if 
	0x28, 0x75, 0x5f, 0x70, 0x61, 0x72, 0x61, 0x6d, 0x73, 0x2e, 0x7a, 0x20, 0x3d, 0x3d, 0x20, 0x31, // (u_params.z == 1
	0x2e, 0x30, 0x29, 0x0a, 0x20, 0x20, 0x20, 0x20, 0x20, 0x20, 0x20, 0x20, 0x20, 0x20, 0x20, 0x20, // .0).            
	0x7b, 0x0a, 0x20, 0x20, 0x20, 0x20, 0x20, 0x20, 0x20, 0x20, 0x20, 0x20, 0x20, 0x20, 0x20, 0x20, // {.              
	0x20, 0x20, 0x68, 0x69, 0x67, 0x68, 0x70, 0x20, 0x66, 0x6c, 0x6f, 0x61, 0x74, 0x20, 0x5f, 0x32, //   highp float _2
	0x30, 0x33, 0x20, 0x3d, 0x20, 0x5f, 0x31, 0x39, 0x34, 0x2e, 0x77, 0x3b, 0x0a, 0x20, 0x20, 0x20, // 03 = _194.w;.   
	0x20, 0x20, 0x20, 0x20, 0x20, 0x20, 0x20, 0x20, 0x20, 0x20, 0x20, 0x20, 0x20, 0x5f, 0x34, 0x39, //              _49
	0x38, 0x20, 0x3d, 0x20, 0x76, 0x65, 0x63, 0x34, 0x28, 0x5f, 0x31, 0x39, 0x34, 0x2e, 0x78, 0x79, // 8 = vec4(_194.xy
	0x7a, 0x20, 0x2a, 0x20, 0x5f, 0x32, 0x30, 0x33, 0x2c, 0x20, 0x5f, 0x32, 0x30, 0x33, 0x29, 0x3b, // z * _203, _203);
	0x0a, 0x20, 0x20, 0x20, 0x20, 0x20, 0x20, 0x20, 0x20, 0x20, 0x20, 0x20, 0x20, 0x7d, 0x0a, 0x20, // .            }. 
	0x20, 0x20, 0x20, 0x20, 0x20, 0x20, 0x20, 0x20, 0x20, 0x20, 0x20, 0x65, 0x6c, 0x73, 0x65, 0x0a, //            else.
	0x20, 0x20, 0x20, 0x20, 0x20, 0x20, 0x20, 0x20, 0x20, 0x20, 0x20, 0x20, 0x7b, 0x0a, 0x20, 0x20, //             {.  
	0x20, 0x20, 0x20, 0x20, 0x20, 0x20, 0x20, 0x20, 0x20, 0x20, 0x20, 0x20, 0x20, 0x20, 0x5f, 0x34, //               _4
	0x39, 0x38, 0x20, 0x3d, 0x20, 0x5f, 0x31, 0x39, 0x34, 0x3b, 0x0a, 0x20, 0x20, 0x20, 0x20, 0x20, // 98 = _194;.     
	0x20, 0x20, 0x20, 0x20, 0x20, 0x20, 0x20, 0x7d, 0x0a, 0x20, 0x20, 0x20, 0x20, 0x20, 0x20, 0x20, //        }.       
	0x20, 0x20, 0x20, 0x20, 0x20, 0x68, 0x69, 0x67, 0x68, 0x70, 0x20, 0x76, 0x65, 0x63, 0x34, 0x20, //      highp vec4 
	0x5f, 0x34, 0x39, 0x39, 0x3b, 0x0a, 0x20, 0x20, 0x20, 0x20, 0x20, 0x20, 0x20, 0x20, 0x20, 0x20, // _499;.          
	0x20, 0x20, 0x69, 0x66, 0x20, 0x28, 0x75, 0x5f, 0x70, 0x61, 0x72, 0x61, 0x6d, 0x73, 0x2e, 0x7a, //   if (u_params.z
	0x20, 0x3d, 0x3d, 0x20, 0x32, 0x2e, 0x30, 0x29, 0x0a, 0x20, 0x20, 0x20, 0x20, 0x20, 0x20, 0x20, //  == 2.0).       
	0x20, 0x20, 0x20, 0x20, 0x20, 0x7b, 0x0a, 0x20, 0x20, 0x20, 0x20, 0x20, 0x20, 0x20, 0x20, 0x20, //      {.         
	0x20, 0x20, 0x20, 0x20, 0x20, 0x20, 0x20, 0x5f, 0x34, 0x39, 0x39, 0x20, 0x3d, 0x20, 0x5f, 0x34, //        _499 = _4
	0x39, 0x38, 0x2e, 0x78, 0x78, 0x78, 0x78, 0x3b, 0x0a, 0x20, 0x20, 0x20, 0x20, 0x20, 0x20, 0x20, // 98.xxxx;.       
	0x20, 0x20, 0x20, 0x20, 0x20, 0x7d, 0x0a, 0x20, 0x20, 0x20, 0x20, 0x20, 0x20, 0x20, 0x20, 0x20, //      }.         
	0x20, 0x20, 0x20, 0x65, 0x6c, 0x73, 0x65, 0x0a, 0x20, 0x20, 0x20, 0x20, 0x20, 0x20, 0x20, 0x20, //    else.        
	0x20, 0x20, 0x20, 0x20, 0x7b, 0x0a, 0x20, 0x20, 0x20, 0x20, 0x20, 0x20, 0x20, 0x20, 0x20, 0x20, //     {.          
	0x20, 0x20, 0x20, 0x20, 0x20, 0x20, 0x5f, 0x34, 0x39, 0x39, 0x20, 0x3d, 0x20, 0x5f, 0x34, 0x39, //       _499 = _49
	0x38, 0x3b, 0x0a, 0x20, 0x20, 0x20, 0x20, 0x20, 0x20, 0x20, 0x20, 0x20, 0x20, 0x20, 0x20, 0x7d, // 8;.            }
	0x0a, 0x20, 0x20, 0x20, 0x20, 0x20, 0x20, 0x20, 0x20, 0x20, 0x20, 0x20, 0x20, 0x5f, 0x35, 0x30, // .            _50
	0x31, 0x20, 0x3d, 0x20, 0x28, 0x5f, 0x34, 0x39, 0x39, 0x20, 0x2a, 0x20, 0x75, 0x5f, 0x69, 0x6e, // 1 = (_499 * u_in
	0x6e, 0x65, 0x72, 0x43, 0x6f, 0x6c, 0x29, 0x20, 0x2a, 0x20, 0x28, 0x5f, 0x34, 0x36, 0x30, 0x20, // nerCol) * (_460 
	0x2a, 0x20, 0x5f, 0x34, 0x34, 0x34, 0x29, 0x3b, 0x0a, 0x20, 0x20, 0x20, 0x20, 0x20, 0x20, 0x20, // * _444);.       
	0x20, 0x7d, 0x0a, 0x20, 0x20, 0x20, 0x20, 0x20, 0x20, 0x20, 0x20, 0x65, 0x6c, 0x73, 0x65, 0x0a, //  }.        else.
	0x20, 0x20, 0x20, 0x20, 0x20, 0x20, 0x20, 0x20, 0x7b, 0x0a, 0x20, 0x20, 0x20, 0x20, 0x20, 0x20, //         {.      
	0x20, 0x20, 0x20, 0x20, 0x20, 0x20, 0x68, 0x69, 0x67, 0x68, 0x70, 0x20, 0x76, 0x65, 0x63, 0x34, //       highp vec4
	0x20, 0x5f, 0x35, 0x30, 0x32, 0x3b, 0x0a, 0x20, 0x20, 0x20, 0x20, 0x20, 0x20, 0x20, 0x20, 0x20, //  _502;.         
	0x20, 0x20, 0x20, 0x69, 0x66, 0x20, 0x28, 0x75, 0x5f, 0x70, 0x61, 0x72, 0x61, 0x6d, 0x73, 0x2e, //    if (u_params.
	0x77, 0x20, 0x3d, 0x3d, 0x20, 0x32, 0x2e, 0x30, 0x29, 0x0a, 0x20, 0x20, 0x20, 0x20, 0x20, 0x20, // w == 2.0).      
	0x20, 0x20, 0x20, 0x20, 0x20, 0x20, 0x7b, 0x0a, 0x20, 0x20, 0x20, 0x20, 0x20, 0x20, 0x20, 0x20, //       {.        
	0x20, 0x20, 0x20, 0x20, 0x20, 0x20, 0x20, 0x20, 0x5f, 0x35, 0x30, 0x32, 0x20, 0x3d, 0x20, 0x76, //         _502 = v
	0x65, 0x63, 0x34, 0x28, 0x31, 0x2e, 0x30, 0x29, 0x3b, 0x0a, 0x20, 0x20, 0x20, 0x20, 0x20, 0x20, // ec4(1.0);.      
	0x20, 0x20, 0x20, 0x20, 0x20, 0x20, 0x7d, 0x0a, 0x20, 0x20, 0x20, 0x20, 0x20, 0x20, 0x20, 0x20, //       }.        
	0x20, 0x20, 0x20, 0x20, 0x65, 0x6c, 0x73, 0x65, 0x0a, 0x20, 0x20, 0x20, 0x20, 0x20, 0x20, 0x20, //     else.       
	0x20, 0x20, 0x20, 0x20, 0x20, 0x7b, 0x0a, 0x20, 0x20, 0x20, 0x20, 0x20, 0x20, 0x20, 0x20, 0x20, //      {.         
	0x20, 0x20, 0x20, 0x20, 0x20, 0x20, 0x20, 0x68, 0x69, 0x67, 0x68, 0x70, 0x20, 0x76, 0x65, 0x63, //        highp vec
	0x34, 0x20, 0x5f, 0x35, 0x30, 0x33, 0x3b, 0x0a, 0x20, 0x20, 0x20, 0x20, 0x20, 0x20, 0x20, 0x20, // 4 _503;.        
	0x20, 0x20, 0x20, 0x20, 0x20, 0x20, 0x20, 0x20, 0x69, 0x66, 0x20, 0x28, 0x75, 0x5f, 0x70, 0x61, //         if (u_pa
	0x72, 0x61, 0x6d, 0x73, 0x2e, 0x77, 0x20, 0x3d, 0x3d, 0x20, 0x33, 0x2e, 0x30, 0x29, 0x0a, 0x20, // rams.w == 3.0). 
	0x20, 0x20, 0x20, 0x20, 0x20, 0x20, 0x20, 0x20, 0x20, 0x20, 0x20, 0x20, 0x20, 0x20, 0x20, 0x7b, //                {
	0x0a, 0x20, 0x20, 0x20, 0x20, 0x20, 0x20, 0x20, 0x20, 0x20, 0x20, 0x20, 0x20, 0x20, 0x20, 0x20, // .               
	0x20, 0x20, 0x20, 0x20, 0x20, 0x68, 0x69, 0x67, 0x68, 0x70, 0x20, 0x76, 0x65, 0x63, 0x34, 0x20, //      highp vec4 
	0x5f, 0x32, 0x34, 0x34, 0x20, 0x3d, 0x20, 0x74, 0x65, 0x78, 0x74, 0x75, 0x72, 0x65, 0x28, 0x73, // _244 = texture(s
	0x5f, 0x74, 0x65, 0x78, 0x2c, 0x20, 0x76, 0x5f, 0x74, 0x65, 0x78, 0x63, 0x6f, 0x6f, 0x72, 0x64, // _tex, v_texcoord
	0x30, 0x29, 0x3b, 0x0a, 0x20, 0x20, 0x20, 0x20, 0x20, 0x20, 0x20, 0x20, 0x20, 0x20, 0x20, 0x20, // 0);.            
	0x20, 0x20, 0x20, 0x20, 0x20, 0x20, 0x20, 0x20, 0x68, 0x69, 0x67, 0x68, 0x70, 0x20, 0x76, 0x65, //         highp ve
	0x63, 0x34, 0x20, 0x5f, 0x34, 0x39, 0x36, 0x3b, 0x0a, 0x20, 0x20, 0x20, 0x20, 0x20, 0x20, 0x20, // c4 _496;.       
	0x20, 0x20, 0x20, 0x20, 0x20, 0x20, 0x20, 0x20, 0x20, 0x20, 0x20, 0x20, 0x20, 0x69, 0x66, 0x20, //              if 
	0x28, 0x75, 0x5f, 0x70, 0x61, 0x72, 0x61, 0x6d, 0x73, 0x2e, 0x7a, 0x20, 0x3d, 0x3d, 0x20, 0x31, // (u_params.z == 1
	0x2e, 0x30, 0x29, 0x0a, 0x20, 0x20, 0x20, 0x20, 0x20, 0x20, 0x20, 0x20, 0x20, 0x20, 0x20, 0x20, // .0).            
	0x20, 0x20, 0x20, 0x20, 0x20, 0x20, 0x20, 0x20, 0x7b, 0x0a, 0x20, 0x20, 0x20, 0x20, 0x20, 0x20, //         {.      
	0x20, 0x20, 0x20, 0x20, 0x20, 0x20, 0x20, 0x20, 0x20, 0x20, 0x20, 0x20, 0x20, 0x20, 0x20, 0x20, //                 
	0x20, 0x20, 0x68, 0x69, 0x67, 0x68, 0x70, 0x20, 0x66, 0x6c, 0x6f, 0x61, 0x74, 0x20, 0x5f, 0x32, //   highp float _2
	0x35, 0x33, 0x20, 0x3d, 0x20, 0x5f, 0x32, 0x34, 0x34, 0x2e, 0x77, 0x3b, 0x0a, 0x20, 0x20, 0x20, // 53 = _244.w;.   
	0x20, 0x20, 0x20, 0x20, 0x20, 0x20, 0x20, 0x20, 0x20, 0x20, 0x20, 0x20, 0x20, 0x20, 0x20, 0x20, //                 
	0x20, 0x20, 0x20, 0x20, 0x20, 0x5f, 0x34, 0x39, 0x36, 0x20, 0x3d, 0x20, 0x76, 0x65, 0x63, 0x34, //      _496 = vec4
	0x28, 0x5f, 0x32, 0x34, 0x34, 0x2e, 0x78, 0x79, 0x7a, 0x20, 0x2a, 0x20, 0x5f, 0x32, 0x35, 0x33, // (_244.xyz * _253
	0x2c, 0x20, 0x5f, 0x32, 0x35, 0x33, 0x29, 0x3b, 0x0a, 0x20, 0x20, 0x20, 0x20, 0x20, 0x20, 0x20, // , _253);.       
	0x20, 0x20, 0x20, 0x20, 0x20, 0x20, 0x20, 0x20, 0x20, 0x20, 0x20, 0x20, 0x20, 0x7d, 0x0a, 0x20, //              }. 
	0x20, 0x20, 0x20, 0x20, 0x20, 0x20, 0x20, 0x20, 0x20, 0x20, 0x20, 0x20, 0x20, 0x20, 0x20, 0x20, //                 
	0x20, 0x20, 0x20, 0x65, 0x6c, 0x73, 0x65, 0x0a, 0x20, 0x20, 0x20, 0x20, 0x20, 0x20, 0x20, 0x20, //    else.        
	0x20, 0x20, 0x20, 0x20, 0x20, 0x20, 0x20, 0x20, 0x20, 0x20, 0x20, 0x20, 0x7b, 0x0a, 0x20, 0x20, //             {.  
	0x20, 0x20, 0x20, 0x20, 0x20, 0x20, 0x20, 0x20, 0x20, 0x20, 0x20, 0x20, 0x20, 0x20, 0x20, 0x20, //                 
	0x20, 0x20, 0x20, 0x20, 0x20, 0x20, 0x5f, 0x34, 0x39, 0x36, 0x20, 0x3d, 0x20, 0x5f, 0x32, 0x34, //       _496 = _24
	0x34, 0x3b, 0x0a, 0x20, 0x20, 0x20, 0x20, 0x20, 0x20, 0x20, 0x20, 0x20, 0x20, 0x20, 0x20, 0x20, // 4;.             
	0x20, 0x20, 0x20, 0x20, 0x20, 0x20, 0x20, 0x7d, 0x0a, 0x20, 0x20, 0x20, 0x20, 0x20, 0x20, 0x20, //        }.       
	0x20, 0x20, 0x20, 0x20, 0x20, 0x20, 0x20, 0x20, 0x20, 0x20, 0x20, 0x20, 0x20, 0x68, 0x69, 0x67, //              hig
	0x68, 0x70, 0x20, 0x76, 0x65, 0x63, 0x34, 0x20, 0x5f, 0x34, 0x39, 0x37, 0x3b, 0x0a, 0x20, 0x20, // hp vec4 _497;.  
	0x20, 0x20, 0x20, 0x20, 0x20, 0x20, 0x20, 0x20, 0x20, 0x20, 0x20, 0x20, 0x20, 0x20, 0x20, 0x20, //                 
	0x20, 0x20, 0x69, 0x66, 0x20, 0x28, 0x75, 0x5f, 0x70, 0x61, 0x72, 0x61, 0x6d, 0x73, 0x2e, 0x7a, //   if (u_params.z
	0x20, 0x3d, 0x3d, 0x20, 0x32, 0x2e, 0x30, 0x29, 0x0a, 0x20, 0x20, 0x20, 0x20, 0x20, 0x20, 0x20, //  == 2.0).       
	0x20, 0x20, 0x20, 0x20, 0x20, 0x20, 0x20, 0x20, 0x20, 0x20, 0x20, 0x20, 0x20, 0x7b, 0x0a, 0x20, //              {. 
	0x20, 0x20, 0x20, 0x20, 0x20, 0x20, 0x20, 0x20, 0x20, 0x20, 0x20, 0x20, 0x20, 0x20, 0x20, 0x20, //                 
	0x20, 0x20, 0x20, 0x20, 0x20, 0x20, 0x20, 0x5f, 0x34, 0x39, 0x37, 0x20, 0x3d, 0x20, 0x5f, 0x34, //        _497 = _4
	0x39, 0x36, 0x2e, 0x78, 0x78, 0x78, 0x78, 0x3b, 0x0a, 0x20, 0x20, 0x20, 0x20, 0x20, 0x20, 0x20, // 96.xxxx;.       
	0x20, 0x20, 0x20, 0x20, 0x20, 0x20, 0x20, 0x20, 0x20, 0x20, 0x20, 0x20, 0x20, 0x7d, 0x0a, 0x20, //              }. 
	0x20, 0x20, 0x20, 0x20, 0x20, 0x20, 0x20, 0x20, 0x20, 0x20, 0x20, 0x20, 0x20, 0x20, 0x20, 0x20, //                 
	0x20, 0x20, 0x20, 0x65, 0x6c, 0x73, 0x65, 0x0a, 0x20, 0x20, 0x20, 0x20, 0x20, 0x20, 0x20, 0x20, //    else.        
	0x20, 0x20, 0x20, 0x20, 0x20, 0x20, 0x20, 0x20, 0x20, 0x20, 0x20, 0x20, 0x7b, 0x0a, 0x20, 0x20, //             {.  
	0x20, 0x20, 0x20, 0x20, 0x20, 0x20, 0x20, 0x20, 0x20, 0x20, 0x20, 0x20, 0x20, 0x20, 0x20, 0x20, //                 
	0x20, 0x20, 0x20, 0x20, 0x20, 0x20, 0x5f, 0x34, 0x39, 0x37, 0x20, 0x3d, 0x20, 0x5f, 0x34, 0x39, //       _497 = _49
	0x36, 0x3b, 0x0a, 0x20, 0x20, 0x20, 0x20, 0x20, 0x20, 0x20, 0x20, 0x20, 0x20, 0x20, 0x20, 0x20, // 6;.             
	0x20, 0x20, 0x20, 0x20, 0x20, 0x20, 0x20, 0x7d, 0x0a, 0x20, 0x20, 0x20, 0x20, 0x20, 0x20, 0x20, //        }.       
	0x20, 0x20, 0x20, 0x20, 0x20, 0x20, 0x20, 0x20, 0x20, 0x20, 0x20, 0x20, 0x20, 0x5f, 0x35, 0x30, //              _50
	0x33, 0x20, 0x3d, 0x20, 0x28, 0x5f, 0x34, 0x39, 0x37, 0x20, 0x2a, 0x20, 0x5f, 0x34, 0x34, 0x34, // 3 = (_497 * _444
	0x29, 0x20, 0x2a, 0x20, 0x75, 0x5f, 0x69, 0x6e, 0x6e, 0x65, 0x72, 0x43, 0x6f, 0x6c, 0x3b, 0x0a, // ) * u_innerCol;.
	0x20, 0x20, 0x20, 0x20, 0x20, 0x20, 0x20, 0x20, 0x20, 0x20, 0x20, 0x20, 0x20, 0x20, 0x20, 0x20, //                 
	0x7d, 0x0a, 0x20, 0x20, 0x20, 0x20, 0x20, 0x20, 0x20, 0x20, 0x20, 0x20, 0x20, 0x20, 0x20, 0x20, // }.              
	0x20, 0x20, 0x65, 0x6c, 0x73, 0x65, 0x0a, 0x20, 0x20, 0x20, 0x20, 0x20, 0x20, 0x20, 0x20, 0x20, //   else.         
	0x20, 0x20, 0x20, 0x20, 0x20, 0x20, 0x20, 0x7b, 0x0a, 0x20, 0x20, 0x20, 0x20, 0x20, 0x20, 0x20, //        {.       
	0x20, 0x20, 0x20, 0x20, 0x20, 0x20, 0x20, 0x20, 0x20, 0x20, 0x20, 0x20, 0x20, 0x68, 0x69, 0x67, //              hig
	0x68, 0x70, 0x20, 0x76, 0x65, 0x63, 0x34, 0x20, 0x5f, 0x35, 0x30, 0x34, 0x3b, 0x0a, 0x20, 0x20, // hp vec4 _504;.  
	0x20, 0x20, 0x20, 0x20, 0x20, 0x20, 0x20, 0x20, 0x20, 0x20, 0x20, 0x20, 0x20, 0x20, 0x20, 0x20, //                 
	0x20, 0x20, 0x69, 0x66, 0x20, 0x28, 0x75, 0x5f, 0x70, 0x61, 0x72, 0x61, 0x6d, 0x73, 0x2e, 0x77, //   if (u_params.w
	0x20, 0x3d, 0x3d, 0x20, 0x34, 0x2e, 0x30, 0x29, 0x0a, 0x20, 0x20, 0x20, 0x20, 0x20, 0x20, 0x20, //  == 4.0).       
	0x20, 0x20, 0x20, 0x20, 0x20, 0x20, 0x20, 0x20, 0x20, 0x20, 0x20, 0x20, 0x20, 0x7b, 0x0a, 0x20, //              {. 
	0x20, 0x20, 0x20, 0x20, 0x20, 0x20, 0x20, 0x20, 0x20, 0x20, 0x20, 0x20, 0x20, 0x20, 0x20, 0x20, //                 
	0x20, 0x20, 0x20, 0x20, 0x20, 0x20, 0x20, 0x68, 0x69, 0x67, 0x68, 0x70, 0x20, 0x76, 0x65, 0x63, //        highp vec
	0x32, 0x20, 0x5f, 0x32, 0x38, 0x38, 0x20, 0x3d, 0x20, 0x76, 0x65, 0x63, 0x32, 0x28, 0x74, 0x65, // 2 _288 = vec2(te
	0x78, 0x74, 0x75, 0x72, 0x65, 0x53, 0x69, 0x7a, 0x65, 0x28, 0x73, 0x5f, 0x74, 0x65, 0x78, 0x2c, // xtureSize(s_tex,
	0x20, 0x30, 0x29, 0x29, 0x3b, 0x0a, 0x20, 0x20, 0x20, 0x20, 0x20, 0x20, 0x20, 0x20, 0x20, 0x20, //  0));.          
	0x20, 0x20, 0x20, 0x20, 0x20, 0x20, 0x20, 0x20, 0x20, 0x20, 0x20, 0x20, 0x20, 0x20, 0x68, 0x69, //               hi
	0x67, 0x68, 0x70, 0x20, 0x66, 0x6c, 0x6f, 0x61, 0x74, 0x20, 0x5f, 0x33, 0x38, 0x31, 0x20, 0x3d, // ghp float _381 =
	0x20, 0x6d, 0x61, 0x78, 0x28, 0x75, 0x5f, 0x70, 0x61, 0x72, 0x61, 0x6d, 0x73, 0x2e, 0x78, 0x2c, //  max(u_params.x,
	0x20, 0x30, 0x2e, 0x30, 0x30, 0x31, 0x30, 0x30, 0x30, 0x30, 0x30, 0x30, 0x30, 0x34, 0x37, 0x34, //  0.0010000000474
	0x39, 0x37, 0x34, 0x35, 0x31, 0x33, 0x30, 0x35, 0x33, 0x38, 0x39, 0x34, 0x30, 0x34, 0x32, 0x39, // 9745130538940429
	0x36, 0x38, 0x37, 0x35, 0x29, 0x3b, 0x0a, 0x20, 0x20, 0x20, 0x20, 0x20, 0x20, 0x20, 0x20, 0x20, // 6875);.         
	0x20, 0x20, 0x20, 0x20, 0x20, 0x20, 0x20, 0x20, 0x20, 0x20, 0x20, 0x20, 0x20, 0x20, 0x20, 0x5f, //                _
	0x35, 0x30, 0x34, 0x20, 0x3d, 0x20, 0x75, 0x5f, 0x69, 0x6e, 0x6e, 0x65, 0x72, 0x43, 0x6f, 0x6c, // 504 = u_innerCol
	0x20, 0x2a, 0x20, 0x28, 0x73, 0x6d, 0x6f, 0x6f, 0x74, 0x68, 0x73, 0x74, 0x65, 0x70, 0x28, 0x75, //  * (smoothstep(u
	0x5f, 0x70, 0x61, 0x72, 0x61, 0x6d, 0x73, 0x2e, 0x79, 0x20, 0x2d, 0x20, 0x5f, 0x33, 0x38, 0x31, // _params.y - _381
	0x2c, 0x20, 0x75, 0x5f, 0x70, 0x61, 0x72, 0x61, 0x6d, 0x73, 0x2e, 0x79, 0x20, 0x2b, 0x20, 0x5f, // , u_params.y + _
	0x33, 0x38, 0x31, 0x2c, 0x20, 0x28, 0x28, 0x28, 0x28, 0x28, 0x28, 0x28, 0x28, 0x74, 0x65, 0x78, // 381, ((((((((tex
	0x74, 0x75, 0x72, 0x65, 0x28, 0x73, 0x5f, 0x74, 0x65, 0x78, 0x2c, 0x20, 0x76, 0x5f, 0x74, 0x65, // ture(s_tex, v_te
	0x78, 0x63, 0x6f, 0x6f, 0x72, 0x64, 0x30, 0x20, 0x2b, 0x20, 0x28, 0x76, 0x65, 0x63, 0x32, 0x28, // xcoord0 + (vec2(
	0x2d, 0x31, 0x2e, 0x30, 0x29, 0x20, 0x2f, 0x20, 0x5f, 0x32, 0x38, 0x38, 0x29, 0x29, 0x2e, 0x77, // -1.0) / _288)).w
	0x20, 0x2b, 0x20, 0x74, 0x65, 0x78, 0x74, 0x75, 0x72, 0x65, 0x28, 0x73, 0x5f, 0x74, 0x65, 0x78, //  + texture(s_tex
	0x2c, 0x20, 0x76, 0x5f, 0x74, 0x65, 0x78, 0x63, 0x6f, 0x6f, 0x72, 0x64, 0x30, 0x20, 0x2b, 0x20, // , v_texcoord0 + 
	0x28, 0x76, 0x65, 0x63, 0x32, 0x28, 0x30, 0x2e, 0x30, 0x2c, 0x20, 0x2d, 0x31, 0x2e, 0x30, 0x29, // (vec2(0.0, -1.0)
	0x20, 0x2f, 0x20, 0x5f, 0x32, 0x38, 0x38, 0x29, 0x29, 0x2e, 0x77, 0x29, 0x20, 0x2b, 0x20, 0x74, //  / _288)).w) + t
	0x65, 0x78, 0x74, 0x75, 0x72, 0x65, 0x28, 0x73, 0x5f, 0x74, 0x65, 0x78, 0x2c, 0x20, 0x76, 0x5f, // exture(s_tex, v_
	0x74, 0x65, 0x78, 0x63, 0x6f, 0x6f, 0x72, 0x64, 0x30, 0x20, 0x2b, 0x20, 0x28, 0x76, 0x65, 0x63, // texcoord0 + (vec
	0x32, 0x28, 0x31, 0x2e, 0x30, 0x2c, 0x20, 0x2d, 0x31, 0x2e, 0x30, 0x29, 0x20, 0x2f, 0x20, 0x5f, // 2(1.0, -1.0) / _
	0x32, 0x38, 0x38, 0x29, 0x29, 0x2e, 0x77, 0x29, 0x20, 0x2b, 0x20, 0x74, 0x65, 0x78, 0x74, 0x75, // 288)).w) + textu
	0x72, 0x65, 0x28, 0x73, 0x5f, 0x74, 0x65, 0x78, 0x2c, 0x20, 0x76, 0x5f, 0x74, 0x65, 0x78, 0x63, // re(s_tex, v_texc
	0x6f, 0x6f, 0x72, 0x64, 0x30, 0x20, 0x2b, 0x20, 0x28, 0x76, 0x65, 0x63, 0x32, 0x28, 0x2d, 0x31, // oord0 + (vec2(-1
	0x2e, 0x30, 0x2c, 0x20, 0x30, 0x2e, 0x30, 0x29, 0x20, 0x2f, 0x20, 0x5f, 0x32, 0x38, 0x38, 0x29, // .0, 0.0) / _288)
	0x29, 0x2e, 0x77, 0x29, 0x20, 0x2b, 0x20, 0x74, 0x65, 0x78, 0x74, 0x75, 0x72, 0x65, 0x28, 0x73, // ).w) + texture(s
	0x5f, 0x74, 0x65, 0x78, 0x2c, 0x20, 0x76, 0x5f, 0x74, 0x65, 0x78, 0x63, 0x6f, 0x6f, 0x72, 0x64, // _tex, v_texcoord
	0x30, 0x29, 0x2e, 0x77, 0x29, 0x20, 0x2b, 0x20, 0x74, 0x65, 0x78, 0x74, 0x75, 0x72, 0x65, 0x28, // 0).w) + texture(
	0x73, 0x5f, 0x74, 0x65, 0x78, 0x2c, 0x20, 0x76, 0x5f, 0x74, 0x65, 0x78, 0x63, 0x6f, 0x6f, 0x72, // s_tex, v_texcoor
	0x64, 0x30, 0x20, 0x2b, 0x20, 0x28, 0x76, 0x65, 0x63, 0x32, 0x28, 0x31, 0x2e, 0x30, 0x2c, 0x20, // d0 + (vec2(1.0, 
	0x30, 0x2e, 0x30, 0x29, 0x20, 0x2f, 0x20, 0x5f, 0x32, 0x38, 0x38, 0x29, 0x29, 0x2e, 0x77, 0x29, // 0.0) / _288)).w)
	0x20, 0x2b, 0x20, 0x74, 0x65, 0x78, 0x74, 0x75, 0x72, 0x65, 0x28, 0x73, 0x5f, 0x74, 0x65, 0x78, //  + texture(s_tex
	0x2c, 0x20, 0x76, 0x5f, 0x74, 0x65, 0x78, 0x63, 0x6f, 0x6f, 0x72, 0x64, 0x30, 0x20, 0x2b, 0x20, // , v_texcoord0 + 
	0x28, 0x76, 0x65, 0x63, 0x32, 0x28, 0x2d, 0x31, 0x2e, 0x30, 0x2c, 0x20, 0x31, 0x2e, 0x30, 0x29, // (vec2(-1.0, 1.0)
	0x20, 0x2f, 0x20, 0x5f, 0x32, 0x38, 0x38, 0x29, 0x29, 0x2e, 0x77, 0x29, 0x20, 0x2b, 0x20, 0x74, //  / _288)).w) + t
	0x65, 0x78, 0x74, 0x75, 0x72, 0x65, 0x28, 0x73, 0x5f, 0x74, 0x65, 0x78, 0x2c, 0x20, 0x76, 0x5f, // exture(s_tex, v_
	0x74, 0x65, 0x78, 0x63, 0x6f, 0x6f, 0x72, 0x64, 0x30, 0x20, 0x2b, 0x20, 0x28, 0x76, 0x65, 0x63, // texcoord0 + (vec
	0x32, 0x28, 0x30, 0x2e, 0x30, 0x2c, 0x20, 0x31, 0x2e, 0x30, 0x29, 0x20, 0x2f, 0x20, 0x5f, 0x32, // 2(0.0, 1.0) / _2
	0x38, 0x38, 0x29, 0x29, 0x2e, 0x77, 0x29, 0x20, 0x2b, 0x20, 0x74, 0x65, 0x78, 0x74, 0x75, 0x72, // 88)).w) + textur
	0x65, 0x28, 0x73, 0x5f, 0x74, 0x65, 0x78, 0x2c, 0x20, 0x76, 0x5f, 0x74, 0x65, 0x78, 0x63, 0x6f, // e(s_tex, v_texco
	0x6f, 0x72, 0x64, 0x30, 0x20, 0x2b, 0x20, 0x28, 0x76, 0x65, 0x63, 0x32, 0x28, 0x31, 0x2e, 0x30, // ord0 + (vec2(1.0
	0x29, 0x20, 0x2f, 0x20, 0x5f, 0x32, 0x38, 0x38, 0x29, 0x29, 0x2e, 0x77, 0x29, 0x20, 0x2a, 0x20, // ) / _288)).w) * 
	0x30, 0x2e, 0x31, 0x31, 0x31, 0x31, 0x31, 0x31, 0x31, 0x31, 0x31, 0x39, 0x33, 0x38, 0x39, 0x35, // 0.11111111193895
	0x33, 0x33, 0x39, 0x39, 0x36, 0x35, 0x38, 0x32, 0x30, 0x33, 0x31, 0x32, 0x35, 0x29, 0x20, 0x2a, // 3399658203125) *
	0x20, 0x5f, 0x34, 0x34, 0x34, 0x29, 0x3b, 0x0a, 0x20, 0x20, 0x20, 0x20, 0x20, 0x20, 0x20, 0x20, //  _444);.        
	0x20, 0x20, 0x20, 0x20, 0x20, 0x20, 0x20, 0x20, 0x20, 0x20, 0x20, 0x20, 0x7d, 0x0a, 0x20, 0x20, //             }.  
	0x20, 0x20, 0x20, 0x20, 0x20, 0x20, 0x20, 0x20, 0x20, 0x20, 0x20, 0x20, 0x20, 0x20, 0x20, 0x20, //                 
	0x20, 0x20, 0x65, 0x6c, 0x73, 0x65, 0x0a, 0x20, 0x20, 0x20, 0x20, 0x20, 0x20, 0x20, 0x20, 0x20, //   else.         
	0x20, 0x20, 0x20, 0x20, 0x20, 0x20, 0x20, 0x20, 0x20, 0x20, 0x20, 0x7b, 0x0a, 0x20, 0x20, 0x20, //            {.   
	0x20, 0x20, 0x20, 0x20, 0x20, 0x20, 0x20, 0x20, 0x20, 0x20, 0x20, 0x20, 0x20, 0x20, 0x20, 0x20, //                 
	0x20, 0x20, 0x20, 0x20, 0x20, 0x5f, 0x35, 0x30, 0x34, 0x20, 0x3d, 0x20, 0x5f, 0x35, 0x30, 0x35, //      _504 = _505
	0x3b, 0x0a, 0x20, 0x20, 0x20, 0x20, 0x20, 0x20, 0x20, 0x20, 0x20, 0x20, 0x20, 0x20, 0x20, 0x20, // ;.              
	0x20, 0x20, 0x20, 0x20, 0x20, 0x20, 0x7d, 0x0a, 0x20, 0x20, 0x20, 0x20, 0x20, 0x20, 0x20, 0x20, //       }.        
	0x20, 0x20, 0x20, 0x20, 0x20, 0x20, 0x20, 0x20, 0x20, 0x20, 0x20, 0x20, 0x5f, 0x35, 0x30, 0x33, //             _503
	0x20, 0x3d, 0x20, 0x5f, 0x35, 0x30, 0x34, 0x3b, 0x0a, 0x20, 0x20, 0x20, 0x20, 0x20, 0x20, 0x20, //  = _504;.       
	0x20, 0x20, 0x20, 0x20, 0x20, 0x20, 0x20, 0x20, 0x20, 0x7d, 0x0a, 0x20, 0x20, 0x20, 0x20, 0x20, //          }.     
	0x20, 0x20, 0x20, 0x20, 0x20, 0x20, 0x20, 0x20, 0x20, 0x20, 0x20, 0x5f, 0x35, 0x30, 0x32, 0x20, //            _502 
	0x3d, 0x20, 0x5f, 0x35, 0x30, 0x33, 0x3b, 0x0a, 0x20, 0x20, 0x20, 0x20, 0x20, 0x20, 0x20, 0x20, // = _503;.        
	0x20, 0x20, 0x20, 0x20, 0x7d, 0x0a, 0x20, 0x20, 0x20, 0x20, 0x20, 0x20, 0x20, 0x20, 0x20, 0x20, //     }.          
	0x20, 0x20, 0x5f, 0x35, 0x30, 0x31, 0x20, 0x3d, 0x20, 0x5f, 0x35, 0x30, 0x32, 0x3b, 0x0a, 0x20, //   _501 = _502;. 
	0x20, 0x20, 0x20, 0x20, 0x20, 0x20, 0x20, 0x7d, 0x0a, 0x20, 0x20, 0x20, 0x20, 0x20, 0x20, 0x20, //        }.       
	0x20, 0x5f, 0x35, 0x30, 0x30, 0x20, 0x3d, 0x20, 0x5f, 0x35, 0x30, 0x31, 0x3b, 0x0a, 0x20, 0x20, //  _500 = _501;.  
	0x20, 0x20, 0x7d, 0x0a, 0x20, 0x20, 0x20, 0x20, 0x62, 0x67, 0x66, 0x78, 0x5f, 0x46, 0x72, 0x61, //   }.    bgfx_Fra
	0x67, 0x43, 0x6f, 0x6c, 0x6f, 0x72, 0x20, 0x3d, 0x20, 0x5f, 0x35, 0x30, 0x30, 0x3b, 0x0a, 0x7d, // gColor = _500;.}
	0x0a, 0x0a, 0x00,                                                                               // ...
};
static const uint8_t fs_nanovg_fill_glsl[4107] =
{
	0x46, 0x53, 0x48, 0x0c, 0xcf, 0xda, 0x1b, 0x94, 0x00, 0x00, 0x00, 0x00, 0x00, 0x00, 0x00, 0x00, // FSH.............
	0x00, 0x00, 0x00, 0x00, 0x08, 0x00, 0x0c, 0x75, 0x5f, 0x73, 0x63, 0x69, 0x73, 0x73, 0x6f, 0x72, // .......u_scissor
	0x4d, 0x61, 0x74, 0x03, 0x01, 0x00, 0x00, 0x03, 0x00, 0x00, 0x00, 0x00, 0x00, 0x11, 0x75, 0x5f, // Mat...........u_
	0x73, 0x63, 0x69, 0x73, 0x73, 0x6f, 0x72, 0x45, 0x78, 0x74, 0x53, 0x63, 0x61, 0x6c, 0x65, 0x02, // scissorExtScale.
	0x01, 0x00, 0x00, 0x01, 0x00, 0x00, 0x00, 0x00, 0x00, 0x08, 0x75, 0x5f, 0x70, 0x61, 0x72, 0x61, // ..........u_para
	0x6d, 0x73, 0x02, 0x01, 0x00, 0x00, 0x01, 0x00, 0x00, 0x00, 0x00, 0x00, 0x0a, 0x75, 0x5f, 0x70, // ms...........u_p
	0x61, 0x69, 0x6e, 0x74, 0x4d, 0x61, 0x74, 0x03, 0x01, 0x00, 0x00, 0x03, 0x00, 0x00, 0x00, 0x00, // aintMat.........
	0x00, 0x0e, 0x75, 0x5f, 0x65, 0x78, 0x74, 0x65, 0x6e, 0x74, 0x52, 0x61, 0x64, 0x69, 0x75, 0x73, // ..u_extentRadius
	0x02, 0x01, 0x00, 0x00, 0x01, 0x00, 0x00, 0x00, 0x00, 0x00, 0x0a, 0x75, 0x5f, 0x69, 0x6e, 0x6e, // ...........u_inn
	0x65, 0x72, 0x43, 0x6f, 0x6c, 0x02, 0x01, 0x00, 0x00, 0x01, 0x00, 0x00, 0x00, 0x00, 0x00, 0x0a, // erCol...........
	0x75, 0x5f, 0x6f, 0x75, 0x74, 0x65, 0x72, 0x43, 0x6f, 0x6c, 0x02, 0x01, 0x00, 0x00, 0x01, 0x00, // u_outerCol......
	0x00, 0x00, 0x00, 0x00, 0x05, 0x73, 0x5f, 0x74, 0x65, 0x78, 0x00, 0x01, 0x00, 0x00, 0x01, 0x00, // .....s_tex......
	0x00, 0x02, 0x00, 0x00, 0x42, 0x0f, 0x00, 0x00, 0x0a, 0x76, 0x65, 0x63, 0x34, 0x20, 0x5f, 0x35, // ....B....vec4 _5
	0x30, 0x35, 0x3b, 0x0a, 0x0a, 0x75, 0x6e, 0x69, 0x66, 0x6f, 0x72, 0x6d, 0x20, 0x6d, 0x61, 0x74, // 05;..uniform mat
	0x33, 0x20, 0x75, 0x5f, 0x73, 0x63, 0x69, 0x73, 0x73, 0x6f, 0x72, 0x4d, 0x61, 0x74, 0x3b, 0x0a, // 3 u_scissorMat;.
	0x75, 0x6e, 0x69, 0x66, 0x6f, 0x72, 0x6d, 0x20, 0x76, 0x65, 0x63, 0x34, 0x20, 0x75, 0x5f, 0x73, // uniform vec4 u_s
	0x63, 0x69, 0x73, 0x73, 0x6f, 0x72, 0x45, 0x78, 0x74, 0x53, 0x63, 0x61, 0x6c, 0x65, 0x3b, 0x0a, // cissorExtScale;.
	0x75, 0x6e, 0x69, 0x66, 0x6f, 0x72, 0x6d, 0x20, 0x76, 0x65, 0x63, 0x34, 0x20, 0x75, 0x5f, 0x70, // uniform vec4 u_p
	0x61, 0x72, 0x61, 0x6d, 0x73, 0x3b, 0x0a, 0x75, 0x6e, 0x69, 0x66, 0x6f, 0x72, 0x6d, 0x20, 0x6d, // arams;.uniform m
	0x61, 0x74, 0x33, 0x20, 0x75, 0x5f, 0x70, 0x61, 0x69, 0x6e, 0x74, 0x4d, 0x61, 0x74, 0x3b, 0x0a, // at3 u_paintMat;.
	0x75, 0x6e, 0x69, 0x66, 0x6f, 0x72, 0x6d, 0x20, 0x76, 0x65, 0x63, 0x34, 0x20, 0x75, 0x5f, 0x65, // uniform vec4 u_e
	0x78, 0x74, 0x65, 0x6e, 0x74, 0x52, 0x61, 0x64, 0x69, 0x75, 0x73, 0x3b, 0x0a, 0x75, 0x6e, 0x69, // xtentRadius;.uni
	0x66, 0x6f, 0x72, 0x6d, 0x20, 0x76, 0x65, 0x63, 0x34, 0x20, 0x75, 0x5f, 0x69, 0x6e, 0x6e, 0x65, // form vec4 u_inne
	0x72, 0x43, 0x6f, 0x6c, 0x3b, 0x0a, 0x75, 0x6e, 0x69, 0x66, 0x6f, 0x72, 0x6d, 0x20, 0x76, 0x65, // rCol;.uniform ve
	0x63, 0x34, 0x20, 0x75, 0x5f, 0x6f, 0x75, 0x74, 0x65, 0x72, 0x43, 0x6f, 0x6c, 0x3b, 0x0a, 0x75, // c4 u_outerCol;.u
	0x6e, 0x69, 0x66, 0x6f, 0x72, 0x6d, 0x20, 0x73, 0x61, 0x6d, 0x70, 0x6c, 0x65, 0x72, 0x32, 0x44, // niform sampler2D
	0x20, 0x73, 0x5f, 0x74, 0x65, 0x78, 0x3b, 0x0a, 0x0a, 0x69, 0x6e, 0x20, 0x76, 0x65, 0x63, 0x32, //  s_tex;..in vec2
	0x20, 0x76, 0x5f, 0x70, 0x6f, 0x73, 0x69, 0x74, 0x69, 0x6f, 0x6e, 0x3b, 0x0a, 0x69, 0x6e, 0x20, //  v_position;.in 
	0x76, 0x65, 0x63, 0x32, 0x20, 0x76, 0x5f, 0x74, 0x65, 0x78, 0x63, 0x6f, 0x6f, 0x72, 0x64, 0x30, // vec2 v_texcoord0
	0x3b, 0x0a, 0x6c, 0x61, 0x79, 0x6f, 0x75, 0x74, 0x28, 0x6c, 0x6f, 0x63, 0x61, 0x74, 0x69, 0x6f, // ;.layout(locatio
	0x6e, 0x20, 0x3d, 0x20, 0x30, 0x29, 0x20, 0x6f, 0x75, 0x74, 0x20, 0x76, 0x65, 0x63, 0x34, 0x20, // n = 0) out vec4 
	0x62, 0x67, 0x66, 0x78, 0x5f, 0x46, 0x72, 0x61, 0x67, 0x43, 0x6f, 0x6c, 0x6f, 0x72, 0x3b, 0x0a, // bgfx_FragColor;.
	0x0a, 0x76, 0x6f, 0x69, 0x64, 0x20, 0x6d, 0x61, 0x69, 0x6e, 0x28, 0x29, 0x0a, 0x7b, 0x0a, 0x20, // .void main().{. 
	0x20, 0x20, 0x20, 0x76, 0x65, 0x63, 0x33, 0x20, 0x5f, 0x34, 0x32, 0x36, 0x20, 0x3d, 0x20, 0x76, //    vec3 _426 = v
	0x65, 0x63, 0x33, 0x28, 0x76, 0x5f, 0x70, 0x6f, 0x73, 0x69, 0x74, 0x69, 0x6f, 0x6e, 0x2c, 0x20, // ec3(v_position, 
	0x31, 0x2e, 0x30, 0x29, 0x3b, 0x0a, 0x20, 0x20, 0x20, 0x20, 0x76, 0x65, 0x63, 0x32, 0x20, 0x5f, // 1.0);.    vec2 _
	0x34, 0x33, 0x37, 0x20, 0x3d, 0x20, 0x76, 0x65, 0x63, 0x32, 0x28, 0x30, 0x2e, 0x35, 0x29, 0x20, // 437 = vec2(0.5) 
	0x2d, 0x20, 0x28, 0x28, 0x61, 0x62, 0x73, 0x28, 0x28, 0x75, 0x5f, 0x73, 0x63, 0x69, 0x73, 0x73, // - ((abs((u_sciss
	0x6f, 0x72, 0x4d, 0x61, 0x74, 0x20, 0x2a, 0x20, 0x5f, 0x34, 0x32, 0x36, 0x29, 0x2e, 0x78, 0x79, // orMat * _426).xy
	0x29, 0x20, 0x2d, 0x20, 0x75, 0x5f, 0x73, 0x63, 0x69, 0x73, 0x73, 0x6f, 0x72, 0x45, 0x78, 0x74, // ) - u_scissorExt
	0x53, 0x63, 0x61, 0x6c, 0x65, 0x2e, 0x78, 0x79, 0x29, 0x20, 0x2a, 0x20, 0x75, 0x5f, 0x73, 0x63, // Scale.xy) * u_sc
	0x69, 0x73, 0x73, 0x6f, 0x72, 0x45, 0x78, 0x74, 0x53, 0x63, 0x61, 0x6c, 0x65, 0x2e, 0x7a, 0x77, // issorExtScale.zw
	0x29, 0x3b, 0x0a, 0x20, 0x20, 0x20, 0x20, 0x66, 0x6c, 0x6f, 0x61, 0x74, 0x20, 0x5f, 0x34, 0x34, // );.    float _44
	0x34, 0x20, 0x3d, 0x20, 0x63, 0x6c, 0x61, 0x6d, 0x70, 0x28, 0x5f, 0x34, 0x33, 0x37, 0x2e, 0x78, // 4 = clamp(_437.x
	0x2c, 0x20, 0x30, 0x2e, 0x30, 0x2c, 0x20, 0x31, 0x2e, 0x30, 0x29, 0x20, 0x2a, 0x20, 0x63, 0x6c, // , 0.0, 1.0) * cl
	0x61, 0x6d, 0x70, 0x28, 0x5f, 0x34, 0x33, 0x37, 0x2e, 0x79, 0x2c, 0x20, 0x30, 0x2e, 0x30, 0x2c, // amp(_437.y, 0.0,
	0x20, 0x31, 0x2e, 0x30, 0x29, 0x3b, 0x0a, 0x20, 0x20, 0x20, 0x20, 0x66, 0x6c, 0x6f, 0x61, 0x74, //  1.0);.    float
	0x20, 0x5f, 0x34, 0x36, 0x30, 0x20, 0x3d, 0x20, 0x6d, 0x69, 0x6e, 0x28, 0x31, 0x2e, 0x30, 0x2c, //  _460 = min(1.0,
	0x20, 0x28, 0x31, 0x2e, 0x30, 0x20, 0x2d, 0x20, 0x61, 0x62, 0x73, 0x28, 0x28, 0x76, 0x5f, 0x74, //  (1.0 - abs((v_t
	0x65, 0x78, 0x63, 0x6f, 0x6f, 0x72, 0x64, 0x30, 0x2e, 0x78, 0x20, 0x2a, 0x20, 0x32, 0x2e, 0x30, // excoord0.x * 2.0
	0x29, 0x20, 0x2d, 0x20, 0x31, 0x2e, 0x30, 0x29, 0x29, 0x20, 0x2a, 0x20, 0x75, 0x5f, 0x70, 0x61, // ) - 1.0)) * u_pa
	0x72, 0x61, 0x6d, 0x73, 0x2e, 0x79, 0x29, 0x20, 0x2a, 0x20, 0x6d, 0x69, 0x6e, 0x28, 0x31, 0x2e, // rams.y) * min(1.
	0x30, 0x2c, 0x20, 0x76, 0x5f, 0x74, 0x65, 0x78, 0x63, 0x6f, 0x6f, 0x72, 0x64, 0x30, 0x2e, 0x79, // 0, v_texcoord0.y
	0x29, 0x3b, 0x0a, 0x20, 0x20, 0x20, 0x20, 0x76, 0x65, 0x63, 0x34, 0x20, 0x5f, 0x35, 0x30, 0x30, // );.    vec4 _500
	0x3b, 0x0a, 0x20, 0x20, 0x20, 0x20, 0x69, 0x66, 0x20, 0x28, 0x75, 0x5f, 0x70, 0x61, 0x72, 0x61, // ;.    if (u_para
	0x6d, 0x73, 0x2e, 0x77, 0x20, 0x3d, 0x3d, 0x20, 0x30, 0x2e, 0x30, 0x29, 0x0a, 0x20, 0x20, 0x20, // ms.w == 0.0).   
	0x20, 0x7b, 0x0a, 0x20, 0x20, 0x20, 0x20, 0x20, 0x20, 0x20, 0x20, 0x76, 0x65, 0x63, 0x32, 0x20, //  {.        vec2 
	0x5f, 0x34, 0x37, 0x32, 0x20, 0x3d, 0x20, 0x61, 0x62, 0x73, 0x28, 0x28, 0x75, 0x5f, 0x70, 0x61, // _472 = abs((u_pa
	0x69, 0x6e, 0x74, 0x4d, 0x61, 0x74, 0x20, 0x2a, 0x20, 0x5f, 0x34, 0x32, 0x36, 0x29, 0x2e, 0x78, // intMat * _426).x
	0x79, 0x29, 0x20, 0x2d, 0x20, 0x28, 0x75, 0x5f, 0x65, 0x78, 0x74, 0x65, 0x6e, 0x74, 0x52, 0x61, // y) - (u_extentRa
	0x64, 0x69, 0x75, 0x73, 0x2e, 0x78, 0x79, 0x20, 0x2d, 0x20, 0x76, 0x65, 0x63, 0x32, 0x28, 0x75, // dius.xy - vec2(u
	0x5f, 0x65, 0x78, 0x74, 0x65, 0x6e, 0x74, 0x52, 0x61, 0x64, 0x69, 0x75, 0x73, 0x2e, 0x7a, 0x29, // _extentRadius.z)
	0x29, 0x3b, 0x0a, 0x20, 0x20, 0x20, 0x20, 0x20, 0x20, 0x20, 0x20, 0x5f, 0x35, 0x30, 0x30, 0x20, // );.        _500 
	0x3d, 0x20, 0x6d, 0x69, 0x78, 0x28, 0x75, 0x5f, 0x69, 0x6e, 0x6e, 0x65, 0x72, 0x43, 0x6f, 0x6c, // = mix(u_innerCol
	0x2c, 0x20, 0x75, 0x5f, 0x6f, 0x75, 0x74, 0x65, 0x72, 0x43, 0x6f, 0x6c, 0x2c, 0x20, 0x76, 0x65, // , u_outerCol, ve
	0x63, 0x34, 0x28, 0x63, 0x6c, 0x61, 0x6d, 0x70, 0x28, 0x28, 0x28, 0x28, 0x6d, 0x69, 0x6e, 0x28, // c4(clamp((((min(
	0x6d, 0x61, 0x78, 0x28, 0x5f, 0x34, 0x37, 0x32, 0x2e, 0x78, 0x2c, 0x20, 0x5f, 0x34, 0x37, 0x32, // max(_472.x, _472
	0x2e, 0x79, 0x29, 0x2c, 0x20, 0x30, 0x2e, 0x30, 0x29, 0x20, 0x2b, 0x20, 0x6c, 0x65, 0x6e, 0x67, // .y), 0.0) + leng
	0x74, 0x68, 0x28, 0x6d, 0x61, 0x78, 0x28, 0x5f, 0x34, 0x37, 0x32, 0x2c, 0x20, 0x76, 0x65, 0x63, // th(max(_472, vec
	0x32, 0x28, 0x30, 0x2e, 0x30, 0x29, 0x29, 0x29, 0x29, 0x20, 0x2d, 0x20, 0x75, 0x5f, 0x65, 0x78, // 2(0.0)))) - u_ex
	0x74, 0x65, 0x6e, 0x74, 0x52, 0x61, 0x64, 0x69, 0x75, 0x73, 0x2e, 0x7a, 0x29, 0x20, 0x2b, 0x20, // tentRadius.z) + 
	0x28, 0x75, 0x5f, 0x70, 0x61, 0x72, 0x61, 0x6d, 0x73, 0x2e, 0x78, 0x20, 0x2a, 0x20, 0x30, 0x2e, // (u_params.x * 0.
	0x35, 0x29, 0x29, 0x20, 0x2f, 0x20, 0x75, 0x5f, 0x70, 0x61, 0x72, 0x61, 0x6d, 0x73, 0x2e, 0x78, // 5)) / u_params.x
	0x2c, 0x20, 0x30, 0x2e, 0x30, 0x2c, 0x20, 0x31, 0x2e, 0x30, 0x29, 0x29, 0x29, 0x20, 0x2a, 0x20, // , 0.0, 1.0))) * 
	0x28, 0x5f, 0x34, 0x36, 0x30, 0x20, 0x2a, 0x20, 0x5f, 0x34, 0x34, 0x34, 0x29, 0x3b, 0x0a, 0x20, // (_460 * _444);. 
	0x20, 0x20, 0x20, 0x7d, 0x0a, 0x20, 0x20, 0x20, 0x20, 0x65, 0x6c, 0x73, 0x65, 0x0a, 0x20, 0x20, //    }.    else.  
	0x20, 0x20, 0x7b, 0x0a, 0x20, 0x20, 0x20, 0x20, 0x20, 0x20, 0x20, 0x20, 0x76, 0x65, 0x63, 0x34, //   {.        vec4
	0x20, 0x5f, 0x35, 0x30, 0x31, 0x3b, 0x0a, 0x20, 0x20, 0x20, 0x20, 0x20, 0x20, 0x20, 0x20, 0x69, //  _501;.        i
	0x66, 0x20, 0x28, 0x75, 0x5f, 0x70, 0x61, 0x72, 0x61, 0x6d, 0x73, 0x2e, 0x77, 0x20, 0x3d, 0x3d, // f (u_params.w ==
	0x20, 0x31, 0x2e, 0x30, 0x29, 0x0a, 0x20, 0x20, 0x20, 0x20, 0x20, 0x20, 0x20, 0x20, 0x7b, 0x0a, //  1.0).        {.
	0x20, 0x20, 0x20, 0x20, 0x20, 0x20, 0x20, 0x20, 0x20, 0x20, 0x20, 0x20, 0x76, 0x65, 0x63, 0x34, //             vec4
	0x20, 0x5f, 0x31, 0x39, 0x34, 0x20, 0x3d, 0x20, 0x74, 0x65, 0x78, 0x74, 0x75, 0x72, 0x65, 0x28, //  _194 = texture(
	0x73, 0x5f, 0x74, 0x65, 0x78, 0x2c, 0x20, 0x28, 0x75, 0x5f, 0x70, 0x61, 0x69, 0x6e, 0x74, 0x4d, // s_tex, (u_paintM
	0x61, 0x74, 0x20, 0x2a, 0x20, 0x5f, 0x34, 0x32, 0x36, 0x29, 0x2e, 0x78, 0x79, 0x20, 0x2f, 0x20, // at * _426).xy / 
	0x75, 0x5f, 0x65, 0x78, 0x74, 0x65, 0x6e, 0x74, 0x52, 0x61, 0x64, 0x69, 0x75, 0x73, 0x2e, 0x78, // u_extentRadius.x
	0x79, 0x29, 0x3b, 0x0a, 0x20, 0x20, 0x20, 0x20, 0x20, 0x20, 0x20, 0x20, 0x20, 0x20, 0x20, 0x20, // y);.            
	0x76, 0x65, 0x63, 0x34, 0x20, 0x5f, 0x34, 0x39, 0x38, 0x3b, 0x0a, 0x20, 0x20, 0x20, 0x20, 0x20, // vec4 _498;.     
	0x20, 0x20, 0x20, 0x20, 0x20, 0x20, 0x20, 0x69, 0x66, 0x20, 0x28, 0x75, 0x5f, 0x70, 0x61, 0x72, //        if (u_par
	0x61, 0x6d, 0x73, 0x2e, 0x7a, 0x20, 0x3d, 0x3d, 0x20, 0x31, 0x2e, 0x30, 0x29, 0x0a, 0x20, 0x20, // ams.z == 1.0).  
	0x20, 0x20, 0x20, 0x20, 0x20, 0x20, 0x20, 0x20, 0x20, 0x20, 0x7b, 0x0a, 0x20, 0x20, 0x20, 0x20, //           {.    
	0x20, 0x20, 0x20, 0x20, 0x20, 0x20, 0x20, 0x20, 0x20, 0x20, 0x20, 0x20, 0x66, 0x6c, 0x6f, 0x61, //             floa
	0x74, 0x20, 0x5f, 0x32, 0x30, 0x33, 0x20, 0x3d, 0x20, 0x5f, 0x31, 0x39, 0x34, 0x2e, 0x77, 0x3b, // t _203 = _194.w;
	0x0a, 0x20, 0x20, 0x20, 0x20, 0x20, 0x20, 0x20, 0x20, 0x20, 0x20, 0x20, 0x20, 0x20, 0x20, 0x20, // .               
	0x20, 0x5f, 0x34, 0x39, 0x38, 0x20, 0x3d, 0x20, 0x76, 0x65, 0x63, 0x34, 0x28, 0x5f, 0x31, 0x39, //  _498 = vec4(_19
	0x34, 0x2e, 0x78, 0x79, 0x7a, 0x20, 0x2a, 0x20, 0x5f, 0x32, 0x30, 0x33, 0x2c, 0x20, 0x5f, 0x32, // 4.xyz * _203, _2
	0x30, 0x33, 0x29, 0x3b, 0x0a, 0x20, 0x20, 0x20, 0x20, 0x20, 0x20, 0x20, 0x20, 0x20, 0x20, 0x20, // 03);.           
	0x20, 0x7d, 0x0a, 0x20, 0x20, 0x20, 0x20, 0x20, 0x20, 0x20, 0x20, 0x20, 0x20, 0x20, 0x20, 0x65, //  }.            e
	0x6c, 0x73, 0x65, 0x0a, 0x20, 0x20, 0x20, 0x20, 0x20, 0x20, 0x20, 0x20, 0x20, 0x20, 0x20, 0x20, // lse.            
	0x7b, 0x0a, 0x20, 0x20, 0x20, 0x20, 0x20, 0x20, 0x20, 0x20, 0x20, 0x20, 0x20, 0x20, 0x20, 0x20, // {.              
	0x20, 0x20, 0x5f, 0x34, 0x39, 0x38, 0x20, 0x3d, 0x20, 0x5f, 0x31, 0x39, 0x34, 0x3b, 0x0a, 0x20, //   _498 = _194;. 
	0x20, 0x20, 0x20, 0x20, 0x20, 0x20, 0x20, 0x20, 0x20, 0x20, 0x20, 0x7d, 0x0a, 0x20, 0x20, 0x20, //            }.   
	0x20, 0x20, 0x20, 0x20, 0x20, 0x20, 0x20, 0x20, 0x20, 0x76, 0x65, 0x63, 0x34, 0x20, 0x5f, 0x34, //          vec4 _4
	0x39, 0x39, 0x3b, 0x0a, 0x20, 0x20, 0x20, 0x20, 0x20, 0x20, 0x20, 0x20, 0x20, 0x20, 0x20, 0x20, // 99;.            
	0x69, 0x66, 0x20, 0x28, 0x75, 0x5f, 0x70, 0x61, 0x72, 0x61, 0x6d, 0x73, 0x2e, 0x7a, 0x20, 0x3d, // if (u_params.z =
	0x3d, 0x20, 0x32, 0x2e, 0x30, 0x29, 0x0a, 0x20, 0x20, 0x20, 0x20, 0x20, 0x20, 0x20, 0x20, 0x20, // = 2.0).         
	0x20, 0x20, 0x20, 0x7b, 0x0a, 0x20, 0x20, 0x20, 0x20, 0x20, 0x20, 0x20, 0x20, 0x20, 0x20, 0x20, //    {.           
	0x20, 0x20, 0x20, 0x20, 0x20, 0x5f, 0x34, 0x39, 0x39, 0x20, 0x3d, 0x20, 0x5f, 0x34, 0x39, 0x38, //      _499 = _498
	0x2e, 0x78, 0x78, 0x78, 0x78, 0x3b, 0x0a, 0x20, 0x20, 0x20, 0x20, 0x20, 0x20, 0x20, 0x20, 0x20, // .xxxx;.         
	0x20, 0x20, 0x20, 0x7d, 0x0a, 0x20, 0x20, 0x20, 0x20, 0x20, 0x20, 0x20, 0x20, 0x20, 0x20, 0x20, //    }.           
	0x20, 0x65, 0x6c, 0x73, 0x65, 0x0a, 0x20, 0x20, 0x20, 0x20, 0x20, 0x20, 0x20, 0x20, 0x20, 0x20, //  else.          
	0x20, 0x20, 0x7b, 0x0a, 0x20, 0x20, 0x20, 0x20, 0x20, 0x20, 0x20, 0x20, 0x20, 0x20, 0x20, 0x20, //   {.            
	0x20, 0x20, 0x20, 0x20, 0x5f, 0x34, 0x39, 0x39, 0x20, 0x3d, 0x20, 0x5f, 0x34, 0x39, 0x38, 0x3b, //     _499 = _498;
	0x0a, 0x20, 0x20, 0x20, 0x20, 0x20, 0x20, 0x20, 0x20, 0x20, 0x20, 0x20, 0x20, 0x7d, 0x0a, 0x20, // .            }. 
	0x20, 0x20, 0x20, 0x20, 0x20, 0x20, 0x20, 0x20, 0x20, 0x20, 0x20, 0x5f, 0x35, 0x30, 0x31, 0x20, //            _501 
	0x3d, 0x20, 0x28, 0x5f, 0x34, 0x39, 0x39, 0x20, 0x2a, 0x20, 0x75, 0x5f, 0x69, 0x6e, 0x6e, 0x65, // = (_499 * u_inne
	0x72, 0x43, 0x6f, 0x6c, 0x29, 0x20, 0x2a, 0x20, 0x28, 0x5f, 0x34, 0x36, 0x30, 0x20, 0x2a, 0x20, // rCol) * (_460 * 
	0x5f, 0x34, 0x34, 0x34, 0x29, 0x3b, 0x0a, 0x20, 0x20, 0x20, 0x20, 0x20, 0x20, 0x20, 0x20, 0x7d, // _444);.        }
	0x0a, 0x20, 0x20, 0x20, 0x20, 0x20, 0x20, 0x20, 0x20, 0x65, 0x6c, 0x73, 0x65, 0x0a, 0x20, 0x20, // .        else.  
	0x20, 0x20, 0x20, 0x20, 0x20, 0x20, 0x7b, 0x0a, 0x20, 0x20, 0x20, 0x20, 0x20, 0x20, 0x20, 0x20, //       {.        
	0x20, 0x20, 0x20, 0x20, 0x76, 0x65, 0x63, 0x34, 0x20, 0x5f, 0x35, 0x30, 0x32, 0x3b, 0x0a, 0x20, //     vec4 _502;. 
	0x20, 0x20, 0x20, 0x20, 0x20, 0x20, 0x20, 0x20, 0x20, 0x20, 0x20, 0x69, 0x66, 0x20, 0x28, 0x75, //            if (u
	0x5f, 0x70, 0x61, 0x72, 0x61, 0x6d, 0x73, 0x2e, 0x77, 0x20, 0x3d, 0x3d, 0x20, 0x32, 0x2e, 0x30, // _params.w == 2.0
	0x29, 0x0a, 0x20, 0x20, 0x20, 0x20, 0x20, 0x20, 0x20, 0x20, 0x20, 0x20, 0x20, 0x20, 0x7b, 0x0a, // ).            {.
	0x20, 0x20, 0x20, 0x20, 0x20, 0x20, 0x20, 0x20, 0x20, 0x20, 0x20, 0x20, 0x20, 0x20, 0x20, 0x20, //                 
	0x5f, 0x35, 0x30, 0x32, 0x20, 0x3d, 0x20, 0x76, 0x65, 0x63, 0x34, 0x28, 0x31, 0x2e, 0x30, 0x29, // _502 = vec4(1.0)
	0x3b, 0x0a, 0x20, 0x20, 0x20, 0x20, 0x20, 0x20, 0x20, 0x20, 0x20, 0x20, 0x20, 0x20, 0x7d, 0x0a, // ;.            }.
	0x20, 0x20, 0x20, 0x20, 0x20, 0x20, 0x20, 0x20, 0x20, 0x20, 0x20, 0x20, 0x65, 0x6c, 0x73, 0x65, //             else
	0x0a, 0x20, 0x20, 0x20, 0x20, 0x20, 0x20, 0x20, 0x20, 0x20, 0x20, 0x20, 0x20, 0x7b, 0x0a, 0x20, // .            {. 
	0x20, 0x20, 0x20, 0x20, 0x20, 0x20, 0x20, 0x20, 0x20, 0x20, 0x20, 0x20, 0x20, 0x20, 0x20, 0x76, //                v
	0x65, 0x63, 0x34, 0x20, 0x5f, 0x35, 0x30, 0x33, 0x3b, 0x0a, 0x20, 0x20, 0x20, 0x20, 0x20, 0x20, // ec4 _503;.      
	0x20, 0x20, 0x20, 0x20, 0x20, 0x20, 0x20, 0x20, 0x20, 0x20, 0x69, 0x66, 0x20, 0x28, 0x75, 0x5f, //           if (u_
	0x70, 0x61, 0x72, 0x61, 0x6d, 0x73, 0x2e, 0x77, 0x20, 0x3d, 0x3d, 0x20, 0x33, 0x2e, 0x30, 0x29, // params.w == 3.0)
	0x0a, 0x20, 0x20, 0x20, 0x20, 0x20, 0x20, 0x20, 0x20, 0x20, 0x20, 0x20, 0x20, 0x20, 0x20, 0x20, // .               
	0x20, 0x7b, 0x0a, 0x20, 0x20, 0x20, 0x20, 0x20, 0x20, 0x20, 0x20, 0x20, 0x20, 0x20, 0x20, 0x20, //  {.             
	0x20, 0x20, 0x20, 0x20, 0x20, 0x20, 0x20, 0x76, 0x65, 0x63, 0x34, 0x20, 0x5f, 0x32, 0x34, 0x34, //        vec4 _244
	0x20, 0x3d, 0x20, 0x74, 0x65, 0x78, 0x74, 0x75, 0x72, 0x65, 0x28, 0x73, 0x5f, 0x74, 0x65, 0x78, //  = texture(s_tex
	0x2c, 0x20, 0x76, 0x5f, 0x74, 0x65, 0x78, 0x63, 0x6f, 0x6f, 0x72, 0x64, 0x30, 0x29, 0x3b, 0x0a, // , v_texcoord0);.
	0x20, 0x20, 0x20, 0x20, 0x20, 0x20, 0x20, 0x20, 0x20, 0x20, 0x20, 0x20, 0x20, 0x20, 0x20, 0x20, //                 
	0x20, 0x20, 0x20, 0x20, 0x76, 0x65, 0x63, 0x34, 0x20, 0x5f, 0x34, 0x39, 0x36, 0x3b, 0x0a, 0x20, //     vec4 _496;. 
	0x20, 0x20, 0x20, 0x20, 0x20, 0x20, 0x20, 0x20, 0x20, 0x20, 0x20, 0x20, 0x20, 0x20, 0x20, 0x20, //                 
	0x20, 0x20, 0x20, 0x69, 0x66, 0x20, 0x28, 0x75, 0x5f, 0x70, 0x61, 0x72, 0x61, 0x6d, 0x73, 0x2e, //    if (u_params.
	0x7a, 0x20, 0x3d, 0x3d, 0x20, 0x31, 0x2e, 0x30, 0x29, 0x0a, 0x20, 0x20, 0x20, 0x20, 0x20, 0x20, // z == 1.0).      
	0x20, 0x20, 0x20, 0x20, 0x20, 0x20, 0x20, 0x20, 0x20, 0x20, 0x20, 0x20, 0x20, 0x20, 0x7b, 0x0a, //               {.
	0x20, 0x20, 0x20, 0x20, 0x20, 0x20, 0x20, 0x20, 0x20, 0x20, 0x20, 0x20, 0x20, 0x20, 0x20, 0x20, //                 
	0x20, 0x20, 0x20, 0x20, 0x20, 0x20, 0x20, 0x20, 0x66, 0x6c, 0x6f, 0x61, 0x74, 0x20, 0x5f, 0x32, //         float _2
	0x35, 0x33, 0x20, 0x3d, 0x20, 0x5f, 0x32, 0x34, 0x34, 0x2e, 0x77, 0x3b, 0x0a, 0x20, 0x20, 0x20, // 53 = _244.w;.   
	0x20, 0x20, 0x20, 0x20, 0x20, 0x20, 0x20, 0x20, 0x20, 0x20, 0x20, 0x20, 0x20, 0x20, 0x20, 0x20, //                 
	0x20, 0x20, 0x20, 0x20, 0x20, 0x5f, 0x34, 0x39, 0x36, 0x20, 0x3d, 0x20, 0x76, 0x65, 0x63, 0x34, //      _496 = vec4
	0x28, 0x5f, 0x32, 0x34, 0x34, 0x2e, 0x78, 0x79, 0x7a, 0x20, 0x2a, 0x20, 0x5f, 0x32, 0x35, 0x33, // (_244.xyz * _253
	0x2c, 0x20, 0x5f, 0x32, 0x35, 0x33, 0x29, 0x3b, 0x0a, 0x20, 0x20, 0x20, 0x20, 0x20, 0x20, 0x20, // , _253);.       
	0x20, 0x20, 0x20, 0x20, 0x20, 0x20, 0x20, 0x20, 0x20, 0x20, 0x20, 0x20, 0x20, 0x7d, 0x0a, 0x20, //              }. 
	0x20, 0x20, 0x20, 0x20, 0x20, 0x20, 0x20, 0x20, 0x20, 0x20, 0x20, 0x20, 0x20, 0x20, 0x20, 0x20, //                 
	0x20, 0x20, 0x20, 0x65, 0x6c, 0x73, 0x65, 0x0a, 0x20, 0x20, 0x20, 0x20, 0x20, 0x20, 0x20, 0x20, //    else.        
	0x20, 0x20, 0x20, 0x20, 0x20, 0x20, 0x20, 0x20, 0x20, 0x20, 0x20, 0x20, 0x7b, 0x0a, 0x20, 0x20, //             {.  
	0x20, 0x20, 0x20, 0x20, 0x20, 0x20, 0x20, 0x20, 0x20, 0x20, 0x20, 0x20, 0x20, 0x20, 0x20, 0x20, //                 
	0x20, 0x20, 0x20, 0x20, 0x20, 0x20, 0x5f, 0x34, 0x39, 0x36, 0x20, 0x3d, 0x20, 0x5f, 0x32, 0x34, //       _496 = _24
	0x34, 0x3b, 0x0a, 0x20, 0x20, 0x20, 0x20, 0x20, 0x20, 0x20, 0x20, 0x20, 0x20, 0x20, 0x20, 0x20, // 4;.             
	0x20, 0x20, 0x20, 0x20, 0x20, 0x20, 0x20, 0x7d, 0x0a, 0x20, 0x20, 0x20, 0x20, 0x20, 0x20, 0x20, //        }.       
	0x20, 0x20, 0x20, 0x20, 0x20, 0x20, 0x20, 0x20, 0x20, 0x20, 0x20, 0x20, 0x20, 0x76, 0x65, 0x63, //              vec
	0x34, 0x20, 0x5f, 0x34, 0x39, 0x37, 0x3b, 0x0a, 0x20, 0x20, 0x20, 0x20, 0x20, 0x20, 0x20, 0x20, // 4 _497;.        
	0x20, 0x20, 0x20, 0x20, 0x20, 0x20, 0x20, 0x20, 0x20, 0x20, 0x20, 0x20, 0x69, 0x66, 0x20, 0x28, //             if (
	0x75, 0x5f, 0x70, 0x61, 0x72, 0x61, 0x6d, 0x73, 0x2e, 0x7a, 0x20, 0x3d, 0x3d, 0x20, 0x32, 0x2e, // u_params.z == 2.
	0x30, 0x29, 0x0a, 0x20, 0x20, 0x20, 0x20, 0x20, 0x20, 0x20, 0x20, 0x20, 0x20, 0x20, 0x20, 0x20, // 0).             
	0x20, 0x20, 0x20, 0x20, 0x20, 0x20, 0x20, 0x7b, 0x0a, 0x20, 0x20, 0x20, 0x20, 0x20, 0x20, 0x20, //        {.       
	0x20, 0x20, 0x20, 0x20, 0x20, 0x20, 0x20, 0x20, 0x20, 0x20, 0x20, 0x20, 0x20, 0x20, 0x20, 0x20, //                 
	0x20, 0x5f, 0x34, 0x39, 0x37, 0x20, 0x3d, 0x20, 0x5f, 0x34, 0x39, 0x36, 0x2e, 0x78, 0x78, 0x78, //  _497 = _496.xxx
	0x78, 0x3b, 0x0a, 0x20, 0x20, 0x20, 0x20, 0x20, 0x20, 0x20, 0x20, 0x20, 0x20, 0x20, 0x20, 0x20, // x;.             
	0x20, 0x20, 0x20, 0x20, 0x20, 0x20, 0x20, 0x7d, 0x0a, 0x20, 0x20, 0x20, 0x20, 0x20, 0x20, 0x20, //        }.       
	0x20, 0x20, 0x20, 0x20, 0x20, 0x20, 0x20, 0x20, 0x20, 0x20, 0x20, 0x20, 0x20, 0x65, 0x6c, 0x73, //              els
	0x65, 0x0a, 0x20, 0x20, 0x20, 0x20, 0x20, 0x20, 0x20, 0x20, 0x20, 0x20, 0x20, 0x20, 0x20, 0x20, // e.              
	0x20, 0x20, 0x20, 0x20, 0x20, 0x20, 0x7b, 0x0a, 0x20, 0x20, 0x20, 0x20, 0x20, 0x20, 0x20, 0x20, //       {.        
	0x20, 0x20, 0x20, 0x20, 0x20, 0x20, 0x20, 0x20, 0x20, 0x20, 0x20, 0x20, 0x20, 0x20, 0x20, 0x20, //                 
	0x5f, 0x34, 0x39, 0x37, 0x20, 0x3d, 0x20, 0x5f, 0x34, 0x39, 0x36, 0x3b, 0x0a, 0x20, 0x20, 0x20, // _497 = _496;.   
	0x20, 0x20, 0x20, 0x20, 0x20, 0x20, 0x20, 0x20, 0x20, 0x20, 0x20, 0x20, 0x20, 0x20, 0x20, 0x20, //                 
	0x20, 0x7d, 0x0a, 0x20, 0x20, 0x20, 0x20, 0x20, 0x20, 0x20, 0x20, 0x20, 0x20, 0x20, 0x20, 0x20, //  }.             
	0x20, 0x20, 0x20, 0x20, 0x20, 0x20, 0x20, 0x5f, 0x35, 0x30, 0x33, 0x20, 0x3d, 0x20, 0x28, 0x5f, //        _503 = (_
	0x34, 0x39, 0x37, 0x20, 0x2a, 0x20, 0x5f, 0x34, 0x34, 0x34, 0x29, 0x20, 0x2a, 0x20, 0x75, 0x5f, // 497 * _444) * u_
	0x69, 0x6e, 0x6e, 0x65, 0x72, 0x43, 0x6f, 0x6c, 0x3b, 0x0a, 0x20, 0x20, 0x20, 0x20, 0x20, 0x20, // innerCol;.      
	0x20, 0x20, 0x20, 0x20, 0x20, 0x20, 0x20, 0x20, 0x20, 0x20, 0x7d, 0x0a, 0x20, 0x20, 0x20, 0x20, //           }.    
	0x20, 0x20, 0x20, 0x20, 0x20, 0x20, 0x20, 0x20, 0x20, 0x20, 0x20, 0x20, 0x65, 0x6c, 0x73, 0x65, //             else
	0x0a, 0x20, 0x20, 0x20, 0x20, 0x20, 0x20, 0x20, 0x20, 0x20, 0x20, 0x20, 0x20, 0x20, 0x20, 0x20, // .               
	0x20, 0x7b, 0x0a, 0x20, 0x20, 0x20, 0x20, 0x20, 0x20, 0x20, 0x20, 0x20, 0x20, 0x20, 0x20, 0x20, //  {.             
	0x20, 0x20, 0x20, 0x20, 0x20, 0x20, 0x20, 0x76, 0x65, 0x63, 0x34, 0x20, 0x5f, 0x35, 0x30, 0x34, //        vec4 _504
	0x3b, 0x0a, 0x20, 0x20, 0x20, 0x20, 0x20, 0x20, 0x20, 0x20, 0x20, 0x20, 0x20, 0x20, 0x20, 0x20, // ;.              
	0x20, 0x20, 0x20, 0x20, 0x20, 0x20, 0x69, 0x66, 0x20, 0x28, 0x75, 0x5f, 0x70, 0x61, 0x72, 0x61, //       if (u_para
	0x6d, 0x73, 0x2e, 0x77, 0x20, 0x3d, 0x3d, 0x20, 0x34, 0x2e, 0x30, 0x29, 0x0a, 0x20, 0x20, 0x20, // ms.w == 4.0).   
	0x20, 0x20, 0x20, 0x20, 0x20, 0x20, 0x20, 0x20, 0x20, 0x20, 0x20, 0x20, 0x20, 0x20, 0x20, 0x20, //                 
	0x20, 0x7b, 0x0a, 0x20, 0x20, 0x20, 0x20, 0x20, 0x20, 0x20, 0x20, 0x20, 0x20, 0x20, 0x20, 0x20, //  {.             
	0x20, 0x20, 0x20, 0x20, 0x20, 0x20, 0x20, 0x20, 0x20, 0x20, 0x20, 0x76, 0x65, 0x63, 0x32, 0x20, //            vec2 
	0x5f, 0x32, 0x38, 0x38, 0x20, 0x3d, 0x20, 0x76, 0x65, 0x63, 0x32, 0x28, 0x74, 0x65, 0x78, 0x74, // _288 = vec2(text
	0x75, 0x72, 0x65, 0x53, 0x69, 0x7a, 0x65, 0x28, 0x73, 0x5f, 0x74, 0x65, 0x78, 0x2c, 0x20, 0x30, // ureSize(s_tex, 0
	0x29, 0x29, 0x3b, 0x0a, 0x20, 0x20, 0x20, 0x20, 0x20, 0x20, 0x20, 0x20, 0x20, 0x20, 0x20, 0x20, // ));.            
	0x20, 0x20, 0x20, 0x20, 0x20, 0x20, 0x20, 0x20, 0x20, 0x20, 0x20, 0x20, 0x66, 0x6c, 0x6f, 0x61, //             floa
	0x74, 0x20, 0x5f, 0x33, 0x38, 0x31, 0x20, 0x3d, 0x20, 0x6d, 0x61, 0x78, 0x28, 0x75, 0x5f, 0x70, // t _381 = max(u_p
	0x61, 0x72, 0x61, 0x6d, 0x73, 0x2e, 0x78, 0x2c, 0x20, 0x30, 0x2e, 0x30, 0x30, 0x31, 0x30, 0x30, // arams.x, 0.00100
	0x30, 0x30, 0x30, 0x30, 0x30, 0x34, 0x37, 0x34, 0x39, 0x37, 0x34, 0x35, 0x31, 0x33, 0x30, 0x35, // 0000047497451305
	0x33, 0x38, 0x39, 0x34, 0x30, 0x34, 0x32, 0x39, 0x36, 0x38, 0x37, 0x35, 0x29, 0x3b, 0x0a, 0x20, // 389404296875);. 
	0x20, 0x20, 0x20, 0x20, 0x20, 0x20, 0x20, 0x20, 0x20, 0x20, 0x20, 0x20, 0x20, 0x20, 0x20, 0x20, //                 
	0x20, 0x20, 0x20, 0x20, 0x20, 0x20, 0x20, 0x5f, 0x35, 0x30, 0x34, 0x20, 0x3d, 0x20, 0x75, 0x5f, //        _504 = u_
	0x69, 0x6e, 0x6e, 0x65, 0x72, 0x43, 0x6f, 0x6c, 0x20, 0x2a, 0x20, 0x28, 0x73, 0x6d, 0x6f, 0x6f, // innerCol * (smoo
	0x74, 0x68, 0x73, 0x74, 0x65, 0x70, 0x28, 0x75, 0x5f, 0x70, 0x61, 0x72, 0x61, 0x6d, 0x73, 0x2e, // thstep(u_params.
	0x79, 0x20, 0x2d, 0x20, 0x5f, 0x33, 0x38, 0x31, 0x2c, 0x20, 0x75, 0x5f, 0x70, 0x61, 0x72, 0x61, // y - _381, u_para
	0x6d, 0x73, 0x2e, 0x79, 0x20, 0x2b, 0x20, 0x5f, 0x33, 0x38, 0x31, 0x2c, 0x20, 0x28, 0x28, 0x28, // ms.y + _381, (((
	0x28, 0x28, 0x28, 0x28, 0x28, 0x74, 0x65, 0x78, 0x74, 0x75, 0x72, 0x65, 0x28, 0x73, 0x5f, 0x74, // (((((texture(s_t
	0x65, 0x78, 0x2c, 0x20, 0x76, 0x5f, 0x74, 0x65, 0x78, 0x63, 0x6f, 0x6f, 0x72, 0x64, 0x30, 0x20, // ex, v_texcoord0 
	0x2b, 0x20, 0x28, 0x76, 0x65, 0x63, 0x32, 0x28, 0x2d, 0x31, 0x2e, 0x30, 0x29, 0x20, 0x2f, 0x20, // + (vec2(-1.0) / 
	0x5f, 0x32, 0x38, 0x38, 0x29, 0x29, 0x2e, 0x77, 0x20, 0x2b, 0x20, 0x74, 0x65, 0x78, 0x74, 0x75, // _288)).w + textu
	0x72, 0x65, 0x28, 0x73, 0x5f, 0x74, 0x65, 0x78, 0x2c, 0x20, 0x76, 0x5f, 0x74, 0x65, 0x78, 0x63, // re(s_tex, v_texc
	0x6f, 0x6f, 0x72, 0x64, 0x30, 0x20, 0x2b, 0x20, 0x28, 0x76, 0x65, 0x63, 0x32, 0x28, 0x30, 0x2e, // oord0 + (vec2(0.
	0x30, 0x2c, 0x20, 0x2d, 0x31, 0x2e, 0x30, 0x29, 0x20, 0x2f, 0x20, 0x5f, 0x32, 0x38, 0x38, 0x29, // 0, -1.0) / _288)
	0x29, 0x2e, 0x77, 0x29, 0x20, 0x2b, 0x20, 0x74, 0x65, 0x78, 0x74, 0x75, 0x72, 0x65, 0x28, 0x73, // ).w) + texture(s
	0x5f, 0x74, 0x65, 0x78, 0x2c, 0x20, 0x76, 0x5f, 0x74, 0x65, 0x78, 0x63, 0x6f, 0x6f, 0x72, 0x64, // _tex, v_texcoord
	0x30, 0x20, 0x2b, 0x20, 0x28, 0x76, 0x65, 0x63, 0x32, 0x28, 0x31, 0x2e, 0x30, 0x2c, 0x20, 0x2d, // 0 + (vec2(1.0, -
	0x31, 0x2e, 0x30, 0x29, 0x20, 0x2f, 0x20, 0x5f, 0x32, 0x38, 0x38, 0x29, 0x29, 0x2e, 0x77, 0x29, // 1.0) / _288)).w)
	0x20, 0x2b, 0x20, 0x74, 0x65, 0x78, 0x74, 0x75, 0x72, 0x65, 0x28, 0x73, 0x5f, 0x74, 0x65, 0x78, //  + texture(s_tex
	0x2c, 0x20, 0x76, 0x5f, 0x74, 0x65, 0x78, 0x63, 0x6f, 0x6f, 0x72, 0x64, 0x30, 0x20, 0x2b, 0x20, // , v_texcoord0 + 
	0x28, 0x76, 0x65, 0x63, 0x32, 0x28, 0x2d, 0x31, 0x2e, 0x30, 0x2c, 0x20, 0x30, 0x2e, 0x30, 0x29, // (vec2(-1.0, 0.0)
	0x20, 0x2f, 0x20, 0x5f, 0x32, 0x38, 0x38, 0x29, 0x29, 0x2e, 0x77, 0x29, 0x20, 0x2b, 0x20, 0x74, //  / _288)).w) + t
	0x65, 0x78, 0x74, 0x75, 0x72, 0x65, 0x28, 0x73, 0x5f, 0x74, 0x65, 0x78, 0x2c, 0x20, 0x76, 0x5f, // exture(s_tex, v_
	0x74, 0x65, 0x78, 0x63, 0x6f, 0x6f, 0x72, 0x64, 0x30, 0x29, 0x2e, 0x77, 0x29, 0x20, 0x2b, 0x20, // texcoord0).w) + 
	0x74, 0x65, 0x78, 0x74, 0x75, 0x72, 0x65, 0x28, 0x73, 0x5f, 0x74, 0x65, 0x78, 0x2c, 0x20, 0x76, // texture(s_tex, v
	0x5f, 0x74, 0x65, 0x78, 0x63, 0x6f, 0x6f, 0x72, 0x64, 0x30, 0x20, 0x2b, 0x20, 0x28, 0x76, 0x65, // _texcoord0 + (ve
	0x63, 0x32, 0x28, 0x31, 0x2e, 0x30, 0x2c, 0x20, 0x30, 0x2e, 0x30, 0x29, 0x20, 0x2f, 0x20, 0x5f, // c2(1.0, 0.0) / _
	0x32, 0x38, 0x38, 0x29, 0x29, 0x2e, 0x77, 0x29, 0x20, 0x2b, 0x20, 0x74, 0x65, 0x78, 0x74, 0x75, // 288)).w) + textu
	0x72, 0x65, 0x28, 0x73, 0x5f, 0x74, 0x65, 0x78, 0x2c, 0x20, 0x76, 0x5f, 0x74, 0x65, 0x78, 0x63, // re(s_tex, v_texc
	0x6f, 0x6f, 0x72, 0x64, 0x30, 0x20, 0x2b, 0x20, 0x28, 0x76, 0x65, 0x63, 0x32, 0x28, 0x2d, 0x31, // oord0 + (vec2(-1
	0x2e, 0x30, 0x2c, 0x20, 0x31, 0x2e, 0x30, 0x29, 0x20, 0x2f, 0x20, 0x5f, 0x32, 0x38, 0x38, 0x29, // .0, 1.0) / _288)
	0x29, 0x2e, 0x77, 0x29, 0x20, 0x2b, 0x20, 0x74, 0x65, 0x78, 0x74, 0x75, 0x72, 0x65, 0x28, 0x73, // ).w) + texture(s
	0x5f, 0x74, 0x65, 0x78, 0x2c, 0x20, 0x76, 0x5f, 0x74, 0x65, 0x78, 0x63, 0x6f, 0x6f, 0x72, 0x64, // _tex, v_texcoord
	0x30, 0x20, 0x2b, 0x20, 0x28, 0x76, 0x65, 0x63, 0x32, 0x28, 0x30, 0x2e, 0x30, 0x2c, 0x20, 0x31, // 0 + (vec2(0.0, 1
	0x2e, 0x30, 0x29, 0x20, 0x2f, 0x20, 0x5f, 0x32, 0x38, 0x38, 0x29, 0x29, 0x2e, 0x77, 0x29, 0x20, // .0) / _288)).w) 
	0x2b, 0x20, 0x74, 0x65, 0x78, 0x74, 0x75, 0x72, 0x65, 0x28, 0x73, 0x5f, 0x74, 0x65, 0x78, 0x2c, // + texture(s_tex,
	0x20, 0x76, 0x5f, 0x74, 0x65, 0x78, 0x63, 0x6f, 0x6f, 0x72, 0x64, 0x30, 0x20, 0x2b, 0x20, 0x28, //  v_texcoord0 + (
	0x76, 0x65, 0x63, 0x32, 0x28, 0x31, 0x2e, 0x30, 0x29, 0x20, 0x2f, 0x20, 0x5f, 0x32, 0x38, 0x38, // vec2(1.0) / _288
	0x29, 0x29, 0x2e, 0x77, 0x29, 0x20, 0x2a, 0x20, 0x30, 0x2e, 0x31, 0x31, 0x31, 0x31, 0x31, 0x31, // )).w) * 0.111111
	0x31, 0x31, 0x31, 0x39, 0x33, 0x38, 0x39, 0x35, 0x33, 0x33, 0x39, 0x39, 0x36, 0x35, 0x38, 0x32, // 1119389533996582
	0x30, 0x33, 0x31, 0x32, 0x35, 0x29, 0x20, 0x2a, 0x20, 0x5f, 0x34, 0x34, 0x34, 0x29, 0x3b, 0x0a, // 03125) * _444);.
	0x20, 0x20, 0x20, 0x20, 0x20, 0x20, 0x20, 0x20, 0x20, 0x20, 0x20, 0x20, 0x20, 0x20, 0x20, 0x20, //                 
	0x20, 0x20, 0x20, 0x20, 0x7d, 0x0a, 0x20, 0x20, 0x20, 0x20, 0x20, 0x20, 0x20, 0x20, 0x20, 0x20, //     }.          
	0x20, 0x20, 0x20, 0x20, 0x20, 0x20, 0x20, 0x20, 0x20, 0x20, 0x65, 0x6c, 0x73, 0x65, 0x0a, 0x20, //           else. 
	0x20, 0x20, 0x20, 0x20, 0x20, 0x20, 0x20, 0x20, 0x20, 0x20, 0x20, 0x20, 0x20, 0x20, 0x20, 0x20, //                 
	0x20, 0x20, 0x20, 0x7b, 0x0a, 0x20, 0x20, 0x20, 0x20, 0x20, 0x20, 0x20, 0x20, 0x20, 0x20, 0x20, //    {.           
	0x20, 0x20, 0x20, 0x20, 0x20, 0x20, 0x20, 0x20, 0x20, 0x20, 0x20, 0x20, 0x20, 0x5f, 0x35, 0x30, //              _50
	0x34, 0x20, 0x3d, 0x20, 0x5f, 0x35, 0x30, 0x35, 0x3b, 0x0a, 0x20, 0x20, 0x20, 0x20, 0x20, 0x20, // 4 = _505;.      
	0x20, 0x20, 0x20, 0x20, 0x20, 0x20, 0x20, 0x20, 0x20, 0x20, 0x20, 0x20, 0x20, 0x20, 0x7d, 0x0a, //               }.
	0x20, 0x20, 0x20, 0x20, 0x20, 0x20, 0x20, 0x20, 0x20, 0x20, 0x20, 0x20, 0x20, 0x20, 0x20, 0x20, //                 
	0x20, 0x20, 0x20, 0x20, 0x5f, 0x35, 0x30, 0x33, 0x20, 0x3d, 0x20, 0x5f, 0x35, 0x30, 0x34, 0x3b, //     _503 = _504;
	0x0a, 0x20, 0x20, 0x20, 0x20, 0x20, 0x20, 0x20, 0x20, 0x20, 0x20, 0x20, 0x20, 0x20, 0x20, 0x20, // .               
	0x20, 0x7d, 0x0a, 0x20, 0x20, 0x20, 0x20, 0x20, 0x20, 0x20, 0x20, 0x20, 0x20, 0x20, 0x20, 0x20, //  }.             
	0x20, 0x20, 0x20, 0x5f, 0x35, 0x30, 0x32, 0x20, 0x3d, 0x20, 0x5f, 0x35, 0x30, 0x33, 0x3b, 0x0a, //    _502 = _503;.
	0x20, 0x20, 0x20, 0x20, 0x20, 0x20, 0x20, 0x20, 0x20, 0x20, 0x20, 0x20, 0x7d, 0x0a, 0x20, 0x20, //             }.  
	0x20, 0x20, 0x20, 0x20, 0x20, 0x20, 0x20, 0x20, 0x20, 0x20, 0x5f, 0x35, 0x30, 0x31, 0x20, 0x3d, //           _501 =
	0x20, 0x5f, 0x35, 0x30, 0x32, 0x3b, 0x0a, 0x20, 0x20, 0x20, 0x20, 0x20, 0x20, 0x20, 0x20, 0x7d, //  _502;.        }
	0x0a, 0x20, 0x20, 0x20, 0x20, 0x20, 0x20, 0x20, 0x20, 0x5f, 0x35, 0x30, 0x30, 0x20, 0x3d, 0x20, // .        _500 = 
	0x5f, 0x35, 0x30, 0x31, 0x3b, 0x0a, 0x20, 0x20, 0x20, 0x20, 0x7d, 0x0a, 0x20, 0x20, 0x20, 0x20, // _501;.    }.    
	0x62, 0x67, 0x66, 0x78, 0x5f, 0x46, 0x72, 0x61, 0x67, 0x43, 0x6f, 0x6c, 0x6f, 0x72, 0x20, 0x3d, // bgfx_FragColor =
	0x20, 0x5f, 0x35, 0x30, 0x30, 0x3b, 0x0a, 0x7d, 0x0a, 0x0a, 0x00,                               //  _500;.}...
};
static const uint8_t fs_nanovg_fill_spv[6972] =
{
	0x46, 0x53, 0x48, 0x0c, 0xcf, 0xda, 0x1b, 0x94, 0x00, 0x00, 0x00, 0x00, 0x00, 0x00, 0x00, 0x00, // FSH.............
	0x00, 0x00, 0x00, 0x00, 0x08, 0x00, 0x0c, 0x75, 0x5f, 0x73, 0x63, 0x69, 0x73, 0x73, 0x6f, 0x72, // .......u_scissor
	0x4d, 0x61, 0x74, 0x13, 0x01, 0x00, 0x00, 0x03, 0x00, 0x00, 0x00, 0x00, 0x00, 0x11, 0x75, 0x5f, // Mat...........u_
	0x73, 0x63, 0x69, 0x73, 0x73, 0x6f, 0x72, 0x45, 0x78, 0x74, 0x53, 0x63, 0x61, 0x6c, 0x65, 0x12, // scissorExtScale.
	0x01, 0x80, 0x00, 0x01, 0x00, 0x00, 0x00, 0x00, 0x00, 0x08, 0x75, 0x5f, 0x70, 0x61, 0x72, 0x61, // ..........u_para
	0x6d, 0x73, 0x12, 0x01, 0xa0, 0x00, 0x01, 0x00, 0x00, 0x00, 0x00, 0x00, 0x0a, 0x75, 0x5f, 0x70, // ms...........u_p
	0x61, 0x69, 0x6e, 0x74, 0x4d, 0x61, 0x74, 0x13, 0x01, 0x30, 0x00, 0x03, 0x00, 0x00, 0x00, 0x00, // aintMat..0......
	0x00, 0x0e, 0x75, 0x5f, 0x65, 0x78, 0x74, 0x65, 0x6e, 0x74, 0x52, 0x61, 0x64, 0x69, 0x75, 0x73, // ..u_extentRadius
	0x12, 0x01, 0x90, 0x00, 0x01, 0x00, 0x00, 0x00, 0x00, 0x00, 0x0a, 0x75, 0x5f, 0x69, 0x6e, 0x6e, // ...........u_inn
	0x65, 0x72, 0x43, 0x6f, 0x6c, 0x12, 0x01, 0x60, 0x00, 0x01, 0x00, 0x00, 0x00, 0x00, 0x00, 0x0a, // erCol..`........
	0x75, 0x5f, 0x6f, 0x75, 0x74, 0x65, 0x72, 0x43, 0x6f, 0x6c, 0x12, 0x01, 0x70, 0x00, 0x01, 0x00, // u_outerCol..p...
	0x00, 0x00, 0x00, 0x00, 0x05, 0x73, 0x5f, 0x74, 0x65, 0x78, 0x30, 0x00, 0x02, 0x00, 0x00, 0x00, // .....s_tex0.....
	0x00, 0x02, 0x29, 0x00, 0x70, 0x1a, 0x00, 0x00, 0x03, 0x02, 0x23, 0x07, 0x00, 0x00, 0x01, 0x00, // ..).p.....#.....
	0x0b, 0x00, 0x08, 0x00, 0x70, 0x04, 0x00, 0x00, 0x00, 0x00, 0x00, 0x00, 0x11, 0x00, 0x02, 0x00, // ....p...........
	0x01, 0x00, 0x00, 0x00, 0x11, 0x00, 0x02, 0x00, 0x32, 0x00, 0x00, 0x00, 0x0b, 0x00, 0x06, 0x00, // ........2.......
	0x01, 0x00, 0x00, 0x00, 0x47, 0x4c, 0x53, 0x4c, 0x2e, 0x73, 0x74, 0x64, 0x2e, 0x34, 0x35, 0x30, // ....GLSL.std.450
	0x00, 0x00, 0x00, 0x00, 0x0e, 0x00, 0x03, 0x00, 0x00, 0x00, 0x00, 0x00, 0x01, 0x00, 0x00, 0x00, // ................
	0x0f, 0x00, 0x08, 0x00, 0x04, 0x00, 0x00, 0x00, 0x04, 0x00, 0x00, 0x00, 0x6d, 0x61, 0x69, 0x6e, // ............main
	0x00, 0x00, 0x00, 0x00, 0x0f, 0x02, 0x00, 0x00, 0x12, 0x02, 0x00, 0x00, 0x1f, 0x02, 0x00, 0x00, // ................
	0x10, 0x00, 0x03, 0x00, 0x04, 0x00, 0x00, 0x00, 0x07, 0x00, 0x00, 0x00, 0x03, 0x00, 0x03, 0x00, // ................
	0x05, 0x00, 0x00, 0x00, 0xf4, 0x01, 0x00, 0x00, 0x05, 0x00, 0x04, 0x00, 0x04, 0x00, 0x00, 0x00, // ................
	0x6d, 0x61, 0x69, 0x6e, 0x00, 0x00, 0x00, 0x00, 0x05, 0x00, 0x06, 0x00, 0x3d, 0x00, 0x00, 0x00, // main........=...
	0x73, 0x5f, 0x74, 0x65, 0x78, 0x53, 0x61, 0x6d, 0x70, 0x6c, 0x65, 0x72, 0x00, 0x00, 0x00, 0x00, // s_texSampler....
	0x05, 0x00, 0x06, 0x00, 0x40, 0x00, 0x00, 0x00, 0x73, 0x5f, 0x74, 0x65, 0x78, 0x54, 0x65, 0x78, // ....@...s_texTex
	0x74, 0x75, 0x72, 0x65, 0x00, 0x00, 0x00, 0x00, 0x05, 0x00, 0x06, 0x00, 0x9a, 0x00, 0x00, 0x00, // ture............
	0x55, 0x6e, 0x69, 0x66, 0x6f, 0x72, 0x6d, 0x42, 0x6c, 0x6f, 0x63, 0x6b, 0x00, 0x00, 0x00, 0x00, // UniformBlock....
	0x06, 0x00, 0x07, 0x00, 0x9a, 0x00, 0x00, 0x00, 0x00, 0x00, 0x00, 0x00, 0x75, 0x5f, 0x73, 0x63, // ............u_sc
	0x69, 0x73, 0x73, 0x6f, 0x72, 0x4d, 0x61, 0x74, 0x00, 0x00, 0x00, 0x00, 0x06, 0x00, 0x06, 0x00, // issorMat........
	0x9a, 0x00, 0x00, 0x00, 0x01, 0x00, 0x00, 0x00, 0x75, 0x5f, 0x70, 0x61, 0x69, 0x6e, 0x74, 0x4d, // ........u_paintM
	0x61, 0x74, 0x00, 0x00, 0x06, 0x00, 0x06, 0x00, 0x9a, 0x00, 0x00, 0x00, 0x02, 0x00, 0x00, 0x00, // at..............
	0x75, 0x5f, 0x69, 0x6e, 0x6e, 0x65, 0x72, 0x43, 0x6f, 0x6c, 0x00, 0x00, 0x06, 0x00, 0x06, 0x00, // u_innerCol......
	0x9a, 0x00, 0x00, 0x00, 0x03, 0x00, 0x00, 0x00, 0x75, 0x5f, 0x6f, 0x75, 0x74, 0x65, 0x72, 0x43, // ........u_outerC
	0x6f, 0x6c, 0x00, 0x00, 0x06, 0x00, 0x08, 0x00, 0x9a, 0x00, 0x00, 0x00, 0x04, 0x00, 0x00, 0x00, // ol..............
	0x75, 0x5f, 0x73, 0x63, 0x69, 0x73, 0x73, 0x6f, 0x72, 0x45, 0x78, 0x74, 0x53, 0x63, 0x61, 0x6c, // u_scissorExtScal
	0x65, 0x00, 0x00, 0x00, 0x06, 0x00, 0x07, 0x00, 0x9a, 0x00, 0x00, 0x00, 0x05, 0x00, 0x00, 0x00, // e...............
	0x75, 0x5f, 0x65, 0x78, 0x74, 0x65, 0x6e, 0x74, 0x52, 0x61, 0x64, 0x69, 0x75, 0x73, 0x00, 0x00, // u_extentRadius..
	0x06, 0x00, 0x06, 0x00, 0x9a, 0x00, 0x00, 0x00, 0x06, 0x00, 0x00, 0x00, 0x75, 0x5f, 0x70, 0x61, // ............u_pa
	0x72, 0x61, 0x6d, 0x73, 0x00, 0x00, 0x00, 0x00, 0x05, 0x00, 0x03, 0x00, 0x9c, 0x00, 0x00, 0x00, // rams............
	0x00, 0x00, 0x00, 0x00, 0x05, 0x00, 0x05, 0x00, 0x0f, 0x02, 0x00, 0x00, 0x76, 0x5f, 0x70, 0x6f, // ............v_po
	0x73, 0x69, 0x74, 0x69, 0x6f, 0x6e, 0x00, 0x00, 0x05, 0x00, 0x05, 0x00, 0x12, 0x02, 0x00, 0x00, // sition..........
	0x76, 0x5f, 0x74, 0x65, 0x78, 0x63, 0x6f, 0x6f, 0x72, 0x64, 0x30, 0x00, 0x05, 0x00, 0x06, 0x00, // v_texcoord0.....
	0x1f, 0x02, 0x00, 0x00, 0x62, 0x67, 0x66, 0x78, 0x5f, 0x46, 0x72, 0x61, 0x67, 0x44, 0x61, 0x74, // ....bgfx_FragDat
	0x61, 0x30, 0x00, 0x00, 0x47, 0x00, 0x04, 0x00, 0x3d, 0x00, 0x00, 0x00, 0x21, 0x00, 0x00, 0x00, // a0..G...=...!...
	0x12, 0x00, 0x00, 0x00, 0x47, 0x00, 0x04, 0x00, 0x3d, 0x00, 0x00, 0x00, 0x22, 0x00, 0x00, 0x00, // ....G...=..."...
	0x00, 0x00, 0x00, 0x00, 0x47, 0x00, 0x04, 0x00, 0x40, 0x00, 0x00, 0x00, 0x21, 0x00, 0x00, 0x00, // ....G...@...!...
	0x02, 0x00, 0x00, 0x00, 0x47, 0x00, 0x04, 0x00, 0x40, 0x00, 0x00, 0x00, 0x22, 0x00, 0x00, 0x00, // ....G...@..."...
	0x00, 0x00, 0x00, 0x00, 0x47, 0x00, 0x03, 0x00, 0x9a, 0x00, 0x00, 0x00, 0x02, 0x00, 0x00, 0x00, // ....G...........
	0x48, 0x00, 0x04, 0x00, 0x9a, 0x00, 0x00, 0x00, 0x00, 0x00, 0x00, 0x00, 0x04, 0x00, 0x00, 0x00, // H...............
	0x48, 0x00, 0x05, 0x00, 0x9a, 0x00, 0x00, 0x00, 0x00, 0x00, 0x00, 0x00, 0x07, 0x00, 0x00, 0x00, // H...............
	0x10, 0x00, 0x00, 0x00, 0x48, 0x00, 0x05, 0x00, 0x9a, 0x00, 0x00, 0x00, 0x00, 0x00, 0x00, 0x00, // ....H...........
	0x23, 0x00, 0x00, 0x00, 0x00, 0x00, 0x00, 0x00, 0x48, 0x00, 0x04, 0x00, 0x9a, 0x00, 0x00, 0x00, // #.......H.......
	0x01, 0x00, 0x00, 0x00, 0x04, 0x00, 0x00, 0x00, 0x48, 0x00, 0x05, 0x00, 0x9a, 0x00, 0x00, 0x00, // ........H.......
	0x01, 0x00, 0x00, 0x00, 0x07, 0x00, 0x00, 0x00, 0x10, 0x00, 0x00, 0x00, 0x48, 0x00, 0x05, 0x00, // ............H...
	0x9a, 0x00, 0x00, 0x00, 0x01, 0x00, 0x00, 0x00, 0x23, 0x00, 0x00, 0x00, 0x30, 0x00, 0x00, 0x00, // ........#...0...
	0x48, 0x00, 0x05, 0x00, 0x9a, 0x00, 0x00, 0x00, 0x02, 0x00, 0x00, 0x00, 0x23, 0x00, 0x00, 0x00, // H...........#...
	0x60, 0x00, 0x00, 0x00, 0x48, 0x00, 0x05, 0x00, 0x9a, 0x00, 0x00, 0x00, 0x03, 0x00, 0x00, 0x00, // `...H...........
	0x23, 0x00, 0x00, 0x00, 0x70, 0x00, 0x00, 0x00, 0x48, 0x00, 0x05, 0x00, 0x9a, 0x00, 0x00, 0x00, // #...p...H.......
	0x04, 0x00, 0x00, 0x00, 0x23, 0x00, 0x00, 0x00, 0x80, 0x00, 0x00, 0x00, 0x48, 0x00, 0x05, 0x00, // ....#.......H...
	0x9a, 0x00, 0x00, 0x00, 0x05, 0x00, 0x00, 0x00, 0x23, 0x00, 0x00, 0x00, 0x90, 0x00, 0x00, 0x00, // ........#.......
	0x48, 0x00, 0x05, 0x00, 0x9a, 0x00, 0x00, 0x00, 0x06, 0x00, 0x00, 0x00, 0x23, 0x00, 0x00, 0x00, // H...........#...
	0xa0, 0x00, 0x00, 0x00, 0x47, 0x00, 0x04, 0x00, 0x9c, 0x00, 0x00, 0x00, 0x21, 0x00, 0x00, 0x00, // ....G.......!...
	0x01, 0x00, 0x00, 0x00, 0x47, 0x00, 0x04, 0x00, 0x9c, 0x00, 0x00, 0x00, 0x22, 0x00, 0x00, 0x00, // ....G......."...
	0x00, 0x00, 0x00, 0x00, 0x47, 0x00, 0x04, 0x00, 0x0f, 0x02, 0x00, 0x00, 0x1e, 0x00, 0x00, 0x00, // ....G...........
	0x00, 0x00, 0x00, 0x00, 0x47, 0x00, 0x04, 0x00, 0x12, 0x02, 0x00, 0x00, 0x1e, 0x00, 0x00, 0x00, // ....G...........
	0x01, 0x00, 0x00, 0x00, 0x47, 0x00, 0x04, 0x00, 0x1f, 0x02, 0x00, 0x00, 0x1e, 0x00, 0x00, 0x00, // ....G...........
	0x00, 0x00, 0x00, 0x00, 0x13, 0x00, 0x02, 0x00, 0x02, 0x00, 0x00, 0x00, 0x21, 0x00, 0x03, 0x00, // ............!...
	0x03, 0x00, 0x00, 0x00, 0x02, 0x00, 0x00, 0x00, 0x1a, 0x00, 0x02, 0x00, 0x06, 0x00, 0x00, 0x00, // ................
	0x16, 0x00, 0x03, 0x00, 0x07, 0x00, 0x00, 0x00, 0x20, 0x00, 0x00, 0x00, 0x19, 0x00, 0x09, 0x00, // ........ .......
	0x08, 0x00, 0x00, 0x00, 0x07, 0x00, 0x00, 0x00, 0x01, 0x00, 0x00, 0x00, 0x00, 0x00, 0x00, 0x00, // ................
	0x00, 0x00, 0x00, 0x00, 0x00, 0x00, 0x00, 0x00, 0x01, 0x00, 0x00, 0x00, 0x00, 0x00, 0x00, 0x00, // ................
	0x17, 0x00, 0x04, 0x00, 0x0b, 0x00, 0x00, 0x00, 0x07, 0x00, 0x00, 0x00, 0x02, 0x00, 0x00, 0x00, // ................
	0x17, 0x00, 0x04, 0x00, 0x0d, 0x00, 0x00, 0x00, 0x07, 0x00, 0x00, 0x00, 0x04, 0x00, 0x00, 0x00, // ................
	0x15, 0x00, 0x04, 0x00, 0x13, 0x00, 0x00, 0x00, 0x20, 0x00, 0x00, 0x00, 0x01, 0x00, 0x00, 0x00, // ........ .......
	0x20, 0x00, 0x04, 0x00, 0x3c, 0x00, 0x00, 0x00, 0x00, 0x00, 0x00, 0x00, 0x06, 0x00, 0x00, 0x00, //  ...<...........
	0x3b, 0x00, 0x04, 0x00, 0x3c, 0x00, 0x00, 0x00, 0x3d, 0x00, 0x00, 0x00, 0x00, 0x00, 0x00, 0x00, // ;...<...=.......
	0x20, 0x00, 0x04, 0x00, 0x3f, 0x00, 0x00, 0x00, 0x00, 0x00, 0x00, 0x00, 0x08, 0x00, 0x00, 0x00, //  ...?...........
	0x3b, 0x00, 0x04, 0x00, 0x3f, 0x00, 0x00, 0x00, 0x40, 0x00, 0x00, 0x00, 0x00, 0x00, 0x00, 0x00, // ;...?...@.......
	0x2b, 0x00, 0x04, 0x00, 0x13, 0x00, 0x00, 0x00, 0x43, 0x00, 0x00, 0x00, 0x01, 0x00, 0x00, 0x00, // +.......C.......
	0x2b, 0x00, 0x04, 0x00, 0x13, 0x00, 0x00, 0x00, 0x47, 0x00, 0x00, 0x00, 0x00, 0x00, 0x00, 0x00, // +.......G.......
	0x1b, 0x00, 0x03, 0x00, 0x4b, 0x00, 0x00, 0x00, 0x08, 0x00, 0x00, 0x00, 0x15, 0x00, 0x04, 0x00, // ....K...........
	0x51, 0x00, 0x00, 0x00, 0x20, 0x00, 0x00, 0x00, 0x00, 0x00, 0x00, 0x00, 0x17, 0x00, 0x04, 0x00, // Q... ...........
	0x52, 0x00, 0x00, 0x00, 0x51, 0x00, 0x00, 0x00, 0x02, 0x00, 0x00, 0x00, 0x2b, 0x00, 0x04, 0x00, // R...Q.......+...
	0x51, 0x00, 0x00, 0x00, 0x5b, 0x00, 0x00, 0x00, 0x00, 0x00, 0x00, 0x00, 0x2b, 0x00, 0x04, 0x00, // Q...[.......+...
	0x51, 0x00, 0x00, 0x00, 0x61, 0x00, 0x00, 0x00, 0x01, 0x00, 0x00, 0x00, 0x2b, 0x00, 0x04, 0x00, // Q...a.......+...
	0x07, 0x00, 0x00, 0x00, 0x87, 0x00, 0x00, 0x00, 0x00, 0x00, 0x00, 0x00, 0x2c, 0x00, 0x05, 0x00, // ............,...
	0x0b, 0x00, 0x00, 0x00, 0x8a, 0x00, 0x00, 0x00, 0x87, 0x00, 0x00, 0x00, 0x87, 0x00, 0x00, 0x00, // ................
	0x2b, 0x00, 0x04, 0x00, 0x07, 0x00, 0x00, 0x00, 0x94, 0x00, 0x00, 0x00, 0x00, 0x00, 0x80, 0x3f, // +..............?
	0x17, 0x00, 0x04, 0x00, 0x95, 0x00, 0x00, 0x00, 0x07, 0x00, 0x00, 0x00, 0x03, 0x00, 0x00, 0x00, // ................
	0x18, 0x00, 0x04, 0x00, 0x99, 0x00, 0x00, 0x00, 0x95, 0x00, 0x00, 0x00, 0x03, 0x00, 0x00, 0x00, // ................
	0x1e, 0x00, 0x09, 0x00, 0x9a, 0x00, 0x00, 0x00, 0x99, 0x00, 0x00, 0x00, 0x99, 0x00, 0x00, 0x00, // ................
	0x0d, 0x00, 0x00, 0x00, 0x0d, 0x00, 0x00, 0x00, 0x0d, 0x00, 0x00, 0x00, 0x0d, 0x00, 0x00, 0x00, // ................
	0x0d, 0x00, 0x00, 0x00, 0x20, 0x00, 0x04, 0x00, 0x9b, 0x00, 0x00, 0x00, 0x02, 0x00, 0x00, 0x00, // .... ...........
	0x9a, 0x00, 0x00, 0x00, 0x3b, 0x00, 0x04, 0x00, 0x9b, 0x00, 0x00, 0x00, 0x9c, 0x00, 0x00, 0x00, // ....;...........
	0x02, 0x00, 0x00, 0x00, 0x20, 0x00, 0x04, 0x00, 0x9d, 0x00, 0x00, 0x00, 0x02, 0x00, 0x00, 0x00, // .... ...........
	0x99, 0x00, 0x00, 0x00, 0x2b, 0x00, 0x04, 0x00, 0x13, 0x00, 0x00, 0x00, 0xa3, 0x00, 0x00, 0x00, // ....+...........
	0x04, 0x00, 0x00, 0x00, 0x20, 0x00, 0x04, 0x00, 0xa4, 0x00, 0x00, 0x00, 0x02, 0x00, 0x00, 0x00, // .... ...........
	0x0d, 0x00, 0x00, 0x00, 0x2b, 0x00, 0x04, 0x00, 0x07, 0x00, 0x00, 0x00, 0xa9, 0x00, 0x00, 0x00, // ....+...........
	0x00, 0x00, 0x00, 0x3f, 0x2c, 0x00, 0x05, 0x00, 0x0b, 0x00, 0x00, 0x00, 0xaa, 0x00, 0x00, 0x00, // ...?,...........
	0xa9, 0x00, 0x00, 0x00, 0xa9, 0x00, 0x00, 0x00, 0x2b, 0x00, 0x04, 0x00, 0x07, 0x00, 0x00, 0x00, // ........+.......
	0xbc, 0x00, 0x00, 0x00, 0x00, 0x00, 0x00, 0x40, 0x2b, 0x00, 0x04, 0x00, 0x13, 0x00, 0x00, 0x00, // .......@+.......
	0xc1, 0x00, 0x00, 0x00, 0x06, 0x00, 0x00, 0x00, 0x20, 0x00, 0x04, 0x00, 0xc2, 0x00, 0x00, 0x00, // ........ .......
	0x02, 0x00, 0x00, 0x00, 0x07, 0x00, 0x00, 0x00, 0x2b, 0x00, 0x04, 0x00, 0x51, 0x00, 0x00, 0x00, // ........+...Q...
	0xd8, 0x00, 0x00, 0x00, 0x03, 0x00, 0x00, 0x00, 0x14, 0x00, 0x02, 0x00, 0xdb, 0x00, 0x00, 0x00, // ................
	0x2b, 0x00, 0x04, 0x00, 0x13, 0x00, 0x00, 0x00, 0xe9, 0x00, 0x00, 0x00, 0x05, 0x00, 0x00, 0x00, // +...............
	0x2b, 0x00, 0x04, 0x00, 0x51, 0x00, 0x00, 0x00, 0xf1, 0x00, 0x00, 0x00, 0x02, 0x00, 0x00, 0x00, // +...Q...........
	0x2b, 0x00, 0x04, 0x00, 0x13, 0x00, 0x00, 0x00, 0xfe, 0x00, 0x00, 0x00, 0x02, 0x00, 0x00, 0x00, // +...............
	0x2b, 0x00, 0x04, 0x00, 0x13, 0x00, 0x00, 0x00, 0xff, 0x00, 0x00, 0x00, 0x03, 0x00, 0x00, 0x00, // +...............
	0x2c, 0x00, 0x07, 0x00, 0x0d, 0x00, 0x00, 0x00, 0x51, 0x01, 0x00, 0x00, 0x94, 0x00, 0x00, 0x00, // ,.......Q.......
	0x94, 0x00, 0x00, 0x00, 0x94, 0x00, 0x00, 0x00, 0x94, 0x00, 0x00, 0x00, 0x2b, 0x00, 0x04, 0x00, // ............+...
	0x07, 0x00, 0x00, 0x00, 0x55, 0x01, 0x00, 0x00, 0x00, 0x00, 0x40, 0x40, 0x2b, 0x00, 0x04, 0x00, // ....U.....@@+...
	0x07, 0x00, 0x00, 0x00, 0x80, 0x01, 0x00, 0x00, 0x00, 0x00, 0x80, 0x40, 0x2b, 0x00, 0x04, 0x00, // ...........@+...
	0x07, 0x00, 0x00, 0x00, 0x8f, 0x01, 0x00, 0x00, 0x00, 0x00, 0x80, 0xbf, 0x2c, 0x00, 0x05, 0x00, // ............,...
	0x0b, 0x00, 0x00, 0x00, 0x90, 0x01, 0x00, 0x00, 0x8f, 0x01, 0x00, 0x00, 0x8f, 0x01, 0x00, 0x00, // ................
	0x2c, 0x00, 0x05, 0x00, 0x0b, 0x00, 0x00, 0x00, 0x9a, 0x01, 0x00, 0x00, 0x87, 0x00, 0x00, 0x00, // ,...............
	0x8f, 0x01, 0x00, 0x00, 0x2c, 0x00, 0x05, 0x00, 0x0b, 0x00, 0x00, 0x00, 0xa5, 0x01, 0x00, 0x00, // ....,...........
	0x94, 0x00, 0x00, 0x00, 0x8f, 0x01, 0x00, 0x00, 0x2c, 0x00, 0x05, 0x00, 0x0b, 0x00, 0x00, 0x00, // ........,.......
	0xb0, 0x01, 0x00, 0x00, 0x8f, 0x01, 0x00, 0x00, 0x87, 0x00, 0x00, 0x00, 0x2c, 0x00, 0x05, 0x00, // ............,...
	0x0b, 0x00, 0x00, 0x00, 0xc5, 0x01, 0x00, 0x00, 0x94, 0x00, 0x00, 0x00, 0x87, 0x00, 0x00, 0x00, // ................
	0x2c, 0x00, 0x05, 0x00, 0x0b, 0x00, 0x00, 0x00, 0xd0, 0x01, 0x00, 0x00, 0x8f, 0x01, 0x00, 0x00, // ,...............
	0x94, 0x00, 0x00, 0x00, 0x2c, 0x00, 0x05, 0x00, 0x0b, 0x00, 0x00, 0x00, 0xdb, 0x01, 0x00, 0x00, // ....,...........
	0x87, 0x00, 0x00, 0x00, 0x94, 0x00, 0x00, 0x00, 0x2c, 0x00, 0x05, 0x00, 0x0b, 0x00, 0x00, 0x00, // ........,.......
	0xe6, 0x01, 0x00, 0x00, 0x94, 0x00, 0x00, 0x00, 0x94, 0x00, 0x00, 0x00, 0x2b, 0x00, 0x04, 0x00, // ............+...
	0x07, 0x00, 0x00, 0x00, 0xf5, 0x01, 0x00, 0x00, 0x6f, 0x12, 0x83, 0x3a, 0x20, 0x00, 0x04, 0x00, // ........o..: ...
	0x0e, 0x02, 0x00, 0x00, 0x01, 0x00, 0x00, 0x00, 0x0b, 0x00, 0x00, 0x00, 0x3b, 0x00, 0x04, 0x00, // ............;...
	0x0e, 0x02, 0x00, 0x00, 0x0f, 0x02, 0x00, 0x00, 0x01, 0x00, 0x00, 0x00, 0x3b, 0x00, 0x04, 0x00, // ............;...
	0x0e, 0x02, 0x00, 0x00, 0x12, 0x02, 0x00, 0x00, 0x01, 0x00, 0x00, 0x00, 0x20, 0x00, 0x04, 0x00, // ............ ...
	0x1e, 0x02, 0x00, 0x00, 0x03, 0x00, 0x00, 0x00, 0x0d, 0x00, 0x00, 0x00, 0x3b, 0x00, 0x04, 0x00, // ............;...
	0x1e, 0x02, 0x00, 0x00, 0x1f, 0x02, 0x00, 0x00, 0x03, 0x00, 0x00, 0x00, 0x01, 0x00, 0x03, 0x00, // ................
	0x0d, 0x00, 0x00, 0x00, 0x59, 0x04, 0x00, 0x00, 0x2b, 0x00, 0x04, 0x00, 0x07, 0x00, 0x00, 0x00, // ....Y...+.......
	0x5a, 0x04, 0x00, 0x00, 0x39, 0x8e, 0xe3, 0x3d, 0x20, 0x00, 0x04, 0x00, 0x5b, 0x04, 0x00, 0x00, // Z...9..= ...[...
	0x01, 0x00, 0x00, 0x00, 0x07, 0x00, 0x00, 0x00, 0x36, 0x00, 0x05, 0x00, 0x02, 0x00, 0x00, 0x00, // ........6.......
	0x04, 0x00, 0x00, 0x00, 0x00, 0x00, 0x00, 0x00, 0x03, 0x00, 0x00, 0x00, 0xf8, 0x00, 0x02, 0x00, // ................
	0x05, 0x00, 0x00, 0x00, 0x3d, 0x00, 0x04, 0x00, 0x06, 0x00, 0x00, 0x00, 0x3e, 0x00, 0x00, 0x00, // ....=.......>...
	0x3d, 0x00, 0x00, 0x00, 0x3d, 0x00, 0x04, 0x00, 0x08, 0x00, 0x00, 0x00, 0x41, 0x00, 0x00, 0x00, // =...=.......A...
	0x40, 0x00, 0x00, 0x00, 0x3d, 0x00, 0x04, 0x00, 0x0b, 0x00, 0x00, 0x00, 0x10, 0x02, 0x00, 0x00, // @...=...........
	0x0f, 0x02, 0x00, 0x00, 0x3d, 0x00, 0x04, 0x00, 0x0b, 0x00, 0x00, 0x00, 0x13, 0x02, 0x00, 0x00, // ....=...........
	0x12, 0x02, 0x00, 0x00, 0x51, 0x00, 0x05, 0x00, 0x07, 0x00, 0x00, 0x00, 0x64, 0x03, 0x00, 0x00, // ....Q.......d...
	0x10, 0x02, 0x00, 0x00, 0x00, 0x00, 0x00, 0x00, 0x51, 0x00, 0x05, 0x00, 0x07, 0x00, 0x00, 0x00, // ........Q.......
	0x65, 0x03, 0x00, 0x00, 0x10, 0x02, 0x00, 0x00, 0x01, 0x00, 0x00, 0x00, 0x50, 0x00, 0x06, 0x00, // e...........P...
	0x95, 0x00, 0x00, 0x00, 0x66, 0x03, 0x00, 0x00, 0x64, 0x03, 0x00, 0x00, 0x65, 0x03, 0x00, 0x00, // ....f...d...e...
	0x94, 0x00, 0x00, 0x00, 0x41, 0x00, 0x05, 0x00, 0x9d, 0x00, 0x00, 0x00, 0x67, 0x03, 0x00, 0x00, // ....A.......g...
	0x9c, 0x00, 0x00, 0x00, 0x47, 0x00, 0x00, 0x00, 0x3d, 0x00, 0x04, 0x00, 0x99, 0x00, 0x00, 0x00, // ....G...=.......
	0x68, 0x03, 0x00, 0x00, 0x67, 0x03, 0x00, 0x00, 0x90, 0x00, 0x05, 0x00, 0x95, 0x00, 0x00, 0x00, // h...g...........
	0x69, 0x03, 0x00, 0x00, 0x66, 0x03, 0x00, 0x00, 0x68, 0x03, 0x00, 0x00, 0x4f, 0x00, 0x07, 0x00, // i...f...h...O...
	0x0b, 0x00, 0x00, 0x00, 0x6a, 0x03, 0x00, 0x00, 0x69, 0x03, 0x00, 0x00, 0x69, 0x03, 0x00, 0x00, // ....j...i...i...
	0x00, 0x00, 0x00, 0x00, 0x01, 0x00, 0x00, 0x00, 0x0c, 0x00, 0x06, 0x00, 0x0b, 0x00, 0x00, 0x00, // ................
	0x6b, 0x03, 0x00, 0x00, 0x01, 0x00, 0x00, 0x00, 0x04, 0x00, 0x00, 0x00, 0x6a, 0x03, 0x00, 0x00, // k...........j...
	0x41, 0x00, 0x05, 0x00, 0xa4, 0x00, 0x00, 0x00, 0x6c, 0x03, 0x00, 0x00, 0x9c, 0x00, 0x00, 0x00, // A.......l.......
	0xa3, 0x00, 0x00, 0x00, 0x3d, 0x00, 0x04, 0x00, 0x0d, 0x00, 0x00, 0x00, 0x6d, 0x03, 0x00, 0x00, // ....=.......m...
	0x6c, 0x03, 0x00, 0x00, 0x4f, 0x00, 0x07, 0x00, 0x0b, 0x00, 0x00, 0x00, 0x6e, 0x03, 0x00, 0x00, // l...O.......n...
	0x6d, 0x03, 0x00, 0x00, 0x6d, 0x03, 0x00, 0x00, 0x00, 0x00, 0x00, 0x00, 0x01, 0x00, 0x00, 0x00, // m...m...........
	0x83, 0x00, 0x05, 0x00, 0x0b, 0x00, 0x00, 0x00, 0x6f, 0x03, 0x00, 0x00, 0x6b, 0x03, 0x00, 0x00, // ........o...k...
	0x6e, 0x03, 0x00, 0x00, 0x4f, 0x00, 0x07, 0x00, 0x0b, 0x00, 0x00, 0x00, 0x73, 0x03, 0x00, 0x00, // n...O.......s...
	0x6d, 0x03, 0x00, 0x00, 0x6d, 0x03, 0x00, 0x00, 0x02, 0x00, 0x00, 0x00, 0x03, 0x00, 0x00, 0x00, // m...m...........
	0x85, 0x00, 0x05, 0x00, 0x0b, 0x00, 0x00, 0x00, 0x74, 0x03, 0x00, 0x00, 0x6f, 0x03, 0x00, 0x00, // ........t...o...
	0x73, 0x03, 0x00, 0x00, 0x83, 0x00, 0x05, 0x00, 0x0b, 0x00, 0x00, 0x00, 0x75, 0x03, 0x00, 0x00, // s...........u...
	0xaa, 0x00, 0x00, 0x00, 0x74, 0x03, 0x00, 0x00, 0x51, 0x00, 0x05, 0x00, 0x07, 0x00, 0x00, 0x00, // ....t...Q.......
	0x77, 0x03, 0x00, 0x00, 0x75, 0x03, 0x00, 0x00, 0x00, 0x00, 0x00, 0x00, 0x0c, 0x00, 0x08, 0x00, // w...u...........
	0x07, 0x00, 0x00, 0x00, 0x78, 0x03, 0x00, 0x00, 0x01, 0x00, 0x00, 0x00, 0x2b, 0x00, 0x00, 0x00, // ....x.......+...
	0x77, 0x03, 0x00, 0x00, 0x87, 0x00, 0x00, 0x00, 0x94, 0x00, 0x00, 0x00, 0x51, 0x00, 0x05, 0x00, // w...........Q...
	0x07, 0x00, 0x00, 0x00, 0x7a, 0x03, 0x00, 0x00, 0x75, 0x03, 0x00, 0x00, 0x01, 0x00, 0x00, 0x00, // ....z...u.......
	0x0c, 0x00, 0x08, 0x00, 0x07, 0x00, 0x00, 0x00, 0x7b, 0x03, 0x00, 0x00, 0x01, 0x00, 0x00, 0x00, // ........{.......
	0x2b, 0x00, 0x00, 0x00, 0x7a, 0x03, 0x00, 0x00, 0x87, 0x00, 0x00, 0x00, 0x94, 0x00, 0x00, 0x00, // +...z...........
	0x85, 0x00, 0x05, 0x00, 0x07, 0x00, 0x00, 0x00, 0x7c, 0x03, 0x00, 0x00, 0x78, 0x03, 0x00, 0x00, // ........|...x...
	0x7b, 0x03, 0x00, 0x00, 0x41, 0x00, 0x05, 0x00, 0x5b, 0x04, 0x00, 0x00, 0x7f, 0x03, 0x00, 0x00, // {...A...[.......
	0x12, 0x02, 0x00, 0x00, 0x5b, 0x00, 0x00, 0x00, 0x3d, 0x00, 0x04, 0x00, 0x07, 0x00, 0x00, 0x00, // ....[...=.......
	0x80, 0x03, 0x00, 0x00, 0x7f, 0x03, 0x00, 0x00, 0x85, 0x00, 0x05, 0x00, 0x07, 0x00, 0x00, 0x00, // ................
	0x81, 0x03, 0x00, 0x00, 0x80, 0x03, 0x00, 0x00, 0xbc, 0x00, 0x00, 0x00, 0x83, 0x00, 0x05, 0x00, // ................
	0x07, 0x00, 0x00, 0x00, 0x82, 0x03, 0x00, 0x00, 0x81, 0x03, 0x00, 0x00, 0x94, 0x00, 0x00, 0x00, // ................
	0x0c, 0x00, 0x06, 0x00, 0x07, 0x00, 0x00, 0x00, 0x83, 0x03, 0x00, 0x00, 0x01, 0x00, 0x00, 0x00, // ................
	0x04, 0x00, 0x00, 0x00, 0x82, 0x03, 0x00, 0x00, 0x83, 0x00, 0x05, 0x00, 0x07, 0x00, 0x00, 0x00, // ................
	0x84, 0x03, 0x00, 0x00, 0x94, 0x00, 0x00, 0x00, 0x83, 0x03, 0x00, 0x00, 0x41, 0x00, 0x06, 0x00, // ............A...
	0xc2, 0x00, 0x00, 0x00, 0x85, 0x03, 0x00, 0x00, 0x9c, 0x00, 0x00, 0x00, 0xc1, 0x00, 0x00, 0x00, // ................
	0x61, 0x00, 0x00, 0x00, 0x3d, 0x00, 0x04, 0x00, 0x07, 0x00, 0x00, 0x00, 0x86, 0x03, 0x00, 0x00, // a...=...........
	0x85, 0x03, 0x00, 0x00, 0x85, 0x00, 0x05, 0x00, 0x07, 0x00, 0x00, 0x00, 0x87, 0x03, 0x00, 0x00, // ................
	0x84, 0x03, 0x00, 0x00, 0x86, 0x03, 0x00, 0x00, 0x0c, 0x00, 0x07, 0x00, 0x07, 0x00, 0x00, 0x00, // ................
	0x88, 0x03, 0x00, 0x00, 0x01, 0x00, 0x00, 0x00, 0x25, 0x00, 0x00, 0x00, 0x94, 0x00, 0x00, 0x00, // ........%.......
	0x87, 0x03, 0x00, 0x00, 0x41, 0x00, 0x05, 0x00, 0x5b, 0x04, 0x00, 0x00, 0x89, 0x03, 0x00, 0x00, // ....A...[.......
	0x12, 0x02, 0x00, 0x00, 0x61, 0x00, 0x00, 0x00, 0x3d, 0x00, 0x04, 0x00, 0x07, 0x00, 0x00, 0x00, // ....a...=.......
	0x8a, 0x03, 0x00, 0x00, 0x89, 0x03, 0x00, 0x00, 0x0c, 0x00, 0x07, 0x00, 0x07, 0x00, 0x00, 0x00, // ................
	0x8b, 0x03, 0x00, 0x00, 0x01, 0x00, 0x00, 0x00, 0x25, 0x00, 0x00, 0x00, 0x94, 0x00, 0x00, 0x00, // ........%.......
	0x8a, 0x03, 0x00, 0x00, 0x85, 0x00, 0x05, 0x00, 0x07, 0x00, 0x00, 0x00, 0x8c, 0x03, 0x00, 0x00, // ................
	0x88, 0x03, 0x00, 0x00, 0x8b, 0x03, 0x00, 0x00, 0x41, 0x00, 0x06, 0x00, 0xc2, 0x00, 0x00, 0x00, // ........A.......
	0x69, 0x02, 0x00, 0x00, 0x9c, 0x00, 0x00, 0x00, 0xc1, 0x00, 0x00, 0x00, 0xd8, 0x00, 0x00, 0x00, // i...............
	0x3d, 0x00, 0x04, 0x00, 0x07, 0x00, 0x00, 0x00, 0x6a, 0x02, 0x00, 0x00, 0x69, 0x02, 0x00, 0x00, // =.......j...i...
	0xb4, 0x00, 0x05, 0x00, 0xdb, 0x00, 0x00, 0x00, 0x6b, 0x02, 0x00, 0x00, 0x6a, 0x02, 0x00, 0x00, // ........k...j...
	0x87, 0x00, 0x00, 0x00, 0xf7, 0x00, 0x03, 0x00, 0x5a, 0x03, 0x00, 0x00, 0x00, 0x00, 0x00, 0x00, // ........Z.......
	0xfa, 0x00, 0x04, 0x00, 0x6b, 0x02, 0x00, 0x00, 0x6c, 0x02, 0x00, 0x00, 0x91, 0x02, 0x00, 0x00, // ....k...l.......
	0xf8, 0x00, 0x02, 0x00, 0x6c, 0x02, 0x00, 0x00, 0x41, 0x00, 0x05, 0x00, 0x9d, 0x00, 0x00, 0x00, // ....l...A.......
	0x71, 0x02, 0x00, 0x00, 0x9c, 0x00, 0x00, 0x00, 0x43, 0x00, 0x00, 0x00, 0x3d, 0x00, 0x04, 0x00, // q.......C...=...
	0x99, 0x00, 0x00, 0x00, 0x72, 0x02, 0x00, 0x00, 0x71, 0x02, 0x00, 0x00, 0x90, 0x00, 0x05, 0x00, // ....r...q.......
	0x95, 0x00, 0x00, 0x00, 0x73, 0x02, 0x00, 0x00, 0x66, 0x03, 0x00, 0x00, 0x72, 0x02, 0x00, 0x00, // ....s...f...r...
	0x4f, 0x00, 0x07, 0x00, 0x0b, 0x00, 0x00, 0x00, 0x74, 0x02, 0x00, 0x00, 0x73, 0x02, 0x00, 0x00, // O.......t...s...
	0x73, 0x02, 0x00, 0x00, 0x00, 0x00, 0x00, 0x00, 0x01, 0x00, 0x00, 0x00, 0x41, 0x00, 0x05, 0x00, // s...........A...
	0xa4, 0x00, 0x00, 0x00, 0x76, 0x02, 0x00, 0x00, 0x9c, 0x00, 0x00, 0x00, 0xe9, 0x00, 0x00, 0x00, // ....v...........
	0x3d, 0x00, 0x04, 0x00, 0x0d, 0x00, 0x00, 0x00, 0x77, 0x02, 0x00, 0x00, 0x76, 0x02, 0x00, 0x00, // =.......w...v...
	0x4f, 0x00, 0x07, 0x00, 0x0b, 0x00, 0x00, 0x00, 0x78, 0x02, 0x00, 0x00, 0x77, 0x02, 0x00, 0x00, // O.......x...w...
	0x77, 0x02, 0x00, 0x00, 0x00, 0x00, 0x00, 0x00, 0x01, 0x00, 0x00, 0x00, 0x41, 0x00, 0x06, 0x00, // w...........A...
	0xc2, 0x00, 0x00, 0x00, 0x79, 0x02, 0x00, 0x00, 0x9c, 0x00, 0x00, 0x00, 0xe9, 0x00, 0x00, 0x00, // ....y...........
	0xf1, 0x00, 0x00, 0x00, 0x3d, 0x00, 0x04, 0x00, 0x07, 0x00, 0x00, 0x00, 0x7a, 0x02, 0x00, 0x00, // ....=.......z...
	0x79, 0x02, 0x00, 0x00, 0x50, 0x00, 0x05, 0x00, 0x0b, 0x00, 0x00, 0x00, 0x93, 0x03, 0x00, 0x00, // y...P...........
	0x7a, 0x02, 0x00, 0x00, 0x7a, 0x02, 0x00, 0x00, 0x83, 0x00, 0x05, 0x00, 0x0b, 0x00, 0x00, 0x00, // z...z...........
	0x94, 0x03, 0x00, 0x00, 0x78, 0x02, 0x00, 0x00, 0x93, 0x03, 0x00, 0x00, 0x0c, 0x00, 0x06, 0x00, // ....x...........
	0x0b, 0x00, 0x00, 0x00, 0x96, 0x03, 0x00, 0x00, 0x01, 0x00, 0x00, 0x00, 0x04, 0x00, 0x00, 0x00, // ................
	0x74, 0x02, 0x00, 0x00, 0x83, 0x00, 0x05, 0x00, 0x0b, 0x00, 0x00, 0x00, 0x98, 0x03, 0x00, 0x00, // t...............
	0x96, 0x03, 0x00, 0x00, 0x94, 0x03, 0x00, 0x00, 0x51, 0x00, 0x05, 0x00, 0x07, 0x00, 0x00, 0x00, // ........Q.......
	0x9a, 0x03, 0x00, 0x00, 0x98, 0x03, 0x00, 0x00, 0x00, 0x00, 0x00, 0x00, 0x51, 0x00, 0x05, 0x00, // ............Q...
	0x07, 0x00, 0x00, 0x00, 0x9c, 0x03, 0x00, 0x00, 0x98, 0x03, 0x00, 0x00, 0x01, 0x00, 0x00, 0x00, // ................
	0x0c, 0x00, 0x07, 0x00, 0x07, 0x00, 0x00, 0x00, 0x9d, 0x03, 0x00, 0x00, 0x01, 0x00, 0x00, 0x00, // ................
	0x28, 0x00, 0x00, 0x00, 0x9a, 0x03, 0x00, 0x00, 0x9c, 0x03, 0x00, 0x00, 0x0c, 0x00, 0x07, 0x00, // (...............
	0x07, 0x00, 0x00, 0x00, 0x9e, 0x03, 0x00, 0x00, 0x01, 0x00, 0x00, 0x00, 0x25, 0x00, 0x00, 0x00, // ............%...
	0x9d, 0x03, 0x00, 0x00, 0x87, 0x00, 0x00, 0x00, 0x0c, 0x00, 0x07, 0x00, 0x0b, 0x00, 0x00, 0x00, // ................
	0xa0, 0x03, 0x00, 0x00, 0x01, 0x00, 0x00, 0x00, 0x28, 0x00, 0x00, 0x00, 0x98, 0x03, 0x00, 0x00, // ........(.......
	0x8a, 0x00, 0x00, 0x00, 0x0c, 0x00, 0x06, 0x00, 0x07, 0x00, 0x00, 0x00, 0xa1, 0x03, 0x00, 0x00, // ................
	0x01, 0x00, 0x00, 0x00, 0x42, 0x00, 0x00, 0x00, 0xa0, 0x03, 0x00, 0x00, 0x81, 0x00, 0x05, 0x00, // ....B...........
	0x07, 0x00, 0x00, 0x00, 0xa2, 0x03, 0x00, 0x00, 0x9e, 0x03, 0x00, 0x00, 0xa1, 0x03, 0x00, 0x00, // ................
	0x83, 0x00, 0x05, 0x00, 0x07, 0x00, 0x00, 0x00, 0xa4, 0x03, 0x00, 0x00, 0xa2, 0x03, 0x00, 0x00, // ................
	0x7a, 0x02, 0x00, 0x00, 0x41, 0x00, 0x06, 0x00, 0xc2, 0x00, 0x00, 0x00, 0x7c, 0x02, 0x00, 0x00, // z...A.......|...
	0x9c, 0x00, 0x00, 0x00, 0xc1, 0x00, 0x00, 0x00, 0x5b, 0x00, 0x00, 0x00, 0x3d, 0x00, 0x04, 0x00, // ........[...=...
	0x07, 0x00, 0x00, 0x00, 0x7d, 0x02, 0x00, 0x00, 0x7c, 0x02, 0x00, 0x00, 0x85, 0x00, 0x05, 0x00, // ....}...|.......
	0x07, 0x00, 0x00, 0x00, 0x7e, 0x02, 0x00, 0x00, 0x7d, 0x02, 0x00, 0x00, 0xa9, 0x00, 0x00, 0x00, // ....~...}.......
	0x81, 0x00, 0x05, 0x00, 0x07, 0x00, 0x00, 0x00, 0x7f, 0x02, 0x00, 0x00, 0xa4, 0x03, 0x00, 0x00, // ................
	0x7e, 0x02, 0x00, 0x00, 0x88, 0x00, 0x05, 0x00, 0x07, 0x00, 0x00, 0x00, 0x82, 0x02, 0x00, 0x00, // ~...............
	0x7f, 0x02, 0x00, 0x00, 0x7d, 0x02, 0x00, 0x00, 0x0c, 0x00, 0x08, 0x00, 0x07, 0x00, 0x00, 0x00, // ....}...........
	0x83, 0x02, 0x00, 0x00, 0x01, 0x00, 0x00, 0x00, 0x2b, 0x00, 0x00, 0x00, 0x82, 0x02, 0x00, 0x00, // ........+.......
	0x87, 0x00, 0x00, 0x00, 0x94, 0x00, 0x00, 0x00, 0x50, 0x00, 0x07, 0x00, 0x0d, 0x00, 0x00, 0x00, // ........P.......
	0x85, 0x02, 0x00, 0x00, 0x83, 0x02, 0x00, 0x00, 0x83, 0x02, 0x00, 0x00, 0x83, 0x02, 0x00, 0x00, // ................
	0x83, 0x02, 0x00, 0x00, 0x41, 0x00, 0x05, 0x00, 0xa4, 0x00, 0x00, 0x00, 0x86, 0x02, 0x00, 0x00, // ....A...........
	0x9c, 0x00, 0x00, 0x00, 0xfe, 0x00, 0x00, 0x00, 0x3d, 0x00, 0x04, 0x00, 0x0d, 0x00, 0x00, 0x00, // ........=.......
	0x87, 0x02, 0x00, 0x00, 0x86, 0x02, 0x00, 0x00, 0x41, 0x00, 0x05, 0x00, 0xa4, 0x00, 0x00, 0x00, // ........A.......
	0x88, 0x02, 0x00, 0x00, 0x9c, 0x00, 0x00, 0x00, 0xff, 0x00, 0x00, 0x00, 0x3d, 0x00, 0x04, 0x00, // ............=...
	0x0d, 0x00, 0x00, 0x00, 0x89, 0x02, 0x00, 0x00, 0x88, 0x02, 0x00, 0x00, 0x0c, 0x00, 0x08, 0x00, // ................
	0x0d, 0x00, 0x00, 0x00, 0xaa, 0x03, 0x00, 0x00, 0x01, 0x00, 0x00, 0x00, 0x2e, 0x00, 0x00, 0x00, // ................
	0x87, 0x02, 0x00, 0x00, 0x89, 0x02, 0x00, 0x00, 0x85, 0x02, 0x00, 0x00, 0x85, 0x00, 0x05, 0x00, // ................
	0x07, 0x00, 0x00, 0x00, 0x8d, 0x02, 0x00, 0x00, 0x8c, 0x03, 0x00, 0x00, 0x7c, 0x03, 0x00, 0x00, // ............|...
	0x8e, 0x00, 0x05, 0x00, 0x0d, 0x00, 0x00, 0x00, 0x8f, 0x02, 0x00, 0x00, 0xaa, 0x03, 0x00, 0x00, // ................
	0x8d, 0x02, 0x00, 0x00, 0xf9, 0x00, 0x02, 0x00, 0x5a, 0x03, 0x00, 0x00, 0xf8, 0x00, 0x02, 0x00, // ........Z.......
	0x91, 0x02, 0x00, 0x00, 0xb4, 0x00, 0x05, 0x00, 0xdb, 0x00, 0x00, 0x00, 0x94, 0x02, 0x00, 0x00, // ................
	0x6a, 0x02, 0x00, 0x00, 0x94, 0x00, 0x00, 0x00, 0xf7, 0x00, 0x03, 0x00, 0x59, 0x03, 0x00, 0x00, // j...........Y...
	0x00, 0x00, 0x00, 0x00, 0xfa, 0x00, 0x04, 0x00, 0x94, 0x02, 0x00, 0x00, 0x95, 0x02, 0x00, 0x00, // ................
	0xc6, 0x02, 0x00, 0x00, 0xf8, 0x00, 0x02, 0x00, 0x95, 0x02, 0x00, 0x00, 0x41, 0x00, 0x05, 0x00, // ............A...
	0x9d, 0x00, 0x00, 0x00, 0x9a, 0x02, 0x00, 0x00, 0x9c, 0x00, 0x00, 0x00, 0x43, 0x00, 0x00, 0x00, // ............C...
	0x3d, 0x00, 0x04, 0x00, 0x99, 0x00, 0x00, 0x00, 0x9b, 0x02, 0x00, 0x00, 0x9a, 0x02, 0x00, 0x00, // =...............
	0x90, 0x00, 0x05, 0x00, 0x95, 0x00, 0x00, 0x00, 0x9c, 0x02, 0x00, 0x00, 0x66, 0x03, 0x00, 0x00, // ............f...
	0x9b, 0x02, 0x00, 0x00, 0x4f, 0x00, 0x07, 0x00, 0x0b, 0x00, 0x00, 0x00, 0x9d, 0x02, 0x00, 0x00, // ....O...........
	0x9c, 0x02, 0x00, 0x00, 0x9c, 0x02, 0x00, 0x00, 0x00, 0x00, 0x00, 0x00, 0x01, 0x00, 0x00, 0x00, // ................
	0x41, 0x00, 0x05, 0x00, 0xa4, 0x00, 0x00, 0x00, 0x9e, 0x02, 0x00, 0x00, 0x9c, 0x00, 0x00, 0x00, // A...............
	0xe9, 0x00, 0x00, 0x00, 0x3d, 0x00, 0x04, 0x00, 0x0d, 0x00, 0x00, 0x00, 0x9f, 0x02, 0x00, 0x00, // ....=...........
	0x9e, 0x02, 0x00, 0x00, 0x4f, 0x00, 0x07, 0x00, 0x0b, 0x00, 0x00, 0x00, 0xa0, 0x02, 0x00, 0x00, // ....O...........
	0x9f, 0x02, 0x00, 0x00, 0x9f, 0x02, 0x00, 0x00, 0x00, 0x00, 0x00, 0x00, 0x01, 0x00, 0x00, 0x00, // ................
	0x88, 0x00, 0x05, 0x00, 0x0b, 0x00, 0x00, 0x00, 0xa1, 0x02, 0x00, 0x00, 0x9d, 0x02, 0x00, 0x00, // ................
	0xa0, 0x02, 0x00, 0x00, 0x56, 0x00, 0x05, 0x00, 0x4b, 0x00, 0x00, 0x00, 0xb1, 0x03, 0x00, 0x00, // ....V...K.......
	0x41, 0x00, 0x00, 0x00, 0x3e, 0x00, 0x00, 0x00, 0x57, 0x00, 0x05, 0x00, 0x0d, 0x00, 0x00, 0x00, // A...>...W.......
	0xb3, 0x03, 0x00, 0x00, 0xb1, 0x03, 0x00, 0x00, 0xa1, 0x02, 0x00, 0x00, 0x41, 0x00, 0x06, 0x00, // ............A...
	0xc2, 0x00, 0x00, 0x00, 0xa5, 0x02, 0x00, 0x00, 0x9c, 0x00, 0x00, 0x00, 0xc1, 0x00, 0x00, 0x00, // ................
	0xf1, 0x00, 0x00, 0x00, 0x3d, 0x00, 0x04, 0x00, 0x07, 0x00, 0x00, 0x00, 0xa6, 0x02, 0x00, 0x00, // ....=...........
	0xa5, 0x02, 0x00, 0x00, 0xb4, 0x00, 0x05, 0x00, 0xdb, 0x00, 0x00, 0x00, 0xa7, 0x02, 0x00, 0x00, // ................
	0xa6, 0x02, 0x00, 0x00, 0x94, 0x00, 0x00, 0x00, 0xf7, 0x00, 0x03, 0x00, 0xb4, 0x02, 0x00, 0x00, // ................
	0x00, 0x00, 0x00, 0x00, 0xfa, 0x00, 0x04, 0x00, 0xa7, 0x02, 0x00, 0x00, 0xa8, 0x02, 0x00, 0x00, // ................
	0xb4, 0x02, 0x00, 0x00, 0xf8, 0x00, 0x02, 0x00, 0xa8, 0x02, 0x00, 0x00, 0x4f, 0x00, 0x08, 0x00, // ............O...
	0x95, 0x00, 0x00, 0x00, 0xaa, 0x02, 0x00, 0x00, 0xb3, 0x03, 0x00, 0x00, 0xb3, 0x03, 0x00, 0x00, // ................
	0x00, 0x00, 0x00, 0x00, 0x01, 0x00, 0x00, 0x00, 0x02, 0x00, 0x00, 0x00, 0x51, 0x00, 0x05, 0x00, // ............Q...
	0x07, 0x00, 0x00, 0x00, 0xac, 0x02, 0x00, 0x00, 0xb3, 0x03, 0x00, 0x00, 0x03, 0x00, 0x00, 0x00, // ................
	0x8e, 0x00, 0x05, 0x00, 0x95, 0x00, 0x00, 0x00, 0xad, 0x02, 0x00, 0x00, 0xaa, 0x02, 0x00, 0x00, // ................
	0xac, 0x02, 0x00, 0x00, 0x51, 0x00, 0x05, 0x00, 0x07, 0x00, 0x00, 0x00, 0xb0, 0x02, 0x00, 0x00, // ....Q...........
	0xad, 0x02, 0x00, 0x00, 0x00, 0x00, 0x00, 0x00, 0x51, 0x00, 0x05, 0x00, 0x07, 0x00, 0x00, 0x00, // ........Q.......
	0xb1, 0x02, 0x00, 0x00, 0xad, 0x02, 0x00, 0x00, 0x01, 0x00, 0x00, 0x00, 0x51, 0x00, 0x05, 0x00, // ............Q...
	0x07, 0x00, 0x00, 0x00, 0xb2, 0x02, 0x00, 0x00, 0xad, 0x02, 0x00, 0x00, 0x02, 0x00, 0x00, 0x00, // ................
	0x50, 0x00, 0x07, 0x00, 0x0d, 0x00, 0x00, 0x00, 0xb3, 0x02, 0x00, 0x00, 0xb0, 0x02, 0x00, 0x00, // P...............
	0xb1, 0x02, 0x00, 0x00, 0xb2, 0x02, 0x00, 0x00, 0xac, 0x02, 0x00, 0x00, 0xf9, 0x00, 0x02, 0x00, // ................
	0xb4, 0x02, 0x00, 0x00, 0xf8, 0x00, 0x02, 0x00, 0xb4, 0x02, 0x00, 0x00, 0xf5, 0x00, 0x07, 0x00, // ................
	0x0d, 0x00, 0x00, 0x00, 0x6d, 0x04, 0x00, 0x00, 0xb3, 0x03, 0x00, 0x00, 0x95, 0x02, 0x00, 0x00, // ....m...........
	0xb3, 0x02, 0x00, 0x00, 0xa8, 0x02, 0x00, 0x00, 0xb4, 0x00, 0x05, 0x00, 0xdb, 0x00, 0x00, 0x00, // ................
	0xb7, 0x02, 0x00, 0x00, 0xa6, 0x02, 0x00, 0x00, 0xbc, 0x00, 0x00, 0x00, 0xf7, 0x00, 0x03, 0x00, // ................
	0xbb, 0x02, 0x00, 0x00, 0x00, 0x00, 0x00, 0x00, 0xfa, 0x00, 0x04, 0x00, 0xb7, 0x02, 0x00, 0x00, // ................
	0xb8, 0x02, 0x00, 0x00, 0xbb, 0x02, 0x00, 0x00, 0xf8, 0x00, 0x02, 0x00, 0xb8, 0x02, 0x00, 0x00, // ................
	0x4f, 0x00, 0x09, 0x00, 0x0d, 0x00, 0x00, 0x00, 0xba, 0x02, 0x00, 0x00, 0x6d, 0x04, 0x00, 0x00, // O...........m...
	0x6d, 0x04, 0x00, 0x00, 0x00, 0x00, 0x00, 0x00, 0x00, 0x00, 0x00, 0x00, 0x00, 0x00, 0x00, 0x00, // m...............
	0x00, 0x00, 0x00, 0x00, 0xf9, 0x00, 0x02, 0x00, 0xbb, 0x02, 0x00, 0x00, 0xf8, 0x00, 0x02, 0x00, // ................
	0xbb, 0x02, 0x00, 0x00, 0xf5, 0x00, 0x07, 0x00, 0x0d, 0x00, 0x00, 0x00, 0x6e, 0x04, 0x00, 0x00, // ............n...
	0x6d, 0x04, 0x00, 0x00, 0xb4, 0x02, 0x00, 0x00, 0xba, 0x02, 0x00, 0x00, 0xb8, 0x02, 0x00, 0x00, // m...............
	0x41, 0x00, 0x05, 0x00, 0xa4, 0x00, 0x00, 0x00, 0xbc, 0x02, 0x00, 0x00, 0x9c, 0x00, 0x00, 0x00, // A...............
	0xfe, 0x00, 0x00, 0x00, 0x3d, 0x00, 0x04, 0x00, 0x0d, 0x00, 0x00, 0x00, 0xbd, 0x02, 0x00, 0x00, // ....=...........
	0xbc, 0x02, 0x00, 0x00, 0x85, 0x00, 0x05, 0x00, 0x0d, 0x00, 0x00, 0x00, 0xbf, 0x02, 0x00, 0x00, // ................
	0x6e, 0x04, 0x00, 0x00, 0xbd, 0x02, 0x00, 0x00, 0x85, 0x00, 0x05, 0x00, 0x07, 0x00, 0x00, 0x00, // n...............
	0xc2, 0x02, 0x00, 0x00, 0x8c, 0x03, 0x00, 0x00, 0x7c, 0x03, 0x00, 0x00, 0x8e, 0x00, 0x05, 0x00, // ........|.......
	0x0d, 0x00, 0x00, 0x00, 0xc4, 0x02, 0x00, 0x00, 0xbf, 0x02, 0x00, 0x00, 0xc2, 0x02, 0x00, 0x00, // ................
	0xf9, 0x00, 0x02, 0x00, 0x59, 0x03, 0x00, 0x00, 0xf8, 0x00, 0x02, 0x00, 0xc6, 0x02, 0x00, 0x00, // ....Y...........
	0xb4, 0x00, 0x05, 0x00, 0xdb, 0x00, 0x00, 0x00, 0xc9, 0x02, 0x00, 0x00, 0x6a, 0x02, 0x00, 0x00, // ............j...
	0xbc, 0x00, 0x00, 0x00, 0xf7, 0x00, 0x03, 0x00, 0x58, 0x03, 0x00, 0x00, 0x00, 0x00, 0x00, 0x00, // ........X.......
	0xfa, 0x00, 0x04, 0x00, 0xc9, 0x02, 0x00, 0x00, 0xca, 0x02, 0x00, 0x00, 0xcb, 0x02, 0x00, 0x00, // ................
	0xf8, 0x00, 0x02, 0x00, 0xca, 0x02, 0x00, 0x00, 0xf9, 0x00, 0x02, 0x00, 0x58, 0x03, 0x00, 0x00, // ............X...
	0xf8, 0x00, 0x02, 0x00, 0xcb, 0x02, 0x00, 0x00, 0xb4, 0x00, 0x05, 0x00, 0xdb, 0x00, 0x00, 0x00, // ................
	0xce, 0x02, 0x00, 0x00, 0x6a, 0x02, 0x00, 0x00, 0x55, 0x01, 0x00, 0x00, 0xf7, 0x00, 0x03, 0x00, // ....j...U.......
	0x57, 0x03, 0x00, 0x00, 0x00, 0x00, 0x00, 0x00, 0xfa, 0x00, 0x04, 0x00, 0xce, 0x02, 0x00, 0x00, // W...............
	0xcf, 0x02, 0x00, 0x00, 0xf1, 0x02, 0x00, 0x00, 0xf8, 0x00, 0x02, 0x00, 0xcf, 0x02, 0x00, 0x00, // ................
	0x56, 0x00, 0x05, 0x00, 0x4b, 0x00, 0x00, 0x00, 0xba, 0x03, 0x00, 0x00, 0x41, 0x00, 0x00, 0x00, // V...K.......A...
	0x3e, 0x00, 0x00, 0x00, 0x57, 0x00, 0x05, 0x00, 0x0d, 0x00, 0x00, 0x00, 0xbc, 0x03, 0x00, 0x00, // >...W...........
	0xba, 0x03, 0x00, 0x00, 0x13, 0x02, 0x00, 0x00, 0x41, 0x00, 0x06, 0x00, 0xc2, 0x00, 0x00, 0x00, // ........A.......
	0xd3, 0x02, 0x00, 0x00, 0x9c, 0x00, 0x00, 0x00, 0xc1, 0x00, 0x00, 0x00, 0xf1, 0x00, 0x00, 0x00, // ................
	0x3d, 0x00, 0x04, 0x00, 0x07, 0x00, 0x00, 0x00, 0xd4, 0x02, 0x00, 0x00, 0xd3, 0x02, 0x00, 0x00, // =...............
	0xb4, 0x00, 0x05, 0x00, 0xdb, 0x00, 0x00, 0x00, 0xd5, 0x02, 0x00, 0x00, 0xd4, 0x02, 0x00, 0x00, // ................
	0x94, 0x00, 0x00, 0x00, 0xf7, 0x00, 0x03, 0x00, 0xe2, 0x02, 0x00, 0x00, 0x00, 0x00, 0x00, 0x00, // ................
	0xfa, 0x00, 0x04, 0x00, 0xd5, 0x02, 0x00, 0x00, 0xd6, 0x02, 0x00, 0x00, 0xe2, 0x02, 0x00, 0x00, // ................
	0xf8, 0x00, 0x02, 0x00, 0xd6, 0x02, 0x00, 0x00, 0x4f, 0x00, 0x08, 0x00, 0x95, 0x00, 0x00, 0x00, // ........O.......
	0xd8, 0x02, 0x00, 0x00, 0xbc, 0x03, 0x00, 0x00, 0xbc, 0x03, 0x00, 0x00, 0x00, 0x00, 0x00, 0x00, // ................
	0x01, 0x00, 0x00, 0x00, 0x02, 0x00, 0x00, 0x00, 0x51, 0x00, 0x05, 0x00, 0x07, 0x00, 0x00, 0x00, // ........Q.......
	0xda, 0x02, 0x00, 0x00, 0xbc, 0x03, 0x00, 0x00, 0x03, 0x00, 0x00, 0x00, 0x8e, 0x00, 0x05, 0x00, // ................
	0x95, 0x00, 0x00, 0x00, 0xdb, 0x02, 0x00, 0x00, 0xd8, 0x02, 0x00, 0x00, 0xda, 0x02, 0x00, 0x00, // ................
	0x51, 0x00, 0x05, 0x00, 0x07, 0x00, 0x00, 0x00, 0xde, 0x02, 0x00, 0x00, 0xdb, 0x02, 0x00, 0x00, // Q...............
	0x00, 0x00, 0x00, 0x00, 0x51, 0x00, 0x05, 0x00, 0x07, 0x00, 0x00, 0x00, 0xdf, 0x02, 0x00, 0x00, // ....Q...........
	0xdb, 0x02, 0x00, 0x00, 0x01, 0x00, 0x00, 0x00, 0x51, 0x00, 0x05, 0x00, 0x07, 0x00, 0x00, 0x00, // ........Q.......
	0xe0, 0x02, 0x00, 0x00, 0xdb, 0x02, 0x00, 0x00, 0x02, 0x00, 0x00, 0x00, 0x50, 0x00, 0x07, 0x00, // ............P...
	0x0d, 0x00, 0x00, 0x00, 0xe1, 0x02, 0x00, 0x00, 0xde, 0x02, 0x00, 0x00, 0xdf, 0x02, 0x00, 0x00, // ................
	0xe0, 0x02, 0x00, 0x00, 0xda, 0x02, 0x00, 0x00, 0xf9, 0x00, 0x02, 0x00, 0xe2, 0x02, 0x00, 0x00, // ................
	0xf8, 0x00, 0x02, 0x00, 0xe2, 0x02, 0x00, 0x00, 0xf5, 0x00, 0x07, 0x00, 0x0d, 0x00, 0x00, 0x00, // ................
	0x6b, 0x04, 0x00, 0x00, 0xbc, 0x03, 0x00, 0x00, 0xcf, 0x02, 0x00, 0x00, 0xe1, 0x02, 0x00, 0x00, // k...............
	0xd6, 0x02, 0x00, 0x00, 0xb4, 0x00, 0x05, 0x00, 0xdb, 0x00, 0x00, 0x00, 0xe5, 0x02, 0x00, 0x00, // ................
	0xd4, 0x02, 0x00, 0x00, 0xbc, 0x00, 0x00, 0x00, 0xf7, 0x00, 0x03, 0x00, 0xe9, 0x02, 0x00, 0x00, // ................
	0x00, 0x00, 0x00, 0x00, 0xfa, 0x00, 0x04, 0x00, 0xe5, 0x02, 0x00, 0x00, 0xe6, 0x02, 0x00, 0x00, // ................
	0xe9, 0x02, 0x00, 0x00, 0xf8, 0x00, 0x02, 0x00, 0xe6, 0x02, 0x00, 0x00, 0x4f, 0x00, 0x09, 0x00, // ............O...
	0x0d, 0x00, 0x00, 0x00, 0xe8, 0x02, 0x00, 0x00, 0x6b, 0x04, 0x00, 0x00, 0x6b, 0x04, 0x00, 0x00, // ........k...k...
	0x00, 0x00, 0x00, 0x00, 0x00, 0x00, 0x00, 0x00, 0x00, 0x00, 0x00, 0x00, 0x00, 0x00, 0x00, 0x00, // ................
	0xf9, 0x00, 0x02, 0x00, 0xe9, 0x02, 0x00, 0x00, 0xf8, 0x00, 0x02, 0x00, 0xe9, 0x02, 0x00, 0x00, // ................
	0xf5, 0x00, 0x07, 0x00, 0x0d, 0x00, 0x00, 0x00, 0x6c, 0x04, 0x00, 0x00, 0x6b, 0x04, 0x00, 0x00, // ........l...k...
	0xe2, 0x02, 0x00, 0x00, 0xe8, 0x02, 0x00, 0x00, 0xe6, 0x02, 0x00, 0x00, 0x8e, 0x00, 0x05, 0x00, // ................
	0x0d, 0x00, 0x00, 0x00, 0xec, 0x02, 0x00, 0x00, 0x6c, 0x04, 0x00, 0x00, 0x7c, 0x03, 0x00, 0x00, // ........l...|...
	0x41, 0x00, 0x05, 0x00, 0xa4, 0x00, 0x00, 0x00, 0xee, 0x02, 0x00, 0x00, 0x9c, 0x00, 0x00, 0x00, // A...............
	0xfe, 0x00, 0x00, 0x00, 0x3d, 0x00, 0x04, 0x00, 0x0d, 0x00, 0x00, 0x00, 0xef, 0x02, 0x00, 0x00, // ....=...........
	0xee, 0x02, 0x00, 0x00, 0x85, 0x00, 0x05, 0x00, 0x0d, 0x00, 0x00, 0x00, 0xf0, 0x02, 0x00, 0x00, // ................
	0xec, 0x02, 0x00, 0x00, 0xef, 0x02, 0x00, 0x00, 0xf9, 0x00, 0x02, 0x00, 0x57, 0x03, 0x00, 0x00, // ............W...
	0xf8, 0x00, 0x02, 0x00, 0xf1, 0x02, 0x00, 0x00, 0xb4, 0x00, 0x05, 0x00, 0xdb, 0x00, 0x00, 0x00, // ................
	0xf4, 0x02, 0x00, 0x00, 0x6a, 0x02, 0x00, 0x00, 0x80, 0x01, 0x00, 0x00, 0xf7, 0x00, 0x03, 0x00, // ....j...........
	0x56, 0x03, 0x00, 0x00, 0x00, 0x00, 0x00, 0x00, 0xfa, 0x00, 0x04, 0x00, 0xf4, 0x02, 0x00, 0x00, // V...............
	0xf5, 0x02, 0x00, 0x00, 0x56, 0x03, 0x00, 0x00, 0xf8, 0x00, 0x02, 0x00, 0xf5, 0x02, 0x00, 0x00, // ....V...........
	0x67, 0x00, 0x05, 0x00, 0x52, 0x00, 0x00, 0x00, 0xc6, 0x03, 0x00, 0x00, 0x41, 0x00, 0x00, 0x00, // g...R.......A...
	0x5b, 0x00, 0x00, 0x00, 0x51, 0x00, 0x05, 0x00, 0x51, 0x00, 0x00, 0x00, 0xc8, 0x03, 0x00, 0x00, // [...Q...Q.......
	0xc6, 0x03, 0x00, 0x00, 0x00, 0x00, 0x00, 0x00, 0x70, 0x00, 0x04, 0x00, 0x07, 0x00, 0x00, 0x00, // ........p.......
	0xc9, 0x03, 0x00, 0x00, 0xc8, 0x03, 0x00, 0x00, 0x51, 0x00, 0x05, 0x00, 0x51, 0x00, 0x00, 0x00, // ........Q...Q...
	0xcc, 0x03, 0x00, 0x00, 0xc6, 0x03, 0x00, 0x00, 0x01, 0x00, 0x00, 0x00, 0x70, 0x00, 0x04, 0x00, // ............p...
	0x07, 0x00, 0x00, 0x00, 0xcd, 0x03, 0x00, 0x00, 0xcc, 0x03, 0x00, 0x00, 0x50, 0x00, 0x05, 0x00, // ............P...
	0x0b, 0x00, 0x00, 0x00, 0x6f, 0x04, 0x00, 0x00, 0xc9, 0x03, 0x00, 0x00, 0xcd, 0x03, 0x00, 0x00, // ....o...........
	0x88, 0x00, 0x05, 0x00, 0x0b, 0x00, 0x00, 0x00, 0xfa, 0x02, 0x00, 0x00, 0xe6, 0x01, 0x00, 0x00, // ................
	0x6f, 0x04, 0x00, 0x00, 0x88, 0x00, 0x05, 0x00, 0x0b, 0x00, 0x00, 0x00, 0xfd, 0x02, 0x00, 0x00, // o...............
	0x90, 0x01, 0x00, 0x00, 0x6f, 0x04, 0x00, 0x00, 0x81, 0x00, 0x05, 0x00, 0x0b, 0x00, 0x00, 0x00, // ....o...........
	0xfe, 0x02, 0x00, 0x00, 0x13, 0x02, 0x00, 0x00, 0xfd, 0x02, 0x00, 0x00, 0x56, 0x00, 0x05, 0x00, // ............V...
	0x4b, 0x00, 0x00, 0x00, 0xda, 0x03, 0x00, 0x00, 0x41, 0x00, 0x00, 0x00, 0x3e, 0x00, 0x00, 0x00, // K.......A...>...
	0x57, 0x00, 0x05, 0x00, 0x0d, 0x00, 0x00, 0x00, 0xdc, 0x03, 0x00, 0x00, 0xda, 0x03, 0x00, 0x00, // W...............
	0xfe, 0x02, 0x00, 0x00, 0x51, 0x00, 0x05, 0x00, 0x07, 0x00, 0x00, 0x00, 0x01, 0x03, 0x00, 0x00, // ....Q...........
	0xdc, 0x03, 0x00, 0x00, 0x03, 0x00, 0x00, 0x00, 0x88, 0x00, 0x05, 0x00, 0x0b, 0x00, 0x00, 0x00, // ................
	0x04, 0x03, 0x00, 0x00, 0x9a, 0x01, 0x00, 0x00, 0x6f, 0x04, 0x00, 0x00, 0x81, 0x00, 0x05, 0x00, // ........o.......
	0x0b, 0x00, 0x00, 0x00, 0x05, 0x03, 0x00, 0x00, 0x13, 0x02, 0x00, 0x00, 0x04, 0x03, 0x00, 0x00, // ................
	0x56, 0x00, 0x05, 0x00, 0x4b, 0x00, 0x00, 0x00, 0xe3, 0x03, 0x00, 0x00, 0x41, 0x00, 0x00, 0x00, // V...K.......A...
	0x3e, 0x00, 0x00, 0x00, 0x57, 0x00, 0x05, 0x00, 0x0d, 0x00, 0x00, 0x00, 0xe5, 0x03, 0x00, 0x00, // >...W...........
	0xe3, 0x03, 0x00, 0x00, 0x05, 0x03, 0x00, 0x00, 0x51, 0x00, 0x05, 0x00, 0x07, 0x00, 0x00, 0x00, // ........Q.......
	0x08, 0x03, 0x00, 0x00, 0xe5, 0x03, 0x00, 0x00, 0x03, 0x00, 0x00, 0x00, 0x81, 0x00, 0x05, 0x00, // ................
	0x07, 0x00, 0x00, 0x00, 0x09, 0x03, 0x00, 0x00, 0x01, 0x03, 0x00, 0x00, 0x08, 0x03, 0x00, 0x00, // ................
	0x88, 0x00, 0x05, 0x00, 0x0b, 0x00, 0x00, 0x00, 0x0c, 0x03, 0x00, 0x00, 0xa5, 0x01, 0x00, 0x00, // ................
	0x6f, 0x04, 0x00, 0x00, 0x81, 0x00, 0x05, 0x00, 0x0b, 0x00, 0x00, 0x00, 0x0d, 0x03, 0x00, 0x00, // o...............
	0x13, 0x02, 0x00, 0x00, 0x0c, 0x03, 0x00, 0x00, 0x56, 0x00, 0x05, 0x00, 0x4b, 0x00, 0x00, 0x00, // ........V...K...
	0xec, 0x03, 0x00, 0x00, 0x41, 0x00, 0x00, 0x00, 0x3e, 0x00, 0x00, 0x00, 0x57, 0x00, 0x05, 0x00, // ....A...>...W...
	0x0d, 0x00, 0x00, 0x00, 0xee, 0x03, 0x00, 0x00, 0xec, 0x03, 0x00, 0x00, 0x0d, 0x03, 0x00, 0x00, // ................
	0x51, 0x00, 0x05, 0x00, 0x07, 0x00, 0x00, 0x00, 0x10, 0x03, 0x00, 0x00, 0xee, 0x03, 0x00, 0x00, // Q...............
	0x03, 0x00, 0x00, 0x00, 0x81, 0x00, 0x05, 0x00, 0x07, 0x00, 0x00, 0x00, 0x11, 0x03, 0x00, 0x00, // ................
	0x09, 0x03, 0x00, 0x00, 0x10, 0x03, 0x00, 0x00, 0x88, 0x00, 0x05, 0x00, 0x0b, 0x00, 0x00, 0x00, // ................
	0x14, 0x03, 0x00, 0x00, 0xb0, 0x01, 0x00, 0x00, 0x6f, 0x04, 0x00, 0x00, 0x81, 0x00, 0x05, 0x00, // ........o.......
	0x0b, 0x00, 0x00, 0x00, 0x15, 0x03, 0x00, 0x00, 0x13, 0x02, 0x00, 0x00, 0x14, 0x03, 0x00, 0x00, // ................
	0x56, 0x00, 0x05, 0x00, 0x4b, 0x00, 0x00, 0x00, 0xf5, 0x03, 0x00, 0x00, 0x41, 0x00, 0x00, 0x00, // V...K.......A...
	0x3e, 0x00, 0x00, 0x00, 0x57, 0x00, 0x05, 0x00, 0x0d, 0x00, 0x00, 0x00, 0xf7, 0x03, 0x00, 0x00, // >...W...........
	0xf5, 0x03, 0x00, 0x00, 0x15, 0x03, 0x00, 0x00, 0x51, 0x00, 0x05, 0x00, 0x07, 0x00, 0x00, 0x00, // ........Q.......
	0x18, 0x03, 0x00, 0x00, 0xf7, 0x03, 0x00, 0x00, 0x03, 0x00, 0x00, 0x00, 0x81, 0x00, 0x05, 0x00, // ................
	0x07, 0x00, 0x00, 0x00, 0x19, 0x03, 0x00, 0x00, 0x11, 0x03, 0x00, 0x00, 0x18, 0x03, 0x00, 0x00, // ................
	0x56, 0x00, 0x05, 0x00, 0x4b, 0x00, 0x00, 0x00, 0xfe, 0x03, 0x00, 0x00, 0x41, 0x00, 0x00, 0x00, // V...K.......A...
	0x3e, 0x00, 0x00, 0x00, 0x57, 0x00, 0x05, 0x00, 0x0d, 0x00, 0x00, 0x00, 0x00, 0x04, 0x00, 0x00, // >...W...........
	0xfe, 0x03, 0x00, 0x00, 0x13, 0x02, 0x00, 0x00, 0x51, 0x00, 0x05, 0x00, 0x07, 0x00, 0x00, 0x00, // ........Q.......
	0x20, 0x03, 0x00, 0x00, 0x00, 0x04, 0x00, 0x00, 0x03, 0x00, 0x00, 0x00, 0x81, 0x00, 0x05, 0x00, //  ...............
	0x07, 0x00, 0x00, 0x00, 0x21, 0x03, 0x00, 0x00, 0x19, 0x03, 0x00, 0x00, 0x20, 0x03, 0x00, 0x00, // ....!....... ...
	0x88, 0x00, 0x05, 0x00, 0x0b, 0x00, 0x00, 0x00, 0x24, 0x03, 0x00, 0x00, 0xc5, 0x01, 0x00, 0x00, // ........$.......
	0x6f, 0x04, 0x00, 0x00, 0x81, 0x00, 0x05, 0x00, 0x0b, 0x00, 0x00, 0x00, 0x25, 0x03, 0x00, 0x00, // o...........%...
	0x13, 0x02, 0x00, 0x00, 0x24, 0x03, 0x00, 0x00, 0x56, 0x00, 0x05, 0x00, 0x4b, 0x00, 0x00, 0x00, // ....$...V...K...
	0x07, 0x04, 0x00, 0x00, 0x41, 0x00, 0x00, 0x00, 0x3e, 0x00, 0x00, 0x00, 0x57, 0x00, 0x05, 0x00, // ....A...>...W...
	0x0d, 0x00, 0x00, 0x00, 0x09, 0x04, 0x00, 0x00, 0x07, 0x04, 0x00, 0x00, 0x25, 0x03, 0x00, 0x00, // ............%...
	0x51, 0x00, 0x05, 0x00, 0x07, 0x00, 0x00, 0x00, 0x28, 0x03, 0x00, 0x00, 0x09, 0x04, 0x00, 0x00, // Q.......(.......
	0x03, 0x00, 0x00, 0x00, 0x81, 0x00, 0x05, 0x00, 0x07, 0x00, 0x00, 0x00, 0x29, 0x03, 0x00, 0x00, // ............)...
	0x21, 0x03, 0x00, 0x00, 0x28, 0x03, 0x00, 0x00, 0x88, 0x00, 0x05, 0x00, 0x0b, 0x00, 0x00, 0x00, // !...(...........
	0x2c, 0x03, 0x00, 0x00, 0xd0, 0x01, 0x00, 0x00, 0x6f, 0x04, 0x00, 0x00, 0x81, 0x00, 0x05, 0x00, // ,.......o.......
	0x0b, 0x00, 0x00, 0x00, 0x2d, 0x03, 0x00, 0x00, 0x13, 0x02, 0x00, 0x00, 0x2c, 0x03, 0x00, 0x00, // ....-.......,...
	0x56, 0x00, 0x05, 0x00, 0x4b, 0x00, 0x00, 0x00, 0x10, 0x04, 0x00, 0x00, 0x41, 0x00, 0x00, 0x00, // V...K.......A...
	0x3e, 0x00, 0x00, 0x00, 0x57, 0x00, 0x05, 0x00, 0x0d, 0x00, 0x00, 0x00, 0x12, 0x04, 0x00, 0x00, // >...W...........
	0x10, 0x04, 0x00, 0x00, 0x2d, 0x03, 0x00, 0x00, 0x51, 0x00, 0x05, 0x00, 0x07, 0x00, 0x00, 0x00, // ....-...Q.......
	0x30, 0x03, 0x00, 0x00, 0x12, 0x04, 0x00, 0x00, 0x03, 0x00, 0x00, 0x00, 0x81, 0x00, 0x05, 0x00, // 0...............
	0x07, 0x00, 0x00, 0x00, 0x31, 0x03, 0x00, 0x00, 0x29, 0x03, 0x00, 0x00, 0x30, 0x03, 0x00, 0x00, // ....1...)...0...
	0x88, 0x00, 0x05, 0x00, 0x0b, 0x00, 0x00, 0x00, 0x34, 0x03, 0x00, 0x00, 0xdb, 0x01, 0x00, 0x00, // ........4.......
	0x6f, 0x04, 0x00, 0x00, 0x81, 0x00, 0x05, 0x00, 0x0b, 0x00, 0x00, 0x00, 0x35, 0x03, 0x00, 0x00, // o...........5...
	0x13, 0x02, 0x00, 0x00, 0x34, 0x03, 0x00, 0x00, 0x56, 0x00, 0x05, 0x00, 0x4b, 0x00, 0x00, 0x00, // ....4...V...K...
	0x19, 0x04, 0x00, 0x00, 0x41, 0x00, 0x00, 0x00, 0x3e, 0x00, 0x00, 0x00, 0x57, 0x00, 0x05, 0x00, // ....A...>...W...
	0x0d, 0x00, 0x00, 0x00, 0x1b, 0x04, 0x00, 0x00, 0x19, 0x04, 0x00, 0x00, 0x35, 0x03, 0x00, 0x00, // ............5...
	0x51, 0x00, 0x05, 0x00, 0x07, 0x00, 0x00, 0x00, 0x38, 0x03, 0x00, 0x00, 0x1b, 0x04, 0x00, 0x00, // Q.......8.......
	0x03, 0x00, 0x00, 0x00, 0x81, 0x00, 0x05, 0x00, 0x07, 0x00, 0x00, 0x00, 0x39, 0x03, 0x00, 0x00, // ............9...
	0x31, 0x03, 0x00, 0x00, 0x38, 0x03, 0x00, 0x00, 0x81, 0x00, 0x05, 0x00, 0x0b, 0x00, 0x00, 0x00, // 1...8...........
	0x3d, 0x03, 0x00, 0x00, 0x13, 0x02, 0x00, 0x00, 0xfa, 0x02, 0x00, 0x00, 0x56, 0x00, 0x05, 0x00, // =...........V...
	0x4b, 0x00, 0x00, 0x00, 0x22, 0x04, 0x00, 0x00, 0x41, 0x00, 0x00, 0x00, 0x3e, 0x00, 0x00, 0x00, // K..."...A...>...
	0x57, 0x00, 0x05, 0x00, 0x0d, 0x00, 0x00, 0x00, 0x24, 0x04, 0x00, 0x00, 0x22, 0x04, 0x00, 0x00, // W.......$..."...
	0x3d, 0x03, 0x00, 0x00, 0x51, 0x00, 0x05, 0x00, 0x07, 0x00, 0x00, 0x00, 0x40, 0x03, 0x00, 0x00, // =...Q.......@...
	0x24, 0x04, 0x00, 0x00, 0x03, 0x00, 0x00, 0x00, 0x81, 0x00, 0x05, 0x00, 0x07, 0x00, 0x00, 0x00, // $...............
	0x41, 0x03, 0x00, 0x00, 0x39, 0x03, 0x00, 0x00, 0x40, 0x03, 0x00, 0x00, 0x85, 0x00, 0x05, 0x00, // A...9...@.......
	0x07, 0x00, 0x00, 0x00, 0x42, 0x03, 0x00, 0x00, 0x41, 0x03, 0x00, 0x00, 0x5a, 0x04, 0x00, 0x00, // ....B...A...Z...
	0x41, 0x00, 0x06, 0x00, 0xc2, 0x00, 0x00, 0x00, 0x43, 0x03, 0x00, 0x00, 0x9c, 0x00, 0x00, 0x00, // A.......C.......
	0xc1, 0x00, 0x00, 0x00, 0x5b, 0x00, 0x00, 0x00, 0x3d, 0x00, 0x04, 0x00, 0x07, 0x00, 0x00, 0x00, // ....[...=.......
	0x44, 0x03, 0x00, 0x00, 0x43, 0x03, 0x00, 0x00, 0x0c, 0x00, 0x07, 0x00, 0x07, 0x00, 0x00, 0x00, // D...C...........
	0x45, 0x03, 0x00, 0x00, 0x01, 0x00, 0x00, 0x00, 0x28, 0x00, 0x00, 0x00, 0x44, 0x03, 0x00, 0x00, // E.......(...D...
	0xf5, 0x01, 0x00, 0x00, 0x83, 0x00, 0x05, 0x00, 0x07, 0x00, 0x00, 0x00, 0x49, 0x03, 0x00, 0x00, // ............I...
	0x86, 0x03, 0x00, 0x00, 0x45, 0x03, 0x00, 0x00, 0x81, 0x00, 0x05, 0x00, 0x07, 0x00, 0x00, 0x00, // ....E...........
	0x4d, 0x03, 0x00, 0x00, 0x86, 0x03, 0x00, 0x00, 0x45, 0x03, 0x00, 0x00, 0x0c, 0x00, 0x08, 0x00, // M.......E.......
	0x07, 0x00, 0x00, 0x00, 0x4f, 0x03, 0x00, 0x00, 0x01, 0x00, 0x00, 0x00, 0x31, 0x00, 0x00, 0x00, // ....O.......1...
	0x49, 0x03, 0x00, 0x00, 0x4d, 0x03, 0x00, 0x00, 0x42, 0x03, 0x00, 0x00, 0x41, 0x00, 0x05, 0x00, // I...M...B...A...
	0xa4, 0x00, 0x00, 0x00, 0x50, 0x03, 0x00, 0x00, 0x9c, 0x00, 0x00, 0x00, 0xfe, 0x00, 0x00, 0x00, // ....P...........
	0x3d, 0x00, 0x04, 0x00, 0x0d, 0x00, 0x00, 0x00, 0x51, 0x03, 0x00, 0x00, 0x50, 0x03, 0x00, 0x00, // =.......Q...P...
	0x85, 0x00, 0x05, 0x00, 0x07, 0x00, 0x00, 0x00, 0x54, 0x03, 0x00, 0x00, 0x4f, 0x03, 0x00, 0x00, // ........T...O...
	0x7c, 0x03, 0x00, 0x00, 0x8e, 0x00, 0x05, 0x00, 0x0d, 0x00, 0x00, 0x00, 0x55, 0x03, 0x00, 0x00, // |...........U...
	0x51, 0x03, 0x00, 0x00, 0x54, 0x03, 0x00, 0x00, 0xf9, 0x00, 0x02, 0x00, 0x56, 0x03, 0x00, 0x00, // Q...T.......V...
	0xf8, 0x00, 0x02, 0x00, 0x56, 0x03, 0x00, 0x00, 0xf5, 0x00, 0x07, 0x00, 0x0d, 0x00, 0x00, 0x00, // ....V...........
	0x58, 0x04, 0x00, 0x00, 0x59, 0x04, 0x00, 0x00, 0xf1, 0x02, 0x00, 0x00, 0x55, 0x03, 0x00, 0x00, // X...Y.......U...
	0xf5, 0x02, 0x00, 0x00, 0xf9, 0x00, 0x02, 0x00, 0x57, 0x03, 0x00, 0x00, 0xf8, 0x00, 0x02, 0x00, // ........W.......
	0x57, 0x03, 0x00, 0x00, 0xf5, 0x00, 0x07, 0x00, 0x0d, 0x00, 0x00, 0x00, 0x57, 0x04, 0x00, 0x00, // W...........W...
	0xf0, 0x02, 0x00, 0x00, 0xe9, 0x02, 0x00, 0x00, 0x58, 0x04, 0x00, 0x00, 0x56, 0x03, 0x00, 0x00, // ........X...V...
	0xf9, 0x00, 0x02, 0x00, 0x58, 0x03, 0x00, 0x00, 0xf8, 0x00, 0x02, 0x00, 0x58, 0x03, 0x00, 0x00, // ....X.......X...
	0xf5, 0x00, 0x07, 0x00, 0x0d, 0x00, 0x00, 0x00, 0x56, 0x04, 0x00, 0x00, 0x51, 0x01, 0x00, 0x00, // ........V...Q...
	0xca, 0x02, 0x00, 0x00, 0x57, 0x04, 0x00, 0x00, 0x57, 0x03, 0x00, 0x00, 0xf9, 0x00, 0x02, 0x00, // ....W...W.......
	0x59, 0x03, 0x00, 0x00, 0xf8, 0x00, 0x02, 0x00, 0x59, 0x03, 0x00, 0x00, 0xf5, 0x00, 0x07, 0x00, // Y.......Y.......
	0x0d, 0x00, 0x00, 0x00, 0x55, 0x04, 0x00, 0x00, 0xc4, 0x02, 0x00, 0x00, 0xbb, 0x02, 0x00, 0x00, // ....U...........
	0x56, 0x04, 0x00, 0x00, 0x58, 0x03, 0x00, 0x00, 0xf9, 0x00, 0x02, 0x00, 0x5a, 0x03, 0x00, 0x00, // V...X.......Z...
	0xf8, 0x00, 0x02, 0x00, 0x5a, 0x03, 0x00, 0x00, 0xf5, 0x00, 0x07, 0x00, 0x0d, 0x00, 0x00, 0x00, // ....Z...........
	0x54, 0x04, 0x00, 0x00, 0x8f, 0x02, 0x00, 0x00, 0x6c, 0x02, 0x00, 0x00, 0x55, 0x04, 0x00, 0x00, // T.......l...U...
	0x59, 0x03, 0x00, 0x00, 0x3e, 0x00, 0x03, 0x00, 0x1f, 0x02, 0x00, 0x00, 0x54, 0x04, 0x00, 0x00, // Y...>.......T...
	0xfd, 0x00, 0x01, 0x00, 0x38, 0x00, 0x01, 0x00, 0x00, 0x00, 0xb0, 0x00,                         // ....8.......
};
static const uint8_t fs_nanovg_fill_mtl[5501] =
{
	0x46, 0x53, 0x48, 0x0c, 0xcf, 0xda, 0x1b, 0x94, 0x00, 0x00, 0x00, 0x00, 0x00, 0x00, 0x00, 0x00, // FSH.............
	0x00, 0x00, 0x00, 0x00, 0x0a, 0x00, 0x0c, 0x73, 0x5f, 0x74, 0x65, 0x78, 0x53, 0x61, 0x6d, 0x70, // .......s_texSamp
	0x6c, 0x65, 0x72, 0x11, 0x01, 0xff, 0xff, 0x01, 0x00, 0x00, 0x00, 0x00, 0x00, 0x0c, 0x73, 0x5f, // ler...........s_
	0x74, 0x65, 0x78, 0x54, 0x65, 0x78, 0x74, 0x75, 0x72, 0x65, 0x11, 0x01, 0xff, 0xff, 0x01, 0x00, // texTexture......
	0x00, 0x00, 0x00, 0x00, 0x0c, 0x75, 0x5f, 0x73, 0x63, 0x69, 0x73, 0x73, 0x6f, 0x72, 0x4d, 0x61, // .....u_scissorMa
	0x74, 0x13, 0x01, 0x00, 0x00, 0x03, 0x00, 0x00, 0x00, 0x00, 0x00, 0x11, 0x75, 0x5f, 0x73, 0x63, // t...........u_sc
	0x69, 0x73, 0x73, 0x6f, 0x72, 0x45, 0x78, 0x74, 0x53, 0x63, 0x61, 0x6c, 0x65, 0x12, 0x01, 0x80, // issorExtScale...
	0x00, 0x01, 0x00, 0x00, 0x00, 0x00, 0x00, 0x08, 0x75, 0x5f, 0x70, 0x61, 0x72, 0x61, 0x6d, 0x73, // ........u_params
	0x12, 0x01, 0xa0, 0x00, 0x01, 0x00, 0x00, 0x00, 0x00, 0x00, 0x0a, 0x75, 0x5f, 0x70, 0x61, 0x69, // ...........u_pai
	0x6e, 0x74, 0x4d, 0x61, 0x74, 0x13, 0x01, 0x30, 0x00, 0x03, 0x00, 0x00, 0x00, 0x00, 0x00, 0x0e, // ntMat..0........
	0x75, 0x5f, 0x65, 0x78, 0x74, 0x65, 0x6e, 0x74, 0x52, 0x61, 0x64, 0x69, 0x75, 0x73, 0x12, 0x01, // u_extentRadius..
	0x90, 0x00, 0x01, 0x00, 0x00, 0x00, 0x00, 0x00, 0x0a, 0x75, 0x5f, 0x69, 0x6e, 0x6e, 0x65, 0x72, // .........u_inner
	0x43, 0x6f, 0x6c, 0x12, 0x01, 0x60, 0x00, 0x01, 0x00, 0x00, 0x00, 0x00, 0x00, 0x0a, 0x75, 0x5f, // Col..`........u_
	0x6f, 0x75, 0x74, 0x65, 0x72, 0x43, 0x6f, 0x6c, 0x12, 0x01, 0x70, 0x00, 0x01, 0x00, 0x00, 0x00, // outerCol..p.....
	0x00, 0x00, 0x05, 0x73, 0x5f, 0x74, 0x65, 0x78, 0x10, 0x00, 0x00, 0x00, 0x00, 0x00, 0x00, 0x02, // ...s_tex........
	0x00, 0x00, 0x83, 0x14, 0x00, 0x00, 0x23, 0x69, 0x6e, 0x63, 0x6c, 0x75, 0x64, 0x65, 0x20, 0x3c, // ......#include <
	0x6d, 0x65, 0x74, 0x61, 0x6c, 0x5f, 0x73, 0x74, 0x64, 0x6c, 0x69, 0x62, 0x3e, 0x0a, 0x23, 0x69, // metal_stdlib>.#i
	0x6e, 0x63, 0x6c, 0x75, 0x64, 0x65, 0x20, 0x3c, 0x73, 0x69, 0x6d, 0x64, 0x2f, 0x73, 0x69, 0x6d, // nclude <simd/sim
	0x64, 0x2e, 0x68, 0x3e, 0x0a, 0x0a, 0x75, 0x73, 0x69, 0x6e, 0x67, 0x20, 0x6e, 0x61, 0x6d, 0x65, // d.h>..using name
	0x73, 0x70, 0x61, 0x63, 0x65, 0x20, 0x6d, 0x65, 0x74, 0x61, 0x6c, 0x3b, 0x0a, 0x0a, 0x73, 0x74, // space metal;..st
	0x72, 0x75, 0x63, 0x74, 0x20, 0x5f, 0x47, 0x6c, 0x6f, 0x62, 0x61, 0x6c, 0x0a, 0x7b, 0x0a, 0x20, // ruct _Global.{. 
	0x20, 0x20, 0x20, 0x66, 0x6c, 0x6f, 0x61, 0x74, 0x33, 0x78, 0x33, 0x20, 0x75, 0x5f, 0x73, 0x63, //    float3x3 u_sc
	0x69, 0x73, 0x73, 0x6f, 0x72, 0x4d, 0x61, 0x74, 0x3b, 0x0a, 0x20, 0x20, 0x20, 0x20, 0x66, 0x6c, // issorMat;.    fl
	0x6f, 0x61, 0x74, 0x33, 0x78, 0x33, 0x20, 0x75, 0x5f, 0x70, 0x61, 0x69, 0x6e, 0x74, 0x4d, 0x61, // oat3x3 u_paintMa
	0x74, 0x3b, 0x0a, 0x20, 0x20, 0x20, 0x20, 0x66, 0x6c, 0x6f, 0x61, 0x74, 0x34, 0x20, 0x75, 0x5f, // t;.    float4 u_
	0x69, 0x6e, 0x6e, 0x65, 0x72, 0x43, 0x6f, 0x6c, 0x3b, 0x0a, 0x20, 0x20, 0x20, 0x20, 0x66, 0x6c, // innerCol;.    fl
	0x6f, 0x61, 0x74, 0x34, 0x20, 0x75, 0x5f, 0x6f, 0x75, 0x74, 0x65, 0x72, 0x43, 0x6f, 0x6c, 0x3b, // oat4 u_outerCol;
	0x0a, 0x20, 0x20, 0x20, 0x20, 0x66, 0x6c, 0x6f, 0x61, 0x74, 0x34, 0x20, 0x75, 0x5f, 0x73, 0x63, // .    float4 u_sc
	0x69, 0x73, 0x73, 0x6f, 0x72, 0x45, 0x78, 0x74, 0x53, 0x63, 0x61, 0x6c, 0x65, 0x3b, 0x0a, 0x20, // issorExtScale;. 
	0x20, 0x20, 0x20, 0x66, 0x6c, 0x6f, 0x61, 0x74, 0x34, 0x20, 0x75, 0x5f, 0x65, 0x78, 0x74, 0x65, //    float4 u_exte
	0x6e, 0x74, 0x52, 0x61, 0x64, 0x69, 0x75, 0x73, 0x3b, 0x0a, 0x20, 0x20, 0x20, 0x20, 0x66, 0x6c, // ntRadius;.    fl
	0x6f, 0x61, 0x74, 0x34, 0x20, 0x75, 0x5f, 0x70, 0x61, 0x72, 0x61, 0x6d, 0x73, 0x3b, 0x0a, 0x7d, // oat4 u_params;.}
	0x3b, 0x0a, 0x0a, 0x63, 0x6f, 0x6e, 0x73, 0x74, 0x61, 0x6e, 0x74, 0x20, 0x66, 0x6c, 0x6f, 0x61, // ;..constant floa
	0x74, 0x34, 0x20, 0x5f, 0x31, 0x31, 0x31, 0x33, 0x20, 0x3d, 0x20, 0x7b, 0x7d, 0x3b, 0x0a, 0x0a, // t4 _1113 = {};..
	0x63, 0x6f, 0x6e, 0x73, 0x74, 0x61, 0x6e, 0x74, 0x20, 0x75, 0x69, 0x6e, 0x74, 0x20, 0x62, 0x67, // constant uint bg
	0x66, 0x78, 0x5f, 0x73, 0x61, 0x6d, 0x70, 0x6c, 0x65, 0x4d, 0x61, 0x73, 0x6b, 0x20, 0x5b, 0x5b, // fx_sampleMask [[
	0x66, 0x75, 0x6e, 0x63, 0x74, 0x69, 0x6f, 0x6e, 0x5f, 0x63, 0x6f, 0x6e, 0x73, 0x74, 0x61, 0x6e, // function_constan
	0x74, 0x28, 0x30, 0x29, 0x5d, 0x5d, 0x3b, 0x0a, 0x63, 0x6f, 0x6e, 0x73, 0x74, 0x61, 0x6e, 0x74, // t(0)]];.constant
	0x20, 0x62, 0x6f, 0x6f, 0x6c, 0x20, 0x62, 0x67, 0x66, 0x78, 0x5f, 0x73, 0x61, 0x6d, 0x70, 0x6c, //  bool bgfx_sampl
	0x65, 0x4d, 0x61, 0x73, 0x6b, 0x45, 0x6e, 0x61, 0x62, 0x6c, 0x65, 0x64, 0x20, 0x3d, 0x20, 0x69, // eMaskEnabled = i
	0x73, 0x5f, 0x66, 0x75, 0x6e, 0x63, 0x74, 0x69, 0x6f, 0x6e, 0x5f, 0x63, 0x6f, 0x6e, 0x73, 0x74, // s_function_const
	0x61, 0x6e, 0x74, 0x5f, 0x64, 0x65, 0x66, 0x69, 0x6e, 0x65, 0x64, 0x28, 0x62, 0x67, 0x66, 0x78, // ant_defined(bgfx
	0x5f, 0x73, 0x61, 0x6d, 0x70, 0x6c, 0x65, 0x4d, 0x61, 0x73, 0x6b, 0x29, 0x3b, 0x0a, 0x0a, 0x73, // _sampleMask);..s
	0x74, 0x72, 0x75, 0x63, 0x74, 0x20, 0x78, 0x6c, 0x61, 0x74, 0x4d, 0x74, 0x6c, 0x4d, 0x61, 0x69, // truct xlatMtlMai
	0x6e, 0x5f, 0x6f, 0x75, 0x74, 0x0a, 0x7b, 0x0a, 0x09, 0x75, 0x69, 0x6e, 0x74, 0x20, 0x62, 0x67, // n_out.{..uint bg
	0x66, 0x78, 0x5f, 0x6d, 0x65, 0x74, 0x61, 0x6c, 0x5f, 0x73, 0x61, 0x6d, 0x70, 0x6c, 0x65, 0x4d, // fx_metal_sampleM
	0x61, 0x73, 0x6b, 0x20, 0x5b, 0x5b, 0x73, 0x61, 0x6d, 0x70, 0x6c, 0x65, 0x5f, 0x6d, 0x61, 0x73, // ask [[sample_mas
	0x6b, 0x2c, 0x20, 0x66, 0x75, 0x6e, 0x63, 0x74, 0x69, 0x6f, 0x6e, 0x5f, 0x63, 0x6f, 0x6e, 0x73, // k, function_cons
	0x74, 0x61, 0x6e, 0x74, 0x28, 0x62, 0x67, 0x66, 0x78, 0x5f, 0x73, 0x61, 0x6d, 0x70, 0x6c, 0x65, // tant(bgfx_sample
	0x4d, 0x61, 0x73, 0x6b, 0x45, 0x6e, 0x61, 0x62, 0x6c, 0x65, 0x64, 0x29, 0x5d, 0x5d, 0x3b, 0x0a, // MaskEnabled)]];.
	0x20, 0x20, 0x20, 0x20, 0x66, 0x6c, 0x6f, 0x61, 0x74, 0x34, 0x20, 0x62, 0x67, 0x66, 0x78, 0x5f, //     float4 bgfx_
	0x46, 0x72, 0x61, 0x67, 0x44, 0x61, 0x74, 0x61, 0x30, 0x20, 0x5b, 0x5b, 0x63, 0x6f, 0x6c, 0x6f, // FragData0 [[colo
	0x72, 0x28, 0x30, 0x29, 0x5d, 0x5d, 0x3b, 0x0a, 0x7d, 0x3b, 0x0a, 0x0a, 0x73, 0x74, 0x72, 0x75, // r(0)]];.};..stru
	0x63, 0x74, 0x20, 0x78, 0x6c, 0x61, 0x74, 0x4d, 0x74, 0x6c, 0x4d, 0x61, 0x69, 0x6e, 0x5f, 0x69, // ct xlatMtlMain_i
	0x6e, 0x0a, 0x7b, 0x0a, 0x20, 0x20, 0x20, 0x20, 0x66, 0x6c, 0x6f, 0x61, 0x74, 0x32, 0x20, 0x76, // n.{.    float2 v
	0x5f, 0x70, 0x6f, 0x73, 0x69, 0x74, 0x69, 0x6f, 0x6e, 0x20, 0x5b, 0x5b, 0x75, 0x73, 0x65, 0x72, // _position [[user
	0x28, 0x6c, 0x6f, 0x63, 0x6e, 0x30, 0x29, 0x5d, 0x5d, 0x3b, 0x0a, 0x20, 0x20, 0x20, 0x20, 0x66, // (locn0)]];.    f
	0x6c, 0x6f, 0x61, 0x74, 0x32, 0x20, 0x76, 0x5f, 0x74, 0x65, 0x78, 0x63, 0x6f, 0x6f, 0x72, 0x64, // loat2 v_texcoord
	0x30, 0x20, 0x5b, 0x5b, 0x75, 0x73, 0x65, 0x72, 0x28, 0x6c, 0x6f, 0x63, 0x6e, 0x31, 0x29, 0x5d, // 0 [[user(locn1)]
	0x5d, 0x3b, 0x0a, 0x7d, 0x3b, 0x0a, 0x0a, 0x66, 0x72, 0x61, 0x67, 0x6d, 0x65, 0x6e, 0x74, 0x20, // ];.};..fragment 
	0x78, 0x6c, 0x61, 0x74, 0x4d, 0x74, 0x6c, 0x4d, 0x61, 0x69, 0x6e, 0x5f, 0x6f, 0x75, 0x74, 0x20, // xlatMtlMain_out 
	0x78, 0x6c, 0x61, 0x74, 0x4d, 0x74, 0x6c, 0x4d, 0x61, 0x69, 0x6e, 0x28, 0x78, 0x6c, 0x61, 0x74, // xlatMtlMain(xlat
	0x4d, 0x74, 0x6c, 0x4d, 0x61, 0x69, 0x6e, 0x5f, 0x69, 0x6e, 0x20, 0x69, 0x6e, 0x20, 0x5b, 0x5b, // MtlMain_in in [[
	0x73, 0x74, 0x61, 0x67, 0x65, 0x5f, 0x69, 0x6e, 0x5d, 0x5d, 0x2c, 0x20, 0x63, 0x6f, 0x6e, 0x73, // stage_in]], cons
	0x74, 0x61, 0x6e, 0x74, 0x20, 0x5f, 0x47, 0x6c, 0x6f, 0x62, 0x61, 0x6c, 0x26, 0x20, 0x5f, 0x6d, // tant _Global& _m
	0x74, 0x6c, 0x5f, 0x75, 0x20, 0x5b, 0x5b, 0x62, 0x75, 0x66, 0x66, 0x65, 0x72, 0x28, 0x30, 0x29, // tl_u [[buffer(0)
	0x5d, 0x5d, 0x2c, 0x20, 0x74, 0x65, 0x78, 0x74, 0x75, 0x72, 0x65, 0x32, 0x64, 0x3c, 0x66, 0x6c, // ]], texture2d<fl
	0x6f, 0x61, 0x74, 0x3e, 0x20, 0x73, 0x5f, 0x74, 0x65, 0x78, 0x20, 0x5b, 0x5b, 0x74, 0x65, 0x78, // oat> s_tex [[tex
	0x74, 0x75, 0x72, 0x65, 0x28, 0x30, 0x29, 0x5d, 0x5d, 0x2c, 0x20, 0x73, 0x61, 0x6d, 0x70, 0x6c, // ture(0)]], sampl
	0x65, 0x72, 0x20, 0x73, 0x5f, 0x74, 0x65, 0x78, 0x53, 0x61, 0x6d, 0x70, 0x6c, 0x65, 0x72, 0x20, // er s_texSampler 
	0x5b, 0x5b, 0x73, 0x61, 0x6d, 0x70, 0x6c, 0x65, 0x72, 0x28, 0x30, 0x29, 0x5d, 0x5d, 0x29, 0x0a, // [[sampler(0)]]).
	0x7b, 0x0a, 0x20, 0x20, 0x20, 0x20, 0x78, 0x6c, 0x61, 0x74, 0x4d, 0x74, 0x6c, 0x4d, 0x61, 0x69, // {.    xlatMtlMai
	0x6e, 0x5f, 0x6f, 0x75, 0x74, 0x20, 0x6f, 0x75, 0x74, 0x20, 0x3d, 0x20, 0x7b, 0x7d, 0x3b, 0x0a, // n_out out = {};.
	0x09, 0x69, 0x66, 0x20, 0x28, 0x62, 0x67, 0x66, 0x78, 0x5f, 0x73, 0x61, 0x6d, 0x70, 0x6c, 0x65, // .if (bgfx_sample
	0x4d, 0x61, 0x73, 0x6b, 0x45, 0x6e, 0x61, 0x62, 0x6c, 0x65, 0x64, 0x29, 0x20, 0x7b, 0x20, 0x6f, // MaskEnabled) { o
	0x75, 0x74, 0x2e, 0x62, 0x67, 0x66, 0x78, 0x5f, 0x6d, 0x65, 0x74, 0x61, 0x6c, 0x5f, 0x73, 0x61, // ut.bgfx_metal_sa
	0x6d, 0x70, 0x6c, 0x65, 0x4d, 0x61, 0x73, 0x6b, 0x20, 0x3d, 0x20, 0x62, 0x67, 0x66, 0x78, 0x5f, // mpleMask = bgfx_
	0x73, 0x61, 0x6d, 0x70, 0x6c, 0x65, 0x4d, 0x61, 0x73, 0x6b, 0x3b, 0x20, 0x7d, 0x0a, 0x20, 0x20, // sampleMask; }.  
	0x20, 0x20, 0x66, 0x6c, 0x6f, 0x61, 0x74, 0x33, 0x20, 0x5f, 0x38, 0x37, 0x30, 0x20, 0x3d, 0x20, //   float3 _870 = 
	0x66, 0x6c, 0x6f, 0x61, 0x74, 0x33, 0x28, 0x69, 0x6e, 0x2e, 0x76, 0x5f, 0x70, 0x6f, 0x73, 0x69, // float3(in.v_posi
	0x74, 0x69, 0x6f, 0x6e, 0x2c, 0x20, 0x31, 0x2e, 0x30, 0x29, 0x3b, 0x0a, 0x20, 0x20, 0x20, 0x20, // tion, 1.0);.    
	0x66, 0x6c, 0x6f, 0x61, 0x74, 0x32, 0x20, 0x5f, 0x38, 0x38, 0x35, 0x20, 0x3d, 0x20, 0x66, 0x6c, // float2 _885 = fl
	0x6f, 0x61, 0x74, 0x32, 0x28, 0x30, 0x2e, 0x35, 0x29, 0x20, 0x2d, 0x20, 0x28, 0x28, 0x61, 0x62, // oat2(0.5) - ((ab
	0x73, 0x28, 0x28, 0x5f, 0x6d, 0x74, 0x6c, 0x5f, 0x75, 0x2e, 0x75, 0x5f, 0x73, 0x63, 0x69, 0x73, // s((_mtl_u.u_scis
	0x73, 0x6f, 0x72, 0x4d, 0x61, 0x74, 0x20, 0x2a, 0x20, 0x5f, 0x38, 0x37, 0x30, 0x29, 0x2e, 0x78, // sorMat * _870).x
	0x79, 0x29, 0x20, 0x2d, 0x20, 0x5f, 0x6d, 0x74, 0x6c, 0x5f, 0x75, 0x2e, 0x75, 0x5f, 0x73, 0x63, // y) - _mtl_u.u_sc
	0x69, 0x73, 0x73, 0x6f, 0x72, 0x45, 0x78, 0x74, 0x53, 0x63, 0x61, 0x6c, 0x65, 0x2e, 0x78, 0x79, // issorExtScale.xy
	0x29, 0x20, 0x2a, 0x20, 0x5f, 0x6d, 0x74, 0x6c, 0x5f, 0x75, 0x2e, 0x75, 0x5f, 0x73, 0x63, 0x69, // ) * _mtl_u.u_sci
	0x73, 0x73, 0x6f, 0x72, 0x45, 0x78, 0x74, 0x53, 0x63, 0x61, 0x6c, 0x65, 0x2e, 0x7a, 0x77, 0x29, // ssorExtScale.zw)
	0x3b, 0x0a, 0x20, 0x20, 0x20, 0x20, 0x66, 0x6c, 0x6f, 0x61, 0x74, 0x20, 0x5f, 0x38, 0x39, 0x32, // ;.    float _892
	0x20, 0x3d, 0x20, 0x66, 0x61, 0x73, 0x74, 0x3a, 0x3a, 0x63, 0x6c, 0x61, 0x6d, 0x70, 0x28, 0x5f, //  = fast::clamp(_
	0x38, 0x38, 0x35, 0x2e, 0x78, 0x2c, 0x20, 0x30, 0x2e, 0x30, 0x2c, 0x20, 0x31, 0x2e, 0x30, 0x29, // 885.x, 0.0, 1.0)
	0x20, 0x2a, 0x20, 0x66, 0x61, 0x73, 0x74, 0x3a, 0x3a, 0x63, 0x6c, 0x61, 0x6d, 0x70, 0x28, 0x5f, //  * fast::clamp(_
	0x38, 0x38, 0x35, 0x2e, 0x79, 0x2c, 0x20, 0x30, 0x2e, 0x30, 0x2c, 0x20, 0x31, 0x2e, 0x30, 0x29, // 885.y, 0.0, 1.0)
	0x3b, 0x0a, 0x20, 0x20, 0x20, 0x20, 0x66, 0x6c, 0x6f, 0x61, 0x74, 0x20, 0x5f, 0x39, 0x30, 0x38, // ;.    float _908
	0x20, 0x3d, 0x20, 0x66, 0x61, 0x73, 0x74, 0x3a, 0x3a, 0x6d, 0x69, 0x6e, 0x28, 0x31, 0x2e, 0x30, //  = fast::min(1.0
	0x2c, 0x20, 0x28, 0x31, 0x2e, 0x30, 0x20, 0x2d, 0x20, 0x61, 0x62, 0x73, 0x28, 0x28, 0x69, 0x6e, // , (1.0 - abs((in
	0x2e, 0x76, 0x5f, 0x74, 0x65, 0x78, 0x63, 0x6f, 0x6f, 0x72, 0x64, 0x30, 0x2e, 0x78, 0x20, 0x2a, // .v_texcoord0.x *
	0x20, 0x32, 0x2e, 0x30, 0x29, 0x20, 0x2d, 0x20, 0x31, 0x2e, 0x30, 0x29, 0x29, 0x20, 0x2a, 0x20, //  2.0) - 1.0)) * 
	0x5f, 0x6d, 0x74, 0x6c, 0x5f, 0x75, 0x2e, 0x75, 0x5f, 0x70, 0x61, 0x72, 0x61, 0x6d, 0x73, 0x2e, // _mtl_u.u_params.
	0x79, 0x29, 0x20, 0x2a, 0x20, 0x66, 0x61, 0x73, 0x74, 0x3a, 0x3a, 0x6d, 0x69, 0x6e, 0x28, 0x31, // y) * fast::min(1
	0x2e, 0x30, 0x2c, 0x20, 0x69, 0x6e, 0x2e, 0x76, 0x5f, 0x74, 0x65, 0x78, 0x63, 0x6f, 0x6f, 0x72, // .0, in.v_texcoor
	0x64, 0x30, 0x2e, 0x79, 0x29, 0x3b, 0x0a, 0x20, 0x20, 0x20, 0x20, 0x66, 0x6c, 0x6f, 0x61, 0x74, // d0.y);.    float
	0x34, 0x20, 0x5f, 0x31, 0x31, 0x30, 0x38, 0x3b, 0x0a, 0x20, 0x20, 0x20, 0x20, 0x69, 0x66, 0x20, // 4 _1108;.    if 
	0x28, 0x5f, 0x6d, 0x74, 0x6c, 0x5f, 0x75, 0x2e, 0x75, 0x5f, 0x70, 0x61, 0x72, 0x61, 0x6d, 0x73, // (_mtl_u.u_params
	0x2e, 0x77, 0x20, 0x3d, 0x3d, 0x20, 0x30, 0x2e, 0x30, 0x29, 0x0a, 0x20, 0x20, 0x20, 0x20, 0x7b, // .w == 0.0).    {
	0x0a, 0x20, 0x20, 0x20, 0x20, 0x20, 0x20, 0x20, 0x20, 0x66, 0x6c, 0x6f, 0x61, 0x74, 0x32, 0x20, // .        float2 
	0x5f, 0x39, 0x32, 0x30, 0x20, 0x3d, 0x20, 0x61, 0x62, 0x73, 0x28, 0x28, 0x5f, 0x6d, 0x74, 0x6c, // _920 = abs((_mtl
	0x5f, 0x75, 0x2e, 0x75, 0x5f, 0x70, 0x61, 0x69, 0x6e, 0x74, 0x4d, 0x61, 0x74, 0x20, 0x2a, 0x20, // _u.u_paintMat * 
	0x5f, 0x38, 0x37, 0x30, 0x29, 0x2e, 0x78, 0x79, 0x29, 0x20, 0x2d, 0x20, 0x28, 0x5f, 0x6d, 0x74, // _870).xy) - (_mt
	0x6c, 0x5f, 0x75, 0x2e, 0x75, 0x5f, 0x65, 0x78, 0x74, 0x65, 0x6e, 0x74, 0x52, 0x61, 0x64, 0x69, // l_u.u_extentRadi
	0x75, 0x73, 0x2e, 0x78, 0x79, 0x20, 0x2d, 0x20, 0x66, 0x6c, 0x6f, 0x61, 0x74, 0x32, 0x28, 0x5f, // us.xy - float2(_
	0x6d, 0x74, 0x6c, 0x5f, 0x75, 0x2e, 0x75, 0x5f, 0x65, 0x78, 0x74, 0x65, 0x6e, 0x74, 0x52, 0x61, // mtl_u.u_extentRa
	0x64, 0x69, 0x75, 0x73, 0x2e, 0x7a, 0x29, 0x29, 0x3b, 0x0a, 0x20, 0x20, 0x20, 0x20, 0x20, 0x20, // dius.z));.      
	0x20, 0x20, 0x5f, 0x31, 0x31, 0x30, 0x38, 0x20, 0x3d, 0x20, 0x6d, 0x69, 0x78, 0x28, 0x5f, 0x6d, //   _1108 = mix(_m
	0x74, 0x6c, 0x5f, 0x75, 0x2e, 0x75, 0x5f, 0x69, 0x6e, 0x6e, 0x65, 0x72, 0x43, 0x6f, 0x6c, 0x2c, // tl_u.u_innerCol,
	0x20, 0x5f, 0x6d, 0x74, 0x6c, 0x5f, 0x75, 0x2e, 0x75, 0x5f, 0x6f, 0x75, 0x74, 0x65, 0x72, 0x43, //  _mtl_u.u_outerC
	0x6f, 0x6c, 0x2c, 0x20, 0x66, 0x6c, 0x6f, 0x61, 0x74, 0x34, 0x28, 0x66, 0x61, 0x73, 0x74, 0x3a, // ol, float4(fast:
	0x3a, 0x63, 0x6c, 0x61, 0x6d, 0x70, 0x28, 0x28, 0x28, 0x28, 0x66, 0x61, 0x73, 0x74, 0x3a, 0x3a, // :clamp((((fast::
	0x6d, 0x69, 0x6e, 0x28, 0x66, 0x61, 0x73, 0x74, 0x3a, 0x3a, 0x6d, 0x61, 0x78, 0x28, 0x5f, 0x39, // min(fast::max(_9
	0x32, 0x30, 0x2e, 0x78, 0x2c, 0x20, 0x5f, 0x39, 0x32, 0x30, 0x2e, 0x79, 0x29, 0x2c, 0x20, 0x30, // 20.x, _920.y), 0
	0x2e, 0x30, 0x29, 0x20, 0x2b, 0x20, 0x6c, 0x65, 0x6e, 0x67, 0x74, 0x68, 0x28, 0x66, 0x61, 0x73, // .0) + length(fas
	0x74, 0x3a, 0x3a, 0x6d, 0x61, 0x78, 0x28, 0x5f, 0x39, 0x32, 0x30, 0x2c, 0x20, 0x66, 0x6c, 0x6f, // t::max(_920, flo
	0x61, 0x74, 0x32, 0x28, 0x30, 0x2e, 0x30, 0x29, 0x29, 0x29, 0x29, 0x20, 0x2d, 0x20, 0x5f, 0x6d, // at2(0.0)))) - _m
	0x74, 0x6c, 0x5f, 0x75, 0x2e, 0x75, 0x5f, 0x65, 0x78, 0x74, 0x65, 0x6e, 0x74, 0x52, 0x61, 0x64, // tl_u.u_extentRad
	0x69, 0x75, 0x73, 0x2e, 0x7a, 0x29, 0x20, 0x2b, 0x20, 0x28, 0x5f, 0x6d, 0x74, 0x6c, 0x5f, 0x75, // ius.z) + (_mtl_u
	0x2e, 0x75, 0x5f, 0x70, 0x61, 0x72, 0x61, 0x6d, 0x73, 0x2e, 0x78, 0x20, 0x2a, 0x20, 0x30, 0x2e, // .u_params.x * 0.
	0x35, 0x29, 0x29, 0x20, 0x2f, 0x20, 0x5f, 0x6d, 0x74, 0x6c, 0x5f, 0x75, 0x2e, 0x75, 0x5f, 0x70, // 5)) / _mtl_u.u_p
	0x61, 0x72, 0x61, 0x6d, 0x73, 0x2e, 0x78, 0x2c, 0x20, 0x30, 0x2e, 0x30, 0x2c, 0x20, 0x31, 0x2e, // arams.x, 0.0, 1.
	0x30, 0x29, 0x29, 0x29, 0x20, 0x2a, 0x20, 0x28, 0x5f, 0x39, 0x30, 0x38, 0x20, 0x2a, 0x20, 0x5f, // 0))) * (_908 * _
	0x38, 0x39, 0x32, 0x29, 0x3b, 0x0a, 0x20, 0x20, 0x20, 0x20, 0x7d, 0x0a, 0x20, 0x20, 0x20, 0x20, // 892);.    }.    
	0x65, 0x6c, 0x73, 0x65, 0x0a, 0x20, 0x20, 0x20, 0x20, 0x7b, 0x0a, 0x20, 0x20, 0x20, 0x20, 0x20, // else.    {.     
	0x20, 0x20, 0x20, 0x66, 0x6c, 0x6f, 0x61, 0x74, 0x34, 0x20, 0x5f, 0x31, 0x31, 0x30, 0x39, 0x3b, //    float4 _1109;
	0x0a, 0x20, 0x20, 0x20, 0x20, 0x20, 0x20, 0x20, 0x20, 0x69, 0x66, 0x20, 0x28, 0x5f, 0x6d, 0x74, // .        if (_mt
	0x6c, 0x5f, 0x75, 0x2e, 0x75, 0x5f, 0x70, 0x61, 0x72, 0x61, 0x6d, 0x73, 0x2e, 0x77, 0x20, 0x3d, // l_u.u_params.w =
	0x3d, 0x20, 0x31, 0x2e, 0x30, 0x29, 0x0a, 0x20, 0x20, 0x20, 0x20, 0x20, 0x20, 0x20, 0x20, 0x7b, // = 1.0).        {
	0x0a, 0x20, 0x20, 0x20, 0x20, 0x20, 0x20, 0x20, 0x20, 0x20, 0x20, 0x20, 0x20, 0x66, 0x6c, 0x6f, // .            flo
	0x61, 0x74, 0x34, 0x20, 0x5f, 0x39, 0x34, 0x37, 0x20, 0x3d, 0x20, 0x73, 0x5f, 0x74, 0x65, 0x78, // at4 _947 = s_tex
	0x2e, 0x73, 0x61, 0x6d, 0x70, 0x6c, 0x65, 0x28, 0x73, 0x5f, 0x74, 0x65, 0x78, 0x53, 0x61, 0x6d, // .sample(s_texSam
	0x70, 0x6c, 0x65, 0x72, 0x2c, 0x20, 0x28, 0x28, 0x5f, 0x6d, 0x74, 0x6c, 0x5f, 0x75, 0x2e, 0x75, // pler, ((_mtl_u.u
	0x5f, 0x70, 0x61, 0x69, 0x6e, 0x74, 0x4d, 0x61, 0x74, 0x20, 0x2a, 0x20, 0x5f, 0x38, 0x37, 0x30, // _paintMat * _870
	0x29, 0x2e, 0x78, 0x79, 0x20, 0x2f, 0x20, 0x5f, 0x6d, 0x74, 0x6c, 0x5f, 0x75, 0x2e, 0x75, 0x5f, // ).xy / _mtl_u.u_
	0x65, 0x78, 0x74, 0x65, 0x6e, 0x74, 0x52, 0x61, 0x64, 0x69, 0x75, 0x73, 0x2e, 0x78, 0x79, 0x29, // extentRadius.xy)
	0x29, 0x3b, 0x0a, 0x20, 0x20, 0x20, 0x20, 0x20, 0x20, 0x20, 0x20, 0x20, 0x20, 0x20, 0x20, 0x66, // );.            f
	0x6c, 0x6f, 0x61, 0x74, 0x34, 0x20, 0x5f, 0x31, 0x31, 0x33, 0x33, 0x3b, 0x0a, 0x20, 0x20, 0x20, // loat4 _1133;.   
	0x20, 0x20, 0x20, 0x20, 0x20, 0x20, 0x20, 0x20, 0x20, 0x69, 0x66, 0x20, 0x28, 0x5f, 0x6d, 0x74, //          if (_mt
	0x6c, 0x5f, 0x75, 0x2e, 0x75, 0x5f, 0x70, 0x61, 0x72, 0x61, 0x6d, 0x73, 0x2e, 0x7a, 0x20, 0x3d, // l_u.u_params.z =
	0x3d, 0x20, 0x31, 0x2e, 0x30, 0x29, 0x0a, 0x20, 0x20, 0x20, 0x20, 0x20, 0x20, 0x20, 0x20, 0x20, // = 1.0).         
	0x20, 0x20, 0x20, 0x7b, 0x0a, 0x20, 0x20, 0x20, 0x20, 0x20, 0x20, 0x20, 0x20, 0x20, 0x20, 0x20, //    {.           
	0x20, 0x20, 0x20, 0x20, 0x20, 0x66, 0x6c, 0x6f, 0x61, 0x74, 0x20, 0x5f, 0x36, 0x38, 0x34, 0x20, //      float _684 
	0x3d, 0x20, 0x5f, 0x39, 0x34, 0x37, 0x2e, 0x77, 0x3b, 0x0a, 0x20, 0x20, 0x20, 0x20, 0x20, 0x20, // = _947.w;.      
	0x20, 0x20, 0x20, 0x20, 0x20, 0x20, 0x20, 0x20, 0x20, 0x20, 0x5f, 0x31, 0x31, 0x33, 0x33, 0x20, //           _1133 
	0x3d, 0x20, 0x66, 0x6c, 0x6f, 0x61, 0x74, 0x34, 0x28, 0x5f, 0x39, 0x34, 0x37, 0x2e, 0x78, 0x79, // = float4(_947.xy
	0x7a, 0x20, 0x2a, 0x20, 0x5f, 0x36, 0x38, 0x34, 0x2c, 0x20, 0x5f, 0x36, 0x38, 0x34, 0x29, 0x3b, // z * _684, _684);
	0x0a, 0x20, 0x20, 0x20, 0x20, 0x20, 0x20, 0x20, 0x20, 0x20, 0x20, 0x20, 0x20, 0x7d, 0x0a, 0x20, // .            }. 
	0x20, 0x20, 0x20, 0x20, 0x20, 0x20, 0x20, 0x20, 0x20, 0x20, 0x20, 0x65, 0x6c, 0x73, 0x65, 0x0a, //            else.
	0x20, 0x20, 0x20, 0x20, 0x20, 0x20, 0x20, 0x20, 0x20, 0x20, 0x20, 0x20, 0x7b, 0x0a, 0x20, 0x20, //             {.  
	0x20, 0x20, 0x20, 0x20, 0x20, 0x20, 0x20, 0x20, 0x20, 0x20, 0x20, 0x20, 0x20, 0x20, 0x5f, 0x31, //               _1
	0x31, 0x33, 0x33, 0x20, 0x3d, 0x20, 0x5f, 0x39, 0x34, 0x37, 0x3b, 0x0a, 0x20, 0x20, 0x20, 0x20, // 133 = _947;.    
	0x20, 0x20, 0x20, 0x20, 0x20, 0x20, 0x20, 0x20, 0x7d, 0x0a, 0x20, 0x20, 0x20, 0x20, 0x20, 0x20, //         }.      
	0x20, 0x20, 0x20, 0x20, 0x20, 0x20, 0x66, 0x6c, 0x6f, 0x61, 0x74, 0x34, 0x20, 0x5f, 0x31, 0x31, //       float4 _11
	0x33, 0x34, 0x3b, 0x0a, 0x20, 0x20, 0x20, 0x20, 0x20, 0x20, 0x20, 0x20, 0x20, 0x20, 0x20, 0x20, // 34;.            
	0x69, 0x66, 0x20, 0x28, 0x5f, 0x6d, 0x74, 0x6c, 0x5f, 0x75, 0x2e, 0x75, 0x5f, 0x70, 0x61, 0x72, // if (_mtl_u.u_par
	0x61, 0x6d, 0x73, 0x2e, 0x7a, 0x20, 0x3d, 0x3d, 0x20, 0x32, 0x2e, 0x30, 0x29, 0x0a, 0x20, 0x20, // ams.z == 2.0).  
	0x20, 0x20, 0x20, 0x20, 0x20, 0x20, 0x20, 0x20, 0x20, 0x20, 0x7b, 0x0a, 0x20, 0x20, 0x20, 0x20, //           {.    
	0x20, 0x20, 0x20, 0x20, 0x20, 0x20, 0x20, 0x20, 0x20, 0x20, 0x20, 0x20, 0x5f, 0x31, 0x31, 0x33, //             _113
	0x34, 0x20, 0x3d, 0x20, 0x5f, 0x31, 0x31, 0x33, 0x33, 0x2e, 0x78, 0x78, 0x78, 0x78, 0x3b, 0x0a, // 4 = _1133.xxxx;.
	0x20, 0x20, 0x20, 0x20, 0x20, 0x20, 0x20, 0x20, 0x20, 0x20, 0x20, 0x20, 0x7d, 0x0a, 0x20, 0x20, //             }.  
	0x20, 0x20, 0x20, 0x20, 0x20, 0x20, 0x20, 0x20, 0x20, 0x20, 0x65, 0x6c, 0x73, 0x65, 0x0a, 0x20, //           else. 
	0x20, 0x20, 0x20, 0x20, 0x20, 0x20, 0x20, 0x20, 0x20, 0x20, 0x20, 0x7b, 0x0a, 0x20, 0x20, 0x20, //            {.   
	0x20, 0x20, 0x20, 0x20, 0x20, 0x20, 0x20, 0x20, 0x20, 0x20, 0x20, 0x20, 0x20, 0x5f, 0x31, 0x31, //              _11
	0x33, 0x34, 0x20, 0x3d, 0x20, 0x5f, 0x31, 0x31, 0x33, 0x33, 0x3b, 0x0a, 0x20, 0x20, 0x20, 0x20, // 34 = _1133;.    
	0x20, 0x20, 0x20, 0x20, 0x20, 0x20, 0x20, 0x20, 0x7d, 0x0a, 0x20, 0x20, 0x20, 0x20, 0x20, 0x20, //         }.      
	0x20, 0x20, 0x20, 0x20, 0x20, 0x20, 0x5f, 0x31, 0x31, 0x30, 0x39, 0x20, 0x3d, 0x20, 0x28, 0x5f, //       _1109 = (_
	0x31, 0x31, 0x33, 0x34, 0x20, 0x2a, 0x20, 0x5f, 0x6d, 0x74, 0x6c, 0x5f, 0x75, 0x2e, 0x75, 0x5f, // 1134 * _mtl_u.u_
	0x69, 0x6e, 0x6e, 0x65, 0x72, 0x43, 0x6f, 0x6c, 0x29, 0x20, 0x2a, 0x20, 0x28, 0x5f, 0x39, 0x30, // innerCol) * (_90
	0x38, 0x20, 0x2a, 0x20, 0x5f, 0x38, 0x39, 0x32, 0x29, 0x3b, 0x0a, 0x20, 0x20, 0x20, 0x20, 0x20, // 8 * _892);.     
	0x20, 0x20, 0x20, 0x7d, 0x0a, 0x20, 0x20, 0x20, 0x20, 0x20, 0x20, 0x20, 0x20, 0x65, 0x6c, 0x73, //    }.        els
	0x65, 0x0a, 0x20, 0x20, 0x20, 0x20, 0x20, 0x20, 0x20, 0x20, 0x7b, 0x0a, 0x20, 0x20, 0x20, 0x20, // e.        {.    
	0x20, 0x20, 0x20, 0x20, 0x20, 0x20, 0x20, 0x20, 0x66, 0x6c, 0x6f, 0x61, 0x74, 0x34, 0x20, 0x5f, //         float4 _
	0x31, 0x31, 0x31, 0x30, 0x3b, 0x0a, 0x20, 0x20, 0x20, 0x20, 0x20, 0x20, 0x20, 0x20, 0x20, 0x20, // 1110;.          
	0x20, 0x20, 0x69, 0x66, 0x20, 0x28, 0x5f, 0x6d, 0x74, 0x6c, 0x5f, 0x75, 0x2e, 0x75, 0x5f, 0x70, //   if (_mtl_u.u_p
	0x61, 0x72, 0x61, 0x6d, 0x73, 0x2e, 0x77, 0x20, 0x3d, 0x3d, 0x20, 0x32, 0x2e, 0x30, 0x29, 0x0a, // arams.w == 2.0).
	0x20, 0x20, 0x20, 0x20, 0x20, 0x20, 0x20, 0x20, 0x20, 0x20, 0x20, 0x20, 0x7b, 0x0a, 0x20, 0x20, //             {.  
	0x20, 0x20, 0x20, 0x20, 0x20, 0x20, 0x20, 0x20, 0x20, 0x20, 0x20, 0x20, 0x20, 0x20, 0x5f, 0x31, //               _1
	0x31, 0x31, 0x30, 0x20, 0x3d, 0x20, 0x66, 0x6c, 0x6f, 0x61, 0x74, 0x34, 0x28, 0x31, 0x2e, 0x30, // 110 = float4(1.0
	0x29, 0x3b, 0x0a, 0x20, 0x20, 0x20, 0x20, 0x20, 0x20, 0x20, 0x20, 0x20, 0x20, 0x20, 0x20, 0x7d, // );.            }
	0x0a, 0x20, 0x20, 0x20, 0x20, 0x20, 0x20, 0x20, 0x20, 0x20, 0x20, 0x20, 0x20, 0x65, 0x6c, 0x73, // .            els
	0x65, 0x0a, 0x20, 0x20, 0x20, 0x20, 0x20, 0x20, 0x20, 0x20, 0x20, 0x20, 0x20, 0x20, 0x7b, 0x0a, // e.            {.
	0x20, 0x20, 0x20, 0x20, 0x20, 0x20, 0x20, 0x20, 0x20, 0x20, 0x20, 0x20, 0x20, 0x20, 0x20, 0x20, //                 
	0x66, 0x6c, 0x6f, 0x61, 0x74, 0x34, 0x20, 0x5f, 0x31, 0x31, 0x31, 0x31, 0x3b, 0x0a, 0x20, 0x20, // float4 _1111;.  
	0x20, 0x20, 0x20, 0x20, 0x20, 0x20, 0x20, 0x20, 0x20, 0x20, 0x20, 0x20, 0x20, 0x20, 0x69, 0x66, //               if
	0x20, 0x28, 0x5f, 0x6d, 0x74, 0x6c, 0x5f, 0x75, 0x2e, 0x75, 0x5f, 0x70, 0x61, 0x72, 0x61, 0x6d, //  (_mtl_u.u_param
	0x73, 0x2e, 0x77, 0x20, 0x3d, 0x3d, 0x20, 0x33, 0x2e, 0x30, 0x29, 0x0a, 0x20, 0x20, 0x20, 0x20, // s.w == 3.0).    
	0x20, 0x20, 0x20, 0x20, 0x20, 0x20, 0x20, 0x20, 0x20, 0x20, 0x20, 0x20, 0x7b, 0x0a, 0x20, 0x20, //             {.  
	0x20, 0x20, 0x20, 0x20, 0x20, 0x20, 0x20, 0x20, 0x20, 0x20, 0x20, 0x20, 0x20, 0x20, 0x20, 0x20, //                 
	0x20, 0x20, 0x66, 0x6c, 0x6f, 0x61, 0x74, 0x34, 0x20, 0x5f, 0x39, 0x35, 0x36, 0x20, 0x3d, 0x20, //   float4 _956 = 
	0x73, 0x5f, 0x74, 0x65, 0x78, 0x2e, 0x73, 0x61, 0x6d, 0x70, 0x6c, 0x65, 0x28, 0x73, 0x5f, 0x74, // s_tex.sample(s_t
	0x65, 0x78, 0x53, 0x61, 0x6d, 0x70, 0x6c, 0x65, 0x72, 0x2c, 0x20, 0x69, 0x6e, 0x2e, 0x76, 0x5f, // exSampler, in.v_
	0x74, 0x65, 0x78, 0x63, 0x6f, 0x6f, 0x72, 0x64, 0x30, 0x29, 0x3b, 0x0a, 0x20, 0x20, 0x20, 0x20, // texcoord0);.    
	0x20, 0x20, 0x20, 0x20, 0x20, 0x20, 0x20, 0x20, 0x20, 0x20, 0x20, 0x20, 0x20, 0x20, 0x20, 0x20, //                 
	0x66, 0x6c, 0x6f, 0x61, 0x74, 0x34, 0x20, 0x5f, 0x31, 0x31, 0x33, 0x31, 0x3b, 0x0a, 0x20, 0x20, // float4 _1131;.  
	0x20, 0x20, 0x20, 0x20, 0x20, 0x20, 0x20, 0x20, 0x20, 0x20, 0x20, 0x20, 0x20, 0x20, 0x20, 0x20, //                 
	0x20, 0x20, 0x69, 0x66, 0x20, 0x28, 0x5f, 0x6d, 0x74, 0x6c, 0x5f, 0x75, 0x2e, 0x75, 0x5f, 0x70, //   if (_mtl_u.u_p
	0x61, 0x72, 0x61, 0x6d, 0x73, 0x2e, 0x7a, 0x20, 0x3d, 0x3d, 0x20, 0x31, 0x2e, 0x30, 0x29, 0x0a, // arams.z == 1.0).
	0x20, 0x20, 0x20, 0x20, 0x20, 0x20, 0x20, 0x20, 0x20, 0x20, 0x20, 0x20, 0x20, 0x20, 0x20, 0x20, //                 
	0x20, 0x20, 0x20, 0x20, 0x7b, 0x0a, 0x20, 0x20, 0x20, 0x20, 0x20, 0x20, 0x20, 0x20, 0x20, 0x20, //     {.          
	0x20, 0x20, 0x20, 0x20, 0x20, 0x20, 0x20, 0x20, 0x20, 0x20, 0x20, 0x20, 0x20, 0x20, 0x66, 0x6c, //               fl
	0x6f, 0x61, 0x74, 0x20, 0x5f, 0x37, 0x33, 0x30, 0x20, 0x3d, 0x20, 0x5f, 0x39, 0x35, 0x36, 0x2e, // oat _730 = _956.
	0x77, 0x3b, 0x0a, 0x20, 0x20, 0x20, 0x20, 0x20, 0x20, 0x20, 0x20, 0x20, 0x20, 0x20, 0x20, 0x20, // w;.             
	0x20, 0x20, 0x20, 0x20, 0x20, 0x20, 0x20, 0x20, 0x20, 0x20, 0x20, 0x5f, 0x31, 0x31, 0x33, 0x31, //            _1131
	0x20, 0x3d, 0x20, 0x66, 0x6c, 0x6f, 0x61, 0x74, 0x34, 0x28, 0x5f, 0x39, 0x35, 0x36, 0x2e, 0x78, //  = float4(_956.x
	0x79, 0x7a, 0x20, 0x2a, 0x20, 0x5f, 0x37, 0x33, 0x30, 0x2c, 0x20, 0x5f, 0x37, 0x33, 0x30, 0x29, // yz * _730, _730)
	0x3b, 0x0a, 0x20, 0x20, 0x20, 0x20, 0x20, 0x20, 0x20, 0x20, 0x20, 0x20, 0x20, 0x20, 0x20, 0x20, // ;.              
	0x20, 0x20, 0x20, 0x20, 0x20, 0x20, 0x7d, 0x0a, 0x20, 0x20, 0x20, 0x20, 0x20, 0x20, 0x20, 0x20, //       }.        
	0x20, 0x20, 0x20, 0x20, 0x20, 0x20, 0x20, 0x20, 0x20, 0x20, 0x20, 0x20, 0x65, 0x6c, 0x73, 0x65, //             else
	0x0a, 0x20, 0x20, 0x20, 0x20, 0x20, 0x20, 0x20, 0x20, 0x20, 0x20, 0x20, 0x20, 0x20, 0x20, 0x20, // .               
	0x20, 0x20, 0x20, 0x20, 0x20, 0x7b, 0x0a, 0x20, 0x20, 0x20, 0x20, 0x20, 0x20, 0x20, 0x20, 0x20, //      {.         
	0x20, 0x20, 0x20, 0x20, 0x20, 0x20, 0x20, 0x20, 0x20, 0x20, 0x20, 0x20, 0x20, 0x20, 0x20, 0x5f, //                _
	0x31, 0x31, 0x33, 0x31, 0x20, 0x3d, 0x20, 0x5f, 0x39, 0x35, 0x36, 0x3b, 0x0a, 0x20, 0x20, 0x20, // 1131 = _956;.   
	0x20, 0x20, 0x20, 0x20, 0x20, 0x20, 0x20, 0x20, 0x20, 0x20, 0x20, 0x20, 0x20, 0x20, 0x20, 0x20, //                 
	0x20, 0x7d, 0x0a, 0x20, 0x20, 0x20, 0x20, 0x20, 0x20, 0x20, 0x20, 0x20, 0x20, 0x20, 0x20, 0x20, //  }.             
	0x20, 0x20, 0x20, 0x20, 0x20, 0x20, 0x20, 0x66, 0x6c, 0x6f, 0x61, 0x74, 0x34, 0x20, 0x5f, 0x31, //        float4 _1
	0x31, 0x33, 0x32, 0x3b, 0x0a, 0x20, 0x20, 0x20, 0x20, 0x20, 0x20, 0x20, 0x20, 0x20, 0x20, 0x20, // 132;.           
	0x20, 0x20, 0x20, 0x20, 0x20, 0x20, 0x20, 0x20, 0x20, 0x69, 0x66, 0x20, 0x28, 0x5f, 0x6d, 0x74, //          if (_mt
	0x6c, 0x5f, 0x75, 0x2e, 0x75, 0x5f, 0x70, 0x61, 0x72, 0x61, 0x6d, 0x73, 0x2e, 0x7a, 0x20, 0x3d, // l_u.u_params.z =
	0x3d, 0x20, 0x32, 0x2e, 0x30, 0x29, 0x0a, 0x20, 0x20, 0x20, 0x20, 0x20, 0x20, 0x20, 0x20, 0x20, // = 2.0).         
	0x20, 0x20, 0x20, 0x20, 0x20, 0x20, 0x20, 0x20, 0x20, 0x20, 0x20, 0x7b, 0x0a, 0x20, 0x20, 0x20, //            {.   
	0x20, 0x20, 0x20, 0x20, 0x20, 0x20, 0x20, 0x20, 0x20, 0x20, 0x20, 0x20, 0x20, 0x20, 0x20, 0x20, //                 
	0x20, 0x20, 0x20, 0x20, 0x20, 0x5f, 0x31, 0x31, 0x33, 0x32, 0x20, 0x3d, 0x20, 0x5f, 0x31, 0x31, //      _1132 = _11
	0x33, 0x31, 0x2e, 0x78, 0x78, 0x78, 0x78, 0x3b, 0x0a, 0x20, 0x20, 0x20, 0x20, 0x20, 0x20, 0x20, // 31.xxxx;.       
	0x20, 0x20, 0x20, 0x20, 0x20, 0x20, 0x20, 0x20, 0x20, 0x20, 0x20, 0x20, 0x20, 0x7d, 0x0a, 0x20, //              }. 
	0x20, 0x20, 0x20, 0x20, 0x20, 0x20, 0x20, 0x20, 0x20, 0x20, 0x20, 0x20, 0x20, 0x20, 0x20, 0x20, //                 
	0x20, 0x20, 0x20, 0x65, 0x6c, 0x73, 0x65, 0x0a, 0x20, 0x20, 0x20, 0x20, 0x20, 0x20, 0x20, 0x20, //    else.        
	0x20, 0x20, 0x20, 0x20, 0x20, 0x20, 0x20, 0x20, 0x20, 0x20, 0x20, 0x20, 0x7b, 0x0a, 0x20, 0x20, //             {.  
	0x20, 0x20, 0x20, 0x20, 0x20, 0x20, 0x20, 0x20, 0x20, 0x20, 0x20, 0x20, 0x20, 0x20, 0x20, 0x20, //                 
	0x20, 0x20, 0x20, 0x20, 0x20, 0x20, 0x5f, 0x31, 0x31, 0x33, 0x32, 0x20, 0x3d, 0x20, 0x5f, 0x31, //       _1132 = _1
	0x31, 0x33, 0x31, 0x3b, 0x0a, 0x20, 0x20, 0x20, 0x20, 0x20, 0x20, 0x20, 0x20, 0x20, 0x20, 0x20, // 131;.           
	0x20, 0x20, 0x20, 0x20, 0x20, 0x20, 0x20, 0x20, 0x20, 0x7d, 0x0a, 0x20, 0x20, 0x20, 0x20, 0x20, //          }.     
	0x20, 0x20, 0x20, 0x20, 0x20, 0x20, 0x20, 0x20, 0x20, 0x20, 0x20, 0x20, 0x20, 0x20, 0x20, 0x5f, //                _
	0x31, 0x31, 0x31, 0x31, 0x20, 0x3d, 0x20, 0x28, 0x5f, 0x31, 0x31, 0x33, 0x32, 0x20, 0x2a, 0x20, // 1111 = (_1132 * 
	0x5f, 0x38, 0x39, 0x32, 0x29, 0x20, 0x2a, 0x20, 0x5f, 0x6d, 0x74, 0x6c, 0x5f, 0x75, 0x2e, 0x75, // _892) * _mtl_u.u
	0x5f, 0x69, 0x6e, 0x6e, 0x65, 0x72, 0x43, 0x6f, 0x6c, 0x3b, 0x0a, 0x20, 0x20, 0x20, 0x20, 0x20, // _innerCol;.     
	0x20, 0x20, 0x20, 0x20, 0x20, 0x20, 0x20, 0x20, 0x20, 0x20, 0x20, 0x7d, 0x0a, 0x20, 0x20, 0x20, //            }.   
	0x20, 0x20, 0x20, 0x20, 0x20, 0x20, 0x20, 0x20, 0x20, 0x20, 0x20, 0x20, 0x20, 0x65, 0x6c, 0x73, //              els
	0x65, 0x0a, 0x20, 0x20, 0x20, 0x20, 0x20, 0x20, 0x20, 0x20, 0x20, 0x20, 0x20, 0x20, 0x20, 0x20, // e.              
	0x20, 0x20, 0x7b, 0x0a, 0x20, 0x20, 0x20, 0x20, 0x20, 0x20, 0x20, 0x20, 0x20, 0x20, 0x20, 0x20, //   {.            
	0x20, 0x20, 0x20, 0x20, 0x20, 0x20, 0x20, 0x20, 0x66, 0x6c, 0x6f, 0x61, 0x74, 0x34, 0x20, 0x5f, //         float4 _
	0x31, 0x31, 0x31, 0x32, 0x3b, 0x0a, 0x20, 0x20, 0x20, 0x20, 0x20, 0x20, 0x20, 0x20, 0x20, 0x20, // 1112;.          
	0x20, 0x20, 0x20, 0x20, 0x20, 0x20, 0x20, 0x20, 0x20, 0x20, 0x69, 0x66, 0x20, 0x28, 0x5f, 0x6d, //           if (_m
	0x74, 0x6c, 0x5f, 0x75, 0x2e, 0x75, 0x5f, 0x70, 0x61, 0x72, 0x61, 0x6d, 0x73, 0x2e, 0x77, 0x20, // tl_u.u_params.w 
	0x3d, 0x3d, 0x20, 0x34, 0x2e, 0x30, 0x29, 0x0a, 0x20, 0x20, 0x20, 0x20, 0x20, 0x20, 0x20, 0x20, // == 4.0).        
	0x20, 0x20, 0x20, 0x20, 0x20, 0x20, 0x20, 0x20, 0x20, 0x20, 0x20, 0x20, 0x7b, 0x0a, 0x20, 0x20, //             {.  
	0x20, 0x20, 0x20, 0x20, 0x20, 0x20, 0x20, 0x20, 0x20, 0x20, 0x20, 0x20, 0x20, 0x20, 0x20, 0x20, //                 
	0x20, 0x20, 0x20, 0x20, 0x20, 0x20, 0x75, 0x69, 0x6e, 0x74, 0x32, 0x20, 0x5f, 0x39, 0x36, 0x36, //       uint2 _966
	0x20, 0x3d, 0x20, 0x75, 0x69, 0x6e, 0x74, 0x32, 0x28, 0x73, 0x5f, 0x74, 0x65, 0x78, 0x2e, 0x67, //  = uint2(s_tex.g
	0x65, 0x74, 0x5f, 0x77, 0x69, 0x64, 0x74, 0x68, 0x28, 0x30, 0x75, 0x29, 0x2c, 0x20, 0x73, 0x5f, // et_width(0u), s_
	0x74, 0x65, 0x78, 0x2e, 0x67, 0x65, 0x74, 0x5f, 0x68, 0x65, 0x69, 0x67, 0x68, 0x74, 0x28, 0x30, // tex.get_height(0
	0x75, 0x29, 0x29, 0x3b, 0x0a, 0x20, 0x20, 0x20, 0x20, 0x20, 0x20, 0x20, 0x20, 0x20, 0x20, 0x20, // u));.           
	0x20, 0x20, 0x20, 0x20, 0x20, 0x20, 0x20, 0x20, 0x20, 0x20, 0x20, 0x20, 0x20, 0x66, 0x6c, 0x6f, //              flo
	0x61, 0x74, 0x32, 0x20, 0x5f, 0x31, 0x31, 0x33, 0x35, 0x20, 0x3d, 0x20, 0x66, 0x6c, 0x6f, 0x61, // at2 _1135 = floa
	0x74, 0x32, 0x28, 0x66, 0x6c, 0x6f, 0x61, 0x74, 0x28, 0x5f, 0x39, 0x36, 0x36, 0x2e, 0x78, 0x29, // t2(float(_966.x)
	0x2c, 0x20, 0x66, 0x6c, 0x6f, 0x61, 0x74, 0x28, 0x5f, 0x39, 0x36, 0x36, 0x2e, 0x79, 0x29, 0x29, // , float(_966.y))
	0x3b, 0x0a, 0x20, 0x20, 0x20, 0x20, 0x20, 0x20, 0x20, 0x20, 0x20, 0x20, 0x20, 0x20, 0x20, 0x20, // ;.              
	0x20, 0x20, 0x20, 0x20, 0x20, 0x20, 0x20, 0x20, 0x20, 0x20, 0x66, 0x6c, 0x6f, 0x61, 0x74, 0x20, //           float 
	0x5f, 0x38, 0x33, 0x37, 0x20, 0x3d, 0x20, 0x66, 0x61, 0x73, 0x74, 0x3a, 0x3a, 0x6d, 0x61, 0x78, // _837 = fast::max
	0x28, 0x5f, 0x6d, 0x74, 0x6c, 0x5f, 0x75, 0x2e, 0x75, 0x5f, 0x70, 0x61, 0x72, 0x61, 0x6d, 0x73, // (_mtl_u.u_params
	0x2e, 0x78, 0x2c, 0x20, 0x30, 0x2e, 0x30, 0x30, 0x31, 0x30, 0x30, 0x30, 0x30, 0x30, 0x30, 0x30, // .x, 0.0010000000
	0x34, 0x37, 0x34, 0x39, 0x37, 0x34, 0x35, 0x31, 0x33, 0x30, 0x35, 0x33, 0x38, 0x39, 0x34, 0x30, // 4749745130538940
	0x34, 0x32, 0x39, 0x36, 0x38, 0x37, 0x35, 0x29, 0x3b, 0x0a, 0x20, 0x20, 0x20, 0x20, 0x20, 0x20, // 4296875);.      
	0x20, 0x20, 0x20, 0x20, 0x20, 0x20, 0x20, 0x20, 0x20, 0x20, 0x20, 0x20, 0x20, 0x20, 0x20, 0x20, //                 
	0x20, 0x20, 0x5f, 0x31, 0x31, 0x31, 0x32, 0x20, 0x3d, 0x20, 0x5f, 0x6d, 0x74, 0x6c, 0x5f, 0x75, //   _1112 = _mtl_u
	0x2e, 0x75, 0x5f, 0x69, 0x6e, 0x6e, 0x65, 0x72, 0x43, 0x6f, 0x6c, 0x20, 0x2a, 0x20, 0x28, 0x73, // .u_innerCol * (s
	0x6d, 0x6f, 0x6f, 0x74, 0x68, 0x73, 0x74, 0x65, 0x70, 0x28, 0x5f, 0x6d, 0x74, 0x6c, 0x5f, 0x75, // moothstep(_mtl_u
	0x2e, 0x75, 0x5f, 0x70, 0x61, 0x72, 0x61, 0x6d, 0x73, 0x2e, 0x79, 0x20, 0x2d, 0x20, 0x5f, 0x38, // .u_params.y - _8
	0x33, 0x37, 0x2c, 0x20, 0x5f, 0x6d, 0x74, 0x6c, 0x5f, 0x75, 0x2e, 0x75, 0x5f, 0x70, 0x61, 0x72, // 37, _mtl_u.u_par
	0x61, 0x6d, 0x73, 0x2e, 0x79, 0x20, 0x2b, 0x20, 0x5f, 0x38, 0x33, 0x37, 0x2c, 0x20, 0x28, 0x28, // ams.y + _837, ((
	0x28, 0x28, 0x28, 0x28, 0x28, 0x28, 0x73, 0x5f, 0x74, 0x65, 0x78, 0x2e, 0x73, 0x61, 0x6d, 0x70, // ((((((s_tex.samp
	0x6c, 0x65, 0x28, 0x73, 0x5f, 0x74, 0x65, 0x78, 0x53, 0x61, 0x6d, 0x70, 0x6c, 0x65, 0x72, 0x2c, // le(s_texSampler,
	0x20, 0x28, 0x69, 0x6e, 0x2e, 0x76, 0x5f, 0x74, 0x65, 0x78, 0x63, 0x6f, 0x6f, 0x72, 0x64, 0x30, //  (in.v_texcoord0
	0x20, 0x2b, 0x20, 0x28, 0x66, 0x6c, 0x6f, 0x61, 0x74, 0x32, 0x28, 0x2d, 0x31, 0x2e, 0x30, 0x29, //  + (float2(-1.0)
	0x20, 0x2f, 0x20, 0x5f, 0x31, 0x31, 0x33, 0x35, 0x29, 0x29, 0x29, 0x2e, 0x77, 0x20, 0x2b, 0x20, //  / _1135))).w + 
	0x73, 0x5f, 0x74, 0x65, 0x78, 0x2e, 0x73, 0x61, 0x6d, 0x70, 0x6c, 0x65, 0x28, 0x73, 0x5f, 0x74, // s_tex.sample(s_t
	0x65, 0x78, 0x53, 0x61, 0x6d, 0x70, 0x6c, 0x65, 0x72, 0x2c, 0x20, 0x28, 0x69, 0x6e, 0x2e, 0x76, // exSampler, (in.v
	0x5f, 0x74, 0x65, 0x78, 0x63, 0x6f, 0x6f, 0x72, 0x64, 0x30, 0x20, 0x2b, 0x20, 0x28, 0x66, 0x6c, // _texcoord0 + (fl
	0x6f, 0x61, 0x74, 0x32, 0x28, 0x30, 0x2e, 0x30, 0x2c, 0x20, 0x2d, 0x31, 0x2e, 0x30, 0x29, 0x20, // oat2(0.0, -1.0) 
	0x2f, 0x20, 0x5f, 0x31, 0x31, 0x33, 0x35, 0x29, 0x29, 0x29, 0x2e, 0x77, 0x29, 0x20, 0x2b, 0x20, // / _1135))).w) + 
	0x73, 0x5f, 0x74, 0x65, 0x78, 0x2e, 0x73, 0x61, 0x6d, 0x70, 0x6c, 0x65, 0x28, 0x73, 0x5f, 0x74, // s_tex.sample(s_t
	0x65, 0x78, 0x53, 0x61, 0x6d, 0x70, 0x6c, 0x65, 0x72, 0x2c, 0x20, 0x28, 0x69, 0x6e, 0x2e, 0x76, // exSampler, (in.v
	0x5f, 0x74, 0x65, 0x78, 0x63, 0x6f, 0x6f, 0x72, 0x64, 0x30, 0x20, 0x2b, 0x20, 0x28, 0x66, 0x6c, // _texcoord0 + (fl
	0x6f, 0x61, 0x74, 0x32, 0x28, 0x31, 0x2e, 0x30, 0x2c, 0x20, 0x2d, 0x31, 0x2e, 0x30, 0x29, 0x20, // oat2(1.0, -1.0) 
	0x2f, 0x20, 0x5f, 0x31, 0x31, 0x33, 0x35, 0x29, 0x29, 0x29, 0x2e, 0x77, 0x29, 0x20, 0x2b, 0x20, // / _1135))).w) + 
	0x73, 0x5f, 0x74, 0x65, 0x78, 0x2e, 0x73, 0x61, 0x6d, 0x70, 0x6c, 0x65, 0x28, 0x73, 0x5f, 0x74, // s_tex.sample(s_t
	0x65, 0x78, 0x53, 0x61, 0x6d, 0x70, 0x6c, 0x65, 0x72, 0x2c, 0x20, 0x28, 0x69, 0x6e, 0x2e, 0x76, // exSampler, (in.v
	0x5f, 0x74, 0x65, 0x78, 0x63, 0x6f, 0x6f, 0x72, 0x64, 0x30, 0x20, 0x2b, 0x20, 0x28, 0x66, 0x6c, // _texcoord0 + (fl
	0x6f, 0x61, 0x74, 0x32, 0x28, 0x2d, 0x31, 0x2e, 0x30, 0x2c, 0x20, 0x30, 0x2e, 0x30, 0x29, 0x20, // oat2(-1.0, 0.0) 
	0x2f, 0x20, 0x5f, 0x31, 0x31, 0x33, 0x35, 0x29, 0x29, 0x29, 0x2e, 0x77, 0x29, 0x20, 0x2b, 0x20, // / _1135))).w) + 
	0x73, 0x5f, 0x74, 0x65, 0x78, 0x2e, 0x73, 0x61, 0x6d, 0x70, 0x6c, 0x65, 0x28, 0x73, 0x5f, 0x74, // s_tex.sample(s_t
	0x65, 0x78, 0x53, 0x61, 0x6d, 0x70, 0x6c, 0x65, 0x72, 0x2c, 0x20, 0x69, 0x6e, 0x2e, 0x76, 0x5f, // exSampler, in.v_
	0x74, 0x65, 0x78, 0x63, 0x6f, 0x6f, 0x72, 0x64, 0x30, 0x29, 0x2e, 0x77, 0x29, 0x20, 0x2b, 0x20, // texcoord0).w) + 
	0x73, 0x5f, 0x74, 0x65, 0x78, 0x2e, 0x73, 0x61, 0x6d, 0x70, 0x6c, 0x65, 0x28, 0x73, 0x5f, 0x74, // s_tex.sample(s_t
	0x65, 0x78, 0x53, 0x61, 0x6d, 0x70, 0x6c, 0x65, 0x72, 0x2c, 0x20, 0x28, 0x69, 0x6e, 0x2e, 0x76, // exSampler, (in.v
	0x5f, 0x74, 0x65, 0x78, 0x63, 0x6f, 0x6f, 0x72, 0x64, 0x30, 0x20, 0x2b, 0x20, 0x28, 0x66, 0x6c, // _texcoord0 + (fl
	0x6f, 0x61, 0x74, 0x32, 0x28, 0x31, 0x2e, 0x30, 0x2c, 0x20, 0x30, 0x2e, 0x30, 0x29, 0x20, 0x2f, // oat2(1.0, 0.0) /
	0x20, 0x5f, 0x31, 0x31, 0x33, 0x35, 0x29, 0x29, 0x29, 0x2e, 0x77, 0x29, 0x20, 0x2b, 0x20, 0x73, //  _1135))).w) + s
	0x5f, 0x74, 0x65, 0x78, 0x2e, 0x73, 0x61, 0x6d, 0x70, 0x6c, 0x65, 0x28, 0x73, 0x5f, 0x74, 0x65, // _tex.sample(s_te
	0x78, 0x53, 0x61, 0x6d, 0x70, 0x6c, 0x65, 0x72, 0x2c, 0x20, 0x28, 0x69, 0x6e, 0x2e, 0x76, 0x5f, // xSampler, (in.v_
	0x74, 0x65, 0x78, 0x63, 0x6f, 0x6f, 0x72, 0x64, 0x30, 0x20, 0x2b, 0x20, 0x28, 0x66, 0x6c, 0x6f, // texcoord0 + (flo
	0x61, 0x74, 0x32, 0x28, 0x2d, 0x31, 0x2e, 0x30, 0x2c, 0x20, 0x31, 0x2e, 0x30, 0x29, 0x20, 0x2f, // at2(-1.0, 1.0) /
	0x20, 0x5f, 0x31, 0x31, 0x33, 0x35, 0x29, 0x29, 0x29, 0x2e, 0x77, 0x29, 0x20, 0x2b, 0x20, 0x73, //  _1135))).w) + s
	0x5f, 0x74, 0x65, 0x78, 0x2e, 0x73, 0x61, 0x6d, 0x70, 0x6c, 0x65, 0x28, 0x73, 0x5f, 0x74, 0x65, // _tex.sample(s_te
	0x78, 0x53, 0x61, 0x6d, 0x70, 0x6c, 0x65, 0x72, 0x2c, 0x20, 0x28, 0x69, 0x6e, 0x2e, 0x76, 0x5f, // xSampler, (in.v_
	0x74, 0x65, 0x78, 0x63, 0x6f, 0x6f, 0x72, 0x64, 0x30, 0x20, 0x2b, 0x20, 0x28, 0x66, 0x6c, 0x6f, // texcoord0 + (flo
	0x61, 0x74, 0x32, 0x28, 0x30, 0x2e, 0x30, 0x2c, 0x20, 0x31, 0x2e, 0x30, 0x29, 0x20, 0x2f, 0x20, // at2(0.0, 1.0) / 
	0x5f, 0x31, 0x31, 0x33, 0x35, 0x29, 0x29, 0x29, 0x2e, 0x77, 0x29, 0x20, 0x2b, 0x20, 0x73, 0x5f, // _1135))).w) + s_
	0x74, 0x65, 0x78, 0x2e, 0x73, 0x61, 0x6d, 0x70, 0x6c, 0x65, 0x28, 0x73, 0x5f, 0x74, 0x65, 0x78, // tex.sample(s_tex
	0x53, 0x61, 0x6d, 0x70, 0x6c, 0x65, 0x72, 0x2c, 0x20, 0x28, 0x69, 0x6e, 0x2e, 0x76, 0x5f, 0x74, // Sampler, (in.v_t
	0x65, 0x78, 0x63, 0x6f, 0x6f, 0x72, 0x64, 0x30, 0x20, 0x2b, 0x20, 0x28, 0x66, 0x6c, 0x6f, 0x61, // excoord0 + (floa
	0x74, 0x32, 0x28, 0x31, 0x2e, 0x30, 0x29, 0x20, 0x2f, 0x20, 0x5f, 0x31, 0x31, 0x33, 0x35, 0x29, // t2(1.0) / _1135)
	0x29, 0x29, 0x2e, 0x77, 0x29, 0x20, 0x2a, 0x20, 0x30, 0x2e, 0x31, 0x31, 0x31, 0x31, 0x31, 0x31, // )).w) * 0.111111
	0x31, 0x31, 0x31, 0x39, 0x33, 0x38, 0x39, 0x35, 0x33, 0x33, 0x39, 0x39, 0x36, 0x35, 0x38, 0x32, // 1119389533996582
	0x30, 0x33, 0x31, 0x32, 0x35, 0x29, 0x20, 0x2a, 0x20, 0x5f, 0x38, 0x39, 0x32, 0x29, 0x3b, 0x0a, // 03125) * _892);.
	0x20, 0x20, 0x20, 0x20, 0x20, 0x20, 0x20, 0x20, 0x20, 0x20, 0x20, 0x20, 0x20, 0x20, 0x20, 0x20, //                 
	0x20, 0x20, 0x20, 0x20, 0x7d, 0x0a, 0x20, 0x20, 0x20, 0x20, 0x20, 0x20, 0x20, 0x20, 0x20, 0x20, //     }.          
	0x20, 0x20, 0x20, 0x20, 0x20, 0x20, 0x20, 0x20, 0x20, 0x20, 0x65, 0x6c, 0x73, 0x65, 0x0a, 0x20, //           else. 
	0x20, 0x20, 0x20, 0x20, 0x20, 0x20, 0x20, 0x20, 0x20, 0x20, 0x20, 0x20, 0x20, 0x20, 0x20, 0x20, //                 
	0x20, 0x20, 0x20, 0x7b, 0x0a, 0x20, 0x20, 0x20, 0x20, 0x20, 0x20, 0x20, 0x20, 0x20, 0x20, 0x20, //    {.           
	0x20, 0x20, 0x20, 0x20, 0x20, 0x20, 0x20, 0x20, 0x20, 0x20, 0x20, 0x20, 0x20, 0x5f, 0x31, 0x31, //              _11
	0x31, 0x32, 0x20, 0x3d, 0x20, 0x5f, 0x31, 0x31, 0x31, 0x33, 0x3b, 0x0a, 0x20, 0x20, 0x20, 0x20, // 12 = _1113;.    
	0x20, 0x20, 0x20, 0x20, 0x20, 0x20, 0x20, 0x20, 0x20, 0x20, 0x20, 0x20, 0x20, 0x20, 0x20, 0x20, //                 
	0x7d, 0x0a, 0x20, 0x20, 0x20, 0x20, 0x20, 0x20, 0x20, 0x20, 0x20, 0x20, 0x20, 0x20, 0x20, 0x20, // }.              
	0x20, 0x20, 0x20, 0x20, 0x20, 0x20, 0x5f, 0x31, 0x31, 0x31, 0x31, 0x20, 0x3d, 0x20, 0x5f, 0x31, //       _1111 = _1
	0x31, 0x31, 0x32, 0x3b, 0x0a, 0x20, 0x20, 0x20, 0x20, 0x20, 0x20, 0x20, 0x20, 0x20, 0x20, 0x20, // 112;.           
	0x20, 0x20, 0x20, 0x20, 0x20, 0x7d, 0x0a, 0x20, 0x20, 0x20, 0x20, 0x20, 0x20, 0x20, 0x20, 0x20, //      }.         
	0x20, 0x20, 0x20, 0x20, 0x20, 0x20, 0x20, 0x5f, 0x31, 0x31, 0x31, 0x30, 0x20, 0x3d, 0x20, 0x5f, //        _1110 = _
	0x31, 0x31, 0x31, 0x31, 0x3b, 0x0a, 0x20, 0x20, 0x20, 0x20, 0x20, 0x20, 0x20, 0x20, 0x20, 0x20, // 1111;.          
	0x20, 0x20, 0x7d, 0x0a, 0x20, 0x20, 0x20, 0x20, 0x20, 0x20, 0x20, 0x20, 0x20, 0x20, 0x20, 0x20, //   }.            
	0x5f, 0x31, 0x31, 0x30, 0x39, 0x20, 0x3d, 0x20, 0x5f, 0x31, 0x31, 0x31, 0x30, 0x3b, 0x0a, 0x20, // _1109 = _1110;. 
	0x20, 0x20, 0x20, 0x20, 0x20, 0x20, 0x20, 0x7d, 0x0a, 0x20, 0x20, 0x20, 0x20, 0x20, 0x20, 0x20, //        }.       
	0x20, 0x5f, 0x31, 0x31, 0x30, 0x38, 0x20, 0x3d, 0x20, 0x5f, 0x31, 0x31, 0x30, 0x39, 0x3b, 0x0a, //  _1108 = _1109;.
	0x20, 0x20, 0x20, 0x20, 0x7d, 0x0a, 0x20, 0x20, 0x20, 0x20, 0x6f, 0x75, 0x74, 0x2e, 0x62, 0x67, //     }.    out.bg
	0x66, 0x78, 0x5f, 0x46, 0x72, 0x61, 0x67, 0x44, 0x61, 0x74, 0x61, 0x30, 0x20, 0x3d, 0x20, 0x5f, // fx_FragData0 = _
	0x31, 0x31, 0x30, 0x38, 0x3b, 0x0a, 0x20, 0x20, 0x20, 0x20, 0x72, 0x65, 0x74, 0x75, 0x72, 0x6e, // 1108;.    return
	0x20, 0x6f, 0x75, 0x74, 0x3b, 0x0a, 0x7d, 0x0a, 0x0a, 0x00, 0x00, 0xd0, 0x00,                   //  out;.}......
};
